# https://github.com/mikedh/trimesh

o DBT1_0003_FDI_12.obj
v -30.54097803 -53.40000000 -33.00000000
v -30.60000000 -53.10000000 -33.00000000
v -30.60000000 -53.40000000 -32.70000000
v -30.52666902 -53.40000000 -33.30000000
v -30.60000000 -53.10000000 -33.30000000
v -30.56152792 -53.40000000 -33.60000000
v -30.60000000 -53.10000000 -33.60000000
v -30.60000000 -53.40000000 -33.72312514
v -30.59502402 -53.70000000 -31.80000000
v -30.60000000 -53.67106998 -31.80000000
v -30.60000000 -53.70000000 -31.50000000
v -30.58196103 -53.70000000 -32.10000000
v -30.60000000 -53.59229858 -32.10000000
v -30.55885337 -53.70000000 -32.40000000
v -30.60000000 -53.49552250 -32.40000000
v -30.53065722 -53.70000000 -32.70000000
v -30.50434538 -53.70000000 -33.00000000
v -30.50424791 -53.70000000 -33.30000000
v -30.54656876 -53.70000000 -33.60000000
v -30.60000000 -53.70000000 -33.80180617
v -30.60000000 -54.00000000 -31.80000000
v -30.57361124 -54.00000000 -32.10000000
v -30.53398313 -54.00000000 -32.40000000
v -30.49951896 -54.00000000 -32.70000000
v -30.48300939 -54.00000000 -33.00000000
v -30.49150516 -54.00000000 -33.30000000
v -30.53092222 -54.00000000 -33.60000000
v -30.60000000 -54.00000000 -33.90000000
v -30.60000000 -54.30000000 -32.10000000
v -30.53276133 -54.30000000 -32.40000000
v -30.49137777 -54.30000000 -32.70000000
v -30.47486928 -54.30000000 -33.00000000
v -30.48063473 -54.30000000 -33.30000000
v -30.50518838 -54.30000000 -33.60000000
v -30.53969740 -54.30000000 -33.90000000
v -30.56767567 -54.30000000 -34.20000000
v -30.60000000 -54.17161330 -34.20000000
v -30.58830359 -54.30000000 -34.50000000
v -30.60000000 -54.26364447 -34.50000000
v -30.60000000 -54.30000000 -34.80000000
v -30.58686268 -54.60000000 -32.10000000
v -30.60000000 -54.60000000 -32.01494318
v -30.53804607 -54.60000000 -32.40000000
v -30.50059575 -54.60000000 -32.70000000
v -30.48048178 -54.60000000 -33.00000000
v -30.47655661 -54.60000000 -33.30000000
v -30.48415030 -54.60000000 -33.60000000
v -30.49638980 -54.60000000 -33.90000000
v -30.50730360 -54.60000000 -34.20000000
v -30.51322068 -54.60000000 -34.50000000
v -30.51437054 -54.60000000 -34.80000000
v -30.51706917 -54.60000000 -35.10000000
v -30.60000000 -54.30000000 -35.10000000
v -30.53961583 -54.60000000 -35.40000000
v -30.60000000 -54.30000000 -35.40000000
v -30.59904944 -54.60000000 -35.70000000
v -30.60000000 -54.59682798 -35.70000000
v -30.60000000 -54.60000000 -35.70429154
v -30.60000000 -54.90000000 -32.10000000
v -30.56295304 -54.90000000 -32.40000000
v -30.52785402 -54.90000000 -32.70000000
v -30.50144570 -54.90000000 -33.00000000
v -30.48589134 -54.90000000 -33.30000000
v -30.47865954 -54.90000000 -33.60000000
v -30.47520621 -54.90000000 -33.90000000
v -30.47264203 -54.90000000 -34.20000000
v -30.46963011 -54.90000000 -34.50000000
v -30.46820068 -54.90000000 -34.80000000
v -30.47473186 -54.90000000 -35.10000000
v -30.49805666 -54.90000000 -35.40000000
v -30.54088209 -54.90000000 -35.70000000
v -30.60000000 -54.90000000 -36.00000000
v -30.60000000 -55.08777304 -32.40000000
v -30.57973090 -55.20000000 -32.70000000
v -30.60000000 -55.20000000 -32.55877039
v -30.54009264 -55.20000000 -33.00000000
v -30.51367342 -55.20000000 -33.30000000
v -30.49460582 -55.20000000 -33.60000000
v -30.47953627 -55.20000000 -33.90000000
v -30.46717703 -55.20000000 -34.20000000
v -30.45745195 -55.20000000 -34.50000000
v -30.45241535 -55.20000000 -34.80000000
v -30.45576544 -55.20000000 -35.10000000
v -30.47085324 -55.20000000 -35.40000000
v -30.49761798 -55.20000000 -35.70000000
v -30.53192082 -55.20000000 -36.00000000
v -30.56406480 -55.20000000 -36.30000000
v -30.60000000 -55.03000633 -36.30000000
v -30.60000000 -55.20000000 -36.60000000
v -30.60000000 -55.27116589 -32.70000000
v -30.60000000 -55.50000000 -33.00000000
v -30.56730954 -55.50000000 -33.30000000
v -30.53505042 -55.50000000 -33.60000000
v -30.51211946 -55.50000000 -33.90000000
v -30.49242788 -55.50000000 -34.20000000
v -30.47495692 -55.50000000 -34.50000000
v -30.46221093 -55.50000000 -34.80000000
v -30.45695414 -55.50000000 -35.10000000
v -30.46157006 -55.50000000 -35.40000000
v -30.47604068 -55.50000000 -35.70000000
v -30.49797211 -55.50000000 -36.00000000
v -30.52446277 -55.50000000 -36.30000000
v -30.55184696 -55.50000000 -36.60000000
v -30.57566450 -55.50000000 -36.90000000
v -30.60000000 -55.35070119 -36.90000000
v -30.60000000 -55.50000000 -37.20000000
v -30.60000000 -55.60672625 -33.30000000
v -30.60000000 -55.80000000 -33.60000000
v -30.57814719 -55.80000000 -33.90000000
v -30.55108766 -55.80000000 -34.20000000
v -30.52049662 -55.80000000 -34.50000000
v -30.49422363 -55.80000000 -34.80000000
v -30.47830610 -55.80000000 -35.10000000
v -30.47465591 -55.80000000 -35.40000000
v -30.48138806 -55.80000000 -35.70000000
v -30.49578160 -55.80000000 -36.00000000
v -30.51561073 -55.80000000 -36.30000000
v -30.53801039 -55.80000000 -36.60000000
v -30.56168977 -55.80000000 -36.90000000
v -30.58154819 -55.80000000 -37.20000000
v -30.60000000 -55.80000000 -37.50000000
v -30.60000000 -55.86089129 -33.90000000
v -30.60000000 -55.95752164 -34.20000000
v -30.59220124 -56.10000000 -34.50000000
v -30.60000000 -56.10000000 -34.45652925
v -30.54266672 -56.10000000 -34.80000000
v -30.52026795 -56.10000000 -35.10000000
v -30.51485130 -56.10000000 -35.40000000
v -30.51856662 -56.10000000 -35.70000000
v -30.52724367 -56.10000000 -36.00000000
v -30.54035602 -56.10000000 -36.30000000
v -30.56100070 -56.10000000 -36.60000000
v -30.58389954 -56.10000000 -36.90000000
v -30.60000000 -56.03875213 -37.20000000
v -30.60000000 -56.10000000 -37.13125887
v -30.60000000 -56.12589259 -34.50000000
v -30.60000000 -56.40000000 -34.80000000
v -30.58854588 -56.40000000 -35.10000000
v -30.58929860 -56.40000000 -35.40000000
v -30.59374421 -56.40000000 -35.70000000
v -30.59768175 -56.40000000 -36.00000000
v -30.60000000 -56.40000000 -36.30000000
v -30.60000000 -56.28963371 -36.60000000
v -30.60000000 -56.18029400 -36.90000000
v -30.60000000 -56.43076034 -35.10000000
v -30.60000000 -56.42826176 -35.40000000
v -30.60000000 -56.41636969 -35.70000000
v -30.60000000 -56.40608568 -36.00000000
v -30.88865070 -52.80000000 -32.70000000
v -30.90000000 -52.78751506 -32.70000000
v -30.90000000 -52.80000000 -32.40000000
v -30.86004369 -52.80000000 -33.00000000
v -30.90000000 -52.76126304 -33.00000000
v -30.84655255 -52.80000000 -33.30000000
v -30.90000000 -52.75076257 -33.30000000
v -30.85684388 -52.80000000 -33.60000000
v -30.90000000 -52.76089542 -33.60000000
v -30.90000000 -52.80000000 -33.90000000
v -30.79600671 -53.10000000 -31.50000000
v -30.90000000 -52.80000000 -31.50000000
v -30.90000000 -53.10000000 -31.20000000
v -30.75229054 -53.10000000 -31.80000000
v -30.90000000 -52.80000000 -31.80000000
v -30.73803773 -53.10000000 -32.10000000
v -30.90000000 -52.80000000 -32.10000000
v -30.72536685 -53.10000000 -32.40000000
v -30.68818728 -53.10000000 -32.70000000
v -30.74587992 -53.10000000 -33.90000000
v -30.90000000 -53.10000000 -34.20000000
v -30.83471401 -53.40000000 -31.20000000
v -30.90000000 -53.40000000 -31.10533709
v -30.70172086 -53.40000000 -31.50000000
v -30.65192208 -53.40000000 -31.80000000
v -30.63396547 -53.40000000 -32.10000000
v -30.61997394 -53.40000000 -32.40000000
v -30.66856442 -53.40000000 -33.90000000
v -30.83446188 -53.40000000 -34.20000000
v -30.90000000 -53.40000000 -34.29051705
v -30.85047694 -53.70000000 -30.90000000
v -30.90000000 -53.61578114 -30.90000000
v -30.90000000 -53.70000000 -30.60000000
v -30.73952182 -53.70000000 -31.20000000
v -30.62910369 -53.70000000 -33.90000000
v -30.73676514 -53.70000000 -34.20000000
v -30.84576039 -53.70000000 -34.50000000
v -30.90000000 -53.62094909 -34.50000000
v -30.90000000 -53.70000000 -34.80000000
v -30.89499255 -54.00000000 -30.60000000
v -30.90000000 -54.00000000 -30.59295650
v -30.78183065 -54.00000000 -30.90000000
v -30.70343631 -54.00000000 -31.20000000
v -30.63301309 -54.00000000 -31.50000000
v -30.64666481 -54.00000000 -34.20000000
v -30.69546521 -54.00000000 -34.50000000
v -30.74443871 -54.00000000 -34.80000000
v -30.81641333 -54.00000000 -35.10000000
v -30.90000000 -53.90838229 -35.10000000
v -30.87249573 -54.00000000 -35.40000000
v -30.90000000 -53.97289613 -35.40000000
v -30.89874239 -54.00000000 -35.70000000
v -30.90000000 -53.99858652 -35.70000000
v -30.90000000 -54.00000000 -36.00000000
v -30.90000000 -54.30000000 -30.60000000
v -30.79392783 -54.30000000 -30.90000000
v -30.71460877 -54.30000000 -31.20000000
v -30.65976754 -54.30000000 -31.50000000
v -30.62037042 -54.30000000 -31.80000000
v -30.70484507 -54.30000000 -35.70000000
v -30.77953682 -54.30000000 -36.00000000
v -30.86260260 -54.30000000 -36.30000000
v -30.90000000 -54.24468478 -36.30000000
v -30.90000000 -54.30000000 -36.60000000
v -30.85556355 -54.60000000 -30.90000000
v -30.90000000 -54.60000000 -30.83206400
v -30.74752844 -54.60000000 -31.20000000
v -30.68368076 -54.60000000 -31.50000000
v -30.63286433 -54.60000000 -31.80000000
v -30.66949334 -54.60000000 -36.00000000
v -30.71901268 -54.60000000 -36.30000000
v -30.75330712 -54.60000000 -36.60000000
v -30.79175377 -54.60000000 -36.90000000
v -30.90000000 -54.30000000 -36.90000000
v -30.85724150 -54.60000000 -37.20000000
v -30.90000000 -54.53390404 -37.20000000
v -30.90000000 -54.60000000 -37.50000000
v -30.90000000 -54.90000000 -30.90000000
v -30.80091790 -54.90000000 -31.20000000
v -30.72583049 -54.90000000 -31.50000000
v -30.66189413 -54.90000000 -31.80000000
v -30.62827258 -54.90000000 -36.30000000
v -30.65888674 -54.90000000 -36.60000000
v -30.69594799 -54.90000000 -36.90000000
v -30.75341145 -54.90000000 -37.20000000
v -30.86157959 -54.90000000 -37.50000000
v -30.90000000 -54.90000000 -37.56268865
v -30.90000000 -55.20000000 -31.20000000
v -30.79643061 -55.20000000 -31.50000000
v -30.72985159 -55.20000000 -31.80000000
v -30.67282209 -55.20000000 -32.10000000
v -30.62427955 -55.20000000 -32.40000000
v -30.62547300 -55.20000000 -36.90000000
v -30.67542653 -55.20000000 -37.20000000
v -30.76839658 -55.20000000 -37.50000000
v -30.87019340 -55.20000000 -37.80000000
v -30.90000000 -55.15145138 -37.80000000
v -30.90000000 -55.20000000 -38.10000000
v -30.90000000 -55.50000000 -31.50000000
v -30.85154634 -55.50000000 -31.80000000
v -30.78009288 -55.50000000 -32.10000000
v -30.73064527 -55.50000000 -32.40000000
v -30.67478731 -55.50000000 -32.70000000
v -30.66773603 -55.50000000 -37.50000000
v -30.73531672 -55.50000000 -37.80000000
v -30.77392357 -55.50000000 -38.10000000
v -30.78926536 -55.50000000 -38.40000000
v -30.90000000 -55.20000000 -38.40000000
v -30.79591975 -55.50000000 -38.70000000
v -30.90000000 -55.20000000 -38.70000000
v -30.80393818 -55.50000000 -39.00000000
v -30.90000000 -55.20000000 -39.00000000
v -30.82964935 -55.50000000 -39.30000000
v -30.90000000 -55.20000000 -39.30000000
v -30.88190470 -55.50000000 -39.60000000
v -30.90000000 -55.46748186 -39.60000000
v -30.90000000 -55.50000000 -39.90000000
v -30.90000000 -55.56953187 -31.80000000
v -30.90000000 -55.80000000 -32.10000000
v -30.89749006 -55.80000000 -32.40000000
v -30.84381146 -55.80000000 -32.70000000
v -30.74550755 -55.80000000 -33.00000000
v -30.67046319 -55.80000000 -33.30000000
v -30.66800975 -55.80000000 -37.80000000
v -30.71092333 -55.80000000 -38.10000000
v -30.73435165 -55.80000000 -38.40000000
v -30.74823793 -55.80000000 -38.70000000
v -30.76183608 -55.80000000 -39.00000000
v -30.78251029 -55.80000000 -39.30000000
v -30.80715556 -55.80000000 -39.60000000
v -30.84131950 -55.80000000 -39.90000000
v -30.89346445 -55.80000000 -40.20000000
v -30.90000000 -55.78788445 -40.20000000
v -30.90000000 -55.80000000 -40.50000000
v -30.90000000 -55.80296682 -32.40000000
v -30.90000000 -55.87167795 -32.70000000
v -30.90000000 -56.10000000 -33.00000000
v -30.83558919 -56.10000000 -33.30000000
v -30.75091451 -56.10000000 -33.60000000
v -30.70052357 -56.10000000 -33.90000000
v -30.65125131 -56.10000000 -34.20000000
v -30.60494287 -56.10000000 -37.20000000
v -30.62809402 -56.10000000 -37.50000000
v -30.66387447 -56.10000000 -37.80000000
v -30.69586003 -56.10000000 -38.10000000
v -30.71888450 -56.10000000 -38.40000000
v -30.73485101 -56.10000000 -38.70000000
v -30.74757591 -56.10000000 -39.00000000
v -30.76298285 -56.10000000 -39.30000000
v -30.78706504 -56.10000000 -39.60000000
v -30.81842694 -56.10000000 -39.90000000
v -30.83283267 -56.10000000 -40.20000000
v -30.83048206 -56.10000000 -40.50000000
v -30.90000000 -55.80000000 -40.80000000
v -30.90000000 -55.80000000 -41.10000000
v -30.90000000 -55.80000000 -41.40000000
v -30.90000000 -56.10000000 -41.70000000
v -30.90000000 -56.18146225 -33.30000000
v -30.90000000 -56.40000000 -33.60000000
v -30.88385941 -56.40000000 -33.90000000
v -30.81488776 -56.40000000 -34.20000000
v -30.69887103 -56.40000000 -34.50000000
v -30.62425919 -56.40000000 -36.60000000
v -30.64595164 -56.40000000 -36.90000000
v -30.66511104 -56.40000000 -37.20000000
v -30.68364221 -56.40000000 -37.50000000
v -30.70230873 -56.40000000 -37.80000000
v -30.72035725 -56.40000000 -38.10000000
v -30.73594198 -56.40000000 -38.40000000
v -30.74791292 -56.40000000 -38.70000000
v -30.75509503 -56.40000000 -39.00000000
v -30.76420023 -56.40000000 -39.30000000
v -30.79092272 -56.40000000 -39.60000000
v -30.84660370 -56.40000000 -39.90000000
v -30.90000000 -56.40000000 -40.20000000
v -30.90000000 -56.40000000 -40.50000000
v -30.90000000 -56.41865314 -33.90000000
v -30.90000000 -56.51826187 -34.20000000
v -30.82342788 -56.70000000 -34.50000000
v -30.90000000 -56.70000000 -34.38213940
v -30.73219091 -56.70000000 -34.80000000
v -30.71087532 -56.70000000 -35.10000000
v -30.71248593 -56.70000000 -35.40000000
v -30.71778552 -56.70000000 -35.70000000
v -30.72208905 -56.70000000 -36.00000000
v -30.72736891 -56.70000000 -36.30000000
v -30.73813640 -56.70000000 -36.60000000
v -30.75007849 -56.70000000 -36.90000000
v -30.76094959 -56.70000000 -37.20000000
v -30.77016367 -56.70000000 -37.50000000
v -30.77748275 -56.70000000 -37.80000000
v -30.78338280 -56.70000000 -38.10000000
v -30.78649317 -56.70000000 -38.40000000
v -30.78502323 -56.70000000 -38.70000000
v -30.78550262 -56.70000000 -39.00000000
v -30.79280567 -56.70000000 -39.30000000
v -30.81500747 -56.70000000 -39.60000000
v -30.89151114 -56.70000000 -39.90000000
v -30.90000000 -56.70000000 -39.91618196
v -30.90000000 -56.70000000 -41.10000000
v -30.90000000 -57.00000000 -34.50000000
v -30.90000000 -57.00000000 -34.80000000
v -30.90000000 -57.00000000 -35.10000000
v -30.90000000 -57.00000000 -35.40000000
v -30.90000000 -57.00000000 -35.70000000
v -30.90000000 -57.00000000 -36.00000000
v -30.90000000 -57.00000000 -36.30000000
v -30.90000000 -57.00000000 -36.60000000
v -30.90000000 -57.00000000 -36.90000000
v -30.90000000 -57.00000000 -37.20000000
v -30.90000000 -57.00000000 -37.50000000
v -30.90000000 -57.00000000 -37.80000000
v -30.90000000 -57.00000000 -38.10000000
v -30.88743763 -57.00000000 -38.40000000
v -30.83809324 -57.00000000 -38.70000000
v -30.83586591 -57.00000000 -39.00000000
v -30.88194056 -57.00000000 -39.30000000
v -30.90000000 -57.00000000 -39.60000000
v -30.90000000 -57.00000000 -39.90000000
v -30.90000000 -57.02189538 -38.40000000
v -30.90000000 -57.30000000 -38.70000000
v -30.90000000 -57.30000000 -39.00000000
v -30.90000000 -57.03210776 -39.30000000
v -31.20000000 -52.54038447 -31.50000000
v -31.20000000 -52.80000000 -31.20000000
v -31.20000000 -52.50000000 -31.80000000
v -31.20000000 -52.50000000 -32.10000000
v -31.20000000 -52.50000000 -32.40000000
v -31.20000000 -52.50000000 -32.70000000
v -31.20000000 -52.50000000 -33.00000000
v -31.20000000 -52.51013575 -33.30000000
v -31.20000000 -52.54668308 -33.60000000
v -31.20000000 -52.62782850 -33.90000000
v -31.20000000 -52.80000000 -34.20000000
v -31.20000000 -53.10000000 -30.93021697
v -31.20000000 -53.10000000 -34.43706840
v -31.20000000 -53.40000000 -30.90000000
v -31.20000000 -53.40000000 -34.50000000
v -31.20000000 -53.40828390 -30.60000000
v -31.20000000 -53.70000000 -30.30000000
v -31.20000000 -53.46411393 -34.80000000
v -31.20000000 -53.70000000 -35.10000000
v -31.20000000 -54.00000000 -30.30000000
v -31.20000000 -53.70000000 -35.40000000
v -31.20000000 -53.70140171 -35.70000000
v -31.20000000 -53.79842100 -36.00000000
v -31.20000000 -54.00000000 -36.30000000
v -31.20000000 -54.30000000 -30.34996779
v -31.20000000 -54.03164760 -36.60000000
v -31.20000000 -54.09980795 -36.90000000
v -31.20000000 -54.30000000 -37.20000000
v -31.20000000 -54.60000000 -30.60000000
v -31.20000000 -54.41684088 -37.50000000
v -31.20000000 -54.60000000 -37.69780956
v -31.20000000 -54.90000000 -30.67110979
v -31.20000000 -54.90000000 -37.80000000
v -31.20000000 -55.20000000 -30.90000000
v -31.20000000 -54.90000000 -38.10000000
v -31.20000000 -54.90000000 -38.40000000
v -31.20000000 -54.90000000 -38.70000000
v -31.20000000 -54.90000000 -39.00000000
v -31.20000000 -54.94402154 -39.30000000
v -31.20000000 -55.20000000 -39.60000000
v -31.20000000 -55.50000000 -31.20000000
v -31.20000000 -55.24940702 -39.90000000
v -31.20000000 -55.50000000 -40.20000000
v -31.20000000 -55.72200555 -31.50000000
v -31.20000000 -55.80000000 -31.80000000
v -31.20000000 -55.50000000 -40.50000000
v -31.20000000 -55.50000000 -40.80000000
v -31.20000000 -55.50000000 -41.10000000
v -31.20000000 -55.50000000 -41.40000000
v -30.90000000 -55.80000000 -41.70000000
v -31.20000000 -55.50000000 -41.70000000
v -30.90000000 -55.80000000 -42.00000000
v -31.20000000 -55.50000000 -42.00000000
v -30.90000000 -55.80000000 -42.30000000
v -31.20000000 -55.50000000 -42.30000000
v -30.90000000 -55.80000000 -42.60000000
v -31.20000000 -55.53292682 -42.60000000
v -31.20000000 -55.80000000 -42.90000000
v -31.20000000 -56.00164545 -32.10000000
v -31.20000000 -56.07287655 -32.40000000
v -31.20000000 -56.10000000 -32.70000000
v -31.20000000 -56.10000000 -42.00000000
v -31.20000000 -56.10000000 -42.30000000
v -31.20000000 -56.10000000 -42.60000000
v -31.20000000 -55.80000000 -43.20000000
v -31.20000000 -55.80000000 -43.50000000
v -31.20000000 -56.10000000 -43.80000000
v -31.20000000 -56.29919339 -33.00000000
v -31.20000000 -56.40000000 -33.30000000
v -31.20000000 -56.40000000 -41.70000000
v -31.20000000 -56.40000000 -42.90000000
v -31.20000000 -56.40000000 -43.20000000
v -31.20000000 -56.40000000 -43.50000000
v -31.20000000 -56.60067769 -33.60000000
v -31.20000000 -56.68243106 -33.90000000
v -31.20000000 -56.70000000 -34.20000000
v -31.20000000 -56.70000000 -40.20000000
v -31.20000000 -56.70000000 -40.50000000
v -31.20000000 -56.70000000 -40.80000000
v -31.20000000 -56.70000000 -41.40000000
v -31.20000000 -57.00000000 -34.34693313
v -31.20000000 -57.00000000 -40.15687085
v -30.90000000 -57.00000000 -41.10000000
v -31.20000000 -57.00000000 -40.92491877
v -31.20000000 -57.00000000 -41.31559991
v -31.20000000 -57.11015834 -34.50000000
v -31.20000000 -57.20796949 -34.80000000
v -31.20000000 -57.24777767 -35.10000000
v -31.20000000 -57.26787667 -35.40000000
v -31.20000000 -57.28044858 -35.70000000
v -31.20000000 -57.28961738 -36.00000000
v -31.20000000 -57.29640456 -36.30000000
v -31.20000000 -57.30000000 -36.60000000
v -31.20000000 -57.30000000 -36.90000000
v -31.20000000 -57.30000000 -37.20000000
v -31.20000000 -57.30000000 -37.50000000
v -31.20000000 -57.30000000 -37.80000000
v -31.20000000 -57.30000000 -38.10000000
v -31.20000000 -57.30000000 -38.40000000
v -31.20000000 -57.30000000 -39.30000000
v -31.20000000 -57.30000000 -39.60000000
v -31.20000000 -57.24145146 -39.90000000
v -31.20000000 -57.11267780 -41.10000000
v -31.20000000 -57.44609836 -38.70000000
v -31.20000000 -57.44618455 -39.00000000
v -31.41519234 -52.50000000 -30.90000000
v -31.50000000 -52.37201438 -30.90000000
v -31.50000000 -52.50000000 -30.60000000
v -31.32292962 -52.50000000 -31.20000000
v -31.50000000 -52.20000000 -31.20000000
v -31.23351388 -52.50000000 -31.50000000
v -31.50000000 -52.20000000 -31.50000000
v -31.50000000 -52.20000000 -31.80000000
v -31.50000000 -52.20000000 -32.10000000
v -31.50000000 -52.20000000 -32.40000000
v -31.50000000 -52.20000000 -32.70000000
v -31.50000000 -52.24730944 -33.00000000
v -31.21326904 -52.50000000 -33.30000000
v -31.50000000 -52.29056106 -33.30000000
v -31.26673373 -52.50000000 -33.60000000
v -31.50000000 -52.34283187 -33.60000000
v -31.38168557 -52.50000000 -33.90000000
v -31.50000000 -52.41962409 -33.90000000
v -31.50000000 -52.50000000 -34.12269685
v -31.48027623 -52.80000000 -30.30000000
v -31.50000000 -52.75959591 -30.30000000
v -31.50000000 -52.80000000 -30.23542505
v -31.39043226 -52.80000000 -30.60000000
v -31.29659847 -52.80000000 -30.90000000
v -31.50000000 -52.53455946 -34.20000000
v -31.39859556 -52.80000000 -34.50000000
v -31.50000000 -52.68336612 -34.50000000
v -31.50000000 -52.80000000 -34.80000000
v -31.45474222 -53.10000000 -30.00000000
v -31.50000000 -52.98303058 -30.00000000
v -31.50000000 -53.10000000 -29.85432825
v -31.37481383 -53.10000000 -30.30000000
v -31.31042798 -53.10000000 -30.60000000
v -31.21815934 -53.10000000 -30.90000000
v -31.24889404 -53.10000000 -34.50000000
v -31.37340464 -53.10000000 -34.80000000
v -31.45211020 -53.10000000 -35.10000000
v -31.50000000 -53.01308240 -35.10000000
v -31.49351519 -53.10000000 -35.40000000
v -31.50000000 -53.08997051 -35.40000000
v -31.50000000 -53.10000000 -35.70000000
v -31.38463107 -53.40000000 -30.00000000
v -31.50000000 -53.40000000 -29.70000000
v -31.27627649 -53.40000000 -30.30000000
v -31.20470442 -53.40000000 -30.60000000
v -31.24398303 -53.40000000 -34.80000000
v -31.31410889 -53.40000000 -35.10000000
v -31.35154834 -53.40000000 -35.40000000
v -31.39060102 -53.40000000 -35.70000000
v -31.50000000 -53.40000000 -36.00000000
v -31.36193931 -53.70000000 -30.00000000
v -31.50000000 -53.70000000 -29.70000000
v -31.20121639 -53.70000000 -35.70000000
v -31.29667397 -53.70000000 -36.00000000
v -31.50000000 -53.70000000 -36.30000000
v -31.38979193 -54.00000000 -30.00000000
v -31.50000000 -54.00000000 -29.79830158
v -31.23403400 -54.00000000 -36.60000000
v -31.50000000 -53.70000000 -36.60000000
v -31.30268749 -54.00000000 -36.90000000
v -31.50000000 -53.75766049 -36.90000000
v -31.42529636 -54.00000000 -37.20000000
v -31.50000000 -53.90080558 -37.20000000
v -31.50000000 -54.00000000 -37.37347429
v -31.46341297 -54.30000000 -30.00000000
v -31.50000000 -54.30000000 -29.94362745
v -31.24252269 -54.30000000 -30.30000000
v -31.30685208 -54.30000000 -37.50000000
v -31.50000000 -54.06980690 -37.50000000
v -31.45393404 -54.30000000 -37.80000000
v -31.50000000 -54.24100039 -37.80000000
v -31.50000000 -54.30000000 -37.91526181
v -31.50000000 -54.40123424 -30.00000000
v -31.36172331 -54.60000000 -30.30000000
v -31.50000000 -54.60000000 -30.10285310
v -31.27262405 -54.60000000 -37.80000000
v -31.37613730 -54.60000000 -38.10000000
v -31.50000000 -54.39864924 -38.10000000
v -31.42146534 -54.60000000 -38.40000000
v -31.50000000 -54.49119249 -38.40000000
v -31.44585514 -54.60000000 -38.70000000
v -31.50000000 -54.53405739 -38.70000000
v -31.46301262 -54.60000000 -39.00000000
v -31.50000000 -54.55739805 -39.00000000
v -31.48061442 -54.60000000 -39.30000000
v -31.50000000 -54.57709975 -39.30000000
v -31.49436608 -54.60000000 -39.60000000
v -31.50000000 -54.59282776 -39.60000000
v -31.50000000 -54.60000000 -39.90000000
v -31.47898642 -54.90000000 -30.30000000
v -31.50000000 -54.90000000 -30.26964088
v -31.26255387 -54.90000000 -30.60000000
v -31.23591461 -54.90000000 -39.30000000
v -31.31996166 -54.90000000 -39.60000000
v -31.38905489 -54.90000000 -39.90000000
v -31.50000000 -54.90000000 -40.20000000
v -31.50000000 -54.94767759 -30.30000000
v -31.40624178 -55.20000000 -30.60000000
v -31.50000000 -55.20000000 -30.46586639
v -31.23552399 -55.20000000 -39.90000000
v -31.32271605 -55.20000000 -40.20000000
v -31.36835123 -55.20000000 -40.50000000
v -31.50000000 -54.97596974 -40.50000000
v -31.38676703 -55.20000000 -40.80000000
v -31.50000000 -55.01748567 -40.80000000
v -31.39212807 -55.20000000 -41.10000000
v -31.50000000 -55.03331913 -41.10000000
v -31.38972231 -55.20000000 -41.40000000
v -31.50000000 -55.03349900 -41.40000000
v -31.38465864 -55.20000000 -41.70000000
v -31.50000000 -55.02792896 -41.70000000
v -31.38176477 -55.20000000 -42.00000000
v -31.50000000 -55.02421277 -42.00000000
v -31.38474609 -55.20000000 -42.30000000
v -31.50000000 -55.02808569 -42.30000000
v -31.39804607 -55.20000000 -42.60000000
v -31.50000000 -55.04313110 -42.60000000
v -31.42513525 -55.20000000 -42.90000000
v -31.50000000 -55.07132558 -42.90000000
v -31.45174291 -55.20000000 -43.20000000
v -31.50000000 -55.10571671 -43.20000000
v -31.47363644 -55.20000000 -43.50000000
v -31.50000000 -55.14218050 -43.50000000
v -31.50000000 -55.20000000 -43.80000000
v -31.50000000 -55.36263234 -30.60000000
v -31.38887985 -55.50000000 -30.90000000
v -31.50000000 -55.50000000 -30.72533712
v -31.21246795 -55.50000000 -42.60000000
v -31.28279090 -55.50000000 -42.90000000
v -31.32379074 -55.50000000 -43.20000000
v -31.34076301 -55.50000000 -43.50000000
v -31.36517564 -55.50000000 -43.80000000
v -31.39540737 -55.50000000 -44.10000000
v -31.50000000 -55.20000000 -44.10000000
v -31.42612346 -55.50000000 -44.40000000
v -31.50000000 -55.20000000 -44.40000000
v -31.46037490 -55.50000000 -44.70000000
v -31.50000000 -55.28537585 -44.70000000
v -31.50000000 -55.50000000 -45.00000000
v -31.50000000 -55.66501796 -30.90000000
v -31.42101571 -55.80000000 -31.20000000
v -31.50000000 -55.80000000 -31.06244116
v -31.27290049 -55.80000000 -31.50000000
v -31.25288095 -55.80000000 -43.80000000
v -31.31642944 -55.80000000 -44.10000000
v -31.36793255 -55.80000000 -44.40000000
v -31.41163034 -55.80000000 -44.70000000
v -31.44877815 -55.80000000 -45.00000000
v -31.47368821 -55.80000000 -45.30000000
v -31.50000000 -55.59232312 -45.30000000
v -31.50000000 -55.80000000 -45.60000000
v -31.50000000 -55.90411463 -31.20000000
v -31.50000000 -56.10000000 -31.50000000
v -31.40666800 -56.10000000 -31.80000000
v -31.29884172 -56.10000000 -32.10000000
v -31.22798884 -56.10000000 -32.40000000
v -31.28095124 -56.10000000 -44.10000000
v -31.33553846 -56.10000000 -44.40000000
v -31.38171695 -56.10000000 -44.70000000
v -31.42460958 -56.10000000 -45.00000000
v -31.46313382 -56.10000000 -45.30000000
v -31.50000000 -56.10000000 -45.60000000
v -31.50000000 -56.21320566 -31.80000000
v -31.50000000 -56.31110259 -32.10000000
v -31.50000000 -56.39288479 -32.40000000
v -31.41645099 -56.40000000 -32.70000000
v -31.50000000 -56.40000000 -32.42182407
v -31.30236593 -56.40000000 -33.00000000
v -31.25330774 -56.40000000 -42.00000000
v -31.27205136 -56.40000000 -42.30000000
v -31.24491483 -56.40000000 -42.60000000
v -31.23137034 -56.40000000 -43.80000000
v -31.28701373 -56.40000000 -44.10000000
v -31.33491310 -56.40000000 -44.40000000
v -31.37825921 -56.40000000 -44.70000000
v -31.42709738 -56.40000000 -45.00000000
v -31.48857148 -56.40000000 -45.30000000
v -31.50000000 -56.40000000 -45.34400596
v -31.50000000 -56.50582945 -32.70000000
v -31.50000000 -56.62265998 -33.00000000
v -31.50000000 -56.70000000 -33.30000000
v -31.29941114 -56.70000000 -33.60000000
v -31.21680560 -56.70000000 -33.90000000
v -31.25606220 -56.70000000 -41.70000000
v -31.29977144 -56.70000000 -42.00000000
v -31.31810187 -56.70000000 -42.30000000
v -31.30978604 -56.70000000 -42.60000000
v -31.29826912 -56.70000000 -42.90000000
v -31.29711425 -56.70000000 -43.20000000
v -31.30025889 -56.70000000 -43.50000000
v -31.31362240 -56.70000000 -43.80000000
v -31.34470824 -56.70000000 -44.10000000
v -31.37864695 -56.70000000 -44.40000000
v -31.40985374 -56.70000000 -44.70000000
v -31.45248550 -56.70000000 -45.00000000
v -31.50000000 -56.46851225 -45.30000000
v -31.50000000 -56.70000000 -45.16753006
v -31.50000000 -57.00000000 -33.60000000
v -31.45050514 -57.00000000 -33.90000000
v -31.32990440 -57.00000000 -34.20000000
v -31.22424166 -57.00000000 -40.20000000
v -31.28754904 -57.00000000 -40.50000000
v -31.24167626 -57.00000000 -40.80000000
v -31.22547516 -57.00000000 -41.40000000
v -31.31347202 -57.00000000 -41.70000000
v -31.36090253 -57.00000000 -42.00000000
v -31.38449782 -57.00000000 -42.30000000
v -31.38931729 -57.00000000 -42.60000000
v -31.38784441 -57.00000000 -42.90000000
v -31.38743436 -57.00000000 -43.20000000
v -31.39454283 -57.00000000 -43.50000000
v -31.42132315 -57.00000000 -43.80000000
v -31.45462343 -57.00000000 -44.10000000
v -31.48150161 -57.00000000 -44.40000000
v -31.49424667 -57.00000000 -44.70000000
v -31.50000000 -57.00000000 -45.00000000
v -31.50000000 -57.05108054 -33.90000000
v -31.50000000 -57.16012782 -34.20000000
v -31.50000000 -57.30000000 -34.50000000
v -31.35471990 -57.30000000 -34.80000000
v -31.27770312 -57.30000000 -35.10000000
v -31.24247790 -57.30000000 -35.40000000
v -31.22383845 -57.30000000 -35.70000000
v -31.21193263 -57.30000000 -36.00000000
v -31.20393702 -57.30000000 -36.30000000
v -31.24567643 -57.30000000 -39.90000000
v -31.32534826 -57.30000000 -40.20000000
v -31.36131248 -57.30000000 -40.50000000
v -31.34495794 -57.30000000 -40.80000000
v -31.31742306 -57.30000000 -41.10000000
v -31.34054522 -57.30000000 -41.40000000
v -31.39198038 -57.30000000 -41.70000000
v -31.45394542 -57.30000000 -42.00000000
v -31.49497039 -57.30000000 -42.30000000
v -31.50000000 -57.30000000 -42.60000000
v -31.50000000 -57.30000000 -42.90000000
v -31.50000000 -57.30000000 -43.20000000
v -31.50000000 -57.30000000 -43.50000000
v -31.50000000 -57.16508057 -43.80000000
v -31.50000000 -57.08566209 -44.10000000
v -31.50000000 -57.03455603 -44.40000000
v -31.50000000 -57.01071059 -44.70000000
v -31.50000000 -57.38306053 -34.80000000
v -31.50000000 -57.44008742 -35.10000000
v -31.50000000 -57.47989854 -35.40000000
v -31.50000000 -57.51031432 -35.70000000
v -31.50000000 -57.53569024 -36.00000000
v -31.50000000 -57.55703512 -36.30000000
v -31.50000000 -57.57384312 -36.60000000
v -31.50000000 -57.58600117 -36.90000000
v -31.50000000 -57.59412986 -37.20000000
v -31.50000000 -57.60000000 -37.50000000
v -31.48758243 -57.60000000 -37.80000000
v -31.47164492 -57.60000000 -38.10000000
v -31.44513694 -57.60000000 -38.40000000
v -31.40054967 -57.60000000 -38.70000000
v -31.40219373 -57.60000000 -39.00000000
v -31.45022805 -57.60000000 -39.30000000
v -31.48076366 -57.60000000 -39.60000000
v -31.50000000 -57.60000000 -39.90000000
v -31.50000000 -57.57721172 -40.20000000
v -31.50000000 -57.60000000 -40.50000000
v -31.50000000 -57.60000000 -40.80000000
v -31.50000000 -57.57895674 -41.10000000
v -31.50000000 -57.60000000 -41.40000000
v -31.50000000 -57.60000000 -41.70000000
v -31.50000000 -57.39307134 -42.00000000
v -31.50000000 -57.30890902 -42.30000000
v -31.50000000 -57.61266231 -37.80000000
v -31.50000000 -57.62867419 -38.10000000
v -31.50000000 -57.65132999 -38.40000000
v -31.50000000 -57.67534514 -38.70000000
v -31.50000000 -57.67381698 -39.00000000
v -31.50000000 -57.64623745 -39.30000000
v -31.50000000 -57.61953572 -39.60000000
v -31.66831971 -52.20000000 -30.90000000
v -31.80000000 -52.11482928 -30.90000000
v -31.80000000 -52.20000000 -30.60000000
v -31.80000000 -52.03683443 -31.20000000
v -31.80000000 -52.00640118 -31.50000000
v -31.80000000 -51.99874539 -31.80000000
v -31.80000000 -51.99799602 -32.10000000
v -31.80000000 -52.00146909 -32.40000000
v -31.80000000 -52.01343163 -32.70000000
v -31.56388616 -52.20000000 -33.00000000
v -31.80000000 -52.04211954 -33.00000000
v -31.62838914 -52.20000000 -33.30000000
v -31.80000000 -52.08501002 -33.30000000
v -31.70770453 -52.20000000 -33.60000000
v -31.80000000 -52.14056440 -33.60000000
v -31.80000000 -52.20000000 -33.90000000
v -31.67173019 -52.50000000 -30.30000000
v -31.80000000 -52.38480758 -30.30000000
v -31.80000000 -52.50000000 -30.00000000
v -31.53907332 -52.50000000 -34.20000000
v -31.80000000 -52.30826912 -34.20000000
v -31.68388333 -52.50000000 -34.50000000
v -31.80000000 -52.40842754 -34.50000000
v -31.80000000 -52.50000000 -34.80000000
v -31.69853259 -52.80000000 -29.70000000
v -31.80000000 -52.68848661 -29.70000000
v -31.80000000 -52.80000000 -29.40000000
v -31.58547473 -52.80000000 -30.00000000
v -31.63423295 -52.80000000 -35.10000000
v -31.80000000 -52.61275736 -35.10000000
v -31.72003960 -52.80000000 -35.40000000
v -31.80000000 -52.71053521 -35.40000000
v -31.80000000 -52.80000000 -35.68112972
v -31.65661317 -53.10000000 -29.40000000
v -31.80000000 -53.10000000 -29.10000000
v -31.55139674 -53.10000000 -29.70000000
v -31.80000000 -52.80659282 -35.70000000
v -31.66867031 -53.10000000 -36.00000000
v -31.80000000 -52.94208294 -36.00000000
v -31.76537506 -53.10000000 -36.30000000
v -31.80000000 -53.05660670 -36.30000000
v -31.80000000 -53.10000000 -36.60000000
v -31.78646629 -53.40000000 -29.10000000
v -31.80000000 -53.40000000 -29.08483940
v -31.61711310 -53.40000000 -29.40000000
v -31.59901322 -53.40000000 -36.30000000
v -31.64241576 -53.40000000 -36.60000000
v -31.69464437 -53.40000000 -36.90000000
v -31.80000000 -53.10000000 -36.90000000
v -31.80000000 -53.40000000 -37.13248417
v -31.80000000 -53.70000000 -29.10000000
v -31.63783620 -53.70000000 -29.40000000
v -31.53965373 -53.70000000 -36.90000000
v -31.64447692 -53.70000000 -37.20000000
v -31.80000000 -53.45797391 -37.20000000
v -31.80000000 -53.70000000 -37.50000000
v -31.70356568 -54.00000000 -29.40000000
v -31.80000000 -54.00000000 -29.22127141
v -31.55158436 -54.00000000 -29.70000000
v -31.55581935 -54.00000000 -37.50000000
v -31.69318956 -54.00000000 -37.80000000
v -31.80000000 -53.88659096 -37.80000000
v -31.80000000 -54.00000000 -38.10000000
v -31.80000000 -54.30000000 -29.40000000
v -31.64922771 -54.30000000 -29.70000000
v -31.56704798 -54.30000000 -38.10000000
v -31.64807083 -54.30000000 -38.40000000
v -31.80000000 -54.12621757 -38.40000000
v -31.69999715 -54.30000000 -38.70000000
v -31.80000000 -54.19219085 -38.70000000
v -31.72754613 -54.30000000 -39.00000000
v -31.80000000 -54.22356071 -39.00000000
v -31.74100620 -54.30000000 -39.30000000
v -31.80000000 -54.23870663 -39.30000000
v -31.75622401 -54.30000000 -39.60000000
v -31.80000000 -54.25550440 -39.60000000
v -31.80000000 -54.30000000 -39.90000000
v -31.80000000 -54.60000000 -29.70000000
v -31.57070916 -54.60000000 -30.00000000
v -31.64974588 -54.60000000 -40.20000000
v -31.80000000 -54.40991850 -40.20000000
v -31.73613725 -54.60000000 -40.50000000
v -31.80000000 -54.51654891 -40.50000000
v -31.78340564 -54.60000000 -40.80000000
v -31.80000000 -54.57881470 -40.80000000
v -31.80000000 -54.60000000 -41.10000000
v -31.78143986 -54.60000000 -43.50000000
v -31.80000000 -54.57387195 -43.50000000
v -31.80000000 -54.60000000 -43.20000000
v -31.73650548 -54.60000000 -43.80000000
v -31.80000000 -54.49291738 -43.80000000
v -31.68661301 -54.60000000 -44.10000000
v -31.80000000 -54.30000000 -44.10000000
v -31.66790830 -54.60000000 -44.40000000
v -31.80000000 -54.30000000 -44.40000000
v -31.66962109 -54.60000000 -44.70000000
v -31.80000000 -54.30000000 -44.70000000
v -31.68070088 -54.60000000 -45.00000000
v -31.80000000 -54.30000000 -45.00000000
v -31.70066318 -54.60000000 -45.30000000
v -31.80000000 -54.30000000 -45.30000000
v -31.73696727 -54.60000000 -45.60000000
v -31.80000000 -54.44652691 -45.60000000
v -31.77067755 -54.60000000 -45.90000000
v -31.80000000 -54.53111977 -45.90000000
v -31.79163841 -54.60000000 -46.20000000
v -31.80000000 -54.57951729 -46.20000000
v -31.79928592 -54.60000000 -46.50000000
v -31.80000000 -54.59817714 -46.50000000
v -31.80000000 -54.60000000 -46.80000000
v -31.67627947 -54.90000000 -30.00000000
v -31.80000000 -54.90000000 -29.79663224
v -31.54536693 -54.90000000 -40.50000000
v -31.57471987 -54.90000000 -40.80000000
v -31.58713451 -54.90000000 -41.10000000
v -31.58732625 -54.90000000 -41.40000000
v -31.80000000 -54.60000000 -41.40000000
v -31.58318206 -54.90000000 -41.70000000
v -31.80000000 -54.60000000 -41.70000000
v -31.58011351 -54.90000000 -42.00000000
v -31.80000000 -54.60000000 -42.00000000
v -31.58132258 -54.90000000 -42.30000000
v -31.80000000 -54.60000000 -42.30000000
v -31.58776084 -54.90000000 -42.60000000
v -31.80000000 -54.60000000 -42.60000000
v -31.59812509 -54.90000000 -42.90000000
v -31.80000000 -54.60000000 -42.90000000
v -31.60839284 -54.90000000 -43.20000000
v -31.61160929 -54.90000000 -43.50000000
v -31.60441322 -54.90000000 -43.80000000
v -31.58839684 -54.90000000 -44.10000000
v -31.57774212 -54.90000000 -44.40000000
v -31.58252897 -54.90000000 -44.70000000
v -31.59888889 -54.90000000 -45.00000000
v -31.62177099 -54.90000000 -45.30000000
v -31.64847255 -54.90000000 -45.60000000
v -31.67651636 -54.90000000 -45.90000000
v -31.70253726 -54.90000000 -46.20000000
v -31.72701102 -54.90000000 -46.50000000
v -31.75825178 -54.90000000 -46.80000000
v -31.80000000 -54.90000000 -47.04492250
v -31.79067141 -55.20000000 -30.00000000
v -31.80000000 -55.20000000 -29.98317524
v -31.60781981 -55.20000000 -30.30000000
v -31.51578304 -55.20000000 -44.70000000
v -31.53932835 -55.20000000 -45.00000000
v -31.55966640 -55.20000000 -45.30000000
v -31.58293022 -55.20000000 -45.60000000
v -31.61249666 -55.20000000 -45.90000000
v -31.64829164 -55.20000000 -46.20000000
v -31.68963006 -55.20000000 -46.50000000
v -31.73775300 -55.20000000 -46.80000000
v -31.79198315 -55.20000000 -47.10000000
v -31.80000000 -55.06297036 -47.10000000
v -31.80000000 -55.20000000 -47.14152660
v -31.80000000 -55.22027491 -30.00000000
v -31.75951996 -55.50000000 -30.30000000
v -31.80000000 -55.50000000 -30.23061758
v -31.57716914 -55.50000000 -30.60000000
v -31.51158773 -55.50000000 -45.30000000
v -31.53421204 -55.50000000 -45.60000000
v -31.57392931 -55.50000000 -45.90000000
v -31.62485878 -55.50000000 -46.20000000
v -31.68146907 -55.50000000 -46.50000000
v -31.74057431 -55.50000000 -46.80000000
v -31.80000000 -55.50000000 -47.10000000
v -31.80000000 -55.56912939 -30.30000000
v -31.76588497 -55.80000000 -30.60000000
v -31.80000000 -55.80000000 -30.54150979
v -31.59037089 -55.80000000 -30.90000000
v -31.56321035 -55.80000000 -45.90000000
v -31.63341559 -55.80000000 -46.20000000
v -31.70320864 -55.80000000 -46.50000000
v -31.77029055 -55.80000000 -46.80000000
v -31.80000000 -55.80000000 -46.93911116
v -31.80000000 -55.84993109 -30.60000000
v -31.80000000 -56.10000000 -30.90000000
v -31.64494335 -56.10000000 -31.20000000
v -31.59207535 -56.10000000 -45.90000000
v -31.67741978 -56.10000000 -46.20000000
v -31.75458032 -56.10000000 -46.50000000
v -31.80000000 -55.96140667 -46.80000000
v -31.80000000 -56.10000000 -46.69058243
v -31.80000000 -56.30459394 -31.20000000
v -31.74202368 -56.40000000 -31.50000000
v -31.80000000 -56.40000000 -31.36363999
v -31.64799309 -56.40000000 -31.80000000
v -31.57650703 -56.40000000 -32.10000000
v -31.50639151 -56.40000000 -32.40000000
v -31.57106971 -56.40000000 -45.60000000
v -31.67152139 -56.40000000 -45.90000000
v -31.75584880 -56.40000000 -46.20000000
v -31.80000000 -56.28286575 -46.50000000
v -31.80000000 -56.40000000 -46.37792482
v -31.80000000 -56.48076477 -31.50000000
v -31.80000000 -56.60033040 -31.80000000
v -31.80000000 -56.66263717 -32.10000000
v -31.80000000 -56.70000000 -32.40000000
v -31.64331966 -56.70000000 -32.70000000
v -31.55888028 -56.70000000 -33.00000000
v -31.54230158 -56.70000000 -45.30000000
v -31.66161548 -56.70000000 -45.60000000
v -31.80000000 -56.70000000 -45.90000000
v -31.80000000 -56.53098113 -46.20000000
v -31.80000000 -57.00000000 -32.70000000
v -31.77009658 -57.00000000 -33.00000000
v -31.69213773 -57.00000000 -33.30000000
v -31.63764115 -57.00000000 -45.30000000
v -31.76782040 -57.00000000 -45.60000000
v -31.80000000 -57.00000000 -45.68198741
v -31.80000000 -57.03252632 -33.00000000
v -31.80000000 -57.10605851 -33.30000000
v -31.80000000 -57.20794885 -33.60000000
v -31.80000000 -57.30000000 -33.90000000
v -31.66769423 -57.30000000 -34.20000000
v -31.57516168 -57.30000000 -43.80000000
v -31.62740034 -57.30000000 -44.10000000
v -31.66243472 -57.30000000 -44.40000000
v -31.68965033 -57.30000000 -44.70000000
v -31.72883738 -57.30000000 -45.00000000
v -31.80000000 -57.30000000 -45.30000000
v -31.80000000 -57.06571359 -45.60000000
v -31.80000000 -57.38991208 -34.20000000
v -31.80000000 -57.48105017 -34.50000000
v -31.80000000 -57.55742351 -34.80000000
v -31.77114255 -57.60000000 -35.10000000
v -31.80000000 -57.60000000 -35.01222466
v -31.69085506 -57.60000000 -35.40000000
v -31.62929652 -57.60000000 -35.70000000
v -31.58372868 -57.60000000 -36.00000000
v -31.55076993 -57.60000000 -36.30000000
v -31.52851845 -57.60000000 -36.60000000
v -31.51445719 -57.60000000 -36.90000000
v -31.50589796 -57.60000000 -37.20000000
v -31.51591358 -57.60000000 -40.20000000
v -31.51360458 -57.60000000 -41.10000000
v -31.64078262 -57.60000000 -42.00000000
v -31.70806939 -57.60000000 -42.30000000
v -31.73161979 -57.60000000 -42.60000000
v -31.73741946 -57.60000000 -42.90000000
v -31.74312250 -57.60000000 -43.20000000
v -31.76576456 -57.60000000 -43.50000000
v -31.80000000 -57.57835970 -43.80000000
v -31.80000000 -57.60000000 -43.69487185
v -31.80000000 -57.51331687 -44.10000000
v -31.80000000 -57.46411465 -44.40000000
v -31.80000000 -57.42553974 -44.70000000
v -31.80000000 -57.37946940 -45.00000000
v -31.80000000 -57.61681355 -35.10000000
v -31.80000000 -57.66727512 -35.40000000
v -31.80000000 -57.71745879 -35.70000000
v -31.80000000 -57.76866755 -36.00000000
v -31.80000000 -57.81845208 -36.30000000
v -31.80000000 -57.85871386 -36.60000000
v -31.80000000 -57.88373571 -36.90000000
v -31.80000000 -57.89534343 -37.20000000
v -31.80000000 -57.90000000 -37.50000000
v -31.78765812 -57.90000000 -37.80000000
v -31.77562173 -57.90000000 -38.10000000
v -31.76471345 -57.90000000 -38.40000000
v -31.75785309 -57.90000000 -38.70000000
v -31.75942077 -57.90000000 -39.00000000
v -31.76846387 -57.90000000 -39.30000000
v -31.77934963 -57.90000000 -39.60000000
v -31.78971436 -57.90000000 -39.90000000
v -31.80000000 -57.90000000 -40.20000000
v -31.78602942 -57.90000000 -40.50000000
v -31.78027879 -57.90000000 -40.80000000
v -31.78424021 -57.90000000 -41.10000000
v -31.80000000 -57.90000000 -41.40000000
v -31.80000000 -57.81906091 -41.70000000
v -31.80000000 -57.74147965 -42.00000000
v -31.80000000 -57.68956676 -42.30000000
v -31.80000000 -57.66823696 -42.60000000
v -31.80000000 -57.66279171 -42.90000000
v -31.80000000 -57.65729172 -43.20000000
v -31.80000000 -57.63458094 -43.50000000
v -31.80000000 -57.91199730 -37.80000000
v -31.80000000 -57.92274919 -38.10000000
v -31.80000000 -57.93127124 -38.40000000
v -31.80000000 -57.93591886 -38.70000000
v -31.80000000 -57.93472952 -39.00000000
v -31.80000000 -57.92827961 -39.30000000
v -31.80000000 -57.91957086 -39.60000000
v -31.80000000 -57.91009372 -39.90000000
v -31.80000000 -57.91357610 -40.50000000
v -31.80000000 -57.91899335 -40.80000000
v -31.80000000 -57.91457212 -41.10000000
v -32.03456450 -51.90000000 -31.50000000
v -32.10000000 -51.87436718 -31.50000000
v -32.10000000 -51.90000000 -31.20000000
v -32.00425613 -51.90000000 -31.80000000
v -32.10000000 -51.85859748 -31.80000000
v -31.99172153 -51.90000000 -32.10000000
v -32.10000000 -51.84942499 -32.10000000
v -31.99295504 -51.90000000 -32.40000000
v -32.10000000 -51.84773328 -32.40000000
v -32.01076857 -51.90000000 -32.70000000
v -32.10000000 -51.85491843 -32.70000000
v -32.04739491 -51.90000000 -33.00000000
v -32.10000000 -51.87207350 -33.00000000
v -32.10000000 -51.90000000 -33.30000000
v -32.10000000 -52.12406012 -30.60000000
v -32.10000000 -52.20000000 -30.42840842
v -32.10000000 -52.00888324 -30.90000000
v -32.10000000 -51.96941252 -33.60000000
v -32.10000000 -52.04517509 -33.90000000
v -31.96888562 -52.20000000 -34.20000000
v -32.10000000 -52.12779766 -34.20000000
v -32.10000000 -52.20000000 -34.50000000
v -32.10000000 -52.40120780 -30.00000000
v -32.10000000 -52.50000000 -29.77741160
v -32.10000000 -52.26346683 -30.30000000
v -32.10000000 -52.28546631 -34.80000000
v -31.91735015 -52.50000000 -35.10000000
v -32.10000000 -52.35486153 -35.10000000
v -32.00919744 -52.50000000 -35.40000000
v -32.10000000 -52.42258477 -35.40000000
v -32.10000000 -52.50000000 -35.70000000
v -32.10000000 -52.66764794 -29.40000000
v -32.10000000 -52.80000000 -29.10000000
v -32.10000000 -52.53790006 -29.70000000
v -31.80624966 -52.80000000 -35.70000000
v -31.93845281 -52.80000000 -36.00000000
v -32.10000000 -52.66397658 -36.00000000
v -32.06424724 -52.80000000 -36.30000000
v -32.10000000 -52.77311131 -36.30000000
v -32.10000000 -52.80000000 -36.41224401
v -32.10000000 -53.10000000 -28.97496496
v -32.10000000 -52.84717064 -36.60000000
v -32.10000000 -52.92112358 -36.90000000
v -32.08450341 -53.10000000 -37.20000000
v -32.10000000 -53.08572776 -37.20000000
v -32.10000000 -53.10000000 -37.21671342
v -32.10000000 -53.40000000 -28.88863791
v -31.84257340 -53.40000000 -37.20000000
v -32.10000000 -53.40000000 -37.50000000
v -32.10000000 -53.70000000 -28.80000000
v -32.02142373 -53.70000000 -37.80000000
v -32.10000000 -53.63764607 -37.80000000
v -32.10000000 -53.70000000 -37.92205242
v -32.09294896 -53.70000000 -49.50000000
v -32.10000000 -53.68238278 -49.50000000
v -32.10000000 -53.70000000 -49.20000000
v -32.08628222 -53.70000000 -49.80000000
v -32.10000000 -53.66610669 -49.80000000
v -32.08261270 -53.70000000 -50.10000000
v -32.10000000 -53.65676891 -50.10000000
v -32.08566063 -53.70000000 -50.40000000
v -32.10000000 -53.66305457 -50.40000000
v -32.10000000 -53.70000000 -50.70000000
v -31.87544220 -54.00000000 -29.10000000
v -32.10000000 -54.00000000 -28.80000000
v -32.10000000 -53.77938441 -38.10000000
v -31.93404104 -54.00000000 -38.40000000
v -32.10000000 -53.86673536 -38.40000000
v -32.00212404 -54.00000000 -38.70000000
v -32.10000000 -53.91575936 -38.70000000
v -32.03107856 -54.00000000 -39.00000000
v -32.10000000 -53.93787792 -39.00000000
v -32.05008080 -54.00000000 -39.30000000
v -32.10000000 -53.95553200 -39.30000000
v -32.07744071 -54.00000000 -39.60000000
v -32.10000000 -53.98212792 -39.60000000
v -32.10000000 -54.00000000 -39.90000000
v -32.09753954 -54.00000000 -45.30000000
v -32.10000000 -53.99786358 -45.30000000
v -32.10000000 -54.00000000 -45.00000000
v -32.09621803 -54.00000000 -45.60000000
v -32.10000000 -53.99580000 -45.60000000
v -32.10000000 -54.00000000 -45.90000000
v -32.08859650 -54.00000000 -47.40000000
v -32.10000000 -53.96953117 -47.40000000
v -32.10000000 -54.00000000 -47.10000000
v -32.07004799 -54.00000000 -47.70000000
v -32.10000000 -53.89013728 -47.70000000
v -32.05406927 -54.00000000 -48.00000000
v -32.10000000 -53.80523675 -48.00000000
v -32.04292043 -54.00000000 -48.30000000
v -32.10000000 -53.75805225 -48.30000000
v -32.03424254 -54.00000000 -48.60000000
v -32.10000000 -53.73619615 -48.60000000
v -32.02555065 -54.00000000 -48.90000000
v -32.10000000 -53.71934413 -48.90000000
v -32.01621233 -54.00000000 -49.20000000
v -32.00746939 -54.00000000 -49.50000000
v -32.00171158 -54.00000000 -49.80000000
v -32.00177866 -54.00000000 -50.10000000
v -32.01071639 -54.00000000 -50.40000000
v -32.03012814 -54.00000000 -50.70000000
v -32.05832788 -54.00000000 -51.00000000
v -32.10000000 -53.80413592 -51.00000000
v -32.10000000 -54.00000000 -51.30000000
v -31.96709580 -54.30000000 -29.10000000
v -32.10000000 -54.30000000 -28.92960401
v -31.90152865 -54.30000000 -40.20000000
v -32.10000000 -54.12293576 -40.20000000
v -31.99471139 -54.30000000 -40.50000000
v -32.10000000 -54.20397979 -40.50000000
v -32.04735273 -54.30000000 -40.80000000
v -32.10000000 -54.24899532 -40.80000000
v -32.06741534 -54.30000000 -41.10000000
v -32.10000000 -54.26727678 -41.10000000
v -32.07133309 -54.30000000 -41.40000000
v -32.10000000 -54.27098674 -41.40000000
v -32.07035300 -54.30000000 -41.70000000
v -32.10000000 -54.26999198 -41.70000000
v -32.06910532 -54.30000000 -42.00000000
v -32.10000000 -54.26875303 -42.00000000
v -32.06887189 -54.30000000 -42.30000000
v -32.10000000 -54.26853658 -42.30000000
v -32.06947199 -54.30000000 -42.60000000
v -32.10000000 -54.26916555 -42.60000000
v -32.06889178 -54.30000000 -42.90000000
v -32.10000000 -54.26862913 -42.90000000
v -32.06056301 -54.30000000 -43.20000000
v -32.10000000 -54.26057637 -43.20000000
v -32.02983151 -54.30000000 -43.50000000
v -32.10000000 -54.23295211 -43.50000000
v -31.95482755 -54.30000000 -43.80000000
v -32.10000000 -54.17841912 -43.80000000
v -32.10000000 -54.11396181 -44.10000000
v -32.10000000 -54.06339936 -44.40000000
v -32.10000000 -54.00000000 -44.70000000
v -31.87332519 -54.30000000 -45.60000000
v -31.90966329 -54.30000000 -45.90000000
v -31.92353858 -54.30000000 -46.20000000
v -32.10000000 -54.00000000 -46.20000000
v -31.92875362 -54.30000000 -46.50000000
v -32.10000000 -54.00000000 -46.50000000
v -31.93816471 -54.30000000 -46.80000000
v -32.10000000 -54.00000000 -46.80000000
v -31.96332097 -54.30000000 -47.10000000
v -31.98576050 -54.30000000 -47.40000000
v -31.99709964 -54.30000000 -47.70000000
v -31.99922565 -54.30000000 -48.00000000
v -31.99581686 -54.30000000 -48.30000000
v -31.98861230 -54.30000000 -48.60000000
v -31.97823650 -54.30000000 -48.90000000
v -31.96643405 -54.30000000 -49.20000000
v -31.95661728 -54.30000000 -49.50000000
v -31.95263834 -54.30000000 -49.80000000
v -31.95764455 -54.30000000 -50.10000000
v -31.97439168 -54.30000000 -50.40000000
v -32.00578150 -54.30000000 -50.70000000
v -32.04993370 -54.30000000 -51.00000000
v -32.10000000 -54.30000000 -51.30000000
v -32.04573389 -54.60000000 -29.10000000
v -32.10000000 -54.60000000 -29.02789305
v -31.89944596 -54.60000000 -29.40000000
v -31.86205259 -54.60000000 -47.10000000
v -31.90956295 -54.60000000 -47.40000000
v -31.94170297 -54.60000000 -47.70000000
v -31.96077228 -54.60000000 -48.00000000
v -31.96891953 -54.60000000 -48.30000000
v -31.96785577 -54.60000000 -48.60000000
v -31.95935367 -54.60000000 -48.90000000
v -31.94694851 -54.60000000 -49.20000000
v -31.93629077 -54.60000000 -49.50000000
v -31.93384845 -54.60000000 -49.80000000
v -31.94454915 -54.60000000 -50.10000000
v -31.97108768 -54.60000000 -50.40000000
v -32.02019848 -54.60000000 -50.70000000
v -32.10000000 -54.60000000 -51.00000000
v -32.10000000 -54.90000000 -29.10000000
v -31.97916425 -54.90000000 -29.40000000
v -31.85275040 -54.90000000 -29.70000000
v -31.80971302 -54.90000000 -47.10000000
v -31.86417643 -54.90000000 -47.40000000
v -31.90925879 -54.90000000 -47.70000000
v -31.94223332 -54.90000000 -48.00000000
v -31.96277229 -54.90000000 -48.30000000
v -31.97108703 -54.90000000 -48.60000000
v -31.96827546 -54.90000000 -48.90000000
v -31.95789983 -54.90000000 -49.20000000
v -31.94665750 -54.90000000 -49.50000000
v -31.94433248 -54.90000000 -49.80000000
v -31.96134794 -54.90000000 -50.10000000
v -32.00180171 -54.90000000 -50.40000000
v -32.06613107 -54.90000000 -50.70000000
v -32.10000000 -54.90000000 -50.82908258
v -32.08885144 -55.20000000 -29.40000000
v -32.10000000 -55.20000000 -29.37871980
v -31.94981036 -55.20000000 -29.70000000
v -31.84943496 -55.20000000 -47.40000000
v -31.90232640 -55.20000000 -47.70000000
v -31.94607542 -55.20000000 -48.00000000
v -31.97862881 -55.20000000 -48.30000000
v -31.99908051 -55.20000000 -48.60000000
v -32.00719613 -55.20000000 -48.90000000
v -32.00422571 -55.20000000 -49.20000000
v -31.99508418 -55.20000000 -49.50000000
v -31.99106319 -55.20000000 -49.80000000
v -32.01074800 -55.20000000 -50.10000000
v -32.07759480 -55.20000000 -50.40000000
v -32.10000000 -55.00347729 -50.70000000
v -32.10000000 -55.20000000 -50.47633970
v -32.10000000 -55.22429825 -29.40000000
v -32.10000000 -55.50000000 -29.70000000
v -31.93234007 -55.50000000 -30.00000000
v -31.86185719 -55.50000000 -47.40000000
v -31.92056145 -55.50000000 -47.70000000
v -31.97324311 -55.50000000 -48.00000000
v -32.01834562 -55.50000000 -48.30000000
v -32.05454354 -55.50000000 -48.60000000
v -32.08147928 -55.50000000 -48.90000000
v -32.09753077 -55.50000000 -49.20000000
v -32.10000000 -55.50000000 -49.50000000
v -32.10000000 -55.50000000 -49.80000000
v -32.10000000 -55.50000000 -50.10000000
v -32.10000000 -55.24671442 -50.40000000
v -32.10000000 -55.80000000 -30.00000000
v -31.94143663 -55.80000000 -30.30000000
v -31.83487016 -55.80000000 -47.10000000
v -31.89824303 -55.80000000 -47.40000000
v -31.96138392 -55.80000000 -47.70000000
v -32.02399004 -55.80000000 -48.00000000
v -32.08664820 -55.80000000 -48.30000000
v -32.10000000 -55.65544452 -48.60000000
v -32.10000000 -55.80000000 -48.36985636
v -32.10000000 -55.54982900 -48.90000000
v -32.10000000 -55.50510864 -49.20000000
v -32.10000000 -56.02230694 -30.30000000
v -31.97938176 -56.10000000 -30.60000000
v -32.10000000 -56.10000000 -30.39735137
v -31.82644921 -56.10000000 -46.80000000
v -31.89269631 -56.10000000 -47.10000000
v -31.95574489 -56.10000000 -47.40000000
v -32.02190075 -56.10000000 -47.70000000
v -32.10000000 -56.10000000 -48.00000000
v -32.10000000 -55.83968205 -48.30000000
v -32.10000000 -56.25681198 -30.60000000
v -32.03375140 -56.40000000 -30.90000000
v -32.10000000 -56.40000000 -30.78845509
v -31.87393282 -56.40000000 -31.20000000
v -31.83031210 -56.40000000 -46.50000000
v -31.90439951 -56.40000000 -46.80000000
v -31.97590124 -56.40000000 -47.10000000
v -32.03645094 -56.40000000 -47.40000000
v -32.10000000 -56.40000000 -47.70000000
v -32.10000000 -56.49126015 -30.90000000
v -32.10000000 -56.70000000 -31.20000000
v -31.94866375 -56.70000000 -31.50000000
v -31.87205854 -56.70000000 -31.80000000
v -31.82948823 -56.70000000 -32.10000000
v -31.85732690 -56.70000000 -46.20000000
v -31.92236793 -56.70000000 -46.50000000
v -31.99830458 -56.70000000 -46.80000000
v -32.10000000 -56.70000000 -47.10000000
v -32.10000000 -56.56488095 -47.40000000
v -32.10000000 -57.00000000 -31.50000000
v -32.08605394 -57.00000000 -31.80000000
v -32.06312193 -57.00000000 -32.10000000
v -31.99077669 -57.00000000 -32.40000000
v -31.88411921 -57.00000000 -45.90000000
v -31.96393105 -57.00000000 -46.20000000
v -32.03729844 -57.00000000 -46.50000000
v -32.10000000 -57.00000000 -46.80000000
v -32.10000000 -57.01626054 -31.80000000
v -32.10000000 -57.03983968 -32.10000000
v -32.10000000 -57.10446115 -32.40000000
v -32.10000000 -57.20093771 -32.70000000
v -32.10000000 -57.30000000 -33.00000000
v -32.03669388 -57.30000000 -33.30000000
v -31.92695659 -57.30000000 -33.60000000
v -31.93451712 -57.30000000 -45.60000000
v -32.03309587 -57.30000000 -45.90000000
v -32.10000000 -57.30000000 -46.20000000
v -32.10000000 -57.11064121 -46.50000000
v -32.10000000 -57.34207850 -33.30000000
v -32.10000000 -57.41328732 -33.60000000
v -32.10000000 -57.49672724 -33.90000000
v -32.10000000 -57.58823295 -34.20000000
v -31.98245474 -57.60000000 -34.50000000
v -32.10000000 -57.60000000 -34.23925517
v -31.87099108 -57.60000000 -34.80000000
v -31.82177584 -57.60000000 -43.80000000
v -31.88745410 -57.60000000 -44.10000000
v -31.93814612 -57.60000000 -44.40000000
v -31.98228180 -57.60000000 -44.70000000
v -32.03797377 -57.60000000 -45.00000000
v -32.10000000 -57.60000000 -45.30000000
v -32.10000000 -57.48311954 -45.60000000
v -32.10000000 -57.38368432 -45.90000000
v -32.10000000 -57.67584632 -34.50000000
v -32.10000000 -57.73390156 -34.80000000
v -32.10000000 -57.77804698 -35.10000000
v -32.10000000 -57.82857780 -35.40000000
v -32.10000000 -57.90000000 -35.70000000
v -31.98632339 -57.90000000 -36.00000000
v -31.89554536 -57.90000000 -36.30000000
v -31.84224430 -57.90000000 -36.60000000
v -31.81590055 -57.90000000 -36.90000000
v -31.80457624 -57.90000000 -37.20000000
v -31.94272567 -57.90000000 -41.70000000
v -32.06423197 -57.90000000 -42.00000000
v -32.10000000 -57.90000000 -42.30000000
v -32.10000000 -57.90000000 -42.60000000
v -32.10000000 -57.90000000 -42.90000000
v -32.10000000 -57.90000000 -43.20000000
v -32.10000000 -57.90000000 -43.50000000
v -32.10000000 -57.82162666 -43.80000000
v -32.10000000 -57.76790844 -44.10000000
v -32.10000000 -57.73162071 -44.40000000
v -32.10000000 -57.69714634 -44.70000000
v -32.10000000 -57.64811356 -45.00000000
v -32.10000000 -57.98495580 -36.00000000
v -32.10000000 -58.10030564 -36.30000000
v -32.10000000 -58.17940656 -36.60000000
v -32.10000000 -58.20000000 -36.90000000
v -32.10000000 -58.20000000 -37.20000000
v -32.10000000 -58.20000000 -37.50000000
v -32.10000000 -58.20000000 -37.80000000
v -32.10000000 -58.20000000 -38.10000000
v -32.10000000 -58.20000000 -38.40000000
v -32.10000000 -58.20000000 -38.70000000
v -32.10000000 -58.20000000 -39.00000000
v -32.10000000 -58.20000000 -39.30000000
v -32.10000000 -58.20000000 -39.60000000
v -32.10000000 -58.20000000 -39.90000000
v -32.10000000 -58.20000000 -40.20000000
v -32.10000000 -58.20000000 -40.50000000
v -32.10000000 -58.20000000 -40.80000000
v -32.10000000 -58.16656174 -41.10000000
v -32.10000000 -58.06842405 -41.40000000
v -32.10000000 -57.97483343 -41.70000000
v -32.10000000 -57.91746707 -42.00000000
v -32.40000000 -51.87144928 -31.20000000
v -32.40000000 -51.90000000 -31.11079000
v -32.40000000 -51.81122928 -31.50000000
v -32.40000000 -51.77276726 -31.80000000
v -32.40000000 -51.74735345 -32.10000000
v -32.40000000 -51.73371889 -32.40000000
v -32.40000000 -51.73228632 -32.70000000
v -32.40000000 -51.74423436 -33.00000000
v -32.40000000 -51.77345333 -33.30000000
v -32.24076720 -51.90000000 -33.60000000
v -32.40000000 -51.82730566 -33.60000000
v -32.40000000 -51.90000000 -33.90000000
v -32.40000000 -52.10076872 -30.60000000
v -32.40000000 -52.20000000 -30.37995368
v -32.40000000 -51.97402825 -30.90000000
v -32.40000000 -51.99458274 -34.20000000
v -32.40000000 -52.06384250 -34.50000000
v -32.24667522 -52.20000000 -34.80000000
v -32.40000000 -52.12259198 -34.80000000
v -32.33959248 -52.20000000 -35.10000000
v -32.40000000 -52.16745396 -35.10000000
v -32.40000000 -52.20000000 -35.40000000
v -32.40000000 -52.37822668 -30.00000000
v -32.40000000 -52.50000000 -29.72432784
v -32.40000000 -52.23798304 -30.30000000
v -32.40000000 -52.34575173 -35.70000000
v -32.37327090 -52.50000000 -36.00000000
v -32.40000000 -52.48623096 -36.00000000
v -32.40000000 -52.50000000 -36.03360227
v -32.40000000 -52.66154103 -29.40000000
v -32.40000000 -52.80000000 -29.18576774
v -32.40000000 -52.51139855 -29.70000000
v -32.40000000 -52.60706707 -36.30000000
v -32.17680219 -52.80000000 -36.60000000
v -32.40000000 -52.68258895 -36.60000000
v -32.29021971 -52.80000000 -36.90000000
v -32.40000000 -52.74180665 -36.90000000
v -32.40000000 -52.80000000 -37.20000000
v -32.40000000 -52.88393521 -29.10000000
v -32.40000000 -53.10000000 -28.95494868
v -32.40000000 -53.10000000 -37.50000000
v -32.39654748 -53.10000000 -50.70000000
v -32.40000000 -53.09575037 -50.70000000
v -32.40000000 -53.10000000 -50.40000000
v -32.39245452 -53.10000000 -51.00000000
v -32.40000000 -53.09076438 -51.00000000
v -32.40000000 -53.10000000 -51.30000000
v -32.40000000 -53.40000000 -28.81592411
v -32.40000000 -53.40000000 -37.71276403
v -32.33207153 -53.40000000 -47.40000000
v -32.40000000 -53.10000000 -47.40000000
v -32.40000000 -53.40000000 -47.29062369
v -32.25043588 -53.40000000 -47.70000000
v -32.40000000 -53.10000000 -47.70000000
v -32.22936481 -53.40000000 -48.00000000
v -32.40000000 -53.10000000 -48.00000000
v -32.22688386 -53.40000000 -48.30000000
v -32.40000000 -53.10000000 -48.30000000
v -32.22808018 -53.40000000 -48.60000000
v -32.40000000 -53.10000000 -48.60000000
v -32.22819320 -53.40000000 -48.90000000
v -32.40000000 -53.10000000 -48.90000000
v -32.22610261 -53.40000000 -49.20000000
v -32.40000000 -53.10000000 -49.20000000
v -32.22194139 -53.40000000 -49.50000000
v -32.40000000 -53.10000000 -49.50000000
v -32.21690105 -53.40000000 -49.80000000
v -32.40000000 -53.10000000 -49.80000000
v -32.21256967 -53.40000000 -50.10000000
v -32.40000000 -53.10000000 -50.10000000
v -32.21066860 -53.40000000 -50.40000000
v -32.21443180 -53.40000000 -50.70000000
v -32.23517171 -53.40000000 -51.00000000
v -32.30866937 -53.40000000 -51.30000000
v -32.40000000 -53.40000000 -51.45235363
v -32.40000000 -53.44905801 -28.80000000
v -32.40000000 -53.70000000 -28.72862469
v -32.40000000 -53.47207470 -37.80000000
v -32.22656466 -53.70000000 -38.10000000
v -32.40000000 -53.59736773 -38.10000000
v -32.34623692 -53.70000000 -38.40000000
v -32.40000000 -53.66452392 -38.40000000
v -32.39941059 -53.70000000 -38.70000000
v -32.40000000 -53.69959829 -38.70000000
v -32.40000000 -53.70000000 -39.00000000
v -32.38697811 -53.70000000 -45.90000000
v -32.40000000 -53.68816063 -45.90000000
v -32.40000000 -53.70000000 -45.60000000
v -32.38235069 -53.70000000 -46.20000000
v -32.40000000 -53.68290157 -46.20000000
v -32.37721448 -53.70000000 -46.50000000
v -32.40000000 -53.67790992 -46.50000000
v -32.35632006 -53.70000000 -46.80000000
v -32.40000000 -53.65654779 -46.80000000
v -32.29843953 -53.70000000 -47.10000000
v -32.40000000 -53.57232149 -47.10000000
v -32.21431852 -53.70000000 -47.40000000
v -32.15481348 -53.70000000 -47.70000000
v -32.12622084 -53.70000000 -48.00000000
v -32.11468999 -53.70000000 -48.30000000
v -32.10975330 -53.70000000 -48.60000000
v -32.10555261 -53.70000000 -48.90000000
v -32.12456670 -53.70000000 -51.00000000
v -32.18747571 -53.70000000 -51.30000000
v -32.29430372 -53.70000000 -51.60000000
v -32.40000000 -53.53790407 -51.60000000
v -32.40000000 -53.70000000 -51.90000000
v -32.40000000 -54.00000000 -28.69422627
v -32.40000000 -53.70000000 -39.30000000
v -32.40000000 -53.80690768 -39.60000000
v -32.40000000 -53.87468174 -39.90000000
v -32.28798892 -54.00000000 -40.20000000
v -32.40000000 -53.93983102 -40.20000000
v -32.37916011 -54.00000000 -40.50000000
v -32.40000000 -53.98697067 -40.50000000
v -32.40000000 -54.00000000 -40.80000000
v -32.39849959 -54.00000000 -43.50000000
v -32.40000000 -53.99898623 -43.50000000
v -32.40000000 -54.00000000 -43.20000000
v -32.36857623 -54.00000000 -43.80000000
v -32.40000000 -53.98167260 -43.80000000
v -32.30751945 -54.00000000 -44.10000000
v -32.40000000 -53.95470107 -44.10000000
v -32.22312625 -54.00000000 -44.40000000
v -32.40000000 -53.92418812 -44.40000000
v -32.40000000 -53.89427176 -44.70000000
v -32.40000000 -53.86624797 -45.00000000
v -32.40000000 -53.80924569 -45.30000000
v -32.21055282 -54.00000000 -51.60000000
v -32.38122617 -54.00000000 -51.90000000
v -32.40000000 -54.00000000 -51.91864680
v -32.25109563 -54.30000000 -28.80000000
v -32.40000000 -54.30000000 -28.70861122
v -32.40000000 -54.00000000 -41.10000000
v -32.40000000 -54.00000000 -41.40000000
v -32.40000000 -54.00000000 -41.70000000
v -32.40000000 -54.00000000 -42.00000000
v -32.40000000 -54.00000000 -42.30000000
v -32.40000000 -54.00000000 -42.60000000
v -32.40000000 -54.00000000 -42.90000000
v -32.21680124 -54.30000000 -51.60000000
v -32.40000000 -54.30000000 -51.90000000
v -32.32919699 -54.60000000 -28.80000000
v -32.40000000 -54.60000000 -28.74690140
v -32.15847649 -54.60000000 -51.30000000
v -32.29438245 -54.60000000 -51.60000000
v -32.40000000 -54.60000000 -51.72029187
v -32.40000000 -54.90000000 -28.80000000
v -32.15096931 -54.90000000 -51.00000000
v -32.24772481 -54.90000000 -51.30000000
v -32.40000000 -54.90000000 -51.60000000
v -32.27586955 -55.20000000 -29.10000000
v -32.40000000 -55.20000000 -28.97695800
v -32.18035915 -55.20000000 -50.70000000
v -32.29635011 -55.20000000 -51.00000000
v -32.40000000 -55.20000000 -51.30000000
v -32.40000000 -55.50000000 -29.10000000
v -32.23511714 -55.50000000 -29.40000000
v -32.28119427 -55.50000000 -50.40000000
v -32.40000000 -55.50000000 -50.70000000
v -32.40000000 -55.30884208 -51.00000000
v -32.40000000 -55.80000000 -29.40000000
v -32.28948626 -55.80000000 -29.70000000
v -32.15034293 -55.80000000 -48.60000000
v -32.21181745 -55.80000000 -48.90000000
v -32.28392226 -55.80000000 -49.20000000
v -32.34934173 -55.80000000 -49.50000000
v -32.40000000 -55.80000000 -49.80000000
v -32.40000000 -55.69225504 -50.10000000
v -32.40000000 -55.58793206 -50.40000000
v -32.40000000 -55.91072859 -29.70000000
v -32.38432866 -56.10000000 -30.00000000
v -32.40000000 -56.10000000 -29.97984670
v -32.16223453 -56.10000000 -30.30000000
v -32.20917183 -56.10000000 -48.30000000
v -32.31829818 -56.10000000 -48.60000000
v -32.40000000 -56.10000000 -48.90000000
v -32.40000000 -55.92290510 -49.20000000
v -32.40000000 -55.84117297 -49.50000000
v -32.40000000 -56.11574436 -30.00000000
v -32.40000000 -56.40000000 -30.30000000
v -32.22866406 -56.40000000 -30.60000000
v -32.25425685 -56.40000000 -48.00000000
v -32.40000000 -56.40000000 -48.30000000
v -32.40000000 -56.19061857 -48.60000000
v -32.40000000 -56.56487730 -30.60000000
v -32.25926046 -56.70000000 -30.90000000
v -32.40000000 -56.70000000 -30.74311168
v -32.15980011 -56.70000000 -47.40000000
v -32.26303498 -56.70000000 -47.70000000
v -32.40000000 -56.57991719 -48.00000000
v -32.40000000 -56.70000000 -47.88192489
v -32.40000000 -57.00000000 -30.90000000
v -32.27608157 -57.00000000 -31.20000000
v -32.26226117 -57.00000000 -47.10000000
v -32.35378547 -57.00000000 -47.40000000
v -32.40000000 -57.00000000 -47.70000000
v -32.40000000 -57.12388510 -31.20000000
v -32.40000000 -57.30000000 -31.50000000
v -32.40000000 -57.30000000 -31.80000000
v -32.39359164 -57.30000000 -32.10000000
v -32.34676622 -57.30000000 -32.40000000
v -32.25217248 -57.30000000 -32.70000000
v -32.25398569 -57.30000000 -46.50000000
v -32.40000000 -57.30000000 -46.80000000
v -32.40000000 -57.13226964 -47.10000000
v -32.40000000 -57.04083631 -47.40000000
v -32.40000000 -57.30470410 -32.10000000
v -32.40000000 -57.33598971 -32.40000000
v -32.40000000 -57.38397276 -32.70000000
v -32.40000000 -57.43632644 -33.00000000
v -32.40000000 -57.49405021 -33.30000000
v -32.40000000 -57.60000000 -33.60000000
v -32.27163181 -57.60000000 -33.90000000
v -32.11904950 -57.60000000 -34.20000000
v -32.26423521 -57.60000000 -45.60000000
v -32.35634119 -57.60000000 -45.90000000
v -32.40000000 -57.60000000 -46.20000000
v -32.40000000 -57.42036329 -46.50000000
v -32.40000000 -57.67221652 -33.90000000
v -32.40000000 -57.76655170 -34.20000000
v -32.40000000 -57.90000000 -34.50000000
v -32.39072570 -57.90000000 -34.80000000
v -32.35356986 -57.90000000 -35.10000000
v -32.25882834 -57.90000000 -35.40000000
v -32.25999659 -57.90000000 -43.80000000
v -32.35248879 -57.90000000 -44.10000000
v -32.39318203 -57.90000000 -44.40000000
v -32.40000000 -57.90000000 -44.70000000
v -32.40000000 -57.80937148 -45.00000000
v -32.40000000 -57.73670780 -45.30000000
v -32.40000000 -57.67145382 -45.60000000
v -32.40000000 -57.62549081 -45.90000000
v -32.40000000 -57.90495605 -34.80000000
v -32.40000000 -57.92210754 -35.10000000
v -32.40000000 -57.96327787 -35.40000000
v -32.40000000 -58.03029588 -35.70000000
v -32.40000000 -58.14614262 -36.00000000
v -32.20566057 -58.20000000 -36.30000000
v -32.40000000 -58.20000000 -36.07779025
v -32.11862057 -58.20000000 -36.60000000
v -32.14213496 -58.20000000 -41.10000000
v -32.40000000 -58.18259222 -41.40000000
v -32.40000000 -58.20000000 -41.37272024
v -32.40000000 -58.06770683 -41.70000000
v -32.40000000 -58.01834918 -42.00000000
v -32.40000000 -58.00688017 -42.30000000
v -32.40000000 -58.01167141 -42.60000000
v -32.40000000 -58.01695057 -42.90000000
v -32.40000000 -58.01287787 -43.20000000
v -32.40000000 -57.99460802 -43.50000000
v -32.40000000 -57.95675749 -43.80000000
v -32.40000000 -57.92134922 -44.10000000
v -32.40000000 -57.90326668 -44.40000000
v -32.40000000 -58.50000000 -36.30000000
v -32.40000000 -58.50000000 -36.60000000
v -32.40000000 -58.50000000 -36.90000000
v -32.40000000 -58.50000000 -37.20000000
v -32.40000000 -58.50000000 -37.50000000
v -32.40000000 -58.50000000 -37.80000000
v -32.40000000 -58.50000000 -38.10000000
v -32.40000000 -58.50000000 -38.40000000
v -32.40000000 -58.50000000 -38.70000000
v -32.40000000 -58.50000000 -39.00000000
v -32.40000000 -58.50000000 -39.30000000
v -32.40000000 -58.50000000 -39.60000000
v -32.40000000 -58.50000000 -39.90000000
v -32.40000000 -58.50000000 -40.20000000
v -32.40000000 -58.50000000 -40.50000000
v -32.40000000 -58.50000000 -40.80000000
v -32.40000000 -58.50000000 -41.10000000
v -32.70000000 -51.87040386 -31.20000000
v -32.70000000 -51.90000000 -31.12051175
v -32.70000000 -51.79148153 -31.50000000
v -32.70000000 -51.73183975 -31.80000000
v -32.70000000 -51.68459165 -32.10000000
v -32.70000000 -51.65276901 -32.40000000
v -32.70000000 -51.64351368 -32.70000000
v -32.70000000 -51.65152026 -33.00000000
v -32.70000000 -51.66955695 -33.30000000
v -32.70000000 -51.70833972 -33.60000000
v -32.70000000 -51.78725780 -33.90000000
v -32.70000000 -51.90000000 -34.20000000
v -32.70000000 -52.12582155 -30.60000000
v -32.70000000 -52.20000000 -30.44793085
v -32.70000000 -51.98952670 -30.90000000
v -32.70000000 -51.94632788 -34.50000000
v -32.70000000 -51.99908577 -34.80000000
v -32.70000000 -52.05507950 -35.10000000
v -32.70000000 -52.12276356 -35.40000000
v -32.70000000 -52.20000000 -35.62022900
v -32.70000000 -52.41944966 -30.00000000
v -32.70000000 -52.50000000 -29.82443703
v -32.70000000 -52.27539266 -30.30000000
v -32.70000000 -52.23117258 -35.70000000
v -32.70000000 -52.36335725 -36.00000000
v -32.70000000 -52.50000000 -36.30000000
v -32.70000000 -52.71830793 -29.40000000
v -32.70000000 -52.80000000 -29.28384428
v -32.70000000 -52.55924444 -29.70000000
v -32.70000000 -52.55502081 -36.60000000
v -32.70000000 -52.62319312 -36.90000000
v -32.70000000 -52.73425524 -37.20000000
v -32.70000000 -52.80000000 -37.31081654
v -32.70000000 -52.96728723 -29.10000000
v -32.70000000 -53.10000000 -28.98986618
v -32.70000000 -52.96065994 -37.50000000
v -32.70000000 -53.10000000 -37.63748697
v -32.70000000 -53.02084536 -47.40000000
v -32.70000000 -53.10000000 -47.27723292
v -32.70000000 -52.93586240 -47.70000000
v -32.70000000 -52.90679079 -48.00000000
v -32.70000000 -52.88359174 -48.30000000
v -32.70000000 -52.85929802 -48.60000000
v -32.70000000 -52.83796833 -48.90000000
v -32.70000000 -52.82294391 -49.20000000
v -32.70000000 -52.81392215 -49.50000000
v -32.70000000 -52.80893605 -49.80000000
v -32.70000000 -52.80464877 -50.10000000
v -32.70000000 -52.80000000 -50.40000000
v -32.70000000 -52.80000000 -50.70000000
v -32.70000000 -52.81691581 -51.00000000
v -32.70000000 -52.91045790 -51.30000000
v -32.70000000 -53.10000000 -51.52419864
v -32.70000000 -53.40000000 -28.81220017
v -32.70000000 -53.40000000 -37.80000000
v -32.70000000 -53.40000000 -47.10000000
v -32.70000000 -53.40000000 -51.60000000
v -32.70000000 -53.42969645 -28.80000000
v -32.70000000 -53.70000000 -28.70135447
v -32.70000000 -53.41354957 -38.10000000
v -32.70000000 -53.45634511 -38.40000000
v -32.70000000 -53.52800733 -38.70000000
v -32.70000000 -53.56734463 -39.00000000
v -32.70000000 -53.61466428 -39.30000000
v -32.70000000 -53.70000000 -39.60000000
v -32.70000000 -53.57476959 -45.60000000
v -32.70000000 -53.70000000 -45.35015053
v -32.70000000 -53.44314302 -45.90000000
v -32.70000000 -53.40000000 -46.20000000
v -32.70000000 -53.40000000 -46.50000000
v -32.70000000 -53.40000000 -46.80000000
v -32.70000000 -53.49507260 -51.90000000
v -32.70000000 -53.70000000 -52.04678307
v -32.70000000 -54.00000000 -28.62708946
v -32.70000000 -53.75940334 -39.90000000
v -32.70000000 -53.80893902 -40.20000000
v -32.70000000 -53.83791072 -40.50000000
v -32.70000000 -53.84498729 -40.80000000
v -32.70000000 -53.83963481 -41.10000000
v -32.70000000 -53.83583951 -41.40000000
v -32.70000000 -53.83416082 -41.70000000
v -32.70000000 -53.83318066 -42.00000000
v -32.70000000 -53.83185996 -42.30000000
v -32.70000000 -53.82954854 -42.60000000
v -32.70000000 -53.82696046 -42.90000000
v -32.70000000 -53.82589393 -43.20000000
v -32.70000000 -53.82685924 -43.50000000
v -32.70000000 -53.82671908 -43.80000000
v -32.70000000 -53.82293015 -44.10000000
v -32.70000000 -53.81350741 -44.40000000
v -32.70000000 -53.80252926 -44.70000000
v -32.70000000 -53.78237814 -45.00000000
v -32.70000000 -53.72051807 -45.30000000
v -32.70000000 -54.00000000 -52.07636523
v -32.70000000 -54.30000000 -28.58531346
v -32.70000000 -54.30000000 -52.00889443
v -32.70000000 -54.60000000 -28.58662095
v -32.70000000 -54.54476002 -51.90000000
v -32.70000000 -54.60000000 -51.87023472
v -32.70000000 -54.90000000 -28.64091555
v -32.70000000 -54.90000000 -51.67904211
v -32.70000000 -55.20000000 -28.80000000
v -32.70000000 -54.99604007 -51.60000000
v -32.70000000 -55.20000000 -51.38990833
v -32.70000000 -55.50000000 -28.91870296
v -32.70000000 -55.44930593 -51.00000000
v -32.70000000 -55.50000000 -50.90702499
v -32.70000000 -55.27025817 -51.30000000
v -32.70000000 -55.73905014 -29.10000000
v -32.70000000 -55.80000000 -29.16333390
v -32.70000000 -55.80000000 -50.10000000
v -32.70000000 -55.70705557 -50.40000000
v -32.70000000 -55.59790255 -50.70000000
v -32.70000000 -55.96905329 -29.40000000
v -32.70000000 -56.10000000 -29.70000000
v -32.70000000 -56.09363968 -49.20000000
v -32.70000000 -56.10000000 -49.18588065
v -32.70000000 -55.98255929 -49.50000000
v -32.70000000 -55.89619367 -49.80000000
v -32.70000000 -56.37750233 -30.00000000
v -32.70000000 -56.40000000 -30.02819107
v -32.70000000 -56.36041132 -48.60000000
v -32.70000000 -56.40000000 -48.52596887
v -32.70000000 -56.22181246 -48.90000000
v -32.70000000 -56.59855043 -30.30000000
v -32.70000000 -56.70000000 -30.60000000
v -32.70000000 -56.70000000 -48.00000000
v -32.70000000 -56.51587090 -48.30000000
v -32.70000000 -57.00000000 -30.75178640
v -32.70000000 -57.00000000 -47.72995496
v -32.70000000 -57.12819225 -30.90000000
v -32.70000000 -57.30000000 -31.20000000
v -32.70000000 -57.26951978 -47.10000000
v -32.70000000 -57.30000000 -47.03088454
v -32.70000000 -57.16192006 -47.40000000
v -32.70000000 -57.02328144 -47.70000000
v -32.70000000 -57.40848441 -31.50000000
v -32.70000000 -57.45787830 -31.80000000
v -32.70000000 -57.49159975 -32.10000000
v -32.70000000 -57.52363694 -32.40000000
v -32.70000000 -57.55518426 -32.70000000
v -32.70000000 -57.58083464 -33.00000000
v -32.70000000 -57.60000000 -33.30000000
v -32.70000000 -57.52792763 -46.50000000
v -32.70000000 -57.60000000 -46.32179881
v -32.70000000 -57.39806335 -46.80000000
v -32.70000000 -57.72871328 -33.60000000
v -32.70000000 -57.82524571 -33.90000000
v -32.70000000 -57.90000000 -34.20000000
v -32.70000000 -57.88446986 -45.00000000
v -32.70000000 -57.90000000 -44.92501996
v -32.70000000 -57.81544728 -45.30000000
v -32.70000000 -57.75585574 -45.60000000
v -32.70000000 -57.70443880 -45.90000000
v -32.70000000 -57.64203191 -46.20000000
v -32.70000000 -58.00971467 -34.50000000
v -32.70000000 -58.04182670 -34.80000000
v -32.70000000 -58.05544266 -35.10000000
v -32.70000000 -58.08866641 -35.40000000
v -32.70000000 -58.15828495 -35.70000000
v -32.70000000 -58.20000000 -36.00000000
v -32.70000000 -58.20000000 -41.40000000
v -32.70000000 -58.12978943 -41.70000000
v -32.70000000 -58.09794296 -42.00000000
v -32.70000000 -58.09524638 -42.30000000
v -32.70000000 -58.10222591 -42.60000000
v -32.70000000 -58.10292232 -42.90000000
v -32.70000000 -58.08485832 -43.20000000
v -32.70000000 -58.05584074 -43.50000000
v -32.70000000 -58.02430640 -43.80000000
v -32.70000000 -57.99599413 -44.10000000
v -32.70000000 -57.97237404 -44.40000000
v -32.70000000 -57.94203992 -44.70000000
v -32.70000000 -58.50000000 -36.22521849
v -32.70000000 -58.50000000 -41.14844354
v -32.70000000 -58.54267829 -36.30000000
v -32.70000000 -58.61880843 -36.60000000
v -32.70000000 -58.63933644 -36.90000000
v -32.70000000 -58.64308633 -37.20000000
v -32.70000000 -58.64335189 -37.50000000
v -32.70000000 -58.64192028 -37.80000000
v -32.70000000 -58.63689982 -38.10000000
v -32.70000000 -58.62839272 -38.40000000
v -32.70000000 -58.61856466 -38.70000000
v -32.70000000 -58.61008141 -39.00000000
v -32.70000000 -58.60448479 -39.30000000
v -32.70000000 -58.60230861 -39.60000000
v -32.70000000 -58.60354183 -39.90000000
v -32.70000000 -58.60739250 -40.20000000
v -32.70000000 -58.61039155 -40.50000000
v -32.70000000 -58.59754992 -40.80000000
v -32.70000000 -58.52733130 -41.10000000
v -32.93273739 -51.60000000 -32.70000000
v -33.00000000 -51.58734886 -32.70000000
v -33.00000000 -51.60000000 -32.40000000
v -33.00000000 -51.60000000 -33.00000000
v -33.00000000 -51.90000000 -31.20000000
v -33.00000000 -51.81567755 -31.50000000
v -33.00000000 -51.74020742 -31.80000000
v -33.00000000 -51.66553882 -32.10000000
v -33.00000000 -51.60000000 -33.30000000
v -33.00000000 -51.60000000 -33.60000000
v -33.00000000 -51.67737644 -33.90000000
v -33.00000000 -51.76032989 -34.20000000
v -32.82065466 -51.90000000 -34.50000000
v -33.00000000 -51.83082274 -34.50000000
v -33.00000000 -51.90000000 -34.80000000
v -33.00000000 -52.20000000 -30.60000000
v -33.00000000 -52.06168838 -30.90000000
v -33.00000000 -51.96815843 -35.10000000
v -33.00000000 -52.04528562 -35.40000000
v -32.79839604 -52.20000000 -35.70000000
v -33.00000000 -52.14105036 -35.70000000
v -33.00000000 -52.20000000 -35.85994911
v -32.93802435 -52.50000000 -30.00000000
v -33.00000000 -52.37470994 -30.30000000
v -33.00000000 -52.50000000 -30.04591700
v -33.00000000 -52.25317847 -36.00000000
v -33.00000000 -52.35988346 -36.30000000
v -32.83771206 -52.50000000 -36.60000000
v -33.00000000 -52.43782746 -36.60000000
v -33.00000000 -52.50000000 -36.90000000
v -33.00000000 -52.80000000 -29.40000000
v -33.00000000 -52.66023504 -29.70000000
v -33.00000000 -52.52275275 -30.00000000
v -33.00000000 -52.64405012 -37.20000000
v -33.00000000 -52.80000000 -37.50000000
v -32.87231393 -52.80000000 -48.30000000
v -33.00000000 -52.74406372 -48.30000000
v -33.00000000 -52.80000000 -48.00000000
v -32.79772052 -52.80000000 -48.60000000
v -33.00000000 -52.69180803 -48.60000000
v -32.75375766 -52.80000000 -48.90000000
v -33.00000000 -52.64667557 -48.90000000
v -32.73018052 -52.80000000 -49.20000000
v -33.00000000 -52.62223361 -49.20000000
v -32.71772810 -52.80000000 -49.50000000
v -33.00000000 -52.60992759 -49.50000000
v -32.71128208 -52.80000000 -49.80000000
v -33.00000000 -52.60357294 -49.80000000
v -32.70594181 -52.80000000 -50.10000000
v -33.00000000 -52.60096973 -50.10000000
v -33.00000000 -52.59982824 -50.40000000
v -33.00000000 -52.60058379 -50.70000000
v -32.72290332 -52.80000000 -51.00000000
v -33.00000000 -52.61757574 -51.00000000
v -32.83934692 -52.80000000 -51.30000000
v -33.00000000 -52.69113247 -51.30000000
v -33.00000000 -52.80000000 -51.49777169
v -33.00000000 -53.03858199 -29.10000000
v -33.00000000 -53.10000000 -29.04373268
v -32.87856976 -53.10000000 -37.80000000
v -33.00000000 -52.99526455 -37.80000000
v -32.99198950 -53.10000000 -38.10000000
v -33.00000000 -53.09300474 -38.10000000
v -33.00000000 -53.10000000 -38.40000000
v -32.96417337 -53.10000000 -46.80000000
v -33.00000000 -53.06705671 -46.80000000
v -33.00000000 -53.10000000 -46.50000000
v -32.86057574 -53.10000000 -47.10000000
v -33.00000000 -52.98750443 -47.10000000
v -33.00000000 -52.89512612 -47.40000000
v -33.00000000 -52.83421785 -47.70000000
v -32.77020102 -53.10000000 -51.60000000
v -33.00000000 -52.87165325 -51.60000000
v -33.00000000 -53.10000000 -51.90000000
v -33.00000000 -53.40000000 -28.85188738
v -32.71609561 -53.40000000 -38.10000000
v -32.77208781 -53.40000000 -38.40000000
v -33.00000000 -53.40000000 -38.70000000
v -32.75350135 -53.40000000 -45.90000000
v -33.00000000 -53.10000000 -45.90000000
v -33.00000000 -53.40000000 -45.66600884
v -33.00000000 -53.10000000 -46.20000000
v -32.79816023 -53.40000000 -51.90000000
v -33.00000000 -53.40000000 -52.03837286
v -33.00000000 -53.50417728 -28.80000000
v -33.00000000 -53.70000000 -28.71184837
v -33.00000000 -53.42847841 -39.00000000
v -33.00000000 -53.50808393 -39.30000000
v -33.00000000 -53.57932949 -39.60000000
v -32.85836567 -53.70000000 -39.90000000
v -33.00000000 -53.64449759 -39.90000000
v -33.00000000 -53.70000000 -40.20000000
v -32.99254320 -53.70000000 -42.60000000
v -33.00000000 -53.69686005 -42.60000000
v -33.00000000 -53.70000000 -42.30000000
v -32.97753059 -53.70000000 -42.90000000
v -33.00000000 -53.69014519 -42.90000000
v -32.96328360 -53.70000000 -43.20000000
v -33.00000000 -53.68289634 -43.20000000
v -32.95885744 -53.70000000 -43.50000000
v -33.00000000 -53.68001339 -43.50000000
v -32.97013573 -53.70000000 -43.80000000
v -33.00000000 -53.68578318 -43.80000000
v -33.00000000 -53.70000000 -44.10000000
v -33.00000000 -53.45619045 -45.60000000
v -33.00000000 -53.70000000 -45.30000000
v -33.00000000 -53.70000000 -52.20000000
v -33.00000000 -54.00000000 -28.59727686
v -33.00000000 -53.72035948 -40.50000000
v -33.00000000 -53.72017936 -40.80000000
v -33.00000000 -53.70000000 -41.10000000
v -33.00000000 -53.70000000 -41.40000000
v -33.00000000 -53.70000000 -41.70000000
v -33.00000000 -53.70000000 -42.00000000
v -33.00000000 -53.70000000 -44.40000000
v -33.00000000 -53.70239238 -44.70000000
v -33.00000000 -53.70745648 -45.00000000
v -33.00000000 -54.00000000 -52.13108552
v -33.00000000 -54.30000000 -28.50000000
v -33.00000000 -54.30000000 -52.03549046
v -32.91262142 -54.60000000 -28.50000000
v -33.00000000 -54.60000000 -28.46681893
v -33.00000000 -54.60000000 -51.90000000
v -32.93964410 -54.90000000 -28.50000000
v -33.00000000 -54.90000000 -28.46794198
v -33.00000000 -54.90000000 -51.70056737
v -33.00000000 -55.20000000 -28.50000000
v -33.00000000 -55.01959013 -51.60000000
v -33.00000000 -55.20000000 -51.41195935
v -32.85146000 -55.50000000 -28.80000000
v -33.00000000 -55.50000000 -28.67484067
v -33.00000000 -55.48439510 -51.00000000
v -33.00000000 -55.50000000 -50.97186728
v -33.00000000 -55.28895242 -51.30000000
v -33.00000000 -55.67984309 -28.80000000
v -32.76543848 -55.80000000 -29.10000000
v -33.00000000 -55.80000000 -28.89583819
v -33.00000000 -55.77318364 -50.40000000
v -33.00000000 -55.80000000 -50.31653850
v -33.00000000 -55.63945597 -50.70000000
v -33.00000000 -55.99888523 -29.10000000
v -32.86939070 -56.10000000 -29.40000000
v -33.00000000 -56.10000000 -29.23485135
v -32.72752161 -56.10000000 -49.20000000
v -33.00000000 -56.04440656 -49.50000000
v -33.00000000 -56.10000000 -49.34925860
v -33.00000000 -55.94836699 -49.80000000
v -33.00000000 -55.86310733 -50.10000000
v -33.00000000 -56.21507228 -29.40000000
v -33.00000000 -56.40000000 -29.70000000
v -32.72436734 -56.40000000 -30.00000000
v -32.86329762 -56.40000000 -48.60000000
v -33.00000000 -56.28360513 -48.90000000
v -33.00000000 -56.40000000 -48.66083396
v -33.00000000 -56.15565079 -49.20000000
v -33.00000000 -56.67517003 -30.00000000
v -32.80206554 -56.70000000 -30.30000000
v -33.00000000 -56.70000000 -30.02895751
v -33.00000000 -56.70000000 -48.00000000
v -33.00000000 -56.58213390 -48.30000000
v -33.00000000 -56.43100732 -48.60000000
v -33.00000000 -57.00000000 -30.30000000
v -32.84984574 -57.00000000 -30.60000000
v -33.00000000 -57.00000000 -47.78278940
v -33.00000000 -57.13757862 -30.60000000
v -32.97407790 -57.30000000 -30.90000000
v -33.00000000 -57.30000000 -30.87158471
v -33.00000000 -57.30000000 -47.10000000
v -33.00000000 -57.20688689 -47.40000000
v -33.00000000 -57.05864859 -47.70000000
v -33.00000000 -57.31450640 -30.90000000
v -33.00000000 -57.44823212 -31.20000000
v -33.00000000 -57.54358392 -31.50000000
v -33.00000000 -57.60000000 -31.80000000
v -32.89043574 -57.60000000 -32.10000000
v -32.82588748 -57.60000000 -32.40000000
v -32.77417311 -57.60000000 -32.70000000
v -32.73223008 -57.60000000 -33.00000000
v -33.00000000 -57.55825736 -46.50000000
v -33.00000000 -57.60000000 -46.37419002
v -33.00000000 -57.43688418 -46.80000000
v -33.00000000 -57.66422637 -32.10000000
v -33.00000000 -57.70598247 -32.40000000
v -33.00000000 -57.73906470 -32.70000000
v -33.00000000 -57.77185560 -33.00000000
v -33.00000000 -57.82074258 -33.30000000
v -33.00000000 -57.90000000 -33.60000000
v -32.83113000 -57.90000000 -33.90000000
v -33.00000000 -57.90000000 -45.00000000
v -33.00000000 -57.83435952 -45.30000000
v -33.00000000 -57.77645196 -45.60000000
v -33.00000000 -57.72162284 -45.90000000
v -33.00000000 -57.65289673 -46.20000000
v -33.00000000 -58.01014527 -33.90000000
v -33.00000000 -58.13198256 -34.20000000
v -33.00000000 -58.20000000 -34.50000000
v -33.00000000 -58.20000000 -34.80000000
v -33.00000000 -58.20000000 -35.10000000
v -33.00000000 -58.20000000 -35.40000000
v -32.76200530 -58.20000000 -35.70000000
v -33.00000000 -58.20000000 -41.70000000
v -33.00000000 -58.20000000 -42.00000000
v -33.00000000 -58.20000000 -42.30000000
v -33.00000000 -58.20000000 -42.60000000
v -33.00000000 -58.16906633 -42.90000000
v -33.00000000 -58.12123322 -43.20000000
v -33.00000000 -58.08065674 -43.50000000
v -33.00000000 -58.04690018 -43.80000000
v -33.00000000 -58.01661607 -44.10000000
v -33.00000000 -57.98489912 -44.40000000
v -33.00000000 -57.94583727 -44.70000000
v -33.00000000 -58.50000000 -35.70000000
v -32.92120878 -58.50000000 -36.00000000
v -33.00000000 -58.50000000 -41.40000000
v -33.00000000 -58.55146416 -36.00000000
v -33.00000000 -58.63553087 -36.30000000
v -33.00000000 -58.69856664 -36.60000000
v -33.00000000 -58.72769532 -36.90000000
v -33.00000000 -58.73737650 -37.20000000
v -33.00000000 -58.74082767 -37.50000000
v -33.00000000 -58.74139101 -37.80000000
v -33.00000000 -58.73405173 -38.10000000
v -33.00000000 -58.71259079 -38.40000000
v -33.00000000 -58.68848484 -38.70000000
v -33.00000000 -58.66844781 -39.00000000
v -33.00000000 -58.65456976 -39.30000000
v -33.00000000 -58.64737296 -39.60000000
v -33.00000000 -58.64692199 -39.90000000
v -33.00000000 -58.65069353 -40.20000000
v -33.00000000 -58.65023136 -40.50000000
v -33.00000000 -58.63109670 -40.80000000
v -33.00000000 -58.57712861 -41.10000000
v -33.30000000 -51.56661657 -32.70000000
v -33.30000000 -51.60000000 -32.40000000
v -33.30000000 -51.56485120 -33.00000000
v -33.30000000 -51.56472095 -33.30000000
v -33.30000000 -51.57073858 -33.60000000
v -33.30000000 -51.60000000 -33.85194679
v -33.30000000 -51.90000000 -31.50000000
v -33.30000000 -51.81383789 -31.80000000
v -33.30000000 -51.71153117 -32.10000000
v -33.30000000 -51.60586968 -33.90000000
v -33.30000000 -51.66407230 -34.20000000
v -33.30000000 -51.73708045 -34.50000000
v -33.30000000 -51.81506011 -34.80000000
v -33.30000000 -51.90000000 -35.10000000
v -33.26366588 -52.20000000 -30.90000000
v -33.30000000 -52.06049597 -31.20000000
v -33.30000000 -52.20000000 -30.93933521
v -33.30000000 -51.96979768 -35.40000000
v -33.30000000 -52.05862370 -35.70000000
v -33.17073388 -52.20000000 -36.00000000
v -33.30000000 -52.16093168 -36.00000000
v -33.30000000 -52.20000000 -36.11262424
v -33.22182304 -52.50000000 -30.30000000
v -33.30000000 -52.38751829 -30.60000000
v -33.30000000 -52.50000000 -30.39018313
v -33.30000000 -52.22201047 -30.90000000
v -33.30000000 -52.26334172 -36.30000000
v -33.30000000 -52.34903969 -36.60000000
v -33.30000000 -52.43706883 -36.90000000
v -33.30000000 -52.50000000 -37.07019929
v -33.26529875 -52.50000000 -49.20000000
v -33.30000000 -52.48587067 -49.20000000
v -33.30000000 -52.50000000 -48.90000000
v -33.24429964 -52.50000000 -49.50000000
v -33.30000000 -52.47757282 -49.50000000
v -33.22897549 -52.50000000 -49.80000000
v -33.30000000 -52.47155593 -49.80000000
v -33.22627636 -52.50000000 -50.10000000
v -33.30000000 -52.47111747 -50.10000000
v -33.24675734 -52.50000000 -50.40000000
v -33.30000000 -52.48071940 -50.40000000
v -33.26732270 -52.50000000 -50.70000000
v -33.30000000 -52.48899021 -50.70000000
v -33.26638793 -52.50000000 -51.00000000
v -33.30000000 -52.48772518 -51.00000000
v -33.30000000 -52.50000000 -51.30000000
v -33.27504281 -52.80000000 -29.70000000
v -33.30000000 -52.69387116 -30.00000000
v -33.30000000 -52.80000000 -29.73489867
v -33.30000000 -52.54938562 -30.30000000
v -33.30000000 -52.55347839 -37.20000000
v -33.30000000 -52.68355673 -37.50000000
v -33.30000000 -52.80000000 -37.80000000
v -33.25154697 -52.80000000 -47.40000000
v -33.30000000 -52.78472771 -47.40000000
v -33.30000000 -52.80000000 -47.10000000
v -33.12715391 -52.80000000 -47.70000000
v -33.30000000 -52.75620558 -47.70000000
v -33.30000000 -52.71387788 -48.00000000
v -33.30000000 -52.65360486 -48.30000000
v -33.30000000 -52.58081139 -48.60000000
v -33.15438533 -52.80000000 -51.60000000
v -33.30000000 -52.74557253 -51.60000000
v -33.30000000 -52.80000000 -51.65973219
v -33.30000000 -53.10000000 -29.10000000
v -33.30000000 -52.94070178 -29.40000000
v -33.30000000 -52.81456701 -29.70000000
v -33.30000000 -52.91651511 -38.10000000
v -33.30000000 -52.98811094 -38.40000000
v -33.24721359 -53.10000000 -38.70000000
v -33.30000000 -53.06418460 -38.70000000
v -33.30000000 -53.10000000 -39.00000000
v -33.30000000 -53.09635907 -45.90000000
v -33.30000000 -53.10000000 -45.89508460
v -33.30000000 -52.97731663 -46.20000000
v -33.30000000 -52.91427064 -46.50000000
v -33.30000000 -52.86479478 -46.80000000
v -33.30000000 -53.04671554 -51.90000000
v -33.30000000 -53.10000000 -51.93822033
v -33.30000000 -53.40000000 -28.94031957
v -33.04258353 -53.40000000 -39.00000000
v -33.30000000 -53.40000000 -39.30000000
v -33.30000000 -53.40000000 -45.60000000
v -33.30000000 -53.40000000 -52.05563318
v -33.30000000 -53.64267598 -28.80000000
v -33.30000000 -53.70000000 -28.76876060
v -33.30000000 -53.43632071 -39.60000000
v -33.30000000 -53.52034811 -39.90000000
v -33.30000000 -53.58536370 -40.20000000
v -33.05895986 -53.70000000 -40.50000000
v -33.30000000 -53.61738974 -40.50000000
v -33.05978997 -53.70000000 -40.80000000
v -33.30000000 -53.62198947 -40.80000000
v -33.30000000 -53.61321990 -41.10000000
v -33.30000000 -53.60612062 -41.40000000
v -33.30000000 -53.60154458 -41.70000000
v -33.30000000 -53.59980304 -42.00000000
v -33.30000000 -53.60064578 -42.30000000
v -33.30000000 -53.59823290 -42.60000000
v -33.30000000 -53.58810161 -42.90000000
v -33.30000000 -53.57020194 -43.20000000
v -33.30000000 -53.55133203 -43.50000000
v -33.30000000 -53.54495627 -43.80000000
v -33.30000000 -53.55255747 -44.10000000
v -33.30000000 -53.56489528 -44.40000000
v -33.00661238 -53.70000000 -44.70000000
v -33.30000000 -53.58594288 -44.70000000
v -33.02231351 -53.70000000 -45.00000000
v -33.30000000 -53.59640958 -45.00000000
v -33.30000000 -53.55527874 -45.30000000
v -33.30000000 -53.70000000 -52.10610898
v -33.30000000 -54.00000000 -28.61277961
v -33.30000000 -54.00000000 -52.07564820
v -33.30000000 -54.24784405 -28.50000000
v -33.30000000 -54.30000000 -28.47802368
v -33.30000000 -54.30000000 -51.99665063
v -33.30000000 -54.60000000 -28.38889610
v -33.30000000 -54.52365992 -51.90000000
v -33.30000000 -54.60000000 -51.86278895
v -33.30000000 -54.90000000 -28.34544072
v -33.30000000 -54.90000000 -51.67551842
v -33.30000000 -55.20000000 -28.35545104
v -33.30000000 -54.99177333 -51.60000000
v -33.30000000 -55.20000000 -51.38480825
v -33.21535432 -55.50000000 -28.50000000
v -33.30000000 -55.50000000 -28.43657263
v -33.30000000 -55.44803770 -51.00000000
v -33.30000000 -55.50000000 -50.90918488
v -33.30000000 -55.26618911 -51.30000000
v -33.30000000 -55.62533128 -28.50000000
v -33.09625680 -55.80000000 -28.80000000
v -33.30000000 -55.80000000 -28.60533415
v -33.30000000 -55.80000000 -50.40000000
v -33.30000000 -55.61696652 -50.70000000
v -33.30000000 -56.03091555 -28.80000000
v -33.10111738 -56.10000000 -29.10000000
v -33.30000000 -56.10000000 -28.86874619
v -33.30000000 -56.04673147 -49.50000000
v -33.30000000 -56.10000000 -49.35460288
v -33.30000000 -55.95081553 -49.80000000
v -33.30000000 -55.87011582 -50.10000000
v -33.30000000 -56.30828251 -29.10000000
v -33.18223246 -56.40000000 -29.40000000
v -33.30000000 -56.40000000 -29.22153022
v -33.30000000 -56.28744924 -48.90000000
v -33.30000000 -56.40000000 -48.68399927
v -33.30000000 -56.15711944 -49.20000000
v -33.30000000 -56.53628781 -29.40000000
v -33.30000000 -56.70000000 -29.70000000
v -33.02358386 -56.70000000 -30.00000000
v -33.30000000 -56.64532642 -48.30000000
v -33.30000000 -56.70000000 -48.23152808
v -33.30000000 -56.44717962 -48.60000000
v -33.30000000 -57.00000000 -30.00000000
v -33.30000000 -57.00000000 -48.00000000
v -33.30000000 -57.19080471 -30.30000000
v -33.22054926 -57.30000000 -30.60000000
v -33.30000000 -57.30000000 -30.50117888
v -33.30000000 -57.22284113 -47.40000000
v -33.30000000 -57.30000000 -47.18404762
v -33.30000000 -57.10933215 -47.70000000
v -33.30000000 -57.35047048 -30.60000000
v -33.30000000 -57.49280687 -30.90000000
v -33.27131653 -57.60000000 -31.20000000
v -33.30000000 -57.60000000 -31.15909855
v -33.10222769 -57.60000000 -31.50000000
v -33.30000000 -57.54714517 -46.50000000
v -33.30000000 -57.60000000 -46.33761774
v -33.30000000 -57.43715671 -46.80000000
v -33.30000000 -57.32845785 -47.10000000
v -33.30000000 -57.61619498 -31.20000000
v -33.30000000 -57.71475344 -31.50000000
v -33.30000000 -57.79556736 -31.80000000
v -33.30000000 -57.86064051 -32.10000000
v -33.30000000 -57.90000000 -32.40000000
v -33.23706868 -57.90000000 -32.70000000
v -33.18814633 -57.90000000 -33.00000000
v -33.11693706 -57.90000000 -33.30000000
v -33.30000000 -57.85581936 -45.00000000
v -33.30000000 -57.90000000 -44.75859804
v -33.30000000 -57.79772870 -45.30000000
v -33.30000000 -57.74435327 -45.60000000
v -33.30000000 -57.69624870 -45.90000000
v -33.30000000 -57.64018129 -46.20000000
v -33.30000000 -57.94662738 -32.70000000
v -33.30000000 -57.97959440 -33.00000000
v -33.30000000 -58.02743090 -33.30000000
v -33.30000000 -58.12013118 -33.60000000
v -33.30000000 -58.20000000 -33.90000000
v -33.07656826 -58.20000000 -34.20000000
v -33.30000000 -58.20000000 -42.90000000
v -33.30000000 -58.11950027 -43.20000000
v -33.30000000 -58.06944286 -43.50000000
v -33.30000000 -58.03139166 -43.80000000
v -33.30000000 -57.99680030 -44.10000000
v -33.30000000 -57.95882011 -44.40000000
v -33.30000000 -57.91042421 -44.70000000
v -33.30000000 -58.50000000 -34.20000000
v -33.30000000 -58.50000000 -34.50000000
v -33.30000000 -58.50000000 -34.80000000
v -33.27571701 -58.50000000 -35.10000000
v -33.21025933 -58.50000000 -35.40000000
v -33.30000000 -58.50000000 -41.70000000
v -33.30000000 -58.50000000 -42.00000000
v -33.30000000 -58.50000000 -42.30000000
v -33.30000000 -58.50000000 -42.60000000
v -33.30000000 -58.52497582 -35.10000000
v -33.30000000 -58.58237460 -35.40000000
v -33.30000000 -58.65544455 -35.70000000
v -33.30000000 -58.69960383 -36.00000000
v -33.30000000 -58.73736238 -36.30000000
v -33.30000000 -58.77086312 -36.60000000
v -33.30000000 -58.79212120 -36.90000000
v -33.30000000 -58.80000000 -37.20000000
v -33.30000000 -58.80000000 -37.50000000
v -33.29118830 -58.80000000 -37.80000000
v -33.30000000 -58.80000000 -38.10000000
v -33.30000000 -58.76050388 -38.40000000
v -33.30000000 -58.72374732 -38.70000000
v -33.30000000 -58.69351745 -39.00000000
v -33.30000000 -58.67109407 -39.30000000
v -33.30000000 -58.65620540 -39.60000000
v -33.30000000 -58.64859744 -39.90000000
v -33.30000000 -58.64805909 -40.20000000
v -33.30000000 -58.64618631 -40.50000000
v -33.30000000 -58.63309487 -40.80000000
v -33.30000000 -58.60094142 -41.10000000
v -33.30000000 -58.54633993 -41.40000000
v -33.30000000 -58.80167992 -37.80000000
v -33.60000000 -51.60000000 -32.70000000
v -33.60000000 -51.59793801 -33.00000000
v -33.60000000 -51.58451599 -33.30000000
v -33.60000000 -51.56736278 -33.60000000
v -33.35487183 -51.60000000 -33.90000000
v -33.60000000 -51.57523921 -33.90000000
v -33.60000000 -51.60000000 -34.20000000
v -33.46303783 -51.90000000 -31.80000000
v -33.60000000 -51.84542982 -32.10000000
v -33.60000000 -51.90000000 -31.97855660
v -33.60000000 -51.71254154 -32.40000000
v -33.60000000 -51.67858006 -34.50000000
v -33.60000000 -51.75705881 -34.80000000
v -33.60000000 -51.83115365 -35.10000000
v -33.60000000 -51.90000000 -35.40000000
v -33.48250266 -52.20000000 -31.20000000
v -33.60000000 -52.13672955 -31.50000000
v -33.60000000 -52.20000000 -31.38091777
v -33.60000000 -51.98993922 -31.80000000
v -33.60000000 -51.98666694 -35.70000000
v -33.60000000 -52.08466752 -36.00000000
v -33.60000000 -52.20000000 -36.30000000
v -33.44246011 -52.50000000 -30.60000000
v -33.60000000 -52.46778117 -30.90000000
v -33.60000000 -52.50000000 -30.84174097
v -33.60000000 -52.30105609 -31.20000000
v -33.60000000 -52.27313435 -36.60000000
v -33.60000000 -52.36171948 -36.90000000
v -33.48171844 -52.50000000 -37.20000000
v -33.60000000 -52.46762700 -37.20000000
v -33.60000000 -52.50000000 -37.28528021
v -33.60000000 -52.46217789 -48.90000000
v -33.60000000 -52.50000000 -48.72773347
v -33.60000000 -52.42978944 -49.20000000
v -33.60000000 -52.42299707 -49.50000000
v -33.60000000 -52.42326925 -49.80000000
v -33.60000000 -52.42671620 -50.10000000
v -33.60000000 -52.44690192 -50.40000000
v -33.60000000 -52.47996862 -50.70000000
v -33.60000000 -52.49248915 -51.00000000
v -33.60000000 -52.50000000 -51.30000000
v -33.43844763 -52.80000000 -30.00000000
v -33.60000000 -52.80000000 -30.30000000
v -33.60000000 -52.63833122 -30.60000000
v -33.60000000 -52.58349162 -37.50000000
v -33.60000000 -52.69161314 -37.80000000
v -33.60000000 -52.80000000 -38.10000000
v -33.49620767 -52.80000000 -46.80000000
v -33.60000000 -52.77133675 -46.80000000
v -33.60000000 -52.80000000 -46.50000000
v -33.60000000 -52.74719360 -47.10000000
v -33.60000000 -52.73141787 -47.40000000
v -33.60000000 -52.71145934 -47.70000000
v -33.60000000 -52.67152147 -48.00000000
v -33.60000000 -52.60896793 -48.30000000
v -33.60000000 -52.53074763 -48.60000000
v -33.60000000 -52.78238801 -51.60000000
v -33.60000000 -52.80000000 -51.61784433
v -33.60000000 -53.10000000 -29.40000000
v -33.60000000 -53.04828572 -29.70000000
v -33.60000000 -52.95029776 -30.00000000
v -33.60000000 -52.86253392 -38.40000000
v -33.60000000 -52.91979366 -38.70000000
v -33.60000000 -52.97746017 -39.00000000
v -33.53624043 -53.10000000 -39.30000000
v -33.60000000 -53.05490632 -39.30000000
v -33.60000000 -53.10000000 -39.60000000
v -33.60000000 -53.07229945 -45.90000000
v -33.60000000 -53.10000000 -45.85631300
v -33.60000000 -52.91911543 -46.20000000
v -33.60000000 -53.10000000 -51.90000000
v -33.56151379 -53.40000000 -29.10000000
v -33.60000000 -53.40000000 -29.13651522
v -33.35147482 -53.40000000 -39.60000000
v -33.60000000 -53.40000000 -39.90000000
v -33.60000000 -53.40000000 -45.60000000
v -33.60000000 -53.40000000 -51.95167838
v -33.38462126 -53.70000000 -28.80000000
v -33.60000000 -53.43780348 -29.10000000
v -33.60000000 -53.70000000 -28.90231939
v -33.60000000 -53.48785971 -40.20000000
v -33.60000000 -53.52053599 -40.50000000
v -33.60000000 -53.52410775 -40.80000000
v -33.60000000 -53.51912296 -41.10000000
v -33.60000000 -53.51318162 -41.40000000
v -33.60000000 -53.50869816 -41.70000000
v -33.60000000 -53.51430324 -42.00000000
v -33.60000000 -53.52599948 -42.30000000
v -33.60000000 -53.53032588 -42.60000000
v -33.60000000 -53.52239360 -42.90000000
v -33.60000000 -53.49631111 -43.20000000
v -33.60000000 -53.44778702 -43.50000000
v -33.60000000 -53.40000000 -43.80000000
v -33.60000000 -53.40000000 -44.10000000
v -33.60000000 -53.40095657 -44.40000000
v -33.60000000 -53.47047618 -44.70000000
v -33.60000000 -53.50969899 -45.00000000
v -33.60000000 -53.48083404 -45.30000000
v -33.60000000 -53.70000000 -51.95915857
v -33.60000000 -53.82429392 -28.80000000
v -33.60000000 -54.00000000 -28.67369837
v -33.60000000 -54.00000000 -51.93924561
v -33.60000000 -54.26754025 -28.50000000
v -33.60000000 -54.30000000 -28.48156603
v -33.60000000 -54.30000000 -51.90000000
v -33.60000000 -54.60000000 -28.34682193
v -33.60000000 -54.60000000 -51.74481646
v -33.60000000 -54.90000000 -28.25030396
v -33.60000000 -54.90000000 -51.60000000
v -33.60000000 -55.20000000 -28.20000000
v -33.60000000 -55.20000000 -51.30000000
v -33.60000000 -55.50000000 -28.20000000
v -33.60000000 -55.50000000 -50.70000000
v -33.60000000 -55.32902176 -51.00000000
v -33.40240119 -55.80000000 -28.50000000
v -33.60000000 -55.80000000 -28.28765921
v -33.60000000 -55.80000000 -50.10000000
v -33.60000000 -55.65555372 -50.40000000
v -33.60000000 -56.07197412 -28.50000000
v -33.35720358 -56.10000000 -28.80000000
v -33.60000000 -56.10000000 -28.52343383
v -33.60000000 -56.10000000 -49.20000000
v -33.60000000 -55.99240212 -49.50000000
v -33.60000000 -55.90121422 -49.80000000
v -33.60000000 -56.37816267 -28.80000000
v -33.38066428 -56.40000000 -29.10000000
v -33.60000000 -56.40000000 -28.82292208
v -33.60000000 -56.40000000 -48.60000000
v -33.60000000 -56.22940163 -48.90000000
v -33.60000000 -56.67357430 -29.10000000
v -33.42539938 -56.70000000 -29.40000000
v -33.60000000 -56.70000000 -29.12898165
v -33.60000000 -56.60807828 -48.30000000
v -33.60000000 -56.70000000 -48.20898807
v -33.60000000 -57.00000000 -29.40000000
v -33.50493385 -57.00000000 -29.70000000
v -33.60000000 -57.00000000 -48.00000000
v -33.60000000 -57.08737853 -29.70000000
v -33.60000000 -57.22687229 -30.00000000
v -33.46683182 -57.30000000 -30.30000000
v -33.60000000 -57.30000000 -30.13641979
v -33.60000000 -57.30000000 -47.10000000
v -33.60000000 -57.18437183 -47.40000000
v -33.60000000 -57.09591899 -47.70000000
v -33.60000000 -57.38186653 -30.30000000
v -33.60000000 -57.53492720 -30.60000000
v -33.47375893 -57.60000000 -30.90000000
v -33.60000000 -57.60000000 -30.73559858
v -33.60000000 -57.60000000 -46.20000000
v -33.60000000 -57.48411734 -46.50000000
v -33.60000000 -57.39289384 -46.80000000
v -33.60000000 -57.67721097 -30.90000000
v -33.60000000 -57.80095634 -31.20000000
v -33.59017814 -57.90000000 -31.50000000
v -33.60000000 -57.90000000 -31.48157268
v -33.45458113 -57.90000000 -31.80000000
v -33.35331886 -57.90000000 -32.10000000
v -33.60000000 -57.90000000 -44.40000000
v -33.34325128 -57.90000000 -44.70000000
v -33.60000000 -57.83533709 -44.70000000
v -33.60000000 -57.77398825 -45.00000000
v -33.60000000 -57.71634736 -45.30000000
v -33.60000000 -57.66114203 -45.60000000
v -33.60000000 -57.62100722 -45.90000000
v -33.60000000 -57.90675749 -31.50000000
v -33.60000000 -58.00604750 -31.80000000
v -33.60000000 -58.11370345 -32.10000000
v -33.60000000 -58.18204066 -32.40000000
v -33.60000000 -58.20000000 -32.70000000
v -33.60000000 -58.20000000 -33.00000000
v -33.60000000 -58.20000000 -33.30000000
v -33.39026185 -58.20000000 -33.60000000
v -33.60000000 -58.20000000 -42.90000000
v -33.60000000 -58.08470432 -43.20000000
v -33.60000000 -58.02301805 -43.50000000
v -33.60000000 -57.98166978 -43.80000000
v -33.60000000 -57.94087840 -44.10000000
v -33.60000000 -58.50000000 -33.60000000
v -33.50836860 -58.50000000 -33.90000000
v -33.60000000 -58.50000000 -41.70000000
v -33.60000000 -58.50000000 -42.00000000
v -33.60000000 -58.50000000 -42.30000000
v -33.60000000 -58.50000000 -42.60000000
v -33.60000000 -58.57946299 -33.90000000
v -33.60000000 -58.65032174 -34.20000000
v -33.60000000 -58.68331892 -34.50000000
v -33.60000000 -58.72298022 -34.80000000
v -33.60000000 -58.80000000 -35.10000000
v -33.60000000 -58.80000000 -35.40000000
v -33.60000000 -58.80000000 -35.70000000
v -33.58098318 -58.80000000 -36.00000000
v -33.52973895 -58.80000000 -36.30000000
v -33.44448051 -58.80000000 -36.60000000
v -33.35006731 -58.80000000 -36.90000000
v -33.60000000 -58.76891913 -38.40000000
v -33.60000000 -58.80000000 -38.11060003
v -33.60000000 -58.73071997 -38.70000000
v -33.60000000 -58.69389625 -39.00000000
v -33.60000000 -58.66336921 -39.30000000
v -33.60000000 -58.63925187 -39.60000000
v -33.60000000 -58.61702119 -39.90000000
v -33.60000000 -58.60346663 -40.20000000
v -33.60000000 -58.60159892 -40.50000000
v -33.60000000 -58.59827799 -40.80000000
v -33.60000000 -58.58592167 -41.10000000
v -33.60000000 -58.54757211 -41.40000000
v -33.60000000 -58.80608385 -36.00000000
v -33.60000000 -58.81777891 -36.30000000
v -33.60000000 -58.83020309 -36.60000000
v -33.60000000 -58.83868958 -36.90000000
v -33.60000000 -58.83934086 -37.20000000
v -33.60000000 -58.83102731 -37.50000000
v -33.60000000 -58.81822444 -37.80000000
v -33.60000000 -58.80113322 -38.10000000
v -33.60501162 -51.60000000 -33.00000000
v -33.65444986 -51.60000000 -33.30000000
v -33.90000000 -51.60000000 -33.60000000
v -33.90000000 -51.59999024 -33.90000000
v -33.90000000 -51.60000000 -34.20000000
v -33.67805210 -51.90000000 -32.10000000
v -33.90000000 -51.90000000 -32.40000000
v -33.90000000 -51.81407406 -32.70000000
v -33.90000000 -51.74963534 -33.00000000
v -33.90000000 -51.68442119 -33.30000000
v -33.90000000 -51.66834489 -34.50000000
v -33.90000000 -51.73816954 -34.80000000
v -33.90000000 -51.80403514 -35.10000000
v -33.90000000 -51.86506855 -35.40000000
v -33.90000000 -51.90000000 -35.55913467
v -33.66765513 -52.20000000 -31.50000000
v -33.82909760 -52.20000000 -31.80000000
v -33.90000000 -52.09959615 -32.10000000
v -33.90000000 -52.20000000 -31.92788040
v -33.90000000 -51.93235870 -35.70000000
v -33.90000000 -52.02259420 -36.00000000
v -33.90000000 -52.11573066 -36.30000000
v -33.90000000 -52.20000000 -36.60000000
v -33.63384104 -52.50000000 -30.90000000
v -33.79919985 -52.50000000 -31.20000000
v -33.90000000 -52.44291691 -31.50000000
v -33.90000000 -52.50000000 -31.39566648
v -33.90000000 -52.27786568 -31.80000000
v -33.90000000 -52.28031685 -36.90000000
v -33.90000000 -52.38481244 -37.20000000
v -33.90000000 -52.50000000 -37.50000000
v -33.90000000 -52.46042182 -48.90000000
v -33.90000000 -52.50000000 -48.73229514
v -33.90000000 -52.43444595 -49.20000000
v -33.90000000 -52.44456310 -49.50000000
v -33.90000000 -52.46353363 -49.80000000
v -33.90000000 -52.48147976 -50.10000000
v -33.90000000 -52.50000000 -50.40000000
v -33.66083582 -52.50000000 -50.70000000
v -33.61598368 -52.50000000 -51.00000000
v -33.76374790 -52.80000000 -30.60000000
v -33.90000000 -52.77487263 -30.90000000
v -33.90000000 -52.80000000 -30.85463060
v -33.90000000 -52.61043629 -31.20000000
v -33.90000000 -52.58932867 -37.80000000
v -33.90000000 -52.66863179 -38.10000000
v -33.74498018 -52.80000000 -38.40000000
v -33.90000000 -52.73606185 -38.40000000
v -33.90000000 -52.80000000 -38.70000000
v -33.90000000 -52.75217738 -46.80000000
v -33.90000000 -52.80000000 -46.50000000
v -33.90000000 -52.73127592 -47.10000000
v -33.90000000 -52.72014417 -47.40000000
v -33.90000000 -52.70586281 -47.70000000
v -33.90000000 -52.67346722 -48.00000000
v -33.90000000 -52.61587680 -48.30000000
v -33.90000000 -52.53545868 -48.60000000
v -33.90000000 -52.61669577 -50.70000000
v -33.90000000 -52.70554799 -51.00000000
v -33.90000000 -52.80000000 -51.30000000
v -33.62376314 -52.80000000 -51.60000000
v -33.64975610 -53.10000000 -29.70000000
v -33.73147234 -53.10000000 -30.00000000
v -33.90000000 -53.10000000 -30.30000000
v -33.90000000 -52.95046828 -30.60000000
v -33.90000000 -52.85045958 -39.00000000
v -33.90000000 -52.91038918 -39.30000000
v -33.90000000 -52.98773945 -39.60000000
v -33.90000000 -53.10000000 -39.90000000
v -33.90000000 -53.03622718 -45.90000000
v -33.90000000 -53.10000000 -45.60000000
v -33.90000000 -52.90778886 -46.20000000
v -33.90000000 -53.10000000 -51.60000000
v -33.79056571 -53.40000000 -29.40000000
v -33.87679936 -53.40000000 -29.70000000
v -33.90000000 -53.40000000 -30.00000000
v -33.90000000 -53.40000000 -40.20000000
v -33.90000000 -53.10000000 -43.80000000
v -33.90000000 -53.40000000 -43.50000000
v -33.90000000 -53.10000000 -44.10000000
v -33.60176055 -53.40000000 -44.40000000
v -33.90000000 -53.10000000 -44.40000000
v -33.90000000 -53.40000000 -44.70000000
v -33.90000000 -53.40000000 -45.38844894
v -33.67059481 -53.40000000 -51.90000000
v -33.90000000 -53.40000000 -51.65538275
v -33.84584531 -53.70000000 -29.10000000
v -33.90000000 -53.53124856 -29.40000000
v -33.90000000 -53.70000000 -29.16685721
v -33.90000000 -53.42613212 -29.70000000
v -33.90000000 -53.40000000 -40.50000000
v -33.90000000 -53.40000000 -40.80000000
v -33.90000000 -53.40000000 -41.10000000
v -33.90000000 -53.40000000 -41.40000000
v -33.90000000 -53.40000000 -41.70000000
v -33.90000000 -53.44386819 -42.00000000
v -33.90000000 -53.47443932 -42.30000000
v -33.90000000 -53.48924688 -42.60000000
v -33.90000000 -53.49008346 -42.90000000
v -33.90000000 -53.46807428 -43.20000000
v -33.90000000 -53.47309218 -45.00000000
v -33.90000000 -53.43770817 -45.30000000
v -33.67657253 -53.70000000 -51.90000000
v -33.90000000 -53.70000000 -51.65962658
v -33.90000000 -54.00000000 -28.80000000
v -33.90000000 -53.74674660 -29.10000000
v -33.65158846 -54.00000000 -51.90000000
v -33.90000000 -54.00000000 -51.63883957
v -33.90000000 -54.29157797 -28.50000000
v -33.90000000 -54.30000000 -28.49373949
v -33.90000000 -54.30000000 -51.60000000
v -33.90000000 -54.60000000 -28.33678600
v -33.77503999 -54.60000000 -51.60000000
v -33.90000000 -54.60000000 -51.44490163
v -33.90000000 -54.90000000 -28.20000000
v -33.90000000 -54.90000000 -51.30000000
v -33.90000000 -55.20000000 -27.90000000
v -33.90000000 -55.20000000 -50.70000000
v -33.75855314 -55.20000000 -51.00000000
v -33.90000000 -55.03370270 -51.00000000
v -33.88142744 -55.50000000 -27.90000000
v -33.90000000 -55.50000000 -27.88731203
v -33.80541886 -55.50000000 -50.40000000
v -33.90000000 -55.40078880 -50.40000000
v -33.90000000 -55.50000000 -50.27288168
v -33.90000000 -55.80000000 -27.90000000
v -33.67393291 -55.80000000 -28.20000000
v -33.90000000 -55.80000000 -49.80000000
v -33.90000000 -55.60906912 -50.10000000
v -33.90000000 -56.10000000 -28.20000000
v -33.62096975 -56.10000000 -28.50000000
v -33.90000000 -56.10000000 -48.90000000
v -33.90000000 -55.96384624 -49.20000000
v -33.90000000 -55.86908161 -49.50000000
v -33.90000000 -56.40000000 -28.50000000
v -33.61947931 -56.40000000 -28.80000000
v -33.90000000 -56.40000000 -48.30000000
v -33.90000000 -56.23590582 -48.60000000
v -33.90000000 -56.70000000 -28.80000000
v -33.62262944 -56.70000000 -29.10000000
v -33.90000000 -56.70000000 -48.00000000
v -33.90000000 -57.00000000 -29.10000000
v -33.90000000 -57.00000000 -47.70000000
v -33.90000000 -57.15555796 -29.40000000
v -33.90000000 -57.27908209 -29.70000000
v -33.71361563 -57.30000000 -30.00000000
v -33.90000000 -57.30000000 -29.74861646
v -33.90000000 -57.30000000 -46.80000000
v -33.90000000 -57.13905124 -47.10000000
v -33.90000000 -57.04372506 -47.40000000
v -33.90000000 -57.40532822 -30.00000000
v -33.90000000 -57.55421197 -30.30000000
v -33.70809620 -57.60000000 -30.60000000
v -33.90000000 -57.60000000 -30.38621785
v -33.90000000 -57.60000000 -45.30000000
v -33.73945843 -57.60000000 -45.60000000
v -33.90000000 -57.51554367 -45.60000000
v -33.64335162 -57.60000000 -45.90000000
v -33.90000000 -57.44426068 -45.90000000
v -33.90000000 -57.38493601 -46.20000000
v -33.90000000 -57.33281597 -46.50000000
v -33.90000000 -57.71725333 -30.60000000
v -33.90000000 -57.86886641 -30.90000000
v -33.75254819 -57.90000000 -31.20000000
v -33.90000000 -57.90000000 -30.97130647
v -33.90000000 -57.90000000 -43.80000000
v -33.72986989 -57.90000000 -44.10000000
v -33.90000000 -57.84157034 -44.10000000
v -33.90000000 -57.78466262 -44.40000000
v -33.90000000 -57.72060793 -44.70000000
v -33.90000000 -57.65635680 -45.00000000
v -33.90000000 -58.00270415 -31.20000000
v -33.90000000 -58.12814752 -31.50000000
v -33.90000000 -58.20000000 -31.80000000
v -33.69008457 -58.20000000 -32.10000000
v -33.61793680 -58.20000000 -32.40000000
v -33.90000000 -58.20000000 -41.70000000
v -33.90000000 -58.20000000 -42.00000000
v -33.90000000 -58.20000000 -42.30000000
v -33.85767365 -58.20000000 -42.60000000
v -33.90000000 -58.17094273 -42.60000000
v -33.90000000 -58.07110943 -42.90000000
v -33.90000000 -57.98327804 -43.20000000
v -33.90000000 -57.93021354 -43.50000000
v -33.90000000 -58.50000000 -32.10000000
v -33.90000000 -58.50000000 -32.40000000
v -33.89970597 -58.50000000 -32.70000000
v -33.86960973 -58.50000000 -33.00000000
v -33.79825673 -58.50000000 -33.30000000
v -33.90000000 -58.50000000 -40.50000000
v -33.90000000 -58.50000000 -40.80000000
v -33.90000000 -58.50000000 -41.10000000
v -33.90000000 -58.50000000 -41.40000000
v -33.90000000 -58.50027160 -32.70000000
v -33.90000000 -58.53076605 -33.00000000
v -33.90000000 -58.59593626 -33.30000000
v -33.90000000 -58.69652707 -33.60000000
v -33.90000000 -58.80000000 -33.90000000
v -33.89189093 -58.80000000 -34.20000000
v -33.85286844 -58.80000000 -34.50000000
v -33.77095537 -58.80000000 -34.80000000
v -33.90000000 -58.80000000 -37.80000000
v -33.61421848 -58.80000000 -38.10000000
v -33.90000000 -58.77708034 -38.10000000
v -33.90000000 -58.74906401 -38.40000000
v -33.90000000 -58.71471297 -38.70000000
v -33.90000000 -58.67468741 -39.00000000
v -33.90000000 -58.63316115 -39.30000000
v -33.90000000 -58.59865956 -39.60000000
v -33.90000000 -58.56071186 -39.90000000
v -33.90000000 -58.50080164 -40.20000000
v -33.90000000 -58.80356716 -34.20000000
v -33.90000000 -58.81927092 -34.50000000
v -33.90000000 -58.84823248 -34.80000000
v -33.90000000 -58.87757707 -35.10000000
v -33.90000000 -58.88555774 -35.40000000
v -33.90000000 -58.88156653 -35.70000000
v -33.90000000 -58.87658759 -36.00000000
v -33.90000000 -58.87356038 -36.30000000
v -33.90000000 -58.87082362 -36.60000000
v -33.90000000 -58.86551564 -36.90000000
v -33.90000000 -58.85420091 -37.20000000
v -33.90000000 -58.83111917 -37.50000000
v -33.90002922 -51.60000000 -33.90000000
v -33.99500613 -51.90000000 -32.70000000
v -34.08894505 -51.90000000 -33.00000000
v -34.20000000 -51.90000000 -33.30000000
v -34.20000000 -51.78806614 -33.60000000
v -34.20000000 -51.71987241 -33.90000000
v -34.20000000 -51.68893256 -34.20000000
v -34.20000000 -51.70777622 -34.50000000
v -34.20000000 -51.76044759 -34.80000000
v -34.20000000 -51.82390861 -35.10000000
v -34.20000000 -51.86961177 -35.40000000
v -34.20000000 -51.90000000 -35.70000000
v -33.98624270 -52.20000000 -32.10000000
v -34.13012970 -52.20000000 -32.40000000
v -34.20000000 -52.12767356 -32.70000000
v -34.20000000 -52.20000000 -32.56063730
v -34.20000000 -52.00400400 -33.00000000
v -34.20000000 -51.99704573 -36.00000000
v -34.20000000 -52.07549108 -36.30000000
v -34.20000000 -52.14076446 -36.60000000
v -34.20000000 -52.20000000 -36.90000000
v -33.95075437 -52.50000000 -31.50000000
v -34.08048972 -52.50000000 -31.80000000
v -34.20000000 -52.50000000 -32.10000000
v -34.20000000 -52.30279598 -32.40000000
v -34.20000000 -52.31134919 -37.20000000
v -34.20000000 -52.41385493 -37.50000000
v -34.20000000 -52.50000000 -37.80000000
v -34.20000000 -52.50000000 -48.90000000
v -34.20000000 -52.50000000 -49.20000000
v -34.06075342 -52.50000000 -49.50000000
v -33.98813890 -52.50000000 -49.80000000
v -33.93683418 -52.50000000 -50.10000000
v -33.92296970 -52.80000000 -30.90000000
v -34.05989938 -52.80000000 -31.20000000
v -34.20000000 -52.80000000 -31.50000000
v -34.20000000 -52.66993006 -31.80000000
v -34.20000000 -52.55806346 -38.10000000
v -34.20000000 -52.61387571 -38.40000000
v -34.20000000 -52.68013064 -38.70000000
v -34.03422803 -52.80000000 -39.00000000
v -34.20000000 -52.74238260 -39.00000000
v -34.20000000 -52.80000000 -39.30000000
v -34.20000000 -52.77083891 -46.80000000
v -34.20000000 -52.80000000 -46.63373979
v -34.20000000 -52.74860229 -47.10000000
v -34.20000000 -52.74268246 -47.40000000
v -34.20000000 -52.73827274 -47.70000000
v -34.20000000 -52.72146643 -48.00000000
v -34.20000000 -52.68247809 -48.30000000
v -34.20000000 -52.61397952 -48.60000000
v -34.20000000 -52.55937233 -49.50000000
v -34.20000000 -52.60880231 -49.80000000
v -34.20000000 -52.68574153 -50.10000000
v -34.18328493 -52.80000000 -50.40000000
v -34.20000000 -52.80000000 -50.36242538
v -34.05767656 -52.80000000 -50.70000000
v -33.97167589 -52.80000000 -51.00000000
v -34.02281098 -53.10000000 -30.60000000
v -34.20000000 -53.10000000 -30.90000000
v -34.20000000 -52.99051799 -31.20000000
v -34.20000000 -52.88591403 -39.60000000
v -34.20000000 -52.98761489 -39.90000000
v -34.17614648 -53.10000000 -40.20000000
v -34.20000000 -53.08432475 -40.20000000
v -34.20000000 -53.10000000 -40.50000000
v -34.20000000 -53.07726992 -45.90000000
v -34.20000000 -53.10000000 -45.86532436
v -34.20000000 -52.92253243 -46.20000000
v -34.20000000 -52.82505982 -46.50000000
v -34.20000000 -52.83355332 -50.40000000
v -34.17658949 -53.10000000 -50.70000000
v -34.20000000 -53.10000000 -50.64553461
v -34.09154246 -53.10000000 -51.00000000
v -34.01283293 -53.10000000 -51.30000000
v -34.10320684 -53.40000000 -30.30000000
v -34.20000000 -53.40000000 -30.60000000
v -34.20000000 -53.10000000 -40.80000000
v -34.20000000 -53.10000000 -41.10000000
v -34.20000000 -53.10000000 -41.40000000
v -34.20000000 -53.10000000 -41.70000000
v -34.20000000 -53.40000000 -42.00000000
v -34.20000000 -53.10000000 -43.80000000
v -34.20000000 -53.40000000 -43.50000000
v -34.20000000 -53.10000000 -44.10000000
v -34.20000000 -53.10000000 -44.40000000
v -34.20000000 -53.40000000 -44.70000000
v -34.20000000 -53.40000000 -45.60000000
v -34.20000000 -53.40000000 -50.70000000
v -34.14250445 -53.40000000 -51.00000000
v -34.06253835 -53.40000000 -51.30000000
v -33.93705022 -53.40000000 -51.60000000
v -34.07342868 -53.70000000 -29.40000000
v -34.20000000 -53.70000000 -29.70000000
v -34.20000000 -53.59303284 -30.00000000
v -34.20000000 -53.49360787 -30.30000000
v -34.20000000 -53.43677907 -42.30000000
v -34.20000000 -53.46881352 -42.60000000
v -34.20000000 -53.47970414 -42.90000000
v -34.20000000 -53.46239664 -43.20000000
v -34.20000000 -53.46671797 -45.00000000
v -34.20000000 -53.45751275 -45.30000000
v -34.16908549 -53.70000000 -51.00000000
v -34.20000000 -53.70000000 -50.88686305
v -34.07640874 -53.70000000 -51.30000000
v -33.94031995 -53.70000000 -51.60000000
v -34.20000000 -54.00000000 -29.10000000
v -34.20000000 -53.79791258 -29.40000000
v -34.16553016 -54.00000000 -51.00000000
v -34.20000000 -54.00000000 -50.87853003
v -34.06703407 -54.00000000 -51.30000000
v -33.92691420 -54.00000000 -51.60000000
v -34.20000000 -54.30000000 -28.50000000
v -34.20000000 -54.13973515 -28.80000000
v -34.20000000 -54.30000000 -50.70000000
v -34.13301713 -54.30000000 -51.00000000
v -34.03720954 -54.30000000 -51.30000000
v -34.20000000 -54.60000000 -28.35508688
v -34.20000000 -54.60000000 -50.40000000
v -34.14603567 -54.60000000 -50.70000000
v -34.07819148 -54.60000000 -51.00000000
v -33.98061925 -54.60000000 -51.30000000
v -34.20000000 -54.90000000 -28.20000000
v -34.15074117 -54.90000000 -50.40000000
v -34.20000000 -54.90000000 -50.26102781
v -34.05905485 -54.90000000 -50.70000000
v -33.97976062 -54.90000000 -51.00000000
v -34.20000000 -55.19710806 -27.90000000
v -34.20000000 -55.20000000 -27.89803931
v -34.20000000 -55.20000000 -50.10000000
v -34.03824763 -55.20000000 -50.40000000
v -34.20000000 -55.50000000 -27.80254868
v -34.20000000 -55.50000000 -49.80000000
v -34.00702026 -55.50000000 -50.10000000
v -34.20000000 -55.80000000 -27.80834411
v -34.11658160 -55.80000000 -49.20000000
v -34.20000000 -55.71311522 -49.20000000
v -34.20000000 -55.80000000 -49.02535434
v -33.99669053 -55.80000000 -49.50000000
v -34.20000000 -55.58791712 -49.50000000
v -34.20000000 -56.10000000 -27.90000000
v -34.07716880 -56.10000000 -48.60000000
v -34.20000000 -55.99480240 -48.60000000
v -34.20000000 -56.10000000 -48.41682056
v -34.20000000 -55.85238569 -48.90000000
v -34.20000000 -56.40000000 -28.20000000
v -34.20000000 -56.40000000 -48.00000000
v -34.20000000 -56.17112455 -48.30000000
v -34.20000000 -56.70000000 -28.50000000
v -34.20000000 -56.70000000 -47.10000000
v -34.19374237 -56.70000000 -47.40000000
v -34.20000000 -56.69280211 -47.40000000
v -34.11409201 -56.70000000 -47.70000000
v -34.20000000 -56.60205536 -47.70000000
v -34.20000000 -57.00000000 -28.80000000
v -34.20000000 -57.00000000 -46.80000000
v -34.03860898 -57.00000000 -47.10000000
v -33.94935000 -57.00000000 -47.40000000
v -34.20000000 -57.16160396 -29.10000000
v -34.20000000 -57.30000000 -29.40000000
v -33.94288580 -57.30000000 -29.70000000
v -34.20000000 -57.30000000 -45.60000000
v -34.06851311 -57.30000000 -45.90000000
v -34.20000000 -57.15014116 -45.90000000
v -33.99416263 -57.30000000 -46.20000000
v -34.20000000 -57.07671042 -46.20000000
v -33.94076609 -57.30000000 -46.50000000
v -34.20000000 -57.03728292 -46.50000000
v -34.20000000 -57.41213001 -29.70000000
v -34.20000000 -57.54195756 -30.00000000
v -33.99183107 -57.60000000 -30.30000000
v -34.20000000 -57.60000000 -30.11368479
v -34.15892515 -57.60000000 -44.70000000
v -34.20000000 -57.57912120 -44.70000000
v -34.20000000 -57.60000000 -44.61284795
v -34.01278548 -57.60000000 -45.00000000
v -34.20000000 -57.49246765 -45.00000000
v -34.20000000 -57.39731779 -45.30000000
v -34.20000000 -57.70419509 -30.30000000
v -34.20000000 -57.90000000 -30.60000000
v -33.94765212 -57.90000000 -30.90000000
v -34.14687841 -57.90000000 -42.90000000
v -34.20000000 -57.86355404 -42.90000000
v -34.20000000 -57.90000000 -42.76185259
v -34.04730414 -57.90000000 -43.20000000
v -34.20000000 -57.80853190 -43.20000000
v -33.96252288 -57.90000000 -43.50000000
v -34.20000000 -57.77466725 -43.50000000
v -34.20000000 -57.74295086 -43.80000000
v -34.20000000 -57.70017872 -44.10000000
v -34.20000000 -57.64694019 -44.40000000
v -34.20000000 -58.08877728 -30.90000000
v -34.20000000 -58.20000000 -31.20000000
v -33.97984884 -58.20000000 -31.50000000
v -34.20000000 -58.20000000 -40.20000000
v -34.20000000 -58.20000000 -40.50000000
v -34.20000000 -58.20000000 -40.80000000
v -34.20000000 -58.20000000 -41.10000000
v -34.16991843 -58.20000000 -41.40000000
v -34.20000000 -58.17877266 -41.40000000
v -34.20000000 -58.08598262 -41.70000000
v -34.20000000 -58.03550416 -42.00000000
v -34.20000000 -57.99999857 -42.30000000
v -34.20000000 -57.94225164 -42.60000000
v -34.20000000 -58.50000000 -31.50000000
v -34.11805456 -58.50000000 -31.80000000
v -34.20000000 -58.50000000 -39.90000000
v -33.90141777 -58.50000000 -40.20000000
v -34.20000000 -58.56312941 -31.80000000
v -34.20000000 -58.64537294 -32.10000000
v -34.20000000 -58.68503413 -32.40000000
v -34.20000000 -58.72410855 -32.70000000
v -34.20000000 -58.80000000 -33.00000000
v -34.19336097 -58.80000000 -33.30000000
v -34.10933268 -58.80000000 -33.60000000
v -34.20000000 -58.76293443 -37.80000000
v -34.20000000 -58.80000000 -37.52756468
v -34.20000000 -58.73026344 -38.10000000
v -34.20000000 -58.70496115 -38.40000000
v -34.20000000 -58.67954091 -38.70000000
v -34.20000000 -58.64214831 -39.00000000
v -34.20000000 -58.57922318 -39.30000000
v -34.20000000 -58.51474767 -39.60000000
v -34.20000000 -58.80351299 -33.30000000
v -34.20000000 -58.83600113 -33.60000000
v -34.20000000 -58.87583072 -33.90000000
v -34.20000000 -58.89519571 -34.20000000
v -34.20000000 -58.90919212 -34.50000000
v -34.20000000 -58.92203666 -34.80000000
v -34.20000000 -58.93012724 -35.10000000
v -34.20000000 -58.93093381 -35.40000000
v -34.20000000 -58.92431677 -35.70000000
v -34.20000000 -58.91407862 -36.00000000
v -34.20000000 -58.90229030 -36.30000000
v -34.20000000 -58.88847532 -36.60000000
v -34.20000000 -58.86885060 -36.90000000
v -34.20000000 -58.84112849 -37.20000000
v -34.20000000 -58.80374133 -37.50000000
v -34.35762899 -51.90000000 -33.60000000
v -34.50000000 -51.90000000 -33.90000000
v -34.50000000 -51.79420646 -34.20000000
v -34.50000000 -51.77866805 -34.50000000
v -34.50000000 -51.81750282 -34.80000000
v -34.50000000 -51.90000000 -35.10000000
v -34.34814115 -51.90000000 -35.40000000
v -34.26415930 -52.20000000 -32.70000000
v -34.40051250 -52.20000000 -33.00000000
v -34.50000000 -52.20000000 -33.30000000
v -34.50000000 -52.00629877 -33.60000000
v -34.50000000 -51.93303305 -35.40000000
v -34.50000000 -51.97205564 -35.70000000
v -34.50000000 -52.02965533 -36.00000000
v -34.50000000 -52.08483642 -36.30000000
v -34.50000000 -52.13274620 -36.60000000
v -34.50000000 -52.18700070 -36.90000000
v -34.50000000 -52.20000000 -36.94837671
v -34.33183508 -52.50000000 -32.40000000
v -34.50000000 -52.50000000 -32.70000000
v -34.50000000 -52.29413153 -33.00000000
v -34.50000000 -52.27178507 -37.20000000
v -34.50000000 -52.35473646 -37.50000000
v -34.50000000 -52.42267387 -37.80000000
v -34.39154144 -52.50000000 -38.10000000
v -34.50000000 -52.46911356 -38.10000000
v -34.50000000 -52.50000000 -38.40000000
v -34.29022248 -52.80000000 -31.80000000
v -34.41099157 -52.80000000 -32.10000000
v -34.50000000 -52.80000000 -32.40000000
v -34.50000000 -52.58651781 -38.70000000
v -34.50000000 -52.66434119 -39.00000000
v -34.50000000 -52.73547290 -39.30000000
v -34.50000000 -52.80000000 -39.60000000
v -34.37431366 -52.80000000 -46.80000000
v -34.49812722 -52.80000000 -47.10000000
v -34.50000000 -52.80000000 -47.40000000
v -34.46249993 -52.80000000 -47.70000000
v -34.44474117 -52.80000000 -48.00000000
v -34.46586220 -52.80000000 -48.30000000
v -34.49895127 -52.80000000 -48.60000000
v -34.50000000 -52.80000000 -48.90000000
v -34.50000000 -52.80000000 -49.20000000
v -34.50000000 -52.80000000 -49.50000000
v -34.45191747 -52.80000000 -49.80000000
v -34.31720521 -52.80000000 -50.10000000
v -34.27205723 -53.10000000 -31.20000000
v -34.34020556 -53.10000000 -31.50000000
v -34.43840802 -53.10000000 -31.80000000
v -34.50000000 -52.91244299 -32.10000000
v -34.50000000 -53.10000000 -31.89579175
v -34.50000000 -52.90125528 -39.90000000
v -34.50000000 -52.96637265 -40.20000000
v -34.50000000 -52.99339901 -40.50000000
v -34.50000000 -53.00103299 -40.80000000
v -34.50000000 -52.99882046 -41.10000000
v -34.50000000 -52.99929373 -41.40000000
v -34.50000000 -53.02798428 -41.70000000
v -34.50000000 -53.10000000 -42.00000000
v -34.50000000 -53.10000000 -45.90000000
v -34.50000000 -52.95705466 -46.20000000
v -34.50000000 -52.87364721 -46.50000000
v -34.50000000 -52.82239790 -46.80000000
v -34.50000000 -52.80034811 -47.10000000
v -34.50000000 -52.80989558 -47.70000000
v -34.50000000 -52.82072414 -48.00000000
v -34.50000000 -52.81832784 -48.30000000
v -34.50000000 -52.80077048 -48.60000000
v -34.50000000 -52.84724543 -49.80000000
v -34.49328141 -53.10000000 -50.10000000
v -34.50000000 -53.10000000 -50.09085107
v -34.30825237 -53.10000000 -50.40000000
v -34.39264786 -53.40000000 -30.90000000
v -34.48498495 -53.40000000 -31.20000000
v -34.50000000 -53.40000000 -31.50000000
v -34.50000000 -53.40000000 -31.80000000
v -34.50000000 -53.40000000 -42.30000000
v -34.50000000 -53.40000000 -43.80000000
v -34.50000000 -53.40000000 -44.10000000
v -34.50000000 -53.40000000 -44.40000000
v -34.50000000 -53.40000000 -45.60000000
v -34.50000000 -53.40000000 -50.10000000
v -34.34777818 -53.40000000 -50.40000000
v -34.37530074 -53.70000000 -30.00000000
v -34.46471601 -53.70000000 -30.30000000
v -34.50000000 -53.70000000 -30.60000000
v -34.50000000 -53.51009481 -30.90000000
v -34.50000000 -53.41618061 -31.20000000
v -34.50000000 -53.47071483 -42.60000000
v -34.50000000 -53.48691101 -42.90000000
v -34.50000000 -53.47056177 -43.20000000
v -34.50000000 -53.43009758 -43.50000000
v -34.50000000 -53.43284160 -44.70000000
v -34.50000000 -53.47336865 -45.00000000
v -34.50000000 -53.47368410 -45.30000000
v -34.50000000 -53.70000000 -50.10000000
v -34.36419496 -53.70000000 -50.40000000
v -34.25300111 -53.70000000 -50.70000000
v -34.50000000 -53.93117973 -29.40000000
v -34.50000000 -54.00000000 -29.26853410
v -34.50000000 -53.83509882 -29.70000000
v -34.50000000 -53.76647112 -30.00000000
v -34.50000000 -53.72216994 -30.30000000
v -34.50000000 -54.00000000 -50.10000000
v -34.35670692 -54.00000000 -50.40000000
v -34.25181857 -54.00000000 -50.70000000
v -34.50000000 -54.30000000 -28.80000000
v -34.50000000 -54.09519138 -29.10000000
v -34.50000000 -54.30000000 -49.50000000
v -34.49524953 -54.30000000 -49.80000000
v -34.50000000 -54.29156409 -49.80000000
v -34.41580220 -54.30000000 -50.10000000
v -34.30117578 -54.30000000 -50.40000000
v -34.50000000 -54.50322862 -28.50000000
v -34.50000000 -54.60000000 -28.41617868
v -34.50000000 -54.60000000 -49.20000000
v -34.43333635 -54.60000000 -49.50000000
v -34.38738773 -54.60000000 -49.80000000
v -34.31773580 -54.60000000 -50.10000000
v -34.50000000 -54.90000000 -28.20000000
v -34.50000000 -54.90000000 -49.20000000
v -34.39580674 -54.90000000 -49.50000000
v -34.32671798 -54.90000000 -49.80000000
v -34.25366756 -54.90000000 -50.10000000
v -34.50000000 -55.20000000 -27.90000000
v -34.49002516 -55.20000000 -49.20000000
v -34.50000000 -55.20000000 -49.18485678
v -34.35732752 -55.20000000 -49.50000000
v -34.27795462 -55.20000000 -49.80000000
v -34.50000000 -55.50000000 -27.78990471
v -34.50000000 -55.50000000 -48.90000000
v -34.36042851 -55.50000000 -49.20000000
v -34.25932833 -55.50000000 -49.50000000
v -34.50000000 -55.80000000 -27.77210338
v -34.50000000 -55.80000000 -48.30000000
v -34.39924777 -55.80000000 -48.60000000
v -34.50000000 -55.70554711 -48.60000000
v -34.25442137 -55.80000000 -48.90000000
v -34.50000000 -56.10000000 -27.81217068
v -34.50000000 -56.10000000 -48.00000000
v -34.26986606 -56.10000000 -48.30000000
v -34.50000000 -56.40000000 -27.90000000
v -34.50000000 -56.40000000 -46.80000000
v -34.50000000 -56.40000000 -47.10000000
v -34.48479647 -56.40000000 -47.40000000
v -34.50000000 -56.38566410 -47.40000000
v -34.39441931 -56.40000000 -47.70000000
v -34.50000000 -56.30558176 -47.70000000
v -34.50000000 -56.63408853 -28.20000000
v -34.50000000 -56.70000000 -28.26636947
v -34.50000000 -56.70000000 -45.60000000
v -34.50000000 -56.70000000 -45.90000000
v -34.50000000 -56.70000000 -46.20000000
v -34.44955891 -56.70000000 -46.50000000
v -34.50000000 -56.63690150 -46.50000000
v -34.34526178 -56.70000000 -46.80000000
v -34.50000000 -57.00000000 -28.50000000
v -34.41097219 -57.00000000 -45.60000000
v -34.50000000 -57.00000000 -45.48135215
v -34.30807355 -57.00000000 -45.90000000
v -34.26123114 -57.00000000 -46.20000000
v -34.23041443 -57.00000000 -46.50000000
v -34.50000000 -57.14397305 -28.80000000
v -34.50000000 -57.30000000 -29.10000000
v -34.50000000 -57.30000000 -45.00000000
v -34.33476094 -57.30000000 -45.30000000
v -34.50000000 -57.15811836 -45.30000000
v -34.50000000 -57.40461143 -29.40000000
v -34.50000000 -57.51450582 -29.70000000
v -34.35984462 -57.60000000 -30.00000000
v -34.50000000 -57.60000000 -29.89352839
v -34.50000000 -57.60000000 -42.90000000
v -34.50000000 -57.60000000 -43.20000000
v -34.48218427 -57.60000000 -43.50000000
v -34.50000000 -57.58860408 -43.50000000
v -34.43814571 -57.60000000 -43.80000000
v -34.50000000 -57.56031131 -43.80000000
v -34.37872560 -57.60000000 -44.10000000
v -34.50000000 -57.52694696 -44.10000000
v -34.29171079 -57.60000000 -44.40000000
v -34.50000000 -57.48801788 -44.40000000
v -34.50000000 -57.42651853 -44.70000000
v -34.50000000 -57.65131334 -30.00000000
v -34.50000000 -57.82034080 -30.30000000
v -34.50000000 -57.90000000 -30.41364966
v -34.50000000 -57.90000000 -41.70000000
v -34.45812170 -57.90000000 -42.00000000
v -34.50000000 -57.87921363 -42.00000000
v -34.37333081 -57.90000000 -42.30000000
v -34.50000000 -57.83125463 -42.30000000
v -34.26129802 -57.90000000 -42.60000000
v -34.50000000 -57.74603861 -42.60000000
v -34.50000000 -58.06887898 -30.60000000
v -34.32260129 -58.20000000 -30.90000000
v -34.50000000 -58.20000000 -30.73033626
v -34.50000000 -58.20000000 -39.60000000
v -34.44919971 -58.20000000 -39.90000000
v -34.50000000 -58.16674247 -39.90000000
v -34.50000000 -58.09702040 -40.20000000
v -34.50000000 -58.06134355 -40.50000000
v -34.50000000 -58.05005545 -40.80000000
v -34.50000000 -58.04107205 -41.10000000
v -34.50000000 -58.00498932 -41.40000000
v -34.50000000 -58.50000000 -30.90000000
v -34.42168993 -58.50000000 -31.20000000
v -34.22949750 -58.50000000 -39.60000000
v -34.50000000 -58.50000000 -39.34856231
v -34.50000000 -58.55770499 -31.20000000
v -34.50000000 -58.64171359 -31.50000000
v -34.50000000 -58.71512587 -31.80000000
v -34.50000000 -58.80000000 -32.10000000
v -34.45287290 -58.80000000 -32.40000000
v -34.37161320 -58.80000000 -32.70000000
v -34.50000000 -58.80000000 -37.20000000
v -34.22058259 -58.80000000 -37.50000000
v -34.50000000 -58.74644435 -37.50000000
v -34.50000000 -58.69358146 -37.80000000
v -34.50000000 -58.65153704 -38.10000000
v -34.50000000 -58.62888994 -38.40000000
v -34.50000000 -58.61770191 -38.70000000
v -34.50000000 -58.59728968 -39.00000000
v -34.50000000 -58.52495787 -39.30000000
v -34.50000000 -58.81867373 -32.40000000
v -34.50000000 -58.84721777 -32.70000000
v -34.50000000 -58.88098770 -33.00000000
v -34.50000000 -58.90211636 -33.30000000
v -34.50000000 -58.92423161 -33.60000000
v -34.50000000 -58.94656096 -33.90000000
v -34.50000000 -58.96310354 -34.20000000
v -34.50000000 -58.97118807 -34.50000000
v -34.50000000 -58.97018469 -34.80000000
v -34.50000000 -58.96183768 -35.10000000
v -34.50000000 -58.94955693 -35.40000000
v -34.50000000 -58.93517698 -35.70000000
v -34.50000000 -58.91924953 -36.00000000
v -34.50000000 -58.90086726 -36.30000000
v -34.50000000 -58.87870244 -36.60000000
v -34.50000000 -58.84775879 -36.90000000
v -34.80000000 -51.90000000 -34.20000000
v -34.80000000 -51.89714265 -34.50000000
v -34.80000000 -51.90000000 -34.80000000
v -34.80000000 -52.20000000 -33.60000000
v -34.80000000 -52.08344777 -33.90000000
v -34.80000000 -51.98453430 -35.10000000
v -34.80000000 -52.03505263 -35.40000000
v -34.80000000 -52.07070453 -35.70000000
v -34.80000000 -52.10416446 -36.00000000
v -34.80000000 -52.14870375 -36.30000000
v -34.80000000 -52.18154566 -36.60000000
v -34.80000000 -52.20000000 -36.90000000
v -34.80000000 -52.50000000 -33.00000000
v -34.80000000 -52.42139513 -33.30000000
v -34.80000000 -52.26995701 -37.20000000
v -34.80000000 -52.32836679 -37.50000000
v -34.80000000 -52.37771232 -37.80000000
v -34.80000000 -52.42078857 -38.10000000
v -34.80000000 -52.46596787 -38.40000000
v -34.80000000 -52.50000000 -38.55455065
v -34.80000000 -52.80000000 -32.70000000
v -34.80000000 -52.53333736 -38.70000000
v -34.80000000 -52.61326895 -39.00000000
v -34.80000000 -52.69849266 -39.30000000
v -34.80000000 -52.78402329 -39.60000000
v -34.80000000 -52.80000000 -39.65822472
v -34.80000000 -53.10000000 -32.10000000
v -34.80000000 -53.05539664 -32.40000000
v -34.80000000 -52.86868437 -39.90000000
v -34.80000000 -52.92694478 -40.20000000
v -34.80000000 -52.96028393 -40.50000000
v -34.80000000 -52.98138578 -40.80000000
v -34.80000000 -52.99076419 -41.10000000
v -34.80000000 -52.99608911 -41.40000000
v -34.80000000 -53.02559753 -41.70000000
v -34.80000000 -53.10000000 -42.00000000
v -34.80000000 -53.04070302 -46.20000000
v -34.80000000 -53.10000000 -45.90000000
v -34.80000000 -52.96370761 -46.50000000
v -34.80000000 -52.92097655 -46.80000000
v -34.80000000 -52.90517071 -47.10000000
v -34.80000000 -52.90723419 -47.40000000
v -34.80000000 -52.93358761 -47.70000000
v -34.80000000 -52.99985511 -48.00000000
v -34.80000000 -53.06811180 -48.30000000
v -34.80000000 -53.10000000 -48.60000000
v -34.80000000 -53.10000000 -48.90000000
v -34.80000000 -53.10000000 -49.20000000
v -34.80000000 -53.10000000 -49.50000000
v -34.80000000 -53.10000000 -49.80000000
v -34.80000000 -53.40000000 -32.00661048
v -34.80000000 -53.40000000 -42.30000000
v -34.80000000 -53.40000000 -45.60000000
v -34.80000000 -53.40000000 -49.80000000
v -34.80000000 -53.70000000 -30.90000000
v -34.80000000 -53.67140733 -31.20000000
v -34.80000000 -53.63847117 -31.50000000
v -34.80000000 -53.55701201 -31.80000000
v -34.80000000 -53.49195215 -42.60000000
v -34.80000000 -53.51518316 -42.90000000
v -34.80000000 -53.50765933 -43.20000000
v -34.80000000 -53.49276415 -43.50000000
v -34.80000000 -53.48933781 -43.80000000
v -34.80000000 -53.49039959 -44.10000000
v -34.80000000 -53.48769276 -44.40000000
v -34.80000000 -53.48808598 -44.70000000
v -34.80000000 -53.49685784 -45.00000000
v -34.80000000 -53.48666990 -45.30000000
v -34.80000000 -53.70000000 -49.80000000
v -34.80000000 -54.00000000 -29.40000000
v -34.80000000 -53.95098823 -29.70000000
v -34.80000000 -53.90683571 -30.00000000
v -34.80000000 -53.86370453 -30.30000000
v -34.80000000 -53.80820623 -30.60000000
v -34.80000000 -54.00000000 -49.80000000
v -34.80000000 -54.19160565 -29.10000000
v -34.80000000 -54.30000000 -28.94463182
v -34.80000000 -54.30000000 -49.20000000
v -34.80000000 -54.03897276 -49.50000000
v -34.80000000 -54.60000000 -28.50000000
v -34.80000000 -54.40627091 -28.80000000
v -34.80000000 -54.60000000 -48.93823383
v -34.80000000 -54.90000000 -28.26501293
v -34.80000000 -54.90000000 -48.90000000
v -34.80000000 -54.96627722 -28.20000000
v -34.80000000 -55.20000000 -27.90000000
v -34.80000000 -55.20000000 -48.90000000
v -34.80000000 -55.50000000 -27.81373623
v -34.80000000 -55.50000000 -48.60000000
v -34.80000000 -55.80000000 -27.77154166
v -34.80000000 -55.80000000 -48.00000000
v -34.80000000 -55.58142501 -48.30000000
v -34.80000000 -56.10000000 -27.78956636
v -34.80000000 -56.10000000 -47.40000000
v -34.80000000 -56.10000000 -47.70000000
v -34.80000000 -56.40000000 -27.89639527
v -34.80000000 -56.40000000 -46.20000000
v -34.80000000 -56.40000000 -46.50000000
v -34.80000000 -56.17718263 -46.80000000
v -34.80000000 -56.10637587 -47.10000000
v -34.80000000 -56.40513447 -27.90000000
v -34.80000000 -56.70000000 -28.20000000
v -34.80000000 -56.52942584 -45.60000000
v -34.80000000 -56.70000000 -45.42561200
v -34.80000000 -56.41982448 -45.90000000
v -34.80000000 -57.00000000 -28.44970397
v -34.80000000 -57.00000000 -45.30000000
v -34.80000000 -57.04406929 -28.50000000
v -34.80000000 -57.22864407 -28.80000000
v -34.80000000 -57.30000000 -28.93686180
v -34.80000000 -57.30000000 -44.70000000
v -34.80000000 -57.12549554 -45.00000000
v -34.80000000 -57.38068769 -29.10000000
v -34.80000000 -57.50138890 -29.40000000
v -34.80000000 -57.60000000 -29.70000000
v -34.80000000 -57.60000000 -42.60000000
v -34.80000000 -57.49457476 -42.90000000
v -34.80000000 -57.44536085 -43.20000000
v -34.80000000 -57.39033249 -43.50000000
v -34.80000000 -57.34010865 -43.80000000
v -34.80000000 -57.31189772 -44.10000000
v -34.80000000 -57.30527717 -44.40000000
v -34.80000000 -57.75830871 -30.00000000
v -34.80000000 -57.90000000 -30.30000000
v -34.80000000 -57.90000000 -41.40000000
v -34.80000000 -57.80750346 -41.70000000
v -34.80000000 -57.74394596 -42.00000000
v -34.80000000 -57.67295629 -42.30000000
v -34.80000000 -58.20000000 -30.60000000
v -34.80000000 -58.14894655 -39.60000000
v -34.80000000 -58.20000000 -39.52711083
v -34.80000000 -58.03508626 -39.90000000
v -34.80000000 -57.96976082 -40.20000000
v -34.80000000 -57.93056499 -40.50000000
v -34.80000000 -57.91275344 -40.80000000
v -34.80000000 -57.90652045 -41.10000000
v -34.80000000 -58.50000000 -30.81205628
v -34.80000000 -58.50000000 -38.40000000
v -34.80000000 -58.50000000 -38.70000000
v -34.80000000 -58.50000000 -39.00000000
v -34.80000000 -58.50000000 -39.30000000
v -34.80000000 -58.56738772 -30.90000000
v -34.80000000 -58.69240161 -31.20000000
v -34.80000000 -58.75878788 -31.50000000
v -34.80000000 -58.80000000 -31.80000000
v -34.80000000 -58.80000000 -36.90000000
v -34.80000000 -58.71566992 -37.20000000
v -34.80000000 -58.65305978 -37.50000000
v -34.80000000 -58.59773927 -37.80000000
v -34.80000000 -58.52324995 -38.10000000
v -34.80000000 -58.85821720 -32.10000000
v -34.80000000 -58.89165082 -32.40000000
v -34.80000000 -58.91651260 -32.70000000
v -34.80000000 -58.93954983 -33.00000000
v -34.80000000 -58.96290881 -33.30000000
v -34.80000000 -58.98597991 -33.60000000
v -34.80000000 -59.00627526 -33.90000000
v -34.80000000 -59.01738234 -34.20000000
v -34.80000000 -59.01441024 -34.50000000
v -34.80000000 -58.99747597 -34.80000000
v -34.80000000 -58.97221880 -35.10000000
v -34.80000000 -58.94410715 -35.40000000
v -34.80000000 -58.91685775 -35.70000000
v -34.80000000 -58.89210099 -36.00000000
v -34.80000000 -58.86734597 -36.30000000
v -34.80000000 -58.83299474 -36.60000000
v -34.80412086 -51.90000000 -34.50000000
v -34.90845633 -52.20000000 -33.90000000
v -35.02455345 -52.20000000 -34.20000000
v -35.10000000 -52.19337246 -34.50000000
v -35.10000000 -52.20000000 -34.47843313
v -35.10000000 -52.15099782 -34.80000000
v -35.10000000 -52.16103899 -35.10000000
v -35.10000000 -52.18508073 -35.40000000
v -35.10000000 -52.20000000 -35.70000000
v -35.10000000 -52.20000000 -36.00000000
v -34.92997261 -52.20000000 -36.30000000
v -34.85134585 -52.20000000 -36.60000000
v -34.86011582 -52.50000000 -33.30000000
v -34.97417081 -52.50000000 -33.60000000
v -35.10000000 -52.50000000 -33.90000000
v -35.10000000 -52.32367830 -34.20000000
v -35.10000000 -52.27787801 -36.30000000
v -35.10000000 -52.29704569 -36.60000000
v -35.10000000 -52.29689881 -36.90000000
v -35.10000000 -52.31025249 -37.20000000
v -35.10000000 -52.33246532 -37.50000000
v -35.10000000 -52.36134449 -37.80000000
v -35.10000000 -52.39830969 -38.10000000
v -35.10000000 -52.44639045 -38.40000000
v -35.10000000 -52.50000000 -38.65625744
v -34.89847097 -52.80000000 -33.00000000
v -34.98687490 -52.80000000 -33.30000000
v -35.10000000 -52.80000000 -33.60000000
v -35.10000000 -52.50935578 -38.70000000
v -35.10000000 -52.58866978 -39.00000000
v -35.10000000 -52.68097168 -39.30000000
v -35.10000000 -52.78196626 -39.60000000
v -35.10000000 -52.80000000 -39.65730394
v -34.82924115 -53.10000000 -32.40000000
v -34.90111602 -53.10000000 -32.70000000
v -34.97390601 -53.10000000 -33.00000000
v -35.05316660 -53.10000000 -33.30000000
v -35.10000000 -53.10000000 -33.43693360
v -35.10000000 -52.88061244 -39.90000000
v -35.10000000 -52.95157004 -40.20000000
v -35.10000000 -52.98796263 -40.50000000
v -35.10000000 -53.02109793 -40.80000000
v -35.10000000 -53.07708332 -41.10000000
v -35.10000000 -53.09960862 -41.40000000
v -35.10000000 -53.10000000 -41.70000000
v -34.89074634 -53.10000000 -46.20000000
v -35.10000000 -53.10000000 -46.50000000
v -35.10000000 -53.10000000 -46.80000000
v -35.10000000 -53.10000000 -47.10000000
v -35.10000000 -53.10000000 -47.40000000
v -35.10000000 -53.10000000 -47.70000000
v -34.91420232 -53.10000000 -48.00000000
v -34.82819004 -53.10000000 -48.30000000
v -34.86096458 -53.40000000 -32.10000000
v -34.95329973 -53.40000000 -32.40000000
v -35.00024534 -53.40000000 -32.70000000
v -35.05086681 -53.40000000 -33.00000000
v -35.10000000 -53.40000000 -33.30000000
v -35.10000000 -53.40000000 -42.00000000
v -35.03561536 -53.40000000 -45.90000000
v -35.10000000 -53.40000000 -46.20000000
v -35.09645295 -53.40000000 -48.00000000
v -35.10000000 -53.40000000 -47.98993698
v -35.00513422 -53.40000000 -48.30000000
v -34.94759550 -53.40000000 -48.60000000
v -34.92133854 -53.40000000 -48.90000000
v -34.90981258 -53.40000000 -49.20000000
v -34.88803371 -53.40000000 -49.50000000
v -34.83798670 -53.70000000 -31.20000000
v -34.88120118 -53.70000000 -31.50000000
v -34.95776621 -53.70000000 -31.80000000
v -35.04547748 -53.70000000 -32.10000000
v -35.09096861 -53.70000000 -32.40000000
v -35.10000000 -53.70000000 -32.70000000
v -35.10000000 -53.53236649 -33.00000000
v -35.10000000 -53.49874302 -42.30000000
v -35.10000000 -53.55857375 -42.60000000
v -35.10000000 -53.57892141 -42.90000000
v -35.10000000 -53.57894326 -43.20000000
v -35.10000000 -53.57464068 -43.50000000
v -35.10000000 -53.57347890 -43.80000000
v -35.10000000 -53.57285060 -44.10000000
v -35.10000000 -53.56937265 -44.40000000
v -35.10000000 -53.56289180 -44.70000000
v -35.10000000 -53.55641400 -45.00000000
v -35.10000000 -53.54923770 -45.30000000
v -35.10000000 -53.52715954 -45.60000000
v -35.10000000 -53.46669128 -45.90000000
v -35.10000000 -53.41307541 -48.00000000
v -35.10000000 -53.70000000 -48.30000000
v -35.02026218 -53.70000000 -48.60000000
v -34.96736622 -53.70000000 -48.90000000
v -34.93267453 -53.70000000 -49.20000000
v -34.89445235 -53.70000000 -49.50000000
v -34.91297288 -54.00000000 -29.70000000
v -35.01178069 -54.00000000 -30.00000000
v -35.10000000 -54.00000000 -30.30000000
v -35.10000000 -53.96191624 -30.60000000
v -35.10000000 -53.92135061 -30.90000000
v -35.10000000 -53.89201956 -31.20000000
v -35.10000000 -53.86249072 -31.50000000
v -35.10000000 -53.81937786 -31.80000000
v -35.10000000 -53.76153771 -32.10000000
v -35.10000000 -53.71321956 -32.40000000
v -35.03306789 -54.00000000 -48.60000000
v -35.10000000 -54.00000000 -48.34822055
v -34.95656335 -54.00000000 -48.90000000
v -34.88750208 -54.00000000 -49.20000000
v -34.82292543 -54.00000000 -49.50000000
v -35.10000000 -54.30000000 -29.10000000
v -35.10000000 -54.16422336 -29.40000000
v -35.10000000 -54.08506881 -29.70000000
v -35.10000000 -54.03843325 -30.00000000
v -35.10000000 -54.30000000 -48.30000000
v -35.01322949 -54.30000000 -48.60000000
v -34.90564613 -54.30000000 -48.90000000
v -35.10000000 -54.58745581 -28.80000000
v -35.10000000 -54.60000000 -28.78616662
v -35.08863090 -54.60000000 -48.30000000
v -35.10000000 -54.60000000 -48.25807263
v -34.98456417 -54.60000000 -48.60000000
v -34.82685357 -54.60000000 -48.90000000
v -35.10000000 -54.90000000 -28.50000000
v -35.06084943 -54.90000000 -48.30000000
v -35.10000000 -54.90000000 -48.16028094
v -34.95265299 -54.90000000 -48.60000000
v -35.10000000 -55.20000000 -28.20000000
v -35.10000000 -55.20000000 -48.00000000
v -34.99732892 -55.20000000 -48.30000000
v -34.90246382 -55.20000000 -48.60000000
v -35.10000000 -55.45253552 -27.90000000
v -35.10000000 -55.50000000 -27.87212339
v -35.09692849 -55.50000000 -47.40000000
v -35.10000000 -55.49081211 -47.40000000
v -35.10000000 -55.50000000 -47.38340062
v -35.03834078 -55.50000000 -47.70000000
v -35.10000000 -55.32695782 -47.70000000
v -34.96073352 -55.50000000 -48.00000000
v -34.86198640 -55.50000000 -48.30000000
v -35.10000000 -55.80000000 -27.78539201
v -35.05897641 -55.80000000 -46.80000000
v -35.10000000 -55.72371141 -46.80000000
v -35.10000000 -55.80000000 -46.59814014
v -35.00826601 -55.80000000 -47.10000000
v -35.10000000 -55.61247062 -47.10000000
v -34.96902904 -55.80000000 -47.40000000
v -34.91588292 -55.80000000 -47.70000000
v -35.10000000 -56.10000000 -27.78854567
v -35.06042706 -56.10000000 -45.90000000
v -35.10000000 -56.03966707 -45.90000000
v -35.10000000 -56.10000000 -45.76080125
v -35.00115750 -56.10000000 -46.20000000
v -35.10000000 -55.93815612 -46.20000000
v -34.94533130 -56.10000000 -46.50000000
v -35.10000000 -55.83448285 -46.50000000
v -34.86050213 -56.10000000 -46.80000000
v -34.80532206 -56.10000000 -47.10000000
v -35.10000000 -56.40000000 -27.87685409
v -35.08237769 -56.40000000 -45.30000000
v -35.10000000 -56.37278889 -45.30000000
v -35.10000000 -56.40000000 -45.26764306
v -34.91725193 -56.40000000 -45.60000000
v -35.10000000 -56.16949462 -45.60000000
v -34.81877254 -56.40000000 -45.90000000
v -35.10000000 -56.44563249 -27.90000000
v -35.10000000 -56.70000000 -28.20000000
v -35.09419296 -56.70000000 -45.00000000
v -35.10000000 -56.68788795 -45.00000000
v -35.10000000 -56.70000000 -44.98737902
v -34.90685223 -56.70000000 -45.30000000
v -35.10000000 -57.00000000 -28.32762338
v -35.10000000 -57.00000000 -44.10000000
v -35.10000000 -57.00000000 -44.40000000
v -35.10000000 -57.00000000 -44.70000000
v -34.92347730 -57.00000000 -45.00000000
v -35.10000000 -57.13842474 -28.50000000
v -35.10000000 -57.30000000 -28.80000000
v -35.10000000 -57.30000000 -43.20000000
v -34.92143380 -57.30000000 -43.50000000
v -35.10000000 -57.11987651 -43.50000000
v -34.84648836 -57.30000000 -43.80000000
v -35.10000000 -57.03226809 -43.80000000
v -34.81382671 -57.30000000 -44.10000000
v -34.80655067 -57.30000000 -44.40000000
v -35.10000000 -57.48084388 -29.10000000
v -35.04888049 -57.60000000 -29.40000000
v -35.10000000 -57.60000000 -29.35365119
v -35.10000000 -57.60000000 -42.00000000
v -34.92055030 -57.60000000 -42.30000000
v -35.10000000 -57.46639362 -42.30000000
v -35.10000000 -57.37303151 -42.60000000
v -35.10000000 -57.31916556 -42.90000000
v -35.10000000 -57.62189282 -29.40000000
v -35.10000000 -57.75300438 -29.70000000
v -35.10000000 -57.89506017 -30.00000000
v -35.10000000 -57.90000000 -30.00896354
v -35.10000000 -57.90000000 -39.90000000
v -34.94728049 -57.90000000 -40.20000000
v -35.10000000 -57.82250253 -40.20000000
v -34.86482846 -57.90000000 -40.50000000
v -35.10000000 -57.78442583 -40.50000000
v -34.82721790 -57.90000000 -40.80000000
v -35.10000000 -57.76872876 -40.80000000
v -34.81342319 -57.90000000 -41.10000000
v -35.10000000 -57.75348034 -41.10000000
v -35.10000000 -57.71142314 -41.40000000
v -35.10000000 -57.64968109 -41.70000000
v -35.10000000 -58.09501763 -30.30000000
v -35.10000000 -58.20000000 -30.40500482
v -35.10000000 -58.20000000 -38.10000000
v -35.10000000 -58.20000000 -38.40000000
v -35.10000000 -58.20000000 -38.70000000
v -35.08165176 -58.20000000 -39.00000000
v -35.10000000 -58.17905554 -39.00000000
v -34.99522446 -58.20000000 -39.30000000
v -35.10000000 -58.09579927 -39.30000000
v -35.10000000 -57.97781216 -39.60000000
v -35.10000000 -58.50000000 -30.60000000
v -35.10000000 -58.50000000 -37.50000000
v -35.10000000 -58.50000000 -37.80000000
v -34.83684455 -58.50000000 -38.10000000
v -35.10000000 -58.66479294 -30.90000000
v -35.10000000 -58.80000000 -31.20000000
v -34.93589615 -58.80000000 -31.50000000
v -35.10000000 -58.80000000 -36.30000000
v -34.90078035 -58.80000000 -36.60000000
v -35.10000000 -58.71982156 -36.60000000
v -35.10000000 -58.65096137 -36.90000000
v -35.10000000 -58.55462297 -37.20000000
v -35.10000000 -58.84457102 -31.50000000
v -35.10000000 -58.87828585 -31.80000000
v -35.10000000 -58.91149180 -32.10000000
v -35.10000000 -58.93854964 -32.40000000
v -35.10000000 -58.95915881 -32.70000000
v -35.10000000 -58.97810637 -33.00000000
v -35.10000000 -58.99992403 -33.30000000
v -35.10000000 -59.02500888 -33.60000000
v -35.10000000 -59.05025759 -33.90000000
v -35.10000000 -59.06286961 -34.20000000
v -35.10000000 -59.03983614 -34.50000000
v -35.10000000 -59.00216765 -34.80000000
v -35.10000000 -58.96015481 -35.10000000
v -35.10000000 -58.91584712 -35.40000000
v -35.10000000 -58.87012487 -35.70000000
v -35.10000000 -58.82663918 -36.00000000
v -35.10554118 -52.20000000 -34.50000000
v -35.15045271 -52.20000000 -34.80000000
v -35.15105753 -52.20000000 -35.10000000
v -35.12393712 -52.20000000 -35.40000000
v -35.19321975 -52.50000000 -34.20000000
v -35.29347702 -52.50000000 -34.50000000
v -35.40000000 -52.50000000 -34.80000000
v -35.40000000 -52.42908522 -35.10000000
v -35.40000000 -52.39627986 -35.40000000
v -35.40000000 -52.38965278 -35.70000000
v -35.40000000 -52.41784909 -36.00000000
v -35.40000000 -52.50000000 -36.30000000
v -35.40000000 -52.43458822 -36.60000000
v -35.40000000 -52.39826401 -36.90000000
v -35.40000000 -52.37106141 -37.20000000
v -35.40000000 -52.35921114 -37.50000000
v -35.40000000 -52.36676302 -37.80000000
v -35.40000000 -52.39520056 -38.10000000
v -35.40000000 -52.44292387 -38.40000000
v -35.40000000 -52.50000000 -38.66206978
v -35.19878525 -52.80000000 -33.90000000
v -35.30673957 -52.80000000 -34.20000000
v -35.40000000 -52.76301649 -34.50000000
v -35.40000000 -52.80000000 -34.46070283
v -35.40000000 -52.50852885 -38.70000000
v -35.40000000 -52.59020070 -39.00000000
v -35.40000000 -52.68244342 -39.30000000
v -35.40000000 -52.78778674 -39.60000000
v -35.40000000 -52.80000000 -39.63004553
v -35.15678746 -53.10000000 -33.60000000
v -35.26953877 -53.10000000 -33.90000000
v -35.40000000 -53.10000000 -34.20000000
v -35.40000000 -52.93103207 -39.90000000
v -35.40000000 -53.05932838 -40.20000000
v -35.40000000 -53.10000000 -40.50000000
v -35.40000000 -53.10000000 -40.80000000
v -35.13904668 -53.10000000 -41.10000000
v -35.10054067 -53.10000000 -41.40000000
v -35.21744222 -53.40000000 -33.60000000
v -35.32564475 -53.40000000 -33.90000000
v -35.40000000 -53.40000000 -34.10426942
v -35.40000000 -53.40000000 -41.10000000
v -35.38618160 -53.40000000 -41.40000000
v -35.31727109 -53.40000000 -41.70000000
v -35.20977663 -53.40000000 -46.50000000
v -35.24403602 -53.40000000 -46.80000000
v -35.24276778 -53.40000000 -47.10000000
v -35.22430194 -53.40000000 -47.40000000
v -35.18085218 -53.40000000 -47.70000000
v -35.17043048 -53.70000000 -33.00000000
v -35.23373407 -53.70000000 -33.30000000
v -35.31287268 -53.70000000 -33.60000000
v -35.40000000 -53.70000000 -33.90000000
v -35.40000000 -53.41511755 -41.40000000
v -35.40000000 -53.48956148 -41.70000000
v -35.40000000 -53.60578562 -42.00000000
v -35.40000000 -53.67562052 -42.30000000
v -35.40000000 -53.70000000 -42.60000000
v -35.40000000 -53.70000000 -42.90000000
v -35.40000000 -53.70000000 -43.20000000
v -35.40000000 -53.70000000 -43.50000000
v -35.40000000 -53.70000000 -43.80000000
v -35.40000000 -53.70000000 -44.10000000
v -35.40000000 -53.70000000 -44.40000000
v -35.40000000 -53.70000000 -44.70000000
v -35.40000000 -53.70000000 -45.00000000
v -35.40000000 -53.70000000 -45.30000000
v -35.29490746 -53.70000000 -45.60000000
v -35.27276138 -53.70000000 -45.90000000
v -35.28627124 -53.70000000 -46.20000000
v -35.31386544 -53.70000000 -46.50000000
v -35.32268557 -53.70000000 -46.80000000
v -35.30898739 -53.70000000 -47.10000000
v -35.27637389 -53.70000000 -47.40000000
v -35.22484721 -53.70000000 -47.70000000
v -35.16186015 -53.70000000 -48.00000000
v -35.16694510 -54.00000000 -30.60000000
v -35.21861007 -54.00000000 -30.90000000
v -35.25163703 -54.00000000 -31.20000000
v -35.27808540 -54.00000000 -31.50000000
v -35.30199234 -54.00000000 -31.80000000
v -35.31986639 -54.00000000 -32.10000000
v -35.32930765 -54.00000000 -32.40000000
v -35.33821158 -54.00000000 -32.70000000
v -35.36210923 -54.00000000 -33.00000000
v -35.39739891 -54.00000000 -33.30000000
v -35.40000000 -53.89026133 -33.60000000
v -35.40000000 -54.00000000 -33.31402200
v -35.40000000 -53.85134352 -45.60000000
v -35.40000000 -53.93702251 -45.90000000
v -35.40000000 -53.97684999 -46.20000000
v -35.40000000 -54.00000000 -46.50000000
v -35.37195933 -54.00000000 -46.80000000
v -35.33927142 -54.00000000 -47.10000000
v -35.29725155 -54.00000000 -47.40000000
v -35.24405599 -54.00000000 -47.70000000
v -35.18230166 -54.00000000 -48.00000000
v -35.11227301 -54.00000000 -48.30000000
v -35.40000000 -54.30000000 -29.40000000
v -35.40000000 -54.21721317 -29.70000000
v -35.40000000 -54.17130873 -30.00000000
v -35.40000000 -54.14639428 -30.30000000
v -35.40000000 -54.12934193 -30.60000000
v -35.40000000 -54.11538239 -30.90000000
v -35.40000000 -54.10277429 -31.20000000
v -35.40000000 -54.09057158 -31.50000000
v -35.40000000 -54.07912470 -31.80000000
v -35.40000000 -54.07114896 -32.10000000
v -35.40000000 -54.06819208 -32.40000000
v -35.40000000 -54.06385075 -32.70000000
v -35.40000000 -54.04457999 -33.00000000
v -35.40000000 -54.00355177 -33.30000000
v -35.39449578 -54.30000000 -46.80000000
v -35.40000000 -54.30000000 -46.75999858
v -35.34895491 -54.30000000 -47.10000000
v -35.30006024 -54.30000000 -47.40000000
v -35.24483884 -54.30000000 -47.70000000
v -35.18034297 -54.30000000 -48.00000000
v -35.11731044 -54.60000000 -28.80000000
v -35.40000000 -54.49056253 -29.10000000
v -35.40000000 -54.60000000 -28.99069384
v -35.39557551 -54.60000000 -46.80000000
v -35.40000000 -54.60000000 -46.77334150
v -35.34127597 -54.60000000 -47.10000000
v -35.28622869 -54.60000000 -47.40000000
v -35.22978273 -54.60000000 -47.70000000
v -35.16678443 -54.60000000 -48.00000000
v -35.40000000 -54.90000000 -28.80000000
v -35.37331741 -54.90000000 -46.80000000
v -35.40000000 -54.90000000 -46.66887322
v -35.30977993 -54.90000000 -47.10000000
v -35.25083582 -54.90000000 -47.40000000
v -35.19689012 -54.90000000 -47.70000000
v -35.14107507 -54.90000000 -48.00000000
v -35.40000000 -55.05128157 -28.50000000
v -35.40000000 -55.20000000 -28.27670543
v -35.40000000 -55.20000000 -46.50000000
v -35.31640295 -55.20000000 -46.80000000
v -35.24709537 -55.20000000 -47.10000000
v -35.18836157 -55.20000000 -47.40000000
v -35.13927367 -55.20000000 -47.70000000
v -35.40000000 -55.50000000 -27.90000000
v -35.40000000 -55.25101938 -28.20000000
v -35.37532742 -55.50000000 -45.90000000
v -35.40000000 -55.42356157 -45.90000000
v -35.40000000 -55.50000000 -45.78017615
v -35.32285968 -55.50000000 -46.20000000
v -35.40000000 -55.28366590 -46.20000000
v -35.27077742 -55.50000000 -46.50000000
v -35.20847983 -55.50000000 -46.80000000
v -35.14977463 -55.50000000 -47.10000000
v -35.40000000 -55.80000000 -27.79766490
v -35.40000000 -55.80000000 -45.30000000
v -35.31167998 -55.80000000 -45.60000000
v -35.40000000 -55.59283989 -45.60000000
v -35.23918940 -55.80000000 -45.90000000
v -35.17770004 -55.80000000 -46.20000000
v -35.11876860 -55.80000000 -46.50000000
v -35.40000000 -56.10000000 -27.78432122
v -35.35352354 -56.10000000 -45.00000000
v -35.40000000 -55.99328901 -45.00000000
v -35.40000000 -56.10000000 -44.84973518
v -35.24852665 -56.10000000 -45.30000000
v -35.14425545 -56.10000000 -45.60000000
v -35.40000000 -56.40000000 -27.81835646
v -35.40000000 -56.40000000 -44.40000000
v -35.32325935 -56.40000000 -44.70000000
v -35.40000000 -56.21082583 -44.70000000
v -35.21957547 -56.40000000 -45.00000000
v -35.33489815 -56.70000000 -27.90000000
v -35.40000000 -56.70000000 -27.86657257
v -35.40000000 -56.70000000 -43.20000000
v -35.35226698 -56.70000000 -43.50000000
v -35.40000000 -56.60214376 -43.50000000
v -35.31411383 -56.70000000 -43.80000000
v -35.40000000 -56.53116745 -43.80000000
v -35.28651119 -56.70000000 -44.10000000
v -35.40000000 -56.47322741 -44.10000000
v -35.25858044 -56.70000000 -44.40000000
v -35.20543360 -56.70000000 -44.70000000
v -35.40000000 -57.00000000 -27.90000000
v -35.23320120 -57.00000000 -28.20000000
v -35.40000000 -57.00000000 -42.90000000
v -35.27719647 -57.00000000 -43.20000000
v -35.18651554 -57.00000000 -43.50000000
v -35.12524985 -57.00000000 -43.80000000
v -35.40000000 -57.12421549 -28.20000000
v -35.40000000 -57.29347271 -28.50000000
v -35.40000000 -57.30000000 -28.51127660
v -35.40000000 -57.30000000 -42.00000000
v -35.26669687 -57.30000000 -42.30000000
v -35.40000000 -57.11087024 -42.30000000
v -35.17726059 -57.30000000 -42.60000000
v -35.40000000 -57.02617854 -42.60000000
v -35.12190910 -57.30000000 -42.90000000
v -35.40000000 -57.45322142 -28.80000000
v -35.36393712 -57.60000000 -29.10000000
v -35.40000000 -57.60000000 -29.06875669
v -35.40000000 -57.60000000 -40.50000000
v -35.40000000 -57.60000000 -40.80000000
v -35.40000000 -57.60000000 -41.10000000
v -35.26246450 -57.60000000 -41.40000000
v -35.40000000 -57.47786348 -41.40000000
v -35.16620598 -57.60000000 -41.70000000
v -35.40000000 -57.36897060 -41.70000000
v -35.40000000 -57.61674840 -29.10000000
v -35.40000000 -57.76592587 -29.40000000
v -35.40000000 -57.90000000 -29.70000000
v -35.11015359 -57.90000000 -30.00000000
v -35.39631411 -57.90000000 -38.70000000
v -35.40000000 -57.89634527 -38.70000000
v -35.40000000 -57.90000000 -38.67601212
v -35.35118708 -57.90000000 -39.00000000
v -35.40000000 -57.85105761 -39.00000000
v -35.28737027 -57.90000000 -39.30000000
v -35.40000000 -57.79701136 -39.30000000
v -35.19508101 -57.90000000 -39.60000000
v -35.40000000 -57.73534752 -39.60000000
v -35.40000000 -57.67413882 -39.90000000
v -35.40000000 -57.62384777 -40.20000000
v -35.40000000 -58.04860650 -30.00000000
v -35.40000000 -58.20000000 -30.30000000
v -35.40000000 -58.20000000 -37.20000000
v -35.36859760 -58.20000000 -37.50000000
v -35.40000000 -58.16680758 -37.50000000
v -35.29427036 -58.20000000 -37.80000000
v -35.40000000 -58.09337773 -37.80000000
v -35.40000000 -57.99861758 -38.10000000
v -35.40000000 -57.94108279 -38.40000000
v -35.40000000 -58.50000000 -30.51845510
v -35.40000000 -58.50000000 -36.90000000
v -35.17176022 -58.50000000 -37.20000000
v -35.40000000 -58.56754397 -30.60000000
v -35.40000000 -58.73875108 -30.90000000
v -35.40000000 -58.80000000 -31.06737857
v -35.40000000 -58.80000000 -35.70000000
v -35.17061871 -58.80000000 -36.00000000
v -35.40000000 -58.69066883 -36.00000000
v -35.40000000 -58.58227409 -36.30000000
v -35.40000000 -58.51566455 -36.60000000
v -35.40000000 -58.84107206 -31.20000000
v -35.40000000 -58.89445053 -31.50000000
v -35.40000000 -58.92745684 -31.80000000
v -35.40000000 -58.95048134 -32.10000000
v -35.40000000 -58.96833465 -32.40000000
v -35.40000000 -58.98302442 -32.70000000
v -35.40000000 -58.99796257 -33.00000000
v -35.40000000 -59.01645582 -33.30000000
v -35.40000000 -59.03958191 -33.60000000
v -35.40000000 -59.06844716 -33.90000000
v -35.40000000 -59.10000000 -34.20000000
v -35.40000000 -59.03568695 -34.50000000
v -35.40000000 -58.97701313 -34.80000000
v -35.40000000 -58.92330037 -35.10000000
v -35.40000000 -58.86746787 -35.40000000
v -35.47105740 -52.50000000 -35.10000000
v -35.53812368 -52.50000000 -35.40000000
v -35.58662363 -52.50000000 -35.70000000
v -35.57848785 -52.50000000 -36.00000000
v -35.61662457 -52.50000000 -36.60000000
v -35.70000000 -52.50000000 -36.90000000
v -35.70000000 -52.43915704 -37.20000000
v -35.70000000 -52.39903306 -37.50000000
v -35.70000000 -52.38800155 -37.80000000
v -35.70000000 -52.40965703 -38.10000000
v -35.70000000 -52.46004177 -38.40000000
v -35.70000000 -52.50000000 -38.56599689
v -35.41468332 -52.80000000 -34.50000000
v -35.54588337 -52.80000000 -34.80000000
v -35.70000000 -52.78978293 -35.10000000
v -35.70000000 -52.80000000 -35.08684268
v -35.70000000 -52.63321207 -35.40000000
v -35.70000000 -52.56596009 -35.70000000
v -35.70000000 -52.54761270 -36.00000000
v -35.70000000 -52.54547398 -36.30000000
v -35.70000000 -52.52143896 -36.60000000
v -35.70000000 -52.53408570 -38.70000000
v -35.70000000 -52.62250765 -39.00000000
v -35.70000000 -52.71307899 -39.30000000
v -35.70000000 -52.80000000 -39.60000000
v -35.49140160 -53.10000000 -34.50000000
v -35.63929592 -53.10000000 -34.80000000
v -35.70000000 -53.10000000 -34.87661264
v -35.70000000 -53.00892292 -39.90000000
v -35.46816952 -53.10000000 -40.20000000
v -35.70000000 -53.10000000 -40.01350177
v -35.43932297 -53.40000000 -34.20000000
v -35.56003393 -53.40000000 -34.50000000
v -35.70000000 -53.40000000 -34.80000000
v -35.70000000 -53.40000000 -40.20000000
v -35.67070298 -53.40000000 -40.50000000
v -35.60523420 -53.40000000 -40.80000000
v -35.52824684 -53.70000000 -34.20000000
v -35.70000000 -53.70000000 -34.50000000
v -35.70000000 -53.42961799 -40.50000000
v -35.70000000 -53.49359253 -40.80000000
v -35.70000000 -53.60175484 -41.10000000
v -35.69475272 -53.70000000 -41.40000000
v -35.70000000 -53.70000000 -41.38622304
v -35.59061974 -53.70000000 -41.70000000
v -35.49735865 -53.70000000 -42.00000000
v -35.42884622 -53.70000000 -42.30000000
v -35.46522756 -54.00000000 -33.60000000
v -35.57792267 -54.00000000 -33.90000000
v -35.70000000 -54.00000000 -34.20000000
v -35.70000000 -53.70529809 -41.40000000
v -35.70000000 -53.82697877 -41.70000000
v -35.70000000 -53.92414032 -42.00000000
v -35.70000000 -53.97908493 -42.30000000
v -35.70000000 -54.00000000 -42.60000000
v -35.70000000 -54.00000000 -42.90000000
v -35.70000000 -54.00000000 -43.20000000
v -35.64610080 -54.00000000 -43.50000000
v -35.62065047 -54.00000000 -43.80000000
v -35.61073561 -54.00000000 -44.10000000
v -35.60475538 -54.00000000 -44.40000000
v -35.59364711 -54.00000000 -44.70000000
v -35.56867371 -54.00000000 -45.00000000
v -35.52639940 -54.00000000 -45.30000000
v -35.46897606 -54.00000000 -45.60000000
v -35.42672653 -54.00000000 -45.90000000
v -35.40804541 -54.00000000 -46.20000000
v -35.59963556 -54.30000000 -29.70000000
v -35.69330957 -54.30000000 -30.00000000
v -35.70000000 -54.30000000 -30.30000000
v -35.70000000 -54.30000000 -30.60000000
v -35.70000000 -54.30000000 -30.90000000
v -35.70000000 -54.30000000 -31.20000000
v -35.70000000 -54.30000000 -31.50000000
v -35.70000000 -54.30000000 -31.80000000
v -35.70000000 -54.30000000 -32.10000000
v -35.70000000 -54.30000000 -32.40000000
v -35.70000000 -54.30000000 -32.70000000
v -35.70000000 -54.30000000 -33.00000000
v -35.70000000 -54.30000000 -33.30000000
v -35.70000000 -54.30000000 -33.60000000
v -35.70000000 -54.11078834 -33.90000000
v -35.70000000 -54.12392583 -43.50000000
v -35.70000000 -54.18711588 -43.80000000
v -35.70000000 -54.22054402 -44.10000000
v -35.70000000 -54.24854283 -44.40000000
v -35.70000000 -54.30000000 -44.70000000
v -35.65301421 -54.30000000 -45.00000000
v -35.59916968 -54.30000000 -45.30000000
v -35.54603973 -54.30000000 -45.60000000
v -35.50242889 -54.30000000 -45.90000000
v -35.46968681 -54.30000000 -46.20000000
v -35.43541421 -54.30000000 -46.50000000
v -35.70000000 -54.60000000 -29.10000000
v -35.70000000 -54.44101821 -29.40000000
v -35.70000000 -54.34289804 -29.70000000
v -35.70000000 -54.30294045 -30.00000000
v -35.68433744 -54.60000000 -45.00000000
v -35.70000000 -54.60000000 -44.90523686
v -35.62838247 -54.60000000 -45.30000000
v -35.57533437 -54.60000000 -45.60000000
v -35.52936560 -54.60000000 -45.90000000
v -35.48859477 -54.60000000 -46.20000000
v -35.44499794 -54.60000000 -46.50000000
v -35.70000000 -54.90000000 -28.87080879
v -35.67794696 -54.90000000 -45.00000000
v -35.70000000 -54.90000000 -44.87415001
v -35.62038828 -54.90000000 -45.30000000
v -35.56560372 -54.90000000 -45.60000000
v -35.51746557 -54.90000000 -45.90000000
v -35.47570421 -54.90000000 -46.20000000
v -35.43323419 -54.90000000 -46.50000000
v -35.70000000 -55.14919391 -28.50000000
v -35.70000000 -55.20000000 -28.41659036
v -35.70000000 -54.95719345 -28.80000000
v -35.70000000 -55.20000000 -44.70000000
v -35.64050858 -55.20000000 -45.00000000
v -35.57838599 -55.20000000 -45.30000000
v -35.51932490 -55.20000000 -45.60000000
v -35.46735383 -55.20000000 -45.90000000
v -35.42730437 -55.20000000 -46.20000000
v -35.70000000 -55.33433611 -28.20000000
v -35.70000000 -55.50000000 -27.90000000
v -35.70000000 -55.50000000 -44.40000000
v -35.63969647 -55.50000000 -44.70000000
v -35.57271345 -55.50000000 -45.00000000
v -35.50392782 -55.50000000 -45.30000000
v -35.43619934 -55.50000000 -45.60000000
v -35.70000000 -55.80000000 -27.82206743
v -35.70000000 -55.80000000 -43.50000000
v -35.67761176 -55.80000000 -43.80000000
v -35.70000000 -55.70820736 -43.80000000
v -35.65107341 -55.80000000 -44.10000000
v -35.70000000 -55.61173235 -44.10000000
v -35.61104263 -55.80000000 -44.40000000
v -35.55035451 -55.80000000 -44.70000000
v -35.47664737 -55.80000000 -45.00000000
v -35.70000000 -56.10000000 -27.77907697
v -35.68203520 -56.10000000 -42.90000000
v -35.70000000 -56.03576148 -42.90000000
v -35.70000000 -56.10000000 -42.79635366
v -35.63996399 -56.10000000 -43.20000000
v -35.70000000 -55.89651347 -43.20000000
v -35.60754566 -56.10000000 -43.50000000
v -35.58103762 -56.10000000 -43.80000000
v -35.55161097 -56.10000000 -44.10000000
v -35.50860717 -56.10000000 -44.40000000
v -35.44240997 -56.10000000 -44.70000000
v -35.70000000 -56.40000000 -27.76954646
v -35.70000000 -56.40000000 -42.30000000
v -35.64362729 -56.40000000 -42.60000000
v -35.70000000 -56.21501802 -42.60000000
v -35.58621611 -56.40000000 -42.90000000
v -35.53148874 -56.40000000 -43.20000000
v -35.49167746 -56.40000000 -43.50000000
v -35.46166943 -56.40000000 -43.80000000
v -35.43408009 -56.40000000 -44.10000000
v -35.70000000 -56.70000000 -27.79664412
v -35.70000000 -56.70000000 -41.70000000
v -35.64776834 -56.70000000 -42.00000000
v -35.70000000 -56.57128260 -42.00000000
v -35.59374782 -56.70000000 -42.30000000
v -35.54283716 -56.70000000 -42.60000000
v -35.48711644 -56.70000000 -42.90000000
v -35.70000000 -57.00000000 -27.90000000
v -35.60540230 -57.00000000 -41.70000000
v -35.70000000 -57.00000000 -41.44247299
v -35.53020454 -57.00000000 -42.00000000
v -35.46246061 -57.00000000 -42.30000000
v -35.41646635 -57.00000000 -42.60000000
v -35.70000000 -57.23779453 -28.20000000
v -35.41391330 -57.30000000 -28.50000000
v -35.70000000 -57.30000000 -28.30073773
v -35.70000000 -57.30000000 -40.50000000
v -35.70000000 -57.30000000 -40.80000000
v -35.70000000 -57.30000000 -41.10000000
v -35.55278324 -57.30000000 -41.40000000
v -35.70000000 -57.03260437 -41.40000000
v -35.45364893 -57.30000000 -41.70000000
v -35.70000000 -57.41625025 -28.50000000
v -35.70000000 -57.59121393 -28.80000000
v -35.70000000 -57.60000000 -28.81543107
v -35.70000000 -57.60000000 -38.70000000
v -35.65828131 -57.60000000 -39.00000000
v -35.70000000 -57.56152609 -39.00000000
v -35.61585013 -57.60000000 -39.30000000
v -35.70000000 -57.52812044 -39.30000000
v -35.55865883 -57.60000000 -39.60000000
v -35.70000000 -57.48344840 -39.60000000
v -35.49116109 -57.60000000 -39.90000000
v -35.70000000 -57.42017840 -39.90000000
v -35.43047210 -57.60000000 -40.20000000
v -35.70000000 -57.34680012 -40.20000000
v -35.70000000 -57.76280571 -29.10000000
v -35.67668713 -57.90000000 -29.40000000
v -35.70000000 -57.90000000 -29.37681370
v -35.68329102 -57.90000000 -37.50000000
v -35.70000000 -57.88501661 -37.50000000
v -35.70000000 -57.90000000 -37.44957949
v -35.60200637 -57.90000000 -37.80000000
v -35.70000000 -57.81541205 -37.80000000
v -35.51741097 -57.90000000 -38.10000000
v -35.70000000 -57.75142623 -38.10000000
v -35.44691686 -57.90000000 -38.40000000
v -35.70000000 -57.67955104 -38.40000000
v -35.70000000 -57.91148641 -29.40000000
v -35.70000000 -58.05719075 -29.70000000
v -35.70000000 -58.20000000 -30.00000000
v -35.70000000 -58.20000000 -36.30000000
v -35.66257887 -58.20000000 -36.60000000
v -35.70000000 -58.16157458 -36.60000000
v -35.58768242 -58.20000000 -36.90000000
v -35.70000000 -58.08587419 -36.90000000
v -35.70000000 -57.97631332 -37.20000000
v -35.70000000 -58.50000000 -30.30000000
v -35.70000000 -58.50000000 -36.00000000
v -35.49028440 -58.50000000 -36.30000000
v -35.41657183 -58.50000000 -36.60000000
v -35.70000000 -58.66216144 -30.60000000
v -35.70000000 -58.80000000 -30.90000000
v -35.70000000 -58.80000000 -35.40000000
v -35.70000000 -58.67622630 -35.70000000
v -35.70000000 -58.87215471 -31.20000000
v -35.70000000 -58.92129849 -31.50000000
v -35.70000000 -58.95189289 -31.80000000
v -35.70000000 -58.96984747 -32.10000000
v -35.70000000 -58.98124936 -32.40000000
v -35.70000000 -58.99046376 -32.70000000
v -35.70000000 -59.00070736 -33.00000000
v -35.70000000 -59.01396404 -33.30000000
v -35.70000000 -59.02928393 -33.60000000
v -35.70000000 -59.04035457 -33.90000000
v -35.70000000 -59.03093213 -34.20000000
v -35.70000000 -58.97948001 -34.50000000
v -35.70000000 -58.91342581 -34.80000000
v -35.70000000 -58.85670087 -35.10000000
v -36.00000000 -52.50000000 -37.20000000
v -36.00000000 -52.44609719 -37.50000000
v -36.00000000 -52.42472802 -37.80000000
v -36.00000000 -52.44259664 -38.10000000
v -35.96667443 -52.50000000 -38.40000000
v -36.00000000 -52.50000000 -38.37631214
v -35.71123009 -52.80000000 -35.10000000
v -35.98675048 -52.80000000 -35.40000000
v -36.00000000 -52.68964787 -35.70000000
v -36.00000000 -52.80000000 -35.41553310
v -36.00000000 -52.62737724 -36.00000000
v -36.00000000 -52.59081197 -36.30000000
v -36.00000000 -52.56471822 -36.60000000
v -36.00000000 -52.53694758 -36.90000000
v -36.00000000 -52.50563194 -38.40000000
v -36.00000000 -52.59650086 -38.70000000
v -36.00000000 -52.69190903 -39.00000000
v -36.00000000 -52.80000000 -39.30000000
v -36.00000000 -53.04315203 -35.10000000
v -36.00000000 -53.10000000 -35.05308064
v -36.00000000 -52.80729778 -35.40000000
v -36.00000000 -52.90237626 -39.60000000
v -36.00000000 -53.06564888 -39.90000000
v -36.00000000 -53.10000000 -39.93792286
v -36.00000000 -53.40000000 -34.84163592
v -36.00000000 -53.40000000 -40.14464663
v -36.00000000 -53.44906882 -34.80000000
v -36.00000000 -53.70000000 -34.56918130
v -36.00000000 -53.46701610 -40.20000000
v -36.00000000 -53.70000000 -40.50000000
v -35.93453606 -53.70000000 -40.80000000
v -35.82750806 -53.70000000 -41.10000000
v -36.00000000 -53.76791030 -34.50000000
v -36.00000000 -54.00000000 -34.24150164
v -36.00000000 -53.75082845 -40.80000000
v -36.00000000 -53.82675986 -41.10000000
v -36.00000000 -54.00000000 -41.40000000
v -35.83762265 -54.00000000 -41.70000000
v -35.75976878 -54.00000000 -42.00000000
v -35.71647109 -54.00000000 -42.30000000
v -36.00000000 -54.17995787 -33.90000000
v -36.00000000 -54.30000000 -33.60000000
v -36.00000000 -54.03012584 -34.20000000
v -36.00000000 -54.30000000 -41.70000000
v -35.97382246 -54.30000000 -42.00000000
v -35.90044057 -54.30000000 -42.30000000
v -35.83978105 -54.30000000 -42.60000000
v -35.80803986 -54.30000000 -42.90000000
v -35.78670446 -54.30000000 -43.20000000
v -35.76104500 -54.30000000 -43.50000000
v -35.74062356 -54.30000000 -43.80000000
v -35.72779380 -54.30000000 -44.10000000
v -35.71705983 -54.30000000 -44.40000000
v -36.00000000 -54.54971055 -29.40000000
v -36.00000000 -54.60000000 -29.32588456
v -36.00000000 -54.46154647 -29.70000000
v -36.00000000 -54.43649644 -30.00000000
v -36.00000000 -54.43608673 -30.30000000
v -36.00000000 -54.44102100 -30.60000000
v -36.00000000 -54.44509819 -30.90000000
v -36.00000000 -54.44767458 -31.20000000
v -36.00000000 -54.44995535 -31.50000000
v -36.00000000 -54.45101517 -31.80000000
v -36.00000000 -54.43987211 -32.10000000
v -36.00000000 -54.41822159 -32.40000000
v -36.00000000 -54.39916082 -32.70000000
v -36.00000000 -54.38266037 -33.00000000
v -36.00000000 -54.35382978 -33.30000000
v -36.00000000 -54.33549077 -42.00000000
v -36.00000000 -54.60000000 -42.30000000
v -35.90034292 -54.60000000 -42.60000000
v -35.85507246 -54.60000000 -42.90000000
v -35.83002759 -54.60000000 -43.20000000
v -35.81177803 -54.60000000 -43.50000000
v -35.79626125 -54.60000000 -43.80000000
v -35.78191517 -54.60000000 -44.10000000
v -35.76390556 -54.60000000 -44.40000000
v -35.73240754 -54.60000000 -44.70000000
v -36.00000000 -54.90000000 -29.10000000
v -36.00000000 -54.90000000 -42.30000000
v -35.91143221 -54.90000000 -42.60000000
v -35.86777460 -54.90000000 -42.90000000
v -35.84275457 -54.90000000 -43.20000000
v -35.82577139 -54.90000000 -43.50000000
v -35.81111596 -54.90000000 -43.80000000
v -35.79400403 -54.90000000 -44.10000000
v -35.76882388 -54.90000000 -44.40000000
v -35.73004165 -54.90000000 -44.70000000
v -35.85300274 -55.20000000 -28.50000000
v -36.00000000 -55.05533257 -28.80000000
v -36.00000000 -55.20000000 -28.57511344
v -36.00000000 -55.20000000 -42.30000000
v -35.90574662 -55.20000000 -42.60000000
v -35.85763992 -55.20000000 -42.90000000
v -35.82945750 -55.20000000 -43.20000000
v -35.81043973 -55.20000000 -43.50000000
v -35.79419778 -55.20000000 -43.80000000
v -35.77482149 -55.20000000 -44.10000000
v -35.74578422 -55.20000000 -44.40000000
v -36.00000000 -55.50000000 -28.20000000
v -36.00000000 -55.24919076 -28.50000000
v -36.00000000 -55.50000000 -42.00000000
v -35.93820978 -55.50000000 -42.30000000
v -35.87338597 -55.50000000 -42.60000000
v -35.82418260 -55.50000000 -42.90000000
v -35.79126255 -55.50000000 -43.20000000
v -35.76841883 -55.50000000 -43.50000000
v -35.74937818 -55.50000000 -43.80000000
v -35.72819900 -55.50000000 -44.10000000
v -36.00000000 -55.75955788 -27.90000000
v -36.00000000 -55.80000000 -27.87528136
v -35.98268313 -55.80000000 -42.00000000
v -36.00000000 -55.80000000 -41.97208187
v -35.87729287 -55.80000000 -42.30000000
v -35.81229512 -55.80000000 -42.60000000
v -35.76376480 -55.80000000 -42.90000000
v -35.72752613 -55.80000000 -43.20000000
v -36.00000000 -56.10000000 -27.77511170
v -36.00000000 -56.10000000 -41.70000000
v -35.89093454 -56.10000000 -42.00000000
v -35.80037401 -56.10000000 -42.30000000
v -35.73454144 -56.10000000 -42.60000000
v -36.00000000 -56.40000000 -27.74658880
v -36.00000000 -56.40000000 -41.40000000
v -35.86695304 -56.40000000 -41.70000000
v -35.77338712 -56.40000000 -42.00000000
v -36.00000000 -56.70000000 -27.78052071
v -36.00000000 -56.70000000 -40.20000000
v -36.00000000 -56.70000000 -40.50000000
v -36.00000000 -56.70000000 -40.80000000
v -35.97343794 -56.70000000 -41.10000000
v -36.00000000 -56.66444110 -41.10000000
v -35.85173075 -56.70000000 -41.40000000
v -36.00000000 -57.00000000 -27.90000000
v -35.94097331 -57.00000000 -40.20000000
v -36.00000000 -57.00000000 -40.11083009
v -35.86067668 -57.00000000 -40.50000000
v -35.84107715 -57.00000000 -40.80000000
v -35.80952178 -57.00000000 -41.10000000
v -35.71608608 -57.00000000 -41.40000000
v -36.00000000 -57.28905423 -28.20000000
v -36.00000000 -57.30000000 -28.21418039
v -36.00000000 -57.30000000 -38.70000000
v -35.98541386 -57.30000000 -39.00000000
v -36.00000000 -57.28687667 -39.00000000
v -35.97437223 -57.30000000 -39.30000000
v -36.00000000 -57.27863788 -39.30000000
v -35.93552454 -57.30000000 -39.60000000
v -36.00000000 -57.25039966 -39.60000000
v -35.84693922 -57.30000000 -39.90000000
v -36.00000000 -57.16450840 -39.90000000
v -35.74511080 -57.30000000 -40.20000000
v -36.00000000 -57.49807594 -28.50000000
v -35.72476179 -57.60000000 -28.80000000
v -36.00000000 -57.60000000 -28.65652754
v -36.00000000 -57.60000000 -37.50000000
v -35.95857344 -57.60000000 -37.80000000
v -36.00000000 -57.56803277 -37.80000000
v -35.89693878 -57.60000000 -38.10000000
v -36.00000000 -57.52385346 -38.10000000
v -35.80083764 -57.60000000 -38.40000000
v -36.00000000 -57.44975497 -38.40000000
v -36.00000000 -57.69420008 -28.80000000
v -36.00000000 -57.90000000 -29.10000000
v -36.00000000 -57.90000000 -36.60000000
v -35.91451536 -57.90000000 -36.90000000
v -36.00000000 -57.83902539 -36.90000000
v -35.79574539 -57.90000000 -37.20000000
v -36.00000000 -57.75192673 -37.20000000
v -36.00000000 -58.01864701 -29.40000000
v -36.00000000 -58.18065594 -29.70000000
v -36.00000000 -58.20000000 -29.72704543
v -36.00000000 -58.20000000 -36.00000000
v -36.00000000 -58.04766682 -36.30000000
v -36.00000000 -58.50000000 -30.00000000
v -36.00000000 -58.50000000 -35.78293628
v -36.00000000 -58.61079200 -30.30000000
v -36.00000000 -58.72543919 -30.60000000
v -36.00000000 -58.80000000 -30.82748698
v -36.00000000 -58.80000000 -34.80000000
v -35.85928288 -58.80000000 -35.10000000
v -36.00000000 -58.74407589 -35.10000000
v -36.00000000 -58.67778291 -35.40000000
v -36.00000000 -58.56151657 -35.70000000
v -36.00000000 -58.82154943 -30.90000000
v -36.00000000 -58.88542571 -31.20000000
v -36.00000000 -58.92825717 -31.50000000
v -36.00000000 -58.95399371 -31.80000000
v -36.00000000 -58.96776798 -32.10000000
v -36.00000000 -58.97539669 -32.40000000
v -36.00000000 -58.98098878 -32.70000000
v -36.00000000 -58.98637108 -33.00000000
v -36.00000000 -58.99185580 -33.30000000
v -36.00000000 -58.99538729 -33.60000000
v -36.00000000 -58.98829325 -33.90000000
v -36.00000000 -58.95699490 -34.20000000
v -36.00000000 -58.89438977 -34.50000000
v -36.30000000 -52.50000000 -37.50000000
v -36.30000000 -52.49148634 -37.80000000
v -36.30000000 -52.50000000 -38.10000000
v -36.30000000 -52.76503981 -35.70000000
v -36.30000000 -52.80000000 -35.61315786
v -36.30000000 -52.68312097 -36.00000000
v -36.30000000 -52.63118822 -36.30000000
v -36.30000000 -52.59746651 -36.60000000
v -36.30000000 -52.57016881 -36.90000000
v -36.30000000 -52.53951871 -37.20000000
v -36.30000000 -52.60906046 -38.40000000
v -36.30000000 -52.71646639 -38.70000000
v -36.30000000 -52.80000000 -39.00000000
v -36.30000000 -53.10000000 -35.10000000
v -36.30000000 -52.89733608 -35.40000000
v -36.30000000 -52.96294023 -39.30000000
v -36.30000000 -53.05582908 -39.60000000
v -36.30000000 -53.10000000 -39.90000000
v -36.30000000 -53.40000000 -34.82798561
v -36.30000000 -53.40000000 -39.99268599
v -36.30000000 -53.42937848 -34.80000000
v -36.30000000 -53.70000000 -34.53885911
v -36.30000000 -53.70000000 -40.20000000
v -36.30000000 -53.73645856 -34.50000000
v -36.30000000 -54.00000000 -34.20000000
v -36.30000000 -53.92958330 -40.50000000
v -36.30000000 -53.99642492 -40.80000000
v -36.30000000 -54.00000000 -41.10000000
v -36.30000000 -54.25584494 -33.60000000
v -36.30000000 -54.30000000 -33.45339368
v -36.30000000 -54.14153690 -33.90000000
v -36.30000000 -54.30000000 -41.40000000
v -36.30000000 -54.60000000 -29.40000000
v -36.30000000 -54.60000000 -29.70000000
v -36.30000000 -54.60000000 -30.00000000
v -36.30000000 -54.60000000 -30.30000000
v -36.30000000 -54.60000000 -30.60000000
v -36.30000000 -54.60000000 -30.90000000
v -36.30000000 -54.60000000 -31.20000000
v -36.30000000 -54.60000000 -31.50000000
v -36.30000000 -54.60000000 -31.80000000
v -36.30000000 -54.54541575 -32.10000000
v -36.30000000 -54.48137415 -32.40000000
v -36.30000000 -54.43442043 -32.70000000
v -36.30000000 -54.39399010 -33.00000000
v -36.30000000 -54.34192039 -33.30000000
v -36.30000000 -54.54710240 -41.70000000
v -36.30000000 -54.60000000 -42.00000000
v -36.30000000 -54.90000000 -29.16416984
v -36.30000000 -54.90000000 -42.00000000
v -36.30000000 -55.14946804 -28.80000000
v -36.30000000 -55.20000000 -28.72346128
v -36.30000000 -54.94890513 -29.10000000
v -36.30000000 -55.20000000 -42.00000000
v -36.30000000 -55.34216885 -28.50000000
v -36.30000000 -55.50000000 -28.27132547
v -36.30000000 -55.50000000 -41.74241977
v -36.30000000 -55.80000000 -27.90000000
v -36.30000000 -55.55044701 -28.20000000
v -36.30000000 -55.80000000 -41.70000000
v -36.30000000 -56.10000000 -27.77483970
v -36.30000000 -56.10000000 -41.40000000
v -36.30000000 -56.40000000 -27.73933296
v -36.30000000 -56.40000000 -40.50000000
v -36.30000000 -56.40000000 -40.80000000
v -36.30000000 -56.40000000 -41.10000000
v -36.30000000 -56.70000000 -27.77697084
v -36.30000000 -56.44643916 -40.20000000
v -36.30000000 -56.70000000 -39.96221524
v -36.30000000 -57.00000000 -27.90000000
v -36.30000000 -57.00000000 -39.30000000
v -36.30000000 -57.00000000 -39.60000000
v -36.30000000 -57.00000000 -39.90000000
v -36.30000000 -57.30000000 -28.20000000
v -36.30000000 -57.30000000 -38.40000000
v -36.30000000 -57.07429493 -38.70000000
v -36.30000000 -57.00060996 -39.00000000
v -36.30000000 -57.54265513 -28.50000000
v -36.30000000 -57.60000000 -28.58197323
v -36.30000000 -57.60000000 -37.20000000
v -36.30000000 -57.43170122 -37.50000000
v -36.30000000 -57.34642965 -37.80000000
v -36.30000000 -57.31140989 -38.10000000
v -36.30000000 -57.74566057 -28.80000000
v -36.30000000 -57.90000000 -29.06292027
v -36.30000000 -57.90000000 -36.30000000
v -36.30000000 -57.73472815 -36.60000000
v -36.30000000 -57.64872623 -36.90000000
v -36.30000000 -57.92075668 -29.10000000
v -36.30000000 -58.05809803 -29.40000000
v -36.30000000 -58.20000000 -29.70000000
v -36.30000000 -58.07050571 -36.00000000
v -36.30000000 -58.20000000 -35.85989097
v -36.30000000 -58.50000000 -30.00000000
v -36.30000000 -58.50000000 -35.70000000
v -36.30000000 -58.64650610 -30.30000000
v -36.30000000 -58.74940400 -30.60000000
v -36.30000000 -58.80000000 -30.79340995
v -36.30000000 -58.80000000 -34.50000000
v -36.30000000 -58.67768295 -34.80000000
v -36.30000000 -58.57101957 -35.10000000
v -36.30000000 -58.51428815 -35.40000000
v -36.30000000 -58.82632576 -30.90000000
v -36.30000000 -58.88019696 -31.20000000
v -36.30000000 -58.91451705 -31.50000000
v -36.30000000 -58.93264677 -31.80000000
v -36.30000000 -58.94174796 -32.10000000
v -36.30000000 -58.94753468 -32.40000000
v -36.30000000 -58.95199495 -32.70000000
v -36.30000000 -58.95372307 -33.00000000
v -36.30000000 -58.94964414 -33.30000000
v -36.30000000 -58.93913311 -33.60000000
v -36.30000000 -58.91985159 -33.90000000
v -36.30000000 -58.88130363 -34.20000000
v -36.32201752 -52.50000000 -37.80000000
v -36.51461810 -52.80000000 -35.70000000
v -36.60000000 -52.72776535 -36.00000000
v -36.60000000 -52.80000000 -35.74529035
v -36.60000000 -52.66870326 -36.30000000
v -36.60000000 -52.63252607 -36.60000000
v -36.60000000 -52.61629865 -36.90000000
v -36.60000000 -52.60946766 -37.20000000
v -36.60000000 -52.60889303 -37.50000000
v -36.60000000 -52.62954049 -37.80000000
v -36.60000000 -52.69907651 -38.10000000
v -36.60000000 -52.80000000 -38.40000000
v -36.41979324 -52.80000000 -38.70000000
v -36.60000000 -52.93586513 -35.40000000
v -36.60000000 -53.10000000 -35.10000000
v -36.60000000 -52.81399385 -35.70000000
v -36.60000000 -52.98494087 -38.70000000
v -36.60000000 -53.10000000 -39.00000000
v -36.43627851 -53.10000000 -39.30000000
v -36.34500047 -53.10000000 -39.60000000
v -36.60000000 -53.40000000 -34.80000000
v -36.60000000 -53.40000000 -39.30000000
v -36.51004097 -53.40000000 -39.60000000
v -36.37558949 -53.40000000 -39.90000000
v -36.44582144 -53.70000000 -34.50000000
v -36.60000000 -53.66166061 -34.50000000
v -36.60000000 -53.70000000 -34.45079693
v -36.60000000 -53.63671187 -39.60000000
v -36.48446481 -53.70000000 -39.90000000
v -36.60000000 -53.70000000 -39.65764669
v -36.60000000 -53.87960826 -34.20000000
v -36.60000000 -54.00000000 -33.99327858
v -36.60000000 -53.99992542 -39.90000000
v -36.47026608 -54.00000000 -40.20000000
v -36.60000000 -54.00000000 -39.90006626
v -36.35393080 -54.00000000 -40.50000000
v -36.30296126 -54.00000000 -40.80000000
v -36.60000000 -54.18196451 -33.60000000
v -36.60000000 -54.30000000 -33.30000000
v -36.60000000 -54.04908533 -33.90000000
v -36.60000000 -54.30000000 -40.20000000
v -36.50063703 -54.30000000 -40.50000000
v -36.44024264 -54.30000000 -40.80000000
v -36.38840376 -54.30000000 -41.10000000
v -36.60000000 -54.60000000 -32.10000000
v -36.60000000 -54.50023046 -32.40000000
v -36.60000000 -54.42973947 -32.70000000
v -36.60000000 -54.36328905 -33.00000000
v -36.56041800 -54.60000000 -40.50000000
v -36.60000000 -54.60000000 -40.34310992
v -36.50053982 -54.60000000 -40.80000000
v -36.44569582 -54.60000000 -41.10000000
v -36.38880014 -54.60000000 -41.40000000
v -36.33046482 -54.60000000 -41.70000000
v -36.53917714 -54.90000000 -29.40000000
v -36.60000000 -54.90000000 -29.70000000
v -36.60000000 -54.90000000 -30.00000000
v -36.60000000 -54.90000000 -30.30000000
v -36.60000000 -54.90000000 -30.60000000
v -36.60000000 -54.90000000 -30.90000000
v -36.60000000 -54.90000000 -31.20000000
v -36.60000000 -54.90000000 -31.50000000
v -36.60000000 -54.90000000 -31.80000000
v -36.57228164 -54.90000000 -40.50000000
v -36.60000000 -54.90000000 -40.36397741
v -36.52254889 -54.90000000 -40.80000000
v -36.47751148 -54.90000000 -41.10000000
v -36.43728892 -54.90000000 -41.40000000
v -36.39410453 -54.90000000 -41.70000000
v -36.42944743 -55.20000000 -28.80000000
v -36.60000000 -55.09041197 -29.10000000
v -36.60000000 -55.20000000 -28.91727970
v -36.60000000 -54.94656266 -29.40000000
v -36.60000000 -55.20000000 -40.20000000
v -36.56079420 -55.20000000 -40.50000000
v -36.52309384 -55.20000000 -40.80000000
v -36.48452724 -55.20000000 -41.10000000
v -36.44130032 -55.20000000 -41.40000000
v -36.38211892 -55.20000000 -41.70000000
v -36.60000000 -55.44533445 -28.50000000
v -36.60000000 -55.50000000 -28.41098387
v -36.60000000 -55.26492151 -28.80000000
v -36.59018901 -55.50000000 -40.20000000
v -36.60000000 -55.50000000 -40.16048242
v -36.54293954 -55.50000000 -40.50000000
v -36.50752327 -55.50000000 -40.80000000
v -36.47070752 -55.50000000 -41.10000000
v -36.42027463 -55.50000000 -41.40000000
v -36.32537396 -55.50000000 -41.70000000
v -36.60000000 -55.63166540 -28.20000000
v -36.60000000 -55.80000000 -27.90000000
v -36.54838011 -55.80000000 -40.20000000
v -36.60000000 -55.80000000 -39.95977828
v -36.50573364 -55.80000000 -40.50000000
v -36.47405565 -55.80000000 -40.80000000
v -36.43569997 -55.80000000 -41.10000000
v -36.38081843 -55.80000000 -41.40000000
v -36.60000000 -56.10000000 -27.79185860
v -36.53140478 -56.10000000 -39.90000000
v -36.60000000 -55.85114318 -39.90000000
v -36.60000000 -56.10000000 -39.66424152
v -36.46635677 -56.10000000 -40.20000000
v -36.43271552 -56.10000000 -40.50000000
v -36.41394051 -56.10000000 -40.80000000
v -36.38044565 -56.10000000 -41.10000000
v -36.60000000 -56.40000000 -27.74619250
v -36.59608946 -56.40000000 -39.30000000
v -36.60000000 -56.38941578 -39.30000000
v -36.60000000 -56.40000000 -39.27922057
v -36.52422978 -56.40000000 -39.60000000
v -36.60000000 -56.15889724 -39.60000000
v -36.42727120 -56.40000000 -39.90000000
v -36.32798702 -56.40000000 -40.20000000
v -36.60000000 -56.70000000 -27.77679987
v -36.60000000 -56.70000000 -38.40000000
v -36.54518121 -56.70000000 -38.70000000
v -36.60000000 -56.59922421 -38.70000000
v -36.50101331 -56.70000000 -39.00000000
v -36.60000000 -56.50746017 -39.00000000
v -36.46914815 -56.70000000 -39.30000000
v -36.42894037 -56.70000000 -39.60000000
v -36.33664227 -56.70000000 -39.90000000
v -36.60000000 -57.00000000 -27.90000000
v -36.60000000 -57.00000000 -38.10000000
v -36.46641142 -57.00000000 -38.40000000
v -36.35885820 -57.00000000 -38.70000000
v -36.30051862 -57.00000000 -39.00000000
v -36.60000000 -57.30000000 -28.20000000
v -36.60000000 -57.30000000 -37.20000000
v -36.44838228 -57.30000000 -37.50000000
v -36.60000000 -57.12132496 -37.50000000
v -36.35276936 -57.30000000 -37.80000000
v -36.60000000 -57.03027582 -37.80000000
v -36.31285442 -57.30000000 -38.10000000
v -36.60000000 -57.55642643 -28.50000000
v -36.60000000 -57.60000000 -28.55997422
v -36.46958569 -57.60000000 -36.60000000
v -36.60000000 -57.47843756 -36.60000000
v -36.60000000 -57.60000000 -36.33977046
v -36.36271343 -57.60000000 -36.90000000
v -36.60000000 -57.38084300 -36.90000000
v -36.60000000 -57.76121830 -28.80000000
v -36.60000000 -57.90000000 -29.04918403
v -36.48553030 -57.90000000 -36.00000000
v -36.60000000 -57.78998469 -36.00000000
v -36.60000000 -57.90000000 -35.81695669
v -36.60000000 -57.61914701 -36.30000000
v -36.60000000 -57.92745050 -29.10000000
v -36.60000000 -58.06636610 -29.40000000
v -36.60000000 -58.20000000 -29.70000000
v -36.60000000 -58.20000000 -35.10000000
v -36.54195270 -58.20000000 -35.40000000
v -36.60000000 -58.12401874 -35.40000000
v -36.43112476 -58.20000000 -35.70000000
v -36.60000000 -57.97830001 -35.70000000
v -36.60000000 -58.50000000 -30.00000000
v -36.60000000 -58.50000000 -34.80000000
v -36.38517281 -58.50000000 -35.10000000
v -36.31597754 -58.50000000 -35.40000000
v -36.60000000 -58.63842000 -30.30000000
v -36.60000000 -58.72890537 -30.60000000
v -36.60000000 -58.80000000 -30.89670867
v -36.60000000 -58.80000000 -34.20000000
v -36.60000000 -58.61579300 -34.50000000
v -36.60000000 -58.80075317 -30.90000000
v -36.60000000 -58.85385640 -31.20000000
v -36.60000000 -58.87641752 -31.50000000
v -36.60000000 -58.88379117 -31.80000000
v -36.60000000 -58.88756466 -32.10000000
v -36.60000000 -58.89224037 -32.40000000
v -36.60000000 -58.89705512 -32.70000000
v -36.60000000 -58.89818063 -33.00000000
v -36.60000000 -58.88689698 -33.30000000
v -36.60000000 -58.85374955 -33.60000000
v -36.60000000 -58.82098302 -33.90000000
v -36.90000000 -52.78106564 -36.00000000
v -36.90000000 -52.80000000 -35.92837348
v -36.90000000 -52.71691257 -36.30000000
v -36.90000000 -52.68511356 -36.60000000
v -36.90000000 -52.68757981 -36.90000000
v -36.90000000 -52.72656991 -37.20000000
v -36.90000000 -52.76805992 -37.50000000
v -36.90000000 -52.80000000 -37.80000000
v -36.71455724 -52.80000000 -38.10000000
v -36.90000000 -52.95945268 -35.40000000
v -36.90000000 -53.10000000 -35.10000000
v -36.90000000 -52.86336615 -35.70000000
v -36.90000000 -53.06570655 -38.10000000
v -36.78396088 -53.10000000 -38.40000000
v -36.90000000 -53.10000000 -38.14318731
v -36.67710577 -53.10000000 -38.70000000
v -36.90000000 -53.40000000 -34.80000000
v -36.90000000 -53.40000000 -38.40000000
v -36.80531199 -53.40000000 -38.70000000
v -36.71270900 -53.40000000 -39.00000000
v -36.90000000 -53.59775892 -34.50000000
v -36.90000000 -53.70000000 -34.33157094
v -36.90000000 -53.70000000 -38.70000000
v -36.81354301 -53.70000000 -39.00000000
v -36.72184988 -53.70000000 -39.30000000
v -36.62275463 -53.70000000 -39.60000000
v -36.73943109 -54.00000000 -33.90000000
v -36.90000000 -53.94265216 -33.90000000
v -36.90000000 -54.00000000 -33.78297868
v -36.90000000 -53.77748149 -34.20000000
v -36.90000000 -54.00000000 -39.00000000
v -36.81710576 -54.00000000 -39.30000000
v -36.71408198 -54.00000000 -39.60000000
v -36.60002461 -54.00000000 -39.90000000
v -36.90000000 -54.21011210 -33.30000000
v -36.90000000 -54.30000000 -33.00000000
v -36.90000000 -54.08678369 -33.60000000
v -36.90000000 -54.30000000 -39.30000000
v -36.78394590 -54.30000000 -39.60000000
v -36.68083731 -54.30000000 -39.90000000
v -36.90000000 -54.50819174 -32.40000000
v -36.90000000 -54.60000000 -32.10000000
v -36.90000000 -54.40863631 -32.70000000
v -36.81557235 -54.60000000 -39.60000000
v -36.90000000 -54.60000000 -39.33380890
v -36.71957927 -54.60000000 -39.90000000
v -36.63542249 -54.60000000 -40.20000000
v -36.90000000 -54.90000000 -31.83910142
v -36.81934872 -54.90000000 -39.60000000
v -36.90000000 -54.90000000 -39.33374589
v -36.72313951 -54.90000000 -39.90000000
v -36.63457188 -54.90000000 -40.20000000
v -36.78548089 -55.20000000 -29.10000000
v -36.90000000 -55.15752774 -29.40000000
v -36.90000000 -55.20000000 -29.27749873
v -36.90000000 -55.10097724 -29.70000000
v -36.90000000 -55.07790890 -30.00000000
v -36.90000000 -55.06902204 -30.30000000
v -36.90000000 -55.06129771 -30.60000000
v -36.90000000 -55.04380203 -30.90000000
v -36.90000000 -55.02428868 -31.20000000
v -36.90000000 -54.99653214 -31.50000000
v -36.90000000 -54.92122062 -31.80000000
v -36.90000000 -55.20000000 -39.30000000
v -36.80229135 -55.20000000 -39.60000000
v -36.70176705 -55.20000000 -39.90000000
v -36.72468267 -55.50000000 -28.50000000
v -36.90000000 -55.40644107 -28.80000000
v -36.90000000 -55.50000000 -28.63640291
v -36.90000000 -55.26203009 -29.10000000
v -36.85910657 -55.50000000 -39.30000000
v -36.90000000 -55.50000000 -39.15608620
v -36.76201875 -55.50000000 -39.60000000
v -36.66823349 -55.50000000 -39.90000000
v -36.90000000 -55.80000000 -28.20000000
v -36.90000000 -55.58178784 -28.50000000
v -36.90000000 -55.80000000 -39.00000000
v -36.79691186 -55.80000000 -39.30000000
v -36.69971068 -55.80000000 -39.60000000
v -36.61326123 -55.80000000 -39.90000000
v -36.90000000 -56.01579581 -27.90000000
v -36.90000000 -56.10000000 -27.84553827
v -36.88316401 -56.10000000 -38.40000000
v -36.90000000 -56.05157224 -38.40000000
v -36.90000000 -56.10000000 -38.31672772
v -36.83249375 -56.10000000 -38.70000000
v -36.90000000 -55.91130643 -38.70000000
v -36.77879499 -56.10000000 -39.00000000
v -36.70407564 -56.10000000 -39.30000000
v -36.61810794 -56.10000000 -39.60000000
v -36.90000000 -56.40000000 -27.77981699
v -36.89959171 -56.40000000 -37.80000000
v -36.90000000 -56.39899276 -37.80000000
v -36.90000000 -56.40000000 -37.79834195
v -36.82534335 -56.40000000 -38.10000000
v -36.90000000 -56.21352906 -38.10000000
v -36.75554767 -56.40000000 -38.40000000
v -36.70081755 -56.40000000 -38.70000000
v -36.65142904 -56.40000000 -39.00000000
v -36.90000000 -56.70000000 -27.79596938
v -36.90000000 -56.70000000 -37.20000000
v -36.83380815 -56.70000000 -37.50000000
v -36.90000000 -56.55942182 -37.50000000
v -36.77058599 -56.70000000 -37.80000000
v -36.70258747 -56.70000000 -38.10000000
v -36.90000000 -57.00000000 -27.89694314
v -36.90000000 -57.00000000 -36.90000000
v -36.77195477 -57.00000000 -37.20000000
v -36.67878021 -57.00000000 -37.50000000
v -36.62101707 -57.00000000 -37.80000000
v -36.90000000 -57.00422709 -27.90000000
v -36.90000000 -57.29952806 -28.20000000
v -36.90000000 -57.30000000 -28.20054237
v -36.86593453 -57.30000000 -36.30000000
v -36.90000000 -57.25084459 -36.30000000
v -36.90000000 -57.30000000 -36.22999042
v -36.75455530 -57.30000000 -36.60000000
v -36.90000000 -57.09301443 -36.60000000
v -36.67144325 -57.30000000 -36.90000000
v -36.90000000 -57.53863513 -28.50000000
v -36.90000000 -57.60000000 -28.58188423
v -36.76712887 -57.60000000 -36.00000000
v -36.90000000 -57.44275958 -36.00000000
v -36.90000000 -57.60000000 -35.74479184
v -36.61757653 -57.60000000 -36.30000000
v -36.90000000 -57.74983292 -28.80000000
v -36.90000000 -57.90000000 -29.05694134
v -36.90000000 -57.90000000 -35.10000000
v -36.78491905 -57.90000000 -35.40000000
v -36.90000000 -57.77151272 -35.40000000
v -36.65933662 -57.90000000 -35.70000000
v -36.90000000 -57.62552111 -35.70000000
v -36.90000000 -57.92352870 -29.10000000
v -36.90000000 -58.05729200 -29.40000000
v -36.90000000 -58.20000000 -29.70000000
v -36.90000000 -58.20000000 -34.50000000
v -36.78430341 -58.20000000 -34.80000000
v -36.90000000 -58.06158368 -34.80000000
v -36.90000000 -58.50000000 -30.00000000
v -36.90000000 -58.50000000 -34.20000000
v -36.71241065 -58.50000000 -34.50000000
v -36.90000000 -58.59183977 -30.30000000
v -36.90000000 -58.65183834 -30.60000000
v -36.60301361 -58.80000000 -30.90000000
v -36.90000000 -58.71449753 -30.90000000
v -36.90000000 -58.80000000 -31.20000000
v -36.90000000 -58.80000000 -32.10000000
v -36.90000000 -58.80000000 -32.40000000
v -36.90000000 -58.80000000 -32.70000000
v -36.90000000 -58.80000000 -33.00000000
v -36.90000000 -58.80000000 -33.30000000
v -36.72845714 -58.80000000 -33.60000000
v -36.90000000 -58.71024197 -33.60000000
v -36.63827035 -58.80000000 -33.90000000
v -36.90000000 -58.60988383 -33.90000000
v -36.90000000 -58.80095598 -31.50000000
v -36.90000000 -58.80057236 -31.80000000
v -36.96297515 -52.80000000 -36.00000000
v -37.20000000 -52.80000000 -36.30000000
v -37.20000000 -52.80000000 -36.60000000
v -37.20000000 -52.80000000 -36.90000000
v -37.01618851 -52.80000000 -37.20000000
v -36.93890558 -52.80000000 -37.50000000
v -37.20000000 -52.99672077 -35.40000000
v -37.20000000 -53.10000000 -35.10000000
v -37.20000000 -52.94320169 -35.70000000
v -37.20000000 -52.88567727 -36.00000000
v -37.20000000 -52.98510349 -37.20000000
v -37.20000000 -53.10000000 -37.50000000
v -37.05574478 -53.10000000 -37.80000000
v -36.91883108 -53.10000000 -38.10000000
v -37.20000000 -53.40000000 -34.80000000
v -37.16740590 -53.40000000 -37.80000000
v -37.20000000 -53.40000000 -37.72411777
v -37.03356871 -53.40000000 -38.10000000
v -37.20000000 -53.56323215 -34.50000000
v -37.20000000 -53.70000000 -34.20000000
v -37.20000000 -53.52411796 -37.80000000
v -37.12035340 -53.70000000 -38.10000000
v -37.20000000 -53.70000000 -37.90505550
v -37.00319140 -53.70000000 -38.40000000
v -37.20000000 -53.86840918 -33.90000000
v -37.20000000 -54.00000000 -33.60000000
v -37.17953281 -54.00000000 -38.10000000
v -37.20000000 -54.00000000 -38.04736334
v -37.07215028 -54.00000000 -38.40000000
v -36.97930105 -54.00000000 -38.70000000
v -37.20000000 -54.26427106 -33.00000000
v -37.20000000 -54.30000000 -32.90658909
v -37.20000000 -54.14441464 -33.30000000
v -37.20000000 -54.21814863 -38.10000000
v -37.11008872 -54.30000000 -38.40000000
v -37.20000000 -54.30000000 -38.12243535
v -37.02879451 -54.30000000 -38.70000000
v -36.95939444 -54.30000000 -39.00000000
v -37.20000000 -54.52333752 -32.40000000
v -37.20000000 -54.60000000 -32.26304432
v -37.20000000 -54.38686566 -32.70000000
v -37.20000000 -54.60000000 -38.10000000
v -37.12274104 -54.60000000 -38.40000000
v -37.05236281 -54.60000000 -38.70000000
v -36.98372305 -54.60000000 -39.00000000
v -36.91024872 -54.60000000 -39.30000000
v -37.20000000 -54.90000000 -32.10000000
v -37.20000000 -54.90000000 -38.10000000
v -37.12133426 -54.90000000 -38.40000000
v -37.05409323 -54.90000000 -38.70000000
v -36.98609169 -54.90000000 -39.00000000
v -36.91005008 -54.90000000 -39.30000000
v -36.96823143 -55.20000000 -29.40000000
v -37.07020982 -55.20000000 -29.70000000
v -37.13404656 -55.20000000 -30.00000000
v -37.17403861 -55.20000000 -30.30000000
v -37.20000000 -55.20000000 -30.60000000
v -37.20000000 -55.14216251 -30.90000000
v -37.20000000 -55.09178640 -31.20000000
v -37.20000000 -55.03392275 -31.50000000
v -37.20000000 -54.95668723 -31.80000000
v -37.17885903 -55.20000000 -38.10000000
v -37.20000000 -55.20000000 -38.03730693
v -37.10138290 -55.20000000 -38.40000000
v -37.03670740 -55.20000000 -38.70000000
v -36.97194688 -55.20000000 -39.00000000
v -37.07424007 -55.50000000 -28.80000000
v -37.20000000 -55.43334971 -29.10000000
v -37.20000000 -55.50000000 -28.94844418
v -37.20000000 -55.33514556 -29.40000000
v -37.20000000 -55.27148110 -29.70000000
v -37.20000000 -55.23282061 -30.00000000
v -37.20000000 -55.21157012 -30.30000000
v -37.20000000 -55.50000000 -37.80000000
v -37.12191399 -55.50000000 -38.10000000
v -37.05596198 -55.50000000 -38.40000000
v -36.99961650 -55.50000000 -38.70000000
v -36.94180306 -55.50000000 -39.00000000
v -37.20000000 -55.74047032 -28.50000000
v -37.20000000 -55.80000000 -28.40343429
v -37.20000000 -55.57036415 -28.80000000
v -37.11916826 -55.80000000 -37.80000000
v -37.20000000 -55.80000000 -37.55648881
v -37.04307383 -55.80000000 -38.10000000
v -36.98318439 -55.80000000 -38.40000000
v -36.93716724 -55.80000000 -38.70000000
v -37.20000000 -56.10000000 -27.90000000
v -37.20000000 -55.93671734 -28.20000000
v -37.20000000 -56.10000000 -37.20000000
v -37.10232051 -56.10000000 -37.50000000
v -37.20000000 -55.85027086 -37.50000000
v -37.01682205 -56.10000000 -37.80000000
v -36.94353758 -56.10000000 -38.10000000
v -37.20000000 -56.40000000 -27.88629480
v -37.20000000 -56.40000000 -36.60000000
v -37.13351841 -56.40000000 -36.90000000
v -37.20000000 -56.28042387 -36.90000000
v -37.05223181 -56.40000000 -37.20000000
v -36.97343442 -56.40000000 -37.50000000
v -37.20000000 -56.70000000 -27.88804689
v -37.20000000 -56.70000000 -36.30000000
v -37.08827176 -56.70000000 -36.60000000
v -37.00332488 -56.70000000 -36.90000000
v -37.20000000 -57.00000000 -27.90000000
v -37.20000000 -57.00000000 -36.00000000
v -37.05371633 -57.00000000 -36.30000000
v -36.95572875 -57.00000000 -36.60000000
v -37.20000000 -57.22010507 -28.20000000
v -37.20000000 -57.30000000 -28.28587976
v -37.20000000 -57.30000000 -35.70000000
v -37.01051999 -57.30000000 -36.00000000
v -37.20000000 -57.47133557 -28.50000000
v -37.20000000 -57.60000000 -28.65851950
v -37.18323255 -57.60000000 -35.10000000
v -37.20000000 -57.58063005 -35.10000000
v -37.20000000 -57.60000000 -35.06498985
v -37.05368205 -57.60000000 -35.40000000
v -37.20000000 -57.42996773 -35.40000000
v -36.92217818 -57.60000000 -35.70000000
v -37.20000000 -57.70171746 -28.80000000
v -37.20000000 -57.90000000 -29.10000000
v -37.20000000 -57.90000000 -34.50000000
v -37.04695781 -57.90000000 -34.80000000
v -37.20000000 -57.73909640 -34.80000000
v -37.20000000 -58.00827011 -29.40000000
v -37.20000000 -58.11355076 -29.70000000
v -37.20000000 -58.20000000 -30.00000000
v -37.20000000 -58.20000000 -33.90000000
v -37.08829588 -58.20000000 -34.20000000
v -37.20000000 -58.06768669 -34.20000000
v -37.20000000 -58.50000000 -30.30000000
v -37.20000000 -58.50000000 -30.60000000
v -37.20000000 -58.50000000 -33.60000000
v -37.01101572 -58.50000000 -33.90000000
v -37.20000000 -58.51886992 -30.90000000
v -37.20000000 -58.58747015 -31.20000000
v -36.90231428 -58.80000000 -31.50000000
v -37.20000000 -58.65668085 -31.50000000
v -36.90149986 -58.80000000 -31.80000000
v -37.20000000 -58.67454487 -31.80000000
v -37.20000000 -58.65821486 -32.10000000
v -37.20000000 -58.60307605 -32.40000000
v -37.20000000 -58.55962960 -32.70000000
v -37.20000000 -58.54096494 -33.00000000
v -37.20000000 -58.52757739 -33.30000000
v -37.50000000 -53.09780970 -35.40000000
v -37.50000000 -53.10000000 -35.10000000
v -37.50000000 -53.10000000 -35.70000000
v -37.50000000 -53.10000000 -36.00000000
v -37.50000000 -53.10000000 -36.30000000
v -37.41062160 -53.10000000 -36.60000000
v -37.34823516 -53.10000000 -36.90000000
v -37.27018987 -53.10000000 -37.20000000
v -37.50000000 -53.40000000 -34.80090925
v -37.50000000 -53.40000000 -36.60000000
v -37.45187114 -53.40000000 -36.90000000
v -37.37931007 -53.40000000 -37.20000000
v -37.28751367 -53.40000000 -37.50000000
v -37.50000000 -53.57533954 -34.50000000
v -37.50000000 -53.70000000 -34.20000000
v -37.50000000 -53.40062661 -34.80000000
v -37.50000000 -53.55174796 -36.90000000
v -37.45711471 -53.70000000 -37.20000000
v -37.50000000 -53.70000000 -37.05544859
v -37.35492889 -53.70000000 -37.50000000
v -37.24187617 -53.70000000 -37.80000000
v -37.50000000 -53.98922261 -33.60000000
v -37.50000000 -54.00000000 -33.57409292
v -37.50000000 -53.86048921 -33.90000000
v -37.50000000 -53.90321554 -37.20000000
v -37.41044095 -54.00000000 -37.50000000
v -37.50000000 -54.00000000 -37.25474355
v -37.29555649 -54.00000000 -37.80000000
v -37.50000000 -54.23649398 -33.00000000
v -37.50000000 -54.30000000 -32.84762670
v -37.50000000 -54.11383459 -33.30000000
v -37.45754571 -54.30000000 -37.50000000
v -37.50000000 -54.30000000 -37.38696234
v -37.33166029 -54.30000000 -37.80000000
v -37.20767981 -54.30000000 -38.10000000
v -37.50000000 -54.51257937 -32.40000000
v -37.50000000 -54.60000000 -32.10000000
v -37.50000000 -54.36908061 -32.70000000
v -37.50000000 -54.60000000 -37.50000000
v -37.34781282 -54.60000000 -37.80000000
v -37.50000000 -54.90000000 -31.92381588
v -37.50000000 -54.90000000 -37.50000000
v -37.33690427 -54.90000000 -37.80000000
v -37.50000000 -55.20000000 -30.90000000
v -37.50000000 -55.13599953 -31.20000000
v -37.50000000 -55.06110720 -31.50000000
v -37.50000000 -54.96054656 -31.80000000
v -37.41612652 -55.20000000 -37.50000000
v -37.50000000 -55.20000000 -37.29589907
v -37.28586500 -55.20000000 -37.80000000
v -37.31554616 -55.50000000 -29.10000000
v -37.50000000 -55.50000000 -29.40000000
v -37.50000000 -55.42811045 -29.70000000
v -37.50000000 -55.36935487 -30.00000000
v -37.50000000 -55.31871976 -30.30000000
v -37.50000000 -55.26765248 -30.60000000
v -37.45548913 -55.50000000 -37.20000000
v -37.50000000 -55.34245036 -37.20000000
v -37.50000000 -55.50000000 -37.10220807
v -37.32336840 -55.50000000 -37.50000000
v -37.29639623 -55.80000000 -28.50000000
v -37.50000000 -55.75110295 -28.80000000
v -37.50000000 -55.80000000 -28.71523838
v -37.50000000 -55.60975683 -29.10000000
v -37.50000000 -55.80000000 -36.90000000
v -37.34395932 -55.80000000 -37.20000000
v -37.21983629 -55.80000000 -37.50000000
v -37.38215466 -56.10000000 -28.20000000
v -37.50000000 -55.95910171 -28.50000000
v -37.50000000 -56.10000000 -28.33959176
v -37.42941698 -56.10000000 -36.60000000
v -37.50000000 -55.98645134 -36.60000000
v -37.50000000 -56.10000000 -36.45712182
v -37.31034980 -56.10000000 -36.90000000
v -37.21923347 -56.40000000 -27.90000000
v -37.50000000 -56.40000000 -28.20000000
v -37.38258962 -56.40000000 -36.30000000
v -37.50000000 -56.22168426 -36.30000000
v -37.50000000 -56.40000000 -36.09332835
v -37.21769590 -56.70000000 -27.90000000
v -37.50000000 -56.70000000 -28.20000000
v -37.50000000 -56.70000000 -35.70000000
v -37.36252173 -56.70000000 -36.00000000
v -37.50000000 -56.48119764 -36.00000000
v -37.44749901 -57.00000000 -28.20000000
v -37.50000000 -57.00000000 -28.24756581
v -37.50000000 -57.00000000 -35.40000000
v -37.35056489 -57.00000000 -35.70000000
v -37.50000000 -57.30000000 -28.46991131
v -37.43025090 -57.30000000 -35.10000000
v -37.50000000 -57.20170328 -35.10000000
v -37.50000000 -57.30000000 -34.96649218
v -37.30113633 -57.30000000 -35.40000000
v -37.50000000 -57.32793626 -28.50000000
v -37.50000000 -57.60000000 -28.80000000
v -37.50000000 -57.60000000 -34.50000000
v -37.33197455 -57.60000000 -34.80000000
v -37.50000000 -57.40866736 -34.80000000
v -37.50000000 -57.76988519 -29.10000000
v -37.50000000 -57.90000000 -29.40000000
v -37.50000000 -57.90000000 -33.90000000
v -37.35791959 -57.90000000 -34.20000000
v -37.50000000 -57.75767747 -34.20000000
v -37.50000000 -57.99022646 -29.70000000
v -37.50000000 -58.07656860 -30.00000000
v -37.46097854 -58.20000000 -30.30000000
v -37.50000000 -58.17121197 -30.30000000
v -37.50000000 -58.20000000 -30.60000000
v -37.50000000 -58.20000000 -30.90000000
v -37.50000000 -58.20000000 -31.20000000
v -37.50000000 -58.20000000 -32.40000000
v -37.50000000 -58.20000000 -32.70000000
v -37.49375623 -58.20000000 -33.00000000
v -37.50000000 -58.19272222 -33.00000000
v -37.45815458 -58.20000000 -33.30000000
v -37.50000000 -58.14830637 -33.30000000
v -37.37671567 -58.20000000 -33.60000000
v -37.50000000 -58.04714366 -33.60000000
v -37.22087418 -58.50000000 -30.90000000
v -37.29901371 -58.50000000 -31.20000000
v -37.50000000 -58.50000000 -31.50000000
v -37.50000000 -58.50000000 -32.10000000
v -37.31497841 -58.50000000 -32.40000000
v -37.25757786 -58.50000000 -32.70000000
v -37.23829006 -58.50000000 -33.00000000
v -37.22507616 -58.50000000 -33.30000000
v -37.50000000 -58.50176229 -31.80000000
v -37.50316547 -53.10000000 -35.40000000
v -37.77473723 -53.40000000 -35.10000000
v -37.80000000 -53.40000000 -35.40000000
v -37.75389715 -53.40000000 -35.70000000
v -37.68387207 -53.40000000 -36.00000000
v -37.61092883 -53.40000000 -36.30000000
v -37.80000000 -53.66744392 -34.50000000
v -37.80000000 -53.70000000 -34.43052604
v -37.80000000 -53.53191482 -34.80000000
v -37.80000000 -53.42157130 -35.10000000
v -37.80000000 -53.47629519 -35.70000000
v -37.80000000 -53.70000000 -36.00000000
v -37.72492706 -53.70000000 -36.30000000
v -37.63302725 -53.70000000 -36.60000000
v -37.54681292 -53.70000000 -36.90000000
v -37.59007535 -54.00000000 -33.60000000
v -37.80000000 -53.92741330 -33.90000000
v -37.80000000 -54.00000000 -33.68240789
v -37.80000000 -53.80814706 -34.20000000
v -37.80000000 -53.89888037 -36.30000000
v -37.72955776 -54.00000000 -36.60000000
v -37.80000000 -54.00000000 -36.40414336
v -37.62367754 -54.00000000 -36.90000000
v -37.52010682 -54.00000000 -37.20000000
v -37.80000000 -54.22572052 -33.00000000
v -37.80000000 -54.30000000 -32.82544715
v -37.80000000 -54.11985318 -33.30000000
v -37.80000000 -54.02608613 -33.60000000
v -37.78917205 -54.30000000 -36.60000000
v -37.80000000 -54.30000000 -36.57577934
v -37.67324972 -54.30000000 -36.90000000
v -37.56850925 -54.30000000 -37.20000000
v -37.80000000 -54.54775575 -32.40000000
v -37.80000000 -54.60000000 -32.32878098
v -37.80000000 -54.36127062 -32.70000000
v -37.80000000 -54.60000000 -36.60000000
v -37.69176755 -54.60000000 -36.90000000
v -37.59556938 -54.60000000 -37.20000000
v -37.80000000 -54.90000000 -32.10000000
v -37.80000000 -54.90000000 -36.60000000
v -37.68662061 -54.90000000 -36.90000000
v -37.58836740 -54.90000000 -37.20000000
v -37.80000000 -55.17538679 -31.20000000
v -37.80000000 -55.20000000 -31.10903529
v -37.80000000 -55.09121474 -31.50000000
v -37.80000000 -54.99848091 -31.80000000
v -37.78507049 -55.20000000 -36.60000000
v -37.80000000 -55.20000000 -36.56980046
v -37.65505260 -55.20000000 -36.90000000
v -37.53793613 -55.20000000 -37.20000000
v -37.63495832 -55.50000000 -29.70000000
v -37.79703405 -55.50000000 -30.00000000
v -37.80000000 -55.41631479 -30.30000000
v -37.80000000 -55.50000000 -30.00450529
v -37.80000000 -55.33635619 -30.60000000
v -37.80000000 -55.25620027 -30.90000000
v -37.71923674 -55.50000000 -36.60000000
v -37.80000000 -55.50000000 -36.42853634
v -37.59024932 -55.50000000 -36.90000000
v -37.57943270 -55.80000000 -28.80000000
v -37.80000000 -55.78367960 -29.10000000
v -37.80000000 -55.80000000 -29.06592580
v -37.80000000 -55.67986791 -29.40000000
v -37.80000000 -55.59509346 -29.70000000
v -37.80000000 -55.50140039 -30.00000000
v -37.74542181 -55.80000000 -36.30000000
v -37.80000000 -55.66425658 -36.30000000
v -37.80000000 -55.80000000 -36.20050789
v -37.60593766 -55.80000000 -36.60000000
v -37.65933679 -56.10000000 -28.50000000
v -37.80000000 -55.95492541 -28.80000000
v -37.80000000 -56.10000000 -28.62988314
v -37.75613750 -56.10000000 -36.00000000
v -37.80000000 -56.02006805 -36.00000000
v -37.80000000 -56.10000000 -35.93220962
v -37.57973375 -56.10000000 -36.30000000
v -37.80000000 -56.30126311 -28.50000000
v -37.80000000 -56.40000000 -28.44972570
v -37.74372336 -56.40000000 -35.70000000
v -37.80000000 -56.32324208 -35.70000000
v -37.80000000 -56.40000000 -35.60621459
v -37.55680082 -56.40000000 -36.00000000
v -37.80000000 -56.70000000 -28.41241334
v -37.80000000 -56.70000000 -35.10000000
v -37.68044826 -56.70000000 -35.40000000
v -37.80000000 -56.54452486 -35.40000000
v -37.80000000 -57.00000000 -28.48076362
v -37.80000000 -57.00000000 -34.80000000
v -37.63378516 -57.00000000 -35.10000000
v -37.54073427 -57.30000000 -28.50000000
v -37.80000000 -57.03161735 -28.50000000
v -37.80000000 -57.30000000 -28.70660240
v -37.80000000 -57.30000000 -34.50000000
v -37.59350581 -57.30000000 -34.80000000
v -37.80000000 -57.38208573 -28.80000000
v -37.80000000 -57.60000000 -29.10000000
v -37.66233468 -57.60000000 -34.20000000
v -37.80000000 -57.46112880 -34.20000000
v -37.80000000 -57.60000000 -33.91564959
v -37.80000000 -57.72164365 -29.40000000
v -37.66297660 -57.90000000 -29.70000000
v -37.80000000 -57.82056574 -29.70000000
v -37.80000000 -57.90000000 -30.00000000
v -37.80000000 -57.90000000 -32.70000000
v -37.76309821 -57.90000000 -33.00000000
v -37.80000000 -57.86302750 -33.00000000
v -37.71695958 -57.90000000 -33.30000000
v -37.80000000 -57.81712305 -33.30000000
v -37.63094538 -57.90000000 -33.60000000
v -37.80000000 -57.73244645 -33.60000000
v -37.80000000 -57.60728740 -33.90000000
v -37.80000000 -57.97366632 -30.30000000
v -37.80000000 -58.00962184 -30.60000000
v -37.80000000 -58.02882649 -30.90000000
v -37.80000000 -58.06029863 -31.20000000
v -37.72067904 -58.20000000 -31.50000000
v -37.80000000 -58.12941844 -31.50000000
v -37.76082231 -58.20000000 -31.80000000
v -37.80000000 -58.15822132 -31.80000000
v -37.70075389 -58.20000000 -32.10000000
v -37.80000000 -58.09954025 -32.10000000
v -37.80000000 -57.98866576 -32.40000000
v -37.50199029 -58.50000000 -31.80000000
v -37.86258771 -53.70000000 -34.50000000
v -38.05210576 -53.70000000 -34.80000000
v -38.10000000 -53.70000000 -35.10000000
v -38.05643294 -53.70000000 -35.40000000
v -37.93834644 -53.70000000 -35.70000000
v -37.96558471 -54.00000000 -33.90000000
v -38.10000000 -54.00000000 -34.20000000
v -38.10000000 -53.83063817 -34.50000000
v -38.10000000 -53.73198628 -34.80000000
v -38.10000000 -53.74785788 -35.40000000
v -38.10000000 -54.00000000 -35.70000000
v -37.96399094 -54.00000000 -36.00000000
v -37.84153626 -54.00000000 -36.30000000
v -38.10000000 -54.24245653 -33.00000000
v -38.10000000 -54.30000000 -32.86475225
v -38.10000000 -54.17055563 -33.30000000
v -38.10000000 -54.11835778 -33.60000000
v -38.10000000 -54.06103291 -33.90000000
v -38.10000000 -54.30000000 -36.00000000
v -37.94487761 -54.30000000 -36.30000000
v -38.10000000 -54.57482143 -32.40000000
v -38.10000000 -54.60000000 -32.37085854
v -38.10000000 -54.38541568 -32.70000000
v -38.02729989 -54.60000000 -36.30000000
v -38.10000000 -54.60000000 -36.21742097
v -38.10000000 -54.90000000 -32.10000000
v -38.02694360 -54.90000000 -36.30000000
v -38.10000000 -54.90000000 -36.21572375
v -37.95346886 -55.20000000 -31.20000000
v -38.10000000 -55.13332725 -31.50000000
v -38.10000000 -55.20000000 -31.27989150
v -38.10000000 -55.03786700 -31.80000000
v -38.10000000 -55.20000000 -36.00000000
v -37.95164217 -55.20000000 -36.30000000
v -38.05066765 -55.50000000 -30.30000000
v -38.10000000 -55.41030414 -30.60000000
v -38.10000000 -55.50000000 -30.34640037
v -38.10000000 -55.31564981 -30.90000000
v -38.10000000 -55.22421180 -31.20000000
v -38.04899523 -55.50000000 -36.00000000
v -38.10000000 -55.50000000 -35.93749130
v -37.86663243 -55.50000000 -36.30000000
v -37.83052022 -55.80000000 -29.10000000
v -38.01732274 -55.80000000 -29.40000000
v -38.10000000 -55.80000000 -29.70000000
v -38.10000000 -55.64519785 -30.00000000
v -38.10000000 -55.51837580 -30.30000000
v -38.10000000 -55.80000000 -35.70000000
v -37.91999860 -55.80000000 -36.00000000
v -38.02271920 -56.10000000 -28.80000000
v -38.10000000 -55.95210323 -29.10000000
v -38.10000000 -56.10000000 -28.86840499
v -38.10000000 -55.84702286 -29.40000000
v -37.97788588 -56.10000000 -35.70000000
v -38.10000000 -56.10000000 -35.57180289
v -37.87549244 -56.40000000 -28.50000000
v -38.10000000 -56.16515499 -28.80000000
v -38.10000000 -56.40000000 -28.64132330
v -38.10000000 -56.40000000 -34.80000000
v -38.06113058 -56.40000000 -35.10000000
v -38.10000000 -56.36344595 -35.10000000
v -37.94206260 -56.40000000 -35.40000000
v -38.10000000 -56.25677192 -35.40000000
v -37.94603802 -56.70000000 -28.50000000
v -38.10000000 -56.70000000 -28.58674689
v -38.10000000 -56.70000000 -34.50000000
v -37.95150683 -56.70000000 -34.80000000
v -37.83026340 -57.00000000 -28.50000000
v -38.10000000 -57.00000000 -28.67076387
v -37.99730625 -57.00000000 -34.50000000
v -38.10000000 -57.00000000 -34.38116514
v -37.90887123 -57.30000000 -28.80000000
v -38.10000000 -57.15009806 -28.80000000
v -38.10000000 -57.30000000 -29.10000000
v -38.10000000 -57.30000000 -33.90000000
v -37.96875858 -57.30000000 -34.20000000
v -38.10000000 -57.17128068 -34.20000000
v -37.96986846 -57.60000000 -29.40000000
v -38.10000000 -57.49960166 -29.40000000
v -38.10000000 -57.60000000 -29.70000000
v -38.10000000 -57.60000000 -32.70000000
v -38.09917802 -57.60000000 -33.00000000
v -38.10000000 -57.59936691 -33.00000000
v -38.05818056 -57.60000000 -33.30000000
v -38.10000000 -57.56734791 -33.30000000
v -37.95385567 -57.60000000 -33.60000000
v -38.10000000 -57.48173369 -33.60000000
v -37.80774667 -57.60000000 -33.90000000
v -38.10000000 -57.74062186 -30.00000000
v -37.92550089 -57.90000000 -30.30000000
v -38.10000000 -57.79982607 -30.30000000
v -37.97999728 -57.90000000 -30.60000000
v -38.10000000 -57.82557668 -30.60000000
v -38.00948487 -57.90000000 -30.90000000
v -38.10000000 -57.84217612 -30.90000000
v -38.04367363 -57.90000000 -31.20000000
v -38.10000000 -57.86221847 -31.20000000
v -38.07520170 -57.90000000 -31.50000000
v -38.10000000 -57.88120472 -31.50000000
v -38.07560014 -57.90000000 -31.80000000
v -38.10000000 -57.88046037 -31.80000000
v -38.02366966 -57.90000000 -32.10000000
v -38.10000000 -57.84230036 -32.10000000
v -37.90957795 -57.90000000 -32.40000000
v -38.10000000 -57.75853918 -32.40000000
v -38.40000000 -54.00000000 -34.50000000
v -38.40000000 -53.99222013 -34.80000000
v -38.40000000 -53.98843730 -35.10000000
v -38.40000000 -54.00000000 -35.40000000
v -38.40000000 -54.30000000 -33.00000000
v -38.40000000 -54.30000000 -33.30000000
v -38.40000000 -54.28745077 -33.60000000
v -38.40000000 -54.25002983 -33.90000000
v -38.40000000 -54.17343845 -34.20000000
v -38.40000000 -54.30000000 -35.70000000
v -38.40000000 -54.60000000 -32.40000000
v -38.40000000 -54.50458148 -32.70000000
v -38.40000000 -54.60000000 -36.00000000
v -38.40000000 -54.90000000 -32.16234663
v -38.40000000 -54.90000000 -36.00000000
v -38.40000000 -55.20000000 -31.50000000
v -38.40000000 -55.10732757 -31.80000000
v -38.40000000 -54.94763471 -32.10000000
v -38.40000000 -55.20000000 -35.76278368
v -38.40000000 -55.50000000 -30.60000000
v -38.40000000 -55.39255383 -30.90000000
v -38.40000000 -55.30336290 -31.20000000
v -38.40000000 -55.50000000 -35.70000000
v -38.40000000 -55.78899437 -30.00000000
v -38.40000000 -55.80000000 -29.96963093
v -38.40000000 -55.65416096 -30.30000000
v -38.40000000 -55.80000000 -35.47514379
v -38.40000000 -56.10000000 -29.10000000
v -38.40000000 -55.97531108 -29.40000000
v -38.40000000 -55.90448552 -29.70000000
v -38.40000000 -56.10000000 -35.40000000
v -38.40000000 -56.40000000 -28.80000000
v -38.40000000 -56.40000000 -34.50000000
v -38.40000000 -56.17563959 -34.80000000
v -38.40000000 -56.11066976 -35.10000000
v -38.40000000 -56.70000000 -28.75168701
v -38.40000000 -56.70000000 -34.27401886
v -38.40000000 -57.00000000 -28.80000000
v -38.40000000 -57.00000000 -34.20000000
v -38.40000000 -57.17123159 -29.10000000
v -38.40000000 -57.30000000 -29.40000000
v -38.40000000 -57.30000000 -33.60000000
v -38.40000000 -57.08281025 -33.90000000
v -38.40000000 -57.40503538 -29.70000000
v -38.40000000 -57.60000000 -30.00000000
v -38.40000000 -57.60000000 -30.30000000
v -38.40000000 -57.60000000 -30.60000000
v -38.40000000 -57.60000000 -32.40000000
v -38.40000000 -57.48262827 -32.70000000
v -38.40000000 -57.40670390 -33.00000000
v -38.40000000 -57.34529739 -33.30000000
v -38.40000000 -57.60749406 -30.90000000
v -38.40000000 -57.62507667 -31.20000000
v -38.40000000 -57.64094477 -31.50000000
v -38.40000000 -57.64444159 -31.80000000
v -38.40000000 -57.63087682 -32.10000000
v -38.40666371 -54.00000000 -34.80000000
v -38.40912011 -54.00000000 -35.10000000
v -38.41535591 -54.30000000 -33.60000000
v -38.45577792 -54.30000000 -33.90000000
v -38.51570153 -54.30000000 -34.20000000
v -38.57112243 -54.30000000 -34.50000000
v -38.58222947 -54.30000000 -34.80000000
v -38.55821618 -54.30000000 -35.10000000
v -38.50392286 -54.30000000 -35.40000000
v -38.49315975 -54.60000000 -32.70000000
v -38.56688197 -54.60000000 -33.00000000
v -38.61381604 -54.60000000 -33.30000000
v -38.70000000 -54.60000000 -33.60000000
v -38.70000000 -54.60000000 -33.90000000
v -38.70000000 -54.59274270 -34.20000000
v -38.70000000 -54.57976798 -34.50000000
v -38.70000000 -54.60000000 -34.80000000
v -38.64164583 -54.60000000 -35.10000000
v -38.56840027 -54.60000000 -35.40000000
v -38.48717564 -54.60000000 -35.70000000
v -38.60246736 -54.90000000 -32.40000000
v -38.69306801 -54.90000000 -32.70000000
v -38.70000000 -54.90000000 -33.00000000
v -38.70000000 -54.90000000 -33.30000000
v -38.67414455 -54.90000000 -35.10000000
v -38.70000000 -54.90000000 -34.98504761
v -38.58980537 -54.90000000 -35.40000000
v -38.49524584 -54.90000000 -35.70000000
v -38.57860982 -55.20000000 -31.80000000
v -38.70000000 -55.15178864 -32.10000000
v -38.70000000 -55.20000000 -31.98891338
v -38.70000000 -55.01472409 -32.40000000
v -38.70000000 -54.91109568 -32.70000000
v -38.66838330 -55.20000000 -35.10000000
v -38.70000000 -55.20000000 -34.97271584
v -38.57338379 -55.20000000 -35.40000000
v -38.44227966 -55.20000000 -35.70000000
v -38.70000000 -55.50000000 -30.90000000
v -38.70000000 -55.44607831 -31.20000000
v -38.70000000 -55.37733310 -31.50000000
v -38.70000000 -55.27837657 -31.80000000
v -38.62789104 -55.50000000 -35.10000000
v -38.70000000 -55.50000000 -34.81731928
v -38.52575628 -55.50000000 -35.40000000
v -38.41820752 -55.80000000 -30.00000000
v -38.62337524 -55.80000000 -30.30000000
v -38.70000000 -55.68432656 -30.60000000
v -38.70000000 -55.80000000 -30.39880149
v -38.62044390 -55.80000000 -34.80000000
v -38.70000000 -55.51628125 -34.80000000
v -38.70000000 -55.80000000 -34.50301238
v -38.55031725 -55.80000000 -35.10000000
v -38.45026153 -55.80000000 -35.40000000
v -38.70000000 -56.10000000 -29.40000000
v -38.70000000 -56.10000000 -29.70000000
v -38.70000000 -56.03528776 -30.00000000
v -38.70000000 -55.87195631 -30.30000000
v -38.70000000 -56.10000000 -34.20000000
v -38.57299234 -56.10000000 -34.50000000
v -38.70000000 -55.80215327 -34.50000000
v -38.45928754 -56.10000000 -34.80000000
v -38.40868504 -56.10000000 -35.10000000
v -38.70000000 -56.40000000 -29.10000000
v -38.70000000 -56.40000000 -33.90000000
v -38.56945741 -56.40000000 -34.20000000
v -38.46156015 -56.70000000 -28.80000000
v -38.70000000 -56.70000000 -29.09956429
v -38.70000000 -56.70000000 -29.40000000
v -38.70000000 -56.70000000 -29.70000000
v -38.70000000 -56.70000000 -33.60000000
v -38.59224454 -56.70000000 -33.90000000
v -38.45539465 -56.70000000 -34.20000000
v -38.70000000 -57.00000000 -29.10000000
v -38.64595024 -57.00000000 -29.40000000
v -38.65119898 -57.00000000 -29.70000000
v -38.70000000 -57.00000000 -29.94235554
v -38.70000000 -57.00000000 -33.30000000
v -38.56968763 -57.00000000 -33.60000000
v -38.46205584 -57.00000000 -33.90000000
v -38.49373517 -57.30000000 -29.70000000
v -38.57062904 -57.30000000 -30.00000000
v -38.70000000 -57.02433105 -30.00000000
v -38.61241309 -57.30000000 -30.30000000
v -38.70000000 -57.13931975 -30.30000000
v -38.64246778 -57.30000000 -30.60000000
v -38.70000000 -57.20659804 -30.60000000
v -38.67443202 -57.30000000 -30.90000000
v -38.70000000 -57.26176423 -30.90000000
v -38.70000000 -57.30000000 -31.08614012
v -38.70000000 -57.30000000 -32.70000000
v -38.54802650 -57.30000000 -33.00000000
v -38.70000000 -57.15778802 -33.00000000
v -38.45126687 -57.30000000 -33.30000000
v -38.40799509 -57.60000000 -30.90000000
v -38.42775680 -57.60000000 -31.20000000
v -38.70000000 -57.31827262 -31.20000000
v -38.44722079 -57.60000000 -31.50000000
v -38.70000000 -57.36092795 -31.50000000
v -38.45382170 -57.60000000 -31.80000000
v -38.70000000 -57.38019398 -31.80000000
v -38.44000344 -57.60000000 -32.10000000
v -38.70000000 -57.37888912 -32.10000000
v -38.70000000 -57.35476089 -32.40000000
v -38.70364063 -54.60000000 -34.20000000
v -38.70800407 -54.60000000 -34.50000000
v -38.79167630 -54.90000000 -33.60000000
v -38.81298159 -54.90000000 -33.90000000
v -38.80226315 -54.90000000 -34.20000000
v -38.77814055 -54.90000000 -34.50000000
v -38.73820145 -54.90000000 -34.80000000
v -38.74560374 -55.20000000 -32.10000000
v -38.82526505 -55.20000000 -32.40000000
v -38.86194050 -55.20000000 -32.70000000
v -38.87476503 -55.20000000 -33.00000000
v -38.88496354 -55.20000000 -33.30000000
v -38.89932337 -55.20000000 -33.60000000
v -38.88339520 -55.20000000 -33.90000000
v -38.84562400 -55.20000000 -34.20000000
v -38.79756965 -55.20000000 -34.50000000
v -38.74020509 -55.20000000 -34.80000000
v -38.76861039 -55.50000000 -31.20000000
v -38.83165575 -55.50000000 -31.50000000
v -38.90755141 -55.50000000 -31.80000000
v -39.00000000 -55.50000000 -32.10000000
v -39.00000000 -55.50000000 -32.40000000
v -39.00000000 -55.50000000 -32.70000000
v -39.00000000 -55.50000000 -33.00000000
v -39.00000000 -55.50000000 -33.30000000
v -39.00000000 -55.50000000 -33.60000000
v -38.91854456 -55.50000000 -33.90000000
v -38.84299857 -55.50000000 -34.20000000
v -38.77256218 -55.50000000 -34.50000000
v -38.70422312 -55.50000000 -34.80000000
v -38.82190509 -55.80000000 -30.60000000
v -39.00000000 -55.80000000 -30.90000000
v -39.00000000 -55.77891558 -31.20000000
v -39.00000000 -55.74863823 -31.50000000
v -39.00000000 -55.66990682 -31.80000000
v -39.00000000 -55.80000000 -33.60000000
v -38.89522911 -55.80000000 -33.90000000
v -38.79369146 -55.80000000 -34.20000000
v -38.70079540 -55.80000000 -34.50000000
v -38.75197930 -56.10000000 -30.00000000
v -38.87702691 -56.10000000 -30.30000000
v -39.00000000 -56.10000000 -30.60000000
v -39.00000000 -56.10000000 -33.00000000
v -38.96977990 -56.10000000 -33.30000000
v -39.00000000 -55.89442729 -33.30000000
v -38.91165952 -56.10000000 -33.60000000
v -38.81355462 -56.10000000 -33.90000000
v -38.74390066 -56.40000000 -29.40000000
v -38.76607763 -56.40000000 -29.70000000
v -38.85115512 -56.40000000 -30.00000000
v -39.00000000 -56.40000000 -30.30000000
v -38.99274899 -56.40000000 -33.00000000
v -39.00000000 -56.40000000 -32.97142225
v -38.91030310 -56.40000000 -33.30000000
v -38.81433881 -56.40000000 -33.60000000
v -38.70023979 -56.70000000 -29.10000000
v -38.80926941 -56.70000000 -30.00000000
v -38.89957964 -56.70000000 -30.30000000
v -38.94472631 -56.70000000 -30.60000000
v -39.00000000 -56.48312660 -30.60000000
v -38.97284133 -56.70000000 -30.90000000
v -39.00000000 -56.58781833 -30.90000000
v -39.00000000 -56.70000000 -31.20000000
v -38.94676713 -56.70000000 -33.00000000
v -39.00000000 -56.70000000 -32.85079538
v -38.82555344 -56.70000000 -33.30000000
v -38.71098452 -57.00000000 -30.00000000
v -38.77115834 -57.00000000 -30.30000000
v -38.81579225 -57.00000000 -30.60000000
v -38.85427794 -57.00000000 -30.90000000
v -38.90721009 -57.00000000 -31.20000000
v -39.00000000 -57.00000000 -31.50000000
v -39.00000000 -57.00000000 -31.80000000
v -39.00000000 -57.00000000 -32.10000000
v -39.00000000 -57.00000000 -32.40000000
v -39.00000000 -57.00000000 -32.70000000
v -38.82675205 -57.00000000 -33.00000000
v -38.71540492 -57.30000000 -31.20000000
v -38.75730949 -57.30000000 -31.50000000
v -38.77750117 -57.30000000 -31.80000000
v -38.77817086 -57.30000000 -32.10000000
v -38.75792650 -57.30000000 -32.40000000
v -39.01224853 -55.80000000 -31.20000000
v -39.02593082 -55.80000000 -31.50000000
v -39.05271333 -55.80000000 -31.80000000
v -39.07818937 -55.80000000 -32.10000000
v -39.07732017 -55.80000000 -32.40000000
v -39.05359461 -55.80000000 -32.70000000
v -39.02561783 -55.80000000 -33.00000000
v -39.01334561 -55.80000000 -33.30000000
v -39.05577736 -56.10000000 -30.90000000
v -39.08332681 -56.10000000 -31.20000000
v -39.09836091 -56.10000000 -31.50000000
v -39.11308366 -56.10000000 -31.80000000
v -39.12022292 -56.10000000 -32.10000000
v -39.10828670 -56.10000000 -32.40000000
v -39.06747896 -56.10000000 -32.70000000
v -39.01918517 -56.40000000 -30.60000000
v -39.04346615 -56.40000000 -30.90000000
v -39.07286297 -56.40000000 -31.20000000
v -39.10295125 -56.40000000 -31.50000000
v -39.12334888 -56.40000000 -31.80000000
v -39.12791647 -56.40000000 -32.10000000
v -39.11195877 -56.40000000 -32.40000000
v -39.06594242 -56.40000000 -32.70000000
v -39.06375029 -56.70000000 -31.50000000
v -39.08942079 -56.70000000 -31.80000000
v -39.09490497 -56.70000000 -32.10000000
v -39.08535034 -56.70000000 -32.40000000
v -39.04606097 -56.70000000 -32.70000000
f 3 2 1
f 3545 3533 3530
f 3535 3533 3312
f 3313 3535 3312
f 3537 3535 3313
f 3314 3537 3313
f 3538 3537 3314
f 3315 3538 3314
f 3538 3315 3309
f 3539 3311 3316
f 3312 3533 3545
f 3546 3539 3316
f 3316 3317 3547
f 3550 3548 3549
f 3549 3540 3542
f 3549 3548 3540
f 3548 3551 3540
f 3319 3318 3543
f 3319 3543 3551
f 3551 3543 3540
f 3545 3543 3318
f 3546 3316 3547
f 3320 3545 3318
f 3543 3545 3530
f 3544 3530 3532
f 3532 3530 3531
f 3531 3533 3534
f 3530 3533 3531
f 3534 3535 3536
f 3533 3535 3534
f 3536 3522 3524
f 3536 3535 3522
f 3535 3537 3522
f 3522 3537 3525
f 3544 3543 3530
f 3525 3537 3538
f 3538 3527 3525
f 3528 3527 3309
f 3310 3528 3309
f 3528 3310 3306
f 3529 3308 3539
f 3539 3308 3311
f 3542 3540 3541
f 3541 3543 3544
f 3540 3543 3541
f 3309 3527 3538
f 3529 3305 3308
f 3545 3320 3312
f 3552 3317 3321
f 3568 3329 3567
f 3568 3566 3329
f 3566 3328 3329
f 3330 3567 3329
f 3569 3570 3571
f 3331 3571 3570
f 3331 3572 3571
f 3572 3331 3573
f 3331 3332 3573
f 3566 3558 3328
f 3559 3573 3333
f 3560 3559 3333
f 3334 3560 3333
f 3562 3560 3334
f 3335 3562 3334
f 3564 3562 3335
f 3336 3564 3335
f 3565 3564 3336
f 3337 3565 3336
f 3565 3337 3326
f 3333 3573 3332
f 3547 3317 3552
f 3558 3325 3328
f 3327 3556 3326
f 3555 3548 3550
f 3555 3556 3548
f 3322 3551 3556
f 3556 3551 3548
f 3551 3322 3319
f 3552 3321 3323
f 3557 3552 3323
f 3557 3323 3558
f 3323 3324 3558
f 3556 3327 3322
f 3325 3558 3324
f 3561 3562 3563
f 3560 3562 3561
f 3563 3562 3553
f 3562 3564 3553
f 3553 3564 3554
f 3554 3564 3565
f 3326 3555 3565
f 3565 3555 3554
f 3556 3555 3326
f 3559 3560 3561
f 3521 3305 3529
f 3520 3307 3304
f 3307 3520 3306
f 3491 3492 3291
f 3291 3492 3285
f 3285 3493 3476
f 3285 3492 3493
f 3476 3494 3477
f 3493 3494 3476
f 3494 3478 3477
f 3495 3486 3487
f 3495 3496 3486
f 3291 3292 3491
f 3486 3496 3488
f 3293 3489 3497
f 3497 3489 3488
f 3490 3489 3293
f 3294 3490 3293
f 3490 3294 3290
f 3295 3499 3498
f 3296 3295 3498
f 3292 3296 3491
f 3296 3498 3491
f 3488 3496 3497
f 3500 3495 3501
f 3284 3475 3290
f 3475 3489 3490
f 3479 3480 3289
f 3289 3480 3270
f 3270 3481 3450
f 3270 3480 3481
f 3450 3482 3451
f 3481 3482 3450
f 3451 3483 3452
f 3482 3483 3451
f 3452 3484 3453
f 3475 3490 3290
f 3483 3484 3452
f 3484 3485 3453
f 3485 3455 3454
f 3487 3486 3471
f 3486 3472 3471
f 3472 3486 3473
f 3473 3486 3488
f 3473 3488 3474
f 3474 3488 3489
f 3474 3489 3475
f 3453 3485 3454
f 3495 3500 3496
f 3496 3500 3502
f 3496 3502 3497
f 3518 3517 3509
f 3517 3519 3509
f 3509 3519 3510
f 3510 3519 3520
f 3304 3511 3520
f 3520 3511 3510
f 3511 3304 3302
f 3513 3303 3521
f 3521 3303 3305
f 3514 3517 3515
f 3524 3522 3523
f 3522 3525 3523
f 3526 3514 3516
f 3526 3525 3514
f 3525 3527 3514
f 3514 3527 3517
f 3517 3527 3528
f 3306 3519 3528
f 3528 3519 3517
f 3520 3519 3306
f 3523 3525 3526
f 3515 3517 3518
f 3516 3514 3515
f 3301 3512 3508
f 3497 3502 3503
f 3497 3503 3297
f 3293 3497 3297
f 3295 3298 3504
f 3504 3499 3295
f 3506 3500 3501
f 3505 3500 3506
f 3500 3505 3502
f 3502 3505 3507
f 3299 3503 3507
f 3507 3503 3502
f 3503 3299 3297
f 3300 3504 3298
f 3509 3505 3506
f 3509 3510 3505
f 3505 3510 3507
f 3507 3510 3511
f 3507 3511 3302
f 3299 3507 3302
f 3303 3513 3512
f 3301 3303 3512
f 3568 3567 3574
f 3288 3479 3289
f 3567 3330 3575
f 3330 3338 3575
f 3629 3628 3633
f 3629 3635 3630
f 3634 3635 3629
f 3630 3635 3390
f 3635 3636 3390
f 3636 3637 3390
f 3390 3637 3391
f 3638 3398 3637
f 3637 3398 3391
f 3634 3629 3633
f 3638 3639 3398
f 3639 3640 3399
f 3399 3640 3400
f 3640 3641 3400
f 3400 3641 3401
f 3641 3642 3401
f 3401 3642 3402
f 3642 3643 3402
f 3402 3643 3403
f 3643 3644 3403
f 3398 3639 3399
f 3403 3644 3404
f 3628 3632 3633
f 3627 3631 3632
f 3624 3377 3625
f 3377 3378 3625
f 3625 3378 3626
f 3378 3379 3626
f 3606 3626 3380
f 3380 3626 3379
f 3607 3606 3380
f 3381 3607 3380
f 3607 3381 3361
f 3627 3632 3628
f 3385 3386 3627
f 3628 3387 3627
f 3388 3387 3628
f 3629 3388 3628
f 3389 3388 3629
f 3630 3389 3629
f 3389 3630 3390
f 3397 3396 3631
f 3386 3397 3631
f 3386 3631 3627
f 3387 3385 3627
f 3376 3377 3624
f 3644 3645 3404
f 3405 3645 3646
f 3655 3420 3414
f 3659 3420 3655
f 3659 3660 3420
f 3420 3660 3421
f 3661 3422 3660
f 3660 3422 3421
f 3423 3422 3661
f 3662 3423 3661
f 3424 3423 3662
f 3648 3658 3650
f 3663 3424 3662
f 3664 3425 3663
f 3425 3664 3426
f 3665 3656 3419
f 3439 3665 3419
f 3656 3665 3657
f 3657 3665 3666
f 3658 3666 3667
f 3658 3657 3666
f 3668 3663 3662
f 3425 3424 3663
f 3404 3645 3405
f 3648 3657 3658
f 3647 3656 3657
f 3406 3405 3646
f 3396 3409 3647
f 3396 3647 3631
f 3631 3647 3648
f 3649 3648 3650
f 3649 3632 3648
f 3632 3631 3648
f 3649 3633 3632
f 3646 3410 3406
f 3647 3657 3648
f 3651 3410 3646
f 3410 3652 3411
f 3652 3653 3411
f 3411 3653 3412
f 3653 3654 3412
f 3412 3654 3413
f 3413 3654 3655
f 3414 3413 3655
f 3409 3419 3656
f 3409 3656 3647
f 3651 3652 3410
f 3623 3376 3624
f 3375 3376 3623
f 3622 3375 3623
f 3594 3596 3595
f 3346 3597 3596
f 3346 3345 3597
f 3345 3598 3597
f 3578 3598 3347
f 3347 3598 3345
f 3579 3578 3347
f 3348 3579 3347
f 3581 3579 3348
f 3595 3596 3597
f 3349 3581 3348
f 3350 3583 3349
f 3585 3583 3350
f 3351 3585 3350
f 3585 3351 3340
f 3590 3344 3599
f 3344 3352 3599
f 3601 3602 3591
f 3353 3592 3602
f 3602 3592 3591
f 3583 3581 3349
f 3593 3592 3353
f 3593 3594 3595
f 3589 3344 3590
f 3575 3338 3576
f 3577 3576 3339
f 3576 3338 3339
f 3578 3579 3580
f 3580 3581 3582
f 3579 3581 3580
f 3582 3583 3584
f 3581 3583 3582
f 3584 3585 3586
f 3589 3339 3344
f 3583 3585 3584
f 3340 3587 3586
f 3587 3340 3588
f 3340 3341 3588
f 3569 3588 3342
f 3342 3588 3341
f 3570 3569 3342
f 3343 3570 3342
f 3570 3343 3331
f 3577 3339 3589
f 3340 3586 3585
f 3354 3593 3353
f 3594 3593 3354
f 3355 3594 3354
f 3360 3366 3612
f 3612 3366 3613
f 3613 3366 3614
f 3366 3367 3614
f 3614 3367 3615
f 3367 3368 3615
f 3615 3368 3616
f 3368 3369 3616
f 3616 3369 3617
f 3611 3605 3612
f 3369 3370 3617
f 3370 3371 3618
f 3618 3371 3619
f 3371 3372 3619
f 3619 3372 3620
f 3372 3373 3620
f 3620 3373 3621
f 3373 3374 3621
f 3621 3374 3622
f 3374 3375 3622
f 3617 3370 3618
f 3605 3360 3612
f 3604 3605 3611
f 3602 3365 3353
f 3596 3594 3355
f 3356 3596 3355
f 3596 3356 3346
f 3599 3352 3357
f 3603 3599 3357
f 3603 3357 3604
f 3357 3358 3604
f 3604 3359 3605
f 3604 3358 3359
f 3360 3605 3359
f 3606 3607 3608
f 3361 3608 3607
f 3361 3609 3608
f 3609 3361 3610
f 3361 3362 3610
f 3600 3610 3363
f 3363 3610 3362
f 3601 3600 3363
f 3364 3601 3363
f 3602 3601 3364
f 3365 3602 3364
f 3574 3567 3575
f 3478 3479 3288
f 3478 3288 3477
f 3288 3287 3477
f 3347 3175 3348
f 3175 3176 3348
f 3348 3176 3349
f 3176 3177 3349
f 3349 3177 3350
f 3177 3178 3350
f 3350 3178 3351
f 3178 3179 3351
f 3340 3351 3180
f 3173 3175 3347
f 3180 3351 3179
f 3181 3352 3172
f 3172 3352 3344
f 3356 3184 3346
f 3346 3184 3173
f 3352 3181 3357
f 3181 3185 3357
f 3357 3185 3358
f 3358 3185 3359
f 3185 3186 3359
f 3340 3180 3163
f 3359 3186 3360
f 3345 3173 3347
f 3172 3344 3170
f 3336 3156 3337
f 3156 3158 3337
f 3326 3337 3159
f 3159 3337 3158
f 3326 3159 3142
f 3330 3148 3160
f 3338 3330 3160
f 3338 3160 3339
f 3160 3161 3339
f 3173 3345 3346
f 3162 3339 3161
f 3341 3163 3342
f 3163 3165 3342
f 3342 3165 3343
f 3165 3167 3343
f 3331 3343 3169
f 3169 3343 3167
f 3331 3169 3149
f 3339 3162 3170
f 3344 3339 3170
f 3163 3341 3340
f 3154 3156 3336
f 3186 3187 3360
f 3191 3362 3361
f 3370 3203 3371
f 3203 3204 3371
f 3371 3204 3372
f 3204 3205 3372
f 3372 3205 3373
f 3205 3206 3373
f 3373 3206 3374
f 3206 3207 3374
f 3374 3207 3375
f 3202 3203 3370
f 3207 3208 3375
f 3208 3209 3376
f 3376 3209 3377
f 3209 3210 3377
f 3377 3210 3378
f 3210 3211 3378
f 3378 3211 3379
f 3211 3212 3379
f 3379 3212 3380
f 3212 3213 3380
f 3375 3208 3376
f 3360 3187 3188
f 3369 3202 3370
f 3368 3201 3369
f 3362 3191 3363
f 3191 3193 3363
f 3363 3193 3364
f 3193 3194 3364
f 3364 3194 3365
f 3194 3195 3365
f 3353 3365 3196
f 3196 3365 3195
f 3354 3353 3196
f 3201 3202 3369
f 3197 3354 3196
f 3198 3355 3197
f 3356 3355 3198
f 3199 3356 3198
f 3356 3199 3184
f 3360 3188 3366
f 3188 3200 3366
f 3366 3200 3367
f 3367 3200 3368
f 3200 3201 3368
f 3355 3354 3197
f 3335 3154 3336
f 3152 3154 3335
f 3334 3152 3335
f 3091 3296 3084
f 3292 3084 3296
f 3293 3297 3093
f 3295 3092 3298
f 3298 3092 3097
f 3299 3098 3297
f 3297 3098 3093
f 3298 3097 3300
f 3299 3302 3104
f 3295 3296 3091
f 3098 3299 3104
f 3102 3107 3301
f 3302 3304 3108
f 3302 3108 3104
f 3303 3107 3305
f 3305 3107 3111
f 3112 3307 3306
f 3304 3307 3114
f 3114 3307 3112
f 3304 3114 3108
f 3107 3303 3301
f 3305 3111 3308
f 3091 3092 3295
f 3088 3294 3086
f 3269 3284 3073
f 3059 3269 3073
f 3076 3077 3285
f 3285 3286 3076
f 3076 3286 3078
f 3286 3287 3078
f 3078 3287 3079
f 3287 3288 3079
f 3079 3288 3080
f 3290 3088 3081
f 3288 3289 3080
f 3063 3289 3270
f 3284 3290 3081
f 3073 3284 3081
f 3084 3292 3291
f 3085 3084 3291
f 3077 3085 3285
f 3085 3291 3285
f 3086 3294 3293
f 3290 3294 3088
f 3080 3289 3063
f 3308 3111 3116
f 3306 3310 3117
f 3119 3311 3116
f 3321 3134 3323
f 3134 3140 3323
f 3323 3140 3324
f 3325 3324 3141
f 3324 3140 3141
f 3142 3327 3326
f 3322 3327 3144
f 3144 3327 3142
f 3322 3144 3136
f 3319 3136 3128
f 3325 3141 3328
f 3328 3145 3329
f 3329 3145 3330
f 3145 3146 3330
f 3148 3330 3146
f 3149 3332 3331
f 3332 3149 3333
f 3149 3150 3333
f 3333 3150 3334
f 3150 3152 3334
f 3141 3145 3328
f 3322 3136 3319
f 3127 3321 3317
f 3134 3321 3127
f 3116 3311 3308
f 3120 3314 3313
f 3314 3120 3315
f 3120 3121 3315
f 3309 3315 3123
f 3123 3315 3121
f 3310 3309 3123
f 3125 3310 3123
f 3310 3125 3117
f 3311 3119 3316
f 3119 3126 3316
f 3316 3126 3317
f 3127 3317 3126
f 3128 3318 3319
f 3318 3128 3320
f 3128 3129 3320
f 3312 3320 3130
f 3130 3320 3129
f 3313 3312 3130
f 3132 3313 3130
f 3313 3132 3120
f 3380 3213 3381
f 3213 3214 3381
f 3361 3381 3215
f 3215 3381 3214
f 3443 3433 3432
f 3433 3443 3434
f 3434 3443 3445
f 3261 3434 3446
f 3446 3434 3445
f 3262 3261 3446
f 3447 3262 3446
f 3263 3262 3447
f 3448 3263 3447
f 3444 3443 3432
f 3264 3263 3448
f 3264 3449 3269
f 3271 3270 3450
f 3272 3271 3450
f 3451 3272 3450
f 3273 3272 3451
f 3452 3273 3451
f 3266 3273 3452
f 3266 3452 3435
f 3435 3452 3453
f 3449 3264 3448
f 3435 3453 3436
f 3428 3427 3442
f 3253 3441 3427
f 3431 3257 3430
f 3258 3257 3431
f 3432 3258 3431
f 3259 3258 3432
f 3433 3259 3432
f 3260 3259 3433
f 3434 3260 3433
f 3260 3434 3261
f 3242 3266 3435
f 3427 3441 3442
f 3242 3435 3415
f 3415 3436 3416
f 3416 3436 3437
f 3416 3437 3417
f 3417 3437 3438
f 3417 3438 3418
f 3418 3438 3439
f 3418 3439 3419
f 3426 3440 3251
f 3253 3268 3441
f 3415 3435 3436
f 3436 3453 3454
f 3436 3454 3437
f 3437 3454 3455
f 3283 3468 3268
f 3268 3469 3441
f 3268 3468 3469
f 3469 3442 3441
f 3444 3470 3443
f 3471 3443 3470
f 3471 3445 3443
f 3445 3471 3446
f 3446 3471 3472
f 3467 3468 3283
f 3446 3472 3447
f 3447 3473 3448
f 3448 3473 3474
f 3448 3474 3449
f 3449 3474 3475
f 3449 3475 3284
f 3269 3449 3284
f 3286 3285 3476
f 3287 3286 3476
f 3477 3287 3476
f 3447 3472 3473
f 3282 3467 3283
f 3466 3467 3282
f 3281 3466 3282
f 3456 3438 3455
f 3438 3437 3455
f 3456 3439 3438
f 3440 3457 3267
f 3457 3458 3267
f 3267 3458 3274
f 3458 3459 3274
f 3274 3459 3275
f 3459 3460 3275
f 3275 3460 3276
f 3460 3461 3276
f 3276 3461 3277
f 3461 3462 3277
f 3277 3462 3278
f 3462 3463 3278
f 3278 3463 3279
f 3463 3464 3279
f 3279 3464 3280
f 3464 3465 3280
f 3280 3465 3281
f 3465 3466 3281
f 3257 3256 3430
f 3663 3668 3664
f 3430 3256 3429
f 3429 3255 3428
f 3229 3228 3394
f 3219 3229 3394
f 3395 3219 3394
f 3219 3395 3383
f 3383 3395 3396
f 3397 3384 3396
f 3384 3383 3396
f 3384 3397 3386
f 3391 3398 3392
f 3226 3393 3227
f 3392 3399 3393
f 3393 3399 3227
f 3399 3400 3227
f 3400 3401 3227
f 3227 3401 3230
f 3401 3402 3230
f 3230 3402 3231
f 3402 3403 3231
f 3231 3403 3232
f 3403 3404 3232
f 3398 3399 3392
f 3232 3404 3233
f 3393 3226 3392
f 3392 3225 3391
f 3361 3215 3191
f 3217 3216 3382
f 3217 3382 3218
f 3220 3219 3383
f 3216 3220 3383
f 3384 3216 3383
f 3384 3386 3385
f 3216 3384 3385
f 3216 3385 3382
f 3226 3225 3392
f 3382 3385 3218
f 3387 3388 3218
f 3218 3388 3221
f 3388 3389 3221
f 3221 3389 3222
f 3390 3223 3389
f 3389 3223 3222
f 3224 3223 3390
f 3391 3224 3390
f 3225 3224 3391
f 3385 3387 3218
f 3404 3405 3233
f 3233 3405 3234
f 3234 3405 3406
f 3409 3408 3418
f 3414 3244 3241
f 3420 3244 3414
f 3420 3421 3244
f 3244 3421 3245
f 3421 3422 3245
f 3245 3422 3246
f 3422 3423 3246
f 3246 3423 3247
f 3409 3418 3419
f 3423 3424 3247
f 3424 3425 3248
f 3248 3425 3249
f 3426 3250 3425
f 3425 3250 3249
f 3250 3426 3251
f 3252 3253 3427
f 3254 3252 3427
f 3428 3254 3427
f 3255 3254 3428
f 3247 3424 3248
f 3408 3417 3418
f 3407 3417 3408
f 3407 3416 3417
f 3235 3234 3406
f 3228 3236 3407
f 3228 3407 3394
f 3394 3407 3408
f 3394 3408 3395
f 3395 3408 3409
f 3396 3395 3409
f 3406 3237 3235
f 3410 3237 3406
f 3410 3411 3237
f 3237 3411 3238
f 3411 3412 3238
f 3238 3412 3239
f 3412 3413 3239
f 3239 3413 3240
f 3240 3413 3414
f 3241 3240 3414
f 3243 3242 3415
f 3236 3243 3415
f 3416 3236 3415
f 3236 3416 3407
f 3256 3255 3429
f 3664 3668 3669
f 3426 3664 3670
f 3670 3664 3669
f 3662 3918 3668
f 3919 3913 3667
f 3679 3919 3667
f 3913 3919 3914
f 3914 3919 3920
f 3915 3914 3920
f 3916 3921 3917
f 3917 3922 3918
f 3921 3922 3917
f 3918 3662 3917
f 3918 3922 3668
f 3925 3924 3680
f 3925 3680 3923
f 3923 3680 3668
f 3681 3680 3924
f 3926 3681 3924
f 3682 3681 3926
f 3927 3682 3926
f 3683 3682 3927
f 3928 3683 3927
f 3922 3923 3668
f 3683 3928 3684
f 3662 3661 3917
f 3661 3911 3917
f 3654 3906 3655
f 3907 3894 3650
f 3658 3907 3650
f 3894 3907 3895
f 3895 3907 3908
f 3897 3908 3909
f 3895 3908 3897
f 3906 3659 3655
f 3906 3910 3659
f 3917 3911 3916
f 3912 3911 3660
f 3910 3660 3659
f 3660 3911 3661
f 3658 3667 3913
f 3658 3913 3907
f 3907 3913 3914
f 3907 3914 3908
f 3908 3914 3915
f 3908 3915 3909
f 3916 3911 3912
f 3912 3660 3910
f 3905 3654 3653
f 3713 3714 3929
f 3930 3679 3929
f 3691 3690 3942
f 3943 3691 3942
f 3692 3691 3943
f 3944 3692 3943
f 3693 3692 3944
f 3945 3693 3944
f 3715 3693 3945
f 3946 3715 3945
f 3716 3715 3946
f 3942 3690 3941
f 3947 3716 3946
f 3948 3717 3947
f 3717 3948 3718
f 3726 3725 3949
f 3727 3726 3949
f 3950 3727 3949
f 3728 3727 3950
f 3951 3728 3950
f 3729 3728 3951
f 3952 3729 3951
f 3717 3716 3947
f 3679 3713 3929
f 3690 3689 3941
f 3689 3688 3940
f 3679 3930 3919
f 3919 3930 3931
f 3920 3919 3931
f 3925 3932 3924
f 3924 3933 3926
f 3932 3933 3924
f 3926 3934 3927
f 3933 3934 3926
f 3927 3935 3928
f 3941 3689 3940
f 3934 3935 3927
f 3935 3684 3928
f 3685 3684 3936
f 3937 3685 3936
f 3686 3685 3937
f 3938 3686 3937
f 3687 3686 3938
f 3939 3687 3938
f 3688 3687 3939
f 3940 3688 3939
f 3935 3936 3684
f 3906 3654 3905
f 3652 3905 3653
f 3904 3905 3652
f 3871 3614 3872
f 3614 3615 3872
f 3872 3615 3873
f 3615 3616 3873
f 3873 3616 3874
f 3616 3617 3874
f 3874 3617 3875
f 3617 3618 3875
f 3875 3618 3876
f 3613 3614 3871
f 3618 3619 3876
f 3619 3620 3877
f 3877 3620 3878
f 3620 3621 3878
f 3878 3621 3879
f 3621 3622 3879
f 3879 3622 3880
f 3622 3623 3880
f 3880 3623 3881
f 3623 3624 3881
f 3876 3619 3877
f 3862 3881 3625
f 3870 3613 3871
f 3869 3612 3870
f 3856 3599 3859
f 3599 3603 3859
f 3859 3603 3860
f 3861 3860 3604
f 3860 3603 3604
f 3862 3863 3864
f 3606 3864 3863
f 3606 3865 3864
f 3865 3606 3866
f 3612 3613 3870
f 3606 3608 3866
f 3609 3866 3608
f 3858 3857 3609
f 3610 3858 3609
f 3858 3610 3600
f 3861 3604 3867
f 3604 3611 3867
f 3867 3611 3868
f 3868 3611 3869
f 3611 3612 3869
f 3857 3866 3609
f 3625 3881 3624
f 3863 3862 3625
f 3626 3863 3625
f 3633 3649 3894
f 3895 3633 3894
f 3895 3897 3896
f 3633 3895 3896
f 3633 3896 3882
f 3882 3898 3883
f 3896 3898 3882
f 3883 3899 3884
f 3898 3899 3883
f 3649 3650 3894
f 3884 3900 3885
f 3885 3900 3638
f 3900 3901 3638
f 3638 3902 3886
f 3638 3901 3902
f 3902 3887 3886
f 3893 3651 3646
f 3903 3651 3893
f 3903 3904 3651
f 3651 3904 3652
f 3899 3900 3884
f 3646 3645 3893
f 3645 3892 3893
f 3644 3892 3645
f 3863 3626 3606
f 3634 3633 3882
f 3635 3634 3882
f 3883 3635 3882
f 3636 3635 3883
f 3884 3636 3883
f 3637 3636 3884
f 3885 3637 3884
f 3637 3885 3638
f 3639 3638 3886
f 3640 3639 3886
f 3887 3640 3886
f 3887 3888 3640
f 3640 3888 3641
f 3888 3889 3641
f 3641 3889 3642
f 3889 3890 3642
f 3642 3890 3643
f 3890 3891 3643
f 3643 3891 3644
f 3891 3892 3644
f 3730 3729 3952
f 3953 3730 3952
f 3731 3730 3953
f 3954 3731 3953
f 4014 4016 4005
f 4005 4016 4006
f 4006 4016 4017
f 4006 4017 4007
f 4007 4017 4018
f 3779 4008 4018
f 4018 4008 4007
f 4009 4008 3779
f 3781 4009 3779
f 4015 4014 4005
f 4009 3781 3772
f 4019 3778 3785
f 4022 4020 4021
f 4021 4023 4024
f 4020 4023 4021
f 4024 4023 4011
f 4023 4025 4011
f 4011 4025 4012
f 4012 4025 4026
f 4012 4026 4014
f 4010 3778 4019
f 4014 4026 4027
f 4012 4014 4013
f 4011 4012 4013
f 3993 3763 3756
f 3768 4004 4003
f 3769 3768 4003
f 4003 3762 3769
f 3995 3762 4003
f 4005 4006 3997
f 3997 4006 3998
f 3998 4006 4007
f 3998 4007 3999
f 4013 4014 4015
f 3999 4007 4008
f 4000 4008 4009
f 3772 3771 4001
f 3772 4001 4009
f 4009 4001 4000
f 4002 4001 3771
f 3774 4002 3771
f 4002 3774 3763
f 3778 4010 4004
f 3768 3778 4004
f 3999 4008 4000
f 4014 4027 4016
f 4016 4027 4028
f 4016 4028 4017
f 4039 3791 3797
f 4040 4041 4042
f 4042 4041 4031
f 4041 4043 4031
f 4031 4043 4032
f 4032 4043 4044
f 4032 4044 4034
f 4034 4044 4045
f 3798 4035 4045
f 4030 3791 4039
f 4045 4035 4034
f 3800 4036 3798
f 4037 4036 3800
f 3802 4037 3800
f 4038 4037 3802
f 3804 4038 3802
f 4038 3804 3792
f 4039 3797 3807
f 4046 4039 3807
f 4047 4040 4048
f 4036 4035 3798
f 4029 3794 3788
f 3794 4029 3792
f 4029 4028 3792
f 4017 4028 4029
f 3788 3787 4018
f 3788 4018 4029
f 4029 4018 4017
f 4018 3787 3779
f 4019 3785 4030
f 4030 3785 3791
f 4031 4032 4033
f 4033 4020 4022
f 4033 4032 4020
f 4032 4034 4020
f 4020 4034 4023
f 4023 4034 4035
f 4023 4035 4025
f 4025 4035 4036
f 4025 4036 4026
f 4026 4036 4037
f 4026 4037 4027
f 4027 4037 4038
f 3792 4028 4038
f 4038 4028 4027
f 4002 3993 3992
f 3852 3601 3591
f 3763 3993 4002
f 3991 4001 3992
f 3965 3966 3940
f 3941 3967 3942
f 3966 3967 3941
f 3968 3942 3967
f 3968 3943 3942
f 3943 3968 3944
f 3944 3968 3969
f 3944 3969 3945
f 3945 3969 3970
f 3940 3966 3941
f 3945 3970 3946
f 3946 3971 3947
f 3947 3971 3972
f 3947 3972 3948
f 3948 3972 3973
f 3718 3948 3974
f 3974 3948 3973
f 3718 3974 3740
f 3746 3747 3975
f 3975 3976 3746
f 3946 3970 3971
f 3746 3976 3725
f 3964 3965 3939
f 3938 3964 3939
f 3732 3731 3954
f 3955 3732 3954
f 3733 3732 3955
f 3956 3733 3955
f 3734 3733 3956
f 3957 3734 3956
f 3735 3734 3957
f 3958 3735 3957
f 3736 3735 3958
f 3939 3965 3940
f 3959 3736 3958
f 3960 3737 3959
f 3738 3737 3960
f 3961 3738 3960
f 3714 3738 3961
f 3714 3961 3929
f 3929 3961 3962
f 3963 3930 3962
f 3930 3929 3962
f 3963 3931 3930
f 3737 3736 3959
f 3725 3977 3949
f 3725 3976 3977
f 3949 3978 3950
f 3983 3990 3991
f 3983 3991 3984
f 3984 3991 3992
f 3984 3992 3985
f 3985 3992 3993
f 3985 3993 3756
f 3749 3985 3756
f 3762 3995 3994
f 3761 3762 3994
f 3982 3990 3983
f 3994 3996 3761
f 3986 3754 3996
f 3997 3987 3988
f 3997 3998 3987
f 3987 3998 3989
f 3989 3998 3999
f 3989 3999 3990
f 3990 3999 4000
f 3990 4000 3991
f 3991 4000 4001
f 3761 3996 3754
f 3982 3989 3990
f 3981 3989 3982
f 3981 3987 3989
f 3977 3978 3949
f 3978 3951 3950
f 3980 3979 3968
f 3979 3969 3968
f 3969 3979 3970
f 3970 3979 3981
f 3970 3981 3971
f 3971 3981 3982
f 3971 3982 3972
f 3972 3982 3983
f 3972 3983 3973
f 3973 3983 3984
f 3973 3984 3974
f 3974 3984 3985
f 3974 3985 3749
f 3740 3974 3749
f 3975 3747 3986
f 3986 3747 3754
f 3988 3979 3980
f 3987 3979 3988
f 3979 3987 3981
f 3992 4001 4002
f 3072 3268 3058
f 3601 3852 3600
f 3858 3850 3849
f 3730 3731 3704
f 3705 3732 3706
f 3731 3732 3705
f 3706 3733 3707
f 3732 3733 3706
f 3707 3734 3708
f 3733 3734 3707
f 3708 3735 3709
f 3734 3735 3708
f 3704 3731 3705
f 3709 3736 3710
f 3710 3737 3711
f 3736 3737 3710
f 3711 3738 3712
f 3737 3738 3711
f 3712 3738 3714
f 3740 3739 3718
f 3739 3719 3718
f 3719 3739 3720
f 3720 3739 3741
f 3735 3736 3709
f 3720 3741 3721
f 3729 3730 3703
f 3478 3728 3729
f 3698 3718 3719
f 3698 3719 3699
f 3699 3719 3720
f 3699 3720 3700
f 3700 3720 3721
f 3700 3721 3701
f 3701 3721 3722
f 3701 3722 3702
f 3702 3722 3723
f 3703 3730 3704
f 3471 3702 3724
f 3471 3724 3487
f 3492 3491 3725
f 3725 3726 3492
f 3492 3726 3493
f 3726 3727 3493
f 3493 3727 3494
f 3727 3728 3494
f 3494 3728 3478
f 3478 3729 3703
f 3724 3702 3723
f 3697 3718 3698
f 3721 3741 3742
f 3722 3742 3743
f 3745 3754 3747
f 3756 3748 3749
f 3755 3748 3756
f 3748 3755 3750
f 3750 3755 3757
f 3750 3757 3751
f 3751 3757 3758
f 3751 3758 3752
f 3752 3758 3759
f 3504 3754 3499
f 3752 3759 3753
f 3753 3760 3506
f 3501 3753 3506
f 3508 3762 3761
f 3504 3508 3761
f 3504 3761 3754
f 3763 3755 3756
f 3763 3764 3755
f 3755 3764 3757
f 3757 3764 3765
f 3753 3759 3760
f 3721 3742 3722
f 3754 3745 3499
f 3744 3753 3501
f 3722 3743 3723
f 3723 3743 3744
f 3495 3724 3744
f 3744 3724 3723
f 3724 3495 3487
f 3498 3499 3745
f 3745 3747 3746
f 3745 3746 3498
f 3498 3746 3491
f 3495 3744 3501
f 3491 3746 3725
f 3748 3739 3749
f 3739 3748 3741
f 3741 3748 3750
f 3741 3750 3742
f 3742 3750 3751
f 3742 3751 3743
f 3743 3751 3752
f 3743 3752 3744
f 3744 3752 3753
f 3749 3739 3740
f 3718 3697 3696
f 3718 3696 3717
f 3716 3717 3695
f 3682 3683 3440
f 3440 3683 3457
f 3684 3458 3683
f 3683 3458 3457
f 3459 3458 3684
f 3685 3459 3684
f 3460 3459 3685
f 3686 3460 3685
f 3461 3460 3686
f 3681 3682 3440
f 3687 3461 3686
f 3688 3462 3687
f 3463 3462 3688
f 3689 3463 3688
f 3464 3463 3689
f 3690 3464 3689
f 3465 3464 3690
f 3691 3465 3690
f 3466 3465 3691
f 3692 3466 3691
f 3462 3461 3687
f 3467 3466 3692
f 3670 3681 3440
f 3669 3681 3670
f 3426 3670 3440
f 3428 3442 3671
f 3429 3428 3671
f 3672 3429 3671
f 3430 3429 3672
f 3673 3430 3672
f 3431 3430 3673
f 3674 3431 3673
f 3432 3431 3674
f 3680 3681 3669
f 3675 3432 3674
f 3456 3455 3676
f 3439 3456 3676
f 3677 3439 3676
f 3439 3677 3665
f 3665 3677 3678
f 3665 3678 3666
f 3666 3678 3679
f 3666 3679 3667
f 3668 3680 3669
f 3432 3675 3444
f 3693 3467 3692
f 3468 3467 3693
f 3694 3468 3693
f 3483 3482 3706
f 3707 3483 3706
f 3484 3483 3707
f 3708 3484 3707
f 3485 3484 3708
f 3709 3485 3708
f 3455 3485 3709
f 3710 3455 3709
f 3455 3710 3676
f 3706 3482 3705
f 3676 3710 3711
f 3677 3711 3712
f 3713 3712 3714
f 3713 3678 3712
f 3678 3677 3712
f 3713 3679 3678
f 3693 3715 3694
f 3694 3716 3695
f 3715 3716 3694
f 3695 3717 3696
f 3676 3711 3677
f 3482 3481 3705
f 3705 3481 3704
f 3481 3480 3704
f 3469 3468 3694
f 3695 3469 3694
f 3442 3469 3695
f 3696 3442 3695
f 3442 3696 3671
f 3671 3696 3697
f 3671 3697 3672
f 3672 3697 3698
f 3672 3698 3673
f 3673 3698 3699
f 3673 3699 3674
f 3674 3699 3700
f 3674 3700 3675
f 3675 3700 3701
f 3470 3444 3675
f 3470 3675 3702
f 3702 3675 3701
f 3470 3702 3471
f 3479 3478 3703
f 3480 3479 3703
f 3704 3480 3703
f 3757 3765 3758
f 3758 3765 3766
f 3758 3766 3759
f 3759 3766 3767
f 3827 3828 3829
f 3829 3830 3831
f 3828 3830 3829
f 3816 3830 3569
f 3816 3831 3830
f 3817 3816 3569
f 3571 3817 3569
f 3819 3817 3571
f 3572 3819 3571
f 3566 3568 3823
f 3821 3819 3572
f 3821 3573 3559
f 3824 3823 3832
f 3823 3568 3574
f 3823 3574 3832
f 3832 3574 3833
f 3833 3574 3834
f 3574 3575 3834
f 3834 3576 3835
f 3834 3575 3576
f 3573 3821 3572
f 3576 3577 3835
f 3822 3558 3566
f 3824 3566 3823
f 3806 3555 3550
f 3807 3808 3813
f 3808 3552 3557
f 3808 3557 3813
f 3813 3557 3814
f 3815 3814 3558
f 3814 3557 3558
f 3816 3817 3818
f 3818 3819 3820
f 3822 3566 3824
f 3817 3819 3818
f 3819 3821 3809
f 3559 3810 3821
f 3821 3810 3809
f 3811 3810 3559
f 3561 3811 3559
f 3812 3811 3561
f 3563 3812 3561
f 3812 3563 3553
f 3815 3558 3822
f 3820 3819 3809
f 3838 3836 3837
f 3837 3839 3840
f 3836 3839 3837
f 3851 3852 3853
f 3850 3852 3851
f 3591 3853 3852
f 3591 3854 3853
f 3854 3591 3855
f 3591 3592 3855
f 3836 3838 3855
f 3836 3855 3593
f 3593 3855 3592
f 3849 3850 3851
f 3839 3836 3593
f 3841 3839 3595
f 3597 3841 3595
f 3843 3841 3597
f 3598 3843 3597
f 3843 3598 3578
f 3599 3856 3590
f 3590 3856 3848
f 3857 3858 3849
f 3600 3850 3858
f 3595 3839 3593
f 3590 3848 3589
f 3847 3589 3848
f 3835 3589 3847
f 3840 3841 3842
f 3839 3841 3840
f 3842 3843 3844
f 3841 3843 3842
f 3578 3844 3843
f 3578 3845 3844
f 3845 3578 3846
f 3578 3580 3846
f 3825 3846 3582
f 3582 3846 3580
f 3826 3825 3582
f 3584 3826 3582
f 3827 3826 3584
f 3586 3827 3584
f 3828 3827 3586
f 3587 3828 3586
f 3830 3828 3587
f 3588 3830 3587
f 3830 3588 3569
f 3834 3835 3847
f 3835 3577 3589
f 3555 3806 3554
f 3852 3850 3600
f 3806 3805 3554
f 3805 3803 3553
f 3779 3780 3781
f 3781 3770 3772
f 3781 3780 3770
f 3780 3782 3770
f 3770 3782 3773
f 3773 3782 3783
f 3773 3783 3775
f 3775 3783 3784
f 3524 3523 3776
f 3778 3513 3521
f 3524 3776 3784
f 3777 3776 3523
f 3526 3777 3523
f 3777 3526 3516
f 3778 3521 3785
f 3785 3521 3529
f 3788 3786 3787
f 3787 3786 3779
f 3786 3789 3779
f 3779 3789 3780
f 3784 3776 3775
f 3780 3789 3790
f 3768 3513 3778
f 3518 3767 3515
f 3509 3760 3767
f 3767 3760 3759
f 3760 3509 3506
f 3512 3513 3768
f 3768 3769 3512
f 3512 3769 3508
f 3762 3508 3769
f 3772 3770 3771
f 3771 3773 3774
f 3767 3518 3509
f 3770 3773 3771
f 3773 3775 3763
f 3763 3775 3764
f 3764 3775 3776
f 3764 3776 3765
f 3765 3776 3777
f 3516 3515 3766
f 3516 3766 3777
f 3777 3766 3765
f 3767 3766 3515
f 3774 3773 3763
f 3532 3531 3782
f 3532 3782 3790
f 3790 3782 3780
f 3801 3803 3802
f 3804 3803 3792
f 3803 3805 3792
f 3792 3805 3793
f 3793 3805 3806
f 3550 3549 3795
f 3550 3795 3806
f 3806 3795 3793
f 3795 3549 3542
f 3802 3803 3804
f 3797 3796 3807
f 3808 3796 3547
f 3547 3552 3808
f 3809 3810 3798
f 3798 3810 3799
f 3799 3810 3811
f 3799 3811 3801
f 3801 3811 3812
f 3553 3803 3812
f 3812 3803 3801
f 3807 3796 3808
f 3799 3801 3800
f 3800 3801 3802
f 3798 3799 3800
f 3783 3782 3531
f 3534 3783 3531
f 3784 3783 3534
f 3536 3784 3534
f 3784 3536 3524
f 3785 3529 3791
f 3791 3529 3539
f 3792 3793 3794
f 3794 3786 3788
f 3794 3793 3786
f 3793 3795 3786
f 3542 3541 3789
f 3542 3789 3795
f 3795 3789 3786
f 3790 3789 3541
f 3544 3790 3541
f 3790 3544 3532
f 3546 3796 3797
f 3546 3797 3539
f 3539 3797 3791
f 3547 3796 3546
f 3554 3805 3553
f 4040 4047 4041
f 3283 3268 3072
f 3282 3283 3071
f 2759 2538 2758
f 2759 2760 2539
f 2542 2543 2761
f 2544 2542 2761
f 2762 2544 2761
f 2535 2544 2762
f 2535 2762 2752
f 2752 2762 2763
f 2764 2753 2763
f 2539 2538 2759
f 2753 2752 2763
f 2760 2545 2539
f 2760 2765 2545
f 2545 2765 2546
f 2547 2546 2766
f 2766 2546 2765
f 2766 2767 2547
f 2548 2549 2768
f 2550 2548 2768
f 2769 2550 2768
f 2753 2764 2755
f 2551 2550 2769
f 2537 2758 2538
f 2536 2757 2537
f 2521 2747 2527
f 2747 2748 2527
f 2527 2748 2528
f 2748 2749 2528
f 2528 2749 2529
f 2749 2750 2529
f 2529 2750 2530
f 2530 2750 2751
f 2531 2530 2751
f 2757 2758 2537
f 2534 2535 2752
f 2753 2523 2752
f 2753 2755 2754
f 2523 2753 2754
f 2523 2754 2741
f 2741 2756 2742
f 2754 2756 2741
f 2756 2743 2742
f 2751 2536 2531
f 2751 2757 2536
f 2523 2534 2752
f 2746 2747 2521
f 2770 2551 2769
f 2771 2552 2770
f 2783 2785 2566
f 2566 2785 2568
f 2785 2786 2568
f 2568 2786 2569
f 2786 2787 2569
f 2569 2787 2570
f 2787 2788 2570
f 2570 2788 2571
f 2788 2789 2571
f 2566 2567 2783
f 2571 2789 2572
f 2572 2790 2573
f 2549 2573 2768
f 2573 2790 2768
f 2769 2791 2770
f 2770 2792 2771
f 2791 2792 2770
f 2771 2793 2772
f 2792 2793 2771
f 2795 2794 2554
f 2789 2790 2572
f 2552 2551 2770
f 2567 2784 2783
f 2565 2779 2780
f 2553 2552 2771
f 2772 2553 2771
f 2553 2772 2554
f 2558 2559 2773
f 2560 2558 2773
f 2774 2560 2773
f 2543 2560 2774
f 2543 2774 2761
f 2761 2774 2775
f 2781 2782 2780
f 2776 2762 2775
f 2776 2763 2762
f 2767 2561 2547
f 2767 2777 2561
f 2561 2777 2562
f 2777 2778 2562
f 2562 2778 2564
f 2565 2564 2779
f 2779 2564 2778
f 2779 2781 2780
f 2762 2761 2775
f 2745 2746 2521
f 2740 2745 2521
f 2519 2744 2745
f 2714 2486 2487
f 2488 2715 2487
f 2716 2715 2488
f 2489 2716 2488
f 2717 2716 2489
f 2490 2717 2489
f 2718 2719 2720
f 2498 2720 2719
f 2498 2497 2720
f 2714 2487 2715
f 2497 2721 2720
f 2497 2499 2722
f 2722 2499 2723
f 2499 2500 2723
f 2723 2500 2724
f 2500 2501 2724
f 2724 2501 2725
f 2501 2502 2725
f 2725 2502 2726
f 2502 2503 2726
f 2721 2497 2722
f 2726 2503 2727
f 2713 2486 2714
f 2712 2705 2713
f 2703 2692 2471
f 2471 2472 2703
f 2472 2704 2703
f 2472 2473 2704
f 2473 2705 2704
f 2480 2705 2473
f 2693 2709 2482
f 2694 2693 2482
f 2483 2694 2482
f 2480 2486 2713
f 2695 2694 2483
f 2696 2695 2484
f 2485 2696 2484
f 2696 2485 2475
f 2702 2703 2710
f 2703 2704 2711
f 2710 2703 2711
f 2704 2705 2712
f 2711 2704 2712
f 2705 2480 2713
f 2484 2695 2483
f 2503 2504 2727
f 2706 2727 2505
f 2505 2727 2504
f 2511 2512 2737
f 2737 2512 2738
f 2512 2513 2738
f 2738 2513 2739
f 2513 2514 2739
f 2718 2739 2515
f 2515 2739 2514
f 2719 2718 2515
f 2516 2719 2515
f 2736 2511 2737
f 2719 2516 2498
f 2520 2740 2521
f 2524 2523 2741
f 2525 2524 2741
f 2742 2525 2741
f 2526 2525 2742
f 2743 2526 2742
f 2743 2744 2526
f 2526 2744 2519
f 2519 2745 2740
f 2520 2519 2740
f 2510 2511 2736
f 2735 2510 2736
f 2509 2510 2735
f 2707 2706 2505
f 2506 2707 2505
f 2708 2707 2506
f 2507 2708 2506
f 2709 2708 2507
f 2508 2709 2507
f 2709 2508 2482
f 2714 2715 2728
f 2715 2716 2729
f 2728 2715 2729
f 2716 2717 2730
f 2729 2716 2730
f 2717 2490 2731
f 2730 2717 2731
f 2490 2491 2732
f 2731 2490 2732
f 2491 2492 2733
f 2732 2491 2733
f 2492 2509 2733
f 2733 2509 2734
f 2734 2509 2735
f 2793 2795 2554
f 2702 2692 2703
f 2793 2554 2772
f 2796 2574 2794
f 2854 2859 2855
f 2855 2859 2860
f 2855 2860 2856
f 2856 2860 2861
f 2856 2861 2630
f 2627 2856 2630
f 2857 2628 2862
f 5495 5529 5494
f 2863 2858 2864
f 2858 2859 2854
f 2858 2863 2859
f 2859 2865 2860
f 2860 2865 2866
f 2632 2861 2866
f 2866 2861 2860
f 2861 2632 2630
f 2868 2867 2633
f 2633 2867 2631
f 2631 2867 2862
f 2869 2863 2864
f 2859 2863 2865
f 2869 2870 2863
f 2857 2626 2628
f 2851 2627 2624
f 2622 2832 2605
f 2847 2833 2832
f 2849 2842 2843
f 2848 2842 2849
f 2842 2848 2844
f 2844 2848 2850
f 2844 2850 2845
f 2845 2850 2851
f 2845 2851 2624
f 2852 2626 2857
f 2620 2845 2624
f 2852 2853 2625
f 2625 2853 2621
f 2621 2853 2846
f 2854 2848 2849
f 2854 2855 2848
f 2848 2855 2850
f 2850 2855 2856
f 2627 2851 2856
f 2856 2851 2850
f 2625 2626 2852
f 2622 2847 2832
f 2634 2865 2870
f 2866 2865 2634
f 2875 2877 2884
f 2875 2884 2649
f 2649 2884 2648
f 2878 2875 2649
f 2650 2878 2649
f 2878 2650 2644
f 2885 2646 2651
f 2653 2887 2886
f 2881 2883 2887
f 2648 2884 2882
f 2881 2887 2654
f 2881 2654 2648
f 2885 2651 2888
f 2888 2651 2655
f 2889 2890 2891
f 2891 2892 2893
f 2890 2892 2891
f 2886 2892 2657
f 2886 2893 2892
f 2894 2655 2658
f 2654 2887 2653
f 2870 2865 2863
f 2648 2882 2881
f 2880 2642 2646
f 2636 2866 2634
f 2866 2636 2632
f 2633 2638 2868
f 2868 2638 2871
f 2872 2873 2869
f 2641 2640 2870
f 2641 2870 2873
f 2873 2870 2869
f 2870 2640 2634
f 2883 2881 2882
f 2642 2874 2638
f 2877 2875 2876
f 2876 2878 2879
f 2875 2878 2876
f 2872 2878 2644
f 2872 2879 2878
f 2873 2872 2644
f 2645 2873 2644
f 2873 2645 2641
f 2874 2642 2880
f 2638 2874 2871
f 2622 2846 2847
f 2622 2621 2846
f 2602 2831 2620
f 2808 2809 2588
f 2588 2809 2567
f 2784 2567 2809
f 2795 2810 2794
f 2812 2794 2810
f 2812 2811 2794
f 2811 2796 2794
f 2796 2811 2797
f 2797 2811 2813
f 2586 2808 2588
f 2576 2797 2814
f 2576 2814 2589
f 2580 2592 2815
f 2580 2815 2798
f 2798 2815 2816
f 2799 2798 2816
f 2585 2803 2593
f 2805 2607 2803
f 2803 2607 2593
f 2595 2823 2822
f 2814 2797 2813
f 2594 2595 2822
f 2806 2808 2586
f 2587 2807 2806
f 2575 2574 2796
f 2797 2575 2796
f 2575 2797 2576
f 2581 2580 2798
f 2559 2581 2798
f 2559 2798 2773
f 2773 2798 2799
f 2800 2774 2799
f 2774 2773 2799
f 2586 2587 2806
f 2800 2775 2774
f 2782 2582 2780
f 2782 2583 2582
f 2782 2801 2583
f 2583 2801 2584
f 2585 2584 2802
f 2802 2584 2801
f 2802 2804 2803
f 2585 2802 2803
f 2804 2805 2803
f 2582 2565 2780
f 2822 2824 2594
f 2594 2824 2596
f 2824 2825 2596
f 2613 2837 2614
f 2837 2838 2614
f 2614 2838 2615
f 2838 2839 2615
f 2615 2839 2616
f 2839 2823 2616
f 2616 2823 2595
f 2826 2840 2599
f 2599 2840 2617
f 2836 2837 2613
f 2840 2841 2617
f 2600 2618 2827
f 2618 2841 2827
f 2843 2842 2828
f 2842 2829 2828
f 2829 2842 2830
f 2830 2842 2844
f 2830 2844 2831
f 2831 2844 2845
f 2831 2845 2620
f 2617 2841 2618
f 2612 2836 2613
f 2821 2836 2612
f 2821 2612 2611
f 2596 2825 2598
f 2598 2825 2826
f 2599 2598 2826
f 2587 2600 2827
f 2827 2807 2587
f 2828 2811 2812
f 2811 2828 2813
f 2813 2828 2829
f 2813 2829 2814
f 2814 2829 2830
f 2589 2814 2831
f 2831 2814 2830
f 2589 2831 2602
f 2604 2605 2832
f 2606 2604 2832
f 2833 2606 2832
f 2833 2834 2606
f 2606 2834 2592
f 2592 2835 2815
f 2592 2834 2835
f 2835 2816 2815
f 2574 2554 2794
f 2701 2691 2702
f 2691 2692 2702
f 2690 2691 2701
f 2571 2572 2356
f 2356 2572 2357
f 2572 2573 2357
f 2357 2573 2358
f 2573 2335 2358
f 2549 2335 2573
f 2554 2574 2555
f 2555 2575 2556
f 2574 2575 2555
f 2355 2571 2356
f 2575 2576 2343
f 2359 2343 2576
f 2577 2359 2576
f 2359 2577 2360
f 2362 2361 2578
f 2363 2362 2578
f 2579 2363 2578
f 2345 2363 2579
f 2580 2345 2579
f 2345 2580 2581
f 2575 2343 2556
f 2345 2581 2557
f 2570 2571 2355
f 2569 2570 2354
f 2346 2557 2558
f 2346 2558 2540
f 2346 2540 2327
f 2540 2560 2541
f 2558 2560 2540
f 2541 2560 2543
f 2547 2347 2333
f 2547 2561 2347
f 2347 2561 2348
f 2354 2570 2355
f 2349 2348 2562
f 2562 2564 2563
f 2349 2562 2563
f 2564 2565 2563
f 2352 2567 2566
f 2351 2352 2566
f 2566 2568 2351
f 2351 2568 2353
f 2568 2569 2353
f 2353 2569 2354
f 2562 2348 2561
f 2557 2559 2558
f 2557 2581 2559
f 2565 2364 2563
f 2594 2596 2396
f 2395 2594 2396
f 2596 2598 2597
f 2396 2596 2597
f 2598 2599 2597
f 2600 2587 2378
f 2587 2371 2378
f 2602 2601 2373
f 2589 2602 2373
f 2595 2594 2395
f 2373 2601 2379
f 2603 2605 2604
f 2381 2603 2604
f 2381 2604 2590
f 2381 2590 2375
f 2590 2606 2591
f 2604 2606 2590
f 2606 2592 2591
f 2593 2383 2377
f 2593 2607 2383
f 2381 2382 2603
f 2364 2349 2563
f 2580 2579 2592
f 2578 2591 2579
f 2565 2365 2364
f 2565 2582 2365
f 2365 2582 2366
f 2582 2583 2366
f 2366 2583 2368
f 2369 2368 2584
f 2584 2368 2583
f 2584 2585 2369
f 2371 2587 2586
f 2579 2591 2592
f 2370 2371 2586
f 2370 2588 2372
f 2588 2567 2372
f 2372 2567 2352
f 2589 2577 2576
f 2577 2589 2373
f 2360 2577 2373
f 2361 2375 2590
f 2361 2590 2578
f 2578 2590 2591
f 2586 2588 2370
f 2346 2345 2557
f 2342 2556 2343
f 2556 2342 2555
f 2306 2520 2308
f 2308 2520 2521
f 2309 2308 2521
f 2311 2312 2522
f 2313 2311 2522
f 2523 2313 2522
f 2523 2524 2313
f 2313 2524 2303
f 2303 2525 2517
f 2519 2520 2306
f 2303 2524 2525
f 2525 2526 2517
f 2526 2519 2518
f 2521 2527 2309
f 2309 2527 2314
f 2527 2528 2314
f 2314 2528 2315
f 2528 2529 2315
f 2315 2529 2316
f 2317 2316 2530
f 2517 2526 2518
f 2530 2316 2529
f 2519 2306 2518
f 2518 2305 2517
f 2508 2301 2276
f 2482 2508 2276
f 2492 2493 2509
f 2493 2494 2510
f 2509 2493 2510
f 2494 2495 2511
f 2510 2494 2511
f 2495 2496 2512
f 2511 2495 2512
f 2306 2305 2518
f 2496 2287 2513
f 2287 2288 2514
f 2513 2287 2514
f 2288 2302 2514
f 2514 2302 2515
f 2290 2516 2302
f 2302 2516 2515
f 2290 2498 2516
f 2304 2303 2517
f 2305 2304 2517
f 2512 2496 2513
f 2530 2531 2317
f 2319 2320 2532
f 2321 2319 2532
f 2329 2545 2330
f 2545 2546 2330
f 2330 2546 2332
f 2332 2546 2547
f 2333 2332 2547
f 2335 2549 2548
f 2334 2335 2548
f 2548 2550 2334
f 2334 2550 2336
f 2539 2545 2329
f 2550 2551 2336
f 2551 2552 2337
f 2337 2552 2338
f 2552 2553 2338
f 2338 2553 2339
f 2554 2340 2553
f 2553 2340 2339
f 2341 2340 2554
f 2555 2341 2554
f 2342 2341 2555
f 2336 2551 2337
f 2539 2329 2324
f 2533 2544 2535
f 2542 2544 2532
f 2533 2321 2532
f 2533 2535 2534
f 2321 2533 2534
f 2321 2534 2522
f 2321 2522 2312
f 2534 2523 2522
f 2531 2536 2317
f 2536 2322 2317
f 2536 2537 2322
f 2322 2537 2323
f 2324 2323 2538
f 2538 2323 2537
f 2538 2539 2324
f 2326 2327 2540
f 2328 2326 2540
f 2541 2328 2540
f 2541 2543 2542
f 2328 2541 2542
f 2328 2542 2532
f 2328 2532 2320
f 2532 2544 2533
f 2383 2607 2384
f 2607 2608 2384
f 2384 2608 2385
f 2608 2609 2385
f 2444 2665 2664
f 2665 2444 2666
f 2444 2445 2666
f 2659 2666 2446
f 2446 2666 2445
f 2659 2446 2439
f 2663 2662 2667
f 2662 2443 2447
f 2662 2447 2667
f 2441 2443 2662
f 2667 2447 2668
f 2670 2668 2448
f 2668 2447 2448
f 2448 2450 2669
f 2671 2672 2673
f 2673 2674 2675
f 2672 2674 2673
f 2451 2675 2674
f 2451 2676 2675
f 2676 2451 2677
f 2670 2448 2669
f 2451 2452 2677
f 2661 2440 2441
f 2663 2441 2662
f 2430 2654 2653
f 2648 2654 2431
f 2431 2654 2430
f 2648 2431 2424
f 2651 2652 2655
f 2655 2432 2656
f 2655 2429 2432
f 2655 2652 2429
f 2432 2434 2656
f 2663 2661 2441
f 2653 2436 2435
f 2653 2435 2430
f 2655 2656 2658
f 2658 2434 2437
f 2658 2656 2434
f 2657 2659 2439
f 2657 2439 2436
f 2658 2437 2660
f 2437 2440 2660
f 2660 2440 2661
f 2653 2657 2436
f 2664 2677 2453
f 2453 2677 2452
f 2664 2453 2444
f 2688 2467 2689
f 2689 2467 2690
f 2467 2468 2690
f 2690 2469 2691
f 2690 2468 2469
f 2470 2691 2469
f 2692 2691 2470
f 2471 2692 2470
f 2695 2696 2697
f 2680 2467 2688
f 2475 2697 2696
f 2698 2475 2699
f 2475 2476 2699
f 2699 2476 2700
f 2476 2477 2700
f 2682 2700 2478
f 2478 2700 2477
f 2683 2682 2478
f 2479 2683 2478
f 2683 2479 2460
f 2475 2698 2697
f 2680 2457 2467
f 2681 2680 2688
f 2674 2466 2451
f 2670 2669 2678
f 2669 2450 2454
f 2669 2454 2678
f 2678 2454 2679
f 2681 2455 2680
f 2681 2679 2455
f 2679 2454 2455
f 2455 2457 2680
f 2682 2683 2684
f 2460 2684 2683
f 2460 2685 2684
f 2685 2460 2686
f 2460 2462 2686
f 2686 2462 2687
f 2462 2463 2687
f 2671 2687 2464
f 2464 2687 2463
f 2672 2671 2464
f 2465 2672 2464
f 2674 2672 2465
f 2466 2674 2465
f 2427 2429 2652
f 2895 2896 2889
f 2651 2647 2423
f 2651 2427 2652
f 2399 2618 2400
f 2378 2618 2600
f 2378 2400 2618
f 2620 2601 2602
f 2619 2601 2620
f 2601 2619 2401
f 2379 2601 2401
f 2402 2403 2621
f 2402 2621 2622
f 2617 2618 2399
f 2402 2622 2603
f 2603 2622 2605
f 2624 2619 2620
f 2623 2619 2624
f 2619 2623 2404
f 2401 2619 2404
f 2406 2626 2625
f 2405 2406 2625
f 2403 2405 2621
f 2405 2625 2621
f 2402 2603 2382
f 2624 2407 2623
f 2398 2617 2399
f 2599 2398 2397
f 2385 2609 2386
f 2609 2610 2386
f 2386 2610 2387
f 2610 2611 2387
f 2387 2611 2388
f 2611 2612 2388
f 2388 2612 2389
f 2612 2613 2389
f 2389 2613 2390
f 2599 2617 2398
f 2613 2614 2390
f 2614 2615 2391
f 2391 2615 2392
f 2615 2616 2392
f 2392 2616 2393
f 2616 2595 2393
f 2393 2595 2394
f 2395 2394 2595
f 2397 2396 2597
f 2599 2397 2597
f 2390 2614 2391
f 2624 2627 2407
f 2623 2407 2404
f 2626 2406 2628
f 2642 2637 2643
f 2643 2637 2414
f 2414 2418 2643
f 2419 2645 2644
f 2639 2641 2645
f 2639 2645 2420
f 2420 2645 2419
f 2639 2420 2415
f 2642 2643 2646
f 2638 2637 2642
f 2646 2421 2647
f 2646 2643 2418
f 2421 2423 2647
f 2424 2649 2648
f 2649 2424 2650
f 2424 2425 2650
f 2644 2650 2426
f 2426 2650 2425
f 2644 2426 2419
f 2646 2647 2651
f 2646 2418 2421
f 2635 2416 2413
f 2416 2635 2415
f 2635 2634 2415
f 2628 2406 2408
f 2629 2627 2630
f 2627 2629 2409
f 2407 2627 2409
f 2628 2408 2631
f 2631 2408 2410
f 2630 2411 2629
f 2630 2632 2411
f 2629 2411 2409
f 2633 2631 2412
f 2631 2410 2412
f 2634 2635 2636
f 2632 2635 2413
f 2632 2636 2635
f 2632 2413 2411
f 2638 2633 2637
f 2633 2412 2637
f 2637 2412 2414
f 2641 2639 2640
f 2634 2639 2415
f 2634 2640 2639
f 2651 2423 2427
f 2889 2896 2890
f 2890 2896 2897
f 2659 2892 2897
f 3156 3157 3158
f 3155 3157 3156
f 2914 3158 3157
f 2914 2913 3158
f 2913 3159 3158
f 3142 3159 2916
f 2916 3159 2913
f 3143 3142 2916
f 2917 3143 2916
f 3153 3155 3154
f 3143 2917 2901
f 3147 2911 2918
f 3147 2918 3160
f 3160 2918 3161
f 3162 3161 2919
f 3161 2918 2919
f 3163 3164 3165
f 3165 3166 3167
f 3164 3166 3165
f 3167 3168 3169
f 3148 3147 3160
f 3166 3168 3167
f 3154 3155 3156
f 3152 3153 3154
f 3141 2898 2899
f 3142 3143 3144
f 3136 2901 3135
f 3136 3143 2901
f 3136 3144 3143
f 3137 3135 2901
f 2903 3137 2901
f 3138 3137 2903
f 2905 3138 2903
f 3151 3153 3152
f 3139 3138 2905
f 3139 2907 2895
f 3141 2899 3145
f 2899 2908 3145
f 3145 2908 3146
f 3148 2909 3147
f 3148 3146 2909
f 3146 2908 2909
f 2909 2911 3147
f 3150 3151 3152
f 2907 3139 2905
f 3140 2898 3141
f 3149 2923 2922
f 3149 3169 3168
f 2936 2937 3179
f 3179 2937 3180
f 2937 2939 3180
f 3163 3180 2940
f 2940 3180 2939
f 3164 3163 2940
f 2941 3164 2940
f 3166 3164 2941
f 2942 3166 2941
f 3178 2936 3179
f 3168 3166 2942
f 3168 2943 2923
f 3172 3171 3181
f 3181 3171 3182
f 3182 3171 2932
f 2944 3182 2932
f 3183 3173 3184
f 2946 3174 3183
f 3183 3174 3173
f 3174 2946 2934
f 2943 3168 2942
f 3149 3168 2923
f 2935 2936 3178
f 2934 2935 3177
f 3150 3149 2922
f 2925 3150 2922
f 3151 3150 2925
f 2927 3151 2925
f 3153 3151 2927
f 2928 3153 2927
f 3155 3153 2928
f 2929 3155 2928
f 3157 3155 2929
f 3177 2935 3178
f 2930 3157 2929
f 3162 2919 3170
f 3172 2931 3171
f 3170 2931 3172
f 3170 2919 2931
f 2932 3171 2931
f 3173 3174 3175
f 2934 3175 3174
f 2934 3176 3175
f 3176 2934 3177
f 3157 2930 2914
f 2894 2898 3140
f 3134 2894 3140
f 3133 2895 2889
f 2867 3097 2862
f 3103 3098 3104
f 3098 3103 3099
f 3099 3103 3105
f 3099 3105 3100
f 3100 3105 3106
f 2869 3101 3106
f 3106 3101 3100
f 3101 2869 2864
f 3102 3097 2867
f 3102 2868 3107
f 3108 3103 3104
f 3108 3109 3103
f 3103 3109 3105
f 3105 3109 3110
f 2872 3106 3110
f 3110 3106 3105
f 3106 2872 2869
f 3107 2871 3111
f 3111 2871 2874
f 3107 2868 2871
f 3112 3113 3114
f 2867 2868 3102
f 3096 3101 2864
f 3083 2854 2849
f 2857 3092 3091
f 2852 2857 3091
f 2852 3091 3084
f 3093 3094 3086
f 3086 3094 3087
f 3087 3094 3095
f 3087 3095 3089
f 3089 3095 3096
f 2858 3096 2864
f 2858 3090 3096
f 3090 2858 2854
f 3092 2857 3097
f 3097 2857 2862
f 3093 3098 3094
f 3094 3098 3099
f 3094 3099 3095
f 3095 3099 3100
f 3095 3100 3096
f 3096 3100 3101
f 3096 3090 3089
f 3114 3113 3108
f 3113 3115 3108
f 2877 2876 3109
f 3130 3131 3132
f 3132 3131 3120
f 3131 3133 3120
f 2889 3121 3133
f 3133 3121 3120
f 3122 3121 2889
f 2891 3122 2889
f 3124 3122 2891
f 2893 3124 2891
f 3126 2885 2888
f 3124 2893 2886
f 3135 3128 3136
f 3128 3135 3129
f 3129 3135 3137
f 3129 3137 3130
f 3130 3137 3138
f 3130 3138 3131
f 3131 3138 3139
f 2895 3133 3139
f 3139 3133 3131
f 3127 2888 3134
f 3126 2888 3127
f 3118 2887 2883
f 2887 3118 2886
f 2877 3109 3115
f 3115 3109 3108
f 3110 3109 2876
f 2879 3110 2876
f 3110 2879 2872
f 2880 3116 2874
f 2874 3116 3111
f 3117 3118 3112
f 2883 2882 3113
f 2883 3113 3118
f 3118 3113 3112
f 3115 3113 2882
f 2884 3115 2882
f 3115 2884 2877
f 3116 2880 3119
f 3121 3122 3123
f 3123 3124 3125
f 3122 3124 3123
f 3117 3124 2886
f 3117 3125 3124
f 3118 3117 2886
f 3181 3182 3185
f 3182 2944 3186
f 3185 3182 3186
f 2944 2948 3186
f 3031 3247 3032
f 3247 3248 3032
f 3032 3248 3033
f 3248 3249 3033
f 3033 3249 3034
f 3249 3250 3034
f 3034 3250 3035
f 3035 3250 3251
f 3036 3035 3251
f 3246 3247 3031
f 3037 3253 3252
f 3252 3254 3038
f 3038 3254 3039
f 3254 3255 3039
f 3039 3255 3040
f 3255 3256 3040
f 3040 3256 3041
f 3256 3257 3041
f 3041 3257 3014
f 3257 3258 3014
f 3038 3037 3252
f 3014 3258 3042
f 3030 3246 3031
f 3029 3245 3030
f 3001 3233 3003
f 3004 3003 3234
f 3234 3003 3233
f 3234 3235 3004
f 3235 3237 3004
f 3237 3008 3004
f 3237 3238 3008
f 3008 3238 3009
f 3238 3239 3009
f 3245 3246 3030
f 3009 3239 3010
f 3240 3010 3239
f 3240 3241 3011
f 3027 3028 3242
f 3242 3243 3027
f 3027 3243 3007
f 3007 3243 3236
f 3241 3244 3011
f 3244 3029 3011
f 3244 3245 3029
f 3011 3010 3240
f 3258 3259 3042
f 3042 3259 3043
f 3259 3260 3043
f 3052 3273 3053
f 3266 3053 3273
f 3267 3274 3054
f 3054 3274 3066
f 3274 3275 3066
f 3066 3275 3067
f 3275 3276 3067
f 3067 3276 3068
f 3276 3277 3068
f 3272 3273 3052
f 3068 3277 3069
f 3069 3278 3055
f 3278 3279 3055
f 3055 3279 3056
f 3279 3280 3056
f 3056 3280 3057
f 3280 3281 3057
f 3057 3281 3070
f 3281 3282 3070
f 3070 3282 3071
f 3277 3278 3069
f 3065 3272 3052
f 3271 3272 3065
f 3064 3271 3065
f 3043 3260 3044
f 3261 3045 3260
f 3260 3045 3044
f 3019 3045 3261
f 3262 3019 3261
f 3020 3019 3262
f 3263 3020 3262
f 3021 3020 3263
f 3264 3021 3263
f 3046 3021 3264
f 3265 3046 3264
f 3046 3265 3048
f 3242 3028 3266
f 3266 3028 3053
f 3058 3268 3253
f 3037 3058 3253
f 3269 3265 3264
f 3265 3269 3059
f 3048 3265 3059
f 3064 3063 3270
f 3270 3271 3064
f 3232 3233 3001
f 3090 3083 3082
f 3000 3232 3001
f 2999 3231 3000
f 2962 3199 2961
f 3183 2962 2946
f 3188 3189 3200
f 3189 3190 3201
f 3200 3189 3201
f 3190 2952 3202
f 3201 3190 3202
f 2952 2963 3202
f 3202 2963 3203
f 3183 3199 2962
f 3203 2963 3204
f 3204 2964 3205
f 2964 2965 3205
f 3205 2965 3206
f 2965 2966 3206
f 3206 2966 3207
f 2966 2967 3207
f 3207 2967 3208
f 2967 2968 3208
f 3208 2968 3209
f 2963 2964 3204
f 2968 2969 3209
f 3183 3184 3199
f 3198 2960 3199
f 3186 2948 3187
f 3187 2948 3188
f 2948 2949 3188
f 3188 2950 3189
f 3188 2949 2950
f 2951 3189 2950
f 3190 3189 2951
f 2952 3190 2951
f 3191 3192 3193
f 2960 2961 3199
f 2956 3193 3192
f 2955 3194 3193
f 3194 2955 3195
f 2955 2957 3195
f 3195 2957 3196
f 2957 2958 3196
f 3196 2958 3197
f 2958 2959 3197
f 3197 2959 3198
f 2959 2960 3198
f 2956 2955 3193
f 3209 2969 3210
f 2969 2970 3210
f 3210 2970 3211
f 3221 3222 2983
f 2983 3222 2989
f 3222 3223 2989
f 2989 3223 2990
f 3223 3224 2990
f 2990 3224 2991
f 3224 3225 2991
f 2991 3225 2992
f 3225 3226 2992
f 3218 3221 2983
f 2992 3226 2993
f 3226 2994 2993
f 2994 3227 2995
f 2998 2997 3228
f 3228 3229 2998
f 2998 3229 2987
f 2987 3229 3219
f 3227 2999 2995
f 3227 3230 2999
f 3230 3231 2999
f 3227 2994 3226
f 2979 3220 3216
f 2988 3220 2979
f 3219 3220 2988
f 2970 2971 3211
f 3211 2971 3212
f 2971 2972 3212
f 3212 2972 3213
f 2972 2973 3213
f 3213 2973 3214
f 2973 2974 3214
f 3214 2974 3215
f 2974 2975 3215
f 3191 3215 2976
f 2976 3215 2975
f 3192 3191 2976
f 2977 3192 2976
f 3192 2977 2956
f 2980 2979 3216
f 3216 3217 2980
f 2980 3217 2981
f 3218 2982 3217
f 3217 2982 2981
f 2982 3218 2983
f 2988 2987 3219
f 3231 3232 3000
f 3071 3283 3072
f 2854 3083 3090
f 3081 3089 3082
f 2957 2720 2958
f 2720 2721 2958
f 2958 2721 2959
f 2721 2722 2959
f 2959 2722 2960
f 2722 2723 2960
f 2960 2723 2961
f 2723 2724 2961
f 2961 2724 2962
f 2718 2720 2957
f 2724 2725 2962
f 2726 2962 2725
f 2947 2946 2726
f 2727 2947 2726
f 2947 2727 2706
f 2952 2953 2963
f 2953 2954 2964
f 2963 2953 2964
f 2954 2714 2965
f 2964 2954 2965
f 2946 2962 2726
f 2714 2728 2965
f 2955 2718 2957
f 2714 2954 2713
f 2936 2935 2706
f 2707 2936 2706
f 2937 2936 2707
f 2708 2937 2707
f 2938 2937 2708
f 2709 2938 2708
f 2938 2709 2693
f 2944 2945 2948
f 2945 2701 2949
f 2718 2955 2956
f 2948 2945 2949
f 2949 2701 2950
f 2702 2710 2950
f 2950 2710 2951
f 2951 2710 2952
f 2710 2711 2952
f 2952 2712 2953
f 2952 2711 2712
f 2713 2953 2712
f 2954 2953 2713
f 2701 2702 2950
f 2947 2935 2934
f 2965 2728 2966
f 2728 2729 2967
f 2979 2745 2978
f 2979 2980 2745
f 2745 2980 2746
f 2980 2981 2746
f 2746 2981 2747
f 2981 2982 2747
f 2747 2982 2748
f 2983 2749 2982
f 2982 2749 2748
f 2745 2744 2978
f 2750 2749 2983
f 2750 2984 2751
f 2754 2755 2985
f 2756 2754 2985
f 2986 2756 2985
f 2743 2756 2986
f 2987 2743 2986
f 2743 2987 2988
f 2743 2988 2978
f 2988 2979 2978
f 2984 2750 2983
f 2966 2728 2967
f 2744 2743 2978
f 2977 2739 2718
f 2967 2729 2968
f 2729 2730 2968
f 2968 2730 2969
f 2730 2731 2969
f 2969 2731 2970
f 2731 2732 2970
f 2970 2732 2971
f 2732 2733 2971
f 2971 2733 2972
f 2956 2977 2718
f 2733 2734 2972
f 2734 2735 2973
f 2973 2735 2974
f 2735 2736 2974
f 2974 2736 2975
f 2736 2737 2975
f 2975 2737 2976
f 2737 2738 2976
f 2976 2738 2977
f 2738 2739 2977
f 2972 2734 2973
f 2706 2935 2947
f 2946 2947 2934
f 2701 2945 2690
f 2911 2668 2910
f 2911 2909 2668
f 2909 2667 2668
f 2668 2670 2910
f 2914 2912 2913
f 2913 2915 2916
f 2912 2915 2913
f 2671 2916 2915
f 2671 2917 2916
f 2908 2667 2909
f 2901 2917 2673
f 2902 2901 2673
f 2675 2902 2673
f 2904 2902 2675
f 2676 2904 2675
f 2906 2904 2676
f 2677 2906 2676
f 2906 2677 2664
f 2911 2910 2918
f 2910 2670 2678
f 2673 2917 2671
f 2910 2678 2918
f 2900 2667 2908
f 2899 2900 2908
f 2897 2892 2890
f 2892 2659 2657
f 2894 2658 2898
f 2658 2660 2898
f 2898 2660 2899
f 2899 2661 2900
f 2899 2660 2661
f 2661 2663 2900
f 2901 2902 2903
f 2900 2663 2667
f 2903 2904 2905
f 2905 2906 2907
f 2904 2906 2905
f 2895 2906 2664
f 2895 2907 2906
f 2896 2895 2664
f 2665 2896 2664
f 2897 2896 2665
f 2666 2897 2665
f 2897 2666 2659
f 2902 2904 2903
f 2918 2678 2919
f 2919 2679 2920
f 2919 2678 2679
f 2937 2938 2939
f 2693 2939 2938
f 2693 2940 2939
f 2940 2693 2941
f 2693 2694 2941
f 2941 2694 2942
f 2694 2695 2942
f 2942 2695 2943
f 2695 2697 2943
f 2690 2933 2689
f 2921 2923 2943
f 2698 2943 2697
f 2924 2921 2698
f 2699 2924 2698
f 2926 2924 2699
f 2700 2926 2699
f 2926 2700 2682
f 2932 2933 2944
f 2944 2933 2945
f 2945 2933 2690
f 2921 2943 2698
f 2932 2688 2689
f 2932 2689 2933
f 2931 2688 2932
f 2679 2681 2920
f 2923 2921 2922
f 2922 2924 2925
f 2921 2924 2922
f 2925 2926 2927
f 2924 2926 2925
f 2682 2927 2926
f 2682 2928 2927
f 2928 2682 2929
f 2682 2684 2929
f 2929 2684 2930
f 2684 2685 2930
f 2912 2914 2930
f 2912 2930 2686
f 2686 2930 2685
f 2915 2912 2686
f 2687 2915 2686
f 2915 2687 2671
f 2919 2920 2931
f 2920 2681 2688
f 2920 2688 2931
f 2983 2989 2984
f 2984 2989 2751
f 2989 2990 2751
f 2990 2991 2751
f 3026 3052 3053
f 3026 3053 3028
f 2822 2823 3055
f 2824 2822 3055
f 3056 2824 3055
f 2825 2824 3056
f 3057 2825 3056
f 2825 3057 2826
f 3037 2807 3058
f 3025 3052 3026
f 3058 2807 2827
f 3047 3059 3049
f 3049 3059 3060
f 3049 3060 2828
f 2812 3049 2828
f 2834 2833 3061
f 2835 2834 3061
f 3062 2835 3061
f 2816 2835 3062
f 3063 2816 3062
f 3059 3047 3048
f 2816 3063 3064
f 3025 3051 3052
f 3024 3050 3051
f 3012 3041 3013
f 3040 3041 3012
f 3041 3014 3013
f 3014 3042 3015
f 3015 3043 3016
f 3042 3043 3015
f 3016 3044 3017
f 3043 3044 3016
f 3017 3045 3018
f 3024 3051 3025
f 3044 3045 3017
f 3021 3046 3022
f 3048 3022 3046
f 3048 3047 3022
f 3047 3023 3022
f 2810 2795 3023
f 2810 3023 3049
f 3049 3023 3047
f 2810 3049 2812
f 2799 3050 3024
f 3045 3019 3018
f 2816 3064 3050
f 3050 3065 3051
f 3064 3065 3050
f 3076 3078 2847
f 2847 3078 2833
f 2833 3079 3061
f 2833 3078 3079
f 3061 3080 3062
f 3079 3080 3061
f 3080 3063 3062
f 3073 3081 3074
f 3074 3081 3082
f 2847 2846 3076
f 3074 3082 3075
f 3075 3083 2849
f 2843 3075 2849
f 2853 2852 3084
f 3084 3085 2853
f 2853 3085 2846
f 3077 2846 3085
f 3086 3087 3088
f 3088 3087 3081
f 3087 3089 3081
f 3075 3082 3083
f 2846 3077 3076
f 2828 3075 2843
f 3075 3060 3074
f 3065 3052 3051
f 3054 2836 2821
f 3054 3066 2836
f 2836 3066 2837
f 3066 3067 2837
f 2837 3067 2838
f 3067 3068 2838
f 2838 3068 2839
f 3068 3069 2839
f 2839 3069 2823
f 2823 3069 3055
f 3057 3070 2826
f 3070 3071 2826
f 2826 3071 2840
f 3071 3072 2840
f 2840 3072 2841
f 3072 3058 2841
f 2841 3058 2827
f 3059 3073 3060
f 3060 3073 3074
f 2828 3060 3075
f 2809 3039 3040
f 3082 3089 3090
f 2784 2809 3040
f 2808 3039 2809
f 2776 2775 3005
f 2763 2776 3005
f 3006 2763 3005
f 2763 3006 2996
f 2996 3006 3007
f 2997 2996 3007
f 2777 2767 3002
f 3004 2777 3002
f 3004 2778 2777
f 3003 3004 3002
f 3004 3008 2778
f 3008 3009 2779
f 2779 3009 2781
f 2782 2781 3010
f 3010 2781 3009
f 3010 3011 2782
f 2783 2784 3012
f 2785 2783 3012
f 3013 2785 3012
f 2786 2785 3013
f 2778 3008 2779
f 3014 2786 3013
f 2767 3001 3002
f 3001 2766 3000
f 2751 2991 2757
f 2991 2992 2757
f 2757 2992 2758
f 2992 2993 2758
f 2758 2993 2759
f 2760 2759 2994
f 2994 2759 2993
f 2994 2995 2760
f 2764 2763 2996
f 3001 3003 3002
f 2755 2764 2996
f 2985 2996 2997
f 2998 2986 2997
f 2986 2985 2997
f 2998 2987 2986
f 2995 2999 2760
f 2999 2765 2760
f 2999 3000 2765
f 2765 3000 2766
f 2767 2766 3001
f 2755 2996 2985
f 2787 2786 3014
f 3015 2787 3014
f 2788 2787 3015
f 3011 2801 2782
f 3011 3029 2801
f 2801 3029 2802
f 3029 3030 2802
f 2802 3030 2804
f 2805 2804 3031
f 3031 2804 3030
f 3031 3032 2817
f 2805 3031 2817
f 3027 3007 3006
f 3032 3033 2818
f 3033 3034 2819
f 2818 3033 2819
f 3034 3035 2820
f 2819 3034 2820
f 3035 3036 2820
f 2806 2807 3037
f 3037 3038 2806
f 2806 3038 2808
f 3038 3039 2808
f 2817 3032 2818
f 3006 3005 3026
f 3027 3006 3026
f 3027 3026 3028
f 3016 2788 3015
f 2789 2788 3016
f 3017 2789 3016
f 2790 2789 3017
f 3018 2790 3017
f 2768 2790 3018
f 3019 2768 3018
f 2769 2768 3019
f 3020 2769 3019
f 2791 2769 3020
f 3021 2791 3020
f 2792 2791 3021
f 3022 2792 3021
f 2793 2792 3022
f 3023 2793 3022
f 2793 3023 2795
f 2800 2799 3024
f 2775 2800 3024
f 3025 2775 3024
f 2775 3025 3005
f 3005 3025 3026
f 2784 3040 3012
f 2300 2301 2508
f 4041 4047 4049
f 4043 4049 4050
f 4927 4928 5048
f 5048 5050 5049
f 5048 5049 4927
f 4927 5049 4929
f 5049 5051 4929
f 4929 5051 4920
f 5040 4920 5051
f 5044 5052 5045
f 5054 5045 5052
f 4922 5047 4924
f 5054 5053 5045
f 5046 5053 5047
f 5047 5053 5055
f 4930 4924 5047
f 4930 5047 5056
f 5056 5047 5055
f 4930 5056 4932
f 4935 5058 5057
f 4934 4935 5057
f 5057 5059 4934
f 5053 5046 5045
f 4934 5059 4936
f 5047 4922 5046
f 5046 5038 5045
f 5036 5033 5035
f 4909 4908 5036
f 5037 4909 5036
f 4910 4909 5037
f 5038 4910 5037
f 4910 5038 4915
f 4920 5040 5039
f 4919 4920 5039
f 5039 5041 4919
f 4922 4915 5046
f 4919 5041 4921
f 4914 4921 5042
f 4921 5041 5042
f 5042 5035 5034
f 5035 5043 5036
f 5044 5036 5043
f 5044 5037 5036
f 5037 5044 5038
f 5038 5044 5045
f 4915 5038 5046
f 4914 5042 5034
f 4908 5033 5036
f 4928 5060 5048
f 4936 5059 5060
f 5068 5072 5069
f 5069 5072 5073
f 5069 5073 5070
f 5070 5073 5074
f 5070 5074 4947
f 4944 5070 4947
f 4949 5076 5075
f 4950 4949 5075
f 5075 5077 4950
f 5071 5066 4942
f 4950 5077 4951
f 4951 5078 4952
f 4946 4952 5071
f 4952 5078 5071
f 5079 5072 5080
f 5072 5079 5073
f 5073 5079 5081
f 5073 5081 5074
f 5074 5081 5082
f 5074 5082 4954
f 5077 5078 4951
f 4928 4936 5060
f 4942 4946 5071
f 5064 5070 4944
f 5048 5060 5050
f 5062 5053 5054
f 5061 5053 5062
f 5053 5061 5055
f 5055 5061 5063
f 5055 5063 5056
f 5056 5063 5064
f 5056 5064 4938
f 4932 5056 4938
f 4938 5064 4944
f 4942 5066 5065
f 5065 5067 4941
f 4941 5067 4943
f 5067 4935 4943
f 5058 4935 5067
f 5068 5061 5062
f 5061 5068 5063
f 5063 5068 5069
f 5063 5069 5064
f 5064 5069 5070
f 4941 4942 5065
f 5033 5034 5035
f 4907 5034 5033
f 4907 4914 5034
f 4998 4995 4875
f 4878 4998 4875
f 4998 4878 4870
f 5000 4873 4880
f 5000 4880 5004
f 5004 4880 4881
f 5005 5004 4881
f 5006 5007 5008
f 5001 5007 4882
f 4997 5003 5002
f 5001 5008 5007
f 4884 5002 4882
f 5002 4884 4876
f 5005 4881 4885
f 5005 4885 5009
f 5009 4885 4886
f 5009 4886 5010
f 4886 4887 5010
f 5011 5012 4887
f 5012 5010 4887
f 5002 5001 4882
f 5011 5013 5012
f 4997 5002 4876
f 4995 4876 4875
f 4986 4990 4991
f 4992 4993 4987
f 4865 4988 4993
f 4993 4988 4987
f 4988 4865 4861
f 4990 4864 4868
f 4868 4991 4990
f 4868 4869 4991
f 4869 4994 4991
f 4997 4876 4995
f 4997 4995 4996
f 4995 4998 4992
f 4870 4993 4998
f 4998 4993 4992
f 4993 4870 4865
f 4994 4869 4872
f 4999 4994 4872
f 5000 4872 4873
f 5000 4999 4872
f 5001 5002 5003
f 4996 4995 4992
f 5017 5018 5019
f 5019 5020 5021
f 5018 5020 5019
f 5024 4892 4895
f 5025 5024 4895
f 4896 5025 4895
f 5026 5025 4896
f 4898 5026 4896
f 5026 4898 5032
f 5032 4898 4900
f 5027 5032 4901
f 4901 5032 4900
f 5022 4893 4888
f 5028 5027 4901
f 5029 5028 4902
f 4903 5029 4902
f 5030 5029 4903
f 4904 5030 4903
f 5031 5030 4904
f 4905 5031 4904
f 5031 4905 4893
f 4906 4907 5033
f 4906 5033 4908
f 4902 5028 4901
f 5031 5022 5020
f 4893 5022 5031
f 5020 5030 5031
f 5021 5022 5023
f 5020 5022 5021
f 5006 5022 4888
f 5006 5023 5022
f 5007 5006 4888
f 4890 5007 4888
f 5007 4890 4882
f 5011 4887 4891
f 5013 5011 4891
f 4892 5013 4891
f 4892 5024 5013
f 5013 5024 5014
f 5014 5024 5015
f 5015 5024 5025
f 5015 5025 5026
f 5027 5028 5016
f 5016 5028 5017
f 5017 5028 5029
f 5017 5029 5018
f 5018 5029 5030
f 5018 5030 5020
f 4947 5074 4954
f 4985 4990 4986
f 4958 4957 5083
f 5084 4959 5083
f 5146 5014 5147
f 5014 5015 5147
f 5148 5149 5015
f 5149 5147 5015
f 5149 5150 5151
f 5148 5150 5149
f 5151 5152 5153
f 5150 5152 5151
f 5016 5153 5152
f 5013 5014 5146
f 5016 5154 5153
f 5017 5154 5016
f 5137 5136 5017
f 5019 5137 5017
f 5139 5137 5019
f 5021 5139 5019
f 5141 5139 5021
f 5023 5141 5021
f 5141 5023 5006
f 5148 5015 5026
f 5136 5154 5017
f 5026 5155 5148
f 5145 5013 5146
f 5144 5012 5145
f 5132 5004 5005
f 5133 5134 5005
f 5134 5132 5005
f 5133 5135 5134
f 5136 5137 5138
f 5138 5139 5140
f 5137 5139 5138
f 5140 5141 5142
f 5139 5141 5140
f 5012 5013 5145
f 5006 5142 5141
f 5129 5131 5143
f 5129 5143 5008
f 5008 5143 5006
f 5129 5008 5001
f 5133 5005 5009
f 5135 5133 5009
f 5010 5135 5009
f 5135 5010 5144
f 5144 5010 5012
f 5006 5143 5142
f 5128 5004 5132
f 5148 5155 5150
f 5155 5152 5150
f 5166 5160 5159
f 5044 5160 5167
f 5167 5160 5166
f 5052 5044 5167
f 5168 5052 5167
f 5052 5168 5054
f 5058 5170 5169
f 5057 5058 5169
f 5169 5171 5057
f 5166 5159 5165
f 5057 5171 5059
f 5059 5172 5060
f 5050 5173 5161
f 5050 5060 5173
f 5060 5172 5173
f 5173 5162 5161
f 5174 5167 5166
f 5167 5174 5168
f 5168 5174 5175
f 5168 5175 5062
f 5171 5172 5059
f 5027 5152 5155
f 5158 5165 5159
f 5163 5164 5156
f 5152 5027 5016
f 5155 5026 5032
f 5155 5032 5027
f 5039 5040 5156
f 5041 5039 5156
f 5157 5041 5156
f 5042 5041 5157
f 5158 5042 5157
f 5035 5042 5158
f 5164 5158 5157
f 5159 5035 5158
f 5160 5043 5159
f 5043 5160 5044
f 5049 5050 5161
f 5051 5049 5161
f 5162 5051 5161
f 5051 5162 5163
f 5051 5163 5156
f 5051 5156 5040
f 5156 5164 5157
f 5043 5035 5159
f 5128 5000 5004
f 5126 5003 4997
f 5003 5126 5001
f 5083 5097 5084
f 5096 5097 5083
f 5084 5097 5086
f 5100 5098 5099
f 5099 5089 5090
f 5099 5098 5089
f 5098 5101 5089
f 4970 5091 5101
f 5101 5091 5089
f 4957 5095 5096
f 5091 4970 4964
f 5102 5104 5103
f 4974 5102 5103
f 4974 5103 5092
f 4974 5092 4968
f 5092 5103 5094
f 5107 5105 5106
f 5106 5098 5100
f 5106 5105 5098
f 5105 5108 5098
f 4974 4975 5102
f 4978 4977 5101
f 4957 5096 5083
f 5093 5095 4969
f 5084 5086 5085
f 5084 5085 4959
f 4959 5085 4960
f 5085 5087 4960
f 4960 5087 4961
f 5087 5088 4961
f 4961 5088 4949
f 5076 4949 5088
f 5090 5079 5080
f 4969 5095 4957
f 5089 5079 5090
f 5081 5089 5091
f 4964 4963 5082
f 4964 5082 5091
f 5091 5082 5081
f 5082 4963 4954
f 4967 4968 5092
f 5092 5094 5093
f 5092 5093 4967
f 4967 5093 4969
f 5079 5089 5081
f 4978 5101 5108
f 5108 5101 5098
f 5101 4977 4970
f 5121 5117 5116
f 5117 4992 4987
f 5122 5123 5119
f 5122 5119 4994
f 4994 5119 4991
f 5123 5122 5124
f 5125 5126 5120
f 4997 4996 5121
f 4997 5121 5126
f 4992 5117 5121
f 5126 5121 5120
f 5122 4994 4999
f 5124 5122 4999
f 5124 4999 5127
f 5127 4999 5000
f 5128 5127 5000
f 5131 5129 5130
f 5125 5129 5001
f 5125 5130 5129
f 5126 5125 5001
f 5121 4996 4992
f 5120 5121 5116
f 5119 4986 4991
f 5115 4986 5119
f 5109 5102 4975
f 5109 4975 5110
f 5110 4975 4981
f 5102 5109 5104
f 5113 5111 5112
f 5112 5105 5107
f 5112 5111 5105
f 5111 5114 5105
f 4984 4983 5108
f 4984 5108 5114
f 5114 5108 5105
f 5108 4983 4978
f 5110 4981 5115
f 5115 4981 4986
f 5116 5117 5118
f 5113 4987 5111
f 5113 5117 4987
f 5113 5118 5117
f 5114 5111 4987
f 4989 5114 4987
f 5114 4989 4984
f 4959 4958 5083
f 4864 4990 4985
f 4985 4860 4864
f 4982 4861 4855
f 4859 4858 4704
f 4706 4859 4704
f 4859 4706 4697
f 4864 4860 4709
f 4709 4860 4703
f 4865 4866 4861
f 4861 4866 4862
f 4862 4866 4867
f 4710 4863 4867
f 4863 4858 4856
f 4867 4863 4862
f 4864 4709 4714
f 4864 4714 4868
f 4868 4714 4715
f 4715 4869 4868
f 4716 4869 4715
f 4870 4871 4865
f 4719 4718 4866
f 4719 4866 4871
f 4871 4866 4865
f 4863 4710 4704
f 4867 4866 4718
f 4704 4858 4863
f 4855 4862 4856
f 4853 4845 4844
f 4846 4845 4687
f 4690 4846 4687
f 4846 4690 4680
f 4847 4685 4854
f 4854 4685 4694
f 4855 4856 4857
f 4857 4856 4849
f 4856 4858 4849
f 4856 4862 4863
f 4849 4858 4850
f 4697 4696 4852
f 4697 4852 4859
f 4859 4852 4850
f 4853 4852 4696
f 4699 4853 4696
f 4853 4699 4688
f 4854 4694 4860
f 4860 4694 4703
f 4861 4862 4855
f 4850 4858 4859
f 4688 4845 4853
f 4721 4867 4718
f 4869 4716 4723
f 4879 4735 4727
f 4881 4730 4736
f 4881 4736 4885
f 4885 4736 4737
f 4885 4737 4886
f 4737 4738 4886
f 4887 4886 4738
f 4888 4889 4890
f 4882 4889 4739
f 4735 4879 4733
f 4882 4890 4889
f 4741 4883 4739
f 4883 4741 4731
f 4887 4738 4742
f 4887 4742 4891
f 4893 4894 4888
f 4743 4889 4894
f 4894 4889 4888
f 4889 4743 4739
f 4891 4742 4745
f 4883 4882 4739
f 4867 4721 4710
f 4879 4877 4733
f 4877 4874 4731
f 4872 4869 4723
f 4723 4873 4872
f 4724 4873 4723
f 4876 4874 4875
f 4875 4877 4878
f 4874 4877 4875
f 4878 4877 4870
f 4877 4879 4870
f 4727 4726 4871
f 4733 4877 4731
f 4727 4871 4879
f 4871 4726 4719
f 4873 4724 4729
f 4880 4873 4729
f 4881 4729 4730
f 4881 4880 4729
f 4882 4883 4884
f 4876 4731 4874
f 4876 4883 4731
f 4876 4884 4883
f 4879 4871 4870
f 4688 4687 4845
f 4844 4852 4853
f 4842 4852 4844
f 4817 4662 4816
f 4817 4818 4662
f 4662 4818 4663
f 4818 4819 4663
f 4663 4819 4664
f 4819 4820 4664
f 4664 4820 4665
f 4820 4821 4665
f 4665 4821 4666
f 4662 4661 4816
f 4651 4666 4807
f 4822 4808 4823
f 4808 4822 4809
f 4809 4822 4824
f 4809 4824 4810
f 4810 4824 4825
f 4810 4825 4811
f 4811 4825 4826
f 4667 4812 4826
f 4826 4812 4811
f 4666 4821 4807
f 4812 4667 4653
f 4816 4661 4815
f 4815 4660 4814
f 4798 4804 4805
f 4641 4798 4806
f 4806 4798 4805
f 4641 4806 4648
f 4645 4651 4807
f 4807 4800 4645
f 4802 4808 4803
f 4803 4808 4809
f 4803 4809 4804
f 4661 4660 4815
f 4804 4809 4810
f 4805 4810 4811
f 4805 4811 4806
f 4806 4811 4812
f 4806 4812 4653
f 4648 4806 4653
f 4657 4658 4813
f 4659 4657 4813
f 4814 4659 4813
f 4660 4659 4814
f 4804 4810 4805
f 4671 4672 4827
f 4827 4829 4828
f 4827 4828 4671
f 4679 4839 4841
f 4827 4841 4829
f 4842 4834 4843
f 4834 4842 4835
f 4835 4842 4844
f 4835 4844 4836
f 4836 4844 4845
f 4836 4845 4837
f 4837 4845 4846
f 4672 4679 4841
f 4680 4838 4846
f 4838 4680 4675
f 4684 4685 4847
f 4847 4848 4684
f 4684 4848 4678
f 4840 4678 4848
f 4849 4850 4851
f 4851 4842 4843
f 4851 4850 4842
f 4850 4852 4842
f 4846 4838 4837
f 4672 4841 4827
f 4679 4678 4839
f 4678 4840 4839
f 4671 4828 4673
f 4658 4830 4813
f 4658 4673 4830
f 4673 4828 4830
f 4813 4831 4814
f 4830 4831 4813
f 4814 4832 4815
f 4831 4832 4814
f 4815 4833 4816
f 4832 4833 4815
f 4833 4817 4816
f 4834 4822 4823
f 4834 4835 4822
f 4822 4835 4824
f 4824 4835 4836
f 4824 4836 4825
f 4825 4836 4837
f 4825 4837 4826
f 4826 4837 4838
f 4826 4838 4675
f 4667 4826 4675
f 4892 4891 4745
f 4746 4892 4745
f 4892 4746 4895
f 4895 4746 4748
f 4948 4953 4955
f 4948 4955 4823
f 4808 4948 4823
f 4828 4829 4956
f 4830 4828 4956
f 4957 4830 4956
f 4957 4958 4830
f 4830 4958 4831
f 4958 4959 4831
f 4947 4953 4948
f 4831 4959 4832
f 4832 4960 4833
f 4960 4961 4833
f 4833 4961 4817
f 4817 4961 4949
f 4964 4962 4963
f 4963 4953 4954
f 4963 4962 4953
f 4962 4965 4953
f 4834 4955 4965
f 4959 4960 4832
f 4965 4955 4953
f 4953 4947 4954
f 4807 4952 4946
f 4935 4792 4943
f 4944 4937 4938
f 4937 4944 4939
f 4939 4944 4945
f 4802 4940 4945
f 4945 4940 4939
f 4940 4802 4796
f 4946 4942 4807
f 4942 4800 4807
f 4807 4821 4952
f 4944 4947 4945
f 4945 4948 4808
f 4802 4945 4808
f 4818 4817 4949
f 4949 4950 4818
f 4818 4950 4819
f 4950 4951 4819
f 4819 4951 4820
f 4951 4952 4820
f 4820 4952 4821
f 4945 4947 4948
f 4955 4834 4823
f 4839 4840 4966
f 4966 4968 4967
f 4972 4851 4843
f 4847 4854 4980
f 4847 4980 4973
f 4973 4980 4981
f 4973 4981 4975
f 4984 4982 4983
f 4978 4855 4976
f 4978 4982 4855
f 4978 4983 4982
f 4851 4972 4849
f 4979 4976 4855
f 4979 4857 4849
f 4985 4980 4854
f 4860 4985 4854
f 4980 4985 4981
f 4981 4985 4986
f 4987 4988 4989
f 4984 4861 4982
f 4984 4988 4861
f 4984 4989 4988
f 4857 4979 4855
f 4972 4971 4849
f 4979 4971 4970
f 4849 4971 4979
f 4966 4967 4839
f 4839 4967 4841
f 4829 4969 4956
f 4829 4841 4969
f 4841 4967 4969
f 4969 4957 4956
f 4970 4962 4964
f 4970 4971 4962
f 4962 4971 4965
f 4965 4971 4972
f 4965 4972 4843
f 4834 4965 4843
f 4848 4847 4973
f 4973 4975 4974
f 4848 4973 4974
f 4848 4974 4966
f 4848 4966 4840
f 4966 4974 4968
f 4978 4976 4977
f 4977 4976 4970
f 4976 4979 4970
f 4943 4792 4801
f 5054 5168 5062
f 4799 4943 4801
f 4799 4800 4941
f 4899 4760 4750
f 4768 4907 4906
f 4767 4768 4906
f 4908 4769 4906
f 4906 4769 4767
f 4770 4769 4908
f 4909 4770 4908
f 4762 4770 4909
f 4910 4762 4909
f 4760 4899 4759
f 4763 4762 4910
f 4764 4763 4911
f 4912 4764 4911
f 4771 4764 4912
f 4913 4771 4912
f 4771 4913 4772
f 4775 4914 4907
f 4768 4775 4907
f 4915 4911 4910
f 4911 4915 4912
f 4911 4763 4910
f 4912 4915 4916
f 4899 4897 4759
f 4894 4758 4743
f 4895 4748 4896
f 4748 4749 4896
f 4897 4898 4749
f 4898 4896 4749
f 4898 4899 4900
f 4897 4899 4898
f 4750 4900 4899
f 4750 4901 4900
f 4901 4750 4902
f 4897 4749 4759
f 4750 4751 4902
f 4751 4752 4903
f 4903 4752 4904
f 4752 4753 4904
f 4904 4753 4905
f 4753 4754 4905
f 4893 4905 4756
f 4756 4905 4754
f 4894 4893 4756
f 4758 4894 4756
f 4902 4751 4903
f 4912 4916 4913
f 4913 4916 4917
f 4772 4913 4918
f 4931 4925 4923
f 4925 4931 4926
f 4926 4931 4933
f 4926 4933 4788
f 4783 4926 4788
f 4792 4935 4934
f 4791 4792 4934
f 4934 4936 4791
f 4791 4936 4793
f 4932 4931 4923
f 4786 4936 4928
f 4938 4931 4932
f 4937 4931 4938
f 4931 4937 4933
f 4933 4937 4939
f 4794 4788 4933
f 4794 4933 4940
f 4940 4933 4939
f 4794 4940 4796
f 4800 4942 4941
f 4786 4793 4936
f 4932 4923 4930
f 4924 4930 4923
f 4785 4920 4780
f 4918 4913 4917
f 4772 4918 4777
f 4780 4920 4919
f 4779 4780 4919
f 4919 4921 4779
f 4779 4921 4775
f 4914 4775 4921
f 4915 4922 4916
f 4924 4916 4922
f 4924 4923 4916
f 4923 4917 4916
f 4917 4923 4918
f 4918 4923 4925
f 4781 4777 4918
f 4781 4918 4926
f 4926 4918 4925
f 4781 4926 4783
f 4928 4927 4786
f 4786 4927 4785
f 4785 4927 4929
f 4929 4920 4785
f 4941 4943 4799
f 5066 5177 5176
f 5065 5066 5176
f 5176 5178 5065
f 5332 5421 5333
f 5329 5340 5422
f 5330 5329 5422
f 5423 5330 5422
f 5330 5423 5420
f 5420 5423 5424
f 5420 5424 5421
f 5421 5424 5425
f 5333 5421 5426
f 5421 5332 5420
f 5426 5421 5425
f 5346 5347 5427
f 5348 5346 5427
f 5428 5348 5427
f 5349 5348 5428
f 5429 5349 5428
f 5339 5349 5429
f 5430 5339 5429
f 5340 5339 5430
f 5431 5340 5430
f 5333 5426 5342
f 5340 5431 5422
f 5332 5331 5420
f 5417 5316 5308
f 5416 5417 5418
f 5415 5417 5416
f 5308 5418 5417
f 5308 5419 5418
f 5406 5419 5309
f 5309 5419 5308
f 5407 5406 5309
f 5310 5407 5309
f 5409 5407 5310
f 5331 5330 5420
f 5311 5409 5310
f 5410 5307 5312
f 5411 5410 5312
f 5313 5411 5312
f 5413 5411 5313
f 5314 5413 5313
f 5415 5413 5314
f 5315 5415 5314
f 5417 5415 5315
f 5316 5417 5315
f 5409 5311 5302
f 5413 5415 5414
f 5422 5431 5432
f 5423 5432 5433
f 5431 5444 5432
f 5432 5444 5445
f 5432 5445 5433
f 5433 5445 5446
f 5433 5446 5434
f 5434 5446 5447
f 5434 5447 5435
f 5435 5447 5448
f 5435 5448 5436
f 5431 5443 5444
f 5436 5448 5449
f 5351 5436 5359
f 5363 5364 5450
f 5354 5363 5450
f 5451 5354 5450
f 5354 5451 5452
f 5354 5452 5437
f 5437 5453 5438
f 5452 5453 5437
f 5438 5454 5439
f 5436 5449 5359
f 5422 5432 5423
f 5430 5443 5431
f 5429 5442 5430
f 5423 5433 5424
f 5424 5433 5434
f 5424 5434 5425
f 5425 5434 5435
f 5425 5435 5426
f 5426 5435 5436
f 5426 5436 5351
f 5342 5426 5351
f 5355 5354 5437
f 5430 5442 5443
f 5356 5355 5437
f 5357 5356 5438
f 5439 5357 5438
f 5347 5357 5439
f 5347 5439 5427
f 5427 5439 5440
f 5427 5440 5428
f 5428 5440 5441
f 5428 5441 5429
f 5429 5441 5442
f 5438 5356 5437
f 5414 5415 5416
f 5411 5413 5412
f 5412 5413 5414
f 5365 5377 5368
f 5368 5377 5378
f 5291 5369 5378
f 5378 5369 5368
f 5369 5291 5287
f 5380 5381 5374
f 5293 5375 5381
f 5381 5375 5374
f 5377 5375 5293
f 5375 5377 5365
f 5294 5377 5293
f 5295 5378 5294
f 5378 5295 5291
f 5292 5296 5382
f 5382 5383 5379
f 5292 5382 5379
f 5386 5387 5380
f 5380 5387 5381
f 5381 5387 5388
f 5381 5388 5297
f 5378 5377 5294
f 5293 5381 5297
f 5376 5375 5365
f 5374 5375 5376
f 5362 5363 5286
f 5286 5363 5280
f 5280 5363 5354
f 5367 5365 5366
f 5366 5358 5359
f 5366 5365 5358
f 5365 5368 5358
f 5358 5368 5360
f 5360 5368 5369
f 5376 5365 5367
f 5360 5369 5287
f 5289 5288 5370
f 5290 5289 5370
f 5371 5290 5370
f 5290 5371 5372
f 5290 5372 5361
f 5290 5361 5285
f 5361 5373 5362
f 5372 5373 5361
f 5362 5373 5364
f 5283 5360 5287
f 5382 5296 5298
f 5382 5298 5389
f 5382 5389 5383
f 5406 5407 5408
f 5408 5407 5393
f 5407 5409 5393
f 5302 5394 5409
f 5409 5394 5393
f 5395 5394 5302
f 5303 5395 5302
f 5395 5303 5299
f 5396 5301 5304
f 5404 5403 5405
f 5397 5396 5304
f 5399 5397 5305
f 5306 5399 5305
f 5401 5399 5306
f 5307 5401 5306
f 5307 5410 5401
f 5401 5410 5403
f 5405 5411 5412
f 5405 5403 5411
f 5403 5410 5411
f 5305 5397 5304
f 5401 5403 5402
f 5402 5403 5404
f 5399 5401 5400
f 5389 5390 5384
f 5384 5390 5385
f 5385 5390 5391
f 5385 5391 5392
f 5393 5394 5386
f 5386 5394 5387
f 5387 5394 5395
f 5299 5388 5395
f 5395 5388 5387
f 5388 5299 5297
f 5389 5298 5300
f 5390 5389 5300
f 5301 5390 5300
f 5301 5396 5390
f 5390 5396 5391
f 5392 5397 5398
f 5392 5391 5397
f 5391 5396 5397
f 5398 5399 5400
f 5397 5399 5398
f 5400 5401 5402
f 5453 5454 5438
f 5454 5440 5439
f 5455 5445 5444
f 5445 5455 5446
f 5441 5440 5505
f 5506 5441 5505
f 5442 5441 5506
f 5507 5442 5506
f 5443 5442 5507
f 5508 5443 5507
f 5444 5443 5508
f 5509 5444 5508
f 5444 5509 5455
f 5505 5440 5504
f 5451 5461 5510
f 5502 5510 5511
f 5502 5511 5503
f 5503 5511 5512
f 5503 5512 5504
f 5504 5512 5513
f 5504 5513 5505
f 5505 5513 5514
f 5505 5514 5506
f 5506 5514 5515
f 5451 5510 5502
f 5506 5515 5507
f 5440 5454 5504
f 5454 5453 5503
f 5493 5500 5494
f 5494 5500 5501
f 5406 5495 5501
f 5501 5495 5494
f 5496 5495 5406
f 5408 5496 5406
f 5496 5408 5393
f 5497 5405 5412
f 5498 5497 5412
f 5504 5454 5503
f 5414 5498 5412
f 5416 5499 5414
f 5500 5499 5416
f 5418 5500 5416
f 5501 5500 5418
f 5419 5501 5418
f 5501 5419 5406
f 5452 5451 5502
f 5453 5452 5502
f 5503 5453 5502
f 5499 5498 5414
f 5507 5515 5516
f 5462 5508 5516
f 5516 5508 5507
f 5482 5525 5519
f 5519 5525 5520
f 5520 5525 5521
f 5521 5525 5526
f 5521 5526 5522
f 5522 5526 5527
f 5522 5527 5523
f 5523 5527 5528
f 5523 5528 5524
f 5482 5519 5481
f 5524 5528 5529
f 5472 5524 5484
f 5525 5482 5491
f 5526 5525 5491
f 5492 5526 5491
f 5527 5526 5492
f 5493 5527 5492
f 5528 5527 5493
f 5494 5528 5493
f 5529 5528 5494
f 5524 5529 5484
f 5519 5518 5481
f 5481 5518 5479
f 5518 5517 5479
f 5509 5508 5462
f 5464 5509 5462
f 5509 5464 5455
f 5461 5470 5517
f 5461 5517 5510
f 5510 5517 5518
f 5510 5518 5511
f 5511 5518 5519
f 5511 5519 5512
f 5512 5519 5520
f 5512 5520 5513
f 5513 5520 5521
f 5513 5521 5514
f 5514 5521 5522
f 5514 5522 5515
f 5515 5522 5523
f 5515 5523 5516
f 5516 5523 5524
f 5516 5524 5472
f 5462 5516 5472
f 5517 5470 5479
f 5493 5499 5500
f 5362 5364 5363
f 5492 5499 5493
f 5491 5498 5492
f 5376 5458 5374
f 5458 5376 5367
f 5370 5379 5467
f 5371 5370 5467
f 5468 5371 5467
f 5371 5468 5459
f 5459 5468 5469
f 5459 5469 5460
f 5460 5469 5470
f 5458 5457 5374
f 5461 5460 5470
f 5462 5471 5463
f 5463 5471 5473
f 5463 5473 5465
f 5465 5473 5474
f 5380 5466 5474
f 5474 5466 5465
f 5466 5380 5374
f 5379 5383 5475
f 5384 5467 5475
f 5471 5462 5472
f 5379 5475 5467
f 5466 5457 5456
f 5456 5465 5466
f 5446 5455 5456
f 5446 5456 5447
f 5447 5456 5457
f 5447 5457 5448
f 5448 5457 5458
f 5367 5366 5449
f 5367 5449 5458
f 5458 5449 5448
f 5449 5366 5359
f 5374 5457 5466
f 5372 5371 5459
f 5460 5373 5459
f 5364 5373 5460
f 5364 5460 5450
f 5450 5460 5461
f 5451 5450 5461
f 5462 5463 5464
f 5464 5463 5455
f 5463 5465 5455
f 5455 5465 5456
f 5373 5372 5459
f 5468 5467 5384
f 5385 5468 5384
f 5385 5476 5468
f 5480 5489 5482
f 5482 5489 5490
f 5482 5490 5491
f 5495 5483 5484
f 5495 5496 5483
f 5393 5485 5496
f 5496 5485 5483
f 5485 5393 5386
f 5486 5392 5398
f 5480 5488 5489
f 5487 5486 5398
f 5488 5487 5400
f 5402 5488 5400
f 5489 5488 5402
f 5404 5489 5402
f 5404 5405 5497
f 5404 5497 5489
f 5489 5497 5490
f 5490 5497 5491
f 5491 5497 5498
f 5400 5487 5398
f 5478 5488 5480
f 5478 5487 5488
f 5477 5487 5478
f 5468 5476 5469
f 5469 5476 5470
f 5470 5476 5477
f 5470 5478 5479
f 5470 5477 5478
f 5479 5480 5481
f 5478 5480 5479
f 5480 5482 5481
f 5484 5471 5472
f 5483 5471 5484
f 5471 5483 5473
f 5473 5483 5485
f 5386 5474 5485
f 5485 5474 5473
f 5474 5386 5380
f 5475 5383 5389
f 5475 5389 5384
f 5486 5476 5385
f 5392 5486 5385
f 5476 5486 5477
f 5477 5486 5487
f 5492 5498 5499
f 4797 4804 4798
f 5362 5286 5361
f 5284 5285 5361
f 5237 5239 5238
f 5240 5241 5242
f 5239 5241 5240
f 5242 5241 5230
f 5241 5243 5230
f 5131 5130 5231
f 5131 5231 5243
f 5243 5231 5230
f 5231 5130 5125
f 5238 5239 5240
f 5233 5128 5132
f 5134 5235 5132
f 5235 5134 5244
f 5244 5134 5135
f 5245 5246 5135
f 5246 5244 5135
f 5246 5247 5248
f 5245 5247 5246
f 5248 5249 5250
f 5247 5249 5248
f 5235 5233 5132
f 5250 5251 5252
f 5236 5237 5238
f 5229 5233 5234
f 5219 5223 5220
f 5225 5221 5226
f 5120 5222 5225
f 5225 5222 5221
f 5222 5120 5116
f 5223 5119 5123
f 5123 5124 5227
f 5223 5123 5227
f 5223 5227 5228
f 5233 5235 5234
f 5223 5228 5224
f 5230 5231 5232
f 5226 5125 5225
f 5226 5231 5125
f 5226 5232 5231
f 5225 5125 5120
f 5227 5124 5127
f 5229 5227 5127
f 5128 5229 5127
f 5229 5128 5233
f 5227 5229 5228
f 5220 5223 5224
f 5249 5251 5250
f 5251 5253 5252
f 5253 5251 5147
f 5149 5253 5147
f 5255 5253 5149
f 5151 5255 5149
f 5257 5255 5151
f 5153 5257 5151
f 5259 5257 5153
f 5154 5259 5153
f 5259 5154 5136
f 5147 5251 5146
f 5163 5162 5261
f 5163 5262 5164
f 5262 5263 5164
f 5164 5263 5158
f 5264 5165 5263
f 5263 5165 5158
f 5165 5264 5166
f 5169 5170 5265
f 5171 5169 5265
f 5266 5171 5265
f 5261 5262 5163
f 5252 5253 5254
f 5251 5249 5146
f 5249 5247 5145
f 5254 5255 5256
f 5253 5255 5254
f 5256 5257 5258
f 5255 5257 5256
f 5258 5259 5260
f 5257 5259 5258
f 5236 5259 5136
f 5236 5260 5259
f 5237 5236 5136
f 5146 5249 5145
f 5138 5237 5136
f 5140 5239 5138
f 5241 5239 5140
f 5142 5241 5140
f 5243 5241 5142
f 5143 5243 5142
f 5243 5143 5131
f 5245 5135 5144
f 5247 5245 5144
f 5145 5247 5144
f 5239 5237 5138
f 5119 5223 5115
f 5223 5219 5115
f 5217 5118 5113
f 5072 5182 5080
f 5085 5086 5190
f 5190 5192 5191
f 5190 5191 5085
f 5085 5191 5087
f 5191 5193 5087
f 5087 5193 5088
f 5076 5194 5184
f 5076 5088 5194
f 5182 5189 5080
f 5088 5193 5194
f 5195 5188 5196
f 5188 5195 5189
f 5189 5195 5197
f 5189 5197 5090
f 5080 5189 5090
f 5093 5094 5198
f 5095 5093 5198
f 5199 5095 5198
f 5096 5095 5199
f 5184 5194 5186
f 5200 5096 5199
f 5188 5189 5182
f 5078 5181 5071
f 5065 5178 5067
f 5178 5058 5067
f 5170 5058 5178
f 5180 5179 5174
f 5179 5175 5174
f 5175 5179 5068
f 5062 5175 5068
f 5177 5066 5181
f 5181 5066 5071
f 5188 5182 5183
f 5183 5179 5180
f 5179 5182 5072
f 5068 5179 5072
f 5075 5076 5184
f 5184 5186 5185
f 5184 5185 5075
f 5075 5185 5077
f 5185 5187 5077
f 5077 5187 5078
f 5187 5181 5078
f 5182 5179 5183
f 5200 5201 5096
f 5096 5201 5097
f 5086 5202 5190
f 5109 5212 5205
f 5109 5205 5104
f 5205 5212 5207
f 5214 5215 5216
f 5216 5217 5218
f 5215 5217 5216
f 5209 5113 5112
f 5210 5113 5209
f 5210 5217 5113
f 5109 5211 5212
f 5210 5218 5217
f 5219 5211 5110
f 5115 5219 5110
f 5213 5219 5220
f 5211 5219 5213
f 5221 5222 5214
f 5116 5215 5222
f 5222 5215 5214
f 5217 5215 5116
f 5118 5217 5116
f 5209 5112 5107
f 5211 5213 5212
f 5109 5110 5211
f 5204 5106 5100
f 5086 5097 5202
f 5097 5201 5202
f 5190 5202 5192
f 5203 5195 5196
f 5203 5204 5195
f 5100 5099 5197
f 5100 5197 5204
f 5204 5197 5195
f 5197 5099 5090
f 5103 5104 5205
f 5205 5207 5206
f 5103 5205 5206
f 5103 5206 5198
f 5103 5198 5094
f 5198 5208 5199
f 5206 5208 5198
f 5208 5200 5199
f 5209 5203 5210
f 5107 5106 5204
f 5107 5204 5209
f 5209 5204 5203
f 5266 5267 5171
f 5171 5267 5172
f 5267 5268 5172
f 5172 5268 5173
f 5327 5265 5326
f 5266 5265 5327
f 5328 5266 5327
f 5266 5328 5319
f 5319 5328 5329
f 5319 5329 5320
f 5320 5329 5330
f 5331 5321 5330
f 5321 5320 5330
f 5265 5272 5326
f 5321 5332 5322
f 5333 5322 5332
f 5333 5323 5322
f 5323 5333 5324
f 5324 5333 5334
f 5324 5334 5325
f 5325 5334 5335
f 5270 5325 5336
f 5336 5325 5335
f 5270 5336 5273
f 5331 5332 5321
f 5271 5274 5337
f 5272 5271 5326
f 5325 5318 5324
f 5256 5258 5316
f 5308 5316 5260
f 5260 5316 5258
f 5308 5260 5236
f 5262 5261 5317
f 5263 5262 5317
f 5318 5263 5317
f 5263 5318 5264
f 5267 5266 5319
f 5264 5325 5270
f 5268 5267 5319
f 5269 5268 5320
f 5321 5269 5320
f 5261 5269 5321
f 5322 5261 5321
f 5261 5322 5317
f 5317 5322 5323
f 5317 5323 5318
f 5318 5323 5324
f 5264 5318 5325
f 5320 5268 5319
f 5271 5337 5326
f 5326 5337 5338
f 5326 5338 5327
f 5343 5350 5352
f 5343 5352 5344
f 5344 5352 5353
f 5344 5353 5279
f 5275 5344 5279
f 5281 5280 5354
f 5354 5355 5281
f 5281 5355 5282
f 5355 5356 5282
f 5341 5350 5343
f 5282 5356 5276
f 5276 5356 5357
f 5345 5357 5347
f 5359 5350 5351
f 5358 5350 5359
f 5350 5358 5352
f 5352 5358 5360
f 5283 5353 5360
f 5360 5353 5352
f 5353 5283 5279
f 5276 5357 5345
f 5350 5341 5351
f 5351 5341 5342
f 5349 5339 5338
f 5327 5338 5339
f 5327 5339 5328
f 5328 5339 5340
f 5329 5328 5340
f 5342 5341 5333
f 5341 5334 5333
f 5334 5341 5335
f 5335 5341 5343
f 5335 5343 5336
f 5336 5343 5344
f 5336 5344 5275
f 5273 5336 5275
f 5277 5276 5345
f 5345 5347 5346
f 5345 5346 5277
f 5277 5346 5278
f 5274 5348 5337
f 5274 5278 5348
f 5278 5346 5348
f 5337 5349 5338
f 5348 5349 5337
f 5315 5256 5316
f 5286 5284 5361
f 5254 5256 5315
f 5252 5254 5314
f 5280 5281 5191
f 5191 5281 5193
f 5281 5282 5193
f 5193 5282 5194
f 5186 5194 5276
f 5194 5282 5276
f 5283 5196 5279
f 5279 5196 5188
f 5200 5285 5284
f 5191 5192 5280
f 5201 5200 5284
f 5201 5286 5202
f 5192 5202 5280
f 5202 5286 5280
f 5283 5287 5203
f 5283 5203 5196
f 5206 5207 5288
f 5288 5289 5206
f 5206 5289 5208
f 5289 5290 5208
f 5284 5286 5201
f 5208 5290 5200
f 5275 5188 5183
f 5274 5181 5278
f 5268 5269 5173
f 5173 5269 5162
f 5162 5269 5261
f 5264 5270 5166
f 5176 5177 5271
f 5271 5272 5176
f 5176 5272 5178
f 5170 5178 5265
f 5178 5272 5265
f 5275 5279 5188
f 5270 5273 5174
f 5271 5177 5274
f 5274 5177 5181
f 5273 5275 5183
f 5180 5273 5183
f 5185 5186 5276
f 5276 5277 5185
f 5185 5277 5187
f 5277 5278 5187
f 5187 5278 5181
f 5174 5273 5180
f 5285 5200 5290
f 5291 5210 5287
f 5287 5210 5203
f 5304 5234 5235
f 5305 5304 5235
f 5236 5309 5308
f 5309 5236 5310
f 5236 5238 5310
f 5310 5238 5311
f 5238 5240 5311
f 5302 5311 5242
f 5242 5311 5240
f 5301 5234 5304
f 5302 5242 5230
f 5306 5305 5244
f 5246 5306 5244
f 5307 5306 5246
f 5248 5307 5246
f 5307 5248 5312
f 5312 5248 5250
f 5312 5250 5313
f 5250 5252 5313
f 5313 5252 5314
f 5305 5235 5244
f 5299 5232 5226
f 5232 5303 5230
f 5299 5303 5232
f 5212 5213 5292
f 5212 5292 5288
f 5212 5288 5207
f 5214 5294 5293
f 5294 5214 5295
f 5214 5216 5295
f 5291 5295 5218
f 5218 5295 5216
f 5291 5218 5210
f 5292 5213 5296
f 5296 5213 5220
f 5293 5297 5221
f 5298 5296 5224
f 5224 5296 5220
f 5299 5226 5297
f 5297 5226 5221
f 5298 5224 5228
f 5298 5228 5300
f 5300 5228 5229
f 5301 5300 5229
f 5230 5303 5302
f 5314 5254 5315
f 4041 4049 4043
f 4797 4803 4804
f 4802 4803 4795
f 4289 4089 4292
f 4290 4293 4097
f 4292 4096 4294
f 4096 4100 4294
f 4294 4100 4295
f 4296 4295 4101
f 4295 4100 4101
f 4297 4298 4299
f 4102 4299 4298
f 4285 4095 4080
f 4102 4300 4299
f 4102 4103 4301
f 4301 4103 4097
f 4293 4301 4097
f 4296 4101 4302
f 4101 4104 4302
f 4302 4104 4303
f 4303 4104 4304
f 4104 4105 4304
f 4304 4105 4305
f 4300 4102 4301
f 4105 4106 4305
f 4095 4285 4094
f 4094 4283 4092
f 4273 4080 4079
f 4273 4285 4080
f 4273 4286 4285
f 4274 4273 4079
f 4082 4274 4079
f 4276 4274 4082
f 4084 4276 4082
f 4278 4276 4084
f 4086 4278 4084
f 4285 4283 4094
f 4278 4086 4064
f 4287 4281 4087
f 4287 4087 4288
f 4087 4088 4288
f 4289 4288 4089
f 4288 4088 4089
f 4090 4291 4290
f 4282 4291 4092
f 4092 4291 4090
f 4283 4282 4092
f 4281 4077 4087
f 4283 4285 4284
f 4305 4106 4306
f 4306 4107 4307
f 4316 4121 4120
f 4121 4317 4123
f 4127 4319 4318
f 4126 4127 4318
f 4318 4320 4126
f 4126 4320 4128
f 4320 4321 4128
f 4128 4321 4129
f 4321 4322 4129
f 4317 4121 4316
f 4129 4322 4130
f 4130 4323 4131
f 4323 4324 4131
f 4131 4324 4118
f 4118 4324 4315
f 4317 4132 4123
f 4317 4325 4132
f 4325 4326 4132
f 4132 4326 4133
f 4327 4134 4326
f 4322 4323 4130
f 4106 4107 4306
f 4119 4316 4120
f 4119 4118 4315
f 4107 4108 4307
f 4307 4108 4308
f 4108 4109 4308
f 4308 4109 4309
f 4109 4110 4309
f 4309 4110 4310
f 4110 4111 4310
f 4310 4111 4311
f 4111 4112 4311
f 4315 4316 4119
f 4311 4112 4312
f 4312 4113 4313
f 4113 4114 4313
f 4313 4114 4314
f 4114 4115 4314
f 4297 4314 4116
f 4116 4314 4115
f 4298 4297 4116
f 4117 4298 4116
f 4298 4117 4102
f 4112 4113 4312
f 4284 4285 4286
f 4282 4283 4284
f 4077 4281 4075
f 4040 4242 4250
f 4250 4242 4241
f 4243 4242 4040
f 4042 4243 4040
f 4243 4042 4031
f 4244 4039 4046
f 4251 4244 4046
f 4252 4245 4253
f 4245 4252 4246
f 4248 4250 4241
f 4246 4252 4254
f 4247 4254 4255
f 4247 4255 4248
f 4248 4255 4256
f 4248 4256 4250
f 4250 4256 4257
f 4250 4257 4048
f 4040 4250 4048
f 4251 4046 4052
f 4258 4251 4052
f 4246 4254 4247
f 4052 4259 4258
f 4249 4248 4241
f 4244 4030 4039
f 4231 4237 4238
f 4231 4238 4232
f 4232 4238 4239
f 4022 4021 4233
f 4022 4233 4239
f 4239 4233 4232
f 4234 4233 4021
f 4024 4234 4021
f 4234 4024 4011
f 4247 4248 4249
f 4235 4019 4240
f 4241 4242 4236
f 4236 4242 4237
f 4237 4242 4243
f 4031 4238 4243
f 4243 4238 4237
f 4239 4238 4031
f 4033 4239 4031
f 4239 4033 4022
f 4240 4030 4244
f 4240 4019 4030
f 4054 4259 4052
f 4260 4261 4262
f 4262 4263 4264
f 4274 4276 4275
f 4277 4278 4279
f 4276 4278 4277
f 4260 4278 4064
f 4260 4279 4278
f 4261 4260 4064
f 4066 4261 4064
f 4263 4261 4066
f 4068 4263 4066
f 4275 4276 4277
f 4265 4263 4068
f 4267 4265 4070
f 4072 4267 4070
f 4269 4267 4072
f 4074 4269 4072
f 4269 4074 4055
f 4272 4271 4280
f 4271 4063 4075
f 4271 4075 4280
f 4280 4075 4281
f 4070 4265 4068
f 4273 4274 4275
f 4062 4063 4271
f 4270 4061 4062
f 4261 4263 4262
f 4264 4265 4266
f 4263 4265 4264
f 4266 4267 4268
f 4265 4267 4266
f 4268 4252 4253
f 4268 4267 4252
f 4267 4269 4252
f 4055 4254 4269
f 4269 4254 4252
f 4255 4254 4055
f 4056 4255 4055
f 4256 4255 4056
f 4057 4256 4056
f 4257 4256 4057
f 4059 4257 4057
f 4257 4059 4048
f 4259 4054 4061
f 4270 4259 4061
f 4272 4062 4271
f 4272 4270 4062
f 4326 4134 4133
f 4229 4237 4231
f 4134 4327 4135
f 4328 4329 4136
f 4386 4385 4264
f 4266 4386 4264
f 4387 4386 4266
f 4268 4387 4266
f 4387 4268 4253
f 4388 4259 4270
f 4392 4388 4270
f 4270 4393 4392
f 4272 4393 4270
f 4264 4391 4262
f 4273 4395 4394
f 4273 4275 4396
f 4396 4275 4397
f 4275 4277 4397
f 4389 4397 4279
f 4279 4397 4277
f 4389 4279 4260
f 4393 4272 4280
f 4398 4393 4280
f 4399 4398 4281
f 4395 4273 4396
f 4398 4280 4281
f 4385 4391 4264
f 4390 4260 4391
f 4377 4235 4240
f 4376 4380 4241
f 4377 4240 4381
f 4381 4240 4244
f 4245 4382 4383
f 4378 4382 4246
f 4246 4382 4245
f 4379 4378 4246
f 4247 4379 4246
f 4260 4262 4391
f 4380 4379 4247
f 4380 4249 4241
f 4381 4244 4251
f 4384 4381 4251
f 4387 4253 4383
f 4383 4253 4245
f 4384 4251 4258
f 4388 4384 4258
f 4259 4388 4258
f 4260 4390 4389
f 4249 4380 4247
f 4375 4235 4377
f 4282 4401 4400
f 4282 4284 4402
f 4414 4297 4415
f 4297 4299 4415
f 4415 4299 4416
f 4299 4300 4416
f 4409 4416 4301
f 4301 4416 4300
f 4409 4301 4293
f 4412 4296 4302
f 4417 4412 4302
f 4297 4414 4413
f 4417 4302 4418
f 4418 4303 4419
f 4303 4304 4419
f 4419 4304 4420
f 4304 4305 4420
f 4420 4305 4421
f 4305 4306 4421
f 4421 4306 4422
f 4306 4307 4422
f 4422 4307 4423
f 4302 4303 4418
f 4401 4282 4402
f 4296 4412 4295
f 4294 4295 4411
f 4394 4402 4286
f 4286 4402 4284
f 4394 4286 4273
f 4399 4281 4403
f 4281 4287 4403
f 4403 4287 4404
f 4404 4287 4405
f 4287 4288 4405
f 4289 4405 4288
f 4295 4412 4411
f 4290 4406 4407
f 4291 4406 4290
f 4400 4291 4282
f 4405 4289 4292
f 4408 4405 4292
f 4409 4293 4407
f 4407 4293 4290
f 4408 4292 4294
f 4410 4408 4294
f 4410 4294 4411
f 4400 4406 4291
f 4374 4236 4230
f 4375 4228 4235
f 4372 4228 4375
f 4337 4340 4147
f 4340 4341 4147
f 4147 4341 4152
f 4342 4153 4341
f 4341 4153 4152
f 4153 4342 4154
f 4344 4343 4159
f 4159 4343 4158
f 4158 4343 4345
f 4336 4145 4338
f 4345 4339 4158
f 4339 4151 4160
f 4342 4346 4154
f 4171 4172 4347
f 4173 4171 4347
f 4348 4173 4347
f 4174 4173 4348
f 4349 4174 4348
f 4175 4174 4349
f 4350 4175 4349
f 4158 4339 4160
f 4176 4175 4350
f 4338 4145 4150
f 4151 4339 4338
f 4136 4329 4138
f 4329 4127 4138
f 4319 4127 4329
f 4327 4330 4135
f 4330 4331 4135
f 4135 4331 4139
f 4332 4140 4331
f 4331 4140 4139
f 4140 4332 4141
f 4150 4151 4338
f 4328 4137 4333
f 4332 4334 4141
f 4141 4334 4143
f 4145 4336 4335
f 4144 4145 4335
f 4335 4142 4144
f 4333 4142 4335
f 4146 4143 4337
f 4143 4334 4337
f 4146 4337 4147
f 4333 4137 4142
f 4351 4176 4350
f 4177 4176 4351
f 4352 4177 4351
f 4187 4362 4197
f 4208 4366 4365
f 4207 4208 4365
f 4365 4367 4207
f 4207 4367 4196
f 4363 4196 4367
f 4364 4368 4209
f 4197 4364 4209
f 4217 4370 4369
f 4362 4364 4197
f 4218 4217 4369
f 4366 4208 4369
f 4368 4371 4219
f 4368 4219 4209
f 4227 4228 4372
f 4372 4373 4227
f 4227 4373 4217
f 4370 4217 4373
f 4374 4230 4371
f 4371 4230 4219
f 4369 4208 4218
f 4363 4172 4196
f 4347 4172 4363
f 4186 4362 4187
f 4178 4177 4352
f 4353 4178 4352
f 4179 4178 4353
f 4354 4179 4353
f 4180 4179 4354
f 4355 4180 4354
f 4355 4356 4180
f 4180 4356 4181
f 4356 4357 4181
f 4181 4357 4182
f 4357 4358 4182
f 4182 4358 4183
f 4358 4359 4183
f 4183 4359 4184
f 4359 4360 4184
f 4184 4360 4185
f 4159 4360 4344
f 4159 4185 4360
f 4346 4361 4161
f 4362 4186 4361
f 4361 4186 4161
f 4136 4137 4328
f 4236 4237 4229
f 4236 4229 4230
f 4235 4010 4019
f 3868 3869 4106
f 4106 3869 4107
f 3869 3870 4107
f 4107 3870 4108
f 3870 3871 4108
f 4108 3871 4109
f 3871 3872 4109
f 4109 3872 4110
f 3872 3873 4110
f 4105 3868 4106
f 4110 3873 4111
f 4111 3874 4112
f 3874 3875 4112
f 4112 3875 4113
f 3875 3876 4113
f 4113 3876 4114
f 3876 3877 4114
f 4114 3877 4115
f 3877 3878 4115
f 4115 3878 4116
f 3873 3874 4111
f 3878 3879 4116
f 3867 3868 4105
f 4104 4101 3867
f 4097 4098 4090
f 4090 4098 4091
f 4091 4098 4099
f 3857 4093 4099
f 4099 4093 4091
f 4093 3857 3849
f 4096 3856 3859
f 4100 4096 3859
f 4100 3859 4101
f 4104 3867 4105
f 3859 3860 4101
f 3862 4103 4102
f 4097 4103 3864
f 3864 4103 3862
f 4098 4097 3864
f 3865 4098 3864
f 4099 4098 3865
f 3866 4099 3865
f 4099 3866 3857
f 4101 3861 3867
f 3861 4101 3860
f 3848 3856 4096
f 4116 3879 4117
f 4102 4117 3881
f 3901 4130 3902
f 4130 4131 3902
f 3902 4131 3887
f 3887 4131 4118
f 4123 4132 4122
f 4122 3903 3893
f 4122 4132 3903
f 4132 4133 3903
f 4133 4134 3903
f 4129 4130 3901
f 3903 4134 3904
f 4134 3905 3904
f 3905 4135 3906
f 4136 4124 3897
f 4136 3897 4137
f 4137 3897 3909
f 4124 4138 4125
f 4136 4138 4124
f 4125 4138 4127
f 4135 4139 3906
f 4135 3905 4134
f 3879 3880 4117
f 3900 4129 3901
f 3899 4128 3900
f 3881 4117 3880
f 4102 3881 3862
f 3888 3887 4118
f 4118 4119 3888
f 3888 4119 3889
f 4119 4120 3889
f 3889 4120 3890
f 4120 4121 3890
f 3890 4121 3891
f 4128 4129 3900
f 4123 4122 3892
f 4121 3892 3891
f 3892 4122 3893
f 3896 3897 4124
f 3898 3896 4124
f 4125 3898 4124
f 4125 4127 4126
f 4125 4126 3898
f 3898 4126 3899
f 4126 4128 3899
f 4123 3892 4121
f 4085 3855 3838
f 3855 4085 3854
f 4085 4083 3854
f 4053 3822 4061
f 4061 3822 4062
f 3822 4063 4062
f 3824 4063 3822
f 4064 4065 4066
f 4066 4067 4068
f 4065 4067 4066
f 4068 4069 4070
f 4067 4069 4068
f 4053 3815 3822
f 4070 4071 4072
f 4072 4073 4074
f 4071 4073 4072
f 4055 4073 3825
f 4055 4074 4073
f 4056 4055 3825
f 3826 4056 3825
f 4057 4056 3826
f 3827 4057 3826
f 4058 4057 3827
f 4069 4071 4070
f 3829 4058 3827
f 4054 4053 4061
f 3820 4051 3818
f 4043 4050 4044
f 4044 4050 4051
f 3809 4045 4051
f 4051 4045 4044
f 4045 3809 3798
f 4046 3807 3813
f 4052 4046 3813
f 4054 3814 4053
f 4054 4052 3814
f 4051 3820 3809
f 4052 3813 3814
f 4057 4058 4059
f 4059 4047 4048
f 4059 4058 4047
f 4058 4060 4047
f 3816 4049 4060
f 4060 4049 4047
f 4050 4049 3816
f 3818 4050 3816
f 4051 4050 3818
f 3814 3815 4053
f 4060 4058 3829
f 3831 4060 3829
f 4060 3831 3816
f 3846 4073 3845
f 4073 3846 3825
f 4077 4076 4087
f 4076 3834 4088
f 4087 4076 4088
f 3834 3847 4088
f 4088 3847 4089
f 4089 3847 3848
f 4090 4091 4092
f 4073 4071 3845
f 4092 4093 4094
f 3849 4094 4093
f 3849 4095 4094
f 4078 4080 4095
f 4078 4095 3851
f 3851 4095 3849
f 4081 4078 3851
f 3853 4081 3851
f 4083 4081 3853
f 3854 4083 3853
f 4091 4093 4092
f 3845 4071 3844
f 4071 4069 3844
f 3844 4069 3842
f 4063 3824 3832
f 4075 4063 3832
f 4077 3833 4076
f 4077 4075 3833
f 4075 3832 3833
f 3834 4076 3833
f 4080 4078 4079
f 4079 4081 4082
f 4078 4081 4079
f 4082 4083 4084
f 4081 4083 4082
f 4084 4085 4086
f 4083 4085 4084
f 4064 3838 3837
f 4064 4085 3838
f 4064 4086 4085
f 4065 4064 3837
f 3840 4065 3837
f 4067 4065 3840
f 3842 4067 3840
f 4069 4067 3842
f 4139 4140 3906
f 3906 4140 3910
f 3910 4140 4141
f 3912 3910 4141
f 4194 4203 4204
f 4194 4204 4195
f 4195 4204 4205
f 4195 4205 3988
f 3980 4195 3988
f 3994 3995 4206
f 4206 4208 4207
f 4206 4207 3994
f 3994 4207 3996
f 4193 4203 4194
f 3986 3996 4196
f 4197 4209 4198
f 4198 4209 4210
f 4198 4210 4199
f 4199 4210 4211
f 4199 4211 4200
f 4200 4211 4212
f 4200 4212 4201
f 4201 4212 4213
f 4201 4213 4202
f 3996 4207 4196
f 4202 4213 4214
f 4193 4202 4203
f 4192 4201 4202
f 4167 4191 4168
f 4168 4191 4192
f 4168 4192 4169
f 4169 4192 4193
f 4169 4193 4170
f 4170 4193 4194
f 3968 4170 4195
f 4195 4170 4194
f 3968 4195 3980
f 4192 4202 4193
f 3975 3986 4196
f 4187 4197 4188
f 4188 4197 4198
f 4188 4198 4189
f 4189 4198 4199
f 4189 4199 4190
f 4190 4199 4200
f 4190 4200 4191
f 4191 4200 4201
f 4191 4201 4192
f 4196 4172 3975
f 4202 4214 4203
f 4203 4214 4215
f 4203 4215 4204
f 4010 4228 4227
f 4004 4010 4227
f 4004 4227 4217
f 4229 4219 4230
f 4219 4229 4220
f 4220 4229 4231
f 4220 4231 4221
f 4221 4231 4232
f 4221 4232 4222
f 4216 4005 3997
f 4222 4232 4233
f 4223 4233 4234
f 4011 4224 4234
f 4234 4224 4223
f 4225 4224 4011
f 4013 4225 4011
f 4226 4225 4013
f 4015 4226 4013
f 4226 4015 4005
f 4228 4010 4235
f 4222 4233 4223
f 4226 4216 4215
f 4005 4216 4226
f 4215 4225 4226
f 4204 4215 4216
f 3997 4205 4216
f 4216 4205 4204
f 4205 3997 3988
f 4003 4004 4217
f 4003 4217 4218
f 4003 4218 4206
f 4003 4206 3995
f 4206 4218 4208
f 4219 4220 4209
f 4209 4220 4210
f 4210 4220 4221
f 4210 4221 4211
f 4211 4221 4222
f 4211 4222 4212
f 4212 4222 4223
f 4212 4223 4213
f 4213 4223 4224
f 4213 4224 4214
f 4214 4224 4225
f 4214 4225 4215
f 4167 4190 4191
f 4307 4308 4423
f 4166 4190 4167
f 4165 4189 4166
f 3933 3932 4154
f 4155 3933 4154
f 3934 3933 4155
f 4156 3934 4155
f 3935 3934 4156
f 4157 3935 4156
f 3935 4157 3936
f 3962 4159 4158
f 3963 3962 4158
f 4153 3925 4149
f 4158 4160 3963
f 4151 3931 4160
f 4161 4155 4154
f 4155 4161 4156
f 4156 4161 4162
f 4156 4162 4157
f 4157 4162 4163
f 3936 4157 4164
f 4164 4157 4163
f 3937 3936 4164
f 3963 4160 3931
f 4165 3937 4164
f 4153 3932 3925
f 4152 4153 4148
f 4137 3909 4142
f 4142 3909 3915
f 4141 4143 3912
f 4143 3916 3912
f 3920 4145 4144
f 3915 3920 4144
f 4142 3915 4144
f 4146 3916 4143
f 4147 3921 4146
f 4153 4154 3932
f 4146 3921 3916
f 4148 3922 4147
f 3923 3922 4148
f 4149 3923 4148
f 3923 4149 3925
f 3931 4151 4150
f 3920 3931 4150
f 4145 3920 4150
f 4147 4152 4148
f 4148 4153 4149
f 3922 3921 4147
f 3938 3937 4165
f 4166 3938 4165
f 3964 3938 4166
f 3955 4180 3956
f 4180 4181 3956
f 3956 4181 3957
f 4181 4182 3957
f 3957 4182 3958
f 4182 4183 3958
f 3958 4183 3959
f 4183 4184 3959
f 3959 4184 3960
f 4179 4180 3955
f 4184 4185 3960
f 4185 4159 3961
f 3961 4159 3962
f 4161 4186 4162
f 4187 4162 4186
f 4187 4163 4162
f 4163 4187 4164
f 4164 4187 4188
f 4164 4188 4165
f 4165 4188 4189
f 3960 4185 3961
f 3954 4179 3955
f 4178 4179 3954
f 3953 4178 3954
f 4167 3964 4166
f 3965 3964 4167
f 4168 3965 4167
f 3966 3965 4168
f 4169 3966 4168
f 3967 3966 4169
f 4170 3967 4169
f 3967 4170 3968
f 3975 4172 4171
f 3976 3975 4171
f 4171 4173 3976
f 3976 4173 3977
f 4173 4174 3977
f 3977 4174 3978
f 4174 4175 3978
f 3978 4175 3951
f 4175 4176 3951
f 3951 4176 3952
f 4176 4177 3952
f 3952 4177 3953
f 4177 4178 3953
f 4166 4189 4190
f 4423 4308 4424
f 4308 4309 4424
f 4424 4309 4425
f 4674 4667 4675
f 4667 4674 4668
f 4668 4674 4676
f 4668 4676 4669
f 4669 4676 4677
f 4669 4677 4512
f 4502 4669 4512
f 4518 4519 4678
f 4518 4678 4679
f 4656 4673 4658
f 4518 4679 4670
f 4670 4679 4672
f 4680 4674 4675
f 4680 4681 4674
f 4674 4681 4676
f 4676 4681 4682
f 4676 4682 4677
f 4677 4682 4683
f 4677 4683 4521
f 4512 4677 4521
f 4518 4670 4509
f 4526 4685 4684
f 4510 4671 4673
f 4500 4673 4656
f 4662 4663 4487
f 4487 4663 4488
f 4663 4664 4488
f 4488 4664 4489
f 4664 4665 4489
f 4489 4665 4490
f 4665 4666 4490
f 4490 4666 4491
f 4651 4491 4666
f 4500 4510 4673
f 4667 4652 4653
f 4652 4668 4654
f 4654 4668 4669
f 4502 4655 4669
f 4669 4655 4654
f 4655 4502 4493
f 4508 4509 4670
f 4670 4672 4671
f 4670 4671 4508
f 4508 4671 4510
f 4667 4668 4652
f 4486 4662 4487
f 4519 4526 4684
f 4688 4686 4687
f 4537 4536 4692
f 4537 4692 4702
f 4702 4692 4691
f 4693 4692 4536
f 4539 4693 4536
f 4693 4539 4529
f 4694 4534 4703
f 4703 4534 4542
f 4704 4705 4706
f 4691 4701 4702
f 4706 4695 4697
f 4705 4707 4695
f 4695 4707 4698
f 4698 4707 4708
f 4543 4700 4708
f 4708 4700 4698
f 4701 4700 4543
f 4545 4701 4543
f 4702 4701 4545
f 4547 4702 4545
f 4706 4705 4695
f 4519 4684 4678
f 4689 4701 4691
f 4686 4700 4689
f 4687 4689 4690
f 4686 4689 4687
f 4690 4689 4680
f 4689 4691 4680
f 4680 4691 4681
f 4681 4691 4692
f 4681 4692 4682
f 4682 4692 4693
f 4529 4528 4683
f 4689 4700 4701
f 4529 4683 4693
f 4683 4528 4521
f 4685 4526 4694
f 4694 4526 4534
f 4697 4695 4696
f 4696 4698 4699
f 4695 4698 4696
f 4699 4686 4688
f 4699 4698 4686
f 4698 4700 4686
f 4693 4683 4682
f 4661 4662 4486
f 4485 4661 4486
f 4660 4661 4485
f 4626 4622 4621
f 4622 4626 4623
f 4623 4626 4627
f 4450 4623 4628
f 4628 4623 4627
f 4456 4450 4628
f 4629 4456 4628
f 4456 4629 4458
f 4632 4631 4630
f 4454 4620 4449
f 4460 4630 4631
f 4459 4631 4633
f 4633 4455 4459
f 4625 4455 4633
f 4634 4627 4626
f 4627 4634 4628
f 4628 4634 4635
f 4628 4635 4629
f 4629 4635 4636
f 4461 4458 4629
f 4460 4631 4459
f 4461 4629 4637
f 4624 4620 4454
f 4455 4625 4624
f 4442 4443 4613
f 4613 4615 4442
f 4442 4615 4444
f 4615 4432 4444
f 4605 4432 4615
f 4611 4616 4612
f 4618 4617 4440
f 4616 4618 4440
f 4616 4440 4612
f 4454 4455 4624
f 4445 4440 4617
f 4445 4619 4446
f 4449 4620 4614
f 4443 4449 4614
f 4621 4617 4618
f 4617 4621 4619
f 4619 4621 4622
f 4446 4619 4623
f 4623 4619 4622
f 4446 4623 4450
f 4619 4445 4617
f 4637 4629 4636
f 4461 4637 4463
f 4639 4638 4467
f 4650 4643 4649
f 4469 4650 4478
f 4491 4651 4645
f 4473 4491 4645
f 4653 4647 4648
f 4652 4647 4653
f 4647 4652 4649
f 4649 4652 4654
f 4649 4654 4650
f 4469 4643 4650
f 4650 4654 4655
f 4478 4650 4493
f 4499 4500 4656
f 4656 4658 4657
f 4656 4657 4499
f 4499 4657 4501
f 4657 4659 4501
f 4501 4659 4484
f 4659 4660 4484
f 4484 4660 4485
f 4650 4655 4493
f 4643 4647 4649
f 4642 4647 4643
f 4647 4642 4641
f 4467 4638 4466
f 4466 4638 4640
f 4630 4640 4632
f 4630 4468 4640
f 4468 4466 4640
f 4630 4460 4468
f 4641 4635 4634
f 4635 4641 4636
f 4636 4641 4642
f 4636 4642 4637
f 4637 4642 4643
f 4637 4643 4469
f 4463 4637 4469
f 4473 4645 4644
f 4474 4473 4644
f 4644 4646 4474
f 4474 4646 4475
f 4646 4639 4475
f 4475 4639 4476
f 4467 4476 4639
f 4648 4647 4641
f 4702 4547 4537
f 4551 4709 4542
f 4542 4709 4703
f 4710 4711 4704
f 4614 4768 4767
f 4613 4614 4767
f 4767 4769 4613
f 4613 4769 4615
f 4605 4770 4761
f 4605 4615 4770
f 4615 4769 4770
f 4770 4762 4761
f 4764 4771 4765
f 4610 4766 4611
f 4772 4765 4771
f 4611 4766 4773
f 4773 4766 4772
f 4616 4611 4773
f 4774 4616 4773
f 4616 4774 4618
f 4620 4775 4768
f 4614 4620 4768
f 4777 4776 4772
f 4776 4773 4772
f 4772 4766 4765
f 4773 4776 4774
f 4766 4610 4765
f 4765 4609 4764
f 4598 4751 4597
f 4752 4751 4598
f 4599 4752 4598
f 4753 4752 4599
f 4600 4753 4599
f 4754 4753 4600
f 4601 4754 4600
f 4755 4754 4601
f 4602 4755 4601
f 4610 4609 4765
f 4757 4755 4602
f 4757 4603 4591
f 4604 4605 4761
f 4606 4604 4761
f 4762 4606 4761
f 4607 4606 4762
f 4763 4607 4762
f 4608 4607 4763
f 4764 4608 4763
f 4609 4608 4764
f 4603 4757 4602
f 4774 4776 4778
f 4774 4778 4621
f 4618 4774 4621
f 4638 4791 4793
f 4793 4786 4638
f 4638 4786 4640
f 4786 4632 4640
f 4788 4794 4787
f 4796 4787 4794
f 4796 4795 4787
f 4795 4789 4787
f 4789 4795 4790
f 4639 4791 4638
f 4790 4795 4797
f 4798 4790 4797
f 4634 4798 4641
f 4645 4800 4799
f 4644 4645 4799
f 4799 4801 4644
f 4644 4801 4646
f 4639 4801 4792
f 4639 4646 4801
f 4802 4795 4796
f 4634 4790 4798
f 4792 4791 4639
f 4626 4790 4634
f 4790 4784 4789
f 4625 4780 4779
f 4624 4625 4779
f 4779 4775 4624
f 4624 4775 4620
f 4777 4781 4776
f 4783 4776 4781
f 4783 4782 4776
f 4782 4778 4776
f 4621 4778 4784
f 4784 4778 4782
f 4621 4784 4626
f 4632 4786 4785
f 4631 4632 4785
f 4785 4780 4631
f 4631 4780 4633
f 4780 4625 4633
f 4788 4782 4783
f 4787 4782 4788
f 4782 4787 4784
f 4784 4787 4789
f 4626 4784 4790
f 4751 4750 4597
f 4443 4614 4613
f 4597 4760 4596
f 4595 4596 4760
f 4723 4716 4563
f 4563 4724 4723
f 4564 4724 4563
f 4727 4725 4726
f 4726 4717 4719
f 4726 4725 4717
f 4725 4728 4717
f 4567 4566 4720
f 4567 4720 4728
f 4716 4556 4563
f 4728 4720 4717
f 4569 4722 4566
f 4722 4569 4557
f 4724 4564 4570
f 4729 4724 4570
f 4570 4730 4729
f 4571 4730 4570
f 4731 4732 4733
f 4733 4734 4735
f 4732 4734 4733
f 4722 4720 4566
f 4725 4574 4573
f 4713 4561 4552
f 4713 4712 4559
f 4704 4711 4705
f 4705 4711 4712
f 4705 4712 4707
f 4707 4712 4713
f 4552 4708 4713
f 4713 4708 4707
f 4708 4552 4543
f 4709 4551 4714
f 4551 4556 4714
f 4561 4713 4559
f 4714 4556 4715
f 4719 4717 4718
f 4718 4720 4721
f 4717 4720 4718
f 4721 4720 4710
f 4720 4722 4710
f 4557 4711 4722
f 4722 4711 4710
f 4712 4711 4557
f 4559 4712 4557
f 4556 4716 4715
f 4727 4574 4725
f 4727 4734 4574
f 4727 4735 4734
f 4745 4588 4746
f 4588 4589 4746
f 4747 4589 4590
f 4747 4748 4589
f 4748 4746 4589
f 4747 4749 4748
f 4754 4755 4756
f 4756 4757 4758
f 4755 4757 4756
f 4745 4742 4588
f 4743 4757 4591
f 4744 4743 4591
f 4592 4744 4591
f 4744 4592 4585
f 4747 4590 4593
f 4749 4747 4593
f 4594 4749 4593
f 4749 4594 4759
f 4759 4594 4595
f 4759 4595 4760
f 4743 4758 4757
f 4742 4584 4588
f 4740 4585 4579
f 4744 4740 4739
f 4728 4725 4573
f 4575 4728 4573
f 4728 4575 4567
f 4730 4571 4576
f 4736 4730 4576
f 4736 4576 4737
f 4576 4577 4737
f 4737 4577 4738
f 4577 4578 4738
f 4739 4740 4741
f 4731 4740 4579
f 4731 4741 4740
f 4732 4731 4579
f 4581 4732 4579
f 4734 4732 4581
f 4583 4734 4581
f 4734 4583 4574
f 4738 4578 4584
f 4742 4738 4584
f 4743 4744 4739
f 4585 4740 4744
f 4750 4760 4597
f 4795 4803 4797
f 4439 4612 4440
f 4439 4438 4611
f 4485 4349 4484
f 4350 4349 4485
f 4486 4350 4485
f 4351 4350 4486
f 4487 4351 4486
f 4352 4351 4487
f 4488 4352 4487
f 4353 4352 4488
f 4489 4353 4488
f 4349 4348 4484
f 4354 4353 4489
f 4355 4354 4490
f 4491 4355 4490
f 4355 4491 4473
f 4493 4477 4478
f 4492 4477 4493
f 4477 4492 4479
f 4479 4492 4494
f 4479 4494 4480
f 4480 4494 4495
f 4490 4354 4489
f 4480 4495 4481
f 4484 4348 4483
f 4347 4363 4483
f 4473 4474 4356
f 4356 4474 4357
f 4474 4475 4357
f 4357 4475 4358
f 4475 4476 4358
f 4358 4476 4359
f 4476 4467 4359
f 4359 4467 4360
f 4467 4344 4360
f 4348 4347 4483
f 4478 4477 4469
f 4470 4477 4471
f 4471 4477 4479
f 4471 4479 4472
f 4472 4479 4480
f 4346 4472 4481
f 4481 4472 4480
f 4361 4346 4481
f 4482 4361 4481
f 4361 4482 4362
f 4477 4470 4469
f 4356 4355 4473
f 4481 4495 4496
f 4482 4496 4497
f 4366 4510 4498
f 4366 4369 4510
f 4369 4508 4510
f 4498 4510 4500
f 4511 4502 4512
f 4502 4511 4503
f 4503 4511 4513
f 4503 4513 4504
f 4504 4513 4514
f 4369 4370 4508
f 4504 4514 4505
f 4505 4515 4506
f 4506 4515 4516
f 4506 4516 4507
f 4507 4516 4517
f 4507 4517 4371
f 4368 4507 4371
f 4372 4519 4518
f 4373 4372 4518
f 4518 4370 4373
f 4505 4514 4515
f 4481 4496 4482
f 4370 4509 4508
f 4497 4507 4368
f 4482 4497 4364
f 4362 4482 4364
f 4365 4366 4498
f 4498 4500 4499
f 4498 4499 4365
f 4365 4499 4367
f 4363 4501 4483
f 4363 4367 4501
f 4367 4499 4501
f 4364 4497 4368
f 4501 4484 4483
f 4502 4503 4492
f 4492 4503 4494
f 4494 4503 4504
f 4494 4504 4495
f 4495 4504 4505
f 4495 4505 4496
f 4496 4505 4506
f 4496 4506 4497
f 4497 4506 4507
f 4502 4492 4493
f 4342 4472 4346
f 4472 4465 4471
f 4342 4465 4472
f 4436 4437 4324
f 4324 4437 4315
f 4315 4438 4429
f 4315 4437 4438
f 4429 4438 4317
f 4438 4439 4317
f 4440 4325 4439
f 4439 4325 4317
f 4326 4325 4440
f 4323 4436 4324
f 4441 4326 4440
f 4328 4443 4442
f 4329 4328 4442
f 4319 4444 4430
f 4319 4329 4444
f 4329 4442 4444
f 4430 4444 4432
f 4440 4445 4441
f 4445 4446 4327
f 4445 4327 4441
f 4326 4441 4327
f 4330 4327 4446
f 4435 4436 4323
f 4434 4435 4322
f 4309 4310 4425
f 4425 4310 4426
f 4310 4311 4426
f 4426 4311 4427
f 4311 4312 4427
f 4427 4312 4428
f 4312 4313 4428
f 4413 4428 4314
f 4314 4428 4313
f 4322 4435 4323
f 4413 4314 4297
f 4316 4429 4317
f 4318 4319 4430
f 4430 4432 4431
f 4430 4431 4318
f 4318 4431 4320
f 4431 4433 4320
f 4320 4433 4321
f 4433 4434 4321
f 4321 4434 4322
f 4316 4315 4429
f 4447 4330 4446
f 4331 4330 4447
f 4448 4331 4447
f 4458 4461 4457
f 4463 4462 4337
f 4461 4463 4337
f 4461 4337 4457
f 4340 4337 4462
f 4464 4340 4462
f 4341 4340 4464
f 4465 4341 4464
f 4341 4465 4342
f 4453 4336 4338
f 4344 4467 4466
f 4466 4468 4343
f 4343 4468 4345
f 4339 4468 4460
f 4339 4345 4468
f 4469 4462 4463
f 4462 4469 4464
f 4464 4469 4470
f 4464 4470 4465
f 4465 4470 4471
f 4343 4344 4466
f 4455 4339 4459
f 4455 4453 4339
f 4453 4338 4339
f 4331 4448 4332
f 4333 4449 4443
f 4328 4333 4443
f 4450 4447 4446
f 4447 4450 4448
f 4448 4450 4451
f 4332 4448 4452
f 4452 4448 4451
f 4332 4452 4334
f 4455 4454 4453
f 4336 4453 4454
f 4336 4454 4335
f 4335 4454 4449
f 4449 4333 4335
f 4450 4456 4451
f 4458 4451 4456
f 4458 4457 4451
f 4457 4452 4451
f 4452 4457 4337
f 4334 4452 4337
f 4460 4459 4339
f 4509 4370 4518
f 4521 4511 4512
f 4520 4511 4521
f 4511 4520 4513
f 4579 4580 4581
f 4581 4582 4583
f 4580 4582 4581
f 4572 4407 4406
f 4574 4407 4572
f 4574 4582 4407
f 4574 4583 4582
f 4572 4406 4400
f 4578 4405 4408
f 4404 4405 4578
f 4584 4578 4408
f 4579 4586 4580
f 4580 4586 4587
f 4409 4582 4587
f 4587 4582 4580
f 4582 4409 4407
f 4584 4408 4410
f 4588 4584 4410
f 4588 4410 4589
f 4410 4411 4589
f 4585 4586 4579
f 4411 4590 4589
f 4577 4404 4578
f 4576 4403 4577
f 4560 4558 4395
f 4396 4560 4395
f 4562 4560 4396
f 4397 4562 4396
f 4562 4397 4389
f 4564 4393 4398
f 4570 4564 4398
f 4398 4571 4570
f 4399 4571 4398
f 4403 4404 4577
f 4574 4572 4573
f 4400 4575 4573
f 4565 4567 4575
f 4565 4575 4401
f 4401 4575 4400
f 4568 4565 4401
f 4402 4568 4401
f 4568 4402 4394
f 4571 4399 4403
f 4576 4571 4403
f 4400 4573 4572
f 4412 4590 4411
f 4413 4592 4591
f 4585 4592 4414
f 4425 4426 4602
f 4602 4426 4603
f 4426 4427 4603
f 4591 4603 4428
f 4428 4603 4427
f 4591 4428 4413
f 4432 4605 4604
f 4431 4432 4604
f 4604 4606 4431
f 4601 4425 4602
f 4431 4606 4433
f 4433 4607 4434
f 4607 4608 4434
f 4434 4608 4435
f 4608 4609 4435
f 4435 4609 4436
f 4609 4610 4436
f 4436 4610 4437
f 4611 4438 4610
f 4610 4438 4437
f 4606 4607 4433
f 4424 4425 4601
f 4600 4424 4601
f 4423 4424 4600
f 4414 4592 4413
f 4586 4585 4414
f 4415 4586 4414
f 4587 4586 4415
f 4416 4587 4415
f 4587 4416 4409
f 4590 4412 4417
f 4593 4590 4417
f 4593 4417 4594
f 4417 4418 4594
f 4594 4418 4595
f 4418 4419 4595
f 4595 4419 4596
f 4419 4420 4596
f 4596 4420 4597
f 4420 4421 4597
f 4597 4421 4598
f 4421 4422 4598
f 4598 4422 4599
f 4422 4423 4599
f 4599 4423 4600
f 4395 4558 4394
f 4612 4439 4611
f 4558 4557 4394
f 4557 4568 4394
f 4525 4376 4374
f 4526 4375 4534
f 4534 4375 4377
f 4537 4535 4536
f 4536 4538 4539
f 4535 4538 4536
f 4539 4527 4529
f 4539 4538 4527
f 4538 4540 4527
f 4533 4525 4524
f 4527 4540 4530
f 4378 4531 4541
f 4541 4531 4530
f 4532 4531 4378
f 4379 4532 4378
f 4533 4532 4379
f 4380 4533 4379
f 4533 4380 4376
f 4534 4377 4542
f 4542 4377 4381
f 4530 4540 4541
f 4543 4544 4545
f 4376 4525 4533
f 4523 4532 4524
f 4513 4520 4522
f 4513 4522 4514
f 4514 4522 4523
f 4514 4523 4515
f 4515 4523 4524
f 4515 4524 4516
f 4516 4524 4525
f 4374 4517 4525
f 4525 4517 4516
f 4524 4532 4533
f 4517 4374 4371
f 4372 4375 4519
f 4529 4527 4528
f 4528 4520 4521
f 4528 4527 4520
f 4527 4530 4520
f 4520 4530 4522
f 4522 4530 4531
f 4522 4531 4523
f 4523 4531 4532
f 4375 4526 4519
f 4545 4546 4547
f 4544 4546 4545
f 4547 4535 4537
f 4556 4551 4388
f 4557 4558 4559
f 4559 4560 4561
f 4558 4560 4559
f 4561 4560 4552
f 4560 4562 4552
f 4389 4553 4562
f 4562 4553 4552
f 4554 4553 4389
f 4551 4384 4388
f 4390 4554 4389
f 4391 4555 4390
f 4555 4391 4385
f 4556 4388 4392
f 4563 4556 4392
f 4392 4564 4563
f 4393 4564 4392
f 4567 4565 4566
f 4566 4568 4569
f 4565 4568 4566
f 4555 4554 4390
f 4550 4387 4383
f 4387 4550 4386
f 4550 4549 4386
f 4547 4546 4535
f 4546 4548 4535
f 4535 4548 4538
f 4538 4548 4549
f 4538 4549 4540
f 4540 4549 4550
f 4383 4382 4541
f 4383 4541 4550
f 4550 4541 4540
f 4541 4382 4378
f 4542 4381 4384
f 4551 4542 4384
f 4552 4553 4543
f 4543 4553 4544
f 4544 4553 4554
f 4544 4554 4546
f 4546 4554 4555
f 4385 4548 4555
f 4555 4548 4546
f 4549 4548 4385
f 4386 4549 4385
f 4557 4569 4568
f 2507 2300 2508
f 2862 2628 2631
f 2506 2299 2507
f 1124 1127 1126
f 1123 1124 1126
f 1127 1129 1128
f 1126 1127 1128
f 1129 1131 1130
f 1128 1129 1130
f 1131 1133 1132
f 1130 1131 1132
f 1133 1135 1134
f 1125 1124 1123
f 1132 1133 1134
f 1134 1135 1136
f 1095 1093 1136
f 1136 1093 1137
f 1093 1096 1137
f 1096 1138 1137
f 1096 1098 1138
f 1098 1139 1138
f 1098 1100 1139
f 1100 1140 1139
f 1135 1095 1136
f 1102 1141 1100
f 1121 1122 1120
f 1118 1121 1120
f 1101 1102 1100
f 1104 1089 802
f 1103 1104 802
f 802 809 1103
f 813 807 1090
f 1090 814 813
f 1090 1105 814
f 1090 1092 1105
f 1105 1107 1106
f 1117 1118 1120
f 814 1105 1106
f 1106 1107 1108
f 1109 1111 1110
f 1108 1109 1110
f 1111 1113 1112
f 1110 1111 1112
f 1113 1115 1114
f 1112 1113 1114
f 1115 1116 1114
f 1119 1118 1117
f 1107 1109 1108
f 1098 1099 1100
f 1100 1141 1140
f 1141 1102 1142
f 1154 1156 1155
f 1153 1154 1155
f 1156 1158 1157
f 1155 1156 1157
f 1158 1160 1159
f 1157 1158 1159
f 1160 1162 1161
f 1159 1160 1161
f 1162 1164 1163
f 1151 1152 1153
f 1161 1162 1163
f 1163 1164 1165
f 1166 1168 1167
f 1165 1166 1167
f 1168 1170 1169
f 1167 1168 1169
f 1170 1172 1171
f 1169 1170 1171
f 1172 1173 844
f 1171 1172 844
f 1164 1166 1165
f 1102 1143 1142
f 1152 1154 1153
f 1150 1152 1151
f 1143 1144 1142
f 1146 1104 1103
f 1145 1146 1103
f 815 1103 809
f 815 1145 1103
f 819 814 1106
f 1108 819 1106
f 821 819 1108
f 1110 821 1108
f 1149 1150 1151
f 823 821 1110
f 825 823 1112
f 1114 825 1112
f 827 825 1114
f 1114 828 827
f 1114 1116 828
f 1116 1148 1147
f 828 1116 1147
f 1148 1150 1149
f 1147 1148 1149
f 1112 823 1110
f 1173 1174 846
f 1099 1101 1100
f 1097 1099 1098
f 767 766 1058
f 1058 766 1057
f 1058 1060 1059
f 767 1058 1059
f 1060 1061 1059
f 1063 1062 770
f 770 1062 769
f 769 1062 1064
f 754 1064 1055
f 764 1057 766
f 754 769 1064
f 1061 772 1059
f 1061 774 772
f 775 774 1065
f 1065 774 1061
f 1065 1067 1066
f 775 1065 1066
f 1067 1069 1068
f 1066 1067 1068
f 1069 1070 1068
f 772 767 1059
f 1072 1071 778
f 1053 1057 764
f 1053 762 1051
f 1050 1052 1051
f 1049 1050 1051
f 1052 1053 1051
f 1055 1054 754
f 754 1054 753
f 753 1054 1056
f 1056 1042 753
f 753 1042 755
f 1040 756 1042
f 1053 764 762
f 756 755 1042
f 757 756 1043
f 1045 757 1043
f 758 757 1045
f 1047 758 1045
f 759 758 1047
f 1049 759 1047
f 760 759 1049
f 1051 760 1049
f 762 760 1051
f 1043 756 1040
f 1096 1097 1098
f 778 1071 777
f 770 1073 1063
f 1082 1084 1083
f 800 1082 1083
f 1084 1085 1083
f 786 795 1080
f 1080 795 1086
f 800 1087 801
f 800 1083 1087
f 1085 1088 1087
f 1083 1085 1087
f 793 1081 800
f 802 1089 795
f 1087 806 801
f 1087 807 806
f 1087 1088 807
f 1088 1091 1090
f 807 1088 1090
f 1091 1092 1090
f 1095 1094 1093
f 1094 1097 1096
f 1093 1094 1096
f 795 1089 1086
f 777 1071 1073
f 1081 1082 800
f 1077 1081 793
f 770 777 1073
f 781 775 1066
f 1068 781 1066
f 783 781 1068
f 783 1074 784
f 1068 1074 783
f 1068 1070 1074
f 1070 1076 1075
f 1074 1070 1075
f 1077 1079 1081
f 1076 1078 1077
f 1078 1079 1077
f 1080 1072 786
f 1072 778 786
f 1074 788 784
f 1075 788 1074
f 790 788 1075
f 1077 790 1075
f 792 790 1077
f 1077 793 792
f 1075 1076 1077
f 1047 1048 1049
f 844 1173 846
f 846 1174 848
f 861 1202 1219
f 1202 1203 1219
f 1203 1220 1219
f 1203 1204 1220
f 1204 1221 1220
f 1204 1205 1221
f 1205 1222 1221
f 1205 1206 1222
f 1206 1223 1222
f 861 1219 892
f 1206 1207 1223
f 1207 1208 1224
f 1208 1225 1224
f 1208 1209 1225
f 1209 1226 1225
f 1209 1210 1226
f 1210 1227 1226
f 1210 1211 1227
f 1211 1228 1227
f 1211 1212 1228
f 1207 1224 1223
f 1212 1229 1228
f 829 863 1218
f 1201 829 1217
f 1189 1190 1207
f 1190 1208 1207
f 1190 1191 1208
f 1191 1209 1208
f 1191 1192 1209
f 1192 1210 1209
f 1192 1193 1210
f 1193 1211 1210
f 1193 1194 1211
f 829 1218 1217
f 1194 1212 1211
f 1195 1213 1212
f 1195 1196 1213
f 1196 1214 1213
f 1215 1214 1197
f 1197 1214 1196
f 1197 1198 1215
f 1200 1199 1216
f 1216 1199 1217
f 1217 1199 1201
f 1194 1195 1212
f 1189 1207 1206
f 1212 1213 1229
f 1213 1214 1230
f 1226 1242 1241
f 1226 1227 1242
f 1227 1243 1242
f 1227 1228 1243
f 1228 1244 1243
f 1228 1229 1244
f 1229 1245 1244
f 1229 1230 1245
f 1230 1246 1245
f 1225 1226 1241
f 1247 1248 1246
f 1231 1246 1230
f 1231 1232 1247
f 1234 1233 1249
f 1233 1235 1250
f 1249 1233 1250
f 1250 907 1251
f 1250 894 907
f 1250 1235 894
f 907 909 1251
f 1247 1246 1231
f 1213 1230 1229
f 1225 1241 1240
f 1224 1240 1239
f 1214 1231 1230
f 1215 1232 1231
f 1214 1215 1231
f 1234 1216 1217
f 1233 1234 1217
f 1217 1218 1233
f 1218 1235 1233
f 1218 894 1235
f 863 894 1218
f 1224 1225 1240
f 1219 905 892
f 905 1219 1236
f 1219 1220 1236
f 1220 1221 1236
f 1221 1237 1236
f 1221 1222 1237
f 1222 1238 1237
f 1222 1223 1238
f 1223 1239 1238
f 1223 1224 1239
f 905 1236 906
f 1174 1175 848
f 1188 1189 1206
f 1187 1188 1205
f 1130 1132 1188
f 1132 1189 1188
f 1132 1134 1189
f 1134 1190 1189
f 1134 1136 1190
f 1136 1191 1190
f 1136 1137 1191
f 1137 1192 1191
f 1137 1138 1192
f 1130 1188 1187
f 1138 1193 1192
f 1139 1194 1193
f 1139 1140 1194
f 1140 1195 1194
f 1140 1141 1195
f 1141 1196 1195
f 1141 1142 1196
f 1142 1197 1196
f 1144 1198 1197
f 1142 1144 1197
f 1138 1139 1193
f 1200 1146 1145
f 1128 1130 1187
f 1126 1128 1186
f 1175 1119 850
f 848 1175 850
f 1119 1117 850
f 850 1117 852
f 1117 1120 852
f 1120 1176 852
f 1122 1177 1120
f 1120 1177 1176
f 1122 1179 1178
f 1128 1187 1186
f 1177 1122 1178
f 1178 1179 1180
f 1181 1183 1182
f 1180 1181 1182
f 1183 1125 1184
f 1182 1183 1184
f 1125 1123 1184
f 1184 1123 1185
f 1123 1126 1185
f 1126 1186 1185
f 1179 1181 1180
f 1188 1206 1205
f 1199 1200 1145
f 815 1201 1199
f 1171 839 1169
f 842 839 1171
f 844 842 1171
f 854 852 1176
f 1177 854 1176
f 856 854 1177
f 1178 856 1177
f 858 856 1178
f 1180 858 1178
f 840 1167 1169
f 860 858 1180
f 1180 1182 861
f 1182 1184 861
f 1184 1202 861
f 1184 1185 1202
f 1185 1203 1202
f 1185 1186 1203
f 1186 1204 1203
f 1186 1187 1204
f 1187 1205 1204
f 860 1180 861
f 1145 815 1199
f 840 1169 839
f 1165 1167 878
f 829 1201 815
f 832 828 1147
f 1149 832 1147
f 834 832 1149
f 1151 834 1149
f 836 834 1151
f 836 1151 837
f 1151 1153 837
f 1153 1155 837
f 1167 840 878
f 1155 868 837
f 1157 870 868
f 1157 1159 870
f 1159 872 870
f 1159 1161 872
f 1161 874 872
f 1161 1163 874
f 1163 876 874
f 1163 1165 876
f 1165 878 876
f 1155 1157 868
f 1048 1050 1049
f 1045 1046 1047
f 1046 1048 1047
f 900 913 912
f 900 901 913
f 901 914 913
f 901 902 914
f 902 915 914
f 902 903 915
f 903 916 915
f 917 916 904
f 904 916 903
f 899 900 912
f 904 906 917
f 920 918 908
f 920 908 919
f 919 908 910
f 616 910 603
f 616 921 910
f 921 919 910
f 616 618 921
f 626 615 911
f 626 911 627
f 909 908 918
f 911 912 627
f 899 912 911
f 898 911 615
f 889 890 901
f 890 902 901
f 890 891 902
f 891 903 902
f 892 905 904
f 892 904 891
f 891 904 903
f 905 906 904
f 894 893 907
f 898 899 911
f 909 907 893
f 908 893 895
f 601 895 575
f 601 910 895
f 910 908 895
f 601 603 910
f 614 612 896
f 614 896 615
f 896 897 615
f 897 898 615
f 909 893 908
f 889 901 900
f 912 913 627
f 913 914 922
f 928 929 935
f 937 935 929
f 937 929 936
f 936 929 629
f 639 938 629
f 938 936 629
f 640 938 639
f 939 938 640
f 641 939 640
f 925 926 933
f 940 939 641
f 654 638 941
f 638 930 941
f 930 942 941
f 930 931 942
f 931 943 942
f 944 945 943
f 944 943 932
f 932 943 931
f 932 934 944
f 641 643 940
f 913 922 627
f 925 932 924
f 933 934 932
f 914 923 922
f 914 915 923
f 915 924 923
f 915 916 924
f 916 925 924
f 917 926 925
f 916 917 925
f 920 919 927
f 919 921 928
f 933 932 925
f 927 919 928
f 928 618 628
f 928 921 618
f 629 929 628
f 627 922 638
f 922 930 638
f 922 923 930
f 923 931 930
f 923 924 931
f 924 932 931
f 928 628 929
f 937 936 946
f 888 889 900
f 887 888 899
f 878 840 879
f 877 878 879
f 840 838 879
f 879 838 880
f 838 841 880
f 841 881 880
f 841 843 881
f 843 882 881
f 843 845 882
f 875 876 877
f 845 883 882
f 847 884 883
f 847 849 884
f 849 885 884
f 849 851 885
f 851 886 885
f 851 853 886
f 853 887 886
f 853 855 887
f 855 888 887
f 845 847 883
f 855 857 888
f 876 878 877
f 874 876 875
f 860 861 859
f 863 829 830
f 862 863 830
f 830 567 862
f 551 567 830
f 565 831 572
f 831 833 572
f 833 864 572
f 833 835 864
f 873 874 875
f 835 865 864
f 835 866 865
f 837 868 867
f 866 837 867
f 868 870 869
f 867 868 869
f 870 872 871
f 869 870 871
f 872 874 873
f 871 872 873
f 837 866 835
f 888 900 899
f 857 889 888
f 859 890 889
f 877 593 875
f 595 593 877
f 879 595 877
f 597 595 879
f 880 597 879
f 599 597 880
f 599 880 600
f 880 881 600
f 881 882 600
f 593 591 875
f 882 610 600
f 883 612 610
f 883 884 612
f 884 896 612
f 884 885 896
f 885 897 896
f 885 886 897
f 886 898 897
f 886 887 898
f 887 899 898
f 882 883 610
f 857 859 889
f 875 591 873
f 873 589 871
f 861 891 859
f 859 891 890
f 861 892 891
f 894 863 862
f 893 894 862
f 573 862 567
f 573 895 862
f 895 893 862
f 573 575 895
f 591 589 873
f 579 572 864
f 581 579 865
f 866 581 865
f 583 581 866
f 867 583 866
f 585 583 867
f 869 585 867
f 587 585 869
f 871 587 869
f 589 587 871
f 865 579 864
f 936 938 947
f 946 936 947
f 938 939 948
f 1008 745 1009
f 1008 728 745
f 746 1009 745
f 1010 1009 746
f 747 1010 746
f 1011 1010 747
f 748 1011 747
f 1012 1011 748
f 749 1012 748
f 1007 985 1008
f 1013 1012 749
f 1014 1013 750
f 751 1014 750
f 1015 1014 751
f 736 1015 751
f 736 1016 1015
f 1017 1016 986
f 986 1016 736
f 1017 986 1018
f 1018 986 738
f 750 1013 749
f 738 739 1018
f 985 728 1008
f 984 985 1007
f 968 969 997
f 996 968 997
f 969 970 998
f 997 969 998
f 970 971 999
f 998 970 999
f 971 972 999
f 978 977 1000
f 977 979 1001
f 1006 984 1007
f 1000 977 1001
f 1001 979 1002
f 980 981 1003
f 1002 980 1003
f 981 982 1004
f 1003 981 1004
f 982 983 1005
f 1004 982 1005
f 983 984 1006
f 1005 983 1006
f 979 980 1002
f 994 967 996
f 739 1019 1018
f 987 1020 1019
f 1012 1013 1033
f 1032 1012 1033
f 1013 1014 1034
f 1033 1013 1034
f 1014 1015 1035
f 1034 1014 1035
f 1015 1016 1036
f 1035 1015 1036
f 1016 1017 1036
f 1031 1011 1032
f 1017 1018 1037
f 1037 1018 1038
f 1019 1020 1039
f 1038 1019 1039
f 1020 1021 1039
f 1042 1041 1040
f 1041 1044 1043
f 1040 1041 1043
f 1044 1046 1045
f 1043 1044 1045
f 1018 1019 1038
f 739 987 1019
f 1011 1012 1032
f 1010 1011 1031
f 1021 1020 741
f 741 1020 987
f 741 742 1022
f 1021 741 1022
f 742 988 1023
f 1022 742 1023
f 988 989 1024
f 1023 988 1024
f 989 990 1025
f 1030 1010 1031
f 1024 989 1025
f 1025 990 1026
f 991 992 1027
f 1026 991 1027
f 992 993 1028
f 1027 992 1028
f 993 995 1028
f 1008 1009 1029
f 1009 1010 1030
f 1029 1009 1030
f 990 991 1026
f 967 968 996
f 967 993 714
f 994 993 967
f 673 952 692
f 952 959 692
f 952 953 959
f 953 960 959
f 954 961 960
f 953 954 960
f 956 957 962
f 957 958 963
f 962 957 963
f 674 958 657
f 958 674 964
f 674 693 964
f 964 693 965
f 965 694 966
f 965 693 694
f 695 966 694
f 967 714 715
f 716 967 715
f 968 967 716
f 717 968 716
f 963 958 964
f 969 968 717
f 657 958 957
f 957 950 951
f 947 938 948
f 939 940 949
f 948 939 949
f 949 655 950
f 949 643 655
f 949 940 643
f 656 950 655
f 951 950 656
f 657 951 656
f 951 657 957
f 672 952 673
f 654 941 952
f 941 953 952
f 954 953 942
f 942 953 941
f 942 943 955
f 954 942 955
f 943 945 955
f 949 950 956
f 956 950 957
f 654 952 672
f 718 969 717
f 970 969 718
f 692 970 718
f 984 983 726
f 727 984 726
f 985 984 727
f 728 985 727
f 986 736 737
f 738 986 737
f 987 739 740
f 741 987 740
f 988 742 743
f 726 983 725
f 744 988 743
f 711 989 744
f 711 990 989
f 711 712 990
f 712 991 990
f 712 713 991
f 713 992 991
f 713 714 992
f 714 993 992
f 994 995 993
f 989 988 744
f 983 982 725
f 725 982 724
f 982 981 724
f 692 971 970
f 972 971 959
f 959 971 692
f 959 960 973
f 972 959 973
f 960 961 973
f 965 966 974
f 966 695 975
f 974 966 975
f 695 719 975
f 975 719 976
f 978 720 977
f 978 976 720
f 976 719 720
f 721 977 720
f 979 977 721
f 722 979 721
f 980 979 722
f 723 980 722
f 981 980 723
f 724 981 723
f 906 1236 917
f 857 858 859
f 1236 1252 917
f 1237 1253 1252
f 1514 1515 1158
f 1158 1515 1160
f 1515 1516 1160
f 1160 1516 1162
f 1516 1517 1162
f 1162 1517 1164
f 1517 1518 1164
f 1164 1518 1166
f 1518 1497 1166
f 1156 1514 1158
f 1166 1497 1168
f 1170 1168 1497
f 1498 1170 1495
f 1172 1170 1498
f 1500 1172 1498
f 1173 1172 1500
f 1502 1173 1500
f 1174 1173 1502
f 1175 1174 1502
f 1144 1507 1198
f 1495 1170 1497
f 1507 1519 1198
f 1513 1514 1156
f 1512 1513 1154
f 1135 1133 1480
f 1095 1135 1480
f 1143 1102 1481
f 1143 1481 1144
f 1481 1482 1144
f 1482 1483 1144
f 1483 1507 1144
f 1485 1508 1483
f 1483 1508 1507
f 1154 1513 1156
f 1485 1509 1508
f 1510 1511 1104
f 1104 1146 1510
f 1148 1116 1490
f 1492 1148 1490
f 1150 1148 1492
f 1494 1150 1492
f 1494 1152 1150
f 1494 1512 1152
f 1152 1512 1154
f 1511 1486 1104
f 1480 1133 1479
f 1520 1519 1508
f 1508 1509 1520
f 1527 1533 1532
f 1534 1533 1528
f 1528 1533 1527
f 1528 1529 1534
f 1531 1530 1535
f 1535 1249 1536
f 1535 1234 1249
f 1535 1530 1234
f 1250 1536 1249
f 1232 1527 1532
f 1537 1261 1262
f 1262 1532 1538
f 1262 1248 1532
f 1532 1533 1539
f 1538 1532 1539
f 1533 1534 1539
f 1535 1536 1540
f 1540 1536 1541
f 1541 1536 1250
f 1263 1541 1250
f 1262 1538 1537
f 1508 1519 1507
f 1232 1532 1247
f 1216 1234 1530
f 1522 1511 1510
f 1521 1522 1510
f 1510 1200 1521
f 1146 1200 1510
f 1198 1523 1215
f 1198 1519 1523
f 1519 1524 1523
f 1520 1525 1524
f 1519 1520 1524
f 1247 1532 1248
f 1522 1521 1526
f 1526 1521 1200
f 1232 1215 1527
f 1215 1523 1527
f 1523 1528 1527
f 1529 1528 1524
f 1524 1528 1523
f 1524 1525 1529
f 1531 1526 1216
f 1530 1531 1216
f 1526 1200 1216
f 1270 1542 1271
f 1133 1131 1479
f 1131 1129 1478
f 1445 1094 1443
f 1097 1094 1445
f 1447 1097 1445
f 1099 1097 1447
f 1449 1099 1447
f 1101 1099 1449
f 1101 1449 1102
f 1449 1450 1102
f 1450 1451 1102
f 1095 1441 1443
f 1451 1481 1102
f 1452 1482 1481
f 1453 1484 1483
f 1453 1483 1452
f 1452 1483 1482
f 1484 1485 1483
f 1486 1455 1089
f 1104 1486 1089
f 1457 1105 1092
f 1459 1105 1457
f 1451 1452 1481
f 1107 1105 1459
f 1095 1443 1094
f 1439 1441 1480
f 1464 1465 1467
f 1468 1470 1469
f 1467 1468 1469
f 1470 1472 1471
f 1469 1470 1471
f 1472 1474 1473
f 1471 1472 1473
f 1474 1430 1428
f 1474 1428 1473
f 1441 1095 1480
f 1473 1428 1475
f 1431 1476 1475
f 1431 1433 1476
f 1433 1477 1476
f 1433 1435 1477
f 1435 1478 1477
f 1435 1437 1478
f 1437 1479 1478
f 1437 1439 1479
f 1439 1480 1479
f 1428 1431 1475
f 1479 1131 1478
f 1461 1107 1459
f 1463 1109 1461
f 1118 1505 1506
f 1506 1466 1118
f 1118 1466 1121
f 1466 1464 1122
f 1466 1122 1121
f 1464 1467 1122
f 1467 1179 1122
f 1467 1469 1179
f 1469 1181 1179
f 1119 1505 1118
f 1469 1471 1181
f 1471 1473 1183
f 1473 1125 1183
f 1125 1475 1124
f 1125 1473 1475
f 1476 1124 1475
f 1127 1124 1476
f 1477 1127 1476
f 1129 1127 1477
f 1478 1129 1477
f 1471 1183 1181
f 1109 1107 1461
f 1175 1504 1119
f 1502 1503 1175
f 1463 1111 1109
f 1463 1487 1111
f 1111 1487 1113
f 1487 1488 1113
f 1113 1488 1115
f 1116 1115 1489
f 1489 1115 1488
f 1489 1491 1490
f 1116 1489 1490
f 1504 1505 1119
f 1491 1493 1492
f 1493 1494 1492
f 1497 1496 1495
f 1496 1499 1498
f 1495 1496 1498
f 1499 1501 1500
f 1498 1499 1500
f 1501 1503 1502
f 1500 1501 1502
f 1503 1504 1175
f 1490 1491 1492
f 1465 1468 1467
f 1272 1542 1270
f 1273 1543 1272
f 1340 1603 1339
f 1604 1352 1353
f 1354 1604 1353
f 1605 1604 1354
f 1355 1605 1354
f 1606 1605 1355
f 1606 1355 1607
f 1355 1356 1607
f 1607 1356 1608
f 1603 1602 1339
f 1356 1357 1608
f 1357 1609 1608
f 1333 1594 1610
f 1609 1333 1610
f 1594 1595 1611
f 1610 1594 1611
f 1595 1596 1611
f 1600 1601 1612
f 1601 1602 1613
f 1612 1601 1613
f 1333 1609 1357
f 1602 1603 1614
f 1339 1602 1338
f 1338 1601 1337
f 1591 1322 1323
f 1324 1592 1323
f 1593 1592 1324
f 1324 1326 1593
f 1594 1333 1334
f 1335 1594 1334
f 1595 1594 1335
f 1335 1596 1595
f 1335 1319 1596
f 1602 1601 1338
f 1319 1582 1597
f 1582 1583 1597
f 1591 1592 1598
f 1592 1593 1599
f 1598 1592 1599
f 1593 1326 1336
f 1593 1336 1599
f 1599 1336 1600
f 1600 1337 1601
f 1600 1336 1337
f 1596 1319 1597
f 1591 1323 1592
f 1613 1602 1614
f 1614 1603 1615
f 1351 1352 1629
f 1628 1351 1629
f 1352 1604 1630
f 1629 1352 1630
f 1604 1605 1631
f 1630 1604 1631
f 1605 1606 1632
f 1631 1605 1632
f 1606 1607 1632
f 1627 1350 1628
f 1618 1617 1633
f 1633 1617 1634
f 1619 1361 1635
f 1634 1619 1635
f 1361 1362 1636
f 1635 1361 1636
f 1362 1363 1637
f 1636 1362 1637
f 1363 1364 1638
f 1637 1363 1638
f 1617 1619 1634
f 1603 1340 1615
f 1350 1351 1628
f 1349 1350 1627
f 1340 1358 1615
f 1615 1358 1616
f 1618 1359 1617
f 1618 1616 1359
f 1616 1358 1359
f 1360 1617 1359
f 1619 1617 1360
f 1361 1619 1360
f 1620 1374 1375
f 1626 1349 1627
f 1620 1621 1622
f 1375 1376 1621
f 1621 1376 1623
f 1376 1377 1623
f 1623 1377 1624
f 1377 1378 1624
f 1348 1625 1378
f 1378 1625 1624
f 1348 1349 1626
f 1625 1348 1626
f 1620 1375 1621
f 1543 1542 1272
f 1321 1322 1591
f 1589 1321 1590
f 1555 1543 1556
f 1544 1545 1557
f 1556 1544 1557
f 1545 1546 1557
f 1551 1550 1558
f 1550 1552 1559
f 1558 1550 1559
f 1559 1283 1560
f 1559 1276 1283
f 1543 1544 1556
f 1559 1552 1276
f 1281 1561 1291
f 1562 1561 1553
f 1553 1561 1281
f 1553 1554 1563
f 1562 1553 1563
f 1554 1555 1563
f 1559 1560 1564
f 1566 1292 1565
f 1564 1292 1566
f 1283 1285 1560
f 1564 1285 1292
f 1543 1554 1542
f 1542 1554 1553
f 1544 1543 1273
f 1259 1544 1273
f 1259 1545 1544
f 1546 1545 1260
f 1260 1545 1259
f 1260 1261 1547
f 1546 1260 1547
f 1261 1537 1548
f 1547 1261 1548
f 1555 1554 1543
f 1537 1538 1548
f 1551 1549 1541
f 1551 1541 1550
f 1550 1541 1263
f 1274 1552 1263
f 1552 1550 1263
f 1274 1276 1552
f 1553 1281 1282
f 1271 1553 1282
f 1271 1542 1553
f 1540 1541 1549
f 1590 1321 1591
f 1564 1560 1285
f 1567 1300 1301
f 1580 1579 1312
f 1313 1580 1312
f 1581 1580 1313
f 1314 1581 1313
f 1582 1319 1320
f 1320 1583 1582
f 1320 1309 1583
f 1309 1573 1584
f 1583 1309 1584
f 1312 1579 1311
f 1573 1574 1585
f 1574 1575 1585
f 1578 1579 1586
f 1579 1580 1587
f 1586 1579 1587
f 1580 1581 1588
f 1587 1580 1588
f 1581 1314 1589
f 1588 1581 1589
f 1314 1321 1589
f 1584 1573 1585
f 1293 1565 1292
f 1578 1310 1311
f 1577 1310 1578
f 1291 1567 1301
f 1291 1568 1567
f 1569 1570 1568
f 1569 1568 1561
f 1561 1568 1291
f 1561 1562 1569
f 1566 1565 1571
f 1571 1565 1572
f 1572 1565 1293
f 1578 1311 1579
f 1302 1572 1293
f 1300 1567 1573
f 1567 1574 1573
f 1575 1574 1568
f 1568 1574 1567
f 1568 1570 1575
f 1571 1572 1576
f 1572 1302 1577
f 1576 1572 1577
f 1302 1310 1577
f 1300 1573 1309
f 1466 1465 1464
f 1462 1463 1461
f 1459 1460 1461
f 1311 1304 1312
f 1305 956 1313
f 1312 1305 1313
f 956 962 1313
f 1313 962 1314
f 1314 963 1315
f 1314 962 963
f 964 1315 963
f 1316 1315 964
f 1304 1305 1312
f 965 1316 964
f 961 1317 973
f 961 1306 1317
f 1306 1318 1317
f 1319 1318 1307
f 1307 1318 1306
f 1307 1308 1320
f 1319 1307 1320
f 1308 1309 1320
f 1314 1315 1321
f 1317 972 973
f 1315 1316 1322
f 1310 1303 1311
f 1302 1303 1310
f 1289 1299 1288
f 1289 1290 1301
f 1300 1289 1301
f 1290 1291 1301
f 1293 1294 1302
f 1302 1294 1303
f 1303 1294 1295
f 1295 1296 1303
f 1296 1304 1303
f 1303 1304 1311
f 1296 949 1304
f 956 1305 949
f 961 954 1306
f 954 1297 1306
f 1297 1307 1306
f 1297 1298 1307
f 1298 1308 1307
f 1309 1308 1299
f 1299 1308 1298
f 1299 1300 1309
f 949 1305 1304
f 1300 1299 1289
f 1321 1315 1322
f 1322 1316 1323
f 1326 1325 1336
f 1325 1327 1337
f 1336 1325 1337
f 1327 978 1000
f 1327 1000 1337
f 1337 1000 1338
f 1338 1000 1339
f 1000 1001 1339
f 1339 1001 1340
f 1318 1319 1335
f 1001 1002 1340
f 1340 1002 1003
f 1004 1341 1003
f 1342 1341 1004
f 1005 1342 1004
f 1343 1342 1005
f 1006 1343 1005
f 1344 1343 1006
f 1007 1344 1006
f 1345 1344 1007
f 1340 1003 1341
f 1316 965 1323
f 1334 1317 1335
f 1333 972 1334
f 965 974 1323
f 1323 974 1324
f 1326 975 1325
f 1326 1324 975
f 1324 974 975
f 976 1325 975
f 1327 1325 976
f 976 978 1327
f 994 1328 995
f 1317 1318 1335
f 996 1328 994
f 997 1329 996
f 1330 1329 997
f 998 1330 997
f 1331 1330 998
f 999 1331 998
f 1332 1331 999
f 2299 2300 2507
f 999 972 1333
f 972 1317 1334
f 1329 1328 996
f 1008 1345 1007
f 1288 1299 1298
f 1287 1298 1297
f 926 917 1265
f 917 1252 1265
f 1252 1266 1265
f 1252 1253 1266
f 1253 1267 1266
f 1253 1254 1267
f 1254 1268 1267
f 1254 1255 1268
f 1255 1269 1268
f 918 920 1264
f 1270 1271 1269
f 1256 1269 1255
f 1256 1257 1272
f 1270 1256 1272
f 1257 1258 1273
f 1272 1257 1273
f 1258 1259 1273
f 1263 1264 1274
f 1276 927 1275
f 1274 927 1276
f 1270 1269 1256
f 1274 920 927
f 1263 1251 909
f 1263 918 1264
f 1237 1238 1253
f 1238 1254 1253
f 1238 1239 1254
f 1239 1255 1254
f 1239 1240 1255
f 1240 1256 1255
f 1240 1241 1256
f 1241 1257 1256
f 1241 1242 1257
f 1263 909 918
f 1242 1258 1257
f 1243 1258 1242
f 1243 1244 1260
f 1259 1243 1260
f 1244 1245 1261
f 1260 1244 1261
f 1245 1246 1262
f 1261 1245 1262
f 1246 1248 1262
f 1250 1251 1263
f 1259 1258 1243
f 1287 1288 1298
f 1274 1264 920
f 933 1277 934
f 1278 1289 1288
f 1278 1279 1289
f 1279 1290 1289
f 1291 1290 1280
f 1280 1290 1279
f 1280 1281 1291
f 1285 1284 1292
f 1284 1286 1293
f 1292 1284 1293
f 1277 1278 1288
f 1293 946 1294
f 1293 1286 937
f 947 1294 946
f 1295 1294 947
f 948 1295 947
f 1296 1295 948
f 949 1296 948
f 1297 954 955
f 945 1297 955
f 945 1287 1297
f 1293 937 946
f 928 1275 927
f 1277 1288 1287
f 934 1287 944
f 926 1277 933
f 926 1265 1277
f 1265 1278 1277
f 1265 1266 1278
f 1266 1279 1278
f 1266 1267 1279
f 1267 1280 1279
f 1281 1280 1268
f 1268 1280 1267
f 934 1277 1287
f 1268 1269 1282
f 1269 1271 1282
f 1276 1275 1283
f 1285 1283 1275
f 1285 1275 1284
f 1284 1275 928
f 935 1286 928
f 1286 1284 928
f 935 937 1286
f 944 1287 945
f 1281 1268 1282
f 1346 1021 1022
f 1023 1346 1022
f 1347 1346 1023
f 1402 1063 1410
f 1076 1070 1405
f 1407 1076 1405
f 1407 1411 1076
f 1411 1078 1076
f 1412 1079 1078
f 1412 1078 1413
f 1413 1078 1411
f 1413 1415 1414
f 1410 1063 1073
f 1412 1413 1414
f 1080 1418 1417
f 1072 1080 1417
f 1409 1072 1417
f 1412 1081 1079
f 1414 1081 1412
f 1082 1081 1414
f 1416 1082 1414
f 1416 1084 1082
f 1084 1416 1419
f 1415 1416 1414
f 1085 1084 1419
f 1071 1410 1073
f 1071 1072 1408
f 1397 1399 1398
f 1396 1397 1398
f 1399 1400 1398
f 1063 1402 1401
f 1062 1063 1401
f 1401 1403 1062
f 1062 1403 1064
f 1403 1055 1064
f 1392 1055 1403
f 1408 1410 1071
f 1065 1061 1396
f 1067 1065 1398
f 1400 1067 1398
f 1400 1069 1067
f 1070 1069 1404
f 1404 1069 1400
f 1404 1406 1405
f 1070 1404 1405
f 1406 1407 1405
f 1072 1409 1408
f 1398 1065 1396
f 1061 1395 1396
f 1422 1421 1420
f 1420 1421 1423
f 1448 1422 1449
f 1447 1448 1449
f 1422 1420 1449
f 1449 1420 1450
f 1420 1423 1450
f 1423 1451 1450
f 1425 1452 1423
f 1423 1452 1451
f 1425 1453 1452
f 1445 1446 1447
f 1455 1454 1089
f 1426 1086 1089
f 1427 1456 1088
f 1456 1091 1088
f 1457 1092 1091
f 1457 1091 1458
f 1458 1091 1456
f 1458 1460 1459
f 1457 1458 1459
f 1460 1462 1461
f 1454 1426 1089
f 1421 1424 1423
f 1446 1448 1447
f 1444 1446 1445
f 1424 1425 1423
f 1418 1080 1426
f 1426 1080 1086
f 1088 1085 1419
f 1419 1427 1088
f 1430 1429 1428
f 1429 1432 1431
f 1428 1429 1431
f 1432 1434 1433
f 1443 1444 1445
f 1431 1432 1433
f 1433 1434 1435
f 1436 1438 1437
f 1435 1436 1437
f 1438 1440 1439
f 1437 1438 1439
f 1440 1442 1441
f 1439 1440 1441
f 1442 1444 1443
f 1441 1442 1443
f 1434 1436 1435
f 1395 1397 1396
f 1395 1060 1394
f 1061 1060 1395
f 1358 1341 1359
f 1342 1343 1360
f 1359 1342 1360
f 1343 1344 1361
f 1360 1343 1361
f 1344 1345 1362
f 1361 1344 1362
f 1345 1008 1363
f 1362 1345 1363
f 1341 1342 1359
f 1008 1029 1363
f 1364 1029 1365
f 1029 1030 1365
f 1365 1030 1366
f 1030 1031 1366
f 1366 1031 1367
f 1031 1032 1367
f 1367 1032 1368
f 1032 1033 1368
f 1368 1033 1369
f 1363 1029 1364
f 1033 1034 1369
f 1340 1341 1358
f 1356 1331 1357
f 1347 1023 1348
f 1023 1024 1348
f 1348 1024 1349
f 1024 1025 1349
f 1349 1025 1350
f 1025 1026 1350
f 1350 1026 1351
f 1026 1027 1351
f 1351 1027 1352
f 1332 1333 1357
f 1027 1028 1352
f 995 1353 1028
f 1028 1353 1352
f 1328 1329 1354
f 1353 1328 1354
f 1329 1330 1355
f 1354 1329 1355
f 1330 1331 1356
f 1355 1330 1356
f 1331 1332 1357
f 995 1328 1353
f 1369 1034 1370
f 1034 1035 1370
f 1370 1035 1371
f 1384 1385 1048
f 1048 1385 1050
f 1385 1386 1050
f 1050 1386 1052
f 1053 1052 1387
f 1387 1052 1386
f 1387 1389 1388
f 1053 1387 1388
f 1389 1390 1388
f 1046 1384 1048
f 1055 1392 1391
f 1391 1393 1054
f 1054 1393 1056
f 1042 1393 1380
f 1042 1056 1393
f 1057 1053 1388
f 1390 1057 1388
f 1390 1058 1057
f 1390 1394 1058
f 1058 1394 1060
f 1054 1055 1391
f 1383 1384 1046
f 1044 1383 1046
f 1382 1383 1044
f 1035 1036 1371
f 1017 1372 1036
f 1036 1372 1371
f 1017 1037 1372
f 1372 1037 1373
f 1373 1037 1374
f 1037 1038 1374
f 1374 1038 1375
f 1038 1039 1375
f 1021 1376 1039
f 1039 1376 1375
f 1021 1346 1377
f 1376 1021 1377
f 1346 1347 1378
f 1377 1346 1378
f 1347 1348 1378
f 1380 1379 1042
f 1042 1379 1041
f 1041 1379 1381
f 1381 1382 1041
f 1041 1382 1044
f 1236 1237 1252
f 1364 1365 1639
f 858 860 859
f 856 858 857
f 272 292 291
f 272 273 292
f 273 293 292
f 273 274 293
f 274 294 293
f 274 275 294
f 275 295 294
f 275 276 295
f 276 296 295
f 121 272 291
f 276 277 296
f 277 278 297
f 278 298 297
f 278 279 298
f 279 299 298
f 279 280 299
f 280 300 299
f 282 301 280
f 280 301 300
f 285 286 306
f 277 297 296
f 286 287 307
f 121 291 290
f 134 290 135
f 263 278 277
f 265 279 263
f 263 279 278
f 265 281 280
f 279 265 280
f 281 282 280
f 267 268 283
f 268 269 284
f 283 268 284
f 121 290 134
f 269 270 285
f 285 270 286
f 286 270 271
f 271 108 286
f 108 287 286
f 122 288 108
f 288 287 108
f 123 288 122
f 289 288 123
f 123 125 289
f 284 269 285
f 261 263 277
f 306 286 307
f 308 287 288
f 296 297 319
f 297 320 319
f 297 298 320
f 298 321 320
f 298 299 321
f 299 322 321
f 323 322 300
f 300 322 299
f 300 301 324
f 296 319 318
f 323 300 324
f 308 309 326
f 325 308 326
f 328 326 309
f 328 309 327
f 327 309 310
f 310 137 327
f 137 329 327
f 145 330 137
f 330 329 137
f 307 308 325
f 307 287 308
f 295 296 318
f 294 295 317
f 288 289 308
f 289 309 308
f 136 289 125
f 136 310 289
f 310 309 289
f 137 310 136
f 311 142 143
f 144 311 143
f 312 311 144
f 295 318 317
f 135 312 144
f 290 313 312
f 290 291 313
f 291 314 313
f 291 292 314
f 292 315 314
f 292 293 315
f 293 316 315
f 293 294 316
f 294 317 316
f 135 290 312
f 146 330 145
f 261 277 276
f 259 276 275
f 240 239 59
f 73 75 240
f 88 72 230
f 88 230 89
f 230 231 89
f 231 232 89
f 232 241 89
f 232 233 241
f 233 242 241
f 73 240 59
f 233 234 242
f 235 245 244
f 235 244 234
f 234 244 243
f 245 246 244
f 236 237 247
f 247 237 248
f 248 237 238
f 238 239 248
f 239 249 248
f 234 243 242
f 239 240 249
f 59 239 238
f 229 238 237
f 216 217 228
f 217 229 228
f 59 217 42
f 59 229 217
f 72 58 218
f 218 219 72
f 219 230 72
f 219 220 230
f 220 231 230
f 229 59 238
f 220 221 231
f 221 223 232
f 223 233 232
f 225 234 223
f 223 234 233
f 225 235 234
f 226 227 236
f 236 227 237
f 237 227 228
f 228 229 237
f 221 232 231
f 259 261 276
f 240 250 249
f 90 251 240
f 266 248 267
f 267 249 268
f 268 249 250
f 250 251 268
f 251 269 268
f 251 91 269
f 91 270 269
f 107 271 91
f 271 270 91
f 248 249 267
f 108 271 107
f 252 253 121
f 253 272 121
f 253 254 272
f 254 273 272
f 254 255 273
f 255 274 273
f 255 257 274
f 257 275 274
f 257 259 275
f 106 252 121
f 90 240 75
f 247 248 266
f 261 262 263
f 251 250 240
f 91 251 90
f 105 89 241
f 105 241 106
f 241 242 106
f 242 243 106
f 243 252 106
f 243 244 252
f 244 253 252
f 264 265 263
f 246 254 244
f 246 256 255
f 254 246 255
f 256 258 257
f 255 256 257
f 258 260 259
f 257 258 259
f 260 262 261
f 259 260 261
f 262 264 263
f 244 254 253
f 216 228 227
f 331 330 146
f 332 331 147
f 203 396 189
f 189 396 391
f 395 211 202
f 212 211 397
f 397 211 395
f 397 398 222
f 212 397 222
f 398 399 222
f 396 203 400
f 394 395 202
f 203 214 400
f 225 224 401
f 401 224 399
f 401 402 225
f 226 403 214
f 214 403 400
f 225 402 235
f 235 402 404
f 403 226 405
f 405 226 236
f 399 224 222
f 404 245 235
f 394 201 393
f 199 393 201
f 158 382 169
f 382 384 169
f 161 171 383
f 383 171 385
f 169 384 178
f 178 384 386
f 388 387 181
f 181 387 180
f 180 387 385
f 202 201 394
f 385 171 180
f 187 186 389
f 389 186 386
f 389 390 187
f 181 189 388
f 388 189 391
f 390 197 187
f 390 392 197
f 197 392 199
f 392 393 199
f 386 186 178
f 373 160 161
f 246 245 406
f 406 407 256
f 419 420 304
f 303 419 304
f 420 422 421
f 304 420 421
f 422 424 423
f 421 422 423
f 424 426 425
f 423 424 425
f 426 428 427
f 302 418 303
f 425 426 427
f 416 267 430
f 267 283 430
f 430 283 431
f 431 283 432
f 283 284 432
f 432 284 285
f 304 421 305
f 433 305 423
f 423 305 421
f 428 429 427
f 406 245 404
f 418 419 303
f 417 418 302
f 246 406 256
f 407 408 258
f 256 407 258
f 408 409 260
f 258 408 260
f 409 410 262
f 260 409 262
f 410 411 262
f 412 236 247
f 282 417 302
f 411 264 262
f 413 264 411
f 413 414 265
f 412 247 415
f 247 266 415
f 415 266 416
f 416 266 267
f 414 281 265
f 282 281 417
f 417 281 414
f 265 264 413
f 147 331 146
f 383 373 161
f 381 157 380
f 320 321 344
f 321 345 344
f 321 322 345
f 322 346 345
f 323 347 346
f 322 323 346
f 328 327 349
f 327 329 350
f 349 327 350
f 320 344 343
f 329 330 351
f 330 331 352
f 351 330 352
f 331 332 353
f 352 331 353
f 332 333 354
f 353 332 354
f 333 334 355
f 354 333 355
f 334 335 356
f 350 329 351
f 355 334 356
f 319 320 343
f 318 319 342
f 148 332 147
f 333 332 148
f 142 333 148
f 142 334 333
f 142 311 334
f 311 335 334
f 311 312 335
f 312 336 335
f 312 313 336
f 319 343 342
f 313 337 336
f 314 338 337
f 314 315 338
f 315 339 338
f 315 316 339
f 316 340 339
f 316 317 340
f 317 341 340
f 317 318 341
f 318 342 341
f 313 314 337
f 381 382 158
f 335 336 357
f 336 337 358
f 369 363 370
f 364 365 371
f 370 364 371
f 365 366 371
f 373 372 160
f 372 374 163
f 160 372 163
f 374 375 165
f 163 374 165
f 363 364 370
f 375 376 151
f 151 376 150
f 150 376 377
f 377 378 150
f 150 378 153
f 378 379 153
f 153 379 155
f 379 380 155
f 155 380 157
f 158 157 381
f 165 375 151
f 356 335 357
f 368 362 369
f 361 362 368
f 357 336 358
f 337 338 359
f 358 337 359
f 338 339 360
f 359 338 360
f 339 340 361
f 360 339 361
f 361 340 362
f 362 340 341
f 362 363 369
f 341 342 362
f 342 343 363
f 343 364 363
f 343 344 364
f 344 365 364
f 366 365 345
f 345 365 344
f 345 346 367
f 366 345 367
f 346 347 367
f 342 363 362
f 215 216 227
f 227 213 215
f 226 213 227
f 66 67 80
f 67 81 80
f 67 68 81
f 68 82 81
f 68 69 82
f 69 83 82
f 69 70 83
f 70 84 83
f 70 71 84
f 66 80 79
f 71 85 84
f 71 86 85
f 72 88 87
f 86 72 87
f 88 89 87
f 75 74 90
f 74 76 91
f 90 74 91
f 91 76 92
f 92 76 77
f 72 86 71
f 77 78 92
f 65 66 79
f 64 65 78
f 50 51 67
f 51 68 67
f 51 52 68
f 52 69 68
f 52 54 69
f 54 70 69
f 54 56 70
f 56 71 70
f 58 72 71
f 65 79 78
f 56 58 71
f 75 73 60
f 75 60 74
f 74 60 61
f 61 62 74
f 62 76 74
f 62 63 76
f 63 77 76
f 63 64 77
f 64 78 77
f 59 60 73
f 50 67 66
f 78 93 92
f 79 94 93
f 108 93 109
f 109 93 94
f 94 95 109
f 95 110 109
f 95 96 110
f 96 111 110
f 96 97 111
f 97 112 111
f 97 98 112
f 107 92 108
f 98 113 112
f 99 114 113
f 99 100 114
f 100 115 114
f 100 101 115
f 101 116 115
f 101 102 116
f 102 117 116
f 102 103 117
f 103 118 117
f 98 99 113
f 78 79 93
f 92 93 108
f 105 106 104
f 79 80 94
f 80 95 94
f 80 81 95
f 81 96 95
f 81 82 96
f 82 97 96
f 82 83 97
f 83 98 97
f 83 84 98
f 91 92 107
f 84 99 98
f 85 100 99
f 85 86 100
f 86 101 100
f 86 87 101
f 87 102 101
f 89 103 87
f 87 103 102
f 89 105 104
f 103 89 104
f 84 85 99
f 103 104 118
f 49 50 66
f 48 49 65
f 14 23 22
f 14 16 23
f 16 24 23
f 16 17 24
f 17 25 24
f 17 18 25
f 18 26 25
f 18 19 26
f 19 27 26
f 12 14 22
f 20 28 27
f 21 22 29
f 29 22 30
f 30 22 23
f 23 24 30
f 24 31 30
f 24 25 31
f 25 32 31
f 25 26 32
f 26 33 32
f 19 20 27
f 26 27 33
f 22 9 12
f 11 9 21
f 2 5 4
f 1 2 4
f 5 7 6
f 4 5 6
f 7 8 6
f 11 10 9
f 10 13 12
f 9 10 12
f 13 15 14
f 21 9 22
f 12 13 14
f 14 15 16
f 3 1 16
f 16 1 17
f 1 4 17
f 4 18 17
f 4 6 18
f 6 19 18
f 8 20 19
f 6 8 19
f 15 3 16
f 49 66 65
f 27 34 33
f 27 35 34
f 40 53 52
f 51 40 52
f 53 55 54
f 52 53 54
f 55 57 56
f 54 55 56
f 57 58 56
f 42 41 59
f 59 41 60
f 38 51 50
f 60 41 43
f 44 61 60
f 44 45 61
f 45 62 61
f 45 46 62
f 46 63 62
f 46 47 63
f 47 64 63
f 47 48 64
f 48 65 64
f 43 44 60
f 28 35 27
f 40 51 38
f 36 38 49
f 28 37 36
f 35 28 36
f 37 39 38
f 36 37 38
f 39 40 38
f 42 29 41
f 29 30 41
f 41 30 43
f 30 31 43
f 38 50 49
f 31 44 43
f 32 45 44
f 32 33 45
f 33 46 45
f 33 34 46
f 34 47 46
f 34 35 47
f 35 48 47
f 35 36 48
f 36 49 48
f 31 32 44
f 104 119 118
f 106 120 104
f 104 120 119
f 182 191 190
f 182 11 191
f 11 192 191
f 21 192 11
f 28 20 183
f 183 184 28
f 184 193 28
f 184 185 193
f 185 194 193
f 179 182 190
f 187 195 185
f 187 197 196
f 195 187 196
f 197 199 198
f 196 197 198
f 199 201 200
f 198 199 200
f 201 202 200
f 189 188 203
f 203 188 204
f 185 195 194
f 204 188 190
f 188 179 190
f 189 181 188
f 180 171 170
f 180 170 179
f 179 170 182
f 170 172 182
f 172 11 182
f 11 173 10
f 11 172 173
f 174 10 173
f 13 10 174
f 181 179 188
f 175 13 174
f 3 15 175
f 183 8 176
f 20 8 183
f 176 177 183
f 177 184 183
f 178 186 185
f 178 185 177
f 177 185 184
f 186 187 185
f 15 13 175
f 181 180 179
f 190 191 204
f 191 192 205
f 205 206 215
f 206 216 215
f 206 207 216
f 207 217 216
f 42 217 29
f 217 207 29
f 57 55 208
f 57 218 58
f 57 208 218
f 205 215 213
f 208 209 218
f 210 219 218
f 212 220 210
f 210 220 219
f 212 222 221
f 220 212 221
f 222 224 223
f 221 222 223
f 224 225 223
f 214 213 226
f 209 210 218
f 191 205 204
f 204 205 213
f 214 203 204
f 192 206 205
f 192 21 206
f 21 207 206
f 29 207 21
f 37 28 193
f 194 37 193
f 39 37 194
f 39 194 40
f 194 195 40
f 213 214 204
f 195 196 40
f 196 198 53
f 198 55 53
f 198 200 55
f 200 208 55
f 202 209 200
f 200 209 208
f 202 211 210
f 209 202 210
f 211 212 210
f 196 53 40
f 169 178 177
f 168 177 176
f 169 177 168
f 134 133 120
f 120 133 119
f 120 121 134
f 125 124 136
f 124 126 137
f 136 124 137
f 137 126 138
f 138 126 127
f 127 128 138
f 134 135 133
f 128 139 138
f 129 140 139
f 129 130 140
f 130 141 140
f 142 141 131
f 131 141 130
f 131 132 143
f 142 131 143
f 132 133 144
f 143 132 144
f 128 129 139
f 133 135 144
f 119 133 132
f 118 132 131
f 106 121 120
f 108 109 122
f 109 110 123
f 122 109 123
f 125 123 110
f 125 110 124
f 124 110 111
f 111 112 124
f 112 126 124
f 118 119 132
f 112 113 126
f 113 114 127
f 114 128 127
f 114 115 128
f 115 129 128
f 115 116 129
f 116 130 129
f 116 117 130
f 117 131 130
f 117 118 131
f 113 127 126
f 137 138 145
f 138 139 146
f 145 138 146
f 154 5 2
f 154 156 5
f 156 7 5
f 158 168 156
f 156 168 7
f 158 169 168
f 171 161 170
f 161 159 170
f 170 159 172
f 152 154 2
f 159 162 172
f 162 164 173
f 164 174 173
f 164 166 174
f 166 175 174
f 166 167 175
f 167 3 175
f 3 167 2
f 7 176 8
f 7 168 176
f 162 173 172
f 152 2 167
f 149 152 167
f 166 149 167
f 139 140 147
f 146 139 147
f 140 141 148
f 147 140 148
f 141 142 148
f 151 150 149
f 150 153 152
f 149 150 152
f 153 155 154
f 152 153 154
f 155 157 156
f 154 155 156
f 157 158 156
f 161 160 159
f 160 163 162
f 159 160 162
f 163 165 164
f 162 163 164
f 165 151 166
f 164 165 166
f 151 149 166
f 423 425 434
f 855 856 857
f 433 423 434
f 434 425 435
f 711 684 712
f 685 686 713
f 712 685 713
f 686 687 714
f 713 686 714
f 687 688 715
f 714 687 715
f 688 689 716
f 715 688 716
f 684 685 712
f 689 690 717
f 690 691 718
f 717 690 718
f 691 692 718
f 695 696 719
f 696 697 720
f 719 696 720
f 697 698 721
f 720 697 721
f 698 699 722
f 716 689 717
f 721 698 722
f 684 710 683
f 683 710 709
f 464 701 463
f 702 472 473
f 453 702 473
f 453 677 702
f 677 703 702
f 677 678 703
f 678 704 703
f 678 679 704
f 679 705 704
f 711 710 684
f 474 679 455
f 706 705 679
f 456 706 474
f 456 680 706
f 680 707 706
f 680 681 707
f 681 708 707
f 681 682 708
f 682 709 708
f 682 683 709
f 474 706 679
f 701 700 463
f 699 700 723
f 700 701 724
f 702 735 472
f 702 703 737
f 736 702 737
f 703 704 738
f 737 703 738
f 704 705 739
f 738 704 739
f 705 706 740
f 739 705 740
f 736 735 702
f 706 707 741
f 707 708 742
f 741 707 742
f 708 709 743
f 742 708 743
f 709 710 744
f 743 709 744
f 710 711 744
f 728 729 745
f 729 730 746
f 740 706 741
f 722 699 723
f 472 735 734
f 471 734 733
f 723 700 724
f 701 464 725
f 724 701 725
f 464 465 726
f 725 464 726
f 465 466 727
f 726 465 727
f 466 467 728
f 727 466 728
f 471 472 734
f 728 467 729
f 468 469 729
f 469 730 729
f 469 470 730
f 470 731 730
f 475 732 470
f 732 731 470
f 476 732 475
f 733 732 476
f 471 733 476
f 729 467 468
f 745 729 746
f 463 700 462
f 462 699 461
f 443 444 665
f 444 666 665
f 444 648 666
f 648 667 666
f 648 649 667
f 649 668 667
f 649 650 668
f 650 669 668
f 650 651 669
f 443 665 664
f 651 670 669
f 652 671 670
f 672 673 671
f 672 671 653
f 653 671 652
f 653 654 672
f 657 658 674
f 674 658 675
f 675 658 659
f 659 447 675
f 651 652 670
f 447 676 675
f 442 443 664
f 647 442 663
f 637 653 652
f 638 654 653
f 637 638 653
f 643 642 655
f 642 644 656
f 655 642 656
f 644 440 657
f 656 644 657
f 657 445 658
f 442 664 663
f 657 440 445
f 659 658 446
f 447 659 446
f 441 660 451
f 441 645 660
f 645 661 660
f 645 646 661
f 646 662 661
f 646 647 662
f 647 663 662
f 446 658 445
f 700 699 462
f 447 452 676
f 448 449 677
f 669 690 689
f 669 670 690
f 670 691 690
f 692 691 671
f 671 691 670
f 671 673 692
f 674 675 693
f 675 676 694
f 693 675 694
f 668 669 689
f 676 452 457
f 694 457 695
f 695 458 696
f 695 457 458
f 459 696 458
f 697 696 459
f 460 697 459
f 698 697 460
f 461 698 460
f 699 698 461
f 676 457 694
f 453 448 677
f 668 689 688
f 667 688 687
f 449 678 677
f 449 450 678
f 450 679 678
f 450 455 679
f 456 451 680
f 451 660 680
f 660 681 680
f 660 661 681
f 661 682 681
f 667 668 688
f 661 662 682
f 662 663 683
f 663 684 683
f 663 664 684
f 664 685 684
f 664 665 685
f 665 686 685
f 665 666 686
f 666 687 686
f 666 667 687
f 662 683 682
f 636 637 652
f 730 731 747
f 731 732 748
f 805 807 811
f 807 813 812
f 811 807 812
f 813 814 812
f 809 808 815
f 815 808 816
f 816 808 810
f 810 542 816
f 533 542 810
f 805 811 539
f 811 545 540
f 547 545 812
f 547 817 548
f 812 817 547
f 812 814 817
f 814 819 818
f 817 814 818
f 819 821 820
f 818 819 820
f 821 823 822
f 812 545 811
f 820 821 822
f 539 811 540
f 805 537 804
f 795 794 802
f 802 794 803
f 803 794 796
f 796 519 803
f 519 528 803
f 526 797 531
f 797 798 531
f 798 535 531
f 798 799 535
f 539 537 805
f 799 804 535
f 801 805 799
f 799 805 804
f 806 807 805
f 809 802 803
f 808 809 803
f 803 528 808
f 528 810 808
f 528 533 810
f 537 535 804
f 801 806 805
f 800 801 799
f 823 825 824
f 825 827 826
f 834 836 835
f 833 834 835
f 836 837 835
f 840 839 838
f 839 842 841
f 838 839 841
f 842 844 843
f 841 842 843
f 844 846 845
f 831 832 833
f 843 844 845
f 845 846 847
f 848 850 849
f 847 848 849
f 850 852 851
f 849 850 851
f 852 854 853
f 851 852 853
f 854 856 855
f 853 854 855
f 846 848 847
f 822 823 824
f 832 834 833
f 828 832 831
f 824 825 826
f 827 828 826
f 815 816 829
f 829 549 830
f 829 542 549
f 829 816 542
f 549 551 830
f 817 554 548
f 818 554 817
f 565 828 831
f 556 554 818
f 558 556 820
f 822 558 820
f 560 558 822
f 824 560 822
f 562 560 824
f 826 562 824
f 564 562 826
f 826 565 564
f 826 828 565
f 820 556 818
f 746 730 747
f 798 793 799
f 791 798 797
f 761 762 763
f 764 766 765
f 763 764 765
f 766 767 765
f 770 769 768
f 769 754 479
f 768 769 479
f 752 478 479
f 754 752 479
f 762 764 763
f 481 478 752
f 763 488 761
f 490 488 763
f 765 490 763
f 492 490 765
f 767 492 765
f 767 494 492
f 771 495 494
f 771 494 772
f 772 494 767
f 488 487 761
f 772 774 773
f 487 760 761
f 486 759 487
f 747 731 748
f 732 733 749
f 748 732 749
f 733 734 750
f 749 733 750
f 734 735 751
f 750 734 751
f 735 736 751
f 754 753 752
f 760 762 761
f 753 755 481
f 755 756 483
f 481 755 483
f 756 757 484
f 483 756 484
f 757 758 485
f 484 757 485
f 758 759 486
f 485 758 486
f 759 760 487
f 752 753 481
f 793 800 799
f 771 772 773
f 778 777 776
f 782 514 780
f 516 514 782
f 782 517 516
f 782 788 517
f 782 784 788
f 788 790 789
f 517 788 789
f 790 792 791
f 789 790 791
f 514 504 780
f 792 793 791
f 786 785 794
f 794 785 796
f 785 787 796
f 787 519 796
f 507 519 787
f 517 789 526
f 789 791 526
f 791 797 526
f 793 798 791
f 795 786 794
f 774 775 773
f 779 498 506
f 507 787 779
f 777 770 779
f 776 777 779
f 768 497 498
f 770 768 498
f 770 498 779
f 479 497 768
f 771 501 495
f 773 501 771
f 503 501 773
f 787 776 779
f 773 504 503
f 775 781 780
f 504 775 780
f 781 783 782
f 780 781 782
f 783 784 782
f 786 778 785
f 778 776 785
f 785 776 787
f 507 779 506
f 773 775 504
f 636 652 651
f 635 636 651
f 635 651 650
f 516 517 515
f 519 507 505
f 518 519 505
f 505 508 518
f 508 520 518
f 508 509 520
f 509 521 520
f 509 510 521
f 510 385 521
f 513 514 515
f 383 385 510
f 511 512 386
f 512 522 386
f 512 513 522
f 513 523 522
f 513 515 523
f 515 524 523
f 517 525 515
f 515 525 524
f 517 526 525
f 386 384 511
f 528 519 518
f 514 516 515
f 504 514 513
f 493 382 381
f 493 501 382
f 493 495 501
f 501 503 502
f 382 501 502
f 503 504 502
f 507 506 505
f 506 498 496
f 506 496 505
f 512 504 513
f 505 496 508
f 499 509 508
f 499 500 509
f 500 510 509
f 383 510 373
f 510 500 373
f 382 511 384
f 382 502 511
f 504 512 502
f 502 512 511
f 496 499 508
f 381 380 493
f 527 528 518
f 520 388 527
f 534 535 536
f 537 539 538
f 536 537 538
f 539 540 538
f 542 533 532
f 541 542 532
f 532 391 541
f 391 543 541
f 391 396 543
f 535 537 536
f 397 395 534
f 398 397 536
f 398 536 399
f 536 538 399
f 540 545 544
f 540 544 538
f 538 544 399
f 545 547 546
f 544 545 546
f 547 548 546
f 536 397 534
f 518 520 527
f 395 531 534
f 530 531 395
f 388 521 387
f 388 520 521
f 385 387 521
f 389 386 522
f 389 522 390
f 522 523 390
f 523 524 390
f 524 392 390
f 524 525 392
f 531 535 534
f 525 529 392
f 525 530 529
f 533 528 527
f 532 533 527
f 527 388 532
f 388 391 532
f 393 392 529
f 530 393 529
f 394 393 530
f 530 395 394
f 526 530 525
f 542 541 549
f 493 380 491
f 491 379 489
f 351 352 460
f 459 351 460
f 352 353 461
f 460 352 461
f 353 354 462
f 461 353 462
f 354 355 463
f 462 354 463
f 355 356 464
f 458 350 459
f 463 355 464
f 464 356 465
f 357 358 466
f 465 357 466
f 358 359 467
f 466 358 467
f 359 360 468
f 467 359 468
f 360 361 469
f 468 360 469
f 356 357 465
f 361 368 469
f 350 351 459
f 349 350 458
f 432 285 439
f 285 306 439
f 439 306 440
f 440 306 307
f 440 307 445
f 307 325 445
f 445 325 446
f 446 325 447
f 325 326 447
f 457 349 458
f 328 447 326
f 349 452 328
f 328 452 447
f 367 347 453
f 453 347 448
f 455 450 348
f 454 455 348
f 451 456 454
f 348 451 454
f 452 349 457
f 448 347 323
f 380 379 491
f 469 368 470
f 370 371 471
f 487 488 378
f 377 487 378
f 488 490 489
f 378 488 489
f 490 492 491
f 489 490 491
f 492 494 493
f 491 492 493
f 494 495 493
f 376 486 377
f 498 497 496
f 496 497 499
f 479 477 499
f 499 477 500
f 477 480 500
f 480 373 500
f 373 482 372
f 373 480 482
f 374 372 482
f 379 378 489
f 497 479 499
f 470 368 369
f 486 487 377
f 485 486 376
f 366 472 371
f 371 472 471
f 366 367 473
f 472 366 473
f 367 453 473
f 455 454 474
f 454 456 474
f 470 369 475
f 369 370 476
f 375 485 376
f 475 369 476
f 479 478 477
f 478 481 480
f 477 478 480
f 481 483 482
f 480 481 482
f 483 484 374
f 482 483 374
f 484 485 375
f 374 484 375
f 370 471 476
f 551 549 541
f 551 541 550
f 550 541 543
f 619 617 412
f 416 619 415
f 428 426 604
f 428 604 429
f 604 605 429
f 605 606 429
f 606 436 429
f 606 607 436
f 607 437 436
f 415 619 412
f 607 608 437
f 608 609 620
f 609 621 620
f 609 611 621
f 611 622 621
f 611 613 622
f 613 623 622
f 615 624 613
f 613 624 623
f 615 626 625
f 608 620 437
f 624 615 625
f 617 602 412
f 618 616 602
f 588 590 424
f 590 426 424
f 590 592 426
f 592 604 426
f 592 594 604
f 594 605 604
f 594 596 605
f 596 606 605
f 596 598 606
f 618 602 617
f 598 607 606
f 598 608 607
f 600 610 609
f 608 600 609
f 610 612 611
f 609 610 611
f 612 614 613
f 611 612 613
f 614 615 613
f 603 602 616
f 600 608 598
f 588 424 422
f 626 627 625
f 617 619 629
f 631 632 641
f 640 631 641
f 643 641 632
f 643 632 642
f 642 632 432
f 439 644 432
f 644 642 432
f 440 644 439
f 433 645 441
f 639 630 640
f 433 434 645
f 434 435 646
f 435 647 646
f 442 647 435
f 438 648 444
f 438 633 648
f 633 649 648
f 633 634 649
f 634 650 649
f 634 635 650
f 434 646 645
f 618 617 628
f 630 631 640
f 625 627 637
f 628 617 629
f 629 619 630
f 630 619 416
f 430 631 416
f 631 630 416
f 431 631 430
f 632 631 431
f 432 632 431
f 437 620 438
f 629 630 639
f 620 621 438
f 621 622 633
f 622 634 633
f 622 623 634
f 623 635 634
f 623 624 635
f 624 636 635
f 624 625 636
f 625 637 636
f 627 638 637
f 621 633 438
f 586 588 422
f 586 422 420
f 584 586 420
f 400 403 568
f 404 402 552
f 552 553 404
f 553 406 404
f 553 555 406
f 555 407 406
f 555 557 407
f 557 408 407
f 557 559 408
f 400 568 566
f 559 409 408
f 561 569 409
f 561 563 569
f 563 570 569
f 565 571 563
f 563 571 570
f 565 572 571
f 567 566 573
f 575 573 566
f 575 566 574
f 559 561 409
f 574 566 568
f 550 400 566
f 567 551 550
f 400 543 396
f 400 550 543
f 401 399 544
f 401 552 402
f 401 544 552
f 544 546 552
f 548 554 553
f 548 553 546
f 546 553 552
f 566 567 550
f 554 556 555
f 556 558 557
f 555 556 557
f 558 560 559
f 557 558 559
f 560 562 561
f 559 560 561
f 562 564 563
f 561 562 563
f 564 565 563
f 553 554 555
f 405 568 403
f 405 574 568
f 410 409 569
f 594 595 596
f 597 599 598
f 596 597 598
f 599 600 598
f 575 574 601
f 603 601 574
f 603 574 602
f 602 574 405
f 412 602 405
f 595 597 596
f 413 411 576
f 576 577 414
f 577 578 414
f 578 417 414
f 578 580 417
f 580 418 417
f 580 582 418
f 582 419 418
f 582 584 419
f 584 420 419
f 413 576 414
f 592 593 594
f 593 595 594
f 590 591 592
f 410 569 411
f 569 570 411
f 570 571 411
f 571 576 411
f 572 577 571
f 571 577 576
f 572 579 578
f 577 572 578
f 579 581 580
f 578 579 580
f 581 583 582
f 580 581 582
f 583 585 584
f 582 583 584
f 585 587 586
f 584 585 586
f 587 589 588
f 586 587 588
f 589 591 590
f 588 589 590
f 591 593 592
f 425 427 435
f 1638 1364 1639
f 999 1333 1332
f 1639 1365 1640
f 1845 2076 1850
f 2077 2078 1851
f 1850 2077 1851
f 2078 2079 1851
f 1847 1846 2080
f 2080 2081 1847
f 1847 2081 1848
f 2076 2077 1850
f 2081 2082 1848
f 2082 2075 1849
f 1849 2075 1844
f 2079 2083 1851
f 1365 1366 1640
f 2083 2084 1852
f 1852 2084 1853
f 2084 2085 1853
f 1848 2082 1849
f 1853 2085 1855
f 2076 1843 2074
f 1843 1844 2074
f 1834 1835 2067
f 2067 1835 2068
f 1835 1836 2068
f 2068 1836 2069
f 1836 1837 2069
f 2069 1837 2070
f 1837 1838 2070
f 1845 1843 2076
f 2070 1838 2071
f 2071 1839 2072
f 1839 1840 2072
f 2072 1840 2073
f 1840 1841 2073
f 2073 1841 1824
f 2055 2073 1824
f 1844 2075 2074
f 1838 1839 2071
f 2066 1834 2067
f 1856 1855 2086
f 2086 2087 1856
f 2088 2099 2090
f 2093 1867 1863
f 2095 1867 2093
f 2095 2100 1867
f 2100 1868 1867
f 2100 2101 1868
f 1868 2101 1870
f 1857 2097 2099
f 1871 1870 2102
f 2102 2103 1871
f 2106 2105 2104
f 2105 2108 2107
f 2104 2105 2107
f 2108 2110 2109
f 2107 2108 2109
f 2110 2112 2111
f 2102 1870 2101
f 2086 1855 2085
f 1857 2099 2088
f 2096 2097 1865
f 1858 1857 2088
f 2088 2090 2089
f 2088 2089 1858
f 1858 2089 1846
f 1846 2089 2080
f 2087 1859 1856
f 2087 2091 1859
f 1865 2097 1857
f 1859 2091 1860
f 1860 2092 1862
f 2093 1863 1862
f 2093 1862 2094
f 2094 1862 2092
f 2094 2095 2093
f 1865 1866 2096
f 2096 2098 2097
f 2091 2092 1860
f 2109 2110 2111
f 1833 1834 2066
f 1832 1833 2065
f 2037 1805 2038
f 1805 1806 2038
f 2038 1806 2039
f 1806 1807 2039
f 2039 1807 2040
f 1807 1808 2040
f 2040 1809 2041
f 2036 1805 2037
f 2040 1808 1809
f 1811 1812 2042
f 2042 1812 2043
f 1812 1813 2043
f 2043 1813 2044
f 1813 1814 2044
f 2044 1814 2045
f 1814 1815 2045
f 1810 2041 1809
f 2045 1815 2046
f 1798 1805 2036
f 2029 1798 2036
f 2027 1796 2028
f 2028 1797 2029
f 2028 1796 1797
f 1798 2029 1797
f 1799 2030 1800
f 2030 1799 2031
f 1799 1801 2031
f 2035 2029 2036
f 2031 1801 2032
f 2032 1802 2033
f 1802 1803 2033
f 2033 1803 2034
f 1803 1804 2034
f 2034 1804 1794
f 2021 2034 1794
f 2028 2029 2035
f 1801 1802 2032
f 2065 1833 2066
f 1815 1816 2046
f 1816 1817 2047
f 2056 1825 2057
f 2057 1825 2058
f 1825 1826 2058
f 2058 1826 2059
f 1826 1827 2059
f 2059 1827 2060
f 1827 1828 2060
f 2054 1825 2056
f 2060 1828 2061
f 2061 1829 2062
f 1829 1830 2062
f 2062 1830 2063
f 1830 1831 2063
f 2063 1831 2064
f 1831 1832 2064
f 2064 1832 2065
f 1828 1829 2061
f 2046 1816 2047
f 2054 1823 1825
f 2055 1824 1811
f 2047 1817 2048
f 1817 1818 2048
f 2048 1818 2049
f 1818 1819 2049
f 2049 1819 2050
f 1819 1820 2050
f 2050 1820 2051
f 2053 2054 2056
f 1820 1821 2051
f 1821 1822 2052
f 2052 1822 1800
f 2030 2052 1800
f 2040 2041 2053
f 2053 2041 2054
f 2054 2041 1810
f 1810 1823 2054
f 2051 1821 2052
f 1792 1796 2027
f 2112 2114 2113
f 2114 2116 2115
f 2160 2161 1930
f 1930 2161 1932
f 1933 1932 2162
f 2162 1932 2161
f 2162 2164 2163
f 1933 2162 2163
f 2164 2166 2165
f 1929 2160 1930
f 2163 2164 2165
f 2165 2166 1952
f 2167 2168 1953
f 1952 2167 1953
f 2168 2169 1954
f 1953 2168 1954
f 2169 2170 1955
f 1954 2169 1955
f 2166 2167 1952
f 2170 2171 1936
f 2155 2160 1929
f 2155 1928 2154
f 2151 2152 1915
f 2138 1900 2153
f 2153 1900 1916
f 1905 2143 1919
f 2145 2154 2143
f 2143 2154 1919
f 2145 2155 2154
f 2155 1929 1928
f 1921 1922 2147
f 1915 2152 1925
f 1925 2152 2157
f 1927 2159 2158
f 1926 1927 2158
f 2158 1916 1926
f 2153 1916 2158
f 1928 1919 2154
f 2147 1922 2156
f 2135 2137 2151
f 1955 2170 1936
f 1935 2171 2172
f 2156 1922 1946
f 2157 2184 1925
f 2184 1948 1925
f 2159 1927 2185
f 2185 1927 1949
f 1950 1933 2163
f 2165 1950 2163
f 1946 2183 2156
f 1951 1950 2165
f 1957 1956 2179
f 2181 1957 2179
f 1958 1957 2181
f 1947 1958 2181
f 2184 2186 1948
f 2186 1959 1948
f 2188 2187 1960
f 1952 1951 2165
f 1936 2171 1935
f 1947 2183 1946
f 2182 2183 1947
f 2172 2173 1935
f 1935 2173 1938
f 2173 2174 1938
f 1938 2174 1940
f 2174 2175 1940
f 1940 2175 1942
f 2175 2176 1942
f 2181 2182 1947
f 1942 2176 1944
f 2177 1944 2176
f 2177 2178 1956
f 1945 2177 1956
f 2178 2180 2179
f 1956 2178 2179
f 2180 2182 2181
f 2179 2180 2181
f 1945 1944 2177
f 2111 2112 2113
f 2135 2151 1915
f 2135 1914 1898
f 2131 2132 1879
f 2130 2131 1879
f 1879 2132 1878
f 1878 2132 2133
f 2133 2134 1878
f 1878 2134 1881
f 2134 2106 1881
f 2127 2128 2130
f 1881 2106 1883
f 1885 1883 2106
f 2107 1885 2104
f 1887 1885 2107
f 2109 1887 2107
f 1889 1887 2109
f 2111 1889 2109
f 1891 1889 2111
f 2104 1885 2106
f 2113 1891 2111
f 2128 2131 2130
f 2125 2126 1876
f 2113 2114 2115
f 2116 2118 2117
f 2115 2116 2117
f 2118 2119 2117
f 1873 1872 2120
f 2120 2122 2121
f 2120 2121 1873
f 2129 2128 2127
f 1873 2121 1874
f 1866 1874 2123
f 1874 2121 2123
f 2096 2123 2098
f 2103 2124 1871
f 2124 1875 1871
f 1876 1875 2125
f 2125 1875 2124
f 1866 2123 2096
f 2135 1915 1914
f 1892 1891 2113
f 1893 1892 2115
f 1905 2142 2143
f 2144 2145 2143
f 2147 2146 1921
f 2146 2148 1923
f 1921 2146 1923
f 2148 2149 1908
f 1923 2148 1908
f 2142 2144 2143
f 1908 2149 1907
f 2150 2129 1907
f 1907 2129 1910
f 2127 1911 2129
f 1911 1910 2129
f 2130 1911 2127
f 1912 1911 2130
f 1879 1912 2130
f 1907 2149 2150
f 2115 1892 2113
f 2142 1904 2141
f 1902 2141 1904
f 2117 1893 2115
f 1895 1893 2117
f 2119 1895 2117
f 2119 1897 1895
f 2135 1898 1897
f 2135 1897 2136
f 2136 1897 2119
f 1905 1904 2142
f 2136 2137 2135
f 2138 2139 1899
f 1899 2139 1872
f 1872 2140 2120
f 1872 2139 2140
f 2120 2140 2122
f 2126 1902 1876
f 2126 2141 1902
f 1899 1900 2138
f 2026 2019 2027
f 2019 1792 2027
f 2025 2018 2026
f 1688 1705 1909
f 1706 1702 1913
f 1915 1924 1913
f 1913 1924 1706
f 1915 1925 1924
f 1708 1927 1926
f 1707 1708 1926
f 1909 1705 1720
f 1926 1703 1707
f 1709 1704 1917
f 1918 1709 1917
f 1710 1709 1918
f 1919 1710 1918
f 1919 1711 1710
f 1919 1928 1711
f 1711 1928 1712
f 1916 1703 1926
f 1928 1929 1712
f 1906 1909 1720
f 1908 1906 1719
f 1896 1914 1913
f 1896 1898 1914
f 1914 1915 1913
f 1900 1684 1916
f 1916 1684 1703
f 1704 1686 1901
f 1901 1903 1704
f 1719 1906 1720
f 1903 1917 1704
f 1903 1918 1917
f 1905 1919 1918
f 1922 1921 1920
f 1921 1923 1718
f 1920 1921 1718
f 1923 1908 1719
f 1718 1923 1719
f 1905 1918 1903
f 1896 1913 1701
f 1712 1929 1713
f 1930 1713 1929
f 1721 1924 1925
f 1721 1925 1722
f 1722 1925 1948
f 1927 1708 1949
f 1949 1708 1723
f 1724 1714 1931
f 1933 1724 1931
f 1721 1706 1924
f 1933 1725 1724
f 1725 1950 1726
f 1950 1951 1726
f 1726 1951 1727
f 1951 1952 1727
f 1727 1952 1728
f 1952 1953 1728
f 1728 1953 1729
f 1933 1950 1725
f 1714 1713 1930
f 1718 1717 1920
f 1920 1717 1946
f 1930 1932 1931
f 1714 1930 1931
f 1932 1933 1931
f 1936 1935 1934
f 1935 1938 1937
f 1934 1935 1937
f 1938 1940 1939
f 1717 1715 1946
f 1937 1938 1939
f 1939 1940 1941
f 1942 1944 1943
f 1941 1942 1943
f 1944 1945 1943
f 1716 1947 1946
f 1715 1716 1946
f 1920 1946 1922
f 1940 1942 1941
f 1953 1954 1729
f 1701 1913 1702
f 1896 1700 1894
f 1881 1883 1882
f 1880 1881 1882
f 1883 1885 1884
f 1882 1883 1884
f 1885 1887 1886
f 1884 1885 1886
f 1887 1889 1888
f 1877 1878 1880
f 1886 1887 1888
f 1888 1889 1890
f 1891 1892 1698
f 1890 1891 1698
f 1892 1893 1699
f 1698 1892 1699
f 1893 1895 1894
f 1699 1893 1894
f 1889 1891 1890
f 1895 1897 1896
f 1878 1881 1880
f 1682 1681 1876
f 1868 1870 1869
f 1675 1868 1869
f 1870 1871 1869
f 1676 1677 1872
f 1872 1873 1676
f 1676 1873 1678
f 1671 1874 1864
f 1879 1878 1877
f 1671 1678 1874
f 1864 1874 1866
f 1679 1675 1869
f 1871 1679 1869
f 1871 1680 1679
f 1871 1875 1680
f 1680 1875 1681
f 1681 1875 1876
f 1678 1873 1874
f 1701 1700 1896
f 1894 1895 1896
f 1684 1900 1899
f 1877 1691 1879
f 1691 1690 1879
f 1880 1691 1877
f 1692 1691 1880
f 1882 1692 1880
f 1693 1692 1882
f 1884 1693 1882
f 1689 1879 1690
f 1694 1693 1884
f 1695 1694 1886
f 1888 1695 1886
f 1696 1695 1888
f 1890 1696 1888
f 1697 1696 1890
f 1698 1697 1890
f 1700 1699 1894
f 1886 1694 1884
f 1897 1898 1896
f 1912 1879 1689
f 1911 1912 1687
f 1683 1684 1899
f 1677 1683 1872
f 1683 1899 1872
f 1876 1685 1682
f 1901 1686 1685
f 1901 1685 1902
f 1902 1685 1876
f 1687 1912 1689
f 1902 1904 1903
f 1904 1905 1903
f 1908 1907 1906
f 1907 1910 1909
f 1906 1907 1909
f 1688 1909 1910
f 1688 1910 1687
f 1687 1910 1911
f 1901 1902 1903
f 1729 1954 1730
f 1954 1955 1730
f 1730 1955 1731
f 1997 1770 1774
f 1997 1992 1770
f 1775 1998 1774
f 2000 1776 2001
f 1776 1777 2001
f 1772 1993 2002
f 1772 2002 1777
f 1997 1774 1999
f 1777 2002 2001
f 1999 1998 2003
f 2003 1998 2004
f 2004 1998 1775
f 1775 1778 2004
f 2000 2005 1776
f 2005 1779 1776
f 2003 2004 2006
f 1993 1995 2002
f 2008 1780 2007
f 1999 1774 1998
f 1985 1987 1996
f 1760 1989 1768
f 1768 1989 1988
f 1760 1980 1989
f 1984 1983 1990
f 1983 1764 1991
f 1990 1983 1991
f 1991 1769 1992
f 1991 1992 1997
f 1991 1764 1769
f 1771 1993 1772
f 1993 1994 1995
f 1993 1771 1994
f 1771 1773 1994
f 1766 1985 1996
f 1766 1996 1773
f 1773 1996 1994
f 1769 1770 1992
f 1767 1768 1988
f 2006 1780 2008
f 2006 2004 1778
f 2018 2017 1790
f 1791 2018 1790
f 2019 2018 1791
f 1792 2019 1791
f 1794 2020 2021
f 1793 2020 1794
f 2020 1793 2022
f 1790 2017 1789
f 1793 1795 2022
f 2009 2022 1783
f 2015 2016 2023
f 2016 2017 2024
f 2023 2016 2024
f 2017 2018 2025
f 2024 2017 2025
f 2018 2019 2026
f 2022 1795 1783
f 2006 1778 1780
f 2017 2016 1789
f 2015 1787 1788
f 1781 2007 1780
f 1782 2009 1783
f 2009 1782 2010
f 1782 1784 2010
f 2010 1784 2011
f 1784 1785 2011
f 2011 1785 1779
f 1789 2016 1788
f 2005 2011 1779
f 2007 1781 2013
f 2012 2007 2013
f 1781 1786 2013
f 2013 1786 2014
f 2014 1786 2015
f 1786 1787 2015
f 2015 1788 2016
f 2008 2007 2012
f 1986 1767 1988
f 1765 1767 1986
f 1985 1765 1986
f 1958 1947 1741
f 1741 1947 1742
f 1947 1716 1742
f 1948 1959 1722
f 1959 1743 1722
f 1949 1723 1960
f 1960 1723 1744
f 1740 1958 1741
f 1959 1961 1743
f 1963 1960 1962
f 1960 1746 1962
f 1960 1744 1746
f 1747 1964 1748
f 1964 1747 1745
f 1961 1964 1745
f 1966 1963 1962
f 1961 1745 1743
f 1965 1966 1962
f 1957 1958 1740
f 1956 1957 1739
f 1955 1936 1731
f 1731 1936 1732
f 1934 1733 1936
f 1733 1732 1936
f 1937 1733 1934
f 1734 1733 1937
f 1939 1734 1937
f 1739 1957 1740
f 1735 1734 1939
f 1736 1735 1941
f 1943 1736 1941
f 1737 1736 1943
f 1945 1737 1943
f 1945 1738 1737
f 1945 1956 1738
f 1738 1956 1739
f 1941 1735 1939
f 1962 1749 1965
f 1746 1749 1962
f 1964 1967 1748
f 1976 1971 1754
f 1758 1759 1977
f 1760 1979 1980
f 1760 1761 1979
f 1979 1761 1981
f 1761 1762 1981
f 1981 1762 1756
f 1976 1754 1758
f 1974 1981 1756
f 1984 1763 1983
f 1982 1763 1984
f 1982 1759 1763
f 1982 1977 1759
f 1764 1983 1763
f 1765 1985 1766
f 1985 1986 1987
f 1978 1977 1982
f 1976 1758 1978
f 1978 1758 1977
f 1972 1971 1976
f 1967 1750 1748
f 1966 1965 1968
f 1968 1749 1751
f 1968 1965 1749
f 1753 1969 1970
f 1752 1969 1753
f 1969 1752 1750
f 1967 1969 1750
f 1972 1968 1751
f 1971 1972 1751
f 1751 1754 1971
f 1756 1973 1974
f 1755 1973 1756
f 1973 1755 1975
f 1755 1757 1975
f 1975 1757 1753
f 1970 1975 1753
f 2187 2185 1960
f 2185 1949 1960
f 2186 2189 1959
f 2189 1961 1959
f 2401 2184 2157
f 2402 2380 2159
f 2402 2159 2403
f 2403 2159 2185
f 2380 2402 2382
f 2401 2404 2184
f 2404 2186 2184
f 2379 2401 2157
f 2188 2406 2405
f 2405 2185 2187
f 2403 2185 2405
f 2407 2189 2404
f 2404 2189 2186
f 2406 2188 2408
f 2408 2188 2190
f 2407 2192 2191
f 2187 2188 2405
f 2407 2409 2192
f 2183 2378 2156
f 2182 2400 2183
f 2172 2392 2173
f 2392 2393 2173
f 2173 2393 2174
f 2393 2394 2174
f 2174 2394 2175
f 2394 2395 2175
f 2175 2395 2176
f 2400 2378 2183
f 2395 2396 2176
f 2396 2397 2177
f 2177 2397 2178
f 2397 2398 2178
f 2178 2398 2180
f 2398 2399 2180
f 2180 2399 2182
f 2399 2400 2182
f 2176 2396 2177
f 2391 2392 2172
f 2407 2191 2189
f 2410 2190 2193
f 2207 2420 2206
f 2415 2207 2201
f 2418 2417 2421
f 2423 2208 2422
f 2421 2208 2423
f 2421 2205 2208
f 2421 2417 2205
f 2415 2420 2207
f 2208 2210 2422
f 2211 2425 2424
f 2425 2211 2426
f 2211 2213 2426
f 2419 2426 2214
f 2214 2426 2213
f 2419 2214 2206
f 2423 2422 2427
f 2212 2211 2424
f 2408 2190 2410
f 2206 2420 2419
f 2199 2418 2414
f 2411 2194 2409
f 2409 2194 2192
f 2410 2193 2412
f 2412 2193 2195
f 2411 2197 2196
f 2411 2413 2197
f 2411 2196 2194
f 2203 2205 2417
f 2412 2195 2414
f 2201 2200 2415
f 2200 2416 2415
f 2413 2416 2202
f 2202 2416 2200
f 2413 2202 2197
f 2203 2417 2418
f 2203 2418 2199
f 2414 2195 2199
f 2429 2215 2428
f 2171 2391 2172
f 2170 2390 2171
f 2349 2364 2141
f 2141 2364 2142
f 2364 2365 2142
f 2142 2365 2144
f 2145 2144 2366
f 2366 2144 2365
f 2366 2368 2367
f 2349 2141 2126
f 2145 2366 2367
f 2147 2371 2370
f 2146 2147 2370
f 2370 2372 2146
f 2146 2372 2148
f 2372 2352 2148
f 2148 2352 2149
f 2350 2150 2352
f 2368 2369 2367
f 2150 2149 2352
f 2363 2345 2344
f 2122 2140 2363
f 2355 2356 2131
f 2131 2356 2132
f 2356 2357 2132
f 2132 2357 2133
f 2357 2358 2133
f 2133 2358 2134
f 2106 2358 2335
f 2140 2362 2363
f 2106 2134 2358
f 2119 2359 2136
f 2136 2359 2360
f 2137 2136 2360
f 2139 2138 2361
f 2361 2362 2139
f 2139 2362 2140
f 2122 2363 2344
f 2343 2359 2119
f 2390 2391 2171
f 2129 2150 2350
f 2137 2360 2373
f 2377 2161 2160
f 2377 2383 2161
f 2161 2383 2162
f 2383 2384 2162
f 2162 2384 2164
f 2384 2385 2164
f 2164 2385 2166
f 2377 2160 2376
f 2385 2386 2166
f 2386 2387 2167
f 2167 2387 2168
f 2387 2388 2168
f 2168 2388 2169
f 2388 2389 2169
f 2169 2389 2170
f 2389 2390 2170
f 2166 2386 2167
f 2151 2137 2373
f 2160 2155 2376
f 2158 2374 2153
f 2151 2373 2152
f 2138 2153 2374
f 2374 2375 2361
f 2138 2374 2361
f 2145 2367 2155
f 2369 2376 2367
f 2367 2376 2155
f 2374 2381 2375
f 2369 2377 2376
f 2378 2147 2156
f 2373 2379 2152
f 2152 2379 2157
f 2158 2159 2380
f 2380 2382 2381
f 2158 2380 2381
f 2158 2381 2374
f 2371 2147 2378
f 2427 2215 2429
f 2427 2210 2215
f 2427 2422 2210
f 2269 2479 2268
f 2461 2460 2269
f 2270 2461 2269
f 2461 2270 2253
f 2473 2474 2480
f 2480 2474 2481
f 2481 2474 2262
f 2460 2479 2269
f 2271 2481 2262
f 2276 2277 2483
f 2483 2277 2484
f 2277 2278 2484
f 2484 2278 2485
f 2278 2279 2485
f 2485 2279 2264
f 2475 2485 2264
f 2482 2276 2483
f 2480 2481 2486
f 2267 2268 2479
f 2266 2267 2478
f 2459 2248 2470
f 2469 2459 2470
f 2248 2258 2470
f 2470 2258 2471
f 2471 2258 2472
f 2258 2259 2472
f 2472 2259 2473
f 2478 2267 2479
f 2259 2260 2473
f 2473 2260 2261
f 2262 2474 2261
f 2475 2264 2476
f 2264 2265 2476
f 2476 2265 2477
f 2265 2266 2477
f 2477 2266 2478
f 2473 2261 2474
f 2468 2458 2469
f 2481 2271 2487
f 2271 2272 2488
f 2497 2291 2499
f 2291 2292 2499
f 2499 2292 2500
f 2292 2293 2500
f 2500 2293 2501
f 2293 2294 2501
f 2501 2294 2502
f 2290 2291 2497
f 2294 2295 2502
f 2295 2296 2503
f 2503 2296 2504
f 2296 2297 2504
f 2504 2297 2505
f 2297 2298 2505
f 2505 2298 2506
f 2298 2299 2506
f 2502 2295 2503
f 2486 2481 2487
f 2290 2497 2498
f 2496 2495 2286
f 2487 2271 2488
f 2272 2273 2489
f 2488 2272 2489
f 2273 2280 2489
f 2489 2280 2490
f 2490 2280 2491
f 2280 2281 2491
f 2287 2496 2286
f 2491 2281 2492
f 2492 2283 2493
f 2492 2282 2283
f 2284 2493 2283
f 2494 2493 2284
f 2285 2494 2284
f 2495 2494 2285
f 2286 2495 2285
f 2281 2282 2492
f 2458 2459 2469
f 2467 2456 2468
f 2456 2458 2468
f 2227 2438 2222
f 2439 2228 2225
f 2436 2439 2225
f 2437 2438 2440
f 2438 2227 2441
f 2440 2438 2441
f 2443 2229 2442
f 2438 2433 2222
f 2441 2229 2443
f 2229 2231 2442
f 2233 2232 2444
f 2232 2445 2444
f 2445 2232 2446
f 2232 2234 2446
f 2446 2234 2228
f 2439 2446 2228
f 2441 2227 2229
f 2443 2442 2447
f 2437 2433 2438
f 2430 2226 2219
f 2215 2217 2428
f 2219 2218 2430
f 2218 2431 2430
f 2424 2431 2220
f 2220 2431 2218
f 2424 2220 2212
f 2429 2428 2432
f 2434 2433 2437
f 2434 2221 2433
f 2432 2217 2221
f 2432 2428 2217
f 2222 2433 2221
f 2225 2435 2436
f 2224 2435 2225
f 2430 2435 2226
f 2226 2435 2224
f 2432 2221 2434
f 2442 2231 2235
f 2442 2235 2447
f 2447 2235 2448
f 2459 2458 2247
f 2248 2459 2247
f 2460 2461 2462
f 2253 2462 2461
f 2253 2252 2462
f 2252 2463 2462
f 2463 2252 2464
f 2247 2458 2246
f 2252 2254 2464
f 2254 2255 2465
f 2465 2255 2466
f 2255 2256 2466
f 2451 2466 2257
f 2257 2466 2256
f 2451 2257 2241
f 2457 2456 2467
f 2464 2254 2465
f 2458 2456 2246
f 2246 2456 2245
f 2455 2244 2245
f 2450 2236 2449
f 2450 2448 2236
f 2448 2235 2236
f 2236 2238 2449
f 2241 2240 2451
f 2240 2452 2451
f 2452 2240 2453
f 2240 2242 2453
f 2444 2453 2243
f 2243 2453 2242
f 2444 2243 2233
f 2450 2449 2454
f 2449 2238 2244
f 2449 2244 2454
f 2454 2244 2455
f 2457 2245 2456
f 2457 2455 2245
f 2128 2355 2131
f 1868 1674 1867
f 2354 2355 2128
f 2129 2353 2128
f 2020 2240 2021
f 2240 2020 2242
f 2020 2022 2242
f 2009 2243 2022
f 2022 2243 2242
f 2009 2233 2243
f 2238 2237 2244
f 2021 2240 2241
f 2237 2239 2245
f 2239 2015 2246
f 2245 2239 2246
f 2015 2023 2246
f 2246 2023 2247
f 2247 2023 2248
f 2023 2024 2248
f 2248 2025 2249
f 2244 2237 2245
f 2248 2024 2025
f 2015 2239 2014
f 2014 2237 2013
f 2229 2006 2231
f 2229 2003 2006
f 2006 2008 2230
f 2009 2232 2233
f 2009 2010 2232
f 2232 2010 2234
f 2010 2011 2234
f 2239 2237 2014
f 2234 2011 2005
f 2231 2230 2235
f 2230 2008 2012
f 2230 2012 2235
f 2235 2012 2236
f 2238 2013 2237
f 2238 2236 2013
f 2236 2012 2013
f 2228 2234 2005
f 2231 2006 2230
f 2026 2249 2025
f 2027 2250 2026
f 2028 2035 2261
f 2261 2035 2262
f 2262 2036 2263
f 2262 2035 2036
f 2037 2263 2036
f 2045 2046 2264
f 2264 2046 2265
f 2260 2251 2261
f 2046 2047 2265
f 2047 2048 2266
f 2266 2048 2267
f 2048 2049 2267
f 2267 2049 2268
f 2049 2050 2268
f 2268 2050 2269
f 2050 2051 2269
f 2265 2047 2266
f 2250 2249 2026
f 2251 2028 2261
f 2250 2251 2260
f 2251 2250 2027
f 2028 2251 2027
f 2030 2252 2253
f 2252 2030 2254
f 2030 2031 2254
f 2254 2031 2255
f 2031 2032 2255
f 2259 2250 2260
f 2255 2032 2256
f 2256 2033 2257
f 2033 2034 2257
f 2257 2034 2021
f 2241 2257 2021
f 2248 2249 2258
f 2249 2250 2259
f 2258 2249 2259
f 2032 2033 2256
f 2269 2051 2270
f 2227 2003 2229
f 2228 2005 2000
f 2200 1973 2202
f 1973 1975 2202
f 2202 1975 1970
f 2197 2202 1970
f 2199 2198 2203
f 2205 1976 2204
f 2203 1976 2205
f 1973 2200 1974
f 2203 1972 1976
f 1976 1978 2204
f 1979 2206 1980
f 2206 1979 2207
f 1979 1981 2207
f 2207 1981 1974
f 2201 2207 1974
f 2205 2204 2208
f 2203 2198 1972
f 2210 1982 2209
f 1974 2200 2201
f 2198 2199 1968
f 1960 1963 2188
f 2188 1963 2190
f 1964 2191 2192
f 2191 1964 1961
f 2189 2191 1961
f 2190 1963 2193
f 2193 1963 1966
f 1968 1972 2198
f 2192 2194 1964
f 1968 2195 1966
f 1966 2195 2193
f 1970 2196 2197
f 1969 2196 1970
f 2196 1969 1967
f 2194 2196 1967
f 2199 2195 1968
f 2194 1967 1964
f 2000 2225 2228
f 2208 1982 2210
f 2208 2204 1978
f 2212 2220 1987
f 2217 2216 2221
f 2216 1991 2222
f 2221 2216 2222
f 2222 1997 2223
f 2222 1991 1997
f 1997 1999 2223
f 2220 1996 1987
f 2000 2224 2225
f 2224 2001 2226
f 2001 2002 2226
f 2226 2002 1995
f 2219 2226 1995
f 2222 2223 2227
f 2227 1999 2003
f 2227 2223 1999
f 2000 2001 2224
f 2208 1978 1982
f 1994 1996 2220
f 1994 2218 1995
f 1982 1984 2209
f 1987 2211 2212
f 1986 2211 1987
f 2211 1986 2213
f 1986 1988 2213
f 2213 1988 2214
f 1988 1989 2214
f 2218 1994 2220
f 2214 1989 1980
f 2210 2209 2215
f 2217 1990 2216
f 2215 1990 2217
f 2215 1984 1990
f 2215 2209 1984
f 1991 2216 1990
f 1995 2218 2219
f 2206 2214 1980
f 2051 2052 2270
f 2270 2052 2030
f 2253 2270 2030
f 2091 2322 2092
f 2322 2323 2092
f 2092 2323 2094
f 2094 2323 2324
f 2095 2094 2324
f 2097 2098 2325
f 2325 2327 2326
f 2317 2322 2091
f 2325 2326 2097
f 2090 2328 2318
f 2090 2099 2328
f 2099 2326 2328
f 2318 2328 2320
f 2324 2100 2095
f 2324 2329 2100
f 2100 2329 2101
f 2097 2326 2099
f 2329 2330 2101
f 2317 2091 2087
f 2080 2319 2321
f 2075 2313 2303
f 2307 2083 2079
f 2309 2083 2307
f 2309 2084 2083
f 2309 2314 2084
f 2084 2314 2085
f 2314 2315 2085
f 2310 2321 2312
f 2085 2315 2086
f 2316 2086 2315
f 2316 2317 2087
f 2089 2090 2318
f 2318 2320 2319
f 2318 2319 2089
f 2089 2319 2080
f 2080 2321 2310
f 2087 2086 2316
f 2082 2313 2075
f 2101 2330 2102
f 2331 2102 2332
f 2123 2121 2344
f 2345 2123 2344
f 2123 2345 2346
f 2123 2346 2325
f 2123 2325 2098
f 2325 2346 2327
f 2331 2124 2103
f 2121 2122 2344
f 2333 2124 2331
f 2347 2125 2124
f 2126 2125 2348
f 2348 2125 2347
f 2348 2349 2126
f 2352 2351 2350
f 2351 2353 2129
f 2350 2351 2129
f 2333 2347 2124
f 2331 2103 2102
f 2119 2118 2343
f 2116 2342 2118
f 2332 2102 2330
f 2332 2333 2331
f 2335 2334 2106
f 2106 2334 2105
f 2105 2334 2336
f 2336 2337 2105
f 2105 2337 2108
f 2118 2342 2343
f 2337 2338 2108
f 2338 2339 2110
f 2110 2339 2112
f 2339 2340 2112
f 2112 2340 2114
f 2340 2341 2114
f 2114 2341 2116
f 2341 2342 2116
f 2108 2338 2110
f 2311 2313 2082
f 2081 2311 2082
f 2310 2311 2081
f 2280 2274 2281
f 2275 2053 2282
f 2281 2275 2282
f 2053 2056 2282
f 2282 2056 2283
f 2283 2056 2284
f 2056 2057 2284
f 2274 2275 2281
f 2284 2057 2285
f 2285 2058 2286
f 2058 2059 2286
f 2286 2059 2287
f 2059 2060 2287
f 2287 2060 2288
f 2060 2061 2288
f 2288 2062 2289
f 2057 2058 2285
f 2288 2061 2062
f 2273 2274 2280
f 2278 2044 2279
f 2262 2263 2271
f 2263 2037 2272
f 2271 2263 2272
f 2037 2038 2273
f 2272 2037 2273
f 2273 2038 2274
f 2274 2038 2039
f 2045 2264 2279
f 2039 2040 2274
f 2053 2275 2040
f 2055 2042 2276
f 2042 2043 2277
f 2276 2042 2277
f 2043 2044 2278
f 2277 2043 2278
f 2044 2045 2279
f 2040 2275 2274
f 2289 2062 2290
f 2062 2063 2290
f 2290 2063 2291
f 2055 2276 2301
f 2288 2289 2302
f 2289 2290 2302
f 2074 2075 2303
f 2303 2304 2074
f 2074 2304 2076
f 2304 2305 2076
f 2073 2301 2300
f 2076 2305 2077
f 2077 2306 2078
f 2307 2079 2078
f 2307 2078 2308
f 2308 2078 2306
f 2308 2309 2307
f 2081 2080 2310
f 2310 2312 2311
f 2305 2306 2077
f 2055 2301 2073
f 2072 2073 2300
f 2299 2072 2300
f 2063 2064 2291
f 2291 2064 2292
f 2064 2065 2292
f 2292 2065 2293
f 2065 2066 2293
f 2293 2066 2294
f 2066 2067 2294
f 2294 2067 2295
f 2067 2068 2295
f 2295 2068 2296
f 2068 2069 2296
f 2296 2069 2297
f 2069 2070 2297
f 2297 2070 2298
f 2070 2071 2298
f 2298 2071 2299
f 2071 2072 2299
f 2128 2353 2354
f 1675 1674 1868
f 2083 1852 1851
f 5529 5495 5484
f 1731 1732 1516
f 1514 1730 1515
f 1730 1731 1515
f 1513 1729 1514
f 1729 1730 1514
f 1512 1728 1513
f 1728 1729 1513
f 1494 1727 1512
f 1727 1728 1512
f 1727 1493 1726
f 1494 1493 1727
f 1491 1726 1493
f 1725 1726 1491
f 1489 1725 1491
f 1515 1731 1516
f 1724 1725 1489
f 1824 1622 1811
f 1823 1633 1825
f 1488 1724 1489
f 1633 1634 1826
f 1825 1633 1826
f 1634 1635 1827
f 1714 1724 1488
f 1826 1634 1827
f 1635 1636 1828
f 1714 1488 1487
f 1723 1455 1486
f 1827 1635 1828
f 1708 1455 1723
f 1721 1722 1485
f 1649 1622 1824
f 1732 1733 1517
f 1516 1732 1517
f 1733 1734 1518
f 1526 1749 1522
f 1520 1745 1747
f 1748 1525 1520
f 1747 1748 1520
f 1746 1511 1522
f 1744 1511 1746
f 1745 1509 1743
f 1520 1509 1745
f 1744 1486 1511
f 1723 1486 1744
f 1509 1722 1743
f 1485 1722 1509
f 1466 1506 1742
f 1466 1742 1716
f 1505 1742 1506
f 1741 1742 1505
f 1504 1741 1505
f 1517 1733 1518
f 1734 1735 1497
f 1518 1734 1497
f 1497 1735 1496
f 1496 1735 1736
f 1736 1737 1496
f 1721 1484 1706
f 1496 1737 1499
f 1499 1738 1501
f 1738 1739 1501
f 1501 1739 1503
f 1739 1740 1503
f 1503 1740 1504
f 1740 1741 1504
f 1737 1738 1499
f 1522 1749 1746
f 1636 1637 1829
f 1485 1484 1721
f 1838 1646 1839
f 1712 1713 1487
f 1712 1462 1711
f 1463 1462 1712
f 1647 1648 1840
f 1839 1647 1840
f 1648 1649 1841
f 1840 1648 1841
f 1460 1711 1462
f 1649 1824 1841
f 1710 1711 1460
f 1458 1710 1460
f 1709 1710 1458
f 1844 1843 1842
f 1463 1712 1487
f 1843 1845 1842
f 1456 1709 1458
f 1846 1847 1650
f 1650 1847 1652
f 1847 1848 1652
f 1652 1848 1653
f 1704 1709 1456
f 1848 1849 1653
f 1653 1849 1654
f 1849 1844 1654
f 1654 1844 1655
f 1704 1456 1427
f 1842 1656 1844
f 1703 1426 1707
f 1707 1426 1454
f 1650 1651 1846
f 1646 1647 1839
f 1837 1645 1838
f 1713 1714 1487
f 1706 1484 1453
f 1637 1638 1830
f 1829 1637 1830
f 1638 1639 1831
f 1830 1638 1831
f 1639 1640 1832
f 1831 1639 1832
f 1640 1641 1833
f 1832 1640 1833
f 1641 1642 1834
f 1833 1641 1834
f 1642 1643 1835
f 1834 1642 1835
f 1643 1644 1836
f 1835 1643 1836
f 1705 1430 1474
f 1644 1645 1837
f 1716 1715 1466
f 1466 1715 1465
f 1465 1715 1717
f 1717 1718 1465
f 1465 1718 1468
f 1718 1719 1468
f 1828 1636 1829
f 1468 1719 1470
f 1719 1720 1470
f 1470 1720 1472
f 1720 1705 1472
f 1472 1705 1474
f 1645 1646 1838
f 1836 1644 1837
f 1813 1624 1814
f 1529 1525 1750
f 1750 1525 1748
f 1749 1526 1751
f 1802 1610 1803
f 1609 1610 1802
f 1801 1609 1802
f 1608 1609 1801
f 1799 1608 1801
f 1607 1608 1799
f 1607 1799 1800
f 1798 1599 1600
f 1598 1599 1798
f 1797 1598 1798
f 1796 1598 1797
f 1591 1598 1796
f 1792 1591 1796
f 1583 1783 1795
f 1631 1632 1821
f 1597 1795 1793
f 1607 1822 1632
f 1596 1597 1793
f 1596 1793 1794
f 1792 1590 1591
f 1589 1590 1792
f 1791 1589 1792
f 1588 1589 1791
f 1790 1588 1791
f 1632 1822 1821
f 1587 1588 1790
f 1789 1587 1790
f 1586 1587 1789
f 1788 1586 1789
f 1787 1586 1788
f 1583 1795 1597
f 1820 1631 1821
f 1630 1631 1820
f 1819 1630 1820
f 1623 1624 1813
f 1812 1623 1813
f 1621 1623 1812
f 1811 1621 1812
f 1621 1811 1622
f 1814 1625 1815
f 1625 1626 1815
f 1815 1626 1816
f 1618 1810 1616
f 1626 1627 1816
f 1615 1616 1810
f 1816 1627 1817
f 1809 1615 1810
f 1627 1628 1817
f 1817 1628 1818
f 1628 1629 1818
f 1614 1615 1809
f 1610 1611 1803
f 1596 1804 1611
f 1611 1804 1803
f 1596 1794 1804
f 1798 1600 1805
f 1629 1630 1819
f 1607 1800 1822
f 1818 1629 1819
f 1805 1612 1806
f 1806 1612 1807
f 1612 1613 1807
f 1807 1613 1808
f 1613 1614 1808
f 1808 1614 1809
f 1600 1612 1805
f 1578 1586 1787
f 1786 1577 1787
f 1577 1578 1787
f 1546 1760 1768
f 1557 1768 1767
f 1546 1768 1557
f 1556 1557 1767
f 1765 1556 1767
f 1555 1556 1765
f 1555 1765 1766
f 1551 1764 1549
f 1763 1549 1764
f 1540 1549 1763
f 1759 1540 1763
f 1538 1756 1762
f 1548 1762 1761
f 1538 1762 1548
f 1547 1548 1761
f 1760 1547 1761
f 1546 1547 1760
f 1526 1531 1751
f 1534 1752 1753
f 1534 1529 1752
f 1529 1750 1752
f 1535 1754 1531
f 1531 1754 1751
f 1764 1551 1558
f 1538 1755 1756
f 1534 1757 1539
f 1539 1757 1755
f 1534 1753 1757
f 1754 1535 1758
f 1758 1540 1759
f 1758 1535 1540
f 1538 1539 1755
f 1454 1455 1707
f 1769 1764 1558
f 1769 1558 1559
f 1781 1577 1786
f 1575 1779 1785
f 1585 1785 1784
f 1575 1785 1585
f 1584 1585 1784
f 1782 1584 1784
f 1583 1584 1782
f 1583 1782 1783
f 1781 1576 1577
f 1780 1576 1781
f 1571 1576 1780
f 1778 1571 1780
f 1779 1570 1776
f 1633 1823 1618
f 1618 1823 1810
f 1575 1570 1779
f 1566 1778 1775
f 1562 1771 1772
f 1562 1563 1771
f 1555 1773 1563
f 1563 1773 1771
f 1555 1766 1773
f 1770 1559 1774
f 1770 1769 1559
f 1559 1564 1774
f 1566 1775 1564
f 1569 1776 1570
f 1562 1777 1569
f 1569 1777 1776
f 1562 1772 1777
f 1571 1778 1566
f 1774 1564 1775
f 1455 1708 1707
f 1624 1625 1814
f 1425 1702 1453
f 1640 1366 1641
f 1867 1674 1673
f 1863 1867 1673
f 1367 1368 1642
f 1641 1367 1642
f 1368 1369 1643
f 1863 1673 1861
f 1670 1865 1672
f 1421 1700 1424
f 1366 1367 1641
f 1642 1368 1643
f 1643 1369 1644
f 1370 1371 1645
f 1644 1370 1645
f 1371 1372 1646
f 1861 1673 1669
f 1645 1371 1646
f 1699 1700 1421
f 1672 1865 1857
f 1372 1373 1647
f 1369 1370 1644
f 1400 1399 1668
f 1694 1695 1444
f 1850 1851 1658
f 1438 1692 1440
f 1673 1404 1400
f 1669 1673 1400
f 1663 1392 1672
f 1401 1672 1403
f 1670 1671 1864
f 1670 1672 1401
f 1853 1855 1854
f 1864 1866 1865
f 1864 1865 1670
f 1853 1660 1852
f 1661 1660 1853
f 1693 1694 1442
f 1659 1852 1660
f 1851 1852 1659
f 1401 1402 1670
f 1658 1851 1659
f 1402 1671 1670
f 1668 1669 1400
f 1668 1399 1667
f 1440 1693 1442
f 1646 1372 1647
f 1373 1374 1648
f 1647 1373 1648
f 1374 1620 1649
f 1395 1666 1397
f 1446 1696 1448
f 1665 1666 1395
f 1657 1658 1386
f 1386 1658 1387
f 1696 1697 1448
f 1658 1659 1387
f 1387 1659 1389
f 1390 1389 1660
f 1444 1695 1446
f 1660 1389 1659
f 1660 1661 1390
f 1392 1663 1662
f 1695 1696 1446
f 1391 1392 1662
f 1662 1664 1391
f 1391 1664 1393
f 1664 1380 1393
f 1651 1380 1664
f 1661 1394 1390
f 1661 1665 1394
f 1385 1657 1386
f 1692 1693 1440
f 1656 1657 1385
f 1397 1667 1399
f 1648 1374 1649
f 1663 1672 1857
f 1620 1622 1649
f 1380 1651 1650
f 1421 1698 1699
f 1422 1698 1421
f 1379 1380 1650
f 1448 1697 1422
f 1650 1652 1379
f 1379 1652 1381
f 1652 1653 1381
f 1381 1653 1382
f 1653 1654 1382
f 1382 1654 1383
f 1697 1698 1422
f 1654 1655 1383
f 1383 1655 1384
f 1655 1656 1384
f 1442 1694 1444
f 1657 1850 1658
f 1384 1656 1385
f 1666 1667 1397
f 1661 1853 1854
f 1672 1392 1403
f 1662 1663 1857
f 1416 1415 1681
f 1413 1680 1415
f 1679 1680 1413
f 1411 1679 1413
f 1855 1856 1854
f 1416 1682 1685
f 1685 1686 1419
f 1688 1687 1429
f 1675 1411 1407
f 1671 1402 1678
f 1845 1657 1656
f 1678 1402 1410
f 1408 1678 1410
f 1676 1678 1408
f 1408 1409 1676
f 1419 1686 1427
f 1427 1686 1704
f 1416 1685 1419
f 1429 1430 1688
f 1856 1665 1854
f 1856 1666 1665
f 1856 1859 1666
f 1666 1859 1667
f 1665 1661 1854
f 1859 1860 1667
f 1418 1684 1683
f 1687 1689 1432
f 1656 1655 1844
f 1681 1682 1416
f 1683 1409 1417
f 1667 1860 1668
f 1845 1656 1842
f 1677 1409 1683
f 1688 1430 1705
f 1681 1415 1680
f 1417 1418 1683
f 1845 1850 1657
f 1675 1679 1411
f 1394 1665 1395
f 1662 1858 1664
f 1691 1692 1438
f 1651 1664 1846
f 1407 1406 1675
f 1434 1690 1436
f 1690 1691 1436
f 1409 1677 1676
f 1406 1674 1675
f 1425 1424 1701
f 1861 1669 1668
f 1684 1418 1703
f 1701 1702 1425
f 1861 1668 1862
f 1857 1858 1662
f 1404 1674 1406
f 1453 1702 1706
f 1862 1668 1860
f 1432 1689 1434
f 1664 1858 1846
f 1689 1690 1434
f 1436 1691 1438
f 1862 1863 1861
f 1429 1687 1432
f 1673 1674 1404
f 1703 1418 1426
f 1701 1424 1700
f 5370 5288 5292
f 5292 5379 5370
f 5229 5234 5301
f 5293 5221 5214
f 5270 5174 5166
f 4241 4236 4374
f 4374 4376 4241
f 4346 4161 4154
f 4089 3848 4096
f 4096 4292 4089
f 4290 4097 4090
f 3306 3117 3112
f 3293 3093 3086
f 3228 2997 3007
f 3007 3236 3228
f 2888 2655 2894
f 2894 3134 2888
f 2799 2816 3050
f 2886 2657 2653
f 2377 2369 2585
f 2585 2593 2377
f 1811 2042 2055
f 531 530 526
f 412 405 236

