# https://github.com/mikedh/trimesh

o DBT1_0006_FDI_27.obj
v -67.19860549 -16.20000000 -52.50000000
v -67.20000000 -16.19652324 -52.50000000
v -67.20000000 -16.20000000 -52.20000000
v -67.19656252 -16.20000000 -52.80000000
v -67.20000000 -16.19160265 -52.80000000
v -67.19578008 -16.20000000 -53.10000000
v -67.20000000 -16.18984747 -53.10000000
v -67.19672965 -16.20000000 -53.40000000
v -67.20000000 -16.19222109 -53.40000000
v -67.20000000 -16.20000000 -53.70000000
v -67.16093203 -16.50000000 -50.70000000
v -67.20000000 -16.38325490 -50.70000000
v -67.20000000 -16.50000000 -50.40000000
v -67.13062948 -16.50000000 -51.00000000
v -67.20000000 -16.20000000 -51.00000000
v -67.12220099 -16.50000000 -51.30000000
v -67.20000000 -16.20000000 -51.30000000
v -67.12293377 -16.50000000 -51.60000000
v -67.20000000 -16.20000000 -51.60000000
v -67.12507243 -16.50000000 -51.90000000
v -67.20000000 -16.20000000 -51.90000000
v -67.12501451 -16.50000000 -52.20000000
v -67.12147326 -16.50000000 -52.50000000
v -67.11615346 -16.50000000 -52.80000000
v -67.11350544 -16.50000000 -53.10000000
v -67.11933817 -16.50000000 -53.40000000
v -67.13797660 -16.50000000 -53.70000000
v -67.16901877 -16.50000000 -54.00000000
v -67.20000000 -16.36687771 -54.00000000
v -67.20000000 -16.50000000 -54.30000000
v -67.17374395 -16.80000000 -49.80000000
v -67.20000000 -16.72657559 -49.80000000
v -67.20000000 -16.80000000 -49.50000000
v -67.14679797 -16.80000000 -50.10000000
v -67.20000000 -16.63101017 -50.10000000
v -67.12085120 -16.80000000 -50.40000000
v -67.10022322 -16.80000000 -50.70000000
v -67.08751813 -16.80000000 -51.00000000
v -67.08392485 -16.80000000 -51.30000000
v -67.08788842 -16.80000000 -51.60000000
v -67.09367273 -16.80000000 -51.90000000
v -67.09605767 -16.80000000 -52.20000000
v -67.09189299 -16.80000000 -52.50000000
v -67.08363205 -16.80000000 -52.80000000
v -67.07800618 -16.80000000 -53.10000000
v -67.08492836 -16.80000000 -53.40000000
v -67.11527342 -16.80000000 -53.70000000
v -67.16899459 -16.80000000 -54.00000000
v -67.20000000 -16.80000000 -54.12046480
v -67.19930492 -17.10000000 -49.20000000
v -67.20000000 -17.09728735 -49.20000000
v -67.20000000 -17.10000000 -49.19602019
v -67.14774400 -17.10000000 -49.50000000
v -67.11584847 -17.10000000 -49.80000000
v -67.09489992 -17.10000000 -50.10000000
v -67.08146682 -17.10000000 -50.40000000
v -67.07479864 -17.10000000 -50.70000000
v -67.07397895 -17.10000000 -51.00000000
v -67.07888354 -17.10000000 -51.30000000
v -67.08960939 -17.10000000 -51.60000000
v -67.10312589 -17.10000000 -51.90000000
v -67.11353406 -17.10000000 -52.20000000
v -67.11377100 -17.10000000 -52.50000000
v -67.10546010 -17.10000000 -52.80000000
v -67.09791700 -17.10000000 -53.10000000
v -67.10045999 -17.10000000 -53.40000000
v -67.13341880 -17.10000000 -53.70000000
v -67.20000000 -16.97706203 -54.00000000
v -67.20000000 -17.10000000 -53.92813688
v -67.15893729 -17.40000000 -49.20000000
v -67.20000000 -17.40000000 -48.90000000
v -67.12372752 -17.40000000 -49.50000000
v -67.09923248 -17.40000000 -49.80000000
v -67.08433960 -17.40000000 -50.10000000
v -67.07870771 -17.40000000 -50.40000000
v -67.08298650 -17.40000000 -50.70000000
v -67.09436773 -17.40000000 -51.00000000
v -67.10885791 -17.40000000 -51.30000000
v -67.12584961 -17.40000000 -51.60000000
v -67.15385120 -17.40000000 -51.90000000
v -67.18220937 -17.40000000 -52.20000000
v -67.20000000 -17.40000000 -52.50000000
v -67.20000000 -17.40000000 -52.80000000
v -67.20000000 -17.40000000 -53.10000000
v -67.20000000 -17.40000000 -53.40000000
v -67.20000000 -17.40000000 -53.70000000
v -67.18251937 -17.70000000 -48.00000000
v -67.20000000 -17.60866728 -48.00000000
v -67.20000000 -17.70000000 -47.78300393
v -67.17191443 -17.70000000 -48.30000000
v -67.20000000 -17.53523776 -48.30000000
v -67.16751461 -17.70000000 -48.60000000
v -67.20000000 -17.48162499 -48.60000000
v -67.16308448 -17.70000000 -48.90000000
v -67.15028533 -17.70000000 -49.20000000
v -67.13517057 -17.70000000 -49.50000000
v -67.12386708 -17.70000000 -49.80000000
v -67.11596209 -17.70000000 -50.10000000
v -67.11370240 -17.70000000 -50.40000000
v -67.12431197 -17.70000000 -50.70000000
v -67.15673282 -17.70000000 -51.00000000
v -67.18658626 -17.70000000 -51.30000000
v -67.20000000 -17.70000000 -51.60000000
v -67.20000000 -17.54158518 -51.90000000
v -67.20000000 -17.44526638 -52.20000000
v -67.17666421 -18.00000000 -47.70000000
v -67.20000000 -17.76670962 -47.70000000
v -67.20000000 -18.00000000 -47.40000000
v -67.16677733 -18.00000000 -48.00000000
v -67.16416203 -18.00000000 -48.30000000
v -67.16027759 -18.00000000 -48.60000000
v -67.16360097 -18.00000000 -48.90000000
v -67.18426118 -18.00000000 -49.20000000
v -67.19907509 -18.00000000 -49.50000000
v -67.20000000 -18.00000000 -49.80000000
v -67.20000000 -18.00000000 -50.10000000
v -67.20000000 -18.00000000 -50.40000000
v -67.20000000 -18.00000000 -50.70000000
v -67.20000000 -17.81191578 -51.00000000
v -67.20000000 -17.72801342 -51.30000000
v -67.20000000 -18.30000000 -47.70000000
v -67.20000000 -18.30000000 -48.00000000
v -67.20000000 -18.22879965 -48.30000000
v -67.20000000 -18.30000000 -48.60000000
v -67.20000000 -18.30000000 -48.90000000
v -67.20000000 -18.05447037 -49.20000000
v -67.20000000 -18.00231964 -49.50000000
v -67.43863383 -15.90000000 -50.70000000
v -67.50000000 -15.80382374 -50.70000000
v -67.50000000 -15.90000000 -50.47004221
v -67.37191074 -15.90000000 -51.00000000
v -67.50000000 -15.69072882 -51.00000000
v -67.33972608 -15.90000000 -51.30000000
v -67.50000000 -15.62905313 -51.30000000
v -67.32790549 -15.90000000 -51.60000000
v -67.50000000 -15.60413379 -51.60000000
v -67.32454498 -15.90000000 -51.90000000
v -67.50000000 -15.60000000 -51.90000000
v -67.32373955 -15.90000000 -52.20000000
v -67.50000000 -15.60000000 -52.20000000
v -67.32347340 -15.90000000 -52.50000000
v -67.50000000 -15.60083290 -52.50000000
v -67.32387115 -15.90000000 -52.80000000
v -67.50000000 -15.60529117 -52.80000000
v -67.32540753 -15.90000000 -53.10000000
v -67.50000000 -15.61232754 -53.10000000
v -67.32972112 -15.90000000 -53.40000000
v -67.50000000 -15.62363943 -53.40000000
v -67.34255233 -15.90000000 -53.70000000
v -67.50000000 -15.64441785 -53.70000000
v -67.37449215 -15.90000000 -54.00000000
v -67.50000000 -15.68346380 -54.00000000
v -67.42631266 -15.90000000 -54.30000000
v -67.50000000 -15.75611130 -54.30000000
v -67.50000000 -15.90000000 -54.60000000
v -67.44345853 -16.20000000 -49.80000000
v -67.50000000 -16.10764030 -49.80000000
v -67.50000000 -16.20000000 -49.50000000
v -67.39009996 -16.20000000 -50.10000000
v -67.50000000 -16.02273322 -50.10000000
v -67.33323840 -16.20000000 -50.40000000
v -67.50000000 -15.92869287 -50.40000000
v -67.26936894 -16.20000000 -50.70000000
v -67.24205913 -16.20000000 -54.00000000
v -67.29767907 -16.20000000 -54.30000000
v -67.37828988 -16.20000000 -54.60000000
v -67.44845352 -16.20000000 -54.90000000
v -67.50000000 -16.04321880 -54.90000000
v -67.49228480 -16.20000000 -55.20000000
v -67.50000000 -16.17565593 -55.20000000
v -67.50000000 -16.20000000 -55.50000000
v -67.49615372 -16.20000000 -56.10000000
v -67.50000000 -16.18725987 -56.10000000
v -67.50000000 -16.20000000 -55.80000000
v -67.50000000 -16.20000000 -56.40000000
v -67.49101676 -16.50000000 -48.90000000
v -67.50000000 -16.48424546 -48.90000000
v -67.50000000 -16.50000000 -48.85638262
v -67.41621301 -16.50000000 -49.20000000
v -67.50000000 -16.34986535 -49.20000000
v -67.34159463 -16.50000000 -49.50000000
v -67.28818761 -16.50000000 -49.80000000
v -67.24425333 -16.50000000 -50.10000000
v -67.32177016 -16.50000000 -54.60000000
v -67.40656877 -16.50000000 -54.90000000
v -67.46253556 -16.50000000 -55.20000000
v -67.49597686 -16.50000000 -55.50000000
v -67.50000000 -16.50000000 -55.57411711
v -67.50000000 -16.28681280 -56.10000000
v -67.48807690 -16.80000000 -47.70000000
v -67.50000000 -16.78024224 -47.70000000
v -67.50000000 -16.80000000 -47.40000000
v -67.47082990 -16.80000000 -48.00000000
v -67.50000000 -16.74767181 -48.00000000
v -67.44205501 -16.80000000 -48.30000000
v -67.50000000 -16.68797442 -48.30000000
v -67.40245333 -16.80000000 -48.60000000
v -67.50000000 -16.60174839 -48.60000000
v -67.34933182 -16.80000000 -48.90000000
v -67.28101020 -16.80000000 -49.20000000
v -67.25207878 -16.80000000 -54.30000000
v -67.36037298 -16.80000000 -54.60000000
v -67.43609778 -16.80000000 -54.90000000
v -67.49228912 -16.80000000 -55.20000000
v -67.50000000 -16.52357557 -55.50000000
v -67.50000000 -16.80000000 -55.24238836
v -67.41046082 -17.10000000 -47.40000000
v -67.50000000 -17.10000000 -47.10000000
v -67.36385380 -17.10000000 -47.70000000
v -67.33663722 -17.10000000 -48.00000000
v -67.31442565 -17.10000000 -48.30000000
v -67.28844480 -17.10000000 -48.60000000
v -67.25186124 -17.10000000 -48.90000000
v -67.22578214 -17.10000000 -54.00000000
v -67.35364865 -17.10000000 -54.30000000
v -67.50000000 -17.10000000 -54.60000000
v -67.50000000 -16.99291661 -54.90000000
v -67.50000000 -16.82755306 -55.20000000
v -67.42566569 -17.40000000 -47.10000000
v -67.50000000 -17.40000000 -46.92188593
v -67.33138134 -17.40000000 -47.40000000
v -67.27225328 -17.40000000 -47.70000000
v -67.24047053 -17.40000000 -48.00000000
v -67.22332510 -17.40000000 -48.30000000
v -67.21208334 -17.40000000 -48.60000000
v -67.38384718 -17.40000000 -54.00000000
v -67.50000000 -17.40000000 -54.30000000
v -67.35405300 -17.70000000 -47.10000000
v -67.50000000 -17.70000000 -46.80000000
v -67.25902315 -17.70000000 -47.40000000
v -67.20687335 -17.70000000 -47.70000000
v -67.26166765 -17.70000000 -51.90000000
v -67.31634363 -17.70000000 -52.20000000
v -67.39646915 -17.70000000 -52.50000000
v -67.50000000 -17.70000000 -52.80000000
v -67.50000000 -17.67066955 -53.10000000
v -67.50000000 -17.64415839 -53.40000000
v -67.50000000 -17.59969152 -53.70000000
v -67.50000000 -17.51026240 -54.00000000
v -67.47049933 -18.00000000 -46.50000000
v -67.50000000 -17.90651387 -46.50000000
v -67.50000000 -18.00000000 -46.37181411
v -67.38284860 -18.00000000 -46.80000000
v -67.26966707 -18.00000000 -47.10000000
v -67.28948969 -18.00000000 -51.00000000
v -67.35904047 -18.00000000 -51.30000000
v -67.41805720 -18.00000000 -51.60000000
v -67.46932015 -18.00000000 -51.90000000
v -67.50000000 -18.00000000 -52.20000000
v -67.50000000 -17.81364695 -52.50000000
v -67.47116536 -18.30000000 -46.20000000
v -67.50000000 -18.16850115 -46.20000000
v -67.50000000 -18.30000000 -45.90000000
v -67.42392978 -18.30000000 -46.50000000
v -67.34060731 -18.30000000 -46.80000000
v -67.20000000 -18.30000000 -47.10000000
v -67.20000000 -18.30000000 -47.40000000
v -67.21236965 -18.30000000 -48.30000000
v -67.28423598 -18.30000000 -49.20000000
v -67.33785078 -18.30000000 -49.50000000
v -67.36977362 -18.30000000 -49.80000000
v -67.39249469 -18.30000000 -50.10000000
v -67.41597099 -18.30000000 -50.40000000
v -67.45613688 -18.30000000 -50.70000000
v -67.50000000 -18.26348614 -51.00000000
v -67.50000000 -18.30000000 -50.87510650
v -67.50000000 -18.16635491 -51.30000000
v -67.50000000 -18.08596759 -51.60000000
v -67.50000000 -18.02963831 -51.90000000
v -67.48697845 -18.60000000 -45.90000000
v -67.50000000 -18.60000000 -45.81895895
v -67.46690794 -18.60000000 -46.20000000
v -67.44361554 -18.60000000 -46.50000000
v -67.40238612 -18.60000000 -46.80000000
v -67.35396611 -18.60000000 -47.10000000
v -67.33571256 -18.60000000 -47.40000000
v -67.33274433 -18.60000000 -47.70000000
v -67.33467316 -18.60000000 -48.00000000
v -67.34180238 -18.60000000 -48.30000000
v -67.35747194 -18.60000000 -48.60000000
v -67.40226853 -18.60000000 -48.90000000
v -67.48164300 -18.60000000 -49.20000000
v -67.50000000 -18.53410701 -49.50000000
v -67.50000000 -18.60000000 -49.28026876
v -67.50000000 -18.47288312 -49.80000000
v -67.50000000 -18.42841992 -50.10000000
v -67.50000000 -18.39088103 -50.40000000
v -67.50000000 -18.34445164 -50.70000000
v -67.50000000 -18.88097107 -45.90000000
v -67.50000000 -18.79677739 -46.20000000
v -67.50000000 -18.79284917 -46.50000000
v -67.50000000 -18.81650655 -46.80000000
v -67.50000000 -18.83771645 -47.10000000
v -67.50000000 -18.84850979 -47.40000000
v -67.50000000 -18.85420918 -47.70000000
v -67.50000000 -18.85708150 -48.00000000
v -67.50000000 -18.85154414 -48.30000000
v -67.50000000 -18.81931502 -48.60000000
v -67.50000000 -18.73640800 -48.90000000
v -67.50000000 -18.62263999 -49.20000000
v -67.76679280 -15.30000000 -51.00000000
v -67.80000000 -15.26268803 -51.00000000
v -67.80000000 -15.30000000 -50.70000000
v -67.74616021 -15.30000000 -51.30000000
v -67.80000000 -15.24139461 -51.30000000
v -67.73601112 -15.30000000 -51.60000000
v -67.80000000 -15.23238084 -51.60000000
v -67.73465606 -15.30000000 -51.90000000
v -67.80000000 -15.23175806 -51.90000000
v -67.73778424 -15.30000000 -52.20000000
v -67.80000000 -15.23543734 -52.20000000
v -67.74278886 -15.30000000 -52.50000000
v -67.80000000 -15.24104108 -52.50000000
v -67.74863049 -15.30000000 -52.80000000
v -67.80000000 -15.24723790 -52.80000000
v -67.75482593 -15.30000000 -53.10000000
v -67.80000000 -15.25333533 -53.10000000
v -67.76174137 -15.30000000 -53.40000000
v -67.80000000 -15.25984677 -53.40000000
v -67.77031552 -15.30000000 -53.70000000
v -67.80000000 -15.26795066 -53.70000000
v -67.78143472 -15.30000000 -54.00000000
v -67.80000000 -15.27912612 -54.00000000
v -67.79437146 -15.30000000 -54.30000000
v -67.80000000 -15.29349196 -54.30000000
v -67.80000000 -15.30000000 -54.60000000
v -67.63816761 -15.60000000 -50.70000000
v -67.80000000 -15.60000000 -50.40000000
v -67.55819058 -15.60000000 -51.00000000
v -67.51861866 -15.60000000 -51.30000000
v -67.50264859 -15.60000000 -51.60000000
v -67.50054492 -15.60000000 -52.50000000
v -67.50349716 -15.60000000 -52.80000000
v -67.50824400 -15.60000000 -53.10000000
v -67.51597729 -15.60000000 -53.40000000
v -67.52981024 -15.60000000 -53.70000000
v -67.55271188 -15.60000000 -54.00000000
v -67.58513146 -15.60000000 -54.30000000
v -67.62465684 -15.60000000 -54.60000000
v -67.68085832 -15.60000000 -54.90000000
v -67.80000000 -15.30000000 -54.90000000
v -67.80000000 -15.60000000 -55.20000000
v -67.70107409 -15.90000000 -49.50000000
v -67.80000000 -15.74073238 -49.50000000
v -67.80000000 -15.90000000 -49.20000000
v -67.63543753 -15.90000000 -49.80000000
v -67.80000000 -15.66063583 -49.80000000
v -67.58364547 -15.90000000 -50.10000000
v -67.80000000 -15.62485689 -50.10000000
v -67.52029693 -15.90000000 -50.40000000
v -67.54998652 -15.90000000 -54.90000000
v -67.59778478 -15.90000000 -55.20000000
v -67.61140071 -15.90000000 -55.50000000
v -67.80000000 -15.60074496 -55.50000000
v -67.60657764 -15.90000000 -55.80000000
v -67.80000000 -15.60000000 -55.80000000
v -67.60072397 -15.90000000 -56.10000000
v -67.80000000 -15.60000000 -56.10000000
v -67.61489436 -15.90000000 -56.40000000
v -67.80000000 -15.62929650 -56.40000000
v -67.67881802 -15.90000000 -56.70000000
v -67.80000000 -15.74756353 -56.70000000
v -67.80000000 -15.90000000 -57.00000000
v -67.75095605 -16.20000000 -48.60000000
v -67.80000000 -16.13726514 -48.60000000
v -67.80000000 -16.20000000 -48.30000000
v -67.68228518 -16.20000000 -48.90000000
v -67.80000000 -16.03780906 -48.90000000
v -67.59431958 -16.20000000 -49.20000000
v -67.58568735 -16.20000000 -56.70000000
v -67.73902046 -16.20000000 -57.00000000
v -67.80000000 -16.20000000 -57.06905506
v -67.77130105 -16.50000000 -47.40000000
v -67.80000000 -16.46842094 -47.40000000
v -67.80000000 -16.50000000 -47.32725686
v -67.70608357 -16.50000000 -47.70000000
v -67.80000000 -16.39470341 -47.70000000
v -67.65746674 -16.50000000 -48.00000000
v -67.80000000 -16.31868141 -48.00000000
v -67.60728151 -16.50000000 -48.30000000
v -67.55549440 -16.50000000 -48.60000000
v -67.51453405 -16.50000000 -55.80000000
v -67.51246533 -16.50000000 -56.10000000
v -67.50000000 -16.50000000 -56.40000000
v -67.64902266 -16.50000000 -56.70000000
v -67.80000000 -16.50000000 -57.00000000
v -67.66959283 -16.80000000 -47.10000000
v -67.80000000 -16.62311313 -47.10000000
v -67.80000000 -16.80000000 -46.88226089
v -67.55731302 -16.80000000 -55.50000000
v -67.63771053 -16.80000000 -55.80000000
v -67.71651226 -16.80000000 -56.10000000
v -67.80000000 -16.80000000 -56.40000000
v -67.80000000 -16.66295630 -56.70000000
v -67.66252888 -17.10000000 -46.80000000
v -67.80000000 -16.87476340 -46.80000000
v -67.80000000 -17.10000000 -46.50000000
v -67.53852426 -17.10000000 -54.90000000
v -67.58423703 -17.10000000 -55.20000000
v -67.67417804 -17.10000000 -55.50000000
v -67.80000000 -17.00110314 -55.80000000
v -67.80000000 -17.10000000 -55.69139365
v -67.80000000 -16.86753754 -56.10000000
v -67.67083502 -17.40000000 -46.50000000
v -67.80000000 -17.40000000 -46.20000000
v -67.55311854 -17.40000000 -46.80000000
v -67.65014729 -17.40000000 -54.60000000
v -67.71679929 -17.40000000 -54.90000000
v -67.75986323 -17.40000000 -55.20000000
v -67.80000000 -17.40000000 -55.50000000
v -67.74986177 -17.70000000 -45.90000000
v -67.80000000 -17.59719562 -45.90000000
v -67.80000000 -17.70000000 -45.76588350
v -67.65052180 -17.70000000 -46.20000000
v -67.56456530 -17.70000000 -46.50000000
v -67.54680994 -17.70000000 -53.10000000
v -67.60610564 -17.70000000 -53.40000000
v -67.69639604 -17.70000000 -53.70000000
v -67.80000000 -17.70000000 -54.00000000
v -67.80000000 -17.62408918 -54.30000000
v -67.80000000 -17.54927805 -54.60000000
v -67.80000000 -17.48938624 -54.90000000
v -67.80000000 -17.43917632 -55.20000000
v -67.71919352 -18.00000000 -45.60000000
v -67.80000000 -17.83051531 -45.60000000
v -67.80000000 -18.00000000 -45.36942288
v -67.61650586 -18.00000000 -45.90000000
v -67.53947859 -18.00000000 -46.20000000
v -67.77430969 -18.00000000 -52.50000000
v -67.80000000 -17.90529950 -52.80000000
v -67.80000000 -18.00000000 -52.53806142
v -67.80000000 -17.83649862 -53.10000000
v -67.80000000 -17.78839874 -53.40000000
v -67.80000000 -17.74510653 -53.70000000
v -67.78507817 -18.30000000 -45.00000000
v -67.80000000 -18.26595350 -45.00000000
v -67.80000000 -18.30000000 -44.94250952
v -67.69775063 -18.30000000 -45.30000000
v -67.80000000 -18.05541719 -45.30000000
v -67.60367911 -18.30000000 -45.60000000
v -67.53706041 -18.30000000 -51.00000000
v -67.64466959 -18.30000000 -51.30000000
v -67.77497531 -18.30000000 -51.60000000
v -67.80000000 -18.21613118 -51.90000000
v -67.80000000 -18.30000000 -51.64975822
v -67.80000000 -18.12399969 -52.20000000
v -67.80000000 -18.01326317 -52.50000000
v -67.75461301 -18.60000000 -44.70000000
v -67.80000000 -18.46958737 -44.70000000
v -67.80000000 -18.60000000 -44.40000000
v -67.68752822 -18.60000000 -45.00000000
v -67.60969206 -18.60000000 -45.30000000
v -67.53785984 -18.60000000 -45.60000000
v -67.55351781 -18.60000000 -49.50000000
v -67.61396705 -18.60000000 -49.80000000
v -67.68165276 -18.60000000 -50.10000000
v -67.75096261 -18.60000000 -50.40000000
v -67.80000000 -18.60000000 -50.70000000
v -67.80000000 -18.50735320 -51.00000000
v -67.80000000 -18.41896314 -51.30000000
v -67.80000000 -18.31651814 -51.60000000
v -67.78459071 -18.90000000 -42.30000000
v -67.80000000 -18.85962110 -42.30000000
v -67.80000000 -18.90000000 -42.00000000
v -67.78752176 -18.90000000 -42.60000000
v -67.80000000 -18.86524301 -42.60000000
v -67.79549842 -18.90000000 -42.90000000
v -67.80000000 -18.88648923 -42.90000000
v -67.80000000 -18.90000000 -43.20000000
v -67.76340486 -18.90000000 -44.40000000
v -67.80000000 -18.90000000 -44.21968185
v -67.70248356 -18.90000000 -44.70000000
v -67.63578298 -18.90000000 -45.00000000
v -67.56258245 -18.90000000 -45.30000000
v -67.50000000 -18.90000000 -45.60000000
v -67.50098487 -18.90000000 -45.90000000
v -67.51896891 -18.90000000 -46.20000000
v -67.53378576 -18.90000000 -46.50000000
v -67.53993208 -18.90000000 -46.80000000
v -67.53935890 -18.90000000 -47.10000000
v -67.53611210 -18.90000000 -47.40000000
v -67.53281654 -18.90000000 -47.70000000
v -67.53062866 -18.90000000 -48.00000000
v -67.53421988 -18.90000000 -48.30000000
v -67.55694529 -18.90000000 -48.60000000
v -67.62499863 -18.90000000 -48.90000000
v -67.80000000 -18.90000000 -49.20000000
v -67.80000000 -18.87515136 -49.50000000
v -67.80000000 -18.80523841 -49.80000000
v -67.80000000 -18.70352427 -50.10000000
v -67.80000000 -18.63473552 -50.40000000
v -67.75779282 -19.20000000 -42.00000000
v -67.80000000 -19.20000000 -41.85695361
v -67.72353149 -19.20000000 -42.30000000
v -67.72240047 -19.20000000 -42.60000000
v -67.73966634 -19.20000000 -42.90000000
v -67.77065551 -19.20000000 -43.20000000
v -67.80000000 -19.20000000 -43.41751429
v -67.74824530 -19.20000000 -44.40000000
v -67.80000000 -19.20000000 -44.11082197
v -67.68974466 -19.20000000 -44.70000000
v -67.63633007 -19.20000000 -45.00000000
v -67.57666116 -19.20000000 -45.30000000
v -67.50000000 -19.20000000 -45.60000000
v -67.57411684 -19.20000000 -45.90000000
v -67.63355700 -19.20000000 -46.20000000
v -67.69186662 -19.20000000 -46.50000000
v -67.74248678 -19.20000000 -46.80000000
v -67.77497840 -19.20000000 -47.10000000
v -67.78818743 -19.20000000 -47.40000000
v -67.78841734 -19.20000000 -47.70000000
v -67.78535885 -19.20000000 -48.00000000
v -67.78844931 -19.20000000 -48.30000000
v -67.79854070 -19.20000000 -48.60000000
v -67.80000000 -19.20000000 -48.90000000
v -67.73333834 -19.50000000 -42.00000000
v -67.80000000 -19.50000000 -41.70000000
v -67.70181220 -19.50000000 -42.30000000
v -67.69986864 -19.50000000 -42.60000000
v -67.72065346 -19.50000000 -42.90000000
v -67.76025924 -19.50000000 -43.20000000
v -67.80000000 -19.50000000 -43.47284593
v -67.75636521 -19.50000000 -44.40000000
v -67.80000000 -19.50000000 -44.13630790
v -67.71458172 -19.50000000 -44.70000000
v -67.69113995 -19.50000000 -45.00000000
v -67.69035731 -19.50000000 -45.30000000
v -67.70727065 -19.50000000 -45.60000000
v -67.75231649 -19.50000000 -45.90000000
v -67.80000000 -19.50000000 -46.20000000
v -67.80000000 -19.35165291 -46.50000000
v -67.80000000 -19.26833142 -46.80000000
v -67.80000000 -19.22742292 -47.10000000
v -67.80000000 -19.21252630 -47.40000000
v -67.80000000 -19.21221201 -47.70000000
v -67.80000000 -19.21545784 -48.00000000
v -67.80000000 -19.21200769 -48.30000000
v -67.80000000 -19.20139148 -48.60000000
v -67.78079774 -19.80000000 -41.70000000
v -67.80000000 -19.80000000 -41.63042530
v -67.72972189 -19.80000000 -42.00000000
v -67.70968489 -19.80000000 -42.30000000
v -67.71272187 -19.80000000 -42.60000000
v -67.73220979 -19.80000000 -42.90000000
v -67.76791016 -19.80000000 -43.20000000
v -67.80000000 -19.80000000 -43.38547365
v -67.80000000 -19.80000000 -44.40000000
v -67.80000000 -19.80000000 -44.70000000
v -67.80000000 -19.80000000 -45.00000000
v -67.80000000 -19.67089484 -45.30000000
v -67.80000000 -19.60816225 -45.60000000
v -67.80000000 -19.55520626 -45.90000000
v -67.77878651 -20.10000000 -41.70000000
v -67.80000000 -20.10000000 -41.59924297
v -67.74909279 -20.10000000 -42.00000000
v -67.74493428 -20.10000000 -42.30000000
v -67.76014561 -20.10000000 -42.60000000
v -67.78373296 -20.10000000 -42.90000000
v -67.80000000 -20.10000000 -43.20000000
v -67.80000000 -20.40000000 -41.70000000
v -67.79631397 -20.40000000 -42.00000000
v -67.80000000 -20.36299999 -42.30000000
v -67.80000000 -20.40000000 -42.09543672
v -67.80000000 -20.25712581 -42.60000000
v -67.80000000 -20.14944661 -42.90000000
v -67.80000000 -20.41277550 -42.00000000
v -68.08580969 -15.30000000 -50.10000000
v -68.10000000 -15.28736174 -50.10000000
v -68.10000000 -15.30000000 -49.80000000
v -68.00542569 -15.30000000 -50.40000000
v -68.10000000 -15.22097530 -50.40000000
v -68.10000000 -15.11357786 -50.70000000
v -68.10000000 -15.00000000 -51.00000000
v -68.10000000 -15.00000000 -51.30000000
v -68.10000000 -15.00000000 -51.60000000
v -68.10000000 -15.00000000 -51.90000000
v -68.10000000 -15.00000000 -52.20000000
v -68.10000000 -15.00000000 -52.50000000
v -68.10000000 -15.00000000 -52.80000000
v -68.10000000 -15.00000000 -53.10000000
v -68.10000000 -15.00000000 -53.40000000
v -68.10000000 -15.00000000 -53.70000000
v -68.10000000 -15.00000000 -54.00000000
v -68.10000000 -15.00000000 -54.30000000
v -68.10000000 -15.09931701 -54.60000000
v -68.10000000 -15.15358868 -54.90000000
v -68.00375818 -15.30000000 -55.20000000
v -68.10000000 -15.22458544 -55.20000000
v -68.06959201 -15.30000000 -55.50000000
v -68.10000000 -15.27442542 -55.50000000
v -68.08725608 -15.30000000 -55.80000000
v -68.10000000 -15.28986380 -55.80000000
v -68.08533965 -15.30000000 -56.10000000
v -68.10000000 -15.28920958 -56.10000000
v -68.10000000 -15.30000000 -56.40000000
v -67.98834358 -15.60000000 -49.20000000
v -68.10000000 -15.30000000 -49.20000000
v -68.10000000 -15.60000000 -49.04462261
v -67.88817809 -15.60000000 -49.50000000
v -68.10000000 -15.30000000 -49.50000000
v -67.84399992 -15.60000000 -49.80000000
v -67.82025616 -15.60000000 -50.10000000
v -67.80051691 -15.60000000 -55.50000000
v -67.82901752 -15.60000000 -56.40000000
v -68.10000000 -15.60000000 -56.70000000
v -68.03150041 -15.90000000 -48.60000000
v -68.10000000 -15.83985394 -48.60000000
v -68.10000000 -15.90000000 -48.30000000
v -67.92459880 -15.90000000 -48.90000000
v -68.10000000 -15.72274136 -48.90000000
v -68.10000000 -15.80246128 -57.00000000
v -68.10000000 -15.90000000 -57.10405473
v -68.05876176 -16.20000000 -47.40000000
v -68.10000000 -16.16270766 -47.40000000
v -68.10000000 -16.20000000 -47.10000000
v -68.00758697 -16.20000000 -47.70000000
v -68.10000000 -16.12241641 -47.70000000
v -67.91995566 -16.20000000 -48.00000000
v -68.10000000 -16.05098880 -48.00000000
v -68.10000000 -16.20000000 -57.30000000
v -67.89580378 -16.50000000 -47.10000000
v -68.10000000 -16.50000000 -46.80000000
v -68.10000000 -16.50000000 -57.12282840
v -68.09277862 -16.80000000 -46.50000000
v -68.10000000 -16.79251723 -46.50000000
v -68.10000000 -16.80000000 -46.49051097
v -67.85624420 -16.80000000 -46.80000000
v -68.10000000 -16.79492767 -56.70000000
v -68.10000000 -16.80000000 -56.68778907
v -68.10000000 -16.61461450 -57.00000000
v -68.08430028 -17.10000000 -45.90000000
v -68.10000000 -17.08242168 -45.90000000
v -68.10000000 -17.10000000 -45.60000000
v -67.99770696 -17.10000000 -46.20000000
v -68.10000000 -16.99607818 -46.20000000
v -68.10000000 -17.10000000 -55.80000000
v -68.10000000 -16.98474828 -56.10000000
v -68.10000000 -16.90684245 -56.40000000
v -68.02582397 -17.40000000 -45.60000000
v -68.10000000 -17.40000000 -45.49193208
v -67.90249669 -17.40000000 -45.90000000
v -68.10000000 -17.40000000 -55.54218236
v -68.00974008 -17.70000000 -45.30000000
v -68.10000000 -17.58300474 -45.30000000
v -68.10000000 -17.70000000 -45.00000000
v -67.87200716 -17.70000000 -45.60000000
v -67.98140337 -17.70000000 -54.30000000
v -68.07184125 -17.70000000 -54.60000000
v -68.10000000 -17.70000000 -54.90000000
v -68.10000000 -17.58206054 -55.20000000
v -68.10000000 -17.43481164 -55.50000000
v -68.03874017 -18.00000000 -44.70000000
v -68.10000000 -17.92383375 -44.70000000
v -68.10000000 -18.00000000 -44.40000000
v -67.93242376 -18.00000000 -45.00000000
v -67.82641341 -18.00000000 -45.30000000
v -68.05322112 -18.00000000 -52.80000000
v -68.10000000 -17.94304576 -53.10000000
v -68.10000000 -18.00000000 -52.86532797
v -68.10000000 -17.88567330 -53.40000000
v -68.10000000 -17.83387345 -53.70000000
v -68.10000000 -17.78511618 -54.00000000
v -68.10000000 -17.74036197 -54.30000000
v -68.10000000 -17.71158832 -54.60000000
v -68.07028720 -18.30000000 -42.90000000
v -68.10000000 -18.25419051 -42.90000000
v -68.10000000 -18.30000000 -42.60000000
v -68.03938676 -18.30000000 -43.20000000
v -68.10000000 -18.00000000 -43.20000000
v -68.08290696 -18.30000000 -43.50000000
v -68.10000000 -18.27273153 -43.50000000
v -68.10000000 -18.30000000 -43.80000000
v -68.05695918 -18.30000000 -44.10000000
v -68.10000000 -18.24482900 -44.10000000
v -67.95172068 -18.30000000 -44.40000000
v -67.86840191 -18.30000000 -44.70000000
v -68.03138333 -18.30000000 -51.90000000
v -68.10000000 -18.20826154 -52.20000000
v -68.10000000 -18.30000000 -51.96021153
v -68.10000000 -18.10525237 -52.50000000
v -68.10000000 -18.01590897 -52.80000000
v -67.95945234 -18.60000000 -42.00000000
v -68.10000000 -18.30000000 -42.00000000
v -68.10000000 -18.60000000 -41.70000000
v -67.91439135 -18.60000000 -42.30000000
v -68.10000000 -18.30000000 -42.30000000
v -67.90720570 -18.60000000 -42.60000000
v -67.90912550 -18.60000000 -42.90000000
v -67.91945431 -18.60000000 -43.20000000
v -67.93920123 -18.60000000 -43.50000000
v -67.93929255 -18.60000000 -43.80000000
v -67.89610368 -18.60000000 -44.10000000
v -67.98581526 -18.60000000 -51.00000000
v -68.10000000 -18.60000000 -51.30000000
v -68.10000000 -18.44722326 -51.60000000
v -68.10000000 -18.32279786 -51.90000000
v -67.94281496 -18.90000000 -41.70000000
v -68.10000000 -18.90000000 -41.40000000
v -67.84786441 -18.90000000 -43.50000000
v -67.85896412 -18.90000000 -43.80000000
v -67.82526826 -18.90000000 -44.10000000
v -67.82186671 -18.90000000 -49.50000000
v -67.89653916 -18.90000000 -49.80000000
v -68.10000000 -18.87007584 -50.10000000
v -68.10000000 -18.90000000 -50.05268794
v -68.10000000 -18.76427376 -50.40000000
v -68.10000000 -18.70280288 -50.70000000
v -68.10000000 -18.64623627 -51.00000000
v -68.02458617 -19.20000000 -41.40000000
v -68.10000000 -19.20000000 -41.30965755
v -67.85493280 -19.20000000 -41.70000000
v -67.81123354 -19.20000000 -43.50000000
v -67.82957051 -19.20000000 -43.80000000
v -67.80194045 -19.20000000 -44.10000000
v -68.03652797 -19.20000000 -49.20000000
v -68.09378644 -19.20000000 -49.50000000
v -68.10000000 -19.20000000 -49.80000000
v -67.93229531 -19.50000000 -41.40000000
v -68.10000000 -19.50000000 -41.10000000
v -67.80395684 -19.50000000 -43.50000000
v -67.82850502 -19.50000000 -43.80000000
v -67.80623855 -19.50000000 -44.10000000
v -67.93518571 -19.50000000 -46.50000000
v -68.03275463 -19.50000000 -46.80000000
v -68.08199068 -19.50000000 -47.10000000
v -68.10000000 -19.50000000 -47.40000000
v -68.10000000 -19.50000000 -47.70000000
v -68.10000000 -19.50000000 -48.00000000
v -68.10000000 -19.50000000 -48.30000000
v -68.10000000 -19.39266852 -48.60000000
v -68.10000000 -19.32171906 -48.90000000
v -68.10000000 -19.24246336 -49.20000000
v -68.10000000 -19.20462658 -49.50000000
v -67.98541294 -19.80000000 -41.10000000
v -68.10000000 -19.80000000 -40.80000000
v -67.87035931 -19.80000000 -41.40000000
v -67.82110181 -19.80000000 -43.50000000
v -67.85508061 -19.80000000 -43.80000000
v -67.84754909 -19.80000000 -44.10000000
v -67.91115452 -19.80000000 -45.30000000
v -68.00271838 -19.80000000 -45.60000000
v -68.05949583 -19.80000000 -45.90000000
v -68.10000000 -19.80000000 -46.20000000
v -68.10000000 -19.63991082 -46.50000000
v -68.10000000 -19.55720929 -46.80000000
v -68.10000000 -19.51575717 -47.10000000
v -67.94725061 -20.10000000 -41.10000000
v -68.10000000 -20.10000000 -40.80000000
v -67.84489550 -20.10000000 -41.40000000
v -67.89196010 -20.10000000 -43.50000000
v -67.93218934 -20.10000000 -43.80000000
v -67.95326980 -20.10000000 -44.10000000
v -67.99803368 -20.10000000 -44.40000000
v -68.05010686 -20.10000000 -44.70000000
v -68.10000000 -20.10000000 -45.00000000
v -68.10000000 -19.95374984 -45.30000000
v -68.10000000 -19.87606092 -45.60000000
v -68.10000000 -19.83169104 -45.90000000
v -67.94751815 -20.40000000 -41.10000000
v -68.10000000 -20.40000000 -40.80000000
v -67.85837267 -20.40000000 -41.40000000
v -67.80821997 -20.40000000 -42.30000000
v -67.83953803 -20.40000000 -42.60000000
v -67.90231102 -20.40000000 -42.90000000
v -68.00144299 -20.40000000 -43.20000000
v -68.08777030 -20.40000000 -43.50000000
v -68.10000000 -20.40000000 -43.80000000
v -68.10000000 -20.40000000 -44.10000000
v -68.10000000 -20.21174168 -44.40000000
v -68.10000000 -20.14409682 -44.70000000
v -68.09996470 -20.70000000 -40.80000000
v -68.10000000 -20.70000000 -40.79995003
v -67.98067701 -20.70000000 -41.10000000
v -67.92076572 -20.70000000 -41.40000000
v -67.89133266 -20.70000000 -41.70000000
v -67.89270382 -20.70000000 -42.00000000
v -67.91219968 -20.70000000 -42.30000000
v -67.94667339 -20.70000000 -42.60000000
v -68.03167195 -20.70000000 -42.90000000
v -68.10000000 -20.52283105 -43.20000000
v -68.10000000 -20.70000000 -43.00847856
v -68.10000000 -20.41281079 -43.50000000
v -68.10000000 -21.00000000 -40.80000000
v -68.08158828 -21.00000000 -41.10000000
v -68.04464905 -21.00000000 -41.40000000
v -68.00715056 -21.00000000 -41.70000000
v -68.04424294 -21.00000000 -42.00000000
v -68.08680535 -21.00000000 -42.30000000
v -68.09996175 -21.00000000 -42.60000000
v -68.10000000 -21.00000000 -42.90000000
v -68.10000000 -21.02522611 -41.10000000
v -68.10000000 -21.08378180 -41.40000000
v -68.10000000 -21.30000000 -41.70000000
v -68.10000000 -21.08021986 -42.00000000
v -68.10000000 -21.01616910 -42.30000000
v -68.10000000 -21.00004601 -42.60000000
v -68.40000000 -14.93885245 -51.00000000
v -68.40000000 -15.00000000 -50.70000000
v -68.40000000 -14.91541434 -51.30000000
v -68.40000000 -14.90894589 -51.60000000
v -68.40000000 -14.90175708 -51.90000000
v -68.40000000 -14.88563566 -52.20000000
v -68.40000000 -14.85933000 -52.50000000
v -68.40000000 -14.83233754 -52.80000000
v -68.40000000 -14.82654748 -53.10000000
v -68.40000000 -14.82847244 -53.40000000
v -68.40000000 -14.83304412 -53.70000000
v -68.40000000 -14.84774066 -54.00000000
v -68.40000000 -14.89077466 -54.30000000
v -68.40000000 -15.00000000 -54.60000000
v -68.40000000 -15.23537425 -49.20000000
v -68.40000000 -15.30000000 -49.09490643
v -68.40000000 -15.15033272 -49.50000000
v -68.40000000 -15.11862934 -49.80000000
v -68.40000000 -15.09299521 -50.10000000
v -68.40000000 -15.05229707 -50.40000000
v -68.40000000 -15.01009896 -54.90000000
v -68.40000000 -15.04821396 -55.20000000
v -68.40000000 -15.09626363 -55.50000000
v -68.40000000 -15.12962050 -55.80000000
v -68.40000000 -15.17247025 -56.10000000
v -68.40000000 -15.28031107 -56.40000000
v -68.40000000 -15.30000000 -56.42779927
v -68.40000000 -15.60000000 -48.90000000
v -68.40000000 -15.60000000 -56.70000000
v -68.40000000 -15.70502235 -48.30000000
v -68.40000000 -15.90000000 -48.00000000
v -68.40000000 -15.61894099 -48.60000000
v -68.40000000 -15.86212545 -57.00000000
v -68.40000000 -15.90000000 -57.04066128
v -68.40000000 -16.00915585 -47.10000000
v -68.40000000 -16.20000000 -46.80000000
v -68.40000000 -15.92297007 -47.40000000
v -68.40000000 -15.90000000 -47.70000000
v -68.40000000 -16.20000000 -57.30000000
v -68.40000000 -16.50000000 -46.50000000
v -68.40000000 -16.50000000 -57.11740925
v -68.40000000 -16.80000000 -46.20000000
v -68.40000000 -16.80000000 -56.70000000
v -68.40000000 -16.61169047 -57.00000000
v -68.40000000 -16.92929854 -45.60000000
v -68.40000000 -17.10000000 -45.40644911
v -68.40000000 -16.83234352 -45.90000000
v -68.40000000 -17.10000000 -55.80000000
v -68.40000000 -17.07733928 -56.10000000
v -68.40000000 -16.96221737 -56.40000000
v -68.40000000 -17.40000000 -45.30000000
v -68.40000000 -17.40000000 -55.59503235
v -68.40000000 -17.47322650 -45.00000000
v -68.40000000 -17.70000000 -44.70000000
v -68.40000000 -17.60801915 -55.20000000
v -68.40000000 -17.70000000 -54.90003440
v -68.40000000 -17.46024818 -55.50000000
v -68.40000000 -17.86826662 -43.20000000
v -68.40000000 -18.00000000 -42.90000000
v -68.40000000 -18.00000000 -43.50000000
v -68.40000000 -17.78935623 -44.40000000
v -68.40000000 -18.00000000 -44.10000000
v -68.40000000 -18.00000000 -53.10000000
v -68.40000000 -17.95450435 -53.40000000
v -68.40000000 -17.88568949 -53.70000000
v -68.40000000 -17.82330225 -54.00000000
v -68.40000000 -17.77630237 -54.30000000
v -68.40000000 -17.74070487 -54.60000000
v -68.40000000 -17.70000910 -54.90000000
v -68.40000000 -18.05461558 -42.00000000
v -68.40000000 -18.30000000 -41.70000000
v -68.40000000 -18.00000000 -42.30000000
v -68.40000000 -18.00000000 -42.60000000
v -68.40000000 -18.00000000 -43.80000000
v -68.40000000 -18.24449744 -52.20000000
v -68.40000000 -18.30000000 -52.06432793
v -68.40000000 -18.14202387 -52.50000000
v -68.40000000 -18.06195074 -52.80000000
v -68.40000000 -18.60000000 -41.40000000
v -68.40000000 -18.49599424 -51.60000000
v -68.40000000 -18.60000000 -51.34551553
v -68.40000000 -18.36664645 -51.90000000
v -68.40000000 -18.90000000 -41.17218228
v -68.40000000 -18.90000000 -50.10000000
v -68.40000000 -18.83865743 -50.40000000
v -68.40000000 -18.76782324 -50.70000000
v -68.40000000 -18.69733353 -51.00000000
v -68.40000000 -18.61715511 -51.30000000
v -68.40000000 -19.20000000 -41.10000000
v -68.40000000 -19.20000000 -49.86342630
v -68.40000000 -19.50000000 -40.80000000
v -68.40000000 -19.50000000 -48.60000000
v -68.40000000 -19.42403639 -48.90000000
v -68.40000000 -19.37204652 -49.20000000
v -68.40000000 -19.32443371 -49.50000000
v -68.40000000 -19.23783999 -49.80000000
v -68.40000000 -19.80000000 -40.58658115
v -68.40000000 -19.80000000 -46.50000000
v -68.40000000 -19.78287670 -46.80000000
v -68.40000000 -19.76394701 -47.10000000
v -68.40000000 -19.74376395 -47.40000000
v -68.40000000 -19.72297676 -47.70000000
v -68.40000000 -19.69132728 -48.00000000
v -68.40000000 -19.62806382 -48.30000000
v -68.40000000 -20.10000000 -40.50000000
v -68.40000000 -20.10000000 -45.30000000
v -68.40000000 -20.07712252 -45.60000000
v -68.40000000 -20.03433151 -45.90000000
v -68.40000000 -19.95372423 -46.20000000
v -68.40000000 -20.40000000 -40.50000000
v -68.40000000 -20.40000000 -44.40000000
v -68.40000000 -20.36172439 -44.70000000
v -68.40000000 -20.27277091 -45.00000000
v -68.40000000 -20.70000000 -40.50000000
v -68.40000000 -20.70000000 -43.20000000
v -68.40000000 -20.63581424 -43.50000000
v -68.40000000 -20.56854747 -43.80000000
v -68.40000000 -20.51572215 -44.10000000
v -68.40000000 -21.00000000 -40.51740178
v -68.40000000 -21.00000000 -43.07858952
v -68.40000000 -21.24134093 -40.80000000
v -68.40000000 -21.30000000 -41.10000000
v -68.40000000 -21.30000000 -41.40000000
v -68.40000000 -21.30000000 -42.00000000
v -68.40000000 -21.30000000 -42.30000000
v -68.40000000 -21.26674407 -42.60000000
v -68.40000000 -21.15972779 -42.90000000
v -68.40000000 -21.38556020 -41.70000000
v -68.64184906 -15.00000000 -50.10000000
v -68.70000000 -14.97989626 -50.10000000
v -68.70000000 -15.00000000 -49.85997019
v -68.55691329 -15.00000000 -50.40000000
v -68.70000000 -14.95745436 -50.40000000
v -68.70000000 -14.93295735 -50.70000000
v -68.70000000 -14.90819502 -51.00000000
v -68.70000000 -14.89170001 -51.30000000
v -68.70000000 -14.88291285 -51.60000000
v -68.70000000 -14.87002149 -51.90000000
v -68.70000000 -14.84046392 -52.20000000
v -68.70000000 -14.78463094 -52.50000000
v -68.70000000 -14.70000000 -52.80000000
v -68.70000000 -14.70571520 -53.10000000
v -68.70000000 -14.70659037 -53.40000000
v -68.70000000 -14.71069465 -53.70000000
v -68.70000000 -14.72767927 -54.00000000
v -68.70000000 -14.76035455 -54.30000000
v -68.70000000 -14.80414751 -54.60000000
v -68.41867229 -15.00000000 -54.90000000
v -68.70000000 -14.84683261 -54.90000000
v -68.50509494 -15.00000000 -55.20000000
v -68.70000000 -14.91464783 -55.20000000
v -68.70000000 -15.00000000 -55.50000000
v -68.68596265 -15.30000000 -48.60000000
v -68.70000000 -15.28813274 -48.60000000
v -68.70000000 -15.30000000 -48.30000000
v -68.59018309 -15.30000000 -48.90000000
v -68.70000000 -15.22239865 -48.90000000
v -68.70000000 -15.11834020 -49.20000000
v -68.70000000 -15.04560354 -49.50000000
v -68.70000000 -15.00524930 -49.80000000
v -68.70000000 -15.05123626 -55.80000000
v -68.70000000 -15.12877074 -56.10000000
v -68.70000000 -15.27933307 -56.40000000
v -68.70000000 -15.30000000 -56.42410087
v -68.50634738 -15.60000000 -48.30000000
v -68.70000000 -15.60000000 -48.00000000
v -68.42025565 -15.60000000 -48.60000000
v -68.70000000 -15.60000000 -56.61802508
v -68.52639037 -15.90000000 -47.10000000
v -68.70000000 -15.72564801 -47.10000000
v -68.70000000 -15.90000000 -46.80000000
v -68.42644448 -15.90000000 -47.40000000
v -68.70000000 -15.63070901 -47.40000000
v -68.70000000 -15.60772648 -47.70000000
v -68.70000000 -15.90000000 -56.70000000
v -68.45111120 -15.90000000 -57.00000000
v -68.61795117 -16.20000000 -46.50000000
v -68.70000000 -16.10176535 -46.50000000
v -68.70000000 -16.20000000 -46.35253410
v -68.70000000 -16.20000000 -57.00000000
v -68.67451662 -16.50000000 -45.90000000
v -68.70000000 -16.46630823 -45.90000000
v -68.70000000 -16.50000000 -45.81929551
v -68.56699502 -16.50000000 -46.20000000
v -68.70000000 -16.30788633 -46.20000000
v -68.70000000 -16.50000000 -57.00000000
v -68.65289119 -16.80000000 -45.30000000
v -68.70000000 -16.73599238 -45.30000000
v -68.70000000 -16.80000000 -45.18295977
v -68.51815942 -16.80000000 -45.60000000
v -68.70000000 -16.59062820 -45.60000000
v -68.43193740 -16.80000000 -45.90000000
v -68.70000000 -16.67512514 -56.70000000
v -68.70000000 -16.80000000 -56.54872548
v -68.60880788 -17.10000000 -45.00000000
v -68.70000000 -16.92439134 -45.00000000
v -68.70000000 -17.10000000 -44.70000000
v -68.47622785 -17.10000000 -45.30000000
v -68.46119336 -17.10000000 -56.10000000
v -68.70000000 -16.92436064 -56.40000000
v -68.70000000 -17.10000000 -56.22296632
v -68.57024589 -17.40000000 -44.70000000
v -68.70000000 -17.40000000 -44.40000000
v -68.45676552 -17.40000000 -45.00000000
v -68.66883184 -17.40000000 -55.80000000
v -68.70000000 -17.40000000 -56.10000000
v -68.63756225 -17.70000000 -42.00000000
v -68.70000000 -17.58177263 -42.00000000
v -68.70000000 -17.70000000 -41.79573076
v -68.58538505 -17.70000000 -42.30000000
v -68.70000000 -17.47587185 -42.30000000
v -68.56103488 -17.70000000 -42.60000000
v -68.70000000 -17.42004460 -42.60000000
v -68.54273811 -17.70000000 -42.90000000
v -68.70000000 -17.40000000 -42.90000000
v -68.52489459 -17.70000000 -43.20000000
v -68.70000000 -17.40000000 -43.20000000
v -68.55003504 -17.70000000 -43.50000000
v -68.70000000 -17.41107248 -43.50000000
v -68.56357301 -17.70000000 -43.80000000
v -68.70000000 -17.42184370 -43.80000000
v -68.54661356 -17.70000000 -44.10000000
v -68.70000000 -17.41906311 -44.10000000
v -68.47630192 -17.70000000 -44.40000000
v -68.70000000 -17.70000000 -54.60000000
v -68.40005862 -17.70000000 -54.90000000
v -68.70000000 -17.64952869 -54.90000000
v -68.70000000 -17.57599510 -55.20000000
v -68.70000000 -17.47998469 -55.50000000
v -68.70000000 -17.41343669 -55.80000000
v -68.56320427 -18.00000000 -41.70000000
v -68.70000000 -17.75615182 -41.70000000
v -68.70000000 -18.00000000 -41.40000000
v -68.44336020 -18.00000000 -42.00000000
v -68.70000000 -18.00000000 -53.40000000
v -68.70000000 -17.88821923 -53.70000000
v -68.70000000 -17.80783466 -54.00000000
v -68.70000000 -17.74845239 -54.30000000
v -68.54851790 -18.30000000 -41.40000000
v -68.70000000 -18.30000000 -41.10000000
v -68.70000000 -18.22782595 -52.20000000
v -68.70000000 -18.30000000 -52.03571918
v -68.70000000 -18.12592040 -52.50000000
v -68.70000000 -18.05711034 -52.80000000
v -68.70000000 -18.01402965 -53.10000000
v -68.57323018 -18.60000000 -41.10000000
v -68.70000000 -18.60000000 -40.87561786
v -68.70000000 -18.49463812 -51.60000000
v -68.70000000 -18.60000000 -51.34037829
v -68.70000000 -18.35870200 -51.90000000
v -68.64630410 -18.90000000 -40.80000000
v -68.70000000 -18.72987014 -40.80000000
v -68.70000000 -18.90000000 -40.70002692
v -68.46014288 -18.90000000 -41.10000000
v -68.70000000 -18.90000000 -50.40000000
v -68.70000000 -18.79288203 -50.70000000
v -68.70000000 -18.70996168 -51.00000000
v -68.70000000 -18.61546874 -51.30000000
v -68.55518759 -19.20000000 -40.80000000
v -68.70000000 -19.20000000 -40.57188812
v -68.70000000 -19.20000000 -50.10000000
v -68.70000000 -19.50000000 -40.50000000
v -68.70000000 -19.50000000 -48.90000000
v -68.70000000 -19.45221988 -49.20000000
v -68.70000000 -19.38965890 -49.50000000
v -68.70000000 -19.30127028 -49.80000000
v -68.48491283 -19.80000000 -40.50000000
v -68.70000000 -19.80000000 -40.20000000
v -68.42082556 -19.80000000 -46.80000000
v -68.44405802 -19.80000000 -47.10000000
v -68.47246786 -19.80000000 -47.40000000
v -68.51026806 -19.80000000 -47.70000000
v -68.57706653 -19.80000000 -48.00000000
v -68.70000000 -19.80000000 -48.30000000
v -68.70000000 -19.65157227 -48.60000000
v -68.60180726 -20.10000000 -40.20000000
v -68.70000000 -20.10000000 -40.03047809
v -68.42965023 -20.10000000 -45.60000000
v -68.48730431 -20.10000000 -45.90000000
v -68.58859337 -20.10000000 -46.20000000
v -68.70000000 -20.10000000 -46.50000000
v -68.70000000 -20.04956240 -46.80000000
v -68.70000000 -20.01415710 -47.10000000
v -68.70000000 -19.97809215 -47.40000000
v -68.70000000 -19.93329514 -47.70000000
v -68.70000000 -19.87522238 -48.00000000
v -68.55408229 -20.40000000 -40.20000000
v -68.70000000 -20.40000000 -39.90000000
v -68.44427537 -20.40000000 -44.70000000
v -68.54323756 -20.40000000 -45.00000000
v -68.70000000 -20.40000000 -45.30000000
v -68.70000000 -20.34215349 -45.60000000
v -68.70000000 -20.28033453 -45.90000000
v -68.70000000 -20.19642583 -46.20000000
v -68.68541918 -20.70000000 -39.90000000
v -68.70000000 -20.70000000 -39.87389516
v -68.54501790 -20.70000000 -40.20000000
v -68.47604343 -20.70000000 -43.50000000
v -68.70000000 -20.70000000 -43.80000000
v -68.70000000 -20.70000000 -44.10000000
v -68.70000000 -20.70000000 -44.40000000
v -68.70000000 -20.67187343 -44.70000000
v -68.70000000 -20.58215424 -45.00000000
v -68.70000000 -21.00000000 -39.90000000
v -68.57812707 -21.00000000 -40.20000000
v -68.41201285 -21.00000000 -40.50000000
v -68.50456093 -21.00000000 -43.20000000
v -68.68916764 -21.00000000 -43.50000000
v -68.70000000 -21.00000000 -43.52147296
v -68.70000000 -21.30000000 -40.20000000
v -68.57669797 -21.30000000 -40.50000000
v -68.45408127 -21.30000000 -40.80000000
v -68.43946647 -21.30000000 -42.60000000
v -68.55322938 -21.30000000 -42.90000000
v -68.70000000 -21.28138844 -43.20000000
v -68.70000000 -21.30000000 -43.17274836
v -68.70000000 -21.01932727 -43.50000000
v -68.70000000 -21.44426796 -40.50000000
v -68.70000000 -21.53801261 -40.80000000
v -68.70000000 -21.58219175 -41.10000000
v -68.70000000 -21.60000000 -41.40000000
v -68.67335310 -21.60000000 -41.70000000
v -68.68878470 -21.60000000 -42.00000000
v -68.70000000 -21.57651065 -42.30000000
v -68.70000000 -21.60000000 -42.08834231
v -68.70000000 -21.52149536 -42.60000000
v -68.70000000 -21.43163952 -42.90000000
v -68.70000000 -21.62292394 -41.70000000
v -68.70000000 -21.61023531 -42.00000000
v -68.73497013 -14.70000000 -53.10000000
v -69.00000000 -14.66039536 -53.10000000
v -69.00000000 -14.70000000 -52.85572036
v -68.72576452 -14.70000000 -53.40000000
v -69.00000000 -14.63446702 -53.40000000
v -68.73737452 -14.70000000 -53.70000000
v -69.00000000 -14.62928815 -53.70000000
v -68.78919183 -14.70000000 -54.00000000
v -69.00000000 -14.63840424 -54.00000000
v -68.86584961 -14.70000000 -54.30000000
v -69.00000000 -14.65522329 -54.30000000
v -68.93382897 -14.70000000 -54.60000000
v -69.00000000 -14.67466764 -54.60000000
v -69.00000000 -14.70000000 -54.90000000
v -68.86491766 -15.00000000 -49.50000000
v -69.00000000 -14.96551509 -49.50000000
v -69.00000000 -15.00000000 -49.20000000
v -68.72272050 -15.00000000 -49.80000000
v -69.00000000 -14.93996850 -49.80000000
v -69.00000000 -14.92489956 -50.10000000
v -69.00000000 -14.92110164 -50.40000000
v -69.00000000 -14.92119612 -50.70000000
v -69.00000000 -14.91965406 -51.00000000
v -69.00000000 -14.91501018 -51.30000000
v -69.00000000 -14.91029465 -51.60000000
v -69.00000000 -14.89924387 -51.90000000
v -69.00000000 -14.86514225 -52.20000000
v -69.00000000 -14.79694273 -52.50000000
v -69.00000000 -14.71044741 -52.80000000
v -69.00000000 -14.81771665 -55.20000000
v -69.00000000 -14.92664906 -55.50000000
v -69.00000000 -15.00000000 -55.72037174
v -68.93477014 -15.30000000 -48.00000000
v -69.00000000 -15.25279160 -48.00000000
v -69.00000000 -15.30000000 -47.70000000
v -69.00000000 -15.17062685 -48.30000000
v -69.00000000 -15.11347359 -48.60000000
v -69.00000000 -15.05989450 -48.90000000
v -69.00000000 -15.02952673 -55.80000000
v -69.00000000 -15.15405728 -56.10000000
v -69.00000000 -15.30000000 -56.40000000
v -68.80839742 -15.60000000 -47.10000000
v -69.00000000 -15.30000000 -47.10000000
v -69.00000000 -15.60000000 -46.80000000
v -68.72788514 -15.60000000 -47.40000000
v -69.00000000 -15.30000000 -47.40000000
v -68.70739041 -15.60000000 -47.70000000
v -69.00000000 -15.60000000 -56.47624631
v -68.86869507 -15.90000000 -46.50000000
v -69.00000000 -15.74591501 -46.50000000
v -69.00000000 -15.90000000 -46.23329192
v -69.00000000 -15.90000000 -56.50957730
v -68.99032462 -16.20000000 -45.60000000
v -69.00000000 -16.18712194 -45.60000000
v -69.00000000 -16.20000000 -45.56545510
v -68.89514115 -16.20000000 -45.90000000
v -69.00000000 -16.06274228 -45.90000000
v -68.77706989 -16.20000000 -46.20000000
v -69.00000000 -15.91875790 -46.20000000
v -68.86328984 -16.20000000 -56.70000000
v -69.00000000 -16.20000000 -56.52288585
v -68.93872326 -16.50000000 -45.00000000
v -69.00000000 -16.41034689 -45.00000000
v -69.00000000 -16.50000000 -44.70000000
v -68.85785249 -16.50000000 -45.30000000
v -69.00000000 -16.30253680 -45.30000000
v -68.76689999 -16.50000000 -45.60000000
v -68.83170579 -16.50000000 -56.70000000
v -69.00000000 -16.50000000 -56.45058365
v -68.99992374 -16.80000000 -42.60000000
v -69.00000000 -16.79986955 -42.60000000
v -69.00000000 -16.80000000 -42.30000000
v -69.00000000 -16.80000000 -42.90000000
v -68.98093391 -16.80000000 -44.10000000
v -69.00000000 -16.76574418 -44.10000000
v -69.00000000 -16.80000000 -43.80000000
v -68.92766883 -16.80000000 -44.40000000
v -69.00000000 -16.66425983 -44.40000000
v -68.84916193 -16.80000000 -44.70000000
v -68.76295270 -16.80000000 -45.00000000
v -68.84864884 -16.80000000 -56.40000000
v -69.00000000 -16.57990709 -56.40000000
v -69.00000000 -16.80000000 -56.26887174
v -68.92305597 -17.10000000 -42.00000000
v -69.00000000 -16.93550433 -42.00000000
v -69.00000000 -17.10000000 -41.70000000
v -68.87174885 -17.10000000 -42.30000000
v -68.85030908 -17.10000000 -42.60000000
v -68.84468961 -17.10000000 -42.90000000
v -68.84628432 -17.10000000 -43.20000000
v -69.00000000 -16.80000000 -43.20000000
v -68.85013679 -17.10000000 -43.50000000
v -69.00000000 -16.80000000 -43.50000000
v -68.85129968 -17.10000000 -43.80000000
v -68.83865882 -17.10000000 -44.10000000
v -68.79618952 -17.10000000 -44.40000000
v -68.93799211 -17.10000000 -56.10000000
v -69.00000000 -17.05106167 -56.10000000
v -69.00000000 -17.10000000 -56.06136941
v -68.87403653 -17.40000000 -41.70000000
v -69.00000000 -17.40000000 -41.40000000
v -68.78900202 -17.40000000 -42.00000000
v -68.73669222 -17.40000000 -42.30000000
v -68.70949205 -17.40000000 -42.60000000
v -68.70527016 -17.40000000 -43.50000000
v -68.71026530 -17.40000000 -43.80000000
v -68.70936267 -17.40000000 -44.10000000
v -69.00000000 -17.40000000 -55.80000000
v -68.99112004 -17.70000000 -41.10000000
v -69.00000000 -17.68232927 -41.10000000
v -69.00000000 -17.70000000 -41.08250264
v -68.84996670 -17.70000000 -41.40000000
v -68.72893483 -17.70000000 -41.70000000
v -68.85606569 -17.70000000 -54.30000000
v -69.00000000 -17.64897145 -54.30000000
v -69.00000000 -17.70000000 -54.11587298
v -69.00000000 -17.59605456 -54.60000000
v -69.00000000 -17.55860567 -54.90000000
v -69.00000000 -17.50720202 -55.20000000
v -69.00000000 -17.43155882 -55.50000000
v -68.99186330 -18.00000000 -40.80000000
v -69.00000000 -17.98392969 -40.80000000
v -69.00000000 -18.00000000 -40.78389793
v -68.84151810 -18.00000000 -41.10000000
v -69.00000000 -18.00000000 -52.80000000
v -68.75885361 -18.00000000 -53.10000000
v -69.00000000 -17.93247083 -53.10000000
v -69.00000000 -17.88340587 -53.40000000
v -69.00000000 -17.81618450 -53.70000000
v -69.00000000 -17.72987528 -54.00000000
v -68.85330014 -18.30000000 -40.80000000
v -69.00000000 -18.30000000 -40.50000000
v -69.00000000 -18.30000000 -51.90000000
v -69.00000000 -18.15011988 -52.20000000
v -69.00000000 -18.05232874 -52.50000000
v -68.87941112 -18.60000000 -40.50000000
v -69.00000000 -18.60000000 -40.20000000
v -68.73896305 -18.60000000 -40.80000000
v -69.00000000 -18.45677154 -51.60000000
v -69.00000000 -18.60000000 -51.32276782
v -68.94356198 -18.90000000 -40.20000000
v -69.00000000 -18.90000000 -40.09694023
v -68.79847408 -18.90000000 -40.50000000
v -69.00000000 -18.90000000 -50.40000000
v -69.00000000 -18.78280745 -50.70000000
v -69.00000000 -18.69844348 -51.00000000
v -69.00000000 -18.61017220 -51.30000000
v -68.88268470 -19.20000000 -40.20000000
v -69.00000000 -19.20000000 -39.97028555
v -68.73977261 -19.20000000 -40.50000000
v -69.00000000 -19.20000000 -50.10000000
v -68.95161292 -19.50000000 -39.90000000
v -69.00000000 -19.32924990 -39.90000000
v -69.00000000 -19.50000000 -39.81233647
v -68.80791948 -19.50000000 -40.20000000
v -68.87999301 -19.50000000 -49.20000000
v -69.00000000 -19.43477599 -49.50000000
v -69.00000000 -19.50000000 -49.30110365
v -69.00000000 -19.33055892 -49.80000000
v -68.85979035 -19.80000000 -39.90000000
v -69.00000000 -19.80000000 -39.64901706
v -69.00000000 -19.80000000 -48.60000000
v -69.00000000 -19.65155753 -48.90000000
v -69.00000000 -19.53494211 -49.20000000
v -68.94633038 -20.10000000 -39.60000000
v -69.00000000 -19.90197583 -39.60000000
v -69.00000000 -20.10000000 -39.51247653
v -68.77262195 -20.10000000 -39.90000000
v -68.75450087 -20.10000000 -46.80000000
v -68.79973756 -20.10000000 -47.10000000
v -68.85314703 -20.10000000 -47.40000000
v -68.93243619 -20.10000000 -47.70000000
v -69.00000000 -20.05664767 -48.00000000
v -69.00000000 -20.10000000 -47.85997386
v -69.00000000 -19.94023338 -48.30000000
v -68.88628468 -20.40000000 -39.60000000
v -69.00000000 -20.40000000 -39.41848849
v -68.75402009 -20.40000000 -45.60000000
v -68.81748732 -20.40000000 -45.90000000
v -68.90256937 -20.40000000 -46.20000000
v -69.00000000 -20.40000000 -46.50000000
v -69.00000000 -20.33492484 -46.80000000
v -69.00000000 -20.28026670 -47.10000000
v -69.00000000 -20.22304595 -47.40000000
v -69.00000000 -20.15195632 -47.70000000
v -68.86523549 -20.70000000 -39.60000000
v -69.00000000 -20.70000000 -39.37229607
v -68.72251605 -20.70000000 -44.70000000
v -68.78139157 -20.70000000 -45.00000000
v -68.86856307 -20.70000000 -45.30000000
v -69.00000000 -20.70000000 -45.60000000
v -69.00000000 -20.62028358 -45.90000000
v -69.00000000 -20.51240201 -46.20000000
v -68.89738388 -21.00000000 -39.60000000
v -69.00000000 -21.00000000 -39.42331145
v -68.80915429 -21.00000000 -43.80000000
v -68.86440842 -21.00000000 -44.10000000
v -68.90194650 -21.00000000 -44.40000000
v -68.93993430 -21.00000000 -44.70000000
v -68.97455854 -21.00000000 -45.00000000
v -69.00000000 -21.00000000 -45.30000000
v -69.00000000 -21.30000000 -39.60000000
v -68.85368641 -21.30000000 -39.90000000
v -68.71215987 -21.30000000 -43.20000000
v -68.83756323 -21.30000000 -43.50000000
v -68.93669438 -21.30000000 -43.80000000
v -69.00000000 -21.30000000 -44.10000000
v -69.00000000 -21.16175722 -44.40000000
v -69.00000000 -21.08305194 -44.70000000
v -69.00000000 -21.03308393 -45.00000000
v -69.00000000 -21.49613197 -39.90000000
v -68.94426975 -21.60000000 -40.20000000
v -69.00000000 -21.60000000 -40.07907465
v -68.83367493 -21.60000000 -40.50000000
v -68.75784049 -21.60000000 -40.80000000
v -68.71734088 -21.60000000 -41.10000000
v -68.72536314 -21.60000000 -42.30000000
v -68.78675199 -21.60000000 -42.60000000
v -68.86805625 -21.60000000 -42.90000000
v -68.94497412 -21.60000000 -43.20000000
v -69.00000000 -21.60000000 -43.50000000
v -69.00000000 -21.40834385 -43.80000000
v -69.00000000 -21.66065811 -40.20000000
v -69.00000000 -21.77766224 -40.50000000
v -69.00000000 -21.85695895 -40.80000000
v -69.00000000 -21.90000000 -41.10000000
v -68.96817779 -21.90000000 -41.40000000
v -68.96486771 -21.90000000 -41.70000000
v -68.99362202 -21.90000000 -42.00000000
v -69.00000000 -21.85436249 -42.30000000
v -69.00000000 -21.90000000 -42.03500906
v -69.00000000 -21.79128837 -42.60000000
v -69.00000000 -21.72355493 -42.90000000
v -69.00000000 -21.65823606 -43.20000000
v -69.00000000 -21.93783270 -41.40000000
v -69.00000000 -21.93877427 -41.70000000
v -69.00000000 -21.90643143 -42.00000000
v -69.30000000 -14.66057799 -53.10000000
v -69.30000000 -14.70000000 -52.97852469
v -69.30000000 -14.61178346 -53.40000000
v -69.30000000 -14.59332933 -53.70000000
v -69.30000000 -14.58967046 -54.00000000
v -69.30000000 -14.59911358 -54.30000000
v -69.30000000 -14.62404594 -54.60000000
v -69.30000000 -14.68039819 -54.90000000
v -69.30000000 -14.70000000 -54.95894266
v -69.19025557 -15.00000000 -48.90000000
v -69.30000000 -14.97002235 -48.90000000
v -69.30000000 -15.00000000 -48.60000000
v -69.30000000 -14.94276502 -49.20000000
v -69.30000000 -14.92368712 -49.50000000
v -69.30000000 -14.91638457 -49.80000000
v -69.30000000 -14.91764616 -50.10000000
v -69.30000000 -14.93702566 -50.40000000
v -69.30000000 -14.97732714 -50.70000000
v -69.30000000 -15.00000000 -51.00000000
v -69.30000000 -15.00000000 -51.30000000
v -69.30000000 -15.00000000 -51.60000000
v -69.30000000 -15.00000000 -51.90000000
v -69.30000000 -14.97304100 -52.20000000
v -69.30000000 -14.89261340 -52.50000000
v -69.30000000 -14.77159124 -52.80000000
v -69.30000000 -14.79125428 -55.20000000
v -69.30000000 -14.92453840 -55.50000000
v -69.30000000 -15.00000000 -55.65248218
v -69.22775561 -15.30000000 -46.80000000
v -69.30000000 -15.24654446 -46.80000000
v -69.30000000 -15.30000000 -46.50000000
v -69.30000000 -15.17936120 -47.10000000
v -69.30000000 -15.14699038 -47.40000000
v -69.30000000 -15.12643893 -47.70000000
v -69.30000000 -15.09544335 -48.00000000
v -69.30000000 -15.05113319 -48.30000000
v -69.30000000 -15.09227353 -55.80000000
v -69.30000000 -15.30000000 -56.10000000
v -69.11819086 -15.60000000 -46.50000000
v -69.30000000 -15.60000000 -46.20000000
v -69.09524963 -15.60000000 -56.40000000
v -69.30000000 -15.60000000 -56.20591141
v -69.21812561 -15.90000000 -45.60000000
v -69.30000000 -15.78914576 -45.60000000
v -69.30000000 -15.90000000 -45.30000000
v -69.12744727 -15.90000000 -45.90000000
v -69.30000000 -15.67938283 -45.90000000
v -69.01576464 -15.90000000 -46.20000000
v -69.11163491 -15.90000000 -56.40000000
v -69.30000000 -15.90000000 -56.20079459
v -69.29981657 -16.20000000 -44.40000000
v -69.30000000 -16.19974439 -44.40000000
v -69.30000000 -16.20000000 -44.39915575
v -69.22304455 -16.20000000 -44.70000000
v -69.30000000 -16.09665155 -44.70000000
v -69.14936876 -16.20000000 -45.00000000
v -69.30000000 -16.00220128 -45.00000000
v -69.07348660 -16.20000000 -45.30000000
v -69.30000000 -16.20000000 -56.10000000
v -69.09045579 -16.20000000 -56.40000000
v -69.23959516 -16.50000000 -42.00000000
v -69.30000000 -16.40706072 -42.00000000
v -69.30000000 -16.50000000 -41.70000000
v -69.20016671 -16.50000000 -42.30000000
v -69.30000000 -16.34894617 -42.30000000
v -69.18833318 -16.50000000 -42.60000000
v -69.30000000 -16.33248777 -42.60000000
v -69.19127415 -16.50000000 -42.90000000
v -69.30000000 -16.34108605 -42.90000000
v -69.19758581 -16.50000000 -43.20000000
v -69.30000000 -16.35292391 -43.20000000
v -69.19968475 -16.50000000 -43.50000000
v -69.30000000 -16.35560183 -43.50000000
v -69.18947613 -16.50000000 -43.80000000
v -69.30000000 -16.33910710 -43.80000000
v -69.15663488 -16.50000000 -44.10000000
v -69.30000000 -16.29025613 -44.10000000
v -69.09383293 -16.50000000 -44.40000000
v -69.30000000 -16.50000000 -56.10000000
v -69.03488720 -16.50000000 -56.40000000
v -69.27727821 -16.80000000 -41.40000000
v -69.30000000 -16.75701448 -41.40000000
v -69.30000000 -16.80000000 -41.35162792
v -69.15387829 -16.80000000 -41.70000000
v -69.06784187 -16.80000000 -42.00000000
v -69.14500745 -16.80000000 -56.10000000
v -69.30000000 -16.80000000 -55.89889684
v -69.27562991 -17.10000000 -41.10000000
v -69.30000000 -17.04921859 -41.10000000
v -69.30000000 -17.10000000 -41.04795526
v -69.13284186 -17.10000000 -41.40000000
v -69.30000000 -17.10000000 -55.50000000
v -69.17538535 -17.10000000 -55.80000000
v -69.30000000 -16.90780807 -55.80000000
v -69.13858864 -17.40000000 -41.10000000
v -69.30000000 -17.40000000 -40.80000000
v -69.30000000 -17.40000000 -54.60000000
v -69.30000000 -17.40000000 -54.90000000
v -69.30000000 -17.40000000 -55.20000000
v -69.05080237 -17.40000000 -55.50000000
v -69.14314282 -17.70000000 -40.80000000
v -69.30000000 -17.70000000 -40.50000000
v -69.30000000 -17.70000000 -53.70000000
v -69.06048796 -17.70000000 -54.00000000
v -69.30000000 -17.54649925 -54.00000000
v -69.30000000 -17.43761196 -54.30000000
v -69.28982644 -18.00000000 -40.20000000
v -69.30000000 -17.97842420 -40.20000000
v -69.30000000 -18.00000000 -40.18092097
v -69.14235225 -18.00000000 -40.50000000
v -69.30000000 -18.00000000 -52.20000000
v -69.11482428 -18.00000000 -52.50000000
v -69.30000000 -17.90298040 -52.50000000
v -69.30000000 -17.81967121 -52.80000000
v -69.30000000 -17.75454798 -53.10000000
v -69.30000000 -17.71984916 -53.40000000
v -69.14243757 -18.30000000 -40.20000000
v -69.30000000 -18.30000000 -39.90000000
v -69.30000000 -18.16474219 -51.90000000
v -69.30000000 -18.30000000 -51.69373500
v -69.19922156 -18.60000000 -39.90000000
v -69.30000000 -18.60000000 -39.75112969
v -69.30000000 -18.60000000 -51.30000000
v -69.30000000 -18.36008414 -51.60000000
v -69.11416081 -18.90000000 -39.90000000
v -69.30000000 -18.90000000 -39.60000000
v -69.30000000 -18.87755232 -50.40000000
v -69.30000000 -18.90000000 -50.36738463
v -69.30000000 -18.73472193 -50.70000000
v -69.30000000 -18.64835983 -51.00000000
v -69.20935176 -19.20000000 -39.60000000
v -69.30000000 -19.20000000 -39.45419110
v -69.03655723 -19.20000000 -39.90000000
v -69.30000000 -19.20000000 -50.10000000
v -69.11818378 -19.50000000 -39.60000000
v -69.30000000 -19.50000000 -39.30000000
v -69.30000000 -19.46340394 -49.50000000
v -69.30000000 -19.50000000 -49.42484718
v -69.30000000 -19.32174685 -49.80000000
v -69.20398313 -19.80000000 -39.30000000
v -69.30000000 -19.80000000 -39.13654763
v -69.02755143 -19.80000000 -39.60000000
v -69.30000000 -19.77038225 -48.90000000
v -69.30000000 -19.80000000 -48.84557800
v -69.30000000 -19.61187958 -49.20000000
v -69.13158504 -20.10000000 -39.30000000
v -69.30000000 -20.10000000 -39.04295449
v -69.06663571 -20.10000000 -48.00000000
v -69.30000000 -20.10000000 -48.30000000
v -69.30000000 -19.94133841 -48.60000000
v -69.07674473 -20.40000000 -39.30000000
v -69.30000000 -20.40000000 -39.00000000
v -69.06610873 -20.40000000 -46.80000000
v -69.13055077 -20.40000000 -47.10000000
v -69.21096877 -20.40000000 -47.40000000
v -69.30000000 -20.40000000 -47.70000000
v -69.30000000 -20.27232398 -48.00000000
v -69.19569256 -20.70000000 -39.00000000
v -69.30000000 -20.70000000 -38.70000000
v -69.04361852 -20.70000000 -39.30000000
v -69.05691388 -20.70000000 -45.90000000
v -69.14388792 -20.70000000 -46.20000000
v -69.30000000 -20.70000000 -46.50000000
v -69.30000000 -20.65662129 -46.80000000
v -69.30000000 -20.57375381 -47.10000000
v -69.30000000 -20.47799525 -47.40000000
v -69.20776643 -21.00000000 -39.00000000
v -69.30000000 -21.00000000 -38.70000000
v -69.07361584 -21.00000000 -39.30000000
v -69.15505361 -21.00000000 -45.60000000
v -69.24270906 -21.00000000 -45.90000000
v -69.30000000 -21.00000000 -46.20000000
v -69.30000000 -21.19329056 -39.00000000
v -69.19965507 -21.30000000 -39.30000000
v -69.30000000 -21.30000000 -39.11358058
v -69.08821922 -21.30000000 -44.40000000
v -69.16621531 -21.30000000 -44.70000000
v -69.23550652 -21.30000000 -45.00000000
v -69.30000000 -21.30000000 -45.30000000
v -69.30000000 -21.18310774 -45.60000000
v -69.30000000 -21.07864731 -45.90000000
v -69.30000000 -21.43199319 -39.30000000
v -69.25929105 -21.60000000 -39.60000000
v -69.30000000 -21.60000000 -39.53381434
v -69.08842279 -21.60000000 -39.90000000
v -69.13537788 -21.60000000 -43.80000000
v -69.23386037 -21.60000000 -44.10000000
v -69.30000000 -21.60000000 -44.40000000
v -69.30000000 -21.45240917 -44.70000000
v -69.30000000 -21.36361589 -45.00000000
v -69.30000000 -21.64102008 -39.60000000
v -69.30000000 -21.81897215 -39.90000000
v -69.22589146 -21.90000000 -40.20000000
v -69.30000000 -21.90000000 -40.05096166
v -69.11311184 -21.90000000 -40.50000000
v -69.03868544 -21.90000000 -40.80000000
v -69.04860450 -21.90000000 -42.30000000
v -69.12219068 -21.90000000 -42.60000000
v -69.19949855 -21.90000000 -42.90000000
v -69.25790403 -21.90000000 -43.20000000
v -69.30000000 -21.90000000 -43.50000000
v -69.30000000 -21.76808645 -43.80000000
v -69.30000000 -21.66614914 -44.10000000
v -69.30000000 -21.98006659 -40.20000000
v -69.30000000 -22.10492726 -40.50000000
v -69.30000000 -22.20000000 -40.80000000
v -69.23243868 -22.20000000 -41.10000000
v -69.20293906 -22.20000000 -41.40000000
v -69.22113033 -22.20000000 -41.70000000
v -69.28352185 -22.20000000 -42.00000000
v -69.30000000 -22.13898178 -42.30000000
v -69.30000000 -22.20000000 -42.06292039
v -69.30000000 -22.05751963 -42.60000000
v -69.30000000 -21.98310613 -42.90000000
v -69.30000000 -21.93432446 -43.20000000
v -69.30000000 -22.29551750 -41.10000000
v -69.30000000 -22.34288440 -41.40000000
v -69.30000000 -22.30404207 -41.70000000
v -69.30000000 -22.21768431 -42.00000000
v -69.60000000 -14.70000000 -53.10000000
v -69.60000000 -14.65025816 -53.40000000
v -69.60000000 -14.61095011 -53.70000000
v -69.60000000 -14.58709968 -54.00000000
v -69.60000000 -14.59451176 -54.30000000
v -69.60000000 -14.63311222 -54.60000000
v -69.60000000 -14.70000000 -54.90000000
v -69.59600492 -15.00000000 -48.00000000
v -69.60000000 -14.99882523 -48.00000000
v -69.60000000 -15.00000000 -47.98353728
v -69.50525417 -15.00000000 -48.30000000
v -69.60000000 -14.97843035 -48.30000000
v -69.60000000 -14.95582393 -48.60000000
v -69.60000000 -14.93770000 -48.90000000
v -69.60000000 -14.92745422 -49.20000000
v -69.60000000 -14.92393593 -49.50000000
v -69.60000000 -14.93857460 -49.80000000
v -69.60000000 -14.97061455 -50.10000000
v -69.60000000 -15.00000000 -50.40000000
v -69.35221045 -15.00000000 -50.70000000
v -69.34146700 -15.00000000 -52.20000000
v -69.46906160 -15.00000000 -52.50000000
v -69.60000000 -14.92772225 -52.80000000
v -69.60000000 -15.00000000 -52.67637179
v -69.60000000 -14.83045594 -55.20000000
v -69.60000000 -15.00000000 -55.50000000
v -69.58843314 -15.30000000 -45.90000000
v -69.60000000 -15.28904398 -45.90000000
v -69.60000000 -15.30000000 -45.60000000
v -69.51684275 -15.30000000 -46.20000000
v -69.60000000 -15.23068883 -46.20000000
v -69.60000000 -15.14620598 -46.50000000
v -69.60000000 -15.10524174 -46.80000000
v -69.60000000 -15.07615759 -47.10000000
v -69.60000000 -15.04690945 -47.40000000
v -69.60000000 -15.02075982 -47.70000000
v -69.60000000 -15.15466067 -50.70000000
v -69.60000000 -15.23550324 -51.00000000
v -69.60000000 -15.26235781 -51.30000000
v -69.60000000 -15.26755265 -51.60000000
v -69.60000000 -15.25739009 -51.90000000
v -69.60000000 -15.21707444 -52.20000000
v -69.60000000 -15.11573738 -52.50000000
v -69.60000000 -15.30000000 -55.80000000
v -69.44121802 -15.60000000 -45.60000000
v -69.60000000 -15.60000000 -45.30000000
v -69.36028234 -15.60000000 -45.90000000
v -69.40069147 -15.60000000 -56.10000000
v -69.60000000 -15.60000000 -55.89425024
v -69.51283994 -15.90000000 -44.40000000
v -69.60000000 -15.76005274 -44.40000000
v -69.60000000 -15.90000000 -44.10000000
v -69.44509071 -15.90000000 -44.70000000
v -69.60000000 -15.68562393 -44.70000000
v -69.38124392 -15.90000000 -45.00000000
v -69.60000000 -15.63956017 -45.00000000
v -69.39098674 -15.90000000 -56.10000000
v -69.60000000 -15.90000000 -55.88267943
v -69.52770121 -16.20000000 -41.70000000
v -69.60000000 -16.10294609 -41.70000000
v -69.60000000 -16.20000000 -41.52153159
v -69.44525808 -16.20000000 -42.00000000
v -69.60000000 -15.98814682 -42.00000000
v -69.40107922 -16.20000000 -42.30000000
v -69.60000000 -15.90000000 -42.30000000
v -69.39162828 -16.20000000 -42.60000000
v -69.60000000 -15.90000000 -42.60000000
v -69.40147499 -16.20000000 -42.90000000
v -69.60000000 -15.93167896 -42.90000000
v -69.41063922 -16.20000000 -43.20000000
v -69.60000000 -15.94293520 -43.20000000
v -69.41046874 -16.20000000 -43.50000000
v -69.60000000 -15.91876985 -43.50000000
v -69.39812140 -16.20000000 -43.80000000
v -69.60000000 -15.90000000 -43.80000000
v -69.36486431 -16.20000000 -44.10000000
v -69.59750162 -16.20000000 -55.80000000
v -69.60000000 -16.19068121 -55.80000000
v -69.60000000 -16.20000000 -55.79668250
v -69.59503444 -16.50000000 -41.10000000
v -69.60000000 -16.49222471 -41.10000000
v -69.60000000 -16.50000000 -41.08977648
v -69.44709345 -16.50000000 -41.40000000
v -69.60000000 -16.27282259 -41.40000000
v -69.49169110 -16.50000000 -55.80000000
v -69.60000000 -16.50000000 -55.60687929
v -69.55891510 -16.80000000 -40.80000000
v -69.60000000 -16.73007395 -40.80000000
v -69.60000000 -16.80000000 -40.69899204
v -69.42215429 -16.80000000 -41.10000000
v -69.60000000 -16.80000000 -54.60000000
v -69.60000000 -16.80000000 -54.90000000
v -69.58075413 -16.80000000 -55.20000000
v -69.60000000 -16.76713655 -55.20000000
v -69.49260405 -16.80000000 -55.50000000
v -69.60000000 -16.60536188 -55.50000000
v -69.35711455 -16.80000000 -55.80000000
v -69.51836130 -17.10000000 -40.50000000
v -69.60000000 -16.94317848 -40.50000000
v -69.60000000 -17.10000000 -40.20000000
v -69.41260035 -17.10000000 -40.80000000
v -69.60000000 -17.10000000 -54.00000000
v -69.53367270 -17.10000000 -54.30000000
v -69.60000000 -16.97503936 -54.30000000
v -69.48590916 -17.10000000 -54.60000000
v -69.46786988 -17.10000000 -54.90000000
v -69.42673974 -17.10000000 -55.20000000
v -69.52993348 -17.40000000 -40.20000000
v -69.60000000 -17.40000000 -40.07970980
v -69.40866661 -17.40000000 -40.50000000
v -69.60000000 -17.40000000 -53.40000000
v -69.60000000 -17.40000000 -53.70000000
v -69.43612295 -17.40000000 -54.00000000
v -69.33501724 -17.40000000 -54.30000000
v -69.42941240 -17.70000000 -40.20000000
v -69.60000000 -17.70000000 -39.90000000
v -69.60000000 -17.70000000 -52.50000000
v -69.44318441 -17.70000000 -52.80000000
v -69.60000000 -17.50760197 -52.80000000
v -69.36329830 -17.70000000 -53.10000000
v -69.60000000 -17.42456607 -53.10000000
v -69.32437034 -17.70000000 -53.40000000
v -69.46212953 -18.00000000 -39.90000000
v -69.60000000 -18.00000000 -39.69827453
v -69.56754408 -18.00000000 -51.90000000
v -69.60000000 -17.97557993 -51.90000000
v -69.60000000 -18.00000000 -51.86696732
v -69.60000000 -17.79551342 -52.20000000
v -69.53193305 -18.30000000 -39.60000000
v -69.60000000 -18.15031574 -39.60000000
v -69.60000000 -18.30000000 -39.51064805
v -69.40647395 -18.30000000 -51.60000000
v -69.60000000 -18.17733651 -51.60000000
v -69.60000000 -18.30000000 -51.41101678
v -69.41088270 -18.60000000 -39.60000000
v -69.60000000 -18.60000000 -39.35074007
v -69.41412312 -18.60000000 -51.00000000
v -69.60000000 -18.50296423 -51.00000000
v -69.60000000 -18.60000000 -50.77136728
v -69.60000000 -18.36745693 -51.30000000
v -69.51424114 -18.90000000 -39.30000000
v -69.60000000 -18.69167540 -39.30000000
v -69.60000000 -18.90000000 -39.17642435
v -69.60000000 -18.90000000 -50.10000000
v -69.60000000 -18.77119870 -50.40000000
v -69.60000000 -18.62910261 -50.70000000
v -69.40044416 -19.20000000 -39.30000000
v -69.60000000 -19.20000000 -39.00000000
v -69.60000000 -19.20000000 -49.88969558
v -69.46239502 -19.50000000 -39.00000000
v -69.60000000 -19.50000000 -38.70000000
v -69.60000000 -19.48120972 -49.50000000
v -69.60000000 -19.50000000 -49.47111936
v -69.60000000 -19.27568197 -49.80000000
v -69.56820015 -19.80000000 -38.70000000
v -69.60000000 -19.80000000 -38.65958930
v -69.38036053 -19.80000000 -39.00000000
v -69.38658061 -19.80000000 -48.90000000
v -69.60000000 -19.67931709 -49.20000000
v -69.60000000 -19.80000000 -49.01684994
v -69.52299644 -20.10000000 -38.70000000
v -69.60000000 -20.10000000 -38.60278788
v -69.32768016 -20.10000000 -39.00000000
v -69.60000000 -20.10000000 -48.60000000
v -69.60000000 -19.88329264 -48.90000000
v -69.45092921 -20.40000000 -38.70000000
v -69.60000000 -20.40000000 -38.53103501
v -69.44855203 -20.40000000 -48.00000000
v -69.60000000 -20.34674746 -48.30000000
v -69.60000000 -20.40000000 -48.22207461
v -69.60000000 -20.70000000 -38.48186137
v -69.33418963 -20.70000000 -46.80000000
v -69.41533025 -20.70000000 -47.10000000
v -69.60000000 -20.70000000 -47.40000000
v -69.60000000 -20.66804820 -47.70000000
v -69.60000000 -20.55661933 -48.00000000
v -69.60000000 -21.00000000 -38.51634332
v -69.42929666 -21.00000000 -46.50000000
v -69.51968862 -21.00000000 -46.80000000
v -69.60000000 -21.00000000 -47.10000000
v -69.58640633 -21.30000000 -38.70000000
v -69.60000000 -21.30000000 -38.68662563
v -69.36824718 -21.30000000 -39.00000000
v -69.40588740 -21.30000000 -45.60000000
v -69.48339782 -21.30000000 -45.90000000
v -69.54244782 -21.30000000 -46.20000000
v -69.60000000 -21.30000000 -46.50000000
v -69.60000000 -21.11921819 -46.80000000
v -69.60000000 -21.31429443 -38.70000000
v -69.60000000 -21.55298694 -39.00000000
v -69.45022797 -21.60000000 -39.30000000
v -69.60000000 -21.60000000 -39.06975909
v -69.46026547 -21.60000000 -44.70000000
v -69.57674559 -21.60000000 -45.00000000
v -69.60000000 -21.54379306 -45.30000000
v -69.60000000 -21.60000000 -45.07607242
v -69.60000000 -21.47900635 -45.60000000
v -69.60000000 -21.42031698 -45.90000000
v -69.60000000 -21.36410441 -46.20000000
v -69.60000000 -21.73837179 -39.30000000
v -69.60000000 -21.90000000 -39.60000000
v -69.38399986 -21.90000000 -39.90000000
v -69.46610944 -21.90000000 -43.80000000
v -69.60000000 -21.90000000 -44.10000000
v -69.60000000 -21.80640919 -44.40000000
v -69.60000000 -21.70777622 -44.70000000
v -69.60000000 -21.61823902 -45.00000000
v -69.60000000 -22.12536406 -39.90000000
v -69.50075638 -22.20000000 -40.20000000
v -69.60000000 -22.20000000 -40.01654012
v -69.38656575 -22.20000000 -40.50000000
v -69.36236409 -22.20000000 -42.30000000
v -69.45955350 -22.20000000 -42.60000000
v -69.60000000 -22.20000000 -42.90000000
v -69.60000000 -22.14477746 -43.20000000
v -69.60000000 -22.07728968 -43.50000000
v -69.60000000 -21.98967976 -43.80000000
v -69.60000000 -22.32588859 -40.20000000
v -69.60000000 -22.44973379 -40.50000000
v -69.60000000 -22.50000000 -40.80000000
v -69.44418808 -22.50000000 -41.10000000
v -69.40202035 -22.50000000 -41.40000000
v -69.44244830 -22.50000000 -41.70000000
v -69.60000000 -22.50000000 -42.00000000
v -69.60000000 -22.45116008 -42.30000000
v -69.60000000 -22.34769737 -42.60000000
v -69.60000000 -22.80000000 -41.10000000
v -69.60000000 -22.80000000 -41.40000000
v -69.60000000 -22.80000000 -41.70000000
v -69.72298905 -14.70000000 -53.40000000
v -69.90000000 -14.68879433 -53.70000000
v -69.90000000 -14.70000000 -53.66222538
v -69.90000000 -14.63768357 -54.00000000
v -69.90000000 -14.63993222 -54.30000000
v -69.90000000 -14.70000000 -54.60000000
v -69.84824163 -15.00000000 -47.40000000
v -69.90000000 -14.99076110 -47.40000000
v -69.90000000 -15.00000000 -47.28568794
v -69.70335136 -15.00000000 -47.70000000
v -69.90000000 -14.96330183 -47.70000000
v -69.90000000 -14.94882511 -48.00000000
v -69.90000000 -14.94916637 -48.30000000
v -69.90000000 -14.95495414 -48.60000000
v -69.90000000 -14.95772184 -48.90000000
v -69.90000000 -14.96275345 -49.20000000
v -69.90000000 -14.97419572 -49.50000000
v -69.90000000 -15.00000000 -49.80000000
v -69.66988393 -15.00000000 -50.10000000
v -69.67357415 -15.00000000 -52.80000000
v -69.90000000 -15.00000000 -53.10000000
v -69.90000000 -14.82600726 -53.40000000
v -69.90000000 -14.77386899 -54.90000000
v -69.90000000 -14.94293351 -55.20000000
v -69.90000000 -15.00000000 -55.27171489
v -69.82661563 -15.30000000 -45.30000000
v -69.90000000 -15.24265343 -45.30000000
v -69.90000000 -15.30000000 -45.00000000
v -69.90000000 -15.15015288 -45.60000000
v -69.90000000 -15.10166314 -45.90000000
v -69.90000000 -15.05887691 -46.20000000
v -69.90000000 -15.00000000 -46.50000000
v -69.90000000 -15.02005004 -46.80000000
v -69.90000000 -15.01587257 -47.10000000
v -69.90000000 -15.14548615 -50.10000000
v -69.90000000 -15.30000000 -50.40000000
v -69.73381757 -15.30000000 -50.70000000
v -69.66082447 -15.30000000 -51.00000000
v -69.63518707 -15.30000000 -51.30000000
v -69.62947038 -15.30000000 -51.60000000
v -69.63749138 -15.30000000 -51.90000000
v -69.66886310 -15.30000000 -52.20000000
v -69.73519458 -15.30000000 -52.50000000
v -69.84038503 -15.30000000 -52.80000000
v -69.90000000 -15.30000000 -52.93032135
v -69.90000000 -15.30000000 -55.50000000
v -69.83370855 -15.60000000 -42.90000000
v -69.90000000 -15.30000000 -42.90000000
v -69.90000000 -15.60000000 -42.60000000
v -69.90000000 -15.60000000 -43.20000000
v -69.78316039 -15.60000000 -43.50000000
v -69.90000000 -15.30000000 -43.50000000
v -69.74048291 -15.60000000 -43.80000000
v -69.90000000 -15.30000000 -43.80000000
v -69.72417150 -15.60000000 -44.10000000
v -69.90000000 -15.30000000 -44.10000000
v -69.69603066 -15.60000000 -44.40000000
v -69.90000000 -15.30000000 -44.40000000
v -69.66375075 -15.60000000 -44.70000000
v -69.90000000 -15.30000000 -44.70000000
v -69.63376341 -15.60000000 -45.00000000
v -69.90000000 -15.60000000 -50.70000000
v -69.89843001 -15.60000000 -51.00000000
v -69.88319455 -15.60000000 -51.30000000
v -69.86069994 -15.60000000 -51.60000000
v -69.84721013 -15.60000000 -51.90000000
v -69.84980882 -15.60000000 -52.20000000
v -69.86840931 -15.60000000 -52.50000000
v -69.90000000 -15.60000000 -52.80000000
v -69.68754964 -15.60000000 -55.80000000
v -69.90000000 -15.60000000 -55.56139270
v -69.87331430 -15.90000000 -41.40000000
v -69.90000000 -15.86014182 -41.40000000
v -69.90000000 -15.90000000 -41.34574334
v -69.75422908 -15.90000000 -41.70000000
v -69.90000000 -15.69747391 -41.70000000
v -69.66888535 -15.90000000 -42.00000000
v -69.90000000 -15.62234222 -42.00000000
v -69.90000000 -15.60000000 -42.30000000
v -69.62558426 -15.90000000 -42.90000000
v -69.63396896 -15.90000000 -43.20000000
v -69.61266813 -15.90000000 -43.50000000
v -69.90000000 -15.60179285 -51.00000000
v -69.90000000 -15.62187837 -51.30000000
v -69.90000000 -15.66173371 -51.60000000
v -69.90000000 -15.70141483 -51.90000000
v -69.90000000 -15.72492202 -52.20000000
v -69.90000000 -15.71257901 -52.50000000
v -69.67296293 -15.90000000 -55.80000000
v -69.90000000 -15.90000000 -55.51008007
v -69.80323739 -16.20000000 -41.10000000
v -69.90000000 -16.06744599 -41.10000000
v -69.90000000 -16.20000000 -40.90785879
v -69.65328476 -16.20000000 -41.40000000
v -69.79542673 -16.20000000 -55.50000000
v -69.90000000 -15.91976267 -55.50000000
v -69.90000000 -16.20000000 -55.26759429
v -69.74681766 -16.50000000 -40.80000000
v -69.90000000 -16.27606286 -40.80000000
v -69.90000000 -16.50000000 -40.50000000
v -69.90000000 -16.50000000 -53.70000000
v -69.88916989 -16.50000000 -54.00000000
v -69.90000000 -16.47707065 -54.00000000
v -69.86465523 -16.50000000 -54.30000000
v -69.90000000 -16.43719840 -54.30000000
v -69.83259122 -16.50000000 -54.60000000
v -69.90000000 -16.39666209 -54.60000000
v -69.80351603 -16.50000000 -54.90000000
v -69.90000000 -16.35291707 -54.90000000
v -69.75291762 -16.50000000 -55.20000000
v -69.90000000 -16.24903988 -55.20000000
v -69.65396830 -16.50000000 -55.50000000
v -69.82374843 -16.80000000 -40.20000000
v -69.90000000 -16.68605868 -40.20000000
v -69.90000000 -16.80000000 -40.07208789
v -69.68667162 -16.80000000 -40.50000000
v -69.90000000 -16.80000000 -52.50000000
v -69.87187471 -16.80000000 -52.80000000
v -69.90000000 -16.66286961 -52.80000000
v -69.85172936 -16.80000000 -53.10000000
v -69.90000000 -16.59093855 -53.10000000
v -69.82824801 -16.80000000 -53.40000000
v -69.90000000 -16.54715168 -53.40000000
v -69.79464501 -16.80000000 -53.70000000
v -69.75023963 -16.80000000 -54.00000000
v -69.69230486 -16.80000000 -54.30000000
v -69.85203328 -17.10000000 -39.90000000
v -69.90000000 -17.00637876 -39.90000000
v -69.90000000 -17.10000000 -39.84381270
v -69.90000000 -17.10000000 -52.20000000
v -69.83290750 -17.10000000 -52.50000000
v -69.78907647 -17.10000000 -52.80000000
v -69.75715723 -17.10000000 -53.10000000
v -69.73027207 -17.10000000 -53.40000000
v -69.69004566 -17.10000000 -53.70000000
v -69.72774945 -17.40000000 -39.90000000
v -69.90000000 -17.40000000 -39.70199188
v -69.85399573 -17.40000000 -52.20000000
v -69.90000000 -17.40000000 -52.12896799
v -69.74291658 -17.40000000 -52.50000000
v -69.66520034 -17.40000000 -52.80000000
v -69.61627458 -17.40000000 -53.10000000
v -69.84023277 -17.70000000 -39.60000000
v -69.90000000 -17.58503474 -39.60000000
v -69.90000000 -17.70000000 -39.53480539
v -69.90000000 -17.70000000 -51.90000000
v -69.69561758 -17.70000000 -52.20000000
v -69.67504850 -18.00000000 -39.60000000
v -69.90000000 -18.00000000 -39.30000000
v -69.86393187 -18.00000000 -51.60000000
v -69.90000000 -17.97058054 -51.60000000
v -69.90000000 -18.00000000 -51.56569176
v -69.77367800 -18.30000000 -39.30000000
v -69.90000000 -18.30000000 -39.14646422
v -69.90000000 -18.30000000 -51.00000000
v -69.70349463 -18.30000000 -51.30000000
v -69.90000000 -18.17351068 -51.30000000
v -69.64209899 -18.60000000 -39.30000000
v -69.90000000 -18.60000000 -39.00000000
v -69.65965584 -18.60000000 -50.70000000
v -69.90000000 -18.47663222 -50.70000000
v -69.90000000 -18.60000000 -50.49974658
v -69.72444131 -18.90000000 -39.00000000
v -69.90000000 -18.90000000 -38.70000000
v -69.90000000 -18.89123190 -50.10000000
v -69.90000000 -18.90000000 -50.09115223
v -69.90000000 -18.66322853 -50.40000000
v -69.77829386 -19.20000000 -38.70000000
v -69.90000000 -19.20000000 -38.56509485
v -69.90000000 -19.20000000 -49.86364345
v -69.90000000 -19.50000000 -38.44133030
v -69.90000000 -19.50000000 -49.50000000
v -69.90000000 -19.28041907 -49.80000000
v -69.85014246 -19.80000000 -38.40000000
v -69.90000000 -19.63598318 -38.40000000
v -69.90000000 -19.80000000 -38.35435668
v -69.90000000 -19.74916455 -49.20000000
v -69.90000000 -19.80000000 -49.13712438
v -69.78961619 -20.10000000 -38.40000000
v -69.90000000 -20.10000000 -38.30138890
v -69.90000000 -20.00990826 -48.90000000
v -69.90000000 -20.10000000 -48.80472407
v -69.73847101 -20.40000000 -38.40000000
v -69.90000000 -20.40000000 -38.27158757
v -69.65635211 -20.40000000 -48.30000000
v -69.90000000 -20.34303698 -48.60000000
v -69.90000000 -20.40000000 -48.54879411
v -69.70813488 -20.70000000 -38.40000000
v -69.90000000 -20.70000000 -38.26790508
v -69.62866125 -20.70000000 -47.70000000
v -69.71828045 -20.70000000 -48.00000000
v -69.90000000 -20.70000000 -48.30000000
v -69.75912745 -21.00000000 -38.40000000
v -69.90000000 -21.00000000 -38.30574911
v -69.76401475 -21.00000000 -47.40000000
v -69.84707433 -21.00000000 -47.70000000
v -69.90000000 -21.00000000 -48.00000000
v -69.90000000 -21.30000000 -38.40000000
v -69.74602816 -21.30000000 -46.80000000
v -69.88395026 -21.30000000 -47.10000000
v -69.90000000 -21.16567846 -47.40000000
v -69.90000000 -21.30000000 -47.13548083
v -69.90000000 -21.06327284 -47.70000000
v -69.88048487 -21.60000000 -38.70000000
v -69.90000000 -21.60000000 -38.67934702
v -69.64775478 -21.60000000 -39.00000000
v -69.67312888 -21.60000000 -45.30000000
v -69.74529816 -21.60000000 -45.60000000
v -69.79483335 -21.60000000 -45.90000000
v -69.83798966 -21.60000000 -46.20000000
v -69.90000000 -21.60000000 -46.50000000
v -69.90000000 -21.45579159 -46.80000000
v -69.90000000 -21.31613038 -47.10000000
v -69.90000000 -21.61813419 -38.70000000
v -69.90000000 -21.81915878 -39.00000000
v -69.79031091 -21.90000000 -39.30000000
v -69.90000000 -21.90000000 -39.14015834
v -69.74208913 -21.90000000 -44.40000000
v -69.88868605 -21.90000000 -44.70000000
v -69.90000000 -21.82320532 -45.00000000
v -69.90000000 -21.90000000 -44.72581979
v -69.90000000 -21.76039913 -45.30000000
v -69.90000000 -21.71714714 -45.60000000
v -69.90000000 -21.68711145 -45.90000000
v -69.90000000 -21.65450622 -46.20000000
v -69.90000000 -21.99111666 -39.30000000
v -69.90000000 -22.18769718 -39.60000000
v -69.67378065 -22.20000000 -39.90000000
v -69.90000000 -22.20000000 -39.61631928
v -69.67869363 -22.20000000 -43.20000000
v -69.80782648 -22.20000000 -43.50000000
v -69.90000000 -22.16164822 -43.80000000
v -69.90000000 -22.20000000 -43.67222122
v -69.90000000 -22.08238364 -44.10000000
v -69.90000000 -22.00078743 -44.40000000
v -69.90000000 -21.90722791 -44.70000000
v -69.90000000 -22.46394308 -39.90000000
v -69.73217744 -22.50000000 -40.20000000
v -69.90000000 -22.50000000 -39.93947448
v -69.64094520 -22.50000000 -40.50000000
v -69.64044583 -22.50000000 -42.30000000
v -69.72688987 -22.50000000 -42.60000000
v -69.90000000 -22.50000000 -42.90000000
v -69.90000000 -22.38569956 -43.20000000
v -69.90000000 -22.25941835 -43.50000000
v -69.90000000 -22.80000000 -40.20000000
v -69.87286526 -22.80000000 -40.50000000
v -69.79492639 -22.80000000 -40.80000000
v -69.77653071 -22.80000000 -42.00000000
v -69.85244548 -22.80000000 -42.30000000
v -69.90000000 -22.80000000 -42.60000000
v -69.90000000 -22.82595932 -40.50000000
v -69.90000000 -22.89518426 -40.80000000
v -69.90000000 -22.97673236 -41.10000000
v -69.90000000 -23.00520435 -41.40000000
v -69.90000000 -22.99065392 -41.70000000
v -69.90000000 -22.92543245 -42.00000000
v -69.90000000 -22.85598025 -42.30000000
v -69.92808606 -14.70000000 -53.70000000
v -70.08203497 -14.70000000 -54.00000000
v -70.09476933 -14.70000000 -54.30000000
v -70.16586120 -15.00000000 -45.90000000
v -70.20000000 -14.98917501 -45.90000000
v -70.20000000 -15.00000000 -45.60000000
v -70.12781647 -15.00000000 -46.20000000
v -70.20000000 -14.98459402 -46.20000000
v -70.20000000 -14.98426402 -46.50000000
v -70.20000000 -15.00000000 -46.80000000
v -70.20000000 -14.97641484 -47.40000000
v -70.20000000 -15.00000000 -47.10000000
v -70.20000000 -14.95225319 -47.70000000
v -70.20000000 -14.94363370 -48.00000000
v -70.20000000 -14.95709817 -48.30000000
v -70.20000000 -15.00000000 -48.60000000
v -70.08942740 -15.00000000 -48.90000000
v -70.03044044 -15.00000000 -49.20000000
v -69.97365296 -15.00000000 -49.50000000
v -70.05305714 -15.00000000 -53.40000000
v -70.20000000 -14.88748303 -53.70000000
v -70.20000000 -15.00000000 -53.58389324
v -70.20000000 -14.75850055 -54.00000000
v -70.20000000 -14.73829116 -54.30000000
v -70.20000000 -14.77369266 -54.60000000
v -70.20000000 -14.87246726 -54.90000000
v -69.99748771 -15.00000000 -55.20000000
v -70.20000000 -15.00000000 -55.06428335
v -70.17747598 -15.30000000 -42.30000000
v -70.20000000 -15.27890991 -42.30000000
v -70.20000000 -15.30000000 -42.00000000
v -70.11256739 -15.30000000 -42.60000000
v -70.20000000 -15.22814344 -42.60000000
v -70.20000000 -15.17074578 -42.90000000
v -70.00958868 -15.30000000 -43.20000000
v -70.20000000 -15.15995484 -43.20000000
v -70.20000000 -15.13853832 -43.50000000
v -70.20000000 -15.12832538 -43.80000000
v -70.20000000 -15.12852930 -44.10000000
v -70.20000000 -15.13289259 -44.40000000
v -70.20000000 -15.13557577 -44.70000000
v -70.20000000 -15.12449943 -45.00000000
v -70.20000000 -15.08012104 -45.30000000
v -70.20000000 -15.02735971 -48.90000000
v -70.20000000 -15.05517015 -49.20000000
v -70.20000000 -15.09406723 -49.50000000
v -70.20000000 -15.18567119 -49.80000000
v -70.06336724 -15.30000000 -50.10000000
v -70.20000000 -15.30000000 -49.95099095
v -69.97263359 -15.30000000 -53.10000000
v -70.09405113 -15.30000000 -53.40000000
v -70.20000000 -15.30000000 -53.70000000
v -70.20000000 -15.30000000 -55.20000000
v -70.08112783 -15.60000000 -41.40000000
v -70.20000000 -15.30000000 -41.40000000
v -70.20000000 -15.60000000 -41.24886831
v -69.97044148 -15.60000000 -41.70000000
v -70.20000000 -15.30000000 -41.70000000
v -69.91895183 -15.60000000 -42.00000000
v -70.20000000 -15.60000000 -50.10000000
v -70.12614306 -15.60000000 -50.40000000
v -69.99190333 -15.60000000 -53.10000000
v -70.08329103 -15.60000000 -53.40000000
v -70.20000000 -15.60000000 -53.70000000
v -70.20000000 -15.60000000 -55.20000000
v -69.95308480 -15.60000000 -55.50000000
v -70.04584046 -15.90000000 -41.10000000
v -70.20000000 -15.74053402 -41.10000000
v -70.20000000 -15.90000000 -40.80000000
v -70.20000000 -15.66061470 -50.40000000
v -70.20000000 -15.76126475 -50.70000000
v -70.20000000 -15.90000000 -51.00000000
v -70.13361654 -15.90000000 -51.30000000
v -70.05289691 -15.90000000 -51.60000000
v -70.00012361 -15.90000000 -51.90000000
v -69.96596465 -15.90000000 -52.20000000
v -69.94910753 -15.90000000 -52.50000000
v -69.95463316 -15.90000000 -52.80000000
v -69.99258516 -15.90000000 -53.10000000
v -70.05275900 -15.90000000 -53.40000000
v -70.13208435 -15.90000000 -53.70000000
v -70.20000000 -15.90000000 -54.00000000
v -70.20000000 -15.90000000 -54.30000000
v -70.20000000 -15.90000000 -54.60000000
v -70.20000000 -15.90000000 -54.90000000
v -70.09011710 -15.90000000 -55.20000000
v -69.90753907 -15.90000000 -55.50000000
v -70.10558826 -16.20000000 -40.50000000
v -70.20000000 -16.09934926 -40.50000000
v -70.20000000 -16.20000000 -40.20000000
v -69.95797304 -16.20000000 -40.80000000
v -70.20000000 -15.97431415 -51.30000000
v -70.20000000 -16.20000000 -51.60000000
v -70.11239293 -16.20000000 -51.90000000
v -70.03472274 -16.20000000 -52.20000000
v -69.98393126 -16.20000000 -52.50000000
v -69.96380195 -16.20000000 -52.80000000
v -69.96923257 -16.20000000 -53.10000000
v -69.99244050 -16.20000000 -53.40000000
v -70.02072843 -16.20000000 -53.70000000
v -70.03741958 -16.20000000 -54.00000000
v -70.03529567 -16.20000000 -54.30000000
v -70.02594893 -16.20000000 -54.60000000
v -70.00152681 -16.20000000 -54.90000000
v -69.92964664 -16.20000000 -55.20000000
v -70.02368465 -16.50000000 -40.20000000
v -70.20000000 -16.50000000 -39.90000000
v -70.19616774 -16.50000000 -51.90000000
v -70.20000000 -16.50000000 -51.89410952
v -70.05307732 -16.50000000 -52.20000000
v -69.96916092 -16.50000000 -52.50000000
v -69.93347870 -16.50000000 -52.80000000
v -69.92085342 -16.50000000 -53.10000000
v -69.91356620 -16.50000000 -53.40000000
v -70.00808395 -16.80000000 -39.90000000
v -70.20000000 -16.80000000 -39.60000000
v -70.20000000 -16.80000000 -51.90000000
v -70.01192070 -16.80000000 -52.20000000
v -70.13315118 -17.10000000 -39.60000000
v -70.20000000 -17.10000000 -39.54420494
v -70.17944774 -17.10000000 -51.90000000
v -70.20000000 -17.10000000 -51.88017633
v -70.01205401 -17.40000000 -39.60000000
v -70.20000000 -17.40000000 -39.45690900
v -70.08864044 -17.40000000 -51.90000000
v -70.20000000 -17.40000000 -51.79819825
v -70.20000000 -17.70000000 -39.30000000
v -70.20000000 -17.70000000 -51.60000000
v -70.20000000 -18.00000000 -39.10378779
v -70.20000000 -18.00000000 -51.37172419
v -70.03376921 -18.30000000 -39.00000000
v -70.20000000 -18.11843089 -39.00000000
v -70.20000000 -18.30000000 -38.70000000
v -70.20000000 -18.30000000 -50.70000000
v -70.20000000 -18.18683138 -51.00000000
v -70.20000000 -18.05446694 -51.30000000
v -70.08715549 -18.60000000 -38.70000000
v -70.20000000 -18.60000000 -38.59233451
v -70.05945874 -18.60000000 -50.40000000
v -70.20000000 -18.54241818 -50.40000000
v -70.20000000 -18.60000000 -50.33541198
v -70.20000000 -18.90000000 -38.40000000
v -70.20000000 -18.85129480 -50.10000000
v -70.20000000 -18.90000000 -50.05961333
v -70.09345372 -19.20000000 -38.40000000
v -70.20000000 -19.20000000 -38.32985643
v -70.20000000 -19.20000000 -49.88911463
v -69.95239031 -19.50000000 -38.40000000
v -70.20000000 -19.50000000 -38.23200302
v -70.20000000 -19.50000000 -49.80000000
v -70.20000000 -19.80000000 -38.10000000
v -70.07181841 -19.80000000 -49.20000000
v -70.20000000 -19.61389169 -49.50000000
v -70.20000000 -19.80000000 -49.25210457
v -70.16605613 -20.10000000 -38.10000000
v -70.20000000 -20.10000000 -38.07798572
v -70.07836618 -20.10000000 -48.90000000
v -70.20000000 -19.84672797 -49.20000000
v -70.20000000 -20.10000000 -48.96433183
v -70.14319483 -20.40000000 -38.10000000
v -70.20000000 -20.40000000 -38.06326318
v -69.96042259 -20.40000000 -48.60000000
v -70.20000000 -20.18392549 -48.90000000
v -70.20000000 -20.40000000 -48.75964051
v -70.14603999 -20.70000000 -38.10000000
v -70.20000000 -20.70000000 -38.06544194
v -70.13322349 -20.70000000 -48.60000000
v -70.20000000 -20.70000000 -48.66026480
v -70.20000000 -21.00000000 -38.10000000
v -70.08791770 -21.00000000 -48.30000000
v -70.20000000 -21.00000000 -48.60000000
v -70.20000000 -21.30000000 -38.23781880
v -70.03466804 -21.30000000 -47.40000000
v -70.14054233 -21.30000000 -47.70000000
v -70.20000000 -21.30000000 -48.00000000
v -70.20000000 -21.11479919 -48.30000000
v -70.20000000 -21.60000000 -38.40000000
v -70.07676163 -21.60000000 -46.80000000
v -70.20000000 -21.60000000 -47.10000000
v -70.20000000 -21.43454579 -47.40000000
v -70.20000000 -21.34753346 -47.70000000
v -70.20000000 -21.90000000 -38.70000000
v -70.00322032 -21.90000000 -39.00000000
v -70.02906454 -21.90000000 -45.00000000
v -70.12551920 -21.90000000 -45.30000000
v -70.18215498 -21.90000000 -45.60000000
v -70.20000000 -21.90000000 -45.90000000
v -70.20000000 -21.90000000 -46.20000000
v -70.20000000 -21.77735887 -46.50000000
v -70.20000000 -21.68161665 -46.80000000
v -70.20000000 -22.03652955 -39.00000000
v -70.20000000 -22.20000000 -39.30000000
v -69.91685153 -22.20000000 -39.60000000
v -69.97430617 -22.20000000 -43.80000000
v -70.10619557 -22.20000000 -44.10000000
v -70.20000000 -22.20000000 -44.40000000
v -70.20000000 -22.07508523 -44.70000000
v -70.20000000 -21.99792009 -45.00000000
v -70.20000000 -21.94461233 -45.30000000
v -70.20000000 -21.91089027 -45.60000000
v -70.20000000 -22.40014972 -39.60000000
v -69.93823666 -22.50000000 -39.90000000
v -70.20000000 -22.50000000 -39.70206171
v -70.02815279 -22.50000000 -43.20000000
v -70.20000000 -22.42029895 -43.50000000
v -70.20000000 -22.50000000 -43.38537825
v -70.20000000 -22.31571177 -43.80000000
v -70.20000000 -22.25289553 -44.10000000
v -70.20000000 -22.80000000 -39.90000000
v -70.08503098 -22.80000000 -42.90000000
v -70.20000000 -22.80000000 -43.20000000
v -70.20000000 -22.92390368 -40.20000000
v -70.20000000 -23.00130133 -40.50000000
v -70.20000000 -23.10000000 -40.80000000
v -70.11630232 -23.10000000 -41.10000000
v -70.06338114 -23.10000000 -41.40000000
v -70.06283667 -23.10000000 -41.70000000
v -70.10103291 -23.10000000 -42.00000000
v -70.14681992 -23.10000000 -42.30000000
v -70.20000000 -23.10000000 -42.60000000
v -70.20000000 -22.91428566 -42.90000000
v -70.20000000 -23.14740738 -41.10000000
v -70.20000000 -23.18023531 -41.40000000
v -70.20000000 -23.18969131 -41.70000000
v -70.20000000 -23.17513230 -42.00000000
v -70.20000000 -23.14363260 -42.30000000
v -70.50000000 -14.96559697 -45.60000000
v -70.50000000 -15.00000000 -45.30000000
v -70.50000000 -14.95204130 -45.90000000
v -70.50000000 -14.96493382 -46.20000000
v -70.50000000 -14.98555922 -46.50000000
v -70.50000000 -15.00000000 -46.76222470
v -70.50000000 -15.00000000 -47.40000000
v -70.50000000 -14.99943129 -47.70000000
v -70.50000000 -15.00000000 -48.00000000
v -70.50000000 -15.00000000 -48.30000000
v -70.50000000 -15.00000000 -53.70000000
v -70.50000000 -15.00000000 -54.00000000
v -70.50000000 -14.97991110 -54.30000000
v -70.50000000 -14.97162954 -54.60000000
v -70.50000000 -15.00000000 -54.90000000
v -70.50000000 -15.19899022 -41.40000000
v -70.50000000 -15.30000000 -41.26053251
v -70.50000000 -15.10420515 -41.70000000
v -70.50000000 -15.06443776 -42.00000000
v -70.50000000 -15.03841969 -42.30000000
v -70.50000000 -15.01507897 -42.60000000
v -70.50000000 -15.00000000 -42.90000000
v -70.50000000 -15.00000000 -43.20000000
v -70.50000000 -15.00000000 -43.50000000
v -70.50000000 -15.00000000 -43.80000000
v -70.50000000 -15.00000000 -44.10000000
v -70.50000000 -15.00591606 -44.40000000
v -70.50000000 -15.01323121 -44.70000000
v -70.50000000 -15.01309521 -45.00000000
v -70.50000000 -15.00208825 -46.80000000
v -70.50000000 -15.00765189 -47.10000000
v -70.50000000 -15.08740241 -48.60000000
v -70.50000000 -15.14971755 -48.90000000
v -70.50000000 -15.22548521 -49.20000000
v -70.50000000 -15.27839869 -49.50000000
v -70.50000000 -15.30000000 -49.80000000
v -70.50000000 -15.30000000 -53.93037415
v -70.50000000 -15.30000000 -54.93645930
v -70.50000000 -15.60000000 -41.10000000
v -70.50000000 -15.60000000 -49.96584783
v -70.50000000 -15.60000000 -54.00000000
v -70.50000000 -15.60000000 -54.90000000
v -70.50000000 -15.70260594 -40.80000000
v -70.50000000 -15.90000000 -40.50000000
v -70.50000000 -15.71197850 -50.10000000
v -70.50000000 -15.84427122 -50.40000000
v -70.50000000 -15.90000000 -50.70000000
v -70.50000000 -15.62726064 -54.30000000
v -70.50000000 -15.62911419 -54.60000000
v -70.50000000 -16.00451387 -40.20000000
v -70.50000000 -16.20000000 -39.90923666
v -70.50000000 -16.12183525 -51.00000000
v -70.50000000 -16.20000000 -51.30000000
v -70.50000000 -16.20777243 -39.90000000
v -70.50000000 -16.50000000 -39.62567760
v -70.50000000 -16.50000000 -51.60000000
v -70.50000000 -16.53428420 -39.60000000
v -70.50000000 -16.80000000 -39.44129730
v -70.50000000 -16.80000000 -51.60826060
v -70.50000000 -17.10000000 -39.34804138
v -70.50000000 -17.10000000 -51.61385195
v -70.50000000 -17.40000000 -39.30000000
v -70.50000000 -17.40000000 -51.60000000
v -70.50000000 -17.70000000 -39.15085131
v -70.50000000 -17.70000000 -51.42817053
v -70.50000000 -18.00000000 -39.00000000
v -70.50000000 -18.00000000 -51.30000000
v -70.50000000 -18.20882203 -38.70000000
v -70.50000000 -18.30000000 -38.62373957
v -70.50000000 -18.19845394 -50.70000000
v -70.50000000 -18.30000000 -50.55879269
v -70.50000000 -18.06751653 -51.00000000
v -70.50000000 -18.60000000 -38.43964577
v -70.50000000 -18.42662009 -50.40000000
v -70.50000000 -18.60000000 -50.23189237
v -70.50000000 -18.67549204 -38.40000000
v -70.50000000 -18.90000000 -38.30062430
v -70.50000000 -18.77601582 -50.10000000
v -70.50000000 -18.90000000 -50.01638440
v -70.50000000 -19.20000000 -38.19909009
v -70.50000000 -19.20000000 -49.87701112
v -70.50000000 -19.50000000 -38.10000000
v -70.50000000 -19.50000000 -49.80000000
v -70.50000000 -19.80000000 -37.99056093
v -70.50000000 -19.64070072 -49.50000000
v -70.50000000 -19.80000000 -49.36847131
v -70.50000000 -20.10000000 -37.92744445
v -70.50000000 -20.04392030 -49.20000000
v -70.50000000 -20.10000000 -49.16222764
v -70.50000000 -20.40000000 -37.88861244
v -70.50000000 -20.40000000 -48.90000000
v -70.50000000 -20.70000000 -37.88316108
v -70.50000000 -20.70000000 -48.90000000
v -70.50000000 -21.00000000 -37.93646799
v -70.50000000 -21.00000000 -48.82309193
v -70.50000000 -21.30000000 -38.10000000
v -70.50000000 -21.30000000 -48.30000000
v -70.50000000 -21.19373493 -48.60000000
v -70.50000000 -21.60000000 -38.22570174
v -70.50000000 -21.60000000 -47.40000000
v -70.50000000 -21.54388215 -47.70000000
v -70.50000000 -21.45793047 -48.00000000
v -70.50000000 -21.82823438 -38.40000000
v -70.50000000 -21.90000000 -38.47294090
v -70.50000000 -21.90000000 -46.50000000
v -70.50000000 -21.84401319 -46.80000000
v -70.50000000 -21.75448359 -47.10000000
v -70.50000000 -22.07003703 -38.70000000
v -70.50000000 -22.20000000 -39.00000000
v -70.50000000 -22.20000000 -44.70000000
v -70.50000000 -22.16311636 -45.00000000
v -70.50000000 -22.11384345 -45.30000000
v -70.50000000 -22.06813811 -45.60000000
v -70.50000000 -22.03748208 -45.90000000
v -70.50000000 -21.99510481 -46.20000000
v -70.50000000 -22.34979632 -39.30000000
v -70.50000000 -22.50000000 -39.60000000
v -70.50000000 -22.50000000 -43.50000000
v -70.50000000 -22.48823693 -43.80000000
v -70.50000000 -22.43473163 -44.10000000
v -70.50000000 -22.33193886 -44.40000000
v -70.50000000 -22.80000000 -39.79667135
v -70.50000000 -22.80000000 -43.32619727
v -70.50000000 -22.89981137 -39.90000000
v -70.50000000 -23.05356729 -40.20000000
v -70.50000000 -23.10000000 -40.50000000
v -70.50000000 -23.10000000 -42.90000000
v -70.50000000 -22.90875968 -43.20000000
v -70.50000000 -23.22602716 -40.80000000
v -70.50000000 -23.29178430 -41.10000000
v -70.50000000 -23.36384495 -41.40000000
v -70.50000000 -23.40000000 -41.70000000
v -70.50000000 -23.40000000 -42.00000000
v -70.50000000 -23.36142401 -42.30000000
v -70.50000000 -23.26942141 -42.60000000
v -70.67446790 -15.00000000 -41.70000000
v -70.80000000 -14.92663266 -41.70000000
v -70.80000000 -15.00000000 -41.43765089
v -70.59792358 -15.00000000 -42.00000000
v -70.80000000 -14.87391830 -42.00000000
v -70.55617932 -15.00000000 -42.30000000
v -70.80000000 -14.84620389 -42.30000000
v -70.52304558 -15.00000000 -42.60000000
v -70.80000000 -14.83448916 -42.60000000
v -70.80000000 -14.83296060 -42.90000000
v -70.80000000 -14.83753065 -43.20000000
v -70.80000000 -14.84697198 -43.50000000
v -70.80000000 -14.86567696 -43.80000000
v -70.80000000 -14.88617641 -44.10000000
v -70.51675504 -15.00000000 -44.40000000
v -70.80000000 -14.90629538 -44.40000000
v -70.54204932 -15.00000000 -44.70000000
v -70.80000000 -14.92462443 -44.70000000
v -70.54997722 -15.00000000 -45.00000000
v -70.80000000 -14.93900864 -45.00000000
v -70.80000000 -14.94885053 -45.30000000
v -70.80000000 -14.95483816 -45.60000000
v -70.80000000 -14.96383970 -45.90000000
v -70.80000000 -14.97804921 -46.20000000
v -70.80000000 -15.00000000 -46.50000000
v -70.50201373 -15.00000000 -47.70000000
v -70.51486889 -15.00000000 -54.30000000
v -70.52263702 -15.00000000 -54.60000000
v -70.64691837 -15.30000000 -41.10000000
v -70.80000000 -15.15292645 -41.10000000
v -70.80000000 -15.30000000 -40.80000000
v -70.80000000 -15.01271235 -41.40000000
v -70.80000000 -15.02100457 -46.80000000
v -70.80000000 -15.04036993 -47.10000000
v -70.80000000 -15.06242825 -47.40000000
v -70.80000000 -15.09457021 -47.70000000
v -70.80000000 -15.14152123 -48.00000000
v -70.80000000 -15.21930189 -48.30000000
v -70.80000000 -15.28283495 -48.60000000
v -70.80000000 -15.30000000 -48.90000000
v -70.59185152 -15.30000000 -49.20000000
v -70.52304410 -15.30000000 -49.50000000
v -70.53535696 -15.30000000 -54.00000000
v -70.59898293 -15.30000000 -54.30000000
v -70.60023028 -15.30000000 -54.60000000
v -70.52539525 -15.30000000 -54.90000000
v -70.80000000 -15.60000000 -40.50000000
v -70.80000000 -15.60000000 -49.20000000
v -70.74481895 -15.60000000 -49.50000000
v -70.63484801 -15.60000000 -49.80000000
v -70.51955989 -15.60000000 -54.30000000
v -70.52070432 -15.60000000 -54.60000000
v -70.61679677 -15.90000000 -40.20000000
v -70.80000000 -15.69147103 -40.20000000
v -70.80000000 -15.90000000 -39.90000000
v -70.80000000 -15.66935666 -49.50000000
v -70.80000000 -15.79128066 -49.80000000
v -70.73738838 -15.90000000 -50.10000000
v -70.80000000 -15.90000000 -49.99807031
v -70.56939800 -15.90000000 -50.40000000
v -70.50789449 -16.20000000 -39.90000000
v -70.80000000 -16.20000000 -39.60000000
v -70.80000000 -15.95086708 -50.10000000
v -70.80000000 -16.14556881 -50.40000000
v -70.67582326 -16.20000000 -50.70000000
v -70.80000000 -16.20000000 -50.47200480
v -70.56050054 -16.20000000 -51.00000000
v -70.53001023 -16.50000000 -39.60000000
v -70.80000000 -16.50000000 -39.38703424
v -70.80000000 -16.50000000 -50.70000000
v -70.69872400 -16.50000000 -51.00000000
v -70.60737158 -16.50000000 -51.30000000
v -70.70380237 -16.80000000 -39.30000000
v -70.80000000 -16.65907782 -39.30000000
v -70.80000000 -16.80000000 -39.22648890
v -70.80000000 -16.80000000 -51.00000000
v -70.68801606 -16.80000000 -51.30000000
v -70.50688975 -16.80000000 -51.60000000
v -70.56516942 -17.10000000 -39.30000000
v -70.80000000 -17.10000000 -39.09364856
v -70.80000000 -17.10000000 -51.30000000
v -70.51396094 -17.10000000 -51.60000000
v -70.80000000 -17.40000000 -39.02466340
v -70.80000000 -17.40000000 -51.30000000
v -70.80000000 -17.70000000 -39.00000000
v -70.80000000 -17.70000000 -51.00000000
v -70.63095062 -17.70000000 -51.30000000
v -70.80000000 -18.00000000 -38.70000000
v -70.59817323 -18.00000000 -51.00000000
v -70.80000000 -18.00000000 -50.75649889
v -70.80000000 -18.30000000 -38.51025010
v -70.80000000 -18.04255473 -50.70000000
v -70.80000000 -18.30000000 -50.42096839
v -70.61048606 -18.60000000 -38.40000000
v -70.80000000 -18.48416460 -38.40000000
v -70.80000000 -18.60000000 -38.33986888
v -70.80000000 -18.31932480 -50.40000000
v -70.80000000 -18.60000000 -50.15373920
v -70.80000000 -18.90000000 -38.20491846
v -70.80000000 -18.69404343 -50.10000000
v -70.80000000 -18.90000000 -50.00222365
v -70.80000000 -19.20000000 -38.10000000
v -70.80000000 -19.20000000 -49.87270698
v -70.80000000 -19.50000000 -37.97491849
v -70.80000000 -19.50000000 -49.50000000
v -70.80000000 -19.34755110 -49.80000000
v -70.80000000 -19.80000000 -37.87072184
v -70.80000000 -19.80000000 -49.50000000
v -70.80000000 -20.10000000 -37.80000000
v -70.53760516 -20.10000000 -49.20000000
v -70.80000000 -20.10000000 -49.49488910
v -70.66688611 -20.40000000 -37.80000000
v -70.80000000 -20.40000000 -37.73021938
v -70.65303853 -20.40000000 -49.20000000
v -70.80000000 -20.40000000 -49.46889025
v -70.63484776 -20.70000000 -37.80000000
v -70.80000000 -20.70000000 -37.70135061
v -70.69155326 -20.70000000 -49.20000000
v -70.80000000 -20.70000000 -49.43084666
v -70.68389854 -21.00000000 -37.80000000
v -70.80000000 -21.00000000 -37.71574479
v -70.55685885 -21.00000000 -48.90000000
v -70.72835156 -21.00000000 -49.20000000
v -70.80000000 -21.00000000 -49.35010405
v -70.79723400 -21.30000000 -37.80000000
v -70.80000000 -21.30000000 -37.79748012
v -70.60489529 -21.30000000 -48.60000000
v -70.72273312 -21.30000000 -48.90000000
v -70.80000000 -21.30000000 -49.20000000
v -70.80000000 -21.30469922 -37.80000000
v -70.65984108 -21.60000000 -38.10000000
v -70.80000000 -21.60000000 -37.97604874
v -70.57645361 -21.60000000 -47.70000000
v -70.69261416 -21.60000000 -48.00000000
v -70.80000000 -21.57827528 -48.30000000
v -70.80000000 -21.60000000 -48.24169111
v -70.80000000 -21.47928393 -48.60000000
v -70.80000000 -21.38660539 -48.90000000
v -70.80000000 -21.75835106 -38.10000000
v -70.58175765 -21.90000000 -38.40000000
v -70.80000000 -21.90000000 -38.22078306
v -70.59330263 -21.90000000 -46.80000000
v -70.70988610 -21.90000000 -47.10000000
v -70.80000000 -21.87577027 -47.40000000
v -70.80000000 -21.90000000 -47.32203412
v -70.80000000 -21.78229776 -47.70000000
v -70.80000000 -21.68333823 -48.00000000
v -70.80000000 -22.08061718 -38.40000000
v -70.67188205 -22.20000000 -38.70000000
v -70.80000000 -22.20000000 -38.54961490
v -70.55632956 -22.20000000 -45.00000000
v -70.65289474 -22.20000000 -45.30000000
v -70.80000000 -22.20000000 -45.60000000
v -70.80000000 -22.16752955 -45.90000000
v -70.80000000 -22.12782020 -46.20000000
v -70.80000000 -22.08048801 -46.50000000
v -70.80000000 -22.03167424 -46.80000000
v -70.80000000 -21.96573221 -47.10000000
v -70.80000000 -22.32365449 -38.70000000
v -70.80000000 -22.45930090 -39.00000000
v -70.80000000 -22.50000000 -39.30000000
v -70.51364922 -22.50000000 -43.80000000
v -70.58253302 -22.50000000 -44.10000000
v -70.80000000 -22.50000000 -44.40000000
v -70.80000000 -22.47094448 -44.70000000
v -70.80000000 -22.39980891 -45.00000000
v -70.80000000 -22.29571193 -45.30000000
v -70.74768808 -22.80000000 -39.60000000
v -70.80000000 -22.80000000 -39.54238945
v -70.65744357 -22.80000000 -43.50000000
v -70.75821149 -22.80000000 -43.80000000
v -70.80000000 -22.80000000 -44.10000000
v -70.80000000 -22.85258883 -39.60000000
v -70.78196863 -23.10000000 -39.90000000
v -70.80000000 -23.10000000 -39.88094673
v -70.57073883 -23.10000000 -40.20000000
v -70.80000000 -23.10000000 -43.20000000
v -70.80000000 -22.94886566 -43.50000000
v -70.80000000 -22.84848392 -43.80000000
v -70.80000000 -23.11445278 -39.90000000
v -70.80000000 -23.29920721 -40.20000000
v -70.80000000 -23.40000000 -40.50000000
v -70.80000000 -23.40000000 -40.80000000
v -70.80000000 -23.40000000 -41.10000000
v -70.55048326 -23.40000000 -41.40000000
v -70.55076807 -23.40000000 -42.30000000
v -70.68352708 -23.40000000 -42.60000000
v -70.80000000 -23.32336157 -42.90000000
v -70.80000000 -23.40000000 -42.76855197
v -70.80000000 -23.66377982 -41.40000000
v -70.80000000 -23.67808390 -41.70000000
v -70.80000000 -23.66149726 -42.00000000
v -70.80000000 -23.60129954 -42.30000000
v -70.80000000 -23.48971155 -42.60000000
v -71.05777010 -14.70000000 -42.30000000
v -71.10000000 -14.67712752 -42.30000000
v -71.10000000 -14.70000000 -42.00000000
v -71.04516068 -14.70000000 -42.60000000
v -71.10000000 -14.67124909 -42.60000000
v -71.05712642 -14.70000000 -42.90000000
v -71.10000000 -14.67902396 -42.90000000
v -71.08045193 -14.70000000 -43.20000000
v -71.10000000 -14.69113554 -43.20000000
v -71.10000000 -14.70000000 -43.50000000
v -70.97093622 -15.00000000 -41.10000000
v -71.10000000 -14.90667481 -41.10000000
v -71.10000000 -15.00000000 -40.80000000
v -70.81790699 -15.00000000 -41.40000000
v -71.10000000 -14.82533153 -41.40000000
v -71.10000000 -14.75692140 -41.70000000
v -71.10000000 -14.74668687 -43.80000000
v -71.10000000 -14.78553943 -44.10000000
v -71.10000000 -14.82375167 -44.40000000
v -71.10000000 -14.85781281 -44.70000000
v -71.10000000 -14.88794642 -45.00000000
v -71.10000000 -14.91802034 -45.30000000
v -71.10000000 -14.95440129 -45.60000000
v -71.10000000 -15.00000000 -45.90000000
v -71.08229913 -15.00000000 -46.20000000
v -71.04341868 -15.30000000 -40.20000000
v -71.10000000 -15.22944689 -40.20000000
v -71.10000000 -15.30000000 -39.90000000
v -70.96127047 -15.30000000 -40.50000000
v -71.10000000 -15.13628868 -40.50000000
v -71.10000000 -15.00132048 -46.20000000
v -71.10000000 -15.01638238 -46.50000000
v -71.10000000 -15.04403384 -46.80000000
v -71.10000000 -15.07797509 -47.10000000
v -71.10000000 -15.12880517 -47.40000000
v -71.10000000 -15.20526613 -47.70000000
v -71.10000000 -15.30000000 -48.00000000
v -70.89059755 -15.30000000 -48.30000000
v -70.81820137 -15.30000000 -48.60000000
v -70.97158619 -15.60000000 -39.90000000
v -71.10000000 -15.60000000 -39.68595958
v -70.86349832 -15.60000000 -40.20000000
v -71.10000000 -15.60000000 -48.30000000
v -71.06920466 -15.60000000 -48.60000000
v -70.98128409 -15.60000000 -48.90000000
v -70.99644378 -15.90000000 -39.60000000
v -71.10000000 -15.70907450 -39.60000000
v -71.10000000 -15.90000000 -39.47281301
v -71.10000000 -15.62955729 -48.60000000
v -71.10000000 -15.72898629 -48.90000000
v -71.10000000 -15.90000000 -49.20000000
v -71.00497177 -15.90000000 -49.50000000
v -70.89695152 -15.90000000 -49.80000000
v -71.10000000 -16.20000000 -39.30000000
v -71.10000000 -15.99372018 -49.50000000
v -71.10000000 -16.09633980 -49.80000000
v -71.10000000 -16.20000000 -50.10000000
v -70.84590046 -16.20000000 -50.40000000
v -70.89764326 -16.50000000 -39.30000000
v -71.10000000 -16.50000000 -39.10906239
v -71.04789801 -16.50000000 -50.40000000
v -71.10000000 -16.50000000 -50.33448801
v -71.10000000 -16.80000000 -39.00000000
v -71.10000000 -16.58671943 -50.40000000
v -70.98786007 -16.80000000 -50.70000000
v -71.10000000 -16.80000000 -50.55329019
v -70.89177336 -17.10000000 -39.00000000
v -71.10000000 -17.10000000 -38.70000000
v -71.10000000 -17.08014413 -50.70000000
v -70.92060963 -17.10000000 -51.00000000
v -71.10000000 -17.10000000 -50.71139801
v -70.82418849 -17.40000000 -39.00000000
v -71.10000000 -17.40000000 -38.70000000
v -70.93037108 -17.40000000 -51.00000000
v -71.10000000 -17.40000000 -50.76431257
v -71.05059198 -17.70000000 -38.70000000
v -71.10000000 -17.70000000 -38.66497807
v -71.10000000 -17.70000000 -50.70000000
v -71.10000000 -18.00000000 -38.54800961
v -70.86779829 -18.00000000 -50.70000000
v -71.10000000 -18.00000000 -50.56878478
v -71.09507404 -18.30000000 -38.40000000
v -71.10000000 -18.29646364 -38.40000000
v -71.10000000 -18.30000000 -38.39837527
v -70.89194534 -18.30000000 -50.40000000
v -71.10000000 -18.24320892 -50.40000000
v -71.10000000 -18.30000000 -50.36308944
v -71.10000000 -18.60000000 -38.24838291
v -71.10000000 -18.60000000 -50.10000000
v -71.10000000 -18.90000000 -38.10000000
v -71.10000000 -18.90000000 -50.06836629
v -71.10000000 -19.20000000 -37.98341558
v -71.10000000 -19.20000000 -50.02918425
v -71.10000000 -19.50000000 -37.86023756
v -70.90668894 -19.50000000 -49.80000000
v -71.10000000 -19.50000000 -50.01391644
v -70.96703474 -19.80000000 -37.80000000
v -71.10000000 -19.65419700 -37.80000000
v -71.10000000 -19.80000000 -37.74271855
v -70.95637062 -19.80000000 -49.80000000
v -71.10000000 -19.80000000 -50.10000000
v -71.10000000 -20.10000000 -37.64441243
v -70.80336120 -20.10000000 -49.50000000
v -70.95048666 -20.10000000 -49.80000000
v -71.04451249 -20.10000000 -50.10000000
v -71.10000000 -20.10000000 -50.35068233
v -71.10000000 -20.40000000 -37.58163774
v -70.81483570 -20.40000000 -49.50000000
v -70.93210209 -20.40000000 -49.80000000
v -71.01054465 -20.40000000 -50.10000000
v -71.06578989 -20.40000000 -50.40000000
v -71.10000000 -20.16768972 -50.40000000
v -71.10000000 -20.40000000 -50.70000000
v -71.10000000 -20.70000000 -37.54508066
v -70.82969656 -20.70000000 -49.50000000
v -70.93351867 -20.70000000 -49.80000000
v -71.00583238 -20.70000000 -50.10000000
v -71.06311788 -20.70000000 -50.40000000
v -71.10000000 -20.70000000 -50.57714589
v -71.10000000 -21.00000000 -37.51804656
v -70.87014912 -21.00000000 -49.50000000
v -70.97962824 -21.00000000 -49.80000000
v -71.05320793 -21.00000000 -50.10000000
v -71.10000000 -21.00000000 -50.40000000
v -71.10000000 -21.30000000 -37.50000000
v -70.97846213 -21.30000000 -49.50000000
v -71.09107812 -21.30000000 -49.80000000
v -71.10000000 -21.11658806 -50.10000000
v -71.10000000 -21.30000000 -49.82928410
v -70.98865299 -21.60000000 -37.80000000
v -71.10000000 -21.60000000 -37.70232124
v -70.82474144 -21.60000000 -48.30000000
v -70.93271531 -21.60000000 -48.60000000
v -71.02142133 -21.60000000 -48.90000000
v -71.10000000 -21.60000000 -49.20000000
v -71.10000000 -21.46744284 -49.50000000
v -71.10000000 -21.31451740 -49.80000000
v -71.10000000 -21.71436948 -37.80000000
v -70.94121710 -21.90000000 -38.10000000
v -71.10000000 -21.90000000 -37.97249128
v -70.82731108 -21.90000000 -47.40000000
v -70.93513441 -21.90000000 -47.70000000
v -71.06052666 -21.90000000 -48.00000000
v -71.10000000 -21.82177965 -48.30000000
v -71.10000000 -21.90000000 -48.08815112
v -71.10000000 -21.72995491 -48.60000000
v -71.10000000 -21.66059366 -48.90000000
v -71.10000000 -22.02972928 -38.10000000
v -70.94520833 -22.20000000 -38.40000000
v -71.10000000 -22.20000000 -38.27560040
v -70.86524194 -22.20000000 -45.90000000
v -70.93884864 -22.20000000 -46.20000000
v -70.99450942 -22.20000000 -46.50000000
v -71.03596075 -22.20000000 -46.80000000
v -71.08323990 -22.20000000 -47.10000000
v -71.10000000 -22.15154569 -47.40000000
v -71.10000000 -22.20000000 -47.17138817
v -71.10000000 -22.05292736 -47.70000000
v -71.10000000 -21.93405301 -48.00000000
v -71.10000000 -22.33399036 -38.40000000
v -70.95452914 -22.50000000 -38.70000000
v -71.10000000 -22.50000000 -38.54838809
v -70.83663611 -22.50000000 -39.00000000
v -70.82735735 -22.50000000 -44.70000000
v -70.90232574 -22.50000000 -45.00000000
v -71.10000000 -22.50000000 -45.30000000
v -71.10000000 -22.41535006 -45.60000000
v -71.10000000 -22.33091271 -45.90000000
v -71.10000000 -22.29002260 -46.20000000
v -71.10000000 -22.26912605 -46.50000000
v -71.10000000 -22.24893805 -46.80000000
v -71.10000000 -22.21468378 -47.10000000
v -71.10000000 -22.80000000 -38.70000000
v -71.04431379 -22.80000000 -39.00000000
v -70.95448035 -22.80000000 -39.30000000
v -70.97169328 -22.80000000 -44.40000000
v -71.05781500 -22.80000000 -44.70000000
v -71.10000000 -22.80000000 -45.00000000
v -71.10000000 -22.86074403 -39.00000000
v -71.10000000 -22.97800224 -39.30000000
v -71.02637848 -23.10000000 -39.60000000
v -71.10000000 -23.10000000 -39.49190664
v -70.95553767 -23.10000000 -43.50000000
v -71.05508183 -23.10000000 -43.80000000
v -71.10000000 -23.10000000 -44.10000000
v -71.10000000 -22.94370868 -44.40000000
v -71.10000000 -22.84474220 -44.70000000
v -71.10000000 -23.16793479 -39.60000000
v -71.10000000 -23.40000000 -39.90000000
v -70.89158830 -23.40000000 -40.20000000
v -70.89037544 -23.40000000 -42.90000000
v -71.10000000 -23.40000000 -43.20000000
v -71.10000000 -23.21999461 -43.50000000
v -71.10000000 -23.13579263 -43.80000000
v -71.10000000 -23.70000000 -40.20000000
v -70.97038888 -23.70000000 -40.50000000
v -70.80000000 -23.70000000 -40.80000000
v -70.80000000 -23.70000000 -41.10000000
v -70.82653205 -23.70000000 -41.40000000
v -70.82136753 -23.70000000 -41.70000000
v -70.84077580 -23.70000000 -42.00000000
v -70.90964732 -23.70000000 -42.30000000
v -71.04155477 -23.70000000 -42.60000000
v -71.10000000 -23.57749237 -42.90000000
v -71.10000000 -23.70000000 -42.69370959
v -71.10000000 -23.86675791 -40.50000000
v -71.10000000 -23.98715991 -40.80000000
v -71.07765508 -24.00000000 -41.10000000
v -71.10000000 -24.00000000 -40.89700300
v -71.08472933 -24.00000000 -41.40000000
v -71.10000000 -24.00000000 -41.70000000
v -71.10000000 -23.96502256 -42.00000000
v -71.10000000 -23.88994563 -42.30000000
v -71.10000000 -23.75643564 -42.60000000
v -71.10000000 -24.02067373 -41.10000000
v -71.10000000 -24.01516038 -41.40000000
v -71.32391499 -14.70000000 -41.40000000
v -71.40000000 -14.66334502 -41.40000000
v -71.40000000 -14.70000000 -41.10000000
v -71.21411918 -14.70000000 -41.70000000
v -71.40000000 -14.61567147 -41.70000000
v -71.40000000 -14.56618734 -42.00000000
v -71.40000000 -14.53122642 -42.30000000
v -71.40000000 -14.52731494 -42.60000000
v -71.40000000 -14.55172458 -42.90000000
v -71.40000000 -14.58503040 -43.20000000
v -71.40000000 -14.62058641 -43.50000000
v -71.25985838 -14.70000000 -43.80000000
v -71.40000000 -14.66214107 -43.80000000
v -71.40000000 -14.70000000 -44.10000000
v -71.34394589 -15.00000000 -40.20000000
v -71.40000000 -14.96141117 -40.20000000
v -71.40000000 -15.00000000 -39.90000000
v -71.25539045 -15.00000000 -40.50000000
v -71.40000000 -14.90618037 -40.50000000
v -71.40000000 -14.81799437 -40.80000000
v -71.40000000 -14.76069546 -44.40000000
v -71.40000000 -14.81081247 -44.70000000
v -71.40000000 -14.85461927 -45.00000000
v -71.40000000 -14.89764499 -45.30000000
v -71.40000000 -14.94570939 -45.60000000
v -71.40000000 -15.00000000 -45.90000000
v -71.36133419 -15.30000000 -39.60000000
v -71.40000000 -15.25847862 -39.60000000
v -71.40000000 -15.30000000 -39.55881205
v -71.40000000 -15.00841157 -46.20000000
v -71.40000000 -15.02648306 -46.50000000
v -71.40000000 -15.05882603 -46.80000000
v -71.40000000 -15.10429794 -47.10000000
v -71.40000000 -15.17434434 -47.40000000
v -71.40000000 -15.29723821 -47.70000000
v -71.40000000 -15.30000000 -47.70450604
v -71.16156186 -15.60000000 -39.60000000
v -71.40000000 -15.60000000 -39.32120724
v -71.40000000 -15.60000000 -48.00000000
v -71.24579563 -15.90000000 -39.30000000
v -71.40000000 -15.63145288 -39.30000000
v -71.40000000 -15.90000000 -39.11922256
v -71.40000000 -15.70959380 -48.30000000
v -71.40000000 -15.81815733 -48.60000000
v -71.31699934 -15.90000000 -48.90000000
v -71.40000000 -15.90000000 -48.78292922
v -71.40000000 -16.20000000 -39.00000000
v -71.40000000 -15.95294126 -48.90000000
v -71.40000000 -16.10474724 -49.20000000
v -71.33372504 -16.20000000 -49.50000000
v -71.40000000 -16.20000000 -49.39094846
v -71.20229317 -16.20000000 -49.80000000
v -71.19700318 -16.50000000 -39.00000000
v -71.40000000 -16.50000000 -38.70000000
v -71.40000000 -16.25861379 -49.50000000
v -71.40000000 -16.41495302 -49.80000000
v -71.28890643 -16.50000000 -50.10000000
v -71.40000000 -16.50000000 -49.92458830
v -71.34874290 -16.80000000 -38.70000000
v -71.40000000 -16.80000000 -38.66838027
v -71.40000000 -16.65035649 -50.10000000
v -71.23656519 -16.80000000 -50.40000000
v -71.40000000 -16.80000000 -50.22474258
v -71.40000000 -17.10000000 -38.61143475
v -71.40000000 -17.09983620 -50.40000000
v -71.10868842 -17.10000000 -50.70000000
v -71.40000000 -17.10000000 -50.40008621
v -71.40000000 -17.40000000 -38.57227883
v -71.15822209 -17.40000000 -50.70000000
v -71.40000000 -17.40000000 -50.49319322
v -71.40000000 -17.70000000 -38.52148205
v -71.40000000 -17.70000000 -50.51343698
v -71.40000000 -18.00000000 -38.43214030
v -71.40000000 -18.00000000 -50.47873027
v -71.40000000 -18.07663926 -38.40000000
v -71.40000000 -18.30000000 -38.30871061
v -71.40000000 -18.30000000 -50.40000000
v -71.40000000 -18.60000000 -38.16731672
v -71.40000000 -18.60000000 -50.34370910
v -71.40000000 -18.74123687 -38.10000000
v -71.40000000 -18.90000000 -38.02806527
v -71.14732602 -18.90000000 -50.10000000
v -71.40000000 -18.90000000 -50.33552837
v -71.40000000 -19.20000000 -37.89646059
v -71.16833227 -19.20000000 -50.10000000
v -71.40000000 -19.20000000 -50.40000000
v -71.28613448 -19.50000000 -37.80000000
v -71.40000000 -19.41810291 -37.80000000
v -71.40000000 -19.50000000 -37.76365311
v -71.14742311 -19.50000000 -50.10000000
v -71.28318713 -19.50000000 -50.40000000
v -71.34473917 -19.50000000 -50.70000000
v -71.40000000 -19.37252786 -50.70000000
v -71.35673204 -19.50000000 -51.00000000
v -71.40000000 -19.40470908 -51.00000000
v -71.33815186 -19.50000000 -51.30000000
v -71.40000000 -19.36487771 -51.30000000
v -71.30257248 -19.50000000 -51.60000000
v -71.40000000 -19.29670741 -51.60000000
v -71.26783599 -19.50000000 -51.90000000
v -71.40000000 -19.25480393 -51.90000000
v -71.26673942 -19.50000000 -52.20000000
v -71.40000000 -19.26790762 -52.20000000
v -71.32549354 -19.50000000 -52.50000000
v -71.40000000 -19.34288603 -52.50000000
v -71.40000000 -19.50000000 -52.80000000
v -71.40000000 -19.80000000 -37.63194513
v -71.18490828 -19.80000000 -50.40000000
v -71.23013970 -19.80000000 -50.70000000
v -71.24037200 -19.80000000 -51.00000000
v -71.22204723 -19.80000000 -51.30000000
v -71.18080033 -19.80000000 -51.60000000
v -71.13602070 -19.80000000 -51.90000000
v -71.10000000 -19.80000000 -52.20000000
v -71.25752981 -19.80000000 -52.50000000
v -71.40000000 -19.80000000 -52.80000000
v -71.40000000 -20.10000000 -37.50000000
v -71.11012033 -20.10000000 -50.40000000
v -71.14695483 -20.10000000 -50.70000000
v -71.16334277 -20.10000000 -51.00000000
v -71.15081244 -20.10000000 -51.30000000
v -71.10000000 -20.10000000 -51.60000000
v -71.10000000 -20.10000000 -51.90000000
v -71.10000000 -20.10000000 -52.20000000
v -71.31261918 -20.10000000 -52.50000000
v -71.40000000 -20.10000000 -52.63876116
v -71.30198719 -20.40000000 -37.50000000
v -71.40000000 -20.40000000 -37.46364693
v -71.13873376 -20.40000000 -51.00000000
v -71.15503916 -20.40000000 -51.30000000
v -71.16757237 -20.40000000 -51.60000000
v -71.21457678 -20.40000000 -51.90000000
v -71.31376962 -20.40000000 -52.20000000
v -71.40000000 -20.24321457 -52.50000000
v -71.40000000 -20.40000000 -52.34185762
v -71.21765640 -20.70000000 -37.50000000
v -71.40000000 -20.70000000 -37.43622141
v -71.12940433 -20.70000000 -50.70000000
v -71.18794559 -20.70000000 -51.00000000
v -71.22779864 -20.70000000 -51.30000000
v -71.27800377 -20.70000000 -51.60000000
v -71.40000000 -20.70000000 -51.90000000
v -71.40000000 -20.52130929 -52.20000000
v -71.14673435 -21.00000000 -37.50000000
v -71.40000000 -21.00000000 -37.42028724
v -71.23538209 -21.00000000 -50.70000000
v -71.32428020 -21.00000000 -51.00000000
v -71.37337178 -21.00000000 -51.30000000
v -71.40000000 -21.00000000 -51.60000000
v -71.40000000 -21.30000000 -37.43124340
v -71.19124792 -21.30000000 -50.10000000
v -71.31532548 -21.30000000 -50.40000000
v -71.40000000 -21.22648795 -50.70000000
v -71.40000000 -21.30000000 -50.57818297
v -71.40000000 -21.10005952 -51.00000000
v -71.40000000 -21.03318735 -51.30000000
v -71.40000000 -21.60000000 -37.50000000
v -71.21769468 -21.60000000 -49.50000000
v -71.30885867 -21.60000000 -49.80000000
v -71.40000000 -21.60000000 -50.10000000
v -71.40000000 -21.39235932 -50.40000000
v -71.36733800 -21.90000000 -37.80000000
v -71.40000000 -21.90000000 -37.78175496
v -71.20788660 -21.90000000 -48.30000000
v -71.35635143 -21.90000000 -48.60000000
v -71.40000000 -21.85121833 -48.90000000
v -71.40000000 -21.90000000 -48.70652703
v -71.40000000 -21.79625956 -49.20000000
v -71.40000000 -21.74627476 -49.50000000
v -71.40000000 -21.68501231 -49.80000000
v -71.40000000 -21.91931524 -37.80000000
v -71.37311564 -22.20000000 -38.10000000
v -71.40000000 -22.20000000 -38.08468585
v -71.14982511 -22.20000000 -47.40000000
v -71.25669608 -22.20000000 -47.70000000
v -71.40000000 -22.17974510 -48.00000000
v -71.40000000 -22.20000000 -47.96038725
v -71.40000000 -22.03407968 -48.30000000
v -71.40000000 -21.92685823 -48.60000000
v -71.40000000 -22.21608015 -38.10000000
v -71.40000000 -22.50000000 -38.40000000
v -71.19589077 -22.50000000 -45.60000000
v -71.40000000 -22.50000000 -45.90000000
v -71.40000000 -22.50000000 -46.20000000
v -71.40000000 -22.50000000 -46.50000000
v -71.40000000 -22.50000000 -46.80000000
v -71.40000000 -22.50000000 -47.10000000
v -71.40000000 -22.46982284 -47.40000000
v -71.40000000 -22.35531470 -47.70000000
v -71.40000000 -22.80000000 -38.57392743
v -71.30797744 -22.80000000 -45.30000000
v -71.40000000 -22.80000000 -45.60000000
v -71.40000000 -22.92309978 -38.70000000
v -71.40000000 -23.08692154 -39.00000000
v -71.23362221 -23.10000000 -39.30000000
v -71.40000000 -23.10000000 -39.02938361
v -71.27333991 -23.10000000 -44.40000000
v -71.40000000 -23.10000000 -44.70000000
v -71.40000000 -22.99423143 -45.00000000
v -71.40000000 -22.88719254 -45.30000000
v -71.40000000 -23.22395228 -39.30000000
v -71.40000000 -23.40000000 -39.60000000
v -71.40000000 -23.40000000 -43.50000000
v -71.40000000 -23.32266244 -43.80000000
v -71.40000000 -23.26544585 -44.10000000
v -71.40000000 -23.19016262 -44.40000000
v -71.37494493 -23.70000000 -39.90000000
v -71.40000000 -23.70000000 -39.87506190
v -71.24957691 -23.70000000 -42.90000000
v -71.40000000 -23.59826230 -43.20000000
v -71.40000000 -23.70000000 -43.06171975
v -71.40000000 -23.72646118 -39.90000000
v -71.36663821 -24.00000000 -40.20000000
v -71.40000000 -24.00000000 -40.16033453
v -71.20378833 -24.00000000 -40.50000000
v -71.11059093 -24.00000000 -40.80000000
v -71.13227274 -24.00000000 -42.00000000
v -71.20094402 -24.00000000 -42.30000000
v -71.33404669 -24.00000000 -42.60000000
v -71.40000000 -23.83565210 -42.90000000
v -71.40000000 -24.00000000 -42.69359195
v -71.40000000 -24.04537135 -40.20000000
v -71.40000000 -24.25076895 -40.50000000
v -71.40000000 -24.30000000 -40.80000000
v -71.40000000 -24.30000000 -41.10000000
v -71.40000000 -24.30000000 -41.40000000
v -71.40000000 -24.30000000 -41.70000000
v -71.40000000 -24.29921643 -42.00000000
v -71.40000000 -24.24486070 -42.30000000
v -71.40000000 -24.08334141 -42.60000000
v -71.68996548 -14.70000000 -40.80000000
v -71.70000000 -14.69641417 -40.80000000
v -71.70000000 -14.70000000 -40.78637855
v -71.70000000 -14.61501843 -41.10000000
v -71.70000000 -14.55674123 -41.40000000
v -71.70000000 -14.50810883 -41.70000000
v -71.70000000 -14.45985288 -42.00000000
v -71.70000000 -14.40000000 -42.30000000
v -71.70000000 -14.40000000 -42.60000000
v -71.70000000 -14.45554691 -42.90000000
v -71.70000000 -14.50599774 -43.20000000
v -71.70000000 -14.55688083 -43.50000000
v -71.70000000 -14.60955325 -43.80000000
v -71.70000000 -14.66401796 -44.10000000
v -71.70000000 -14.70000000 -44.27784469
v -71.70000000 -14.89120154 -39.90000000
v -71.70000000 -15.00000000 -39.60000000
v -71.70000000 -14.82996956 -40.20000000
v -71.70000000 -14.77610885 -40.50000000
v -71.70000000 -14.72503611 -44.40000000
v -71.70000000 -14.78411202 -44.70000000
v -71.70000000 -14.83781824 -45.00000000
v -71.70000000 -14.88669942 -45.30000000
v -71.70000000 -14.93139412 -45.60000000
v -71.70000000 -14.97025956 -45.90000000
v -71.69095070 -15.00000000 -46.20000000
v -71.70000000 -14.99972881 -46.20000000
v -71.70000000 -15.00000000 -46.20270365
v -71.70000000 -15.30000000 -39.30000000
v -71.70000000 -15.02940198 -46.50000000
v -71.70000000 -15.06757377 -46.80000000
v -71.70000000 -15.11839279 -47.10000000
v -71.70000000 -15.18954461 -47.40000000
v -71.70000000 -15.30000000 -47.70000000
v -71.42319333 -15.60000000 -39.30000000
v -71.70000000 -15.60000000 -39.07252844
v -71.70000000 -15.60000000 -48.00000000
v -71.50488983 -15.90000000 -39.00000000
v -71.70000000 -15.67994685 -39.00000000
v -71.70000000 -15.90000000 -38.70000000
v -71.70000000 -15.76777628 -48.30000000
v -71.63480043 -15.90000000 -48.60000000
v -71.70000000 -15.90000000 -48.55961449
v -71.63213235 -16.20000000 -38.70000000
v -71.70000000 -16.20000000 -38.65893519
v -71.70000000 -15.92058438 -48.60000000
v -71.70000000 -16.07868562 -48.90000000
v -71.57829642 -16.20000000 -49.20000000
v -71.70000000 -16.20000000 -49.10286071
v -71.70000000 -16.50000000 -38.60763843
v -71.70000000 -16.26287456 -49.20000000
v -71.70000000 -16.50000000 -49.50000000
v -71.50196597 -16.50000000 -49.80000000
v -71.70000000 -16.80000000 -38.57879055
v -71.70000000 -16.64783710 -49.80000000
v -71.56527780 -16.80000000 -50.10000000
v -71.70000000 -16.80000000 -49.99091392
v -71.70000000 -17.10000000 -38.55175857
v -71.70000000 -16.92093793 -50.10000000
v -71.40013442 -17.10000000 -50.40000000
v -71.70000000 -17.10000000 -50.22403189
v -71.70000000 -17.40000000 -38.50984249
v -71.59089317 -17.40000000 -50.40000000
v -71.70000000 -17.40000000 -50.35219315
v -71.70000000 -17.70000000 -38.44885392
v -71.70000000 -17.59778480 -50.40000000
v -71.70000000 -17.70000000 -50.42475540
v -71.52878568 -18.00000000 -38.40000000
v -71.70000000 -17.86769963 -38.40000000
v -71.70000000 -18.00000000 -38.36086669
v -71.70000000 -18.00000000 -50.47218985
v -71.70000000 -18.30000000 -38.24406049
v -71.70000000 -18.30000000 -50.53491586
v -71.70000000 -18.60000000 -38.10000000
v -71.46194235 -18.60000000 -50.40000000
v -71.70000000 -18.60000000 -50.70000000
v -71.68459210 -18.60000000 -55.50000000
v -71.70000000 -18.57837111 -55.50000000
v -71.70000000 -18.60000000 -55.20000000
v -71.70000000 -18.60000000 -55.80000000
v -71.70000000 -18.90000000 -37.97261280
v -71.44806913 -18.90000000 -50.40000000
v -71.58990991 -18.90000000 -50.70000000
v -71.66381821 -18.90000000 -51.00000000
v -71.70000000 -18.84664947 -51.00000000
v -71.64983135 -18.90000000 -51.30000000
v -71.70000000 -18.82666794 -51.30000000
v -71.60257707 -18.90000000 -51.60000000
v -71.70000000 -18.60000000 -51.60000000
v -71.63096095 -18.90000000 -51.90000000
v -71.70000000 -18.81261981 -51.90000000
v -71.67376617 -18.90000000 -52.20000000
v -71.70000000 -18.87216744 -52.20000000
v -71.69630217 -18.90000000 -52.50000000
v -71.70000000 -18.89601275 -52.50000000
v -71.70000000 -18.90000000 -52.80000000
v -71.68001229 -18.90000000 -55.20000000
v -71.70000000 -18.90000000 -55.15847571
v -71.61630762 -18.90000000 -55.50000000
v -71.63155458 -18.90000000 -55.80000000
v -71.70000000 -18.90000000 -56.10000000
v -71.70000000 -19.20000000 -37.83510200
v -71.47427404 -19.20000000 -50.70000000
v -71.49681987 -19.20000000 -51.00000000
v -71.48131063 -19.20000000 -51.30000000
v -71.45121004 -19.20000000 -51.60000000
v -71.43277357 -19.20000000 -51.90000000
v -71.44269165 -19.20000000 -52.20000000
v -71.47384200 -19.20000000 -52.50000000
v -71.51268428 -19.20000000 -52.80000000
v -71.55074836 -19.20000000 -53.10000000
v -71.70000000 -18.90000000 -53.10000000
v -71.57913740 -19.20000000 -53.40000000
v -71.70000000 -18.90000000 -53.40000000
v -71.60310107 -19.20000000 -53.70000000
v -71.70000000 -18.90000000 -53.70000000
v -71.64512631 -19.20000000 -54.00000000
v -71.70000000 -18.90000000 -54.00000000
v -71.70000000 -19.20000000 -54.30000000
v -71.70000000 -19.20000000 -55.20000000
v -71.69206709 -19.20000000 -55.50000000
v -71.69580556 -19.20000000 -55.80000000
v -71.70000000 -19.20000000 -56.10000000
v -71.70000000 -19.27486390 -37.80000000
v -71.70000000 -19.50000000 -37.69527342
v -71.48421836 -19.50000000 -53.10000000
v -71.54771457 -19.50000000 -53.40000000
v -71.61045810 -19.50000000 -53.70000000
v -71.70000000 -19.50000000 -54.00000000
v -71.70000000 -19.21159380 -55.50000000
v -71.70000000 -19.20588090 -55.80000000
v -71.70000000 -19.80000000 -37.56421344
v -71.50748761 -19.80000000 -53.10000000
v -71.58949858 -19.80000000 -53.40000000
v -71.70000000 -19.80000000 -53.70000000
v -71.70000000 -19.97677004 -37.50000000
v -71.70000000 -20.10000000 -37.45841859
v -71.51756522 -20.10000000 -52.80000000
v -71.64511866 -20.10000000 -53.10000000
v -71.70000000 -20.10000000 -53.40000000
v -71.70000000 -20.40000000 -37.40249130
v -71.54005436 -20.40000000 -52.50000000
v -71.70000000 -20.28347877 -52.80000000
v -71.70000000 -20.40000000 -52.65658309
v -71.70000000 -20.15789586 -53.10000000
v -71.70000000 -20.70000000 -37.37594900
v -71.53842814 -20.70000000 -52.20000000
v -71.70000000 -20.54594202 -52.50000000
v -71.70000000 -20.70000000 -52.36838093
v -71.70000000 -21.00000000 -37.37442854
v -71.59884399 -21.00000000 -51.90000000
v -71.70000000 -21.00000000 -52.20000000
v -71.70000000 -21.30000000 -37.40604476
v -71.47489967 -21.30000000 -50.70000000
v -71.61239933 -21.30000000 -51.00000000
v -71.70000000 -21.30000000 -51.30000000
v -71.70000000 -21.18276502 -51.60000000
v -71.70000000 -21.07870579 -51.90000000
v -71.70000000 -21.60000000 -37.49228296
v -71.69307372 -21.60000000 -50.40000000
v -71.70000000 -21.45826111 -50.70000000
v -71.70000000 -21.60000000 -50.40841901
v -71.70000000 -21.35915155 -51.00000000
v -71.70000000 -21.61374994 -37.50000000
v -71.70000000 -21.90000000 -37.70151270
v -71.49426612 -21.90000000 -48.90000000
v -71.59978243 -21.90000000 -49.20000000
v -71.66187226 -21.90000000 -49.50000000
v -71.70000000 -21.90000000 -49.80000000
v -71.70000000 -21.75233729 -50.10000000
v -71.70000000 -21.60379341 -50.40000000
v -71.70000000 -22.01690678 -37.80000000
v -71.70000000 -22.20000000 -37.96634725
v -71.42944756 -22.20000000 -48.00000000
v -71.69467228 -22.20000000 -48.30000000
v -71.70000000 -22.07934655 -48.60000000
v -71.70000000 -22.20000000 -48.30647338
v -71.70000000 -21.99758719 -48.90000000
v -71.70000000 -21.94606577 -49.20000000
v -71.70000000 -21.91811530 -49.50000000
v -71.70000000 -22.35783942 -38.10000000
v -71.70000000 -22.50000000 -38.21835007
v -71.42652626 -22.50000000 -47.40000000
v -71.53257110 -22.50000000 -47.70000000
v -71.70000000 -22.39482854 -48.00000000
v -71.70000000 -22.50000000 -47.88278060
v -71.70000000 -22.20302770 -48.30000000
v -71.70000000 -22.80000000 -38.40000000
v -71.51305784 -22.80000000 -45.90000000
v -71.54373217 -22.80000000 -46.20000000
v -71.56567347 -22.80000000 -46.50000000
v -71.62421030 -22.80000000 -46.80000000
v -71.67915588 -22.80000000 -47.10000000
v -71.69770427 -22.80000000 -47.40000000
v -71.70000000 -22.80000000 -47.70000000
v -71.70000000 -23.10000000 -38.70000000
v -71.42597521 -23.10000000 -39.00000000
v -71.56598556 -23.10000000 -45.00000000
v -71.67575623 -23.10000000 -45.30000000
v -71.70000000 -23.10000000 -45.60000000
v -71.70000000 -23.10000000 -45.90000000
v -71.70000000 -23.10000000 -46.20000000
v -71.70000000 -23.10000000 -46.50000000
v -71.70000000 -22.88801365 -46.80000000
v -71.70000000 -22.81858580 -47.10000000
v -71.70000000 -22.80187522 -47.40000000
v -71.70000000 -23.21618744 -39.00000000
v -71.70000000 -23.36434059 -39.30000000
v -71.70000000 -23.40000000 -39.34910676
v -71.53943610 -23.40000000 -43.80000000
v -71.63447677 -23.40000000 -44.10000000
v -71.70000000 -23.40000000 -44.40000000
v -71.70000000 -23.27021826 -44.70000000
v -71.70000000 -23.17576007 -45.00000000
v -71.70000000 -23.11553537 -45.30000000
v -71.70000000 -23.70000000 -39.60000000
v -71.56262716 -23.70000000 -43.20000000
v -71.70000000 -23.58405109 -43.50000000
v -71.70000000 -23.70000000 -43.31524075
v -71.70000000 -23.48722528 -43.80000000
v -71.70000000 -23.43495010 -44.10000000
v -71.70000000 -23.95103559 -39.90000000
v -71.70000000 -24.00000000 -39.94180614
v -71.59350025 -24.00000000 -42.90000000
v -71.70000000 -23.79334470 -43.20000000
v -71.70000000 -24.00000000 -42.98828608
v -71.58270461 -24.30000000 -40.20000000
v -71.70000000 -24.30000000 -40.10655556
v -71.43468444 -24.30000000 -40.50000000
v -71.40070659 -24.30000000 -42.00000000
v -71.44327479 -24.30000000 -42.30000000
v -71.56244230 -24.30000000 -42.60000000
v -71.70000000 -24.10465884 -42.90000000
v -71.70000000 -24.30000000 -42.74784627
v -71.70000000 -24.60000000 -40.20000000
v -71.69208993 -24.60000000 -40.50000000
v -71.70000000 -24.60000000 -40.80000000
v -71.70000000 -24.60000000 -41.10000000
v -71.70000000 -24.60000000 -41.40000000
v -71.70000000 -24.60000000 -41.70000000
v -71.70000000 -24.60000000 -42.00000000
v -71.70000000 -24.60000000 -42.30000000
v -71.70000000 -24.60000000 -42.60000000
v -71.70000000 -24.60587824 -40.50000000
v -72.00000000 -14.35804681 -42.30000000
v -72.00000000 -14.40000000 -42.00000000
v -72.00000000 -14.35820737 -42.60000000
v -72.00000000 -14.40000000 -42.90000000
v -72.00000000 -14.60807088 -40.80000000
v -72.00000000 -14.70000000 -40.50000000
v -72.00000000 -14.53173361 -41.10000000
v -72.00000000 -14.47063862 -41.40000000
v -72.00000000 -14.42744131 -41.70000000
v -72.00000000 -14.44830129 -43.20000000
v -72.00000000 -14.50750355 -43.50000000
v -72.00000000 -14.57234588 -43.80000000
v -72.00000000 -14.63973755 -44.10000000
v -72.00000000 -14.70000000 -44.36417207
v -72.00000000 -14.91529309 -39.60000000
v -72.00000000 -15.00000000 -39.47254415
v -72.00000000 -14.79623598 -39.90000000
v -72.00000000 -14.73310922 -40.20000000
v -72.00000000 -14.70824853 -44.40000000
v -72.00000000 -14.77574643 -44.70000000
v -72.00000000 -14.83735976 -45.00000000
v -72.00000000 -14.88948717 -45.30000000
v -72.00000000 -14.92998303 -45.60000000
v -72.00000000 -14.96039686 -45.90000000
v -72.00000000 -14.99323181 -46.20000000
v -72.00000000 -15.00000000 -46.25422627
v -72.00000000 -15.16591415 -39.30000000
v -72.00000000 -15.30000000 -39.19895436
v -72.00000000 -15.03112562 -46.50000000
v -72.00000000 -15.07339020 -46.80000000
v -72.00000000 -15.12466661 -47.10000000
v -72.00000000 -15.19329200 -47.40000000
v -72.00000000 -15.30000000 -47.70000000
v -72.00000000 -15.60000000 -39.00000000
v -72.00000000 -15.60000000 -48.00000000
v -72.00000000 -15.89659371 -38.70000000
v -72.00000000 -15.90000000 -38.69766368
v -72.00000000 -15.78767506 -48.30000000
v -72.00000000 -15.90000000 -48.49516890
v -72.00000000 -16.20000000 -38.59631595
v -72.00000000 -15.95998419 -48.60000000
v -72.00000000 -16.13771475 -48.90000000
v -72.00000000 -16.20000000 -48.99785965
v -72.00000000 -16.50000000 -38.56740101
v -72.00000000 -16.33671095 -49.20000000
v -72.00000000 -16.50000000 -49.43759164
v -72.00000000 -16.80000000 -38.55565570
v -72.00000000 -16.54242902 -49.50000000
v -72.00000000 -16.72985435 -49.80000000
v -72.00000000 -16.80000000 -49.89500347
v -72.00000000 -17.10000000 -38.53537513
v -72.00000000 -17.00415656 -50.10000000
v -72.00000000 -17.10000000 -50.17322017
v -72.00000000 -17.40000000 -38.48975979
v -72.00000000 -17.40000000 -50.32193051
v -72.00000000 -17.70000000 -38.41953853
v -72.00000000 -17.61440342 -50.40000000
v -72.00000000 -17.70000000 -50.43282475
v -72.00000000 -17.76272861 -38.40000000
v -72.00000000 -18.00000000 -38.32571663
v -72.00000000 -18.00000000 -50.54474326
v -72.00000000 -18.30000000 -38.20958400
v -72.00000000 -18.30000000 -50.70000000
v -72.00000000 -18.54712457 -38.10000000
v -72.00000000 -18.60000000 -38.07659449
v -72.00000000 -18.60000000 -51.00000000
v -72.00000000 -18.52065076 -51.60000000
v -72.00000000 -18.60000000 -51.30000000
v -72.00000000 -18.60000000 -51.90000000
v -72.00000000 -18.36868200 -55.20000000
v -72.00000000 -18.60000000 -54.90000000
v -72.00000000 -18.30207876 -55.50000000
v -72.00000000 -18.33268807 -55.80000000
v -72.00000000 -18.60000000 -56.10000000
v -72.00000000 -18.90000000 -37.94237323
v -72.00000000 -18.60000000 -52.20000000
v -72.00000000 -18.60000000 -52.50000000
v -72.00000000 -18.60000000 -52.80000000
v -72.00000000 -18.60000000 -53.10000000
v -72.00000000 -18.60000000 -53.40000000
v -72.00000000 -18.60000000 -53.70000000
v -72.00000000 -18.60000000 -54.00000000
v -71.70000000 -18.90000000 -54.30000000
v -72.00000000 -18.64391502 -54.30000000
v -72.00000000 -18.90000000 -54.60000000
v -72.00000000 -18.90000000 -54.90000000
v -72.00000000 -18.90000000 -56.40000000
v -72.00000000 -19.20000000 -37.80231182
v -72.00000000 -19.20000000 -54.60000000
v -72.00000000 -19.20000000 -54.90000000
v -72.00000000 -19.20000000 -56.31832169
v -72.00000000 -19.20472265 -37.80000000
v -72.00000000 -19.50000000 -37.65493433
v -72.00000000 -19.50000000 -54.30000000
v -72.00000000 -19.49680112 -55.20000000
v -72.00000000 -19.50000000 -55.50000000
v -72.00000000 -19.46218212 -55.80000000
v -72.00000000 -19.35481618 -56.10000000
v -72.00000000 -19.80000000 -37.52510615
v -72.00000000 -19.80000000 -54.00000000
v -72.00000000 -19.87728446 -37.50000000
v -72.00000000 -20.10000000 -37.43187322
v -72.00000000 -20.07935227 -53.70000000
v -72.00000000 -20.10000000 -53.67241057
v -72.00000000 -20.40000000 -37.37638717
v -72.00000000 -20.40000000 -52.80000000
v -72.00000000 -20.34266113 -53.10000000
v -72.00000000 -20.25269664 -53.40000000
v -72.00000000 -20.70000000 -37.35467785
v -72.00000000 -20.70000000 -52.50000000
v -72.00000000 -21.00000000 -37.36545042
v -72.00000000 -21.00000000 -52.29577458
v -72.00000000 -21.30000000 -37.41170253
v -72.00000000 -21.30000000 -51.60000000
v -72.00000000 -21.20686830 -51.90000000
v -72.00000000 -21.07066448 -52.20000000
v -72.00000000 -21.60000000 -37.50000000
v -72.00000000 -21.58958620 -50.70000000
v -72.00000000 -21.60000000 -50.67508951
v -72.00000000 -21.48478921 -51.00000000
v -72.00000000 -21.39677741 -51.30000000
v -72.00000000 -21.90000000 -37.69278681
v -72.00000000 -21.83300437 -50.10000000
v -72.00000000 -21.90000000 -49.91744613
v -72.00000000 -21.70866501 -50.40000000
v -72.00000000 -22.04437482 -37.80000000
v -72.00000000 -22.20000000 -37.92176525
v -72.00000000 -22.20000000 -48.60000000
v -72.00000000 -22.11106792 -48.90000000
v -72.00000000 -22.04852276 -49.20000000
v -72.00000000 -21.99800998 -49.50000000
v -72.00000000 -21.93842217 -49.80000000
v -72.00000000 -22.43301556 -38.10000000
v -72.00000000 -22.50000000 -38.15170156
v -72.00000000 -22.50000000 -48.00000000
v -72.00000000 -22.34571732 -48.30000000
v -72.00000000 -22.80000000 -38.37889574
v -72.00000000 -22.80000000 -47.77769085
v -72.00000000 -22.82460865 -38.40000000
v -72.00000000 -23.10000000 -38.69223778
v -72.00000000 -23.10000000 -46.80000000
v -72.00000000 -23.02366715 -47.10000000
v -72.00000000 -22.95967351 -47.40000000
v -72.00000000 -22.85546117 -47.70000000
v -72.00000000 -23.10616512 -38.70000000
v -72.00000000 -23.27434393 -39.00000000
v -72.00000000 -23.40000000 -39.30000000
v -72.00000000 -23.40000000 -44.70000000
v -72.00000000 -23.32470868 -45.00000000
v -72.00000000 -23.27414032 -45.30000000
v -72.00000000 -23.26002514 -45.60000000
v -72.00000000 -23.25987427 -45.90000000
v -72.00000000 -23.24822540 -46.20000000
v -72.00000000 -23.20206232 -46.50000000
v -72.00000000 -23.70000000 -39.56403532
v -72.00000000 -23.70000000 -43.50000000
v -72.00000000 -23.64354838 -43.80000000
v -72.00000000 -23.58356051 -44.10000000
v -72.00000000 -23.50786326 -44.40000000
v -72.00000000 -23.73251187 -39.60000000
v -72.00000000 -24.00000000 -39.90000000
v -72.00000000 -23.98595899 -43.20000000
v -72.00000000 -24.00000000 -43.18577572
v -72.00000000 -24.30000000 -40.03229047
v -72.00000000 -24.30000000 -42.90000000
v -72.00000000 -24.60000000 -40.20000000
v -72.00000000 -24.60000000 -42.68697346
v -72.00000000 -24.71218431 -40.50000000
v -72.00000000 -24.74495991 -40.80000000
v -72.00000000 -24.75862283 -41.10000000
v -72.00000000 -24.76738399 -41.40000000
v -72.00000000 -24.77370632 -41.70000000
v -72.00000000 -24.77053707 -42.00000000
v -72.00000000 -24.74821554 -42.30000000
v -72.00000000 -24.66196945 -42.60000000
v -72.12477522 -14.40000000 -41.70000000
v -72.30000000 -14.36216780 -41.70000000
v -72.30000000 -14.40000000 -41.40000000
v -72.30000000 -14.33554671 -42.00000000
v -72.30000000 -14.31886874 -42.30000000
v -72.30000000 -14.32438853 -42.60000000
v -72.30000000 -14.35533033 -42.90000000
v -72.30000000 -14.40000000 -43.16653778
v -72.10618807 -14.70000000 -40.20000000
v -72.30000000 -14.64166802 -40.20000000
v -72.30000000 -14.70000000 -39.90000000
v -72.30000000 -14.58771266 -40.50000000
v -72.30000000 -14.52162868 -40.80000000
v -72.30000000 -14.45711705 -41.10000000
v -72.30000000 -14.40564005 -43.20000000
v -72.30000000 -14.47043427 -43.50000000
v -72.30000000 -14.54417781 -43.80000000
v -72.30000000 -14.62223053 -44.10000000
v -72.30000000 -14.70000000 -44.39346317
v -72.30000000 -14.83169991 -39.60000000
v -72.30000000 -15.00000000 -39.30000000
v -72.30000000 -14.70175244 -44.40000000
v -72.30000000 -14.78019718 -44.70000000
v -72.30000000 -14.85165992 -45.00000000
v -72.30000000 -14.90964891 -45.30000000
v -72.30000000 -14.95055369 -45.60000000
v -72.30000000 -14.97735210 -45.90000000
v -72.30000000 -15.00000000 -46.20000000
v -72.30000000 -15.30000000 -39.14611469
v -72.30000000 -15.04003450 -46.50000000
v -72.30000000 -15.08082071 -46.80000000
v -72.30000000 -15.12849266 -47.10000000
v -72.30000000 -15.19424916 -47.40000000
v -72.30000000 -15.30000000 -47.70000000
v -72.30000000 -15.60000000 -39.00000000
v -72.30000000 -15.60000000 -48.00000000
v -72.30000000 -15.90000000 -38.70000000
v -72.30000000 -15.78202555 -48.30000000
v -72.30000000 -15.90000000 -48.51071249
v -72.30000000 -16.20000000 -38.60943010
v -72.30000000 -15.95120976 -48.60000000
v -72.30000000 -16.13686155 -48.90000000
v -72.30000000 -16.20000000 -48.99675543
v -72.30000000 -16.50000000 -38.59311934
v -72.30000000 -16.34032313 -49.20000000
v -72.30000000 -16.50000000 -49.43745120
v -72.30000000 -16.80000000 -38.58933307
v -72.30000000 -16.54069189 -49.50000000
v -72.30000000 -16.70071124 -49.80000000
v -72.30000000 -16.80000000 -49.97037144
v -72.30000000 -17.10000000 -38.56263115
v -72.30000000 -16.90630732 -50.10000000
v -72.30000000 -17.10000000 -50.26631680
v -72.30000000 -17.40000000 -38.50581580
v -72.30000000 -17.40000000 -50.40000000
v -72.30000000 -17.70000000 -38.42402591
v -72.30000000 -17.70000000 -50.56970598
v -72.30000000 -17.76797969 -38.40000000
v -72.30000000 -18.00000000 -38.31879893
v -72.30000000 -18.00000000 -50.70000000
v -72.29959384 -18.00000000 -56.10000000
v -72.30000000 -17.99948481 -56.10000000
v -72.30000000 -18.00000000 -56.09320068
v -72.29114717 -18.00000000 -56.40000000
v -72.30000000 -17.98581901 -56.40000000
v -72.28272138 -18.00000000 -56.70000000
v -72.30000000 -17.96632014 -56.70000000
v -72.27269845 -18.00000000 -57.00000000
v -72.30000000 -17.93916079 -57.00000000
v -72.26627215 -18.00000000 -57.30000000
v -72.30000000 -17.91856303 -57.30000000
v -72.27330810 -18.00000000 -57.60000000
v -72.30000000 -17.92985969 -57.60000000
v -72.30000000 -18.00000000 -57.90000000
v -72.30000000 -18.30000000 -38.19631581
v -72.18023023 -18.30000000 -51.00000000
v -72.30000000 -18.14153945 -51.00000000
v -72.23076467 -18.30000000 -51.30000000
v -72.30000000 -18.20912952 -51.30000000
v -72.23725420 -18.30000000 -51.60000000
v -72.30000000 -18.22576421 -51.60000000
v -72.26038742 -18.30000000 -51.90000000
v -72.30000000 -18.24860527 -51.90000000
v -72.30000000 -18.30000000 -52.20000000
v -72.29407251 -18.30000000 -54.60000000
v -72.30000000 -18.29459469 -54.60000000
v -72.30000000 -18.30000000 -54.54032884
v -72.21047698 -18.30000000 -54.90000000
v -72.30000000 -18.22648680 -54.90000000
v -72.07719122 -18.30000000 -55.20000000
v -72.30000000 -18.13324855 -55.20000000
v -72.00264893 -18.30000000 -55.50000000
v -72.30000000 -18.06192340 -55.50000000
v -72.03006672 -18.30000000 -55.80000000
v -72.30000000 -18.02118411 -55.80000000
v -72.10754732 -18.30000000 -56.10000000
v -72.14805797 -18.30000000 -56.40000000
v -72.17327302 -18.30000000 -56.70000000
v -72.19134749 -18.30000000 -57.00000000
v -72.20707163 -18.30000000 -57.30000000
v -72.23912154 -18.30000000 -57.60000000
v -72.30000000 -18.30000000 -57.90000000
v -72.30000000 -18.51803771 -38.10000000
v -72.30000000 -18.60000000 -38.06370387
v -72.30000000 -18.30000000 -52.50000000
v -72.30000000 -18.31385397 -52.80000000
v -72.30000000 -18.31939427 -53.10000000
v -72.30000000 -18.31930575 -53.40000000
v -72.30000000 -18.32111566 -53.70000000
v -72.30000000 -18.32485340 -54.00000000
v -72.03181480 -18.60000000 -54.30000000
v -72.30000000 -18.32475014 -54.30000000
v -72.06504877 -18.60000000 -54.60000000
v -72.05633502 -18.60000000 -56.40000000
v -72.11443856 -18.60000000 -56.70000000
v -72.16930307 -18.60000000 -57.00000000
v -72.22799062 -18.60000000 -57.30000000
v -72.30000000 -18.60000000 -57.60000000
v -72.30000000 -18.90000000 -37.93017518
v -72.11951539 -18.90000000 -56.70000000
v -72.20444107 -18.90000000 -57.00000000
v -72.30000000 -18.81166848 -57.30000000
v -72.30000000 -18.90000000 -57.22649456
v -72.30000000 -19.20000000 -37.80000000
v -72.07736112 -19.20000000 -56.40000000
v -72.23553276 -19.20000000 -56.70000000
v -72.30000000 -19.20000000 -57.00000000
v -72.30000000 -19.50000000 -37.63735954
v -72.06409493 -19.50000000 -54.60000000
v -72.05734639 -19.50000000 -54.90000000
v -72.00256208 -19.50000000 -55.20000000
v -72.06720926 -19.50000000 -55.80000000
v -72.30000000 -19.50000000 -56.10000000
v -72.30000000 -19.37035174 -56.40000000
v -72.30000000 -19.26276603 -56.70000000
v -72.30000000 -19.80000000 -37.50000000
v -72.17136455 -19.80000000 -54.30000000
v -72.25747855 -19.80000000 -54.60000000
v -72.28768312 -19.80000000 -54.90000000
v -72.30000000 -19.80000000 -55.20000000
v -72.30000000 -19.69600900 -55.50000000
v -72.30000000 -19.60853362 -55.80000000
v -72.30000000 -20.10000000 -37.42385971
v -72.02717083 -20.10000000 -53.70000000
v -72.30000000 -20.09843400 -54.00000000
v -72.30000000 -20.10000000 -53.99765021
v -72.30000000 -19.93281851 -54.30000000
v -72.30000000 -19.84043416 -54.60000000
v -72.30000000 -19.81011608 -54.90000000
v -72.30000000 -20.40000000 -37.37925863
v -72.11872672 -20.40000000 -53.10000000
v -72.30000000 -20.40000000 -53.40000000
v -72.30000000 -20.26045478 -53.70000000
v -72.30000000 -20.70000000 -37.36496531
v -72.30000000 -20.63265036 -52.80000000
v -72.30000000 -20.70000000 -52.72348342
v -72.30000000 -20.48401294 -53.10000000
v -72.30000000 -21.00000000 -37.38498500
v -72.30000000 -21.00000000 -52.50000000
v -72.30000000 -21.30000000 -37.44564366
v -72.30000000 -21.30000000 -51.90000000
v -72.30000000 -21.14839468 -52.20000000
v -72.30000000 -21.44683988 -37.50000000
v -72.30000000 -21.60000000 -37.56393234
v -72.03728714 -21.60000000 -50.70000000
v -72.30000000 -21.55957852 -51.00000000
v -72.30000000 -21.60000000 -50.88640285
v -72.30000000 -21.47167596 -51.30000000
v -72.30000000 -21.38614221 -51.60000000
v -72.30000000 -21.90000000 -37.73661811
v -72.30000000 -21.87375889 -50.10000000
v -72.30000000 -21.90000000 -50.01491657
v -72.30000000 -21.77482505 -50.40000000
v -72.30000000 -21.66713477 -50.70000000
v -72.30000000 -21.99636732 -37.80000000
v -72.30000000 -22.20000000 -37.93819801
v -72.30000000 -22.20000000 -48.90000000
v -72.30000000 -22.12164214 -49.20000000
v -72.30000000 -22.04504768 -49.50000000
v -72.30000000 -21.96458739 -49.80000000
v -72.30000000 -22.43385738 -38.10000000
v -72.30000000 -22.50000000 -38.14753832
v -72.30000000 -22.50000000 -48.30000000
v -72.30000000 -22.34391544 -48.60000000
v -72.30000000 -22.80000000 -38.37969243
v -72.30000000 -22.80000000 -48.00000000
v -72.30000000 -22.82354226 -38.40000000
v -72.30000000 -23.10000000 -38.68923856
v -72.15543902 -23.10000000 -47.10000000
v -72.30000000 -23.08495376 -47.40000000
v -72.30000000 -23.10000000 -47.34681015
v -72.30000000 -22.96926531 -47.70000000
v -72.30000000 -23.10919495 -38.70000000
v -72.30000000 -23.32466040 -39.00000000
v -72.30000000 -23.40000000 -39.11342977
v -72.15842876 -23.40000000 -45.00000000
v -72.30000000 -23.40000000 -45.30000000
v -72.30000000 -23.39501736 -45.60000000
v -72.30000000 -23.38461191 -45.90000000
v -72.30000000 -23.35530674 -46.20000000
v -72.30000000 -23.30293512 -46.50000000
v -72.30000000 -23.23591562 -46.80000000
v -72.30000000 -23.16486853 -47.10000000
v -72.30000000 -23.54722014 -39.30000000
v -72.30000000 -23.70000000 -39.47487483
v -72.08874017 -23.70000000 -43.80000000
v -72.20337065 -23.70000000 -44.10000000
v -72.30000000 -23.65665228 -44.40000000
v -72.30000000 -23.70000000 -44.27093481
v -72.30000000 -23.55193795 -44.70000000
v -72.30000000 -23.46875318 -45.00000000
v -72.30000000 -23.81047302 -39.60000000
v -72.30000000 -24.00000000 -39.90000000
v -72.02097428 -24.00000000 -43.20000000
v -72.30000000 -23.97421719 -43.50000000
v -72.30000000 -24.00000000 -43.45918774
v -72.30000000 -23.85566976 -43.80000000
v -72.30000000 -23.76210804 -44.10000000
v -72.30000000 -24.30000000 -39.99904364
v -72.30000000 -24.18507231 -43.20000000
v -72.30000000 -24.30000000 -43.09180491
v -72.30000000 -24.60000000 -40.20000000
v -72.30000000 -24.60000000 -42.90000000
v -72.30000000 -24.75724925 -40.50000000
v -72.30000000 -24.83112777 -40.80000000
v -72.30000000 -24.87752495 -41.10000000
v -72.30000000 -24.90000000 -41.40000000
v -72.26171429 -24.90000000 -41.70000000
v -72.30000000 -24.90000000 -42.00000000
v -72.30000000 -24.86926713 -42.30000000
v -72.30000000 -24.77200658 -42.60000000
v -72.30000000 -24.91829109 -41.70000000
v -72.60000000 -14.35315100 -41.40000000
v -72.60000000 -14.40000000 -41.10000000
v -72.60000000 -14.31720412 -41.70000000
v -72.60000000 -14.29380942 -42.00000000
v -72.60000000 -14.28630253 -42.30000000
v -72.60000000 -14.29699788 -42.60000000
v -72.60000000 -14.32729944 -42.90000000
v -72.35887082 -14.40000000 -43.20000000
v -72.60000000 -14.37696531 -43.20000000
v -72.60000000 -14.40000000 -43.30397189
v -72.60000000 -14.64573740 -39.90000000
v -72.60000000 -14.70000000 -39.75379847
v -72.60000000 -14.57256380 -40.20000000
v -72.60000000 -14.51002826 -40.50000000
v -72.60000000 -14.45051498 -40.80000000
v -72.60000000 -14.44366489 -43.50000000
v -72.60000000 -14.52259010 -43.80000000
v -72.60000000 -14.60918010 -44.10000000
v -72.60000000 -14.70000000 -44.40000000
v -72.60000000 -14.76922679 -39.60000000
v -72.60000000 -15.00000000 -39.30000000
v -72.60000000 -14.79067186 -44.70000000
v -72.60000000 -14.87635459 -45.00000000
v -72.60000000 -14.94781177 -45.30000000
v -72.60000000 -14.98887472 -45.60000000
v -72.49080304 -15.00000000 -45.90000000
v -72.60000000 -15.00000000 -45.73607672
v -72.60000000 -15.30000000 -39.13316225
v -72.60000000 -15.01321113 -45.90000000
v -72.60000000 -15.03469297 -46.20000000
v -72.60000000 -15.06195625 -46.50000000
v -72.60000000 -15.09341255 -46.80000000
v -72.60000000 -15.13347182 -47.10000000
v -72.60000000 -15.19459976 -47.40000000
v -72.60000000 -15.30000000 -47.70000000
v -72.60000000 -15.60000000 -39.00000000
v -72.60000000 -15.60000000 -48.00000000
v -72.60000000 -15.90000000 -38.70000000
v -72.60000000 -15.76268536 -48.30000000
v -72.60000000 -15.90000000 -48.60000000
v -72.60000000 -16.20000000 -38.70000000
v -72.60000000 -16.08514399 -48.90000000
v -72.60000000 -16.20000000 -49.08519473
v -72.60000000 -16.50000000 -38.70000000
v -72.60000000 -16.27663779 -49.20000000
v -72.60000000 -16.50000000 -49.50000000
v -72.60000000 -16.80000000 -38.69468565
v -72.60000000 -16.58011754 -49.80000000
v -72.42397765 -16.80000000 -50.10000000
v -72.60000000 -16.68078298 -50.10000000
v -72.60000000 -16.80000000 -50.40000000
v -72.60000000 -17.10000000 -38.62656790
v -72.44313977 -17.10000000 -50.40000000
v -72.60000000 -17.10000000 -50.58421046
v -72.60000000 -17.40000000 -38.55896286
v -72.60000000 -17.40000000 -50.70000000
v -72.60000000 -17.70000000 -38.46117745
v -72.42013797 -17.70000000 -50.70000000
v -72.54297715 -17.70000000 -51.00000000
v -72.60000000 -17.57618193 -51.00000000
v -72.58633170 -17.70000000 -51.30000000
v -72.60000000 -17.66871722 -51.30000000
v -72.60000000 -17.70000000 -51.60000000
v -72.59626057 -17.70000000 -51.90000000
v -72.60000000 -17.69129187 -51.90000000
v -72.60000000 -17.70000000 -52.20000000
v -72.55000534 -17.70000000 -56.10000000
v -72.60000000 -17.64708019 -56.10000000
v -72.60000000 -17.70000000 -55.84747399
v -72.48876190 -17.70000000 -56.40000000
v -72.60000000 -17.55233087 -56.40000000
v -72.44350956 -17.70000000 -56.70000000
v -72.60000000 -17.46452771 -56.70000000
v -72.41503321 -17.70000000 -57.00000000
v -72.60000000 -17.41662952 -57.00000000
v -72.40032898 -17.70000000 -57.30000000
v -72.60000000 -17.40000000 -57.30000000
v -72.39916989 -17.70000000 -57.60000000
v -72.60000000 -17.40000000 -57.60000000
v -72.41883008 -17.70000000 -57.90000000
v -72.60000000 -17.40000000 -57.90000000
v -72.47929777 -17.70000000 -58.20000000
v -72.60000000 -17.45536835 -58.20000000
v -72.60000000 -17.70000000 -58.50000000
v -72.60000000 -17.84124268 -38.40000000
v -72.60000000 -18.00000000 -38.33390902
v -72.38746092 -18.00000000 -51.00000000
v -72.42816945 -18.00000000 -51.30000000
v -72.44240762 -18.00000000 -51.60000000
v -72.44952100 -18.00000000 -51.90000000
v -72.46748043 -18.00000000 -52.20000000
v -72.50894457 -18.00000000 -52.50000000
v -72.60000000 -17.78642663 -52.50000000
v -72.60000000 -18.00000000 -52.80000000
v -72.46031509 -18.00000000 -55.20000000
v -72.60000000 -17.87802181 -55.20000000
v -72.60000000 -18.00000000 -54.90000000
v -72.36751061 -18.00000000 -55.50000000
v -72.60000000 -17.78034194 -55.50000000
v -72.31888606 -18.00000000 -55.80000000
v -72.60000000 -17.70987810 -55.80000000
v -72.41144937 -18.00000000 -58.20000000
v -72.56168312 -18.00000000 -58.50000000
v -72.60000000 -18.00000000 -58.54664979
v -72.60000000 -18.30000000 -38.19646333
v -72.31407625 -18.30000000 -52.80000000
v -72.32040533 -18.30000000 -53.10000000
v -72.60000000 -18.00000000 -53.10000000
v -72.32031118 -18.30000000 -53.40000000
v -72.60000000 -18.00427474 -53.40000000
v -72.32207766 -18.30000000 -53.70000000
v -72.60000000 -18.03152351 -53.70000000
v -72.32479292 -18.30000000 -54.00000000
v -72.60000000 -18.04142991 -54.00000000
v -72.32186300 -18.30000000 -54.30000000
v -72.60000000 -18.03630201 -54.30000000
v -72.60000000 -18.02233115 -54.60000000
v -72.47042671 -18.30000000 -58.20000000
v -72.60000000 -18.30000000 -58.50000000
v -72.60000000 -18.50812888 -38.10000000
v -72.60000000 -18.60000000 -38.05795443
v -72.53424419 -18.60000000 -57.90000000
v -72.60000000 -18.45450736 -58.20000000
v -72.60000000 -18.60000000 -57.98403339
v -72.60000000 -18.90000000 -37.92476354
v -72.34883038 -18.90000000 -57.30000000
v -72.60000000 -18.84878885 -57.60000000
v -72.60000000 -18.90000000 -57.54265670
v -72.60000000 -18.65074170 -57.90000000
v -72.60000000 -19.20000000 -37.80000000
v -72.60000000 -19.20000000 -57.30000000
v -72.60000000 -19.50000000 -37.64042823
v -72.57616519 -19.50000000 -56.40000000
v -72.60000000 -19.41634506 -56.70000000
v -72.60000000 -19.50000000 -56.42818645
v -72.60000000 -19.32493527 -57.00000000
v -72.60000000 -19.80000000 -37.50000000
v -72.54993134 -19.80000000 -55.50000000
v -72.60000000 -19.71072492 -55.80000000
v -72.60000000 -19.80000000 -55.55265924
v -72.60000000 -19.60412132 -56.10000000
v -72.60000000 -19.50813278 -56.40000000
v -72.60000000 -20.10000000 -37.44410517
v -72.30217060 -20.10000000 -54.00000000
v -72.51726887 -20.10000000 -54.30000000
v -72.60000000 -20.05663976 -54.60000000
v -72.60000000 -20.10000000 -54.46273511
v -72.60000000 -19.98623614 -54.90000000
v -72.60000000 -19.91217921 -55.20000000
v -72.60000000 -19.81788941 -55.50000000
v -72.60000000 -20.40000000 -37.41227643
v -72.60000000 -20.40000000 -53.70000000
v -72.60000000 -20.26247574 -54.00000000
v -72.60000000 -20.14743653 -54.30000000
v -72.60000000 -20.70000000 -37.40473779
v -72.60000000 -20.70000000 -52.80000000
v -72.60000000 -20.56727215 -53.10000000
v -72.60000000 -20.48143020 -53.40000000
v -72.60000000 -21.00000000 -37.42915005
v -72.60000000 -21.00000000 -52.50000000
v -72.60000000 -21.30000000 -37.50000000
v -72.60000000 -21.18446165 -52.20000000
v -72.60000000 -21.30000000 -51.96593924
v -72.60000000 -21.60000000 -37.65129918
v -72.60000000 -21.60000000 -51.00000000
v -72.60000000 -21.53271781 -51.30000000
v -72.60000000 -21.43893384 -51.60000000
v -72.60000000 -21.32903620 -51.90000000
v -72.52315411 -21.90000000 -37.80000000
v -72.60000000 -21.86189331 -37.80000000
v -72.60000000 -21.90000000 -37.82240378
v -72.60000000 -21.90000000 -50.10000000
v -72.60000000 -21.83125652 -50.40000000
v -72.60000000 -21.72648330 -50.70000000
v -72.60000000 -22.20000000 -38.00323134
v -72.60000000 -22.17716776 -49.20000000
v -72.60000000 -22.20000000 -49.14443401
v -72.60000000 -22.07558681 -49.50000000
v -72.60000000 -21.98805154 -49.80000000
v -72.60000000 -22.36004369 -38.10000000
v -72.60000000 -22.50000000 -38.18705547
v -72.60000000 -22.50000000 -48.60000000
v -72.60000000 -22.32163545 -48.90000000
v -72.60000000 -22.80000000 -38.38677182
v -72.60000000 -22.80000000 -48.30000000
v -72.60000000 -22.81627676 -38.40000000
v -72.60000000 -23.10000000 -38.68492900
v -72.33983879 -23.10000000 -47.40000000
v -72.60000000 -23.10000000 -47.70000000
v -72.60000000 -22.96467658 -48.00000000
v -72.60000000 -23.11340098 -38.70000000
v -72.60000000 -23.34654953 -39.00000000
v -72.60000000 -23.40000000 -39.06450682
v -72.31103738 -23.40000000 -45.60000000
v -72.33860706 -23.40000000 -45.90000000
v -72.42623529 -23.40000000 -46.20000000
v -72.60000000 -23.40000000 -46.50000000
v -72.60000000 -23.34208601 -46.80000000
v -72.60000000 -23.27163555 -47.10000000
v -72.60000000 -23.19088562 -47.40000000
v -72.60000000 -23.62880381 -39.30000000
v -72.60000000 -23.70000000 -39.36897378
v -72.37374261 -23.70000000 -44.40000000
v -72.60000000 -23.70000000 -44.70000000
v -72.60000000 -23.62475276 -45.00000000
v -72.60000000 -23.56350620 -45.30000000
v -72.60000000 -23.52958353 -45.60000000
v -72.60000000 -23.50128630 -45.90000000
v -72.60000000 -23.46054931 -46.20000000
v -72.60000000 -24.00000000 -39.60000000
v -72.33393123 -24.00000000 -43.50000000
v -72.48789653 -24.00000000 -43.80000000
v -72.60000000 -24.00000000 -44.10000000
v -72.60000000 -23.85077303 -44.40000000
v -72.60000000 -24.30000000 -39.90000000
v -72.60000000 -24.30000000 -43.20000000
v -72.60000000 -24.20716755 -43.50000000
v -72.60000000 -24.09023402 -43.80000000
v -72.60000000 -24.60000000 -40.08098052
v -72.60000000 -24.60000000 -43.04886257
v -72.60000000 -24.67712386 -40.20000000
v -72.60000000 -24.81275970 -40.50000000
v -72.60000000 -24.90000000 -40.80000000
v -72.36261360 -24.90000000 -41.10000000
v -72.36697695 -24.90000000 -42.30000000
v -72.56555008 -24.90000000 -42.60000000
v -72.60000000 -24.73907834 -42.90000000
v -72.60000000 -24.90000000 -42.63482751
v -72.60000000 -24.98656290 -41.10000000
v -72.60000000 -25.03737386 -41.40000000
v -72.60000000 -25.06234243 -41.70000000
v -72.60000000 -25.05271139 -42.00000000
v -72.60000000 -25.00678133 -42.30000000
v -72.60000000 -24.91605318 -42.60000000
v -72.90000000 -14.36236705 -41.10000000
v -72.90000000 -14.40000000 -40.80000000
v -72.90000000 -14.32354425 -41.40000000
v -72.90000000 -14.29058886 -41.70000000
v -72.90000000 -14.27024271 -42.00000000
v -72.90000000 -14.26645029 -42.30000000
v -72.90000000 -14.28045473 -42.60000000
v -72.90000000 -14.31227286 -42.90000000
v -72.90000000 -14.36127885 -43.20000000
v -72.90000000 -14.40000000 -43.37731505
v -72.90000000 -14.59903251 -39.90000000
v -72.90000000 -14.70000000 -39.60000000
v -72.90000000 -14.52543854 -40.20000000
v -72.90000000 -14.46233895 -40.50000000
v -72.90000000 -14.42714162 -43.50000000
v -72.90000000 -14.50784515 -43.80000000
v -72.90000000 -14.59990124 -44.10000000
v -72.90000000 -14.69909499 -44.40000000
v -72.90000000 -14.70000000 -44.40266324
v -72.90000000 -14.99896408 -39.30000000
v -72.90000000 -15.00000000 -39.29921983
v -72.90000000 -14.80026847 -44.70000000
v -72.90000000 -14.90097550 -45.00000000
v -72.90000000 -15.00000000 -45.30000000
v -72.68023898 -15.00000000 -45.60000000
v -72.90000000 -15.30000000 -39.15456996
v -72.90000000 -15.02949720 -45.60000000
v -72.90000000 -15.05076484 -45.90000000
v -72.90000000 -15.07017132 -46.20000000
v -72.90000000 -15.09011109 -46.50000000
v -72.90000000 -15.11242546 -46.80000000
v -72.90000000 -15.14265099 -47.10000000
v -72.90000000 -15.19578531 -47.40000000
v -72.90000000 -15.30000000 -47.70000000
v -72.90000000 -15.60000000 -39.05847816
v -72.90000000 -15.60000000 -48.00000000
v -72.90000000 -15.90000000 -39.00000000
v -72.90000000 -15.73788521 -48.30000000
v -72.90000000 -15.86208419 -48.60000000
v -72.90000000 -15.90000000 -48.68539821
v -72.90000000 -16.20000000 -39.00000000
v -72.90000000 -16.00100475 -48.90000000
v -72.76940229 -16.20000000 -49.20000000
v -72.90000000 -16.14346258 -49.20000000
v -72.90000000 -16.20000000 -49.33605770
v -72.90000000 -16.50000000 -39.00000000
v -72.90000000 -16.27320330 -49.50000000
v -72.71216675 -16.50000000 -49.80000000
v -72.90000000 -16.36118257 -49.80000000
v -72.80755337 -16.50000000 -50.10000000
v -72.90000000 -16.42481133 -50.10000000
v -72.89228269 -16.50000000 -50.40000000
v -72.90000000 -16.49250614 -50.40000000
v -72.90000000 -16.50000000 -50.42458364
v -72.60899548 -16.80000000 -38.70000000
v -72.90000000 -16.80000000 -39.00000000
v -72.78477988 -16.80000000 -50.70000000
v -72.90000000 -16.61734289 -50.70000000
v -72.87298873 -16.80000000 -51.00000000
v -72.90000000 -16.75095953 -51.00000000
v -72.90000000 -16.80000000 -51.30000000
v -72.90000000 -17.10000000 -38.70000000
v -72.66772845 -17.10000000 -50.70000000
v -72.76237355 -17.10000000 -51.00000000
v -72.80659473 -17.10000000 -51.30000000
v -72.83493790 -17.10000000 -51.60000000
v -72.90000000 -16.94729735 -51.60000000
v -72.84067331 -17.10000000 -51.90000000
v -72.90000000 -16.97405732 -51.90000000
v -72.82373683 -17.10000000 -52.20000000
v -72.90000000 -16.92687623 -52.20000000
v -72.80170088 -17.10000000 -52.50000000
v -72.90000000 -16.80000000 -52.50000000
v -72.80025377 -17.10000000 -52.80000000
v -72.90000000 -16.80000000 -52.80000000
v -72.81938016 -17.10000000 -53.10000000
v -72.90000000 -16.80000000 -53.10000000
v -72.86626223 -17.10000000 -53.40000000
v -72.90000000 -16.80000000 -53.40000000
v -72.90000000 -17.10000000 -53.52086004
v -72.89100059 -17.10000000 -57.00000000
v -72.90000000 -17.09204642 -57.00000000
v -72.90000000 -17.10000000 -56.70000000
v -72.87168865 -17.10000000 -57.30000000
v -72.90000000 -17.07447601 -57.30000000
v -72.85369850 -17.10000000 -57.60000000
v -72.90000000 -17.05676832 -57.60000000
v -72.84505091 -17.10000000 -57.90000000
v -72.90000000 -17.04772189 -57.90000000
v -72.85523566 -17.10000000 -58.20000000
v -72.90000000 -17.05714339 -58.20000000
v -72.90000000 -17.10000000 -58.50000000
v -72.90000000 -17.40000000 -38.66792820
v -72.66986213 -17.40000000 -51.00000000
v -72.70639204 -17.40000000 -51.30000000
v -72.72028827 -17.40000000 -51.60000000
v -72.71895646 -17.40000000 -51.90000000
v -72.71379684 -17.40000000 -52.20000000
v -72.71797827 -17.40000000 -52.50000000
v -72.73582718 -17.40000000 -52.80000000
v -72.77393655 -17.40000000 -53.10000000
v -72.84263831 -17.40000000 -53.40000000
v -72.90000000 -17.40000000 -53.58856246
v -72.71968996 -17.40000000 -56.40000000
v -72.90000000 -17.10000000 -56.40000000
v -72.90000000 -17.40000000 -56.10000000
v -72.64615253 -17.40000000 -56.70000000
v -72.61212159 -17.40000000 -57.00000000
v -72.63221088 -17.40000000 -58.20000000
v -72.76818043 -17.40000000 -58.50000000
v -72.90000000 -17.40000000 -58.62207591
v -72.90000000 -17.70000000 -38.53475757
v -72.63183510 -17.70000000 -52.50000000
v -72.67448883 -17.70000000 -52.80000000
v -72.71210009 -17.70000000 -53.10000000
v -72.77538398 -17.70000000 -53.40000000
v -72.90000000 -17.70000000 -53.70000000
v -72.76832712 -17.70000000 -55.20000000
v -72.90000000 -17.53389235 -55.20000000
v -72.90000000 -17.70000000 -54.90000000
v -72.67511317 -17.70000000 -55.50000000
v -72.90000000 -17.44670263 -55.50000000
v -72.60929120 -17.70000000 -55.80000000
v -72.90000000 -17.40646564 -55.80000000
v -72.90000000 -17.70000000 -58.73186160
v -72.90000000 -17.93193594 -38.40000000
v -72.90000000 -18.00000000 -38.36449567
v -72.60354152 -18.00000000 -53.40000000
v -72.63079214 -18.00000000 -53.70000000
v -72.64103251 -18.00000000 -54.00000000
v -72.90000000 -17.70000000 -54.00000000
v -72.63507379 -18.00000000 -54.30000000
v -72.90000000 -17.70000000 -54.30000000
v -72.62180522 -18.00000000 -54.60000000
v -72.90000000 -17.70000000 -54.60000000
v -72.90000000 -18.00000000 -58.80000000
v -72.90000000 -18.30000000 -38.20499725
v -72.90000000 -18.30000000 -58.63104987
v -72.90000000 -18.51257618 -38.10000000
v -72.90000000 -18.60000000 -38.05832231
v -72.90000000 -18.60000000 -58.20000000
v -72.90000000 -18.44644164 -58.50000000
v -72.90000000 -18.90000000 -37.92397492
v -72.90000000 -18.90000000 -57.60000000
v -72.90000000 -18.77557607 -57.90000000
v -72.90000000 -19.20000000 -37.80000000
v -72.90000000 -19.20000000 -57.38631734
v -72.90000000 -19.50000000 -37.66885856
v -72.90000000 -19.47992968 -56.70000000
v -72.90000000 -19.50000000 -56.63537510
v -72.90000000 -19.39139408 -57.00000000
v -72.90000000 -19.26003797 -57.30000000
v -72.90000000 -19.80000000 -37.56316496
v -72.90000000 -19.77384333 -55.80000000
v -72.90000000 -19.80000000 -55.72907005
v -72.90000000 -19.66903113 -56.10000000
v -72.90000000 -19.57205238 -56.40000000
v -72.90000000 -20.10000000 -37.50000000
v -72.69714161 -20.10000000 -54.60000000
v -72.90000000 -20.10000000 -54.90000000
v -72.90000000 -19.98796368 -55.20000000
v -72.90000000 -19.88072886 -55.50000000
v -72.90000000 -20.40000000 -37.47795704
v -72.90000000 -20.35397188 -54.00000000
v -72.90000000 -20.40000000 -53.86139169
v -72.90000000 -20.25843843 -54.30000000
v -72.90000000 -20.17444777 -54.60000000
v -72.90000000 -20.70000000 -37.47858379
v -72.90000000 -20.70000000 -52.80000000
v -72.90000000 -20.62774326 -53.10000000
v -72.90000000 -20.53934130 -53.40000000
v -72.90000000 -20.45118773 -53.70000000
v -72.90000000 -21.00000000 -37.50000000
v -72.90000000 -21.00000000 -52.54617151
v -72.90000000 -21.30000000 -37.62434363
v -72.90000000 -21.20195713 -52.20000000
v -72.90000000 -21.30000000 -51.99085276
v -72.90000000 -21.03195582 -52.50000000
v -72.90000000 -21.60000000 -37.77835281
v -72.90000000 -21.60000000 -51.30000000
v -72.90000000 -21.46752463 -51.60000000
v -72.90000000 -21.33984560 -51.90000000
v -72.90000000 -21.63843525 -37.80000000
v -72.90000000 -21.90000000 -37.95006752
v -72.90000000 -21.90000000 -50.40000000
v -72.90000000 -21.78104629 -50.70000000
v -72.90000000 -21.67660385 -51.00000000
v -72.86205152 -22.20000000 -38.10000000
v -72.90000000 -22.17331364 -38.10000000
v -72.90000000 -22.20000000 -38.11454430
v -72.90000000 -22.20000000 -49.20000000
v -72.90000000 -22.09475306 -49.50000000
v -72.90000000 -22.01433935 -49.80000000
v -72.90000000 -21.94845812 -50.10000000
v -72.90000000 -22.50000000 -38.26689237
v -72.90000000 -22.42660018 -48.90000000
v -72.90000000 -22.50000000 -48.82019353
v -72.90000000 -22.80000000 -38.40000000
v -72.90000000 -22.80000000 -48.60000000
v -72.90000000 -23.10000000 -38.70000000
v -72.90000000 -23.10000000 -48.00000000
v -72.90000000 -22.93446404 -48.30000000
v -72.90000000 -23.29804719 -39.00000000
v -72.90000000 -23.40000000 -39.09950913
v -72.77726524 -23.40000000 -46.80000000
v -72.90000000 -23.36021994 -47.10000000
v -72.90000000 -23.40000000 -46.95059657
v -72.90000000 -23.27433536 -47.40000000
v -72.90000000 -23.18577039 -47.70000000
v -72.90000000 -23.65640051 -39.30000000
v -72.90000000 -23.70000000 -39.33081471
v -72.73644198 -23.70000000 -45.00000000
v -72.90000000 -23.70000000 -45.30000000
v -72.90000000 -23.65624621 -45.60000000
v -72.90000000 -23.61941095 -45.90000000
v -72.90000000 -23.57588393 -46.20000000
v -72.90000000 -23.51193255 -46.50000000
v -72.90000000 -23.43982857 -46.80000000
v -72.90000000 -24.00000000 -39.48847316
v -72.80406813 -24.00000000 -44.40000000
v -72.90000000 -23.92892003 -44.70000000
v -72.90000000 -24.00000000 -44.54973253
v -72.90000000 -23.80310569 -45.00000000
v -72.85811841 -24.30000000 -39.60000000
v -72.90000000 -24.30000000 -39.57552371
v -72.69882587 -24.30000000 -43.50000000
v -72.90000000 -24.30000000 -43.80000000
v -72.90000000 -24.21889778 -44.10000000
v -72.90000000 -24.07510178 -44.40000000
v -72.90000000 -24.60000000 -39.60000000
v -72.76305473 -24.60000000 -39.90000000
v -72.74595796 -24.60000000 -43.20000000
v -72.90000000 -24.60000000 -43.50000000
v -72.90000000 -24.70041723 -39.90000000
v -72.90000000 -24.82011875 -40.20000000
v -72.90000000 -24.90000000 -40.50000000
v -72.81227161 -24.90000000 -42.90000000
v -72.90000000 -24.75878847 -43.20000000
v -72.90000000 -24.90000000 -43.00024331
v -72.90000000 -25.01832125 -40.80000000
v -72.90000000 -25.09774721 -41.10000000
v -72.90000000 -25.15470773 -41.40000000
v -72.90000000 -25.20000000 -41.70000000
v -72.90000000 -25.20000000 -42.00000000
v -72.90000000 -25.15063896 -42.30000000
v -72.90000000 -25.07951214 -42.60000000
v -72.90000000 -24.95900592 -42.90000000
v -73.20000000 -14.35201642 -41.10000000
v -73.20000000 -14.40000000 -40.80000000
v -73.20000000 -14.31205711 -41.40000000
v -73.20000000 -14.28130404 -41.70000000
v -73.20000000 -14.26359708 -42.00000000
v -73.20000000 -14.26185529 -42.30000000
v -73.20000000 -14.27714831 -42.60000000
v -73.20000000 -14.30921989 -42.90000000
v -73.20000000 -14.35714526 -43.20000000
v -73.20000000 -14.40000000 -43.40183820
v -73.20000000 -14.57347348 -39.90000000
v -73.20000000 -14.70000000 -39.60000000
v -73.20000000 -14.50032300 -40.20000000
v -73.20000000 -14.44646905 -40.50000000
v -73.20000000 -14.42114475 -43.50000000
v -73.20000000 -14.50135367 -43.80000000
v -73.20000000 -14.59549682 -44.10000000
v -73.20000000 -14.69928955 -44.40000000
v -73.20000000 -14.70000000 -44.40198837
v -73.20000000 -15.00000000 -39.30000000
v -73.20000000 -14.80564717 -44.70000000
v -73.20000000 -14.90929258 -45.00000000
v -73.20000000 -15.00000000 -45.30000000
v -73.20000000 -15.30000000 -39.21559664
v -73.20000000 -15.05039025 -45.60000000
v -73.20000000 -15.07877881 -45.90000000
v -73.20000000 -15.09959356 -46.20000000
v -73.20000000 -15.11849423 -46.50000000
v -73.20000000 -15.13760843 -46.80000000
v -73.20000000 -15.16023406 -47.10000000
v -73.20000000 -15.20057728 -47.40000000
v -73.20000000 -15.29572451 -47.70000000
v -73.20000000 -15.30000000 -47.70777503
v -73.20000000 -15.60000000 -39.17107151
v -73.20000000 -15.60000000 -48.00000000
v -73.20000000 -15.90000000 -39.15685997
v -73.20000000 -15.69085175 -48.30000000
v -73.20000000 -15.79984052 -48.60000000
v -73.20000000 -15.90000000 -48.90000000
v -73.20000000 -16.20000000 -39.15798489
v -73.20000000 -15.99673992 -49.20000000
v -72.99966518 -16.20000000 -49.50000000
v -73.20000000 -16.06645748 -49.50000000
v -73.09042827 -16.20000000 -49.80000000
v -73.20000000 -16.11269282 -49.80000000
v -73.14269923 -16.20000000 -50.10000000
v -73.20000000 -16.15011999 -50.10000000
v -73.18316739 -16.20000000 -50.40000000
v -73.20000000 -16.18571936 -50.40000000
v -73.20000000 -16.20000000 -50.70000000
v -73.20000000 -16.50000000 -39.14952487
v -72.97628463 -16.50000000 -50.70000000
v -73.06160349 -16.50000000 -51.00000000
v -73.20000000 -16.34186892 -51.00000000
v -73.12907990 -16.50000000 -51.30000000
v -73.20000000 -16.42280236 -51.30000000
v -73.17829136 -16.50000000 -51.60000000
v -73.20000000 -16.47558007 -51.60000000
v -73.20000000 -16.50000000 -51.90000000
v -73.19787834 -16.50000000 -53.40000000
v -73.20000000 -16.49833725 -53.40000000
v -73.20000000 -16.50000000 -53.10000000
v -73.20000000 -16.50000000 -53.70000000
v -73.20000000 -16.80000000 -39.10798435
v -72.97219695 -16.80000000 -51.60000000
v -72.99188628 -16.80000000 -51.90000000
v -72.96675746 -16.80000000 -52.20000000
v -73.20000000 -16.50000000 -52.20000000
v -73.20000000 -16.50000000 -52.50000000
v -73.20000000 -16.50000000 -52.80000000
v -73.01875895 -16.80000000 -53.70000000
v -73.11140714 -16.80000000 -54.00000000
v -73.20000000 -16.50000000 -54.00000000
v -73.20000000 -16.80000000 -54.21920304
v -73.14125329 -17.10000000 -39.00000000
v -73.20000000 -17.10000000 -39.03644202
v -72.95627264 -17.10000000 -53.70000000
v -73.04933471 -17.10000000 -54.00000000
v -73.12620137 -17.10000000 -54.30000000
v -73.20000000 -16.89413524 -54.30000000
v -73.18134859 -17.10000000 -54.60000000
v -73.20000000 -17.06584384 -54.60000000
v -73.20000000 -17.10000000 -54.90000000
v -73.18698743 -17.10000000 -55.50000000
v -73.20000000 -17.08536750 -55.50000000
v -73.20000000 -17.10000000 -55.20000000
v -73.15351614 -17.10000000 -55.80000000
v -73.20000000 -17.05090970 -55.80000000
v -73.08563691 -17.10000000 -56.10000000
v -73.20000000 -16.99626419 -56.10000000
v -73.20000000 -16.93729926 -56.40000000
v -73.20000000 -16.91102466 -56.70000000
v -73.20000000 -16.89105529 -57.00000000
v -73.20000000 -16.86719857 -57.30000000
v -73.20000000 -16.84372870 -57.60000000
v -73.20000000 -16.83330914 -57.90000000
v -73.20000000 -16.85996655 -58.20000000
v -73.20000000 -16.98477623 -58.50000000
v -73.20000000 -17.10000000 -58.60698695
v -72.95162978 -17.40000000 -38.70000000
v -73.20000000 -17.40000000 -39.00000000
v -72.93297317 -17.40000000 -53.70000000
v -72.99248680 -17.40000000 -54.00000000
v -73.02722044 -17.40000000 -54.30000000
v -73.04391826 -17.40000000 -54.60000000
v -73.03620783 -17.40000000 -54.90000000
v -72.99221519 -17.40000000 -55.20000000
v -72.93903751 -17.40000000 -55.50000000
v -72.90580271 -17.40000000 -55.80000000
v -73.20000000 -17.40000000 -58.75139903
v -73.20000000 -17.61516467 -38.70000000
v -73.20000000 -17.70000000 -38.63146992
v -73.13321512 -17.70000000 -58.80000000
v -73.20000000 -17.61922658 -58.80000000
v -73.20000000 -17.70000000 -58.81506446
v -73.18168200 -18.00000000 -38.40000000
v -73.20000000 -18.00000000 -38.40257193
v -73.20000000 -18.00000000 -58.80558485
v -73.20000000 -18.00379497 -38.40000000
v -73.20000000 -18.30000000 -38.22048715
v -73.20000000 -18.01633408 -58.80000000
v -73.20000000 -18.30000000 -58.67519565
v -73.20000000 -18.52861781 -38.10000000
v -73.20000000 -18.60000000 -38.06498549
v -73.20000000 -18.60000000 -58.50000000
v -73.20000000 -18.90000000 -37.93650370
v -73.20000000 -18.87432510 -57.90000000
v -73.20000000 -18.90000000 -57.86796825
v -73.20000000 -18.68629224 -58.20000000
v -73.20000000 -19.20000000 -37.82324954
v -73.20000000 -19.20000000 -57.60000000
v -73.20000000 -19.26680209 -37.80000000
v -73.20000000 -19.50000000 -37.71911842
v -73.20000000 -19.50000000 -56.70000000
v -73.20000000 -19.44017476 -57.00000000
v -73.20000000 -19.33279378 -57.30000000
v -73.20000000 -19.80000000 -37.63293038
v -73.20000000 -19.80000000 -55.80000000
v -73.20000000 -19.70385337 -56.10000000
v -73.20000000 -19.60966821 -56.40000000
v -73.20000000 -20.10000000 -37.58269215
v -73.20000000 -20.02447550 -55.20000000
v -73.20000000 -20.10000000 -55.00069937
v -73.20000000 -19.91002456 -55.50000000
v -72.96978352 -20.40000000 -37.50000000
v -73.20000000 -20.40000000 -37.57779526
v -73.19959804 -20.40000000 -54.00000000
v -73.20000000 -20.31696382 -54.30000000
v -73.20000000 -20.40000000 -54.00020639
v -73.20000000 -20.23062053 -54.60000000
v -73.20000000 -20.13666741 -54.90000000
v -72.95382372 -20.70000000 -37.50000000
v -73.20000000 -20.70000000 -37.61133960
v -73.20000000 -20.70000000 -53.10000000
v -73.20000000 -20.57388282 -53.40000000
v -73.20000000 -20.48205599 -53.70000000
v -73.20000000 -20.40005708 -54.00000000
v -73.20000000 -21.00000000 -37.67288454
v -73.20000000 -21.00000000 -52.80000000
v -73.20000000 -21.30000000 -37.78418682
v -73.20000000 -21.21006862 -52.20000000
v -73.20000000 -21.30000000 -51.97633529
v -73.20000000 -21.09733253 -52.50000000
v -72.94171717 -21.60000000 -37.80000000
v -73.20000000 -21.33138375 -37.80000000
v -73.20000000 -21.60000000 -37.94691967
v -73.20000000 -21.46786795 -51.60000000
v -73.20000000 -21.60000000 -51.30235240
v -73.20000000 -21.33089886 -51.90000000
v -73.15733299 -21.90000000 -38.10000000
v -73.20000000 -21.85537192 -38.10000000
v -73.20000000 -21.90000000 -38.12741010
v -73.20000000 -21.90000000 -50.40000000
v -73.20000000 -21.80659123 -50.70000000
v -73.20000000 -21.70750617 -51.00000000
v -73.20000000 -21.60099129 -51.30000000
v -73.20000000 -22.20000000 -38.27363535
v -73.20000000 -22.20000000 -49.20000000
v -73.20000000 -22.11526831 -49.50000000
v -73.20000000 -22.03912027 -49.80000000
v -73.20000000 -21.96994685 -50.10000000
v -73.20000000 -22.50000000 -38.40000000
v -73.20000000 -22.48519527 -48.90000000
v -73.20000000 -22.50000000 -48.88515190
v -73.20000000 -22.80000000 -38.56997731
v -73.20000000 -22.80000000 -48.60000000
v -73.20000000 -22.93466733 -38.70000000
v -73.20000000 -23.10000000 -39.00000000
v -73.20000000 -22.97830472 -48.30000000
v -73.20000000 -23.10000000 -48.05507007
v -73.20000000 -23.40000000 -39.18893580
v -73.06219928 -23.40000000 -47.10000000
v -73.20000000 -23.33609141 -47.40000000
v -73.20000000 -23.40000000 -47.20374357
v -73.20000000 -23.23445972 -47.70000000
v -73.20000000 -23.12479905 -48.00000000
v -73.20000000 -23.59640462 -39.30000000
v -73.20000000 -23.70000000 -39.35123171
v -73.01414452 -23.70000000 -45.60000000
v -73.12049177 -23.70000000 -45.90000000
v -73.20000000 -23.70000000 -46.20000000
v -73.20000000 -23.61478350 -46.50000000
v -73.20000000 -23.52564913 -46.80000000
v -73.20000000 -23.43348407 -47.10000000
v -73.20000000 -24.00000000 -39.46398634
v -72.99747781 -24.00000000 -44.70000000
v -73.20000000 -23.98858127 -45.00000000
v -73.20000000 -24.00000000 -44.97810098
v -73.20000000 -23.85441929 -45.30000000
v -73.20000000 -23.77313244 -45.60000000
v -73.20000000 -23.72817344 -45.90000000
v -73.20000000 -24.30000000 -39.53788139
v -72.98658529 -24.30000000 -44.10000000
v -73.20000000 -24.30000000 -44.40000000
v -73.20000000 -24.17548882 -44.70000000
v -73.20000000 -24.60000000 -39.60000000
v -73.12031980 -24.60000000 -43.80000000
v -73.20000000 -24.60000000 -44.10000000
v -73.20000000 -24.81211733 -39.90000000
v -73.04151789 -24.90000000 -40.20000000
v -73.20000000 -24.90000000 -40.04214054
v -73.07371325 -24.90000000 -43.20000000
v -73.20000000 -24.80455329 -43.50000000
v -73.20000000 -24.90000000 -43.33994438
v -73.20000000 -24.66544841 -43.80000000
v -73.20000000 -24.98724925 -40.20000000
v -73.20000000 -25.08282455 -40.50000000
v -73.20000000 -25.14587073 -40.80000000
v -73.20000000 -25.20000000 -41.10000000
v -73.04194451 -25.20000000 -41.40000000
v -73.01443304 -25.20000000 -42.30000000
v -73.11836055 -25.20000000 -42.60000000
v -73.20000000 -25.20000000 -42.90000000
v -73.20000000 -24.98197706 -43.20000000
v -73.20000000 -25.24910732 -41.40000000
v -73.20000000 -25.28521075 -41.70000000
v -73.20000000 -25.29387901 -42.00000000
v -73.20000000 -25.27300339 -42.30000000
v -73.20000000 -25.23771598 -42.60000000
v -73.50000000 -14.35667452 -41.10000000
v -73.50000000 -14.40000000 -40.81678418
v -73.50000000 -14.31782219 -41.40000000
v -73.50000000 -14.28935110 -41.70000000
v -73.50000000 -14.27421491 -42.00000000
v -73.50000000 -14.27379298 -42.30000000
v -73.50000000 -14.28841003 -42.60000000
v -73.50000000 -14.31795689 -42.90000000
v -73.50000000 -14.36348877 -43.20000000
v -73.50000000 -14.40000000 -43.37594396
v -73.50000000 -14.56589995 -39.90000000
v -73.50000000 -14.70000000 -39.60000000
v -73.50000000 -14.49653080 -40.20000000
v -73.50000000 -14.44872919 -40.50000000
v -73.50000000 -14.40257007 -40.80000000
v -73.50000000 -14.42616358 -43.50000000
v -73.50000000 -14.50529655 -43.80000000
v -73.50000000 -14.59762259 -44.10000000
v -73.50000000 -14.70000000 -44.40000000
v -73.50000000 -15.00000000 -39.39109788
v -73.50000000 -14.80748596 -44.70000000
v -73.50000000 -14.91074025 -45.00000000
v -73.50000000 -15.00000000 -45.30000000
v -73.46407934 -15.30000000 -39.30000000
v -73.50000000 -15.30000000 -39.31216362
v -73.50000000 -15.05755489 -45.60000000
v -73.50000000 -15.09422688 -45.90000000
v -73.50000000 -15.11940235 -46.20000000
v -73.50000000 -15.14174655 -46.50000000
v -73.50000000 -15.16680477 -46.80000000
v -73.50000000 -15.19382532 -47.10000000
v -73.50000000 -15.21950900 -47.40000000
v -73.50000000 -15.25742466 -47.70000000
v -73.50000000 -15.30000000 -48.00000000
v -73.50000000 -15.60000000 -39.30000000
v -73.50000000 -15.60000000 -48.27817935
v -73.50000000 -15.90000000 -39.30000000
v -73.50000000 -15.61235017 -48.30000000
v -73.50000000 -15.73851405 -48.60000000
v -73.50000000 -15.81992026 -48.90000000
v -73.43405312 -15.90000000 -49.20000000
v -73.50000000 -15.87541951 -49.20000000
v -73.50000000 -15.90000000 -49.50000000
v -73.49521541 -16.20000000 -39.30000000
v -73.50000000 -16.20000000 -39.30214982
v -73.50000000 -15.90000000 -49.80000000
v -73.50000000 -15.90000000 -50.10000000
v -73.50000000 -15.99813586 -50.40000000
v -73.50000000 -16.06599458 -50.70000000
v -73.38584488 -16.20000000 -51.00000000
v -73.50000000 -16.13563183 -51.00000000
v -73.47584108 -16.20000000 -51.30000000
v -73.50000000 -16.18516336 -51.30000000
v -73.50000000 -16.20000000 -51.60000000
v -73.50000000 -16.50000000 -39.30000000
v -73.50000000 -16.29643529 -51.90000000
v -73.50000000 -16.33956835 -52.20000000
v -73.50000000 -16.35632190 -52.50000000
v -73.50000000 -16.35770476 -52.80000000
v -73.50000000 -16.34908311 -53.10000000
v -73.50000000 -16.33693214 -53.40000000
v -73.50000000 -16.33780057 -53.70000000
v -73.50000000 -16.38229351 -54.00000000
v -73.50000000 -16.50000000 -54.30000000
v -73.50000000 -16.80000000 -39.22065195
v -73.24498700 -16.80000000 -54.30000000
v -73.38246477 -16.80000000 -54.60000000
v -73.50000000 -16.67880678 -54.60000000
v -73.46676323 -16.80000000 -54.90000000
v -73.50000000 -16.76977982 -54.90000000
v -73.50000000 -16.80000000 -55.20000000
v -73.46992827 -16.80000000 -56.70000000
v -73.50000000 -16.78868825 -56.70000000
v -73.50000000 -16.80000000 -56.40000000
v -73.41529999 -16.80000000 -57.00000000
v -73.50000000 -16.76735205 -57.00000000
v -73.35127900 -16.80000000 -57.30000000
v -73.50000000 -16.74041495 -57.30000000
v -73.29460344 -16.80000000 -57.60000000
v -73.50000000 -16.71568512 -57.60000000
v -73.27028545 -16.80000000 -57.90000000
v -73.50000000 -16.70578503 -57.90000000
v -73.32021642 -16.80000000 -58.20000000
v -73.50000000 -16.72656741 -58.20000000
v -73.50000000 -16.80000000 -58.50000000
v -73.50000000 -17.10000000 -39.14384035
v -73.50000000 -16.80000000 -55.50000000
v -73.50000000 -16.80000000 -55.80000000
v -73.50000000 -16.80000000 -56.10000000
v -73.50000000 -17.10000000 -58.69580253
v -73.50000000 -17.40000000 -39.01079531
v -73.50000000 -17.40000000 -58.79896602
v -73.50000000 -17.68487406 -38.70000000
v -73.50000000 -17.70000000 -38.68569663
v -73.50000000 -17.41353519 -39.00000000
v -73.50000000 -17.41076774 -58.80000000
v -73.50000000 -17.70000000 -58.82470217
v -73.50000000 -18.00000000 -38.45258210
v -73.26136410 -18.00000000 -58.80000000
v -73.50000000 -17.85784265 -58.80000000
v -73.50000000 -18.00000000 -58.77403414
v -73.50000000 -18.07420515 -38.40000000
v -73.50000000 -18.30000000 -38.25230352
v -73.50000000 -18.30000000 -58.62331751
v -73.50000000 -18.55422572 -38.10000000
v -73.50000000 -18.60000000 -38.07669571
v -73.50000000 -18.60000000 -58.20000000
v -73.50000000 -18.44357337 -58.50000000
v -73.50000000 -18.90000000 -37.97433651
v -73.50000000 -18.90000000 -57.90000000
v -73.50000000 -19.20000000 -37.88524906
v -73.50000000 -19.20000000 -57.60827258
v -73.50000000 -19.50000000 -37.80000000
v -73.50000000 -19.50000000 -57.00000000
v -73.50000000 -19.37629295 -57.30000000
v -73.50000000 -19.20646496 -57.60000000
v -73.50000000 -19.80000000 -37.71025333
v -73.50000000 -19.80000000 -55.80000000
v -73.50000000 -19.71905246 -56.10000000
v -73.50000000 -19.64182152 -56.40000000
v -73.50000000 -19.56619474 -56.70000000
v -73.50000000 -20.10000000 -37.67513091
v -73.50000000 -20.03402265 -55.20000000
v -73.50000000 -20.10000000 -55.03032701
v -73.50000000 -19.91584436 -55.50000000
v -73.50000000 -20.40000000 -37.69543854
v -73.50000000 -20.34230153 -54.30000000
v -73.50000000 -20.40000000 -54.07993372
v -73.50000000 -20.25308792 -54.60000000
v -73.50000000 -20.14963096 -54.90000000
v -73.50000000 -20.70000000 -37.80000000
v -73.50000000 -20.70000000 -53.10000000
v -73.50000000 -20.58404782 -53.40000000
v -73.50000000 -20.49781618 -53.70000000
v -73.50000000 -20.42106905 -54.00000000
v -73.41238539 -21.00000000 -37.80000000
v -73.50000000 -21.00000000 -37.85323034
v -73.50000000 -21.00000000 -52.80000000
v -73.22825003 -21.30000000 -37.80000000
v -73.50000000 -21.30000000 -37.95594336
v -73.50000000 -21.30000000 -51.90000000
v -73.50000000 -21.20583401 -52.20000000
v -73.50000000 -21.11534359 -52.50000000
v -73.43885788 -21.60000000 -38.10000000
v -73.50000000 -21.53868396 -38.10000000
v -73.50000000 -21.60000000 -38.14619975
v -73.50000000 -21.60000000 -51.30000000
v -73.50000000 -21.45823897 -51.60000000
v -73.50000000 -21.90000000 -38.40000000
v -73.50000000 -21.90000000 -50.40000000
v -73.50000000 -21.81372206 -50.70000000
v -73.50000000 -21.71578617 -51.00000000
v -73.39593572 -22.20000000 -38.40000000
v -73.50000000 -22.20000000 -38.46487029
v -73.50000000 -22.15241461 -49.50000000
v -73.50000000 -22.20000000 -49.38152201
v -73.50000000 -22.06007619 -49.80000000
v -73.50000000 -21.97976773 -50.10000000
v -73.50000000 -22.50000000 -38.53602912
v -73.50000000 -22.50000000 -48.90000000
v -73.50000000 -22.28604564 -49.20000000
v -73.50000000 -22.80000000 -38.66204821
v -73.50000000 -22.80000000 -48.60000000
v -73.50000000 -22.84651022 -38.70000000
v -73.50000000 -23.08790642 -39.00000000
v -73.50000000 -23.10000000 -39.01343635
v -73.50000000 -22.98577953 -48.30000000
v -73.50000000 -23.10000000 -48.07206067
v -73.50000000 -23.40000000 -39.30000000
v -73.50000000 -23.37655795 -47.40000000
v -73.50000000 -23.40000000 -47.33799124
v -73.50000000 -23.25914008 -47.70000000
v -73.50000000 -23.13374623 -48.00000000
v -73.50000000 -23.70000000 -39.40674506
v -73.50000000 -23.70000000 -46.50000000
v -73.50000000 -23.59626740 -46.80000000
v -73.50000000 -23.48911878 -47.10000000
v -73.50000000 -24.00000000 -39.50803095
v -73.22323690 -24.00000000 -45.00000000
v -73.50000000 -23.95524453 -45.30000000
v -73.50000000 -24.00000000 -45.21616334
v -73.50000000 -23.86247591 -45.60000000
v -73.50000000 -23.80678527 -45.90000000
v -73.50000000 -23.76063021 -46.20000000
v -73.47248333 -24.30000000 -39.60000000
v -73.50000000 -24.28008832 -39.60000000
v -73.50000000 -24.30000000 -39.60736341
v -73.32836222 -24.30000000 -44.70000000
v -73.50000000 -24.16343488 -45.00000000
v -73.50000000 -24.30000000 -44.86428794
v -73.50000000 -24.60000000 -39.75346334
v -73.43388897 -24.60000000 -44.40000000
v -73.50000000 -24.60000000 -44.70000000
v -73.50000000 -24.81538547 -39.90000000
v -73.50000000 -24.90000000 -39.96696700
v -73.38709685 -24.90000000 -43.50000000
v -73.50000000 -24.81559726 -43.80000000
v -73.50000000 -24.90000000 -43.60943169
v -73.50000000 -24.72373446 -44.10000000
v -73.50000000 -24.64301250 -44.40000000
v -73.50000000 -25.20000000 -40.20000000
v -73.45063967 -25.20000000 -40.50000000
v -73.36937251 -25.20000000 -40.80000000
v -73.50000000 -25.10855021 -43.20000000
v -73.50000000 -25.20000000 -43.02330413
v -73.50000000 -24.94900743 -43.50000000
v -73.50000000 -25.21827616 -40.50000000
v -73.50000000 -25.23858101 -40.80000000
v -73.50000000 -25.28110292 -41.10000000
v -73.50000000 -25.33071618 -41.40000000
v -73.50000000 -25.37048011 -41.70000000
v -73.50000000 -25.38825570 -42.00000000
v -73.50000000 -25.37706994 -42.30000000
v -73.50000000 -25.33410613 -42.60000000
v -73.50000000 -25.25505546 -42.90000000
v -73.80000000 -14.37298145 -41.10000000
v -73.80000000 -14.40000000 -40.90886617
v -73.80000000 -14.33755262 -41.40000000
v -73.80000000 -14.31306184 -41.70000000
v -73.80000000 -14.30146853 -42.00000000
v -73.80000000 -14.30221077 -42.30000000
v -73.80000000 -14.31452372 -42.60000000
v -73.80000000 -14.33823725 -42.90000000
v -73.80000000 -14.37820151 -43.20000000
v -73.80000000 -14.40000000 -43.30118287
v -73.80000000 -14.58389060 -39.90000000
v -73.80000000 -14.70000000 -39.60000000
v -73.80000000 -14.51175809 -40.20000000
v -73.80000000 -14.46110181 -40.50000000
v -73.80000000 -14.41554321 -40.80000000
v -73.80000000 -14.44422958 -43.50000000
v -73.80000000 -14.52351877 -43.80000000
v -73.80000000 -14.60901053 -44.10000000
v -73.80000000 -14.70000000 -44.40000000
v -73.80000000 -15.00000000 -39.46981090
v -73.80000000 -14.81030229 -44.70000000
v -73.80000000 -14.91432161 -45.00000000
v -73.80000000 -15.00000000 -45.29681580
v -73.80000000 -15.30000000 -39.41626506
v -73.80000000 -15.00090199 -45.30000000
v -73.80000000 -15.06350463 -45.60000000
v -73.80000000 -15.10480636 -45.90000000
v -73.80000000 -15.13204125 -46.20000000
v -73.80000000 -15.15632123 -46.50000000
v -73.80000000 -15.19225317 -46.80000000
v -73.80000000 -15.24915160 -47.10000000
v -73.80000000 -15.30000000 -47.40000000
v -73.80000000 -15.30000000 -47.70000000
v -73.80000000 -15.60000000 -39.41262025
v -73.80000000 -15.30000000 -48.00000000
v -73.80000000 -15.60000000 -48.30000000
v -73.80000000 -15.90000000 -39.42339611
v -73.80000000 -15.69904725 -48.60000000
v -73.80000000 -15.75724514 -48.90000000
v -73.80000000 -15.79202098 -49.20000000
v -73.80000000 -15.80926758 -49.50000000
v -73.80000000 -15.81924690 -49.80000000
v -73.80000000 -15.84298288 -50.10000000
v -73.80000000 -15.90000000 -50.40000000
v -73.80000000 -16.20000000 -39.42404993
v -73.80000000 -15.96288064 -50.70000000
v -73.80000000 -16.02711487 -51.00000000
v -73.80000000 -16.08311885 -51.30000000
v -73.80000000 -16.13438349 -51.60000000
v -73.80000000 -16.20000000 -51.90000000
v -73.80000000 -16.50000000 -39.39329339
v -73.80000000 -16.24241805 -52.20000000
v -73.80000000 -16.26349166 -52.50000000
v -73.80000000 -16.26529528 -52.80000000
v -73.80000000 -16.25344303 -53.10000000
v -73.80000000 -16.24115145 -53.40000000
v -73.80000000 -16.24385854 -53.70000000
v -73.80000000 -16.28588651 -54.00000000
v -73.80000000 -16.38223081 -54.30000000
v -73.80000000 -16.50000000 -54.60000000
v -73.80000000 -16.80000000 -39.30000000
v -73.80000000 -16.57629727 -54.90000000
v -73.80000000 -16.62478515 -55.20000000
v -73.80000000 -16.66640513 -55.50000000
v -73.80000000 -16.69774427 -55.80000000
v -73.80000000 -16.71802070 -56.10000000
v -73.80000000 -16.72663591 -56.40000000
v -73.80000000 -16.72092560 -56.70000000
v -73.80000000 -16.70307237 -57.00000000
v -73.80000000 -16.67796223 -57.30000000
v -73.80000000 -16.65355686 -57.60000000
v -73.80000000 -16.64315960 -57.90000000
v -73.80000000 -16.66983527 -58.20000000
v -73.80000000 -16.77748892 -58.50000000
v -73.80000000 -16.80000000 -58.53000761
v -73.80000000 -17.10000000 -39.24517789
v -73.80000000 -17.10000000 -58.75198103
v -73.80000000 -17.40000000 -39.08938155
v -73.80000000 -17.40000000 -58.80000000
v -73.80000000 -17.70000000 -38.70000000
v -73.80000000 -17.49583942 -39.00000000
v -73.80000000 -17.70000000 -58.80000000
v -73.80000000 -18.00000000 -38.53544258
v -73.80000000 -18.00000000 -58.71211843
v -73.80000000 -18.20011958 -38.40000000
v -73.80000000 -18.30000000 -38.33306627
v -73.80000000 -18.30000000 -58.55475880
v -73.80000000 -18.60000000 -38.10000000
v -73.80000000 -18.60000000 -58.20000000
v -73.80000000 -18.36192753 -58.50000000
v -73.80000000 -18.90000000 -38.05968186
v -73.80000000 -18.90000000 -57.90000000
v -73.80000000 -19.20000000 -37.99611252
v -73.80000000 -19.20000000 -57.61335734
v -73.80000000 -19.50000000 -37.90872788
v -73.80000000 -19.39169947 -57.30000000
v -73.80000000 -19.50000000 -57.04690794
v -73.80000000 -19.21102573 -57.60000000
v -73.80000000 -19.80000000 -37.80000000
v -73.80000000 -19.80000000 -55.80000000
v -73.80000000 -19.72057058 -56.10000000
v -73.80000000 -19.65587393 -56.40000000
v -73.80000000 -19.59527679 -56.70000000
v -73.80000000 -19.51758302 -57.00000000
v -73.80000000 -20.10000000 -37.79772220
v -73.80000000 -20.02675313 -55.20000000
v -73.80000000 -20.10000000 -55.01580953
v -73.80000000 -19.90841399 -55.50000000
v -73.80000000 -20.40000000 -37.80000000
v -73.80000000 -20.34524893 -54.30000000
v -73.80000000 -20.40000000 -54.09578531
v -73.80000000 -20.25278037 -54.60000000
v -73.80000000 -20.14524529 -54.90000000
v -73.80000000 -20.70000000 -37.94749614
v -73.80000000 -20.70000000 -53.10000000
v -73.80000000 -20.58437855 -53.40000000
v -73.80000000 -20.50151986 -53.70000000
v -73.80000000 -20.42579862 -54.00000000
v -73.80000000 -21.00000000 -38.04057789
v -73.80000000 -21.00000000 -52.80000000
v -73.80000000 -21.30000000 -38.10000000
v -73.80000000 -21.30000000 -51.90000000
v -73.80000000 -21.19432094 -52.20000000
v -73.80000000 -21.08943278 -52.50000000
v -73.80000000 -21.60000000 -38.39353583
v -73.80000000 -21.60000000 -51.30000000
v -73.80000000 -21.45710606 -51.60000000
v -73.80000000 -21.60874623 -38.40000000
v -73.80000000 -21.90000000 -38.59249265
v -73.80000000 -21.90000000 -50.40000000
v -73.80000000 -21.81390741 -50.70000000
v -73.80000000 -21.71607592 -51.00000000
v -73.80000000 -22.20000000 -38.68149936
v -73.80000000 -22.18379159 -49.50000000
v -73.80000000 -22.20000000 -49.46289148
v -73.80000000 -22.07678113 -49.80000000
v -73.80000000 -21.98591379 -50.10000000
v -73.80000000 -22.50000000 -38.70000000
v -73.80000000 -22.50000000 -48.90000000
v -73.80000000 -22.32318239 -49.20000000
v -73.80000000 -22.80000000 -38.70000000
v -73.80000000 -22.80000000 -48.60000000
v -73.80000000 -22.98761126 -39.00000000
v -73.80000000 -23.10000000 -39.10817179
v -73.80000000 -22.98467754 -48.30000000
v -73.80000000 -23.10000000 -48.07474758
v -73.80000000 -23.33179251 -39.30000000
v -73.80000000 -23.40000000 -39.34166572
v -73.80000000 -23.39737500 -47.40000000
v -73.80000000 -23.40000000 -47.39392820
v -73.80000000 -23.26868259 -47.70000000
v -73.80000000 -23.13614632 -48.00000000
v -73.80000000 -23.70000000 -39.48003591
v -73.80000000 -23.65025048 -46.80000000
v -73.80000000 -23.70000000 -46.64948374
v -73.80000000 -23.52762797 -47.10000000
v -73.80000000 -24.00000000 -39.60000000
v -73.80000000 -24.00000000 -45.30000000
v -73.80000000 -23.92822393 -45.60000000
v -73.80000000 -23.87252097 -45.90000000
v -73.80000000 -23.81520640 -46.20000000
v -73.80000000 -23.74671458 -46.50000000
v -73.80000000 -24.30000000 -39.73851807
v -73.80000000 -24.25926249 -45.00000000
v -73.80000000 -24.30000000 -44.96138693
v -73.80000000 -24.60000000 -39.87589170
v -73.80000000 -24.60000000 -44.70152814
v -73.80000000 -24.64933809 -39.90000000
v -73.80000000 -24.90000000 -40.03431407
v -73.80000000 -24.90000000 -43.80000000
v -73.80000000 -24.82069626 -44.10000000
v -73.80000000 -24.73569089 -44.40000000
v -73.80000000 -24.60118097 -44.70000000
v -73.80000000 -25.20000000 -40.20000000
v -73.80000000 -25.18819708 -43.20000000
v -73.80000000 -25.20000000 -43.17395751
v -73.80000000 -25.04277320 -43.50000000
v -73.80000000 -25.23548637 -40.50000000
v -73.80000000 -25.28149578 -40.80000000
v -73.80000000 -25.34673050 -41.10000000
v -73.80000000 -25.41155335 -41.40000000
v -73.80000000 -25.46111962 -41.70000000
v -73.80000000 -25.48353450 -42.00000000
v -73.80000000 -25.47127795 -42.30000000
v -73.80000000 -25.41778835 -42.60000000
v -73.80000000 -25.31777254 -42.90000000
v -74.10000000 -14.40000000 -41.10000000
v -74.10000000 -14.36664018 -41.40000000
v -74.10000000 -14.35013254 -41.70000000
v -74.10000000 -14.34291861 -42.00000000
v -74.10000000 -14.34539472 -42.30000000
v -74.10000000 -14.35486345 -42.60000000
v -74.10000000 -14.37253978 -42.90000000
v -74.10000000 -14.40000000 -43.20000000
v -74.10000000 -14.63548624 -39.90000000
v -74.10000000 -14.70000000 -39.78738884
v -74.10000000 -14.54619283 -40.20000000
v -74.10000000 -14.49003966 -40.50000000
v -74.10000000 -14.44308880 -40.80000000
v -74.10000000 -14.48062811 -43.50000000
v -74.10000000 -14.56059556 -43.80000000
v -74.10000000 -14.63467162 -44.10000000
v -74.10000000 -14.70000000 -44.40000000
v -74.10000000 -14.90091693 -39.60000000
v -74.10000000 -15.00000000 -39.54813901
v -74.10000000 -14.82215654 -44.70000000
v -74.10000000 -14.92867483 -45.00000000
v -74.10000000 -15.00000000 -45.24669796
v -74.10000000 -15.30000000 -39.51178768
v -74.10000000 -15.01515729 -45.30000000
v -74.10000000 -15.07808657 -45.60000000
v -74.10000000 -15.12011588 -45.90000000
v -74.10000000 -15.14708312 -46.20000000
v -74.10000000 -15.16866206 -46.50000000
v -74.10000000 -15.20757910 -46.80000000
v -74.10000000 -15.29891613 -47.10000000
v -74.10000000 -15.30000000 -47.10210939
v -74.10000000 -15.60000000 -39.52570790
v -74.10000000 -15.60000000 -47.40000000
v -74.10000000 -15.60000000 -47.70000000
v -74.10000000 -15.60000000 -48.00000000
v -74.10000000 -15.90000000 -39.54910890
v -74.10000000 -15.63127523 -48.30000000
v -74.10000000 -15.67952360 -48.60000000
v -74.10000000 -15.71588532 -48.90000000
v -74.10000000 -15.74016056 -49.20000000
v -74.10000000 -15.75790888 -49.50000000
v -74.10000000 -15.77749536 -49.80000000
v -74.10000000 -15.80853685 -50.10000000
v -74.10000000 -15.85176444 -50.40000000
v -74.10000000 -15.90000000 -50.70000000
v -74.10000000 -16.20000000 -39.55759399
v -74.10000000 -15.97321741 -51.00000000
v -74.10000000 -16.03884473 -51.30000000
v -74.10000000 -16.09844174 -51.60000000
v -74.10000000 -16.15069662 -51.90000000
v -74.04289822 -16.20000000 -52.20000000
v -74.10000000 -16.19044049 -52.20000000
v -74.10000000 -16.20000000 -52.31923041
v -74.05525193 -16.20000000 -53.40000000
v -74.10000000 -16.19317590 -53.40000000
v -74.10000000 -16.20000000 -53.10000000
v -74.03804826 -16.20000000 -53.70000000
v -74.10000000 -16.18965914 -53.70000000
v -74.10000000 -16.20000000 -54.00000000
v -74.10000000 -16.50000000 -39.53439598
v -74.10000000 -16.21412462 -52.50000000
v -74.10000000 -16.21504394 -52.80000000
v -74.10000000 -16.31612107 -54.30000000
v -74.10000000 -16.41641083 -54.60000000
v -74.01777190 -16.50000000 -54.90000000
v -74.10000000 -16.47534130 -54.90000000
v -74.10000000 -16.50000000 -55.20000000
v -74.10000000 -16.80000000 -39.47553715
v -74.10000000 -16.58989307 -55.50000000
v -74.10000000 -16.64988344 -55.80000000
v -74.10000000 -16.68486044 -56.10000000
v -74.10000000 -16.69915301 -56.40000000
v -74.10000000 -16.69753372 -56.70000000
v -74.10000000 -16.68625269 -57.00000000
v -74.10000000 -16.66916967 -57.30000000
v -74.10000000 -16.65153826 -57.60000000
v -74.10000000 -16.64356811 -57.90000000
v -74.10000000 -16.66824937 -58.20000000
v -74.10000000 -16.76953987 -58.50000000
v -74.10000000 -16.80000000 -58.54231878
v -73.90812946 -17.10000000 -39.30000000
v -74.10000000 -17.10000000 -39.39817698
v -74.10000000 -17.10000000 -58.80000000
v -74.10000000 -17.40000000 -39.30000000
v -74.10000000 -17.40000000 -58.80000000
v -74.10000000 -17.70000000 -39.00000000
v -74.10000000 -17.70000000 -58.70958365
v -74.10000000 -18.00000000 -38.70000000
v -74.10000000 -18.00000000 -58.58935533
v -73.92418873 -18.30000000 -38.40000000
v -74.10000000 -18.30000000 -38.50345032
v -74.10000000 -18.30000000 -58.50000000
v -74.10000000 -18.51252614 -38.40000000
v -74.10000000 -18.60000000 -38.35907273
v -74.10000000 -18.49968903 -58.20000000
v -74.10000000 -18.60000000 -58.10254854
v -73.86935452 -18.90000000 -38.10000000
v -74.10000000 -18.90000000 -38.27444025
v -74.10000000 -18.80933390 -57.90000000
v -74.10000000 -18.90000000 -57.82093672
v -73.97117212 -19.20000000 -38.10000000
v -74.10000000 -19.20000000 -38.20185702
v -74.10000000 -19.20000000 -57.60000000
v -74.10000000 -19.50000000 -38.10000000
v -74.10000000 -19.36564608 -57.30000000
v -74.10000000 -19.50000000 -57.04817182
v -74.10000000 -19.80000000 -38.08833574
v -74.10000000 -19.78167812 -55.80000000
v -74.10000000 -19.80000000 -55.74819201
v -74.10000000 -19.69827159 -56.10000000
v -74.10000000 -19.63825823 -56.40000000
v -74.10000000 -19.59020305 -56.70000000
v -74.10000000 -19.52076001 -57.00000000
v -73.80327070 -20.10000000 -37.80000000
v -74.10000000 -20.10000000 -38.08741222
v -74.10000000 -20.00664017 -55.20000000
v -74.10000000 -20.10000000 -54.97071205
v -74.10000000 -19.88738171 -55.50000000
v -74.10000000 -20.40000000 -38.10000000
v -74.10000000 -20.32897645 -54.30000000
v -74.10000000 -20.40000000 -54.06143488
v -74.10000000 -20.23217958 -54.60000000
v -74.10000000 -20.12774679 -54.90000000
v -73.97090044 -20.70000000 -38.10000000
v -74.10000000 -20.70000000 -38.26761229
v -74.10000000 -20.70000000 -52.80000000
v -74.10000000 -20.63765835 -53.10000000
v -74.10000000 -20.56533365 -53.40000000
v -74.10000000 -20.49280980 -53.70000000
v -74.10000000 -20.41810310 -54.00000000
v -73.86602324 -21.00000000 -38.10000000
v -74.10000000 -21.00000000 -38.40000000
v -74.10000000 -21.00000000 -52.53046664
v -73.98421561 -21.30000000 -38.40000000
v -74.10000000 -21.30000000 -38.58103031
v -74.10000000 -21.18387087 -52.20000000
v -74.10000000 -21.30000000 -51.94815706
v -74.10000000 -21.02052801 -52.50000000
v -73.80615653 -21.60000000 -38.40000000
v -74.10000000 -21.60000000 -38.70000000
v -74.10000000 -21.60000000 -51.30000000
v -74.10000000 -21.46348988 -51.60000000
v -74.10000000 -21.32183703 -51.90000000
v -73.90803135 -21.90000000 -38.70000000
v -74.10000000 -21.90000000 -39.00000000
v -74.10000000 -21.90000000 -50.40000000
v -74.10000000 -21.81259131 -50.70000000
v -74.10000000 -21.71454176 -51.00000000
v -73.81977074 -22.20000000 -38.70000000
v -74.08156231 -22.20000000 -39.00000000
v -74.10000000 -22.20000000 -39.02251198
v -74.10000000 -22.19833580 -49.50000000
v -74.10000000 -22.20000000 -49.49619763
v -74.10000000 -22.08550731 -49.80000000
v -74.10000000 -21.98932187 -50.10000000
v -74.05412425 -22.50000000 -39.00000000
v -74.10000000 -22.50000000 -39.05677783
v -74.10000000 -22.50000000 -48.90000000
v -74.10000000 -22.33509664 -49.20000000
v -73.96525008 -22.80000000 -39.00000000
v -74.10000000 -22.80000000 -39.14955425
v -74.10000000 -22.80000000 -48.60000000
v -74.10000000 -23.10000000 -39.30000000
v -74.10000000 -22.98538384 -48.30000000
v -74.10000000 -23.10000000 -48.07982187
v -74.10000000 -23.40000000 -39.45380171
v -74.10000000 -23.40000000 -47.40000000
v -74.10000000 -23.27185535 -47.70000000
v -74.10000000 -23.13930207 -48.00000000
v -74.10000000 -23.70000000 -39.59005844
v -74.10000000 -23.70000000 -46.80000000
v -74.10000000 -23.55065301 -47.10000000
v -74.10000000 -23.72183255 -39.60000000
v -74.10000000 -24.00000000 -39.72640260
v -74.10000000 -24.00000000 -45.60000000
v -74.10000000 -23.93465564 -45.90000000
v -74.10000000 -23.86880834 -46.20000000
v -74.10000000 -23.79137104 -46.50000000
v -74.10000000 -24.30000000 -39.90000000
v -74.10000000 -24.30000000 -45.00000000
v -74.10000000 -24.14599203 -45.30000000
v -73.85649803 -24.60000000 -39.90000000
v -74.10000000 -24.60000000 -40.00911790
v -74.10000000 -24.60000000 -44.75653536
v -74.10000000 -24.90000000 -40.19535300
v -74.10000000 -24.90000000 -44.10000000
v -74.10000000 -24.79488952 -44.40000000
v -74.10000000 -24.64019631 -44.70000000
v -74.10000000 -24.90548275 -40.20000000
v -73.93717820 -25.20000000 -40.50000000
v -74.10000000 -25.13629350 -40.50000000
v -74.10000000 -25.20000000 -40.60584596
v -73.85752420 -25.20000000 -43.20000000
v -74.10000000 -25.11492005 -43.50000000
v -74.10000000 -25.20000000 -43.30635932
v -74.10000000 -24.99638294 -43.80000000
v -74.10000000 -25.29096194 -40.80000000
v -74.10000000 -25.41046192 -41.10000000
v -74.10000000 -25.50000000 -41.40000000
v -73.91941484 -25.50000000 -41.70000000
v -73.85258964 -25.50000000 -42.00000000
v -73.90115761 -25.50000000 -42.30000000
v -74.10000000 -25.50000000 -42.60000000
v -74.10000000 -25.37811974 -42.90000000
v -74.10000000 -25.24665696 -43.20000000
v -74.10000000 -25.56035876 -41.70000000
v -74.10000000 -25.57708495 -42.00000000
v -74.10000000 -25.55425784 -42.30000000
v -74.40000000 -14.40000000 -41.40000000
v -74.40000000 -14.40000000 -41.70000000
v -74.40000000 -14.39362414 -42.00000000
v -74.40000000 -14.40000000 -42.30000000
v -74.36668670 -14.40000000 -42.60000000
v -74.25433111 -14.40000000 -42.90000000
v -74.40000000 -14.70000000 -39.90000000
v -74.40000000 -14.60480703 -40.20000000
v -74.40000000 -14.54082281 -40.50000000
v -74.40000000 -14.48752935 -40.80000000
v -74.40000000 -14.43946026 -41.10000000
v -74.40000000 -14.40567207 -42.60000000
v -74.40000000 -14.42663061 -42.90000000
v -74.40000000 -14.46923039 -43.20000000
v -74.40000000 -14.53976807 -43.50000000
v -74.40000000 -14.61904138 -43.80000000
v -74.40000000 -14.68019660 -44.10000000
v -74.40000000 -14.70000000 -44.18541454
v -74.40000000 -15.00000000 -39.60000000
v -74.40000000 -14.75045542 -44.40000000
v -74.40000000 -14.85191100 -44.70000000
v -74.40000000 -14.95764917 -45.00000000
v -74.40000000 -15.00000000 -45.14520616
v -74.36773994 -15.30000000 -39.60000000
v -74.40000000 -15.30000000 -39.61295682
v -74.40000000 -15.04407839 -45.30000000
v -74.40000000 -15.10650016 -45.60000000
v -74.40000000 -15.14812817 -45.90000000
v -74.40000000 -15.17790863 -46.20000000
v -74.40000000 -15.20008266 -46.50000000
v -74.40000000 -15.23241961 -46.80000000
v -74.40000000 -15.30000000 -47.10000000
v -74.28862937 -15.60000000 -39.60000000
v -74.40000000 -15.60000000 -39.64651290
v -74.40000000 -15.60000000 -47.37756716
v -74.21785095 -15.90000000 -39.60000000
v -74.40000000 -15.90000000 -39.67986465
v -74.40000000 -15.61203155 -47.40000000
v -74.40000000 -15.67619504 -47.70000000
v -74.40000000 -15.67981003 -48.00000000
v -74.40000000 -15.67496606 -48.30000000
v -74.40000000 -15.68305145 -48.60000000
v -74.40000000 -15.69828144 -48.90000000
v -74.40000000 -15.71493975 -49.20000000
v -74.40000000 -15.73370127 -49.50000000
v -74.40000000 -15.75894272 -49.80000000
v -74.40000000 -15.79462184 -50.10000000
v -74.40000000 -15.84158419 -50.40000000
v -74.40000000 -15.90000000 -50.70000000
v -74.18666430 -16.20000000 -39.60000000
v -74.40000000 -16.20000000 -39.70599527
v -74.40000000 -15.97037521 -51.00000000
v -74.40000000 -16.03819283 -51.30000000
v -74.40000000 -16.09517437 -51.60000000
v -74.40000000 -16.13761655 -51.90000000
v -74.40000000 -16.17069134 -52.20000000
v -74.40000000 -16.20000000 -52.50000000
v -74.40000000 -16.18889356 -53.10000000
v -74.40000000 -16.20000000 -52.80000000
v -74.40000000 -16.18745564 -53.40000000
v -74.40000000 -16.19011428 -53.70000000
v -74.40000000 -16.20000000 -54.00000000
v -74.21734001 -16.50000000 -39.60000000
v -74.40000000 -16.50000000 -39.70491155
v -74.40000000 -16.32118556 -54.30000000
v -74.40000000 -16.41847743 -54.60000000
v -74.40000000 -16.47206285 -54.90000000
v -74.40000000 -16.50000000 -55.20000000
v -74.31376161 -16.80000000 -39.60000000
v -74.40000000 -16.80000000 -39.64896025
v -74.40000000 -16.58459937 -55.50000000
v -74.40000000 -16.65132826 -55.80000000
v -74.40000000 -16.69573926 -56.10000000
v -74.40000000 -16.71655227 -56.40000000
v -74.40000000 -16.71868954 -56.70000000
v -74.40000000 -16.71575194 -57.00000000
v -74.40000000 -16.71494269 -57.30000000
v -74.40000000 -16.71366517 -57.60000000
v -74.40000000 -16.71683506 -57.90000000
v -74.40000000 -16.73752507 -58.20000000
v -74.40000000 -16.80000000 -58.50000000
v -74.40000000 -16.96421326 -39.60000000
v -74.40000000 -17.10000000 -39.55668446
v -74.40000000 -17.10000000 -58.67081860
v -74.40000000 -17.40000000 -39.42968860
v -74.40000000 -17.40000000 -58.67267894
v -74.40000000 -17.61780611 -39.30000000
v -74.40000000 -17.70000000 -39.23914978
v -74.40000000 -17.70000000 -58.53265155
v -74.40000000 -18.00000000 -39.00000000
v -74.40000000 -18.00000000 -58.20000000
v -74.21226952 -18.00000000 -58.50000000
v -74.40000000 -17.74957957 -58.50000000
v -74.40000000 -18.30000000 -38.70000000
v -74.29326140 -18.30000000 -58.20000000
v -74.40000000 -18.30000000 -58.09805856
v -74.14495480 -18.60000000 -38.40000000
v -74.40000000 -18.60000000 -38.65108720
v -74.40000000 -18.60000000 -57.90000000
v -74.22438942 -18.90000000 -38.40000000
v -74.40000000 -18.90000000 -38.61057790
v -74.40000000 -18.90000000 -57.60000000
v -74.27229462 -19.20000000 -38.40000000
v -74.40000000 -19.20000000 -38.57885580
v -74.40000000 -19.20000000 -57.33441542
v -74.30127734 -19.50000000 -38.40000000
v -74.40000000 -19.50000000 -38.56406857
v -74.40000000 -19.50000000 -57.00000000
v -74.40000000 -19.22969095 -57.30000000
v -74.10979305 -19.80000000 -38.10000000
v -74.30380048 -19.80000000 -38.40000000
v -74.40000000 -19.80000000 -38.57724277
v -74.40000000 -19.73364203 -55.80000000
v -74.40000000 -19.80000000 -55.63335222
v -74.40000000 -19.63819717 -56.10000000
v -74.40000000 -19.57138781 -56.40000000
v -74.40000000 -19.53008538 -56.70000000
v -74.10987897 -20.10000000 -38.10000000
v -74.28749970 -20.10000000 -38.40000000
v -74.40000000 -20.10000000 -38.62071447
v -74.40000000 -20.10000000 -54.90000000
v -74.40000000 -19.97135564 -55.20000000
v -74.40000000 -19.85066520 -55.50000000
v -74.24953831 -20.40000000 -38.40000000
v -74.40000000 -20.40000000 -38.70000000
v -74.40000000 -20.40000000 -54.00000000
v -74.40000000 -20.29088344 -54.30000000
v -74.40000000 -20.18555640 -54.60000000
v -74.17779770 -20.70000000 -38.40000000
v -74.30766415 -20.70000000 -38.70000000
v -74.40000000 -20.70000000 -39.00000000
v -74.40000000 -20.70000000 -52.80000000
v -74.40000000 -20.60151374 -53.10000000
v -74.40000000 -20.53451847 -53.40000000
v -74.40000000 -20.46889829 -53.70000000
v -74.23692222 -21.00000000 -38.70000000
v -74.36995179 -21.00000000 -39.00000000
v -74.40000000 -21.00000000 -39.05489246
v -74.40000000 -21.00000000 -52.50000000
v -74.16558681 -21.30000000 -38.70000000
v -74.31229388 -21.30000000 -39.00000000
v -74.40000000 -21.30000000 -39.15859396
v -74.40000000 -21.17417926 -52.20000000
v -74.40000000 -21.30000000 -51.94603002
v -74.22686777 -21.60000000 -39.00000000
v -74.40000000 -21.60000000 -39.30000000
v -74.40000000 -21.60000000 -51.30000000
v -74.40000000 -21.46524891 -51.60000000
v -74.40000000 -21.32220092 -51.90000000
v -74.36089933 -21.90000000 -39.30000000
v -74.40000000 -21.90000000 -39.34587402
v -74.40000000 -21.90000000 -50.40000000
v -74.40000000 -21.80934058 -50.70000000
v -74.40000000 -21.71148964 -51.00000000
v -74.33419175 -22.20000000 -39.30000000
v -74.40000000 -22.20000000 -39.37393728
v -74.40000000 -22.19548891 -49.50000000
v -74.40000000 -22.20000000 -49.48977798
v -74.40000000 -22.08243400 -49.80000000
v -74.40000000 -21.98750309 -50.10000000
v -74.30181221 -22.50000000 -39.30000000
v -74.40000000 -22.50000000 -39.40379523
v -74.40000000 -22.50000000 -48.90000000
v -74.40000000 -22.33327589 -49.20000000
v -74.23540253 -22.80000000 -39.30000000
v -74.40000000 -22.80000000 -39.45168841
v -74.40000000 -22.80000000 -48.60000000
v -74.40000000 -23.10000000 -39.52411525
v -74.40000000 -22.99134686 -48.30000000
v -74.40000000 -23.10000000 -48.09977976
v -74.36644406 -23.40000000 -39.60000000
v -74.40000000 -23.33945130 -39.60000000
v -74.40000000 -23.40000000 -39.61728125
v -74.40000000 -23.40000000 -47.40000000
v -74.40000000 -23.28172914 -47.70000000
v -74.40000000 -23.15122428 -48.00000000
v -74.12185300 -23.70000000 -39.60000000
v -74.40000000 -23.70000000 -39.72157765
v -74.40000000 -23.56158065 -47.10000000
v -74.40000000 -23.70000000 -46.82377541
v -74.40000000 -24.00000000 -39.83961491
v -74.40000000 -24.00000000 -45.90000000
v -74.40000000 -23.92702946 -46.20000000
v -74.40000000 -23.82937179 -46.50000000
v -74.40000000 -23.71136067 -46.80000000
v -74.40000000 -24.14217953 -39.90000000
v -74.40000000 -24.30000000 -39.96653885
v -74.40000000 -24.30000000 -45.30000000
v -74.40000000 -24.14280962 -45.60000000
v -74.40000000 -24.60000000 -40.11426746
v -74.40000000 -24.60000000 -45.00000000
v -74.10930713 -24.90000000 -40.20000000
v -74.40000000 -24.71851482 -40.20000000
v -74.40000000 -24.90000000 -40.50000000
v -74.40000000 -24.86147003 -44.40000000
v -74.40000000 -24.90000000 -44.29655994
v -74.40000000 -24.73402765 -44.70000000
v -74.40000000 -25.20000000 -40.67883812
v -74.40000000 -25.16578487 -43.50000000
v -74.40000000 -25.20000000 -43.41771548
v -74.40000000 -25.06406713 -43.80000000
v -74.40000000 -24.96774238 -44.10000000
v -74.40000000 -25.30273287 -40.80000000
v -74.40000000 -25.48925614 -41.10000000
v -74.40000000 -25.50000000 -41.12440015
v -74.40000000 -25.42311623 -42.90000000
v -74.40000000 -25.50000000 -42.70067366
v -74.40000000 -25.29340295 -43.20000000
v -74.40000000 -25.60545693 -41.40000000
v -74.40000000 -25.67116311 -41.70000000
v -74.40000000 -25.66605061 -42.00000000
v -74.40000000 -25.61711437 -42.30000000
v -74.40000000 -25.53752736 -42.60000000
v -74.43765773 -14.40000000 -42.00000000
v -74.70000000 -14.70000000 -40.20000000
v -74.70000000 -14.61195778 -40.50000000
v -74.70000000 -14.54443665 -40.80000000
v -74.70000000 -14.49287367 -41.10000000
v -74.70000000 -14.45917406 -41.40000000
v -74.70000000 -14.44646961 -41.70000000
v -74.70000000 -14.44321939 -42.00000000
v -74.70000000 -14.44805782 -42.30000000
v -74.70000000 -14.46017861 -42.60000000
v -74.70000000 -14.48598896 -42.90000000
v -74.70000000 -14.53121808 -43.20000000
v -74.70000000 -14.60014691 -43.50000000
v -74.70000000 -14.70000000 -43.80000000
v -74.57612782 -14.70000000 -44.10000000
v -74.70000000 -14.94822516 -39.90000000
v -74.70000000 -15.00000000 -39.85967880
v -74.70000000 -14.71372714 -44.10000000
v -74.70000000 -14.78378824 -44.40000000
v -74.70000000 -14.88606540 -44.70000000
v -74.70000000 -15.00000000 -45.00000000
v -74.70000000 -15.30000000 -39.77033035
v -74.70000000 -15.08386277 -45.30000000
v -74.70000000 -15.15300725 -45.60000000
v -74.70000000 -15.19742253 -45.90000000
v -74.70000000 -15.23284988 -46.20000000
v -74.70000000 -15.28437347 -46.50000000
v -74.70000000 -15.30000000 -46.80000000
v -74.70000000 -15.60000000 -39.76885332
v -74.70000000 -15.60000000 -47.10000000
v -74.70000000 -15.90000000 -39.79916697
v -74.70000000 -15.65905165 -47.40000000
v -74.70000000 -15.70267389 -47.70000000
v -74.70000000 -15.71332862 -48.00000000
v -74.70000000 -15.70689237 -48.30000000
v -74.70000000 -15.70069615 -48.60000000
v -74.70000000 -15.70249529 -48.90000000
v -74.70000000 -15.71264120 -49.20000000
v -74.70000000 -15.73154520 -49.50000000
v -74.70000000 -15.76133202 -49.80000000
v -74.70000000 -15.80315338 -50.10000000
v -74.70000000 -15.85898767 -50.40000000
v -74.70000000 -15.90000000 -50.56958093
v -74.70000000 -16.20000000 -39.84337227
v -74.70000000 -15.93232539 -50.70000000
v -74.70000000 -16.00862707 -51.00000000
v -74.70000000 -16.07699406 -51.30000000
v -74.70000000 -16.12892661 -51.60000000
v -74.70000000 -16.15689942 -51.90000000
v -74.70000000 -16.17216030 -52.20000000
v -74.70000000 -16.18240720 -52.50000000
v -74.70000000 -16.18714579 -52.80000000
v -74.70000000 -16.20000000 -53.10000000
v -74.53231071 -16.20000000 -53.40000000
v -74.45767575 -16.20000000 -53.70000000
v -74.70000000 -16.50000000 -39.90000000
v -74.70000000 -16.21622408 -53.40000000
v -74.70000000 -16.24468823 -53.70000000
v -74.70000000 -16.29936777 -54.00000000
v -74.70000000 -16.39443876 -54.30000000
v -74.70000000 -16.50000000 -54.60000000
v -74.51720721 -16.50000000 -54.90000000
v -74.70000000 -16.80000000 -39.80306160
v -74.70000000 -16.54531326 -54.90000000
v -74.70000000 -16.58770223 -55.20000000
v -74.70000000 -16.64182699 -55.50000000
v -74.70000000 -16.69926107 -55.80000000
v -74.70000000 -16.75163645 -56.10000000
v -74.70000000 -16.78750920 -56.40000000
v -74.70000000 -16.80000000 -56.70000000
v -74.70000000 -16.80000000 -57.00000000
v -74.63441262 -16.80000000 -57.30000000
v -74.59923992 -16.80000000 -57.60000000
v -74.56084917 -16.80000000 -57.90000000
v -74.50800886 -16.80000000 -58.20000000
v -74.48147279 -17.10000000 -39.60000000
v -74.70000000 -17.10000000 -39.70786864
v -74.70000000 -16.83005176 -57.30000000
v -74.70000000 -16.85829116 -57.60000000
v -74.70000000 -16.91121762 -57.90000000
v -74.70000000 -16.98764347 -58.20000000
v -74.70000000 -17.10000000 -58.50000000
v -74.70000000 -17.40000000 -39.60000000
v -74.70000000 -17.40000000 -58.50000000
v -74.47600416 -17.70000000 -39.30000000
v -74.70000000 -17.70000000 -39.46050595
v -74.70000000 -17.70000000 -58.20000000
v -74.43979844 -17.70000000 -58.50000000
v -74.70000000 -18.00000000 -39.30000000
v -74.70000000 -18.00000000 -57.98766520
v -74.57699581 -18.30000000 -39.00000000
v -74.70000000 -18.30000000 -39.16371954
v -74.61216262 -18.30000000 -57.90000000
v -74.70000000 -18.15463492 -57.90000000
v -74.70000000 -18.30000000 -57.81542529
v -74.44086635 -18.60000000 -38.70000000
v -74.64696959 -18.60000000 -39.00000000
v -74.70000000 -18.60000000 -39.07820725
v -74.70000000 -18.60000000 -57.60887473
v -74.46564387 -18.90000000 -38.70000000
v -74.66458028 -18.90000000 -39.00000000
v -74.70000000 -18.90000000 -39.05613851
v -74.70000000 -18.90000000 -57.30000000
v -74.70000000 -18.60997413 -57.60000000
v -74.47717291 -19.20000000 -38.70000000
v -74.65308623 -19.20000000 -39.00000000
v -74.70000000 -19.20000000 -39.08293834
v -74.70000000 -19.20000000 -57.00000000
v -74.43422785 -19.20000000 -57.30000000
v -74.47499514 -19.50000000 -38.70000000
v -74.62513218 -19.50000000 -39.00000000
v -74.70000000 -19.50000000 -39.15805710
v -74.56858321 -19.50000000 -56.40000000
v -74.70000000 -19.43002432 -56.40000000
v -74.70000000 -19.50000000 -56.18609926
v -74.45915132 -19.50000000 -56.70000000
v -74.70000000 -19.32973164 -56.70000000
v -74.46180932 -19.80000000 -38.70000000
v -74.59345243 -19.80000000 -39.00000000
v -74.70000000 -19.80000000 -39.30000000
v -74.70000000 -19.80000000 -55.50000000
v -74.70000000 -19.64559811 -55.80000000
v -74.70000000 -19.52566920 -56.10000000
v -74.43794754 -20.10000000 -38.70000000
v -74.56838051 -20.10000000 -39.00000000
v -74.70000000 -20.10000000 -39.30000000
v -74.70000000 -20.10000000 -54.60000000
v -74.70000000 -20.02119611 -54.90000000
v -74.70000000 -19.91480147 -55.20000000
v -74.51855532 -20.40000000 -39.00000000
v -74.70000000 -20.40000000 -39.30000000
v -74.70000000 -20.34127443 -54.00000000
v -74.70000000 -20.40000000 -53.80106805
v -74.70000000 -20.23101539 -54.30000000
v -74.60709438 -20.70000000 -39.30000000
v -74.70000000 -20.70000000 -39.47577028
v -74.70000000 -20.70000000 -52.80000000
v -74.70000000 -20.58623939 -53.10000000
v -74.70000000 -20.50515288 -53.40000000
v -74.70000000 -20.42909519 -53.70000000
v -74.54393631 -21.00000000 -39.30000000
v -74.70000000 -21.00000000 -39.56066193
v -74.70000000 -21.00000000 -52.50000000
v -74.48412834 -21.30000000 -39.30000000
v -74.70000000 -21.30000000 -39.60000000
v -74.70000000 -21.30000000 -51.90000000
v -74.70000000 -21.15855608 -52.20000000
v -74.65543022 -21.60000000 -39.60000000
v -74.70000000 -21.60000000 -39.65553519
v -74.70000000 -21.60000000 -51.30000000
v -74.70000000 -21.45740838 -51.60000000
v -74.63154495 -21.90000000 -39.60000000
v -74.70000000 -21.90000000 -39.67376184
v -74.70000000 -21.90000000 -50.40000000
v -74.70000000 -21.79646355 -50.70000000
v -74.70000000 -21.70112203 -51.00000000
v -74.61850265 -22.20000000 -39.60000000
v -74.70000000 -22.20000000 -39.67807465
v -74.70000000 -22.17534432 -49.50000000
v -74.70000000 -22.20000000 -49.44536470
v -74.70000000 -22.06518749 -49.80000000
v -74.70000000 -21.97535951 -50.10000000
v -74.60188395 -22.50000000 -39.60000000
v -74.70000000 -22.50000000 -39.68543630
v -74.70000000 -22.50000000 -48.90000000
v -74.70000000 -22.31837737 -49.20000000
v -74.56944419 -22.80000000 -39.60000000
v -74.70000000 -22.80000000 -39.70123590
v -74.70000000 -22.80000000 -48.60000000
v -74.50264988 -23.10000000 -39.60000000
v -74.70000000 -23.10000000 -39.72986071
v -74.70000000 -23.00203965 -48.30000000
v -74.70000000 -23.10000000 -48.13486193
v -74.70000000 -23.40000000 -39.77900651
v -74.70000000 -23.40000000 -47.40000000
v -74.70000000 -23.31549532 -47.70000000
v -74.70000000 -23.17663763 -48.00000000
v -74.70000000 -23.70000000 -39.85417143
v -74.70000000 -23.57940463 -47.10000000
v -74.70000000 -23.70000000 -46.86163320
v -74.56354020 -24.00000000 -39.90000000
v -74.70000000 -23.84458736 -39.90000000
v -74.70000000 -24.00000000 -39.94927474
v -74.70000000 -24.00000000 -46.20000000
v -74.70000000 -23.86416167 -46.50000000
v -74.70000000 -23.72992231 -46.80000000
v -74.70000000 -24.30000000 -40.04874418
v -74.70000000 -24.26667197 -45.60000000
v -74.70000000 -24.30000000 -45.55553597
v -74.70000000 -24.10068002 -45.90000000
v -74.70000000 -24.60000000 -40.16945193
v -74.70000000 -24.60000000 -45.30000000
v -74.70000000 -24.65962107 -40.20000000
v -74.70000000 -24.90000000 -40.50000000
v -74.55001707 -24.90000000 -44.40000000
v -74.70000000 -24.82233913 -44.70000000
v -74.70000000 -24.90000000 -44.50129401
v -74.70000000 -24.70522802 -45.00000000
v -74.70000000 -25.20000000 -40.61515141
v -74.70000000 -25.20000000 -43.50000000
v -74.70000000 -25.12468163 -43.80000000
v -74.70000000 -25.03755558 -44.10000000
v -74.70000000 -24.93674283 -44.40000000
v -74.70000000 -25.37419090 -40.80000000
v -74.43485552 -25.50000000 -41.10000000
v -74.70000000 -25.50000000 -40.95712448
v -74.70000000 -25.46136947 -42.90000000
v -74.70000000 -25.50000000 -42.79680096
v -74.70000000 -25.33731533 -43.20000000
v -74.70000000 -25.57736566 -41.10000000
v -74.70000000 -25.70514029 -41.40000000
v -74.70000000 -25.80000000 -41.70000000
v -74.70000000 -25.73978588 -42.00000000
v -74.70000000 -25.66440055 -42.30000000
v -74.70000000 -25.57240090 -42.60000000
v -75.00000000 -14.70000000 -40.50000000
v -75.00000000 -14.60461196 -40.80000000
v -75.00000000 -14.54892432 -41.10000000
v -75.00000000 -14.51812823 -41.40000000
v -75.00000000 -14.50282696 -41.70000000
v -75.00000000 -14.49856063 -42.00000000
v -75.00000000 -14.50281911 -42.30000000
v -75.00000000 -14.51655524 -42.60000000
v -75.00000000 -14.54249117 -42.90000000
v -75.00000000 -14.58260686 -43.20000000
v -75.00000000 -14.63430335 -43.50000000
v -75.00000000 -14.68245293 -43.80000000
v -75.00000000 -14.70000000 -44.10000000
v -74.76562969 -15.00000000 -39.90000000
v -75.00000000 -14.86161630 -40.20000000
v -75.00000000 -15.00000000 -40.05737600
v -75.00000000 -14.80942354 -44.40000000
v -75.00000000 -14.91707240 -44.70000000
v -75.00000000 -15.00000000 -44.93333629
v -75.00000000 -15.30000000 -39.90000000
v -75.00000000 -15.02391035 -45.00000000
v -75.00000000 -15.12392157 -45.30000000
v -75.00000000 -15.22242273 -45.60000000
v -75.00000000 -15.29389075 -45.90000000
v -75.00000000 -15.30000000 -46.20000000
v -74.72742717 -15.30000000 -46.50000000
v -75.00000000 -15.60000000 -39.87855406
v -75.00000000 -15.60000000 -46.50000000
v -74.98133172 -15.60000000 -46.80000000
v -75.00000000 -15.90000000 -39.90000000
v -75.00000000 -15.61091856 -46.80000000
v -75.00000000 -15.66467264 -47.10000000
v -75.00000000 -15.70315774 -47.40000000
v -75.00000000 -15.72803447 -47.70000000
v -75.00000000 -15.73708158 -48.00000000
v -75.00000000 -15.73344767 -48.30000000
v -75.00000000 -15.72572180 -48.60000000
v -75.00000000 -15.72282357 -48.90000000
v -75.00000000 -15.72988919 -49.20000000
v -75.00000000 -15.74955061 -49.50000000
v -75.00000000 -15.78516747 -49.80000000
v -75.00000000 -15.83629763 -50.10000000
v -75.00000000 -15.90000000 -50.40000000
v -74.90657448 -16.20000000 -39.90000000
v -75.00000000 -16.20000000 -39.92274011
v -75.00000000 -15.99649837 -50.70000000
v -75.00000000 -16.08414868 -51.00000000
v -75.00000000 -16.14912666 -51.30000000
v -75.00000000 -16.20000000 -51.60000000
v -74.97513940 -16.20000000 -51.90000000
v -75.00000000 -16.20000000 -52.20000000
v -75.00000000 -16.20000000 -52.50000000
v -75.00000000 -16.20000000 -52.80000000
v -75.00000000 -16.50000000 -39.93417777
v -75.00000000 -16.20387120 -51.90000000
v -75.00000000 -16.23740619 -53.10000000
v -75.00000000 -16.27405979 -53.40000000
v -75.00000000 -16.32267984 -53.70000000
v -75.00000000 -16.39777903 -54.00000000
v -75.00000000 -16.49970371 -54.30000000
v -75.00000000 -16.50000000 -54.30086139
v -75.00000000 -16.80000000 -39.90000000
v -75.00000000 -16.60520483 -54.60000000
v -75.00000000 -16.66668675 -54.90000000
v -75.00000000 -16.70461859 -55.20000000
v -75.00000000 -16.73959129 -55.50000000
v -75.00000000 -16.78556875 -55.80000000
v -74.85288904 -16.80000000 -56.10000000
v -75.00000000 -16.80000000 -55.87130689
v -74.73088462 -16.80000000 -56.40000000
v -75.00000000 -17.10000000 -39.83632389
v -75.00000000 -16.85595820 -56.10000000
v -75.00000000 -16.94614504 -56.40000000
v -75.00000000 -17.01081049 -56.70000000
v -75.00000000 -17.04340743 -57.00000000
v -75.00000000 -17.06876228 -57.30000000
v -75.00000000 -17.10000000 -57.60000000
v -74.85662937 -17.10000000 -57.90000000
v -74.77289010 -17.10000000 -58.20000000
v -75.00000000 -17.40000000 -39.76512721
v -74.93922849 -17.40000000 -57.90000000
v -75.00000000 -17.40000000 -57.77717927
v -74.81018931 -17.40000000 -58.20000000
v -74.88324464 -17.70000000 -39.60000000
v -75.00000000 -17.70000000 -39.68215778
v -74.90327715 -17.70000000 -57.90000000
v -75.00000000 -17.70000000 -57.74420122
v -75.00000000 -17.96489803 -39.60000000
v -75.00000000 -18.00000000 -39.58751446
v -74.78237081 -18.00000000 -57.90000000
v -75.00000000 -18.00000000 -57.62282224
v -74.80683216 -18.30000000 -39.30000000
v -75.00000000 -18.30000000 -39.52094791
v -74.89248542 -18.30000000 -57.60000000
v -75.00000000 -18.04196973 -57.60000000
v -75.00000000 -18.30000000 -57.44838102
v -74.85336127 -18.60000000 -39.30000000
v -75.00000000 -18.60000000 -39.50182368
v -75.00000000 -18.60000000 -57.30000000
v -74.70848885 -18.60000000 -57.60000000
v -74.85551388 -18.90000000 -39.30000000
v -75.00000000 -18.90000000 -39.52165370
v -75.00000000 -18.90000000 -56.70000000
v -74.89719447 -18.90000000 -57.00000000
v -75.00000000 -18.74276739 -57.00000000
v -74.82622654 -19.20000000 -39.30000000
v -75.00000000 -19.20000000 -39.59063998
v -75.00000000 -19.20000000 -56.40000000
v -74.82511737 -19.20000000 -56.70000000
v -74.77212487 -19.50000000 -39.30000000
v -74.93663893 -19.50000000 -39.60000000
v -75.00000000 -19.22447130 -39.60000000
v -75.00000000 -19.50000000 -39.72485110
v -75.00000000 -19.50000000 -55.80000000
v -74.74505362 -19.50000000 -56.10000000
v -75.00000000 -19.29194858 -56.10000000
v -74.86842433 -19.80000000 -39.60000000
v -75.00000000 -19.80000000 -39.90000000
v -75.00000000 -19.69155506 -55.50000000
v -75.00000000 -19.80000000 -55.30162937
v -74.82779345 -20.10000000 -39.60000000
v -74.94822852 -20.10000000 -39.90000000
v -75.00000000 -20.10000000 -40.03056313
v -75.00000000 -20.05778438 -54.60000000
v -75.00000000 -20.10000000 -54.48780172
v -75.00000000 -19.95634523 -54.90000000
v -75.00000000 -19.84452902 -55.20000000
v -74.79911179 -20.40000000 -39.60000000
v -74.91714663 -20.40000000 -39.90000000
v -75.00000000 -20.40000000 -40.07983913
v -74.89200648 -20.40000000 -53.70000000
v -75.00000000 -20.38298484 -53.70000000
v -75.00000000 -20.40000000 -53.64486690
v -75.00000000 -20.28105054 -54.00000000
v -75.00000000 -20.17063133 -54.30000000
v -74.75903276 -20.70000000 -39.60000000
v -74.89670805 -20.70000000 -39.90000000
v -75.00000000 -20.70000000 -40.09780913
v -75.00000000 -20.69518391 -52.80000000
v -75.00000000 -20.70000000 -52.79184465
v -75.00000000 -20.56963311 -53.10000000
v -75.00000000 -20.47481878 -53.40000000
v -74.72265716 -21.00000000 -39.60000000
v -74.88337120 -21.00000000 -39.90000000
v -75.00000000 -21.00000000 -40.10689782
v -75.00000000 -21.00000000 -52.50000000
v -74.88237861 -21.30000000 -39.90000000
v -75.00000000 -21.30000000 -40.09339568
v -75.00000000 -21.28066754 -51.90000000
v -75.00000000 -21.30000000 -51.86396817
v -75.00000000 -21.12693998 -52.20000000
v -74.89867040 -21.60000000 -39.90000000
v -75.00000000 -21.60000000 -40.03733205
v -75.00000000 -21.60000000 -51.30000000
v -75.00000000 -21.43686111 -51.60000000
v -74.93957008 -21.90000000 -39.90000000
v -75.00000000 -21.90000000 -39.95768280
v -75.00000000 -21.85582554 -50.40000000
v -75.00000000 -21.90000000 -50.25064470
v -75.00000000 -21.76072477 -50.70000000
v -75.00000000 -21.67093771 -51.00000000
v -74.98733636 -22.20000000 -39.90000000
v -75.00000000 -22.20000000 -39.90892198
v -75.00000000 -22.13919354 -49.50000000
v -75.00000000 -22.20000000 -49.36016034
v -75.00000000 -22.03570022 -49.80000000
v -75.00000000 -21.94390236 -50.10000000
v -75.00000000 -22.50000000 -39.90000000
v -75.00000000 -22.50000000 -48.90000000
v -75.00000000 -22.28098845 -49.20000000
v -75.00000000 -22.80000000 -39.90000000
v -75.00000000 -22.80000000 -48.60000000
v -75.00000000 -23.10000000 -39.90000000
v -75.00000000 -23.01354807 -48.30000000
v -75.00000000 -23.10000000 -48.16800384
v -74.95794364 -23.40000000 -39.90000000
v -75.00000000 -23.40000000 -39.91823660
v -75.00000000 -23.40000000 -47.70000000
v -75.00000000 -23.20775906 -48.00000000
v -74.81203107 -23.70000000 -39.90000000
v -75.00000000 -23.70000000 -39.97429804
v -75.00000000 -23.61891109 -47.10000000
v -75.00000000 -23.70000000 -46.92426183
v -75.00000000 -23.49010388 -47.40000000
v -75.00000000 -24.00000000 -40.06993084
v -75.00000000 -23.88816541 -46.50000000
v -75.00000000 -24.00000000 -46.23696483
v -75.00000000 -23.75646270 -46.80000000
v -75.00000000 -24.30000000 -40.17331720
v -75.00000000 -24.30000000 -45.60000000
v -75.00000000 -24.14230415 -45.90000000
v -75.00000000 -24.01590661 -46.20000000
v -75.00000000 -24.60000000 -40.20000000
v -75.00000000 -24.60000000 -45.30000000
v -75.00000000 -24.90000000 -40.50000000
v -75.00000000 -24.90000000 -44.70000000
v -75.00000000 -24.75937549 -45.00000000
v -74.96349934 -25.20000000 -40.50000000
v -75.00000000 -25.20000000 -40.20000000
v -75.00000000 -25.20000000 -43.80000000
v -75.00000000 -25.11420461 -44.10000000
v -75.00000000 -25.01117918 -44.40000000
v -75.00000000 -25.21604813 -40.50000000
v -75.00000000 -25.50000000 -40.80000000
v -75.00000000 -25.50000000 -42.90000000
v -75.00000000 -25.39180550 -43.20000000
v -75.00000000 -25.28689852 -43.50000000
v -75.00000000 -25.65699247 -41.10000000
v -75.00000000 -25.76410972 -41.40000000
v -75.00000000 -25.80000000 -41.65442655
v -75.00000000 -25.76876565 -42.00000000
v -75.00000000 -25.80000000 -41.74658297
v -75.00000000 -25.69610348 -42.30000000
v -75.00000000 -25.60508421 -42.60000000
v -75.00000000 -25.80544309 -41.70000000
v -75.30000000 -14.65528438 -40.80000000
v -75.30000000 -14.70000000 -40.66631724
v -75.30000000 -14.60492748 -41.10000000
v -75.30000000 -14.57989459 -41.40000000
v -75.30000000 -14.56624307 -41.70000000
v -75.30000000 -14.56051632 -42.00000000
v -75.30000000 -14.56256336 -42.30000000
v -75.30000000 -14.57353874 -42.60000000
v -75.30000000 -14.59456236 -42.90000000
v -75.30000000 -14.62537886 -43.20000000
v -75.30000000 -14.66284283 -43.50000000
v -75.24470850 -14.70000000 -43.80000000
v -75.30000000 -14.70000000 -43.77186034
v -75.30000000 -14.96178106 -40.20000000
v -75.30000000 -15.00000000 -40.16406907
v -75.30000000 -14.76695004 -40.50000000
v -75.30000000 -14.70396250 -43.80000000
v -75.30000000 -14.75991186 -44.10000000
v -75.30000000 -14.84848918 -44.40000000
v -75.30000000 -14.94857294 -44.70000000
v -75.30000000 -15.00000000 -44.85111405
v -75.30000000 -15.30000000 -40.01821700
v -75.30000000 -15.05227734 -45.00000000
v -75.30000000 -15.15998329 -45.30000000
v -75.30000000 -15.28853457 -45.60000000
v -75.01139266 -15.30000000 -45.90000000
v -75.30000000 -15.30000000 -45.61993774
v -75.07228854 -15.60000000 -39.90000000
v -75.30000000 -15.60000000 -39.96885368
v -75.30000000 -15.60000000 -45.90000000
v -75.25691587 -15.60000000 -46.20000000
v -75.30000000 -15.90000000 -39.96366996
v -75.30000000 -15.62561679 -46.20000000
v -75.30000000 -15.68366352 -46.50000000
v -75.30000000 -15.71668136 -46.80000000
v -75.30000000 -15.73761138 -47.10000000
v -75.30000000 -15.75515005 -47.40000000
v -75.30000000 -15.76653520 -47.70000000
v -75.30000000 -15.77035540 -48.00000000
v -75.30000000 -15.76685755 -48.30000000
v -75.30000000 -15.76006324 -48.60000000
v -75.30000000 -15.75718870 -48.90000000
v -75.30000000 -15.76549170 -49.20000000
v -75.30000000 -15.78845170 -49.50000000
v -75.30000000 -15.83043519 -49.80000000
v -75.29053215 -15.90000000 -50.10000000
v -75.30000000 -15.90000000 -50.09126224
v -75.30000000 -16.20000000 -39.96959942
v -75.30000000 -15.90229245 -50.10000000
v -75.30000000 -15.99336531 -50.40000000
v -75.30000000 -16.09351446 -50.70000000
v -75.30000000 -16.20000000 -51.00000000
v -75.16992340 -16.20000000 -51.30000000
v -75.30000000 -16.50000000 -39.96991336
v -75.30000000 -16.23805020 -51.30000000
v -75.30000000 -16.26379417 -51.60000000
v -75.30000000 -16.27153198 -51.90000000
v -75.30000000 -16.27207121 -52.20000000
v -75.30000000 -16.27694354 -52.50000000
v -75.30000000 -16.29236035 -52.80000000
v -75.30000000 -16.32213330 -53.10000000
v -75.30000000 -16.35787092 -53.40000000
v -75.30000000 -16.40865884 -53.70000000
v -75.28726226 -16.50000000 -54.00000000
v -75.30000000 -16.50000000 -53.98640611
v -75.00069022 -16.50000000 -54.30000000
v -75.30000000 -16.80000000 -39.95772061
v -75.30000000 -16.50526352 -54.00000000
v -75.30000000 -16.64139704 -54.30000000
v -75.30000000 -16.80000000 -54.60000000
v -75.22732051 -16.80000000 -54.90000000
v -75.18354354 -16.80000000 -55.20000000
v -75.13410417 -16.80000000 -55.50000000
v -75.03667331 -16.80000000 -55.80000000
v -75.19154556 -17.10000000 -39.90000000
v -75.30000000 -17.10000000 -39.93286066
v -75.30000000 -16.84708526 -54.90000000
v -75.30000000 -16.86753614 -55.20000000
v -75.30000000 -16.88213161 -55.50000000
v -75.30000000 -16.91148460 -55.80000000
v -75.30000000 -16.99487793 -56.10000000
v -75.18578684 -17.10000000 -56.40000000
v -75.30000000 -17.10000000 -56.26628457
v -75.08753982 -17.10000000 -56.70000000
v -75.05424721 -17.10000000 -57.00000000
v -75.02824597 -17.10000000 -57.30000000
v -75.27730894 -17.40000000 -39.90000000
v -75.30000000 -17.40000000 -39.90959076
v -75.30000000 -17.40000000 -56.40000000
v -75.30000000 -17.40000000 -56.70000000
v -75.28572683 -17.40000000 -57.00000000
v -75.19423140 -17.40000000 -57.30000000
v -75.08005024 -17.40000000 -57.60000000
v -75.30000000 -17.70000000 -39.90000000
v -75.30000000 -17.43348662 -57.00000000
v -75.25114278 -17.70000000 -57.30000000
v -75.30000000 -17.70000000 -57.20457217
v -75.08242601 -17.70000000 -57.60000000
v -75.01587694 -18.00000000 -39.60000000
v -75.30000000 -18.00000000 -39.79102626
v -75.30000000 -18.00000000 -56.70000000
v -75.28999385 -18.00000000 -57.00000000
v -75.30000000 -17.97196602 -57.00000000
v -75.18360400 -18.00000000 -57.30000000
v -75.01561337 -18.00000000 -57.60000000
v -75.08295761 -18.30000000 -39.60000000
v -75.30000000 -18.30000000 -39.77623594
v -75.29287041 -18.30000000 -56.70000000
v -75.30000000 -18.30000000 -56.68732845
v -75.18563960 -18.30000000 -57.00000000
v -75.08519487 -18.30000000 -57.30000000
v -75.07875872 -18.60000000 -39.60000000
v -75.30000000 -18.60000000 -39.90000000
v -75.30000000 -18.60000000 -56.10000000
v -75.27269433 -18.60000000 -56.40000000
v -75.30000000 -18.55770031 -56.40000000
v -75.17841555 -18.60000000 -56.70000000
v -75.08055504 -18.60000000 -57.00000000
v -75.05635276 -18.90000000 -39.60000000
v -75.29690951 -18.90000000 -39.90000000
v -75.30000000 -18.90000000 -39.90317379
v -75.30000000 -18.90000000 -55.80000000
v -75.19675480 -18.90000000 -56.10000000
v -75.12099286 -18.90000000 -56.40000000
v -75.00622568 -19.20000000 -39.60000000
v -75.22128802 -19.20000000 -39.90000000
v -75.30000000 -19.20000000 -40.00245924
v -75.25435460 -19.20000000 -55.80000000
v -75.30000000 -19.20000000 -55.76061983
v -75.07128058 -19.20000000 -56.10000000
v -75.09901102 -19.50000000 -39.90000000
v -75.23251234 -19.50000000 -40.20000000
v -75.30000000 -19.40018434 -40.20000000
v -75.30000000 -19.50000000 -40.50000000
v -75.30000000 -19.50000000 -55.59913671
v -75.11730345 -19.80000000 -40.20000000
v -75.21013793 -19.80000000 -40.50000000
v -75.30000000 -19.80000000 -40.80000000
v -75.17174359 -19.80000000 -55.20000000
v -75.30000000 -19.76142461 -55.20000000
v -75.30000000 -19.80000000 -55.11973448
v -75.30000000 -19.58367164 -55.50000000
v -75.07229856 -20.10000000 -40.20000000
v -75.22196641 -20.10000000 -40.50000000
v -75.30000000 -20.10000000 -40.61136862
v -75.29904596 -20.10000000 -54.30000000
v -75.30000000 -20.09975983 -54.30000000
v -75.30000000 -20.10000000 -54.29939113
v -75.30000000 -19.99068267 -54.60000000
v -75.30000000 -19.88778508 -54.90000000
v -75.06150240 -20.40000000 -40.20000000
v -75.26716250 -20.40000000 -40.50000000
v -75.30000000 -20.40000000 -40.53529550
v -75.30000000 -20.33072812 -53.70000000
v -75.30000000 -20.40000000 -53.51520079
v -75.30000000 -20.21350994 -54.00000000
v -75.05980116 -20.70000000 -40.20000000
v -75.29787935 -20.70000000 -40.50000000
v -75.30000000 -20.70000000 -40.50205186
v -75.30000000 -20.70000000 -52.50000000
v -75.30000000 -20.62091766 -52.80000000
v -75.30000000 -20.53138503 -53.10000000
v -75.30000000 -20.44127978 -53.40000000
v -75.05709020 -21.00000000 -40.20000000
v -75.30000000 -21.00000000 -40.50000000
v -75.30000000 -21.00000000 -52.27541501
v -75.06744103 -21.30000000 -40.20000000
v -75.30000000 -21.30000000 -40.50000000
v -75.30000000 -21.23865867 -51.90000000
v -75.30000000 -21.30000000 -51.78576073
v -75.30000000 -21.05695589 -52.20000000
v -75.13131638 -21.60000000 -40.20000000
v -75.30000000 -21.60000000 -40.50000000
v -75.30000000 -21.60000000 -51.00000000
v -75.30000000 -21.51791585 -51.30000000
v -75.30000000 -21.39136533 -51.60000000
v -75.30000000 -21.83831870 -40.20000000
v -75.30000000 -21.90000000 -40.15755371
v -75.30000000 -21.90000000 -50.10000000
v -75.30000000 -21.80833224 -50.40000000
v -75.30000000 -21.70982875 -50.70000000
v -75.30000000 -22.20000000 -40.04814446
v -75.30000000 -22.20000000 -49.20000000
v -75.30000000 -22.09839361 -49.50000000
v -75.30000000 -22.00043133 -49.80000000
v -75.30000000 -22.50000000 -40.00721752
v -75.30000000 -22.49519875 -48.90000000
v -75.30000000 -22.50000000 -48.89520027
v -75.30000000 -22.80000000 -39.99501698
v -75.30000000 -22.80000000 -48.60000000
v -75.30000000 -23.10000000 -40.00107323
v -75.30000000 -23.02260827 -48.30000000
v -75.30000000 -23.10000000 -48.18640469
v -75.30000000 -23.40000000 -40.02675771
v -75.30000000 -23.40000000 -47.70000000
v -75.30000000 -23.22240607 -48.00000000
v -75.30000000 -23.70000000 -40.07504290
v -75.30000000 -23.65765213 -47.10000000
v -75.30000000 -23.70000000 -47.00115807
v -75.30000000 -23.53158861 -47.40000000
v -75.30000000 -24.00000000 -40.17164890
v -75.30000000 -23.90958380 -46.50000000
v -75.30000000 -24.00000000 -46.27345843
v -75.30000000 -23.78561148 -46.80000000
v -75.04352049 -24.30000000 -40.20000000
v -75.30000000 -24.04890808 -40.20000000
v -75.30000000 -24.30000000 -40.50000000
v -75.30000000 -24.30000000 -45.60000000
v -75.30000000 -24.15487273 -45.90000000
v -75.30000000 -24.03005266 -46.20000000
v -75.29640877 -24.60000000 -40.50000000
v -75.30000000 -24.60000000 -40.50167524
v -75.30000000 -24.60000000 -45.30000000
v -75.30000000 -24.90000000 -40.51411225
v -75.30000000 -24.79345403 -45.00000000
v -75.30000000 -24.90000000 -44.80028686
v -75.05464758 -25.20000000 -40.50000000
v -75.30000000 -25.20000000 -40.55660098
v -75.30000000 -25.20000000 -44.10000000
v -75.30000000 -25.07814686 -44.40000000
v -75.30000000 -24.94970143 -44.70000000
v -75.30000000 -25.50000000 -40.76686535
v -75.30000000 -25.44780812 -43.20000000
v -75.30000000 -25.50000000 -43.03916033
v -75.30000000 -25.35901433 -43.50000000
v -75.30000000 -25.27679756 -43.80000000
v -75.30000000 -25.52586000 -40.80000000
v -75.30000000 -25.69415880 -41.10000000
v -75.30000000 -25.80000000 -41.40000000
v -75.30000000 -25.77479576 -42.00000000
v -75.30000000 -25.80000000 -41.77734431
v -75.30000000 -25.71489721 -42.30000000
v -75.30000000 -25.63681576 -42.60000000
v -75.30000000 -25.54517575 -42.90000000
v -75.30000000 -25.80853989 -41.70000000
v -75.60000000 -14.70000000 -40.80000000
v -75.60000000 -14.66864965 -41.10000000
v -75.60000000 -14.64860895 -41.40000000
v -75.60000000 -14.63513518 -41.70000000
v -75.60000000 -14.62758958 -42.00000000
v -75.60000000 -14.62567193 -42.30000000
v -75.60000000 -14.63123714 -42.60000000
v -75.60000000 -14.64528361 -42.90000000
v -75.60000000 -14.66812321 -43.20000000
v -75.60000000 -14.70000000 -43.50000000
v -75.60000000 -15.00000000 -40.20000000
v -75.60000000 -14.85025615 -40.50000000
v -75.60000000 -14.74535679 -43.80000000
v -75.60000000 -14.80908063 -44.10000000
v -75.60000000 -14.88960112 -44.40000000
v -75.60000000 -14.98313542 -44.70000000
v -75.60000000 -15.00000000 -44.75053370
v -75.60000000 -15.30000000 -40.09432142
v -75.60000000 -15.08823039 -45.00000000
v -75.60000000 -15.20103394 -45.30000000
v -75.60000000 -15.30000000 -45.60000000
v -75.60000000 -15.60000000 -40.03251677
v -75.60000000 -15.60000000 -45.85202989
v -75.60000000 -15.90000000 -40.00956004
v -75.60000000 -15.62842975 -45.90000000
v -75.60000000 -15.71592302 -46.20000000
v -75.60000000 -15.75882794 -46.50000000
v -75.60000000 -15.78765463 -46.80000000
v -75.60000000 -15.80590490 -47.10000000
v -75.60000000 -15.81768641 -47.40000000
v -75.60000000 -15.82275357 -47.70000000
v -75.60000000 -15.82222855 -48.00000000
v -75.60000000 -15.81821760 -48.30000000
v -75.60000000 -15.81267484 -48.60000000
v -75.60000000 -15.81023376 -48.90000000
v -75.60000000 -15.82091124 -49.20000000
v -75.60000000 -15.85806951 -49.50000000
v -75.60000000 -15.90000000 -49.80000000
v -75.60000000 -16.20000000 -40.00625840
v -75.60000000 -16.01675997 -50.10000000
v -75.60000000 -16.11461901 -50.40000000
v -75.60000000 -16.20000000 -50.70000000
v -75.60000000 -16.50000000 -40.00630889
v -75.60000000 -16.28916457 -51.00000000
v -75.60000000 -16.33930537 -51.30000000
v -75.60000000 -16.36140098 -51.60000000
v -75.60000000 -16.36809873 -51.90000000
v -75.60000000 -16.37318418 -52.20000000
v -75.60000000 -16.39132201 -52.50000000
v -75.60000000 -16.41979752 -52.80000000
v -75.60000000 -16.45256231 -53.10000000
v -75.60000000 -16.47997813 -53.40000000
v -75.60000000 -16.50000000 -53.70000000
v -75.60000000 -16.80000000 -40.00433529
v -75.60000000 -16.67911073 -54.00000000
v -75.60000000 -16.80000000 -54.30000000
v -75.60000000 -17.10000000 -39.99937915
v -75.60000000 -17.02654033 -54.60000000
v -75.60000000 -17.09878295 -54.90000000
v -75.60000000 -17.10000000 -55.20000000
v -75.60000000 -17.10000000 -55.50000000
v -75.60000000 -17.10000000 -55.80000000
v -75.60000000 -17.10000000 -56.10000000
v -75.60000000 -17.40000000 -39.99148780
v -75.60000000 -17.40000000 -56.20246682
v -75.60000000 -17.70000000 -39.96874746
v -75.60000000 -17.69078778 -56.40000000
v -75.60000000 -17.70000000 -56.70000000
v -75.60000000 -17.70000000 -57.00000000
v -75.60000000 -18.00000000 -39.90000000
v -75.60000000 -18.00000000 -56.46251220
v -75.60000000 -18.30000000 -39.90000000
v -75.60000000 -18.30000000 -56.40000000
v -75.60000000 -18.60000000 -40.02931299
v -75.60000000 -18.41540024 -56.10000000
v -75.60000000 -18.60000000 -55.87770272
v -75.60000000 -18.90000000 -40.12886941
v -75.60000000 -18.68263247 -55.80000000
v -75.60000000 -18.90000000 -55.65954373
v -75.60000000 -19.20000000 -40.20000000
v -75.60000000 -19.20000000 -55.56910670
v -75.60000000 -19.31914857 -40.50000000
v -75.60000000 -19.50000000 -40.67921542
v -75.60000000 -19.50000000 -55.50000000
v -75.60000000 -19.73169999 -40.80000000
v -75.60000000 -19.80000000 -40.82219289
v -75.60000000 -19.80000000 -54.90000000
v -75.60000000 -19.62853366 -55.20000000
v -75.60000000 -20.10000000 -40.80000000
v -75.60000000 -19.99539298 -54.30000000
v -75.60000000 -20.10000000 -54.05894045
v -75.60000000 -19.88558848 -54.60000000
v -75.60000000 -20.40000000 -40.75046884
v -75.60000000 -20.40000000 -53.40000000
v -75.60000000 -20.25573163 -53.70000000
v -75.60000000 -20.12436899 -54.00000000
v -75.60000000 -20.70000000 -40.71260465
v -75.60000000 -20.66703354 -52.50000000
v -75.60000000 -20.70000000 -52.45295647
v -75.60000000 -20.54503837 -52.80000000
v -75.60000000 -20.46471983 -53.10000000
v -75.60000000 -21.00000000 -40.68259028
v -75.60000000 -21.00000000 -52.20000000
v -75.60000000 -21.30000000 -40.63441349
v -75.60000000 -21.16557848 -51.90000000
v -75.60000000 -21.30000000 -51.68008672
v -75.60000000 -21.60000000 -40.54336068
v -75.60000000 -21.55334178 -51.00000000
v -75.60000000 -21.60000000 -50.86372593
v -75.60000000 -21.45591344 -51.30000000
v -75.60000000 -21.34112627 -51.60000000
v -75.60000000 -21.90000000 -40.20000000
v -75.60000000 -21.67539992 -40.50000000
v -75.60000000 -21.86122285 -50.10000000
v -75.60000000 -21.90000000 -49.98950038
v -75.60000000 -21.75746740 -50.40000000
v -75.60000000 -21.65489033 -50.70000000
v -75.60000000 -22.20000000 -40.12402735
v -75.60000000 -22.20000000 -49.20000000
v -75.60000000 -22.07492701 -49.50000000
v -75.60000000 -21.96724224 -49.80000000
v -75.60000000 -22.50000000 -40.07283928
v -75.60000000 -22.49205400 -48.90000000
v -75.60000000 -22.50000000 -48.89231033
v -75.60000000 -22.80000000 -40.05579349
v -75.60000000 -22.80000000 -48.60000000
v -75.60000000 -23.10000000 -40.07246866
v -75.60000000 -23.02793578 -48.30000000
v -75.60000000 -23.10000000 -48.19512510
v -75.60000000 -23.40000000 -40.12553367
v -75.60000000 -23.22745521 -48.00000000
v -75.60000000 -23.40000000 -47.70279716
v -75.60000000 -23.70000000 -40.18564816
v -75.60000000 -23.68509353 -47.10000000
v -75.60000000 -23.70000000 -47.06502652
v -75.60000000 -23.55090865 -47.40000000
v -75.60000000 -23.40154566 -47.70000000
v -75.60000000 -24.00000000 -40.20000000
v -75.60000000 -23.93264235 -46.50000000
v -75.60000000 -24.00000000 -46.32642796
v -75.60000000 -23.81171417 -46.80000000
v -75.60000000 -24.25276907 -40.50000000
v -75.60000000 -24.30000000 -40.52489799
v -75.60000000 -24.30000000 -45.60000000
v -75.60000000 -24.16667900 -45.90000000
v -75.60000000 -24.05041998 -46.20000000
v -75.60000000 -24.60000000 -40.59935207
v -75.60000000 -24.60000000 -45.30258823
v -75.60000000 -24.90000000 -40.62727269
v -75.60000000 -24.83400349 -45.00000000
v -75.60000000 -24.90000000 -44.88891950
v -75.60000000 -24.60236143 -45.30000000
v -75.60000000 -25.20000000 -40.68167182
v -75.60000000 -25.13434390 -44.40000000
v -75.60000000 -25.20000000 -44.23053240
v -75.60000000 -25.00055243 -44.70000000
v -75.60000000 -25.50000000 -40.80000000
v -75.60000000 -25.50000000 -43.20000000
v -75.60000000 -25.42332345 -43.50000000
v -75.60000000 -25.34008775 -43.80000000
v -75.60000000 -25.24829590 -44.10000000
v -75.60000000 -25.65332288 -41.10000000
v -75.60000000 -25.80000000 -41.40000000
v -75.60000000 -25.80000000 -41.70000000
v -75.60000000 -25.77220519 -42.00000000
v -75.60000000 -25.72982632 -42.30000000
v -75.60000000 -25.67103759 -42.60000000
v -75.60000000 -25.59408636 -42.90000000
v -75.70889011 -14.70000000 -41.10000000
v -75.79994778 -14.70000000 -41.40000000
v -75.86213962 -14.70000000 -41.70000000
v -75.90000000 -14.70000000 -42.00000000
v -75.90000000 -14.69235476 -42.30000000
v -75.90000000 -14.69206062 -42.60000000
v -75.90000000 -14.70000000 -42.90000000
v -75.79127322 -14.70000000 -43.20000000
v -75.90000000 -15.00000000 -40.50000000
v -75.90000000 -14.83493906 -40.80000000
v -75.90000000 -14.76014371 -41.10000000
v -75.90000000 -14.72674792 -41.40000000
v -75.90000000 -14.70954405 -41.70000000
v -75.90000000 -14.71813416 -43.20000000
v -75.90000000 -14.74776591 -43.50000000
v -75.90000000 -14.79219498 -43.80000000
v -75.90000000 -14.85264718 -44.10000000
v -75.90000000 -14.92833295 -44.40000000
v -75.73947927 -15.00000000 -44.70000000
v -75.90000000 -15.00000000 -44.63749808
v -75.90000000 -15.24695359 -40.20000000
v -75.90000000 -15.30000000 -40.16749017
v -75.90000000 -15.02015916 -44.70000000
v -75.90000000 -15.13057463 -45.00000000
v -75.90000000 -15.26884080 -45.30000000
v -75.90000000 -15.30000000 -45.34659397
v -75.90000000 -15.60000000 -40.07179810
v -75.90000000 -15.60000000 -45.60000000
v -75.90000000 -15.90000000 -40.04249816
v -75.90000000 -15.68897713 -45.90000000
v -75.90000000 -15.76459628 -46.20000000
v -75.90000000 -15.81302224 -46.50000000
v -75.90000000 -15.84629292 -46.80000000
v -75.90000000 -15.87373032 -47.10000000
v -75.90000000 -15.89285617 -47.40000000
v -75.90000000 -15.90000000 -47.70000000
v -75.90000000 -15.90000000 -48.00000000
v -75.90000000 -15.90000000 -48.30000000
v -75.90000000 -15.90000000 -48.60000000
v -75.90000000 -15.90000000 -48.90000000
v -75.90000000 -15.90000000 -49.20000000
v -75.69876424 -15.90000000 -49.50000000
v -75.90000000 -16.20000000 -40.03764527
v -75.90000000 -16.00854066 -49.50000000
v -75.90000000 -16.10258249 -49.80000000
v -75.90000000 -16.19517700 -50.10000000
v -75.76552643 -16.20000000 -50.40000000
v -75.90000000 -16.20000000 -50.11784401
v -75.90000000 -16.50000000 -40.03741301
v -75.90000000 -16.27734001 -50.40000000
v -75.90000000 -16.34599696 -50.70000000
v -75.90000000 -16.42547210 -51.00000000
v -75.90000000 -16.48349057 -51.30000000
v -75.90000000 -16.50000000 -51.60000000
v -75.90000000 -16.50000000 -51.90000000
v -75.90000000 -16.50000000 -52.20000000
v -75.81943320 -16.50000000 -52.50000000
v -75.75052814 -16.50000000 -52.80000000
v -75.68181821 -16.50000000 -53.10000000
v -75.63167190 -16.50000000 -53.40000000
v -75.90000000 -16.80000000 -40.03812570
v -75.90000000 -16.54659429 -52.50000000
v -75.90000000 -16.58995761 -52.80000000
v -75.90000000 -16.64914299 -53.10000000
v -75.90000000 -16.71691830 -53.40000000
v -75.90000000 -16.80000000 -53.70000000
v -75.72254693 -16.80000000 -54.00000000
v -75.90000000 -17.10000000 -40.04132021
v -75.90000000 -17.07546773 -54.00000000
v -75.77069716 -17.10000000 -54.30000000
v -75.90000000 -17.10000000 -54.02892988
v -75.65963944 -17.10000000 -54.60000000
v -75.60110983 -17.10000000 -54.90000000
v -75.90000000 -17.40000000 -40.04730433
v -75.90000000 -17.40000000 -54.30000000
v -75.84367435 -17.40000000 -54.60000000
v -75.80805907 -17.40000000 -54.90000000
v -75.79313485 -17.40000000 -55.20000000
v -75.78172408 -17.40000000 -55.50000000
v -75.74951604 -17.40000000 -55.80000000
v -75.65985383 -17.40000000 -56.10000000
v -75.90000000 -17.70000000 -40.05434723
v -75.90000000 -17.50770805 -54.60000000
v -75.90000000 -17.58877534 -54.90000000
v -75.90000000 -17.64240956 -55.20000000
v -75.90000000 -17.70000000 -55.50000000
v -75.83798199 -17.70000000 -55.80000000
v -75.73226763 -17.70000000 -56.10000000
v -75.60417364 -17.70000000 -56.40000000
v -75.90000000 -18.00000000 -40.07267279
v -75.90000000 -18.00000000 -55.80000000
v -75.76996038 -18.00000000 -56.10000000
v -75.63251268 -18.00000000 -56.40000000
v -75.90000000 -18.30000000 -40.13783527
v -75.90000000 -18.30000000 -55.80000000
v -75.69613979 -18.30000000 -56.10000000
v -75.90000000 -18.60000000 -40.20000000
v -75.67059073 -18.60000000 -55.80000000
v -75.90000000 -18.60000000 -55.52769705
v -75.67974289 -18.90000000 -40.20000000
v -75.90000000 -18.90000000 -40.50000000
v -75.79488532 -18.90000000 -55.50000000
v -75.90000000 -18.65105917 -55.50000000
v -75.90000000 -18.90000000 -55.39526904
v -75.72249411 -19.20000000 -40.50000000
v -75.90000000 -19.20000000 -40.66643370
v -75.68223864 -19.20000000 -55.50000000
v -75.90000000 -19.20000000 -55.27054361
v -75.90000000 -19.50000000 -40.80000000
v -75.75325332 -19.50000000 -55.20000000
v -75.90000000 -19.29484621 -55.20000000
v -75.90000000 -19.50000000 -54.98168582
v -75.90000000 -19.80000000 -40.85588687
v -75.75062953 -19.80000000 -54.60000000
v -75.90000000 -19.69136652 -54.60000000
v -75.90000000 -19.80000000 -54.38894729
v -75.90000000 -19.54936217 -54.90000000
v -75.90000000 -20.10000000 -40.86893530
v -75.66013962 -20.10000000 -54.00000000
v -75.90000000 -19.98785669 -54.00000000
v -75.90000000 -20.10000000 -53.77317887
v -75.90000000 -19.84004511 -54.30000000
v -75.72880525 -20.40000000 -40.80000000
v -75.90000000 -20.40000000 -40.85475723
v -75.77120991 -20.40000000 -53.10000000
v -75.90000000 -20.34389919 -53.10000000
v -75.90000000 -20.40000000 -52.91642461
v -75.90000000 -20.25673520 -53.40000000
v -75.90000000 -20.13319262 -53.70000000
v -75.81366576 -20.70000000 -40.80000000
v -75.90000000 -20.70000000 -40.82999206
v -75.90000000 -20.70000000 -52.20000000
v -75.90000000 -20.55524741 -52.50000000
v -75.90000000 -20.43475073 -52.80000000
v -75.90000000 -21.00000000 -40.80000000
v -75.90000000 -21.00000000 -51.91440034
v -75.90000000 -21.30000000 -40.68790098
v -75.90000000 -21.30000000 -51.60000000
v -75.90000000 -21.01260047 -51.90000000
v -75.90000000 -21.60000000 -40.56966630
v -75.84262043 -21.60000000 -50.70000000
v -75.90000000 -21.58638411 -50.70000000
v -75.90000000 -21.60000000 -50.66255050
v -75.90000000 -21.48695677 -51.00000000
v -75.90000000 -21.39277996 -51.30000000
v -75.90000000 -21.90000000 -40.50000000
v -75.90000000 -21.81129944 -50.10000000
v -75.90000000 -21.90000000 -49.88853734
v -75.90000000 -21.69316260 -50.40000000
v -75.90000000 -22.12694167 -40.20000000
v -75.90000000 -22.20000000 -40.16729544
v -75.90000000 -22.20000000 -49.20000000
v -75.90000000 -22.05465046 -49.50000000
v -75.90000000 -21.93632786 -49.80000000
v -75.90000000 -22.50000000 -40.10216243
v -75.90000000 -22.48803884 -48.90000000
v -75.90000000 -22.50000000 -48.88857730
v -75.90000000 -22.80000000 -40.08904429
v -75.90000000 -22.80000000 -48.60000000
v -75.90000000 -23.10000000 -40.11357791
v -75.90000000 -23.02921973 -48.30000000
v -75.90000000 -23.10000000 -48.19721604
v -75.90000000 -23.40000000 -40.19606190
v -75.90000000 -23.22805351 -48.00000000
v -75.90000000 -23.40000000 -47.70675058
v -75.62580002 -23.70000000 -40.20000000
v -75.90000000 -23.40771068 -40.20000000
v -75.90000000 -23.70000000 -40.50000000
v -75.90000000 -23.70000000 -47.10000000
v -75.90000000 -23.55941730 -47.40000000
v -75.90000000 -23.40379308 -47.70000000
v -75.84876422 -24.00000000 -40.50000000
v -75.90000000 -24.00000000 -40.52704299
v -75.90000000 -23.95628903 -46.50000000
v -75.90000000 -24.00000000 -46.39178715
v -75.90000000 -23.83118168 -46.80000000
v -75.90000000 -24.30000000 -40.59607863
v -75.90000000 -24.30000000 -45.60000000
v -75.90000000 -24.20077047 -45.90000000
v -75.90000000 -24.08075513 -46.20000000
v -75.90000000 -24.60000000 -40.66904272
v -75.90000000 -24.60000000 -45.37867539
v -75.90000000 -24.90000000 -40.73551446
v -75.90000000 -24.90000000 -45.00000000
v -75.90000000 -24.66828606 -45.30000000
v -75.83035721 -25.20000000 -40.80000000
v -75.90000000 -25.10034896 -40.80000000
v -75.90000000 -25.20000000 -40.84223306
v -75.90000000 -25.18988614 -44.40000000
v -75.90000000 -25.20000000 -44.37386613
v -75.90000000 -25.05634719 -44.70000000
v -75.90000000 -25.50000000 -41.10000000
v -75.90000000 -25.48749568 -43.50000000
v -75.90000000 -25.50000000 -43.45553569
v -75.90000000 -25.39894835 -43.80000000
v -75.90000000 -25.30160963 -44.10000000
v -75.90000000 -25.68062925 -41.40000000
v -75.90000000 -25.75582678 -41.70000000
v -75.90000000 -25.76916951 -42.00000000
v -75.90000000 -25.75010802 -42.30000000
v -75.90000000 -25.71120124 -42.60000000
v -75.90000000 -25.64984511 -42.90000000
v -75.90000000 -25.57156492 -43.20000000
v -75.93275229 -14.70000000 -42.30000000
v -75.93576630 -14.70000000 -42.60000000
v -76.20000000 -14.92922067 -40.80000000
v -76.20000000 -15.00000000 -40.63780655
v -76.20000000 -14.85627110 -41.10000000
v -76.20000000 -14.81495166 -41.40000000
v -76.20000000 -14.78950608 -41.70000000
v -76.20000000 -14.77255932 -42.00000000
v -76.20000000 -14.76186167 -42.30000000
v -76.20000000 -14.75833735 -42.60000000
v -76.20000000 -14.76306035 -42.90000000
v -76.20000000 -14.77750024 -43.20000000
v -76.20000000 -14.80343566 -43.50000000
v -76.20000000 -14.84244204 -43.80000000
v -76.20000000 -14.89514617 -44.10000000
v -76.20000000 -14.96434144 -44.40000000
v -76.20000000 -15.00000000 -44.51652769
v -76.20000000 -15.29912011 -40.20000000
v -76.20000000 -15.30000000 -40.19934147
v -76.20000000 -15.06824425 -40.50000000
v -76.20000000 -15.06132293 -44.70000000
v -76.20000000 -15.18373424 -45.00000000
v -76.20000000 -15.30000000 -45.30000000
v -76.20000000 -15.60000000 -40.10263435
v -76.20000000 -15.60000000 -45.56235658
v -76.20000000 -15.90000000 -40.07743871
v -76.20000000 -15.62298614 -45.60000000
v -76.20000000 -15.73280709 -45.90000000
v -76.20000000 -15.80694199 -46.20000000
v -76.20000000 -15.86086551 -46.50000000
v -76.20000000 -15.90000000 -46.80000000
v -76.00807353 -15.90000000 -47.10000000
v -75.92387616 -15.90000000 -47.40000000
v -76.20000000 -16.20000000 -40.06634894
v -76.20000000 -15.94760758 -47.10000000
v -76.20000000 -15.98480184 -47.40000000
v -76.20000000 -16.01339368 -47.70000000
v -76.20000000 -16.03687345 -48.00000000
v -76.20000000 -16.05913230 -48.30000000
v -76.20000000 -16.08360239 -48.60000000
v -76.20000000 -16.11680920 -48.90000000
v -76.20000000 -16.17269381 -49.20000000
v -76.13059576 -16.20000000 -49.50000000
v -76.20000000 -16.20000000 -49.29259157
v -76.01980358 -16.20000000 -49.80000000
v -75.90648017 -16.20000000 -50.10000000
v -76.20000000 -16.50000000 -40.05842026
v -76.20000000 -16.26599412 -49.50000000
v -76.20000000 -16.36641474 -49.80000000
v -76.20000000 -16.44980715 -50.10000000
v -76.20000000 -16.49577844 -50.40000000
v -76.20000000 -16.50000000 -50.70000000
v -76.01819698 -16.50000000 -51.00000000
v -75.92488818 -16.50000000 -51.30000000
v -76.20000000 -16.80000000 -40.05634935
v -76.20000000 -16.65224677 -51.00000000
v -76.20000000 -16.72182168 -51.30000000
v -76.20000000 -16.74501577 -51.60000000
v -76.20000000 -16.74956941 -51.90000000
v -76.20000000 -16.75922918 -52.20000000
v -76.20000000 -16.78439085 -52.50000000
v -76.20000000 -16.80000000 -52.80000000
v -76.06795377 -16.80000000 -53.10000000
v -75.97791575 -16.80000000 -53.40000000
v -76.20000000 -17.10000000 -40.06388776
v -76.20000000 -16.96517651 -53.10000000
v -76.20000000 -17.10000000 -53.40000000
v -76.05957951 -17.10000000 -53.70000000
v -75.91343589 -17.10000000 -54.00000000
v -76.20000000 -17.40000000 -40.08664995
v -76.20000000 -17.40000000 -53.70000000
v -76.05454273 -17.40000000 -54.00000000
v -76.20000000 -17.70000000 -40.13415135
v -76.19797940 -17.70000000 -54.00000000
v -76.20000000 -17.70000000 -53.99581001
v -76.07414009 -17.70000000 -54.30000000
v -75.99507638 -17.70000000 -54.60000000
v -75.94963244 -17.70000000 -54.90000000
v -75.92336609 -17.70000000 -55.20000000
v -76.20000000 -18.00000000 -40.20000000
v -76.20000000 -17.70497038 -54.00000000
v -76.20000000 -18.00000000 -54.30000000
v -76.11357170 -18.00000000 -54.60000000
v -76.05215566 -18.00000000 -54.90000000
v -76.00418326 -18.00000000 -55.20000000
v -75.95925037 -18.00000000 -55.50000000
v -75.97226039 -18.30000000 -40.20000000
v -76.20000000 -18.30000000 -40.50000000
v -76.20000000 -18.30000000 -54.60000000
v -76.13209377 -18.30000000 -54.90000000
v -76.05333192 -18.30000000 -55.20000000
v -75.97311547 -18.30000000 -55.50000000
v -76.07620103 -18.60000000 -40.50000000
v -76.20000000 -18.60000000 -40.62784482
v -76.20000000 -18.60000000 -54.90000000
v -76.07079441 -18.60000000 -55.20000000
v -75.91580813 -18.60000000 -55.50000000
v -76.20000000 -18.90000000 -40.80000000
v -76.04473707 -18.90000000 -55.20000000
v -76.20000000 -18.90000000 -54.93282948
v -76.11632060 -19.20000000 -40.80000000
v -76.20000000 -19.20000000 -40.83446842
v -76.20000000 -19.20000000 -54.90000000
v -75.95734843 -19.20000000 -55.20000000
v -76.20000000 -19.50000000 -40.86887313
v -76.08469508 -19.50000000 -54.60000000
v -76.20000000 -19.31461650 -54.60000000
v -76.20000000 -19.50000000 -54.32472140
v -75.94902283 -19.50000000 -54.90000000
v -76.20000000 -19.80000000 -40.89631751
v -76.20000000 -19.80000000 -54.00000000
v -75.95354698 -19.80000000 -54.30000000
v -76.20000000 -19.51453475 -54.30000000
v -76.20000000 -20.10000000 -40.90974920
v -76.20000000 -20.10000000 -53.40000000
v -75.95531318 -20.10000000 -53.70000000
v -76.20000000 -19.89949089 -53.70000000
v -76.20000000 -20.40000000 -40.90309028
v -76.20000000 -20.40000000 -52.50000000
v -75.96262575 -20.40000000 -52.80000000
v -76.20000000 -20.24384796 -52.80000000
v -76.20000000 -20.14605172 -53.10000000
v -76.20000000 -20.70000000 -40.87352875
v -76.20000000 -20.70000000 -51.90000000
v -76.20000000 -20.55216725 -52.20000000
v -76.20000000 -21.00000000 -40.81199422
v -75.91859025 -21.00000000 -51.90000000
v -76.20000000 -21.00000000 -51.71876219
v -76.20000000 -21.03402261 -40.80000000
v -76.20000000 -21.30000000 -40.69286251
v -76.20000000 -21.30000000 -51.30000000
v -76.20000000 -21.11709930 -51.60000000
v -76.20000000 -21.60000000 -40.52342034
v -76.20000000 -21.49147573 -50.70000000
v -76.20000000 -21.60000000 -50.40952550
v -76.20000000 -21.39537622 -51.00000000
v -76.20000000 -21.63505875 -40.50000000
v -76.20000000 -21.90000000 -40.20000000
v -76.20000000 -21.90000000 -49.80000000
v -76.20000000 -21.73418672 -50.10000000
v -76.20000000 -21.60352163 -50.40000000
v -76.20000000 -22.20000000 -40.13766989
v -76.20000000 -22.18763335 -49.20000000
v -76.20000000 -22.20000000 -49.18417944
v -76.20000000 -22.01111091 -49.50000000
v -76.20000000 -22.50000000 -40.10428854
v -76.20000000 -22.46182565 -48.90000000
v -76.20000000 -22.50000000 -48.86445925
v -76.20000000 -22.80000000 -40.10897638
v -76.20000000 -22.80000000 -48.60000000
v -76.20000000 -23.10000000 -40.14773407
v -76.20000000 -23.02242402 -48.30000000
v -76.20000000 -23.10000000 -48.18838619
v -76.20000000 -23.40000000 -40.20000000
v -76.20000000 -23.22292994 -48.00000000
v -76.20000000 -23.40000000 -47.70514613
v -76.20000000 -23.66755023 -40.50000000
v -76.20000000 -23.70000000 -40.51846608
v -76.20000000 -23.70000000 -47.10000000
v -76.20000000 -23.55872210 -47.40000000
v -76.20000000 -23.40292088 -47.70000000
v -76.20000000 -24.00000000 -40.60612863
v -76.20000000 -23.97855894 -46.50000000
v -76.20000000 -24.00000000 -46.45123044
v -76.20000000 -23.84204347 -46.80000000
v -76.20000000 -24.30000000 -40.66408686
v -76.20000000 -24.27278286 -45.90000000
v -76.20000000 -24.30000000 -45.85950009
v -76.20000000 -24.11428860 -46.20000000
v -76.20000000 -24.60000000 -40.73483442
v -76.20000000 -24.60000000 -45.60000000
v -76.10509014 -24.90000000 -40.80000000
v -76.20000000 -24.80843973 -40.80000000
v -76.20000000 -24.90000000 -40.83196748
v -76.20000000 -24.76668061 -45.30000000
v -76.20000000 -24.90000000 -45.09592566
v -76.20000000 -25.20000000 -40.98912129
v -75.94980821 -25.20000000 -44.40000000
v -76.20000000 -25.11546569 -44.70000000
v -76.20000000 -25.20000000 -44.51490112
v -76.20000000 -24.95682658 -45.00000000
v -76.20000000 -25.33889996 -41.10000000
v -76.20000000 -25.50000000 -41.27546241
v -75.96396783 -25.50000000 -43.50000000
v -76.20000000 -25.45396793 -43.80000000
v -76.20000000 -25.50000000 -43.64974039
v -76.20000000 -25.36007013 -44.10000000
v -76.20000000 -25.25000385 -44.40000000
v -76.20000000 -25.58587451 -41.40000000
v -76.20000000 -25.71608522 -41.70000000
v -76.20000000 -25.77661417 -42.00000000
v -76.20000000 -25.78314819 -42.30000000
v -76.20000000 -25.75771246 -42.60000000
v -76.20000000 -25.70365286 -42.90000000
v -76.20000000 -25.63095167 -43.20000000
v -76.20000000 -25.54623181 -43.50000000
v -76.50000000 -15.00000000 -40.80000000
v -76.50000000 -14.94966990 -41.10000000
v -76.50000000 -14.90756378 -41.40000000
v -76.50000000 -14.87133639 -41.70000000
v -76.50000000 -14.84802495 -42.00000000
v -76.50000000 -14.83591365 -42.30000000
v -76.50000000 -14.83177778 -42.60000000
v -76.50000000 -14.83486359 -42.90000000
v -76.50000000 -14.84592141 -43.20000000
v -76.50000000 -14.86647104 -43.50000000
v -76.50000000 -14.89798933 -43.80000000
v -76.50000000 -14.94139636 -44.10000000
v -76.50000000 -15.00000000 -44.40000000
v -76.50000000 -15.30000000 -40.20000000
v -76.50000000 -15.17616865 -40.50000000
v -76.50000000 -15.10582793 -44.70000000
v -76.50000000 -15.26434114 -45.00000000
v -76.50000000 -15.30000000 -45.05035110
v -76.50000000 -15.60000000 -40.17714190
v -76.50000000 -15.60000000 -45.30000000
v -76.50000000 -15.90000000 -40.13357677
v -76.50000000 -15.68778417 -45.60000000
v -76.50000000 -15.77574648 -45.90000000
v -76.50000000 -15.85010540 -46.20000000
v -76.41749983 -15.90000000 -46.50000000
v -76.50000000 -15.90000000 -46.42935112
v -76.50000000 -16.20000000 -40.08818813
v -76.50000000 -15.91519849 -46.50000000
v -76.50000000 -15.97474250 -46.80000000
v -76.50000000 -16.03443145 -47.10000000
v -76.50000000 -16.09234780 -47.40000000
v -76.50000000 -16.14798782 -47.70000000
v -76.49637449 -16.20000000 -48.00000000
v -76.50000000 -16.20000000 -47.98903041
v -76.41657107 -16.20000000 -48.30000000
v -76.35388798 -16.20000000 -48.60000000
v -76.29542171 -16.20000000 -48.90000000
v -76.22802628 -16.20000000 -49.20000000
v -76.50000000 -16.50000000 -40.06216533
v -76.50000000 -16.20215800 -48.00000000
v -76.50000000 -16.25941455 -48.30000000
v -76.50000000 -16.32281485 -48.60000000
v -76.50000000 -16.39847957 -48.90000000
v -76.50000000 -16.48970012 -49.20000000
v -76.41740637 -16.50000000 -49.50000000
v -76.50000000 -16.50000000 -49.23078209
v -76.32727408 -16.50000000 -49.80000000
v -76.24928959 -16.50000000 -50.10000000
v -76.20426788 -16.50000000 -50.40000000
v -76.50000000 -16.80000000 -40.05703338
v -76.50000000 -16.59716962 -49.50000000
v -76.50000000 -16.70097022 -49.80000000
v -76.50000000 -16.80000000 -50.10000000
v -76.43210828 -16.80000000 -50.40000000
v -76.38162811 -16.80000000 -50.70000000
v -76.32164303 -16.80000000 -51.00000000
v -76.27411940 -16.80000000 -51.30000000
v -76.25477146 -16.80000000 -51.60000000
v -76.25077596 -16.80000000 -51.90000000
v -76.24061649 -16.80000000 -52.20000000
v -76.21463940 -16.80000000 -52.50000000
v -76.50000000 -17.10000000 -40.07153563
v -76.50000000 -16.90936339 -50.40000000
v -76.50000000 -16.99764096 -50.70000000
v -76.50000000 -17.06498200 -51.00000000
v -76.50000000 -17.09981944 -51.30000000
v -76.50000000 -17.10000000 -51.60000000
v -76.50000000 -17.10000000 -51.90000000
v -76.50000000 -17.10000000 -52.20000000
v -76.40472744 -17.10000000 -52.50000000
v -76.35011205 -17.10000000 -52.80000000
v -76.28339531 -17.10000000 -53.10000000
v -76.50000000 -17.40000000 -40.10907046
v -76.50000000 -17.40000000 -52.50000000
v -76.47761222 -17.40000000 -52.80000000
v -76.43218297 -17.40000000 -53.10000000
v -76.34623893 -17.40000000 -53.40000000
v -76.50000000 -17.70000000 -40.20000000
v -76.50000000 -17.45320099 -52.80000000
v -76.50000000 -17.55759923 -53.10000000
v -76.50000000 -17.70000000 -53.40000000
v -76.34226987 -17.70000000 -53.70000000
v -76.50000000 -18.00000000 -40.50000000
v -76.43289734 -18.00000000 -53.70000000
v -76.50000000 -18.00000000 -53.53527868
v -76.30986617 -18.00000000 -54.00000000
v -76.50000000 -18.30000000 -40.64043237
v -76.48192332 -18.30000000 -53.70000000
v -76.50000000 -18.30000000 -53.64909418
v -76.38130021 -18.30000000 -54.00000000
v -76.28858148 -18.30000000 -54.30000000
v -76.50000000 -18.60000000 -40.80000000
v -76.50000000 -18.60000000 -53.70000000
v -76.41652010 -18.60000000 -54.00000000
v -76.34151553 -18.60000000 -54.30000000
v -76.27194325 -18.60000000 -54.60000000
v -76.50000000 -18.90000000 -40.85956598
v -76.50000000 -18.90000000 -53.70000000
v -76.41985321 -18.90000000 -54.00000000
v -76.35295311 -18.90000000 -54.30000000
v -76.29327991 -18.90000000 -54.60000000
v -76.21492064 -18.90000000 -54.90000000
v -76.50000000 -19.20000000 -40.89185427
v -76.47101138 -19.20000000 -53.70000000
v -76.50000000 -19.20000000 -53.60628681
v -76.38681659 -19.20000000 -54.00000000
v -76.31275228 -19.20000000 -54.30000000
v -76.25178290 -19.20000000 -54.60000000
v -76.50000000 -19.50000000 -40.91109849
v -76.50000000 -19.50000000 -53.40000000
v -76.40215314 -19.50000000 -53.70000000
v -76.31342397 -19.50000000 -54.00000000
v -76.20849190 -19.50000000 -54.30000000
v -76.50000000 -19.80000000 -40.92641935
v -76.45491255 -19.80000000 -53.10000000
v -76.50000000 -19.70451068 -53.10000000
v -76.50000000 -19.80000000 -52.97611090
v -76.36683881 -19.80000000 -53.40000000
v -76.27334804 -19.80000000 -53.70000000
v -76.50000000 -20.10000000 -40.93385145
v -76.34861532 -20.10000000 -52.80000000
v -76.50000000 -19.90019841 -52.80000000
v -76.50000000 -20.10000000 -52.53099563
v -76.24681309 -20.10000000 -53.10000000
v -76.50000000 -20.40000000 -40.92342965
v -76.50000000 -20.40000000 -52.20000000
v -76.50000000 -20.12067236 -52.50000000
v -76.50000000 -20.70000000 -40.88496326
v -76.50000000 -20.56895234 -51.90000000
v -76.50000000 -20.70000000 -51.77781777
v -76.50000000 -21.00000000 -40.80820224
v -76.50000000 -21.00000000 -51.60000000
v -76.50000000 -21.02124168 -40.80000000
v -76.50000000 -21.30000000 -40.68195230
v -76.42337082 -21.30000000 -51.00000000
v -76.50000000 -21.26142775 -51.00000000
v -76.50000000 -21.30000000 -50.88752526
v -76.50000000 -21.15562025 -51.30000000
v -76.50000000 -21.60000000 -40.50000000
v -76.20887717 -21.60000000 -50.40000000
v -76.50000000 -21.47253773 -50.40000000
v -76.50000000 -21.60000000 -50.11970297
v -76.50000000 -21.35859239 -50.70000000
v -76.50000000 -21.90000000 -40.20000000
v -76.50000000 -21.90000000 -49.50000000
v -76.50000000 -21.75676459 -49.80000000
v -76.50000000 -21.60888521 -50.10000000
v -76.50000000 -22.20000000 -40.11216441
v -76.50000000 -22.11592001 -49.20000000
v -76.50000000 -22.20000000 -49.09797132
v -76.50000000 -22.50000000 -40.08863262
v -76.50000000 -22.38189831 -48.90000000
v -76.50000000 -22.50000000 -48.78850788
v -76.50000000 -22.80000000 -40.11163063
v -76.50000000 -22.80000000 -48.60000000
v -76.50000000 -23.10000000 -40.20000000
v -76.50000000 -22.99436090 -48.30000000
v -76.50000000 -23.10000000 -48.15656746
v -76.50000000 -23.40000000 -40.50000000
v -76.50000000 -23.20758579 -48.00000000
v -76.50000000 -23.40000000 -47.70266414
v -76.50000000 -23.70000000 -40.56198252
v -76.50000000 -23.68794703 -47.10000000
v -76.50000000 -23.70000000 -47.07628381
v -76.50000000 -23.54483574 -47.40000000
v -76.50000000 -23.40153637 -47.70000000
v -76.50000000 -24.00000000 -40.62979928
v -76.50000000 -24.00000000 -46.50000000
v -76.50000000 -23.84224314 -46.80000000
v -76.50000000 -24.30000000 -40.69715645
v -76.50000000 -24.30000000 -45.90000000
v -76.50000000 -24.13770240 -46.20000000
v -76.50000000 -24.60000000 -40.78075627
v -76.50000000 -24.60000000 -45.60296663
v -76.50000000 -24.65214739 -40.80000000
v -76.50000000 -24.90000000 -40.89878412
v -76.50000000 -24.83423697 -45.30000000
v -76.50000000 -24.90000000 -45.20070790
v -76.50000000 -24.60267082 -45.60000000
v -76.50000000 -25.20000000 -41.07132322
v -76.50000000 -25.17524634 -44.70000000
v -76.50000000 -25.20000000 -44.64791079
v -76.50000000 -25.01755754 -45.00000000
v -76.50000000 -25.23680120 -41.10000000
v -76.50000000 -25.50000000 -41.36699586
v -76.50000000 -25.50000000 -43.80000000
v -76.50000000 -25.42441253 -44.10000000
v -76.50000000 -25.31236126 -44.40000000
v -76.50000000 -25.52529920 -41.40000000
v -76.50000000 -25.69392709 -41.70000000
v -76.50000000 -25.80000000 -42.00000000
v -76.36078819 -25.80000000 -42.30000000
v -76.50000000 -25.80000000 -42.60000000
v -76.50000000 -25.74480311 -42.90000000
v -76.50000000 -25.67582664 -43.20000000
v -76.50000000 -25.59494415 -43.50000000
v -76.50000000 -25.81411027 -42.30000000
v -76.65401252 -15.00000000 -41.10000000
v -76.80000000 -15.00000000 -41.40000000
v -76.80000000 -14.94477614 -41.70000000
v -76.80000000 -14.92308182 -42.00000000
v -76.80000000 -14.91516849 -42.30000000
v -76.80000000 -14.91275717 -42.60000000
v -76.80000000 -14.91521442 -42.90000000
v -76.80000000 -14.92308229 -43.20000000
v -76.80000000 -14.93775699 -43.50000000
v -76.80000000 -14.96197621 -43.80000000
v -76.80000000 -15.00000000 -44.10000000
v -76.66102213 -15.30000000 -40.50000000
v -76.80000000 -15.17871192 -40.80000000
v -76.80000000 -15.30000000 -40.64310372
v -76.80000000 -15.05159888 -41.10000000
v -76.80000000 -15.06687082 -44.40000000
v -76.80000000 -15.15863857 -44.70000000
v -76.80000000 -15.30000000 -45.00000000
v -76.54552182 -15.60000000 -40.20000000
v -76.80000000 -15.60000000 -40.50000000
v -76.80000000 -15.60000000 -45.30000000
v -76.80000000 -15.88308174 -40.20000000
v -76.80000000 -15.90000000 -40.19150480
v -76.80000000 -15.73569474 -45.60000000
v -76.80000000 -15.82817943 -45.90000000
v -76.80000000 -15.90000000 -46.20000000
v -76.80000000 -16.20000000 -40.08699242
v -76.80000000 -15.97741524 -46.50000000
v -76.80000000 -16.05248371 -46.80000000
v -76.80000000 -16.13070194 -47.10000000
v -76.76732877 -16.20000000 -47.40000000
v -76.80000000 -16.20000000 -47.35233811
v -76.60528121 -16.20000000 -47.70000000
v -76.80000000 -16.50000000 -40.04105026
v -76.80000000 -16.21407612 -47.40000000
v -76.80000000 -16.30197187 -47.70000000
v -76.80000000 -16.39104349 -48.00000000
v -76.80000000 -16.48492255 -48.30000000
v -76.70124098 -16.50000000 -48.60000000
v -76.80000000 -16.50000000 -48.34606473
v -76.60094325 -16.50000000 -48.90000000
v -76.50936508 -16.50000000 -49.20000000
v -76.80000000 -16.80000000 -40.03765585
v -76.80000000 -16.59657573 -48.60000000
v -76.80000000 -16.72183552 -48.90000000
v -76.75469520 -16.80000000 -49.20000000
v -76.80000000 -16.80000000 -49.07696324
v -76.66105490 -16.80000000 -49.50000000
v -76.57836119 -16.80000000 -49.80000000
v -76.80000000 -17.10000000 -40.06954896
v -76.80000000 -16.86559883 -49.20000000
v -76.80000000 -17.00571749 -49.50000000
v -76.80000000 -17.10000000 -49.80000000
v -76.67769004 -17.10000000 -50.10000000
v -76.60515261 -17.10000000 -50.40000000
v -76.55632753 -17.10000000 -50.70000000
v -76.52091246 -17.10000000 -51.00000000
v -76.50011618 -17.10000000 -51.30000000
v -76.80000000 -17.40000000 -40.12857570
v -76.80000000 -17.40000000 -50.10000000
v -76.75253016 -17.40000000 -50.40000000
v -76.71446882 -17.40000000 -50.70000000
v -76.68449304 -17.40000000 -51.00000000
v -76.66145862 -17.40000000 -51.30000000
v -76.64309336 -17.40000000 -51.60000000
v -76.62179644 -17.40000000 -51.90000000
v -76.58326083 -17.40000000 -52.20000000
v -76.80000000 -17.70000000 -40.20000000
v -76.80000000 -17.49557640 -50.40000000
v -76.80000000 -17.56703027 -50.70000000
v -76.80000000 -17.62940951 -51.00000000
v -76.80000000 -17.70000000 -51.30000000
v -76.76016483 -17.70000000 -51.60000000
v -76.71880665 -17.70000000 -51.90000000
v -76.68229757 -17.70000000 -52.20000000
v -76.64021420 -17.70000000 -52.50000000
v -76.60106065 -17.70000000 -52.80000000
v -76.55608116 -17.70000000 -53.10000000
v -76.80000000 -17.95693060 -40.50000000
v -76.80000000 -18.00000000 -40.52571160
v -76.80000000 -17.80899909 -51.60000000
v -76.80000000 -18.00000000 -51.90000000
v -76.78174270 -18.00000000 -52.20000000
v -76.75383562 -18.00000000 -52.50000000
v -76.70917973 -18.00000000 -52.80000000
v -76.63929878 -18.00000000 -53.10000000
v -76.55183483 -18.00000000 -53.40000000
v -76.80000000 -18.30000000 -40.66908514
v -76.80000000 -18.05520362 -52.20000000
v -76.80000000 -18.15475847 -52.50000000
v -76.80000000 -18.30000000 -52.80000000
v -76.69385490 -18.30000000 -53.10000000
v -76.58811630 -18.30000000 -53.40000000
v -76.80000000 -18.60000000 -40.80000000
v -76.70971269 -18.60000000 -53.10000000
v -76.80000000 -18.60000000 -52.83373595
v -76.60288512 -18.60000000 -53.40000000
v -76.80000000 -18.90000000 -40.85616821
v -76.80000000 -18.90000000 -52.80000000
v -76.69617884 -18.90000000 -53.10000000
v -76.59421911 -18.90000000 -53.40000000
v -76.80000000 -19.20000000 -40.89477098
v -76.76216452 -19.20000000 -52.80000000
v -76.80000000 -19.20000000 -52.70279573
v -76.65605697 -19.20000000 -53.10000000
v -76.56102629 -19.20000000 -53.40000000
v -76.80000000 -19.50000000 -40.92070772
v -76.68626250 -19.50000000 -52.80000000
v -76.80000000 -19.50000000 -52.53037927
v -76.58226313 -19.50000000 -53.10000000
v -76.80000000 -19.80000000 -40.93826851
v -76.69353310 -19.80000000 -52.50000000
v -76.80000000 -19.53564564 -52.50000000
v -76.80000000 -19.80000000 -52.29236706
v -76.56062098 -19.80000000 -52.80000000
v -76.80000000 -20.10000000 -40.94387036
v -76.68873832 -20.10000000 -52.20000000
v -76.80000000 -19.89543614 -52.20000000
v -76.80000000 -20.10000000 -51.99532235
v -76.51581216 -20.10000000 -52.50000000
v -76.80000000 -20.40000000 -40.92905154
v -76.65610307 -20.40000000 -51.90000000
v -76.80000000 -20.18857774 -51.90000000
v -76.80000000 -20.40000000 -51.68801825
v -76.80000000 -20.70000000 -40.88452007
v -76.68622961 -20.70000000 -51.60000000
v -76.80000000 -20.50707532 -51.60000000
v -76.80000000 -20.70000000 -51.46063909
v -76.80000000 -21.00000000 -40.80207166
v -76.80000000 -21.00000000 -51.30000000
v -76.80000000 -21.00515115 -40.80000000
v -76.80000000 -21.30000000 -40.67274699
v -76.80000000 -21.30000000 -50.40000000
v -76.59672849 -21.30000000 -50.70000000
v -76.80000000 -21.14024410 -50.70000000
v -76.80000000 -21.04296693 -51.00000000
v -76.80000000 -21.60000000 -40.50000000
v -76.80000000 -21.60000000 -49.80000000
v -76.51683783 -21.60000000 -50.10000000
v -76.80000000 -21.43095032 -50.10000000
v -76.80000000 -21.90000000 -40.20000000
v -76.80000000 -21.77474419 -49.50000000
v -76.80000000 -21.90000000 -49.32732840
v -76.80000000 -22.20000000 -40.10414261
v -76.80000000 -21.99749014 -49.20000000
v -76.80000000 -22.20000000 -48.96399641
v -76.80000000 -22.50000000 -40.07753313
v -76.80000000 -22.50000000 -48.60000000
v -76.80000000 -22.25673537 -48.90000000
v -76.80000000 -22.80000000 -40.10440746
v -76.80000000 -22.80000000 -48.42263642
v -76.80000000 -23.10000000 -40.20000000
v -76.80000000 -22.92237092 -48.30000000
v -76.80000000 -23.10000000 -48.09763258
v -76.80000000 -23.40000000 -40.50000000
v -76.80000000 -23.40000000 -47.70000000
v -76.80000000 -23.17441822 -48.00000000
v -76.80000000 -23.70000000 -40.55969433
v -76.80000000 -23.65082511 -47.10000000
v -76.80000000 -23.70000000 -47.01360660
v -76.80000000 -23.50202980 -47.40000000
v -76.80000000 -24.00000000 -40.62157918
v -76.80000000 -24.00000000 -46.50000000
v -76.80000000 -23.82396454 -46.80000000
v -76.80000000 -24.30000000 -40.70091013
v -76.80000000 -24.30000000 -45.90000000
v -76.80000000 -24.14529315 -46.20000000
v -76.80000000 -24.60000000 -40.79971242
v -76.80000000 -24.60000000 -45.60782470
v -76.80000000 -24.60070419 -40.80000000
v -76.80000000 -24.90000000 -40.92790142
v -76.80000000 -24.90000000 -45.30000000
v -76.80000000 -24.60766231 -45.60000000
v -76.80000000 -25.20000000 -41.10000000
v -76.65132345 -25.20000000 -44.70000000
v -76.80000000 -25.06643884 -45.00000000
v -76.80000000 -25.20000000 -44.74633751
v -76.80000000 -25.50000000 -41.40000000
v -76.80000000 -25.50000000 -44.10000000
v -76.80000000 -25.36580962 -44.40000000
v -76.80000000 -25.22365609 -44.70000000
v -76.80000000 -25.68217188 -41.70000000
v -76.80000000 -25.80000000 -42.00000000
v -76.80000000 -25.76108292 -42.90000000
v -76.80000000 -25.80000000 -42.62321058
v -76.80000000 -25.70262139 -43.20000000
v -76.80000000 -25.63429933 -43.50000000
v -76.80000000 -25.56356447 -43.80000000
v -76.80000000 -25.81906032 -42.30000000
v -76.80000000 -25.80326662 -42.60000000
v -77.10000000 -15.00000000 -41.70000000
v -77.10000000 -15.00000000 -42.00000000
v -77.10000000 -15.00000000 -42.30000000
v -77.09838901 -15.00000000 -42.60000000
v -77.08020129 -15.00000000 -42.90000000
v -77.05532640 -15.00000000 -43.20000000
v -77.01916948 -15.00000000 -43.50000000
v -76.94592679 -15.00000000 -43.80000000
v -77.10000000 -15.27658584 -40.80000000
v -77.10000000 -15.30000000 -40.77094229
v -77.10000000 -15.12417180 -41.10000000
v -77.10000000 -15.05004847 -41.40000000
v -77.10000000 -15.00048991 -42.60000000
v -77.10000000 -15.00630792 -42.90000000
v -77.10000000 -15.01424422 -43.20000000
v -77.10000000 -15.02417318 -43.50000000
v -77.10000000 -15.04186397 -43.80000000
v -77.10000000 -15.08001816 -44.10000000
v -77.10000000 -15.15497540 -44.40000000
v -77.10000000 -15.24729868 -44.70000000
v -77.10000000 -15.30000000 -45.00000000
v -77.10000000 -15.60000000 -40.50000000
v -77.10000000 -15.60000000 -45.25146090
v -77.10000000 -15.90000000 -40.20000000
v -77.10000000 -15.63254481 -45.30000000
v -77.10000000 -15.79384334 -45.60000000
v -77.10000000 -15.90000000 -45.90000000
v -77.10000000 -16.20000000 -40.05633955
v -77.10000000 -15.97313106 -46.20000000
v -77.10000000 -16.04867329 -46.50000000
v -77.10000000 -16.13429956 -46.80000000
v -77.00209884 -16.20000000 -47.10000000
v -77.10000000 -16.20000000 -46.99856218
v -77.10000000 -16.50000000 -39.98966225
v -77.10000000 -16.23638548 -47.10000000
v -77.10000000 -16.35002577 -47.40000000
v -77.10000000 -16.46488719 -47.70000000
v -76.96974895 -16.50000000 -48.00000000
v -77.10000000 -16.50000000 -47.79050440
v -76.82021513 -16.50000000 -48.30000000
v -77.10000000 -16.80000000 -39.99519155
v -77.10000000 -16.59125225 -48.00000000
v -77.10000000 -16.72686725 -48.30000000
v -77.01363530 -16.80000000 -48.60000000
v -77.10000000 -16.80000000 -48.44619037
v -76.87032768 -16.80000000 -48.90000000
v -77.10000000 -17.10000000 -40.04751976
v -77.10000000 -16.90035314 -48.60000000
v -77.10000000 -17.10000000 -48.90000000
v -76.95233305 -17.10000000 -49.20000000
v -76.85634668 -17.10000000 -49.50000000
v -77.10000000 -17.40000000 -40.14427805
v -77.09313022 -17.40000000 -49.20000000
v -77.10000000 -17.40000000 -49.18436661
v -76.98599152 -17.40000000 -49.50000000
v -76.89804614 -17.40000000 -49.80000000
v -77.10000000 -17.52042225 -40.20000000
v -77.10000000 -17.70000000 -40.50000000
v -77.10000000 -17.41966346 -49.20000000
v -77.09200112 -17.70000000 -49.50000000
v -77.10000000 -17.70000000 -49.47567684
v -77.01034299 -17.70000000 -49.80000000
v -76.94528689 -17.70000000 -50.10000000
v -76.90083030 -17.70000000 -50.40000000
v -76.86680006 -17.70000000 -50.70000000
v -76.83486634 -17.70000000 -51.00000000
v -77.10000000 -18.00000000 -40.50063179
v -77.10000000 -17.72393735 -49.50000000
v -77.10000000 -17.93072881 -49.80000000
v -77.08277803 -18.00000000 -50.10000000
v -77.10000000 -18.00000000 -49.98254843
v -77.04927871 -18.00000000 -50.40000000
v -77.01519674 -18.00000000 -50.70000000
v -76.97477345 -18.00000000 -51.00000000
v -76.92863305 -18.00000000 -51.30000000
v -76.87140064 -18.00000000 -51.60000000
v -77.10000000 -18.30000000 -40.61179336
v -77.10000000 -18.03638720 -50.10000000
v -77.10000000 -18.09943691 -50.40000000
v -77.10000000 -18.17386801 -50.70000000
v -77.10000000 -18.30000000 -51.00000000
v -77.04613172 -18.30000000 -51.30000000
v -76.98656889 -18.30000000 -51.60000000
v -76.92713685 -18.30000000 -51.90000000
v -76.88124879 -18.30000000 -52.20000000
v -76.84136675 -18.30000000 -52.50000000
v -77.10000000 -18.60000000 -40.73443744
v -77.10000000 -18.46249361 -51.30000000
v -77.08436568 -18.60000000 -51.60000000
v -77.10000000 -18.60000000 -51.52203643
v -77.02489833 -18.60000000 -51.90000000
v -76.95731170 -18.60000000 -52.20000000
v -76.88797379 -18.60000000 -52.50000000
v -76.81113266 -18.60000000 -52.80000000
v -77.10000000 -18.84913043 -40.80000000
v -77.10000000 -18.90000000 -40.81210408
v -77.10000000 -18.66848979 -51.60000000
v -77.10000000 -18.90000000 -51.90000000
v -77.00048989 -18.90000000 -52.20000000
v -76.90137551 -18.90000000 -52.50000000
v -77.10000000 -19.20000000 -40.86125797
v -76.99915084 -19.20000000 -52.20000000
v -77.10000000 -19.20000000 -51.92879742
v -76.87865514 -19.20000000 -52.50000000
v -77.10000000 -19.50000000 -40.90346979
v -77.10000000 -19.50000000 -51.90000000
v -76.95094572 -19.50000000 -52.20000000
v -76.81278526 -19.50000000 -52.50000000
v -77.10000000 -19.80000000 -40.93171933
v -77.10000000 -19.80000000 -51.60000000
v -76.98552462 -19.80000000 -51.90000000
v -76.84507775 -19.80000000 -52.20000000
v -77.10000000 -20.10000000 -40.94086178
v -77.10000000 -20.10000000 -51.30000000
v -76.98118865 -20.10000000 -51.60000000
v -76.84676002 -20.10000000 -51.90000000
v -77.10000000 -20.40000000 -40.92555302
v -77.10000000 -20.40000000 -51.00000000
v -76.99038460 -20.40000000 -51.30000000
v -76.84783519 -20.40000000 -51.60000000
v -77.10000000 -20.70000000 -40.88031110
v -77.10000000 -20.70000000 -50.70000000
v -76.99655139 -20.70000000 -51.00000000
v -76.89066986 -20.70000000 -51.30000000
v -77.10000000 -21.00000000 -40.80000000
v -77.10000000 -21.00000000 -50.40000000
v -76.92933150 -21.00000000 -50.70000000
v -76.83870188 -21.00000000 -51.00000000
v -77.10000000 -21.30000000 -40.66897745
v -76.97615234 -21.30000000 -50.10000000
v -77.10000000 -21.18219748 -50.10000000
v -77.10000000 -21.30000000 -49.93026905
v -77.10000000 -21.60000000 -40.50000000
v -77.09558092 -21.60000000 -49.50000000
v -77.10000000 -21.59684898 -49.50000000
v -77.10000000 -21.60000000 -49.49642245
v -77.10000000 -21.38004146 -49.80000000
v -77.10000000 -21.90000000 -40.20000000
v -76.99436066 -21.90000000 -49.20000000
v -77.10000000 -21.84352244 -49.20000000
v -77.10000000 -21.90000000 -49.13607386
v -77.10000000 -22.20000000 -40.10181571
v -76.93357714 -22.20000000 -48.90000000
v -77.10000000 -22.12228211 -48.90000000
v -77.10000000 -22.20000000 -48.83208614
v -77.10000000 -22.50000000 -40.07213612
v -77.10000000 -22.46869844 -48.60000000
v -77.10000000 -22.50000000 -48.57610889
v -77.10000000 -22.80000000 -40.08852294
v -77.10000000 -22.80000000 -48.35036610
v -77.10000000 -23.10000000 -40.13794816
v -77.10000000 -22.85472862 -48.30000000
v -77.10000000 -23.10000000 -48.02695306
v -77.10000000 -23.40000000 -40.20000000
v -77.10000000 -23.40000000 -47.40000000
v -77.10000000 -23.29545853 -47.70000000
v -77.10000000 -23.12006484 -48.00000000
v -77.10000000 -23.70000000 -40.50000000
v -77.10000000 -23.59255015 -47.10000000
v -77.10000000 -23.70000000 -46.92475162
v -77.10000000 -24.00000000 -40.58055565
v -77.10000000 -24.00000000 -46.50000000
v -77.10000000 -23.78051827 -46.80000000
v -77.10000000 -24.30000000 -40.68186332
v -77.10000000 -24.30000000 -45.90000000
v -77.10000000 -24.14138123 -46.20000000
v -77.10000000 -24.60000000 -40.79567896
v -77.10000000 -24.60000000 -45.61450481
v -77.10000000 -24.60978510 -40.80000000
v -77.10000000 -24.90000000 -40.93101962
v -77.10000000 -24.90000000 -45.30000000
v -77.10000000 -24.61459012 -45.60000000
v -77.10000000 -25.20000000 -41.10000000
v -77.10000000 -25.08952792 -45.00000000
v -77.10000000 -25.20000000 -44.79772766
v -77.10000000 -25.50000000 -41.40000000
v -77.10000000 -25.39131822 -44.40000000
v -77.10000000 -25.50000000 -44.12332103
v -77.10000000 -25.25104602 -44.70000000
v -77.10000000 -25.67292863 -41.70000000
v -77.10000000 -25.80000000 -42.00000000
v -77.10000000 -25.80000000 -42.30000000
v -76.85869922 -25.80000000 -42.60000000
v -77.10000000 -25.78677326 -42.60000000
v -77.10000000 -25.75566649 -42.90000000
v -77.10000000 -25.70956675 -43.20000000
v -77.10000000 -25.65332295 -43.50000000
v -77.10000000 -25.58890219 -43.80000000
v -77.10000000 -25.50865169 -44.10000000
v -77.40000000 -15.29811775 -40.80000000
v -77.40000000 -15.30000000 -40.79744616
v -77.40000000 -15.18340393 -41.10000000
v -77.40000000 -15.12608856 -41.40000000
v -77.40000000 -15.08896234 -41.70000000
v -77.40000000 -15.07491296 -42.00000000
v -77.40000000 -15.07852028 -42.30000000
v -77.40000000 -15.09587361 -42.60000000
v -77.40000000 -15.11832636 -42.90000000
v -77.40000000 -15.13401380 -43.20000000
v -77.40000000 -15.14013204 -43.50000000
v -77.40000000 -15.14622326 -43.80000000
v -77.40000000 -15.16898665 -44.10000000
v -77.40000000 -15.24598555 -44.40000000
v -77.19356721 -15.30000000 -44.70000000
v -77.40000000 -15.30000000 -44.49665202
v -77.40000000 -15.60000000 -40.50000000
v -77.40000000 -15.60000000 -44.70000000
v -77.34403258 -15.60000000 -45.00000000
v -77.40000000 -15.89512484 -40.20000000
v -77.40000000 -15.90000000 -40.19567451
v -77.40000000 -15.63902213 -45.00000000
v -77.40000000 -15.75531573 -45.30000000
v -77.40000000 -15.90000000 -45.60000000
v -77.40000000 -16.20000000 -40.00760729
v -77.40000000 -15.99584210 -45.90000000
v -77.40000000 -16.06141016 -46.20000000
v -77.40000000 -16.12310217 -46.50000000
v -77.32189180 -16.20000000 -46.80000000
v -77.40000000 -16.20000000 -46.73147833
v -77.40000000 -16.50000000 -39.90000000
v -77.40000000 -16.22656382 -46.80000000
v -77.40000000 -16.35774960 -47.10000000
v -77.40000000 -16.50000000 -47.40000000
v -77.16405671 -16.50000000 -47.70000000
v -77.40000000 -16.80000000 -39.93872473
v -77.40000000 -16.63717211 -47.70000000
v -77.40000000 -16.80000000 -48.00000000
v -77.20036882 -16.80000000 -48.30000000
v -77.40000000 -17.10000000 -39.99970932
v -77.40000000 -16.95592853 -48.30000000
v -77.27328373 -17.10000000 -48.60000000
v -77.40000000 -17.10000000 -48.46367573
v -77.40000000 -17.40000000 -40.08294600
v -77.40000000 -17.40000000 -48.60000000
v -77.23680244 -17.40000000 -48.90000000
v -77.31780389 -17.70000000 -40.20000000
v -77.40000000 -17.70000000 -40.16945414
v -77.34691538 -17.70000000 -48.90000000
v -77.40000000 -17.70000000 -48.83114560
v -77.19749764 -17.70000000 -49.20000000
v -77.40000000 -18.00000000 -40.20000000
v -77.10127369 -18.00000000 -40.50000000
v -77.40000000 -18.00000000 -48.90000000
v -77.28741253 -18.00000000 -49.20000000
v -77.19542152 -18.00000000 -49.50000000
v -77.12759246 -18.00000000 -49.80000000
v -77.40000000 -18.25283329 -40.50000000
v -77.40000000 -18.30000000 -40.52884562
v -77.40000000 -18.30000000 -49.20000000
v -77.29885197 -18.30000000 -49.50000000
v -77.25188536 -18.30000000 -49.80000000
v -77.22953915 -18.30000000 -50.10000000
v -77.20858570 -18.30000000 -50.40000000
v -77.16553064 -18.30000000 -50.70000000
v -77.40000000 -18.60000000 -40.67481510
v -77.40000000 -18.60000000 -49.50000000
v -77.40000000 -18.60000000 -49.80000000
v -77.40000000 -18.60000000 -50.10000000
v -77.39651483 -18.60000000 -50.40000000
v -77.31214757 -18.60000000 -50.70000000
v -77.21919697 -18.60000000 -51.00000000
v -77.14555934 -18.60000000 -51.30000000
v -77.16524960 -18.90000000 -40.80000000
v -77.40000000 -18.90000000 -40.75723864
v -77.40000000 -18.60534868 -50.40000000
v -77.40000000 -18.90000000 -50.70000000
v -77.28285414 -18.90000000 -51.00000000
v -77.20708022 -18.90000000 -51.30000000
v -77.15080537 -18.90000000 -51.60000000
v -77.40000000 -19.20000000 -40.80000000
v -77.40000000 -19.20000000 -50.70000000
v -77.29687383 -19.20000000 -51.00000000
v -77.22937412 -19.20000000 -51.30000000
v -77.17432550 -19.20000000 -51.60000000
v -77.10979093 -19.20000000 -51.90000000
v -77.40000000 -19.50000000 -40.86965465
v -77.40000000 -19.50000000 -50.70000000
v -77.29107035 -19.50000000 -51.00000000
v -77.21847501 -19.50000000 -51.30000000
v -77.15963641 -19.50000000 -51.60000000
v -77.40000000 -19.80000000 -40.91139131
v -77.40000000 -19.80000000 -50.70000000
v -77.26952294 -19.80000000 -51.00000000
v -77.17707212 -19.80000000 -51.30000000
v -77.40000000 -20.10000000 -40.92703395
v -77.37845944 -20.10000000 -50.70000000
v -77.40000000 -20.10000000 -50.67033621
v -77.21416926 -20.10000000 -51.00000000
v -77.40000000 -20.40000000 -40.91533220
v -77.40000000 -20.40000000 -50.40000000
v -77.25491938 -20.40000000 -50.70000000
v -77.40000000 -20.70000000 -40.87396871
v -77.40000000 -20.70000000 -50.10000000
v -77.25317718 -20.70000000 -50.40000000
v -77.40000000 -21.00000000 -40.80000000
v -77.26906004 -21.00000000 -50.10000000
v -77.40000000 -21.00000000 -49.96061631
v -77.40000000 -21.30000000 -40.67164547
v -77.40000000 -21.30000000 -49.50000000
v -77.20351513 -21.30000000 -49.80000000
v -77.40000000 -21.14595843 -49.80000000
v -77.40000000 -21.60000000 -40.50000000
v -77.40000000 -21.60000000 -49.29763567
v -77.40000000 -21.90000000 -40.20000000
v -77.40000000 -21.90000000 -48.90000000
v -77.40000000 -21.69128549 -49.20000000
v -77.40000000 -22.20000000 -40.10414935
v -77.40000000 -22.20000000 -48.71838088
v -77.40000000 -22.50000000 -40.07017148
v -77.40000000 -22.38291668 -48.60000000
v -77.40000000 -22.50000000 -48.52588897
v -77.40000000 -22.80000000 -40.07006298
v -77.40000000 -22.80000000 -48.32013033
v -77.40000000 -23.10000000 -40.09199881
v -77.21216601 -23.10000000 -48.00000000
v -77.40000000 -23.06363094 -48.00000000
v -77.40000000 -23.10000000 -47.94330147
v -77.40000000 -22.82173920 -48.30000000
v -77.40000000 -23.40000000 -40.13101700
v -77.40000000 -23.37688034 -47.40000000
v -77.40000000 -23.40000000 -47.35603913
v -77.40000000 -23.23384778 -47.70000000
v -77.40000000 -23.70000000 -40.20000000
v -77.40000000 -23.70000000 -46.80000000
v -77.40000000 -23.53895891 -47.10000000
v -77.40000000 -23.97694359 -40.50000000
v -77.40000000 -24.00000000 -40.51458330
v -77.40000000 -23.93337175 -46.50000000
v -77.40000000 -24.00000000 -46.39780159
v -77.40000000 -24.30000000 -40.64826936
v -77.40000000 -24.30000000 -45.90000000
v -77.40000000 -24.12058878 -46.20000000
v -77.40000000 -24.60000000 -40.77553538
v -77.40000000 -24.60000000 -45.62168386
v -77.40000000 -24.65064347 -40.80000000
v -77.40000000 -24.90000000 -40.92158325
v -77.40000000 -24.90000000 -45.30000000
v -77.40000000 -24.62185140 -45.60000000
v -77.40000000 -25.20000000 -41.10000000
v -77.40000000 -25.09020686 -45.00000000
v -77.40000000 -25.20000000 -44.80032180
v -77.40000000 -25.50000000 -41.40000000
v -77.40000000 -25.39256220 -44.40000000
v -77.40000000 -25.50000000 -44.12533020
v -77.40000000 -25.25246561 -44.70000000
v -77.40000000 -25.65120851 -41.70000000
v -77.40000000 -25.74149396 -42.00000000
v -77.40000000 -25.76711197 -42.30000000
v -77.40000000 -25.75944344 -42.60000000
v -77.40000000 -25.73511522 -42.90000000
v -77.40000000 -25.69725342 -43.20000000
v -77.40000000 -25.64845450 -43.50000000
v -77.40000000 -25.58849997 -43.80000000
v -77.40000000 -25.50933969 -44.10000000
v -77.70000000 -15.30000000 -40.80000000
v -77.70000000 -15.29200486 -41.10000000
v -77.70000000 -15.25710745 -41.40000000
v -77.70000000 -15.19194374 -41.70000000
v -77.70000000 -15.16629180 -42.00000000
v -77.70000000 -15.16893564 -42.30000000
v -77.70000000 -15.19924730 -42.60000000
v -77.70000000 -15.26771124 -42.90000000
v -77.70000000 -15.30000000 -43.20000000
v -77.70000000 -15.30000000 -43.50000000
v -77.70000000 -15.30000000 -43.80000000
v -77.70000000 -15.30000000 -44.10000000
v -77.70000000 -15.30000000 -44.40000000
v -77.70000000 -15.60000000 -40.58074670
v -77.70000000 -15.60000000 -44.60299969
v -77.70000000 -15.90000000 -40.20000000
v -77.70000000 -15.67424817 -40.50000000
v -77.70000000 -15.67675280 -44.70000000
v -77.70000000 -15.81450506 -45.00000000
v -77.70000000 -15.90000000 -45.30000000
v -77.70000000 -16.20000000 -39.95810760
v -77.70000000 -16.05921519 -45.60000000
v -77.70000000 -16.15041456 -45.90000000
v -77.70000000 -16.18951409 -46.20000000
v -77.70000000 -16.20000000 -46.50000000
v -77.70000000 -16.38147587 -39.90000000
v -77.70000000 -16.50000000 -39.87272330
v -77.70000000 -16.37280777 -46.80000000
v -77.70000000 -16.50000000 -47.10000000
v -77.70000000 -16.80000000 -39.90000000
v -77.70000000 -16.80000000 -47.70000000
v -77.70000000 -17.10000000 -39.93172150
v -77.70000000 -16.98746387 -48.00000000
v -77.70000000 -17.10000000 -48.30000000
v -77.70000000 -17.40000000 -39.98934484
v -77.70000000 -17.40000000 -48.39201172
v -77.70000000 -17.70000000 -40.07415883
v -77.70000000 -17.70000000 -48.60000000
v -77.70000000 -18.00000000 -40.20000000
v -77.70000000 -18.00000000 -48.68218098
v -77.70000000 -18.30000000 -40.50000000
v -77.70000000 -18.30000000 -48.90000000
v -77.70000000 -18.60000000 -40.63070020
v -77.70000000 -18.60000000 -49.20000000
v -77.70000000 -18.90000000 -40.71230842
v -77.70000000 -18.88095719 -49.50000000
v -77.70000000 -18.90000000 -49.80000000
v -77.70000000 -18.90000000 -50.10000000
v -77.70000000 -18.90000000 -50.40000000
v -77.70000000 -19.20000000 -40.77494397
v -77.70000000 -19.20000000 -50.40000000
v -77.70000000 -19.32023658 -40.80000000
v -77.70000000 -19.50000000 -40.83700726
v -77.70000000 -19.50000000 -50.40000000
v -77.70000000 -19.80000000 -40.88368969
v -77.70000000 -19.80000000 -50.40000000
v -77.70000000 -20.10000000 -40.90615436
v -77.70000000 -20.10000000 -50.40000000
v -77.70000000 -20.40000000 -40.90068826
v -77.70000000 -20.40000000 -50.10000000
v -77.70000000 -20.70000000 -40.86585151
v -77.70000000 -20.70000000 -49.86878622
v -77.70000000 -21.00000000 -40.80000000
v -77.70000000 -21.00000000 -49.80000000
v -77.70000000 -21.30000000 -40.68448788
v -77.70000000 -21.12733373 -49.50000000
v -77.70000000 -21.30000000 -49.33928877
v -77.70000000 -21.60000000 -40.51956695
v -77.70000000 -21.60000000 -49.20000000
v -77.70000000 -21.62810124 -40.50000000
v -77.70000000 -21.90000000 -40.20000000
v -77.70000000 -21.76068090 -48.90000000
v -77.70000000 -21.90000000 -48.76810102
v -77.70000000 -22.20000000 -40.12577145
v -77.70000000 -22.20000000 -48.60000000
v -77.70000000 -22.50000000 -40.07652935
v -77.70000000 -22.50000000 -48.42079698
v -77.70000000 -22.80000000 -40.05906555
v -77.70000000 -22.80000000 -48.30000000
v -77.70000000 -23.10000000 -40.06740500
v -77.70000000 -22.98601776 -48.00000000
v -77.70000000 -23.10000000 -47.83336723
v -77.70000000 -23.40000000 -40.10032888
v -77.70000000 -23.32636547 -47.40000000
v -77.70000000 -23.40000000 -47.26220933
v -77.70000000 -23.17679311 -47.70000000
v -77.70000000 -23.70000000 -40.18175009
v -77.70000000 -23.66570260 -46.80000000
v -77.70000000 -23.70000000 -46.75142446
v -77.70000000 -23.48585314 -47.10000000
v -77.70000000 -23.73274484 -40.20000000
v -77.70000000 -24.00000000 -40.50000000
v -77.70000000 -23.88180115 -46.50000000
v -77.70000000 -24.00000000 -46.33359293
v -77.70000000 -24.30000000 -40.60175992
v -77.70000000 -24.30000000 -45.90000000
v -77.70000000 -24.09255130 -46.20000000
v -77.70000000 -24.60000000 -40.74618106
v -77.70000000 -24.60000000 -45.62532608
v -77.70000000 -24.69867104 -40.80000000
v -77.70000000 -24.90000000 -40.90824259
v -77.70000000 -24.90000000 -45.30000000
v -77.70000000 -24.62498307 -45.60000000
v -77.70000000 -25.20000000 -41.10000000
v -77.70000000 -25.06464786 -45.00000000
v -77.70000000 -25.20000000 -44.74768791
v -77.70000000 -25.50000000 -41.40000000
v -77.70000000 -25.50000000 -44.10000000
v -77.70000000 -25.36629402 -44.40000000
v -77.70000000 -25.22442618 -44.70000000
v -77.70000000 -25.62897431 -41.70000000
v -77.70000000 -25.69795280 -42.00000000
v -77.70000000 -25.72522794 -42.30000000
v -77.70000000 -25.72332252 -42.60000000
v -77.70000000 -25.70270613 -42.90000000
v -77.70000000 -25.66765256 -43.20000000
v -77.70000000 -25.62048330 -43.50000000
v -77.70000000 -25.56323562 -43.80000000
v -77.71116134 -15.30000000 -41.10000000
v -77.76462441 -15.30000000 -41.40000000
v -78.00000000 -15.30000000 -41.70000000
v -78.00000000 -15.30000000 -42.00000000
v -78.00000000 -15.30000000 -42.30000000
v -78.00000000 -15.30000000 -42.60000000
v -77.74815960 -15.30000000 -42.90000000
v -77.91089695 -15.60000000 -40.80000000
v -77.99860473 -15.60000000 -41.10000000
v -78.00000000 -15.60000000 -41.40000000
v -78.00000000 -15.60000000 -42.90000000
v -78.00000000 -15.60000000 -43.20000000
v -78.00000000 -15.60000000 -43.50000000
v -77.99204877 -15.60000000 -43.80000000
v -77.95763850 -15.60000000 -44.10000000
v -77.86288093 -15.60000000 -44.40000000
v -78.00000000 -15.90000000 -40.50000000
v -78.00000000 -15.68675923 -40.80000000
v -78.00000000 -15.60136773 -41.10000000
v -78.00000000 -15.60922280 -43.80000000
v -78.00000000 -15.65465212 -44.10000000
v -78.00000000 -15.76169847 -44.40000000
v -78.00000000 -15.90000000 -44.70000000
v -77.81478203 -15.90000000 -45.00000000
v -78.00000000 -16.01703255 -40.20000000
v -78.00000000 -16.20000000 -39.90000000
v -78.00000000 -16.06441457 -45.00000000
v -78.00000000 -16.19974886 -45.30000000
v -77.86892796 -16.20000000 -45.60000000
v -78.00000000 -16.20000000 -45.30060887
v -77.76642529 -16.20000000 -45.90000000
v -77.71500350 -16.20000000 -46.20000000
v -78.00000000 -16.50000000 -39.84893196
v -78.00000000 -16.32728920 -45.60000000
v -78.00000000 -16.41628052 -45.90000000
v -78.00000000 -16.46626377 -46.20000000
v -78.00000000 -16.50000000 -46.50000000
v -77.85056377 -16.50000000 -46.80000000
v -78.00000000 -16.80000000 -39.84720235
v -78.00000000 -16.67888380 -46.80000000
v -78.00000000 -16.80000000 -47.10000000
v -77.83330014 -17.10000000 -39.90000000
v -78.00000000 -17.10000000 -39.86312366
v -78.00000000 -17.00454557 -47.40000000
v -78.00000000 -17.10000000 -47.70000000
v -77.80696553 -17.10000000 -48.00000000
v -78.00000000 -17.40000000 -39.90000000
v -77.94789928 -17.40000000 -48.00000000
v -78.00000000 -17.40000000 -47.88967934
v -77.77576703 -17.40000000 -48.30000000
v -78.00000000 -17.70000000 -40.00553931
v -78.00000000 -17.57465451 -48.00000000
v -77.87643689 -17.70000000 -48.30000000
v -78.00000000 -17.70000000 -48.06951228
v -78.00000000 -18.00000000 -40.16318279
v -77.96853232 -18.00000000 -48.30000000
v -78.00000000 -18.00000000 -48.23992542
v -77.77139890 -18.00000000 -48.60000000
v -78.00000000 -18.05126307 -40.20000000
v -78.00000000 -18.30000000 -40.50000000
v -78.00000000 -18.09785475 -48.30000000
v -77.88889136 -18.30000000 -48.60000000
v -78.00000000 -18.30000000 -48.41342718
v -78.00000000 -18.60000000 -40.58273272
v -78.00000000 -18.60000000 -48.60000000
v -77.83563372 -18.60000000 -48.90000000
v -78.00000000 -18.90000000 -40.65868744
v -77.92264624 -18.90000000 -48.90000000
v -78.00000000 -18.90000000 -48.73273371
v -77.80534579 -18.90000000 -49.20000000
v -77.71221633 -18.90000000 -49.50000000
v -78.00000000 -19.20000000 -40.73542617
v -77.97554435 -19.20000000 -48.90000000
v -78.00000000 -19.20000000 -48.84146813
v -77.88996924 -19.20000000 -49.20000000
v -77.83925171 -19.20000000 -49.50000000
v -77.81582822 -19.20000000 -49.80000000
v -77.78746741 -19.20000000 -50.10000000
v -78.00000000 -19.48220390 -40.80000000
v -78.00000000 -19.50000000 -40.80389721
v -78.00000000 -19.50000000 -48.90000000
v -77.94570369 -19.50000000 -49.20000000
v -77.90451391 -19.50000000 -49.50000000
v -77.86796529 -19.50000000 -49.80000000
v -77.81384144 -19.50000000 -50.10000000
v -78.00000000 -19.80000000 -40.85568836
v -77.98995136 -19.80000000 -49.20000000
v -78.00000000 -19.80000000 -49.15945800
v -77.93395823 -19.80000000 -49.50000000
v -77.88126144 -19.80000000 -49.80000000
v -77.81424733 -19.80000000 -50.10000000
v -78.00000000 -20.10000000 -40.88400032
v -78.00000000 -19.92430612 -49.20000000
v -77.93870006 -20.10000000 -49.50000000
v -78.00000000 -20.10000000 -49.25819011
v -77.86349016 -20.10000000 -49.80000000
v -77.78508695 -20.10000000 -50.10000000
v -78.00000000 -20.40000000 -40.88515554
v -77.92137861 -20.40000000 -49.50000000
v -78.00000000 -20.40000000 -49.24647244
v -77.81713438 -20.40000000 -49.80000000
v -78.00000000 -20.70000000 -40.85809074
v -77.98524025 -20.70000000 -49.20000000
v -78.00000000 -20.55299126 -49.20000000
v -78.00000000 -20.70000000 -49.16022638
v -77.87823369 -20.70000000 -49.50000000
v -77.74813619 -20.70000000 -49.80000000
v -78.00000000 -21.00000000 -40.80166765
v -77.91845593 -21.00000000 -49.20000000
v -78.00000000 -21.00000000 -49.03015720
v -77.78392066 -21.00000000 -49.50000000
v -78.00000000 -21.00609907 -40.80000000
v -78.00000000 -21.30000000 -40.71194495
v -78.00000000 -21.30000000 -48.90000000
v -77.81047631 -21.30000000 -49.20000000
v -78.00000000 -21.60000000 -40.59904984
v -77.84015687 -21.60000000 -48.90000000
v -78.00000000 -21.60000000 -48.64704288
v -78.00000000 -21.90000000 -40.50000000
v -77.87189718 -21.90000000 -48.60000000
v -78.00000000 -21.66144087 -48.60000000
v -78.00000000 -21.90000000 -48.45848306
v -78.00000000 -22.15951045 -40.20000000
v -78.00000000 -22.20000000 -40.17638813
v -78.00000000 -22.20000000 -48.31616433
v -78.00000000 -22.50000000 -40.09113994
v -77.86478178 -22.50000000 -48.30000000
v -78.00000000 -22.23439511 -48.30000000
v -78.00000000 -22.50000000 -48.17635306
v -78.00000000 -22.80000000 -40.06354304
v -78.00000000 -22.80000000 -48.00000000
v -78.00000000 -23.10000000 -40.06833589
v -78.00000000 -23.10000000 -47.70000000
v -78.00000000 -23.40000000 -40.09569241
v -78.00000000 -23.40000000 -47.10000000
v -78.00000000 -23.22061898 -47.40000000
v -78.00000000 -23.70000000 -40.14251787
v -78.00000000 -23.58883365 -46.80000000
v -78.00000000 -23.70000000 -46.65627912
v -78.00000000 -24.00000000 -40.20000000
v -78.00000000 -23.81990196 -46.50000000
v -78.00000000 -24.00000000 -46.27555994
v -78.00000000 -24.25922478 -40.50000000
v -78.00000000 -24.30000000 -40.52938851
v -78.00000000 -24.26450401 -45.90000000
v -78.00000000 -24.30000000 -45.85639423
v -78.00000000 -24.05603414 -46.20000000
v -78.00000000 -24.60000000 -40.72525597
v -78.00000000 -24.60000000 -45.60000000
v -78.00000000 -24.72588734 -40.80000000
v -78.00000000 -24.90000000 -40.89970077
v -78.00000000 -24.80089653 -45.30000000
v -78.00000000 -24.90000000 -45.16273746
v -78.00000000 -25.20000000 -41.09372408
v -77.81948904 -25.20000000 -44.70000000
v -78.00000000 -25.15933375 -44.70000000
v -78.00000000 -25.20000000 -44.61832130
v -78.00000000 -24.99939185 -45.00000000
v -78.00000000 -25.20786115 -41.10000000
v -78.00000000 -25.50000000 -41.40000000
v -78.00000000 -25.50000000 -43.80000000
v -78.00000000 -25.41705795 -44.10000000
v -78.00000000 -25.30035536 -44.40000000
v -78.00000000 -25.60615387 -41.70000000
v -78.00000000 -25.65588379 -42.00000000
v -78.00000000 -25.67544318 -42.30000000
v -78.00000000 -25.67471490 -42.60000000
v -78.00000000 -25.65731470 -42.90000000
v -78.00000000 -25.62301004 -43.20000000
v -78.00000000 -25.57105700 -43.50000000
v -78.21184014 -15.60000000 -41.70000000
v -78.27599098 -15.60000000 -42.00000000
v -78.26938386 -15.60000000 -42.30000000
v -78.19598540 -15.60000000 -42.60000000
v -78.25701927 -15.90000000 -40.80000000
v -78.30000000 -15.84496152 -41.10000000
v -78.30000000 -15.90000000 -40.90312294
v -78.30000000 -15.77850239 -41.40000000
v -78.30000000 -15.68745007 -41.70000000
v -78.30000000 -15.62766542 -42.00000000
v -78.30000000 -15.63651718 -42.30000000
v -78.30000000 -15.71370303 -42.60000000
v -78.30000000 -15.81416482 -42.90000000
v -78.30000000 -15.87329150 -43.20000000
v -78.28435744 -15.90000000 -43.50000000
v -78.30000000 -15.90000000 -43.38749038
v -78.24367350 -15.90000000 -43.80000000
v -78.18870268 -15.90000000 -44.10000000
v -78.10694496 -15.90000000 -44.40000000
v -78.30000000 -16.16610865 -40.20000000
v -78.30000000 -16.20000000 -40.15118539
v -78.30000000 -16.03532847 -40.50000000
v -78.30000000 -15.92782785 -40.80000000
v -78.30000000 -15.91668644 -43.50000000
v -78.30000000 -15.96591662 -43.80000000
v -78.30000000 -16.03645696 -44.10000000
v -78.30000000 -16.13544990 -44.40000000
v -78.24746321 -16.20000000 -44.70000000
v -78.30000000 -16.20000000 -44.55454294
v -78.12315343 -16.20000000 -45.00000000
v -78.00023150 -16.20000000 -45.30000000
v -78.30000000 -16.50000000 -39.90000000
v -78.30000000 -16.26344663 -44.70000000
v -78.30000000 -16.40892120 -45.00000000
v -78.25055916 -16.50000000 -45.30000000
v -78.30000000 -16.50000000 -45.17982218
v -78.14374437 -16.50000000 -45.60000000
v -78.06897369 -16.50000000 -45.90000000
v -78.02685556 -16.50000000 -46.20000000
v -78.30000000 -16.80000000 -39.83494534
v -78.30000000 -16.56799585 -45.30000000
v -78.30000000 -16.72931655 -45.60000000
v -78.26248891 -16.80000000 -45.90000000
v -78.30000000 -16.80000000 -45.76054129
v -78.20457387 -16.80000000 -46.20000000
v -78.15085069 -16.80000000 -46.50000000
v -78.07476506 -16.80000000 -46.80000000
v -78.30000000 -17.10000000 -39.82230006
v -78.30000000 -16.87420453 -45.90000000
v -78.30000000 -16.99943518 -46.20000000
v -78.30000000 -17.10000000 -46.50000000
v -78.20628006 -17.10000000 -46.80000000
v -78.12667700 -17.10000000 -47.10000000
v -78.05333518 -17.10000000 -47.40000000
v -78.30000000 -17.40000000 -39.85935225
v -78.30000000 -17.40000000 -46.80000000
v -78.22327637 -17.40000000 -47.10000000
v -78.15292711 -17.40000000 -47.40000000
v -78.07396416 -17.40000000 -47.70000000
v -78.30000000 -17.54460711 -39.90000000
v -78.30000000 -17.70000000 -39.94712189
v -78.30000000 -17.70000000 -47.10000000
v -78.22785057 -17.70000000 -47.40000000
v -78.14296429 -17.70000000 -47.70000000
v -78.03232515 -17.70000000 -48.00000000
v -78.30000000 -18.00000000 -40.06700964
v -78.30000000 -18.00000000 -47.40000000
v -78.21811367 -18.00000000 -47.70000000
v -78.11034662 -18.00000000 -48.00000000
v -78.30000000 -18.30000000 -40.20000000
v -78.30000000 -18.28526038 -47.70000000
v -78.19835700 -18.30000000 -48.00000000
v -78.30000000 -18.30000000 -47.71257431
v -78.05934968 -18.30000000 -48.30000000
v -78.30000000 -18.60000000 -40.50000000
v -78.30000000 -18.60000000 -48.00000000
v -78.14241018 -18.60000000 -48.30000000
v -78.30000000 -18.90000000 -40.58991832
v -78.19728338 -18.90000000 -48.30000000
v -78.30000000 -18.90000000 -48.06792079
v -78.05852451 -18.90000000 -48.60000000
v -78.30000000 -19.20000000 -40.68937822
v -78.23977022 -19.20000000 -48.30000000
v -78.30000000 -19.20000000 -48.15903065
v -78.10267697 -19.20000000 -48.60000000
v -78.03836656 -19.50000000 -40.80000000
v -78.30000000 -19.50000000 -40.77287838
v -78.27954629 -19.50000000 -48.30000000
v -78.30000000 -19.50000000 -48.25394962
v -78.14083266 -19.50000000 -48.60000000
v -78.30000000 -19.63343878 -40.80000000
v -78.30000000 -19.80000000 -40.83220194
v -78.30000000 -19.68169942 -48.30000000
v -78.18132353 -19.80000000 -48.60000000
v -78.30000000 -19.80000000 -48.32974801
v -78.06750074 -19.80000000 -48.90000000
v -78.30000000 -20.10000000 -40.86572989
v -78.20736298 -20.10000000 -48.60000000
v -78.30000000 -20.10000000 -48.37650752
v -78.10196432 -20.10000000 -48.90000000
v -78.01455151 -20.10000000 -49.20000000
v -78.30000000 -20.40000000 -40.87283967
v -78.21068694 -20.40000000 -48.60000000
v -78.30000000 -20.40000000 -48.37177616
v -78.10730943 -20.40000000 -48.90000000
v -78.01373288 -20.40000000 -49.20000000
v -78.30000000 -20.70000000 -40.85426149
v -78.30000000 -20.70000000 -48.30000000
v -78.19391874 -20.70000000 -48.60000000
v -78.08890810 -20.70000000 -48.90000000
v -78.30000000 -21.00000000 -40.81162258
v -78.28847873 -21.00000000 -48.30000000
v -78.30000000 -21.00000000 -48.27600039
v -78.16598686 -21.00000000 -48.60000000
v -78.05225904 -21.00000000 -48.90000000
v -78.30000000 -21.05741257 -40.80000000
v -78.30000000 -21.30000000 -40.74712318
v -78.25098008 -21.30000000 -48.30000000
v -78.30000000 -21.30000000 -48.19865680
v -78.11562935 -21.30000000 -48.60000000
v -78.30000000 -21.60000000 -40.65741141
v -78.18887067 -21.60000000 -48.30000000
v -78.30000000 -21.60000000 -48.09087458
v -78.02455697 -21.60000000 -48.60000000
v -78.30000000 -21.90000000 -40.52824729
v -78.30000000 -21.90000000 -48.00000000
v -78.10947276 -21.90000000 -48.30000000
v -78.30000000 -22.20000000 -40.20000000
v -78.30000000 -21.94193933 -40.50000000
v -78.23320547 -22.20000000 -48.00000000
v -78.30000000 -22.20000000 -47.89131670
v -78.01346795 -22.20000000 -48.30000000
v -78.30000000 -22.50000000 -40.12495898
v -78.14946805 -22.50000000 -48.00000000
v -78.30000000 -22.50000000 -47.79419579
v -78.30000000 -22.80000000 -40.09700403
v -78.30000000 -22.80000000 -47.70000000
v -78.30000000 -23.10000000 -40.09157339
v -78.16968347 -23.10000000 -47.40000000
v -78.30000000 -22.95749983 -47.40000000
v -78.30000000 -23.10000000 -47.21770009
v -78.30000000 -23.40000000 -40.10474965
v -78.30000000 -23.17953340 -47.10000000
v -78.30000000 -23.40000000 -46.84712722
v -78.30000000 -23.70000000 -40.14406394
v -78.30000000 -23.43669581 -46.80000000
v -78.30000000 -23.70000000 -46.50084551
v -78.30000000 -24.00000000 -40.20000000
v -78.30000000 -24.00000000 -46.20000000
v -78.30000000 -23.70072417 -46.50000000
v -78.30000000 -24.25234797 -40.50000000
v -78.30000000 -24.30000000 -40.53659527
v -78.30000000 -24.30000000 -45.60000000
v -78.30000000 -24.12807412 -45.90000000
v -78.30000000 -24.60000000 -40.73845046
v -78.30000000 -24.60000000 -45.32082882
v -78.30000000 -24.70588550 -40.80000000
v -78.30000000 -24.90000000 -40.90784760
v -78.30000000 -24.90000000 -45.00000000
v -78.30000000 -24.61811827 -45.30000000
v -78.30000000 -25.20000000 -41.08844217
v -78.30000000 -25.20000000 -44.40000000
v -78.30000000 -25.04234612 -44.70000000
v -78.30000000 -25.21406508 -41.10000000
v -78.30000000 -25.50000000 -41.40000000
v -78.30000000 -25.41229286 -43.80000000
v -78.30000000 -25.50000000 -43.50234943
v -78.30000000 -25.31857394 -44.10000000
v -78.30000000 -25.57034919 -41.70000000
v -78.30000000 -25.59977324 -42.00000000
v -78.30000000 -25.60958782 -42.30000000
v -78.30000000 -25.60780363 -42.60000000
v -78.30000000 -25.59559730 -42.90000000
v -78.30000000 -25.56616105 -43.20000000
v -78.30000000 -25.50063918 -43.50000000
v -78.37236371 -15.90000000 -41.10000000
v -78.45179667 -15.90000000 -41.40000000
v -78.51238663 -15.90000000 -41.70000000
v -78.53608011 -15.90000000 -42.00000000
v -78.51998841 -15.90000000 -42.30000000
v -78.46667478 -15.90000000 -42.60000000
v -78.38993657 -15.90000000 -42.90000000
v -78.32752852 -15.90000000 -43.20000000
v -78.35795021 -16.20000000 -40.20000000
v -78.59669403 -16.20000000 -40.50000000
v -78.60000000 -16.11834021 -40.80000000
v -78.60000000 -16.20000000 -40.50633455
v -78.60000000 -16.06060853 -41.10000000
v -78.60000000 -16.01465527 -41.40000000
v -78.60000000 -15.97956235 -41.70000000
v -78.60000000 -15.96623129 -42.00000000
v -78.60000000 -15.98701495 -42.30000000
v -78.60000000 -16.04013335 -42.60000000
v -78.60000000 -16.10832355 -42.90000000
v -78.60000000 -16.17449589 -43.20000000
v -78.56657433 -16.20000000 -43.50000000
v -78.60000000 -16.20000000 -43.32556523
v -78.50708499 -16.20000000 -43.80000000
v -78.43726570 -16.20000000 -44.10000000
v -78.35230173 -16.20000000 -44.40000000
v -78.60000000 -16.35317661 -40.20000000
v -78.60000000 -16.50000000 -40.03628564
v -78.60000000 -16.20186179 -40.50000000
v -78.60000000 -16.23546829 -43.50000000
v -78.60000000 -16.30197055 -43.80000000
v -78.60000000 -16.38923489 -44.10000000
v -78.59543734 -16.50000000 -44.40000000
v -78.60000000 -16.50000000 -44.38675006
v -78.48651425 -16.50000000 -44.70000000
v -78.37248665 -16.50000000 -45.00000000
v -78.60000000 -16.70788215 -39.90000000
v -78.60000000 -16.80000000 -39.85845294
v -78.60000000 -16.50611570 -44.40000000
v -78.60000000 -16.66148318 -44.70000000
v -78.60000000 -16.80000000 -45.00000000
v -78.45219461 -16.80000000 -45.30000000
v -78.34276718 -16.80000000 -45.60000000
v -78.60000000 -17.10000000 -39.80850727
v -78.60000000 -17.10000000 -45.30000000
v -78.48905748 -17.10000000 -45.60000000
v -78.40441274 -17.10000000 -45.90000000
v -78.34367032 -17.10000000 -46.20000000
v -78.60000000 -17.40000000 -39.82654890
v -78.60000000 -17.40000000 -45.60000000
v -78.51357284 -17.40000000 -45.90000000
v -78.44589535 -17.40000000 -46.20000000
v -78.38121709 -17.40000000 -46.50000000
v -78.60000000 -17.70000000 -39.90000000
v -78.60000000 -17.70000000 -45.90000000
v -78.53943834 -17.70000000 -46.20000000
v -78.47257924 -17.70000000 -46.50000000
v -78.39371885 -17.70000000 -46.80000000
v -78.60000000 -18.00000000 -39.98545635
v -78.60000000 -17.88247526 -46.20000000
v -78.57136814 -18.00000000 -46.50000000
v -78.60000000 -18.00000000 -46.37381461
v -78.49520890 -18.00000000 -46.80000000
v -78.40399743 -18.00000000 -47.10000000
v -78.60000000 -18.30000000 -40.09283533
v -78.60000000 -18.08369748 -46.50000000
v -78.60000000 -18.30000000 -46.80000000
v -78.50768170 -18.30000000 -47.10000000
v -78.40130555 -18.30000000 -47.40000000
v -78.30419076 -18.30000000 -47.70000000
v -78.60000000 -18.60000000 -40.20000000
v -78.60000000 -18.60000000 -47.10000000
v -78.47440424 -18.60000000 -47.40000000
v -78.37819995 -18.60000000 -47.70000000
v -78.60000000 -18.88381522 -40.50000000
v -78.60000000 -18.90000000 -40.51038016
v -78.60000000 -18.90000000 -47.10000000
v -78.51141335 -18.90000000 -47.40000000
v -78.42475842 -18.90000000 -47.70000000
v -78.32805490 -18.90000000 -48.00000000
v -78.60000000 -19.20000000 -40.65241936
v -78.60000000 -19.20000000 -47.10000000
v -78.54348121 -19.20000000 -47.40000000
v -78.46807103 -19.20000000 -47.70000000
v -78.36582344 -19.20000000 -48.00000000
v -78.60000000 -19.50000000 -40.75019745
v -78.60000000 -19.50000000 -47.40000000
v -78.52396543 -19.50000000 -47.70000000
v -78.41125502 -19.50000000 -48.00000000
v -78.60000000 -19.72192511 -40.80000000
v -78.60000000 -19.80000000 -40.81678846
v -78.60000000 -19.80000000 -47.70000000
v -78.45208745 -19.80000000 -48.00000000
v -78.31324533 -19.80000000 -48.30000000
v -78.60000000 -20.10000000 -40.85569852
v -78.46865661 -20.10000000 -48.00000000
v -78.60000000 -20.10000000 -47.70781334
v -78.33258322 -20.10000000 -48.30000000
v -78.60000000 -20.40000000 -40.86807820
v -78.46783639 -20.40000000 -48.00000000
v -78.60000000 -20.40000000 -47.70756264
v -78.32933191 -20.40000000 -48.30000000
v -78.60000000 -20.70000000 -40.85595685
v -78.45615478 -20.70000000 -48.00000000
v -78.60000000 -20.70000000 -47.70644080
v -78.60000000 -21.00000000 -40.82385312
v -78.60000000 -21.00000000 -47.70000000
v -78.43515756 -21.00000000 -48.00000000
v -78.60000000 -21.16712022 -40.80000000
v -78.60000000 -21.30000000 -40.77984549
v -78.60000000 -21.30000000 -47.40000000
v -78.51783342 -21.30000000 -47.70000000
v -78.39132328 -21.30000000 -48.00000000
v -78.60000000 -21.60000000 -40.71915100
v -78.60000000 -21.60000000 -47.40000000
v -78.47443451 -21.60000000 -47.70000000
v -78.34322687 -21.60000000 -48.00000000
v -78.60000000 -21.90000000 -40.60897950
v -78.58821871 -21.90000000 -47.40000000
v -78.60000000 -21.90000000 -47.37683234
v -78.44199012 -21.90000000 -47.70000000
v -78.60000000 -22.20000000 -40.50000000
v -78.54896989 -22.20000000 -47.40000000
v -78.60000000 -22.20000000 -47.29708899
v -78.40246399 -22.20000000 -47.70000000
v -78.60000000 -22.50000000 -40.20000000
v -78.60000000 -22.50000000 -47.10000000
v -78.48584914 -22.50000000 -47.40000000
v -78.35643405 -22.50000000 -47.70000000
v -78.60000000 -22.80000000 -40.18626688
v -78.53520785 -22.80000000 -47.10000000
v -78.60000000 -22.80000000 -47.00341835
v -78.39591327 -22.80000000 -47.40000000
v -78.60000000 -23.10000000 -40.13590287
v -78.37229849 -23.10000000 -47.10000000
v -78.60000000 -23.10000000 -46.82482952
v -78.60000000 -23.40000000 -40.11596326
v -78.34787647 -23.40000000 -46.80000000
v -78.60000000 -23.12837398 -46.80000000
v -78.60000000 -23.40000000 -46.57348426
v -78.60000000 -23.70000000 -40.18613304
v -78.30105428 -23.70000000 -46.50000000
v -78.60000000 -23.46871266 -46.50000000
v -78.60000000 -23.70000000 -46.21402908
v -78.60000000 -23.72594837 -40.20000000
v -78.60000000 -24.00000000 -40.50000000
v -78.46770330 -24.00000000 -45.90000000
v -78.60000000 -23.87986074 -45.90000000
v -78.60000000 -24.00000000 -45.69066753
v -78.60000000 -23.71065639 -46.20000000
v -78.60000000 -24.30000000 -40.64640617
v -78.60000000 -24.30000000 -45.30000000
v -78.60000000 -24.05327113 -45.60000000
v -78.60000000 -24.60000000 -40.80000000
v -78.32094489 -24.60000000 -45.30000000
v -78.60000000 -24.60000000 -45.02146185
v -78.60000000 -24.90000000 -40.95076057
v -78.52890452 -24.90000000 -44.70000000
v -78.60000000 -24.84493517 -44.70000000
v -78.60000000 -24.90000000 -44.60913633
v -78.60000000 -24.61947775 -45.00000000
v -78.60000000 -25.20000000 -41.10000000
v -78.60000000 -25.20000000 -44.10000000
v -78.60000000 -25.01419394 -44.40000000
v -78.60000000 -25.37810814 -41.40000000
v -78.60000000 -25.50000000 -41.70000000
v -78.60000000 -25.50000000 -43.20000000
v -78.30190359 -25.50000000 -43.50000000
v -78.60000000 -25.37927255 -43.50000000
v -78.60000000 -25.27835685 -43.80000000
v -78.60000000 -25.51536939 -42.00000000
v -78.60000000 -25.51680914 -42.30000000
v -78.60000000 -25.51225355 -42.60000000
v -78.60000000 -25.50642577 -42.90000000
v -78.72574030 -16.20000000 -40.80000000
v -78.79120904 -16.20000000 -41.10000000
v -78.82662813 -16.20000000 -41.40000000
v -78.84323705 -16.20000000 -41.70000000
v -78.83754931 -16.20000000 -42.00000000
v -78.80570232 -16.20000000 -42.30000000
v -78.75159234 -16.20000000 -42.60000000
v -78.68710461 -16.20000000 -42.90000000
v -78.62438227 -16.20000000 -43.20000000
v -78.90000000 -16.50000000 -40.20000000
v -78.90000000 -16.37485987 -40.50000000
v -78.90000000 -16.31022252 -40.80000000
v -78.90000000 -16.27799787 -41.10000000
v -78.90000000 -16.25835355 -41.40000000
v -78.90000000 -16.24867694 -41.70000000
v -78.90000000 -16.25681623 -42.00000000
v -78.90000000 -16.29095100 -42.30000000
v -78.90000000 -16.35367163 -42.60000000
v -78.90000000 -16.43435267 -42.90000000
v -78.90000000 -16.50000000 -43.20000000
v -78.85820640 -16.50000000 -43.50000000
v -78.79444906 -16.50000000 -43.80000000
v -78.70273739 -16.50000000 -44.10000000
v -78.90000000 -16.80000000 -39.90000000
v -78.90000000 -16.54047596 -43.50000000
v -78.90000000 -16.60144400 -43.80000000
v -78.90000000 -16.70928720 -44.10000000
v -78.82790517 -16.80000000 -44.40000000
v -78.90000000 -16.80000000 -44.26268881
v -78.69145850 -16.80000000 -44.70000000
v -78.90000000 -17.10000000 -39.81498783
v -78.90000000 -16.91310881 -44.40000000
v -78.82264268 -17.10000000 -44.70000000
v -78.90000000 -17.10000000 -44.56894302
v -78.70676970 -17.10000000 -45.00000000
v -78.90000000 -17.40000000 -39.80090334
v -78.90000000 -17.40000000 -44.70000000
v -78.81233900 -17.40000000 -45.00000000
v -78.70819008 -17.40000000 -45.30000000
v -78.90000000 -17.70000000 -39.84153525
v -78.90000000 -17.58212223 -45.00000000
v -78.81278510 -17.70000000 -45.30000000
v -78.90000000 -17.70000000 -45.11806288
v -78.70066785 -17.70000000 -45.60000000
v -78.90000000 -17.92476828 -39.90000000
v -78.90000000 -18.00000000 -39.92070418
v -78.90000000 -18.00000000 -45.30000000
v -78.79921420 -18.00000000 -45.60000000
v -78.71195745 -18.00000000 -45.90000000
v -78.63999767 -18.00000000 -46.20000000
v -78.90000000 -18.30000000 -40.03791860
v -78.90000000 -18.30000000 -45.60000000
v -78.81165506 -18.30000000 -45.90000000
v -78.74214614 -18.30000000 -46.20000000
v -78.67406359 -18.30000000 -46.50000000
v -78.90000000 -18.60000000 -40.20000000
v -78.90000000 -18.60000000 -45.90000000
v -78.84297526 -18.60000000 -46.20000000
v -78.77907300 -18.60000000 -46.50000000
v -78.68631076 -18.60000000 -46.80000000
v -78.90000000 -18.90000000 -40.50000000
v -78.90000000 -18.78511017 -46.20000000
v -78.90000000 -18.90000000 -46.50000000
v -78.74183940 -18.90000000 -46.80000000
v -78.90000000 -19.20000000 -40.63564283
v -78.77163490 -19.20000000 -46.80000000
v -78.90000000 -19.20000000 -46.50843554
v -78.90000000 -19.50000000 -40.73816308
v -78.81255467 -19.50000000 -46.80000000
v -78.90000000 -19.50000000 -46.54467726
v -78.69718026 -19.50000000 -47.10000000
v -78.90000000 -19.75025103 -40.80000000
v -78.90000000 -19.80000000 -40.81194849
v -78.85763951 -19.80000000 -46.80000000
v -78.90000000 -19.80000000 -46.64008130
v -78.76518380 -19.80000000 -47.10000000
v -78.67488027 -19.80000000 -47.40000000
v -78.90000000 -20.10000000 -40.85822824
v -78.90000000 -20.10000000 -46.80000000
v -78.80728784 -20.10000000 -47.10000000
v -78.71059427 -20.10000000 -47.40000000
v -78.60338341 -20.10000000 -47.70000000
v -78.90000000 -20.40000000 -40.87639296
v -78.82101736 -20.40000000 -47.10000000
v -78.90000000 -20.40000000 -46.81052764
v -78.72257882 -20.40000000 -47.40000000
v -78.60334949 -20.40000000 -47.70000000
v -78.90000000 -20.70000000 -40.86849405
v -78.81492289 -20.70000000 -47.10000000
v -78.90000000 -20.70000000 -46.80097591
v -78.71596919 -20.70000000 -47.40000000
v -78.60296315 -20.70000000 -47.70000000
v -78.90000000 -21.00000000 -40.83859901
v -78.90000000 -21.00000000 -46.80000000
v -78.79435891 -21.00000000 -47.10000000
v -78.68259064 -21.00000000 -47.40000000
v -78.90000000 -21.30000000 -40.80000000
v -78.90000000 -21.30000000 -46.80000000
v -78.76702234 -21.30000000 -47.10000000
v -78.90000000 -21.60000000 -40.80000000
v -78.87782903 -21.60000000 -46.80000000
v -78.90000000 -21.60000000 -46.72777162
v -78.75121935 -21.60000000 -47.10000000
v -78.90000000 -21.90000000 -40.67091545
v -78.87805045 -21.90000000 -46.80000000
v -78.90000000 -21.90000000 -46.73013458
v -78.73932999 -21.90000000 -47.10000000
v -78.90000000 -22.20000000 -40.57946077
v -78.90000000 -22.20000000 -46.80000000
v -78.70339704 -22.20000000 -47.10000000
v -78.87216922 -22.50000000 -40.50000000
v -78.90000000 -22.50000000 -40.51590518
v -78.80976593 -22.50000000 -46.80000000
v -78.90000000 -22.50000000 -46.60182797
v -78.62546833 -22.80000000 -40.20000000
v -78.90000000 -22.80000000 -40.50000000
v -78.73497330 -22.80000000 -46.80000000
v -78.90000000 -22.80000000 -46.53403673
v -78.90000000 -23.07469682 -40.20000000
v -78.90000000 -23.10000000 -40.18634304
v -78.90000000 -23.10000000 -46.50000000
v -78.61945305 -23.10000000 -46.80000000
v -78.90000000 -23.40000000 -40.11607499
v -78.90000000 -23.40000000 -46.20000000
v -78.66708933 -23.40000000 -46.50000000
v -78.90000000 -23.70000000 -40.20000000
v -78.86778139 -23.70000000 -45.60000000
v -78.90000000 -23.64099217 -45.60000000
v -78.90000000 -23.70000000 -45.52076247
v -78.75629654 -23.70000000 -45.90000000
v -78.90000000 -23.49320004 -45.90000000
v -78.61040961 -23.70000000 -46.20000000
v -78.90000000 -23.96968474 -40.50000000
v -78.90000000 -24.00000000 -40.53986525
v -78.82638355 -24.00000000 -45.30000000
v -78.90000000 -23.87105280 -45.30000000
v -78.90000000 -24.00000000 -45.18602438
v -78.64792957 -24.00000000 -45.60000000
v -78.90000000 -24.30000000 -40.80000000
v -78.84798066 -24.30000000 -45.00000000
v -78.90000000 -24.21264515 -45.00000000
v -78.90000000 -24.30000000 -44.92863920
v -78.90000000 -24.60000000 -40.90224734
v -78.90000000 -24.60000000 -44.70000000
v -78.61962157 -24.60000000 -45.00000000
v -78.90000000 -24.90000000 -41.05040053
v -78.90000000 -24.90000000 -44.10000000
v -78.72769337 -24.90000000 -44.40000000
v -78.90000000 -24.70602037 -44.40000000
v -78.90000000 -24.96856277 -41.10000000
v -78.90000000 -25.20000000 -41.36161216
v -78.87863829 -25.20000000 -43.50000000
v -78.90000000 -25.18238292 -43.50000000
v -78.90000000 -25.20000000 -43.46091887
v -78.71743127 -25.20000000 -43.80000000
v -78.90000000 -25.03041768 -43.80000000
v -78.90000000 -25.22364795 -41.40000000
v -78.90000000 -25.33087017 -41.70000000
v -78.63582688 -25.50000000 -42.00000000
v -78.90000000 -25.37314491 -42.00000000
v -78.64025102 -25.50000000 -42.30000000
v -78.90000000 -25.38135583 -42.30000000
v -78.62876371 -25.50000000 -42.60000000
v -78.90000000 -25.37326608 -42.60000000
v -78.61401674 -25.50000000 -42.90000000
v -78.90000000 -25.34916882 -42.90000000
v -78.90000000 -25.29226930 -43.20000000
v -79.12488420 -16.50000000 -40.50000000
v -79.20000000 -16.50000000 -40.80000000
v -79.20000000 -16.50000000 -41.10000000
v -79.20000000 -16.50000000 -41.40000000
v -79.20000000 -16.50000000 -41.70000000
v -79.18484368 -16.50000000 -42.00000000
v -79.13799579 -16.50000000 -42.30000000
v -79.05450039 -16.50000000 -42.60000000
v -78.96125325 -16.50000000 -42.90000000
v -79.20000000 -16.66296263 -40.20000000
v -79.20000000 -16.80000000 -40.03135023
v -79.20000000 -16.54209632 -40.50000000
v -79.20000000 -16.51246528 -42.00000000
v -79.20000000 -16.55119779 -42.30000000
v -79.20000000 -16.62876309 -42.60000000
v -79.20000000 -16.80000000 -42.90000000
v -79.20000000 -16.80000000 -43.20000000
v -79.19273375 -16.80000000 -43.50000000
v -79.13684062 -16.80000000 -43.80000000
v -79.00338273 -16.80000000 -44.10000000
v -79.20000000 -16.98392733 -39.90000000
v -79.20000000 -17.10000000 -39.84441018
v -79.20000000 -16.80621243 -43.50000000
v -79.20000000 -16.85058759 -43.80000000
v -79.20000000 -16.96402500 -44.10000000
v -79.04099878 -17.10000000 -44.40000000
v -79.20000000 -17.10000000 -44.25018943
v -79.20000000 -17.40000000 -39.79799031
v -79.20000000 -17.40000000 -44.40000000
v -79.20000000 -17.70000000 -39.81385148
v -79.20000000 -17.70000000 -44.70000000
v -78.97420115 -17.70000000 -45.00000000
v -79.05041263 -18.00000000 -39.90000000
v -79.20000000 -18.00000000 -39.88028848
v -79.20000000 -18.00000000 -45.00000000
v -79.20000000 -18.05125033 -39.90000000
v -79.20000000 -18.30000000 -40.00595203
v -79.10871695 -18.30000000 -45.30000000
v -79.20000000 -18.30000000 -45.20874305
v -79.20000000 -18.60000000 -40.20000000
v -79.20000000 -18.60000000 -45.30000000
v -79.01216834 -18.60000000 -45.60000000
v -79.20000000 -18.90000000 -40.50000000
v -79.20000000 -18.90000000 -45.30000000
v -79.06672197 -18.90000000 -45.60000000
v -78.98172367 -18.90000000 -45.90000000
v -78.93299518 -18.90000000 -46.20000000
v -79.20000000 -19.20000000 -40.63255296
v -79.20000000 -19.20000000 -45.30000000
v -79.09582760 -19.20000000 -45.60000000
v -79.03101741 -19.20000000 -45.90000000
v -78.97524677 -19.20000000 -46.20000000
v -78.90332173 -19.20000000 -46.50000000
v -79.20000000 -19.50000000 -40.73829460
v -79.20000000 -19.50000000 -45.30000000
v -79.12946465 -19.50000000 -45.60000000
v -79.06103354 -19.50000000 -45.90000000
v -78.99426178 -19.50000000 -46.20000000
v -78.91477355 -19.50000000 -46.50000000
v -79.20000000 -19.72060996 -40.80000000
v -79.20000000 -19.80000000 -40.82213036
v -79.16269232 -19.80000000 -45.60000000
v -79.20000000 -19.80000000 -45.51694835
v -79.07269782 -19.80000000 -45.90000000
v -79.00459293 -19.80000000 -46.20000000
v -78.93609575 -19.80000000 -46.50000000
v -79.20000000 -20.10000000 -40.87985246
v -79.20000000 -20.10000000 -45.30000000
v -79.13152998 -20.10000000 -45.60000000
v -79.06799380 -20.10000000 -45.90000000
v -79.01104079 -20.10000000 -46.20000000
v -78.95600264 -20.10000000 -46.50000000
v -79.20000000 -20.40000000 -40.90580009
v -79.20000000 -20.40000000 -45.30000000
v -79.10794931 -20.40000000 -45.60000000
v -79.05891168 -20.40000000 -45.90000000
v -79.01463121 -20.40000000 -46.20000000
v -78.96418644 -20.40000000 -46.50000000
v -78.90280813 -20.40000000 -46.80000000
v -79.20000000 -20.70000000 -40.90164613
v -79.20000000 -20.70000000 -45.30000000
v -79.10957071 -20.70000000 -45.60000000
v -79.06262485 -20.70000000 -45.90000000
v -79.01932110 -20.70000000 -46.20000000
v -78.96723871 -20.70000000 -46.50000000
v -78.90027230 -20.70000000 -46.80000000
v -79.20000000 -21.00000000 -40.87152617
v -79.20000000 -21.00000000 -45.30000000
v -79.14036536 -21.00000000 -45.60000000
v -79.08041106 -21.00000000 -45.90000000
v -79.02577098 -21.00000000 -46.20000000
v -78.96952305 -21.00000000 -46.50000000
v -79.20000000 -21.30000000 -40.82225299
v -79.20000000 -21.30000000 -45.60000000
v -79.09656013 -21.30000000 -45.90000000
v -79.03020970 -21.30000000 -46.20000000
v -78.96988277 -21.30000000 -46.50000000
v -79.20000000 -21.41621565 -40.80000000
v -79.20000000 -21.60000000 -40.76529857
v -79.20000000 -21.60000000 -45.60000000
v -79.10221004 -21.60000000 -45.90000000
v -79.03322649 -21.60000000 -46.20000000
v -78.96581042 -21.60000000 -46.50000000
v -79.20000000 -21.90000000 -40.68706982
v -79.20000000 -21.90000000 -45.30000000
v -79.17489539 -21.90000000 -45.60000000
v -79.10365925 -21.90000000 -45.90000000
v -79.03380663 -21.90000000 -46.20000000
v -78.96538694 -21.90000000 -46.50000000
v -79.20000000 -22.20000000 -40.63109157
v -79.20000000 -22.20000000 -45.60000000
v -79.09977899 -22.20000000 -45.90000000
v -79.02805746 -22.20000000 -46.20000000
v -78.96270886 -22.20000000 -46.50000000
v -79.20000000 -22.50000000 -40.58953751
v -79.20000000 -22.50000000 -45.60000000
v -79.09561670 -22.50000000 -45.90000000
v -79.02106331 -22.50000000 -46.20000000
v -78.93849214 -22.50000000 -46.50000000
v -79.20000000 -22.80000000 -40.50000000
v -79.20000000 -22.80000000 -45.60000000
v -79.08829546 -22.80000000 -45.90000000
v -79.01111565 -22.80000000 -46.20000000
v -78.91710905 -22.80000000 -46.50000000
v -79.20000000 -23.10000000 -40.20000000
v -79.20000000 -23.10000000 -45.30000000
v -79.12347672 -23.10000000 -45.60000000
v -79.04829361 -23.10000000 -45.90000000
v -78.98227391 -23.10000000 -46.20000000
v -79.20000000 -23.40000000 -40.10832020
v -79.20000000 -23.40000000 -45.00000000
v -79.09716867 -23.40000000 -45.30000000
v -79.01658169 -23.40000000 -45.60000000
v -78.95249956 -23.40000000 -45.90000000
v -79.20000000 -23.70000000 -40.19594723
v -79.14818116 -23.70000000 -45.00000000
v -79.20000000 -23.70000000 -44.93590078
v -78.98578908 -23.70000000 -45.30000000
v -79.20000000 -23.70495173 -40.20000000
v -79.20000000 -23.90155804 -40.50000000
v -79.20000000 -24.00000000 -40.80000000
v -79.20000000 -24.00000000 -44.70000000
v -79.01622483 -24.00000000 -45.00000000
v -79.20000000 -24.30000000 -40.90607845
v -79.20000000 -24.30000000 -43.80000000
v -79.20000000 -24.30000000 -44.10000000
v -79.16856055 -24.30000000 -44.40000000
v -79.20000000 -24.25929054 -44.40000000
v -79.04336317 -24.30000000 -44.70000000
v -79.20000000 -24.60000000 -40.99610838
v -79.15890694 -24.60000000 -43.80000000
v -79.20000000 -24.60000000 -43.74420795
v -79.04647346 -24.60000000 -44.10000000
v -78.97334161 -24.60000000 -44.40000000
v -79.01922709 -24.90000000 -41.10000000
v -79.20000000 -24.78066956 -41.10000000
v -79.20000000 -24.90000000 -41.20118797
v -79.20000000 -24.90000000 -43.50000000
v -79.01217880 -24.90000000 -43.80000000
v -78.94180262 -25.20000000 -41.40000000
v -79.20000000 -25.04800433 -41.40000000
v -79.11679617 -25.20000000 -41.70000000
v -79.20000000 -25.14551748 -41.70000000
v -79.17622616 -25.20000000 -42.00000000
v -79.20000000 -25.18267964 -42.00000000
v -79.18747463 -25.20000000 -42.30000000
v -79.20000000 -25.19057978 -42.30000000
v -79.17674676 -25.20000000 -42.60000000
v -79.20000000 -25.18296072 -42.60000000
v -79.13620067 -25.20000000 -42.90000000
v -79.20000000 -25.15538526 -42.90000000
v -79.03670699 -25.20000000 -43.20000000
v -79.20000000 -25.08242052 -43.20000000
v -79.50000000 -16.80000000 -40.20000000
v -79.50000000 -16.71767857 -40.50000000
v -79.50000000 -16.66905475 -40.80000000
v -79.50000000 -16.65323263 -41.10000000
v -79.50000000 -16.68363589 -41.40000000
v -79.50000000 -16.72629319 -41.70000000
v -79.50000000 -16.76163338 -42.00000000
v -79.50000000 -16.78431575 -42.30000000
v -79.50000000 -16.80000000 -42.60000000
v -79.50000000 -17.10000000 -39.90000000
v -79.50000000 -16.92826885 -42.90000000
v -79.50000000 -17.01781880 -43.20000000
v -79.50000000 -17.07281810 -43.50000000
v -79.50000000 -17.09087922 -43.80000000
v -79.50000000 -17.10000000 -44.10000000
v -79.50000000 -17.40000000 -39.84326320
v -79.50000000 -17.40000000 -44.22223005
v -79.50000000 -17.70000000 -39.82814444
v -79.50000000 -17.63322117 -44.40000000
v -79.50000000 -17.70000000 -44.45389443
v -79.50000000 -18.00000000 -39.86938587
v -79.50000000 -17.98099004 -44.70000000
v -79.50000000 -18.00000000 -44.71742935
v -79.50000000 -18.08228623 -39.90000000
v -79.50000000 -18.30000000 -39.99338828
v -79.50000000 -18.30000000 -45.00000000
v -79.50000000 -18.60000000 -40.19553062
v -79.50000000 -18.60000000 -45.00000000
v -79.50000000 -18.60527944 -40.20000000
v -79.50000000 -18.90000000 -40.50000000
v -79.50000000 -18.90000000 -45.00000000
v -79.50000000 -19.20000000 -40.64079791
v -79.50000000 -19.20000000 -45.00000000
v -79.50000000 -19.50000000 -40.75441382
v -79.50000000 -19.50000000 -45.01233108
v -79.50000000 -19.63490288 -40.80000000
v -79.50000000 -19.80000000 -40.85774061
v -79.50000000 -19.80000000 -45.30000000
v -79.50000000 -20.10000000 -40.93446065
v -79.50000000 -20.10000000 -45.00022747
v -79.50000000 -20.40000000 -40.97056632
v -79.50000000 -20.40000000 -45.00000000
v -79.50000000 -20.70000000 -40.96905882
v -79.50000000 -20.70000000 -45.00000000
v -79.50000000 -21.00000000 -40.93498690
v -79.50000000 -21.00000000 -45.00000000
v -79.50000000 -21.30000000 -40.86026611
v -79.50000000 -21.30000000 -45.30000000
v -79.50000000 -21.46963789 -40.80000000
v -79.50000000 -21.60000000 -40.76176549
v -79.50000000 -21.60000000 -45.30000000
v -79.50000000 -21.90000000 -40.70046402
v -79.50000000 -21.90000000 -45.10688059
v -79.50000000 -22.20000000 -40.65836702
v -79.50000000 -22.20000000 -45.30000000
v -79.50000000 -22.50000000 -40.60566504
v -79.50000000 -22.50000000 -45.30000000
v -79.50000000 -22.80000000 -40.50000000
v -79.50000000 -22.80000000 -45.30000000
v -79.50000000 -23.10000000 -40.20000000
v -79.50000000 -23.10000000 -45.00000000
v -79.50000000 -23.40000000 -40.12665316
v -79.50000000 -23.40000000 -44.75242426
v -79.50000000 -23.70000000 -40.20000000
v -79.50000000 -23.70000000 -44.70000000
v -79.50000000 -23.80273342 -40.50000000
v -79.50000000 -23.90332292 -40.80000000
v -79.50000000 -24.00000000 -40.92940666
v -79.50000000 -24.00000000 -44.10000000
v -79.50000000 -24.00000000 -44.40000000
v -79.50000000 -24.30000000 -41.06740532
v -79.50000000 -24.04989768 -43.80000000
v -79.50000000 -24.30000000 -43.55854002
v -79.50000000 -24.60000000 -41.10000000
v -79.50000000 -24.60000000 -43.50000000
v -79.50000000 -24.90000000 -41.40000000
v -79.50000000 -24.90000000 -41.70000000
v -79.50000000 -24.90000000 -42.00000000
v -79.50000000 -24.90000000 -42.30000000
v -79.50000000 -24.90000000 -42.60000000
v -79.50000000 -24.90000000 -42.90000000
v -79.50000000 -24.90000000 -43.20000000
v -79.60718415 -16.80000000 -40.50000000
v -79.68981318 -16.80000000 -40.80000000
v -79.80000000 -16.80000000 -41.10000000
v -79.66244852 -16.80000000 -41.40000000
v -79.58696560 -16.80000000 -41.70000000
v -79.54304790 -16.80000000 -42.00000000
v -79.51811547 -16.80000000 -42.30000000
v -79.80000000 -17.10000000 -40.20000000
v -79.80000000 -16.99013865 -40.50000000
v -79.80000000 -16.90844497 -40.80000000
v -79.80000000 -16.93505814 -41.40000000
v -79.80000000 -17.01027320 -41.70000000
v -79.80000000 -17.05551923 -42.00000000
v -79.80000000 -17.08290052 -42.30000000
v -79.80000000 -17.09511101 -42.60000000
v -79.80000000 -17.10000000 -42.90000000
v -79.59529440 -17.10000000 -43.20000000
v -79.52681576 -17.10000000 -43.50000000
v -79.50867105 -17.10000000 -43.80000000
v -79.62434723 -17.40000000 -39.90000000
v -79.80000000 -17.40000000 -40.02095410
v -79.80000000 -17.40000000 -43.20000000
v -79.76587447 -17.40000000 -43.50000000
v -79.71631396 -17.40000000 -43.80000000
v -79.60366805 -17.40000000 -44.10000000
v -79.80000000 -17.70000000 -39.90000000
v -79.80000000 -17.45016805 -43.50000000
v -79.80000000 -17.53443613 -43.80000000
v -79.80000000 -17.70000000 -44.10000000
v -79.55534974 -17.70000000 -44.40000000
v -79.80000000 -18.00000000 -39.90000000
v -79.80000000 -18.00000000 -44.40000000
v -79.51532051 -18.00000000 -44.70000000
v -79.80000000 -18.30000000 -40.02594028
v -79.66915393 -18.30000000 -44.70000000
v -79.80000000 -18.30000000 -44.52212969
v -79.80000000 -18.60000000 -40.18363503
v -79.70838630 -18.60000000 -44.70000000
v -79.80000000 -18.60000000 -44.55410784
v -79.80000000 -18.62064146 -40.20000000
v -79.80000000 -18.90000000 -40.50000000
v -79.70290967 -18.90000000 -44.70000000
v -79.80000000 -18.90000000 -44.52037803
v -79.80000000 -19.20000000 -40.67767979
v -79.68490180 -19.20000000 -44.70000000
v -79.80000000 -19.20000000 -44.45920463
v -79.80000000 -19.50000000 -40.80000000
v -79.80000000 -19.50000000 -44.40000000
v -79.66484783 -19.50000000 -44.70000000
v -79.50736730 -19.50000000 -45.00000000
v -79.80000000 -19.80000000 -40.94022830
v -79.76001986 -19.80000000 -44.40000000
v -79.80000000 -19.80000000 -44.27614438
v -79.64502170 -19.80000000 -44.70000000
v -79.53619309 -19.80000000 -45.00000000
v -79.80000000 -20.10000000 -41.04445640
v -79.73719530 -20.10000000 -44.40000000
v -79.80000000 -20.10000000 -44.17960628
v -79.63392223 -20.10000000 -44.70000000
v -79.50012761 -20.10000000 -45.00000000
v -79.80000000 -20.40000000 -41.09765189
v -79.80000000 -20.40000000 -44.10000000
v -79.72123226 -20.40000000 -44.40000000
v -79.62859598 -20.40000000 -44.70000000
v -79.80000000 -20.70000000 -41.10000000
v -79.80000000 -20.70000000 -43.50000000
v -79.78450849 -20.70000000 -43.80000000
v -79.80000000 -20.60827189 -43.80000000
v -79.75523720 -20.70000000 -44.10000000
v -79.69964955 -20.70000000 -44.40000000
v -79.62073175 -20.70000000 -44.70000000
v -79.80000000 -21.00000000 -41.06594842
v -79.79960669 -21.00000000 -43.50000000
v -79.80000000 -21.00000000 -43.49800608
v -79.76367197 -21.00000000 -43.80000000
v -79.72833341 -21.00000000 -44.10000000
v -79.68071507 -21.00000000 -44.40000000
v -79.61189394 -21.00000000 -44.70000000
v -79.80000000 -21.30000000 -40.97460877
v -79.80000000 -21.09418991 -43.50000000
v -79.76026923 -21.30000000 -43.80000000
v -79.80000000 -21.30000000 -43.50643755
v -79.72125966 -21.30000000 -44.10000000
v -79.67420153 -21.30000000 -44.40000000
v -79.61317323 -21.30000000 -44.70000000
v -79.54596255 -21.30000000 -45.00000000
v -79.80000000 -21.60000000 -40.80000000
v -79.80000000 -21.60000000 -43.50000000
v -79.76815261 -21.60000000 -43.80000000
v -79.73365485 -21.60000000 -44.10000000
v -79.68770702 -21.60000000 -44.40000000
v -79.62719038 -21.60000000 -44.70000000
v -79.55892301 -21.60000000 -45.00000000
v -79.80000000 -21.90000000 -40.77374470
v -79.80000000 -21.90000000 -43.50000000
v -79.78847505 -21.90000000 -43.80000000
v -79.76312018 -21.90000000 -44.10000000
v -79.71625047 -21.90000000 -44.40000000
v -79.65149652 -21.90000000 -44.70000000
v -79.55424455 -21.90000000 -45.00000000
v -79.80000000 -22.20000000 -40.72386587
v -79.80000000 -21.99850489 -43.80000000
v -79.80000000 -22.20000000 -44.10000000
v -79.74278681 -22.20000000 -44.40000000
v -79.67596150 -22.20000000 -44.70000000
v -79.59485526 -22.20000000 -45.00000000
v -79.80000000 -22.50000000 -40.64040617
v -79.75020953 -22.50000000 -44.40000000
v -79.80000000 -22.50000000 -44.14239633
v -79.68455994 -22.50000000 -44.70000000
v -79.61218163 -22.50000000 -45.00000000
v -79.80000000 -22.80000000 -40.52792370
v -79.80000000 -22.80000000 -44.10000000
v -79.73455822 -22.80000000 -44.40000000
v -79.66072640 -22.80000000 -44.70000000
v -79.58504949 -22.80000000 -45.00000000
v -79.80000000 -22.85540378 -40.50000000
v -79.80000000 -23.10000000 -40.20000000
v -79.80000000 -23.10000000 -43.80000000
v -79.76098829 -23.10000000 -44.10000000
v -79.69643627 -23.10000000 -44.40000000
v -79.60578505 -23.10000000 -44.70000000
v -79.80000000 -23.40000000 -40.20000000
v -79.75499663 -23.40000000 -43.80000000
v -79.80000000 -23.40000000 -43.50939838
v -79.71047525 -23.40000000 -44.10000000
v -79.64661921 -23.40000000 -44.40000000
v -79.53376788 -23.40000000 -44.70000000
v -79.63241906 -23.70000000 -40.50000000
v -79.80000000 -23.48345500 -40.50000000
v -79.69124999 -23.70000000 -40.80000000
v -79.80000000 -23.52899652 -40.80000000
v -79.74850140 -23.70000000 -41.10000000
v -79.80000000 -23.59606188 -41.10000000
v -79.80000000 -23.70000000 -41.40000000
v -79.80000000 -23.70000000 -43.20000000
v -79.73061511 -23.70000000 -43.50000000
v -79.80000000 -23.40664195 -43.50000000
v -79.67309549 -23.70000000 -43.80000000
v -79.63356366 -23.70000000 -44.10000000
v -79.58745101 -23.70000000 -44.40000000
v -79.60925927 -24.00000000 -41.10000000
v -79.72826147 -24.00000000 -41.40000000
v -79.79652216 -24.00000000 -41.70000000
v -79.80000000 -23.98266630 -41.70000000
v -79.80000000 -24.00000000 -41.72693792
v -79.80000000 -24.00000000 -42.90000000
v -79.73048093 -24.00000000 -43.20000000
v -79.63098342 -24.00000000 -43.50000000
v -79.53100329 -24.00000000 -43.80000000
v -79.52872960 -24.30000000 -41.10000000
v -79.67135865 -24.30000000 -41.40000000
v -79.73465847 -24.30000000 -41.70000000
v -79.76369945 -24.30000000 -42.00000000
v -79.80000000 -24.14558632 -42.00000000
v -79.77277757 -24.30000000 -42.30000000
v -79.80000000 -24.19019514 -42.30000000
v -79.76410326 -24.30000000 -42.60000000
v -79.80000000 -24.15027365 -42.60000000
v -79.73180620 -24.30000000 -42.90000000
v -79.66245185 -24.30000000 -43.20000000
v -79.53671436 -24.30000000 -43.50000000
v -79.60756772 -24.60000000 -41.40000000
v -79.64841677 -24.60000000 -41.70000000
v -79.66083696 -24.60000000 -42.00000000
v -79.66348202 -24.60000000 -42.30000000
v -79.65945694 -24.60000000 -42.60000000
v -79.64229206 -24.60000000 -42.90000000
v -79.59652650 -24.60000000 -43.20000000
v -79.88714749 -17.10000000 -40.50000000
v -79.93562142 -17.10000000 -40.80000000
v -79.95151037 -17.10000000 -41.10000000
v -79.92150627 -17.10000000 -41.40000000
v -79.87761052 -17.10000000 -41.70000000
v -79.84016769 -17.10000000 -42.00000000
v -79.81530367 -17.10000000 -42.30000000
v -79.80430502 -17.10000000 -42.60000000
v -79.94817556 -17.40000000 -40.20000000
v -80.06417644 -17.40000000 -40.50000000
v -80.10000000 -17.40000000 -40.80000000
v -80.10000000 -17.40000000 -41.10000000
v -80.10000000 -17.40000000 -41.40000000
v -80.09508404 -17.40000000 -41.70000000
v -80.07750884 -17.40000000 -42.00000000
v -80.05310782 -17.40000000 -42.30000000
v -80.01525882 -17.40000000 -42.60000000
v -79.94467754 -17.40000000 -42.90000000
v -80.10000000 -17.70000000 -40.20000000
v -80.10000000 -17.47128099 -40.50000000
v -80.10000000 -17.40778565 -41.70000000
v -80.10000000 -17.43345453 -42.00000000
v -80.10000000 -17.46762454 -42.30000000
v -80.10000000 -17.52684141 -42.60000000
v -80.10000000 -17.64696267 -42.90000000
v -80.03574505 -17.70000000 -43.20000000
v -80.10000000 -17.70000000 -43.00252888
v -79.96199308 -17.70000000 -43.50000000
v -79.89590822 -17.70000000 -43.80000000
v -80.10000000 -18.00000000 -40.15693061
v -80.10000000 -17.82084895 -43.20000000
v -80.10000000 -18.00000000 -43.50000000
v -80.03958790 -18.00000000 -43.80000000
v -79.95532229 -18.00000000 -44.10000000
v -80.10000000 -18.30000000 -40.16779911
v -80.10000000 -18.21244439 -43.80000000
v -80.10000000 -18.30000000 -44.10000000
v -79.88385291 -18.30000000 -44.40000000
v -80.10000000 -18.60000000 -40.20000000
v -80.10000000 -18.60000000 -43.80000000
v -80.02950075 -18.60000000 -44.10000000
v -79.88911449 -18.60000000 -44.40000000
v -80.10000000 -18.80738169 -40.50000000
v -80.10000000 -18.90000000 -40.58959927
v -80.10000000 -18.90000000 -43.50000000
v -80.04863652 -18.90000000 -43.80000000
v -79.97196660 -18.90000000 -44.10000000
v -79.85924641 -18.90000000 -44.40000000
v -80.10000000 -19.20000000 -40.80000000
v -80.10000000 -19.20000000 -43.50000000
v -80.01327164 -19.20000000 -43.80000000
v -79.92745477 -19.20000000 -44.10000000
v -79.82555122 -19.20000000 -44.40000000
v -80.10000000 -19.50000000 -40.97114476
v -80.07515271 -19.50000000 -43.50000000
v -80.10000000 -19.50000000 -43.42985300
v -79.97937993 -19.50000000 -43.80000000
v -79.89040962 -19.50000000 -44.10000000
v -80.10000000 -19.80000000 -41.10000000
v -80.10000000 -19.80000000 -43.20000000
v -80.02091854 -19.80000000 -43.50000000
v -79.93748966 -19.80000000 -43.80000000
v -79.85314770 -19.80000000 -44.10000000
v -79.88972245 -20.10000000 -41.10000000
v -80.10000000 -20.10000000 -41.30268770
v -80.02790550 -20.10000000 -43.20000000
v -80.10000000 -20.10000000 -42.90770617
v -79.95638793 -20.10000000 -43.50000000
v -79.88861804 -20.10000000 -43.80000000
v -79.82154219 -20.10000000 -44.10000000
v -79.80355265 -20.40000000 -41.10000000
v -80.10000000 -20.40000000 -41.40000000
v -80.10000000 -20.40000000 -42.30000000
v -80.07581548 -20.40000000 -42.60000000
v -80.10000000 -20.31886480 -42.60000000
v -80.02341257 -20.40000000 -42.90000000
v -80.10000000 -20.10721918 -42.90000000
v -79.95334298 -20.40000000 -43.20000000
v -79.88262621 -20.40000000 -43.50000000
v -79.83614646 -20.40000000 -43.80000000
v -80.10000000 -20.70000000 -41.40000000
v -80.10000000 -20.70000000 -42.00000000
v -80.06128393 -20.70000000 -42.30000000
v -80.01934530 -20.70000000 -42.60000000
v -79.96313518 -20.70000000 -42.90000000
v -79.88996498 -20.70000000 -43.20000000
v -79.84600515 -21.00000000 -41.10000000
v -80.10000000 -21.00000000 -41.40000000
v -80.07736878 -21.00000000 -42.00000000
v -80.10000000 -21.00000000 -41.81030480
v -80.03309354 -21.00000000 -42.30000000
v -79.98267638 -21.00000000 -42.60000000
v -79.92455664 -21.00000000 -42.90000000
v -79.86020120 -21.00000000 -43.20000000
v -79.94656307 -21.30000000 -41.10000000
v -80.10000000 -21.30000000 -41.40000000
v -80.09796560 -21.30000000 -41.70000000
v -80.10000000 -21.26299466 -41.70000000
v -80.05871942 -21.30000000 -42.00000000
v -80.01196023 -21.30000000 -42.30000000
v -79.96078984 -21.30000000 -42.60000000
v -79.90531326 -21.30000000 -42.90000000
v -79.84955916 -21.30000000 -43.20000000
v -79.80088081 -21.30000000 -43.50000000
v -80.10000000 -21.60000000 -41.10000000
v -80.08530071 -21.60000000 -41.70000000
v -80.10000000 -21.60000000 -41.53406920
v -80.04418647 -21.60000000 -42.00000000
v -79.99947012 -21.60000000 -42.30000000
v -79.95137860 -21.60000000 -42.60000000
v -79.90010457 -21.60000000 -42.90000000
v -79.84777966 -21.60000000 -43.20000000
v -79.84351737 -21.90000000 -40.80000000
v -80.10000000 -21.90000000 -41.10000000
v -80.10000000 -21.90000000 -41.40000000
v -80.07925295 -21.90000000 -41.70000000
v -80.03942046 -21.90000000 -42.00000000
v -79.99539490 -21.90000000 -42.30000000
v -79.95088006 -21.90000000 -42.60000000
v -79.90508570 -21.90000000 -42.90000000
v -79.85562513 -21.90000000 -43.20000000
v -79.92792904 -22.20000000 -40.80000000
v -80.10000000 -22.20000000 -41.06895144
v -80.10000000 -22.20000000 -41.40000000
v -80.07810297 -22.20000000 -41.70000000
v -80.03728449 -22.20000000 -42.00000000
v -79.99449256 -22.20000000 -42.30000000
v -79.95419010 -22.20000000 -42.60000000
v -79.91543296 -22.20000000 -42.90000000
v -79.87756112 -22.20000000 -43.20000000
v -79.84413315 -22.20000000 -43.50000000
v -79.82367128 -22.20000000 -43.80000000
v -80.10000000 -22.50000000 -40.80000000
v -80.07446562 -22.50000000 -41.70000000
v -80.10000000 -22.50000000 -41.53690884
v -80.02944837 -22.50000000 -42.00000000
v -79.99077552 -22.50000000 -42.30000000
v -79.95646548 -22.50000000 -42.60000000
v -79.92478471 -22.50000000 -42.90000000
v -79.89546244 -22.50000000 -43.20000000
v -79.86972209 -22.50000000 -43.50000000
v -79.84490918 -22.50000000 -43.80000000
v -79.80773601 -22.50000000 -44.10000000
v -80.10000000 -22.80000000 -40.80000000
v -80.10000000 -22.80000000 -41.40000000
v -80.04963904 -22.80000000 -41.70000000
v -80.01083301 -22.80000000 -42.00000000
v -79.98060042 -22.80000000 -42.30000000
v -79.95329020 -22.80000000 -42.60000000
v -79.92616981 -22.80000000 -42.90000000
v -79.89844108 -22.80000000 -43.20000000
v -79.86948552 -22.80000000 -43.50000000
v -79.83733719 -22.80000000 -43.80000000
v -79.89344411 -23.10000000 -40.50000000
v -79.97523298 -23.10000000 -40.80000000
v -80.01006639 -23.10000000 -41.10000000
v -80.10000000 -22.85831230 -41.10000000
v -80.01091850 -23.10000000 -41.40000000
v -79.99544678 -23.10000000 -41.70000000
v -79.97877157 -23.10000000 -42.00000000
v -79.96187409 -23.10000000 -42.30000000
v -79.94123038 -23.10000000 -42.60000000
v -79.91494352 -23.10000000 -42.90000000
v -79.88311231 -23.10000000 -43.20000000
v -79.84563709 -23.10000000 -43.50000000
v -79.84612297 -23.40000000 -40.50000000
v -79.86369414 -23.40000000 -40.80000000
v -79.88447086 -23.40000000 -41.10000000
v -79.90598235 -23.40000000 -41.40000000
v -79.92573520 -23.40000000 -41.70000000
v -79.93582254 -23.40000000 -42.00000000
v -79.93356796 -23.40000000 -42.30000000
v -79.91811726 -23.40000000 -42.60000000
v -79.88947352 -23.40000000 -42.90000000
v -79.84936421 -23.40000000 -43.20000000
v -79.80145861 -23.40000000 -43.50000000
v -79.85582129 -23.70000000 -41.70000000
v -79.88698910 -23.70000000 -42.00000000
v -79.89533464 -23.70000000 -42.30000000
v -79.88302566 -23.70000000 -42.60000000
v -79.85073467 -23.70000000 -42.90000000
v -79.83283665 -24.00000000 -42.00000000
v -79.84471663 -24.00000000 -42.30000000
v -79.83433077 -24.00000000 -42.60000000
v -80.20525270 -17.70000000 -40.50000000
v -80.26355936 -17.70000000 -40.80000000
v -80.27870711 -17.70000000 -41.10000000
v -80.27718015 -17.70000000 -41.40000000
v -80.27172870 -17.70000000 -41.70000000
v -80.26389670 -17.70000000 -42.00000000
v -80.24931740 -17.70000000 -42.30000000
v -80.21172610 -17.70000000 -42.60000000
v -80.13207212 -17.70000000 -42.90000000
v -80.13507634 -18.00000000 -40.20000000
v -80.29544371 -18.00000000 -40.50000000
v -80.40000000 -18.00000000 -40.80000000
v -80.40000000 -17.97058936 -41.10000000
v -80.40000000 -17.97953644 -41.40000000
v -80.40000000 -17.99205051 -41.70000000
v -80.40000000 -17.99861639 -42.00000000
v -80.40000000 -17.99721754 -42.30000000
v -80.40000000 -18.00000000 -42.60000000
v -80.29321960 -18.00000000 -42.90000000
v -80.18650438 -18.00000000 -43.20000000
v -80.13333113 -18.30000000 -40.20000000
v -80.31926813 -18.30000000 -40.50000000
v -80.40000000 -18.30000000 -40.71766849
v -80.40000000 -18.30000000 -42.90000000
v -80.27243092 -18.30000000 -43.20000000
v -80.17517055 -18.30000000 -43.50000000
v -80.12131836 -18.30000000 -43.80000000
v -80.25344280 -18.60000000 -40.50000000
v -80.40000000 -18.60000000 -40.80000000
v -80.29285271 -18.60000000 -43.20000000
v -80.40000000 -18.60000000 -42.92232783
v -80.17466013 -18.60000000 -43.50000000
v -80.28714213 -18.90000000 -40.80000000
v -80.40000000 -18.90000000 -40.98970454
v -80.27567535 -18.90000000 -43.20000000
v -80.40000000 -18.90000000 -42.91623035
v -80.40000000 -19.20000000 -41.10000000
v -80.40000000 -19.20000000 -42.90000000
v -80.24704336 -19.20000000 -43.20000000
v -80.23180001 -19.50000000 -41.10000000
v -80.40000000 -19.50000000 -41.40000000
v -80.40000000 -19.50000000 -42.30000000
v -80.36333508 -19.50000000 -42.60000000
v -80.40000000 -19.36391189 -42.60000000
v -80.29434423 -19.50000000 -42.90000000
v -80.18549543 -19.50000000 -43.20000000
v -80.28609113 -19.80000000 -41.40000000
v -80.40000000 -19.80000000 -41.70000000
v -80.40000000 -19.80000000 -42.00000000
v -80.33367609 -19.80000000 -42.30000000
v -80.26983231 -19.80000000 -42.60000000
v -80.19380143 -19.80000000 -42.90000000
v -80.16661961 -20.10000000 -41.40000000
v -80.26825999 -20.10000000 -41.70000000
v -80.27622942 -20.10000000 -42.00000000
v -80.22746957 -20.10000000 -42.30000000
v -80.16917589 -20.10000000 -42.60000000
v -80.10196003 -20.10000000 -42.90000000
v -80.17870546 -20.40000000 -41.70000000
v -80.16838433 -20.40000000 -42.00000000
v -80.13328608 -20.70000000 -41.70000000
v -80.11300531 -21.00000000 -41.70000000
v -80.11123293 -21.60000000 -41.40000000
v -80.11106623 -22.20000000 -41.10000000
v -80.14626737 -22.50000000 -41.10000000
v -80.12109537 -22.50000000 -41.40000000
v -80.11757804 -22.80000000 -41.10000000
v -80.41173328 -18.00000000 -41.10000000
v -80.40831052 -18.00000000 -41.40000000
v -80.40327348 -18.00000000 -41.70000000
v -80.40058481 -18.00000000 -42.00000000
v -80.40124962 -18.00000000 -42.30000000
v -80.42576912 -18.30000000 -40.80000000
v -80.47021962 -18.30000000 -41.10000000
v -80.48332746 -18.30000000 -41.40000000
v -80.48607205 -18.30000000 -41.70000000
v -80.48535712 -18.30000000 -42.00000000
v -80.47832568 -18.30000000 -42.30000000
v -80.45499178 -18.30000000 -42.60000000
v -80.47361857 -18.60000000 -41.10000000
v -80.51108520 -18.60000000 -41.40000000
v -80.52515931 -18.60000000 -41.70000000
v -80.52573639 -18.60000000 -42.00000000
v -80.51236807 -18.60000000 -42.30000000
v -80.47670283 -18.60000000 -42.60000000
v -80.40801178 -18.60000000 -42.90000000
v -80.44447645 -18.90000000 -41.10000000
v -80.50530390 -18.90000000 -41.40000000
v -80.52782214 -18.90000000 -41.70000000
v -80.52837864 -18.90000000 -42.00000000
v -80.51147860 -18.90000000 -42.30000000
v -80.47447504 -18.90000000 -42.60000000
v -80.40640551 -18.90000000 -42.90000000
v -80.47090118 -19.20000000 -41.40000000
v -80.50174576 -19.20000000 -41.70000000
v -80.50031358 -19.20000000 -42.00000000
v -80.47500052 -19.20000000 -42.30000000
v -80.44238543 -19.20000000 -42.60000000
v -80.45694155 -19.50000000 -41.70000000
v -80.45323314 -19.50000000 -42.00000000
f 3 2 1
f 5349 5560 5563
f 5563 5558 5564
f 5564 5558 5559
f 5562 5557 5345
f 5561 5562 5345
f 5345 5348 5561
f 5344 5556 5346
f 5556 5560 5346
f 5556 5558 5560
f 5555 5558 5556
f 5558 5555 5554
f 5559 5558 5554
f 5557 5339 5345
f 5548 5339 5557
f 5343 5556 5344
f 5563 5560 5558
f 5556 5343 5555
f 5560 5349 5346
f 5565 5348 5566
f 5567 5356 5352
f 5568 5572 5571
f 5568 5571 5357
f 5568 5357 5567
f 5567 5357 5356
f 5573 5571 5572
f 5570 5566 5351
f 5569 5570 5351
f 5351 5354 5569
f 5349 5563 5352
f 5563 5567 5352
f 5567 5563 5568
f 5568 5563 5564
f 5561 5565 5562
f 5566 5348 5351
f 5565 5561 5348
f 5574 5569 5354
f 5343 5342 5555
f 5342 5341 5554
f 5328 5544 5329
f 5543 5544 5328
f 5327 5543 5328
f 5542 5543 5327
f 5326 5542 5327
f 5541 5542 5326
f 5323 5541 5326
f 5540 5541 5323
f 5540 5323 5538
f 5539 5531 5318
f 5318 5325 5539
f 5323 5322 5538
f 5322 5537 5538
f 5321 5537 5322
f 5536 5537 5321
f 5546 5545 5330
f 5555 5342 5554
f 5546 5330 5544
f 5331 5330 5545
f 5553 5341 5340
f 5554 5341 5553
f 5333 5553 5340
f 5552 5553 5333
f 5332 5552 5333
f 5551 5552 5332
f 5550 5551 5332
f 5547 5550 5332
f 5549 5550 5545
f 5545 5550 5547
f 5546 5549 5545
f 5548 5325 5339
f 5539 5325 5548
f 5331 5547 5332
f 5547 5331 5545
f 5544 5330 5329
f 5320 5536 5321
f 5360 5574 5354
f 5569 5574 5570
f 5601 5389 5603
f 5389 5601 5602
f 5595 5599 5600
f 5595 5598 5599
f 5594 5598 5595
f 5388 5598 5382
f 5598 5594 5382
f 5592 5385 5377
f 5385 5592 5384
f 5592 5591 5384
f 5384 5596 5383
f 5591 5596 5384
f 5383 5596 5597
f 5588 5594 5595
f 5590 5588 5595
f 5389 5390 5603
f 5587 5594 5588
f 5603 5390 5604
f 5604 5391 5383
f 5602 5612 5389
f 5612 5396 5389
f 5394 5396 5612
f 5611 5394 5612
f 5394 5611 5609
f 5395 5394 5609
f 5395 5609 5608
f 5610 5608 5609
f 5599 5606 5600
f 5600 5606 5607
f 5599 5605 5606
f 5598 5605 5599
f 5393 5605 5388
f 5605 5598 5388
f 5597 5604 5383
f 5390 5391 5604
f 5570 5574 5575
f 5382 5594 5587
f 5586 5379 5370
f 5583 5578 5364
f 5577 5366 5361
f 5366 5577 5365
f 5577 5576 5365
f 5576 5582 5581
f 5576 5581 5365
f 5580 5581 5582
f 5574 5578 5575
f 5575 5578 5579
f 5364 5578 5360
f 5578 5574 5360
f 5357 5571 5361
f 5571 5577 5361
f 5576 5577 5571
f 5576 5571 5573
f 5369 5583 5364
f 5587 5374 5382
f 5579 5583 5584
f 5585 5586 5580
f 5379 5586 5376
f 5586 5585 5376
f 5585 5593 5592
f 5585 5592 5377
f 5585 5377 5376
f 5591 5592 5593
f 5589 5588 5590
f 5583 5587 5588
f 5584 5583 5588
f 5584 5588 5589
f 5374 5587 5369
f 5587 5583 5369
f 5581 5370 5365
f 5586 5581 5580
f 5370 5581 5586
f 5578 5583 5579
f 5613 5605 5393
f 5535 5536 5320
f 5534 5535 5319
f 5486 5487 5273
f 5272 5486 5273
f 5485 5486 5272
f 5271 5485 5272
f 5484 5485 5271
f 5270 5484 5271
f 5483 5484 5270
f 5269 5483 5270
f 5482 5483 5269
f 5268 5482 5269
f 5481 5482 5268
f 5267 5481 5268
f 5480 5481 5267
f 5266 5480 5267
f 5479 5480 5266
f 5273 5487 5274
f 5265 5479 5266
f 5487 5488 5274
f 5276 5275 5489
f 5497 5491 5279
f 5283 5282 5496
f 5282 5495 5496
f 5281 5495 5282
f 5494 5495 5281
f 5280 5494 5281
f 5490 5494 5280
f 5490 5280 5276
f 5264 5492 5478
f 5278 5492 5264
f 5491 5492 5278
f 5491 5493 5492
f 5278 5279 5491
f 5489 5490 5276
f 5489 5275 5488
f 5274 5488 5275
f 5284 5497 5279
f 5478 5479 5265
f 5470 5477 5256
f 5253 5254 5467
f 5466 5252 5253
f 5468 5466 5253
f 5468 5253 5467
f 5466 5461 5252
f 5461 5247 5252
f 5457 5459 5465
f 5251 5465 5464
f 5245 5465 5251
f 5245 5457 5465
f 5250 5251 5464
f 5463 5250 5464
f 5248 5250 5463
f 5462 5248 5463
f 5248 5462 5249
f 5256 5469 5470
f 5265 5264 5478
f 5255 5469 5256
f 5255 5257 5471
f 5477 5262 5256
f 5261 5262 5477
f 5476 5261 5477
f 5260 5261 5476
f 5475 5260 5476
f 5259 5260 5475
f 5474 5259 5475
f 5258 5259 5474
f 5473 5258 5474
f 5472 5258 5473
f 5467 5258 5472
f 5467 5254 5258
f 5468 5467 5472
f 5462 5471 5249
f 5471 5257 5249
f 5469 5255 5471
f 5319 5535 5320
f 5491 5497 5493
f 5498 5499 5283
f 5308 5525 5309
f 5524 5525 5308
f 5307 5524 5308
f 5523 5524 5307
f 5520 5523 5307
f 5520 5307 5305
f 5507 5521 5522
f 5306 5521 5293
f 5521 5507 5293
f 5304 5520 5305
f 5519 5304 5303
f 5520 5304 5519
f 5302 5519 5303
f 5518 5519 5302
f 5301 5518 5302
f 5526 5310 5525
f 5517 5518 5301
f 5525 5310 5309
f 5527 5311 5526
f 5315 5534 5319
f 5533 5534 5315
f 5530 5533 5315
f 5532 5528 5527
f 5526 5532 5527
f 5318 5531 5522
f 5318 5522 5521
f 5521 5306 5318
f 5314 5530 5315
f 5530 5314 5529
f 5314 5313 5529
f 5529 5313 5528
f 5313 5312 5528
f 5528 5312 5527
f 5312 5311 5527
f 5311 5310 5526
f 5498 5283 5496
f 5300 5517 5301
f 5299 5516 5300
f 5506 5503 5505
f 5290 5503 5506
f 5505 5503 5502
f 5504 5284 5291
f 5497 5284 5504
f 5289 5503 5290
f 5503 5289 5502
f 5289 5288 5502
f 5501 5288 5287
f 5502 5288 5501
f 5286 5501 5287
f 5500 5501 5286
f 5285 5500 5286
f 5499 5500 5285
f 5283 5499 5285
f 5290 5506 5292
f 5516 5517 5300
f 5507 5504 5293
f 5505 5508 5506
f 5515 5516 5299
f 5298 5515 5299
f 5514 5515 5298
f 5297 5514 5298
f 5513 5514 5297
f 5296 5513 5297
f 5512 5513 5296
f 5295 5512 5296
f 5511 5512 5295
f 5294 5511 5295
f 5510 5511 5294
f 5292 5510 5294
f 5509 5510 5292
f 5508 5509 5292
f 5506 5508 5292
f 5293 5504 5291
f 5398 5613 5393
f 5605 5613 5606
f 5606 5613 5614
f 5716 5717 5499
f 5498 5716 5499
f 5715 5716 5498
f 5715 5498 5713
f 5713 5498 5496
f 5714 5493 5497
f 5707 5493 5714
f 5496 5495 5713
f 5495 5712 5713
f 5494 5712 5495
f 5711 5712 5494
f 5490 5711 5494
f 5710 5711 5490
f 5709 5710 5490
f 5704 5709 5490
f 5499 5717 5500
f 5705 5709 5704
f 5719 5718 5501
f 5717 5501 5500
f 5726 5727 5505
f 5725 5726 5505
f 5723 5725 5505
f 5722 5725 5723
f 5507 5724 5721
f 5507 5721 5720
f 5720 5504 5507
f 5502 5723 5505
f 5723 5718 5722
f 5502 5718 5723
f 5722 5718 5719
f 5721 5714 5497
f 5720 5721 5497
f 5497 5504 5720
f 5501 5718 5502
f 5719 5501 5717
f 5505 5727 5508
f 5694 5478 5708
f 5706 5708 5492
f 5696 5697 5481
f 5480 5696 5481
f 5695 5696 5480
f 5479 5695 5480
f 5693 5695 5479
f 5479 5478 5693
f 5478 5694 5693
f 5474 5689 5692
f 5687 5474 5692
f 5682 5691 5470
f 5691 5477 5470
f 5476 5477 5691
f 5690 5476 5691
f 5475 5476 5690
f 5688 5475 5690
f 5481 5697 5482
f 5492 5708 5478
f 5697 5698 5482
f 5698 5699 5483
f 5492 5493 5706
f 5493 5707 5706
f 5489 5704 5490
f 5703 5489 5488
f 5705 5489 5703
f 5705 5704 5489
f 5487 5703 5488
f 5702 5703 5487
f 5486 5702 5487
f 5701 5702 5486
f 5485 5701 5486
f 5700 5701 5485
f 5484 5700 5485
f 5699 5700 5484
f 5483 5699 5484
f 5482 5698 5483
f 5474 5475 5688
f 5727 5728 5508
f 5728 5729 5509
f 5757 5756 5536
f 5534 5755 5535
f 5754 5755 5534
f 5533 5754 5534
f 5753 5754 5533
f 5530 5753 5533
f 5752 5753 5530
f 5529 5752 5530
f 5751 5752 5529
f 5528 5751 5529
f 5750 5751 5528
f 5532 5750 5528
f 5749 5750 5532
f 5526 5749 5532
f 5748 5749 5526
f 5757 5536 5755
f 5747 5748 5526
f 5755 5536 5535
f 5758 5537 5756
f 5765 5543 5764
f 5543 5542 5764
f 5764 5542 5763
f 5542 5541 5763
f 5763 5541 5762
f 5541 5540 5762
f 5761 5538 5758
f 5761 5540 5538
f 5761 5762 5540
f 5760 5761 5756
f 5756 5761 5758
f 5757 5760 5756
f 5759 5531 5539
f 5746 5531 5759
f 5537 5758 5538
f 5537 5536 5756
f 5508 5728 5509
f 5745 5747 5526
f 5746 5522 5531
f 5516 5736 5517
f 5735 5736 5516
f 5515 5735 5516
f 5734 5735 5515
f 5514 5734 5515
f 5733 5734 5514
f 5513 5733 5514
f 5732 5733 5513
f 5512 5732 5513
f 5731 5732 5512
f 5511 5731 5512
f 5730 5731 5511
f 5510 5730 5511
f 5729 5730 5510
f 5509 5729 5510
f 5736 5737 5517
f 5744 5747 5745
f 5517 5737 5518
f 5739 5519 5737
f 5740 5522 5746
f 5525 5745 5526
f 5745 5525 5744
f 5525 5524 5744
f 5743 5524 5523
f 5744 5524 5743
f 5520 5743 5523
f 5742 5743 5520
f 5741 5742 5520
f 5738 5741 5520
f 5739 5741 5738
f 5740 5507 5522
f 5724 5507 5740
f 5519 5738 5520
f 5737 5519 5518
f 5739 5738 5519
f 5474 5688 5689
f 5686 5473 5474
f 5687 5686 5474
f 5422 5641 5642
f 5633 5639 5634
f 5634 5639 5640
f 5420 5639 5415
f 5639 5633 5415
f 5631 5638 5412
f 5638 5418 5412
f 5417 5418 5638
f 5637 5417 5638
f 5416 5417 5637
f 5635 5416 5637
f 5416 5635 5636
f 5629 5633 5630
f 5630 5633 5634
f 5415 5633 5411
f 5421 5641 5422
f 5633 5629 5411
f 5641 5421 5643
f 5643 5423 5644
f 5650 5648 5430
f 5646 5649 5427
f 5649 5431 5427
f 5430 5648 5426
f 5648 5645 5426
f 5642 5647 5422
f 5647 5428 5422
f 5427 5428 5647
f 5646 5427 5647
f 5639 5645 5640
f 5426 5645 5420
f 5645 5639 5420
f 5636 5644 5416
f 5644 5424 5416
f 5423 5424 5644
f 5421 5423 5643
f 5433 5650 5430
f 5627 5632 5408
f 5412 5413 5632
f 5614 5620 5621
f 5613 5620 5614
f 5404 5620 5398
f 5620 5613 5398
f 5608 5402 5395
f 5402 5619 5401
f 5608 5619 5402
f 5608 5610 5619
f 5400 5401 5619
f 5618 5400 5619
f 5399 5400 5618
f 5616 5399 5618
f 5399 5616 5617
f 5606 5614 5607
f 5607 5614 5615
f 5615 5621 5622
f 5632 5413 5408
f 5614 5621 5615
f 5617 5623 5399
f 5631 5412 5632
f 5624 5629 5625
f 5625 5629 5630
f 5411 5629 5407
f 5629 5624 5407
f 5623 5628 5405
f 5628 5409 5405
f 5408 5409 5628
f 5626 5408 5628
f 5408 5626 5627
f 5621 5624 5622
f 5622 5624 5625
f 5620 5624 5621
f 5407 5624 5620
f 5620 5404 5407
f 5623 5405 5399
f 5435 5651 5652
f 5434 5651 5435
f 5651 5434 5431
f 5463 5464 5678
f 5677 5463 5678
f 5462 5463 5677
f 5672 5456 5461
f 5672 5461 5675
f 5676 5672 5675
f 5671 5674 5454
f 5674 5460 5454
f 5458 5460 5674
f 5673 5458 5674
f 5458 5673 5459
f 5672 5455 5456
f 5670 5455 5672
f 5670 5453 5455
f 5667 5671 5451
f 5678 5464 5679
f 5671 5454 5451
f 5464 5465 5679
f 5673 5679 5459
f 5472 5473 5686
f 5685 5472 5686
f 5685 5681 5472
f 5681 5468 5472
f 5462 5677 5684
f 5471 5684 5683
f 5462 5684 5471
f 5469 5471 5683
f 5682 5469 5683
f 5469 5682 5470
f 5468 5681 5466
f 5680 5466 5681
f 5675 5466 5680
f 5675 5461 5466
f 5676 5675 5680
f 5679 5465 5459
f 5453 5666 5449
f 5670 5666 5453
f 5446 5664 5669
f 5441 5659 5442
f 5442 5659 5660
f 5653 5657 5654
f 5654 5657 5658
f 5440 5657 5436
f 5657 5653 5436
f 5652 5656 5435
f 5656 5439 5435
f 5438 5439 5656
f 5655 5438 5656
f 5437 5438 5655
f 5650 5653 5654
f 5436 5653 5433
f 5653 5650 5433
f 5649 5651 5431
f 5437 5661 5441
f 5441 5661 5659
f 5437 5655 5661
f 5657 5440 5444
f 5452 5669 5668
f 5446 5669 5452
f 5450 5452 5668
f 5667 5450 5668
f 5450 5667 5451
f 5666 5445 5449
f 5662 5445 5666
f 5461 5243 5247
f 5660 5665 5442
f 5447 5448 5665
f 5663 5447 5665
f 5446 5447 5663
f 5446 5663 5664
f 5445 5662 5658
f 5444 5445 5658
f 5444 5658 5657
f 5665 5448 5442
f 5456 5243 5461
f 5240 5454 5460
f 5246 5460 5458
f 5044 5262 5049
f 5048 5049 5261
f 5260 5048 5261
f 5047 5048 5260
f 5259 5047 5260
f 5258 5047 5259
f 5040 5047 5258
f 5254 5040 5258
f 5249 5257 5036
f 5257 5046 5036
f 5045 5046 5257
f 5255 5045 5257
f 5044 5045 5255
f 5044 5255 5256
f 5253 5039 5040
f 5049 5262 5261
f 5254 5253 5040
f 5044 5256 5262
f 5052 5263 5053
f 5270 5271 5053
f 5263 5270 5053
f 5051 5269 5270
f 5051 5270 5263
f 5050 5269 5051
f 5268 5269 5050
f 5060 5268 5050
f 5267 5268 5060
f 5059 5267 5060
f 5266 5267 5059
f 5058 5266 5059
f 5265 5266 5058
f 5057 5265 5058
f 5264 5265 5057
f 5057 5056 5264
f 5052 5051 5263
f 5271 5272 5053
f 5038 5039 5253
f 5252 5247 5038
f 5241 5243 5242
f 5026 5239 5024
f 5241 5239 5026
f 5241 5242 5239
f 5240 5025 5021
f 5239 5020 5024
f 5236 5020 5239
f 5016 5231 5238
f 5022 5238 5237
f 5016 5238 5022
f 5021 5022 5237
f 5020 5236 5235
f 5235 5230 5020
f 5230 5015 5020
f 5012 5229 5234
f 5027 5244 5245
f 5252 5038 5253
f 5027 5028 5244
f 5028 5029 5246
f 5247 5033 5038
f 5027 5245 5251
f 5037 5251 5250
f 5027 5251 5037
f 5035 5037 5250
f 5248 5035 5250
f 5035 5248 5036
f 5036 5248 5249
f 5033 5247 5243
f 5032 5033 5243
f 5032 5243 5030
f 5243 5241 5030
f 5241 5026 5030
f 5240 5246 5025
f 5246 5029 5025
f 5244 5028 5246
f 5019 5234 5233
f 5053 5272 5061
f 5061 5273 5062
f 5298 5299 5091
f 5090 5298 5091
f 5297 5298 5090
f 5089 5297 5090
f 5296 5297 5089
f 5088 5296 5089
f 5295 5296 5088
f 5087 5295 5088
f 5294 5295 5087
f 5292 5294 5087
f 5292 5087 5084
f 5293 5083 5086
f 5291 5083 5293
f 5081 5292 5084
f 5290 5292 5081
f 5091 5299 5092
f 5291 5074 5083
f 5299 5300 5092
f 5300 5301 5093
f 5308 5309 5101
f 5098 5308 5101
f 5307 5308 5098
f 5307 5098 5305
f 5306 5086 5100
f 5293 5086 5306
f 5098 5097 5305
f 5097 5304 5305
f 5096 5304 5097
f 5303 5304 5096
f 5095 5303 5096
f 5302 5303 5095
f 5094 5302 5095
f 5301 5302 5094
f 5093 5301 5094
f 5092 5300 5093
f 5272 5273 5061
f 5284 5074 5291
f 5289 5080 5079
f 5277 5280 5069
f 5277 5069 5067
f 5276 5280 5277
f 5056 5278 5264
f 5056 5068 5278
f 5068 5279 5278
f 5066 5277 5067
f 5277 5066 5276
f 5066 5065 5276
f 5275 5065 5064
f 5276 5065 5275
f 5063 5275 5064
f 5274 5275 5063
f 5062 5274 5063
f 5273 5274 5062
f 5280 5281 5069
f 5080 5290 5081
f 5281 5282 5069
f 5283 5071 5282
f 5290 5080 5289
f 5078 5289 5079
f 5288 5289 5078
f 5077 5288 5078
f 5287 5288 5077
f 5076 5287 5077
f 5286 5287 5076
f 5075 5286 5076
f 5285 5286 5075
f 5283 5285 5075
f 5283 5075 5072
f 5284 5068 5074
f 5279 5068 5284
f 5071 5283 5072
f 5282 5071 5070
f 5069 5282 5070
f 5012 5234 5019
f 5018 5019 5233
f 5232 5018 5233
f 4973 5185 5178
f 5178 4966 4973
f 5175 4971 4962
f 4971 5184 4970
f 5175 5184 4971
f 4969 4970 5184
f 5183 4969 5184
f 4968 4969 5183
f 5182 4968 5183
f 4967 4968 5182
f 5181 4967 5182
f 5174 5179 5180
f 5174 5178 5179
f 5173 5178 5174
f 4966 5178 4960
f 5178 5185 5179
f 5178 5173 4960
f 5179 5185 5180
f 5180 5186 5187
f 4981 5194 5189
f 5189 4976 4981
f 5188 4979 4974
f 4979 5192 4977
f 5188 5192 4979
f 4977 5192 4978
f 4978 5192 5193
f 5186 5190 5187
f 5187 5190 5191
f 5186 5189 5190
f 5185 5189 5186
f 4976 5189 4973
f 5189 5185 4973
f 5181 4974 4967
f 5188 4974 5181
f 5180 5185 5186
f 5189 5194 5190
f 5170 4964 4958
f 5170 5177 4964
f 4956 5167 4948
f 5167 5159 4948
f 5157 4954 4947
f 4954 5166 4953
f 5157 5166 4954
f 4952 4953 5166
f 5165 4952 5166
f 4951 4952 5165
f 5164 4951 5165
f 4949 4951 5164
f 5162 4949 5164
f 4949 5162 4950
f 4950 5162 5163
f 5155 5160 5156
f 5156 5160 5161
f 5159 5167 5160
f 4964 5177 4963
f 5160 5167 5168
f 5160 5168 5161
f 4961 4963 5177
f 5176 4961 5177
f 4961 5176 5175
f 4962 4961 5175
f 5168 5173 5174
f 5169 5168 5174
f 5167 5173 5168
f 4960 5173 5167
f 5167 4956 4960
f 5163 5172 4950
f 5172 4959 4950
f 4957 4959 5172
f 5171 4957 5172
f 4957 5171 5170
f 4958 4957 5170
f 5161 5168 5169
f 5191 5190 5195
f 5190 5194 5195
f 5196 4982 5197
f 5008 5009 5224
f 5223 5008 5224
f 5221 5220 5222
f 5007 5217 5004
f 5220 5217 5007
f 5220 5221 5217
f 5216 5218 5003
f 5218 5005 5003
f 5005 5218 5006
f 5006 5218 5219
f 5004 5217 5215
f 5004 5215 5214
f 5214 5002 5004
f 5212 5216 4999
f 5216 5003 4999
f 5224 5009 5225
f 5210 5214 5211
f 5009 5010 5225
f 5219 5225 5006
f 5017 5018 5232
f 5231 5017 5232
f 5016 5017 5231
f 5015 5230 5227
f 5014 5015 5227
f 5014 5227 5226
f 5226 5011 5014
f 5223 5228 5008
f 5228 5013 5008
f 5012 5013 5228
f 5012 5228 5229
f 5220 5226 5222
f 5222 5226 5227
f 5011 5226 5007
f 5226 5220 5007
f 5225 5010 5006
f 5211 5214 5215
f 5002 5214 4998
f 5214 5210 4998
f 5196 5203 4982
f 5203 4989 4982
f 4988 4989 5203
f 5202 4988 5203
f 4987 4988 5202
f 5201 4987 5202
f 5195 5199 5200
f 5194 5199 5195
f 4986 5199 5194
f 5194 4981 4986
f 5193 5198 4978
f 5198 4984 4978
f 4983 4984 5198
f 5197 4983 5198
f 4982 4983 5197
f 5204 5199 4986
f 4992 5204 4986
f 5200 5204 5205
f 5199 5204 5200
f 5207 5213 4994
f 5213 5000 4994
f 4999 5000 5213
f 5212 4999 5213
f 5204 5210 5205
f 5205 5210 5211
f 4998 5210 4992
f 5101 5309 5102
f 5210 5204 4992
f 5209 4996 4987
f 4995 4996 5209
f 5208 4995 5209
f 4993 4995 5208
f 5206 4993 5208
f 4993 5206 4994
f 4994 5206 5207
f 5201 5209 4987
f 5544 5543 5765
f 5309 5310 5102
f 5310 5311 5103
f 5408 5413 5198
f 5196 5197 5413
f 5412 5196 5413
f 5407 5410 5411
f 5406 5410 5407
f 5195 5410 5406
f 5406 5191 5195
f 5405 5409 5188
f 5409 5192 5188
f 5192 5409 5408
f 5193 5192 5408
f 5403 5406 5407
f 5404 5403 5407
f 5191 5406 5187
f 5406 5403 5187
f 5198 5413 5197
f 5399 5405 5181
f 5408 5198 5193
f 5200 5414 5195
f 5421 5206 5423
f 5206 5421 5207
f 5207 5421 5422
f 5414 5419 5415
f 5415 5419 5420
f 5205 5419 5200
f 5419 5414 5200
f 5412 5418 5196
f 5418 5203 5196
f 5202 5203 5418
f 5417 5202 5418
f 5201 5202 5417
f 5416 5201 5417
f 5410 5414 5411
f 5411 5414 5415
f 5414 5410 5195
f 5206 5208 5423
f 5405 5188 5181
f 5398 5403 5404
f 5175 5394 5395
f 5388 5392 5393
f 5387 5392 5388
f 5386 5392 5387
f 5174 5392 5386
f 5386 5169 5174
f 5383 5172 5163
f 5172 5391 5171
f 5383 5391 5172
f 5170 5171 5391
f 5390 5170 5391
f 5170 5390 5389
f 5382 5387 5388
f 5381 5387 5382
f 5381 5386 5387
f 5394 5175 5396
f 5397 5403 5398
f 5175 5176 5396
f 5177 5396 5176
f 5187 5403 5180
f 5403 5397 5180
f 5395 5402 5175
f 5402 5184 5175
f 5183 5184 5402
f 5401 5183 5402
f 5182 5183 5401
f 5400 5182 5401
f 5181 5182 5400
f 5399 5181 5400
f 5393 5397 5398
f 5392 5397 5393
f 5180 5397 5392
f 5392 5174 5180
f 5389 5177 5170
f 5389 5396 5177
f 5380 5386 5381
f 5423 5208 5424
f 5424 5209 5201
f 5235 5236 5445
f 5235 5445 5443
f 5443 5230 5235
f 5442 5448 5229
f 5448 5234 5229
f 5233 5234 5448
f 5447 5233 5448
f 5232 5233 5447
f 5446 5232 5447
f 5231 5232 5446
f 5444 5443 5445
f 5230 5440 5227
f 5443 5440 5230
f 5443 5444 5440
f 5437 5441 5223
f 5236 5449 5445
f 5441 5228 5223
f 5237 5450 5451
f 5231 5452 5238
f 5240 5460 5246
f 5244 5246 5458
f 5457 5244 5458
f 5457 5458 5459
f 5244 5457 5245
f 5242 5243 5456
f 5455 5242 5456
f 5455 5453 5242
f 5453 5239 5242
f 5237 5451 5454
f 5240 5237 5454
f 5453 5236 5239
f 5449 5236 5453
f 5231 5446 5452
f 5238 5452 5450
f 5237 5238 5450
f 5208 5209 5424
f 5228 5441 5229
f 5440 5222 5227
f 5427 5431 5212
f 5431 5216 5212
f 5425 5429 5426
f 5426 5429 5430
f 5215 5429 5211
f 5429 5425 5211
f 5422 5428 5207
f 5428 5213 5207
f 5212 5213 5428
f 5427 5212 5428
f 5419 5425 5420
f 5420 5425 5426
f 5211 5425 5205
f 5425 5419 5205
f 5416 5424 5201
f 5432 5429 5215
f 5229 5441 5442
f 5217 5432 5215
f 5429 5432 5430
f 5436 5222 5440
f 5435 5439 5219
f 5439 5225 5219
f 5224 5225 5439
f 5438 5224 5439
f 5223 5224 5438
f 5437 5223 5438
f 5222 5436 5433
f 5221 5222 5433
f 5221 5433 5432
f 5432 5217 5221
f 5431 5434 5216
f 5434 5218 5216
f 5218 5434 5219
f 5219 5434 5435
f 5430 5432 5433
f 5169 5386 5161
f 5386 5380 5161
f 5378 5166 5157
f 5337 5129 5336
f 5129 5128 5336
f 5336 5128 5335
f 5128 5127 5335
f 5335 5127 5334
f 5127 5126 5334
f 5334 5126 5333
f 5126 5125 5333
f 5333 5125 5332
f 5125 5124 5332
f 5331 5124 5123
f 5332 5124 5331
f 5122 5331 5123
f 5330 5331 5122
f 5121 5330 5122
f 5129 5337 5130
f 5329 5330 5121
f 5131 5132 5338
f 5338 5339 5119
f 5344 5346 5135
f 5338 5345 5339
f 5134 5345 5132
f 5345 5338 5132
f 5130 5344 5133
f 5343 5130 5337
f 5343 5344 5130
f 5342 5343 5336
f 5336 5343 5337
f 5341 5342 5335
f 5335 5342 5336
f 5340 5341 5334
f 5334 5341 5335
f 5333 5340 5334
f 5339 5325 5119
f 5338 5119 5131
f 5133 5344 5135
f 5120 5329 5121
f 5117 5328 5120
f 5318 5306 5113
f 5110 5317 5111
f 5317 5110 5316
f 5110 5109 5316
f 5316 5109 5315
f 5109 5107 5315
f 5315 5107 5314
f 5108 5314 5107
f 5106 5313 5108
f 5313 5314 5108
f 5313 5105 5312
f 5106 5105 5313
f 5104 5312 5105
f 5311 5312 5104
f 5103 5311 5104
f 5113 5306 5100
f 5328 5329 5120
f 5315 5319 5316
f 5319 5320 5316
f 5327 5328 5117
f 5326 5327 5117
f 5324 5326 5117
f 5323 5326 5324
f 5325 5113 5119
f 5318 5113 5325
f 5116 5324 5117
f 5324 5116 5323
f 5116 5115 5323
f 5322 5115 5114
f 5323 5115 5322
f 5111 5322 5114
f 5321 5322 5111
f 5320 5321 5111
f 5317 5320 5111
f 5316 5320 5317
f 5136 5137 5347
f 5347 5348 5345
f 5136 5347 5345
f 5370 5378 5157
f 5375 5378 5376
f 5376 5378 5379
f 5377 5375 5376
f 5368 5373 5369
f 5369 5373 5374
f 5368 5372 5373
f 5367 5372 5368
f 5156 5372 5153
f 5372 5367 5153
f 5151 5365 5154
f 5365 5371 5154
f 5370 5371 5365
f 5363 5368 5364
f 5364 5368 5369
f 5370 5379 5378
f 5363 5367 5368
f 5371 5370 5157
f 5371 5158 5154
f 5166 5378 5165
f 5378 5375 5165
f 5165 5385 5164
f 5375 5385 5165
f 5375 5377 5385
f 5162 5164 5385
f 5384 5162 5385
f 5162 5384 5383
f 5163 5162 5383
f 5373 5381 5382
f 5374 5373 5382
f 5373 5380 5381
f 5372 5380 5373
f 5161 5380 5156
f 5380 5372 5156
f 5158 5371 5157
f 5362 5367 5363
f 5153 5367 5150
f 5367 5362 5150
f 5357 5355 5356
f 5139 5353 5351
f 5353 5354 5351
f 5139 5143 5353
f 5350 5142 5138
f 5142 5350 5140
f 5350 5349 5140
f 5349 5352 5140
f 5347 5351 5348
f 5139 5351 5137
f 5351 5347 5137
f 5135 5346 5138
f 5346 5350 5138
f 5349 5350 5346
f 5136 5345 5134
f 5356 5355 5145
f 5356 5145 5352
f 5352 5145 5140
f 5143 5147 5358
f 5361 5366 5148
f 5366 5151 5148
f 5151 5366 5365
f 5359 5363 5360
f 5360 5363 5364
f 5359 5362 5363
f 5358 5362 5359
f 5102 5310 5103
f 5150 5362 5147
f 5355 5148 5145
f 5357 5361 5148
f 5355 5357 5148
f 5353 5359 5354
f 5354 5359 5360
f 5353 5358 5359
f 5143 5358 5353
f 5362 5358 5147
f 5155 5159 5160
f 5766 5544 5765
f 5539 5548 5767
f 6165 6170 6167
f 6170 6165 6166
f 6169 5984 5991
f 6163 5984 6169
f 5986 6168 5987
f 6168 5986 6167
f 5986 5985 6167
f 6167 5985 6165
f 5985 5983 6165
f 6164 5983 6162
f 6164 6166 5983
f 6166 6165 5983
f 6161 6164 6162
f 6163 5981 5984
f 6156 5981 6163
f 6167 6170 6171
f 5982 6162 5983
f 6167 6171 6168
f 5987 6168 6173
f 6179 6180 6172
f 6172 6180 6173
f 6178 6179 6171
f 6171 6179 6172
f 6170 6178 6171
f 6177 5991 5993
f 6169 5991 6177
f 5990 6176 5992
f 6176 5990 6175
f 5990 5989 6175
f 6175 5989 6174
f 5989 5988 6174
f 6174 5988 6173
f 5988 5987 6173
f 6173 6168 6172
f 6168 6171 6172
f 6181 6173 6180
f 6162 5982 6161
f 6160 5980 6155
f 6151 5975 6150
f 5975 5974 6150
f 6150 5974 6149
f 5974 5973 6149
f 6148 5973 5972
f 6149 5973 6148
f 5971 6148 5972
f 6147 6148 5971
f 5969 6147 5971
f 6146 6147 5969
f 6145 6146 5969
f 6142 6145 5969
f 6143 6145 6142
f 6144 5966 5970
f 6138 5966 6144
f 5976 5975 6151
f 5982 5980 6161
f 6152 5976 6151
f 6153 5977 6152
f 6160 6161 5980
f 6159 6160 6154
f 6154 6160 6155
f 6158 6159 6153
f 6153 6159 6154
f 6157 6158 6152
f 6152 6158 6153
f 6151 6157 6152
f 6156 5970 5981
f 6144 5970 6156
f 5979 6155 5980
f 6155 5979 6154
f 5979 5978 6154
f 6154 5978 6153
f 5978 5977 6153
f 5977 5976 6152
f 5968 6142 5969
f 6181 6174 6173
f 6175 6181 6182
f 6203 6205 6011
f 6203 6011 6202
f 6207 6205 6206
f 6200 6204 6201
f 6200 6009 6204
f 6009 6010 6204
f 6200 6007 6009
f 6006 6197 6008
f 6197 6202 6008
f 6202 6197 6203
f 6203 6197 6199
f 6196 6200 6201
f 6195 6200 6196
f 6007 6200 6195
f 6195 6004 6007
f 6203 6206 6205
f 6193 6005 6003
f 6202 6011 6008
f 6012 6013 6204
f 6209 6211 6217
f 6017 6217 6215
f 6018 6017 6215
f 6018 6215 6214
f 6216 6214 6215
f 6213 6013 6016
f 6208 6013 6213
f 6205 6015 6011
f 6015 6212 6014
f 6205 6212 6015
f 6205 6207 6212
f 6014 6212 6210
f 6014 6210 6209
f 6211 6209 6210
f 6013 6208 6204
f 6204 6010 6012
f 6174 6181 6175
f 6194 6198 6197
f 6194 6006 6193
f 5995 6184 5998
f 6184 6188 5998
f 6184 6187 6188
f 6183 6187 6184
f 6183 6186 6187
f 6182 6186 6183
f 6186 6182 6181
f 6185 5993 5997
f 6177 5993 6185
f 5994 6184 5995
f 6184 6176 6183
f 5994 6176 6184
f 5994 5992 6176
f 6176 6182 6183
f 6175 6182 6176
f 6185 5997 6189
f 6194 6197 6006
f 6189 5997 5999
f 6187 6190 6191
f 6193 6006 6005
f 6199 6197 6198
f 6192 6195 6196
f 6004 6195 6001
f 6195 6192 6001
f 6191 6002 6000
f 6193 6191 6190
f 6003 6191 6193
f 6003 6002 6191
f 6193 6190 6194
f 6001 6189 5999
f 6192 6189 6001
f 6188 6000 5998
f 6191 6188 6187
f 6000 6188 6191
f 6186 6190 6187
f 6209 6217 6019
f 6141 5968 5967
f 6143 6142 5968
f 6094 5925 6095
f 5924 5925 6094
f 6093 5924 6094
f 5922 5924 6093
f 6092 5922 6093
f 5922 6092 6091
f 5923 5922 6091
f 6091 6090 5921
f 5920 5921 6090
f 6089 5920 6090
f 6089 5919 5920
f 6084 5919 6089
f 6084 5914 5919
f 5911 6082 6088
f 5918 6088 6087
f 5925 5926 6095
f 5911 6088 5918
f 6095 5926 5916
f 6091 5921 5927
f 5936 5935 6102
f 6101 5935 5934
f 6102 5935 6101
f 5933 6101 5934
f 6100 6101 5933
f 5932 6100 5933
f 6099 6100 5932
f 6099 5932 6098
f 5932 5931 6098
f 6098 5931 6097
f 5931 5930 6097
f 6097 5930 6096
f 5930 5929 6096
f 5929 5928 6096
f 6091 5927 5923
f 6085 6095 5916
f 6103 5936 6102
f 5917 5918 6087
f 5915 5917 6086
f 6075 5900 6071
f 5905 5900 6075
f 6074 5899 5904
f 6070 5899 6074
f 6067 6073 5895
f 6073 5902 5895
f 5901 5902 6073
f 6072 5901 6073
f 5900 5901 6072
f 6071 5900 6072
f 5899 6070 6069
f 6069 5898 5899
f 6065 5898 6069
f 6065 5893 5898
f 6062 6068 5891
f 6074 5904 6076
f 6086 5917 6087
f 6076 5904 5906
f 5907 6077 5908
f 6085 5915 6086
f 5915 6085 5916
f 5914 6080 5910
f 6084 6080 5914
f 6078 6083 5908
f 6083 5913 5908
f 5912 5913 6083
f 6081 5912 6083
f 5911 5912 6081
f 5911 6081 6082
f 6080 5906 5910
f 6076 5906 6080
f 5905 6075 6079
f 5907 6079 6077
f 5905 6079 5907
f 5908 6077 6078
f 6143 5968 6141
f 5936 6103 5937
f 6104 6105 5939
f 5959 5958 6131
f 6130 5958 5957
f 6131 5958 6130
f 5956 6130 5957
f 6129 6130 5956
f 5955 6129 5956
f 6128 6129 5955
f 5954 6128 5955
f 6127 6128 5954
f 5953 6127 5954
f 6126 6127 5953
f 5952 6126 5953
f 6125 6126 5952
f 6123 6125 5952
f 6123 5952 5950
f 6132 5959 6131
f 6124 5949 5951
f 5960 5959 6132
f 5961 5960 6133
f 5965 6141 5967
f 6140 6141 5965
f 6139 6140 5965
f 6137 6139 5965
f 6136 6139 6137
f 6138 5951 5966
f 6124 5951 6138
f 5964 6137 5965
f 6137 5964 6136
f 5964 5963 6136
f 6136 5963 6135
f 5963 5962 6135
f 6135 5962 6134
f 5962 5961 6134
f 6134 5961 6133
f 6133 5960 6132
f 5939 5938 6104
f 6122 5949 6124
f 5948 6121 6123
f 5940 6112 5941
f 6111 6112 5940
f 5937 6111 5940
f 6110 6111 5937
f 6109 6110 5937
f 6103 6109 5937
f 6102 6109 6103
f 6108 6099 6098
f 6107 6108 6097
f 6097 6108 6098
f 6106 6107 6096
f 6096 6107 6097
f 5928 6105 6106
f 5928 6106 6096
f 5939 6105 5928
f 6112 6113 5941
f 5948 6123 5950
f 5941 6113 5942
f 6115 5943 6113
f 6122 5945 5949
f 6117 5945 6122
f 5948 5947 6121
f 5947 6120 6121
f 5946 6120 5947
f 6119 6120 5946
f 6118 6119 5946
f 6114 6118 5946
f 6114 5946 5944
f 6115 6118 6114
f 5938 6116 6104
f 5938 5945 6116
f 5945 6117 6116
f 5943 6114 5944
f 6113 5943 5942
f 6115 6114 5943
f 6019 6217 6017
f 6209 6019 6014
f 6016 6020 6218
f 6319 6320 6118
f 6319 6118 6315
f 6315 6118 6115
f 6302 6104 6318
f 6116 6318 6104
f 6316 6318 6116
f 6116 6117 6316
f 6117 6317 6316
f 6115 6113 6315
f 6113 6314 6315
f 6112 6314 6113
f 6313 6314 6112
f 6111 6313 6112
f 6312 6313 6111
f 6110 6312 6111
f 6118 6320 6119
f 6311 6312 6110
f 6321 6120 6320
f 6120 6321 6121
f 6328 6128 6127
f 6329 6128 6328
f 6126 6328 6127
f 6327 6328 6126
f 6125 6327 6126
f 6326 6327 6125
f 6123 6326 6125
f 6325 6326 6123
f 6325 6123 6323
f 6324 6122 6124
f 6322 6122 6324
f 6121 6323 6123
f 6321 6323 6121
f 6322 6117 6122
f 6317 6117 6322
f 6320 6120 6119
f 6129 6128 6329
f 6109 6311 6110
f 6102 6310 6109
f 6101 6100 6299
f 6100 6099 6299
f 6085 6289 6298
f 6095 6298 6297
f 6085 6298 6095
f 6094 6095 6297
f 6296 6094 6297
f 6093 6094 6296
f 6295 6093 6296
f 6092 6093 6295
f 6294 6092 6295
f 6091 6092 6294
f 6293 6091 6294
f 6090 6091 6293
f 6292 6090 6293
f 6300 6101 6299
f 6310 6311 6109
f 6101 6300 6102
f 6105 6104 6301
f 6309 6310 6102
f 6308 6309 6102
f 6300 6308 6102
f 6307 6308 6299
f 6299 6308 6300
f 6099 6306 6307
f 6099 6307 6299
f 6108 6306 6099
f 6305 6306 6108
f 6107 6305 6108
f 6304 6305 6107
f 6106 6304 6107
f 6303 6304 6106
f 6105 6303 6106
f 6301 6303 6105
f 6104 6302 6301
f 6292 6089 6090
f 6330 6129 6329
f 6331 6130 6330
f 6357 6358 6150
f 6149 6357 6150
f 6356 6357 6149
f 6355 6356 6149
f 6352 6355 6149
f 6354 6355 6351
f 6351 6355 6352
f 6350 6354 6351
f 6353 6144 6156
f 6345 6144 6353
f 6148 6352 6149
f 6352 6148 6351
f 6148 6147 6351
f 6351 6147 6350
f 6147 6146 6350
f 6150 6358 6151
f 6349 6146 6145
f 6358 6359 6151
f 6360 6158 6359
f 6367 6164 6366
f 6164 6161 6366
f 6366 6362 6365
f 6161 6362 6366
f 6365 6362 6361
f 6365 6361 6364
f 6360 6364 6361
f 6363 6156 6163
f 6353 6156 6363
f 6160 6362 6161
f 6362 6160 6361
f 6160 6159 6361
f 6361 6159 6360
f 6159 6158 6360
f 6359 6158 6157
f 6151 6359 6157
f 6130 6129 6330
f 6350 6146 6349
f 6344 6348 6145
f 6338 6339 6134
f 6133 6338 6134
f 6337 6338 6133
f 6132 6337 6133
f 6336 6337 6132
f 6131 6336 6132
f 6335 6336 6131
f 6334 6335 6131
f 6331 6334 6131
f 6333 6334 6330
f 6330 6334 6331
f 6329 6333 6330
f 6332 6124 6138
f 6324 6124 6332
f 6130 6331 6131
f 6134 6339 6135
f 6348 6349 6145
f 6339 6340 6135
f 6342 6341 6139
f 6344 6145 6143
f 6347 6348 6343
f 6343 6348 6344
f 6346 6347 6341
f 6341 6347 6343
f 6342 6346 6341
f 6345 6138 6144
f 6332 6138 6345
f 6141 6344 6143
f 6344 6141 6343
f 6141 6140 6343
f 6343 6140 6341
f 6140 6139 6341
f 6340 6139 6136
f 6342 6139 6340
f 6135 6340 6136
f 6287 6089 6292
f 6287 6084 6089
f 6285 6291 6082
f 6236 6238 6244
f 6041 6043 6244
f 6242 6041 6244
f 6041 6242 6042
f 6042 6242 6243
f 6241 6235 6034
f 6241 6034 6040
f 6040 6039 6241
f 6233 6038 6033
f 6038 6240 6037
f 6233 6240 6038
f 6035 6037 6240
f 6239 6035 6240
f 6035 6239 6237
f 6036 6035 6237
f 6236 6244 6044
f 6036 6237 6236
f 6044 6244 6043
f 6045 6246 6245
f 6250 6049 6253
f 6247 6251 6046
f 6251 6050 6046
f 6050 6251 6051
f 6051 6251 6252
f 6250 6045 6049
f 6246 6045 6250
f 6243 6249 6042
f 6249 6048 6042
f 6047 6048 6249
f 6248 6047 6249
f 6046 6047 6248
f 6247 6046 6248
f 6039 6245 6241
f 6039 6045 6245
f 6236 6044 6036
f 6253 6049 6052
f 6238 6236 6237
f 6232 6031 6235
f 6218 6225 6219
f 6219 6225 6226
f 6024 6225 6020
f 6225 6218 6020
f 6214 6023 6018
f 6023 6224 6022
f 6214 6224 6023
f 6214 6216 6224
f 6021 6022 6224
f 6223 6021 6224
f 6021 6223 6221
f 6021 6221 6220
f 6222 6220 6221
f 6219 6213 6016
f 6218 6219 6016
f 6026 6025 6227
f 6235 6031 6034
f 6025 6228 6227
f 6025 6027 6229
f 6231 6234 6030
f 6234 6032 6030
f 6032 6234 6233
f 6033 6032 6233
f 6232 6029 6031
f 6230 6029 6232
f 6227 6030 6026
f 6227 6231 6030
f 6225 6230 6226
f 6029 6230 6024
f 6230 6225 6024
f 6220 6028 6021
f 6028 6229 6027
f 6220 6229 6028
f 6220 6222 6229
f 6228 6025 6229
f 6254 6053 6051
f 6252 6254 6051
f 6253 6052 6255
f 6281 6282 6278
f 6277 6280 6075
f 6280 6079 6075
f 6077 6079 6280
f 6279 6077 6280
f 6077 6279 6078
f 6278 6074 6076
f 6276 6074 6278
f 6277 6075 6071
f 6273 6277 6071
f 6276 6070 6074
f 6272 6070 6276
f 6270 6275 6067
f 6275 6073 6067
f 6072 6073 6275
f 6281 6278 6080
f 6274 6072 6275
f 6080 6278 6076
f 6082 6284 6285
f 6291 6088 6082
f 6087 6088 6291
f 6290 6087 6291
f 6086 6087 6290
f 6288 6086 6290
f 6085 6086 6288
f 6085 6288 6289
f 6281 6287 6283
f 6281 6084 6287
f 6281 6080 6084
f 6279 6286 6078
f 6286 6083 6078
f 6081 6083 6286
f 6284 6081 6286
f 6081 6284 6082
f 6282 6281 6283
f 6071 6072 6274
f 6273 6071 6274
f 6070 6272 6268
f 6261 6263 6262
f 6060 6258 6057
f 6261 6258 6060
f 6261 6262 6258
f 6257 6259 6056
f 6259 6058 6056
f 6058 6259 6059
f 6059 6259 6260
f 6258 6054 6057
f 6255 6054 6258
f 6254 6256 6053
f 6256 6055 6053
f 6055 6256 6056
f 6056 6256 6257
f 6255 6052 6054
f 6061 6264 6062
f 6264 6061 6265
f 6061 6063 6265
f 6265 6063 6266
f 6069 6070 6268
f 6069 6268 6267
f 6267 6065 6069
f 6264 6271 6062
f 6271 6068 6062
f 6066 6068 6271
f 6269 6066 6271
f 6068 5896 5891
f 6066 6269 6067
f 6263 6267 6268
f 6261 6267 6263
f 6065 6267 6261
f 6261 6060 6065
f 6260 6266 6059
f 6266 6064 6059
f 6063 6064 6266
f 6067 6269 6270
f 5894 5896 6068
f 6066 5894 6068
f 5894 6066 5895
f 5869 5864 5630
f 5862 5868 5627
f 5868 5632 5627
f 5631 5632 5868
f 5867 5631 5868
f 5631 5867 5866
f 5860 5864 5865
f 5859 5864 5860
f 5630 5864 5625
f 5864 5859 5625
f 5858 5863 5623
f 5863 5628 5623
f 5626 5628 5863
f 5861 5626 5863
f 5626 5861 5627
f 5869 5630 5870
f 5627 5861 5862
f 5870 5630 5634
f 5636 5635 5871
f 5871 5644 5636
f 5644 5877 5643
f 5871 5877 5644
f 5641 5643 5877
f 5876 5641 5877
f 5641 5876 5875
f 5642 5641 5875
f 5874 5634 5640
f 5870 5634 5874
f 5866 5638 5631
f 5638 5873 5637
f 5866 5873 5638
f 5635 5637 5873
f 5872 5635 5873
f 5635 5872 5871
f 5869 5865 5864
f 5874 5640 5878
f 5857 5859 5860
f 5625 5859 5622
f 5843 5849 5844
f 5615 5849 5607
f 5849 5843 5607
f 5838 5612 5602
f 5612 5848 5611
f 5838 5848 5612
f 5838 5840 5848
f 5609 5611 5848
f 5846 5609 5848
f 5609 5846 5610
f 5610 5846 5847
f 5836 5844 5837
f 5837 5844 5845
f 5836 5843 5844
f 5835 5843 5836
f 5844 5849 5850
f 5856 5859 5857
f 5845 5850 5851
f 5617 5616 5852
f 5859 5856 5622
f 5852 5623 5617
f 5852 5858 5623
f 5850 5857 5851
f 5850 5856 5857
f 5849 5856 5850
f 5622 5856 5615
f 5856 5849 5615
f 5847 5855 5610
f 5855 5619 5610
f 5618 5619 5855
f 5854 5618 5855
f 5616 5618 5854
f 5853 5616 5854
f 5616 5853 5852
f 5844 5850 5845
f 5607 5843 5600
f 5878 5640 5645
f 5875 5879 5647
f 5672 5906 5904
f 5672 5904 5903
f 5903 5670 5672
f 5900 5905 5667
f 5905 5671 5667
f 5899 5903 5904
f 5897 5903 5899
f 5670 5903 5897
f 5897 5666 5670
f 5895 5902 5664
f 5902 5669 5664
f 5668 5669 5902
f 5901 5668 5902
f 5667 5668 5901
f 5900 5667 5901
f 5673 5907 5908
f 5897 5899 5898
f 5673 5674 5907
f 5905 5907 5671
f 5682 5683 5915
f 5682 5915 5916
f 5909 5914 5910
f 5909 5681 5914
f 5909 5680 5681
f 5909 5676 5680
f 5673 5908 5913
f 5679 5913 5912
f 5673 5913 5679
f 5678 5679 5912
f 5911 5678 5912
f 5677 5678 5911
f 5910 5906 5672
f 5909 5910 5672
f 5672 5676 5909
f 5907 5674 5671
f 5646 5879 5880
f 5666 5893 5662
f 5897 5898 5893
f 5887 5655 5888
f 5886 5650 5654
f 5883 5650 5886
f 5882 5884 5649
f 5884 5651 5649
f 5651 5884 5652
f 5652 5884 5885
f 5883 5648 5650
f 5881 5648 5883
f 5880 5882 5646
f 5882 5649 5646
f 5881 5645 5648
f 5878 5645 5881
f 5875 5647 5642
f 5647 5879 5646
f 5655 5656 5888
f 5897 5893 5666
f 5888 5656 5652
f 5886 5654 5889
f 5891 5896 5660
f 5896 5665 5660
f 5663 5665 5896
f 5894 5663 5896
f 5663 5894 5664
f 5664 5894 5895
f 5893 5658 5662
f 5889 5658 5893
f 5887 5892 5655
f 5892 5661 5655
f 5659 5661 5892
f 5890 5659 5892
f 5659 5890 5660
f 5660 5890 5891
f 5889 5654 5658
f 5885 5888 5652
f 5843 5835 5600
f 5831 5604 5597
f 5604 5842 5603
f 5795 5788 5789
f 5793 5794 5795
f 5565 5786 5562
f 5565 5791 5786
f 5791 5792 5786
f 5565 5566 5791
f 5559 5785 5564
f 5785 5790 5564
f 5785 5788 5790
f 5784 5788 5785
f 5788 5784 5783
f 5789 5788 5783
f 5789 5783 5787
f 5782 5787 5783
f 5779 5786 5780
f 5795 5794 5788
f 5562 5786 5557
f 5794 5796 5788
f 5790 5796 5797
f 5797 5572 5568
f 5803 5797 5796
f 5573 5797 5803
f 5573 5572 5797
f 5796 5802 5803
f 5794 5802 5796
f 5794 5800 5802
f 5793 5800 5794
f 5800 5793 5801
f 5791 5798 5792
f 5792 5798 5799
f 5570 5798 5566
f 5798 5791 5566
f 5564 5790 5568
f 5790 5797 5568
f 5788 5796 5790
f 5804 5798 5570
f 5786 5779 5557
f 5785 5778 5784
f 5773 5550 5549
f 5775 5550 5773
f 5775 5774 5550
f 5772 5773 5549
f 5766 5772 5549
f 5766 5549 5546
f 5771 5772 5765
f 5765 5772 5766
f 5770 5771 5764
f 5764 5771 5765
f 5769 5770 5763
f 5763 5770 5764
f 5762 5769 5763
f 5768 5759 5539
f 5767 5768 5539
f 5551 5550 5774
f 5554 5785 5559
f 5776 5551 5774
f 5777 5552 5776
f 5554 5778 5785
f 5778 5783 5784
f 5777 5783 5778
f 5777 5782 5783
f 5776 5782 5777
f 5776 5781 5782
f 5774 5781 5776
f 5781 5774 5775
f 5767 5779 5768
f 5768 5779 5780
f 5557 5779 5548
f 5779 5767 5548
f 5553 5778 5554
f 5778 5553 5777
f 5553 5552 5777
f 5552 5551 5776
f 5575 5804 5570
f 5799 5798 5805
f 5798 5804 5805
f 5833 5831 5832
f 5826 5829 5830
f 5826 5828 5829
f 5824 5828 5826
f 5823 5828 5824
f 5595 5828 5823
f 5823 5590 5595
f 5822 5593 5585
f 5593 5822 5591
f 5822 5820 5591
f 5821 5827 5591
f 5820 5821 5591
f 5824 5826 5825
f 5818 5823 5824
f 5819 5818 5824
f 5597 5832 5831
f 5819 5824 5825
f 5597 5596 5832
f 5834 5596 5591
f 5831 5842 5604
f 5831 5833 5842
f 5601 5603 5842
f 5841 5601 5842
f 5601 5841 5839
f 5602 5601 5839
f 5602 5839 5838
f 5840 5838 5839
f 5830 5829 5836
f 5830 5836 5837
f 5829 5835 5836
f 5828 5835 5829
f 5600 5835 5595
f 5835 5828 5595
f 5827 5834 5591
f 5596 5834 5832
f 5817 5823 5818
f 5589 5823 5817
f 5589 5590 5823
f 5814 5815 5806
f 5805 5812 5813
f 5805 5811 5812
f 5804 5811 5805
f 5579 5811 5575
f 5811 5804 5575
f 5803 5576 5573
f 5810 5803 5802
f 5576 5803 5810
f 5802 5809 5810
f 5800 5809 5802
f 5807 5809 5800
f 5808 5807 5800
f 5808 5800 5801
f 5806 5807 5808
f 5806 5815 5807
f 5807 5815 5816
f 5580 5809 5816
f 5816 5809 5807
f 5817 5584 5589
f 5816 5585 5580
f 5822 5816 5815
f 5585 5816 5822
f 5815 5820 5822
f 5814 5820 5815
f 5820 5814 5821
f 5915 5683 5917
f 5812 5818 5813
f 5812 5817 5818
f 5811 5817 5812
f 5584 5817 5579
f 5817 5811 5579
f 5810 5582 5576
f 5582 5810 5580
f 5810 5809 5580
f 5813 5818 5819
f 5544 5766 5546
f 5683 5684 5917
f 5684 5918 5917
f 6017 5839 6019
f 5839 6017 5840
f 5840 6017 6018
f 6016 6013 5830
f 5830 5837 6016
f 6011 5834 5827
f 5834 6015 5832
f 6011 6015 5834
f 5832 6015 6014
f 5833 5832 6014
f 5830 6013 6012
f 6012 6010 5830
f 6010 5826 5830
f 6008 5827 5821
f 6011 5827 6008
f 5839 5841 6019
f 5826 6010 6009
f 6014 6019 5842
f 6014 5842 5833
f 5853 5854 6028
f 6027 5853 6028
f 5852 5853 6027
f 6025 5852 6027
f 5852 6025 6026
f 6024 5845 5851
f 6020 5845 6024
f 6018 6023 5840
f 6023 5848 5840
f 5846 5848 6023
f 6022 5846 6023
f 5846 6022 6021
f 5847 5846 6021
f 6020 5837 5845
f 6016 5837 6020
f 5842 6019 5841
f 6021 6028 5855
f 6009 5825 5826
f 6007 5819 5825
f 5996 5795 5789
f 5795 5996 5793
f 5996 5995 5793
f 5995 5998 5793
f 5997 5993 5786
f 5786 5792 5997
f 5787 5996 5789
f 5996 5787 5995
f 5787 5782 5995
f 5994 5782 5781
f 5995 5782 5994
f 5994 5781 5992
f 5993 5780 5786
f 5991 5780 5993
f 5775 5992 5781
f 5999 5997 5792
f 6007 5825 6009
f 5799 5999 5792
f 5998 5801 5793
f 6008 5821 5814
f 6006 6008 5814
f 5819 6004 5813
f 6007 6004 5819
f 6003 6005 5806
f 6005 5814 5806
f 5814 6005 6006
f 6004 5805 5813
f 6001 5805 6004
f 6000 5808 5801
f 5808 6002 5806
f 6000 6002 5808
f 5806 6002 6003
f 5805 6001 5999
f 5999 5799 5805
f 6000 5801 5998
f 5990 5992 5775
f 5855 6028 5854
f 6024 5851 6029
f 6055 5884 5882
f 5884 6055 5885
f 5885 6055 6056
f 6054 5881 5883
f 6052 5881 6054
f 6051 6053 5880
f 6053 5882 5880
f 6052 5878 5881
f 6049 5878 6052
f 6046 6050 5875
f 6050 5879 5875
f 5879 6050 5880
f 5880 6050 6051
f 6049 5874 5878
f 6045 5874 6049
f 6053 6055 5882
f 6042 6048 5871
f 6054 5883 6057
f 5887 6058 6059
f 5895 6066 6067
f 5893 6060 5889
f 6065 6060 5893
f 5887 6059 6064
f 5892 6064 6063
f 5887 6064 5892
f 5890 5892 6063
f 6061 5890 6063
f 5890 6061 5891
f 5891 6061 6062
f 6060 5886 5889
f 6057 5886 6060
f 6056 6058 5885
f 6058 5888 5885
f 5887 5888 6058
f 6057 5883 5886
f 6021 5855 5847
f 6048 5877 5871
f 6047 5876 6048
f 5866 5867 6037
f 6035 5866 6037
f 5866 6035 6036
f 6034 5860 5865
f 6031 5860 6034
f 6030 5863 5858
f 5863 6032 5861
f 6030 6032 5863
f 5861 6032 5862
f 5862 6032 6033
f 6031 5857 5860
f 6029 5857 6031
f 6026 5858 5852
f 6030 5858 6026
f 6029 5851 5857
f 6037 5867 6038
f 5876 5877 6048
f 5867 5868 6038
f 6033 6038 5862
f 5875 5876 6047
f 6046 5875 6047
f 6045 5870 5874
f 6039 5870 6045
f 6036 6044 5866
f 6044 5873 5866
f 5872 5873 6044
f 6043 5872 6044
f 5871 5872 6043
f 6041 5871 6043
f 5871 6041 6042
f 6034 5865 6040
f 5869 6040 5865
f 6039 6040 5869
f 5869 5870 6039
f 6038 5868 5862
f 5991 5768 5780
f 5984 5768 5991
f 5773 5990 5775
f 5711 5943 5712
f 5942 5943 5711
f 5710 5942 5711
f 5941 5942 5710
f 5709 5941 5710
f 5940 5941 5709
f 5937 5940 5709
f 5937 5709 5705
f 5708 5939 5928
f 5694 5708 5928
f 5706 5939 5708
f 5938 5939 5706
f 5706 5707 5938
f 5703 5937 5705
f 5936 5703 5702
f 5712 5943 5944
f 5937 5703 5936
f 5713 5712 5944
f 5945 5707 5714
f 5952 5953 5722
f 5952 5722 5950
f 5951 5721 5724
f 5949 5721 5951
f 5719 5950 5722
f 5948 5950 5719
f 5949 5714 5721
f 5945 5714 5949
f 5717 5948 5719
f 5947 5717 5716
f 5948 5717 5947
f 5715 5947 5716
f 5946 5947 5715
f 5946 5715 5944
f 5944 5715 5713
f 5938 5707 5945
f 5722 5953 5725
f 5701 5936 5702
f 5700 5935 5701
f 5691 5926 5925
f 5682 5926 5691
f 5690 5691 5925
f 5924 5690 5925
f 5688 5690 5924
f 5922 5688 5924
f 5688 5922 5689
f 5689 5922 5923
f 5687 5921 5686
f 5685 5686 5921
f 5920 5685 5921
f 5919 5685 5920
f 5681 5685 5919
f 5914 5681 5919
f 5677 5911 5918
f 5682 5916 5926
f 5935 5936 5701
f 5921 5687 5692
f 5927 5692 5689
f 5934 5935 5700
f 5699 5934 5700
f 5933 5934 5699
f 5698 5933 5699
f 5932 5933 5698
f 5697 5932 5698
f 5931 5932 5697
f 5696 5931 5697
f 5930 5931 5696
f 5695 5930 5696
f 5929 5930 5695
f 5693 5929 5695
f 5928 5929 5693
f 5693 5694 5928
f 5923 5927 5689
f 5927 5921 5692
f 5953 5954 5725
f 5725 5954 5726
f 5954 5955 5726
f 5970 5746 5981
f 5755 5980 5757
f 5979 5755 5754
f 5980 5755 5979
f 5753 5979 5754
f 5978 5979 5753
f 5752 5978 5753
f 5977 5978 5752
f 5751 5977 5752
f 5976 5977 5751
f 5750 5976 5751
f 5975 5976 5750
f 5749 5975 5750
f 5974 5975 5749
f 5748 5974 5749
f 5981 5746 5759
f 5973 5974 5748
f 5980 5760 5757
f 5983 5761 5982
f 5990 5773 5989
f 5773 5772 5989
f 5989 5772 5988
f 5772 5771 5988
f 5988 5771 5987
f 5771 5770 5987
f 5986 5770 5769
f 5987 5770 5986
f 5762 5986 5769
f 5985 5986 5762
f 5983 5985 5762
f 5984 5759 5768
f 5981 5759 5984
f 5761 5983 5762
f 5982 5761 5760
f 5980 5982 5760
f 5747 5973 5748
f 5972 5973 5747
f 5744 5972 5747
f 5733 5962 5734
f 5961 5962 5733
f 5732 5961 5733
f 5960 5961 5732
f 5731 5960 5732
f 5959 5960 5731
f 5730 5959 5731
f 5958 5959 5730
f 5729 5958 5730
f 5957 5958 5729
f 5728 5957 5729
f 5956 5957 5728
f 5727 5956 5728
f 5955 5956 5727
f 5726 5955 5727
f 5962 5963 5734
f 5734 5963 5735
f 5963 5964 5735
f 5735 5964 5736
f 5971 5972 5744
f 5969 5971 5744
f 5970 5740 5746
f 5966 5740 5970
f 5743 5969 5744
f 5968 5743 5742
f 5969 5743 5968
f 5677 5918 5684
f 5741 5968 5742
f 5965 5967 5741
f 5965 5741 5739
f 5966 5724 5740
f 5951 5724 5966
f 5737 5965 5739
f 5964 5737 5736
f 5965 5737 5964
f 5967 5968 5741
f 4945 5159 5155
f 4945 4948 5159
f 5154 5158 4944
f 4112 4117 4346
f 4339 4345 4109
f 4345 4116 4109
f 4115 4116 4345
f 4343 4115 4345
f 4114 4115 4343
f 4114 4343 4344
f 4342 4107 4112
f 4338 4107 4342
f 4335 4341 4104
f 4341 4111 4104
f 4110 4111 4341
f 4340 4110 4341
f 4108 4110 4340
f 4339 4108 4340
f 4346 4347 4112
f 4108 4339 4109
f 4347 4342 4112
f 4348 4349 4350
f 4356 4125 4357
f 4124 4125 4356
f 4355 4124 4356
f 4123 4124 4355
f 4346 4353 4347
f 4347 4353 4354
f 4122 4353 4117
f 4353 4346 4117
f 4114 4344 4352
f 4121 4352 4351
f 4114 4352 4121
f 4120 4121 4351
f 4349 4120 4351
f 4118 4120 4349
f 4348 4118 4349
f 4118 4348 4119
f 4125 4126 4357
f 4338 4102 4107
f 4332 4337 4101
f 4325 4094 4327
f 4323 4326 4092
f 4326 4096 4092
f 4095 4096 4326
f 4321 4091 4324
f 4324 4091 4093
f 4093 4094 4324
f 4094 4325 4324
f 4090 4319 4322
f 4323 4092 4090
f 4322 4323 4090
f 4317 4320 4318
f 4321 4081 4091
f 4320 4081 4321
f 4320 4317 4081
f 4327 4094 4097
f 4334 4102 4338
f 4098 4328 4329
f 4095 4330 4099
f 4337 4106 4101
f 4105 4106 4337
f 4336 4105 4337
f 4103 4105 4336
f 4335 4103 4336
f 4103 4335 4104
f 4331 4100 4333
f 4100 4102 4333
f 4102 4334 4333
f 4098 4329 4332
f 4332 4101 4098
f 4331 4097 4100
f 4327 4097 4331
f 4095 4326 4330
f 4099 4330 4328
f 4098 4099 4328
f 4314 4316 4090
f 4119 4348 4358
f 4126 4358 4357
f 4384 4150 4145
f 4150 4384 4151
f 4151 4384 4385
f 4149 4378 4144
f 4383 4378 4149
f 4374 4382 4139
f 4382 4148 4139
f 4147 4148 4382
f 4381 4147 4382
f 4146 4147 4381
f 4380 4146 4381
f 4145 4146 4380
f 4379 4145 4380
f 4144 4378 4373
f 4143 4144 4373
f 4379 4384 4145
f 4143 4373 4371
f 4383 4149 4152
f 4387 4153 4151
f 4160 4162 4394
f 4393 4160 4394
f 4393 4394 4395
f 4160 4393 4161
f 4158 4392 4389
f 4157 4158 4389
f 4389 4154 4157
f 4387 4390 4153
f 4390 4156 4153
f 4155 4156 4390
f 4155 4390 4391
f 4389 4388 4154
f 4388 4386 4154
f 4386 4152 4154
f 4385 4387 4151
f 4152 4386 4383
f 4119 4358 4126
f 4371 4138 4143
f 4141 4377 4376
f 4365 4361 4133
f 4365 4366 4361
f 4360 4364 4128
f 4364 4132 4128
f 4130 4132 4364
f 4362 4130 4364
f 4130 4362 4131
f 4131 4362 4363
f 4361 4127 4129
f 4359 4127 4361
f 4360 4128 4123
f 4127 4359 4354
f 4127 4354 4353
f 4353 4122 4127
f 4348 4350 4358
f 4133 4361 4129
f 4134 4369 4377
f 4366 4365 4367
f 4134 4135 4368
f 4134 4377 4141
f 4140 4141 4376
f 4375 4140 4376
f 4139 4140 4375
f 4374 4139 4375
f 4372 4371 4373
f 4365 4372 4367
f 4365 4371 4372
f 4365 4137 4371
f 4137 4138 4371
f 4365 4133 4137
f 4363 4370 4131
f 4370 4136 4131
f 4135 4136 4370
f 4368 4135 4370
f 4134 4368 4369
f 4394 4162 4396
f 4316 4319 4090
f 4318 4313 4066
f 4264 4274 4273
f 4261 4272 4033
f 4264 4272 4261
f 4031 4261 4033
f 4263 4261 4031
f 4029 4271 4031
f 4271 4263 4031
f 4027 4270 4029
f 4270 4271 4029
f 4268 4269 4027
f 4269 4270 4027
f 4267 4260 4268
f 4260 4269 4268
f 4258 4267 4266
f 4260 4267 4258
f 4272 4264 4273
f 4258 4266 4015
f 4274 4275 4273
f 4276 4277 4010
f 4281 4283 4282
f 4273 4280 4279
f 4275 4280 4273
f 4275 4281 4280
f 4273 4279 4278
f 4272 4273 4278
f 4033 4272 4278
f 4033 4278 4034
f 4027 4025 4268
f 4025 4023 4268
f 4268 4023 4267
f 4023 4021 4267
f 4267 4021 4266
f 4021 4015 4266
f 4277 4265 4010
f 4010 4016 4276
f 4280 4281 4282
f 4256 4258 4015
f 4014 4254 4015
f 4005 4003 4247
f 4247 4003 4245
f 4003 4001 4245
f 4245 4001 4243
f 4243 4001 3999
f 4252 3995 4000
f 4241 3995 4252
f 4250 4251 4249
f 4247 4248 4249
f 4248 4250 4249
f 4245 4246 4247
f 4246 4248 4247
f 4243 4244 4245
f 4244 4246 4245
f 4244 3998 4242
f 4249 4005 4247
f 4254 4256 4015
f 4007 4005 4249
f 4249 4253 4007
f 4014 4012 4254
f 4254 4012 4253
f 4253 4012 4008
f 4265 4000 4010
f 4252 4000 4265
f 4262 4264 4261
f 4263 4262 4261
f 4259 4260 4258
f 4256 4257 4258
f 4257 4259 4258
f 4254 4255 4256
f 4255 4257 4256
f 4253 4251 4254
f 4251 4255 4254
f 4249 4251 4253
f 4007 4253 4008
f 4090 4079 4314
f 4283 4284 4282
f 4286 4289 4288
f 4304 4305 4085
f 4304 4085 4071
f 4303 4304 4071
f 4071 4057 4303
f 4312 4302 4301
f 4313 4047 4066
f 4312 4047 4313
f 4312 4301 4047
f 4065 4300 4311
f 4046 4300 4065
f 4060 4290 4059
f 4290 4060 4310
f 4288 4290 4310
f 4288 4310 4309
f 4285 4288 4309
f 4305 4087 4085
f 4308 4285 4309
f 4305 4306 4087
f 4306 4307 4089
f 4317 4318 4066
f 4317 4066 4080
f 4080 4081 4317
f 4315 4316 4314
f 4079 4065 4311
f 4314 4079 4311
f 4314 4311 4315
f 4060 4078 4310
f 4078 4076 4310
f 4310 4076 4309
f 4076 4073 4309
f 4309 4073 4308
f 4074 4307 4308
f 4074 4308 4073
f 4307 4074 4089
f 4306 4089 4087
f 4287 4286 4285
f 4287 4285 4308
f 4284 4287 4308
f 4041 4297 4043
f 4296 4297 4041
f 4039 4296 4041
f 4295 4296 4039
f 4036 4295 4039
f 4294 4295 4036
f 4036 4293 4294
f 4037 4293 4036
f 4059 4292 4037
f 4292 4293 4037
f 4290 4291 4059
f 4291 4292 4059
f 4288 4289 4290
f 4289 4291 4290
f 4285 4286 4288
f 4297 4298 4043
f 4307 4284 4308
f 4043 4298 4045
f 4299 4045 4298
f 4282 4307 4306
f 4284 4307 4282
f 4282 4306 4305
f 4280 4282 4305
f 4280 4305 4304
f 4279 4280 4304
f 4279 4304 4303
f 4278 4279 4303
f 4057 4034 4303
f 4303 4034 4278
f 4276 4302 4277
f 4276 4301 4302
f 4016 4301 4276
f 4016 4047 4301
f 4299 4300 4046
f 4046 4045 4299
f 4162 4163 4396
f 4155 4397 4163
f 4163 4397 4396
f 4271 4499 4263
f 4499 4500 4263
f 4270 4498 4271
f 4498 4499 4271
f 4269 4497 4270
f 4497 4498 4270
f 4260 4496 4269
f 4496 4497 4269
f 4496 4259 4494
f 4260 4259 4496
f 4494 4259 4257
f 4494 4257 4492
f 4257 4255 4492
f 4492 4255 4490
f 4255 4251 4490
f 4263 4500 4262
f 4484 4495 4485
f 4262 4500 4501
f 4502 4262 4501
f 4512 4513 4515
f 4513 4516 4515
f 4514 4513 4512
f 4510 4511 4509
f 4507 4508 4509
f 4508 4510 4509
f 4506 4504 4507
f 4504 4508 4507
f 4274 4504 4506
f 4274 4506 4275
f 4505 4252 4265
f 4495 4252 4505
f 4503 4504 4274
f 4264 4502 4274
f 4502 4503 4274
f 4264 4262 4502
f 4516 4518 4517
f 4252 4495 4241
f 4493 4494 4492
f 4240 4480 4481
f 4480 4482 4481
f 4480 4239 4479
f 4240 4239 4480
f 4238 4479 4239
f 4478 4479 4238
f 4478 4238 4236
f 4476 4478 4236
f 4237 4477 4235
f 4477 4475 4235
f 4474 4476 4236
f 4236 4234 4474
f 4464 4475 4465
f 4235 4475 4225
f 4475 4464 4225
f 4482 4483 4481
f 4495 4484 4241
f 4484 4477 4237
f 4477 4484 4485
f 4490 4491 4492
f 4491 4493 4492
f 4251 4489 4490
f 4489 4491 4490
f 4489 4250 4488
f 4251 4250 4489
f 4248 4488 4250
f 4487 4488 4248
f 4246 4487 4248
f 4486 4487 4246
f 4244 4486 4246
f 4483 4486 4244
f 4483 4244 4242
f 4483 4242 4481
f 4242 4240 4481
f 4241 4484 4237
f 4234 4233 4474
f 4515 4516 4517
f 4517 4518 4519
f 4538 4313 4318
f 4534 4313 4538
f 4316 4315 4537
f 4315 4536 4537
f 4536 4315 4532
f 4532 4315 4311
f 4531 4302 4535
f 4312 4535 4302
f 4533 4535 4312
f 4312 4313 4533
f 4313 4534 4533
f 4532 4311 4300
f 4530 4532 4300
f 4531 4277 4302
f 4526 4277 4531
f 4541 4539 4540
f 4300 4299 4530
f 4540 4539 4319
f 4537 4319 4316
f 4544 4548 4323
f 4548 4326 4323
f 4326 4548 4547
f 4543 4321 4545
f 4545 4321 4324
f 4324 4325 4545
f 4325 4546 4545
f 4539 4322 4319
f 4541 4544 4323
f 4539 4541 4323
f 4539 4323 4322
f 4538 4318 4542
f 4542 4318 4320
f 4320 4321 4542
f 4321 4543 4542
f 4540 4319 4537
f 4518 4520 4519
f 4299 4525 4530
f 4525 4298 4523
f 4287 4511 4286
f 4509 4287 4284
f 4511 4287 4509
f 4507 4509 4284
f 4283 4507 4284
f 4283 4281 4507
f 4507 4281 4506
f 4506 4281 4275
f 4526 4265 4277
f 4505 4265 4526
f 4524 4525 4523
f 4521 4522 4523
f 4522 4524 4523
f 4519 4520 4521
f 4520 4522 4521
f 4286 4511 4527
f 4525 4299 4298
f 4527 4528 4286
f 4528 4529 4289
f 4298 4297 4523
f 4523 4297 4521
f 4297 4296 4521
f 4521 4296 4519
f 4296 4295 4519
f 4519 4295 4517
f 4295 4294 4517
f 4517 4294 4515
f 4294 4293 4515
f 4515 4293 4512
f 4293 4292 4514
f 4512 4293 4514
f 4291 4514 4292
f 4529 4514 4291
f 4289 4529 4291
f 4286 4528 4289
f 4233 4473 4474
f 4232 4473 4233
f 4472 4473 4232
f 4192 4423 4193
f 4190 4421 4189
f 4420 4188 4189
f 4422 4420 4189
f 4422 4189 4421
f 4420 4417 4188
f 4417 4184 4188
f 4414 4415 4419
f 4414 4418 4181
f 4419 4418 4414
f 4181 4418 4187
f 4417 4413 4184
f 4413 4179 4184
f 4407 4409 4416
f 4183 4416 4415
f 4423 4424 4425
f 4176 4416 4183
f 4192 4424 4423
f 4187 4418 4426
f 4433 4432 4200
f 4200 4432 4199
f 4432 4198 4199
f 4197 4431 4196
f 4430 4195 4196
f 4430 4196 4431
f 4194 4195 4430
f 4429 4194 4430
f 4428 4194 4429
f 4190 4194 4428
f 4427 4421 4428
f 4421 4190 4428
f 4422 4421 4427
f 4418 4419 4426
f 4424 4187 4426
f 4192 4187 4424
f 4433 4200 4434
f 4176 4407 4416
f 4414 4182 4415
f 4161 4393 4405
f 4171 4172 4404
f 4403 4171 4404
f 4170 4171 4403
f 4402 4170 4403
f 4169 4170 4402
f 4401 4169 4402
f 4401 4400 4169
f 4169 4400 4168
f 4400 4167 4168
f 4165 4399 4164
f 4164 4399 4398
f 4398 4392 4164
f 4392 4158 4164
f 4155 4391 4397
f 4161 4405 4172
f 4182 4183 4415
f 4172 4405 4404
f 4399 4165 4406
f 4414 4181 4182
f 4413 4173 4179
f 4406 4173 4413
f 4401 4402 4412
f 4411 4400 4412
f 4400 4401 4412
f 4410 4167 4411
f 4167 4400 4411
f 4177 4410 4408
f 4167 4410 4177
f 4175 4177 4408
f 4407 4175 4408
f 4407 4408 4409
f 4175 4407 4176
f 4406 4165 4173
f 4393 4395 4405
f 4200 4201 4434
f 4193 4423 4435
f 4193 4435 4201
f 4222 4462 4223
f 4461 4462 4222
f 4459 4461 4222
f 4459 4222 4220
f 4213 4221 4452
f 4221 4460 4452
f 4219 4459 4220
f 4458 4219 4218
f 4459 4219 4458
f 4217 4458 4218
f 4457 4458 4217
f 4216 4457 4217
f 4456 4457 4216
f 4456 4216 4450
f 4450 4216 4211
f 4223 4462 4463
f 4442 4203 4455
f 8695 8746 8694
f 4464 4465 4221
f 4231 4472 4232
f 4471 4472 4231
f 4230 4471 4231
f 4470 4471 4230
f 4229 4470 4230
f 4469 4470 4229
f 4228 4469 4229
f 4468 4469 4228
f 4227 4468 4228
f 4467 4468 4227
f 4226 4467 4227
f 4466 4467 4226
f 4224 4466 4226
f 4463 4466 4224
f 4465 4460 4221
f 4221 4225 4464
f 4215 4455 4203
f 4454 4455 4215
f 4214 4454 4215
f 4441 4443 4202
f 4202 4203 4441
f 4203 4442 4441
f 4433 4434 4440
f 4439 4432 4440
f 4432 4433 4440
f 4438 4198 4439
f 4198 4432 4439
f 4437 4197 4438
f 4197 4198 4438
f 4436 4431 4437
f 4431 4197 4437
f 4430 4431 4436
f 4423 4425 4435
f 4201 4435 4434
f 4202 4443 4204
f 4443 4444 4204
f 4204 4444 4205
f 4444 4445 4205
f 4453 4454 4214
f 4212 4453 4214
f 4451 4453 4212
f 4212 4213 4451
f 4213 4452 4451
f 4211 4210 4450
f 4210 4449 4450
f 4243 3998 4244
f 4209 4449 4210
f 4208 4448 4209
f 4447 4448 4208
f 4207 4447 4208
f 4446 4447 4207
f 4206 4446 4207
f 4445 4446 4206
f 4205 4445 4206
f 4448 4449 4209
f 4243 3999 3998
f 3996 4242 3998
f 4240 4242 3996
f 4034 4057 4056
f 4032 4056 4055
f 4030 4032 4055
f 4030 4055 4054
f 4028 4030 4054
f 4028 4054 4053
f 4026 4028 4053
f 4026 4053 4052
f 4024 4026 4052
f 4024 4052 4051
f 4022 4024 4051
f 4022 4051 4050
f 4020 4022 4050
f 4020 4050 4049
f 4019 4020 4049
f 4032 4034 4056
f 4019 4049 4048
f 4060 4059 4058
f 4058 4059 4061
f 4066 3775 3777
f 4047 3775 4066
f 4046 4065 4064
f 4044 4064 4063
f 4046 4064 4044
f 4044 4063 3801
f 4042 4044 3801
f 4042 3801 3799
f 4040 4042 3799
f 4040 3799 3797
f 4038 4040 3797
f 4038 3797 4062
f 4035 4038 4062
f 4061 4035 4062
f 4037 4035 4061
f 4059 4037 4061
f 3780 3776 4048
f 4018 4019 4048
f 4017 4018 3776
f 4027 4029 4028
f 4024 4025 4026
f 4025 4027 4026
f 4022 4023 4024
f 4023 4025 4024
f 4020 4021 4022
f 4021 4023 4022
f 4019 4015 4020
f 4015 4021 4020
f 4013 4019 4018
f 4015 4019 4013
f 4013 4018 4017
f 4011 4013 4017
f 3771 4011 4017
f 3771 4017 3774
f 4026 4027 4028
f 4018 4048 3776
f 4029 4031 4030
f 4031 4033 4032
f 3776 3774 4017
f 4047 3772 3775
f 4016 3772 4047
f 4045 4046 4044
f 4042 4043 4044
f 4043 4045 4044
f 4040 4041 4042
f 4041 4043 4042
f 4038 4039 4040
f 4039 4041 4040
f 4035 4036 4038
f 4036 4039 4038
f 4037 4036 4035
f 4033 4034 4032
f 4030 4031 4032
f 4028 4029 4030
f 4010 4009 4016
f 4049 3780 4048
f 3782 4049 3783
f 4087 4089 4088
f 4084 4085 4086
f 4085 4087 4086
f 4083 4071 4084
f 4071 4085 4084
f 4070 4083 4082
f 4071 4083 4070
f 4070 4082 3828
f 4069 4070 3828
f 4069 3828 3814
f 4068 4069 3814
f 4067 4068 3814
f 3813 4067 3814
f 3813 3786 4067
f 4066 3777 4080
f 4086 4087 4088
f 4080 3777 3805
f 4089 4074 3817
f 4072 3816 3817
f 3834 3832 4084
f 4084 3832 4083
f 3832 3830 4083
f 4083 3830 4082
f 3830 3828 4082
f 4091 3806 3825
f 4081 3806 4091
f 3824 4079 4090
f 3804 4079 3824
f 4077 3789 3821
f 3821 3819 4077
f 4077 3819 4075
f 3819 3816 4075
f 4075 3816 4072
f 4074 4072 3817
f 4088 4089 3817
f 3782 3780 4049
f 3805 3806 4080
f 4064 4065 3804
f 4056 4057 4070
f 4057 4071 4070
f 4056 4070 4069
f 4055 4056 4069
f 4055 4069 4068
f 4054 4055 4068
f 4054 4068 4067
f 4053 4054 4067
f 4053 4067 3786
f 4052 4053 3786
f 4051 4052 3786
f 3785 4051 3786
f 3783 4050 4051
f 3783 4051 3785
f 4049 4050 3783
f 4074 4073 4072
f 3806 4081 4080
f 4073 4076 4075
f 4076 4078 4077
f 4065 4079 3804
f 4063 4064 3804
f 3803 4063 3804
f 3803 3801 4063
f 3797 3795 4062
f 3795 3793 4062
f 4062 3793 4061
f 3793 3791 4061
f 4061 3791 4058
f 3791 3788 4060
f 4058 3791 4060
f 3788 4078 4060
f 3789 4078 3788
f 3789 4077 4078
f 4075 4076 4077
f 4072 4073 4075
f 3772 4016 3767
f 4016 4009 3767
f 4014 4015 4013
f 3727 3963 3729
f 3962 3963 3727
f 3726 3962 3727
f 3961 3962 3726
f 3725 3961 3726
f 3960 3961 3725
f 3724 3960 3725
f 3959 3960 3724
f 3723 3959 3724
f 3958 3959 3723
f 3721 3958 3723
f 3957 3958 3721
f 3721 3955 3957
f 3722 3955 3721
f 3956 3955 3722
f 3729 3963 3964
f 3946 3948 3954
f 3730 3729 3964
f 3731 3732 3965
f 3972 3738 3971
f 3739 3738 3972
f 3737 3971 3738
f 3970 3971 3737
f 3736 3970 3737
f 3969 3970 3736
f 3969 3736 3964
f 3964 3736 3730
f 3722 3735 3956
f 3734 3956 3735
f 3968 3956 3734
f 3733 3968 3734
f 3967 3968 3733
f 3731 3967 3733
f 3965 3967 3731
f 3732 3966 3965
f 3972 3973 3739
f 3953 3945 3954
f 3952 3717 3953
f 3942 3712 3943
f 3941 3712 3942
f 3710 3712 3941
f 3939 3710 3941
f 3940 3709 3936
f 3711 3709 3940
f 3707 3939 3935
f 3710 3939 3707
f 3932 3933 3938
f 3937 3931 3938
f 3931 3932 3938
f 3708 3937 3936
f 3704 3937 3708
f 3704 3931 3937
f 3708 3936 3709
f 3712 3713 3943
f 3945 3946 3954
f 3943 3714 3944
f 3715 3944 3714
f 3717 3945 3953
f 3720 3952 3951
f 3717 3952 3720
f 3950 3720 3951
f 3715 3720 3950
f 3949 3944 3950
f 3944 3715 3950
f 3943 3944 3949
f 3711 3940 3947
f 3719 3711 3947
f 3719 3947 3946
f 3946 3947 3948
f 3946 3945 3719
f 3719 3945 3718
f 3945 3717 3718
f 3943 3713 3714
f 3975 3974 3741
f 3741 3974 3740
f 3740 3974 3966
f 4001 4003 4002
f 3997 3999 4001
f 3997 4001 3766
f 3997 3766 3765
f 3997 3765 3763
f 3764 4000 3761
f 4000 3995 3761
f 3998 3999 3997
f 3998 3762 3996
f 3997 3762 3998
f 3997 3763 3762
f 3996 3762 3760
f 3994 3996 3760
f 3761 3995 3758
f 3995 3991 3758
f 3766 4001 4002
f 3993 3994 3760
f 4003 4005 4004
f 4005 4007 4006
f 4011 4012 4013
f 4012 4014 4013
f 4006 4011 3771
f 4008 4011 4006
f 4008 4012 4011
f 4004 4006 3771
f 3770 4004 3771
f 3770 3768 4004
f 4004 3768 4002
f 3768 3766 4002
f 4000 4009 4010
f 3764 4009 4000
f 3764 3767 4009
f 4007 4008 4006
f 4004 4005 4006
f 4002 4003 4004
f 3993 3759 3992
f 3760 3759 3993
f 3757 3992 3759
f 3979 3981 3749
f 3979 3749 3747
f 3978 3981 3979
f 3975 3748 3980
f 3741 3748 3975
f 3745 3979 3747
f 3979 3745 3978
f 3745 3744 3978
f 3977 3744 3743
f 3978 3744 3977
f 3742 3977 3743
f 3976 3977 3742
f 3976 3742 3739
f 3973 3976 3739
f 3966 3732 3740
f 3981 3982 3749
f 3982 3983 3749
f 3749 3983 3750
f 3983 3984 3750
f 3990 3992 3757
f 3991 3989 3756
f 3756 3758 3991
f 3757 3755 3990
f 3755 3988 3990
f 3989 3748 3756
f 3980 3748 3989
f 4086 3834 4084
f 3755 3754 3988
f 3753 3987 3754
f 3986 3987 3753
f 3752 3986 3753
f 3985 3986 3752
f 3751 3985 3752
f 3984 3985 3751
f 3750 3984 3751
f 3754 3987 3988
f 4546 4325 4549
f 3836 3834 4086
f 3837 3836 4088
f 4190 3943 4194
f 4186 4187 4192
f 3947 3940 4186
f 3947 4186 4192
f 3947 4192 4191
f 4191 4192 4193
f 3947 4191 3948
f 4190 3942 3943
f 3941 3942 4190
f 4189 3941 4190
f 4188 3941 4189
f 4185 3941 4188
f 4185 3939 3941
f 4184 4185 4188
f 4180 4181 4187
f 3943 3949 4194
f 4180 4186 3936
f 4194 3949 4195
f 3949 3950 4196
f 4202 4204 3955
f 3955 3956 4202
f 3956 4203 4202
f 4191 4193 4201
f 3954 4201 4200
f 3948 4201 3954
f 3948 4191 4201
f 3953 3954 4200
f 4199 3953 4200
f 3952 3953 4199
f 4198 3952 4199
f 3951 3952 4198
f 4197 3951 4198
f 3950 3951 4197
f 4196 3950 4197
f 4195 3949 4196
f 3955 4204 3957
f 4187 4186 4180
f 3935 3939 4185
f 4174 4175 4176
f 4174 3933 3934
f 3922 4173 4165
f 3930 4173 3922
f 4159 4161 4172
f 4171 3917 4172
f 3917 4159 4172
f 3929 4171 4170
f 3917 4171 3929
f 3928 3929 4170
f 4169 3928 4170
f 3927 3928 4169
f 4168 3927 4169
f 3926 3927 4168
f 4167 3926 4168
f 3934 4175 4174
f 3940 3936 4186
f 3934 3924 4175
f 4175 3924 4177
f 4185 4178 3935
f 4184 4178 4185
f 4179 4178 4184
f 4174 4176 4183
f 4182 3933 4183
f 3933 4174 4183
f 3938 4182 4181
f 3933 4182 3938
f 3937 3938 4181
f 4180 3937 4181
f 4180 3936 3937
f 3935 4178 3930
f 4178 4179 3930
f 4179 4173 3930
f 4166 4167 4177
f 3924 4166 4177
f 3925 3926 4167
f 4204 4205 3957
f 4205 4206 3958
f 4231 4232 3986
f 3985 4231 3986
f 4230 4231 3985
f 3984 4230 3985
f 4229 4230 3984
f 3983 4229 3984
f 4228 4229 3983
f 3982 4228 3983
f 4227 4228 3982
f 3981 4227 3982
f 4226 4227 3981
f 3978 4226 3981
f 4224 4226 3978
f 4225 3975 3980
f 4221 3975 4225
f 3986 4232 3987
f 3978 3977 4224
f 3988 3987 4233
f 4233 4234 3988
f 4240 3996 3994
f 4241 3991 3995
f 4237 3991 4241
f 3994 3993 4240
f 3993 4239 4240
f 3992 4239 3993
f 4238 4239 3992
f 3990 4238 3992
f 4236 4238 3990
f 4237 3989 3991
f 4235 3989 4237
f 3990 4234 4236
f 3988 4234 3990
f 4235 3980 3989
f 4225 3980 4235
f 4233 3987 4232
f 3957 4205 3958
f 3977 4223 4224
f 4222 4223 3976
f 3965 4214 3967
f 4212 4214 3965
f 3965 3966 4212
f 3966 4213 4212
f 3964 3963 4211
f 3963 4210 4211
f 3962 4210 3963
f 4209 4210 3962
f 3961 4209 3962
f 4208 4209 3961
f 3960 4208 3961
f 4207 4208 3960
f 3959 4207 3960
f 4206 4207 3959
f 3958 4206 3959
f 4214 4215 3967
f 3976 4223 3977
f 3967 4215 3968
f 3968 4203 3956
f 4222 3976 4220
f 4220 3976 3973
f 3974 4213 3966
f 4221 4213 3974
f 3974 3975 4221
f 3973 3972 4220
f 3972 4219 4220
f 3971 4219 3972
f 4218 4219 3971
f 3970 4218 3971
f 4217 4218 3970
f 3969 4217 3970
f 4216 4217 3969
f 4216 3969 4211
f 4211 3969 3964
f 4215 4203 3968
f 4166 3925 4167
f 4166 3924 3925
f 3922 4165 3921
f 4112 3863 4117
f 4109 4116 3860
f 4116 3870 3860
f 3869 3870 4116
f 4115 3869 4116
f 3868 3869 4115
f 4114 3868 4115
f 3866 3868 4114
f 4113 3866 4114
f 3866 4113 3867
f 4112 4107 3857
f 3857 3863 4112
f 4104 4111 3855
f 4111 3862 3855
f 3861 3862 4111
f 4117 3863 3871
f 4110 3861 4111
f 3872 4118 4119
f 4118 3873 4120
f 4127 4122 3879
f 3872 4119 4126
f 3878 4126 4125
f 3872 4126 3878
f 3877 3878 4125
f 4124 3877 4125
f 3876 3877 4124
f 4123 3876 4124
f 4122 3871 3875
f 4117 3871 4122
f 4113 4114 4121
f 3874 4121 4120
f 3867 4121 3874
f 3867 4113 4121
f 3873 3874 4120
f 3872 3873 4118
f 3879 4122 3875
f 3859 3861 4110
f 3859 4108 3860
f 4098 3847 4099
f 3847 4098 3848
f 4097 3841 3845
f 4094 3841 4097
f 3839 4092 4096
f 3843 4096 4095
f 3839 4096 3843
f 3843 4095 3844
f 4091 3825 4093
f 4093 3825 3840
f 3840 3841 4093
f 3841 4094 4093
f 4092 3824 4090
f 3839 3824 4092
f 3817 3837 4088
f 3847 3849 4099
f 4108 3859 4110
f 4099 3849 3844
f 4097 3845 4100
f 3860 4108 4109
f 4107 3852 3857
f 4102 3852 4107
f 3851 4101 4106
f 3856 4106 4105
f 3851 4106 3856
f 3854 3856 4105
f 4103 3854 4105
f 3854 4103 3855
f 3855 4103 4104
f 3850 3852 4100
f 3852 4102 4100
f 4101 3848 4098
f 3851 3848 4101
f 4100 3845 3850
f 4095 4099 3844
f 3880 3876 4128
f 4128 3876 4123
f 4127 3879 3881
f 3905 4156 3910
f 3909 3910 4155
f 4152 3906 4154
f 3906 3907 4154
f 4152 3904 3906
f 3902 4151 4153
f 3905 3902 4153
f 3904 4149 3901
f 4152 4149 3904
f 4145 4150 3897
f 4150 3903 3897
f 3902 3903 4150
f 3902 4150 4151
f 3901 4149 4144
f 3900 3901 4144
f 3910 4156 4155
f 3900 4144 4142
f 3905 4153 4156
f 4154 3911 4157
f 3921 4165 4164
f 4164 4158 3921
f 4158 3913 3921
f 3909 4155 4163
f 3920 4163 4162
f 3909 4163 3920
f 3919 3920 4162
f 4160 3919 4162
f 3918 3919 4160
f 4159 3918 4160
f 4159 4160 4161
f 4159 3917 3918
f 3913 4158 3912
f 3912 4158 4157
f 4157 3911 3912
f 4154 3907 3911
f 4142 3895 3900
f 3892 4139 4148
f 3899 4148 4147
f 4131 4136 3883
f 4136 3888 3883
f 3887 3888 4136
f 4135 3887 4136
f 3886 3887 4135
f 4134 3886 4135
f 3885 3886 4134
f 4133 3881 3884
f 4129 3881 4133
f 3880 4128 4132
f 3882 4132 4130
f 3880 4132 3882
f 3882 4130 3883
f 3883 4130 4131
f 3881 4129 4127
f 4133 3884 3890
f 4137 4133 3890
f 3890 4138 4137
f 3891 4138 3890
f 3892 4148 3899
f 3898 3899 4147
f 4146 3898 4147
f 3896 3898 4146
f 4145 3896 4146
f 3896 4145 3897
f 4143 4142 4144
f 4088 3836 4086
f 3895 4138 3891
f 4142 4143 4138
f 3885 4134 4141
f 3894 4141 4140
f 3885 4141 3894
f 3893 3894 4140
f 4139 3893 4140
f 3892 3893 4139
f 4142 4138 3895
f 4549 4325 4327
f 4328 4550 4329
f 4547 4550 4330
f 4955 4760 4764
f 4950 4959 4755
f 4959 4763 4755
f 4761 4763 4959
f 4957 4761 4959
f 4761 4957 4762
f 4762 4957 4958
f 4956 4948 4754
f 4955 4956 4754
f 4754 4760 4955
f 4947 4954 4752
f 4954 4759 4752
f 4758 4759 4954
f 4953 4758 4954
f 4757 4758 4953
f 4955 4764 4960
f 4952 4757 4953
f 4955 4960 4956
f 4765 4961 4766
f 4970 4772 4971
f 4771 4772 4970
f 4969 4771 4970
f 4770 4771 4969
f 4968 4770 4969
f 4770 4968 4967
f 4960 4965 4966
f 4769 4965 4764
f 4965 4960 4764
f 4958 4964 4762
f 4964 4768 4762
f 4767 4768 4964
f 4963 4767 4964
f 4765 4767 4963
f 4961 4765 4963
f 4766 4961 4962
f 4772 4773 4971
f 4756 4757 4952
f 4755 4756 4951
f 4940 4747 4744
f 4747 4940 4941
f 4939 4935 4743
f 4938 4939 4743
f 4743 4746 4938
f 4933 4745 4742
f 4745 4936 4744
f 4933 4936 4745
f 4744 4936 4937
f 4931 4934 4932
f 4935 4741 4743
f 4934 4741 4935
f 4934 4931 4741
f 4930 4742 4739
f 4933 4742 4930
f 4937 4940 4744
f 4951 4756 4952
f 4942 4938 4746
f 4939 4942 4943
f 4949 4755 4951
f 4755 4949 4950
f 4948 4750 4754
f 4945 4750 4948
f 4944 4753 4749
f 4753 4946 4751
f 4944 4946 4753
f 4751 4946 4752
f 4752 4946 4947
f 4942 4945 4943
f 4750 4945 4748
f 4945 4942 4748
f 4941 4749 4747
f 4944 4749 4941
f 4938 4942 4939
f 4748 4942 4746
f 4740 4929 4738
f 4971 4773 4766
f 4972 4965 4769
f 4999 4794 5000
f 4991 4997 4992
f 4992 4997 4998
f 4990 4997 4991
f 4793 4997 4990
f 4990 4788 4793
f 4987 4996 4785
f 4996 4792 4785
f 4791 4792 4996
f 4995 4791 4996
f 4789 4791 4995
f 4993 4789 4995
f 4789 4993 4790
f 4790 4993 4994
f 4986 4991 4992
f 4794 4795 5000
f 4986 4990 4991
f 5000 4795 4790
f 5001 4997 4793
f 4802 4803 5004
f 5004 4799 4802
f 5003 5005 4797
f 5005 4800 4797
f 4800 5005 4801
f 4801 5005 5006
f 5001 5004 5002
f 5001 4798 5004
f 4798 4799 5004
f 5001 4796 4798
f 4999 5003 4794
f 5003 4797 4794
f 4997 5001 4998
f 4998 5001 5002
f 4796 5001 4793
f 4994 5000 4790
f 4962 4971 4766
f 4985 4990 4986
f 4990 4985 4784
f 4980 4975 4776
f 4974 4979 4775
f 4979 4779 4775
f 4778 4779 4979
f 4977 4778 4979
f 4777 4778 4977
f 4777 4977 4978
f 4973 4975 4976
f 4972 4975 4973
f 4776 4975 4972
f 4972 4774 4776
f 4967 4974 4775
f 4965 4972 4973
f 4966 4965 4973
f 4774 4972 4769
f 4780 4980 4776
f 4788 4990 4784
f 4976 4975 4981
f 4982 4781 4983
f 4982 4989 4781
f 4989 4787 4781
f 4786 4787 4989
f 4988 4786 4989
f 4785 4786 4988
f 4987 4785 4988
f 4981 4985 4986
f 4980 4985 4981
f 4783 4985 4980
f 4783 4784 4985
f 4980 4780 4783
f 4777 4978 4984
f 4782 4984 4983
f 4777 4984 4782
f 4781 4782 4983
f 4975 4980 4981
f 4740 4931 4929
f 4931 4932 4929
f 4740 4741 4931
f 4694 4881 4695
f 4880 4881 4694
f 4693 4880 4694
f 4879 4880 4693
f 4691 4879 4693
f 4878 4879 4691
f 4876 4878 4691
f 4877 4689 4692
f 4873 4689 4877
f 4690 4876 4691
f 4876 4690 4875
f 4690 4688 4875
f 4875 4688 4874
f 4688 4687 4874
f 4687 4872 4874
f 4881 4882 4695
f 4873 4679 4689
f 4695 4882 4696
f 4696 4883 4697
f 4705 4704 4891
f 4703 4890 4704
f 4889 4890 4703
f 4702 4889 4703
f 4888 4889 4702
f 4701 4888 4702
f 4886 4888 4701
f 4886 4701 4699
f 4887 4692 4700
f 4877 4692 4887
f 4885 4886 4699
f 4885 4698 4884
f 4699 4698 4885
f 4697 4884 4698
f 4883 4884 4697
f 4882 4883 4696
f 4891 4704 4890
f 4864 4679 4873
f 4686 4871 4872
f 4861 4862 4676
f 4674 4861 4676
f 4858 4861 4674
f 4851 4667 4859
f 4667 4675 4859
f 4675 4860 4859
f 4674 4673 4858
f 4673 4857 4858
f 4672 4857 4673
f 4856 4857 4672
f 4671 4856 4672
f 4855 4856 4671
f 4849 4855 4671
f 4849 4671 4665
f 4670 4854 4842
f 4676 4862 4677
f 4687 4686 4872
f 4677 4862 4863
f 4860 4675 4864
f 4685 4871 4686
f 4870 4871 4685
f 4684 4870 4685
f 4869 4870 4684
f 4683 4869 4684
f 4868 4869 4683
f 4682 4868 4683
f 4867 4868 4682
f 4681 4867 4682
f 4866 4867 4681
f 4680 4866 4681
f 4865 4866 4680
f 4865 4680 4863
f 4863 4680 4678
f 4864 4675 4679
f 4678 4677 4863
f 4891 4893 4892
f 4705 4891 4892
f 4893 4894 4892
f 4728 4920 4729
f 4919 4920 4728
f 4727 4919 4728
f 4918 4919 4727
f 4726 4918 4727
f 4917 4918 4726
f 4725 4917 4726
f 4916 4917 4725
f 4724 4916 4725
f 4915 4916 4724
f 4723 4915 4724
f 4914 4915 4723
f 4722 4914 4723
f 4913 4914 4722
f 4721 4913 4722
f 4729 4920 4921
f 4912 4913 4721
f 4730 4729 4921
f 4922 4923 4716
f 4930 4739 4737
f 4928 4930 4737
f 4735 4929 4927
f 4735 4738 4929
f 4928 4737 4734
f 4926 4928 4734
f 4736 4925 4733
f 4926 4734 4732
f 4924 4926 4732
f 4922 4925 4923
f 4733 4925 4731
f 4925 4922 4731
f 4924 4732 4730
f 4921 4924 4730
f 4923 4909 4716
f 4716 4731 4922
f 4720 4912 4721
f 4911 4912 4720
f 4719 4911 4720
f 4895 4711 4897
f 4709 4897 4710
f 4903 4897 4709
f 4708 4903 4709
f 4902 4903 4708
f 4902 4708 4707
f 4894 4902 4707
f 4894 4707 4892
f 4707 4705 4892
f 4901 4700 4706
f 4887 4700 4901
f 4899 4900 4898
f 4895 4896 4898
f 4896 4899 4898
f 4897 4896 4895
f 4711 4710 4897
f 4898 4711 4895
f 4712 4711 4898
f 4900 4712 4898
f 4910 4911 4719
f 4718 4910 4719
f 4908 4910 4718
f 4908 4718 4717
f 4908 4717 4906
f 4717 4715 4906
f 4909 4706 4716
f 4803 5007 5004
f 4901 4706 4909
f 4715 4905 4906
f 4905 4907 4906
f 4905 4714 4904
f 4715 4714 4905
f 4713 4904 4714
f 4900 4904 4713
f 4900 4713 4712
f 4907 4908 4906
f 4657 4670 4842
f 4804 5008 4805
f 4804 4806 5009
f 4901 5112 4887
f 5112 5099 4887
f 4900 4899 5111
f 4899 5110 5111
f 4896 5110 4899
f 5109 5110 4896
f 4896 5107 5109
f 4897 5107 4896
f 5108 5107 4897
f 4894 4893 5106
f 4893 5105 5106
f 4891 5105 4893
f 5104 5105 4891
f 4890 5104 4891
f 5103 5104 4890
f 5100 5112 5113
f 4889 5103 4890
f 5099 5112 5100
f 5106 5108 4902
f 5117 5120 4908
f 5112 5118 5113
f 5113 5118 5119
f 4909 5118 4901
f 5118 5112 4901
f 4908 4907 5117
f 4907 5116 5117
f 4905 5116 4907
f 5115 5116 4905
f 4904 5115 4905
f 5114 5115 4904
f 4900 5114 4904
f 5111 5114 4900
f 4897 4903 5108
f 4902 5108 4903
f 5106 4902 4894
f 4908 5120 4910
f 5102 5103 4889
f 5101 5102 4888
f 5091 5092 4879
f 4878 5091 4879
f 5090 5091 4878
f 4876 5090 4878
f 5089 5090 4876
f 4875 5089 4876
f 5088 5089 4875
f 4874 5088 4875
f 5087 5088 4874
f 5087 4874 5084
f 5082 5085 5083
f 5083 5085 5086
f 4877 5085 4873
f 5085 5082 4873
f 4872 5084 4874
f 4879 5092 4880
f 4888 5102 4889
f 5092 5093 4880
f 5093 5094 4881
f 4886 5101 4888
f 5098 5101 4886
f 5085 5099 5086
f 5086 5099 5100
f 4887 5099 4877
f 5099 5085 4877
f 4886 4885 5098
f 4885 5097 5098
f 4884 5097 4885
f 5096 5097 4884
f 4883 5096 4884
f 5095 5096 4883
f 4882 5095 4883
f 5094 5095 4882
f 4881 5094 4882
f 4880 5093 4881
f 5081 5084 4872
f 5120 5121 4910
f 5121 5122 4911
f 5149 5146 4935
f 5144 4936 4933
f 5145 5148 4937
f 5145 4937 5144
f 5144 4937 4936
f 4934 5143 4932
f 4934 5146 5143
f 5146 5147 5143
f 4934 4935 5146
f 5141 4933 4930
f 5144 5141 5140
f 4933 5141 5144
f 5144 5140 5145
f 4929 5143 5139
f 4929 4932 5143
f 4939 5149 4935
f 5138 4930 4928
f 5147 5149 5150
f 5148 4941 4940
f 5158 4946 4944
f 4946 5158 5157
f 4947 4946 5157
f 5152 5155 5153
f 5153 5155 5156
f 4945 5155 4943
f 5155 5152 4943
f 5151 4944 4941
f 5151 5154 4944
f 5149 5152 5150
f 5150 5152 5153
f 4943 5152 4939
f 5152 5149 4939
f 5148 4940 4937
f 5148 5151 4941
f 5146 5149 5147
f 4910 5121 4911
f 5142 4930 5138
f 5140 5141 5142
f 4918 5129 4919
f 5128 5129 4918
f 4917 5128 4918
f 5127 5128 4917
f 4916 5127 4917
f 5126 5127 4916
f 4915 5126 4916
f 5125 5126 4915
f 4914 5125 4915
f 5124 5125 4914
f 4913 5124 4914
f 5123 5124 4913
f 4912 5123 4913
f 5122 5123 4912
f 4911 5122 4912
f 5130 4920 5129
f 5142 5141 4930
f 5129 4920 4919
f 5131 5118 4909
f 5139 5137 4927
f 5138 4928 4926
f 5135 5138 4926
f 5134 4925 5136
f 4925 4927 5136
f 4927 5137 5136
f 5135 4926 4924
f 5133 5135 4924
f 5134 4923 4925
f 5132 4923 5134
f 4921 5133 4924
f 5130 5133 4921
f 5118 5131 5119
f 5132 4909 4923
f 5131 4909 5132
f 4920 5130 4921
f 5073 5082 5074
f 5074 5082 5083
f 4873 5082 4864
f 5034 4830 5035
f 5034 5035 5036
f 4830 5034 4831
f 5032 5031 5033
f 5032 5030 4829
f 5031 5032 4829
f 5030 5026 4829
f 5026 4824 4829
f 5025 5029 4822
f 5029 4828 4822
f 4827 4828 5029
f 5028 4827 5029
f 4826 4827 5028
f 5027 4826 5028
f 4825 4826 5027
f 4830 4832 5035
f 4824 5026 5024
f 4825 5037 4832
f 4825 5027 5037
f 5043 4839 5044
f 5043 5042 4839
f 4839 5042 4838
f 5042 5041 4838
f 4838 5041 4837
f 5040 4836 4837
f 5040 4837 5041
f 4835 4836 5040
f 5039 4835 5040
f 4834 4835 5039
f 5038 4834 5039
f 5038 4833 4834
f 5033 4833 5038
f 5033 5031 4833
f 5031 4829 4833
f 4832 5037 5035
f 4839 4840 5044
f 4823 4824 5024
f 5023 4821 4823
f 4813 4814 5016
f 4812 5015 5014
f 5014 5011 4812
f 5011 4808 4812
f 5008 5013 4805
f 5013 4811 4805
f 4809 4811 5013
f 5012 4809 5013
f 4809 5012 4810
f 5011 4803 4808
f 5007 4803 5011
f 5006 5010 4801
f 5010 4807 4801
f 4806 4807 5010
f 5009 4806 5010
f 5016 4814 5017
f 4823 5024 5023
f 4814 4815 5017
f 4815 4816 5018
f 5025 4822 4820
f 5021 5025 4820
f 5020 5023 5024
f 4821 5023 4818
f 5023 5020 4818
f 4813 5016 5022
f 4819 5022 5021
f 4813 5022 4819
f 4819 5021 4820
f 4818 5015 4812
f 5020 5015 4818
f 5012 5019 4810
f 5019 4817 4810
f 4816 4817 5019
f 5018 4816 5019
f 5017 4815 5018
f 5044 4840 5045
f 4840 4841 5045
f 4831 5034 5046
f 4863 4862 5072
f 4862 5071 5072
f 4861 5071 4862
f 5070 5071 4861
f 4858 5070 4861
f 5069 5070 4858
f 5069 4858 5067
f 4859 5056 4851
f 4859 5068 5056
f 4859 4860 5068
f 4858 4857 5067
f 4857 5066 5067
f 4856 5066 4857
f 5065 5066 4856
f 4855 5065 4856
f 5073 5068 4860
f 5064 5065 4855
f 4864 5073 4860
f 5072 4865 4863
f 5082 5073 4864
f 4871 5081 4872
f 5080 4871 4870
f 5081 4871 5080
f 4869 5080 4870
f 5079 5080 4869
f 4868 5079 4869
f 5078 5079 4868
f 4867 5078 4868
f 5077 5078 4867
f 4866 5077 4867
f 5076 5077 4866
f 4865 5076 4866
f 5075 5076 4865
f 5075 4865 5072
f 5068 5073 5074
f 4849 5064 4855
f 5063 5064 4849
f 5062 5063 4849
f 5053 4846 5052
f 4844 5052 4845
f 5051 5052 4844
f 5051 4844 5050
f 4844 4843 5050
f 4843 4842 5050
f 5043 5044 5049
f 5048 5042 5049
f 5042 5043 5049
f 5047 5041 5048
f 5041 5042 5048
f 5040 5041 5047
f 5034 5036 5046
f 4841 5046 5045
f 4831 5046 4841
f 5052 4846 4845
f 4847 4846 5053
f 5054 4847 5053
f 4848 4847 5054
f 5055 5062 4849
f 5061 5062 5054
f 5054 5062 5055
f 5053 5061 5054
f 4842 5060 5050
f 4854 5060 4842
f 5059 5060 4854
f 5008 4804 5009
f 4853 5059 4854
f 4852 5058 4853
f 5057 5058 4852
f 4850 5057 4852
f 5056 5057 4850
f 4850 4851 5056
f 4848 5055 4849
f 5055 4848 5054
f 5058 5059 4853
f 6164 6367 6166
f 4669 4854 4670
f 4668 4853 4669
f 4652 4438 4653
f 4437 4438 4652
f 4651 4437 4652
f 4436 4437 4651
f 4650 4436 4651
f 4649 4436 4650
f 4430 4436 4649
f 4648 4643 4649
f 4643 4430 4649
f 4647 4642 4648
f 4642 4643 4648
f 4641 4642 4647
f 4636 4638 4646
f 4435 4646 4644
f 4425 4646 4435
f 4438 4439 4653
f 4425 4636 4646
f 4653 4439 4654
f 4434 4655 4440
f 4662 4663 4447
f 4446 4662 4447
f 4661 4662 4446
f 4445 4661 4446
f 4660 4661 4445
f 4444 4660 4445
f 4659 4660 4444
f 4443 4659 4444
f 4658 4659 4443
f 4441 4658 4443
f 4656 4658 4441
f 4441 4442 4656
f 4442 4657 4656
f 4434 4645 4655
f 4440 4655 4654
f 4439 4440 4654
f 4447 4663 4448
f 4434 4435 4644
f 4430 4643 4429
f 4628 4630 4633
f 4628 4632 4415
f 4633 4632 4628
f 4415 4632 4419
f 4417 4631 4627
f 4417 4627 4625
f 4625 4413 4417
f 4619 4621 4629
f 4416 4409 4619
f 4416 4619 4629
f 4416 4629 4628
f 4628 4629 4630
f 4628 4415 4416
f 4626 4625 4627
f 4413 4618 4406
f 4631 4417 4420
f 4434 4644 4645
f 4634 4631 4420
f 4422 4635 4420
f 4643 4642 4429
f 4429 4642 4428
f 4641 4427 4428
f 4641 4428 4642
f 4641 4635 4427
f 4635 4422 4427
f 4632 4633 4640
f 4639 4419 4640
f 4419 4632 4640
f 4426 4639 4637
f 4419 4639 4426
f 4424 4426 4637
f 4636 4424 4637
f 4636 4637 4638
f 4424 4636 4425
f 4420 4635 4634
f 4625 4618 4413
f 4663 4664 4448
f 4449 4664 4665
f 4689 4475 4692
f 4476 4474 4691
f 4474 4690 4691
f 4688 4690 4474
f 4689 4465 4475
f 4679 4465 4689
f 4473 4688 4474
f 4688 4473 4687
f 4473 4472 4687
f 4686 4472 4471
f 4687 4472 4686
f 4470 4686 4471
f 4685 4686 4470
f 4469 4685 4470
f 4684 4685 4469
f 4692 4475 4477
f 4468 4684 4469
f 4691 4478 4476
f 4478 4693 4479
f 4699 4701 4488
f 4699 4488 4487
f 4700 4477 4485
f 4692 4477 4700
f 4698 4699 4487
f 4486 4697 4487
f 4697 4698 4487
f 4483 4696 4486
f 4696 4697 4486
f 4696 4482 4695
f 4483 4482 4696
f 4480 4695 4482
f 4694 4695 4480
f 4479 4694 4480
f 4693 4694 4479
f 4691 4693 4478
f 4448 4664 4449
f 4683 4684 4468
f 4682 4683 4467
f 4456 4672 4457
f 4671 4672 4456
f 4671 4456 4665
f 4665 4456 4450
f 4657 4442 4670
f 4670 4442 4455
f 4454 4670 4455
f 4669 4670 4454
f 4453 4669 4454
f 4668 4669 4453
f 4451 4668 4453
f 4666 4668 4451
f 4451 4452 4666
f 4452 4667 4666
f 4450 4449 4665
f 4672 4673 4457
f 4467 4683 4468
f 4457 4673 4458
f 4459 4458 4674
f 4466 4682 4467
f 4681 4682 4466
f 4463 4681 4466
f 4680 4681 4463
f 4680 4463 4678
f 4679 4460 4465
f 4675 4460 4679
f 4463 4462 4678
f 4462 4677 4678
f 4461 4677 4462
f 4676 4677 4461
f 4459 4676 4461
f 4674 4676 4459
f 4452 4460 4667
f 4460 4675 4667
f 4458 4673 4674
f 4625 4626 4618
f 4402 4615 4624
f 4412 4624 4623
f 4576 4571 4354
f 4568 4575 4350
f 4575 4358 4350
f 4357 4358 4575
f 4574 4357 4575
f 4356 4357 4574
f 4573 4356 4574
f 4355 4356 4573
f 4572 4355 4573
f 4354 4566 4347
f 4571 4566 4354
f 4564 4570 4344
f 4570 4352 4344
f 4351 4352 4570
f 4569 4351 4570
f 4359 4576 4354
f 4349 4351 4569
f 4571 4576 4577
f 4361 4579 4359
f 4369 4368 4587
f 4585 4584 4586
f 4579 4585 4580
f 4579 4584 4585
f 4579 4366 4584
f 4366 4367 4584
f 4579 4361 4366
f 4578 4583 4360
f 4583 4364 4360
f 4362 4364 4583
f 4582 4362 4583
f 4362 4582 4581
f 4363 4362 4581
f 4576 4579 4577
f 4577 4579 4580
f 4579 4576 4359
f 4368 4588 4587
f 4567 4349 4569
f 4350 4567 4568
f 4332 4552 4556
f 4337 4556 4555
f 4332 4556 4337
f 4336 4337 4555
f 4554 4336 4555
f 4335 4336 4554
f 4553 4551 4331
f 4553 4331 4333
f 4333 4334 4553
f 4552 4329 4550
f 4332 4329 4552
f 4551 4327 4331
f 4549 4327 4551
f 4547 4330 4326
f 4330 4550 4328
f 4553 4334 4557
f 4349 4567 4350
f 4557 4334 4338
f 4339 4340 4559
f 4566 4342 4347
f 4562 4342 4566
f 4558 4565 4339
f 4565 4345 4339
f 4343 4345 4565
f 4563 4343 4565
f 4343 4563 4344
f 4344 4563 4564
f 4562 4338 4342
f 4557 4338 4562
f 4335 4554 4561
f 4341 4561 4560
f 4335 4561 4341
f 4340 4341 4560
f 4559 4340 4560
f 4558 4339 4559
f 4581 4588 4370
f 4370 4588 4368
f 4581 4370 4363
f 4398 4399 4609
f 4609 4392 4398
f 4608 4613 4391
f 4613 4397 4391
f 4396 4397 4613
f 4612 4396 4613
f 4394 4396 4612
f 4610 4394 4612
f 4394 4610 4395
f 4395 4610 4611
f 4392 4606 4389
f 4609 4606 4392
f 4603 4607 4387
f 4607 4390 4387
f 4390 4607 4391
f 4399 4614 4609
f 4391 4607 4608
f 4402 4403 4615
f 4403 4404 4616
f 4402 4624 4412
f 4411 4412 4623
f 4622 4411 4623
f 4410 4411 4622
f 4620 4410 4622
f 4408 4410 4620
f 4619 4408 4620
f 4619 4620 4621
f 4408 4619 4409
f 4618 4399 4406
f 4614 4399 4618
f 4611 4617 4395
f 4617 4405 4395
f 4404 4405 4617
f 4616 4404 4617
f 4615 4403 4616
f 4389 4606 4605
f 4388 4389 4605
f 4604 4388 4605
f 4379 4595 4596
f 4589 4593 4594
f 4378 4593 4373
f 4593 4589 4373
f 4587 4377 4369
f 4377 4592 4376
f 4587 4592 4377
f 4375 4376 4592
f 4591 4375 4592
f 4374 4375 4591
f 4590 4374 4591
f 4584 4589 4586
f 4584 4372 4589
f 4372 4373 4589
f 4584 4367 4372
f 4379 4380 4595
f 4595 4380 4597
f 4380 4381 4597
f 4597 4381 4598
f 4604 4602 4388
f 4602 4386 4388
f 4600 4603 4385
f 4603 4387 4385
f 4602 4383 4386
f 4599 4383 4602
f 4379 4596 4601
f 4488 4701 4489
f 4384 4601 4600
f 4384 4600 4385
f 4383 4599 4594
f 4383 4594 4593
f 4593 4378 4383
f 4590 4598 4374
f 4598 4382 4374
f 4381 4382 4598
f 4379 4601 4384
f 4853 4854 4669
f 4701 4702 4489
f 4702 4703 4491
f 4806 4612 4807
f 4610 4612 4806
f 4804 4610 4806
f 4610 4804 4611
f 4611 4804 4805
f 4609 4803 4802
f 4802 4799 4609
f 4799 4606 4609
f 4797 4800 4603
f 4800 4607 4603
f 4607 4800 4608
f 4608 4800 4801
f 4606 4799 4605
f 4605 4799 4798
f 4798 4604 4605
f 4612 4613 4807
f 4796 4604 4798
f 4807 4613 4608
f 4803 4609 4808
f 4815 4623 4816
f 4622 4623 4815
f 4814 4622 4815
f 4620 4622 4814
f 4813 4620 4814
f 4620 4813 4621
f 4618 4808 4614
f 4812 4808 4618
f 4805 4811 4611
f 4811 4617 4611
f 4616 4617 4811
f 4809 4616 4811
f 4615 4616 4809
f 4615 4809 4810
f 4808 4609 4614
f 4801 4807 4608
f 4623 4624 4816
f 4796 4602 4604
f 4797 4603 4600
f 4787 4592 4587
f 4591 4592 4787
f 4786 4591 4787
f 4590 4591 4786
f 4785 4590 4786
f 4589 4784 4783
f 4783 4780 4589
f 4780 4586 4589
f 4777 4782 4581
f 4782 4588 4581
f 4587 4588 4782
f 4781 4587 4782
f 4586 4780 4776
f 4585 4586 4776
f 4776 4580 4585
f 4781 4787 4587
f 4794 4797 4600
f 4784 4589 4788
f 4596 4789 4790
f 4602 4796 4599
f 4796 4793 4599
f 4790 4795 4596
f 4795 4601 4596
f 4600 4601 4795
f 4794 4600 4795
f 4599 4788 4594
f 4793 4788 4599
f 4785 4792 4590
f 4792 4598 4590
f 4597 4598 4792
f 4791 4597 4792
f 4595 4597 4791
f 4789 4595 4791
f 4595 4789 4596
f 4788 4589 4594
f 4775 4779 4578
f 4615 4817 4624
f 4615 4810 4817
f 4842 4843 4656
f 4656 4657 4842
f 4831 4841 4645
f 4841 4655 4645
f 4654 4655 4841
f 4840 4654 4841
f 4653 4654 4840
f 4839 4653 4840
f 4652 4653 4839
f 4838 4652 4839
f 4651 4652 4838
f 4837 4651 4838
f 4650 4651 4837
f 4836 4650 4837
f 4649 4650 4836
f 4656 4843 4658
f 4835 4649 4836
f 4843 4844 4658
f 4844 4845 4659
f 4852 4853 4668
f 4666 4852 4668
f 4850 4852 4666
f 4666 4667 4850
f 4667 4851 4850
f 4664 4849 4665
f 4848 4664 4663
f 4849 4664 4848
f 4662 4848 4663
f 4847 4848 4662
f 4661 4847 4662
f 4846 4847 4661
f 4660 4846 4661
f 4845 4846 4660
f 4659 4845 4660
f 4658 4844 4659
f 4624 4817 4816
f 4648 4649 4835
f 4647 4648 4834
f 4635 4824 4634
f 4634 4824 4823
f 4823 4821 4634
f 4821 4631 4634
f 4822 4630 4820
f 4633 4630 4822
f 4821 4627 4631
f 4818 4627 4821
f 4813 4819 4621
f 4819 4629 4621
f 4629 4819 4630
f 4630 4819 4820
f 4627 4818 4812
f 4626 4627 4812
f 4812 4618 4626
f 4637 4825 4638
f 4834 4648 4835
f 4825 4637 4826
f 4826 4639 4827
f 4833 4647 4834
f 4833 4829 4647
f 4829 4641 4647
f 4825 4832 4638
f 4832 4646 4638
f 4644 4646 4832
f 4830 4644 4832
f 4644 4830 4645
f 4645 4830 4831
f 4829 4824 4641
f 4824 4635 4641
f 4633 4822 4828
f 4640 4828 4827
f 4633 4828 4640
f 4639 4640 4827
f 4637 4639 4826
f 4779 4583 4578
f 4582 4583 4779
f 4778 4582 4779
f 4729 4524 4728
f 4525 4524 4729
f 4522 4728 4524
f 4727 4728 4522
f 4520 4727 4522
f 4726 4727 4520
f 4518 4726 4520
f 4725 4726 4518
f 4516 4725 4518
f 4724 4725 4516
f 4513 4724 4516
f 4723 4724 4513
f 4513 4722 4723
f 4514 4722 4513
f 4529 4721 4514
f 4729 4730 4525
f 4721 4722 4514
f 4716 4505 4731
f 4525 4730 4530
f 4738 4534 4538
f 4735 4534 4738
f 4536 4737 4537
f 4532 4734 4737
f 4536 4532 4737
f 4733 4531 4736
f 4736 4531 4535
f 4533 4736 4535
f 4735 4736 4533
f 4533 4534 4735
f 4734 4532 4530
f 4732 4734 4530
f 4733 4526 4531
f 4731 4526 4733
f 4530 4730 4732
f 4731 4505 4526
f 4737 4541 4540
f 4528 4720 4529
f 4527 4719 4528
f 4499 4710 4500
f 4709 4710 4499
f 4498 4709 4499
f 4708 4709 4498
f 4497 4708 4498
f 4707 4708 4497
f 4496 4707 4497
f 4705 4707 4496
f 4705 4496 4494
f 4706 4485 4495
f 4700 4485 4706
f 4704 4705 4494
f 4704 4493 4703
f 4494 4493 4704
f 4491 4703 4493
f 4710 4711 4500
f 4720 4721 4529
f 4500 4711 4501
f 4501 4712 4502
f 4719 4720 4528
f 4511 4718 4527
f 4718 4719 4527
f 4718 4510 4717
f 4511 4510 4718
f 4508 4717 4510
f 4715 4717 4508
f 4715 4508 4504
f 4716 4706 4495
f 4495 4505 4716
f 4714 4715 4504
f 4714 4503 4713
f 4504 4503 4714
f 4502 4713 4503
f 4712 4713 4502
f 4711 4712 4501
f 4737 4739 4541
f 4737 4540 4537
f 4543 4741 4740
f 4767 4569 4768
f 4567 4569 4767
f 4765 4567 4767
f 4567 4765 4568
f 4568 4765 4766
f 4566 4760 4562
f 4764 4760 4566
f 4755 4763 4558
f 4763 4565 4558
f 4563 4565 4763
f 4761 4563 4763
f 4563 4761 4564
f 4564 4761 4762
f 4760 4557 4562
f 4754 4557 4760
f 4569 4570 4768
f 4554 4752 4759
f 4768 4570 4564
f 4764 4566 4571
f 4581 4582 4778
f 4777 4581 4778
f 4580 4774 4577
f 4776 4774 4580
f 4774 4571 4577
f 4769 4571 4774
f 4766 4773 4568
f 4773 4575 4568
f 4574 4575 4773
f 4772 4574 4773
f 4573 4574 4772
f 4771 4573 4772
f 4572 4573 4771
f 4770 4572 4771
f 4571 4769 4764
f 4762 4768 4564
f 4561 4759 4758
f 4554 4759 4561
f 4560 4561 4758
f 4747 4550 4547
f 4746 4546 4549
f 4743 4546 4746
f 4742 4745 4544
f 4745 4548 4544
f 4547 4548 4745
f 4744 4547 4745
f 4743 4741 4543
f 4743 4543 4545
f 4545 4546 4743
f 4742 4544 4541
f 4739 4742 4541
f 4738 4538 4740
f 4740 4538 4542
f 4542 4543 4740
f 4744 4747 4547
f 4746 4549 4748
f 4748 4549 4551
f 4747 4749 4550
f 4757 4560 4758
f 4559 4560 4757
f 4756 4559 4757
f 4558 4559 4756
f 4755 4558 4756
f 4754 4750 4553
f 4553 4557 4754
f 4489 4702 4491
f 4749 4753 4552
f 4555 4556 4753
f 4751 4555 4753
f 4554 4555 4751
f 4554 4751 4752
f 4750 4551 4553
f 4748 4551 4750
f 4749 4552 4550
f 4753 4556 4552
f 6363 6163 6368
f 6368 6163 6169
f 6369 6366 6365
f 7977 7972 7973
f 7975 7811 7815
f 7971 7811 7975
f 7808 7970 7812
f 7970 7974 7812
f 7970 7972 7974
f 7969 7972 7970
f 7972 7969 7973
f 7811 7971 7807
f 7971 7968 7807
f 7967 7808 7804
f 7970 7967 7966
f 7808 7967 7970
f 7966 7969 7970
f 7965 7969 7966
f 7976 7972 7977
f 7968 7964 7803
f 7972 7976 7974
f 7974 7978 7817
f 7981 7824 7821
f 7984 7981 7980
f 7824 7981 7984
f 7984 7980 7985
f 7983 7979 7819
f 7982 7983 7819
f 7819 7823 7982
f 7817 7978 7821
f 7978 7981 7821
f 7978 7980 7981
f 7976 7980 7978
f 7980 7976 7977
f 7979 7815 7819
f 7975 7815 7979
f 7812 7974 7817
f 7974 7976 7978
f 7823 7827 7986
f 7968 7803 7806
f 7963 7804 7802
f 7953 7958 7798
f 7953 7957 7958
f 7952 7957 7953
f 7952 7955 7957
f 7951 7955 7952
f 7955 7951 7950
f 7956 7955 7950
f 7954 7792 7796
f 7949 7792 7954
f 7789 7953 7794
f 7953 7948 7952
f 7789 7948 7953
f 7948 7951 7952
f 7947 7951 7948
f 7947 7950 7951
f 7794 7953 7798
f 7806 7807 7968
f 7954 7796 7959
f 7961 7955 7956
f 7967 7963 7962
f 7804 7963 7967
f 7962 7966 7967
f 7960 7966 7962
f 7965 7966 7960
f 7965 7960 7961
f 7964 7800 7803
f 7959 7800 7964
f 7798 7958 7802
f 7958 7963 7802
f 7958 7962 7963
f 7957 7962 7958
f 7957 7960 7962
f 7955 7960 7957
f 7960 7955 7961
f 7959 7796 7800
f 7945 7950 7947
f 7823 7986 7982
f 7982 7987 7983
f 8009 7850 7846
f 7850 8009 7849
f 8009 8006 7849
f 8008 8012 8011
f 8008 8011 7849
f 8008 7849 8006
f 8013 8011 8012
f 7848 8005 7843
f 8010 8005 7848
f 8003 7847 7841
f 7847 8003 7845
f 8003 8001 7845
f 8009 8001 7998
f 7846 8001 8009
f 7846 7845 8001
f 8010 7848 7851
f 8006 8009 7998
f 7851 8014 8010
f 8015 8016 8011
f 8025 8023 8024
f 7859 8022 8021
f 8021 8017 7859
f 8017 7854 7859
f 8016 7858 7853
f 7858 8016 7856
f 8016 8015 7856
f 8015 8020 8019
f 8015 8019 7857
f 8015 7857 7856
f 8018 8019 8020
f 8017 7851 7854
f 8014 7851 8017
f 7849 8011 7853
f 8011 8016 7853
f 8015 8011 8013
f 7982 7986 7987
f 8007 8006 7998
f 8008 8006 8007
f 7995 7996 7992
f 7994 7831 7834
f 7991 7831 7994
f 7829 7988 7833
f 7988 7993 7833
f 7992 7993 7988
f 7992 7988 7989
f 7990 7987 7986
f 7991 7827 7831
f 7990 7827 7991
f 7990 7986 7827
f 7824 7984 7829
f 7984 7988 7829
f 7988 7984 7989
f 7989 7984 7985
f 7837 7836 7993
f 8007 7998 8000
f 7837 7993 7996
f 7993 7836 7833
f 7843 8005 8004
f 8004 7842 7843
f 7997 7842 8004
f 7997 7838 7842
f 7996 7840 7837
f 8003 7996 7995
f 7841 7996 8003
f 7841 7840 7996
f 8001 8003 7995
f 8002 8001 7995
f 7998 8001 7999
f 7999 8001 8002
f 8000 7998 7999
f 7838 7994 7834
f 7997 7994 7838
f 7996 7993 7992
f 8024 8026 8027
f 7950 7945 7946
f 7944 7788 7949
f 7898 7731 7894
f 7898 7736 7731
f 7898 7900 7736
f 7900 7899 7736
f 7897 7898 7893
f 7893 7898 7894
f 7896 7897 7892
f 7892 7897 7893
f 7891 7896 7892
f 7734 7881 7725
f 7734 7895 7881
f 7734 7735 7895
f 7729 7894 7731
f 7894 7729 7893
f 7729 7728 7893
f 7737 7736 7899
f 7893 7728 7892
f 7901 7737 7899
f 7895 7735 7902
f 7910 7906 7909
f 7742 7906 7910
f 7906 7908 7909
f 7904 7908 7906
f 7908 7904 7905
f 7907 7741 7746
f 7902 7741 7907
f 7738 7906 7742
f 7906 7901 7904
f 7738 7901 7906
f 7904 7901 7899
f 7905 7904 7899
f 7905 7899 7903
f 7900 7903 7899
f 7902 7735 7741
f 7737 7901 7738
f 7742 7910 7747
f 7728 7727 7892
f 7727 7880 7892
f 7710 7883 7872
f 7724 7882 7726
f 7881 7882 7724
f 7724 7725 7881
f 7718 7880 7720
f 7880 7718 7879
f 7718 7717 7879
f 7879 7717 7878
f 7717 7716 7878
f 7878 7716 7877
f 7716 7715 7877
f 7877 7715 7876
f 7715 7714 7876
f 7876 7714 7875
f 7714 7713 7875
f 7710 7726 7883
f 7892 7880 7891
f 7726 7882 7883
f 7883 7884 7872
f 7727 7720 7880
f 7891 7880 7879
f 7891 7879 7890
f 7889 7890 7878
f 7878 7890 7879
f 7888 7889 7877
f 7877 7889 7878
f 7887 7888 7876
f 7876 7888 7877
f 7886 7887 7875
f 7875 7887 7876
f 7885 7886 7874
f 7874 7886 7875
f 7884 7885 7873
f 7873 7885 7874
f 7872 7884 7873
f 7949 7788 7792
f 7751 7911 7746
f 7908 7912 7909
f 7935 7937 7779
f 7937 7935 7934
f 7938 7937 7934
f 7936 7773 7778
f 7932 7773 7936
f 7769 7931 7774
f 7931 7935 7774
f 7931 7934 7935
f 7930 7934 7931
f 7934 7930 7929
f 7934 7929 7933
f 7928 7933 7929
f 7773 7932 7772
f 7932 7927 7772
f 7927 7768 7772
f 7774 7935 7779
f 7764 7931 7769
f 7936 7778 7939
f 7941 7937 7938
f 7784 7948 7789
f 7948 7942 7947
f 7784 7942 7948
f 7942 7945 7947
f 7940 7945 7942
f 7945 7940 7946
f 7946 7940 7941
f 7788 7944 7787
f 7787 7944 7943
f 7943 7939 7787
f 7939 7783 7787
f 7779 7942 7784
f 7942 7937 7940
f 7779 7937 7942
f 7940 7937 7941
f 7939 7778 7783
f 7746 7911 7907
f 7931 7926 7930
f 7926 7929 7930
f 7757 7752 7920
f 7920 7915 7919
f 7752 7915 7920
f 7915 7918 7919
f 7913 7918 7915
f 7918 7913 7914
f 7751 7756 7917
f 7751 7917 7916
f 7911 7751 7916
f 7747 7915 7752
f 7915 7910 7913
f 7747 7910 7915
f 7913 7910 7909
f 7914 7913 7909
f 7914 7909 7912
f 7921 7757 7920
f 7764 7926 7931
f 7757 7921 7759
f 7922 7756 7762
f 7925 7929 7926
f 7925 7928 7929
f 7924 7928 7925
f 7928 7924 7923
f 7927 7922 7768
f 7922 7762 7768
f 7763 7926 7764
f 7926 7921 7925
f 7763 7921 7926
f 7763 7759 7921
f 7921 7924 7925
f 7920 7924 7921
f 7920 7923 7924
f 7919 7923 7920
f 7923 7919 7918
f 7917 7756 7922
f 8023 8026 8024
f 8018 8026 7860
f 8018 8027 8026
f 8121 8128 8122
f 8121 8127 8128
f 8120 8127 8121
f 8120 8126 8127
f 8119 8126 8120
f 8125 7959 7964
f 8118 7959 8125
f 7956 8117 7961
f 8117 8124 7961
f 8117 8123 8124
f 8116 8123 8117
f 8116 8122 8123
f 8115 8122 8116
f 8115 8121 8122
f 8114 8121 8115
f 8122 8128 8129
f 8114 8120 8121
f 8122 8129 8123
f 7965 8124 8130
f 8136 8131 7971
f 8137 8136 7971
f 7965 8130 7969
f 8130 8135 7969
f 8130 8134 8135
f 8129 8134 8130
f 8129 8133 8134
f 8128 8133 8129
f 8128 8132 8133
f 8127 8132 8128
f 8132 8127 8126
f 8131 7964 7968
f 8125 7964 8131
f 8124 7965 7961
f 8130 8124 8123
f 8123 8129 8130
f 8131 7968 7971
f 8113 8120 8114
f 8112 8119 8113
f 8103 8108 8109
f 8102 8108 8103
f 8102 8107 8108
f 8100 8107 8102
f 8106 8107 8100
f 8106 8100 8101
f 8105 7944 7949
f 8099 7944 8105
f 7941 8097 7946
f 8097 8104 7946
f 8097 8103 8104
f 8096 8103 8097
f 8096 8102 8103
f 8095 8102 8096
f 8095 8100 8102
f 8103 8109 8104
f 8113 8119 8120
f 8104 8109 8110
f 7946 8104 7950
f 8118 7954 7959
f 8111 7954 8118
f 7950 8117 7956
f 8117 8110 8116
f 7950 8110 8117
f 8110 8115 8116
f 8109 8115 8110
f 8109 8114 8115
f 8108 8114 8109
f 8108 8113 8114
f 8107 8113 8108
f 8107 8112 8113
f 8106 8112 8107
f 8111 7949 7954
f 8105 7949 8111
f 8104 8110 7950
f 8094 8100 8095
f 8132 8138 8133
f 8133 8139 8134
f 8160 8165 8166
f 8159 8165 8160
f 8164 8165 8159
f 7990 8158 7987
f 8163 8158 7990
f 7990 7991 8163
f 7985 8157 7989
f 8157 8162 7989
f 8157 8161 8162
f 8156 8161 8157
f 8156 8160 8161
f 8155 8160 8156
f 8155 8159 8160
f 8154 8159 8155
f 8158 7983 7987
f 8160 8166 8161
f 8153 7983 8158
f 8161 8166 8167
f 8167 8162 8161
f 8169 8174 8170
f 8174 8169 8175
f 7994 8173 8168
f 7997 8173 7994
f 8167 7995 7992
f 8172 8167 8166
f 7995 8167 8172
f 8166 8171 8172
f 8165 8171 8166
f 8165 8170 8171
f 8164 8170 8165
f 8169 8170 8164
f 8168 7991 7994
f 8163 7991 8168
f 8162 7992 7989
f 7992 8162 8167
f 8133 8138 8139
f 7980 8152 7985
f 8152 8156 8157
f 8141 8147 7977
f 8141 8146 8147
f 8140 8146 8141
f 8140 8145 8146
f 8139 8145 8140
f 8139 8144 8145
f 8138 8144 8139
f 8143 8144 8138
f 8137 7975 8142
f 7971 7975 8137
f 7969 8135 7973
f 8135 8141 7973
f 8135 8140 8141
f 8134 8140 8135
f 8134 8139 8140
f 7973 8141 7977
f 8152 8157 7985
f 8142 7975 8148
f 8149 8144 8143
f 8151 8156 8152
f 8151 8155 8156
f 8150 8155 8151
f 8150 8154 8155
f 8149 8154 8150
f 8153 7979 7983
f 8148 7979 8153
f 7977 8147 7980
f 8147 8152 7980
f 8147 8151 8152
f 8146 8151 8147
f 8146 8150 8151
f 8145 8150 8146
f 8145 8149 8150
f 8144 8149 8145
f 8148 7975 7979
f 8100 8094 8093
f 8101 8100 8093
f 7944 8099 7943
f 7881 8048 8050
f 7881 8050 8039
f 7881 7895 8048
f 7895 8049 8048
f 7890 8047 7891
f 8047 7890 8046
f 7890 7889 8046
f 8046 7889 8045
f 7889 7888 8045
f 8045 7888 8044
f 7888 7887 8044
f 8044 7887 8043
f 7887 7886 8043
f 8043 7886 8042
f 7886 7885 8042
f 8050 8040 8039
f 8042 7885 8041
f 8043 8051 8044
f 8051 8052 8044
f 7895 7902 8059
f 7902 8060 8059
f 7898 8058 7900
f 8058 7898 8057
f 7898 7897 8057
f 8057 7897 8056
f 7897 7896 8056
f 8056 7896 8055
f 7896 7891 8055
f 8055 8047 8054
f 7891 8047 8055
f 8054 8047 8046
f 8054 8046 8053
f 8052 8053 8045
f 8045 8053 8046
f 8044 8052 8045
f 8049 7895 8059
f 7885 7884 8041
f 7884 7883 8040
f 8034 8036 8035
f 8035 8036 8037
f 8032 8034 8033
f 8033 8034 8035
f 8030 8032 8031
f 8031 8032 8033
f 8031 8029 7863
f 8030 8031 7863
f 7862 7863 8029
f 8028 7862 8029
f 8028 8022 7862
f 8022 7859 7862
f 8019 7861 7857
f 7861 8019 7860
f 8019 8018 7860
f 7864 8037 8036
f 8041 7884 8040
f 7864 8038 8037
f 8023 8038 7866
f 8040 7883 8039
f 7883 7882 8039
f 7882 7881 8039
f 8036 7871 7864
f 7871 8036 7870
f 8036 8034 7870
f 7870 8034 7869
f 8034 8032 7869
f 7869 8032 7868
f 8032 8030 7868
f 8030 7863 7868
f 8026 7867 7860
f 7867 8026 7866
f 8026 8023 7866
f 7866 8038 7864
f 8023 8025 8038
f 8055 8061 8056
f 8056 8062 8057
f 8061 8062 8056
f 8084 8089 8085
f 8084 8088 8089
f 8083 8088 8084
f 8083 8087 8088
f 8082 8087 8083
f 8086 7932 7936
f 8081 7932 8086
f 7933 8085 7934
f 8085 7933 8084
f 7933 7928 8084
f 8084 8080 8083
f 7928 8080 8084
f 8080 8082 8083
f 8079 8082 8080
f 8081 8078 7932
f 8085 8089 8090
f 8078 7927 7932
f 7934 8085 8091
f 7934 8091 7938
f 7943 8099 8098
f 8098 8092 7943
f 8092 7939 7943
f 7938 8091 7941
f 8091 8097 7941
f 8091 8096 8097
f 8090 8096 8091
f 8090 8095 8096
f 8089 8095 8090
f 8089 8094 8095
f 8088 8094 8089
f 8088 8093 8094
f 8087 8093 8088
f 8092 7936 7939
f 8086 7936 8092
f 8091 8085 8090
f 7923 8080 7928
f 8080 8076 8079
f 7923 8076 8080
f 8067 8069 7908
f 8068 7907 7911
f 8066 7907 8068
f 7905 8064 7908
f 8064 8067 7908
f 8067 8064 8065
f 8066 7902 7907
f 8060 7902 8066
f 7903 8064 7905
f 8063 7900 8058
f 8063 7903 7900
f 8063 8065 7903
f 8065 8064 7903
f 8062 8063 8057
f 8057 8063 8058
f 7912 7908 8069
f 8070 7912 8069
f 7912 8070 7914
f 7916 8071 8072
f 8079 8076 8077
f 8078 8075 7927
f 8075 7922 7927
f 7918 8076 7923
f 8073 8077 7918
f 8077 8076 7918
f 7917 7922 8075
f 7875 7713 7874
f 8071 7917 8075
f 8072 8071 8074
f 7914 8070 7918
f 8070 8073 7918
f 8073 8070 8069
f 7916 7917 8071
f 7911 8072 8068
f 7916 8072 7911
f 8071 8075 8074
f 7713 7712 7874
f 7874 7712 7873
f 7712 7711 7873
f 7676 7679 7502
f 7678 7497 7501
f 7675 7497 7678
f 7672 7500 7495
f 7500 7677 7498
f 7672 7677 7500
f 7498 7677 7676
f 7499 7498 7676
f 7497 7675 7496
f 7496 7675 7674
f 7674 7671 7496
f 7671 7493 7496
f 7670 7673 7492
f 7673 7494 7492
f 7494 7673 7672
f 7676 7502 7499
f 7495 7494 7672
f 7678 7501 7503
f 7503 7681 7680
f 7687 7512 7688
f 7687 7684 7512
f 7684 7507 7512
f 7682 7511 7506
f 7511 7686 7509
f 7682 7686 7511
f 7509 7686 7685
f 7510 7509 7685
f 7684 7504 7507
f 7681 7504 7684
f 7679 7683 7502
f 7683 7505 7502
f 7505 7683 7682
f 7506 7505 7682
f 7504 7681 7503
f 7680 7678 7503
f 7512 7513 7688
f 7671 7668 7493
f 7667 7669 7488
f 7658 7660 7484
f 7658 7484 7657
f 7659 7479 7483
f 7656 7479 7659
f 7655 7481 7478
f 7657 7655 7653
f 7482 7655 7657
f 7482 7481 7655
f 7657 7653 7658
f 7658 7653 7654
f 7656 7477 7479
f 7651 7477 7656
f 7475 7650 7478
f 7650 7655 7478
f 7650 7653 7655
f 7657 7484 7482
f 7668 7490 7493
f 7659 7483 7661
f 7664 7662 7663
f 7669 7491 7488
f 7491 7669 7492
f 7492 7669 7670
f 7668 7487 7490
f 7665 7487 7668
f 7662 7489 7486
f 7489 7666 7488
f 7662 7666 7489
f 7662 7664 7666
f 7488 7666 7667
f 7665 7485 7487
f 7661 7485 7665
f 7660 7486 7484
f 7660 7663 7662
f 7660 7662 7486
f 7661 7483 7485
f 7649 7653 7650
f 7514 7689 7690
f 7514 7515 7691
f 7703 7716 7704
f 7714 7715 7702
f 7702 7715 7703
f 7713 7714 7701
f 7701 7714 7702
f 7712 7713 7700
f 7700 7713 7701
f 7711 7712 7699
f 7699 7712 7700
f 7546 7709 7711
f 7530 7546 7711
f 7530 7711 7699
f 7545 7709 7546
f 7708 7709 7545
f 7708 7710 7709
f 7715 7716 7703
f 7708 7545 7707
f 7704 7717 7705
f 7705 7718 7706
f 7725 7544 7555
f 7724 7544 7725
f 7724 7707 7544
f 7550 7723 7552
f 7723 7550 7722
f 7550 7549 7722
f 7722 7549 7721
f 7549 7548 7721
f 7721 7548 7719
f 7548 7547 7719
f 7718 7539 7706
f 7718 7547 7539
f 7718 7720 7547
f 7720 7719 7547
f 7717 7718 7705
f 7716 7717 7704
f 7689 7514 7691
f 7545 7543 7707
f 7537 7706 7539
f 7521 7522 7697
f 7696 7521 7697
f 7520 7521 7696
f 7695 7520 7696
f 7519 7520 7695
f 7694 7519 7695
f 7518 7519 7694
f 7693 7518 7694
f 7517 7518 7693
f 7692 7517 7693
f 7692 7688 7517
f 7688 7513 7517
f 7685 7516 7510
f 7516 7691 7515
f 7685 7691 7516
f 7697 7522 7698
f 7543 7544 7707
f 7522 7523 7698
f 7690 7698 7514
f 7706 7537 7705
f 7537 7536 7705
f 7705 7536 7704
f 7536 7535 7704
f 7704 7535 7703
f 7535 7534 7703
f 7703 7534 7702
f 7534 7533 7702
f 7702 7533 7701
f 7533 7532 7701
f 7701 7532 7700
f 7532 7531 7700
f 7700 7531 7699
f 7531 7529 7699
f 7529 7530 7699
f 7698 7523 7514
f 7653 7649 7654
f 7648 7472 7652
f 7476 7652 7472
f 7601 7420 7605
f 7418 7604 7422
f 7604 7600 7602
f 7418 7600 7604
f 7602 7600 7599
f 7603 7602 7599
f 7601 7417 7420
f 7598 7417 7601
f 7416 7597 7418
f 7597 7600 7418
f 7597 7599 7600
f 7595 7599 7597
f 7599 7595 7596
f 7413 7417 7598
f 7414 7597 7416
f 7605 7420 7425
f 7597 7592 7595
f 7607 7602 7603
f 7602 7606 7604
f 7609 7615 7614
f 7610 7609 7614
f 7427 7608 7434
f 7608 7613 7434
f 7608 7611 7613
f 7606 7611 7608
f 7611 7606 7612
f 7612 7606 7607
f 7432 7433 7609
f 7425 7610 7605
f 7432 7610 7425
f 7432 7609 7610
f 7422 7604 7427
f 7604 7608 7427
f 7604 7606 7608
f 7606 7602 7607
f 7609 7433 7615
f 7414 7592 7597
f 7595 7592 7591
f 7582 7586 7587
f 7581 7586 7582
f 7581 7585 7586
f 7580 7585 7581
f 7585 7580 7579
f 7400 7404 7584
f 7400 7584 7583
f 7578 7400 7583
f 7398 7582 7402
f 7582 7577 7581
f 7398 7577 7582
f 7577 7580 7581
f 7576 7580 7577
f 7576 7579 7580
f 7575 7579 7576
f 7405 7402 7582
f 7414 7410 7592
f 7405 7582 7588
f 7405 7588 7407
f 7596 7595 7591
f 7596 7591 7594
f 7590 7594 7591
f 7593 7412 7413
f 7593 7589 7412
f 7589 7408 7412
f 7407 7588 7410
f 7588 7592 7410
f 7588 7591 7592
f 7587 7591 7588
f 7587 7590 7591
f 7586 7590 7587
f 7590 7586 7585
f 7589 7404 7408
f 7584 7404 7589
f 7588 7582 7587
f 7433 7439 7615
f 7612 7616 7611
f 7618 7611 7616
f 7643 7638 7637
f 7467 7638 7643
f 7637 7641 7643
f 7635 7641 7637
f 7641 7635 7642
f 7642 7635 7636
f 7634 7461 7639
f 7639 7461 7465
f 7465 7466 7639
f 7466 7640 7639
f 7458 7633 7463
f 7633 7638 7463
f 7633 7637 7638
f 7632 7637 7633
f 7632 7635 7637
f 7638 7467 7463
f 7631 7635 7632
f 7640 7466 7644
f 7646 7641 7642
f 7651 7652 7476
f 7476 7477 7651
f 7647 7474 7471
f 7650 7647 7645
f 7475 7647 7650
f 7475 7474 7647
f 7649 7650 7645
f 7649 7645 7646
f 7648 7469 7472
f 7644 7469 7648
f 7467 7643 7471
f 7643 7647 7471
f 7643 7645 7647
f 7641 7645 7643
f 7645 7641 7646
f 7644 7466 7469
f 7635 7631 7636
f 7634 7455 7461
f 7630 7455 7634
f 7446 7624 7448
f 7624 7619 7623
f 7446 7619 7624
f 7446 7441 7619
f 7619 7621 7623
f 7617 7621 7619
f 7621 7617 7622
f 7622 7617 7618
f 7620 7439 7445
f 7615 7439 7620
f 7434 7619 7441
f 7619 7613 7617
f 7434 7613 7619
f 7617 7613 7611
f 7618 7617 7611
f 7620 7445 7625
f 7625 7445 7451
f 7627 7621 7622
f 7626 7621 7627
f 7629 7457 7453
f 7633 7629 7628
f 7458 7629 7633
f 7458 7457 7629
f 7628 7632 7633
f 7626 7632 7628
f 7631 7632 7626
f 7707 7726 7708
f 7631 7626 7627
f 7625 7451 7630
f 7448 7624 7453
f 7624 7629 7453
f 7624 7628 7629
f 7623 7628 7624
f 7623 7626 7628
f 7621 7626 7623
f 7630 7451 7455
f 8170 8174 8176
f 7724 7726 7707
f 7720 7727 7719
f 7825 7828 7830
f 7824 7828 7825
f 7828 7824 7829
f 7827 7656 7659
f 7823 7656 7827
f 7654 7822 7658
f 7822 7826 7658
f 7822 7825 7826
f 7820 7825 7822
f 7824 7825 7820
f 7824 7820 7821
f 7651 7823 7819
f 7651 7656 7823
f 7649 7818 7654
f 7818 7822 7654
f 7660 7826 7830
f 7818 7820 7822
f 7830 7826 7825
f 7827 7659 7831
f 7832 7666 7664
f 7833 7836 7835
f 7833 7835 7667
f 7833 7667 7832
f 7832 7667 7666
f 7837 7835 7836
f 7834 7661 7665
f 7831 7661 7834
f 7830 7663 7660
f 7832 7830 7828
f 7664 7830 7832
f 7664 7663 7830
f 7832 7828 7833
f 7833 7828 7829
f 7831 7659 7661
f 7826 7660 7658
f 7834 7665 7838
f 7816 7820 7818
f 7821 7816 7817
f 7636 7805 7642
f 7805 7810 7642
f 7805 7809 7810
f 7804 7809 7805
f 7808 7809 7804
f 7803 7634 7806
f 7806 7634 7639
f 7639 7640 7806
f 7640 7807 7806
f 7631 7801 7636
f 7801 7805 7636
f 7804 7805 7801
f 7804 7801 7802
f 7803 7630 7634
f 7800 7630 7803
f 7807 7640 7811
f 7820 7816 7821
f 7811 7640 7644
f 7809 7812 7813
f 7819 7815 7648
f 7819 7648 7652
f 7652 7651 7819
f 7814 7649 7646
f 7818 7814 7813
f 7649 7814 7818
f 7813 7816 7818
f 7812 7816 7813
f 7816 7812 7817
f 7815 7644 7648
f 7811 7644 7815
f 7642 7810 7646
f 7810 7814 7646
f 7810 7813 7814
f 7809 7813 7810
f 7808 7812 7809
f 7799 7631 7627
f 7838 7665 7668
f 7835 7670 7669
f 7860 7867 7691
f 7689 7867 7866
f 7690 7689 7866
f 7690 7866 7865
f 7864 7865 7866
f 7863 7862 7688
f 7862 7687 7688
f 7859 7687 7862
f 7859 7684 7687
f 7855 7686 7682
f 7686 7861 7685
f 7855 7861 7686
f 7855 7857 7861
f 7685 7861 7860
f 7684 7854 7681
f 7691 7867 7689
f 7859 7854 7684
f 7860 7691 7685
f 7863 7692 7868
f 7873 7711 7872
f 7711 7709 7872
f 7709 7710 7872
f 7865 7698 7690
f 7698 7865 7697
f 7865 7864 7697
f 7697 7871 7696
f 7864 7871 7697
f 7695 7696 7871
f 7870 7695 7871
f 7694 7695 7870
f 7869 7694 7870
f 7693 7694 7869
f 7868 7693 7869
f 7868 7692 7693
f 7863 7688 7692
f 7841 7839 7840
f 7852 7683 7679
f 7852 7858 7683
f 7843 7671 7674
f 7839 7673 7670
f 7673 7847 7672
f 7839 7847 7673
f 7839 7841 7847
f 7672 7847 7845
f 7672 7845 7844
f 7846 7844 7845
f 7843 7842 7671
f 7842 7838 7671
f 7838 7668 7671
f 7835 7669 7667
f 7837 7840 7839
f 7837 7839 7670
f 7837 7670 7835
f 7674 7675 7843
f 7683 7858 7682
f 7675 7848 7843
f 7844 7846 7850
f 7852 7853 7858
f 7682 7858 7856
f 7682 7856 7855
f 7857 7855 7856
f 7681 7854 7851
f 7680 7681 7851
f 7851 7678 7680
f 7676 7849 7679
f 7849 7852 7679
f 7852 7849 7853
f 7678 7848 7675
f 7851 7848 7678
f 7844 7677 7672
f 7677 7850 7676
f 7844 7850 7677
f 7676 7850 7849
f 7801 7799 7797
f 7631 7799 7801
f 7801 7797 7802
f 7748 7752 7749
f 7752 7748 7747
f 7584 7751 7583
f 7751 7746 7583
f 7746 7578 7583
f 7574 7750 7579
f 7750 7745 7749
f 7574 7745 7750
f 7745 7748 7749
f 7744 7748 7745
f 7744 7747 7748
f 7743 7747 7744
f 7747 7743 7742
f 7746 7571 7578
f 7741 7571 7746
f 7749 7752 7753
f 7573 7745 7574
f 7749 7753 7750
f 7579 7750 7755
f 7589 7762 7756
f 7593 7762 7589
f 7585 7761 7590
f 7761 7755 7760
f 7585 7755 7761
f 7755 7758 7760
f 7754 7758 7755
f 7758 7754 7753
f 7759 7758 7753
f 7759 7753 7757
f 7752 7757 7753
f 7756 7584 7589
f 7751 7584 7756
f 7579 7755 7585
f 7755 7750 7754
f 7750 7753 7754
f 7759 7763 7758
f 7745 7573 7744
f 7744 7740 7743
f 7555 7563 7734
f 7563 7735 7734
f 7557 7733 7559
f 7733 7557 7732
f 7557 7556 7732
f 7732 7723 7730
f 7556 7723 7732
f 7556 7552 7723
f 7730 7723 7722
f 7731 7730 7722
f 7731 7722 7729
f 7728 7729 7721
f 7721 7729 7722
f 7727 7728 7719
f 7719 7728 7721
f 7725 7555 7734
f 7573 7572 7744
f 7731 7736 7730
f 7736 7737 7730
f 7572 7740 7744
f 7572 7567 7740
f 7740 7742 7743
f 7739 7742 7740
f 7742 7739 7738
f 7741 7563 7571
f 7735 7563 7741
f 7565 7740 7567
f 7740 7565 7739
f 7565 7564 7739
f 7739 7733 7738
f 7564 7733 7739
f 7564 7559 7733
f 7738 7733 7732
f 7738 7732 7737
f 7730 7737 7732
f 7764 7758 7763
f 7764 7760 7758
f 7760 7764 7761
f 7616 7791 7618
f 7791 7786 7790
f 7616 7786 7791
f 7616 7612 7786
f 7786 7789 7790
f 7785 7789 7786
f 7789 7785 7784
f 7615 7788 7614
f 7614 7788 7787
f 7787 7783 7614
f 7783 7610 7614
f 7607 7782 7612
f 7782 7786 7612
f 7782 7785 7786
f 7781 7785 7782
f 7788 7615 7792
f 7781 7784 7785
f 7792 7615 7620
f 7793 7790 7789
f 7802 7797 7798
f 7800 7625 7630
f 7796 7625 7800
f 7622 7795 7627
f 7795 7799 7627
f 7795 7797 7799
f 7793 7797 7795
f 7797 7793 7798
f 7798 7793 7794
f 7796 7620 7625
f 7792 7620 7796
f 7618 7791 7622
f 7791 7795 7622
f 7791 7793 7795
f 7790 7793 7791
f 7794 7793 7789
f 7780 7784 7781
f 7784 7780 7779
f 7783 7605 7610
f 7768 7598 7772
f 7596 7767 7599
f 7767 7771 7599
f 7767 7770 7771
f 7766 7770 7767
f 7766 7769 7770
f 7765 7769 7766
f 7769 7765 7764
f 7762 7593 7768
f 7594 7767 7596
f 7767 7594 7766
f 7594 7590 7766
f 7766 7761 7765
f 7590 7761 7766
f 7761 7764 7765
f 7598 7773 7772
f 7598 7601 7773
f 7769 7774 7770
f 7770 7774 7775
f 7778 7605 7783
f 7603 7777 7607
f 7777 7782 7607
f 7777 7781 7782
f 7776 7781 7777
f 7776 7780 7781
f 7775 7780 7776
f 7708 7726 7710
f 7775 7779 7780
f 7778 7601 7605
f 7773 7601 7778
f 7599 7777 7603
f 7777 7771 7776
f 7599 7771 7777
f 7771 7775 7776
f 7770 7775 7771
f 7774 7779 7775
f 8000 7999 8171
f 8000 8171 8176
f 8176 8171 8170
f 8573 8581 8582
f 8572 8581 8573
f 8572 8580 8581
f 8571 8580 8572
f 8571 8579 8580
f 8570 8579 8571
f 8570 8578 8579
f 8568 8578 8570
f 8577 8578 8568
f 8577 8568 8569
f 8567 8576 8577
f 8567 8575 8576
f 8380 8575 8567
f 8380 8387 8575
f 8566 8381 8375
f 8573 8582 8574
f 8574 8566 8565
f 8574 8582 8583
f 8381 8574 8388
f 8582 8590 8591
f 8581 8590 8582
f 8581 8589 8590
f 8580 8589 8581
f 8580 8588 8589
f 8579 8588 8580
f 8579 8587 8588
f 8578 8587 8579
f 8578 8586 8587
f 8577 8586 8578
f 8586 8577 8576
f 8576 8575 8584
f 8576 8584 8585
f 8394 8584 8387
f 8584 8575 8387
f 8574 8583 8388
f 8582 8591 8583
f 8381 8566 8574
f 8564 8573 8565
f 8555 8563 8564
f 8554 8563 8555
f 8554 8562 8563
f 8553 8562 8554
f 8553 8561 8562
f 8551 8561 8553
f 8559 8561 8551
f 8560 8559 8551
f 8560 8551 8552
f 8550 8558 8559
f 8550 8559 8560
f 8550 8557 8558
f 8549 8557 8550
f 8372 8557 8365
f 8557 8549 8365
f 8555 8564 8556
f 8565 8573 8574
f 8556 8564 8565
f 8373 8556 8566
f 8564 8572 8573
f 8563 8572 8564
f 8563 8571 8572
f 8562 8571 8563
f 8562 8570 8571
f 8561 8570 8562
f 8561 8568 8570
f 8559 8568 8561
f 8568 8559 8558
f 8569 8568 8558
f 8558 8557 8567
f 8380 8567 8372
f 8567 8557 8372
f 8373 8566 8375
f 8566 8556 8565
f 8373 8367 8556
f 8359 8548 8367
f 8583 8591 8592
f 8593 8583 8592
f 8619 8618 8607
f 8606 8617 8618
f 8606 8618 8619
f 8606 8616 8617
f 8405 8616 8606
f 8405 8410 8616
f 8410 8411 8616
f 8605 8406 8402
f 8615 8605 8604
f 8406 8605 8615
f 8604 8614 8615
f 8603 8614 8604
f 8603 8613 8614
f 8602 8613 8603
f 8602 8612 8613
f 8618 8620 8607
f 8601 8612 8602
f 8607 8620 8608
f 8608 8621 8609
f 8628 8616 8411
f 8615 8412 8406
f 8627 8615 8614
f 8412 8615 8627
f 8614 8626 8627
f 8613 8626 8614
f 8613 8625 8626
f 8612 8625 8613
f 8612 8624 8625
f 8611 8624 8612
f 8611 8623 8624
f 8610 8623 8611
f 8610 8622 8623
f 8609 8622 8610
f 8609 8621 8622
f 8608 8620 8621
f 8388 8583 8593
f 8601 8611 8612
f 8600 8610 8611
f 8590 8600 8591
f 8590 8599 8600
f 8589 8599 8590
f 8589 8598 8599
f 8588 8598 8589
f 8588 8596 8598
f 8587 8596 8588
f 8596 8587 8586
f 8597 8596 8586
f 8584 8595 8585
f 8400 8595 8394
f 8595 8584 8394
f 8395 8594 8396
f 8594 8395 8593
f 8395 8388 8593
f 8591 8600 8601
f 8600 8611 8601
f 8591 8601 8592
f 8592 8602 8593
f 8599 8610 8600
f 8599 8609 8610
f 8598 8609 8599
f 8598 8608 8609
f 8596 8608 8598
f 8607 8608 8596
f 8607 8596 8597
f 8405 8606 8400
f 8606 8595 8400
f 8396 8605 8402
f 8605 8594 8604
f 8396 8594 8605
f 8594 8603 8604
f 8593 8603 8594
f 8593 8602 8603
f 8592 8601 8602
f 8548 8556 8367
f 8548 8555 8556
f 8547 8555 8548
f 8500 8504 8332
f 8500 8503 8504
f 8499 8503 8500
f 8502 8503 8499
f 8330 8497 8327
f 8501 8497 8330
f 8325 8500 8329
f 8500 8496 8499
f 8325 8496 8500
f 8499 8496 8495
f 8499 8495 8498
f 8494 8498 8495
f 8497 8324 8327
f 8492 8324 8497
f 8322 8496 8325
f 8329 8500 8332
f 8496 8491 8495
f 8501 8330 8333
f 8505 8333 8334
f 8509 8514 8510
f 8509 8513 8514
f 8508 8513 8509
f 8508 8512 8513
f 8507 8512 8508
f 8337 8506 8334
f 8511 8506 8337
f 8332 8504 8336
f 8504 8510 8336
f 8504 8509 8510
f 8503 8509 8504
f 8503 8508 8509
f 8502 8508 8503
f 8507 8508 8502
f 8334 8506 8505
f 8501 8333 8505
f 8510 8514 8515
f 8322 8491 8496
f 8490 8494 8491
f 8483 8484 8476
f 8476 8484 8477
f 8475 8483 8476
f 8482 8473 8472
f 8472 8471 8481
f 8482 8472 8481
f 8319 8481 8314
f 8481 8471 8314
f 8309 8480 8315
f 8480 8470 8479
f 8309 8470 8480
f 8470 8478 8479
f 8469 8478 8470
f 8469 8477 8478
f 8468 8477 8469
f 8477 8485 8478
f 8491 8494 8495
f 8484 8485 8477
f 8485 8486 8478
f 8494 8490 8488
f 8494 8488 8493
f 8489 8493 8488
f 8492 8319 8324
f 8481 8319 8492
f 8321 8491 8322
f 8491 8321 8490
f 8321 8320 8490
f 8490 8320 8488
f 8320 8315 8488
f 8487 8315 8480
f 8487 8489 8315
f 8489 8488 8315
f 8486 8487 8479
f 8479 8487 8480
f 8478 8486 8479
f 8510 8515 8339
f 8336 8510 8339
f 8511 8337 8340
f 8536 8545 8546
f 8535 8545 8536
f 8544 8545 8535
f 8533 8543 8534
f 8358 8543 8533
f 8533 8354 8358
f 8532 8355 8351
f 8542 8532 8531
f 8355 8532 8542
f 8531 8541 8542
f 8530 8541 8531
f 8530 8540 8541
f 8528 8540 8530
f 8538 8540 8528
f 8539 8538 8528
f 8536 8546 8538
f 8539 8528 8529
f 8538 8546 8547
f 8540 8547 8548
f 8547 8554 8555
f 8546 8554 8547
f 8546 8553 8554
f 8545 8553 8546
f 8545 8551 8553
f 8544 8551 8545
f 8551 8544 8552
f 8543 8549 8550
f 8358 8549 8543
f 8358 8365 8549
f 8542 8361 8355
f 8361 8542 8359
f 8542 8541 8359
f 8548 8541 8540
f 8359 8541 8548
f 8538 8547 8540
f 8536 8538 8537
f 8537 8538 8539
f 8535 8536 8537
f 8519 8523 8524
f 8517 8523 8519
f 8522 8523 8517
f 8522 8517 8518
f 8344 8516 8340
f 8521 8516 8344
f 8515 8341 8339
f 8520 8515 8514
f 8341 8515 8520
f 8514 8519 8520
f 8513 8519 8514
f 8513 8517 8519
f 8512 8517 8513
f 8517 8512 8518
f 8340 8516 8511
f 8519 8524 8520
f 8520 8524 8525
f 8520 8525 8346
f 8341 8520 8346
f 8526 8533 8534
f 8527 8526 8534
f 8354 8533 8349
f 8533 8526 8349
f 8346 8525 8351
f 8525 8532 8351
f 8525 8531 8532
f 8416 8628 8411
f 8524 8531 8525
f 8523 8530 8524
f 8523 8528 8530
f 8522 8528 8523
f 8528 8522 8529
f 8521 8526 8527
f 8349 8526 8344
f 8526 8521 8344
f 8524 8530 8531
f 8468 8476 8477
f 8616 8628 8617
f 8617 8629 8618
f 8576 8585 8710
f 8709 8577 8569
f 8709 8567 8577
f 8558 8709 8569
f 8558 8567 8709
f 8708 8560 8552
f 8708 8550 8560
f 8544 8707 8552
f 8707 8708 8552
f 8550 8708 8543
f 8708 8707 8543
f 8706 8544 8535
f 8707 8706 8705
f 8544 8706 8707
f 8543 8707 8534
f 8576 8710 8586
f 8707 8705 8534
f 8711 8710 8585
f 8586 8710 8712
f 8662 8661 8716
f 8716 8661 8715
f 8661 8660 8715
f 8715 8660 8714
f 8660 8659 8714
f 8659 8658 8714
f 8713 8619 8607
f 8713 8606 8619
f 8712 8607 8597
f 8713 8712 8711
f 8607 8712 8713
f 8606 8713 8595
f 8713 8711 8595
f 8586 8712 8597
f 8712 8710 8711
f 8595 8711 8585
f 8717 8662 8716
f 8704 8539 8529
f 8704 8703 8537
f 8694 8699 8700
f 8693 8699 8694
f 8527 8699 8521
f 8699 8693 8521
f 8692 8522 8518
f 8698 8692 8691
f 8522 8692 8698
f 8691 8697 8698
f 8689 8697 8691
f 8689 8696 8697
f 8688 8696 8689
f 8695 8696 8688
f 8687 8693 8694
f 8686 8693 8687
f 8521 8693 8686
f 8694 8700 8695
f 8539 8704 8537
f 8695 8700 8701
f 8696 8701 8702
f 8537 8703 8535
f 8703 8702 8535
f 8706 8702 8701
f 8535 8702 8706
f 8701 8705 8706
f 8700 8705 8701
f 8699 8705 8700
f 8534 8705 8699
f 8699 8527 8534
f 8522 8698 8529
f 8698 8704 8529
f 8698 8703 8704
f 8697 8703 8698
f 8697 8702 8703
f 8696 8702 8697
f 8695 8701 8696
f 8686 8516 8521
f 8663 8662 8717
f 8663 8718 8664
f 8736 8741 8742
f 8735 8741 8736
f 8735 8740 8741
f 8734 8740 8735
f 8733 8740 8734
f 8683 8740 8733
f 8733 8680 8683
f 8677 8732 8682
f 8732 8739 8682
f 8732 8738 8739
f 8731 8738 8732
f 8731 8737 8738
f 8730 8737 8731
f 8730 8736 8737
f 8729 8736 8730
f 8736 8742 8737
f 8729 8735 8736
f 8737 8742 8743
f 8738 8743 8744
f 8746 8745 8694
f 8745 8687 8694
f 8744 8690 8684
f 8690 8744 8688
f 8744 8743 8688
f 8746 8743 8742
f 8688 8743 8746
f 8742 8745 8746
f 8741 8745 8742
f 8740 8745 8741
f 8687 8745 8740
f 8740 8683 8687
f 8739 8684 8682
f 8744 8739 8738
f 8684 8739 8744
f 8737 8743 8738
f 8718 8663 8717
f 8728 8735 8729
f 8727 8734 8728
f 8719 8669 8675
f 8664 8725 8670
f 8725 8718 8724
f 8664 8718 8725
f 8718 8723 8724
f 8717 8723 8718
f 8717 8722 8723
f 8716 8722 8717
f 8716 8721 8722
f 8715 8721 8716
f 8715 8720 8721
f 8714 8720 8715
f 8714 8719 8720
f 8658 8719 8714
f 8658 8669 8719
f 8675 8726 8719
f 8728 8734 8735
f 8719 8726 8720
f 8721 8726 8727
f 8727 8733 8734
f 8726 8733 8727
f 8680 8733 8675
f 8733 8726 8675
f 8670 8732 8677
f 8732 8725 8731
f 8670 8725 8732
f 8725 8730 8731
f 8724 8730 8725
f 8724 8729 8730
f 8723 8729 8724
f 8723 8728 8729
f 8722 8728 8723
f 8722 8727 8728
f 8721 8727 8722
f 8720 8726 8721
f 8512 8685 8518
f 8685 8692 8518
f 8685 8691 8692
f 8644 8439 8448
f 8643 8440 8429
f 8646 8643 8642
f 8440 8643 8646
f 8642 8645 8646
f 8641 8645 8642
f 8641 8644 8645
f 8640 8644 8641
f 8639 8644 8640
f 8438 8644 8639
f 8438 8439 8644
f 8639 8428 8438
f 8638 8431 8418
f 8431 8638 8429
f 8638 8637 8429
f 8645 8644 8448
f 8643 8637 8636
f 8450 8645 8448
f 8452 8646 8450
f 8486 8485 8653
f 8653 8485 8652
f 8485 8484 8652
f 8652 8484 8651
f 8484 8483 8651
f 8651 8483 8650
f 8483 8475 8650
f 8650 8475 8649
f 8475 8474 8649
f 8649 8474 8648
f 8474 8473 8648
f 8648 8473 8647
f 8473 8482 8647
f 8482 8481 8647
f 8646 8452 8440
f 8646 8645 8450
f 8654 8486 8653
f 8429 8637 8643
f 8635 8642 8636
f 8626 8636 8637
f 8625 8636 8626
f 8625 8635 8636
f 8624 8635 8625
f 8624 8634 8635
f 8623 8634 8624
f 8623 8633 8634
f 8622 8633 8623
f 8622 8632 8633
f 8621 8632 8622
f 8621 8631 8632
f 8620 8631 8621
f 8620 8630 8631
f 8618 8630 8620
f 8618 8629 8630
f 8626 8637 8627
f 8636 8642 8643
f 8627 8637 8638
f 8412 8627 8418
f 8635 8641 8642
f 8634 8641 8635
f 8634 8640 8641
f 8633 8640 8634
f 8633 8639 8640
f 8632 8639 8633
f 8631 8639 8632
f 8428 8639 8631
f 8428 8631 8427
f 8631 8630 8427
f 8427 8630 8425
f 8630 8629 8425
f 8425 8629 8423
f 8629 8628 8423
f 8628 8416 8423
f 8627 8638 8418
f 8487 8486 8654
f 8655 8487 8654
f 8487 8655 8489
f 8675 8679 8680
f 8674 8679 8675
f 8505 8679 8674
f 8505 8506 8679
f 8674 8501 8505
f 8673 8502 8499
f 8678 8673 8672
f 8502 8673 8678
f 8672 8676 8678
f 8671 8676 8672
f 8676 8671 8670
f 8677 8676 8670
f 8668 8674 8675
f 8669 8668 8675
f 8667 8674 8668
f 8682 8676 8677
f 8501 8674 8667
f 8681 8676 8682
f 8681 8678 8676
f 8684 8691 8685
f 8689 8691 8684
f 8690 8689 8684
f 8688 8689 8690
f 8683 8686 8687
f 8516 8686 8511
f 8686 8683 8511
f 8507 8681 8512
f 8681 8685 8512
f 8684 8685 8681
f 8684 8681 8682
f 8679 8683 8680
f 8679 8511 8683
f 8679 8506 8511
f 8678 8507 8502
f 8507 8678 8681
f 8667 8497 8501
f 8498 8673 8499
f 8673 8498 8672
f 8662 8663 8652
f 8652 8663 8653
f 8661 8662 8651
f 8651 8662 8652
f 8660 8661 8650
f 8650 8661 8651
f 8659 8660 8649
f 8649 8660 8650
f 8649 8648 8658
f 8659 8649 8658
f 8648 8657 8658
f 8647 8657 8648
f 8647 8656 8657
f 8481 8656 8647
f 8481 8492 8656
f 8664 8653 8663
f 8664 8654 8653
f 8654 8664 8655
f 8655 8664 8665
f 8498 8494 8672
f 8672 8666 8671
f 8494 8666 8672
f 8666 8670 8671
f 8665 8670 8666
f 8670 8665 8664
f 8658 8657 8668
f 8617 8628 8629
f 8658 8668 8669
f 8656 8667 8657
f 8497 8667 8492
f 8667 8656 8492
f 8493 8666 8494
f 8666 8655 8665
f 8493 8655 8666
f 8493 8489 8655
f 8657 8667 8668
f 7579 7575 7574
f 8467 8476 8468
f 8466 8475 8467
f 8184 8283 8183
f 8280 8283 8184
f 8183 8283 8284
f 8282 8179 8182
f 8279 8179 8282
f 8276 8180 8175
f 8276 8281 8180
f 8179 8279 8278
f 8178 8179 8278
f 8277 8178 8278
f 8277 8177 8178
f 8275 8177 8277
f 8275 8173 8177
f 8274 8175 8169
f 8276 8175 8274
f 8281 8280 8184
f 8173 8273 8168
f 8186 8281 8184
f 8285 8282 8188
f 8205 8290 8203
f 8290 8289 8203
f 8203 8289 8201
f 8289 8288 8201
f 8201 8288 8199
f 8288 8287 8199
f 8287 8195 8199
f 8286 8196 8190
f 8286 8293 8196
f 8285 8194 8287
f 8194 8195 8287
f 8285 8188 8194
f 8284 8190 8183
f 8286 8190 8284
f 8188 8282 8182
f 8281 8186 8180
f 8291 8290 8205
f 8275 8273 8173
f 8163 8168 8271
f 8256 8125 8258
f 8256 8118 8125
f 8254 8118 8256
f 8254 8111 8118
f 8252 8111 8254
f 8251 8112 8106
f 8253 8112 8251
f 8252 8105 8111
f 8250 8105 8252
f 8249 8106 8101
f 8249 8251 8106
f 8250 8099 8105
f 8248 8099 8250
f 8093 8249 8101
f 8093 8246 8249
f 8258 8125 8131
f 8272 8274 8169
f 8257 8259 8126
f 8136 8137 8260
f 8168 8273 8271
f 8158 8163 8269
f 8163 8271 8269
f 8269 8153 8158
f 8267 8153 8269
f 8267 8148 8153
f 8265 8148 8267
f 8143 8264 8266
f 8265 8142 8148
f 8263 8142 8265
f 8262 8264 8143
f 8263 8137 8142
f 8261 8137 8263
f 8258 8131 8260
f 8260 8131 8136
f 8137 8261 8260
f 8099 8248 8098
f 8207 8291 8205
f 8209 8292 8207
f 8319 8313 8227
f 8226 8318 8228
f 8318 8312 8317
f 8226 8312 8318
f 8312 8316 8317
f 8311 8316 8312
f 8311 8315 8316
f 8310 8315 8311
f 8315 8310 8309
f 8221 8313 8301
f 8313 8314 8301
f 8221 8227 8313
f 8225 8312 8226
f 8312 8225 8311
f 8225 8224 8311
f 8229 8319 8227
f 8311 8224 8310
f 8313 8319 8314
f 8316 8321 8317
f 8324 8232 8235
f 8233 8326 8234
f 8326 8323 8325
f 8233 8323 8326
f 8233 8231 8323
f 8325 8323 8322
f 8232 8324 8229
f 8324 8319 8229
f 8230 8323 8231
f 8323 8318 8322
f 8230 8318 8323
f 8230 8228 8318
f 8322 8318 8317
f 8322 8317 8321
f 8320 8321 8316
f 8315 8320 8316
f 8292 8291 8207
f 8224 8223 8310
f 8223 8222 8309
f 8219 8218 8299
f 8299 8218 8298
f 8218 8217 8298
f 8298 8217 8297
f 8217 8216 8297
f 8297 8216 8296
f 8216 8215 8296
f 8296 8215 8295
f 8215 8214 8295
f 8295 8214 8294
f 8214 8213 8294
f 8213 8212 8294
f 8293 8211 8196
f 8211 8293 8209
f 8293 8292 8209
f 8300 8219 8299
f 8310 8223 8309
f 8219 8300 8220
f 8212 8301 8302
f 8308 8222 8220
f 8309 8222 8308
f 8307 8308 8220
f 8300 8307 8220
f 8306 8307 8299
f 8299 8307 8300
f 8305 8306 8298
f 8298 8306 8299
f 8304 8305 8297
f 8297 8305 8298
f 8296 8304 8297
f 8303 8296 8295
f 8302 8303 8294
f 8294 8303 8295
f 8212 8302 8294
f 8212 8221 8301
f 8098 8248 8247
f 8247 8245 8098
f 8245 8092 8098
f 8200 8202 8201
f 8201 8202 8203
f 8198 8200 8199
f 8199 8200 8201
f 8193 8199 8195
f 8193 8198 8199
f 8193 8021 8198
f 8021 8022 8198
f 8193 8017 8021
f 8192 8020 8015
f 8020 8192 8018
f 8192 8191 8018
f 8197 8191 8189
f 8018 8191 8197
f 8196 8197 8189
f 8203 8204 8205
f 8196 8189 8190
f 8202 8204 8203
f 8204 8206 8205
f 8031 8202 8029
f 8202 8200 8029
f 8029 8200 8028
f 8200 8198 8028
f 8198 8022 8028
f 8197 8027 8018
f 8027 8197 8024
f 8197 8196 8024
f 8196 8211 8210
f 8196 8210 8025
f 8196 8025 8024
f 8208 8210 8209
f 8209 8210 8211
f 8206 8208 8207
f 8207 8208 8209
f 8205 8206 8207
f 8204 8202 8031
f 8194 8193 8195
f 8193 8188 8017
f 8179 8005 8010
f 8176 8007 8000
f 8181 8176 8174
f 8008 8176 8181
f 8008 8007 8176
f 8180 8181 8174
f 8180 8174 8175
f 8179 8178 8004
f 8179 8004 8005
f 8177 8004 8178
f 7997 8004 8177
f 8173 7997 8177
f 8172 8002 7995
f 8002 8172 7999
f 8172 8171 7999
f 8010 8182 8179
f 8017 8188 8014
f 8184 8185 8186
f 8185 8187 8180
f 8193 8194 8188
f 8187 8015 8013
f 8192 8187 8185
f 8015 8187 8192
f 8185 8191 8192
f 8184 8191 8185
f 8184 8189 8191
f 8183 8189 8184
f 8189 8183 8190
f 8188 8010 8014
f 8182 8010 8188
f 8181 8012 8008
f 8187 8181 8180
f 8013 8181 8187
f 8013 8012 8181
f 8186 8185 8180
f 8033 8204 8031
f 8206 8204 8033
f 8035 8206 8033
f 8075 8236 8074
f 8074 8236 8235
f 8235 8232 8074
f 8232 8072 8074
f 8073 8069 8234
f 8069 8233 8234
f 8233 8069 8231
f 8232 8068 8072
f 8229 8068 8232
f 8069 8067 8231
f 8067 8230 8231
f 8230 8067 8228
f 8229 8066 8068
f 8227 8066 8229
f 8065 8228 8067
f 8073 8234 8237
f 8226 8228 8065
f 8073 8237 8077
f 8075 8238 8236
f 8087 8246 8093
f 8244 8246 8087
f 8245 8086 8092
f 8243 8086 8245
f 8082 8242 8087
f 8242 8244 8087
f 8243 8081 8086
f 8241 8081 8243
f 8079 8239 8082
f 8239 8242 8082
f 8240 8081 8241
f 8078 8081 8240
f 8238 8078 8240
f 8077 8237 8079
f 8237 8239 8079
f 8078 8238 8075
f 8227 8060 8066
f 8221 8060 8227
f 8063 8226 8065
f 8216 8217 8042
f 8041 8216 8042
f 8215 8216 8041
f 8040 8215 8041
f 8214 8215 8040
f 8050 8214 8040
f 8213 8214 8050
f 8048 8213 8050
f 8212 8213 8048
f 8048 8049 8212
f 8210 8038 8025
f 8038 8210 8037
f 8210 8208 8037
f 8037 8208 8035
f 8208 8206 8035
f 8042 8217 8043
f 8217 8218 8043
f 8043 8218 8051
f 8218 8219 8051
f 8225 8063 8062
f 8226 8063 8225
f 8061 8225 8062
f 8224 8225 8061
f 8055 8224 8061
f 8223 8224 8055
f 8054 8223 8055
f 8235 8236 8324
f 8222 8223 8054
f 8059 8212 8049
f 8059 8221 8212
f 8059 8060 8221
f 8053 8220 8054
f 8219 8053 8052
f 8220 8053 8219
f 8051 8219 8052
f 8220 8222 8054
f 8467 8475 8476
f 8236 8327 8324
f 8328 8326 8325
f 8424 8435 8426
f 8278 8435 8424
f 8278 8279 8435
f 8278 8424 8277
f 8424 8422 8277
f 8422 8275 8277
f 8421 8276 8274
f 8434 8421 8420
f 8276 8421 8434
f 8420 8433 8434
f 8419 8433 8420
f 8419 8432 8433
f 8417 8432 8419
f 8430 8432 8417
f 8431 8430 8417
f 8426 8435 8428
f 8431 8417 8418
f 8428 8435 8436
f 8428 8436 8437
f 8436 8444 8445
f 8435 8444 8436
f 8282 8444 8279
f 8444 8435 8279
f 8434 8281 8276
f 8281 8434 8280
f 8434 8433 8280
f 8443 8433 8432
f 8280 8433 8443
f 8432 8442 8443
f 8430 8442 8432
f 8430 8441 8442
f 8429 8441 8430
f 8440 8441 8429
f 8438 8437 8439
f 8428 8437 8438
f 8436 8445 8437
f 8429 8430 8431
f 8424 8426 8425
f 8272 8409 8415
f 8408 8414 8415
f 8407 8414 8408
f 8407 8413 8414
f 8406 8413 8407
f 8412 8413 8406
f 8405 8269 8410
f 8269 8271 8410
f 8271 8411 8410
f 8268 8404 8270
f 8404 8409 8270
f 8404 8408 8409
f 8403 8408 8404
f 8403 8407 8408
f 8401 8407 8403
f 8415 8409 8408
f 8426 8428 8427
f 8409 8272 8270
f 8416 8411 8271
f 8425 8426 8427
f 8422 8424 8423
f 8423 8424 8425
f 8416 8422 8423
f 8416 8275 8422
f 8416 8273 8275
f 8272 8415 8274
f 8415 8421 8274
f 8415 8420 8421
f 8414 8420 8415
f 8414 8419 8420
f 8413 8419 8414
f 8413 8417 8419
f 8412 8417 8413
f 8417 8412 8418
f 8271 8273 8416
f 8406 8407 8401
f 8437 8445 8446
f 8439 8437 8447
f 8304 8296 8465
f 8465 8296 8464
f 8296 8303 8464
f 8464 8303 8463
f 8303 8302 8463
f 8302 8301 8463
f 8462 8293 8286
f 8293 8462 8292
f 8462 8461 8292
f 8292 8461 8291
f 8461 8460 8291
f 8291 8460 8290
f 8460 8459 8290
f 8290 8459 8289
f 8459 8458 8289
f 8466 8304 8465
f 8289 8458 8288
f 8305 8304 8466
f 8306 8305 8467
f 8466 8474 8475
f 8465 8474 8466
f 8465 8473 8474
f 8464 8473 8465
f 8464 8472 8473
f 8463 8472 8464
f 8463 8471 8472
f 8301 8471 8463
f 8301 8314 8471
f 8308 8470 8309
f 8470 8308 8469
f 8308 8307 8469
f 8469 8307 8468
f 8307 8306 8468
f 8468 8306 8467
f 8467 8305 8466
f 8439 8447 8448
f 8458 8457 8288
f 8457 8456 8287
f 8443 8283 8280
f 8455 8443 8442
f 8284 8443 8455
f 8284 8283 8443
f 8442 8454 8455
f 8441 8454 8442
f 8441 8453 8454
f 8440 8453 8441
f 8451 8453 8440
f 8452 8451 8440
f 8449 8451 8450
f 8450 8451 8452
f 8447 8449 8448
f 8448 8449 8450
f 8437 8446 8447
f 8444 8282 8285
f 8288 8457 8287
f 8285 8456 8444
f 8445 8456 8446
f 8456 8285 8287
f 8455 8286 8284
f 8462 8455 8454
f 8286 8455 8462
f 8454 8461 8462
f 8453 8461 8454
f 8453 8460 8461
f 8451 8460 8453
f 8451 8459 8460
f 8449 8459 8451
f 8449 8458 8459
f 8447 8458 8449
f 8447 8457 8458
f 8446 8457 8447
f 8446 8456 8457
f 8444 8456 8445
f 8406 8401 8402
f 8405 8267 8269
f 8400 8267 8405
f 8355 8356 8350
f 8355 8350 8351
f 8354 8250 8252
f 8349 8250 8354
f 8249 8348 8251
f 8348 8353 8251
f 8348 8352 8353
f 8347 8352 8348
f 8347 8350 8352
f 8345 8350 8347
f 8350 8345 8351
f 8351 8345 8346
f 8349 8248 8250
f 8344 8248 8349
f 8246 8343 8249
f 8350 8356 8352
f 8343 8348 8249
f 8352 8356 8357
f 8357 8353 8352
f 8366 8359 8367
f 8365 8254 8256
f 8358 8254 8365
f 8253 8357 8255
f 8357 8364 8255
f 8357 8363 8364
f 8356 8363 8357
f 8356 8362 8363
f 8355 8362 8356
f 8360 8362 8355
f 8361 8360 8355
f 8359 8360 8361
f 8254 8354 8252
f 8358 8354 8254
f 8353 8253 8251
f 8253 8353 8357
f 8359 8366 8360
f 8343 8347 8348
f 8342 8345 8347
f 8331 8335 8242
f 8335 8331 8336
f 8336 8331 8332
f 8240 8241 8334
f 8333 8240 8334
f 8333 8330 8240
f 8330 8238 8240
f 8237 8328 8239
f 8328 8331 8239
f 8331 8328 8332
f 8332 8328 8329
f 8330 8236 8238
f 8327 8236 8330
f 8234 8326 8237
f 8326 8328 8237
f 8239 8331 8242
f 8342 8347 8343
f 8334 8241 8337
f 8339 8335 8336
f 8341 8345 8342
f 8345 8341 8346
f 8248 8344 8340
f 8247 8248 8340
f 8340 8245 8247
f 8244 8343 8246
f 8343 8338 8342
f 8244 8338 8343
f 8341 8342 8338
f 8341 8338 8339
f 8245 8337 8243
f 8340 8337 8245
f 8242 8335 8244
f 8335 8338 8244
f 8338 8335 8339
f 8337 8241 8243
f 8360 8366 8368
f 8360 8368 8362
f 8362 8368 8369
f 8396 8389 8395
f 8388 8395 8389
f 8394 8263 8265
f 8387 8263 8394
f 8262 8386 8264
f 8386 8393 8264
f 8386 8392 8393
f 8385 8392 8386
f 8385 8391 8392
f 8384 8391 8385
f 8384 8390 8391
f 8383 8390 8384
f 8383 8389 8390
f 8382 8389 8383
f 8382 8388 8389
f 8396 8390 8389
f 8381 8388 8382
f 8390 8396 8391
f 8391 8397 8392
f 8266 8399 8268
f 8399 8404 8268
f 8399 8403 8404
f 8398 8403 8399
f 8398 8401 8403
f 8397 8401 8398
f 8401 8397 8396
f 8402 8401 8396
f 8400 8265 8267
f 8394 8265 8400
f 8264 8393 8266
f 8393 8399 8266
f 8393 8398 8399
f 8392 8398 8393
f 8392 8397 8398
f 8391 8396 8397
f 8387 8261 8263
f 8380 8261 8387
f 8259 8379 8262
f 8369 8376 8370
f 8369 8374 8376
f 8368 8374 8369
f 8374 8368 8366
f 8375 8374 8366
f 8375 8366 8373
f 8367 8373 8366
f 8372 8256 8258
f 8365 8256 8372
f 8255 8364 8257
f 8364 8371 8257
f 8364 8370 8371
f 8363 8370 8364
f 8363 8369 8370
f 8362 8369 8363
f 8370 8376 8377
f 8370 8377 8371
f 8371 8377 8378
f 8257 8371 8379
f 8379 8386 8262
f 8379 8385 8386
f 8378 8385 8379
f 8378 8384 8385
f 8377 8384 8378
f 8377 8383 8384
f 8376 8383 8377
f 8329 8328 8325
f 8376 8382 8383
f 8381 8382 8374
f 8381 8374 8375
f 8380 8372 8258
f 8380 8258 8260
f 8260 8261 8380
f 8257 8379 8259
f 8379 8371 8378
f 8374 8382 8376
f 3701 3707 3935
f 7396 7578 7571
f 7397 7577 7398
f 6769 6574 6768
f 6574 6573 6768
f 6768 6573 6767
f 6573 6568 6767
f 6767 6758 6766
f 6568 6758 6767
f 6758 6765 6766
f 6757 6765 6758
f 6757 6764 6765
f 6756 6764 6757
f 6756 6763 6764
f 6755 6763 6756
f 6763 6755 6754
f 6763 6754 6762
f 6761 6762 6753
f 6574 6769 6575
f 6753 6762 6754
f 6759 6572 6577
f 6577 6771 6770
f 6771 6577 6779
f 6575 6778 6579
f 6778 6769 6777
f 6575 6769 6778
f 6769 6776 6777
f 6768 6776 6769
f 6768 6775 6776
f 6767 6775 6768
f 6767 6774 6775
f 6766 6774 6767
f 6766 6773 6774
f 6765 6773 6766
f 6773 6765 6764
f 6773 6764 6772
f 6763 6772 6764
f 6770 6759 6577
f 6779 6577 6581
f 6760 6761 6752
f 6751 6760 6752
f 6741 6556 6750
f 6560 6749 6561
f 6749 6560 6748
f 6560 6559 6748
f 6748 6559 6747
f 6559 6558 6747
f 6747 6558 6746
f 6558 6557 6746
f 6746 6557 6745
f 6557 6547 6745
f 6745 6740 6744
f 6547 6740 6745
f 6744 6740 6739
f 6744 6739 6743
f 6742 6743 6737
f 6750 6556 6567
f 6752 6761 6753
f 6751 6745 6744
f 6746 6751 6752
f 6759 6750 6572
f 6750 6567 6572
f 6563 6758 6568
f 6758 6563 6757
f 6563 6562 6757
f 6757 6562 6756
f 6562 6561 6756
f 6756 6749 6755
f 6561 6749 6756
f 6749 6754 6755
f 6748 6754 6749
f 6748 6753 6754
f 6747 6753 6748
f 6747 6752 6753
f 6746 6752 6747
f 6745 6751 6746
f 6737 6743 6739
f 6773 6780 6774
f 6780 6781 6774
f 6802 6608 6807
f 6801 6610 6604
f 6806 6801 6799
f 6611 6801 6806
f 6611 6610 6801
f 6803 6806 6799
f 6804 6803 6799
f 6804 6799 6800
f 6805 6803 6804
f 6802 6603 6608
f 6798 6603 6802
f 6797 6604 6599
f 6801 6797 6796
f 6604 6797 6801
f 6796 6799 6801
f 6807 6608 6614
f 6794 6799 6796
f 6810 6808 6809
f 6809 6808 6803
f 6812 6619 6816
f 6811 6621 6617
f 6621 6811 6620
f 6811 6808 6620
f 6810 6814 6813
f 6810 6813 6620
f 6810 6620 6808
f 6815 6813 6814
f 6812 6614 6619
f 6807 6614 6812
f 6806 6616 6611
f 6811 6806 6803
f 6617 6806 6811
f 6617 6616 6806
f 6808 6811 6803
f 6809 6803 6805
f 6774 6781 6775
f 6799 6794 6800
f 6798 6597 6603
f 6784 6788 6587
f 6784 6786 6788
f 6783 6786 6784
f 6786 6783 6782
f 6787 6786 6782
f 6785 6779 6586
f 6779 6581 6586
f 6579 6778 6583
f 6778 6784 6583
f 6778 6783 6784
f 6777 6783 6778
f 6777 6782 6783
f 6776 6782 6777
f 6782 6776 6775
f 6782 6775 6781
f 6583 6784 6587
f 6800 6794 6795
f 6785 6586 6789
f 6790 6786 6787
f 6793 6597 6798
f 6592 6792 6599
f 6792 6797 6599
f 6792 6796 6797
f 6791 6796 6792
f 6791 6794 6796
f 6790 6794 6791
f 6794 6790 6795
f 6793 6591 6597
f 6789 6591 6793
f 6587 6788 6592
f 6788 6792 6592
f 6788 6791 6792
f 6786 6791 6788
f 6790 6791 6786
f 6789 6586 6591
f 6816 6619 6622
f 6738 6742 6737
f 6734 6544 6741
f 6693 6497 6692
f 6497 6496 6692
f 6496 6495 6692
f 6686 6687 6691
f 6685 6686 6691
f 6680 6690 6484
f 6690 6494 6484
f 6493 6494 6690
f 6689 6493 6690
f 6492 6493 6689
f 6688 6492 6689
f 6491 6492 6688
f 6687 6491 6688
f 6490 6491 6687
f 6686 6490 6687
f 6693 6694 6497
f 6685 6489 6490
f 6497 6694 6498
f 6498 6695 6499
f 6506 6702 6507
f 6701 6506 6505
f 6702 6506 6701
f 6504 6701 6505
f 6700 6701 6504
f 6503 6700 6504
f 6699 6700 6503
f 6502 6699 6503
f 6698 6699 6502
f 6501 6698 6502
f 6697 6698 6501
f 6500 6697 6501
f 6696 6697 6500
f 6499 6696 6500
f 6695 6696 6499
f 6694 6695 6498
f 6509 6508 6703
f 6685 6490 6686
f 6684 6488 6685
f 6477 6675 6478
f 6478 6675 6676
f 6674 6472 6475
f 6670 6472 6674
f 6469 6668 6673
f 6473 6673 6671
f 6469 6673 6473
f 6473 6671 6474
f 6474 6671 6672
f 6472 6670 6471
f 6471 6670 6669
f 6669 6667 6471
f 6667 6468 6471
f 6668 6466 6665
f 6469 6466 6668
f 6675 6477 6677
f 6488 6489 6685
f 6477 6479 6677
f 6672 6677 6474
f 6487 6488 6684
f 6683 6487 6684
f 6683 6679 6487
f 6679 6481 6487
f 6676 6682 6478
f 6682 6486 6478
f 6485 6486 6682
f 6681 6485 6682
f 6483 6485 6681
f 6680 6483 6681
f 6483 6680 6484
f 6481 6679 6480
f 6480 6679 6678
f 6678 6674 6480
f 6674 6475 6480
f 6677 6479 6474
f 6741 6544 6556
f 6703 6705 6704
f 6509 6704 6495
f 6729 6536 6535
f 6731 6536 6729
f 6731 6730 6536
f 6534 6729 6535
f 6728 6729 6534
f 6727 6728 6534
f 6724 6727 6534
f 6724 6534 6528
f 6726 6727 6722
f 6722 6727 6724
f 6723 6726 6722
f 6725 6521 6533
f 6718 6521 6725
f 6526 6724 6528
f 6724 6526 6722
f 6537 6536 6730
f 6526 6525 6722
f 6732 6537 6730
f 6733 6538 6732
f 6546 6740 6547
f 6740 6546 6739
f 6546 6545 6739
f 6739 6733 6737
f 6545 6733 6739
f 6545 6540 6733
f 6737 6733 6732
f 6738 6737 6732
f 6738 6732 6736
f 6735 6736 6730
f 6730 6736 6732
f 6731 6735 6730
f 6734 6533 6544
f 6725 6533 6734
f 6538 6733 6540
f 6538 6537 6732
f 6703 6704 6509
f 6721 6525 6524
f 6723 6722 6525
f 6512 6712 6514
f 6709 6712 6512
f 6703 6711 6705
f 6703 6710 6711
f 6508 6710 6703
f 6508 6513 6710
f 6511 6709 6512
f 6708 6511 6510
f 6709 6511 6708
f 6507 6708 6510
f 6707 6708 6507
f 6702 6707 6507
f 6706 6693 6692
f 6495 6704 6706
f 6495 6706 6692
f 6713 6710 6513
f 6723 6525 6721
f 6713 6513 6714
f 6713 6711 6710
f 6523 6721 6524
f 6720 6721 6523
f 6522 6720 6523
f 6719 6720 6522
f 6717 6719 6522
f 6717 6522 6520
f 6718 6515 6521
f 6714 6515 6718
f 6518 6717 6520
f 6716 6518 6517
f 6717 6518 6716
f 6516 6716 6517
f 6715 6716 6516
f 6514 6715 6516
f 6712 6715 6514
f 6714 6513 6515
f 6819 6817 6818
f 6813 6624 6623
f 6815 6624 6813
f 6920 6919 6728
f 6726 6918 6727
f 6917 6918 6726
f 6916 6917 6726
f 6913 6916 6726
f 6913 6726 6723
f 6914 6916 6913
f 6915 6718 6725
f 6909 6718 6915
f 6721 6913 6723
f 6912 6721 6720
f 6914 6721 6912
f 6914 6913 6721
f 6719 6912 6720
f 6911 6912 6719
f 6920 6728 6918
f 6717 6911 6719
f 6918 6728 6727
f 6921 6729 6919
f 6928 6734 6741
f 6922 6734 6928
f 6736 6927 6738
f 6927 6736 6925
f 6736 6735 6925
f 6924 6731 6921
f 6924 6735 6731
f 6924 6926 6735
f 6926 6925 6735
f 6923 6924 6919
f 6919 6924 6921
f 6920 6923 6919
f 6922 6725 6734
f 6915 6725 6922
f 6729 6921 6731
f 6729 6728 6919
f 6926 6929 6925
f 6910 6911 6717
f 6909 6714 6718
f 6899 6900 6702
f 6898 6899 6702
f 6889 6898 6702
f 6897 6898 6888
f 6888 6898 6889
f 6896 6897 6887
f 6887 6897 6888
f 6895 6896 6886
f 6886 6896 6887
f 6894 6895 6885
f 6885 6895 6886
f 6884 6894 6885
f 6693 6893 6882
f 6706 6893 6693
f 6892 6893 6706
f 6702 6900 6707
f 6908 6910 6717
f 6900 6901 6707
f 6708 6901 6902
f 6905 6714 6909
f 6716 6908 6717
f 6907 6716 6715
f 6908 6716 6907
f 6712 6907 6715
f 6906 6907 6712
f 6906 6712 6904
f 6713 6903 6711
f 6905 6903 6713
f 6713 6714 6905
f 6712 6709 6904
f 6709 6902 6904
f 6903 6705 6711
f 6891 6705 6903
f 6709 6708 6902
f 6707 6901 6708
f 6704 6892 6706
f 6930 6925 6929
f 6742 6738 6927
f 6948 6771 6958
f 6772 6957 6773
f 6957 6772 6956
f 6772 6763 6956
f 6956 6947 6955
f 6763 6947 6956
f 6947 6954 6955
f 6946 6954 6947
f 6946 6953 6954
f 6945 6953 6946
f 6945 6951 6953
f 6944 6951 6945
f 6951 6944 6943
f 6952 6951 6943
f 6952 6943 6950
f 6958 6771 6779
f 6949 6950 6941
f 6952 6959 6951
f 6959 6960 6951
f 6781 6967 6782
f 6967 6781 6966
f 6781 6780 6966
f 6966 6780 6965
f 6780 6773 6965
f 6965 6957 6964
f 6773 6957 6965
f 6957 6963 6964
f 6956 6963 6957
f 6956 6962 6963
f 6955 6962 6956
f 6962 6955 6954
f 6962 6954 6961
f 6960 6961 6953
f 6953 6961 6954
f 6951 6960 6953
f 6930 6927 6925
f 6941 6950 6943
f 6771 6948 6939
f 6933 6750 6759
f 6744 6937 6751
f 6937 6932 6936
f 6744 6932 6937
f 6932 6934 6936
f 6931 6934 6932
f 6934 6931 6930
f 6935 6934 6930
f 6933 6741 6750
f 6928 6741 6933
f 6743 6932 6744
f 6932 6743 6931
f 6743 6742 6931
f 6931 6927 6930
f 6742 6927 6931
f 6938 6933 6759
f 6942 6949 6941
f 6939 6938 6759
f 6942 6934 6940
f 6770 6771 6939
f 6939 6759 6770
f 6762 6947 6763
f 6947 6762 6946
f 6762 6761 6946
f 6946 6761 6945
f 6761 6760 6945
f 6945 6760 6944
f 6760 6751 6944
f 6944 6937 6943
f 6751 6937 6944
f 6937 6941 6943
f 6936 6941 6937
f 6941 6936 6934
f 6942 6941 6934
f 6935 6940 6934
f 6890 6892 6704
f 6704 6705 6890
f 6705 6891 6890
f 6841 6648 6650
f 6839 6649 6647
f 6839 6842 6649
f 6841 6645 6648
f 6838 6645 6841
f 6837 6840 6644
f 6840 6646 6644
f 6646 6840 6839
f 6647 6646 6839
f 6838 6642 6645
f 6835 6642 6838
f 6834 6836 6639
f 6836 6643 6639
f 6643 6836 6644
f 6644 6836 6837
f 6843 6841 6650
f 6638 6642 6832
f 6652 6844 6845
f 6844 6651 6649
f 6849 6656 6853
f 6847 6660 6655
f 6660 6852 6659
f 6847 6852 6660
f 6657 6659 6852
f 6850 6657 6852
f 6657 6850 6658
f 6658 6850 6851
f 6849 6653 6656
f 6846 6653 6849
f 6845 6848 6652
f 6848 6654 6652
f 6654 6848 6847
f 6655 6654 6847
f 6842 6844 6649
f 6651 6844 6652
f 6853 6656 6661
f 6642 6835 6832
f 6641 6830 6640
f 6631 6630 6826
f 6631 6826 6825
f 6824 6825 6826
f 6820 6625 6822
f 6822 6625 6627
f 6627 6628 6822
f 6628 6823 6822
f 6817 6626 6624
f 6819 6821 6626
f 6819 6626 6817
f 6820 6622 6625
f 6816 6622 6820
f 6813 6623 6620
f 6815 6818 6817
f 6815 6817 6624
f 6630 6827 6826
f 6830 6641 6636
f 6821 6827 6632
f 6821 6632 6626
f 6830 6829 6640
f 6640 6833 6639
f 6829 6833 6640
f 6639 6833 6834
f 6633 6638 6828
f 6638 6832 6828
f 6825 6637 6631
f 6637 6825 6635
f 6825 6824 6635
f 6824 6831 6830
f 6824 6830 6636
f 6824 6636 6635
f 6829 6830 6831
f 6828 6628 6633
f 6823 6628 6828
f 6632 6827 6630
f 6854 6662 6855
f 6662 6663 6855
f 6855 6663 6658
f 6880 6874 6691
f 6874 6685 6691
f 6680 6870 6879
f 6690 6879 6878
f 6680 6879 6690
f 6689 6690 6878
f 6877 6689 6878
f 6688 6689 6877
f 6875 6688 6877
f 6687 6688 6875
f 6687 6875 6876
f 6684 6685 6874
f 6873 6684 6874
f 6873 6683 6684
f 6869 6683 6873
f 6687 6881 6691
f 6869 6679 6683
f 6691 6881 6880
f 6694 6693 6882
f 6701 6889 6702
f 6889 6701 6888
f 6701 6700 6888
f 6888 6700 6887
f 6700 6699 6887
f 6887 6699 6886
f 6699 6698 6886
f 6886 6698 6885
f 6698 6697 6885
f 6885 6697 6884
f 6697 6696 6884
f 6884 6696 6883
f 6696 6695 6883
f 6883 6695 6882
f 6695 6694 6882
f 6687 6876 6881
f 6866 6868 6872
f 6682 6872 6871
f 6676 6872 6682
f 6670 6862 6669
f 6669 6862 6861
f 6861 6859 6669
f 6859 6667 6669
f 6860 6668 6665
f 6857 6860 6665
f 6859 6664 6667
f 6856 6664 6859
f 6854 6858 6662
f 6858 6666 6662
f 6665 6666 6858
f 6857 6665 6858
f 6856 6661 6664
f 6853 6661 6856
f 6851 6855 6658
f 6671 6863 6672
f 6863 6671 6864
f 6671 6673 6864
f 6864 6673 6668
f 6676 6866 6872
f 6681 6682 6871
f 6870 6681 6871
f 6680 6681 6870
f 6865 6678 6869
f 6678 6679 6869
f 6865 6674 6678
f 6667 6464 6468
f 6863 6867 6672
f 6675 6677 6867
f 6866 6675 6867
f 6866 6867 6868
f 6675 6866 6676
f 6674 6862 6670
f 6865 6862 6674
f 6860 6864 6668
f 6867 6677 6672
f 6664 6464 6667
f 6662 6666 6462
f 6666 6467 6462
f 6468 6272 6276
f 6464 6272 6468
f 6462 6467 6270
f 6467 6275 6270
f 6274 6275 6467
f 6465 6274 6467
f 6273 6274 6465
f 6273 6465 6466
f 6464 6268 6272
f 6460 6268 6464
f 6457 6463 6264
f 6463 6271 6264
f 6269 6271 6463
f 6461 6269 6463
f 6269 6461 6270
f 6469 6277 6273
f 6270 6461 6462
f 6273 6466 6469
f 6470 6468 6278
f 6279 6479 6286
f 6284 6286 6477
f 6476 6284 6477
f 6476 6477 6478
f 6284 6476 6285
f 6283 6475 6472
f 6282 6283 6472
f 6282 6472 6470
f 6470 6278 6282
f 6469 6473 6277
f 6473 6280 6277
f 6279 6280 6473
f 6279 6473 6474
f 6471 6470 6472
f 6278 6468 6276
f 6470 6471 6468
f 6286 6479 6477
f 6460 6263 6268
f 6454 6459 6260
f 6449 6253 6255
f 6447 6253 6449
f 6446 6448 6252
f 6448 6254 6252
f 6447 6250 6253
f 6444 6250 6447
f 6442 6445 6247
f 6445 6251 6247
f 6251 6445 6252
f 6252 6445 6446
f 6444 6246 6250
f 6440 6246 6444
f 6437 6249 6243
f 6249 6443 6248
f 6437 6443 6249
f 6257 6450 6451
f 6456 6263 6460
f 6256 6450 6257
f 6448 6450 6254
f 6459 6266 6260
f 6265 6266 6459
f 6458 6265 6459
f 6264 6265 6458
f 6457 6264 6458
f 6263 6456 6455
f 6455 6262 6263
f 6452 6262 6455
f 6452 6258 6262
f 6451 6453 6257
f 6453 6259 6257
f 6259 6453 6260
f 6260 6453 6454
f 6258 6449 6255
f 6452 6449 6258
f 6450 6256 6254
f 6247 6248 6443
f 6279 6474 6479
f 6480 6475 6287
f 6507 6314 6506
f 6312 6506 6313
f 6505 6506 6312
f 6311 6505 6312
f 6504 6505 6311
f 6310 6504 6311
f 6503 6504 6310
f 6309 6503 6310
f 6502 6503 6309
f 6308 6502 6309
f 6501 6502 6308
f 6307 6501 6308
f 6500 6501 6307
f 6306 6500 6307
f 6499 6500 6306
f 6506 6314 6313
f 6305 6499 6306
f 6314 6507 6315
f 6508 6509 6316
f 6515 6322 6324
f 6513 6322 6515
f 6321 6514 6323
f 6321 6512 6514
f 6513 6317 6322
f 6508 6317 6513
f 6321 6320 6512
f 6320 6511 6512
f 6319 6511 6320
f 6510 6511 6319
f 6507 6510 6319
f 6507 6319 6315
f 6318 6509 6495
f 6302 6318 6495
f 6316 6509 6318
f 6316 6317 6508
f 6475 6283 6287
f 6498 6499 6305
f 6497 6498 6304
f 6292 6293 6488
f 6487 6292 6488
f 6487 6481 6292
f 6481 6287 6292
f 6476 6478 6486
f 6291 6486 6485
f 6285 6486 6291
f 6285 6476 6486
f 6290 6291 6485
f 6483 6290 6485
f 6288 6290 6483
f 6482 6288 6483
f 6482 6483 6484
f 6288 6482 6289
f 6287 6481 6480
f 6488 6293 6489
f 6304 6498 6305
f 6293 6294 6489
f 6294 6295 6490
f 6303 6497 6304
f 6496 6497 6303
f 6301 6496 6303
f 6495 6496 6301
f 6301 6302 6495
f 6482 6484 6494
f 6298 6494 6493
f 6289 6494 6298
f 6289 6482 6494
f 6297 6298 6493
f 6492 6297 6493
f 6296 6297 6492
f 6491 6296 6492
f 6295 6296 6491
f 6490 6295 6491
f 6489 6294 6490
f 6441 6247 6443
f 6247 6441 6442
f 6241 6245 6436
f 6390 6395 6194
f 6390 6394 6395
f 6389 6394 6390
f 6389 6393 6394
f 6388 6393 6389
f 6393 6388 6387
f 6386 6391 6392
f 6385 6391 6386
f 6192 6391 6385
f 6385 6189 6192
f 6186 6384 6190
f 6384 6390 6190
f 6384 6389 6390
f 6383 6389 6384
f 6383 6388 6389
f 6190 6390 6194
f 6382 6388 6383
f 6391 6396 6392
f 6397 6394 6393
f 6406 6404 6405
f 6204 6403 6400
f 6204 6400 6399
f 6399 6201 6204
f 6199 6397 6203
f 6397 6402 6203
f 6401 6402 6397
f 6401 6397 6398
f 6396 6399 6400
f 6201 6399 6196
f 6399 6396 6196
f 6395 6198 6194
f 6397 6395 6394
f 6199 6395 6397
f 6199 6198 6395
f 6398 6397 6393
f 6405 6404 6401
f 6382 6387 6388
f 6387 6381 6380
f 6180 6179 6376
f 6376 6179 6375
f 6179 6178 6375
f 6375 6178 6374
f 6178 6170 6374
f 6374 6370 6372
f 6170 6370 6374
f 6372 6370 6369
f 6373 6372 6369
f 6371 6169 6177
f 6368 6169 6371
f 6166 6367 6170
f 6367 6370 6170
f 6367 6369 6370
f 6366 6369 6367
f 6377 6180 6376
f 6381 6387 6382
f 6180 6377 6181
f 6185 6371 6177
f 6378 6385 6386
f 6189 6385 6185
f 6385 6378 6185
f 6181 6384 6186
f 6384 6377 6383
f 6181 6377 6384
f 6377 6382 6383
f 6376 6382 6377
f 6376 6381 6382
f 6375 6381 6376
f 6375 6380 6381
f 6374 6380 6375
f 6380 6374 6372
f 6380 6372 6379
f 6373 6379 6372
f 6378 6371 6185
f 6404 6407 6401
f 6207 6206 6402
f 6207 6402 6407
f 6428 6232 6431
f 6425 6234 6231
f 6234 6430 6233
f 6425 6430 6234
f 6425 6426 6430
f 6233 6430 6429
f 6424 6230 6427
f 6230 6232 6427
f 6232 6428 6427
f 6227 6422 6231
f 6422 6425 6231
f 6425 6422 6426
f 6424 6226 6230
f 6421 6226 6424
f 6418 6229 6222
f 6431 6232 6235
f 6229 6418 6228
f 6238 6432 6433
f 6432 6237 6434
f 6245 6246 6436
f 6246 6440 6436
f 6433 6439 6238
f 6439 6244 6238
f 6242 6244 6439
f 6438 6242 6439
f 6242 6438 6437
f 6243 6242 6437
f 6431 6235 6241
f 6435 6431 6241
f 6436 6435 6241
f 6429 6240 6233
f 6240 6434 6239
f 6429 6434 6240
f 6237 6239 6434
f 6237 6432 6238
f 6418 6417 6228
f 6228 6423 6227
f 6417 6423 6228
f 6413 6414 6415
f 6412 6208 6213
f 6408 6208 6412
f 6407 6212 6207
f 6212 6407 6210
f 6407 6404 6210
f 6406 6411 6410
f 6406 6410 6211
f 6406 6211 6404
f 6404 6211 6210
f 6409 6410 6411
f 6408 6204 6208
f 6403 6204 6408
f 6402 6206 6203
f 6407 6402 6401
f 6409 6216 6215
f 6409 6414 6216
f 6409 6415 6414
f 6410 6409 6215
f 6227 6423 6422
f 6421 6219 6226
f 6416 6219 6421
f 6414 6224 6216
f 6224 6414 6223
f 6414 6413 6223
f 6223 6420 6221
f 6514 6325 6323
f 6413 6420 6223
f 6222 6221 6419
f 6222 6419 6418
f 6417 6418 6419
f 6416 6213 6219
f 6412 6213 6416
f 6410 6217 6211
f 6217 6410 6215
f 6221 6420 6419
f 6785 6968 6779
f 6514 6516 6325
f 6325 6517 6326
f 6615 6621 6419
f 6615 6617 6621
f 6417 6621 6620
f 6619 6412 6416
f 6614 6412 6619
f 6613 6415 6409
f 6415 6613 6413
f 6613 6612 6413
f 6618 6612 6609
f 6413 6612 6618
f 6615 6618 6609
f 6616 6615 6609
f 6616 6609 6611
f 6617 6615 6616
f 6614 6408 6412
f 6419 6621 6417
f 6608 6408 6614
f 6618 6615 6419
f 6618 6420 6413
f 6631 6629 6630
f 6625 6424 6627
f 6627 6424 6427
f 6427 6428 6627
f 6428 6628 6627
f 6624 6426 6422
f 6626 6426 6624
f 6625 6421 6424
f 6622 6421 6625
f 6620 6423 6417
f 6423 6623 6422
f 6620 6623 6423
f 6422 6623 6624
f 6622 6416 6421
f 6619 6416 6622
f 6420 6618 6419
f 6429 6630 6629
f 6607 6411 6406
f 6607 6606 6409
f 6603 6400 6403
f 6597 6400 6603
f 6596 6401 6398
f 6602 6596 6595
f 6401 6596 6602
f 6595 6601 6602
f 6594 6601 6595
f 6594 6600 6601
f 6593 6600 6594
f 6593 6598 6600
f 6592 6598 6593
f 6598 6592 6599
f 6597 6396 6400
f 6591 6396 6597
f 6393 6596 6398
f 6604 6598 6599
f 6411 6607 6409
f 6604 6605 6598
f 6600 6605 6606
f 6613 6606 6605
f 6409 6606 6613
f 6605 6612 6613
f 6604 6612 6605
f 6609 6612 6604
f 6610 6609 6604
f 6611 6609 6610
f 6608 6403 6408
f 6603 6403 6608
f 6602 6405 6401
f 6607 6602 6601
f 6406 6602 6607
f 6406 6405 6602
f 6601 6606 6607
f 6600 6606 6601
f 6598 6605 6600
f 6596 6590 6595
f 6429 6632 6630
f 6430 6632 6429
f 6456 6656 6653
f 6455 6456 6653
f 6653 6452 6455
f 6652 6654 6451
f 6654 6453 6451
f 6453 6654 6454
f 6454 6654 6655
f 6650 6452 6653
f 6650 6449 6452
f 6649 6651 6448
f 6651 6450 6448
f 6450 6651 6451
f 6451 6651 6652
f 6449 6648 6447
f 6650 6648 6449
f 6457 6657 6658
f 6647 6649 6446
f 6657 6457 6659
f 6659 6458 6660
f 6465 6467 6666
f 6665 6465 6666
f 6465 6665 6466
f 6664 6460 6464
f 6661 6460 6664
f 6658 6663 6457
f 6663 6463 6457
f 6461 6463 6663
f 6662 6461 6663
f 6461 6662 6462
f 6661 6456 6460
f 6656 6456 6661
f 6655 6660 6454
f 6660 6459 6454
f 6458 6459 6660
f 6457 6458 6659
f 6626 6632 6430
f 6649 6448 6446
f 6645 6444 6648
f 6437 6640 6639
f 6633 6431 6435
f 6435 6436 6633
f 6436 6638 6633
f 6629 6434 6429
f 6434 6637 6432
f 6629 6637 6434
f 6629 6631 6637
f 6432 6637 6635
f 6433 6432 6635
f 6433 6635 6634
f 6636 6634 6635
f 6633 6428 6431
f 6628 6428 6633
f 6626 6430 6426
f 6640 6437 6641
f 6648 6444 6447
f 6437 6438 6641
f 6634 6641 6439
f 6644 6646 6442
f 6646 6445 6442
f 6445 6646 6446
f 6446 6646 6647
f 6645 6440 6444
f 6642 6440 6645
f 6639 6443 6437
f 6443 6643 6441
f 6639 6643 6443
f 6441 6643 6442
f 6442 6643 6644
f 6436 6440 6638
f 6440 6642 6638
f 6634 6439 6433
f 6439 6641 6438
f 6634 6636 6641
f 6393 6590 6596
f 6590 6594 6595
f 6589 6594 6590
f 6544 6345 6353
f 6533 6345 6544
f 6349 6543 6350
f 6543 6349 6542
f 6349 6348 6542
f 6542 6348 6541
f 6348 6347 6541
f 6541 6347 6539
f 6347 6346 6539
f 6538 6342 6532
f 6538 6346 6342
f 6538 6540 6346
f 6540 6539 6346
f 6537 6538 6531
f 6531 6538 6532
f 6540 6545 6539
f 6536 6537 6530
f 6539 6546 6541
f 6547 6541 6546
f 6554 6358 6553
f 6358 6357 6553
f 6553 6357 6552
f 6357 6356 6552
f 6552 6356 6551
f 6356 6355 6551
f 6551 6355 6550
f 6355 6354 6550
f 6550 6354 6549
f 6354 6350 6549
f 6549 6543 6548
f 6350 6543 6549
f 6543 6547 6548
f 6542 6547 6543
f 6547 6542 6541
f 6545 6546 6539
f 6359 6358 6554
f 6530 6537 6531
f 6529 6536 6530
f 6333 6525 6334
f 6524 6525 6333
f 6329 6524 6333
f 6523 6524 6329
f 6522 6523 6329
f 6519 6522 6329
f 6520 6522 6519
f 6521 6324 6332
f 6515 6324 6521
f 6328 6519 6329
f 6518 6328 6327
f 6520 6328 6518
f 6520 6519 6328
f 6326 6518 6327
f 6517 6518 6326
f 6525 6526 6334
f 6535 6536 6529
f 6334 6526 6335
f 6528 6336 6526
f 6534 6535 6527
f 6527 6535 6529
f 6528 6534 6527
f 6533 6332 6345
f 6521 6332 6533
f 6340 6532 6342
f 6532 6340 6531
f 6340 6339 6531
f 6531 6339 6530
f 6339 6338 6530
f 6530 6338 6529
f 6338 6337 6529
f 6529 6337 6527
f 6337 6336 6527
f 6526 6336 6335
f 6528 6527 6336
f 6555 6359 6554
f 6359 6555 6360
f 6544 6353 6556
f 6580 6582 6584
f 6578 6582 6580
f 6582 6578 6583
f 6583 6578 6579
f 6386 6581 6577
f 6379 6580 6380
f 6580 6576 6578
f 6379 6576 6580
f 6379 6373 6576
f 6578 6576 6575
f 6579 6578 6575
f 6572 6378 6577
f 6572 6371 6378
f 6369 6576 6373
f 6576 6571 6575
f 6380 6580 6585
f 6369 6571 6576
f 6585 6580 6584
f 6586 6581 6392
f 6589 6593 6594
f 6588 6593 6589
f 6588 6592 6593
f 6587 6592 6588
f 6396 6591 6586
f 6586 6392 6396
f 6387 6590 6393
f 6590 6585 6589
f 6387 6585 6590
f 6585 6588 6589
f 6584 6588 6585
f 6584 6587 6588
f 6582 6587 6584
f 6587 6582 6583
f 6392 6581 6386
f 6380 6585 6387
f 6575 6571 6570
f 6575 6570 6574
f 6573 6574 6569
f 6554 6563 6555
f 6554 6562 6563
f 6553 6562 6554
f 6553 6561 6562
f 6552 6561 6553
f 6561 6552 6551
f 6561 6551 6560
f 6559 6560 6550
f 6550 6560 6551
f 6558 6559 6549
f 6549 6559 6550
f 6557 6558 6548
f 6548 6558 6549
f 6547 6557 6548
f 6556 6353 6363
f 6555 6563 6564
f 6360 6555 6565
f 6565 6555 6564
f 6364 6360 6565
f 6569 6574 6570
f 6568 6573 6569
f 6371 6567 6368
f 6572 6567 6371
f 6365 6571 6369
f 6571 6566 6570
f 6365 6566 6571
f 6516 6517 6325
f 6566 6569 6570
f 6565 6568 6569
f 6564 6568 6565
f 6568 6564 6563
f 6567 6363 6368
f 6556 6363 6567
f 6364 6566 6365
f 6566 6364 6565
f 6565 6569 6566
f 6779 6968 6958
f 6962 6969 6963
f 6971 6963 6969
f 7366 7373 7367
f 7372 7363 7362
f 7371 7372 7361
f 7361 7372 7362
f 7252 7361 7249
f 7252 7371 7361
f 7252 7370 7371
f 7252 7251 7370
f 7248 7369 7250
f 7369 7248 7368
f 7248 7247 7368
f 7368 7247 7367
f 7247 7246 7367
f 7367 7246 7366
f 7246 7245 7366
f 7367 7374 7368
f 7366 7245 7365
f 7373 7374 7367
f 7374 7375 7368
f 7381 7257 7255
f 7383 7257 7381
f 7383 7382 7257
f 7380 7381 7255
f 7377 7380 7255
f 7376 7380 7377
f 7251 7378 7370
f 7251 7256 7378
f 7256 7379 7378
f 7254 7377 7255
f 7377 7254 7376
f 7254 7253 7376
f 7375 7250 7369
f 7375 7253 7250
f 7375 7376 7253
f 7368 7375 7369
f 7258 7257 7382
f 7245 7244 7365
f 7244 7360 7365
f 7238 7237 7354
f 7237 7236 7354
f 7343 7235 7225
f 7235 7353 7234
f 7343 7353 7235
f 7233 7234 7353
f 7352 7233 7353
f 7232 7233 7352
f 7351 7232 7352
f 7231 7232 7351
f 7350 7231 7351
f 7230 7231 7350
f 7349 7230 7350
f 7229 7230 7349
f 7348 7229 7349
f 7355 7238 7354
f 7365 7360 7364
f 7239 7238 7355
f 7240 7239 7356
f 7364 7360 7359
f 7356 7355 7363
f 7355 7362 7363
f 7354 7362 7355
f 7354 7361 7362
f 7236 7361 7354
f 7236 7249 7361
f 7243 7360 7244
f 7360 7243 7359
f 7243 7242 7359
f 7359 7242 7358
f 7242 7241 7358
f 7358 7241 7357
f 7241 7240 7357
f 7357 7240 7356
f 7356 7239 7355
f 7228 7229 7348
f 7384 7258 7382
f 7385 7259 7384
f 7410 7414 7409
f 7412 7276 7413
f 7274 7276 7412
f 7408 7274 7412
f 7273 7411 7275
f 7411 7406 7409
f 7273 7406 7411
f 7409 7406 7410
f 7410 7406 7407
f 7272 7408 7404
f 7274 7408 7272
f 7271 7403 7273
f 7403 7406 7273
f 7406 7403 7401
f 7407 7406 7401
f 7416 7409 7414
f 7407 7401 7405
f 7416 7415 7409
f 7411 7415 7277
f 7424 7281 7423
f 7281 7279 7423
f 7423 7419 7421
f 7279 7419 7423
f 7421 7419 7418
f 7422 7421 7418
f 7420 7278 7280
f 7417 7278 7420
f 7277 7419 7279
f 7419 7415 7418
f 7277 7415 7419
f 7418 7415 7416
f 7417 7276 7278
f 7413 7276 7417
f 7275 7411 7277
f 7415 7411 7409
f 7259 7258 7384
f 7402 7405 7401
f 7400 7270 7404
f 7265 7392 7262
f 7263 7391 7264
f 7391 7263 7390
f 7263 7260 7390
f 7389 7260 7385
f 7389 7390 7260
f 7388 7389 7384
f 7384 7389 7385
f 7387 7388 7382
f 7382 7388 7384
f 7383 7387 7382
f 7379 7256 7261
f 7261 7262 7379
f 7262 7386 7379
f 7259 7385 7260
f 7262 7392 7386
f 7404 7270 7272
f 7390 7393 7391
f 7393 7264 7391
f 7269 7403 7271
f 7403 7399 7401
f 7269 7399 7403
f 7401 7399 7398
f 7402 7401 7398
f 7267 7270 7400
f 7395 7267 7400
f 7396 7395 7400
f 7268 7399 7269
f 7399 7268 7398
f 7268 7266 7398
f 7397 7398 7266
f 7265 7267 7395
f 7395 7396 7265
f 7396 7392 7265
f 7393 7394 7264
f 7347 7228 7348
f 7227 7228 7347
f 7346 7227 7347
f 7295 7297 7174
f 7296 7170 7173
f 7294 7170 7296
f 7293 7171 7168
f 7294 7166 7170
f 7292 7166 7294
f 7163 7291 7168
f 7291 7293 7168
f 7292 7162 7166
f 7290 7162 7292
f 7158 7289 7163
f 7289 7291 7163
f 7290 7157 7162
f 7288 7157 7290
f 7152 7286 7158
f 7296 7173 7298
f 7286 7289 7158
f 7298 7173 7176
f 7297 7178 7174
f 7304 7307 7187
f 7186 7307 7308
f 7303 7183 7305
f 7183 7185 7305
f 7185 7306 7305
f 7302 7184 7180
f 7304 7184 7302
f 7303 7179 7183
f 7300 7179 7303
f 7299 7182 7178
f 7182 7301 7180
f 7299 7301 7182
f 7180 7301 7302
f 7176 7179 7298
f 7179 7300 7298
f 7299 7178 7297
f 7187 7307 7186
f 7151 7157 7288
f 7285 7151 7287
f 7129 7276 7128
f 7276 7274 7128
f 7274 7122 7128
f 7120 7275 7124
f 7273 7275 7120
f 7274 7272 7122
f 7272 7118 7122
f 7115 7273 7120
f 7115 7271 7273
f 7272 7114 7118
f 7270 7114 7272
f 7113 7271 7115
f 7269 7271 7113
f 7270 7110 7114
f 7267 7110 7270
f 7124 7275 7277
f 7151 7288 7287
f 7276 7129 7278
f 7277 7279 7130
f 7147 7284 7152
f 7284 7286 7152
f 7286 7284 7283
f 7145 7285 7280
f 7151 7285 7145
f 7146 7284 7147
f 7284 7146 7283
f 7146 7139 7283
f 7283 7139 7282
f 7139 7138 7282
f 7281 7138 7137
f 7282 7138 7281
f 7279 7281 7137
f 7280 7136 7145
f 7278 7136 7280
f 7278 7129 7136
f 7304 7187 7184
f 7188 7309 7306
f 7185 7188 7306
f 7216 7336 7335
f 7335 7333 7216
f 7333 7214 7216
f 7334 7215 7212
f 7331 7334 7212
f 7333 7211 7214
f 7330 7211 7333
f 7329 7332 7210
f 7332 7213 7210
f 7212 7213 7332
f 7331 7212 7332
f 7330 7208 7211
f 7327 7208 7330
f 7324 7328 7205
f 7328 7209 7205
f 7217 7336 7216
f 7209 7328 7210
f 7337 7218 7338
f 7338 7219 7215
f 7346 7342 7227
f 7342 7223 7227
f 7341 7345 7222
f 7345 7226 7222
f 7224 7226 7345
f 7344 7224 7345
f 7224 7344 7343
f 7225 7224 7343
f 7337 7340 7218
f 7340 7221 7218
f 7221 7340 7222
f 7222 7340 7341
f 7339 7336 7220
f 7336 7217 7220
f 7334 7338 7215
f 7218 7219 7338
f 7210 7328 7329
f 7208 7327 7207
f 7326 7207 7327
f 7197 7316 7198
f 7198 7316 7317
f 7315 7193 7195
f 7313 7193 7315
f 7312 7194 7192
f 7314 7194 7312
f 7313 7190 7193
f 7311 7190 7313
f 7310 7191 7189
f 7310 7312 7192
f 7310 7192 7191
f 7311 7188 7190
f 7309 7188 7311
f 7308 7189 7186
f 7310 7189 7308
f 7314 7316 7199
f 7199 7316 7197
f 7314 7199 7194
f 7315 7195 7318
f 7204 7207 7326
f 7322 7204 7326
f 7320 7325 7202
f 7325 7206 7202
f 7205 7206 7325
f 7323 7205 7325
f 7205 7323 7324
f 7281 7424 7282
f 7200 7322 7318
f 7317 7321 7198
f 7321 7203 7198
f 7201 7203 7321
f 7319 7201 7321
f 7201 7319 7202
f 7202 7319 7320
f 7318 7195 7200
f 7204 7322 7200
f 7111 7269 7113
f 7420 7280 7425
f 7427 7421 7422
f 7527 7359 7526
f 7359 7358 7526
f 7526 7358 7525
f 7358 7357 7525
f 7525 7357 7524
f 7357 7356 7524
f 7356 7363 7524
f 7514 7353 7343
f 7353 7523 7352
f 7514 7523 7353
f 7351 7352 7523
f 7522 7351 7523
f 7350 7351 7522
f 7521 7350 7522
f 7349 7350 7521
f 7359 7527 7364
f 7520 7349 7521
f 7371 7370 7528
f 7528 7529 7371
f 7364 7537 7365
f 7536 7537 7364
f 7535 7536 7364
f 7527 7535 7364
f 7534 7535 7526
f 7526 7535 7527
f 7533 7534 7525
f 7525 7534 7526
f 7532 7533 7524
f 7524 7533 7525
f 7363 7531 7532
f 7363 7532 7524
f 7372 7531 7363
f 7529 7531 7372
f 7371 7529 7372
f 7528 7530 7529
f 7539 7538 7366
f 7348 7349 7520
f 7347 7348 7519
f 7341 7509 7508
f 7510 7508 7509
f 7336 7507 7504
f 7339 7507 7336
f 7502 7338 7334
f 7338 7505 7337
f 7502 7505 7338
f 7337 7505 7506
f 7336 7504 7335
f 7335 7504 7503
f 7503 7501 7335
f 7501 7333 7335
f 7499 7334 7331
f 7502 7334 7499
f 7501 7330 7333
f 7341 7340 7509
f 7519 7348 7520
f 7340 7511 7509
f 7506 7511 7337
f 7518 7347 7519
f 7346 7347 7518
f 7517 7346 7518
f 7517 7513 7346
f 7513 7342 7346
f 7508 7345 7341
f 7345 7516 7344
f 7508 7516 7345
f 7508 7510 7516
f 7343 7344 7516
f 7515 7343 7516
f 7343 7515 7514
f 7512 7342 7513
f 7339 7342 7512
f 7507 7339 7512
f 7511 7340 7337
f 7497 7330 7501
f 7539 7366 7537
f 7373 7366 7538
f 7561 7566 7562
f 7566 7561 7560
f 7567 7566 7560
f 7567 7560 7565
f 7564 7565 7558
f 7558 7565 7560
f 7559 7564 7558
f 7563 7386 7392
f 7555 7386 7563
f 7389 7562 7390
f 7562 7389 7561
f 7389 7388 7561
f 7561 7388 7560
f 7388 7387 7560
f 7560 7554 7558
f 7562 7566 7568
f 7387 7554 7560
f 7390 7562 7569
f 7393 7390 7569
f 7577 7397 7576
f 7397 7394 7576
f 7576 7570 7575
f 7394 7570 7576
f 7570 7574 7575
f 7569 7574 7570
f 7574 7569 7568
f 7574 7568 7573
f 7572 7573 7566
f 7566 7573 7568
f 7567 7572 7566
f 7571 7392 7396
f 7563 7392 7571
f 7393 7570 7394
f 7570 7393 7569
f 7569 7562 7568
f 7537 7366 7365
f 7387 7383 7554
f 7559 7558 7553
f 7538 7548 7540
f 7539 7547 7538
f 7528 7546 7530
f 7370 7545 7546
f 7370 7546 7528
f 7378 7545 7370
f 7543 7545 7378
f 7378 7379 7543
f 7379 7544 7543
f 7375 7542 7376
f 7542 7375 7541
f 7375 7374 7541
f 7541 7374 7540
f 7374 7373 7540
f 7540 7373 7538
f 7547 7548 7538
f 7558 7554 7553
f 7540 7549 7541
f 7541 7550 7542
f 7559 7553 7557
f 7556 7557 7551
f 7551 7557 7553
f 7552 7556 7551
f 7555 7544 7379
f 7379 7386 7555
f 7381 7554 7383
f 7554 7381 7553
f 7381 7380 7553
f 7553 7380 7551
f 7380 7376 7551
f 7550 7376 7542
f 7550 7552 7376
f 7552 7551 7376
f 7549 7550 7541
f 7548 7549 7540
f 7495 7500 7329
f 7500 7332 7329
f 7331 7332 7500
f 7452 7447 7453
f 7453 7447 7448
f 7451 7292 7294
f 7445 7292 7451
f 7291 7444 7293
f 7444 7450 7293
f 7444 7449 7450
f 7443 7449 7444
f 7443 7447 7449
f 7442 7447 7443
f 7447 7442 7440
f 7448 7447 7440
f 7448 7440 7446
f 7441 7446 7440
f 7445 7290 7292
f 7447 7452 7449
f 7439 7290 7445
f 7449 7452 7454
f 7454 7450 7449
f 7462 7456 7463
f 7463 7456 7458
f 7461 7296 7298
f 7455 7296 7461
f 7295 7454 7297
f 7454 7460 7297
f 7454 7459 7460
f 7452 7459 7454
f 7456 7459 7452
f 7457 7456 7452
f 7457 7452 7453
f 7458 7456 7457
f 7455 7294 7296
f 7451 7294 7455
f 7450 7295 7293
f 7295 7450 7454
f 7456 7462 7459
f 7289 7438 7291
f 7438 7443 7444
f 7434 7426 7427
f 7288 7433 7287
f 7287 7433 7432
f 7432 7425 7287
f 7425 7285 7287
f 7283 7431 7286
f 7431 7283 7430
f 7283 7282 7430
f 7430 7424 7429
f 7282 7424 7430
f 7424 7428 7429
f 7423 7428 7424
f 7423 7426 7428
f 7421 7426 7423
f 7426 7421 7427
f 7426 7434 7428
f 7438 7444 7291
f 7428 7434 7435
f 7429 7435 7436
f 7437 7443 7438
f 7437 7442 7443
f 7436 7442 7437
f 7436 7440 7442
f 7435 7440 7436
f 7440 7435 7434
f 7441 7440 7434
f 7439 7288 7290
f 7433 7288 7439
f 7286 7431 7289
f 7431 7438 7289
f 7431 7437 7438
f 7430 7437 7431
f 7430 7436 7437
f 7429 7436 7430
f 7428 7435 7429
f 7459 7462 7464
f 7299 7460 7464
f 7464 7460 7459
f 7486 7321 7317
f 7321 7489 7319
f 7486 7489 7321
f 7319 7489 7488
f 7320 7319 7488
f 7487 7315 7318
f 7485 7315 7487
f 7484 7316 7314
f 7484 7486 7317
f 7484 7317 7316
f 7485 7313 7315
f 7483 7313 7485
f 7480 7314 7312
f 7482 7484 7314
f 7482 7314 7480
f 7487 7318 7490
f 7483 7311 7313
f 7490 7318 7322
f 7323 7491 7324
f 7498 7331 7500
f 7331 7498 7499
f 7327 7330 7497
f 7327 7497 7496
f 7493 7327 7496
f 7492 7494 7324
f 7494 7328 7324
f 7328 7494 7329
f 7329 7494 7495
f 7493 7326 7327
f 7493 7490 7326
f 7490 7322 7326
f 7488 7325 7320
f 7325 7491 7323
f 7488 7491 7325
f 7324 7491 7492
f 7479 7311 7483
f 7478 7312 7310
f 7481 7312 7478
f 7470 7468 7467
f 7304 7468 7470
f 7470 7467 7471
f 7469 7300 7303
f 7466 7300 7469
f 7464 7301 7299
f 7468 7464 7462
f 7302 7464 7468
f 7302 7301 7464
f 7467 7468 7462
f 7467 7462 7463
f 7461 7298 7465
f 7298 7300 7465
f 7300 7466 7465
f 7460 7299 7297
f 7468 7304 7302
f 7305 7306 7472
f 7472 7303 7305
f 7472 7469 7303
f 7481 7480 7312
f 7482 7480 7481
f 7479 7309 7311
f 7477 7309 7479
f 7473 7310 7308
f 7475 7478 7310
f 7473 7475 7310
f 7425 7280 7285
f 7306 7476 7472
f 7309 7477 7476
f 7470 7307 7304
f 7471 7474 7473
f 7471 7473 7308
f 7471 7308 7470
f 7470 7308 7307
f 7475 7473 7474
f 7306 7309 7476
f 7400 7578 7396
f 7268 7111 7108
f 7266 7268 7108
f 6881 7064 6880
f 7064 7063 6880
f 7063 6874 6880
f 6870 7059 7070
f 6879 7070 7069
f 6870 7070 6879
f 6878 6879 7069
f 7068 6878 7069
f 6877 6878 7068
f 7067 6877 7068
f 6875 6877 7067
f 7066 6875 7067
f 6875 7066 7065
f 6876 6875 7065
f 6876 7065 7064
f 7064 6881 6876
f 7063 7064 7065
f 6891 7072 7071
f 7071 7073 6890
f 6895 7080 6896
f 7079 7080 6895
f 6894 7079 6895
f 7078 7079 6894
f 6884 7078 6894
f 7077 7078 6884
f 6883 7077 6884
f 7076 7077 6883
f 6882 7076 6883
f 7075 7076 6882
f 6893 7075 6882
f 7074 7075 6893
f 6892 7074 6893
f 7073 7074 6892
f 6890 7073 6892
f 6890 6891 7071
f 7080 7081 6896
f 7063 7062 6874
f 7061 6873 7062
f 6861 7051 7050
f 7050 7048 6861
f 7048 6859 6861
f 7049 6860 6857
f 7046 7049 6857
f 7048 6856 6859
f 7045 6856 7048
f 7043 7047 6854
f 7047 6858 6854
f 6857 6858 7047
f 7046 6857 7047
f 7045 6853 6856
f 7042 6853 7045
f 7041 7044 6851
f 7044 6855 6851
f 6862 7051 6861
f 6873 6874 7062
f 7052 6863 7053
f 7053 6864 6860
f 7061 7057 6873
f 7057 6869 6873
f 7056 7060 6868
f 7060 6872 6868
f 6871 6872 7060
f 7058 6871 7060
f 6870 6871 7058
f 6870 7058 7059
f 7052 7055 6863
f 7055 6867 6863
f 6867 7055 6868
f 6868 7055 7056
f 7054 7051 6865
f 7051 6862 6865
f 7049 7053 6860
f 6863 6864 7053
f 6854 6855 7044
f 6896 7081 6897
f 6897 7082 6898
f 6924 6923 7108
f 7107 6920 7105
f 7107 6923 6920
f 7107 7108 6923
f 7104 7107 7105
f 7106 6915 6922
f 7101 6915 7106
f 6918 7105 6920
f 7105 6918 7104
f 6918 6917 7104
f 7103 6917 6916
f 7104 6917 7103
f 7102 7103 6916
f 7099 7102 6916
f 7099 6916 6914
f 7109 6924 7108
f 7100 7102 7099
f 6924 7109 6926
f 7110 6922 6928
f 6933 7118 7114
f 6938 7118 6933
f 6938 7117 7118
f 6930 7116 6935
f 7116 7112 7115
f 6930 7112 7116
f 7115 7112 7113
f 7114 6928 6933
f 7110 6928 7114
f 6929 7112 6930
f 7111 6926 7109
f 7111 6929 6926
f 7111 7113 6929
f 7113 7112 6929
f 7108 7111 7109
f 7106 6922 7110
f 7081 7082 6897
f 7101 6909 6915
f 6912 7099 6914
f 7091 7090 6905
f 6902 7089 6904
f 7089 7085 7088
f 6902 7085 7089
f 7088 7085 7086
f 7087 6891 6903
f 7072 6891 7087
f 6901 7085 6902
f 7084 6901 6900
f 7086 6901 7084
f 7086 7085 6901
f 6899 7084 6900
f 7083 7084 6899
f 6898 7083 6899
f 7082 7083 6898
f 6905 7090 6903
f 7095 6909 7101
f 6903 7090 7087
f 7089 6906 6904
f 7098 6912 6911
f 7100 6912 7098
f 7100 7099 6912
f 6910 7098 6911
f 7097 7098 6910
f 6908 7097 6910
f 7096 7097 6908
f 7094 7096 6908
f 7091 6909 7095
f 6905 6909 7091
f 6907 7094 6908
f 7093 6907 6906
f 7094 6907 7093
f 7092 7093 6906
f 7089 7092 6906
f 7088 7092 7089
f 7043 6854 7044
f 7042 6849 6853
f 7039 6849 7042
f 6991 6996 6992
f 6995 6996 6991
f 6994 6802 6807
f 6990 6802 6994
f 6989 6804 6800
f 6993 6989 6988
f 6805 6989 6993
f 6805 6804 6989
f 6988 6992 6993
f 6987 6992 6988
f 6991 6992 6987
f 6990 6798 6802
f 6986 6798 6990
f 6795 6985 6800
f 6985 6989 6800
f 6992 6996 6997
f 6985 6988 6989
f 6810 6809 6993
f 6997 6993 6992
f 7000 7004 7005
f 6999 7004 7000
f 7003 7004 6999
f 7002 6812 6816
f 6998 6812 7002
f 6997 6814 6810
f 7001 6997 6996
f 6815 6997 7001
f 6815 6814 6997
f 6996 7000 7001
f 6995 7000 6996
f 6999 7000 6995
f 6998 6807 6812
f 6994 6807 6998
f 6993 6809 6805
f 6810 6993 6997
f 6819 6818 7001
f 6983 6988 6985
f 6987 6983 6984
f 6971 6978 6970
f 6785 6789 6977
f 6785 6977 6976
f 6968 6785 6976
f 6782 6975 6787
f 6975 6967 6974
f 6782 6967 6975
f 6967 6973 6974
f 6966 6973 6967
f 6966 6972 6973
f 6965 6972 6966
f 6965 6970 6972
f 6964 6970 6965
f 6970 6964 6963
f 6971 6970 6963
f 6979 6970 6978
f 6987 6988 6983
f 6979 6972 6970
f 6973 6979 6980
f 6986 6793 6798
f 6982 6793 6986
f 6790 6981 6795
f 6981 6985 6795
f 6981 6983 6985
f 6980 6983 6981
f 6983 6980 6979
f 6984 6983 6979
f 6982 6789 6793
f 6977 6789 6982
f 6975 6790 6787
f 6981 6975 6974
f 6790 6975 6981
f 6974 6980 6981
f 6973 6980 6974
f 6972 6979 6973
f 6819 7001 7005
f 7005 7001 7000
f 7001 6818 6815
f 7029 7031 6839
f 7030 6838 6841
f 7027 6838 7030
f 7024 6840 6837
f 6840 7028 6839
f 7024 7028 6840
f 7024 7026 7028
f 6839 7028 7029
f 7027 6835 6838
f 7023 6835 7027
f 7020 6836 6834
f 7022 7025 7024
f 7022 7024 6837
f 7022 6837 7020
f 7020 6837 6836
f 7031 6842 6839
f 7026 7024 7025
f 6843 7032 6841
f 6845 7033 7034
f 7036 6852 6847
f 6852 7040 6850
f 7036 7040 6852
f 6850 7040 6851
f 6851 7040 7041
f 6846 6849 7039
f 7034 7038 6845
f 7038 6848 6845
f 6847 6848 7038
f 7037 6847 7038
f 6847 7037 7036
f 7032 6843 7035
f 7031 7033 6842
f 7033 6844 6842
f 6844 7033 6845
f 6841 7032 7030
f 6832 6835 7019
f 6835 7023 7019
f 7015 6833 6829
f 7008 7007 6824
f 7007 7012 7011
f 7007 7011 6824
f 7013 7011 7012
f 7006 6820 6822
f 6822 6823 7006
f 6823 7010 7006
f 7005 6821 6819
f 7009 7005 7004
f 6821 7005 7009
f 7004 7008 7009
f 7003 7008 7004
f 7007 7008 7003
f 7006 6816 6820
f 7002 6816 7006
f 6826 7008 6824
f 7009 7008 6826
f 6827 7009 6826
f 7009 6827 6821
f 7017 7021 7020
f 7017 7020 6834
f 7017 6834 7015
f 7015 6834 6833
f 7022 7020 7021
f 6828 6832 7014
f 6832 7019 7014
f 6939 7117 6938
f 7011 6831 6824
f 7011 7018 6831
f 7011 7013 7018
f 6829 7018 7016
f 6829 7016 7015
f 7017 7015 7016
f 7014 6823 6828
f 7010 6823 7014
f 6831 7018 6829
f 7269 7111 7268
f 7120 7119 7115
f 6940 6935 7116
f 7215 7219 7049
f 7219 7053 7049
f 7052 7053 7219
f 7218 7052 7219
f 7051 7217 7050
f 7050 7217 7216
f 7216 7214 7050
f 7214 7048 7050
f 7215 7049 7046
f 7212 7215 7046
f 7214 7045 7048
f 7211 7045 7214
f 7210 7213 7043
f 7213 7047 7043
f 7046 7047 7213
f 7217 7051 7054
f 7212 7046 7213
f 7220 7217 7054
f 7055 7221 7056
f 7229 7063 7230
f 7062 7063 7229
f 7228 7062 7229
f 7061 7062 7228
f 7227 7061 7228
f 7227 7223 7061
f 7223 7057 7061
f 7222 7226 7056
f 7226 7060 7056
f 7058 7060 7226
f 7224 7058 7226
f 7058 7224 7059
f 7059 7224 7225
f 7218 7221 7052
f 7221 7055 7052
f 7056 7221 7222
f 7063 7065 7230
f 7211 7042 7045
f 7205 7044 7041
f 7035 7200 7032
f 7194 7199 7031
f 7199 7033 7031
f 7033 7199 7197
f 7034 7033 7197
f 7034 7197 7196
f 7198 7196 7197
f 7195 7030 7032
f 7193 7030 7195
f 7194 7031 7029
f 7192 7194 7029
f 7193 7027 7030
f 7190 7027 7193
f 7189 7191 7026
f 7191 7028 7026
f 7032 7200 7195
f 7208 7042 7211
f 7036 7201 7202
f 7036 7037 7203
f 7044 7209 7043
f 7205 7209 7044
f 7043 7209 7210
f 7039 7042 7208
f 7039 7208 7207
f 7204 7039 7207
f 7202 7206 7036
f 7206 7040 7036
f 7040 7206 7205
f 7041 7040 7205
f 7200 7035 7204
f 7196 7038 7034
f 7038 7203 7037
f 7196 7203 7038
f 7196 7198 7203
f 7201 7036 7203
f 7028 7191 7029
f 7230 7065 7231
f 7231 7066 7232
f 7257 7258 7094
f 7255 7257 7094
f 7256 7091 7095
f 7251 7091 7256
f 7093 7255 7094
f 7254 7093 7092
f 7255 7093 7254
f 7088 7254 7092
f 7253 7254 7088
f 7253 7088 7250
f 7249 7087 7252
f 7090 7252 7087
f 7251 7252 7090
f 7090 7091 7251
f 7086 7250 7088
f 7094 7258 7096
f 7248 7250 7086
f 7258 7259 7096
f 7260 7098 7259
f 7267 7106 7110
f 7265 7106 7267
f 7107 7266 7108
f 7101 7106 7265
f 7262 7101 7265
f 7103 7264 7104
f 7263 7103 7102
f 7264 7103 7263
f 7260 7263 7102
f 7260 7102 7100
f 7256 7095 7101
f 7261 7256 7101
f 7262 7261 7101
f 7098 7260 7100
f 7259 7098 7097
f 7096 7259 7097
f 7065 7066 7231
f 7249 7072 7087
f 7084 7248 7086
f 7238 7239 7074
f 7073 7238 7074
f 7237 7238 7073
f 7071 7237 7073
f 7236 7237 7071
f 7071 7072 7236
f 7225 7235 7059
f 7235 7070 7059
f 7069 7070 7235
f 7234 7069 7235
f 7068 7069 7234
f 7233 7068 7234
f 7067 7068 7233
f 7232 7067 7233
f 7066 7067 7232
f 7074 7239 7075
f 7236 7072 7249
f 7239 7240 7075
f 7240 7241 7076
f 7248 7084 7247
f 7084 7083 7247
f 7247 7083 7246
f 7083 7082 7246
f 7246 7082 7245
f 7082 7081 7245
f 7245 7081 7244
f 7081 7080 7244
f 7243 7080 7079
f 7244 7080 7243
f 7078 7243 7079
f 7242 7243 7078
f 7077 7242 7078
f 7241 7242 7077
f 7076 7241 7077
f 7075 7240 7076
f 7029 7191 7192
f 7190 7023 7027
f 7188 7023 7190
f 6976 6977 7144
f 6968 7145 7136
f 6976 7145 6968
f 6976 7144 7145
f 6969 7143 6971
f 7143 6969 7142
f 6969 6962 7142
f 7142 7135 7141
f 6962 7135 7142
f 7135 7140 7141
f 7134 7140 7135
f 7134 7139 7140
f 7133 7139 7134
f 7133 7138 7139
f 7132 7138 7133
f 7139 7146 7140
f 7132 7137 7138
f 7147 7140 7146
f 7141 7147 7142
f 7149 7154 7150
f 7149 7153 7154
f 7148 7153 7149
f 7148 7152 7153
f 7147 7152 7148
f 6977 6982 7151
f 7144 6977 7151
f 7145 7144 7151
f 6978 7150 6979
f 7150 7143 7149
f 6978 7143 7150
f 6978 6971 7143
f 7143 7148 7149
f 7142 7148 7143
f 7142 7147 7148
f 7147 7141 7140
f 7150 7154 7155
f 7131 7137 7132
f 7136 6958 6968
f 7127 6950 7126
f 6950 6949 7126
f 7126 7121 7125
f 6949 7121 7126
f 6949 6942 7121
f 7121 7124 7125
f 7119 7124 7121
f 7124 7119 7120
f 6939 6948 7123
f 7123 7117 6939
f 7122 7117 7123
f 7118 7117 7122
f 6940 7121 6942
f 7121 7116 7119
f 6940 7116 7121
f 6950 7127 6952
f 7137 7131 7130
f 7122 7123 7128
f 7123 6948 7129
f 7129 6958 7136
f 6961 7135 6962
f 7135 6961 7134
f 6961 6960 7134
f 7134 6960 7133
f 6960 6959 7133
f 7133 7127 7132
f 6959 7127 7133
f 6959 6952 7127
f 7127 7131 7132
f 7126 7131 7127
f 7126 7130 7131
f 7125 7130 7126
f 7130 7125 7124
f 6948 6958 7129
f 7123 7129 7128
f 6979 7150 7156
f 7156 7150 7155
f 6979 7156 6984
f 7178 7182 7181
f 7178 7181 7013
f 7178 7013 7177
f 7177 7013 7012
f 7180 7181 7182
f 7006 7010 7176
f 7010 7179 7176
f 7175 7007 7003
f 7177 7175 7174
f 7007 7175 7177
f 7177 7174 7178
f 7176 7002 7006
f 7173 7002 7176
f 7172 7003 6999
f 7175 7172 7171
f 7177 7012 7007
f 7003 7172 7175
f 7179 7010 7183
f 7180 7017 7016
f 7186 7025 7022
f 7186 7189 7026
f 7186 7026 7025
f 7019 7023 7185
f 7023 7188 7185
f 7184 7187 7017
f 7187 7021 7017
f 7021 7187 7186
f 7022 7021 7186
f 7014 7019 7183
f 7019 7185 7183
f 7181 7018 7013
f 7018 7181 7016
f 7181 7180 7016
f 7180 7184 7017
f 7183 7010 7014
f 7174 7175 7171
f 7173 6998 7002
f 7170 6998 7173
f 7159 7163 7164
f 7158 7163 7159
f 7162 6986 6990
f 7157 6986 7162
f 7156 6987 6984
f 7161 7156 7155
f 6987 7156 7161
f 7155 7160 7161
f 7154 7160 7155
f 7154 7159 7160
f 7153 7159 7154
f 7153 7158 7159
f 7152 7158 7153
f 7157 6982 6986
f 7151 6982 7157
f 7159 7164 7160
f 7160 7164 7165
f 6991 7161 7165
f 7165 7161 7160
f 7169 6999 6995
f 7172 7169 7167
f 6999 7169 7172
f 7171 7172 7167
f 7171 7167 7168
f 7170 6994 6998
f 7166 6994 7170
f 7119 7116 7115
f 7165 6995 6991
f 6995 7165 7169
f 7164 7167 7169
f 7163 7167 7164
f 7167 7163 7168
f 7166 6990 6994
f 7162 6990 7166
f 7161 6991 6987
f 7169 7165 7164
f 3923 3924 3934
f 4224 4223 4463
f 3697 3934 3706
f 1651 1431 1649
f 1431 1429 1649
f 1649 1429 1647
f 1429 1427 1647
f 1647 1427 1645
f 1427 1424 1645
f 1433 1431 1651
f 1645 1424 1643
f 1425 1643 1424
f 1664 1640 1425
f 1665 1640 1664
f 1665 1642 1640
f 1661 1662 1664
f 1662 1665 1664
f 1425 1640 1643
f 1653 1433 1651
f 1435 1433 1653
f 1655 1435 1653
f 1671 1661 1664
f 1445 1671 1664
f 1445 1664 1444
f 1668 1661 1671
f 1669 1661 1668
f 1669 1663 1661
f 1670 1669 1668
f 1421 1658 1441
f 1658 1666 1441
f 1666 1658 1667
f 1667 1658 1660
f 1657 1415 1439
f 1439 1437 1657
f 1657 1437 1655
f 1437 1435 1655
f 1663 1662 1661
f 1425 1444 1664
f 1638 1421 1412
f 1639 1658 1421
f 1648 1650 1649
f 1645 1646 1647
f 1646 1648 1647
f 1643 1644 1645
f 1644 1646 1645
f 1640 1641 1643
f 1647 1648 1649
f 1641 1644 1643
f 1404 1629 1412
f 1629 1638 1412
f 1638 1629 1639
f 1639 1629 1630
f 1402 1409 1628
f 1409 1406 1628
f 1642 1641 1640
f 1650 1652 1651
f 1649 1650 1651
f 1652 1654 1653
f 1639 1421 1638
f 1660 1658 1659
f 1407 1419 1636
f 1419 1417 1636
f 1636 1417 1634
f 1417 1414 1634
f 1634 1414 1631
f 1633 1415 1657
f 1633 1631 1415
f 1631 1414 1415
f 1655 1656 1657
f 1656 1633 1657
f 1653 1654 1655
f 1654 1656 1655
f 1651 1652 1653
f 1639 1659 1658
f 1628 1406 1626
f 1673 1674 1675
f 1674 1676 1675
f 1701 1703 1692
f 1702 1701 1692
f 1699 1701 1700
f 1700 1701 1702
f 1698 1699 1700
f 1464 1691 1458
f 1465 1693 1703
f 1691 1464 1696
f 1696 1697 1689
f 1697 1690 1689
f 1688 1461 1454
f 1461 1688 1460
f 1688 1687 1460
f 1460 1687 1459
f 1689 1691 1696
f 1703 1693 1692
f 1694 1693 1465
f 1467 1694 1465
f 1476 1699 1475
f 1699 1698 1475
f 1475 1709 1473
f 1698 1709 1475
f 1473 1709 1707
f 1473 1707 1706
f 1708 1706 1707
f 1464 1470 1696
f 1697 1471 1704
f 1697 1696 1471
f 1696 1470 1471
f 1705 1697 1704
f 1695 1468 1459
f 1468 1695 1467
f 1695 1694 1467
f 1687 1686 1459
f 1675 1676 1677
f 1695 1686 1684
f 1684 1694 1695
f 1683 1684 1685
f 1671 1445 1451
f 1682 1668 1671
f 1452 1682 1671
f 1452 1671 1451
f 1679 1668 1682
f 1685 1684 1672
f 1680 1668 1679
f 1681 1680 1679
f 1441 1666 1449
f 1666 1678 1449
f 1676 1678 1666
f 1677 1676 1666
f 1677 1666 1667
f 1680 1670 1668
f 1684 1686 1672
f 1672 1686 1673
f 1673 1686 1687
f 1683 1694 1684
f 1693 1694 1683
f 1452 1458 1682
f 1682 1458 1691
f 1679 1682 1691
f 1689 1679 1691
f 1681 1679 1689
f 1690 1681 1689
f 1678 1456 1449
f 1456 1678 1454
f 1678 1676 1454
f 1688 1676 1674
f 1454 1676 1688
f 1674 1687 1688
f 1673 1687 1674
f 1459 1686 1695
f 1701 1699 1476
f 1627 1626 1407
f 1636 1637 1407
f 1365 1584 1366
f 1583 1584 1365
f 1363 1583 1365
f 1582 1583 1363
f 1363 1364 1582
f 1572 1574 1581
f 1584 1585 1366
f 1580 1571 1581
f 1579 1570 1580
f 1570 1571 1580
f 1578 1569 1579
f 1569 1570 1579
f 1568 1569 1578
f 1562 1563 1577
f 1571 1572 1581
f 1366 1585 1367
f 1585 1586 1367
f 1367 1586 1368
f 1596 1597 1375
f 1373 1596 1375
f 1595 1596 1373
f 1373 1594 1595
f 1374 1594 1373
f 1592 1593 1374
f 1593 1594 1374
f 1589 1590 1592
f 1590 1593 1592
f 1591 1590 1589
f 1370 1588 1371
f 1587 1370 1369
f 1588 1370 1587
f 1368 1587 1369
f 1586 1587 1368
f 1576 1561 1577
f 1375 1597 1376
f 1561 1562 1577
f 1560 1561 1576
f 1549 1550 1565
f 1564 1548 1565
f 1548 1549 1565
f 1563 1346 1564
f 1346 1548 1564
f 1359 1346 1563
f 1556 1555 1566
f 1359 1563 1562
f 1359 1561 1358
f 1561 1560 1358
f 1358 1560 1357
f 1560 1559 1357
f 1357 1559 1355
f 1355 1559 1356
f 1562 1561 1359
f 1555 1557 1567
f 1566 1555 1567
f 1557 1558 1568
f 1573 1559 1575
f 1559 1560 1575
f 1362 1356 1559
f 1362 1559 1573
f 1362 1573 1572
f 1572 1573 1574
f 1572 1571 1362
f 1362 1571 1361
f 1571 1570 1361
f 1361 1570 1360
f 1570 1569 1351
f 1360 1570 1351
f 1569 1558 1351
f 1568 1558 1569
f 1567 1557 1568
f 1575 1560 1576
f 1626 1406 1407
f 1597 1598 1376
f 1598 1599 1377
f 1623 1624 1602
f 1602 1624 1603
f 1384 1622 1623
f 1384 1623 1602
f 1383 1622 1384
f 1621 1622 1383
f 1603 1624 1605
f 1382 1621 1383
f 1381 1620 1382
f 1619 1620 1381
f 1618 1619 1381
f 1601 1618 1381
f 1600 1618 1601
f 1374 1398 1592
f 1620 1621 1382
f 1607 1625 1399
f 1607 1399 1390
f 1399 1625 1400
f 1637 1627 1407
f 1634 1635 1636
f 1635 1637 1636
f 1631 1632 1634
f 1632 1635 1634
f 1633 1632 1631
f 1400 1629 1404
f 1625 1630 1400
f 1630 1629 1400
f 1402 1611 1393
f 1611 1402 1628
f 1608 1611 1628
f 1626 1608 1628
f 1610 1608 1626
f 1627 1610 1626
f 1398 1397 1592
f 1376 1598 1377
f 1592 1397 1589
f 1589 1397 1617
f 1387 1604 1582
f 1364 1387 1582
f 1386 1604 1387
f 1603 1604 1386
f 1603 1605 1604
f 1603 1386 1602
f 1588 1388 1371
f 1386 1385 1602
f 1380 1601 1381
f 1601 1380 1600
f 1380 1379 1600
f 1599 1379 1378
f 1600 1379 1599
f 1377 1599 1378
f 1385 1384 1602
f 1588 1606 1388
f 1607 1389 1606
f 1606 1389 1388
f 1589 1617 1591
f 1395 1617 1396
f 1616 1617 1395
f 1394 1616 1395
f 1615 1616 1394
f 1392 1615 1394
f 1614 1615 1392
f 1392 1613 1614
f 1393 1613 1392
f 1611 1612 1393
f 1612 1613 1393
f 1608 1609 1611
f 1609 1612 1611
f 1610 1609 1608
f 1389 1607 1390
f 1397 1396 1617
f 1351 1558 1350
f 1477 1701 1476
f 1478 1703 1477
f 1802 1803 1809
f 1801 1802 1808
f 1794 1795 1807
f 1806 1793 1807
f 1793 1794 1807
f 1581 1806 1805
f 1808 1802 1809
f 1574 1806 1581
f 1580 1581 1805
f 1804 1580 1805
f 1804 1803 1580
f 1580 1803 1579
f 1803 1802 1579
f 1579 1802 1578
f 1574 1793 1806
f 1803 1804 1810
f 1809 1803 1810
f 1804 1805 1810
f 1591 1820 1821
f 1817 1818 1820
f 1818 1821 1820
f 1819 1818 1817
f 1587 1816 1588
f 1815 1587 1586
f 1816 1587 1815
f 1585 1815 1586
f 1814 1815 1585
f 1584 1814 1585
f 1812 1814 1584
f 1583 1812 1584
f 1811 1812 1583
f 1811 1813 1812
f 1583 1582 1811
f 1801 1568 1578
f 1591 1821 1590
f 1801 1578 1802
f 1792 1568 1801
f 1789 1556 1566
f 1789 1566 1791
f 1791 1566 1790
f 1782 1783 1789
f 1775 1777 1788
f 1787 1774 1788
f 1789 1783 1556
f 1774 1775 1788
f 1550 1774 1787
f 1565 1786 1785
f 1550 1786 1565
f 1564 1565 1785
f 1784 1564 1785
f 1784 1563 1564
f 1786 1550 1787
f 1567 1790 1566
f 1792 1790 1567
f 1568 1792 1567
f 1799 1790 1800
f 1790 1792 1800
f 1791 1790 1799
f 1784 1785 1798
f 1797 1563 1798
f 1563 1784 1798
f 1577 1797 1796
f 1563 1797 1577
f 1576 1577 1796
f 1795 1576 1796
f 1575 1576 1795
f 1794 1575 1795
f 1794 1793 1575
f 1575 1793 1573
f 1573 1793 1574
f 1800 1792 1801
f 1554 1556 1783
f 1590 1821 1822
f 1590 1823 1593
f 1620 1619 1848
f 1848 1619 1847
f 1619 1618 1847
f 1847 1618 1846
f 1618 1600 1846
f 1845 1600 1829
f 1849 1620 1848
f 1845 1846 1600
f 1820 1591 1617
f 1617 1616 1820
f 1820 1616 1817
f 1616 1615 1844
f 1817 1616 1844
f 1817 1844 1819
f 1828 1845 1829
f 1621 1620 1849
f 1850 1621 1849
f 1622 1621 1850
f 1860 1862 1861
f 1858 1860 1857
f 1859 1858 1857
f 1607 1856 1625
f 1607 1835 1856
f 1831 1830 1854
f 1831 1854 1855
f 1830 1853 1854
f 1605 1853 1830
f 1605 1624 1853
f 1853 1624 1852
f 1624 1623 1852
f 1852 1623 1851
f 1623 1622 1851
f 1851 1622 1850
f 1614 1844 1615
f 1822 1823 1590
f 1843 1844 1614
f 1842 1843 1613
f 1604 1605 1830
f 1599 1829 1600
f 1829 1599 1828
f 1599 1598 1828
f 1827 1598 1597
f 1828 1598 1827
f 1582 1604 1830
f 1596 1827 1597
f 1595 1826 1596
f 1825 1826 1595
f 1594 1825 1595
f 1824 1825 1594
f 1593 1824 1594
f 1823 1824 1593
f 1826 1827 1596
f 1831 1582 1830
f 1582 1831 1832
f 1582 1832 1811
f 1612 1842 1613
f 1841 1842 1612
f 1609 1841 1612
f 1840 1841 1609
f 1609 1839 1840
f 1610 1839 1609
f 1836 1837 1610
f 1837 1839 1610
f 1838 1837 1836
f 1607 1606 1835
f 1606 1834 1835
f 1588 1834 1606
f 1833 1834 1588
f 1816 1833 1588
f 1811 1832 1813
f 1613 1843 1614
f 1703 1701 1477
f 1782 1553 1554
f 1781 1553 1782
f 1735 1501 1496
f 1499 1501 1735
f 1733 1499 1735
f 1499 1733 1500
f 1500 1733 1734
f 1494 1498 1728
f 1730 1735 1496
f 1731 1728 1498
f 1732 1729 1731
f 1725 1496 1490
f 1725 1730 1496
f 1728 1722 1488
f 1494 1728 1488
f 1728 1729 1722
f 1729 1728 1731
f 1737 1732 1736
f 1732 1731 1736
f 1736 1731 1738
f 1511 1512 1745
f 1503 1509 1738
f 1738 1509 1744
f 1738 1744 1742
f 1736 1738 1742
f 1742 1743 1736
f 1743 1737 1736
f 1734 1740 1500
f 1740 1507 1500
f 1505 1507 1740
f 1739 1505 1740
f 1739 1740 1741
f 1505 1739 1506
f 1738 1731 1498
f 1503 1738 1498
f 1729 1724 1722
f 1506 1739 1746
f 1718 1492 1485
f 1718 1727 1492
f 1716 1717 1710
f 1717 1712 1710
f 1706 1481 1473
f 1708 1714 1713
f 1708 1713 1482
f 1708 1482 1706
f 1484 1716 1480
f 1706 1482 1481
f 1471 1480 1704
f 1710 1704 1480
f 1711 1704 1710
f 1711 1705 1704
f 1712 1711 1710
f 1703 1478 1465
f 1715 1713 1714
f 1716 1710 1480
f 1720 1718 1719
f 1485 1719 1718
f 1718 1720 1727
f 1489 1491 1727
f 1726 1489 1727
f 1489 1726 1725
f 1490 1489 1725
f 1484 1488 1716
f 1722 1716 1488
f 1723 1716 1722
f 1723 1717 1716
f 1724 1723 1722
f 1713 1486 1482
f 1486 1721 1485
f 1713 1721 1486
f 1713 1715 1721
f 1485 1721 1719
f 1492 1727 1491
f 1782 1554 1783
f 1506 1746 1512
f 1739 1741 1746
f 1771 1544 1773
f 1773 1544 1772
f 1770 1762 1771
f 1762 1764 1771
f 1763 1762 1770
f 1760 1761 1769
f 1771 1537 1544
f 1768 1759 1769
f 1759 1767 1534
f 1768 1767 1759
f 1534 1767 1766
f 1534 1766 1543
f 1766 1765 1543
f 1543 1765 1542
f 1759 1760 1769
f 1771 1764 1537
f 1544 1546 1772
f 1774 1550 1551
f 1772 1553 1781
f 1772 1546 1553
f 1773 1772 1781
f 1767 1768 1780
f 1779 1766 1780
f 1766 1767 1780
f 1778 1765 1779
f 1765 1766 1779
f 1776 1541 1778
f 1541 1765 1778
f 1552 1541 1776
f 1552 1776 1775
f 1775 1776 1777
f 1775 1774 1552
f 1552 1774 1551
f 1765 1541 1542
f 1512 1746 1745
f 1535 1537 1764
f 1535 1764 1530
f 1753 1525 1526
f 1521 1747 1514
f 1521 1752 1747
f 1752 1748 1747
f 1511 1745 1750
f 1519 1511 1750
f 1527 1753 1526
f 1519 1750 1749
f 1749 1518 1519
f 1509 1514 1744
f 1744 1514 1747
f 1742 1744 1747
f 1747 1748 1742
f 1748 1743 1742
f 1749 1750 1751
f 1754 1753 1527
f 1754 1527 1755
f 1527 1528 1755
f 1762 1763 1530
f 1763 1758 1530
f 1754 1755 1761
f 1754 1760 1753
f 1761 1760 1754
f 1753 1760 1759
f 1525 1753 1759
f 1525 1759 1534
f 1530 1758 1521
f 1758 1752 1521
f 1749 1751 1757
f 1756 1518 1757
f 1518 1749 1757
f 1528 1756 1755
f 1518 1756 1528
f 1764 1762 1530
f 1558 1557 1350
f 1350 1557 1349
f 1557 1555 1349
f 1360 1352 1361
f 1352 1353 1361
f 1351 1352 1360
f 1345 1346 1359
f 1358 1344 1359
f 1344 1345 1359
f 1353 1354 1362
f 1357 1343 1358
f 1355 1342 1357
f 1342 1343 1357
f 1125 1121 1342
f 1125 1342 1355
f 1125 1355 1354
f 1354 1355 1356
f 1343 1344 1358
f 1361 1353 1362
f 1354 1356 1362
f 1128 1364 1363
f 1374 1373 1372
f 1370 1371 1139
f 1370 1138 1369
f 1139 1138 1370
f 1136 1369 1138
f 1368 1369 1136
f 1134 1368 1136
f 1367 1368 1134
f 1132 1367 1134
f 1366 1367 1132
f 1130 1366 1132
f 1365 1366 1130
f 1127 1365 1130
f 1363 1365 1127
f 1127 1128 1363
f 1354 1353 1125
f 1373 1375 1142
f 1125 1353 1124
f 1124 1353 1117
f 1343 1342 1122
f 1122 1342 1120
f 1120 1342 1121
f 1117 1341 1116
f 1341 1340 1116
f 1116 1340 1115
f 1123 1343 1122
f 1340 1339 1115
f 1339 1337 1106
f 1114 1339 1106
f 1337 1328 1106
f 1338 1328 1337
f 1338 1336 1328
f 1327 1328 1336
f 1115 1339 1114
f 1344 1343 1123
f 1112 1344 1123
f 1112 1329 1344
f 1352 1341 1117
f 1351 1341 1352
f 1350 1340 1351
f 1340 1341 1351
f 1349 1339 1350
f 1339 1340 1350
f 1348 1337 1349
f 1337 1339 1349
f 1338 1337 1348
f 1331 1332 1347
f 1346 1330 1347
f 1330 1331 1347
f 1330 1345 1329
f 1346 1345 1330
f 1329 1345 1344
f 1353 1352 1117
f 1325 1326 1335
f 1372 1373 1142
f 1141 1375 1376
f 1165 1400 1166
f 1399 1165 1164
f 1400 1165 1399
f 1399 1164 1390
f 1390 1164 1157
f 1142 1163 1372
f 1402 1393 1401
f 1163 1162 1374
f 1161 1374 1162
f 1398 1374 1161
f 1159 1398 1161
f 1397 1398 1159
f 1159 1396 1397
f 1160 1396 1159
f 1372 1163 1374
f 1393 1391 1401
f 1401 1391 1169
f 1169 1391 1168
f 1403 1411 1177
f 1411 1403 1412
f 1412 1403 1404
f 1169 1175 1401
f 1402 1176 1410
f 1402 1401 1176
f 1401 1175 1176
f 1408 1409 1410
f 1409 1402 1410
f 1405 1406 1408
f 1406 1409 1408
f 1407 1406 1405
f 1166 1403 1173
f 1400 1404 1166
f 1404 1403 1166
f 1171 1395 1160
f 1142 1375 1141
f 1395 1396 1160
f 1394 1395 1171
f 1383 1150 1382
f 1150 1149 1382
f 1382 1149 1381
f 1149 1148 1381
f 1380 1148 1147
f 1381 1148 1380
f 1151 1150 1383
f 1146 1380 1147
f 1145 1379 1146
f 1378 1379 1145
f 1144 1378 1145
f 1377 1378 1144
f 1141 1377 1144
f 1376 1377 1141
f 1379 1380 1146
f 1384 1151 1383
f 1384 1385 1151
f 1151 1385 1152
f 1391 1392 1168
f 1392 1394 1168
f 1393 1392 1391
f 1157 1156 1390
f 1156 1389 1390
f 1155 1389 1156
f 1388 1389 1155
f 1388 1155 1139
f 1371 1388 1139
f 1364 1128 1387
f 1387 1128 1154
f 1153 1387 1154
f 1386 1387 1153
f 1152 1386 1153
f 1385 1386 1152
f 1168 1394 1171
f 1173 1403 1177
f 1334 1324 1335
f 1333 1323 1334
f 1064 1280 1058
f 1280 1064 1285
f 1277 1280 1285
f 1285 1286 1277
f 1286 1279 1277
f 1276 1284 1057
f 1070 1071 1287
f 1284 1062 1057
f 1282 1061 1284
f 1060 1061 1282
f 1281 1060 1282
f 1281 1282 1283
f 1281 1059 1060
f 1056 1058 1275
f 1061 1062 1284
f 1059 1288 1071
f 1071 1288 1287
f 1059 1281 1289
f 1297 1296 1081
f 1081 1296 1080
f 1296 1295 1080
f 1080 1295 1079
f 1295 1294 1079
f 1079 1294 1078
f 1294 1077 1078
f 1293 1285 1064
f 1073 1293 1064
f 1290 1285 1293
f 1291 1285 1290
f 1291 1286 1285
f 1292 1291 1290
f 1281 1283 1289
f 1288 1059 1289
f 1275 1058 1280
f 1297 1298 1299
f 1273 1275 1280
f 1278 1273 1277
f 1268 1261 1263
f 1049 1268 1263
f 1049 1263 1048
f 1266 1261 1268
f 1262 1261 1266
f 1267 1262 1266
f 1263 1043 1048
f 1258 1046 1038
f 1258 1264 1046
f 1044 1264 1045
f 1045 1264 1265
f 1263 1256 1036
f 1043 1263 1036
f 1261 1256 1263
f 1046 1264 1044
f 1269 1051 1270
f 1051 1052 1270
f 1270 1052 1271
f 1278 1274 1273
f 1279 1278 1277
f 1269 1276 1051
f 1276 1057 1051
f 1049 1056 1268
f 1268 1056 1275
f 1268 1275 1273
f 1266 1268 1273
f 1273 1274 1266
f 1274 1267 1266
f 1265 1272 1045
f 1272 1054 1045
f 1053 1054 1272
f 1271 1053 1272
f 1052 1053 1271
f 1277 1273 1280
f 1324 1325 1335
f 1297 1081 1298
f 1070 1300 1082
f 1313 1314 1324
f 1313 1324 1323
f 1097 1313 1323
f 1097 1323 1322
f 1096 1097 1322
f 1096 1322 1321
f 1314 1325 1324
f 1095 1096 1321
f 1100 1319 1311
f 1100 1311 1092
f 1319 1320 1311
f 1320 1312 1311
f 1305 1306 1318
f 1317 1304 1318
f 1105 1095 1321
f 1326 1325 1315
f 1315 1325 1314
f 1315 1316 1326
f 1323 1324 1334
f 1332 1322 1333
f 1322 1323 1333
f 1322 1331 1321
f 1332 1331 1322
f 1321 1331 1330
f 1105 1321 1330
f 1105 1330 1113
f 1330 1329 1113
f 1113 1329 1111
f 1111 1329 1112
f 1106 1328 1100
f 1328 1319 1100
f 1327 1319 1328
f 1320 1319 1327
f 1304 1305 1318
f 1081 1082 1298
f 1316 1303 1317
f 1303 1315 1087
f 1090 1077 1306
f 1090 1306 1305
f 1305 1304 1090
f 1090 1304 1089
f 1304 1303 1089
f 1089 1303 1088
f 1077 1294 1307
f 1303 1087 1088
f 1293 1084 1301
f 1290 1293 1301
f 1301 1302 1290
f 1302 1292 1290
f 1070 1287 1300
f 1082 1300 1298
f 1073 1084 1293
f 1306 1077 1307
f 1294 1295 1308
f 1307 1294 1308
f 1316 1315 1303
f 1087 1315 1314
f 1087 1314 1099
f 1314 1313 1099
f 1099 1313 1098
f 1313 1097 1098
f 1311 1301 1084
f 1092 1311 1084
f 1311 1312 1301
f 1312 1302 1301
f 1297 1299 1310
f 1309 1296 1310
f 1296 1297 1310
f 1308 1295 1309
f 1295 1296 1309
f 1303 1304 1317
f 1415 1414 1413
f 1414 1417 1416
f 1413 1414 1416
f 1504 1286 1291
f 1508 1502 1504
f 1292 1508 1504
f 1292 1504 1291
f 1508 1509 1502
f 1509 1503 1502
f 1298 1510 1299
f 1500 1507 1283
f 1288 1289 1507
f 1505 1288 1507
f 1287 1288 1505
f 1287 1505 1506
f 1279 1286 1497
f 1497 1286 1504
f 1507 1289 1283
f 1510 1298 1511
f 1298 1300 1511
f 1287 1512 1300
f 1299 1519 1310
f 1299 1510 1519
f 1309 1310 1518
f 1517 1309 1518
f 1517 1516 1309
f 1309 1516 1308
f 1516 1515 1308
f 1308 1515 1307
f 1515 1306 1307
f 1292 1302 1508
f 1508 1302 1513
f 1513 1514 1508
f 1514 1509 1508
f 1287 1506 1512
f 1300 1512 1511
f 1502 1497 1504
f 1310 1519 1518
f 1498 1497 1502
f 1496 1501 1276
f 1272 1492 1271
f 1485 1492 1272
f 1270 1271 1492
f 1491 1270 1492
f 1269 1270 1491
f 1489 1269 1491
f 1485 1272 1265
f 1269 1489 1490
f 1267 1487 1262
f 1487 1488 1483
f 1488 1484 1483
f 1482 1486 1258
f 1486 1264 1258
f 1264 1486 1485
f 1487 1483 1262
f 1494 1488 1493
f 1488 1487 1493
f 1493 1487 1495
f 1501 1284 1276
f 1282 1284 1501
f 1499 1282 1501
f 1282 1499 1283
f 1283 1499 1500
f 1495 1274 1278
f 1497 1493 1495
f 1279 1497 1495
f 1279 1495 1278
f 1497 1498 1493
f 1498 1494 1493
f 1490 1496 1269
f 1496 1276 1269
f 1267 1274 1487
f 1487 1274 1495
f 1503 1498 1502
f 1265 1264 1485
f 1510 1511 1519
f 1514 1513 1520
f 1547 1545 1327
f 1336 1547 1327
f 1545 1536 1327
f 1546 1536 1545
f 1546 1544 1536
f 1537 1536 1544
f 1336 1338 1547
f 1533 1534 1543
f 1532 1533 1543
f 1541 1326 1542
f 1326 1532 1542
f 1335 1326 1541
f 1335 1541 1540
f 1540 1539 1335
f 1542 1532 1543
f 1548 1346 1347
f 1332 1548 1347
f 1332 1549 1548
f 1349 1555 1348
f 1554 1547 1338
f 1554 1338 1348
f 1554 1348 1556
f 1556 1348 1555
f 1553 1545 1554
f 1545 1547 1554
f 1546 1545 1553
f 1540 1541 1552
f 1551 1539 1552
f 1539 1540 1552
f 1550 1538 1551
f 1538 1539 1551
f 1538 1549 1332
f 1550 1549 1538
f 1335 1539 1334
f 1521 1514 1520
f 1539 1538 1334
f 1538 1332 1333
f 1527 1516 1528
f 1516 1517 1528
f 1526 1515 1527
f 1515 1516 1527
f 1525 1306 1526
f 1306 1515 1526
f 1517 1518 1528
f 1318 1306 1525
f 1524 1523 1318
f 1318 1523 1317
f 1523 1316 1317
f 1302 1312 1513
f 1513 1312 1522
f 1520 1513 1522
f 1318 1525 1524
f 1530 1521 1520
f 1529 1530 1520
f 1520 1522 1529
f 1327 1536 1531
f 1327 1531 1320
f 1536 1529 1531
f 1537 1529 1536
f 1537 1535 1529
f 1530 1529 1535
f 1524 1525 1534
f 1524 1533 1523
f 1534 1533 1524
f 1523 1533 1532
f 1316 1523 1532
f 1316 1532 1326
f 1312 1320 1522
f 1522 1320 1531
f 1522 1531 1529
f 1334 1538 1333
f 1262 1479 1257
f 1483 1479 1262
f 1480 1479 1483
f 1423 1426 1447
f 1446 1423 1447
f 1425 1423 1446
f 1443 1444 1446
f 1444 1425 1446
f 1445 1444 1443
f 1426 1197 1447
f 1186 1422 1194
f 1422 1441 1442
f 1421 1441 1422
f 1420 1180 1191
f 1191 1188 1420
f 1420 1188 1418
f 1189 1416 1418
f 1422 1442 1194
f 1197 1428 1196
f 1197 1426 1428
f 1196 1428 1198
f 1208 1442 1448
f 1208 1207 1442
f 1448 1441 1449
f 1189 1203 1440
f 1203 1200 1440
f 1440 1200 1438
f 1201 1436 1438
f 1201 1438 1200
f 1436 1201 1218
f 1434 1436 1218
f 1434 1218 1216
f 1432 1434 1216
f 1432 1216 1198
f 1430 1432 1198
f 1428 1430 1198
f 1189 1418 1188
f 1448 1442 1441
f 1416 1189 1440
f 1438 1413 1440
f 1421 1422 1411
f 1421 1411 1412
f 1410 1176 1184
f 1184 1182 1410
f 1410 1182 1408
f 1182 1179 1408
f 1411 1422 1186
f 1408 1179 1405
f 1407 1405 1180
f 1405 1179 1180
f 1418 1419 1420
f 1419 1407 1420
f 1416 1417 1418
f 1417 1419 1418
f 1407 1180 1420
f 1177 1411 1186
f 1425 1424 1423
f 1424 1427 1426
f 1439 1413 1438
f 1439 1415 1413
f 1436 1437 1438
f 1437 1439 1438
f 1434 1435 1436
f 1435 1437 1436
f 1432 1433 1434
f 1433 1435 1434
f 1430 1431 1432
f 1431 1433 1432
f 1428 1429 1430
f 1429 1431 1430
f 1426 1427 1428
f 1427 1429 1428
f 1423 1424 1426
f 1413 1416 1440
f 1442 1207 1194
f 1452 1451 1450
f 1451 1445 1443
f 1250 1252 1477
f 1476 1250 1477
f 1250 1476 1475
f 1250 1475 1474
f 1473 1474 1475
f 1463 1236 1247
f 1477 1252 1478
f 1464 1248 1472
f 1463 1247 1248
f 1469 1470 1472
f 1470 1464 1472
f 1471 1470 1469
f 1462 1245 1233
f 1245 1462 1244
f 1464 1463 1248
f 1252 1253 1478
f 1465 1478 1254
f 1254 1478 1253
f 1484 1480 1483
f 1474 1260 1250
f 1260 1474 1259
f 1474 1473 1259
f 1259 1481 1258
f 1473 1481 1259
f 1258 1481 1482
f 1248 1257 1472
f 1472 1257 1479
f 1469 1472 1479
f 1479 1480 1469
f 1480 1471 1469
f 1466 1255 1241
f 1255 1466 1254
f 1466 1465 1254
f 1462 1461 1244
f 1244 1461 1243
f 1461 1460 1243
f 1243 1460 1242
f 1457 1458 1450
f 1458 1452 1450
f 1448 1223 1208
f 1449 1456 1455
f 1449 1455 1224
f 1449 1224 1448
f 1448 1224 1223
f 1454 1455 1456
f 1197 1210 1447
f 1211 1446 1447
f 1211 1447 1210
f 1446 1211 1453
f 1443 1446 1453
f 1450 1443 1453
f 1451 1443 1450
f 1450 1453 1457
f 1862 1864 1863
f 1453 1226 1457
f 1461 1462 1454
f 1460 1459 1242
f 1242 1468 1240
f 1459 1468 1242
f 1240 1468 1467
f 1241 1240 1467
f 1241 1467 1466
f 1465 1466 1467
f 1226 1235 1457
f 1458 1236 1463
f 1458 1457 1236
f 1457 1235 1236
f 1464 1458 1463
f 1455 1233 1224
f 1462 1455 1454
f 1233 1455 1462
f 1226 1453 1211
f 1257 1256 1261
f 1861 1862 1863
f 1863 1864 1865
f 2012 2248 2023
f 2012 2241 2248
f 2022 2023 2247
f 2246 2022 2247
f 2246 2021 2022
f 2008 2015 2245
f 2023 2248 2247
f 2240 2008 2245
f 2243 2007 2244
f 2007 2238 2244
f 2013 2007 2243
f 2013 2243 2242
f 2242 2241 2013
f 2013 2241 2011
f 2238 2239 2244
f 2241 2242 2249
f 2248 2241 2249
f 2242 2243 2249
f 2021 2257 2035
f 2034 2035 2256
f 2255 2034 2256
f 2033 2034 2255
f 2254 2033 2255
f 2254 2253 2033
f 2033 2253 2032
f 2253 2252 2032
f 2032 2252 2030
f 2030 2252 2031
f 2025 2027 2251
f 2250 2024 2025
f 2250 2025 2251
f 2250 2245 2024
f 2245 2015 2024
f 2011 2241 2012
f 2035 2257 2256
f 2004 2240 2237
f 2235 2236 2239
f 1996 2230 1997
f 1990 1994 2223
f 2223 1994 2228
f 2228 2229 2223
f 2229 2224 2223
f 2220 2222 2226
f 2230 2231 2232
f 1991 1988 2220
f 1991 2226 2225
f 2225 2226 2227
f 1991 2225 1992
f 2219 1986 1990
f 2219 1990 2223
f 2224 2219 2223
f 1991 2220 2226
f 1996 2231 2230
f 1996 2225 2231
f 1996 1992 2225
f 2235 2238 2002
f 2239 2238 2235
f 2002 2238 2007
f 1999 2004 2237
f 2233 1999 2237
f 2234 2233 2237
f 2230 2232 2235
f 2232 2236 2235
f 2230 2235 2002
f 1997 2230 2002
f 1994 1999 2228
f 2228 1999 2233
f 2233 2234 2228
f 2234 2229 2228
f 2225 2227 2231
f 2008 2240 2004
f 1982 2218 2221
f 2021 2246 2258
f 2246 2247 2258
f 2282 2064 2283
f 2062 2063 2282
f 2281 2062 2282
f 2280 2062 2281
f 2056 2062 2280
f 2277 2056 2280
f 2282 2063 2064
f 2272 2274 2279
f 2279 2278 2272
f 2053 2278 2061
f 2277 2270 2049
f 2277 2049 2056
f 2271 2270 2277
f 2263 2264 2276
f 2272 2278 2053
f 2065 2283 2064
f 2284 2283 2065
f 2066 2284 2065
f 2291 2284 2292
f 2284 2285 2292
f 2290 2283 2291
f 2283 2284 2291
f 2282 2283 2290
f 2278 2279 2289
f 2288 2061 2289
f 2061 2278 2289
f 2068 2061 2288
f 2068 2288 2287
f 2287 2286 2068
f 2068 2286 2067
f 2286 2285 2067
f 2067 2285 2066
f 2285 2284 2066
f 2275 2262 2276
f 2257 2021 2258
f 2262 2263 2276
f 2043 2275 2055
f 2045 2046 2265
f 2264 2045 2265
f 2044 2045 2264
f 2263 2044 2264
f 2263 2262 2044
f 2044 2262 2042
f 2031 2252 2266
f 2042 2262 2043
f 2260 2036 2037
f 2260 2037 2261
f 2259 2036 2260
f 2251 2036 2259
f 2251 2027 2036
f 2250 2251 2259
f 2037 2039 2261
f 2031 2266 2046
f 2046 2266 2265
f 2252 2253 2267
f 2043 2262 2275
f 2054 2055 2273
f 2272 2054 2273
f 2272 2273 2274
f 2272 2053 2054
f 2047 2049 2270
f 2269 2261 2039
f 2269 2039 2047
f 2269 2047 2271
f 2271 2047 2270
f 2260 2261 2269
f 2254 2255 2268
f 2267 2253 2268
f 2253 2254 2268
f 2266 2252 2267
f 2055 2275 2273
f 2285 2286 2293
f 1987 1982 2221
f 2220 2221 2222
f 1919 2172 1917
f 2172 2171 1917
f 1917 2171 1915
f 2171 2170 1915
f 1915 2170 1913
f 2170 2169 1913
f 2173 2172 1919
f 1913 2169 1911
f 2182 2168 2167
f 1911 2168 2182
f 2167 2181 2182
f 2166 2181 2167
f 2166 2180 2181
f 2165 2180 2166
f 2169 2168 1911
f 1921 2173 1919
f 2173 1921 1907
f 2184 2175 2183
f 1933 2182 1931
f 2182 2181 1931
f 1931 2181 1929
f 2181 2180 1929
f 1929 2180 1927
f 2180 2179 1927
f 2186 2179 2178
f 1927 2179 2186
f 2178 2185 2186
f 2176 2185 2178
f 2185 2176 2177
f 1910 1924 2174
f 2175 1925 2183
f 2175 2174 1925
f 2174 1924 1925
f 2165 2179 2180
f 2182 1933 1911
f 2164 2179 2165
f 2163 2178 2164
f 2151 2170 2152
f 2151 2169 2170
f 2150 2169 2151
f 2150 2168 2169
f 2149 2168 2150
f 2149 2167 2168
f 2152 2170 2171
f 2148 2167 2149
f 2147 2166 2148
f 2147 2165 2166
f 2146 2165 2147
f 2146 2164 2165
f 2145 2164 2146
f 2145 2163 2164
f 2148 2166 2167
f 2152 2171 2153
f 2153 2171 2172
f 2153 2172 2154
f 2163 2176 2178
f 2162 2176 2163
f 2176 2162 2161
f 2177 2176 2161
f 2159 1903 1909
f 1910 2156 2159
f 1910 2159 1909
f 2174 2156 1910
f 2158 2156 2174
f 2175 2158 2174
f 2155 1906 1900
f 2173 2155 2154
f 1907 2155 2173
f 1907 1906 2155
f 2154 2172 2173
f 2164 2178 2179
f 1987 2221 2220
f 2188 2184 2187
f 2184 2183 1939
f 2207 2211 1977
f 2207 2209 2211
f 1975 2211 1976
f 1976 2211 2212
f 1974 2205 1969
f 1974 2210 2205
f 1977 2211 1975
f 2210 2206 2205
f 2202 2208 2207
f 2202 2207 1972
f 2202 1972 1971
f 2209 2207 2208
f 1964 1969 2199
f 2205 2199 1969
f 2202 1971 1965
f 2207 1977 1972
f 2214 2210 2213
f 2210 1974 1979
f 1987 2220 1988
f 2216 1981 1985
f 2217 1986 2219
f 2216 1986 2217
f 2216 1985 1986
f 2215 2218 1980
f 2218 1983 1980
f 1982 1983 2218
f 1979 1981 2213
f 2213 1981 2216
f 2216 2217 2213
f 2217 2214 2213
f 2215 1980 1976
f 2212 2215 1976
f 2210 1979 2213
f 2201 2199 2205
f 2183 1938 1939
f 2206 2201 2205
f 2204 1967 1962
f 1940 2189 1949
f 2189 2193 1949
f 2193 2189 2194
f 2194 2189 2190
f 1939 1947 2187
f 2187 1947 2191
f 2191 1954 1955
f 2191 2192 2187
f 2186 1940 1927
f 2189 2186 2185
f 1940 2186 2189
f 2189 2185 2190
f 2183 1925 1938
f 2184 1939 2187
f 2192 2188 2187
f 2191 1955 2192
f 2192 1955 2195
f 2191 1947 1954
f 1965 1967 2204
f 2203 1965 2204
f 1965 2203 2202
f 2197 2199 2200
f 2197 1964 2199
f 2197 1959 1964
f 2201 2200 2199
f 2196 1961 1956
f 2196 2198 1962
f 2196 1962 1961
f 2195 1955 1959
f 2197 2195 1959
f 2193 1956 1949
f 2194 2196 1956
f 2194 1956 2193
f 2198 2204 1962
f 2144 2163 2145
f 2292 2285 2293
f 2293 2286 2294
f 2394 2248 2395
f 2247 2248 2394
f 2240 2393 2390
f 2245 2393 2240
f 2239 2389 2392
f 2244 2392 2391
f 2248 2249 2395
f 2239 2392 2244
f 2237 2240 2390
f 2388 2237 2390
f 2389 2236 2387
f 2239 2236 2389
f 2234 2388 2386
f 2237 2388 2234
f 2243 2244 2391
f 2243 2396 2249
f 2249 2396 2395
f 2393 2245 2397
f 2405 2266 2406
f 2265 2266 2405
f 2404 2265 2405
f 2264 2265 2404
f 2403 2259 2260
f 2402 2259 2403
f 2250 2259 2402
f 2398 2250 2402
f 2258 2401 2400
f 2247 2401 2258
f 2257 2258 2400
f 2399 2257 2400
f 2256 2257 2399
f 2397 2245 2250
f 2397 2250 2398
f 2387 2236 2232
f 2266 2267 2406
f 2385 2387 2232
f 2384 2229 2386
f 2376 2214 2217
f 2374 2214 2376
f 2375 2215 2212
f 2373 2375 2212
f 2371 2214 2374
f 2210 2214 2371
f 2377 2218 2215
f 2369 2372 2209
f 2211 2372 2212
f 2212 2372 2373
f 2367 2206 2210
f 2370 2367 2210
f 2371 2370 2210
f 2365 2368 2202
f 2372 2211 2209
f 2375 2377 2215
f 2378 2376 2219
f 2376 2217 2219
f 2383 2385 2227
f 2385 2231 2227
f 2231 2385 2232
f 2384 2224 2229
f 2381 2224 2384
f 2380 2382 2222
f 2382 2226 2222
f 2226 2382 2227
f 2227 2382 2383
f 2378 2224 2381
f 2219 2224 2378
f 2377 2379 2218
f 2379 2221 2218
f 2221 2379 2222
f 2222 2379 2380
f 2386 2229 2234
f 2368 2208 2202
f 2406 2267 2407
f 2255 2408 2268
f 2438 2439 2316
f 2435 2436 2437
f 2436 2438 2437
f 2433 2434 2435
f 2434 2436 2435
f 2430 2431 2433
f 2437 2438 2316
f 2431 2434 2433
f 2294 2429 2428
f 2288 2429 2294
f 2293 2294 2428
f 2427 2293 2428
f 2292 2293 2427
f 2426 2292 2427
f 2432 2431 2430
f 2439 2440 2317
f 2316 2439 2317
f 2440 2441 2318
f 2295 2450 2451
f 2296 2450 2295
f 2448 2449 2296
f 2449 2450 2296
f 2446 2447 2448
f 2447 2449 2448
f 2444 2445 2446
f 2445 2447 2446
f 2320 2443 2444
f 2443 2445 2444
f 2319 2442 2320
f 2442 2443 2320
f 2318 2441 2319
f 2441 2442 2319
f 2317 2440 2318
f 2291 2292 2426
f 2267 2268 2407
f 2425 2291 2426
f 2424 2290 2425
f 2264 2415 2276
f 2275 2276 2414
f 2413 2275 2414
f 2273 2275 2413
f 2412 2273 2413
f 2273 2412 2274
f 2276 2415 2414
f 2271 2411 2269
f 2260 2269 2410
f 2403 2260 2410
f 2256 2399 2409
f 2408 2255 2409
f 2255 2256 2409
f 2268 2408 2407
f 2410 2269 2411
f 2264 2404 2415
f 2277 2416 2271
f 2271 2416 2411
f 2423 2290 2424
f 2282 2290 2423
f 2420 2282 2423
f 2279 2417 2422
f 2289 2422 2421
f 2279 2422 2289
f 2288 2289 2421
f 2420 2281 2282
f 2280 2281 2420
f 2419 2280 2420
f 2418 2280 2419
f 2277 2280 2418
f 2416 2277 2418
f 2417 2274 2412
f 2279 2274 2417
f 2290 2291 2425
f 2286 2287 2294
f 2208 2368 2209
f 2363 2206 2367
f 2108 2322 2109
f 2321 2322 2108
f 2107 2321 2108
f 2320 2321 2107
f 2106 2320 2107
f 2319 2320 2106
f 2322 2323 2109
f 2105 2319 2106
f 2104 2318 2105
f 2317 2318 2104
f 2102 2317 2104
f 2316 2317 2102
f 2101 2316 2102
f 2315 2316 2101
f 2318 2319 2105
f 2109 2323 2110
f 2323 2296 2110
f 2110 2296 2111
f 2115 2330 2117
f 2329 2115 2114
f 2330 2115 2329
f 2113 2329 2114
f 2328 2329 2113
f 2112 2328 2113
f 2327 2328 2112
f 2084 2327 2112
f 2326 2327 2084
f 2304 2326 2084
f 2080 2325 2301
f 2078 2325 2080
f 2324 2325 2078
f 2324 2078 2300
f 2074 2111 2296
f 2098 2315 2101
f 2305 2090 2120
f 2314 2315 2098
f 2099 2313 2098
f 2303 2082 2302
f 2079 2302 2081
f 2301 2302 2079
f 2079 2080 2301
f 2078 2077 2300
f 2077 2299 2300
f 2302 2082 2081
f 2076 2299 2077
f 2073 2298 2076
f 2297 2298 2073
f 2073 2295 2297
f 2074 2295 2073
f 2296 2295 2074
f 2287 2288 2294
f 2298 2299 2076
f 2083 2082 2303
f 2304 2083 2303
f 2083 2304 2084
f 2126 2312 2099
f 2312 2313 2099
f 2123 2310 2126
f 2310 2312 2126
f 2311 2310 2123
f 2094 2309 2096
f 2308 2094 2093
f 2309 2094 2308
f 2092 2308 2093
f 2307 2308 2092
f 2091 2307 2092
f 2306 2307 2091
f 2306 2091 2305
f 2091 2089 2305
f 2089 2090 2305
f 2098 2313 2314
f 2209 2368 2369
f 2306 2305 2120
f 2309 2332 2096
f 2357 2194 2355
f 2356 2188 2192
f 2354 2188 2356
f 2355 2190 2185
f 2353 2355 2185
f 2352 2188 2354
f 2355 2194 2190
f 2184 2188 2352
f 2350 2353 2177
f 2349 2184 2351
f 2349 2175 2184
f 2352 2351 2184
f 2161 2350 2177
f 2347 2350 2161
f 2177 2353 2185
f 2358 2356 2195
f 2356 2192 2195
f 2357 2359 2196
f 2201 2206 2363
f 2361 2204 2198
f 2204 2366 2203
f 2361 2366 2204
f 2202 2203 2366
f 2364 2202 2366
f 2202 2364 2365
f 2360 2197 2200
f 2200 2362 2360
f 2201 2362 2200
f 2363 2362 2201
f 2359 2198 2196
f 2361 2198 2359
f 2358 2197 2360
f 2195 2197 2358
f 2345 2175 2348
f 2306 2120 2331
f 2345 2158 2175
f 2160 2347 2161
f 2339 2340 2128
f 2339 2128 2334
f 2333 2124 2136
f 2136 2337 2333
f 2137 2337 2136
f 2332 2133 2121
f 2128 2340 2138
f 2336 2133 2332
f 2335 2331 2132
f 2117 2334 2128
f 2330 2334 2117
f 2311 2124 2333
f 2123 2124 2311
f 2096 2332 2121
f 2132 2331 2120
f 2341 2139 2340
f 2340 2139 2138
f 2139 2341 2140
f 2346 2160 2140
f 2347 2160 2346
f 2341 2346 2140
f 2137 2157 2338
f 2157 2344 2338
f 2158 2344 2157
f 2345 2344 2158
f 2336 2153 2133
f 2153 2343 2152
f 2336 2343 2153
f 2151 2152 2343
f 2342 2151 2343
f 2342 2150 2151
f 2335 2150 2342
f 2335 2132 2150
f 2349 2348 2175
f 2144 2162 2163
f 2143 2162 2144
f 2143 2161 2162
f 1956 1960 1708
f 1956 1708 1707
f 1962 1960 1961
f 1958 1953 1697
f 1705 1958 1697
f 1958 1959 1953
f 1956 1961 1960
f 1959 1955 1953
f 1702 1952 1700
f 1952 1951 1700
f 1700 1951 1698
f 1951 1950 1698
f 1957 1950 1948
f 1698 1950 1957
f 1952 1702 1692
f 1957 1956 1707
f 1709 1957 1707
f 1957 1709 1698
f 1712 1717 1963
f 1963 1717 1968
f 1968 1969 1963
f 1969 1964 1963
f 1960 1714 1708
f 1962 1967 1966
f 1962 1966 1715
f 1962 1715 1960
f 1960 1715 1714
f 1965 1966 1967
f 1958 1705 1711
f 1959 1712 1963
f 1959 1958 1712
f 1958 1711 1712
f 1964 1959 1963
f 1956 1957 1948
f 1972 1970 1971
f 1956 1948 1949
f 1953 1946 1697
f 1936 1685 1672
f 1685 1936 1683
f 1936 1935 1683
f 1945 1935 1934
f 1683 1935 1945
f 1934 1944 1945
f 1947 1939 1937
f 1932 1944 1934
f 1930 1943 1932
f 1930 1942 1943
f 1928 1942 1930
f 1928 1941 1942
f 1927 1941 1928
f 1940 1941 1927
f 1932 1943 1944
f 1946 1947 1937
f 1690 1946 1681
f 1946 1937 1681
f 1954 1946 1953
f 1954 1947 1946
f 1955 1954 1953
f 1945 1693 1683
f 1693 1945 1692
f 1945 1944 1692
f 1952 1944 1943
f 1692 1944 1952
f 1943 1951 1952
f 1942 1951 1943
f 1942 1950 1951
f 1941 1950 1942
f 1941 1948 1950
f 1940 1948 1941
f 1948 1940 1949
f 1690 1697 1946
f 1926 1670 1680
f 1965 1720 1719
f 1965 1971 1970
f 1750 1996 1995
f 1995 1996 1997
f 1750 1995 1751
f 1743 1748 1989
f 1989 1748 1993
f 1993 1994 1989
f 1750 1745 1996
f 1994 1990 1989
f 1991 1746 1741
f 1745 1746 1991
f 1745 1991 1992
f 1737 1743 1984
f 1984 1743 1989
f 1989 1990 1984
f 1988 1991 1741
f 1745 1992 1996
f 1999 1994 1993
f 1998 1999 1993
f 1755 2000 2005
f 1755 2005 1761
f 1752 1758 1998
f 1998 1758 2003
f 2003 2004 1998
f 2004 1999 1998
f 1995 1997 2002
f 1757 1751 1995
f 1757 1995 2002
f 1757 2002 2001
f 2001 2000 1757
f 1757 2000 1756
f 2000 1755 1756
f 1748 1752 1993
f 1993 1752 1998
f 1990 1986 1984
f 1965 1970 1720
f 1982 1987 1734
f 1740 1987 1741
f 1970 1727 1720
f 1727 1977 1726
f 1970 1977 1727
f 1970 1972 1977
f 1725 1726 1977
f 1975 1725 1977
f 1979 1974 1978
f 1725 1975 1976
f 1969 1724 1973
f 1969 1968 1724
f 1968 1723 1724
f 1966 1721 1715
f 1721 1966 1719
f 1966 1965 1719
f 1968 1717 1723
f 1974 1973 1978
f 1978 1973 1729
f 1724 1729 1973
f 1741 1987 1988
f 1981 1984 1985
f 1981 1737 1984
f 1981 1732 1737
f 1986 1985 1984
f 1980 1983 1730
f 1983 1735 1730
f 1733 1735 1983
f 1982 1733 1983
f 1733 1982 1734
f 1732 1978 1729
f 1732 1981 1978
f 1981 1979 1978
f 1980 1730 1725
f 1976 1980 1725
f 1987 1740 1734
f 2000 2006 2005
f 1681 1923 1926
f 1937 1923 1681
f 1635 1632 1869
f 1869 1632 1867
f 1633 1865 1867
f 1633 1867 1632
f 1865 1633 1656
f 1863 1865 1656
f 1871 1635 1869
f 1863 1656 1892
f 1891 1861 1892
f 1860 1861 1891
f 1857 1891 1890
f 1860 1891 1857
f 1648 1857 1890
f 1859 1857 1648
f 1861 1863 1892
f 1637 1635 1871
f 1627 1637 1871
f 1872 1893 1873
f 1630 1880 1639
f 1880 1899 1639
f 1899 1880 1900
f 1900 1880 1881
f 1898 1879 1878
f 1897 1898 1877
f 1877 1898 1878
f 1896 1897 1876
f 1876 1897 1877
f 1895 1896 1875
f 1875 1896 1876
f 1894 1895 1874
f 1874 1895 1875
f 1893 1894 1873
f 1873 1894 1874
f 1646 1889 1648
f 1903 1902 1901
f 1889 1859 1648
f 1888 1889 1646
f 1849 1873 1874
f 1848 1873 1849
f 1848 1872 1873
f 1847 1872 1848
f 1872 1847 1846
f 1627 1836 1610
f 1849 1874 1850
f 1871 1836 1627
f 1869 1870 1871
f 1870 1838 1871
f 1867 1868 1869
f 1868 1870 1869
f 1865 1866 1867
f 1866 1868 1867
f 1838 1836 1871
f 1850 1874 1875
f 1850 1875 1851
f 1851 1875 1876
f 1885 1886 1887
f 1886 1888 1887
f 1882 1883 1885
f 1883 1886 1885
f 1884 1883 1882
f 1625 1880 1630
f 1856 1881 1625
f 1881 1880 1625
f 1854 1879 1855
f 1854 1878 1879
f 1853 1878 1854
f 1853 1877 1878
f 1852 1877 1853
f 1852 1876 1877
f 1851 1876 1852
f 1887 1888 1646
f 1681 1926 1680
f 1902 1884 1882
f 1901 1882 1904
f 1931 1932 1933
f 1928 1930 1929
f 1929 1930 1931
f 1927 1928 1929
f 1908 1663 1669
f 1910 1670 1926
f 1930 1932 1931
f 1910 1908 1670
f 1923 1924 1926
f 1924 1910 1926
f 1925 1924 1923
f 1660 1905 1667
f 1905 1922 1667
f 1920 1922 1905
f 1908 1669 1670
f 1933 1932 1911
f 1932 1934 1911
f 1911 1934 1912
f 1938 1923 1937
f 1938 1925 1923
f 1939 1938 1937
f 1922 1677 1667
f 1677 1922 1675
f 1922 1920 1675
f 1675 1920 1673
f 1920 1918 1673
f 1673 1918 1672
f 1918 1916 1672
f 1936 1916 1914
f 1672 1916 1936
f 1914 1935 1936
f 1912 1935 1914
f 1912 1934 1935
f 1921 1920 1905
f 1902 1882 1901
f 1921 1905 1907
f 1919 1920 1921
f 1899 1660 1659
f 1907 1905 1906
f 1656 1654 1892
f 1654 1652 1892
f 1892 1652 1891
f 1652 1650 1891
f 1900 1660 1899
f 1891 1650 1890
f 1646 1644 1887
f 1644 1641 1887
f 1887 1641 1885
f 1904 1882 1885
f 1642 1904 1885
f 1642 1885 1641
f 1650 1648 1890
f 1900 1905 1660
f 1900 1906 1905
f 1899 1659 1639
f 1916 1918 1917
f 1917 1918 1919
f 1914 1916 1915
f 1915 1916 1917
f 1912 1914 1913
f 1913 1914 1915
f 1911 1912 1913
f 1904 1642 1665
f 1665 1662 1904
f 1904 1662 1901
f 1903 1908 1909
f 1903 1663 1908
f 1903 1901 1663
f 1901 1662 1663
f 1910 1909 1908
f 1918 1920 1919
f 2007 2006 2001
f 2001 2006 2000
f 2001 2002 2007
f 2084 2112 2085
f 2080 1819 1844
f 1843 2080 1844
f 2078 2080 1843
f 2078 1843 1842
f 1842 1841 2075
f 2085 2113 2086
f 1841 1840 2075
f 1840 1839 2074
f 2072 1840 2074
f 1837 2074 1839
f 2111 2074 1837
f 1837 2110 2111
f 1838 2110 1837
f 2075 1840 2072
f 2112 2113 2085
f 2086 2114 2087
f 2113 2114 2086
f 2124 2123 2122
f 1835 2095 1856
f 2095 2121 1856
f 2121 2095 2096
f 2088 2119 2120
f 2090 2088 2120
f 2088 2118 2119
f 1831 2118 2088
f 1831 1855 2118
f 1845 2116 1846
f 2115 1845 1828
f 2117 1845 2115
f 2117 2116 1845
f 2114 2115 1828
f 2087 2114 1828
f 1870 2109 1838
f 2123 2126 2125
f 2109 2110 1838
f 2108 2109 1870
f 1816 2094 1833
f 2093 2094 1816
f 2092 2093 1816
f 2071 2092 1816
f 2091 2092 2070
f 2070 2092 2071
f 2096 2095 1834
f 2089 2091 2069
f 1832 2069 1813
f 1832 2089 2069
f 1832 2088 2089
f 2088 2090 2089
f 1832 1831 2088
f 1827 2087 1828
f 2069 2091 2070
f 2096 1834 2094
f 2094 1834 1833
f 1834 2095 1835
f 1866 2107 1868
f 2107 2108 1868
f 1864 2106 1866
f 2106 2107 1866
f 1862 2105 1864
f 2105 2106 1864
f 2103 2104 1862
f 2104 2105 1862
f 1858 2102 2103
f 2102 2104 2103
f 2100 2101 1858
f 2101 2102 1858
f 2097 2098 2100
f 2098 2101 2100
f 2099 2098 2097
f 1868 2108 1870
f 2087 1827 2086
f 2122 2123 2125
f 2125 2126 2127
f 2131 2147 2148
f 2130 2147 2131
f 2130 2146 2147
f 1879 2146 2130
f 2146 1879 2145
f 1879 1898 2145
f 2131 2148 2132
f 2145 1898 2144
f 2144 1897 2143
f 1897 1896 2143
f 2143 1896 2142
f 1896 1895 2142
f 2142 1895 2141
f 1895 1894 2141
f 1898 1897 2144
f 2132 2148 2149
f 2132 2149 2150
f 2153 2154 2133
f 2142 2161 2143
f 2161 2142 2141
f 2161 2141 2160
f 2140 2160 2141
f 2135 1884 1902
f 2137 1903 2159
f 2137 2135 1903
f 2135 1902 1903
f 2156 2157 2159
f 2157 2137 2159
f 2158 2157 2156
f 1881 2134 1900
f 2134 2155 1900
f 2134 2154 2155
f 2133 2154 2134
f 2141 1894 2140
f 2126 2099 2127
f 1894 1893 2140
f 2140 1893 2139
f 2118 2130 2119
f 1879 2130 1855
f 2130 2118 1855
f 1846 2129 1872
f 2129 2116 2128
f 1846 2116 2129
f 2119 2130 2131
f 2128 2116 2117
f 1858 2103 1860
f 1859 2100 1858
f 2100 1859 1889
f 2097 2100 1889
f 2127 2097 1889
f 2099 2097 2127
f 1860 2103 1862
f 2119 2131 2120
f 2120 2131 2132
f 1856 2121 2134
f 2138 2139 1872
f 2129 2138 1872
f 2128 2138 2129
f 1889 1888 2127
f 1888 1886 2127
f 2127 1886 2125
f 1886 1883 2125
f 2125 1883 2122
f 2124 2135 2136
f 2124 1884 2135
f 2124 2122 1884
f 2122 1883 1884
f 2137 2136 2135
f 1856 2134 1881
f 2134 2121 2133
f 2139 1893 1872
f 1827 1826 2086
f 2086 1826 2085
f 1826 1825 2085
f 2017 2018 2033
f 1788 2032 2030
f 1777 2032 1788
f 1777 2017 2032
f 1787 1788 2030
f 2029 1787 2030
f 2032 2017 2033
f 2029 2030 2031
f 1787 2028 1786
f 2028 1785 1786
f 1782 2026 1781
f 2025 2016 1773
f 2025 1773 1781
f 2025 1781 2027
f 2029 2028 1787
f 2018 2019 2034
f 2033 2018 2034
f 2019 2020 2035
f 1797 1798 2042
f 2041 1797 2042
f 2041 2042 2043
f 2041 2040 1797
f 1797 2040 1796
f 2040 1795 1796
f 1789 1791 2038
f 2037 1782 1789
f 2037 1789 2039
f 2039 1789 2038
f 2036 2026 2037
f 2026 1782 2037
f 2027 2026 2036
f 2020 2021 2035
f 2034 2019 2035
f 2027 1781 2026
f 1785 2044 1798
f 2024 2014 2025
f 2015 2014 2024
f 1770 2015 1763
f 1770 2014 2015
f 2006 2007 2013
f 2011 2005 2013
f 2005 2006 2013
f 2005 2010 1761
f 3706 3934 3933
f 2011 2010 2005
f 1761 2010 2009
f 1761 2009 1769
f 2009 1768 1769
f 1758 1763 2008
f 2003 1758 2008
f 2004 2003 2008
f 2011 2012 2010
f 1763 2015 2008
f 1771 2014 1770
f 2016 2014 1771
f 2010 2012 2023
f 2022 2009 2023
f 2009 2010 2023
f 2021 1768 2022
f 1768 2009 2022
f 1780 1768 2021
f 1780 2021 2020
f 2020 2019 1780
f 1780 2019 1779
f 2019 2018 1779
f 1779 2018 1778
f 2018 2017 1778
f 1778 2017 1776
f 1776 2017 1777
f 1771 1773 2016
f 2014 2016 2025
f 1798 2044 2042
f 1785 2028 2045
f 2044 1785 2045
f 2071 1815 2070
f 1815 1814 2070
f 2070 1814 2069
f 1814 1812 2069
f 1812 1813 2069
f 2060 2061 2068
f 1815 2071 1816
f 2067 2059 2068
f 2066 1810 2067
f 1810 2059 2067
f 2065 1809 2066
f 1809 1810 2066
f 2064 1808 2065
f 1808 1809 2065
f 2059 2060 2068
f 2074 2073 2072
f 2073 2076 2075
f 2072 2073 2075
f 2085 1825 2084
f 1825 1824 2084
f 2083 1824 1823
f 2084 1824 2083
f 1822 2083 1823
f 2082 2083 1822
f 1821 2082 1822
f 2081 2082 1821
f 1818 2081 1821
f 2079 2081 1818
f 1818 1819 2079
f 1819 2080 2079
f 2077 2078 1842
f 2075 2076 1842
f 2076 2077 1842
f 2063 2058 2064
f 2058 1808 2064
f 2062 2057 2063
f 2057 2058 2063
f 1807 2053 2052
f 2052 2051 1807
f 1807 2051 1806
f 2051 1805 1806
f 1801 2050 1800
f 2050 2048 1800
f 1800 2048 1799
f 2047 2038 1791
f 2047 1791 1799
f 2047 1799 2049
f 2049 1799 2048
f 2039 2038 2047
f 2029 2031 2046
f 2045 2028 2046
f 2028 2029 2046
f 1807 1795 2053
f 1864 1866 1865
f 1795 2040 2054
f 2040 2041 2055
f 2056 2057 2062
f 2052 2053 2061
f 2052 2060 2051
f 2061 2060 2052
f 2051 2060 2059
f 1805 2051 2059
f 1805 2059 1810
f 1808 2058 1801
f 1801 2058 2057
f 2050 1801 2057
f 2057 2048 2050
f 2056 2048 2057
f 2049 2048 2056
f 2041 2043 2055
f 2054 2040 2055
f 2053 1795 2054
f 1262 1257 1261
f 1251 1041 1031
f 1041 1251 1040
f 249 446 269
f 268 269 444
f 443 268 444
f 443 444 445
f 443 442 268
f 268 442 267
f 269 446 444
f 442 441 267
f 265 441 266
f 428 242 252
f 253 427 428
f 253 428 252
f 427 253 440
f 424 427 440
f 267 441 265
f 249 429 447
f 446 249 447
f 429 431 447
f 456 455 286
f 286 455 285
f 455 454 285
f 285 454 283
f 283 454 284
f 453 440 253
f 271 453 253
f 440 453 452
f 438 440 452
f 438 452 451
f 435 438 451
f 448 435 451
f 449 435 448
f 449 437 435
f 450 449 448
f 438 424 440
f 287 456 286
f 439 424 438
f 435 436 438
f 424 411 427
f 425 411 424
f 425 413 411
f 426 425 424
f 409 410 423
f 422 408 423
f 411 414 427
f 408 409 423
f 407 408 422
f 420 227 421
f 227 407 421
f 239 420 419
f 227 420 239
f 238 239 419
f 421 407 422
f 414 428 427
f 242 415 241
f 242 428 415
f 436 439 438
f 437 436 435
f 418 419 434
f 433 417 434
f 417 418 434
f 432 416 433
f 416 417 433
f 430 235 432
f 235 416 432
f 250 235 430
f 250 430 429
f 429 430 431
f 429 249 250
f 229 241 415
f 428 414 415
f 439 426 424
f 418 238 419
f 457 456 287
f 287 288 458
f 300 488 487
f 284 488 300
f 284 454 488
f 299 300 487
f 486 299 487
f 486 485 299
f 454 455 489
f 299 485 298
f 298 484 297
f 484 483 297
f 297 483 296
f 483 482 296
f 296 482 295
f 482 481 295
f 485 484 298
f 488 454 489
f 455 456 490
f 489 455 490
f 499 500 470
f 500 471 470
f 469 498 497
f 467 497 496
f 469 497 467
f 467 496 495
f 465 467 495
f 465 495 494
f 462 465 494
f 492 462 494
f 464 462 492
f 493 464 492
f 457 458 491
f 490 456 491
f 456 457 491
f 295 481 294
f 457 287 458
f 481 480 294
f 480 479 293
f 468 469 467
f 465 466 467
f 466 468 467
f 462 463 465
f 463 466 465
f 464 463 462
f 471 450 470
f 443 445 461
f 442 443 461
f 459 441 460
f 441 442 460
f 288 459 458
f 266 459 288
f 266 441 459
f 460 442 461
f 450 448 470
f 470 448 472
f 448 451 472
f 293 479 292
f 479 478 292
f 292 478 291
f 478 477 291
f 291 477 290
f 477 476 290
f 290 476 289
f 476 475 453
f 289 476 453
f 289 453 271
f 453 475 474
f 452 453 474
f 452 474 473
f 451 452 473
f 451 473 472
f 294 480 293
f 470 472 499
f 418 417 238
f 417 416 237
f 361 370 175
f 359 361 175
f 357 359 175
f 173 357 175
f 174 355 357
f 174 357 173
f 363 371 361
f 355 174 171
f 352 353 171
f 170 352 171
f 170 168 352
f 352 168 351
f 168 155 351
f 350 130 162
f 353 355 171
f 361 371 370
f 363 372 371
f 375 374 373
f 171 382 188
f 158 180 369
f 180 177 369
f 369 177 367
f 381 364 367
f 178 381 367
f 178 367 177
f 380 364 381
f 366 364 380
f 378 379 380
f 379 366 380
f 376 377 378
f 377 379 378
f 373 374 376
f 374 377 376
f 162 160 350
f 171 174 382
f 350 160 348
f 348 157 346
f 342 354 353
f 340 352 351
f 342 352 340
f 340 351 155
f 339 340 155
f 338 339 155
f 352 342 353
f 154 338 155
f 338 152 337
f 152 150 337
f 337 150 336
f 150 148 336
f 336 148 335
f 148 146 335
f 154 152 338
f 354 356 355
f 353 354 355
f 356 358 357
f 158 343 346
f 158 346 157
f 369 343 158
f 345 343 369
f 367 368 369
f 368 345 369
f 364 365 367
f 365 368 367
f 366 365 364
f 362 363 361
f 359 360 361
f 360 362 361
f 357 358 359
f 358 360 359
f 355 356 357
f 160 157 348
f 238 417 237
f 189 383 174
f 175 383 189
f 220 406 208
f 404 395 406
f 397 395 404
f 405 397 404
f 392 393 403
f 401 391 403
f 406 395 208
f 391 392 403
f 401 400 391
f 401 402 400
f 390 400 399
f 206 390 399
f 206 399 218
f 399 398 218
f 391 400 390
f 216 407 227
f 216 398 407
f 398 408 407
f 237 416 236
f 416 235 236
f 220 229 406
f 406 229 415
f 404 406 415
f 414 404 415
f 405 404 414
f 411 412 414
f 412 405 414
f 413 412 411
f 400 402 410
f 400 409 399
f 410 409 400
f 399 409 408
f 398 399 408
f 218 398 217
f 383 382 174
f 398 216 217
f 395 387 208
f 194 191 378
f 378 191 376
f 192 373 376
f 192 376 191
f 387 373 192
f 388 373 387
f 380 194 378
f 388 375 373
f 371 372 386
f 371 385 370
f 386 385 371
f 370 385 384
f 175 370 384
f 175 384 383
f 389 388 387
f 196 194 380
f 381 196 380
f 198 196 381
f 396 387 395
f 396 389 387
f 397 396 395
f 385 386 394
f 393 384 394
f 384 385 394
f 384 392 383
f 393 392 384
f 383 392 391
f 382 383 391
f 382 391 390
f 188 382 390
f 188 390 205
f 205 390 206
f 381 178 198
f 208 387 192
f 335 146 334
f 472 501 499
f 473 502 501
f 360 358 604
f 356 354 603
f 354 342 603
f 328 349 602
f 349 347 602
f 602 347 601
f 605 360 604
f 347 344 601
f 345 596 599
f 345 599 344
f 609 596 345
f 610 596 609
f 610 598 596
f 606 607 609
f 601 344 599
f 605 362 360
f 363 362 611
f 611 362 605
f 372 612 620
f 363 612 372
f 345 368 609
f 368 365 609
f 609 365 606
f 608 606 366
f 606 365 366
f 618 619 366
f 619 608 366
f 616 617 618
f 617 619 618
f 613 614 616
f 614 617 616
f 615 614 613
f 611 612 363
f 607 610 609
f 622 615 621
f 608 607 606
f 593 604 358
f 591 592 593
f 592 594 593
f 589 590 591
f 590 592 591
f 587 588 589
f 588 590 589
f 594 595 593
f 341 586 587
f 326 585 341
f 585 586 341
f 585 325 584
f 326 325 585
f 323 584 325
f 583 584 323
f 586 588 587
f 598 597 596
f 597 600 599
f 596 597 599
f 595 604 593
f 593 358 356
f 591 593 356
f 591 356 603
f 589 591 603
f 589 603 342
f 587 589 342
f 341 587 342
f 328 570 303
f 570 328 602
f 567 570 602
f 601 567 602
f 569 567 601
f 599 600 601
f 600 569 601
f 595 605 604
f 321 583 323
f 613 374 375
f 615 375 621
f 647 419 420
f 405 412 641
f 646 639 641
f 413 646 641
f 413 641 412
f 643 639 646
f 421 647 420
f 644 639 643
f 645 644 643
f 642 402 636
f 410 402 642
f 405 634 397
f 634 405 641
f 631 634 641
f 644 640 639
f 648 647 421
f 648 421 649
f 421 422 649
f 430 657 431
f 646 413 425
f 656 643 646
f 426 656 646
f 426 646 425
f 655 643 656
f 645 643 655
f 652 653 655
f 653 645 655
f 654 653 652
f 410 642 651
f 423 651 650
f 410 651 423
f 422 423 650
f 649 422 650
f 639 631 641
f 615 613 375
f 633 631 639
f 393 629 638
f 621 375 388
f 622 389 627
f 622 621 389
f 621 388 389
f 624 625 627
f 625 622 627
f 393 628 629
f 626 625 624
f 386 372 623
f 366 379 618
f 379 377 618
f 618 377 616
f 377 374 616
f 616 374 613
f 623 372 620
f 393 394 628
f 386 630 394
f 394 630 628
f 403 638 637
f 393 638 403
f 401 403 637
f 636 401 637
f 401 636 402
f 627 389 396
f 397 624 627
f 397 627 396
f 634 624 397
f 635 624 634
f 635 626 624
f 631 632 634
f 632 635 634
f 633 632 631
f 386 623 630
f 640 633 639
f 472 473 501
f 582 583 321
f 581 582 319
f 505 529 528
f 504 505 528
f 504 528 527
f 503 504 527
f 503 527 526
f 502 503 526
f 530 529 506
f 502 526 525
f 501 525 523
f 499 501 523
f 523 524 499
f 524 500 499
f 497 498 521
f 498 522 521
f 501 502 525
f 506 529 505
f 506 507 531
f 530 506 531
f 514 515 538
f 537 513 538
f 513 514 538
f 536 512 537
f 512 513 537
f 535 511 536
f 511 512 536
f 534 510 535
f 510 511 535
f 533 509 534
f 509 510 534
f 532 508 533
f 508 509 533
f 531 507 532
f 507 508 532
f 497 521 520
f 540 517 539
f 496 497 520
f 495 496 519
f 480 509 508
f 479 480 508
f 479 508 507
f 478 479 507
f 478 507 506
f 477 478 506
f 480 481 509
f 477 506 505
f 476 505 504
f 475 476 504
f 475 504 503
f 474 475 503
f 474 503 502
f 473 474 502
f 476 477 505
f 481 510 509
f 481 482 510
f 482 511 510
f 495 519 518
f 494 495 518
f 494 518 516
f 492 494 516
f 516 517 492
f 517 493 492
f 486 487 515
f 486 514 485
f 515 514 486
f 485 514 513
f 484 485 513
f 484 513 512
f 483 484 512
f 483 512 511
f 482 483 511
f 496 520 519
f 319 582 321
f 517 516 539
f 516 518 541
f 571 572 303
f 567 568 570
f 568 571 570
f 569 568 567
f 561 563 566
f 560 561 566
f 570 571 303
f 558 559 565
f 557 558 565
f 562 556 564
f 556 557 564
f 556 561 555
f 562 561 556
f 562 563 561
f 564 557 565
f 303 572 302
f 302 572 573
f 573 574 302
f 317 581 319
f 580 581 317
f 315 580 317
f 579 580 315
f 313 579 315
f 578 579 313
f 311 578 313
f 577 578 311
f 309 577 311
f 576 577 309
f 307 576 309
f 575 576 307
f 305 575 307
f 574 575 305
f 302 574 305
f 561 553 555
f 539 516 541
f 560 553 561
f 545 546 559
f 548 525 549
f 525 526 549
f 547 523 548
f 523 525 548
f 524 523 547
f 521 522 545
f 526 527 550
f 522 546 545
f 520 521 544
f 520 544 543
f 519 520 543
f 519 543 542
f 518 519 542
f 518 542 541
f 521 545 544
f 549 526 550
f 527 528 551
f 550 527 551
f 545 558 544
f 559 558 545
f 544 558 557
f 543 544 557
f 543 557 556
f 542 543 556
f 542 556 555
f 541 542 555
f 541 555 553
f 539 541 553
f 553 554 539
f 554 540 539
f 529 530 552
f 551 528 552
f 528 529 552
f 554 553 560
f 146 144 334
f 334 144 333
f 144 142 333
f 113 114 127
f 125 112 126
f 112 113 126
f 124 111 125
f 111 112 125
f 123 110 124
f 126 113 127
f 110 111 124
f 109 110 123
f 121 106 122
f 106 109 122
f 108 106 121
f 102 103 120
f 119 101 120
f 122 109 123
f 114 115 127
f 130 129 128
f 129 132 131
f 143 144 145
f 144 146 145
f 141 142 143
f 142 144 143
f 139 140 141
f 140 142 141
f 137 138 139
f 138 140 139
f 135 136 137
f 136 138 137
f 133 134 135
f 134 136 135
f 131 132 133
f 132 134 133
f 128 129 131
f 101 102 120
f 146 148 147
f 118 100 119
f 117 99 118
f 107 89 87
f 108 107 106
f 81 82 105
f 104 80 105
f 80 81 105
f 103 79 104
f 107 87 106
f 79 80 104
f 103 102 79
f 78 102 101
f 77 78 101
f 77 101 100
f 76 77 100
f 76 100 99
f 79 102 78
f 106 87 109
f 87 90 109
f 90 110 109
f 99 100 118
f 116 98 117
f 98 99 117
f 115 97 116
f 97 98 116
f 97 114 96
f 115 114 97
f 96 114 113
f 95 96 113
f 95 113 112
f 94 95 112
f 94 112 111
f 92 94 111
f 92 111 110
f 90 92 110
f 100 101 119
f 75 76 99
f 145 146 147
f 147 148 149
f 179 180 181
f 180 158 181
f 176 177 179
f 177 180 179
f 178 177 176
f 173 175 172
f 158 156 181
f 174 173 172
f 167 168 169
f 168 170 169
f 166 155 167
f 155 168 167
f 153 166 165
f 155 166 153
f 170 171 169
f 181 156 182
f 156 159 182
f 159 183 182
f 171 187 169
f 169 186 185
f 167 169 185
f 167 185 184
f 166 167 184
f 166 184 30
f 165 166 30
f 164 165 30
f 29 164 30
f 29 10 164
f 15 12 163
f 13 161 163
f 13 163 12
f 161 13 183
f 159 161 183
f 153 165 164
f 148 150 149
f 151 153 164
f 149 151 10
f 128 131 163
f 161 128 163
f 162 128 161
f 162 130 128
f 159 160 161
f 160 162 161
f 131 15 163
f 156 157 159
f 158 157 156
f 154 155 153
f 151 152 153
f 152 154 153
f 149 150 151
f 150 152 151
f 157 160 159
f 131 133 15
f 133 17 15
f 133 135 17
f 147 149 10
f 9 147 10
f 9 7 147
f 147 7 145
f 7 5 145
f 145 5 143
f 5 2 143
f 143 2 141
f 3 139 141
f 3 141 2
f 139 3 21
f 137 139 21
f 137 21 19
f 135 137 19
f 135 19 17
f 151 164 10
f 169 187 186
f 75 99 98
f 74 98 97
f 23 24 43
f 23 43 42
f 22 23 42
f 22 42 41
f 20 22 41
f 20 41 40
f 24 44 43
f 18 20 40
f 16 18 39
f 16 39 38
f 14 16 38
f 14 38 37
f 11 14 37
f 36 11 37
f 18 40 39
f 24 25 44
f 25 45 44
f 25 26 45
f 34 36 55
f 34 55 54
f 31 34 54
f 53 31 54
f 33 31 53
f 50 51 53
f 51 33 53
f 52 51 50
f 28 30 48
f 30 49 48
f 28 48 47
f 27 28 47
f 27 47 46
f 26 27 46
f 26 46 45
f 13 11 36
f 36 56 55
f 34 35 36
f 31 32 34
f 16 17 18
f 17 19 18
f 14 15 16
f 15 17 16
f 11 12 14
f 12 15 14
f 19 21 20
f 13 12 11
f 6 7 8
f 7 9 8
f 4 5 6
f 5 7 6
f 1 2 4
f 2 5 4
f 9 10 8
f 18 19 20
f 21 3 22
f 20 21 22
f 32 35 34
f 33 32 31
f 29 30 28
f 27 10 28
f 10 29 28
f 8 27 26
f 10 27 8
f 8 26 25
f 6 8 25
f 6 25 24
f 4 6 24
f 4 24 23
f 1 4 23
f 22 1 23
f 3 1 22
f 35 13 36
f 74 75 98
f 36 37 56
f 37 38 57
f 83 64 84
f 64 65 84
f 82 63 83
f 63 64 83
f 63 81 62
f 82 81 63
f 65 66 85
f 62 81 80
f 61 80 79
f 60 61 79
f 60 79 78
f 59 60 78
f 59 78 77
f 58 59 77
f 61 62 80
f 84 65 85
f 66 67 86
f 85 66 86
f 73 74 97
f 73 97 96
f 72 73 96
f 72 96 95
f 70 72 95
f 94 70 95
f 71 70 94
f 92 93 94
f 93 71 94
f 90 91 92
f 91 93 92
f 87 88 90
f 88 91 90
f 89 88 87
f 67 69 86
f 58 77 76
f 37 57 56
f 57 58 76
f 56 57 75
f 44 45 64
f 44 64 63
f 43 44 63
f 43 63 62
f 42 43 62
f 42 62 61
f 45 65 64
f 41 42 61
f 40 41 60
f 40 60 59
f 39 40 59
f 39 59 58
f 38 39 58
f 38 58 57
f 41 61 60
f 45 46 65
f 46 66 65
f 46 47 66
f 56 75 74
f 55 56 74
f 55 74 73
f 54 55 73
f 54 73 72
f 53 54 72
f 53 72 70
f 50 53 70
f 70 71 50
f 71 52 50
f 48 49 68
f 48 67 47
f 68 67 48
f 68 69 67
f 47 67 66
f 57 76 75
f 171 188 187
f 174 172 189
f 172 175 189
f 272 273 291
f 289 270 290
f 270 272 290
f 271 270 289
f 264 266 288
f 287 263 288
f 290 272 291
f 263 264 288
f 262 263 287
f 285 261 286
f 261 262 286
f 283 260 285
f 260 261 285
f 260 282 259
f 286 262 287
f 273 274 292
f 291 273 292
f 274 275 293
f 299 281 300
f 281 282 300
f 298 280 299
f 280 281 299
f 297 279 298
f 279 280 298
f 296 278 297
f 278 279 297
f 295 277 296
f 277 278 296
f 294 276 295
f 276 277 295
f 293 275 294
f 275 276 294
f 292 274 293
f 283 282 260
f 282 284 300
f 283 284 282
f 125 259 281
f 253 251 270
f 271 253 270
f 248 249 269
f 268 247 269
f 247 248 269
f 267 246 268
f 270 251 272
f 246 247 268
f 245 246 267
f 245 264 118
f 265 264 245
f 265 266 264
f 118 264 263
f 117 118 263
f 265 245 267
f 251 254 272
f 254 273 272
f 254 255 273
f 125 281 280
f 124 125 280
f 124 280 279
f 258 124 279
f 258 279 278
f 122 258 278
f 122 278 277
f 121 122 277
f 121 277 276
f 257 121 276
f 257 276 275
f 256 257 275
f 256 275 274
f 255 256 274
f 255 274 273
f 259 282 281
f 117 263 262
f 303 302 301
f 301 302 304
f 341 342 340
f 339 326 340
f 326 341 340
f 324 339 338
f 326 339 324
f 324 338 337
f 345 344 343
f 322 324 337
f 320 322 336
f 320 336 335
f 318 320 335
f 318 335 334
f 316 318 334
f 316 334 333
f 322 337 336
f 344 347 346
f 343 344 346
f 347 349 348
f 333 142 332
f 142 140 332
f 138 136 331
f 136 134 331
f 331 134 330
f 134 132 330
f 330 132 329
f 132 129 329
f 329 129 327
f 328 130 350
f 328 327 130
f 327 129 130
f 348 349 350
f 349 328 350
f 346 347 348
f 314 316 333
f 302 305 304
f 314 333 332
f 312 332 140
f 316 317 318
f 317 319 318
f 314 315 316
f 315 317 316
f 312 313 314
f 313 315 314
f 319 321 320
f 310 311 312
f 308 309 310
f 309 311 310
f 306 307 308
f 307 309 308
f 304 305 306
f 305 307 306
f 311 313 312
f 318 319 320
f 321 323 322
f 320 321 322
f 310 312 140
f 310 140 138
f 308 310 138
f 308 138 331
f 306 308 331
f 306 331 330
f 304 306 330
f 304 330 329
f 301 304 329
f 327 301 329
f 303 301 327
f 328 303 327
f 325 326 324
f 322 323 324
f 323 325 324
f 312 314 332
f 116 117 262
f 116 262 261
f 115 116 261
f 202 215 201
f 216 215 202
f 201 215 214
f 49 201 214
f 49 214 68
f 68 214 69
f 202 203 217
f 33 51 200
f 52 213 200
f 52 200 51
f 199 213 212
f 197 199 212
f 197 212 211
f 195 197 211
f 213 199 200
f 216 202 217
f 203 204 218
f 217 203 218
f 52 71 213
f 213 71 225
f 212 213 225
f 212 225 224
f 211 212 224
f 211 224 223
f 210 211 223
f 210 223 222
f 209 210 222
f 209 222 221
f 207 209 221
f 219 207 221
f 208 207 219
f 220 208 219
f 204 206 218
f 195 211 210
f 69 214 86
f 193 195 210
f 190 193 209
f 181 33 200
f 179 181 200
f 179 200 199
f 176 179 199
f 197 176 199
f 198 176 197
f 33 182 32
f 198 178 176
f 196 198 197
f 193 194 195
f 194 196 195
f 190 191 193
f 191 194 193
f 192 191 190
f 195 196 197
f 33 181 182
f 183 32 182
f 35 32 183
f 207 190 209
f 192 190 207
f 208 192 207
f 187 188 205
f 187 204 186
f 205 204 187
f 205 206 204
f 186 204 203
f 185 186 203
f 185 203 202
f 184 185 202
f 184 202 201
f 30 184 201
f 49 30 201
f 13 35 183
f 193 210 209
f 214 226 86
f 227 226 215
f 215 226 214
f 249 233 250
f 233 234 250
f 233 248 232
f 249 248 233
f 232 248 247
f 103 232 247
f 234 235 250
f 103 247 246
f 246 245 120
f 120 245 119
f 245 118 119
f 231 89 107
f 108 230 231
f 108 231 107
f 103 246 120
f 253 252 251
f 252 242 240
f 252 240 251
f 115 261 260
f 115 260 127
f 260 259 127
f 127 259 126
f 259 125 126
f 124 258 123
f 258 122 123
f 121 257 108
f 108 257 256
f 244 108 256
f 244 256 255
f 243 244 255
f 243 255 254
f 240 243 254
f 251 240 254
f 230 108 244
f 228 230 244
f 243 228 244
f 229 228 243
f 71 93 225
f 93 91 225
f 225 91 224
f 91 88 224
f 224 88 223
f 231 222 223
f 89 231 223
f 89 223 88
f 222 231 230
f 221 222 230
f 221 230 228
f 219 221 228
f 228 229 219
f 229 220 219
f 215 216 227
f 232 103 104
f 657 658 659
f 105 232 104
f 82 233 105
f 240 241 243
f 241 229 243
f 242 241 240
f 226 227 239
f 238 86 239
f 86 226 239
f 237 85 238
f 85 86 238
f 236 84 237
f 84 85 237
f 235 83 236
f 83 84 236
f 83 234 82
f 235 234 83
f 82 234 233
f 233 232 105
f 657 430 658
f 430 432 658
f 658 432 660
f 1060 890 1061
f 889 890 1060
f 1059 889 1060
f 888 889 1059
f 887 1055 885
f 887 1058 1055
f 890 891 1061
f 1058 1056 1055
f 1057 886 880
f 879 885 1050
f 1050 885 1055
f 1047 1050 1055
f 1055 1056 1047
f 1056 1049 1047
f 880 1051 1057
f 1061 891 1062
f 891 892 1062
f 1062 892 886
f 888 1071 900
f 899 900 1070
f 1069 899 1070
f 1069 1068 899
f 899 1068 898
f 1068 1067 898
f 898 1067 897
f 1067 1066 897
f 897 1066 896
f 1066 1065 896
f 896 1065 895
f 1065 894 895
f 1058 893 1063
f 1058 887 893
f 1057 1062 886
f 1045 1054 877
f 900 1071 1070
f 1054 884 877
f 1053 883 1054
f 1036 1035 1042
f 1043 1036 1042
f 859 1031 1041
f 874 1041 1040
f 859 1041 874
f 873 874 1040
f 1042 1035 875
f 1039 873 1040
f 1037 871 1039
f 871 1037 872
f 872 1037 1038
f 868 866 1030
f 867 1027 1030
f 867 1030 866
f 871 873 1039
f 875 1035 867
f 877 1044 1045
f 876 1044 877
f 882 883 1053
f 1052 882 1053
f 881 882 1052
f 1051 881 1052
f 880 881 1051
f 1050 1042 875
f 879 1050 875
f 1047 1042 1050
f 1048 1042 1047
f 1048 1043 1042
f 1049 1048 1047
f 1038 1046 872
f 1046 878 872
f 876 878 1046
f 1044 876 1046
f 883 884 1054
f 1035 1027 867
f 888 1059 1071
f 1064 1063 1072
f 1085 1086 1099
f 1097 907 1098
f 907 1085 1098
f 914 1097 1096
f 907 1097 914
f 913 914 1096
f 1098 1085 1099
f 1095 913 1096
f 1094 912 1095
f 1094 911 912
f 906 910 1093
f 1083 906 1093
f 1091 1083 1093
f 1084 1083 1091
f 912 913 1095
f 1086 1087 1099
f 1092 1091 1100
f 1100 1091 1101
f 1108 1107 1102
f 917 1108 1102
f 917 1102 915
f 1107 1101 1102
f 1106 1101 1107
f 1100 1101 1106
f 1094 1095 1104
f 1095 1105 1104
f 1094 1104 1103
f 911 1094 1103
f 916 911 1103
f 910 915 1102
f 910 1102 1101
f 1093 910 1101
f 1101 1091 1093
f 1092 1084 1091
f 1073 1064 1072
f 1076 1077 1090
f 1075 1076 1090
f 1066 1067 1080
f 1078 1065 1079
f 1065 1066 1079
f 1077 894 1078
f 894 1065 1078
f 905 894 1077
f 1079 1066 1080
f 905 1077 1076
f 905 1075 904
f 1075 1074 904
f 904 1074 903
f 1074 902 903
f 893 901 1063
f 1072 1063 901
f 1076 1075 905
f 1067 1068 1081
f 1080 1067 1081
f 1068 1069 1082
f 1088 1074 1089
f 1074 1075 1089
f 1087 902 1088
f 902 1074 1088
f 909 902 1087
f 909 1087 1086
f 1086 1085 909
f 909 1085 908
f 1085 907 908
f 901 906 1083
f 1072 901 1083
f 1083 1084 1072
f 1084 1073 1072
f 1069 1070 1082
f 1081 1068 1082
f 1089 1075 1090
f 918 1108 917
f 1029 1027 1035
f 1022 865 852
f 839 989 990
f 838 980 836
f 980 838 988
f 977 980 988
f 986 977 988
f 987 977 986
f 982 989 840
f 987 979 977
f 984 987 986
f 985 984 983
f 835 976 837
f 976 982 837
f 836 973 832
f 980 973 836
f 983 984 986
f 840 989 839
f 982 840 837
f 993 992 991
f 990 996 839
f 996 846 839
f 845 846 996
f 995 845 996
f 995 996 997
f 995 844 845
f 838 843 988
f 843 841 988
f 988 841 986
f 994 983 986
f 842 994 986
f 842 986 841
f 991 983 994
f 992 983 991
f 992 985 983
f 981 973 980
f 999 993 998
f 981 975 973
f 978 981 980
f 962 961 827
f 961 826 827
f 834 970 827
f 970 962 827
f 968 969 834
f 969 970 834
f 963 826 961
f 965 966 968
f 967 966 965
f 964 825 823
f 960 964 823
f 812 824 952
f 952 824 963
f 949 952 963
f 966 969 968
f 828 826 963
f 824 828 963
f 825 964 971
f 979 978 977
f 830 972 835
f 972 976 835
f 976 972 971
f 834 833 968
f 833 831 968
f 968 831 965
f 967 965 832
f 965 831 832
f 973 974 832
f 974 967 832
f 975 974 973
f 829 972 830
f 972 829 971
f 829 825 971
f 977 978 980
f 1036 1029 1035
f 993 991 998
f 991 994 1000
f 854 1012 856
f 855 1010 1012
f 855 1012 854
f 1010 855 869
f 1008 1010 869
f 1008 869 868
f 1012 1014 856
f 1006 1008 868
f 1003 1006 1030
f 1027 1003 1030
f 1028 1003 1027
f 1028 1005 1003
f 1029 1028 1027
f 1001 1002 1026
f 1006 868 1030
f 1014 1016 856
f 1016 870 856
f 1016 1018 870
f 865 1022 864
f 1022 1021 864
f 864 1034 863
f 1021 1034 864
f 862 863 1034
f 1033 862 1034
f 861 862 1033
f 1032 861 1033
f 860 861 1032
f 1031 860 1032
f 859 860 1031
f 850 857 1020
f 858 1018 1020
f 858 1020 857
f 1018 858 870
f 853 1026 1025
f 998 991 1000
f 848 1026 853
f 851 853 1025
f 1011 1013 1012
f 1008 1009 1010
f 1009 1011 1010
f 1006 1007 1008
f 1007 1009 1008
f 1003 1004 1006
f 1010 1011 1012
f 1004 1007 1006
f 995 997 1002
f 995 1001 844
f 1002 1001 995
f 848 844 1001
f 842 847 994
f 994 847 1000
f 1005 1004 1003
f 1013 1015 1014
f 1012 1013 1014
f 1015 1017 1016
f 1024 851 1025
f 851 1024 1023
f 852 851 1023
f 852 1023 1022
f 1021 1022 1023
f 847 849 1000
f 850 998 1000
f 850 1000 849
f 1020 998 850
f 999 998 1020
f 1018 1019 1020
f 1019 999 1020
f 1016 1017 1018
f 1017 1019 1018
f 1014 1015 1016
f 848 1001 1026
f 1109 921 922
f 923 1109 922
f 1110 1109 923
f 993 1204 1205
f 993 1205 992
f 1204 993 1221
f 1202 1204 1221
f 1202 1221 1220
f 1199 1202 1220
f 1205 985 992
f 1219 1199 1220
f 1217 1218 1219
f 1218 1201 1219
f 1215 1216 1217
f 1216 1218 1217
f 1214 1198 1215
f 1198 1216 1215
f 1201 1199 1219
f 1224 1222 1223
f 1206 997 996
f 1208 997 1206
f 1215 1217 1013
f 1215 1013 1011
f 1214 1215 1011
f 1214 1011 1229
f 1213 1214 1229
f 1213 1229 1228
f 1212 1213 1228
f 1212 1228 1227
f 1209 1212 1227
f 1225 1209 1227
f 1211 1209 1225
f 1226 1211 1225
f 1206 996 990
f 1208 1223 1222
f 1208 1222 997
f 1195 1214 1213
f 1217 1230 1013
f 1198 1214 1195
f 1197 1195 1212
f 1199 1200 1202
f 1200 1203 1202
f 1201 1200 1199
f 1196 1198 1195
f 1197 1196 1195
f 976 1185 982
f 1203 1189 1204
f 1185 1193 982
f 1194 1185 1186
f 1183 975 981
f 981 978 1183
f 1183 978 1181
f 1192 1178 1181
f 979 1192 1181
f 1193 1185 1194
f 1202 1203 1204
f 1189 1187 1204
f 1204 1187 1205
f 1209 1210 1212
f 1210 1197 1212
f 1211 1210 1209
f 1193 989 982
f 1194 1207 1206
f 1194 1206 990
f 1194 990 1193
f 1193 990 989
f 1208 1206 1207
f 1192 979 987
f 987 984 1192
f 1192 984 1190
f 1205 1187 1190
f 985 1205 1190
f 985 1190 984
f 1212 1195 1213
f 979 1181 978
f 1217 1219 1230
f 1219 1220 1231
f 1253 1031 1254
f 1031 1253 1252
f 1031 1252 1251
f 1250 1251 1252
f 1238 1005 1028
f 1029 1237 1238
f 1031 1032 1254
f 1029 1238 1028
f 1234 1237 1249
f 1246 1234 1249
f 1247 1234 1246
f 1247 1236 1234
f 1248 1247 1246
f 1233 1026 1002
f 1237 1029 1249
f 1254 1032 1255
f 1032 1033 1255
f 1239 1241 1255
f 1251 1250 1040
f 1040 1260 1039
f 1250 1260 1040
f 1037 1039 1260
f 1259 1037 1260
f 1037 1259 1258
f 1038 1037 1258
f 1036 1249 1029
f 1249 1036 1256
f 1246 1249 1256
f 1256 1257 1246
f 1257 1248 1246
f 1239 1034 1021
f 1034 1255 1033
f 1239 1255 1034
f 1026 1245 1025
f 1219 1231 1230
f 1233 1245 1026
f 1244 1024 1245
f 1005 1238 1227
f 1005 1227 1004
f 1237 1225 1238
f 1226 1225 1237
f 1234 1235 1237
f 1235 1226 1237
f 1238 1225 1227
f 1236 1235 1234
f 1224 1233 1002
f 1224 1002 1222
f 999 1221 993
f 1221 999 1232
f 1220 1221 1232
f 1220 1232 1231
f 1222 1002 997
f 1228 1004 1227
f 1007 1004 1228
f 1229 1007 1228
f 1023 1024 1244
f 1243 1023 1244
f 1021 1023 1243
f 1242 1021 1243
f 1021 1242 1240
f 1021 1240 1239
f 1241 1239 1240
f 999 1019 1232
f 1019 1017 1232
f 1232 1017 1231
f 1017 1015 1231
f 1231 1015 1230
f 1015 1013 1230
f 1011 1009 1229
f 1009 1007 1229
f 1024 1025 1245
f 1190 1178 1192
f 1191 1178 1190
f 1191 1180 1178
f 1146 1147 929
f 926 1146 929
f 1145 1146 926
f 926 1144 1145
f 927 1144 926
f 927 1143 1144
f 929 1147 930
f 1140 1141 1143
f 1142 1141 1140
f 1138 1139 1137
f 1135 1136 1137
f 1136 1138 1137
f 1133 1134 1135
f 1134 1136 1135
f 1141 1144 1143
f 1147 1148 930
f 930 1148 931
f 1148 1149 931
f 1129 938 1126
f 938 937 1154
f 1126 938 1154
f 1126 1154 1128
f 936 1154 937
f 1153 1154 936
f 935 1153 936
f 1152 1153 935
f 934 1152 935
f 1151 1152 934
f 933 1151 934
f 1150 1151 933
f 932 1150 933
f 1149 1150 932
f 931 1149 932
f 1131 1132 1133
f 939 938 1129
f 1132 1134 1133
f 1130 1132 1131
f 1116 918 1117
f 918 919 1117
f 1115 1108 1116
f 1108 918 1116
f 1114 1107 1115
f 1107 1108 1115
f 1117 924 1118
f 1106 1107 1114
f 1111 1103 1113
f 1103 1104 1113
f 923 916 1103
f 923 1103 1111
f 923 1111 1110
f 1110 1111 1112
f 1104 1105 1113
f 1117 919 924
f 920 1118 924
f 920 1119 1118
f 1126 1127 1129
f 1127 1130 1129
f 1128 1127 1126
f 1119 1121 1125
f 1124 1118 1125
f 1118 1119 1125
f 1117 1118 1124
f 1110 1112 1123
f 1122 1109 1123
f 1109 1110 1123
f 1120 921 1122
f 921 1109 1122
f 921 1119 920
f 1120 1119 921
f 1120 1121 1119
f 1129 1130 1131
f 1131 939 1129
f 940 939 1131
f 1133 940 1131
f 970 969 1172
f 1172 969 1170
f 969 966 1170
f 1170 966 1167
f 1169 1167 967
f 1167 966 967
f 962 970 1172
f 1174 1175 967
f 1176 1175 1174
f 960 1173 964
f 1166 1173 960
f 962 1158 951
f 1172 1158 962
f 1160 1158 1172
f 1175 1169 967
f 1173 1177 964
f 1177 971 964
f 1180 1179 1178
f 1187 1188 1190
f 1188 1191 1190
f 1189 1188 1187
f 971 1185 976
f 971 1177 1186
f 971 1186 1185
f 967 974 1174
f 1176 1183 1184
f 1176 975 1183
f 1176 1174 975
f 1174 974 975
f 1181 1182 1183
f 1182 1184 1183
f 1178 1179 1181
f 1179 1182 1181
f 1170 1171 1172
f 1171 1160 1172
f 1167 1168 1170
f 1168 1171 1170
f 1158 1159 951
f 1159 1161 951
f 1160 1159 1158
f 1156 1157 948
f 1156 947 1155
f 948 947 1156
f 945 1155 947
f 1139 1155 945
f 1139 945 943
f 1139 943 1137
f 943 942 1137
f 1137 942 1135
f 942 941 1135
f 1135 941 1133
f 941 940 1133
f 951 1161 950
f 961 949 963
f 950 1161 1162
f 950 1163 953
f 1169 1168 1167
f 959 1166 960
f 1165 959 958
f 1166 959 1165
f 957 1165 958
f 1164 1165 957
f 1164 957 948
f 1157 1164 948
f 1143 927 956
f 956 955 1143
f 1143 955 1140
f 955 954 1142
f 1140 955 1142
f 953 1142 954
f 1163 1142 953
f 1162 1163 950
f 2451 2452 2295
f 951 949 961
f 823 822 960
f 755 549 756
f 549 740 756
f 549 754 548
f 755 754 549
f 548 754 753
f 547 548 753
f 740 741 757
f 547 753 752
f 739 752 751
f 738 739 751
f 738 751 750
f 737 738 750
f 737 750 559
f 546 737 559
f 739 547 752
f 756 740 757
f 741 742 758
f 757 741 758
f 559 750 765
f 559 765 764
f 559 764 565
f 764 763 565
f 565 763 564
f 763 762 564
f 564 762 562
f 562 762 563
f 560 761 749
f 560 749 554
f 749 761 759
f 747 749 759
f 759 760 747
f 760 748 747
f 742 743 758
f 540 554 736
f 750 766 765
f 736 554 749
f 734 736 747
f 721 722 738
f 721 738 737
f 720 721 737
f 546 522 737
f 737 522 720
f 736 718 517
f 722 739 738
f 540 736 517
f 719 718 734
f 735 719 734
f 716 717 733
f 732 715 733
f 715 716 733
f 731 515 732
f 734 718 736
f 547 722 524
f 547 739 722
f 740 549 550
f 747 748 734
f 748 735 734
f 725 726 746
f 745 724 746
f 724 725 746
f 744 723 745
f 723 724 745
f 743 530 744
f 530 723 744
f 552 530 743
f 552 743 742
f 742 741 552
f 552 741 551
f 741 740 551
f 551 740 550
f 736 749 747
f 515 715 732
f 767 766 751
f 751 752 768
f 793 786 794
f 786 787 794
f 792 785 793
f 785 786 793
f 791 784 792
f 784 785 792
f 787 788 795
f 783 784 791
f 779 789 778
f 790 789 779
f 778 789 788
f 777 778 788
f 777 788 787
f 776 777 787
f 779 781 790
f 794 787 795
f 788 789 796
f 795 788 796
f 804 805 580
f 578 803 579
f 803 804 579
f 577 802 578
f 802 803 578
f 576 801 577
f 801 802 577
f 575 800 576
f 800 801 576
f 574 799 575
f 799 800 575
f 573 797 574
f 797 799 574
f 798 797 573
f 789 790 796
f 776 787 786
f 751 766 750
f 775 776 786
f 774 775 785
f 566 776 560
f 560 775 774
f 761 560 774
f 761 774 773
f 759 761 773
f 771 759 773
f 776 775 560
f 760 759 771
f 754 755 770
f 769 753 770
f 753 754 770
f 768 752 769
f 752 753 769
f 767 751 768
f 772 760 771
f 563 776 566
f 563 762 776
f 762 777 776
f 774 785 784
f 773 774 784
f 784 771 773
f 783 771 784
f 772 771 783
f 766 767 782
f 780 765 782
f 765 766 782
f 765 779 764
f 780 779 765
f 780 781 779
f 764 779 778
f 763 764 778
f 763 778 777
f 762 763 777
f 775 786 785
f 579 804 580
f 538 731 730
f 537 538 730
f 672 673 691
f 670 691 690
f 672 691 670
f 670 690 689
f 668 670 689
f 668 689 688
f 691 673 692
f 665 668 688
f 667 665 687
f 685 686 687
f 686 667 687
f 682 683 685
f 683 686 685
f 684 683 682
f 687 665 688
f 673 675 692
f 675 450 692
f 450 676 449
f 464 685 463
f 697 682 464
f 684 682 697
f 698 684 697
f 677 679 696
f 461 696 695
f 445 696 461
f 445 677 696
f 460 461 695
f 694 460 695
f 459 460 694
f 693 459 694
f 693 458 459
f 676 437 449
f 450 675 676
f 657 659 681
f 464 682 685
f 447 681 680
f 431 657 681
f 669 671 670
f 665 666 668
f 666 669 668
f 667 666 665
f 648 649 664
f 663 647 664
f 668 669 670
f 647 648 664
f 419 647 663
f 434 662 661
f 419 662 434
f 433 434 661
f 660 433 661
f 432 433 660
f 662 419 663
f 671 672 670
f 672 674 673
f 674 654 675
f 446 447 680
f 678 446 680
f 444 446 678
f 677 444 678
f 677 678 679
f 444 677 445
f 656 426 439
f 439 436 656
f 656 436 655
f 676 652 655
f 437 676 655
f 437 655 436
f 675 652 676
f 654 652 675
f 673 674 675
f 431 681 447
f 515 731 538
f 687 463 685
f 688 466 687
f 712 713 720
f 522 498 720
f 720 498 712
f 493 517 711
f 711 517 718
f 709 711 718
f 713 721 720
f 718 719 709
f 703 705 717
f 703 716 702
f 717 716 703
f 702 716 715
f 487 702 715
f 487 715 515
f 719 710 709
f 713 714 721
f 714 722 721
f 714 524 722
f 729 537 730
f 536 537 729
f 728 536 729
f 535 536 728
f 727 535 728
f 534 535 727
f 726 534 727
f 533 534 726
f 725 533 726
f 725 724 533
f 533 724 532
f 724 723 532
f 532 723 531
f 723 530 531
f 500 524 714
f 471 500 701
f 466 463 687
f 701 500 714
f 700 701 713
f 703 702 489
f 489 702 488
f 702 487 488
f 701 692 450
f 471 701 450
f 692 701 700
f 703 704 705
f 691 692 700
f 690 691 699
f 690 699 469
f 689 690 469
f 688 689 469
f 468 688 469
f 468 466 688
f 691 700 699
f 703 489 704
f 489 490 704
f 704 490 706
f 700 713 712
f 699 700 712
f 469 699 712
f 469 712 498
f 711 697 464
f 493 711 464
f 709 697 711
f 698 697 709
f 710 698 709
f 693 694 708
f 707 458 708
f 458 693 708
f 491 707 706
f 458 707 491
f 490 491 706
f 701 714 713
f 805 806 581
f 580 805 581
f 806 807 582
f 760 772 906
f 770 909 908
f 755 909 770
f 769 770 908
f 907 769 908
f 768 769 907
f 906 772 910
f 760 906 748
f 758 905 904
f 743 905 758
f 757 758 904
f 903 757 904
f 756 757 903
f 902 756 903
f 906 901 748
f 780 911 781
f 911 780 912
f 780 782 912
f 919 792 793
f 791 792 919
f 918 791 919
f 917 791 918
f 783 791 917
f 915 783 917
f 916 781 911
f 790 781 916
f 772 915 910
f 783 915 772
f 768 907 914
f 913 767 914
f 767 768 914
f 782 913 912
f 767 913 782
f 755 756 902
f 793 794 920
f 748 901 735
f 729 888 900
f 731 732 890
f 889 731 890
f 730 731 889
f 888 730 889
f 729 730 888
f 885 710 719
f 890 732 891
f 886 705 880
f 879 710 885
f 698 710 879
f 694 877 884
f 708 884 883
f 694 884 708
f 707 708 883
f 717 705 886
f 732 733 891
f 717 892 733
f 733 892 891
f 899 728 900
f 728 729 900
f 898 727 899
f 727 728 899
f 897 726 898
f 726 727 898
f 746 897 896
f 726 897 746
f 745 746 896
f 895 745 896
f 744 745 895
f 894 744 895
f 743 744 894
f 893 887 735
f 717 886 892
f 901 893 735
f 882 707 883
f 920 794 921
f 921 795 922
f 955 956 813
f 811 955 813
f 954 955 811
f 811 953 954
f 812 953 811
f 812 952 953
f 813 956 814
f 949 950 952
f 951 950 949
f 947 948 946
f 944 945 946
f 945 947 946
f 810 943 944
f 943 945 944
f 950 953 952
f 925 956 927
f 925 815 956
f 815 814 956
f 822 959 960
f 821 959 822
f 958 959 821
f 820 958 821
f 957 958 820
f 819 957 820
f 948 957 819
f 948 819 818
f 948 818 946
f 818 817 946
f 946 817 944
f 817 810 944
f 798 816 928
f 816 815 928
f 928 815 925
f 943 809 942
f 794 795 921
f 810 809 943
f 941 942 808
f 931 932 797
f 797 930 931
f 798 930 797
f 928 929 798
f 929 930 798
f 925 926 928
f 797 932 799
f 926 929 928
f 793 920 924
f 919 793 924
f 790 916 923
f 796 923 922
f 790 923 796
f 795 796 922
f 927 926 925
f 932 933 799
f 799 933 800
f 933 934 800
f 807 941 808
f 940 941 807
f 806 940 807
f 939 940 806
f 805 939 806
f 938 939 805
f 804 938 805
f 937 938 804
f 803 937 804
f 936 937 803
f 802 936 803
f 935 936 802
f 801 935 802
f 934 935 801
f 800 934 801
f 808 942 809
f 706 707 882
f 881 706 882
f 704 706 881
f 614 834 617
f 833 834 614
f 614 831 833
f 615 831 614
f 832 831 615
f 612 611 830
f 834 827 617
f 611 829 830
f 825 829 605
f 824 598 610
f 607 824 610
f 828 824 607
f 607 826 828
f 608 826 607
f 605 829 611
f 617 827 619
f 608 619 827
f 830 835 612
f 632 841 843
f 633 841 632
f 842 841 633
f 837 840 623
f 840 630 623
f 628 630 840
f 839 628 840
f 628 839 629
f 622 625 836
f 625 626 836
f 626 838 836
f 837 623 620
f 835 837 620
f 832 615 622
f 835 620 612
f 827 826 608
f 843 838 632
f 605 823 825
f 812 598 824
f 815 816 568
f 568 814 815
f 569 814 568
f 600 813 569
f 813 814 569
f 597 811 600
f 568 816 571
f 811 813 600
f 809 810 584
f 583 808 584
f 808 809 584
f 582 807 583
f 807 808 583
f 581 806 582
f 812 811 597
f 816 798 571
f 571 798 572
f 573 572 798
f 597 598 812
f 822 823 595
f 822 594 821
f 595 594 822
f 592 821 594
f 820 821 592
f 590 820 592
f 819 820 590
f 588 819 590
f 818 819 588
f 586 818 588
f 817 818 586
f 585 817 586
f 810 817 585
f 810 585 584
f 595 823 605
f 632 838 635
f 838 626 635
f 844 636 845
f 674 870 858
f 672 870 674
f 870 671 856
f 672 671 870
f 856 671 669
f 669 666 855
f 654 674 858
f 666 869 855
f 686 868 667
f 868 869 667
f 683 866 686
f 866 868 686
f 867 866 683
f 649 852 865
f 667 869 666
f 679 871 872
f 678 871 679
f 871 678 873
f 880 704 881
f 704 880 705
f 879 875 698
f 872 878 679
f 878 696 679
f 695 696 878
f 876 695 878
f 694 695 876
f 694 876 877
f 867 683 684
f 859 874 659
f 874 681 659
f 680 681 874
f 873 680 874
f 678 680 873
f 664 865 864
f 649 865 664
f 663 664 864
f 863 663 864
f 649 650 851
f 649 851 852
f 847 640 644
f 644 849 847
f 645 849 644
f 850 849 645
f 848 642 636
f 844 848 636
f 842 640 847
f 633 640 842
f 839 846 629
f 846 638 629
f 637 638 846
f 845 637 846
f 636 637 845
f 851 650 853
f 962 951 961
f 650 651 853
f 848 853 642
f 662 663 863
f 862 662 863
f 661 662 862
f 861 661 862
f 660 661 861
f 860 660 861
f 658 660 860
f 859 658 860
f 658 859 659
f 645 653 850
f 653 857 850
f 654 857 653
f 858 857 654
f 854 856 669
f 855 854 669
f 853 651 642
f 2295 2452 2297
f 8746 8695 8688
f 2297 2453 2298
f 2973 3212 3211
f 2973 3207 3212
f 2973 2965 3207
f 3207 3208 3214
f 3212 3207 3214
f 3208 3209 3214
f 3210 2967 3215
f 3215 2967 2976
f 3216 2981 2982
f 3216 3217 3218
f 2982 3217 3216
f 2982 3211 3217
f 2982 2974 3211
f 3211 3213 3217
f 3215 2976 3219
f 3219 2976 2984
f 2981 3220 2988
f 3221 3220 3216
f 3216 3220 2981
f 3216 3218 3221
f 3219 2984 3222
f 3222 2984 2989
f 2992 3223 2993
f 2994 3223 2992
f 3224 3223 2994
f 3224 2994 3225
f 2994 2995 3225
f 2988 3226 2995
f 2995 3226 3225
f 3211 3212 3213
f 2988 3220 3227
f 2973 3211 2974
f 2956 2967 3206
f 3180 3182 3195
f 3182 3196 3195
f 3182 3184 3196
f 3184 3197 3196
f 3198 3197 3186
f 3186 3197 3184
f 3186 3188 3198
f 3189 3190 3199
f 3190 3191 3200
f 3199 3190 3200
f 3191 3192 3200
f 3194 2928 3201
f 3201 2928 2946
f 2945 3195 2955
f 3195 3202 2955
f 3195 3196 3202
f 2452 2453 2297
f 3204 3203 3197
f 3197 3203 3196
f 3197 3198 3204
f 3206 3205 2956
f 3205 3201 2956
f 3201 2946 2956
f 2965 2955 3207
f 2955 3202 3207
f 3202 3208 3207
f 3209 3208 3203
f 3203 3208 3202
f 3203 3204 3209
f 3206 2967 3210
f 3180 3195 2945
f 3226 2988 3227
f 2996 3228 2989
f 3017 3018 3245
f 3006 3235 3247
f 3006 3247 3018
f 3018 3247 3245
f 3235 3236 3248
f 3247 3235 3248
f 3236 3237 3249
f 3248 3236 3249
f 3237 3238 3249
f 3242 3012 3019
f 3250 3242 3019
f 3251 3250 3020
f 3250 3019 3020
f 3252 3026 3027
f 3028 3252 3027
f 3253 3252 3028
f 3253 3254 3255
f 3028 3254 3253
f 3028 3243 3254
f 3028 3016 3243
f 3243 3244 3256
f 3254 3243 3256
f 3244 3246 3256
f 3251 3020 3257
f 3020 3029 3257
f 3022 3258 3031
f 3022 3023 3258
f 3023 3259 3258
f 3023 3024 3259
f 3244 3017 3245
f 3220 3221 3227
f 3244 3245 3246
f 3017 3243 3015
f 2989 3228 3222
f 3229 2999 3000
f 3229 3230 3231
f 3000 3230 3229
f 3000 3223 3230
f 3000 2993 3223
f 3223 3224 3232
f 3230 3223 3232
f 3224 3225 3232
f 3228 2996 3233
f 2996 3234 3233
f 2996 3002 3234
f 3005 3235 3006
f 3007 3235 3005
f 3236 3235 3007
f 3008 3236 3007
f 3237 3236 3008
f 3237 3008 3238
f 3008 3009 3238
f 2999 3239 3009
f 3009 3239 3238
f 2999 3229 3240
f 3239 2999 3240
f 3229 3231 3240
f 3234 3002 3010
f 3241 3234 3010
f 3010 3242 3241
f 3012 3242 3010
f 3015 3243 3016
f 3244 3243 3017
f 3024 3260 3259
f 3179 3180 2945
f 2944 3178 2945
f 3138 3134 2912
f 3134 2910 2912
f 3136 3140 2911
f 3140 2913 2911
f 3137 2914 2915
f 3137 2915 3139
f 3139 2915 3141
f 3137 2912 2914
f 2916 2913 3142
f 3142 2913 3140
f 3141 2915 3143
f 3143 2915 2917
f 2918 2916 3144
f 3142 3145 3144
f 2916 3142 3144
f 3148 3147 3146
f 3147 3149 3146
f 2920 3150 3143
f 2919 2920 3143
f 3143 2917 2919
f 3151 2918 3144
f 2922 2918 3151
f 3145 3152 3144
f 3144 3152 3151
f 3145 3154 3153
f 3152 3145 3153
f 3154 3156 3155
f 3153 3154 3155
f 3156 3158 3157
f 3138 2912 3137
f 3155 3156 3157
f 3139 3138 3137
f 3132 3136 2909
f 2895 2894 3121
f 3122 2895 3121
f 2895 3122 2897
f 2893 2899 3119
f 3119 2899 3123
f 3121 3124 3122
f 3126 3125 2900
f 3124 3126 2900
f 3124 2900 2897
f 3124 2897 3122
f 2900 3125 2902
f 3123 2899 3127
f 3127 2899 2903
f 3126 3128 3125
f 3130 3129 2904
f 3128 3130 2904
f 3128 2904 2902
f 3128 2902 3125
f 2904 3129 2906
f 3127 2903 3131
f 3131 2903 2907
f 3133 3129 3130
f 3132 3129 3133
f 3129 3132 2909
f 2906 3129 2909
f 3131 2907 3134
f 3134 2907 2910
f 3133 3135 3132
f 3132 3135 3136
f 2909 3136 2911
f 3178 3179 2945
f 3158 3160 3159
f 3160 3162 3161
f 3183 3185 3184
f 3182 3183 3184
f 3185 3187 3186
f 3184 3185 3186
f 3187 3188 3186
f 3167 3166 3189
f 3189 3166 3190
f 3190 3166 3168
f 3168 3169 3190
f 3169 3191 3190
f 3170 3192 3191
f 3169 3170 3191
f 2928 3194 3193
f 2927 2928 3193
f 3193 2923 2927
f 3171 2923 3193
f 2932 2925 3172
f 3173 2932 3172
f 2934 2932 3173
f 3174 2934 3173
f 2936 2934 3174
f 3175 2936 3174
f 2938 2936 3175
f 3176 2938 3175
f 2940 2938 3176
f 3177 2940 3176
f 2942 2940 3177
f 3178 2942 3177
f 2944 2942 3178
f 3180 3181 3182
f 3157 3158 3159
f 3181 3183 3182
f 3165 3181 3180
f 3159 3160 3161
f 3162 3164 3163
f 3161 3162 3163
f 3164 3165 3163
f 3167 3148 3166
f 3148 3146 3166
f 3166 3146 3168
f 3149 3169 3146
f 3146 3169 3168
f 3149 3170 3169
f 3150 2920 3171
f 3171 2920 2923
f 2925 2922 3151
f 3151 3152 2925
f 3152 3172 2925
f 3152 3153 3172
f 3153 3173 3172
f 3153 3155 3173
f 3155 3174 3173
f 3155 3157 3174
f 3157 3175 3174
f 3157 3159 3175
f 3159 3176 3175
f 3159 3161 3176
f 3161 3177 3176
f 3161 3163 3177
f 3163 3178 3177
f 3165 3179 3163
f 3163 3179 3178
f 3179 3165 3180
f 3024 3025 3260
f 3025 3261 3260
f 3025 3026 3261
f 3103 3102 3346
f 3098 3105 3341
f 3341 3105 3347
f 3103 3346 3348
f 3106 3103 3348
f 3350 3349 3109
f 3109 3349 3108
f 3108 3349 3347
f 3347 3105 3108
f 3348 3351 3106
f 3106 3351 3110
f 3110 3351 3352
f 3112 3110 3352
f 3109 3114 3350
f 3350 3114 3353
f 3352 3115 3112
f 3354 3115 3352
f 3354 3355 3115
f 3115 3355 3116
f 3116 3355 3356
f 3118 3116 3356
f 3353 3114 3357
f 3357 3114 3119
f 3356 3120 3118
f 3358 3120 3356
f 3120 3358 3359
f 3121 3120 3359
f 3357 3119 3360
f 3360 3119 3123
f 3102 3345 3346
f 3361 3121 3359
f 3101 3345 3102
f 3100 3344 3101
f 3330 3331 3085
f 3085 3331 3087
f 3331 3319 3087
f 3087 3319 3088
f 3319 3072 3088
f 3327 3089 3084
f 3332 3089 3327
f 3332 3333 3089
f 3089 3333 3090
f 3333 3334 3090
f 3090 3334 3091
f 3334 3335 3091
f 3091 3335 3092
f 3335 3336 3092
f 3092 3336 3093
f 3336 3337 3093
f 3093 3337 3094
f 3337 3338 3094
f 3094 3338 3096
f 3096 3338 3339
f 3097 3096 3339
f 3341 3340 3098
f 3329 3086 3098
f 3329 3098 3340
f 3339 3099 3097
f 3342 3099 3339
f 3342 3343 3099
f 3099 3343 3100
f 3343 3344 3100
f 3344 3345 3101
f 3085 3328 3330
f 3361 3362 3121
f 3124 3362 3363
f 3384 3383 3148
f 3148 3383 3147
f 3147 3383 3385
f 3149 3147 3386
f 3386 3147 3385
f 3386 3387 3149
f 3143 3150 3378
f 3378 3150 3388
f 3379 3154 3145
f 3379 3381 3154
f 3154 3381 3156
f 3158 3156 3381
f 3382 3160 3158
f 3382 3389 3160
f 3160 3389 3162
f 3389 3390 3162
f 3162 3390 3164
f 3165 3164 3391
f 3391 3164 3390
f 3391 3392 3181
f 3165 3391 3181
f 3392 3393 3183
f 3181 3392 3183
f 3393 3394 3185
f 3183 3393 3185
f 3394 3395 3187
f 3185 3394 3187
f 3395 3397 3396
f 3187 3395 3396
f 3380 3382 3158
f 3121 3362 3124
f 3381 3380 3158
f 3375 3141 3143
f 3126 3124 3363
f 3360 3123 3364
f 3364 3123 3127
f 3363 3128 3126
f 3365 3128 3363
f 3128 3365 3366
f 3130 3128 3366
f 3364 3127 3367
f 3367 3127 3131
f 3366 3368 3130
f 3368 3133 3130
f 3367 3131 3369
f 3369 3131 3134
f 3368 3135 3133
f 3370 3135 3368
f 3135 3370 3371
f 3136 3135 3371
f 3139 3373 3372
f 3138 3139 3372
f 3372 3134 3138
f 3369 3134 3372
f 3371 3374 3136
f 3374 3140 3136
f 3373 3139 3375
f 3375 3139 3141
f 3374 3376 3140
f 3376 3142 3140
f 3378 3377 3143
f 3377 3375 3143
f 3145 3142 3376
f 3086 3328 3085
f 3329 3328 3086
f 3084 3083 3327
f 3278 3277 3041
f 3277 3040 3041
f 3279 3042 3043
f 3044 3279 3043
f 3280 3279 3044
f 3280 3044 3281
f 3044 3045 3281
f 3037 3282 3045
f 3045 3282 3281
f 3037 3267 3283
f 3282 3037 3283
f 3267 3268 3284
f 3283 3267 3284
f 3268 3269 3284
f 3278 3041 3285
f 3041 3047 3285
f 3049 3286 3050
f 3286 3287 3288
f 3049 3287 3286
f 3049 3042 3287
f 3042 3279 3289
f 3287 3042 3289
f 3279 3280 3290
f 3289 3279 3290
f 3280 3281 3290
f 3285 3047 3051
f 3291 3285 3051
f 3051 3292 3291
f 3053 3292 3051
f 3276 3040 3277
f 3059 3293 3060
f 3266 3040 3276
f 3265 3266 3276
f 3026 3262 3261
f 3026 3252 3262
f 3252 3263 3262
f 3264 3263 3253
f 3253 3263 3252
f 3253 3255 3264
f 3257 3029 3032
f 3265 3257 3032
f 3265 3033 3266
f 3265 3032 3033
f 3033 3035 3266
f 3267 3037 3038
f 3039 3267 3038
f 3268 3267 3039
f 3039 3269 3268
f 3039 3031 3269
f 3031 3258 3270
f 3269 3031 3270
f 3258 3259 3271
f 3270 3258 3271
f 3259 3260 3272
f 3271 3259 3272
f 3260 3261 3273
f 3272 3260 3273
f 3261 3262 3274
f 3273 3261 3274
f 3262 3263 3275
f 3274 3262 3275
f 3263 3264 3275
f 3266 3035 3040
f 3293 3294 3295
f 3059 3294 3293
f 3059 3286 3294
f 3311 3300 3312
f 3301 3303 3312
f 3304 3305 3313
f 3305 3306 3313
f 3315 3314 3077
f 3314 3316 3078
f 3077 3314 3078
f 3316 3317 3078
f 3072 3319 3318
f 3071 3072 3318
f 3318 3320 3071
f 3071 3320 3073
f 3320 3321 3073
f 3073 3321 3074
f 3321 3322 3074
f 3074 3322 3075
f 3322 3315 3075
f 3075 3315 3076
f 3077 3076 3315
f 3317 3079 3078
f 3317 3323 3079
f 3079 3323 3080
f 3323 3324 3080
f 3080 3324 3081
f 3324 3325 3081
f 3081 3325 3082
f 3325 3326 3082
f 3082 3326 3083
f 3083 3326 3327
f 3300 3301 3312
f 3310 3299 3311
f 3299 3300 3311
f 3309 3066 3310
f 3059 3050 3286
f 3286 3288 3294
f 3061 3296 3297
f 3061 3297 3053
f 3053 3297 3292
f 3062 3296 3061
f 3298 3296 3062
f 3063 3298 3062
f 3299 3066 3067
f 3068 3299 3067
f 3300 3299 3068
f 3069 3300 3068
f 3301 3300 3069
f 3301 3302 3303
f 3120 2890 3117
f 3069 3302 3301
f 3069 3060 3293
f 3293 3295 3302
f 3297 3296 3304
f 3304 3296 3305
f 3305 3296 3298
f 3306 3305 3063
f 3063 3305 3298
f 3063 3064 3307
f 3306 3063 3307
f 3064 3065 3308
f 3307 3064 3308
f 3065 3066 3309
f 3308 3065 3309
f 3066 3299 3310
f 3069 3293 3302
f 3120 2894 2890
f 3120 3121 2894
f 3118 3120 3117
f 2933 2934 2935
f 2936 2938 2937
f 2935 2936 2937
f 2938 2940 2939
f 2937 2938 2939
f 2940 2942 2941
f 2939 2940 2941
f 2942 2944 2943
f 2941 2942 2943
f 2944 2945 2943
f 2926 2721 2722
f 2926 2722 2928
f 2928 2722 2946
f 2926 2717 2721
f 2724 2719 2929
f 2929 2930 2724
f 2930 2947 2724
f 2930 2931 2947
f 2931 2948 2947
f 2931 2933 2948
f 2933 2949 2948
f 2933 2935 2949
f 2935 2950 2949
f 2935 2937 2950
f 2937 2951 2950
f 2937 2939 2951
f 2939 2952 2951
f 2939 2941 2952
f 2941 2953 2952
f 2934 2936 2935
f 2941 2943 2953
f 2931 2932 2933
f 2930 2925 2931
f 2912 2702 2914
f 2709 2916 2710
f 2916 2709 2704
f 2913 2916 2704
f 2915 2707 2917
f 2917 2707 2711
f 2712 2710 2918
f 2918 2710 2916
f 2920 2919 2713
f 2919 2917 2713
f 2917 2711 2713
f 2714 2712 2921
f 2918 2922 2921
f 2712 2918 2921
f 2713 2715 2920
f 2920 2715 2923
f 2924 2714 2921
f 2716 2714 2924
f 2922 2925 2924
f 2921 2922 2924
f 2928 2927 2926
f 2927 2717 2926
f 2927 2923 2717
f 2923 2715 2717
f 2929 2716 2924
f 2719 2716 2929
f 2925 2930 2924
f 2924 2930 2929
f 2925 2932 2931
f 2932 2934 2933
f 2914 2702 2706
f 2943 2954 2953
f 2943 2945 2954
f 2962 2971 2970
f 2962 2963 2971
f 2963 2972 2971
f 2973 2974 2972
f 2973 2972 2964
f 2964 2972 2963
f 2964 2965 2973
f 2976 2967 2966
f 2975 2976 2966
f 2966 2737 2975
f 2730 2737 2966
f 2742 2736 2977
f 2736 2968 2977
f 2968 2978 2977
f 2968 2969 2978
f 2969 2979 2978
f 2969 2970 2979
f 2970 2980 2979
f 2981 2980 2971
f 2971 2980 2970
f 2971 2972 2982
f 2981 2971 2982
f 2972 2974 2982
f 2984 2976 2975
f 2983 2984 2975
f 2975 2743 2983
f 2737 2743 2975
f 2742 2977 2747
f 2977 2985 2747
f 2961 2962 2970
f 2945 2955 2954
f 2961 2970 2969
f 2960 2969 2968
f 2946 2722 2956
f 2956 2722 2725
f 2724 2957 2729
f 2724 2947 2957
f 2947 2948 2957
f 2948 2958 2957
f 2948 2949 2958
f 2949 2959 2958
f 2949 2950 2959
f 2950 2960 2959
f 2950 2951 2960
f 2951 2961 2960
f 2951 2952 2961
f 2952 2962 2961
f 2952 2953 2962
f 2953 2963 2962
f 2953 2954 2963
f 2954 2964 2963
f 2955 2965 2964
f 2954 2955 2964
f 2967 2956 2966
f 2956 2730 2966
f 2956 2725 2730
f 2957 2735 2729
f 2735 2957 2736
f 2957 2958 2736
f 2958 2959 2736
f 2959 2968 2736
f 2959 2960 2968
f 2960 2961 2969
f 2706 2707 2914
f 2707 2915 2914
f 2913 2704 2701
f 2646 2864 2865
f 2647 2646 2865
f 2868 2867 2866
f 2867 2856 2651
f 2866 2867 2651
f 2854 2650 2651
f 2856 2854 2651
f 2857 2650 2854
f 2653 2650 2857
f 2636 2653 2857
f 2865 2869 2647
f 2647 2869 2654
f 2869 2870 2654
f 2654 2870 2655
f 2870 2871 2655
f 2655 2871 2656
f 2871 2872 2656
f 2656 2872 2657
f 2872 2873 2657
f 2657 2873 2658
f 2873 2874 2658
f 2658 2874 2659
f 2659 2874 2875
f 2660 2659 2875
f 2877 2868 2866
f 2876 2877 2866
f 2664 2876 2651
f 2876 2866 2651
f 2660 2875 2878
f 2645 2864 2646
f 2881 2880 2879
f 2863 2864 2645
f 2862 2863 2644
f 2628 2848 2630
f 2848 2849 2630
f 2630 2849 2632
f 2633 2632 2850
f 2850 2632 2849
f 2850 2852 2851
f 2633 2850 2851
f 2852 2853 2851
f 2856 2855 2854
f 2855 2858 2857
f 2854 2855 2857
f 2858 2859 2636
f 2857 2858 2636
f 2636 2859 2635
f 2635 2859 2842
f 2840 2638 2842
f 2638 2635 2842
f 2843 2638 2840
f 2639 2638 2843
f 2626 2639 2843
f 2640 2633 2851
f 2853 2640 2851
f 2853 2641 2640
f 2853 2860 2641
f 2641 2860 2642
f 2860 2861 2642
f 2642 2861 2643
f 2861 2862 2643
f 2643 2862 2644
f 2644 2863 2645
f 2876 2670 2671
f 2877 2876 2671
f 2877 2671 2879
f 2897 2900 2896
f 2902 2901 2687
f 2900 2902 2687
f 2900 2687 2685
f 2900 2685 2896
f 2687 2901 2689
f 2903 2899 2898
f 2691 2903 2898
f 2691 2898 2686
f 2902 2904 2901
f 2906 2905 2692
f 2904 2906 2692
f 2904 2692 2689
f 2904 2689 2901
f 2692 2905 2694
f 2907 2903 2691
f 2696 2907 2691
f 2909 2905 2906
f 2908 2905 2909
f 2905 2908 2698
f 2694 2905 2698
f 2696 2700 2907
f 2907 2700 2910
f 2908 2909 2701
f 2909 2911 2701
f 2908 2701 2698
f 2910 2700 2912
f 2912 2700 2702
f 2911 2913 2701
f 2683 2686 2892
f 2898 2892 2686
f 2893 2892 2898
f 2899 2893 2898
f 2877 2879 2880
f 2876 2664 2670
f 2878 2882 2666
f 2882 2883 2666
f 2666 2883 2672
f 2885 2884 2673
f 2885 2673 2883
f 2883 2673 2672
f 2673 2884 2674
f 2886 2881 2879
f 2677 2886 2879
f 2671 2677 2879
f 2885 2887 2884
f 2884 2887 2674
f 2977 2978 2985
f 2887 2888 2674
f 2890 2678 2888
f 2888 2678 2674
f 2679 2678 2889
f 2891 2679 2889
f 2679 2891 2680
f 2886 2677 2683
f 2886 2683 2892
f 2890 2894 2889
f 2889 2895 2891
f 2894 2895 2889
f 2897 2896 2680
f 2895 2897 2680
f 2895 2680 2891
f 2680 2896 2685
f 2890 2889 2678
f 3397 3398 3396
f 2978 2986 2985
f 2979 2987 2986
f 3071 3073 2842
f 3070 3071 2842
f 2842 3073 2841
f 2841 3073 3074
f 3074 3075 2841
f 2841 3075 2844
f 3075 3076 2844
f 2844 3076 2845
f 3076 3077 2845
f 2845 3077 2846
f 3077 3078 2846
f 2846 3078 2847
f 3078 3079 2847
f 2847 3079 2848
f 3079 3080 2848
f 2848 3080 2849
f 3080 3081 2849
f 2849 3081 2850
f 3081 3082 2850
f 2850 3082 2852
f 2853 2852 3083
f 3083 2852 3082
f 3083 3084 2853
f 3086 3085 2856
f 2856 3085 2855
f 2855 3085 3087
f 3087 3088 2855
f 2855 3088 2858
f 3070 3088 3072
f 3072 3071 3070
f 3070 2859 3088
f 3058 3060 3069
f 3057 3058 3069
f 2830 3054 2829
f 3055 3054 2830
f 2830 2832 3055
f 3056 2834 2835
f 2836 3056 2835
f 3057 3056 2836
f 2837 3057 2836
f 3058 3057 2837
f 3058 3059 3060
f 2837 3059 3058
f 2837 3048 3059
f 2837 2828 3048
f 3048 3050 3059
f 3053 3052 3061
f 3052 3054 3062
f 3061 3052 3062
f 3054 3055 3063
f 3062 3054 3063
f 3055 2832 2838
f 3055 2838 3063
f 3063 2838 3064
f 3064 2838 3065
f 2838 2839 3065
f 2834 3066 2839
f 2839 3066 3065
f 2834 3056 3067
f 3066 2834 3067
f 3056 3057 3068
f 3067 3056 3068
f 3068 3057 3069
f 3054 3052 2818
f 2859 2858 3088
f 3084 3089 2853
f 3103 3106 2875
f 2875 3106 2878
f 3109 3108 3107
f 3104 2880 2881
f 3105 3104 2881
f 3105 2881 3107
f 3105 3107 3108
f 3104 2877 2880
f 3106 3110 2878
f 2878 3110 2882
f 3112 3111 2883
f 3112 2883 3110
f 3110 2883 2882
f 2883 3111 2885
f 3114 3109 3113
f 3109 3107 3113
f 3113 3107 2886
f 2881 2886 3107
f 3112 3115 3111
f 3111 2887 2885
f 3111 3115 2887
f 3115 3116 2887
f 3118 3117 2888
f 3118 2888 3116
f 3116 2888 2887
f 2888 3117 2890
f 3119 3114 3113
f 2893 3119 3113
f 2893 3113 2886
f 3098 2868 2877
f 2842 2859 3070
f 3098 2877 3104
f 2874 3103 2875
f 3089 2860 2853
f 3089 3090 2860
f 2860 3090 2861
f 3090 3091 2861
f 2861 3091 2862
f 3091 3092 2862
f 2862 3092 2863
f 3092 3093 2863
f 2863 3093 2864
f 2865 2864 3094
f 3094 2864 3093
f 3094 3096 3095
f 2865 3094 3095
f 3096 3097 3095
f 2868 3098 3086
f 2867 2868 3086
f 2856 2867 3086
f 2869 2865 3095
f 3097 2869 3095
f 3097 3099 2869
f 3099 2870 2869
f 3099 3100 2870
f 2870 3100 2871
f 3100 3101 2871
f 2871 3101 2872
f 3101 3102 2872
f 2872 3102 2873
f 3103 2874 3102
f 3102 2874 2873
f 3105 3098 3104
f 2829 3054 2818
f 3052 3046 2818
f 3053 3046 3052
f 2769 3003 2767
f 3004 3003 2769
f 3004 3005 3006
f 3004 2769 3005
f 2769 2770 3005
f 2758 3007 2770
f 2770 3007 3005
f 2758 2997 3008
f 3007 2758 3008
f 2997 2998 3009
f 3008 2997 3009
f 2998 2999 3009
f 3002 3001 3010
f 3012 2771 3011
f 3010 2771 3012
f 3010 2763 2771
f 3010 3001 2763
f 2771 2773 3011
f 2779 3013 2780
f 2781 3013 2779
f 3014 3013 2781
f 3014 3015 3016
f 3014 2781 3015
f 2781 2782 3015
f 2768 3003 3017
f 2768 3017 2782
f 2782 3017 3015
f 3003 3004 3018
f 3017 3003 3018
f 2767 3003 2768
f 3004 3006 3018
f 2761 2763 3001
f 2761 3002 2754
f 2988 2987 2980
f 2980 2987 2979
f 2980 2981 2988
f 2989 2984 2983
f 2748 2989 2983
f 2743 2748 2983
f 2751 2990 2752
f 2747 2990 2751
f 2747 2991 2990
f 2992 2993 2991
f 2992 2991 2985
f 2985 2991 2747
f 2985 2986 2994
f 2992 2985 2994
f 2986 2987 2995
f 2994 2986 2995
f 2987 2988 2995
f 2989 2748 2996
f 2748 2754 2996
f 2997 2758 2759
f 2760 2997 2759
f 2998 2997 2760
f 2760 2999 2998
f 2760 2990 2999
f 2760 2752 2990
f 2990 2991 3000
f 2999 2990 3000
f 2991 2993 3000
f 2761 3001 3002
f 2754 3002 2996
f 3012 3011 3019
f 3011 2773 2783
f 3011 2783 3019
f 2809 2810 3037
f 2801 3038 2810
f 2810 3038 3037
f 2801 3030 3039
f 3038 2801 3039
f 3030 3031 3039
f 3035 3034 3040
f 3034 2805 2811
f 3034 2811 3040
f 3040 2811 3041
f 3041 2811 2812
f 2815 2816 3042
f 3042 2816 3043
f 2816 2817 3043
f 2808 3044 2817
f 2817 3044 3043
f 2808 3036 3045
f 3044 2808 3045
f 3036 3037 3045
f 3047 3041 2812
f 3046 3047 2812
f 2818 3046 2812
f 2827 3048 2828
f 3048 3049 3050
f 2827 3049 3048
f 2827 2815 3049
f 2815 3042 3049
f 3047 3046 3051
f 3053 3051 3046
f 3036 2809 3037
f 3036 2808 2809
f 2803 2805 3034
f 3033 2802 2803
f 3019 2783 3020
f 2785 3020 2783
f 3021 2789 2790
f 3021 2790 3022
f 2790 2791 3022
f 3022 2791 3023
f 2791 2792 3023
f 3023 2792 3024
f 2792 2793 3024
f 3024 2793 3025
f 2793 2794 3025
f 3025 2794 3026
f 2794 2795 3026
f 2780 3013 3027
f 2978 2979 2986
f 2780 3027 2795
f 3013 3014 3028
f 3027 3013 3028
f 3014 3016 3028
f 2796 3029 2785
f 2785 3029 3020
f 2789 3030 2801
f 3031 3030 3021
f 3021 3030 2789
f 3021 3022 3031
f 3029 2796 3032
f 2796 2802 3032
f 3032 2802 3033
f 3035 2803 3034
f 3035 3033 2803
f 2795 3027 3026
f 2847 2848 2628
f 3148 3167 3384
f 3149 3387 3170
f 3753 3754 3520
f 3520 3754 3521
f 3521 3754 3755
f 3522 3521 3755
f 3748 3517 3756
f 3756 3517 3523
f 3522 3755 3757
f 3524 3522 3757
f 3525 3758 3756
f 3523 3525 3756
f 3757 3759 3524
f 3524 3759 3526
f 3526 3759 3760
f 3527 3526 3760
f 3525 3528 3761
f 3761 3758 3525
f 3760 3529 3527
f 3760 3762 3529
f 3529 3762 3530
f 3530 3762 3763
f 3531 3530 3763
f 3764 3761 3528
f 3532 3764 3528
f 3763 3533 3531
f 3765 3533 3763
f 3533 3765 3766
f 3534 3533 3766
f 3764 3532 3767
f 3767 3532 3535
f 3519 3753 3520
f 3766 3536 3534
f 3752 3753 3519
f 3751 3752 3518
f 3504 3737 3505
f 3737 3738 3505
f 3505 3738 3506
f 3506 3738 3739
f 3507 3506 3739
f 3509 3741 3740
f 3508 3509 3740
f 3499 3740 3732
f 3499 3508 3740
f 3739 3510 3507
f 3739 3742 3510
f 3510 3742 3511
f 3742 3743 3511
f 3511 3743 3512
f 3743 3744 3512
f 3512 3744 3513
f 3744 3745 3513
f 3513 3745 3514
f 3747 3746 3515
f 3747 3515 3745
f 3745 3515 3514
f 3515 3746 3516
f 3517 3748 3741
f 3509 3517 3741
f 3747 3749 3746
f 3746 3749 3516
f 3749 3750 3516
f 3750 3751 3516
f 3516 3751 3518
f 3518 3752 3519
f 3736 3737 3504
f 3766 3768 3536
f 3769 3538 3537
f 3795 3797 3796
f 3794 3795 3796
f 3797 3799 3798
f 3796 3797 3798
f 3799 3801 3800
f 3798 3799 3800
f 3801 3803 3802
f 3800 3801 3802
f 3803 3804 3802
f 3547 3806 3805
f 3546 3547 3805
f 3805 3544 3546
f 3777 3544 3805
f 3548 3545 3778
f 3778 3779 3548
f 3779 3807 3548
f 3779 3781 3807
f 3781 3808 3807
f 3783 3809 3781
f 3781 3809 3808
f 3783 3784 3809
f 3809 3784 3810
f 3786 3811 3784
f 3784 3811 3810
f 3786 3813 3812
f 3811 3786 3812
f 3813 3814 3812
f 3817 3816 3815
f 3816 3819 3818
f 3792 3793 3794
f 3536 3768 3537
f 3793 3795 3794
f 3791 3793 3792
f 3769 3537 3770
f 3770 3537 3768
f 3770 3771 3769
f 3767 3535 3772
f 3772 3535 3539
f 3769 3540 3538
f 3540 3773 3541
f 3769 3773 3540
f 3769 3771 3773
f 3771 3774 3773
f 3772 3539 3775
f 3775 3539 3542
f 3543 3541 3773
f 3774 3776 3543
f 3773 3774 3543
f 3775 3542 3777
f 3777 3542 3544
f 3543 3778 3545
f 3543 3776 3778
f 3776 3780 3779
f 3778 3776 3779
f 3780 3782 3781
f 3779 3780 3781
f 3782 3783 3781
f 3783 3785 3784
f 3785 3786 3784
f 3789 3788 3787
f 3788 3791 3790
f 3787 3788 3790
f 3790 3791 3792
f 3815 3816 3818
f 3736 3504 3503
f 3730 3503 3728
f 3463 3464 3686
f 3686 3464 3687
f 3464 3465 3687
f 3687 3465 3688
f 3465 3466 3688
f 3688 3466 3689
f 3466 3467 3689
f 3454 3690 3467
f 3467 3690 3689
f 3454 3677 3691
f 3690 3454 3691
f 3677 3679 3691
f 3683 3460 3692
f 3460 3693 3692
f 3460 3468 3693
f 3694 3469 3470
f 3471 3694 3470
f 3695 3694 3471
f 3695 3696 3697
f 3695 3471 3696
f 3471 3472 3696
f 3461 3698 3472
f 3472 3698 3696
f 3461 3684 3699
f 3698 3461 3699
f 3684 3685 3699
f 3693 3468 3473
f 3700 3693 3473
f 3700 3473 3701
f 3685 3463 3686
f 3473 3474 3701
f 3462 3463 3685
f 3684 3461 3462
f 3664 3440 3446
f 3669 3664 3446
f 3446 3670 3669
f 3447 3670 3446
f 3448 3449 3671
f 3441 3672 3449
f 3449 3672 3671
f 3441 3665 3672
f 3670 3447 3673
f 3673 3447 3450
f 3674 3451 3448
f 3673 3450 3452
f 3675 3673 3452
f 3452 3676 3675
f 3453 3676 3452
f 3677 3454 3455
f 3677 3678 3679
f 3677 3455 3678
f 3455 3456 3678
f 3678 3456 3680
f 3456 3457 3680
f 3680 3457 3451
f 3674 3680 3451
f 3676 3453 3458
f 3681 3676 3458
f 3681 3458 3682
f 3458 3459 3682
f 3683 3682 3460
f 3682 3459 3460
f 3684 3462 3685
f 3730 3736 3503
f 3475 3702 3476
f 3475 3703 3702
f 3711 3719 3480
f 3715 3716 3720
f 3716 3717 3720
f 3722 3721 3491
f 3491 3721 3490
f 3490 3721 3723
f 3723 3724 3490
f 3490 3724 3492
f 3724 3725 3492
f 3492 3725 3493
f 3725 3726 3493
f 3493 3726 3494
f 3726 3727 3494
f 3494 3727 3495
f 3728 3496 3495
f 3728 3495 3729
f 3729 3495 3727
f 3729 3730 3728
f 3732 3731 3499
f 3499 3731 3498
f 3498 3731 3733
f 3733 3734 3498
f 3498 3734 3500
f 3734 3735 3500
f 3500 3735 3501
f 3735 3722 3501
f 3501 3722 3502
f 3491 3502 3722
f 3728 3503 3496
f 3719 3488 3480
f 3702 3703 3704
f 3487 3488 3719
f 3486 3487 3718
f 3475 3469 3703
f 3469 3694 3705
f 3703 3469 3705
f 3694 3695 3706
f 3705 3694 3706
f 3695 3697 3706
f 3701 3474 3707
f 3707 3474 3477
f 3478 3708 3709
f 3478 3702 3708
f 3478 3476 3702
f 3702 3704 3708
f 3707 3477 3479
f 3710 3707 3479
f 3711 3480 3478
f 3478 3709 3711
f 3710 3479 3481
f 3712 3710 3481
f 3712 3481 3713
f 3481 3482 3713
f 3713 3482 3714
f 3482 3483 3714
f 3714 3483 3715
f 3483 3484 3715
f 3715 3485 3716
f 3715 3484 3485
f 3716 3485 3717
f 3485 3486 3717
f 3717 3486 3718
f 3718 3487 3719
f 3819 3821 3820
f 3818 3819 3820
f 3787 3550 3551
f 3656 3657 3887
f 3649 3888 3657
f 3657 3888 3887
f 3649 3883 3888
f 3889 3890 3884
f 3889 3884 3658
f 3658 3884 3652
f 3890 3889 3891
f 3659 3892 3660
f 3892 3659 3893
f 3659 3661 3893
f 3893 3661 3894
f 3661 3662 3894
f 3894 3662 3655
f 3885 3894 3655
f 3889 3658 3663
f 3663 3891 3889
f 3663 3664 3891
f 3664 3895 3891
f 3665 3896 3897
f 3665 3666 3896
f 3896 3666 3898
f 3666 3667 3898
f 3898 3667 3899
f 3667 3668 3899
f 3899 3668 3660
f 3892 3899 3660
f 3895 3664 3669
f 3900 3895 3669
f 3886 3656 3887
f 3669 3901 3900
f 3654 3656 3886
f 3654 3885 3655
f 3871 3631 3638
f 3640 3641 3872
f 3634 3864 3873
f 3634 3873 3641
f 3641 3873 3872
f 3864 3865 3874
f 3873 3864 3874
f 3865 3867 3874
f 3871 3638 3875
f 3875 3638 3642
f 3643 3876 3644
f 3876 3643 3877
f 3643 3645 3877
f 3640 3878 3645
f 3645 3878 3877
f 3640 3872 3878
f 3875 3642 3879
f 3879 3642 3646
f 3880 3647 3644
f 3876 3880 3644
f 3881 3879 3648
f 3648 3879 3646
f 3649 3882 3883
f 3649 3650 3882
f 3882 3650 3647
f 3880 3882 3647
f 3881 3648 3651
f 3651 3652 3881
f 3652 3884 3881
f 3885 3654 3886
f 3863 3631 3871
f 3670 3901 3669
f 3665 3903 3672
f 3691 3920 3919
f 3908 3909 3920
f 3913 3683 3692
f 3921 3913 3692
f 3692 3922 3921
f 3693 3922 3692
f 3696 3923 3697
f 3923 3696 3924
f 3696 3698 3924
f 3924 3698 3925
f 3698 3699 3925
f 3685 3926 3699
f 3699 3926 3925
f 3685 3914 3927
f 3926 3685 3927
f 3914 3915 3928
f 3927 3914 3928
f 3915 3916 3929
f 3928 3915 3929
f 3916 3917 3929
f 3922 3693 3700
f 3930 3922 3700
f 3930 3700 3701
f 3703 3931 3704
f 3705 3931 3703
f 3932 3931 3705
f 3932 3705 3933
f 3705 3706 3933
f 3697 3923 3934
f 3679 3920 3691
f 3671 3672 3902
f 3679 3908 3920
f 3918 3690 3919
f 3672 3903 3902
f 3665 3897 3903
f 3901 3670 3904
f 3904 3670 3673
f 3904 3673 3675
f 3906 3904 3675
f 3675 3907 3906
f 3676 3907 3675
f 3678 3908 3679
f 3908 3678 3909
f 3678 3680 3909
f 3674 3910 3680
f 3680 3910 3909
f 3674 3905 3910
f 3907 3676 3681
f 3911 3907 3681
f 3911 3681 3912
f 3681 3682 3912
f 3682 3913 3912
f 3683 3913 3682
f 3914 3685 3686
f 3687 3914 3686
f 3915 3914 3687
f 3688 3915 3687
f 3916 3915 3688
f 3916 3688 3917
f 3688 3689 3917
f 3917 3689 3918
f 3689 3690 3918
f 3690 3691 3919
f 3858 3860 3870
f 3869 3628 3870
f 3628 3858 3870
f 3814 3826 3812
f 3812 3826 3593
f 3814 3828 3827
f 3826 3814 3827
f 3828 3830 3829
f 3827 3828 3829
f 3830 3832 3831
f 3829 3830 3831
f 3832 3834 3833
f 3831 3832 3833
f 3834 3836 3835
f 3833 3834 3835
f 3575 3835 3836
f 3575 3836 3574
f 3574 3836 3837
f 3837 3817 3574
f 3574 3817 3577
f 3815 3579 3817
f 3579 3577 3817
f 3818 3579 3815
f 3581 3579 3818
f 3820 3581 3818
f 3583 3581 3820
f 3820 3551 3583
f 3562 3822 3590
f 3822 3838 3590
f 3839 3838 3823
f 3823 3838 3822
f 3823 3824 3839
f 3812 3593 3572
f 3592 3841 3840
f 3811 3812 3572
f 3571 3810 3572
f 3789 3787 3551
f 3789 3551 3820
f 3789 3820 3821
f 3790 3550 3787
f 3553 3550 3790
f 3792 3553 3790
f 3555 3553 3792
f 3794 3555 3792
f 3557 3555 3794
f 3796 3557 3794
f 3559 3557 3796
f 3798 3559 3796
f 3561 3559 3798
f 3561 3798 3562
f 3798 3800 3562
f 3800 3802 3562
f 3802 3822 3562
f 3804 3823 3802
f 3802 3823 3822
f 3804 3824 3823
f 3806 3547 3825
f 3825 3547 3563
f 3565 3548 3807
f 3808 3565 3807
f 3567 3565 3808
f 3809 3567 3808
f 3569 3567 3809
f 3810 3569 3809
f 3571 3569 3810
f 3810 3811 3572
f 3591 3592 3840
f 3840 3563 3591
f 3825 3563 3840
f 3853 3854 3855
f 3853 3622 3854
f 3622 3623 3854
f 3615 3856 3623
f 3623 3856 3854
f 3615 3851 3856
f 3852 3616 3857
f 3857 3616 3624
f 3858 3628 3629
f 3858 3859 3860
f 3858 3629 3859
f 3629 3630 3859
f 3621 3861 3630
f 3630 3861 3859
f 3621 3853 3862
f 3861 3621 3862
f 3853 3855 3862
f 3631 3863 3857
f 3624 3631 3857
f 3633 3864 3634
f 3635 3864 3633
f 3865 3864 3635
f 3865 3866 3867
f 3865 3635 3866
f 3635 3636 3866
f 3866 3636 3868
f 3636 3637 3868
f 3628 3869 3637
f 3637 3869 3868
f 3853 3621 3622
f 3612 3616 3850
f 3616 3852 3850
f 3846 3848 3851
f 3594 3593 3826
f 3827 3594 3826
f 3595 3594 3827
f 3829 3595 3827
f 3596 3595 3829
f 3831 3596 3829
f 3597 3596 3831
f 3833 3597 3831
f 3598 3597 3833
f 3835 3598 3833
f 3600 3598 3835
f 3835 3575 3600
f 3590 3842 3606
f 3843 3844 3842
f 3660 3668 3437
f 3843 3842 3838
f 3838 3839 3843
f 3841 3592 3845
f 3845 3592 3607
f 3610 3846 3611
f 3846 3847 3848
f 3610 3847 3846
f 3610 3606 3847
f 3606 3842 3849
f 3847 3606 3849
f 3842 3844 3849
f 3845 3607 3850
f 3850 3607 3612
f 3615 3846 3851
f 3615 3611 3846
f 3838 3842 3590
f 3668 3445 3437
f 3444 3445 3668
f 3667 3444 3668
f 3483 3307 3484
f 3308 3309 3485
f 3484 3308 3485
f 3309 3310 3486
f 3485 3309 3486
f 3310 3311 3487
f 3486 3310 3487
f 3311 3312 3488
f 3487 3311 3488
f 3312 3480 3488
f 3491 3490 3489
f 3490 3492 3315
f 3489 3490 3315
f 3315 3492 3314
f 3314 3492 3493
f 3493 3494 3314
f 3314 3494 3316
f 3317 3316 3495
f 3495 3316 3494
f 3495 3496 3317
f 3499 3498 3497
f 3498 3500 3319
f 3497 3498 3319
f 3319 3500 3318
f 3318 3500 3501
f 3501 3502 3318
f 3318 3502 3320
f 3502 3491 3320
f 3320 3491 3321
f 3307 3308 3484
f 3489 3322 3491
f 3482 3306 3483
f 3313 3482 3481
f 3278 3468 3460
f 3287 3469 3288
f 3469 3287 3470
f 3287 3289 3470
f 3470 3289 3471
f 3289 3290 3471
f 3281 3472 3290
f 3290 3472 3471
f 3281 3461 3472
f 3468 3285 3473
f 3285 3291 3473
f 3473 3291 3474
f 3292 3474 3291
f 3295 3475 3476
f 3294 3475 3295
f 3475 3294 3288
f 3469 3475 3288
f 3474 3292 3477
f 3477 3292 3297
f 3302 3478 3303
f 3478 3302 3295
f 3476 3478 3295
f 3477 3297 3304
f 3479 3477 3304
f 3312 3303 3480
f 3480 3303 3478
f 3479 3304 3313
f 3481 3479 3313
f 3306 3482 3313
f 3306 3307 3483
f 3285 3468 3278
f 3322 3321 3491
f 3496 3503 3317
f 3509 3329 3340
f 3516 3342 3339
f 3516 3518 3342
f 3518 3519 3342
f 3342 3519 3343
f 3519 3520 3343
f 3343 3520 3344
f 3520 3521 3344
f 3344 3521 3345
f 3345 3521 3522
f 3346 3345 3522
f 3517 3341 3523
f 3523 3341 3347
f 3346 3522 3524
f 3348 3346 3524
f 3349 3350 3525
f 3525 3523 3349
f 3349 3523 3347
f 3524 3526 3348
f 3348 3526 3351
f 3351 3526 3527
f 3352 3351 3527
f 3525 3350 3528
f 3528 3350 3353
f 3527 3354 3352
f 3529 3354 3527
f 3529 3530 3354
f 3354 3530 3355
f 3355 3530 3531
f 3340 3341 3509
f 3315 3322 3489
f 3341 3517 3509
f 3515 3338 3337
f 3503 3323 3317
f 3503 3504 3323
f 3323 3504 3324
f 3504 3505 3324
f 3324 3505 3325
f 3505 3506 3325
f 3325 3506 3326
f 3326 3506 3507
f 3327 3326 3507
f 3329 3509 3508
f 3328 3329 3508
f 3508 3499 3328
f 3328 3499 3330
f 3497 3331 3499
f 3331 3330 3499
f 3319 3331 3497
f 3507 3332 3327
f 3510 3332 3507
f 3510 3511 3332
f 3332 3511 3333
f 3511 3512 3333
f 3333 3512 3334
f 3512 3513 3334
f 3334 3513 3335
f 3513 3514 3335
f 3335 3514 3336
f 3514 3515 3336
f 3336 3515 3337
f 3516 3338 3515
f 3338 3516 3339
f 3272 3454 3467
f 3466 3271 3467
f 3271 3272 3467
f 3212 3419 3213
f 3419 3212 3420
f 3212 3214 3420
f 3209 3421 3214
f 3214 3421 3420
f 3209 3417 3421
f 3418 3210 3422
f 3422 3210 3215
f 3217 3423 3218
f 3423 3217 3213
f 3419 3423 3213
f 3422 3215 3424
f 3424 3215 3219
f 3221 3218 3425
f 3425 3218 3423
f 3424 3219 3426
f 3426 3219 3222
f 3225 3226 3427
f 3427 3226 3428
f 3226 3227 3428
f 3221 3429 3227
f 3227 3429 3428
f 3221 3425 3429
f 3430 3426 3228
f 3228 3426 3222
f 3231 3431 3432
f 3230 3431 3231
f 3431 3230 3433
f 3230 3232 3433
f 3418 3206 3210
f 3225 3434 3232
f 3415 3206 3418
f 3412 3201 3414
f 3387 3400 3170
f 3388 3150 3401
f 3401 3150 3171
f 3187 3396 3188
f 3398 3402 3188
f 3396 3398 3188
f 3189 3403 3167
f 3167 3403 3399
f 3400 3404 3192
f 3170 3400 3192
f 3194 3406 3405
f 3193 3194 3405
f 3405 3171 3193
f 3401 3171 3405
f 3198 3188 3407
f 3188 3402 3407
f 3403 3189 3408
f 3189 3199 3408
f 3408 3199 3409
f 3409 3199 3410
f 3199 3200 3410
f 3192 3411 3200
f 3200 3411 3410
f 3192 3404 3411
f 3406 3194 3412
f 3412 3194 3201
f 3206 3415 3414
f 3205 3206 3414
f 3414 3201 3205
f 3209 3416 3417
f 3232 3434 3433
f 3225 3427 3434
f 3430 3228 3233
f 3451 3255 3448
f 3450 3257 3452
f 3452 3265 3453
f 3452 3257 3265
f 3272 3273 3454
f 3454 3273 3455
f 3273 3274 3455
f 3455 3274 3456
f 3274 3275 3456
f 3264 3457 3275
f 3275 3457 3456
f 3264 3451 3457
f 3453 3265 3458
f 3265 3276 3458
f 3458 3276 3459
f 3459 3276 3460
f 3276 3277 3460
f 3278 3460 3277
f 3281 3282 3461
f 3461 3282 3462
f 3282 3283 3462
f 3462 3283 3463
f 3283 3284 3463
f 3269 3464 3284
f 3284 3464 3463
f 3269 3270 3465
f 3464 3269 3465
f 3270 3271 3466
f 3465 3270 3466
f 3264 3255 3451
f 3251 3450 3447
f 3257 3450 3251
f 3441 3449 3246
f 3233 3234 3430
f 3234 3435 3430
f 3238 3436 3437
f 3238 3239 3436
f 3436 3239 3438
f 3239 3240 3438
f 3438 3240 3231
f 3432 3438 3231
f 3435 3234 3241
f 3439 3435 3241
f 3241 3440 3439
f 3242 3440 3241
f 3245 3441 3246
f 3441 3245 3442
f 3356 3355 3531
f 3245 3247 3442
f 3247 3248 3443
f 3443 3248 3444
f 3248 3249 3444
f 3238 3445 3249
f 3249 3445 3444
f 3238 3437 3445
f 3440 3242 3250
f 3446 3440 3250
f 3250 3447 3446
f 3251 3447 3250
f 3254 3448 3255
f 3448 3254 3449
f 3254 3256 3449
f 3449 3256 3246
f 3442 3247 3443
f 3384 3167 3399
f 3528 3353 3532
f 3531 3358 3356
f 3620 3409 3410
f 3620 3410 3621
f 3410 3411 3621
f 3404 3613 3622
f 3404 3622 3411
f 3411 3622 3621
f 3613 3614 3623
f 3622 3613 3623
f 3614 3615 3623
f 3616 3406 3624
f 3624 3406 3412
f 3407 3625 3413
f 3407 3617 3625
f 3617 3626 3625
f 3617 3618 3626
f 3618 3627 3626
f 3628 3627 3619
f 3619 3627 3618
f 3619 3409 3629
f 3628 3619 3629
f 3409 3620 3630
f 3629 3409 3630
f 3620 3621 3630
f 3415 3631 3624
f 3414 3415 3624
f 3624 3412 3414
f 3416 3632 3417
f 3632 3633 3634
f 3416 3633 3632
f 3409 3619 3408
f 3416 3413 3633
f 3619 3618 3403
f 3403 3618 3617
f 3397 3395 3599
f 3397 3599 3398
f 3599 3601 3398
f 3601 3384 3398
f 3384 3399 3398
f 3387 3602 3400
f 3602 3603 3400
f 3603 3608 3400
f 3603 3604 3608
f 3604 3609 3608
f 3610 3611 3609
f 3610 3609 3605
f 3605 3609 3604
f 3605 3606 3610
f 3607 3388 3612
f 3612 3388 3401
f 3398 3399 3402
f 3399 3403 3402
f 3404 3400 3613
f 3400 3608 3613
f 3608 3614 3613
f 3615 3614 3609
f 3609 3614 3608
f 3609 3611 3615
f 3406 3616 3612
f 3405 3406 3612
f 3612 3401 3405
f 3402 3617 3407
f 3402 3403 3617
f 3408 3619 3403
f 3607 3378 3388
f 3413 3625 3635
f 3625 3626 3636
f 3430 3652 3651
f 3431 3653 3432
f 3653 3654 3655
f 3653 3431 3654
f 3431 3433 3654
f 3654 3433 3656
f 3433 3434 3656
f 3427 3657 3434
f 3434 3657 3656
f 3427 3649 3657
f 3652 3430 3658
f 3658 3430 3435
f 3437 3659 3660
f 3436 3659 3437
f 3659 3436 3661
f 3436 3438 3661
f 3432 3653 3662
f 3432 3662 3438
f 3438 3662 3661
f 3653 3655 3662
f 3658 3435 3439
f 3663 3658 3439
f 3439 3664 3663
f 3440 3664 3439
f 3441 3442 3665
f 3665 3442 3666
f 3442 3443 3666
f 3666 3443 3667
f 3443 3444 3667
f 3651 3648 3430
f 3633 3413 3635
f 3648 3426 3430
f 3650 3429 3425
f 3635 3625 3636
f 3626 3627 3637
f 3636 3626 3637
f 3627 3628 3637
f 3631 3415 3638
f 3638 3415 3418
f 3639 3419 3420
f 3639 3420 3640
f 3420 3421 3640
f 3417 3632 3641
f 3417 3641 3421
f 3421 3641 3640
f 3632 3634 3641
f 3638 3418 3642
f 3642 3418 3422
f 3423 3643 3644
f 3423 3419 3643
f 3419 3639 3645
f 3643 3419 3645
f 3639 3640 3645
f 3642 3422 3646
f 3646 3422 3424
f 3647 3425 3423
f 3423 3644 3647
f 3646 3424 3648
f 3648 3424 3426
f 3427 3428 3649
f 3649 3428 3650
f 3428 3429 3650
f 3647 3650 3425
f 3592 3378 3607
f 3589 3590 3606
f 3589 3605 3588
f 3550 3553 3552
f 3549 3550 3552
f 3553 3555 3554
f 3552 3553 3554
f 3555 3557 3556
f 3554 3555 3556
f 3557 3559 3558
f 3556 3557 3558
f 3559 3561 3560
f 3558 3559 3560
f 3561 3562 3560
f 3547 3373 3563
f 3563 3373 3375
f 3376 3374 3548
f 3548 3565 3564
f 3376 3548 3564
f 3565 3567 3566
f 3564 3565 3566
f 3567 3569 3568
f 3566 3567 3568
f 3569 3571 3570
f 3568 3569 3570
f 3571 3572 3570
f 3575 3574 3573
f 3574 3577 3576
f 3573 3574 3576
f 3577 3579 3578
f 3576 3577 3578
f 3579 3581 3580
f 3551 3550 3549
f 3578 3579 3580
f 3548 3374 3371
f 3544 3369 3546
f 3533 3358 3531
f 3358 3533 3534
f 3359 3358 3534
f 3532 3357 3535
f 3535 3357 3360
f 3534 3361 3359
f 3536 3361 3534
f 3536 3537 3361
f 3361 3537 3362
f 3362 3537 3538
f 3363 3362 3538
f 3535 3360 3539
f 3539 3360 3364
f 3538 3365 3363
f 3540 3365 3538
f 3365 3540 3541
f 3366 3365 3541
f 3539 3364 3542
f 3542 3364 3367
f 3541 3543 3366
f 3543 3368 3366
f 3542 3367 3544
f 3544 3367 3369
f 3543 3370 3368
f 3370 3543 3545
f 3371 3370 3545
f 3373 3547 3546
f 3372 3373 3546
f 3546 3369 3372
f 3545 3548 3371
f 3581 3583 3582
f 3580 3581 3582
f 3583 3551 3549
f 3392 3595 3393
f 3596 3597 3394
f 3393 3596 3394
f 3597 3598 3395
f 3394 3597 3395
f 3598 3600 3599
f 3395 3598 3599
f 3600 3575 3573
f 3600 3573 3599
f 3599 3573 3601
f 3573 3576 3601
f 3576 3384 3601
f 3384 3578 3383
f 3384 3576 3578
f 3580 3383 3578
f 3385 3383 3580
f 3582 3385 3580
f 3386 3385 3582
f 3386 3582 3387
f 3582 3584 3387
f 3584 3585 3387
f 3585 3602 3387
f 3585 3586 3602
f 3586 3603 3602
f 3586 3587 3603
f 3587 3604 3603
f 3587 3588 3604
f 3588 3605 3604
f 3606 3605 3589
f 3595 3596 3393
f 3391 3594 3392
f 3594 3595 3392
f 3390 3593 3391
f 3583 3549 3582
f 3582 3549 3584
f 3549 3552 3584
f 3552 3585 3584
f 3552 3554 3585
f 3554 3586 3585
f 3554 3556 3586
f 3556 3587 3586
f 3556 3558 3587
f 3558 3588 3587
f 3558 3560 3588
f 3560 3589 3588
f 3562 3590 3589
f 3560 3562 3589
f 3532 3353 3357
f 3378 3592 3591
f 3591 3375 3377
f 3563 3375 3591
f 3376 3564 3379
f 3564 3566 3379
f 3566 3381 3379
f 3381 3568 3380
f 3381 3566 3568
f 3380 3568 3382
f 3568 3570 3382
f 3572 3389 3570
f 3570 3389 3382
f 3572 3593 3390
f 3389 3572 3390
f 3593 3594 3391
f 3377 3378 3591
f 2625 2847 2628
f 3196 3203 3202
f 2455 2465 2303
f 2469 2327 2468
f 2584 2774 2583
f 2685 2684 2680
f 2774 2582 2583
f 2684 2681 2680
f 2421 2606 2617
f 2523 2367 2370
f 2681 2684 2499
f 2495 2681 2499
f 2682 2503 2504
f 2583 2408 2584
f 2682 2504 2683
f 2542 2538 2541
f 2538 2384 2541
f 2408 2409 2584
f 2577 2579 2772
f 2771 2762 2570
f 2771 2570 2577
f 2771 2577 2773
f 2773 2577 2772
f 2763 2762 2771
f 2757 2758 2770
f 2769 2756 2770
f 2683 2504 2686
f 2756 2757 2770
f 2767 2755 2769
f 2328 2327 2469
f 2492 2493 2487
f 2468 2327 2326
f 2386 2388 2545
f 2775 2774 2584
f 2585 2775 2584
f 2783 2772 2579
f 2677 2491 2498
f 2783 2579 2588
f 2677 2498 2682
f 2556 2391 2392
f 2525 2371 2528
f 2783 2588 2785
f 2785 2588 2784
f 2773 2772 2783
f 2766 2768 2782
f 2781 2765 2782
f 2765 2766 2782
f 2779 2764 2781
f 2495 2494 2341
f 2764 2765 2781
f 2587 2764 2779
f 2411 2416 2597
f 2587 2779 2778
f 2778 2779 2780
f 2778 2777 2587
f 2467 2468 2304
f 2304 2468 2326
f 2597 2598 2411
f 2587 2777 2586
f 2777 2776 2586
f 2586 2776 2585
f 2493 2495 2341
f 2776 2775 2585
f 2587 2574 2764
f 2598 2590 2411
f 2755 2756 2769
f 2613 2614 2619
f 2694 2693 2505
f 2629 2438 2627
f 2329 2471 2330
f 2692 2694 2505
f 2513 2511 2510
f 2692 2505 2688
f 2505 2693 2510
f 2605 2420 2611
f 2306 2331 2472
f 2377 2535 2534
f 2696 2691 2690
f 2409 2585 2584
f 2417 2599 2607
f 2761 2753 2561
f 2488 2492 2487
f 2695 2696 2690
f 2690 2512 2695
f 2511 2357 2355
f 2306 2472 2456
f 2456 2472 2473
f 2761 2561 2568
f 2761 2568 2763
f 2595 2580 2596
f 2509 2512 2690
f 2763 2568 2762
f 2698 2693 2694
f 2697 2693 2698
f 2417 2607 2422
f 2399 2571 2586
f 2568 2570 2762
f 2487 2493 2489
f 2573 2764 2574
f 2682 2498 2503
f 2685 2687 2684
f 2689 2688 2499
f 2687 2689 2499
f 2470 2328 2469
f 2576 2565 2755
f 2576 2755 2767
f 2576 2767 2766
f 2766 2767 2768
f 2766 2765 2576
f 2576 2765 2575
f 2687 2499 2684
f 2499 2688 2505
f 2691 2686 2690
f 2686 2509 2690
f 2765 2764 2575
f 2614 2426 2620
f 2575 2764 2573
f 2619 2614 2620
f 2426 2427 2621
f 2421 2422 2606
f 2399 2585 2409
f 2686 2504 2509
f 2329 2328 2470
f 2620 2426 2621
f 2610 2605 2611
f 2689 2692 2688
f 2471 2329 2470
f 2581 2582 2596
f 2589 2784 2588
f 2693 2697 2513
f 2786 2784 2589
f 2683 2677 2682
f 2592 2600 2591
f 2786 2590 2797
f 2531 2374 2376
f 2616 2615 2429
f 2797 2784 2786
f 2796 2784 2797
f 2361 2516 2518
f 2454 2324 2300
f 2389 2551 2556
f 2403 2578 2402
f 2523 2371 2525
f 2484 2663 2665
f 2785 2784 2796
f 2590 2798 2797
f 2476 2483 2665
f 2794 2777 2795
f 2777 2778 2795
f 2666 2672 2667
f 2793 2776 2794
f 2454 2462 2324
f 2667 2673 2668
f 2549 2550 2545
f 2776 2777 2794
f 2792 2775 2793
f 2775 2776 2793
f 2791 2774 2792
f 2462 2463 2324
f 2774 2775 2792
f 2778 2780 2795
f 2672 2673 2667
f 2592 2593 2601
f 2577 2569 2398
f 2357 2511 2513
f 2666 2661 2660
f 2787 2800 2799
f 2593 2787 2799
f 2593 2799 2601
f 2661 2666 2662
f 2353 2507 2355
f 2662 2666 2667
f 2469 2662 2668
f 2668 2662 2667
f 2563 2565 2576
f 2604 2418 2603
f 2570 2569 2577
f 2484 2665 2483
f 2579 2402 2578
f 2469 2668 2477
f 2523 2370 2371
f 2671 2670 2669
f 2670 2664 2663
f 2670 2663 2669
f 2577 2398 2402
f 2516 2361 2359
f 2590 2598 2798
f 2669 2663 2484
f 2383 2539 2385
f 2429 2615 2428
f 2518 2516 2515
f 2598 2597 2602
f 2577 2402 2579
f 2324 2463 2325
f 2463 2464 2325
f 2325 2464 2301
f 2498 2491 2497
f 2346 2496 2347
f 2788 2787 2595
f 2301 2464 2465
f 2679 2680 2492
f 2538 2381 2384
f 2514 2358 2360
f 2581 2406 2582
f 2496 2346 2494
f 2429 2617 2616
f 2406 2407 2582
f 2595 2787 2594
f 2417 2412 2599
f 2389 2556 2392
f 2545 2388 2549
f 2582 2407 2583
f 2429 2421 2617
f 2679 2492 2488
f 2679 2488 2676
f 2493 2341 2489
f 2787 2593 2594
f 2493 2492 2680
f 2681 2493 2680
f 2465 2466 2303
f 2466 2467 2303
f 2493 2681 2495
f 2303 2467 2304
f 2407 2408 2583
f 2346 2341 2494
f 2678 2679 2675
f 2675 2679 2676
f 2507 2511 2355
f 2616 2617 2618
f 2301 2465 2455
f 2790 2582 2791
f 2673 2674 2477
f 2582 2774 2791
f 2673 2477 2668
f 2518 2515 2519
f 2485 2477 2674
f 2675 2485 2674
f 2491 2349 2497
f 2580 2404 2405
f 2491 2490 2349
f 2601 2600 2592
f 2596 2790 2789
f 2582 2790 2596
f 2486 2485 2675
f 2676 2486 2675
f 2486 2676 2488
f 2677 2671 2669
f 2595 2596 2789
f 2788 2595 2789
f 2491 2677 2669
f 2591 2600 2599
f 2406 2580 2405
f 2412 2591 2599
f 2581 2580 2406
f 2490 2348 2349
f 2491 2669 2484
f 2674 2678 2675
f 2590 2786 2589
f 2510 2693 2513
f 2700 2696 2699
f 2754 2753 2761
f 2387 2547 2551
f 2735 2736 2734
f 2470 2477 2471
f 2591 2412 2413
f 2414 2591 2413
f 2471 2477 2478
f 2630 2632 2631
f 2728 2734 2733
f 2707 2525 2711
f 2705 2520 2524
f 2708 2527 2526
f 2415 2594 2593
f 2592 2591 2414
f 2730 2542 2737
f 2629 2630 2631
f 2729 2734 2728
f 2729 2735 2734
f 2728 2733 2732
f 2710 2712 2527
f 2708 2526 2522
f 2390 2549 2388
f 2547 2552 2551
f 2711 2525 2713
f 2713 2525 2528
f 2712 2530 2529
f 2501 2505 2506
f 2712 2714 2530
f 2548 2553 2552
f 2710 2527 2708
f 2712 2529 2527
f 2737 2542 2546
f 2738 2544 2731
f 2524 2520 2367
f 2534 2379 2377
f 2404 2580 2595
f 2534 2537 2380
f 2733 2734 2740
f 2733 2740 2739
f 2703 2522 2521
f 2732 2733 2739
f 2732 2739 2738
f 2731 2732 2738
f 2704 2522 2703
f 2548 2544 2738
f 2704 2708 2522
f 2705 2525 2707
f 2704 2709 2708
f 2376 2378 2533
f 2705 2524 2525
f 2590 2410 2411
f 2372 2529 2373
f 2390 2554 2549
f 2373 2529 2530
f 2477 2485 2478
f 2389 2387 2551
f 2627 2628 2629
f 2533 2378 2536
f 2505 2500 2499
f 2500 2505 2501
f 2477 2470 2469
f 2703 2521 2519
f 2715 2713 2531
f 2713 2528 2531
f 2554 2555 2549
f 2540 2537 2726
f 2472 2331 2335
f 2483 2476 2338
f 2506 2510 2507
f 2536 2538 2720
f 2350 2501 2507
f 2484 2483 2482
f 2538 2725 2720
f 2475 2336 2332
f 2725 2722 2720
f 2335 2480 2472
f 2472 2480 2473
f 2718 2719 2723
f 2482 2483 2338
f 2473 2480 2474
f 2481 2475 2474
f 2719 2724 2723
f 2718 2723 2537
f 2634 2635 2637
f 2718 2532 2719
f 2534 2718 2537
f 2719 2532 2716
f 2722 2721 2720
f 2721 2536 2720
f 2555 2550 2549
f 2547 2548 2552
f 2721 2717 2536
f 2717 2533 2536
f 2474 2480 2481
f 2404 2594 2415
f 2537 2723 2726
f 2723 2727 2726
f 2714 2716 2530
f 2432 2637 2638
f 2632 2633 2631
f 2534 2380 2379
f 2727 2728 2732
f 2716 2532 2530
f 2330 2471 2479
f 2636 2635 2634
f 2531 2533 2715
f 2727 2732 2731
f 2479 2471 2478
f 2607 2599 2608
f 2726 2727 2731
f 2507 2501 2506
f 2544 2540 2731
f 2731 2540 2726
f 2715 2533 2717
f 2725 2542 2730
f 2538 2542 2725
f 2330 2479 2334
f 2718 2534 2535
f 2635 2638 2637
f 2718 2535 2532
f 2423 2424 2613
f 2592 2414 2593
f 2414 2415 2593
f 2724 2729 2728
f 2723 2728 2727
f 2724 2728 2723
f 2710 2708 2709
f 2432 2638 2431
f 2431 2638 2639
f 2311 2333 2458
f 2698 2701 2515
f 2338 2344 2482
f 2438 2436 2627
f 2555 2754 2748
f 2627 2436 2624
f 2513 2516 2359
f 2559 2754 2555
f 2559 2753 2754
f 2746 2747 2751
f 2697 2515 2513
f 2436 2434 2626
f 2309 2457 2475
f 2746 2750 2745
f 2615 2616 2623
f 2572 2574 2587
f 2751 2750 2746
f 2579 2578 2588
f 2624 2436 2626
f 2751 2752 2750
f 2535 2377 2375
f 2309 2475 2332
f 2702 2700 2699
f 2484 2345 2490
f 2484 2482 2345
f 2517 2702 2699
f 2431 2626 2434
f 2745 2750 2749
f 2578 2403 2589
f 2475 2457 2474
f 2559 2561 2753
f 2621 2427 2622
f 2564 2755 2565
f 2750 2752 2760
f 2759 2749 2760
f 2749 2750 2760
f 2758 2558 2759
f 2585 2399 2586
f 2558 2749 2759
f 2580 2581 2596
f 2594 2404 2595
f 2567 2558 2758
f 2696 2695 2699
f 2567 2758 2757
f 2699 2695 2514
f 2757 2756 2567
f 2567 2756 2566
f 2540 2380 2537
f 2539 2380 2540
f 2756 2755 2566
f 2571 2572 2587
f 2456 2473 2457
f 2427 2615 2622
f 2512 2514 2695
f 2457 2473 2474
f 2586 2571 2587
f 2357 2513 2359
f 2609 2603 2610
f 2603 2605 2610
f 2507 2510 2511
f 2698 2515 2697
f 2566 2755 2564
f 2639 2626 2431
f 2602 2418 2604
f 2588 2578 2589
f 2539 2382 2380
f 2599 2600 2608
f 2740 2746 2745
f 2739 2740 2745
f 2739 2745 2744
f 2702 2517 2520
f 2340 2339 2487
f 2738 2739 2744
f 2553 2548 2744
f 2744 2548 2738
f 2702 2520 2705
f 2702 2705 2706
f 2743 2546 2550
f 2737 2546 2743
f 2536 2378 2538
f 2486 2334 2479
f 2625 2628 2627
f 2734 2736 2741
f 2486 2488 2339
f 2624 2625 2627
f 2736 2742 2741
f 2532 2535 2375
f 2734 2741 2740
f 2600 2601 2608
f 2488 2487 2339
f 2485 2486 2478
f 2478 2486 2479
f 2628 2630 2629
f 2512 2358 2514
f 2486 2339 2334
f 2538 2378 2381
f 2382 2539 2383
f 2489 2340 2487
f 2517 2699 2514
f 2744 2745 2749
f 2744 2749 2558
f 2553 2744 2558
f 2622 2615 2623
f 2616 2618 2623
f 2482 2344 2345
f 2491 2484 2490
f 2515 2516 2513
f 2481 2343 2336
f 2385 2543 2387
f 2748 2550 2555
f 2703 2701 2704
f 2626 2625 2624
f 2743 2550 2748
f 2343 2481 2342
f 2481 2480 2342
f 2741 2742 2747
f 2741 2746 2740
f 2747 2746 2741
f 2604 2603 2609
f 2403 2410 2589
f 2356 2358 2512
f 2589 2410 2590
f 2480 2335 2342
f 2701 2703 2519
f 2515 2701 2519
f 2707 2706 2705
f 2340 2489 2341
f 2422 2607 2606
f 2801 2800 2788
f 2336 2475 2481
f 2323 2322 2448
f 2617 2815 2814
f 2449 2645 2450
f 2546 2542 2541
f 2442 2641 2443
f 2832 2831 2838
f 2831 2833 2839
f 2637 2459 2634
f 2461 2459 2637
f 2557 2558 2567
f 2838 2831 2839
f 2640 2641 2442
f 2617 2814 2618
f 2441 2640 2442
f 2637 2432 2461
f 2633 2640 2441
f 2647 2654 2648
f 2314 2313 2435
f 2526 2368 2365
f 2437 2314 2435
f 2648 2654 2454
f 2453 2299 2298
f 2617 2606 2815
f 2641 2642 2443
f 2826 2828 2837
f 2443 2642 2445
f 2647 2452 2646
f 2435 2313 2433
f 2812 2813 2818
f 2450 2646 2451
f 2836 2825 2837
f 2807 2808 2817
f 2364 2521 2365
f 2527 2529 2369
f 2645 2646 2450
f 2556 2557 2567
f 2644 2645 2449
f 2558 2557 2552
f 2420 2605 2419
f 2816 2806 2817
f 2545 2546 2541
f 2806 2807 2817
f 2815 2606 2816
f 2606 2806 2816
f 2566 2556 2567
f 2543 2544 2547
f 2501 2496 2500
f 2543 2547 2387
f 2541 2386 2545
f 2520 2363 2367
f 2315 2314 2437
f 2654 2655 2454
f 2508 2509 2502
f 2440 2439 2631
f 2570 2397 2569
f 2631 2439 2629
f 2522 2526 2365
f 2568 2397 2570
f 2463 2658 2464
f 2439 2438 2629
f 2658 2659 2464
f 2464 2659 2465
f 2568 2393 2397
f 2611 2813 2610
f 2660 2466 2659
f 2812 2609 2610
f 2659 2466 2465
f 2467 2466 2660
f 2812 2610 2813
f 2661 2467 2660
f 2524 2367 2523
f 2468 2467 2661
f 2662 2468 2661
f 2657 2658 2463
f 2462 2657 2463
f 2561 2560 2568
f 2354 2356 2508
f 2447 2644 2449
f 2497 2349 2351
f 2633 2441 2440
f 2655 2656 2454
f 2454 2656 2462
f 2656 2657 2462
f 2833 2834 2839
f 2368 2526 2369
f 2842 2841 2840
f 2841 2844 2843
f 2316 2315 2437
f 2356 2512 2508
f 2454 2299 2453
f 2390 2393 2560
f 2362 2363 2517
f 2347 2496 2501
f 2352 2354 2502
f 2633 2440 2631
f 2502 2354 2508
f 2496 2499 2500
f 2494 2499 2496
f 2551 2557 2556
f 2643 2644 2447
f 2811 2609 2812
f 2818 2813 2819
f 2552 2557 2551
f 2504 2503 2502
f 2826 2825 2623
f 2613 2424 2425
f 2834 2833 2823
f 2453 2648 2454
f 2623 2825 2622
f 2651 2650 2649
f 2302 2455 2303
f 2544 2548 2547
f 2825 2824 2622
f 2360 2362 2517
f 2650 2653 2652
f 2460 2459 2458
f 2642 2643 2445
f 2302 2301 2455
f 2384 2386 2541
f 2622 2824 2621
f 2426 2614 2425
f 2824 2823 2621
f 2621 2823 2620
f 2823 2822 2620
f 2563 2562 2396
f 2497 2351 2352
f 2498 2497 2352
f 2826 2827 2828
f 2563 2564 2565
f 2308 2307 2456
f 2831 2820 2821
f 2366 2521 2364
f 2832 2830 2820
f 2498 2352 2502
f 2518 2521 2366
f 2457 2308 2456
f 2396 2564 2563
f 2308 2457 2309
f 2649 2650 2652
f 2829 2819 2830
f 2818 2819 2829
f 2821 2822 2831
f 2396 2391 2564
f 2814 2815 2827
f 2623 2618 2814
f 2623 2814 2827
f 2822 2833 2831
f 2307 2306 2456
f 2498 2502 2503
f 2623 2827 2826
f 2819 2820 2830
f 2562 2394 2395
f 2560 2554 2390
f 2652 2653 2460
f 2420 2423 2611
f 2310 2459 2461
f 2834 2823 2835
f 2430 2461 2432
f 2611 2612 2819
f 2518 2366 2361
f 2561 2559 2554
f 2531 2371 2374
f 2528 2371 2531
f 2824 2825 2836
f 2430 2312 2461
f 2835 2824 2836
f 2819 2813 2611
f 2555 2554 2559
f 2312 2310 2461
f 2433 2312 2430
f 2296 2323 2448
f 2365 2521 2522
f 2552 2553 2558
f 2825 2826 2837
f 2313 2312 2433
f 2636 2634 2460
f 2564 2391 2566
f 2612 2820 2819
f 2612 2613 2820
f 2648 2453 2647
f 2611 2423 2612
f 2823 2833 2822
f 2533 2531 2376
f 2612 2423 2613
f 2299 2454 2300
f 2453 2452 2647
f 2532 2375 2373
f 2347 2501 2350
f 2620 2822 2619
f 2653 2636 2460
f 2646 2452 2451
f 2822 2821 2613
f 2561 2554 2560
f 2311 2458 2459
f 2391 2556 2566
f 2512 2509 2508
f 2396 2562 2395
f 2311 2459 2310
f 2619 2822 2613
f 2634 2459 2460
f 2613 2821 2820
f 2823 2824 2835
f 2510 2506 2505
f 2530 2532 2373
f 2832 2820 2831
f 2803 2598 2602
f 2800 2801 2810
f 2539 2543 2385
f 2805 2804 2811
f 2369 2526 2527
f 2419 2603 2418
f 2540 2544 2543
f 2803 2602 2805
f 2499 2494 2495
f 2397 2398 2569
f 2651 2649 2663
f 2322 2321 2446
f 2448 2322 2446
f 2568 2560 2393
f 2476 2652 2460
f 2805 2602 2804
f 2804 2604 2609
f 2529 2372 2369
f 2802 2797 2803
f 2797 2798 2803
f 2539 2540 2543
f 2843 2844 2626
f 2615 2427 2428
f 2605 2603 2419
f 2664 2651 2663
f 2804 2609 2811
f 2573 2394 2575
f 2445 2643 2447
f 2809 2799 2810
f 2803 2798 2598
f 2602 2416 2418
f 2608 2806 2607
f 2807 2806 2608
f 2401 2394 2573
f 2846 2847 2625
f 2806 2606 2607
f 2608 2808 2807
f 2608 2601 2808
f 2652 2476 2665
f 2649 2652 2665
f 2525 2524 2523
f 2350 2507 2353
f 2625 2845 2846
f 2626 2845 2625
f 2468 2662 2469
f 2321 2320 2444
f 2602 2604 2804
f 2363 2520 2517
f 2446 2321 2444
f 2613 2425 2614
f 2394 2562 2575
f 2401 2573 2572
f 2601 2799 2809
f 2572 2573 2574
f 2572 2571 2401
f 2401 2571 2400
f 2571 2399 2400
f 2808 2601 2809
f 2799 2800 2810
f 2663 2649 2665
f 2509 2504 2502
f 2602 2597 2416
f 2490 2345 2348
f 2788 2800 2787
f 2575 2562 2576
f 2788 2789 2801
f 2562 2563 2576
f 2840 2841 2843
f 2796 2797 2802
f 2844 2845 2626
f 2518 2519 2521
f 2550 2546 2545
f 7593 7413 7598
f 7598 7768 7593
f 7174 7171 7293
f 7293 7295 7174
f 7279 7137 7130
f 7124 7277 7130
f 6378 6386 6577
f 6391 6192 6196
f 6196 6396 6391
f 5021 5237 5240
f 4927 4929 5139
f 4925 4736 4735
f 4735 4927 4925
f 3935 3930 3701
f 3145 3376 3379
f 2886 2892 2893
f 2878 2666 2660
f 2517 2514 2360
f 2288 2421 2429
f 2247 2394 2401
f 2243 2391 2396
f 2357 2196 2194
f 1969 1973 1974
f 1058 1063 1064
f 755 902 909
f 743 894 905
f 885 719 735
f 735 887 885
f 867 684 698
f 698 875 867
f 836 832 622

