# https://github.com/mikedh/trimesh

o DBT1_0002_FDI_27.obj
v -61.48931885 -18.29999924 -48.29999924
v -61.50000000 -18.25763130 -48.29999924
v -61.50000000 -18.29999924 -48.13907623
v -61.48074722 -18.29999924 -48.59999847
v -61.50000000 -18.21505356 -48.59999847
v -61.48427200 -18.29999924 -48.90000153
v -61.50000000 -18.22501755 -48.90000153
v -61.50000000 -18.29999924 -49.20000076
v -61.46866226 -18.60000038 -47.70000076
v -61.50000000 -18.46784592 -47.70000076
v -61.50000000 -18.60000038 -47.40000153
v -61.44455719 -18.60000038 -48.00000000
v -61.50000000 -18.34210968 -48.00000000
v -61.42868042 -18.60000038 -48.29999924
v -61.42327499 -18.60000038 -48.59999847
v -61.42868042 -18.60000038 -48.90000153
v -61.44425583 -18.60000038 -49.20000076
v -61.46821213 -18.60000038 -49.50000000
v -61.50000000 -18.42756844 -49.50000000
v -61.50000000 -18.60000038 -49.79999924
v -61.47424698 -18.89999962 -47.40000153
v -61.50000000 -18.89999962 -47.28469086
v -61.43193054 -18.89999962 -47.70000076
v -61.40408325 -18.89999962 -48.00000000
v -61.38729858 -18.89999962 -48.29999924
v -61.38145065 -18.89999962 -48.59999847
v -61.38619232 -18.89999962 -48.90000153
v -61.40087509 -18.89999962 -49.20000076
v -61.42462921 -18.89999962 -49.50000000
v -61.45728302 -18.89999962 -49.79999924
v -61.50000000 -18.89999962 -50.09999847
v -61.46560669 -19.20000076 -47.40000153
v -61.50000000 -19.20000076 -47.23022842
v -61.41996002 -19.20000076 -47.70000076
v -61.38813019 -19.20000076 -48.00000000
v -61.36839676 -19.20000076 -48.29999924
v -61.35992432 -19.20000076 -48.59999847
v -61.36206818 -19.20000076 -48.90000153
v -61.37436295 -19.20000076 -49.20000076
v -61.39613724 -19.20000076 -49.50000000
v -61.42603683 -19.20000076 -49.79999924
v -61.46170044 -19.20000076 -50.09999847
v -61.50000000 -19.20000076 -50.40000153
v -61.47353745 -19.50000000 -47.40000153
v -61.50000000 -19.50000000 -47.26776505
v -61.42866898 -19.50000000 -47.70000076
v -61.39564514 -19.50000000 -48.00000000
v -61.37335205 -19.50000000 -48.29999924
v -61.36136627 -19.50000000 -48.59999847
v -61.35958862 -19.50000000 -48.90000153
v -61.36810684 -19.50000000 -49.20000076
v -61.38679886 -19.50000000 -49.50000000
v -61.41404724 -19.50000000 -49.79999924
v -61.44715881 -19.50000000 -50.09999847
v -61.48743057 -19.50000000 -50.40000153
v -61.50000000 -19.50000000 -50.48693848
v -61.50000000 -19.79999924 -47.40000153
v -61.45829773 -19.79999924 -47.70000076
v -61.42528915 -19.79999924 -48.00000000
v -61.40113068 -19.79999924 -48.29999924
v -61.38587952 -19.79999924 -48.59999847
v -61.37986374 -19.79999924 -48.90000153
v -61.38385010 -19.79999924 -49.20000076
v -61.39889526 -19.79999924 -49.50000000
v -61.42536545 -19.79999924 -49.79999924
v -61.46068954 -19.79999924 -50.09999847
v -61.49891663 -19.79999924 -50.40000153
v -61.50000000 -19.79999924 -50.40822220
v -61.50000000 -20.03613853 -47.70000076
v -61.47500610 -20.10000038 -48.00000000
v -61.50000000 -20.10000038 -47.79399872
v -61.44927216 -20.10000038 -48.29999924
v -61.43230438 -20.10000038 -48.59999847
v -61.42248917 -20.10000038 -48.90000153
v -61.42188644 -20.10000038 -49.20000076
v -61.43211746 -20.10000038 -49.50000000
v -61.45636749 -20.10000038 -49.79999924
v -61.50000000 -20.10000038 -50.09999847
v -61.50000000 -19.80956459 -50.40000153
v -61.50000000 -20.21132851 -48.00000000
v -61.50000000 -20.32892036 -48.29999924
v -61.50000000 -20.39999962 -48.59999847
v -61.48601532 -20.39999962 -48.90000153
v -61.48208618 -20.39999962 -49.20000076
v -61.48712158 -20.39999962 -49.50000000
v -61.50000000 -20.39999962 -49.79999924
v -61.50000000 -20.45218658 -48.90000153
v -61.50000000 -20.46690178 -49.20000076
v -61.50000000 -20.44777679 -49.50000000
v -61.76393509 -17.09999847 -48.59999847
v -61.79999924 -16.95242882 -48.59999847
v -61.79999924 -17.09999847 -48.29999924
v -61.74400330 -17.09999847 -48.90000153
v -61.79999924 -16.84840393 -48.90000153
v -61.74286270 -17.09999847 -49.20000076
v -61.79999924 -16.79999924 -49.20000076
v -61.76379395 -17.09999847 -49.50000000
v -61.79999924 -16.91677666 -49.50000000
v -61.79999924 -17.09999847 -49.79999924
v -61.73278809 -17.39999771 -48.29999924
v -61.79999924 -17.39999771 -48.00000000
v -61.69429016 -17.39999771 -48.59999847
v -61.67885208 -17.39999771 -48.90000153
v -61.68368149 -17.39999771 -49.20000076
v -61.70682526 -17.39999771 -49.50000000
v -61.74650955 -17.39999771 -49.79999924
v -61.79999924 -17.39999771 -50.09999847
v -61.74173737 -17.70000076 -47.70000076
v -61.79999924 -17.53549004 -47.70000076
v -61.79999924 -17.70000076 -47.40000153
v -61.69323730 -17.70000076 -48.00000000
v -61.65008163 -17.70000076 -48.29999924
v -61.62192917 -17.70000076 -48.59999847
v -61.61283112 -17.70000076 -48.90000153
v -61.62195206 -17.70000076 -49.20000076
v -61.64691162 -17.70000076 -49.50000000
v -61.68503952 -17.70000076 -49.79999924
v -61.73019791 -17.70000076 -50.09999847
v -61.77254105 -17.70000076 -50.40000153
v -61.79999924 -17.56758308 -50.40000153
v -61.79999924 -17.70000076 -50.59946823
v -61.76877213 -18.00000000 -47.09999847
v -61.79999924 -17.91751099 -47.09999847
v -61.79999924 -18.00000000 -46.98940659
v -61.69409943 -18.00000000 -47.40000153
v -61.63692856 -18.00000000 -47.70000076
v -61.59483719 -18.00000000 -48.00000000
v -61.56547928 -18.00000000 -48.29999924
v -61.54892731 -18.00000000 -48.59999847
v -61.54704285 -18.00000000 -48.90000153
v -61.55961990 -18.00000000 -49.20000076
v -61.58463669 -18.00000000 -49.50000000
v -61.62062454 -18.00000000 -49.79999924
v -61.66336060 -18.00000000 -50.09999847
v -61.70833588 -18.00000000 -50.40000153
v -61.75357819 -18.00000000 -50.70000076
v -61.79999924 -17.76869392 -50.70000076
v -61.79999924 -18.00000000 -51.00000000
v -61.75247574 -18.29999924 -46.79999924
v -61.79999924 -18.15745544 -46.79999924
v -61.79999924 -18.29999924 -46.64084244
v -61.66625595 -18.29999924 -47.09999847
v -61.59159088 -18.29999924 -47.40000153
v -61.54165649 -18.29999924 -47.70000076
v -61.50933838 -18.29999924 -48.00000000
v -61.52371216 -18.29999924 -49.50000000
v -61.55767441 -18.29999924 -49.79999924
v -61.59993744 -18.29999924 -50.09999847
v -61.64543533 -18.29999924 -50.40000153
v -61.69057083 -18.29999924 -50.70000076
v -61.73288345 -18.29999924 -51.00000000
v -61.76799393 -18.29999924 -51.29999924
v -61.79999924 -18.14602089 -51.29999924
v -61.79999924 -18.29999924 -51.59999847
v -61.76474762 -18.60000038 -46.50000000
v -61.79999924 -18.46180153 -46.50000000
v -61.79999924 -18.60000038 -46.38077927
v -61.67512131 -18.60000038 -46.79999924
v -61.58645630 -18.60000038 -47.09999847
v -61.54345703 -18.60000038 -50.09999847
v -61.58740234 -18.60000038 -50.40000153
v -61.63148880 -18.60000038 -50.70000076
v -61.67387009 -18.60000038 -51.00000000
v -61.71350098 -18.60000038 -51.29999924
v -61.75241089 -18.60000038 -51.59999847
v -61.79703903 -18.60000038 -51.90000153
v -61.79999924 -18.58302116 -51.90000153
v -61.79999924 -18.60000038 -51.91858673
v -61.71155548 -18.89999962 -46.50000000
v -61.79999924 -18.89999962 -46.20000076
v -61.62455750 -18.89999962 -46.79999924
v -61.54250717 -18.89999962 -47.09999847
v -61.53806686 -18.89999962 -50.40000153
v -61.58148575 -18.89999962 -50.70000076
v -61.62525940 -18.89999962 -51.00000000
v -61.66707993 -18.89999962 -51.29999924
v -61.70776367 -18.89999962 -51.59999847
v -61.75068283 -18.89999962 -51.90000153
v -61.79999924 -18.89999962 -52.20000076
v -61.77068710 -19.20000076 -46.20000076
v -61.79999924 -19.20000076 -46.10144806
v -61.68470764 -19.20000076 -46.50000000
v -61.60179901 -19.20000076 -46.79999924
v -61.52669907 -19.20000076 -47.09999847
v -61.54592514 -19.20000076 -50.70000076
v -61.59025192 -19.20000076 -51.00000000
v -61.63140488 -19.20000076 -51.29999924
v -61.66965103 -19.20000076 -51.59999847
v -61.70677567 -19.20000076 -51.90000153
v -61.74492645 -19.20000076 -52.20000076
v -61.78378296 -19.20000076 -52.50000000
v -61.79999924 -19.11120605 -52.50000000
v -61.79999924 -19.20000076 -52.60625076
v -61.76837921 -19.50000000 -46.20000076
v -61.79999924 -19.50000000 -46.09232330
v -61.68512344 -19.50000000 -46.50000000
v -61.60589981 -19.50000000 -46.79999924
v -61.53391266 -19.50000000 -47.09999847
v -61.53082275 -19.50000000 -50.70000076
v -61.57247543 -19.50000000 -51.00000000
v -61.61004257 -19.50000000 -51.29999924
v -61.64278412 -19.50000000 -51.59999847
v -61.67213440 -19.50000000 -51.90000153
v -61.70122528 -19.50000000 -52.20000076
v -61.73364639 -19.50000000 -52.50000000
v -61.77230835 -19.50000000 -52.79999924
v -61.79999924 -19.35472870 -52.79999924
v -61.79999924 -19.50000000 -52.98152924
v -61.79322815 -19.79999924 -46.20000076
v -61.79999924 -19.79999924 -46.17623520
v -61.71230316 -19.79999924 -46.50000000
v -61.63609695 -19.79999924 -46.79999924
v -61.56494522 -19.79999924 -47.09999847
v -61.53786850 -19.79999924 -50.70000076
v -61.57454681 -19.79999924 -51.00000000
v -61.60599899 -19.79999924 -51.29999924
v -61.63129807 -19.79999924 -51.59999847
v -61.65214920 -19.79999924 -51.90000153
v -61.67232513 -19.79999924 -52.20000076
v -61.69590759 -19.79999924 -52.50000000
v -61.72560501 -19.79999924 -52.79999924
v -61.76131439 -19.79999924 -53.09999847
v -61.79999924 -19.59497833 -53.09999847
v -61.79999924 -19.79999924 -53.40000153
v -61.79999924 -19.84031296 -46.20000076
v -61.76438904 -20.10000038 -46.50000000
v -61.79999924 -20.10000038 -46.36530685
v -61.69058990 -20.10000038 -46.79999924
v -61.62201691 -20.10000038 -47.09999847
v -61.56047058 -20.10000038 -47.40000153
v -61.51156616 -20.10000038 -47.70000076
v -61.53261566 -20.10000038 -50.40000153
v -61.56671143 -20.10000038 -50.70000076
v -61.59730148 -20.10000038 -51.00000000
v -61.62131119 -20.10000038 -51.29999924
v -61.63853836 -20.10000038 -51.59999847
v -61.65118408 -20.10000038 -51.90000153
v -61.66294861 -20.10000038 -52.20000076
v -61.67771149 -20.10000038 -52.50000000
v -61.69855118 -20.10000038 -52.79999924
v -61.72727585 -20.10000038 -53.09999847
v -61.76425171 -20.10000038 -53.40000153
v -61.79999924 -20.10000038 -53.63623810
v -61.79999924 -20.24587631 -46.50000000
v -61.76684570 -20.39999962 -46.79999924
v -61.79999924 -20.39999962 -46.66050720
v -61.70044327 -20.39999962 -47.09999847
v -61.63608170 -20.39999962 -47.40000153
v -61.58256912 -20.39999962 -47.70000076
v -61.54297256 -20.39999962 -48.00000000
v -61.51605225 -20.39999962 -48.29999924
v -61.54574203 -20.39999962 -50.09999847
v -61.58469009 -20.39999962 -50.40000153
v -61.61668396 -20.39999962 -50.70000076
v -61.64101028 -20.39999962 -51.00000000
v -61.65744019 -20.39999962 -51.29999924
v -61.66725540 -20.39999962 -51.59999847
v -61.67316055 -20.39999962 -51.90000153
v -61.67823410 -20.39999962 -52.20000076
v -61.68547058 -20.39999962 -52.50000000
v -61.69775772 -20.39999962 -52.79999924
v -61.71842957 -20.39999962 -53.09999847
v -61.75096893 -20.39999962 -53.40000153
v -61.79381943 -20.39999962 -53.70000076
v -61.79999924 -20.28303337 -53.70000076
v -61.79999924 -20.39999962 -53.73803711
v -61.79999924 -20.50623512 -46.79999924
v -61.79999924 -20.69999886 -47.09999847
v -61.71953201 -20.69999886 -47.40000153
v -61.66556931 -20.69999886 -47.70000076
v -61.62622452 -20.69999886 -48.00000000
v -61.59768677 -20.69999886 -48.29999924
v -61.57872391 -20.69999886 -48.59999847
v -61.56702042 -20.69999886 -48.90000153
v -61.56350708 -20.69999886 -49.20000076
v -61.56990814 -20.69999886 -49.50000000
v -61.58919907 -20.69999886 -49.79999924
v -61.62325287 -20.69999886 -50.09999847
v -61.65949249 -20.69999886 -50.40000153
v -61.68855667 -20.69999886 -50.70000076
v -61.70709229 -20.69999886 -51.00000000
v -61.71598816 -20.69999886 -51.29999924
v -61.71982193 -20.69999886 -51.59999847
v -61.72138214 -20.69999886 -51.90000153
v -61.72246933 -20.69999886 -52.20000076
v -61.72452164 -20.69999886 -52.50000000
v -61.72903061 -20.69999886 -52.79999924
v -61.73894119 -20.69999886 -53.09999847
v -61.76176453 -20.69999886 -53.40000153
v -61.79999924 -20.54842186 -53.70000076
v -61.79999924 -20.69999886 -53.65803909
v -61.79999924 -20.99999809 -47.40000153
v -61.76249695 -20.99999809 -47.70000076
v -61.72531891 -20.99999809 -48.00000000
v -61.69337845 -20.99999809 -48.29999924
v -61.67573929 -20.99999809 -48.59999847
v -61.66695404 -20.99999809 -48.90000153
v -61.66505051 -20.99999809 -49.20000076
v -61.67184448 -20.99999809 -49.50000000
v -61.69062805 -20.99999809 -49.79999924
v -61.72357941 -20.99999809 -50.09999847
v -61.75908661 -20.99999809 -50.40000153
v -61.78628540 -20.99999809 -50.70000076
v -61.79998779 -20.99999809 -51.00000000
v -61.79999924 -20.99999809 -51.29999924
v -61.79999924 -20.99999809 -51.59999847
v -61.79999924 -20.99999809 -51.90000153
v -61.79999924 -20.99999809 -52.20000076
v -61.79999924 -20.99999809 -52.50000000
v -61.79999924 -20.99999809 -52.79999924
v -61.79999924 -20.99999809 -53.09999847
v -61.79999924 -20.99999809 -53.40000153
v -61.79999924 -21.09037781 -47.70000076
v -61.79999924 -21.18883133 -48.00000000
v -61.79999924 -21.29999733 -48.29999924
v -61.79237747 -21.29999733 -48.59999847
v -61.78726578 -21.29999733 -48.90000153
v -61.78562164 -21.29999733 -49.20000076
v -61.78948593 -21.29999733 -49.50000000
v -61.79999924 -21.29999733 -49.79999924
v -61.79999924 -21.19183540 -50.09999847
v -61.79999924 -21.09925461 -50.40000153
v -61.79999924 -21.03326988 -50.70000076
v -61.79999924 -21.00002861 -51.00000000
v -61.79999924 -21.31634521 -48.59999847
v -61.79999924 -21.32811737 -48.90000153
v -61.79999924 -21.33216286 -49.20000076
v -61.79999924 -21.32348061 -49.50000000
v -62.06331635 -15.89999962 -48.59999847
v -62.09999847 -15.75996685 -48.59999847
v -62.09999847 -15.89999962 -48.29999924
v -62.04212570 -15.89999962 -48.90000153
v -62.09999847 -15.68394661 -48.90000153
v -62.03614044 -15.89999962 -49.20000076
v -62.09999847 -15.66686440 -49.20000076
v -62.04495621 -15.89999962 -49.50000000
v -62.09999847 -15.70389938 -49.50000000
v -62.06713104 -15.89999962 -49.79999924
v -62.09999847 -15.78885460 -49.79999924
v -62.09999847 -15.89999962 -50.09999847
v -62.08895111 -16.20000076 -48.00000000
v -62.09999847 -16.15270615 -48.00000000
v -62.09999847 -16.20000076 -47.95317841
v -62.02961349 -16.20000076 -48.29999924
v -61.98803329 -16.20000076 -48.59999847
v -61.96388626 -16.20000076 -48.90000153
v -61.95701981 -16.20000076 -49.20000076
v -61.96645355 -16.20000076 -49.50000000
v -61.99050522 -16.20000076 -49.79999924
v -62.02769852 -16.20000076 -50.09999847
v -62.07939911 -16.20000076 -50.40000153
v -62.09999847 -16.12657166 -50.40000153
v -62.09999847 -16.20000076 -50.50932312
v -62.01945877 -16.50000000 -48.00000000
v -62.09999847 -16.50000000 -47.70000076
v -61.95713806 -16.50000000 -48.29999924
v -61.91259766 -16.50000000 -48.59999847
v -61.88610840 -16.50000000 -48.90000153
v -61.87850571 -16.50000000 -49.20000076
v -61.89216995 -16.50000000 -49.50000000
v -61.92112350 -16.50000000 -49.79999924
v -61.96070099 -16.50000000 -50.09999847
v -62.00709915 -16.50000000 -50.40000153
v -62.05622101 -16.50000000 -50.70000076
v -62.09999847 -16.33442497 -50.70000076
v -62.09999847 -16.50000000 -50.97655869
v -62.09894943 -16.79999924 -47.40000153
v -62.09999847 -16.79573441 -47.40000153
v -62.09999847 -16.79999924 -47.39643478
v -62.01861191 -16.79999924 -47.70000076
v -61.94398499 -16.79999924 -48.00000000
v -61.88119888 -16.79999924 -48.29999924
v -61.83760071 -16.79999924 -48.59999847
v -61.81099701 -16.79999924 -48.90000153
v -61.82343292 -16.79999924 -49.50000000
v -61.85803986 -16.79999924 -49.79999924
v -61.89995575 -16.79999924 -50.09999847
v -61.94452286 -16.79999924 -50.40000153
v -61.98867416 -16.79999924 -50.70000076
v -62.03064346 -16.79999924 -51.00000000
v -62.09999847 -16.51504326 -51.00000000
v -62.06792450 -16.79999924 -51.29999924
v -62.09999847 -16.67819595 -51.29999924
v -62.09999847 -16.79999924 -51.59999847
v -62.01331711 -17.09999847 -47.40000153
v -62.09999847 -17.09999847 -47.09999847
v -61.93659973 -17.09999847 -47.70000076
v -61.86843109 -17.09999847 -48.00000000
v -61.84648895 -17.09999847 -50.09999847
v -61.88842392 -17.09999847 -50.40000153
v -61.92847061 -17.09999847 -50.70000076
v -61.96734619 -17.09999847 -51.00000000
v -62.00569534 -17.09999847 -51.29999924
v -62.04692841 -17.09999847 -51.59999847
v -62.09999847 -17.09999847 -51.90000153
v -62.00100708 -17.39999771 -47.09999847
v -62.09999847 -17.39999771 -46.79999924
v -61.91452026 -17.39999771 -47.40000153
v -61.84745026 -17.39999771 -47.70000076
v -61.83412552 -17.39999771 -50.40000153
v -61.87115479 -17.39999771 -50.70000076
v -61.90896606 -17.39999771 -51.00000000
v -61.94800949 -17.39999771 -51.29999924
v -61.99125290 -17.39999771 -51.59999847
v -62.04144669 -17.39999771 -51.90000153
v -62.09999847 -17.39999771 -52.20000076
v -62.04580688 -17.70000076 -46.50000000
v -62.09999847 -17.56340599 -46.50000000
v -62.09999847 -17.70000076 -46.25465775
v -61.97050858 -17.70000076 -46.79999924
v -61.88449097 -17.70000076 -47.09999847
v -61.81370926 -17.70000076 -50.70000076
v -61.85322571 -17.70000076 -51.00000000
v -61.89001846 -17.70000076 -51.29999924
v -61.93074036 -17.70000076 -51.59999847
v -61.97656250 -17.70000076 -51.90000153
v -62.02333069 -17.70000076 -52.20000076
v -62.06257248 -17.70000076 -52.50000000
v -62.09999847 -17.53332520 -52.50000000
v -62.09999847 -17.70000076 -52.79999924
v -62.01604462 -18.00000000 -46.20000076
v -62.09999847 -17.73678970 -46.20000076
v -62.09999847 -18.00000000 -45.90000153
v -61.93648148 -18.00000000 -46.50000000
v -61.85358810 -18.00000000 -46.79999924
v -61.83037567 -18.00000000 -51.29999924
v -61.86633682 -18.00000000 -51.59999847
v -61.91078568 -18.00000000 -51.90000153
v -61.95656586 -18.00000000 -52.20000076
v -61.99985123 -18.00000000 -52.50000000
v -62.03871536 -18.00000000 -52.79999924
v -62.07054138 -18.00000000 -53.09999847
v -62.09999847 -17.85142136 -53.09999847
v -62.09999847 -18.00000000 -53.40000153
v -62.08560944 -18.29999924 -45.59999847
v -62.09999847 -18.24505043 -45.59999847
v -62.09999847 -18.29999924 -45.55018997
v -62.00886917 -18.29999924 -45.90000153
v -61.92718887 -18.29999924 -46.20000076
v -61.84175873 -18.29999924 -46.50000000
v -61.84910965 -18.29999924 -51.90000153
v -61.89658356 -18.29999924 -52.20000076
v -61.94244766 -18.29999924 -52.50000000
v -61.98705292 -18.29999924 -52.79999924
v -62.03240585 -18.29999924 -53.09999847
v -62.08587265 -18.29999924 -53.40000153
v -62.09999847 -18.29999924 -53.45762253
v -62.01918030 -18.60000038 -45.59999847
v -62.09999847 -18.60000038 -45.29999924
v -61.93763351 -18.60000038 -45.90000153
v -61.85326004 -18.60000038 -46.20000076
v -61.84404755 -18.60000038 -52.20000076
v -61.88940430 -18.60000038 -52.50000000
v -61.93877792 -18.60000038 -52.79999924
v -61.99561310 -18.60000038 -53.09999847
v -62.06183624 -18.60000038 -53.40000153
v -62.09999847 -18.60000038 -53.56833267
v -62.07841110 -18.89999962 -45.29999924
v -62.09999847 -18.89999962 -45.24780273
v -61.97832489 -18.89999962 -45.59999847
v -61.88767242 -18.89999962 -45.90000153
v -61.83815384 -18.89999962 -52.50000000
v -61.88676071 -18.89999962 -52.79999924
v -61.94672394 -18.89999962 -53.09999847
v -62.01813507 -18.89999962 -53.40000153
v -62.09999847 -18.89999962 -53.70000076
v -62.07062531 -19.20000076 -45.29999924
v -62.09999847 -19.20000076 -45.23302460
v -61.95814514 -19.20000076 -45.59999847
v -61.86046600 -19.20000076 -45.90000153
v -61.82976532 -19.20000076 -52.79999924
v -61.88505554 -19.20000076 -53.09999847
v -61.94692993 -19.20000076 -53.40000153
v -62.00501251 -19.20000076 -53.70000076
v -62.04211426 -19.20000076 -54.00000000
v -62.09999847 -18.97779655 -54.00000000
v -62.07028580 -19.20000076 -54.29999924
v -62.09999847 -19.08016205 -54.29999924
v -62.09999847 -19.20000076 -54.59999847
v -62.07415771 -19.50000000 -45.29999924
v -62.09999847 -19.50000000 -45.24430084
v -61.95613098 -19.50000000 -45.59999847
v -61.85706329 -19.50000000 -45.90000153
v -61.81842422 -19.50000000 -53.09999847
v -61.86933517 -19.50000000 -53.40000153
v -61.92075348 -19.50000000 -53.70000076
v -61.96454620 -19.50000000 -54.00000000
v -61.99964905 -19.50000000 -54.29999924
v -62.03092575 -19.50000000 -54.59999847
v -62.06295013 -19.50000000 -54.90000153
v -62.09999847 -19.34158325 -54.90000153
v -62.09999847 -19.50000000 -55.20000076
v -62.08469009 -19.79999924 -45.29999924
v -62.09999847 -19.79999924 -45.26931763
v -61.97246170 -19.79999924 -45.59999847
v -61.87873840 -19.79999924 -45.90000153
v -61.85259628 -19.79999924 -53.70000076
v -61.89990234 -19.79999924 -54.00000000
v -61.94026566 -19.79999924 -54.29999924
v -61.97527313 -19.79999924 -54.59999847
v -62.00856018 -19.79999924 -54.90000153
v -62.04541779 -19.79999924 -55.20000076
v -62.09218979 -19.79999924 -55.50000000
v -62.09999847 -19.76298141 -55.50000000
v -62.09999847 -19.79999924 -55.54307938
v -62.09999847 -20.10000038 -45.29999924
v -62.01214600 -20.10000038 -45.59999847
v -61.92662048 -20.10000038 -45.90000153
v -61.84381104 -20.10000038 -46.20000076
v -61.80974197 -20.10000038 -53.70000076
v -61.85718918 -20.10000038 -54.00000000
v -61.90073395 -20.10000038 -54.29999924
v -61.93841171 -20.10000038 -54.59999847
v -61.97235870 -20.10000038 -54.90000153
v -62.00733185 -20.10000038 -55.20000076
v -62.04797363 -20.10000038 -55.50000000
v -62.09601974 -20.10000038 -55.79999924
v -62.09999847 -20.07629776 -55.79999924
v -62.09999847 -20.10000038 -55.82224274
v -62.08898163 -20.39999962 -45.59999847
v -62.09999847 -20.39999962 -45.56926727
v -62.00021744 -20.39999962 -45.90000153
v -61.91578674 -20.39999962 -46.20000076
v -61.83802795 -20.39999962 -46.50000000
v -61.84222031 -20.39999962 -54.00000000
v -61.88767624 -20.39999962 -54.29999924
v -61.92612839 -20.39999962 -54.59999847
v -61.95887756 -20.39999962 -54.90000153
v -61.99012756 -20.39999962 -55.20000076
v -62.02521133 -20.39999962 -55.50000000
v -62.06697464 -20.39999962 -55.79999924
v -62.09999847 -20.39999962 -56.00617599
v -62.09999847 -20.43468857 -45.59999847
v -62.09999847 -20.69999886 -45.90000153
v -62.00394440 -20.69999886 -46.20000076
v -61.92825699 -20.69999886 -46.50000000
v -61.86089325 -20.69999886 -46.79999924
v -61.80646133 -20.69999886 -53.70000076
v -61.85832214 -20.69999886 -54.00000000
v -61.90485001 -20.69999886 -54.29999924
v -61.94267273 -20.69999886 -54.59999847
v -61.97285461 -20.69999886 -54.90000153
v -61.99863434 -20.69999886 -55.20000076
v -62.02521515 -20.69999886 -55.50000000
v -62.05905914 -20.69999886 -55.79999924
v -62.09999847 -20.69999886 -56.07411957
v -62.09999847 -20.99999809 -46.20000076
v -62.03799057 -20.99999809 -46.50000000
v -61.96819687 -20.99999809 -46.79999924
v -61.89126587 -20.99999809 -47.09999847
v -61.85581970 -20.99999809 -53.70000076
v -61.90825272 -20.99999809 -54.00000000
v -61.95468140 -20.99999809 -54.29999924
v -61.99184036 -20.99999809 -54.59999847
v -62.01843643 -20.99999809 -54.90000153
v -62.04214478 -20.99999809 -55.20000076
v -62.05491257 -20.99999809 -55.50000000
v -62.06905746 -20.99999809 -55.79999924
v -62.09999847 -20.99999809 -55.98117828
v -62.09999847 -21.13336182 -46.50000000
v -62.09999847 -21.29999733 -46.79999924
v -62.02162552 -21.29999733 -47.09999847
v -61.94679260 -21.29999733 -47.40000153
v -61.89397430 -21.29999733 -47.70000076
v -61.84786987 -21.29999733 -48.00000000
v -61.84609985 -21.29999733 -50.09999847
v -61.88772202 -21.29999733 -50.40000153
v -61.91645050 -21.29999733 -50.70000076
v -61.92938995 -21.29999733 -51.00000000
v -61.93124008 -21.29999733 -51.29999924
v -61.93012238 -21.29999733 -51.59999847
v -61.92889023 -21.29999733 -51.90000153
v -61.92773438 -21.29999733 -52.20000076
v -61.92626190 -21.29999733 -52.50000000
v -61.92449188 -21.29999733 -52.79999924
v -61.92404556 -21.29999733 -53.09999847
v -61.93067551 -21.29999733 -53.40000153
v -61.95522690 -21.29999733 -53.70000076
v -61.99075699 -21.29999733 -54.00000000
v -62.04101944 -21.29999733 -54.29999924
v -62.08310699 -21.29999733 -54.59999847
v -62.09999847 -21.29999733 -54.90000153
v -62.09999847 -21.18092728 -55.20000076
v -62.09999847 -21.16713905 -55.50000000
v -62.09999847 -21.29999733 -55.79999924
v -62.09999847 -21.44610977 -47.09999847
v -62.09999847 -21.60000038 -47.40000153
v -62.05406189 -21.60000038 -47.70000076
v -62.00769424 -21.60000038 -48.00000000
v -61.96646500 -21.60000038 -48.29999924
v -61.94086075 -21.60000038 -48.59999847
v -61.92713928 -21.60000038 -48.90000153
v -61.92269516 -21.60000038 -49.20000076
v -61.92873764 -21.60000038 -49.50000000
v -61.95106125 -21.60000038 -49.79999924
v -61.99788284 -21.60000038 -50.09999847
v -62.04957581 -21.60000038 -50.40000153
v -62.08743286 -21.60000038 -50.70000076
v -62.09999847 -21.60000038 -51.00000000
v -62.09999847 -21.60000038 -51.29999924
v -62.09999847 -21.60000038 -51.59999847
v -62.09999847 -21.60000038 -51.90000153
v -62.09999847 -21.60000038 -52.20000076
v -62.09999847 -21.60000038 -52.50000000
v -62.09999847 -21.60000038 -52.79999924
v -62.09999847 -21.60000038 -53.09999847
v -62.09999847 -21.60000038 -53.40000153
v -62.09999847 -21.60000038 -53.70000076
v -62.09999847 -21.60000038 -54.00000000
v -62.09999847 -21.43729401 -54.29999924
v -62.09999847 -21.33469391 -54.59999847
v -62.09999847 -21.67223930 -47.70000076
v -62.09999847 -21.75404167 -48.00000000
v -62.09999847 -21.83039093 -48.29999924
v -62.09999847 -21.89099312 -48.59999847
v -62.08272171 -21.89999962 -48.90000153
v -62.09999847 -21.89999962 -48.66658783
v -62.07519531 -21.89999962 -49.20000076
v -62.08134079 -21.89999962 -49.50000000
v -62.09999847 -21.89999962 -49.79999924
v -62.09999847 -21.77873993 -50.09999847
v -62.09999847 -21.67865372 -50.40000153
v -62.09999847 -21.61798477 -50.70000076
v -62.09999847 -21.93086433 -48.90000153
v -62.09999847 -21.94449997 -49.20000076
v -62.09999847 -21.93232727 -49.50000000
v -62.36290741 -15.00000000 -48.29999924
v -62.40000153 -14.91631889 -48.29999924
v -62.40000153 -15.00000000 -48.00000000
v -62.32617569 -15.00000000 -48.59999847
v -62.40000153 -14.82593155 -48.59999847
v -62.30307007 -15.00000000 -48.90000153
v -62.40000153 -14.70000076 -48.90000153
v -62.31573868 -15.00000000 -49.20000076
v -62.40000153 -14.80973816 -49.20000076
v -62.34382629 -15.00000000 -49.50000000
v -62.40000153 -14.88246059 -49.50000000
v -62.37380219 -15.00000000 -49.79999924
v -62.40000153 -14.94637489 -49.79999924
v -62.40000153 -15.00000000 -50.09999847
v -62.31834030 -15.30000114 -48.00000000
v -62.40000153 -15.30000114 -47.70000076
v -62.26367950 -15.30000114 -48.29999924
v -62.22758102 -15.30000114 -48.59999847
v -62.20982361 -15.30000114 -48.90000153
v -62.21006393 -15.30000114 -49.20000076
v -62.22671509 -15.30000114 -49.50000000
v -62.25798416 -15.30000114 -49.79999924
v -62.30968857 -15.30000114 -50.09999847
v -62.40000153 -15.30000114 -50.40000153
v -62.37141800 -15.60000038 -47.40000153
v -62.40000153 -15.49353504 -47.40000153
v -62.40000153 -15.60000038 -47.29468155
v -62.30220795 -15.60000038 -47.70000076
v -62.23513412 -15.60000038 -48.00000000
v -62.17950058 -15.60000038 -48.29999924
v -62.14239120 -15.60000038 -48.59999847
v -62.12287903 -15.60000038 -48.90000153
v -62.11870575 -15.60000038 -49.20000076
v -62.12989426 -15.60000038 -49.50000000
v -62.15782928 -15.60000038 -49.79999924
v -62.20565796 -15.60000038 -50.09999847
v -62.27198029 -15.60000038 -50.40000153
v -62.33570480 -15.60000038 -50.70000076
v -62.40000153 -15.42612839 -50.70000076
v -62.40000153 -15.60000038 -50.98977280
v -62.38114929 -15.89999962 -47.09999847
v -62.40000153 -15.82173729 -47.09999847
v -62.40000153 -15.89999962 -47.04558563
v -62.29843140 -15.89999962 -47.40000153
v -62.22498322 -15.89999962 -47.70000076
v -62.15843201 -15.89999962 -48.00000000
v -62.16598511 -15.89999962 -50.40000153
v -62.23111343 -15.89999962 -50.70000076
v -62.29363251 -15.89999962 -51.00000000
v -62.40000153 -15.60627937 -51.00000000
v -62.35182953 -15.89999962 -51.29999924
v -62.40000153 -15.78525448 -51.29999924
v -62.40000153 -15.89999962 -51.59999847
v -62.31359482 -16.20000076 -47.09999847
v -62.40000153 -16.20000076 -46.79999924
v -62.23366547 -16.20000076 -47.40000153
v -62.15940475 -16.20000076 -47.70000076
v -62.13688278 -16.20000076 -50.70000076
v -62.19189072 -16.20000076 -51.00000000
v -62.24434280 -16.20000076 -51.29999924
v -62.30168152 -16.20000076 -51.59999847
v -62.37860870 -16.20000076 -51.90000153
v -62.40000153 -16.14958191 -51.90000153
v -62.40000153 -16.20000076 -51.97927475
v -62.37262344 -16.50000000 -46.79999924
v -62.40000153 -16.50000000 -46.74665833
v -62.25904083 -16.50000000 -47.09999847
v -62.17133331 -16.50000000 -47.40000153
v -62.10382462 -16.50000000 -51.00000000
v -62.14956284 -16.50000000 -51.29999924
v -62.20053864 -16.50000000 -51.59999847
v -62.26649475 -16.50000000 -51.90000153
v -62.33603668 -16.50000000 -52.20000076
v -62.40000153 -16.34274864 -52.20000076
v -62.40000153 -16.50000000 -52.50000000
v -62.30464935 -16.79999924 -46.79999924
v -62.40000153 -16.79999924 -46.56997681
v -62.19155884 -16.79999924 -47.09999847
v -62.17150879 -16.79999924 -51.90000153
v -62.23509979 -16.79999924 -52.20000076
v -62.28880692 -16.79999924 -52.50000000
v -62.33150864 -16.79999924 -52.79999924
v -62.40000153 -16.62625885 -52.79999924
v -62.36536789 -16.79999924 -53.09999847
v -62.40000153 -16.71490097 -53.09999847
v -62.40000153 -16.79999924 -53.40000153
v -62.39124298 -17.09999847 -45.90000153
v -62.40000153 -17.08602142 -45.90000153
v -62.40000153 -17.09999847 -45.59999847
v -62.36276627 -17.09999847 -46.20000076
v -62.40000153 -17.03289223 -46.20000076
v -62.29696274 -17.09999847 -46.50000000
v -62.40000153 -16.86645126 -46.50000000
v -62.20541763 -17.09999847 -46.79999924
v -62.15715408 -17.09999847 -52.20000076
v -62.20059586 -17.09999847 -52.50000000
v -62.23754883 -17.09999847 -52.79999924
v -62.27579880 -17.09999847 -53.09999847
v -62.32513809 -17.09999847 -53.40000153
v -62.40000153 -17.09999847 -53.70000076
v -62.31650925 -17.39999771 -45.59999847
v -62.40000153 -17.39999771 -45.35691452
v -62.26540756 -17.39999771 -45.90000153
v -62.22251892 -17.39999771 -46.20000076
v -62.16771317 -17.39999771 -46.50000000
v -62.12961960 -17.39999771 -52.50000000
v -62.16170502 -17.39999771 -52.79999924
v -62.20027542 -17.39999771 -53.09999847
v -62.25726318 -17.39999771 -53.40000153
v -62.34247589 -17.39999771 -53.70000076
v -62.40000153 -17.39999771 -53.84182358
v -62.34072876 -17.70000076 -45.29999924
v -62.40000153 -17.47771835 -45.29999924
v -62.40000153 -17.70000076 -45.18726730
v -62.24094772 -17.70000076 -45.59999847
v -62.17374039 -17.70000076 -45.90000153
v -62.11193848 -17.70000076 -46.20000076
v -62.13140488 -17.70000076 -53.09999847
v -62.18407059 -17.70000076 -53.40000153
v -62.27813339 -17.70000076 -53.70000076
v -62.40000153 -17.70000076 -54.00000000
v -62.26029205 -18.00000000 -45.29999924
v -62.40000153 -18.00000000 -45.00000000
v -62.16564560 -18.00000000 -45.59999847
v -62.20996857 -18.00000000 -53.70000076
v -62.31361389 -18.00000000 -54.00000000
v -62.40000153 -18.00000000 -54.29999924
v -62.31742859 -18.29999924 -45.00000000
v -62.40000153 -18.29999924 -44.87939072
v -62.17913437 -18.29999924 -45.29999924
v -62.16283798 -18.29999924 -53.70000076
v -62.23995972 -18.29999924 -54.00000000
v -62.30537415 -18.29999924 -54.29999924
v -62.35877228 -18.29999924 -54.59999847
v -62.40000153 -18.19161034 -54.59999847
v -62.40000153 -18.29999924 -54.90000153
v -62.24254990 -18.60000038 -45.00000000
v -62.40000153 -18.60000038 -44.70000076
v -62.12931442 -18.60000038 -53.70000076
v -62.17898941 -18.60000038 -54.00000000
v -62.22162247 -18.60000038 -54.29999924
v -62.26153946 -18.60000038 -54.59999847
v -62.30200195 -18.60000038 -54.90000153
v -62.34738922 -18.60000038 -55.20000076
v -62.40000153 -18.43196487 -55.20000076
v -62.40000153 -18.60000038 -55.50000000
v -62.21409607 -18.89999962 -45.00000000
v -62.40000153 -18.89999962 -44.70000076
v -62.11972809 -18.89999962 -54.00000000
v -62.14467621 -18.89999962 -54.29999924
v -62.17612839 -18.89999962 -54.59999847
v -62.21399307 -18.89999962 -54.90000153
v -62.26181793 -18.89999962 -55.20000076
v -62.32264709 -18.89999962 -55.50000000
v -62.40000153 -18.89999962 -55.79999924
v -62.39808273 -19.20000076 -44.70000076
v -62.40000153 -19.20000076 -44.69765091
v -62.21163940 -19.20000076 -45.00000000
v -62.13386917 -19.20000076 -54.90000153
v -62.17877197 -19.20000076 -55.20000076
v -62.23718643 -19.20000076 -55.50000000
v -62.30133820 -19.20000076 -55.79999924
v -62.36111450 -19.20000076 -56.09999847
v -62.40000153 -19.07966805 -56.09999847
v -62.40000153 -19.20000076 -56.30365372
v -62.40000153 -19.50000000 -44.70000076
v -62.22283173 -19.50000000 -45.00000000
v -62.15644836 -19.50000000 -55.50000000
v -62.21592331 -19.50000000 -55.79999924
v -62.27562332 -19.50000000 -56.09999847
v -62.33590317 -19.50000000 -56.40000153
v -62.40000153 -19.26591301 -56.40000153
v -62.40000153 -19.50000000 -56.70000076
v -62.25245667 -19.79999924 -45.00000000
v -62.40000153 -19.79999924 -44.77677155
v -62.14635468 -19.79999924 -55.79999924
v -62.20392609 -19.79999924 -56.09999847
v -62.26263046 -19.79999924 -56.40000153
v -62.31898880 -19.79999924 -56.70000076
v -62.36442947 -19.79999924 -57.00000000
v -62.40000153 -19.67032051 -57.00000000
v -62.40000153 -19.79999924 -57.29999924
v -62.30463791 -20.10000038 -45.00000000
v -62.40000153 -20.10000038 -44.87209702
v -62.14900589 -20.10000038 -56.09999847
v -62.20505905 -20.10000038 -56.40000153
v -62.26105499 -20.10000038 -56.70000076
v -62.31367874 -20.10000038 -57.00000000
v -62.36556244 -20.10000038 -57.29999924
v -62.40000153 -20.10000038 -57.46289444
v -62.38002014 -20.39999962 -45.00000000
v -62.40000153 -20.39999962 -44.97241974
v -62.20632553 -20.39999962 -45.29999924
v -62.11496353 -20.39999962 -56.09999847
v -62.16954422 -20.39999962 -56.40000153
v -62.22784805 -20.39999962 -56.70000076
v -62.28652191 -20.39999962 -57.00000000
v -62.34485245 -20.39999962 -57.29999924
v -62.40000153 -20.39999962 -57.58065033
v -62.40000153 -20.47672081 -45.00000000
v -62.30305099 -20.69999886 -45.29999924
v -62.40000153 -20.69999886 -45.10735321
v -62.18749619 -20.69999886 -45.59999847
v -62.10391998 -20.69999886 -56.09999847
v -62.16040421 -20.69999886 -56.40000153
v -62.22005463 -20.69999886 -56.70000076
v -62.27981949 -20.69999886 -57.00000000
v -62.33893967 -20.69999886 -57.29999924
v -62.40000153 -20.69999886 -57.59999847
v -62.40000153 -20.99999809 -45.29999924
v -62.28828049 -20.99999809 -45.59999847
v -62.19834900 -20.99999809 -45.90000153
v -62.12216949 -20.99999809 -56.09999847
v -62.18451309 -20.99999809 -56.40000153
v -62.24027252 -20.99999809 -56.70000076
v -62.29450607 -20.99999809 -57.00000000
v -62.35037231 -20.99999809 -57.29999924
v -62.40000153 -20.99999809 -57.55572128
v -62.40000153 -21.29999733 -45.59999847
v -62.34041595 -21.29999733 -45.90000153
v -62.26610947 -21.29999733 -46.20000076
v -62.18674088 -21.29999733 -46.50000000
v -62.14472961 -21.29999733 -55.20000076
v -62.14367294 -21.29999733 -55.50000000
v -62.19940567 -21.29999733 -56.09999847
v -62.25801849 -21.29999733 -56.40000153
v -62.29442978 -21.29999733 -56.70000076
v -62.33206940 -21.29999733 -57.00000000
v -62.38925171 -21.29999733 -57.29999924
v -62.40000153 -21.29999733 -57.35434341
v -62.40000153 -21.39153862 -45.90000153
v -62.40000153 -21.50962448 -46.20000076
v -62.37117004 -21.60000038 -46.50000000
v -62.40000153 -21.60000038 -46.40160370
v -62.28139496 -21.60000038 -46.79999924
v -62.19173813 -21.60000038 -47.09999847
v -62.18343735 -21.60000038 -54.29999924
v -62.25427628 -21.60000038 -54.59999847
v -62.30838776 -21.60000038 -54.90000153
v -62.34386063 -21.60000038 -55.20000076
v -62.35472870 -21.60000038 -55.50000000
v -62.35950089 -21.60000038 -55.79999924
v -62.38379288 -21.60000038 -56.09999847
v -62.40000153 -21.60000038 -56.40000153
v -62.40000153 -21.60000038 -56.70000076
v -62.40000153 -21.60000038 -57.00000000
v -62.40000153 -21.33806419 -57.29999924
v -62.40000153 -21.64188194 -46.50000000
v -62.40000153 -21.77722931 -46.79999924
v -62.40000153 -21.89999962 -47.09999847
v -62.33800888 -21.89999962 -47.40000153
v -62.26778412 -21.89999962 -47.70000076
v -62.19713974 -21.89999962 -48.00000000
v -62.14372635 -21.89999962 -48.29999924
v -62.10523987 -21.89999962 -48.59999847
v -62.18005371 -21.89999962 -50.09999847
v -62.26386261 -21.89999962 -50.40000153
v -62.32798004 -21.89999962 -50.70000076
v -62.36178207 -21.89999962 -51.00000000
v -62.37306976 -21.89999962 -51.29999924
v -62.37368393 -21.89999962 -51.59999847
v -62.37083054 -21.89999962 -51.90000153
v -62.36743164 -21.89999962 -52.20000076
v -62.36406326 -21.89999962 -52.50000000
v -62.36023712 -21.89999962 -52.79999924
v -62.35524368 -21.89999962 -53.09999847
v -62.34930801 -21.89999962 -53.40000153
v -62.34621048 -21.89999962 -53.70000076
v -62.35749817 -21.89999962 -54.00000000
v -62.40000153 -21.89999962 -54.29999924
v -62.40000153 -21.78608322 -54.59999847
v -62.40000153 -21.70594788 -54.90000153
v -62.40000153 -21.66313362 -55.20000076
v -62.40000153 -21.64910889 -55.50000000
v -62.40000153 -21.64277649 -55.79999924
v -62.40000153 -21.61945534 -56.09999847
v -62.40000153 -21.96839905 -47.40000153
v -62.40000153 -22.05397987 -47.70000076
v -62.40000153 -22.20000076 -48.00000000
v -62.33806610 -22.20000076 -48.29999924
v -62.28543091 -22.20000076 -48.59999847
v -62.25453186 -22.20000076 -48.90000153
v -62.24785995 -22.20000076 -49.20000076
v -62.26780319 -22.20000076 -49.50000000
v -62.31977081 -22.20000076 -49.79999924
v -62.40000153 -22.20000076 -50.09999847
v -62.40000153 -22.05418205 -50.40000153
v -62.40000153 -21.97497559 -50.70000076
v -62.40000153 -21.93861961 -51.00000000
v -62.40000153 -21.92693329 -51.29999924
v -62.40000153 -21.92633438 -51.59999847
v -62.40000153 -21.92933464 -51.90000153
v -62.40000153 -21.93295670 -52.20000076
v -62.40000153 -21.93660545 -52.50000000
v -62.40000153 -21.94083595 -52.79999924
v -62.40000153 -21.94638824 -53.09999847
v -62.40000153 -21.95281410 -53.40000153
v -62.40000153 -21.95593262 -53.70000076
v -62.40000153 -21.94468498 -54.00000000
v -62.40000153 -22.29261589 -48.29999924
v -62.40000153 -22.38637733 -48.59999847
v -62.40000153 -22.43314552 -48.90000153
v -62.40000153 -22.43926430 -49.20000076
v -62.40000153 -22.40310097 -49.50000000
v -62.40000153 -22.31132889 -49.79999924
v -62.69368362 -14.39999866 -48.59999847
v -62.70000076 -14.39313698 -48.59999847
v -62.70000076 -14.39999866 -48.29999924
v -62.68498230 -14.39999866 -48.90000153
v -62.70000076 -14.38470459 -48.90000153
v -62.69345093 -14.39999866 -49.20000076
v -62.70000076 -14.39297676 -49.20000076
v -62.70000076 -14.39999866 -49.50000000
v -62.69306946 -14.70000076 -47.40000153
v -62.70000076 -14.69111156 -47.40000153
v -62.70000076 -14.70000076 -47.09999847
v -62.64389420 -14.70000076 -47.70000076
v -62.70000076 -14.62413979 -47.70000076
v -62.55736542 -14.70000076 -48.00000000
v -62.70000076 -14.39999866 -48.00000000
v -62.50844574 -14.70000076 -48.29999924
v -62.46364594 -14.70000076 -48.59999847
v -62.45820999 -14.70000076 -49.20000076
v -62.49813080 -14.70000076 -49.50000000
v -62.53868866 -14.70000076 -49.79999924
v -62.70000076 -14.39999866 -49.79999924
v -62.61619568 -14.70000076 -50.09999847
v -62.70000076 -14.60289669 -50.09999847
v -62.68257904 -14.70000076 -50.40000153
v -62.70000076 -14.68142700 -50.40000153
v -62.70000076 -14.70000076 -50.70000076
v -62.60507202 -15.00000000 -47.09999847
v -62.70000076 -15.00000000 -46.79999924
v -62.54627991 -15.00000000 -47.40000153
v -62.48652649 -15.00000000 -47.70000076
v -62.50008011 -15.00000000 -50.40000153
v -62.56797791 -15.00000000 -50.70000076
v -62.64614487 -15.00000000 -51.00000000
v -62.70000076 -14.92486095 -51.00000000
v -62.70000076 -15.00000000 -51.29999924
v -62.65423584 -15.30000114 -46.79999924
v -62.70000076 -15.30000114 -46.73008347
v -62.53092575 -15.30000114 -47.09999847
v -62.45304871 -15.30000114 -47.40000153
v -62.44870377 -15.30000114 -50.70000076
v -62.51639557 -15.30000114 -51.00000000
v -62.62922668 -15.30000114 -51.29999924
v -62.70000076 -15.30000114 -51.40562820
v -62.57297134 -15.60000038 -46.79999924
v -62.70000076 -15.60000038 -46.50000000
v -62.45726395 -15.60000038 -47.09999847
v -62.40248108 -15.60000038 -51.00000000
v -62.49324799 -15.60000038 -51.29999924
v -62.60814285 -15.60000038 -51.59999847
v -62.70000076 -15.48363495 -51.59999847
v -62.70000076 -15.60000038 -51.90000153
v -62.68924332 -15.89999962 -46.50000000
v -62.70000076 -15.89999962 -46.48772049
v -62.49842453 -15.89999962 -46.79999924
v -62.52518463 -15.89999962 -51.90000153
v -62.63907623 -15.89999962 -52.20000076
v -62.70000076 -15.82437134 -52.20000076
v -62.70000076 -15.89999962 -52.50000000
v -62.65638351 -16.20000076 -46.50000000
v -62.70000076 -16.20000076 -46.45752716
v -62.46566391 -16.20000076 -52.20000076
v -62.54821777 -16.20000076 -52.50000000
v -62.63834381 -16.20000076 -52.79999924
v -62.70000076 -16.12133598 -52.79999924
v -62.68503189 -16.20000076 -53.09999847
v -62.70000076 -16.18218040 -53.09999847
v -62.70000076 -16.20000076 -53.40000153
v -62.57581711 -16.50000000 -46.50000000
v -62.70000076 -16.50000000 -46.36193848
v -62.45657349 -16.50000000 -52.79999924
v -62.50094223 -16.50000000 -53.09999847
v -62.56164932 -16.50000000 -53.40000153
v -62.70000076 -16.50000000 -53.70000076
v -62.66955185 -16.79999924 -45.90000153
v -62.70000076 -16.77556992 -45.90000153
v -62.70000076 -16.79999924 -45.59999847
v -62.58151245 -16.79999924 -46.20000076
v -62.70000076 -16.66942978 -46.20000076
v -62.43619537 -16.79999924 -46.50000000
v -62.53401184 -16.79999924 -53.70000076
v -62.70000076 -16.79999924 -54.00000000
v -62.56723022 -17.09999847 -45.29999924
v -62.70000076 -16.96500015 -45.29999924
v -62.70000076 -17.09999847 -45.00000000
v -62.55683136 -17.09999847 -54.00000000
v -62.70000076 -17.09999847 -54.29999924
v -62.63052750 -17.39999771 -45.00000000
v -62.70000076 -17.39999771 -44.93982697
v -62.42421722 -17.39999771 -45.29999924
v -62.47367477 -17.39999771 -54.00000000
v -62.64789963 -17.39999771 -54.29999924
v -62.70000076 -17.39999771 -54.37163544
v -62.53200912 -17.70000076 -45.00000000
v -62.70000076 -17.70000076 -44.84748077
v -62.53209305 -17.70000076 -54.29999924
v -62.65719604 -17.70000076 -54.59999847
v -62.70000076 -17.63903427 -54.59999847
v -62.70000076 -17.70000076 -54.90000153
v -62.70000076 -18.00000000 -44.70000076
v -62.48183060 -18.00000000 -54.59999847
v -62.52655029 -18.00000000 -54.90000153
v -62.55448914 -18.00000000 -55.20000076
v -62.70000076 -17.70000076 -55.20000076
v -62.59936523 -18.00000000 -55.50000000
v -62.70000076 -17.70000076 -55.50000000
v -62.70000076 -18.00000000 -55.79999924
v -62.59285736 -18.29999924 -44.70000076
v -62.70000076 -18.29999924 -44.63476944
v -62.44357681 -18.29999924 -55.20000076
v -62.50133133 -18.29999924 -55.50000000
v -62.58703232 -18.29999924 -55.79999924
v -62.70000076 -18.29999924 -56.09999847
v -62.70000076 -18.60000038 -44.55858994
v -62.48727417 -18.60000038 -55.79999924
v -62.57626724 -18.60000038 -56.09999847
v -62.66699219 -18.60000038 -56.40000153
v -62.70000076 -18.55175781 -56.40000153
v -62.70000076 -18.60000038 -56.70000076
v -62.70000076 -18.89999962 -44.49352264
v -62.46126556 -18.89999962 -56.09999847
v -62.51785278 -18.89999962 -56.40000153
v -62.57096100 -18.89999962 -56.70000076
v -62.66085434 -18.89999962 -57.00000000
v -62.70000076 -18.60000038 -57.00000000
v -62.70000076 -18.89999962 -57.06807709
v -62.70000076 -19.20000076 -44.40000153
v -62.41854858 -19.20000076 -56.40000153
v -62.48120499 -19.20000076 -56.70000076
v -62.56185913 -19.20000076 -57.00000000
v -62.65166092 -19.20000076 -57.29999924
v -62.70000076 -19.12441254 -57.29999924
v -62.70000076 -19.20000076 -57.59999847
v -62.69634628 -19.50000000 -44.40000153
v -62.70000076 -19.50000000 -44.39718246
v -62.45194626 -19.50000000 -57.00000000
v -62.50921249 -19.50000000 -57.29999924
v -62.58636093 -19.50000000 -57.59999847
v -62.70000076 -19.50000000 -57.90000153
v -62.70000076 -19.79999924 -44.40000153
v -62.45901489 -19.79999924 -44.70000076
v -62.48946762 -19.79999924 -57.59999847
v -62.58046341 -19.79999924 -57.90000153
v -62.66560745 -19.79999924 -58.20000076
v -62.70000076 -19.74612427 -58.20000076
v -62.70000076 -19.79999924 -58.50000000
v -62.55252838 -20.10000038 -44.70000076
v -62.70000076 -20.10000038 -44.56116486
v -62.43067932 -20.10000038 -57.59999847
v -62.49960709 -20.10000038 -57.90000153
v -62.56923676 -20.10000038 -58.20000076
v -62.66691208 -20.10000038 -58.50000000
v -62.70000076 -20.10000038 -58.55535126
v -62.63406754 -20.39999962 -44.70000076
v -62.70000076 -20.39999962 -44.63715363
v -62.40384293 -20.39999962 -57.59999847
v -62.46283722 -20.39999962 -57.90000153
v -62.52717590 -20.39999962 -58.20000076
v -62.60821152 -20.39999962 -58.50000000
v -62.70000076 -20.39999962 -58.79999924
v -62.67456055 -20.69999886 -44.70000076
v -62.70000076 -20.69999886 -44.67315292
v -62.46039963 -20.69999886 -45.00000000
v -62.45454407 -20.69999886 -57.90000153
v -62.51438141 -20.69999886 -58.20000076
v -62.58816528 -20.69999886 -58.50000000
v -62.70000076 -20.69999886 -58.79999924
v -62.70000076 -20.99999809 -44.70000076
v -62.55160522 -20.99999809 -45.00000000
v -62.40872574 -20.99999809 -57.59999847
v -62.46645737 -20.99999809 -57.90000153
v -62.52912140 -20.99999809 -58.20000076
v -62.60953903 -20.99999809 -58.50000000
v -62.70000076 -20.99999809 -58.79999924
v -62.70000076 -21.29999733 -45.00000000
v -62.53626251 -21.29999733 -45.29999924
v -62.45059586 -21.29999733 -57.59999847
v -62.50829697 -21.29999733 -57.90000153
v -62.57049942 -21.29999733 -58.20000076
v -62.66864777 -21.29999733 -58.50000000
v -62.70000076 -21.29999733 -58.55190659
v -62.70000076 -21.60000038 -45.29999924
v -62.65152359 -21.60000038 -45.59999847
v -62.57287979 -21.60000038 -45.90000153
v -62.46673965 -21.60000038 -46.20000076
v -62.48855209 -21.60000038 -57.29999924
v -62.54174805 -21.60000038 -57.59999847
v -62.59110641 -21.60000038 -57.90000153
v -62.66011810 -21.60000038 -58.20000076
v -62.70000076 -21.60000038 -58.50000000
v -62.70000076 -21.64406395 -45.59999847
v -62.70000076 -21.72134972 -45.90000153
v -62.70000076 -21.89999962 -46.20000076
v -62.60282898 -21.89999962 -46.50000000
v -62.49086761 -21.89999962 -46.79999924
v -62.51385117 -21.89999962 -54.59999847
v -62.60250092 -21.89999962 -54.90000153
v -62.64504623 -21.89999962 -55.20000076
v -62.66014862 -21.89999962 -55.50000000
v -62.66496277 -21.89999962 -55.79999924
v -62.66712952 -21.89999962 -56.09999847
v -62.66894913 -21.89999962 -56.40000153
v -62.67174530 -21.89999962 -56.70000076
v -62.68120956 -21.89999962 -57.00000000
v -62.69850540 -21.89999962 -57.29999924
v -62.70000076 -21.89999962 -57.59999847
v -62.70000076 -21.89999962 -57.90000153
v -62.70000076 -21.66473579 -58.20000076
v -62.70000076 -22.00230217 -46.50000000
v -62.70000076 -22.20000076 -46.79999924
v -62.67768097 -22.20000076 -47.09999847
v -62.64422989 -22.20000076 -47.40000153
v -62.56413269 -22.20000076 -47.70000076
v -62.56699371 -22.20000076 -50.40000153
v -62.64680862 -22.20000076 -50.70000076
v -62.67667770 -22.20000076 -51.00000000
v -62.68514252 -22.20000076 -51.29999924
v -62.68518448 -22.20000076 -51.59999847
v -62.68235779 -22.20000076 -51.90000153
v -62.67882919 -22.20000076 -52.20000076
v -62.67499924 -22.20000076 -52.50000000
v -62.67038727 -22.20000076 -52.79999924
v -62.66483688 -22.20000076 -53.09999847
v -62.66033173 -22.20000076 -53.40000153
v -62.66223907 -22.20000076 -53.70000076
v -62.67546463 -22.20000076 -54.00000000
v -62.70000076 -22.20000076 -54.29999924
v -62.70000076 -22.05246925 -54.59999847
v -62.70000076 -21.98051071 -54.90000153
v -62.70000076 -21.94772530 -55.20000076
v -62.70000076 -21.93568039 -55.50000000
v -62.70000076 -21.93200684 -55.79999924
v -62.70000076 -21.93055916 -56.09999847
v -62.70000076 -21.92876244 -56.40000153
v -62.70000076 -21.92559814 -56.70000076
v -62.70000076 -21.91728783 -57.00000000
v -62.70000076 -21.90156555 -57.29999924
v -62.70000076 -22.22132492 -47.09999847
v -62.70000076 -22.24770927 -47.40000153
v -62.70000076 -22.30014038 -47.70000076
v -62.70000076 -22.41145515 -48.00000000
v -62.56262207 -22.50000000 -48.29999924
v -62.70000076 -22.50000000 -48.12054443
v -62.47472000 -22.50000000 -48.59999847
v -62.44537354 -22.50000000 -48.90000153
v -62.44201279 -22.50000000 -49.20000076
v -62.46715546 -22.50000000 -49.50000000
v -62.55635834 -22.50000000 -49.79999924
v -62.70000076 -22.41282082 -50.09999847
v -62.70000076 -22.50000000 -49.98258972
v -62.70000076 -22.29814339 -50.40000153
v -62.70000076 -22.24460983 -50.70000076
v -62.70000076 -22.22121239 -51.00000000
v -62.70000076 -22.21394157 -51.29999924
v -62.70000076 -22.21397018 -51.59999847
v -62.70000076 -22.21657181 -51.90000153
v -62.70000076 -22.21976662 -52.20000076
v -62.70000076 -22.22319603 -52.50000000
v -62.70000076 -22.22729683 -52.79999924
v -62.70000076 -22.23217964 -53.09999847
v -62.70000076 -22.23600578 -53.40000153
v -62.70000076 -22.23370552 -53.70000076
v -62.70000076 -22.22078133 -54.00000000
v -62.70000076 -22.79999924 -48.29999924
v -62.70000076 -22.79999924 -48.59999847
v -62.70000076 -22.79999924 -48.90000153
v -62.70000076 -22.79999924 -49.20000076
v -62.70000076 -22.79999924 -49.50000000
v -62.70000076 -22.79999924 -49.79999924
v -63.00000000 -14.17855358 -48.00000000
v -63.00000000 -14.39999866 -47.70000076
v -63.00000000 -14.11045170 -48.29999924
v -63.00000000 -14.09999943 -48.59999847
v -63.00000000 -14.09999943 -48.90000153
v -63.00000000 -14.09999943 -49.20000076
v -63.00000000 -14.12842083 -49.50000000
v -63.00000000 -14.21450806 -49.79999924
v -63.00000000 -14.39999866 -50.09999847
v -63.00000000 -14.47035980 -47.09999847
v -63.00000000 -14.70000076 -46.79999924
v -63.00000000 -14.40301514 -47.40000153
v -63.00000000 -14.45468998 -50.40000153
v -63.00000000 -14.53802395 -50.70000076
v -63.00000000 -14.70000076 -51.00000000
v -63.00000000 -15.00000000 -46.53967285
v -63.00000000 -14.83426094 -51.29999924
v -63.00000000 -15.00000000 -51.48923874
v -63.00000000 -15.30000114 -46.50000000
v -63.00000000 -15.30000114 -51.59999847
v -63.00000000 -15.60000038 -46.25461578
v -63.00000000 -15.36840916 -51.90000153
v -63.00000000 -15.60000038 -52.20000076
v -63.00000000 -15.89999962 -46.22311020
v -63.00000000 -15.68935776 -52.50000000
v -63.00000000 -15.89999962 -52.79999924
v -63.00000000 -16.20000076 -46.23067474
v -63.00000000 -15.90152740 -53.09999847
v -63.00000000 -15.97679901 -53.40000153
v -63.00000000 -16.20000076 -53.70000076
v -63.00000000 -16.50000000 -46.20000076
v -63.00000000 -16.50000000 -54.00000000
v -63.00000000 -16.70873070 -45.59999847
v -63.00000000 -16.79999924 -45.35381699
v -63.00000000 -16.62842560 -45.90000153
v -63.00000000 -16.79999924 -54.29999924
v -63.00000000 -17.04032326 -45.00000000
v -63.00000000 -17.09999847 -44.95291519
v -63.00000000 -16.82267189 -45.29999924
v -63.00000000 -17.09999847 -54.53311920
v -63.00000000 -17.39999771 -44.81501770
v -63.00000000 -17.39999771 -54.59999847
v -63.00000000 -17.70000076 -44.70705414
v -63.00000000 -17.39999771 -54.90000153
v -63.00000000 -17.39999771 -55.20000076
v -63.00000000 -17.48455238 -55.50000000
v -63.00000000 -17.70000076 -55.79999924
v -63.00000000 -17.72007179 -44.70000076
v -63.00000000 -18.00000000 -44.61196136
v -63.00000000 -18.00000000 -56.09999847
v -63.00000000 -18.29999924 -44.53211975
v -63.00000000 -18.29999924 -56.40000153
v -63.00000000 -18.60000038 -44.45919037
v -63.00000000 -18.29999924 -56.70000076
v -63.00000000 -18.35953903 -57.00000000
v -63.00000000 -18.60000038 -57.23906708
v -63.00000000 -18.89999962 -44.40000153
v -63.00000000 -18.89999962 -57.29999924
v -63.00000000 -19.20000076 -44.28512955
v -63.00000000 -18.94966316 -57.59999847
v -63.00000000 -19.20000076 -57.90000153
v -63.00000000 -19.50000000 -44.24443054
v -63.00000000 -19.50000000 -58.20000076
v -63.00000000 -19.79999924 -44.27378845
v -63.00000000 -19.53880501 -58.50000000
v -63.00000000 -19.79999924 -58.75822067
v -63.00000000 -20.10000038 -44.40000153
v -63.00000000 -20.10000038 -58.79999924
v -63.00000000 -20.39999962 -44.40000153
v -63.00000000 -20.39999962 -59.08796692
v -63.00000000 -20.69999886 -44.40466690
v -63.00000000 -20.69999886 -59.09999847
v -63.00000000 -20.99999809 -44.48889923
v -63.00000000 -20.99999809 -59.09999847
v -63.00000000 -21.29999733 -44.70000076
v -63.00000000 -21.29999733 -58.79999924
v -63.00000000 -21.57920265 -45.00000000
v -63.00000000 -21.60000038 -45.02825546
v -63.00000000 -21.60000038 -58.78585434
v -63.00000000 -21.75692177 -45.29999924
v -63.00000000 -21.84728050 -45.59999847
v -63.00000000 -21.89999962 -45.90000153
v -63.00000000 -21.89999962 -58.20000076
v -63.00000000 -21.87020874 -58.50000000
v -63.00000000 -22.08475113 -46.20000076
v -63.00000000 -22.20000076 -46.50000000
v -63.00000000 -22.20000076 -54.59999847
v -63.00000000 -22.20000076 -54.90000153
v -63.00000000 -22.20000076 -55.20000076
v -63.00000000 -22.20000076 -55.50000000
v -63.00000000 -22.20000076 -55.79999924
v -63.00000000 -22.19804955 -56.09999847
v -63.00000000 -22.18077469 -56.40000153
v -63.00000000 -22.15929604 -56.70000076
v -63.00000000 -22.14844513 -57.00000000
v -63.00000000 -22.15246582 -57.29999924
v -63.00000000 -22.15448570 -57.59999847
v -63.00000000 -22.10984230 -57.90000153
v -63.00000000 -22.40609741 -46.79999924
v -63.00000000 -22.49088097 -47.09999847
v -63.00000000 -22.50000000 -47.40000153
v -63.00000000 -22.50000000 -47.70000076
v -63.00000000 -22.50000000 -48.00000000
v -63.00000000 -22.50000000 -50.09999847
v -63.00000000 -22.50000000 -50.40000153
v -63.00000000 -22.50000000 -50.70000076
v -63.00000000 -22.50000000 -51.00000000
v -63.00000000 -22.50000000 -51.29999924
v -63.00000000 -22.50000000 -51.59999847
v -63.00000000 -22.50000000 -51.90000153
v -63.00000000 -22.50000000 -52.20000076
v -63.00000000 -22.50000000 -52.50000000
v -63.00000000 -22.50000000 -52.79999924
v -63.00000000 -22.50000000 -53.09999847
v -63.00000000 -22.50000000 -53.40000153
v -63.00000000 -22.50000000 -53.70000076
v -63.00000000 -22.44743347 -54.00000000
v -63.00000000 -22.34083366 -54.29999924
v -63.00000000 -22.79999924 -48.17947769
v -63.00000000 -22.79999924 -49.91141510
v -63.00000000 -22.88101768 -48.29999924
v -63.00000000 -22.96923065 -48.59999847
v -63.00000000 -22.99508476 -48.90000153
v -63.00000000 -22.99213409 -49.20000076
v -63.00000000 -22.96216774 -49.50000000
v -63.00000000 -22.87377930 -49.79999924
v -63.23845673 -14.09999943 -47.40000153
v -63.29999924 -14.01443768 -47.40000153
v -63.29999924 -14.09999943 -47.18102264
v -63.16341782 -14.09999943 -47.70000076
v -63.29999924 -13.90245342 -47.70000076
v -63.06999588 -14.09999943 -48.00000000
v -63.29999924 -13.82803440 -48.00000000
v -63.01044846 -14.09999943 -48.29999924
v -63.29999924 -13.80000019 -48.29999924
v -63.29999924 -13.80000019 -48.59999847
v -63.29999924 -13.80000019 -48.90000153
v -63.29999924 -13.80000019 -49.20000076
v -63.03059769 -14.09999943 -49.50000000
v -63.29999924 -13.82736015 -49.50000000
v -63.13085938 -14.09999943 -49.79999924
v -63.29999924 -13.92926121 -49.79999924
v -63.29999924 -14.09999943 -50.09999847
v -63.18850327 -14.39999866 -46.79999924
v -63.29999924 -14.24921322 -46.79999924
v -63.29999924 -14.39999866 -46.51877594
v -63.06461334 -14.39999866 -47.09999847
v -63.29999924 -14.12927151 -47.09999847
v -63.00282288 -14.39999866 -47.40000153
v -63.07263184 -14.39999866 -50.40000153
v -63.29999924 -14.21446991 -50.40000153
v -63.19924164 -14.39999866 -50.70000076
v -63.29999924 -14.32663155 -50.70000076
v -63.29999924 -14.39999866 -50.89171219
v -63.15225601 -14.70000076 -46.50000000
v -63.29999924 -14.41441154 -46.50000000
v -63.29999924 -14.70000076 -46.20000076
v -63.29999924 -14.44338226 -51.00000000
v -63.14586258 -14.70000076 -51.29999924
v -63.29999924 -14.56612682 -51.29999924
v -63.29999924 -14.70000076 -51.59999847
v -63.19713211 -15.00000000 -46.20000076
v -63.29999924 -15.00000000 -45.97725296
v -63.03158569 -15.00000000 -46.50000000
v -63.08609772 -15.00000000 -51.59999847
v -63.21484375 -15.00000000 -51.90000153
v -63.29999924 -14.86944389 -51.90000153
v -63.29999924 -15.00000000 -52.20000076
v -63.13243484 -15.30000114 -46.20000076
v -63.29999924 -15.30000114 -45.90000153
v -63.05192566 -15.30000114 -51.90000153
v -63.15956116 -15.30000114 -52.20000076
v -63.29999924 -15.30000114 -52.50000000
v -63.25444412 -15.60000038 -45.90000153
v -63.29999924 -15.60000038 -45.59999847
v -63.05525589 -15.60000038 -46.20000076
v -63.07994080 -15.60000038 -52.50000000
v -63.18640137 -15.60000038 -52.79999924
v -63.29999924 -15.44801235 -52.79999924
v -63.25451279 -15.60000038 -53.09999847
v -63.29999924 -15.55036736 -53.09999847
v -63.29999924 -15.60000038 -53.40000153
v -63.29999924 -15.73313522 -45.90000153
v -63.03349304 -15.89999962 -46.20000076
v -63.29999924 -15.89999962 -45.97002411
v -63.00151062 -15.89999962 -53.09999847
v -63.07861710 -15.89999962 -53.40000153
v -63.29999924 -15.89999962 -53.70000076
v -63.04733658 -16.20000076 -46.20000076
v -63.29999924 -16.20000076 -46.00891495
v -63.29999924 -16.20000076 -54.00000000
v -63.29999924 -16.50000000 -45.90000153
v -63.23244476 -16.50000000 -54.29999924
v -63.29999924 -16.42688751 -54.29999924
v -63.29999924 -16.50000000 -54.40943909
v -63.07088470 -16.79999924 -45.29999924
v -63.29999924 -16.72317123 -45.29999924
v -63.29999924 -16.79999924 -45.18537140
v -63.29999924 -16.60756874 -45.59999847
v -63.18519592 -16.79999924 -54.59999847
v -63.29999924 -16.64084816 -54.59999847
v -63.29999924 -16.79999924 -54.90000153
v -63.29999924 -16.95952034 -45.00000000
v -63.29999924 -17.09999847 -44.90639496
v -63.04824066 -17.09999847 -54.59999847
v -63.15446091 -17.09999847 -54.90000153
v -63.22317123 -17.09999847 -55.20000076
v -63.29999924 -16.98758125 -55.20000076
v -63.29999924 -17.09999847 -55.50000000
v -63.29999924 -17.39999771 -44.76276779
v -63.08470535 -17.39999771 -55.50000000
v -63.29999924 -17.39999771 -55.79999924
v -63.03659058 -17.70000076 -44.70000076
v -63.29999924 -17.56936455 -44.70000076
v -63.29999924 -17.70000076 -44.65576935
v -63.18880081 -17.70000076 -56.09999847
v -63.29999924 -17.55767059 -56.09999847
v -63.29999924 -17.70000076 -56.40000153
v -63.29999924 -18.00000000 -44.56399536
v -63.12937546 -18.00000000 -56.40000153
v -63.19829559 -18.00000000 -56.70000076
v -63.29999924 -17.84185028 -56.70000076
v -63.24877167 -18.00000000 -57.00000000
v -63.29999924 -17.92740440 -57.00000000
v -63.29999924 -18.00000000 -57.29999924
v -63.29999924 -18.29999924 -44.47522736
v -63.04313278 -18.29999924 -57.00000000
v -63.15714264 -18.29999924 -57.29999924
v -63.28172684 -18.29999924 -57.59999847
v -63.29999924 -18.26698303 -57.59999847
v -63.29999924 -18.29999924 -57.65421677
v -63.24319839 -18.60000038 -44.40000153
v -63.29999924 -18.55544090 -44.40000153
v -63.29999924 -18.60000038 -44.38635635
v -63.04002762 -18.60000038 -57.29999924
v -63.15839005 -18.60000038 -57.59999847
v -63.22914505 -18.60000038 -57.90000153
v -63.29999924 -18.45688820 -57.90000153
v -63.27409744 -18.60000038 -58.20000076
v -63.29999924 -18.55447769 -58.20000076
v -63.29999924 -18.60000038 -58.50000000
v -63.29999924 -18.89999962 -44.28715515
v -63.03318405 -18.89999962 -57.59999847
v -63.10482407 -18.89999962 -57.90000153
v -63.16406250 -18.89999962 -58.20000076
v -63.22431946 -18.89999962 -58.50000000
v -63.29999924 -18.89999962 -58.73029709
v -63.29999924 -19.20000076 -44.17337418
v -63.08092117 -19.20000076 -58.20000076
v -63.14206314 -19.20000076 -58.50000000
v -63.22708511 -19.20000076 -58.79999924
v -63.29999924 -18.97609711 -58.79999924
v -63.29999924 -19.20000076 -58.97546768
v -63.29999924 -19.50000000 -44.09999847
v -63.02323914 -19.50000000 -58.50000000
v -63.12009811 -19.50000000 -58.79999924
v -63.25226593 -19.50000000 -59.09999847
v -63.29999924 -19.35877991 -59.09999847
v -63.29999924 -19.50000000 -59.20235825
v -63.29999924 -19.79999924 -44.09999847
v -63.02583313 -19.79999924 -58.79999924
v -63.16632462 -19.79999924 -59.09999847
v -63.29192352 -19.79999924 -59.40000153
v -63.29999924 -19.77518082 -59.40000153
v -63.29999924 -19.79999924 -59.41959000
v -63.29999924 -20.10000038 -44.09999847
v -63.09159088 -20.10000038 -59.09999847
v -63.20946121 -20.10000038 -59.40000153
v -63.29999924 -20.10000038 -59.63929367
v -63.29999924 -20.39999962 -44.09999847
v -63.00787735 -20.39999962 -59.09999847
v -63.15201187 -20.39999962 -59.40000153
v -63.25836563 -20.39999962 -59.70000076
v -63.29999924 -20.20121765 -59.70000076
v -63.29999924 -20.39999962 -59.83679199
v -63.00494766 -20.69999886 -44.40000153
v -63.29999924 -20.69999886 -44.09999847
v -63.12550354 -20.69999886 -59.40000153
v -63.21947861 -20.69999886 -59.70000076
v -63.29999924 -20.69999886 -60.00000000
v -63.09785080 -20.99999809 -44.40000153
v -63.29999924 -20.99999809 -44.19124985
v -63.11751556 -20.99999809 -59.40000153
v -63.20243073 -20.99999809 -59.70000076
v -63.27621841 -20.99999809 -60.00000000
v -63.29999924 -20.99999809 -60.09877777
v -63.29999924 -21.28835678 -44.40000153
v -63.29999924 -21.29999733 -44.40909195
v -63.06016541 -21.29999733 -59.09999847
v -63.13518906 -21.29999733 -59.40000153
v -63.20778656 -21.29999733 -59.70000076
v -63.27558517 -21.29999733 -60.00000000
v -63.29999924 -21.29999733 -60.10264587
v -63.29999924 -21.57580376 -44.70000076
v -63.02585602 -21.60000038 -45.00000000
v -63.29999924 -21.60000038 -44.72899246
v -63.00767517 -21.60000038 -58.79999924
v -63.10914230 -21.60000038 -59.09999847
v -63.17762375 -21.60000038 -59.40000153
v -63.23996735 -21.60000038 -59.70000076
v -63.29999924 -21.60000038 -60.00000000
v -63.29999924 -21.79422951 -45.00000000
v -63.21606064 -21.89999962 -45.29999924
v -63.29999924 -21.89999962 -45.18868637
v -63.07202911 -21.89999962 -45.59999847
v -63.01895142 -21.89999962 -58.50000000
v -63.09317017 -21.89999962 -58.79999924
v -63.17267227 -21.89999962 -59.09999847
v -63.23826981 -21.89999962 -59.40000153
v -63.29999924 -21.89999962 -59.70000076
v -63.29999924 -21.95985794 -45.29999924
v -63.29999924 -22.08560371 -45.59999847
v -63.29999924 -22.20000076 -45.90000153
v -63.13509369 -22.20000076 -46.20000076
v -63.00216675 -22.20000076 -56.09999847
v -63.02420807 -22.20000076 -56.40000153
v -63.06046677 -22.20000076 -56.70000076
v -63.08086395 -22.20000076 -57.00000000
v -63.07093430 -22.20000076 -57.29999924
v -63.05824661 -22.20000076 -57.59999847
v -63.08796692 -22.20000076 -57.90000153
v -63.15004730 -22.20000076 -58.20000076
v -63.18734741 -22.20000076 -58.50000000
v -63.22539139 -22.20000076 -58.79999924
v -63.27128220 -22.20000076 -59.09999847
v -63.29999924 -22.11890411 -59.40000153
v -63.29999924 -22.20000076 -59.26266479
v -63.29999924 -22.36805153 -46.20000076
v -63.29999924 -22.50000000 -46.50000000
v -63.09448242 -22.50000000 -46.79999924
v -63.00915527 -22.50000000 -47.09999847
v -63.06461334 -22.50000000 -54.00000000
v -63.29999924 -22.50000000 -54.29999924
v -63.29999924 -22.49148560 -54.59999847
v -63.29999924 -22.49711990 -54.90000153
v -63.29999924 -22.50000000 -55.20000076
v -63.29999924 -22.50000000 -55.50000000
v -63.29999924 -22.50000000 -55.79999924
v -63.29999924 -22.49479866 -56.09999847
v -63.29999924 -22.43661118 -56.40000153
v -63.29999924 -22.35634232 -56.70000076
v -63.29999924 -22.33032227 -57.00000000
v -63.29999924 -22.34667587 -57.29999924
v -63.29999924 -22.40501404 -57.59999847
v -63.29999924 -22.43884468 -57.90000153
v -63.29999924 -22.42543030 -58.20000076
v -63.29999924 -22.38949394 -58.50000000
v -63.29999924 -22.34152031 -58.79999924
v -63.29999924 -22.26533318 -59.09999847
v -63.29999924 -22.79999924 -46.79999924
v -63.27514648 -22.79999924 -47.09999847
v -63.26490021 -22.79999924 -47.40000153
v -63.23809814 -22.79999924 -47.70000076
v -63.14759445 -22.79999924 -48.00000000
v -63.15920639 -22.79999924 -50.09999847
v -63.25350952 -22.79999924 -50.40000153
v -63.28475952 -22.79999924 -50.70000076
v -63.29235458 -22.79999924 -51.00000000
v -63.29006195 -22.79999924 -51.29999924
v -63.28540802 -22.79999924 -51.59999847
v -63.28138351 -22.79999924 -51.90000153
v -63.27851105 -22.79999924 -52.20000076
v -63.27650070 -22.79999924 -52.50000000
v -63.27500153 -22.79999924 -52.79999924
v -63.27532959 -22.79999924 -53.09999847
v -63.28175354 -22.79999924 -53.40000153
v -63.29410172 -22.79999924 -53.70000076
v -63.29999924 -22.79999924 -54.00000000
v -63.29999924 -22.82765961 -47.09999847
v -63.29999924 -22.84000969 -47.40000153
v -63.29999924 -22.87229156 -47.70000076
v -63.29999924 -22.94998169 -48.00000000
v -63.29999924 -23.04998779 -48.29999924
v -63.26911163 -23.10000038 -48.59999847
v -63.29999924 -23.10000038 -48.52130127
v -63.21253967 -23.10000038 -48.90000153
v -63.22183990 -23.10000038 -49.20000076
v -63.29999924 -23.10000038 -49.50000000
v -63.29999924 -23.03649521 -49.79999924
v -63.29999924 -22.93445015 -50.09999847
v -63.29999924 -22.85232353 -50.40000153
v -63.29999924 -22.81663895 -50.70000076
v -63.29999924 -22.80798149 -51.00000000
v -63.29999924 -22.81023788 -51.29999924
v -63.29999924 -22.81501389 -51.59999847
v -63.29999924 -22.81920433 -51.90000153
v -63.29999924 -22.82225227 -52.20000076
v -63.29999924 -22.82436371 -52.50000000
v -63.29999924 -22.82591820 -52.79999924
v -63.29999924 -22.82553482 -53.09999847
v -63.29999924 -22.81823921 -53.40000153
v -63.29999924 -22.80522728 -53.70000076
v -63.29999924 -23.11468124 -48.59999847
v -63.29999924 -23.14107704 -48.90000153
v -63.29999924 -23.13659096 -49.20000076
v -63.58192062 -13.50000095 -47.70000076
v -63.59999847 -13.47921658 -47.70000076
v -63.59999847 -13.50000095 -47.40000153
v -63.57259750 -13.50000095 -48.00000000
v -63.59999847 -13.47073841 -48.00000000
v -63.56773758 -13.50000095 -48.29999924
v -63.59999847 -13.46665382 -48.29999924
v -63.56662369 -13.50000095 -48.59999847
v -63.59999847 -13.46561909 -48.59999847
v -63.56724548 -13.50000095 -48.90000153
v -63.59999847 -13.46630764 -48.90000153
v -63.57264709 -13.50000095 -49.20000076
v -63.59999847 -13.47229481 -49.20000076
v -63.58524704 -13.50000095 -49.50000000
v -63.59999847 -13.48569870 -49.50000000
v -63.59999847 -13.50000095 -49.79999924
v -63.44676590 -13.80000019 -47.40000153
v -63.59999847 -13.80000019 -47.09999847
v -63.36869049 -13.80000019 -47.70000076
v -63.32204437 -13.80000019 -48.00000000
v -63.32467270 -13.80000019 -49.50000000
v -63.41069412 -13.80000019 -49.79999924
v -63.59999847 -13.80000019 -50.09999847
v -63.50578690 -14.09999943 -46.50000000
v -63.59999847 -13.96111393 -46.50000000
v -63.59999847 -14.09999943 -46.28451920
v -63.40683746 -14.09999943 -46.79999924
v -63.59999847 -13.83285713 -46.79999924
v -63.32353973 -14.09999943 -47.09999847
v -63.43102646 -14.09999943 -50.40000153
v -63.59999847 -13.92651463 -50.40000153
v -63.59999847 -14.09999943 -50.70000076
v -63.53216553 -14.39999866 -45.90000153
v -63.59999847 -14.31833553 -45.90000153
v -63.59999847 -14.39999866 -45.59999847
v -63.43589020 -14.39999866 -46.20000076
v -63.59999847 -14.15925598 -46.20000076
v -63.30790710 -14.39999866 -46.50000000
v -63.35343170 -14.39999866 -51.00000000
v -63.59999847 -14.20745468 -51.00000000
v -63.48675919 -14.39999866 -51.29999924
v -63.59999847 -14.31062222 -51.29999924
v -63.59999847 -14.39999866 -51.59999847
v -63.42068481 -14.70000076 -45.90000153
v -63.59999847 -14.70000076 -45.59999847
v -63.42469788 -14.70000076 -51.90000153
v -63.59999847 -14.52521992 -51.90000153
v -63.51923370 -14.70000076 -52.20000076
v -63.59999847 -14.61942673 -52.20000076
v -63.59999847 -14.70000076 -52.50000000
v -63.34819031 -15.00000000 -45.90000153
v -63.59999847 -15.00000000 -45.59999847
v -63.43775558 -15.00000000 -52.50000000
v -63.59999847 -15.00000000 -52.79999924
v -63.59960556 -15.30000114 -45.59999847
v -63.59999847 -15.30000114 -45.59983444
v -63.40989304 -15.30000114 -52.79999924
v -63.59999847 -15.30000114 -53.09999847
v -63.59999847 -15.60000038 -45.59999847
v -63.59999847 -15.40211487 -53.40000153
v -63.59999847 -15.60000038 -53.65252686
v -63.59999847 -15.89999962 -45.90000153
v -63.59999847 -15.64046288 -53.70000076
v -63.59999847 -15.89999962 -53.98174286
v -63.59999847 -16.20000076 -45.90000153
v -63.59999847 -15.91580296 -54.00000000
v -63.53028107 -16.20000076 -54.29999924
v -63.59999847 -16.13957214 -54.29999924
v -63.59999847 -16.20000076 -54.40443420
v -63.59219360 -16.50000000 -45.59999847
v -63.59999847 -16.49452019 -45.59999847
v -63.59999847 -16.50000000 -45.59302521
v -63.41359329 -16.50000000 -54.59999847
v -63.59999847 -16.31431580 -54.59999847
v -63.56557846 -16.50000000 -54.90000153
v -63.59999847 -16.46553040 -54.90000153
v -63.59999847 -16.50000000 -54.96792984
v -63.59999847 -16.63257790 -45.29999924
v -63.59999847 -16.79999924 -45.00000000
v -63.44472504 -16.79999924 -55.20000076
v -63.59999847 -16.62522507 -55.20000076
v -63.57826614 -16.79999924 -55.50000000
v -63.59999847 -16.77709961 -55.50000000
v -63.59999847 -16.79999924 -55.54483032
v -63.59999847 -17.09999847 -44.86998749
v -63.47414780 -17.09999847 -55.79999924
v -63.59999847 -16.94631004 -55.79999924
v -63.59999847 -17.09999847 -56.09999847
v -63.59999847 -17.39999771 -44.75008392
v -63.41872406 -17.39999771 -56.09999847
v -63.59999847 -17.39999771 -56.40000153
v -63.59999847 -17.53586197 -44.70000076
v -63.59999847 -17.70000076 -44.64443207
v -63.39647675 -17.70000076 -56.70000076
v -63.59999847 -17.43114090 -56.70000076
v -63.47512436 -17.70000076 -57.00000000
v -63.59999847 -17.53285408 -57.00000000
v -63.59999847 -17.70000076 -57.29999924
v -63.59999847 -18.00000000 -44.54680634
v -63.48579407 -18.00000000 -57.59999847
v -63.59999847 -17.88548279 -57.59999847
v -63.59999847 -18.00000000 -57.82174301
v -63.59999847 -18.29999924 -44.44982910
v -63.38960266 -18.29999924 -57.90000153
v -63.59999847 -18.04244995 -57.90000153
v -63.47662354 -18.29999924 -58.20000076
v -63.59999847 -18.16395950 -58.20000076
v -63.57468033 -18.29999924 -58.50000000
v -63.59999847 -18.27433586 -58.50000000
v -63.59999847 -18.29999924 -58.55072784
v -63.59999847 -18.45112610 -44.40000153
v -63.59999847 -18.60000038 -44.34907913
v -63.46961212 -18.60000038 -58.79999924
v -63.59999847 -18.44177818 -58.79999924
v -63.59999847 -18.60000038 -59.09999847
v -63.59999847 -18.89999962 -44.23693848
v -63.32653427 -18.89999962 -58.79999924
v -63.47099304 -18.89999962 -59.09999847
v -63.59999847 -18.89999962 -59.30865097
v -63.59999847 -19.20000076 -44.09999847
v -63.35517883 -19.20000076 -59.09999847
v -63.51517868 -19.20000076 -59.40000153
v -63.59999847 -19.02187920 -59.40000153
v -63.59999847 -19.20000076 -59.54863358
v -63.59999847 -19.50000000 -43.79999924
v -63.39341736 -19.50000000 -59.40000153
v -63.53662109 -19.50000000 -59.70000076
v -63.59999847 -19.37099838 -59.70000076
v -63.59999847 -19.50000000 -59.84197998
v -63.59999847 -19.79999924 -43.79999924
v -63.41498947 -19.79999924 -59.70000076
v -63.52832794 -19.79999924 -60.00000000
v -63.59999847 -19.64389801 -60.00000000
v -63.59999847 -19.79999924 -60.20924377
v -63.59999847 -20.10000038 -43.79999924
v -63.32222748 -20.10000038 -59.70000076
v -63.42325211 -20.10000038 -60.00000000
v -63.51418304 -20.10000038 -60.29999924
v -63.59999847 -19.87621689 -60.29999924
v -63.59999847 -20.10000038 -60.59999847
v -63.59999847 -20.39999962 -43.79999924
v -63.34878922 -20.39999962 -60.00000000
v -63.43186188 -20.39999962 -60.29999924
v -63.51312256 -20.39999962 -60.59999847
v -63.59999847 -20.39999962 -60.90000153
v -63.59999847 -20.69999886 -43.79999924
v -63.37661743 -20.69999886 -60.29999924
v -63.45222473 -20.69999886 -60.59999847
v -63.52715683 -20.69999886 -60.90000153
v -63.59999847 -20.69999886 -61.20000076
v -63.37957382 -20.99999809 -44.09999847
v -63.59999847 -20.99999809 -43.79999924
v -63.34783554 -20.99999809 -60.29999924
v -63.42042923 -20.99999809 -60.59999847
v -63.49394608 -20.99999809 -60.90000153
v -63.56874084 -20.99999809 -61.20000076
v -63.59999847 -20.99999809 -61.31332779
v -63.59999847 -21.29999733 -44.09999847
v -63.30910492 -21.29999733 -44.40000153
v -63.34654236 -21.29999733 -60.29999924
v -63.41967773 -21.29999733 -60.59999847
v -63.49399948 -21.29999733 -60.90000153
v -63.56886292 -21.29999733 -61.20000076
v -63.59999847 -21.29999733 -61.32184601
v -63.59999847 -21.56816483 -44.40000153
v -63.32814407 -21.60000038 -44.70000076
v -63.59999847 -21.60000038 -44.43681717
v -63.37555695 -21.60000038 -60.29999924
v -63.45051575 -21.60000038 -60.59999847
v -63.52555466 -21.60000038 -60.90000153
v -63.59999847 -21.60000038 -61.20000076
v -63.59999847 -21.80693626 -44.70000076
v -63.44179535 -21.89999962 -45.00000000
v -63.59999847 -21.89999962 -44.83001709
v -63.36721039 -21.89999962 -60.00000000
v -63.43851089 -21.89999962 -60.29999924
v -63.51176071 -21.89999962 -60.59999847
v -63.58863068 -21.89999962 -60.90000153
v -63.59999847 -21.89999962 -60.94454193
v -63.59999847 -22.01949501 -45.00000000
v -63.59999847 -22.20000076 -45.29999924
v -63.42744827 -22.20000076 -45.59999847
v -63.32407761 -22.20000076 -59.40000153
v -63.38859177 -22.20000076 -59.70000076
v -63.46319199 -22.20000076 -60.00000000
v -63.53307724 -22.20000076 -60.29999924
v -63.59999847 -22.20000076 -60.59999847
v -63.59999847 -21.93823624 -60.90000153
v -63.59999847 -22.37825966 -45.59999847
v -63.59999847 -22.50000000 -45.90000153
v -63.41083527 -22.50000000 -46.20000076
v -63.30866623 -22.50000000 -54.59999847
v -63.30287933 -22.50000000 -54.90000153
v -63.30500412 -22.50000000 -56.09999847
v -63.37152863 -22.50000000 -56.40000153
v -63.59999847 -22.50000000 -56.70000076
v -63.59999847 -22.50000000 -57.00000000
v -63.59999847 -22.50000000 -57.29999924
v -63.39911270 -22.50000000 -57.59999847
v -63.34883499 -22.50000000 -57.90000153
v -63.35021591 -22.50000000 -58.20000076
v -63.36775589 -22.50000000 -58.50000000
v -63.38718414 -22.50000000 -58.79999924
v -63.40914154 -22.50000000 -59.09999847
v -63.43917084 -22.50000000 -59.40000153
v -63.49361038 -22.50000000 -59.70000076
v -63.59999847 -22.50000000 -60.00000000
v -63.59999847 -22.35553551 -60.29999924
v -63.59999847 -22.79999924 -46.20000076
v -63.47964859 -22.79999924 -46.50000000
v -63.54345703 -22.79999924 -54.29999924
v -63.59999847 -22.79999924 -54.59999847
v -63.59999847 -22.79999924 -54.90000153
v -63.59999847 -22.79999924 -55.20000076
v -63.59999847 -22.79999924 -55.50000000
v -63.59999847 -22.79999924 -55.79999924
v -63.59999847 -22.79999924 -56.09999847
v -63.59999847 -22.79999924 -56.40000153
v -63.59999847 -22.79999924 -57.59999847
v -63.59999847 -22.79999924 -57.90000153
v -63.59999847 -22.79999924 -58.20000076
v -63.59999847 -22.79999924 -58.50000000
v -63.59437943 -22.79999924 -58.79999924
v -63.59669495 -22.79999924 -59.09999847
v -63.59999847 -22.79999924 -59.40000153
v -63.59999847 -22.79999924 -59.70000076
v -63.59999847 -22.92437172 -46.50000000
v -63.59999847 -23.10000038 -46.79999924
v -63.57046127 -23.10000038 -47.09999847
v -63.54577255 -23.10000038 -47.40000153
v -63.51595688 -23.10000038 -47.70000076
v -63.46376419 -23.10000038 -48.00000000
v -63.37516022 -23.10000038 -48.29999924
v -63.39435577 -23.10000038 -49.79999924
v -63.47974396 -23.10000038 -50.09999847
v -63.53447342 -23.10000038 -50.40000153
v -63.56922913 -23.10000038 -50.70000076
v -63.59542465 -23.10000038 -51.00000000
v -63.59999847 -23.10000038 -51.29999924
v -63.59999847 -23.10000038 -51.59999847
v -63.59999847 -23.10000038 -51.90000153
v -63.59999847 -23.10000038 -52.20000076
v -63.59999847 -23.10000038 -52.50000000
v -63.59999847 -23.10000038 -52.79999924
v -63.59999847 -23.10000038 -53.09999847
v -63.59999847 -23.10000038 -53.40000153
v -63.59999847 -23.00370026 -53.70000076
v -63.59999847 -22.92912865 -54.00000000
v -63.59999847 -22.84049606 -54.29999924
v -63.59999847 -22.80661201 -58.79999924
v -63.59999847 -22.80406189 -59.09999847
v -63.59999847 -23.12532425 -47.09999847
v -63.59999847 -23.15052605 -47.40000153
v -63.59999847 -23.17431641 -47.70000076
v -63.59999847 -23.20146751 -48.00000000
v -63.59999847 -23.23172760 -48.29999924
v -63.59999847 -23.25737000 -48.59999847
v -63.59999847 -23.27074051 -48.90000153
v -63.59999847 -23.26870346 -49.20000076
v -63.59999847 -23.25176048 -49.50000000
v -63.59999847 -23.22445679 -49.79999924
v -63.59999847 -23.19174194 -50.09999847
v -63.59999847 -23.15958023 -50.40000153
v -63.59999847 -23.12971497 -50.70000076
v -63.59999847 -23.10409546 -51.00000000
v -63.81900406 -13.50000095 -46.79999924
v -63.90000153 -13.41527843 -46.79999924
v -63.90000153 -13.50000095 -46.50000000
v -63.73725510 -13.50000095 -47.09999847
v -63.90000153 -13.31672859 -47.09999847
v -63.90000153 -13.19999981 -47.40000153
v -63.90000153 -13.19999981 -47.70000076
v -63.90000153 -13.19999981 -48.00000000
v -63.90000153 -13.19999981 -48.29999924
v -63.90000153 -13.19999981 -48.59999847
v -63.90000153 -13.19999981 -48.90000153
v -63.90000153 -13.19999981 -49.20000076
v -63.90000153 -13.26496029 -49.50000000
v -63.90000153 -13.32072258 -49.79999924
v -63.79567719 -13.50000095 -50.09999847
v -63.90000153 -13.40710163 -50.09999847
v -63.90000153 -13.50000095 -50.40000153
v -63.72083282 -13.80000019 -46.50000000
v -63.90000153 -13.80000019 -46.29967499
v -63.62247467 -13.80000019 -46.79999924
v -63.70827484 -13.80000019 -50.40000153
v -63.90000153 -13.80000019 -50.70000076
v -63.66641998 -14.09999943 -46.20000076
v -63.90000153 -13.91486263 -46.20000076
v -63.90000153 -14.09999943 -46.01165009
v -63.74809647 -14.09999943 -51.00000000
v -63.90000153 -13.99039745 -51.00000000
v -63.90000153 -14.09999943 -51.29999924
v -63.90000153 -14.20750523 -45.90000153
v -63.90000153 -14.39999866 -45.59999847
v -63.90000153 -14.22532368 -51.59999847
v -63.76836395 -14.39999866 -51.90000153
v -63.90000153 -14.32154560 -51.90000153
v -63.90000153 -14.39999866 -52.20000076
v -63.90000153 -14.70000076 -45.59999847
v -63.90000153 -14.53453636 -52.50000000
v -63.90000153 -14.70000076 -52.79999924
v -63.90000153 -15.00000000 -45.59999847
v -63.78705978 -15.00000000 -53.09999847
v -63.90000153 -14.89712620 -53.09999847
v -63.90000153 -15.00000000 -53.40000153
v -63.90000153 -15.30000114 -45.59999847
v -63.71123123 -15.30000114 -53.40000153
v -63.90000153 -15.30000114 -53.56824875
v -63.90000153 -15.60000038 -45.59999847
v -63.66147232 -15.60000038 -53.70000076
v -63.90000153 -15.44537354 -53.70000076
v -63.90000153 -15.60000038 -53.85099792
v -63.90000153 -15.89999962 -45.90000153
v -63.62303543 -15.89999962 -54.00000000
v -63.90000153 -15.73013115 -54.00000000
v -63.90000153 -15.89999962 -54.23399353
v -63.90000153 -16.20000076 -45.90000153
v -63.90000153 -15.94377518 -54.29999924
v -63.74277496 -16.20000076 -54.59999847
v -63.90000153 -16.09753990 -54.59999847
v -63.90000153 -16.20000076 -54.90000153
v -63.90000153 -16.42253685 -45.59999847
v -63.90000153 -16.50000000 -45.49798203
v -63.73159790 -16.50000000 -55.20000076
v -63.90000153 -16.36434746 -55.20000076
v -63.90000153 -16.50000000 -55.50000000
v -63.90000153 -16.60989189 -45.29999924
v -63.90000153 -16.79999924 -45.00000000
v -63.74128342 -16.79999924 -55.79999924
v -63.90000153 -16.66744614 -55.79999924
v -63.90000153 -16.79999924 -56.09999847
v -63.90000153 -17.09999847 -44.87963104
v -63.77138519 -17.09999847 -56.40000153
v -63.90000153 -16.97257423 -56.40000153
v -63.85713196 -17.09999847 -56.70000076
v -63.90000153 -17.06379318 -56.70000076
v -63.90000153 -17.09999847 -57.00000000
v -63.90000153 -17.39999771 -44.76602554
v -63.62343597 -17.39999771 -56.70000076
v -63.71199799 -17.39999771 -57.00000000
v -63.90000153 -17.39999771 -57.21792221
v -63.90000153 -17.58382225 -44.70000076
v -63.90000153 -17.70000076 -44.66057205
v -63.90000153 -17.47191238 -57.29999924
v -63.87148666 -17.70000076 -57.59999847
v -63.90000153 -17.68340492 -57.59999847
v -63.90000153 -17.70000076 -57.63112640
v -63.90000153 -18.00000000 -44.55402374
v -63.64962006 -18.00000000 -57.90000153
v -63.90000153 -17.83563232 -57.90000153
v -63.79938889 -18.00000000 -58.20000076
v -63.90000153 -17.93727303 -58.20000076
v -63.90000153 -18.00000000 -58.50000000
v -63.90000153 -18.29999924 -44.44940948
v -63.76466370 -18.29999924 -58.79999924
v -63.90000153 -18.20599174 -58.79999924
v -63.90000153 -18.29999924 -58.95871735
v -63.90000153 -18.44382668 -44.40000153
v -63.90000153 -18.60000038 -44.34451294
v -63.90000153 -18.39083862 -59.09999847
v -63.90000153 -18.60000038 -59.40000153
v -63.90000153 -18.89999962 -44.23369980
v -63.66918564 -18.89999962 -59.40000153
v -63.90000153 -18.89999962 -59.68650436
v -63.90000153 -19.20000076 -44.09999847
v -63.69944000 -19.20000076 -59.70000076
v -63.90000153 -18.91492653 -59.70000076
v -63.88694763 -19.20000076 -60.00000000
v -63.90000153 -19.18456650 -60.00000000
v -63.90000153 -19.20000076 -60.02513123
v -63.90000153 -19.50000000 -43.79999924
v -63.67667007 -19.50000000 -60.00000000
v -63.79858398 -19.50000000 -60.29999924
v -63.90000153 -19.36515808 -60.29999924
v -63.90000153 -19.50000000 -60.59999847
v -63.90000153 -19.79999924 -43.74790192
v -63.63328934 -19.79999924 -60.29999924
v -63.74769211 -19.79999924 -60.59999847
v -63.89437485 -19.79999924 -60.90000153
v -63.90000153 -19.79166603 -60.90000153
v -63.90000153 -19.79999924 -60.91100311
v -63.90000153 -20.10000038 -43.70167542
v -63.72578430 -20.10000038 -60.90000153
v -63.85052490 -20.10000038 -61.20000076
v -63.90000153 -20.02139282 -61.20000076
v -63.90000153 -20.10000038 -61.32575607
v -63.90000153 -20.39999962 -43.67963028
v -63.70357132 -20.39999962 -61.20000076
v -63.80884552 -20.39999962 -61.50000000
v -63.90000153 -20.22382164 -61.50000000
v -63.90000153 -20.39999962 -61.78044891
v -63.90000153 -20.69999886 -43.67960358
v -63.70355225 -20.69999886 -61.50000000
v -63.79999542 -20.69999886 -61.79999924
v -63.90000153 -20.41684151 -61.79999924
v -63.90000153 -20.69999886 -62.09999847
v -63.90000153 -20.99999809 -43.71131134
v -63.65314102 -20.99999809 -61.50000000
v -63.74211121 -20.99999809 -61.79999924
v -63.83880615 -20.99999809 -62.09999847
v -63.90000153 -20.99999809 -62.26177216
v -63.90000153 -21.29999733 -43.79999924
v -63.64596558 -21.29999733 -61.50000000
v -63.72655869 -21.29999733 -61.79999924
v -63.81105423 -21.29999733 -62.09999847
v -63.90000153 -21.29999733 -62.40000153
v -63.90000153 -21.51550674 -44.09999847
v -63.64399719 -21.60000038 -44.40000153
v -63.90000153 -21.60000038 -44.20370483
v -63.67478943 -21.60000038 -61.50000000
v -63.74964905 -21.60000038 -61.79999924
v -63.82498550 -21.60000038 -62.09999847
v -63.90000153 -21.60000038 -62.40000153
v -63.90000153 -21.76218987 -44.40000153
v -63.73361588 -21.89999962 -44.70000076
v -63.90000153 -21.89999962 -44.56577301
v -63.66490555 -21.89999962 -61.20000076
v -63.73723984 -21.89999962 -61.50000000
v -63.80789566 -21.89999962 -61.79999924
v -63.88054276 -21.89999962 -62.09999847
v -63.90000153 -21.89999962 -62.16943741
v -63.90000153 -22.01359558 -44.70000076
v -63.83883286 -22.20000076 -45.00000000
v -63.90000153 -22.20000076 -44.94047546
v -63.68168640 -22.20000076 -60.90000153
v -63.76245499 -22.20000076 -61.20000076
v -63.83279037 -22.20000076 -61.50000000
v -63.90000153 -22.20000076 -61.79999924
v -63.90000153 -21.97276115 -62.09999847
v -63.90000153 -22.24793053 -45.00000000
v -63.90000153 -22.50000000 -45.29999924
v -63.70471573 -22.50000000 -45.59999847
v -63.66805267 -22.50000000 -60.29999924
v -63.72699356 -22.50000000 -60.59999847
v -63.79438782 -22.50000000 -60.90000153
v -63.90000153 -22.50000000 -61.20000076
v -63.90000153 -22.35630608 -61.50000000
v -63.90000153 -22.79999924 -45.59999847
v -63.81632996 -22.79999924 -45.90000153
v -63.89898682 -22.79999924 -56.70000076
v -63.90000153 -22.79999924 -57.00000000
v -63.83941269 -22.79999924 -57.29999924
v -63.78011322 -22.79999924 -60.00000000
v -63.85841370 -22.79999924 -60.29999924
v -63.88848495 -22.79999924 -60.59999847
v -63.90000153 -22.79999924 -60.90000153
v -63.90000153 -22.86777115 -45.90000153
v -63.90000153 -22.99069405 -46.20000076
v -63.84793472 -23.10000038 -46.50000000
v -63.90000153 -23.10000038 -46.43146515
v -63.80651474 -23.10000038 -53.70000076
v -63.90000153 -23.07064247 -54.00000000
v -63.90000153 -23.10000038 -53.87471390
v -63.90000153 -23.01400566 -54.29999924
v -63.90000153 -22.97807884 -54.59999847
v -63.90000153 -22.95737076 -54.90000153
v -63.90000153 -22.93662453 -55.20000076
v -63.90000153 -22.92217255 -55.50000000
v -63.90000153 -22.91338539 -55.79999924
v -63.90000153 -22.90097809 -56.09999847
v -63.90000153 -22.86595154 -56.40000153
v -63.90000153 -22.80059242 -56.70000076
v -63.90000153 -22.84513283 -57.29999924
v -63.90000153 -22.94059944 -57.59999847
v -63.90000153 -22.98087120 -57.90000153
v -63.90000153 -23.00009155 -58.20000076
v -63.90000153 -23.03140831 -58.50000000
v -63.90000153 -23.10000038 -58.79999924
v -63.90000153 -23.10000038 -59.09999847
v -63.90000153 -23.03265190 -59.40000153
v -63.90000153 -22.98146248 -59.70000076
v -63.90000153 -22.91027069 -60.00000000
v -63.90000153 -22.84721947 -60.29999924
v -63.90000153 -22.81479263 -60.59999847
v -63.90000153 -23.12940407 -46.50000000
v -63.90000153 -23.24572372 -46.79999924
v -63.90000153 -23.32372093 -47.09999847
v -63.90000153 -23.39999962 -47.40000153
v -63.90000153 -23.39999962 -47.70000076
v -63.90000153 -23.39999962 -48.00000000
v -63.90000153 -23.39999962 -48.29999924
v -63.90000153 -23.39999962 -48.59999847
v -63.89750671 -23.39999962 -48.90000153
v -63.89794540 -23.39999962 -49.20000076
v -63.90000153 -23.39999962 -49.50000000
v -63.90000153 -23.39999962 -49.79999924
v -63.90000153 -23.39999962 -50.09999847
v -63.90000153 -23.39999962 -50.40000153
v -63.90000153 -23.39999962 -50.70000076
v -63.90000153 -23.32761002 -51.00000000
v -63.90000153 -23.28960800 -51.29999924
v -63.90000153 -23.27114868 -51.59999847
v -63.90000153 -23.25967979 -51.90000153
v -63.90000153 -23.24850655 -52.20000076
v -63.90000153 -23.24933624 -52.50000000
v -63.90000153 -23.25426483 -52.79999924
v -63.90000153 -23.23431587 -53.09999847
v -63.90000153 -23.19782448 -53.40000153
v -63.90000153 -23.13761520 -53.70000076
v -63.90000153 -23.40107727 -48.90000153
v -63.90000153 -23.40089607 -49.20000076
v -64.06192780 -13.19999981 -47.09999847
v -64.19999695 -13.13025093 -47.09999847
v -64.19999695 -13.19999981 -46.79999924
v -64.19999695 -13.08053112 -47.40000153
v -64.19999695 -13.06088924 -47.70000076
v -64.19999695 -13.05559063 -48.00000000
v -64.19999695 -13.05617619 -48.29999924
v -64.19999695 -13.06087494 -48.59999847
v -64.19999695 -13.07061481 -48.90000153
v -64.19999695 -13.08968544 -49.20000076
v -64.02687836 -13.19999981 -49.50000000
v -64.19999695 -13.12613964 -49.50000000
v -64.12215424 -13.19999981 -49.79999924
v -64.19999695 -13.16481876 -49.79999924
v -64.19999695 -13.19999981 -50.09999847
v -64.19999695 -13.43478394 -46.50000000
v -64.19999695 -13.50000095 -46.43627167
v -64.19999695 -13.34817791 -50.40000153
v -64.19999695 -13.50000095 -50.70000076
v -64.19999695 -13.80000019 -46.22192001
v -64.19999695 -13.80000019 -50.93578720
v -64.19999695 -13.83775520 -46.20000076
v -64.19999695 -14.09999943 -46.04018784
v -64.19999695 -13.84892845 -51.00000000
v -64.19999695 -13.98035240 -51.29999924
v -64.17668915 -14.09999943 -51.59999847
v -64.19999695 -14.08964348 -51.59999847
v -64.19999695 -14.09999943 -51.62811279
v -64.18517303 -14.39999866 -45.90000153
v -64.19999695 -14.39999866 -45.90782166
v -64.19999695 -14.19410896 -51.90000153
v -64.19999695 -14.28844452 -52.20000076
v -64.19999695 -14.39999866 -52.50000000
v -64.19999695 -14.70000076 -45.90000153
v -64.19999695 -14.57254410 -52.79999924
v -64.19999695 -14.70000076 -53.00535202
v -64.19999695 -15.00000000 -45.90000153
v -64.19999695 -14.76264381 -53.09999847
v -64.19999695 -14.97806549 -53.40000153
v -64.19999695 -15.00000000 -53.42314529
v -64.19999695 -15.30000114 -45.90000153
v -64.19999695 -15.30000114 -53.67185211
v -64.17053986 -15.60000038 -45.90000153
v -64.19999695 -15.60000038 -45.91457748
v -64.19999695 -15.33260250 -53.70000076
v -64.19999695 -15.60000038 -53.96523666
v -64.19999695 -15.89999962 -45.94554901
v -64.19999695 -15.62895679 -54.00000000
v -64.00800323 -15.89999962 -54.29999924
v -64.19999695 -15.82975388 -54.29999924
v -64.19999695 -15.89999962 -54.43640900
v -64.19999695 -16.20000076 -45.90000153
v -64.19999695 -15.97899818 -54.59999847
v -64.19999695 -16.09617233 -54.90000153
v -64.19999695 -16.20000076 -55.20000076
v -64.19999695 -16.44190216 -45.59999847
v -64.19999695 -16.50000000 -45.52511597
v -64.19999695 -16.36400414 -55.50000000
v -64.19999695 -16.50000000 -55.79999924
v -64.19999695 -16.65679359 -45.29999924
v -64.19999695 -16.79999924 -45.14118195
v -64.19999695 -16.66198540 -56.09999847
v -64.19999695 -16.79999924 -56.40000153
v -64.19999695 -16.97241974 -45.00000000
v -64.19999695 -17.09999847 -44.92730713
v -64.19999695 -16.94164085 -56.70000076
v -64.19999695 -17.09659958 -57.00000000
v -64.19999695 -17.09999847 -57.00443649
v -64.19999695 -17.39999771 -44.79933167
v -64.19999695 -17.39999771 -57.29999924
v -64.19999695 -17.70000076 -44.70000076
v -64.19999695 -17.58980751 -57.59999847
v -64.19999695 -17.70000076 -57.82847977
v -64.19999695 -18.00000000 -44.58015823
v -64.19999695 -17.73266792 -57.90000153
v -64.19999695 -17.84287643 -58.20000076
v -64.19999695 -17.94431877 -58.50000000
v -64.19999695 -18.00000000 -58.62596130
v -64.19999695 -18.29999924 -44.46955490
v -64.19999695 -18.08761024 -58.79999924
v -64.07749176 -18.29999924 -59.09999847
v -64.19999695 -18.24777985 -59.09999847
v -64.19999695 -18.29999924 -59.19422531
v -64.19999695 -18.49853134 -44.40000153
v -64.19999695 -18.60000038 -44.36378860
v -64.19999695 -18.42587471 -59.40000153
v -64.19999695 -18.60000038 -59.70000076
v -64.19999695 -18.89999962 -44.26610184
v -63.91449738 -18.89999962 -59.70000076
v -64.19999695 -18.89999962 -59.93331528
v -64.19999695 -19.20000076 -44.17314911
v -64.19999695 -18.95982361 -60.00000000
v -64.07602692 -19.20000076 -60.29999924
v -64.19999695 -19.11172104 -60.29999924
v -64.19999695 -19.20000076 -60.59999847
v -64.19999695 -19.50000000 -44.09999847
v -64.16300201 -19.50000000 -60.90000153
v -64.19999695 -19.46815491 -60.90000153
v -64.19999695 -19.50000000 -60.94395828
v -64.19999695 -19.77024078 -43.79999924
v -64.19999695 -19.79999924 -43.78232193
v -64.07062531 -19.79999924 -61.20000076
v -64.19999695 -19.67703438 -61.20000076
v -64.19999695 -19.79999924 -61.50000000
v -64.19999695 -20.10000038 -43.67348862
v -63.97569656 -20.10000038 -61.50000000
v -64.09675598 -20.10000038 -61.79999924
v -64.19999695 -19.98893356 -61.79999924
v -64.17040253 -20.10000038 -62.09999847
v -64.19999695 -20.06839752 -62.09999847
v -64.19999695 -20.10000038 -62.40000153
v -64.19999695 -20.39999962 -43.63031006
v -63.90679550 -20.39999962 -61.79999924
v -64.00586700 -20.39999962 -62.09999847
v -64.13267517 -20.39999962 -62.40000153
v -64.19999695 -20.39999962 -62.49156952
v -64.19999695 -20.69999886 -43.62928772
v -64.03807068 -20.69999886 -62.40000153
v -64.19999695 -20.69999886 -62.70000076
v -64.19999695 -20.99999809 -43.67708206
v -63.96000671 -20.99999809 -62.40000153
v -64.13205719 -20.99999809 -62.70000076
v -64.19999695 -20.99999809 -62.78765488
v -64.19999695 -21.29999733 -43.79999924
v -64.05405426 -21.29999733 -62.70000076
v -64.19999695 -21.29999733 -63.00000000
v -64.19999695 -21.60000038 -44.09999847
v -64.03813934 -21.60000038 -62.70000076
v -64.19612122 -21.60000038 -63.00000000
v -64.19999695 -21.60000038 -63.00500488
v -64.19999695 -21.89999962 -44.40000153
v -63.97108459 -21.89999962 -62.40000153
v -64.08507538 -21.89999962 -62.70000076
v -64.19999695 -21.89999962 -63.00000000
v -64.19999695 -22.20000076 -44.70000076
v -63.96278763 -22.20000076 -62.09999847
v -64.06065369 -22.20000076 -62.40000153
v -64.19999695 -22.20000076 -62.70000076
v -64.19999695 -22.42656898 -45.00000000
v -64.19999695 -22.50000000 -45.07619858
v -63.96732330 -22.50000000 -61.50000000
v -64.01563263 -22.50000000 -61.79999924
v -64.05891418 -22.50000000 -62.09999847
v -64.15010834 -22.50000000 -62.40000153
v -64.19999695 -22.50000000 -62.47655869
v -64.19999695 -22.79999924 -45.29999924
v -64.06996918 -22.79999924 -61.20000076
v -64.16711426 -22.79999924 -61.50000000
v -64.19999695 -22.79999924 -61.79999924
v -64.19999695 -22.79999924 -62.09999847
v -64.19999695 -22.79999924 -62.40000153
v -64.19999695 -22.91779518 -45.59999847
v -64.19999695 -23.01320267 -45.90000153
v -64.11520386 -23.10000038 -46.20000076
v -64.19999695 -23.10000038 -46.10826492
v -63.96727753 -23.10000038 -54.00000000
v -64.08227539 -23.10000038 -54.29999924
v -64.15268707 -23.10000038 -54.59999847
v -64.19999695 -23.10000038 -54.90000153
v -64.19999695 -23.03633118 -55.20000076
v -64.19999695 -23.01144981 -55.50000000
v -64.19999695 -22.99532509 -55.79999924
v -64.19999695 -22.97172546 -56.09999847
v -64.19999695 -22.94023514 -56.40000153
v -64.19999695 -22.92117310 -56.70000076
v -64.19999695 -22.93680763 -57.00000000
v -64.19999695 -22.99551201 -57.29999924
v -64.19999695 -23.10000038 -57.59999847
v -64.18345642 -23.10000038 -57.90000153
v -64.14950562 -23.10000038 -58.20000076
v -64.07183838 -23.10000038 -58.50000000
v -64.05212402 -23.10000038 -59.40000153
v -64.13734436 -23.10000038 -59.70000076
v -64.18811798 -23.10000038 -60.00000000
v -64.19999695 -23.10000038 -60.29999924
v -64.19999695 -23.10000038 -60.59999847
v -64.19999695 -23.10000038 -60.90000153
v -64.19999695 -22.93169212 -61.20000076
v -64.19999695 -22.83532715 -61.50000000
v -64.19999695 -23.13849068 -46.20000076
v -64.19999695 -23.27137756 -46.50000000
v -64.19999695 -23.39999962 -46.79999924
v -64.05738068 -23.39999962 -47.09999847
v -64.03649139 -23.39999962 -51.00000000
v -64.11455536 -23.39999962 -51.29999924
v -64.16523743 -23.39999962 -51.59999847
v -64.19999695 -23.39999962 -51.90000153
v -64.19999695 -23.34716225 -52.20000076
v -64.19999695 -23.35006142 -52.50000000
v -64.19999695 -23.39999962 -52.79999924
v -64.19999695 -23.33622360 -53.09999847
v -64.19999695 -23.28858376 -53.40000153
v -64.19999695 -23.24122810 -53.70000076
v -64.19999695 -23.19259644 -54.00000000
v -64.19999695 -23.15089417 -54.29999924
v -64.19999695 -23.12086487 -54.59999847
v -64.19999695 -23.10583305 -57.90000153
v -64.19999695 -23.11735535 -58.20000076
v -64.19999695 -23.14128494 -58.50000000
v -64.19999695 -23.16825104 -58.79999924
v -64.19999695 -23.17306137 -59.09999847
v -64.19999695 -23.15311432 -59.40000153
v -64.19999695 -23.12695694 -59.70000076
v -64.19999695 -23.10634422 -60.00000000
v -64.19999695 -23.45854568 -47.09999847
v -64.19999695 -23.50094795 -47.40000153
v -64.19999695 -23.51921463 -47.70000076
v -64.19999695 -23.52660942 -48.00000000
v -64.19999695 -23.52980232 -48.29999924
v -64.19999695 -23.53061295 -48.59999847
v -64.19999695 -23.53029633 -48.90000153
v -64.19999695 -23.52957153 -49.20000076
v -64.19999695 -23.52882957 -49.50000000
v -64.19999695 -23.52796364 -49.79999924
v -64.19999695 -23.52607727 -50.09999847
v -64.19999695 -23.52108383 -50.40000153
v -64.19999695 -23.50717163 -50.70000076
v -64.19999695 -23.47464180 -51.00000000
v -64.19999695 -23.44080162 -51.29999924
v -64.19999695 -23.41589737 -51.59999847
v -64.50000000 -13.15278530 -46.79999924
v -64.50000000 -13.19999981 -46.72947693
v -64.50000000 -13.04022694 -47.09999847
v -64.50000000 -12.98482132 -47.40000153
v -64.50000000 -12.96325779 -47.70000076
v -64.50000000 -12.95304871 -48.00000000
v -64.50000000 -12.95169640 -48.29999924
v -64.50000000 -12.95887661 -48.59999847
v -64.50000000 -12.97414398 -48.90000153
v -64.50000000 -12.99758244 -49.20000076
v -64.50000000 -13.03085709 -49.50000000
v -64.50000000 -13.07555008 -49.79999924
v -64.50000000 -13.13881207 -50.09999847
v -64.50000000 -13.19999981 -50.27605057
v -64.50000000 -13.41635418 -46.50000000
v -64.50000000 -13.50000095 -46.43315506
v -64.50000000 -13.25188637 -50.40000153
v -64.50000000 -13.42114162 -50.70000076
v -64.50000000 -13.50000095 -50.80553436
v -64.50000000 -13.80000019 -46.26513290
v -64.50000000 -13.80000019 -51.00000000
v -64.50000000 -13.97593307 -46.20000076
v -64.50000000 -14.09999943 -46.15383911
v -64.50000000 -13.84290791 -51.29999924
v -64.50000000 -13.95425224 -51.59999847
v -64.50000000 -14.09999943 -51.90000153
v -64.50000000 -14.39999866 -46.09283829
v -64.50000000 -14.19769382 -52.20000076
v -64.50000000 -14.32050514 -52.50000000
v -64.50000000 -14.39999866 -52.65446854
v -64.50000000 -14.70000076 -46.07513046
v -64.50000000 -14.48480797 -52.79999924
v -64.50000000 -14.70000076 -53.09444427
v -64.50000000 -15.00000000 -46.07594299
v -64.50000000 -14.70410919 -53.09999847
v -64.50000000 -14.94554806 -53.40000153
v -64.50000000 -15.00000000 -53.45442200
v -64.50000000 -15.30000114 -46.08118057
v -64.50000000 -15.30000114 -53.70000076
v -64.50000000 -15.60000038 -46.08120728
v -64.50000000 -15.60000038 -54.00000000
v -64.50000000 -15.89999962 -46.05278778
v -64.50000000 -15.77377701 -54.29999924
v -64.50000000 -15.89999962 -54.55910873
v -64.50000000 -16.20000076 -45.94472885
v -64.50000000 -15.91874123 -54.59999847
v -64.50000000 -16.04337120 -54.90000153
v -64.50000000 -16.16410828 -55.20000076
v -64.50000000 -16.20000076 -55.27954102
v -64.50000000 -16.50000000 -45.59999847
v -64.50000000 -16.26371574 -45.90000153
v -64.50000000 -16.30449867 -55.50000000
v -64.50000000 -16.44731903 -55.79999924
v -64.50000000 -16.50000000 -55.90692139
v -64.50000000 -16.72629166 -45.29999924
v -64.50000000 -16.79999924 -45.22136307
v -64.50000000 -16.59832573 -56.09999847
v -64.50000000 -16.74408531 -56.40000153
v -64.50000000 -16.79999924 -56.50948334
v -64.50000000 -17.05598068 -45.00000000
v -64.50000000 -17.09999847 -44.97162247
v -64.50000000 -16.90169716 -56.70000076
v -64.50000000 -17.09999847 -57.00000000
v -64.50000000 -17.39999771 -44.83850479
v -64.50000000 -17.39999771 -57.29999924
v -64.50000000 -17.70000076 -44.72937775
v -64.50000000 -17.55964470 -57.59999847
v -64.50000000 -17.70000076 -57.90000153
v -64.50000000 -17.77881622 -44.70000076
v -64.50000000 -18.00000000 -44.61879730
v -64.50000000 -17.80549812 -58.20000076
v -64.50000000 -17.91116333 -58.50000000
v -64.50000000 -18.00000000 -58.73036575
v -64.50000000 -18.29999924 -44.50917053
v -64.50000000 -18.02866745 -58.79999924
v -64.50000000 -18.16872978 -59.09999847
v -64.50000000 -18.29999924 -59.35411072
v -64.50000000 -18.60000038 -44.40000153
v -64.50000000 -18.32644272 -59.40000153
v -64.50000000 -18.52076340 -59.70000076
v -64.50000000 -18.60000038 -59.79796219
v -64.50000000 -18.89999962 -44.32163239
v -64.50000000 -18.89999962 -60.00000000
v -64.50000000 -19.20000076 -44.22568130
v -64.50000000 -18.99740601 -60.29999924
v -64.50000000 -19.12392616 -60.59999847
v -64.50000000 -19.20000076 -60.73608017
v -64.50000000 -19.50000000 -44.09999847
v -64.50000000 -19.30301094 -60.90000153
v -64.50000000 -19.50000000 -61.20000076
v -64.50000000 -19.79999924 -43.79999924
v -64.50000000 -19.63451767 -61.50000000
v -64.50000000 -19.79999924 -61.79999924
v -64.50000000 -20.10000038 -43.68011856
v -64.50000000 -19.86164665 -62.09999847
v -64.50000000 -19.97827530 -62.40000153
v -64.50000000 -20.10000038 -62.54944611
v -64.50000000 -20.39999962 -43.63074493
v -64.50000000 -20.39999962 -62.70000076
v -64.50000000 -20.69999886 -43.62619400
v -64.50000000 -20.69999886 -62.95516205
v -64.50000000 -20.99999809 -43.67320251
v -64.50000000 -20.99999809 -63.00000000
v -64.50000000 -21.29999733 -43.79999924
v -64.50000000 -21.29999733 -63.28318024
v -64.50000000 -21.60000038 -44.09999847
v -64.50000000 -21.60000038 -63.29999924
v -64.50000000 -21.89999962 -44.34154129
v -64.50000000 -21.89999962 -63.29999924
v -64.50000000 -21.96759605 -44.40000153
v -64.50000000 -22.20000076 -44.62018204
v -64.50000000 -22.20000076 -63.00000000
v -64.50000000 -22.27834511 -44.70000076
v -64.50000000 -22.50000000 -45.00000000
v -64.50000000 -22.50000000 -62.70000076
v -64.50000000 -22.79999924 -45.20580673
v -64.50000000 -22.79999924 -62.60767365
v -64.50000000 -22.87493134 -45.29999924
v -64.50000000 -23.01681709 -45.59999847
v -64.50000000 -23.10000038 -45.90000153
v -64.50000000 -23.10000038 -55.20000076
v -64.50000000 -23.10000038 -55.50000000
v -64.50000000 -23.08460999 -55.79999924
v -64.50000000 -23.05176163 -56.09999847
v -64.50000000 -23.01824570 -56.40000153
v -64.50000000 -23.00679016 -56.70000076
v -64.50000000 -23.01937485 -57.00000000
v -64.50000000 -23.06057167 -57.29999924
v -64.50000000 -23.10000038 -57.50256348
v -64.50000000 -23.10000038 -61.20000076
v -64.50000000 -23.07684326 -61.50000000
v -64.50000000 -23.05587387 -61.79999924
v -64.50000000 -23.02709961 -62.09999847
v -64.50000000 -22.95074463 -62.40000153
v -64.50000000 -23.26147842 -46.20000076
v -64.50000000 -23.39341354 -46.50000000
v -64.50000000 -23.39999962 -46.51816559
v -64.50000000 -23.39999962 -52.20000076
v -64.50000000 -23.39999962 -52.50000000
v -64.50000000 -23.39999962 -53.09999847
v -64.50000000 -23.38153839 -53.40000153
v -64.50000000 -23.34373093 -53.70000076
v -64.50000000 -23.30129051 -54.00000000
v -64.50000000 -23.27076912 -54.29999924
v -64.50000000 -23.23903656 -54.59999847
v -64.50000000 -23.18931580 -54.90000153
v -64.50000000 -23.11706352 -57.59999847
v -64.50000000 -23.14999580 -57.90000153
v -64.50000000 -23.16768646 -58.20000076
v -64.50000000 -23.18506622 -58.50000000
v -64.50000000 -23.20209503 -58.79999924
v -64.50000000 -23.21446800 -59.09999847
v -64.50000000 -23.22027969 -59.40000153
v -64.50000000 -23.22232056 -59.70000076
v -64.50000000 -23.22606659 -60.00000000
v -64.50000000 -23.23178864 -60.29999924
v -64.50000000 -23.22875404 -60.59999847
v -64.50000000 -23.19655228 -60.90000153
v -64.50000000 -23.49376297 -46.79999924
v -64.50000000 -23.55741310 -47.09999847
v -64.50000000 -23.59420013 -47.40000153
v -64.50000000 -23.61486244 -47.70000076
v -64.50000000 -23.63478088 -48.00000000
v -64.50000000 -23.64886093 -48.29999924
v -64.50000000 -23.65499878 -48.59999847
v -64.50000000 -23.65530205 -48.90000153
v -64.50000000 -23.65236092 -49.20000076
v -64.50000000 -23.64737320 -49.50000000
v -64.50000000 -23.64011765 -49.79999924
v -64.50000000 -23.62988091 -50.09999847
v -64.50000000 -23.61690903 -50.40000153
v -64.50000000 -23.60267830 -50.70000076
v -64.50000000 -23.58382416 -51.00000000
v -64.50000000 -23.55988693 -51.29999924
v -64.50000000 -23.53038597 -51.59999847
v -64.50000000 -23.48522949 -51.90000153
v -64.50000000 -23.43685150 -52.79999924
v -64.71927643 -12.90000057 -48.00000000
v -64.80000305 -12.88095570 -48.00000000
v -64.80000305 -12.90000057 -47.70000076
v -64.70370483 -12.90000057 -48.29999924
v -64.80000305 -12.87639332 -48.29999924
v -64.73151398 -12.90000057 -48.59999847
v -64.80000305 -12.88306427 -48.59999847
v -64.80000305 -12.90000057 -48.90000153
v -64.80000305 -13.12081432 -46.79999924
v -64.80000305 -13.19999981 -46.70211411
v -64.80000305 -12.96918488 -47.09999847
v -64.80000305 -12.90867424 -47.40000153
v -64.80000305 -12.92223072 -49.20000076
v -64.80000305 -12.95723915 -49.50000000
v -64.80000305 -13.00804806 -49.79999924
v -64.80000305 -13.08049774 -50.09999847
v -64.69890594 -13.19999981 -50.40000153
v -64.80000305 -13.17676735 -50.40000153
v -64.80000305 -13.19999981 -50.46286392
v -64.80000305 -13.43741131 -46.50000000
v -64.80000305 -13.50000095 -46.45988846
v -64.80000305 -13.30382156 -50.70000076
v -64.70377350 -13.50000095 -51.00000000
v -64.80000305 -13.43358421 -51.00000000
v -64.80000305 -13.50000095 -51.29999924
v -64.80000305 -13.80000019 -46.35789871
v -64.55955505 -13.80000019 -51.29999924
v -64.80000305 -13.80000019 -51.59999847
v -64.58663940 -14.09999943 -46.20000076
v -64.80000305 -14.09999943 -46.30739212
v -64.80000305 -13.95695782 -51.90000153
v -64.80000305 -14.09999943 -52.17409515
v -64.66671753 -14.39999866 -46.20000076
v -64.80000305 -14.39999866 -46.28103256
v -64.80000305 -14.11220360 -52.20000076
v -64.80000305 -14.25715065 -52.50000000
v -64.80000305 -14.39999866 -52.79999924
v -64.69105530 -14.70000076 -46.20000076
v -64.80000305 -14.70000076 -46.26716232
v -64.80000305 -14.70000076 -53.09999847
v -64.69638824 -15.00000000 -46.20000076
v -64.80000305 -15.00000000 -46.26106262
v -64.80000305 -14.86388206 -53.40000153
v -64.80000305 -15.00000000 -53.53216553
v -64.69983673 -15.30000114 -46.20000076
v -64.80000305 -15.30000114 -46.25497055
v -64.80000305 -15.30000114 -53.70000076
v -64.72174072 -15.60000038 -46.20000076
v -64.80000305 -15.60000038 -46.23879623
v -64.80000305 -15.60000038 -54.00000000
v -64.80000305 -15.89999962 -46.20000076
v -64.80000305 -15.74831295 -54.29999924
v -64.80000305 -15.89999962 -54.59999847
v -64.80000305 -16.20000076 -46.06334686
v -64.80000305 -16.02398300 -54.90000153
v -64.80000305 -16.15351105 -55.20000076
v -64.80000305 -16.20000076 -55.30157089
v -64.80000305 -16.50000000 -45.90000153
v -64.80000305 -16.29259109 -55.50000000
v -64.80000305 -16.44069672 -55.79999924
v -64.80000305 -16.50000000 -55.91674423
v -64.80000305 -16.79999924 -45.29999924
v -64.80000305 -16.62498283 -45.59999847
v -64.80000305 -16.59461594 -56.09999847
v -64.80000305 -16.74552155 -56.40000153
v -64.80000305 -16.79999924 -56.50557327
v -64.80000305 -17.09999847 -45.00000000
v -64.80000305 -16.90400887 -56.70000076
v -64.80000305 -17.09999847 -57.00000000
v -64.80000305 -17.39999771 -44.89577866
v -64.80000305 -17.39999771 -57.29999924
v -64.80000305 -17.70000076 -44.78541946
v -64.80000305 -17.56218338 -57.59999847
v -64.80000305 -17.70000076 -57.90000153
v -64.80000305 -17.92731857 -44.70000076
v -64.80000305 -18.00000000 -44.67350388
v -64.80000305 -17.80606270 -58.20000076
v -64.80000305 -17.90208626 -58.50000000
v -64.80000305 -18.00000000 -58.79999924
v -64.80000305 -18.29999924 -44.56762695
v -64.80000305 -18.13210678 -59.09999847
v -64.65143585 -18.29999924 -59.40000153
v -64.80000305 -18.27695847 -59.40000153
v -64.80000305 -18.29999924 -59.44491959
v -64.80000305 -18.60000038 -44.47372055
v -64.80000305 -18.44307709 -59.70000076
v -64.80000305 -18.60000038 -60.00000000
v -64.80000305 -18.89999962 -44.40000153
v -64.80000305 -18.89999962 -60.28594971
v -64.80000305 -19.20000076 -44.27206039
v -64.80000305 -18.90927124 -60.29999924
v -64.80000305 -19.06525040 -60.59999847
v -64.80000305 -19.20000076 -60.90000153
v -64.80000305 -19.50000000 -44.11447525
v -64.80000305 -19.34770775 -61.20000076
v -64.74285889 -19.50000000 -61.50000000
v -64.80000305 -19.47090721 -61.50000000
v -64.80000305 -19.50000000 -61.58570862
v -64.80000305 -19.52183342 -44.09999847
v -64.80000305 -19.79999924 -43.79999924
v -64.80000305 -19.57757187 -61.79999924
v -64.59636688 -19.79999924 -62.09999847
v -64.80000305 -19.67159081 -62.09999847
v -64.78645325 -19.79999924 -62.40000153
v -64.80000305 -19.79218674 -62.40000153
v -64.80000305 -19.79999924 -62.41527176
v -64.80000305 -20.10000038 -43.71657944
v -64.66617584 -20.10000038 -62.70000076
v -64.80000305 -19.98425484 -62.70000076
v -64.80000305 -20.10000038 -62.86725616
v -64.80000305 -20.39999962 -43.67288971
v -64.66470337 -20.39999962 -63.00000000
v -64.80000305 -20.21080589 -63.00000000
v -64.80000305 -20.39999962 -63.29999924
v -64.80000305 -20.69999886 -43.66679764
v -64.53365326 -20.69999886 -63.00000000
v -64.67756653 -20.69999886 -63.29999924
v -64.80000305 -20.69999886 -63.59999847
v -64.80000305 -20.99999809 -43.69984436
v -64.59461212 -20.99999809 -63.29999924
v -64.72006989 -20.99999809 -63.59999847
v -64.80000305 -20.99999809 -63.77202988
v -64.80000305 -21.29999733 -43.79999924
v -64.51112366 -21.29999733 -63.29999924
v -64.66454315 -21.29999733 -63.59999847
v -64.80000305 -21.29999733 -63.90000153
v -64.80000305 -21.60000038 -44.09999847
v -64.63067627 -21.60000038 -63.59999847
v -64.72798920 -21.60000038 -63.90000153
v -64.80000305 -21.60000038 -64.19999695
v -64.80000305 -21.89999962 -44.31552887
v -64.62161255 -21.89999962 -63.59999847
v -64.70835876 -21.89999962 -63.90000153
v -64.79118347 -21.89999962 -64.19999695
v -64.80000305 -21.89999962 -64.22422028
v -64.80000305 -22.00926590 -44.40000153
v -64.80000305 -22.20000076 -44.55615234
v -64.56814575 -22.20000076 -63.29999924
v -64.65042114 -22.20000076 -63.59999847
v -64.72959137 -22.20000076 -63.90000153
v -64.80000305 -22.20000076 -64.19999695
v -64.80000305 -22.37400436 -44.70000076
v -64.80000305 -22.50000000 -44.80782700
v -64.58781433 -22.50000000 -63.00000000
v -64.65150452 -22.50000000 -63.29999924
v -64.71506500 -22.50000000 -63.59999847
v -64.80000305 -22.50000000 -63.90000153
v -64.80000305 -22.79999924 -45.00000000
v -64.57021332 -22.79999924 -62.70000076
v -64.70526123 -22.79999924 -63.00000000
v -64.77278137 -22.79999924 -63.29999924
v -64.80000305 -22.79999924 -63.59999847
v -64.80000305 -22.98975945 -45.29999924
v -64.69897461 -23.10000038 -45.59999847
v -64.80000305 -23.10000038 -45.51029205
v -64.54056549 -23.10000038 -55.79999924
v -64.64232635 -23.10000038 -56.09999847
v -64.80000305 -23.10000038 -56.40000153
v -64.80000305 -23.08995438 -56.70000076
v -64.80000305 -23.08178329 -57.00000000
v -64.80000305 -23.08481789 -57.29999924
v -64.80000305 -23.10000038 -57.45676804
v -64.53575897 -23.10000038 -61.50000000
v -64.57013702 -23.10000038 -61.79999924
v -64.62202454 -23.10000038 -62.09999847
v -64.71069336 -23.10000038 -62.40000153
v -64.80000305 -23.10000038 -62.70000076
v -64.80000305 -22.94121552 -63.00000000
v -64.80000305 -22.84242821 -63.29999924
v -64.80000305 -23.14247894 -45.59999847
v -64.80000305 -23.26523590 -45.90000153
v -64.80000305 -23.39281273 -46.20000076
v -64.51677704 -23.39999962 -46.50000000
v -64.80000305 -23.39999962 -46.21813583
v -64.54884338 -23.39999962 -53.40000153
v -64.65200806 -23.39999962 -53.70000076
v -64.80000305 -23.39999962 -54.00000000
v -64.80000305 -23.39197350 -54.29999924
v -64.80000305 -23.36853027 -54.59999847
v -64.80000305 -23.32635880 -54.90000153
v -64.80000305 -23.27523804 -55.20000076
v -64.80000305 -23.23781013 -55.50000000
v -64.80000305 -23.20234299 -55.79999924
v -64.80000305 -23.15630341 -56.09999847
v -64.80000305 -23.11381912 -57.59999847
v -64.80000305 -23.14941597 -57.90000153
v -64.80000305 -23.17488861 -58.20000076
v -64.80000305 -23.19447327 -58.50000000
v -64.80000305 -23.21372604 -58.79999924
v -64.80000305 -23.23590279 -59.09999847
v -64.80000305 -23.26077843 -59.40000153
v -64.80000305 -23.28598785 -59.70000076
v -64.80000305 -23.30792046 -60.00000000
v -64.80000305 -23.32225418 -60.29999924
v -64.80000305 -23.32438087 -60.59999847
v -64.80000305 -23.31007385 -60.90000153
v -64.80000305 -23.28033447 -61.20000076
v -64.80000305 -23.25192070 -61.50000000
v -64.80000305 -23.22626495 -61.79999924
v -64.80000305 -23.19528008 -62.09999847
v -64.80000305 -23.15231514 -62.40000153
v -64.80000305 -23.50597763 -46.50000000
v -64.80000305 -23.59618378 -46.79999924
v -64.80000305 -23.65908051 -47.09999847
v -64.80000305 -23.69202805 -47.40000153
v -64.80000305 -23.70000267 -47.70000076
v -64.68447113 -23.70000267 -48.00000000
v -64.63101196 -23.70000267 -48.29999924
v -64.61144257 -23.70000267 -48.59999847
v -64.61062622 -23.70000267 -48.90000153
v -64.62086487 -23.70000267 -49.20000076
v -64.64036560 -23.70000267 -49.50000000
v -64.67218018 -23.70000267 -49.79999924
v -64.72336578 -23.70000267 -50.09999847
v -64.80000305 -23.70000267 -50.40000153
v -64.80000305 -23.69001389 -50.70000076
v -64.80000305 -23.67762756 -51.00000000
v -64.80000305 -23.66105080 -51.29999924
v -64.80000305 -23.63789177 -51.59999847
v -64.80000305 -23.60531998 -51.90000153
v -64.80000305 -23.56893349 -52.20000076
v -64.80000305 -23.55031204 -52.50000000
v -64.80000305 -23.54196739 -52.79999924
v -64.80000305 -23.52346039 -53.09999847
v -64.80000305 -23.49741364 -53.40000153
v -64.80000305 -23.45702362 -53.70000076
v -64.80000305 -23.74224091 -48.00000000
v -64.80000305 -23.76603317 -48.29999924
v -64.80000305 -23.77550125 -48.59999847
v -64.80000305 -23.77566147 -48.90000153
v -64.80000305 -23.76974297 -49.20000076
v -64.80000305 -23.75915337 -49.50000000
v -64.80000305 -23.74404144 -49.79999924
v -64.80000305 -23.72406387 -50.09999847
v -64.84446716 -12.90000057 -47.40000153
v -65.09999847 -12.85383034 -47.40000153
v -65.09999847 -12.90000057 -47.09999847
v -65.09999847 -12.83842564 -47.70000076
v -65.09999847 -12.82934284 -48.00000000
v -65.09999847 -12.82504082 -48.29999924
v -65.09999847 -12.82758141 -48.59999847
v -65.09999847 -12.83962822 -48.90000153
v -64.91050720 -12.90000057 -49.20000076
v -65.09999847 -12.86260891 -49.20000076
v -65.09999847 -12.90000057 -49.50000000
v -65.09999847 -13.11888790 -46.79999924
v -65.09999847 -13.19999981 -46.71928406
v -65.09999847 -12.95029354 -49.79999924
v -65.09999847 -13.02393532 -50.09999847
v -65.09999847 -13.11139965 -50.40000153
v -65.09999847 -13.19999981 -50.70000076
v -65.09999847 -13.50000095 -46.50000000
v -65.09999847 -13.30599403 -51.00000000
v -65.09999847 -13.39611626 -51.29999924
v -65.09999847 -13.50000095 -51.59999847
v -65.09999847 -13.80000019 -46.47960663
v -65.09999847 -13.80000019 -51.85029221
v -65.09999847 -14.09999943 -46.50000000
v -65.09999847 -13.83987236 -51.90000153
v -64.85692596 -14.09999943 -52.20000076
v -65.09999847 -14.04297161 -52.20000076
v -65.09999847 -14.09999943 -52.29040909
v -65.09999847 -14.39999866 -46.50000000
v -65.09999847 -14.22454929 -52.50000000
v -65.09999847 -14.39999866 -52.79999924
v -65.09999847 -14.70000076 -46.47361755
v -65.09999847 -14.62164688 -53.09999847
v -65.09999847 -14.70000076 -53.40000153
v -65.09999847 -15.00000000 -46.45573425
v -65.09999847 -15.00000000 -53.70000076
v -65.09999847 -15.30000114 -46.43564224
v -65.09999847 -15.30000114 -53.82704544
v -65.09999847 -15.60000038 -46.39997101
v -65.09999847 -15.51007462 -54.00000000
v -65.09999847 -15.60000038 -54.09849548
v -65.09999847 -15.89999962 -46.32987595
v -65.09999847 -15.73213673 -54.29999924
v -65.09999847 -15.89999962 -54.59999847
v -65.09999847 -16.20000076 -46.20000076
v -65.09999847 -16.02559090 -54.90000153
v -65.09999847 -16.15966415 -55.20000076
v -65.09999847 -16.20000076 -55.28273773
v -65.09999847 -16.50000000 -45.93738556
v -65.09999847 -16.30966377 -55.50000000
v -65.09999847 -16.47275543 -55.79999924
v -65.09999847 -16.50000000 -55.84945297
v -65.09999847 -16.71621323 -45.59999847
v -65.09999847 -16.79999924 -45.47931290
v -65.09999847 -16.53144455 -45.90000153
v -65.09999847 -16.64073372 -56.09999847
v -65.09999847 -16.79999924 -56.40000153
v -65.09999847 -16.95268059 -45.29999924
v -65.09999847 -17.09999847 -45.17122269
v -65.09999847 -16.94209099 -56.70000076
v -65.09999847 -17.09999847 -57.00000000
v -65.09999847 -17.39999771 -45.00000000
v -65.09999847 -17.39999771 -57.29999924
v -65.09999847 -17.70000076 -44.86990738
v -65.09999847 -17.60003471 -57.59999847
v -65.09999847 -17.70000076 -57.80522919
v -64.91291046 -18.00000000 -44.70000076
v -65.09999847 -18.00000000 -44.74624634
v -65.09999847 -17.74279594 -57.90000153
v -65.09999847 -17.84685516 -58.20000076
v -65.09999847 -17.92638397 -58.50000000
v -65.09999847 -18.00000000 -58.79999924
v -65.09999847 -18.11821556 -44.70000076
v -65.09999847 -18.29999924 -44.63302994
v -65.09999847 -18.14168930 -59.09999847
v -65.09999847 -18.26822472 -59.40000153
v -65.09999847 -18.29999924 -59.46794891
v -65.09999847 -18.60000038 -44.53831863
v -65.09999847 -18.41727829 -59.70000076
v -65.09999847 -18.60000038 -60.00000000
v -65.09999847 -18.89999962 -44.44525909
v -65.09999847 -18.89999962 -60.29999924
v -65.09999847 -19.02489853 -44.40000153
v -65.09999847 -19.20000076 -44.33090210
v -65.09999847 -19.03553009 -60.59999847
v -65.09999847 -19.14735413 -60.90000153
v -65.09999847 -19.20000076 -61.04726028
v -65.09999847 -19.50000000 -44.20528793
v -65.09999847 -19.25604630 -61.20000076
v -65.09999847 -19.36080742 -61.50000000
v -64.96116638 -19.50000000 -61.79999924
v -65.09999847 -19.44275856 -61.79999924
v -65.09999847 -19.50000000 -62.09999847
v -65.09999847 -19.79999924 -44.09999847
v -65.09999847 -19.62742805 -62.40000153
v -65.05767822 -19.79999924 -62.70000076
v -65.09999847 -19.77540970 -62.70000076
v -65.09999847 -19.79999924 -62.74822998
v -65.09999847 -20.10000038 -43.79999924
v -64.90174866 -20.10000038 -63.00000000
v -65.09999847 -19.94065475 -63.00000000
v -65.09999847 -20.10000038 -63.29999924
v -65.09999847 -20.39999962 -43.74065781
v -65.02427673 -20.39999962 -63.59999847
v -65.09999847 -20.32073975 -63.59999847
v -65.09999847 -20.39999962 -63.71886444
v -65.09999847 -20.69999886 -43.77107239
v -64.97969818 -20.69999886 -63.90000153
v -65.09999847 -20.53108788 -63.90000153
v -65.09999847 -20.69999886 -64.19999695
v -65.09999847 -20.99999809 -43.79629135
v -64.85839081 -20.99999809 -63.90000153
v -64.98127747 -20.99999809 -64.19999695
v -65.09999847 -20.99999809 -64.47575378
v -65.09999847 -21.29999733 -43.79999924
v -64.89044952 -21.29999733 -64.19999695
v -65.01893616 -21.29999733 -64.50000000
v -65.09999847 -21.03382874 -64.50000000
v -65.09999847 -21.29999733 -64.66741943
v -65.09999847 -21.60000038 -44.09999847
v -64.94710541 -21.60000038 -64.50000000
v -65.09999847 -21.60000038 -64.80000305
v -65.09999847 -21.89999962 -44.31097031
v -64.90409088 -21.89999962 -64.50000000
v -65.02376556 -21.89999962 -64.80000305
v -65.09999847 -21.89999962 -65.00987244
v -65.09999847 -22.02607918 -44.40000153
v -65.09999847 -22.20000076 -44.52381134
v -64.89350891 -22.20000076 -64.50000000
v -64.99108124 -22.20000076 -64.80000305
v -65.09999847 -22.20000076 -65.09999847
v -65.09999847 -22.44144821 -44.70000076
v -65.09999847 -22.50000000 -44.74364090
v -64.85660553 -22.50000000 -64.19999695
v -64.91964722 -22.50000000 -64.50000000
v -64.99163055 -22.50000000 -64.80000305
v -65.07881927 -22.50000000 -65.09999847
v -65.09999847 -22.50000000 -65.15895844
v -65.09999847 -22.79999924 -44.97518539
v -64.89533997 -22.79999924 -63.90000153
v -64.94792175 -22.79999924 -64.19999695
v -64.98373413 -22.79999924 -64.50000000
v -65.02605438 -22.79999924 -64.80000305
v -65.09999847 -22.79999924 -65.09999847
v -65.09999847 -22.82712555 -45.00000000
v -65.09999847 -23.10000038 -45.29999924
v -64.82733917 -23.10000038 -56.70000076
v -64.87370300 -23.10000038 -57.00000000
v -65.09999847 -23.10000038 -57.29999924
v -65.09999847 -23.10000038 -57.59999847
v -64.93363953 -23.10000038 -63.00000000
v -65.00293732 -23.10000038 -63.29999924
v -65.04635620 -23.10000038 -63.59999847
v -65.08322144 -23.10000038 -63.90000153
v -65.09999847 -23.10000038 -64.19999695
v -65.09999847 -23.10000038 -64.50000000
v -65.09999847 -23.10000038 -64.80000305
v -65.09999847 -23.27143097 -45.59999847
v -65.09999847 -23.39999962 -45.90000153
v -64.81726074 -23.39999962 -46.20000076
v -64.81678772 -23.39999962 -54.29999924
v -64.86376190 -23.39999962 -54.59999847
v -64.93712616 -23.39999962 -54.90000153
v -65.01618195 -23.39999962 -55.20000076
v -65.09999847 -23.39999962 -55.50000000
v -65.09999847 -23.35487366 -55.79999924
v -65.09999847 -23.30086327 -56.09999847
v -65.09999847 -23.24642181 -56.40000153
v -65.09999847 -23.20636559 -56.70000076
v -65.09999847 -23.16053009 -57.00000000
v -65.09999847 -23.12734795 -57.90000153
v -65.09999847 -23.15641785 -58.20000076
v -65.09999847 -23.18020439 -58.50000000
v -65.09999847 -23.20631218 -58.79999924
v -65.09999847 -23.23894882 -59.09999847
v -65.09999847 -23.27868652 -59.40000153
v -65.09999847 -23.32353020 -59.70000076
v -65.09999847 -23.36423492 -60.00000000
v -65.09999847 -23.38239288 -60.29999924
v -65.09999847 -23.39069557 -60.59999847
v -65.09999847 -23.39999962 -60.90000153
v -65.09999847 -23.39999962 -61.20000076
v -65.09999847 -23.37043381 -61.50000000
v -65.09999847 -23.34729767 -61.79999924
v -65.09999847 -23.32529449 -62.09999847
v -65.09999847 -23.30051994 -62.40000153
v -65.09999847 -23.27083969 -62.70000076
v -65.09999847 -23.23013687 -63.00000000
v -65.09999847 -23.18967438 -63.29999924
v -65.09999847 -23.15441704 -63.59999847
v -65.09999847 -23.11963654 -63.90000153
v -65.09999847 -23.51429749 -46.20000076
v -65.09999847 -23.62081528 -46.50000000
v -65.07222748 -23.70000267 -46.79999924
v -65.09999847 -23.70000267 -46.76346207
v -64.90650940 -23.70000267 -47.09999847
v -64.81995392 -23.70000267 -47.40000153
v -64.83510590 -23.70000267 -50.70000076
v -64.87801361 -23.70000267 -51.00000000
v -64.92576599 -23.70000267 -51.29999924
v -64.97440338 -23.70000267 -51.59999847
v -65.01966858 -23.70000267 -51.90000153
v -65.05692291 -23.70000267 -52.20000076
v -65.09228516 -23.70000267 -52.50000000
v -65.09999847 -23.68165207 -52.79999924
v -65.09999847 -23.70000267 -52.55208588
v -65.09999847 -23.65633011 -53.09999847
v -65.09999847 -23.62737465 -53.40000153
v -65.09999847 -23.59506416 -53.70000076
v -65.09999847 -23.56332207 -54.00000000
v -65.09999847 -23.54141426 -54.29999924
v -65.09999847 -23.51901436 -54.59999847
v -65.09999847 -23.48863983 -54.90000153
v -65.09999847 -23.44901848 -55.20000076
v -65.09999847 -23.71097565 -46.79999924
v -65.09999847 -23.77658844 -47.09999847
v -65.09999847 -23.81710434 -47.40000153
v -65.09999847 -23.84291458 -47.70000076
v -65.09999847 -23.86759758 -48.00000000
v -65.09999847 -23.88524055 -48.29999924
v -65.09999847 -23.89325333 -48.59999847
v -65.09999847 -23.89212418 -48.90000153
v -65.09999847 -23.88299561 -49.20000076
v -65.09999847 -23.86653328 -49.50000000
v -65.09999847 -23.84353638 -49.79999924
v -65.09999847 -23.81699944 -50.09999847
v -65.09999847 -23.79211235 -50.40000153
v -65.09999847 -23.77481270 -50.70000076
v -65.09999847 -23.76280785 -51.00000000
v -65.09999847 -23.75336838 -51.29999924
v -65.09999847 -23.74445343 -51.59999847
v -65.09999847 -23.73427582 -51.90000153
v -65.09999847 -23.72139168 -52.20000076
v -65.09999847 -23.70389938 -52.50000000
v -65.40000153 -12.84765625 -47.40000153
v -65.40000153 -12.90000057 -47.09999847
v -65.40000153 -12.81977081 -47.70000076
v -65.40000153 -12.80465317 -48.00000000
v -65.40000153 -12.79437065 -48.29999924
v -65.40000153 -12.79105568 -48.59999847
v -65.40000153 -12.79890537 -48.90000153
v -65.40000153 -12.82013607 -49.20000076
v -65.40000153 -12.85434437 -49.50000000
v -65.40000153 -12.90000057 -49.79999924
v -65.40000153 -13.19999981 -46.79999924
v -65.40000153 -12.97716045 -50.09999847
v -65.40000153 -13.06181908 -50.40000153
v -65.40000153 -13.14933586 -50.70000076
v -65.40000153 -13.19999981 -50.86811066
v -65.40000153 -13.50000095 -46.67765808
v -65.40000153 -13.24203014 -51.00000000
v -65.40000153 -13.34080696 -51.29999924
v -65.40000153 -13.46057129 -51.59999847
v -65.40000153 -13.50000095 -51.66402817
v -65.13848114 -13.80000019 -46.50000000
v -65.40000153 -13.80000019 -46.64637756
v -65.40000153 -13.80000019 -51.90000153
v -65.40000153 -14.09999943 -46.66102982
v -65.40000153 -14.00057983 -52.20000076
v -65.40000153 -14.09999943 -52.33229828
v -65.40000153 -14.39999866 -46.67762756
v -65.40000153 -14.21703720 -52.50000000
v -65.40000153 -14.39999866 -52.74985504
v -65.13797760 -14.70000076 -46.50000000
v -65.40000153 -14.70000076 -46.67800140
v -65.40000153 -14.43880749 -52.79999924
v -65.40000153 -14.70000076 -53.09999847
v -65.16509247 -15.00000000 -46.50000000
v -65.40000153 -15.00000000 -46.66122437
v -65.40000153 -14.82022381 -53.40000153
v -65.40000153 -15.00000000 -53.70000076
v -65.20109558 -15.30000114 -46.50000000
v -65.40000153 -15.30000114 -46.62787247
v -65.40000153 -15.30000114 -53.82883453
v -65.26931000 -15.60000038 -46.50000000
v -65.40000153 -15.60000038 -46.57671738
v -65.40000153 -15.51072693 -54.00000000
v -65.40000153 -15.60000038 -54.09247208
v -65.40000153 -15.89999962 -46.50000000
v -65.40000153 -15.74751186 -54.29999924
v -65.40000153 -15.89999962 -54.56964493
v -65.40000153 -16.20000076 -46.33237839
v -65.40000153 -15.91518402 -54.59999847
v -65.40000153 -16.04581833 -54.90000153
v -65.40000153 -16.17605019 -55.20000076
v -65.40000153 -16.20000076 -55.24448776
v -65.40000153 -16.36700439 -46.20000076
v -65.40000153 -16.50000000 -46.06300354
v -65.40000153 -16.35295677 -55.50000000
v -65.22031403 -16.50000000 -55.79999924
v -65.40000153 -16.50000000 -55.73265457
v -65.40000153 -16.79999924 -45.59999847
v -65.40000153 -16.62724304 -45.90000153
v -65.40000153 -16.54470825 -55.79999924
v -65.40000153 -16.73493195 -56.09999847
v -65.40000153 -16.79999924 -56.21498489
v -65.40000153 -17.09999847 -45.29999924
v -65.40000153 -16.91071129 -56.40000153
v -65.40000153 -17.04208183 -56.70000076
v -65.40000153 -17.09999847 -57.00000000
v -65.40000153 -17.39999771 -45.13685608
v -65.40000153 -17.39999771 -57.20239258
v -65.40000153 -17.66050339 -45.00000000
v -65.40000153 -17.70000076 -44.98064041
v -65.40000153 -17.48679543 -57.29999924
v -65.40000153 -17.70000076 -57.59999847
v -65.40000153 -18.00000000 -44.83889008
v -65.40000153 -17.84148407 -57.90000153
v -65.40000153 -17.93968201 -58.20000076
v -65.40000153 -18.00000000 -58.50000000
v -65.40000153 -18.29999924 -44.70000076
v -65.40000153 -18.11704826 -58.79999924
v -65.40000153 -18.21719170 -59.09999847
v -65.40000153 -18.29999924 -59.40000153
v -65.40000153 -18.60000038 -44.60914230
v -65.40000153 -18.43852234 -59.70000076
v -65.40000153 -18.59917641 -60.00000000
v -65.40000153 -18.60000038 -60.00107574
v -65.40000153 -18.89999962 -44.51209259
v -65.40000153 -18.89999962 -60.29999924
v -65.36600494 -19.20000076 -44.40000153
v -65.40000153 -19.20000076 -44.40848160
v -65.40000153 -19.02729988 -60.59999847
v -65.40000153 -19.12130547 -60.90000153
v -65.40000153 -19.20000076 -61.20000076
v -65.40000153 -19.22492599 -44.40000153
v -65.40000153 -19.50000000 -44.30067825
v -65.40000153 -19.30982590 -61.50000000
v -65.40000153 -19.39422035 -61.79999924
v -65.40000153 -19.45117569 -62.09999847
v -65.40000153 -19.50000000 -62.40000153
v -65.40000153 -19.79999924 -44.19975662
v -65.40000153 -19.65200806 -62.70000076
v -65.36378479 -19.79999924 -63.00000000
v -65.40000153 -19.78270721 -63.00000000
v -65.40000153 -19.79999924 -63.04337692
v -65.40000153 -20.10000038 -44.09999847
v -65.40000153 -19.91422844 -63.29999924
v -65.37972260 -20.10000038 -63.59999847
v -65.40000153 -20.08332443 -63.59999847
v -65.40000153 -20.10000038 -63.62424850
v -65.40000153 -20.39999962 -43.79999924
v -65.23028564 -20.39999962 -63.90000153
v -65.40000153 -20.26086807 -63.90000153
v -65.35598755 -20.39999962 -64.19999695
v -65.40000153 -20.36288261 -64.19999695
v -65.40000153 -20.39999962 -64.50000000
v -65.14990997 -20.69999886 -43.79999924
v -65.40000153 -20.69999886 -44.09999847
v -65.24320984 -20.69999886 -64.50000000
v -65.40000153 -20.69999886 -64.80000305
v -65.10532379 -20.99999809 -43.79999924
v -65.40000153 -20.99999809 -44.09999847
v -65.11157990 -20.99999809 -64.50000000
v -65.26983643 -20.99999809 -64.80000305
v -65.40000153 -20.99999809 -65.01387024
v -65.40000153 -21.29999733 -44.09999847
v -65.16542816 -21.29999733 -64.80000305
v -65.30557251 -21.29999733 -65.09999847
v -65.40000153 -21.10264778 -65.09999847
v -65.40000153 -21.29999733 -65.30148315
v -65.40000153 -21.60000038 -44.19073868
v -65.20130920 -21.60000038 -65.09999847
v -65.30311584 -21.60000038 -65.40000153
v -65.40000153 -21.39140892 -65.40000153
v -65.40000153 -21.60000038 -65.69999695
v -65.40000153 -21.89999962 -44.34025574
v -65.13146973 -21.89999962 -65.09999847
v -65.23342896 -21.89999962 -65.40000153
v -65.35946655 -21.89999962 -65.69999695
v -65.40000153 -21.89999962 -65.76595306
v -65.40000153 -21.99567986 -44.40000153
v -65.40000153 -22.20000076 -44.53112030
v -65.20019531 -22.20000076 -65.40000153
v -65.33740997 -22.20000076 -65.69999695
v -65.40000153 -22.20000076 -65.80446625
v -65.40000153 -22.44641304 -44.70000076
v -65.40000153 -22.50000000 -44.73743820
v -65.18956757 -22.50000000 -65.40000153
v -65.33299255 -22.50000000 -65.69999695
v -65.40000153 -22.50000000 -65.80994415
v -65.40000153 -22.79999924 -44.96766281
v -65.21720123 -22.79999924 -65.40000153
v -65.35117340 -22.79999924 -65.69999695
v -65.40000153 -22.79999924 -65.77698517
v -65.40000153 -22.83776283 -45.00000000
v -65.40000153 -23.10000038 -45.25086594
v -65.40000153 -23.10000038 -57.59999847
v -65.40000153 -23.10000038 -57.90000153
v -65.21875763 -23.10000038 -65.09999847
v -65.31618500 -23.10000038 -65.40000153
v -65.40000153 -23.10000038 -65.69999695
v -65.40000153 -23.14525223 -45.29999924
v -65.40000153 -23.39999962 -45.59999847
v -65.17374420 -23.39999962 -55.79999924
v -65.27040863 -23.39999962 -56.09999847
v -65.40000153 -23.39999962 -56.40000153
v -65.40000153 -23.36018944 -56.70000076
v -65.40000153 -23.29781914 -57.00000000
v -65.40000153 -23.20766830 -57.29999924
v -65.40000153 -23.11929131 -58.20000076
v -65.40000153 -23.14680290 -58.50000000
v -65.40000153 -23.18316460 -58.79999924
v -65.40000153 -23.22456932 -59.09999847
v -65.40000153 -23.27264023 -59.40000153
v -65.40000153 -23.33075905 -59.70000076
v -65.40000153 -23.39999962 -60.00000000
v -65.27754974 -23.39999962 -60.29999924
v -65.20645142 -23.39999962 -60.59999847
v -65.24665070 -23.39999962 -61.50000000
v -65.31379700 -23.39999962 -61.79999924
v -65.35900116 -23.39999962 -62.09999847
v -65.38781738 -23.39999962 -62.40000153
v -65.40000153 -23.39999962 -62.70000076
v -65.40000153 -23.39999962 -63.00000000
v -65.40000153 -23.39999962 -63.29999924
v -65.40000153 -23.39999962 -63.59999847
v -65.39852142 -23.39999962 -63.90000153
v -65.39250946 -23.39999962 -64.19999695
v -65.38813782 -23.39999962 -64.50000000
v -65.40000153 -23.39999962 -64.80000305
v -65.40000153 -23.31896973 -65.09999847
v -65.40000153 -23.21776199 -65.40000153
v -65.40000153 -23.50462723 -45.90000153
v -65.40000153 -23.61861610 -46.20000076
v -65.30290985 -23.70000267 -46.50000000
v -65.40000153 -23.70000267 -46.40344620
v -65.13777161 -23.70000267 -52.79999924
v -65.19566345 -23.70000267 -53.09999847
v -65.25960541 -23.70000267 -53.40000153
v -65.31755066 -23.70000267 -53.70000076
v -65.36312866 -23.70000267 -54.00000000
v -65.40000153 -23.70000267 -54.29999924
v -65.40000153 -23.68265152 -54.59999847
v -65.40000153 -23.66181564 -54.90000153
v -65.40000153 -23.63429642 -55.20000076
v -65.40000153 -23.59683037 -55.50000000
v -65.40000153 -23.54745102 -55.79999924
v -65.40000153 -23.48266602 -56.09999847
v -65.40000153 -23.41133690 -60.29999924
v -65.40000153 -23.41588211 -60.59999847
v -65.40000153 -23.42453766 -60.90000153
v -65.40000153 -23.43134880 -61.20000076
v -65.40000153 -23.42827225 -61.50000000
v -65.40000153 -23.41969872 -61.79999924
v -65.40000153 -23.41079140 -62.09999847
v -65.40000153 -23.40372467 -62.40000153
v -65.40000153 -23.40112114 -63.90000153
v -65.40000153 -23.40596199 -64.19999695
v -65.40000153 -23.40935707 -64.50000000
v -65.40000153 -23.74069405 -46.50000000
v -65.40000153 -23.84516525 -46.79999924
v -65.40000153 -23.91619873 -47.09999847
v -65.40000153 -23.95911217 -47.40000153
v -65.40000153 -23.98445511 -47.70000076
v -65.39923096 -24.00000191 -48.00000000
v -65.40000153 -24.00000191 -47.99345779
v -65.37542725 -24.00000191 -48.29999924
v -65.36458588 -24.00000191 -48.59999847
v -65.37169647 -24.00000191 -48.90000153
v -65.40000153 -23.99884033 -49.20000076
v -65.40000153 -24.00000191 -49.17258072
v -65.40000153 -23.97438431 -49.50000000
v -65.40000153 -23.94054413 -49.79999924
v -65.40000153 -23.90517235 -50.09999847
v -65.40000153 -23.87554550 -50.40000153
v -65.40000153 -23.85478973 -50.70000076
v -65.40000153 -23.84307289 -51.00000000
v -65.40000153 -23.83931732 -51.29999924
v -65.40000153 -23.84350586 -51.59999847
v -65.40000153 -23.85459137 -51.90000153
v -65.40000153 -23.86483955 -52.20000076
v -65.40000153 -23.85519600 -52.50000000
v -65.40000153 -23.82452202 -52.79999924
v -65.40000153 -23.79157066 -53.09999847
v -65.40000153 -23.76324654 -53.40000153
v -65.40000153 -23.73955917 -53.70000076
v -65.40000153 -23.71907425 -54.00000000
v -65.40000153 -24.00035667 -48.00000000
v -65.40000153 -24.01079178 -48.29999924
v -65.40000153 -24.01507378 -48.59999847
v -65.40000153 -24.01185036 -48.90000153
v -65.69999695 -12.89940739 -47.40000153
v -65.69999695 -12.90000057 -47.39838791
v -65.69999695 -12.84539795 -47.70000076
v -65.69999695 -12.80611134 -48.00000000
v -65.69999695 -12.78266430 -48.29999924
v -65.69999695 -12.77359581 -48.59999847
v -65.69999695 -12.77834034 -48.90000153
v -65.69999695 -12.79760742 -49.20000076
v -65.69999695 -12.83148956 -49.50000000
v -65.69999695 -12.88080502 -49.79999924
v -65.69999695 -12.90000057 -49.88539886
v -65.69999695 -13.05956554 -47.09999847
v -65.69999695 -13.19999981 -46.97590637
v -65.69999695 -12.94909096 -50.09999847
v -65.69999695 -13.02978420 -50.40000153
v -65.69999695 -13.11789131 -50.70000076
v -65.69999695 -13.19999981 -50.96207428
v -65.61488342 -13.50000095 -46.79999924
v -65.69999695 -13.50000095 -46.85260773
v -65.69999695 -13.21255016 -51.00000000
v -65.69999695 -13.31973267 -51.29999924
v -65.69999695 -13.42864895 -51.59999847
v -65.69999695 -13.50000095 -51.90000153
v -65.66481781 -13.80000019 -46.79999924
v -65.69999695 -13.80000019 -46.82112885
v -65.69999695 -13.80000019 -52.01402664
v -65.63857269 -14.09999943 -46.79999924
v -65.69999695 -14.09999943 -46.83627701
v -65.69999695 -13.98001766 -52.20000076
v -65.69999695 -14.09999943 -52.33491135
v -65.59432220 -14.39999866 -46.79999924
v -65.69999695 -14.39999866 -46.86687088
v -65.69999695 -14.22782326 -52.50000000
v -65.69999695 -14.39999866 -52.71730423
v -65.57701111 -14.70000076 -46.79999924
v -65.69999695 -14.70000076 -46.88567734
v -65.69999695 -14.46459484 -52.79999924
v -65.69999695 -14.70000076 -53.09999847
v -65.60507202 -15.00000000 -46.79999924
v -65.69999695 -15.00000000 -46.86333084
v -65.69999695 -14.91484928 -53.40000153
v -65.69999695 -15.00000000 -53.49668121
v -65.67739868 -15.30000114 -46.79999924
v -65.69999695 -15.30000114 -46.81372070
v -65.69999695 -15.30000114 -53.70000076
v -65.69999695 -15.36105728 -46.79999924
v -65.69999695 -15.60000038 -46.74406052
v -65.69999695 -15.60000038 -54.00000000
v -65.69999695 -15.89999962 -46.64708710
v -65.69999695 -15.80649376 -54.29999924
v -65.69999695 -15.89999962 -54.46236420
v -65.69441986 -16.20000076 -46.50000000
v -65.69999695 -16.20000076 -46.50291061
v -65.69999695 -15.97084808 -54.59999847
v -65.69999695 -16.09712410 -54.90000153
v -65.69999695 -16.20000076 -55.20000076
v -65.60001373 -16.50000000 -46.20000076
v -65.69999695 -16.20476532 -46.50000000
v -65.69999695 -16.50000000 -46.26334000
v -65.69999695 -16.43387985 -55.50000000
v -65.69999695 -16.50000000 -55.59147263
v -65.69999695 -16.79999924 -45.90000153
v -65.69999695 -16.55979156 -46.20000076
v -65.69999695 -16.65848923 -55.79999924
v -65.54346466 -16.79999924 -56.09999847
v -65.69999695 -16.79999924 -55.99428177
v -65.69999695 -16.98697090 -45.59999847
v -65.69999695 -17.09999847 -45.48883820
v -65.69999695 -16.88429832 -56.09999847
v -65.69999695 -17.09999847 -56.40000153
v -65.48062897 -17.09999847 -56.70000076
v -65.69999695 -17.39999771 -45.29999924
v -65.69999695 -17.39999771 -56.70000076
v -65.59862518 -17.39999771 -57.00000000
v -65.44588470 -17.70000076 -45.00000000
v -65.69999695 -17.70000076 -45.11777496
v -65.69999695 -17.49274826 -57.00000000
v -65.69999695 -17.70000076 -57.29999924
v -65.69999695 -17.90781784 -45.00000000
v -65.69999695 -18.00000000 -44.95227051
v -65.69999695 -17.86350632 -57.59999847
v -65.69853973 -18.00000000 -57.90000153
v -65.69999695 -18.00000000 -57.89805984
v -65.51445770 -18.00000000 -58.20000076
v -65.69999695 -18.29999924 -44.81262589
v -65.69999695 -18.00090218 -57.90000153
v -65.69999695 -18.11978531 -58.20000076
v -65.69999695 -18.21744347 -58.50000000
v -65.69999695 -18.29999924 -58.79999924
v -65.57270050 -18.29999924 -59.09999847
v -65.69999695 -18.59642220 -44.70000076
v -65.69999695 -18.60000038 -44.69871140
v -65.69999695 -18.37024689 -59.09999847
v -65.69999695 -18.43907738 -59.40000153
v -65.69999695 -18.53420639 -59.70000076
v -65.69999695 -18.60000038 -60.00000000
v -65.69999695 -18.89999962 -44.59790039
v -65.69999695 -18.89999962 -60.28089905
v -65.69999695 -19.20000076 -44.49779892
v -65.69999695 -18.91194534 -60.29999924
v -65.69999695 -19.04846382 -60.59999847
v -65.69999695 -19.13414383 -60.90000153
v -65.69999695 -19.20000076 -61.20000076
v -65.68881226 -19.50000000 -44.40000153
v -65.69999695 -19.50000000 -44.40368652
v -65.69999695 -19.32225227 -61.50000000
v -65.69999695 -19.41475868 -61.79999924
v -65.69999695 -19.46719742 -62.09999847
v -65.69999695 -19.50000000 -62.40000153
v -65.69999695 -19.51393700 -44.40000153
v -65.69999695 -19.79999924 -44.31825256
v -65.69999695 -19.61252594 -62.70000076
v -65.69999695 -19.70736313 -63.00000000
v -65.67572021 -19.79999924 -63.29999924
v -65.69999695 -19.78957558 -63.29999924
v -65.69999695 -19.79999924 -63.33744431
v -65.69999695 -20.10000038 -44.25023651
v -65.69999695 -19.88937187 -63.59999847
v -65.69999695 -20.10000038 -63.90000153
v -65.55321503 -20.39999962 -44.09999847
v -65.69999695 -20.39999962 -44.20895386
v -65.69999695 -20.20239830 -64.19999695
v -65.69999695 -20.32726860 -64.50000000
v -65.69999695 -20.39999962 -64.61119843
v -65.69999695 -20.69999886 -44.22722626
v -65.69999695 -20.52723503 -64.80000305
v -65.69999695 -20.69999886 -65.09999847
v -65.69999695 -20.99999809 -44.24338150
v -65.46353912 -20.99999809 -65.09999847
v -65.69999695 -20.99999809 -65.40000153
v -65.69999695 -21.29999733 -44.26124954
v -65.45352173 -21.29999733 -65.40000153
v -65.63066101 -21.29999733 -65.69999695
v -65.69999695 -21.20480347 -65.69999695
v -65.69999695 -21.29999733 -65.78553772
v -65.69999695 -21.60000038 -44.31266022
v -65.68279266 -21.60000038 -66.00000000
v -65.69999695 -21.57309151 -66.00000000
v -65.69999695 -21.60000038 -66.01785278
v -65.69999695 -21.89999962 -44.40000153
v -65.57510376 -21.89999962 -66.00000000
v -65.69999695 -21.89999962 -66.13691711
v -65.69999695 -22.20000076 -44.58631516
v -65.53254700 -22.20000076 -66.00000000
v -65.69999695 -22.20000076 -66.19252014
v -65.69999695 -22.38014984 -44.70000076
v -65.69999695 -22.50000000 -44.77494049
v -65.52918243 -22.50000000 -66.00000000
v -65.69999695 -22.50000000 -66.19917297
v -65.69999695 -22.79999924 -44.97593689
v -65.56808472 -22.79999924 -66.00000000
v -65.69999695 -22.79999924 -66.14787292
v -65.69999695 -22.83004951 -45.00000000
v -65.69999695 -23.10000038 -45.24921036
v -65.69999695 -23.10000038 -57.90000153
v -65.54522705 -23.10000038 -58.20000076
v -65.69999695 -23.08097267 -58.20000076
v -65.69999695 -23.10000038 -58.50000000
v -65.69270325 -23.10000038 -66.00000000
v -65.69999695 -23.10000038 -66.00747681
v -65.69999695 -23.14910698 -45.29999924
v -65.69999695 -23.39999962 -45.59999847
v -65.46061707 -23.39999962 -56.70000076
v -65.55816650 -23.39999962 -57.00000000
v -65.69999695 -23.39999962 -57.29999924
v -65.69999695 -23.26951027 -57.59999847
v -65.69999695 -23.14928436 -58.79999924
v -65.69999695 -23.19150162 -59.09999847
v -65.69999695 -23.23985672 -59.40000153
v -65.69999695 -23.29095459 -59.70000076
v -65.69999695 -23.34708214 -60.00000000
v -65.69999695 -23.39999962 -60.29999924
v -65.50143433 -23.39999962 -65.09999847
v -65.59973145 -23.39999962 -65.40000153
v -65.69999695 -23.39999962 -65.69999695
v -65.69999695 -23.10843658 -66.00000000
v -65.69999695 -23.56324387 -45.90000153
v -65.69999695 -23.70000267 -46.20000076
v -65.43135071 -23.70000267 -54.59999847
v -65.46533966 -23.70000267 -54.90000153
v -65.50463104 -23.70000267 -55.20000076
v -65.55178070 -23.70000267 -55.50000000
v -65.61272430 -23.70000267 -55.79999924
v -65.69505310 -23.70000267 -56.09999847
v -65.69999695 -23.63597107 -56.40000153
v -65.69999695 -23.70000267 -56.11650848
v -65.69999695 -23.57364464 -56.70000076
v -65.69999695 -23.50257874 -57.00000000
v -65.69999695 -23.40026474 -60.59999847
v -65.69999695 -23.41182327 -60.90000153
v -65.69999695 -23.42950058 -61.20000076
v -65.69999695 -23.43794250 -61.50000000
v -65.69999695 -23.43977165 -61.79999924
v -65.69999695 -23.44324493 -62.09999847
v -65.69999695 -23.45097160 -62.40000153
v -65.69999695 -23.46404839 -62.70000076
v -65.69999695 -23.48413467 -63.00000000
v -65.69999695 -23.51186371 -63.29999924
v -65.69999695 -23.54613876 -63.59999847
v -65.69999695 -23.57798004 -63.90000153
v -65.69999695 -23.59056091 -64.19999695
v -65.69999695 -23.58437920 -64.50000000
v -65.69999695 -23.55732155 -64.80000305
v -65.69999695 -23.51290321 -65.09999847
v -65.69999695 -23.46129799 -65.40000153
v -65.69999695 -23.87558746 -46.50000000
v -65.68698883 -24.00000191 -46.79999924
v -65.69999695 -24.00000191 -46.78218460
v -65.55432892 -24.00000191 -47.09999847
v -65.47872925 -24.00000191 -47.40000153
v -65.43164825 -24.00000191 -47.70000076
v -65.40290833 -24.00000191 -49.20000076
v -65.47181702 -24.00000191 -49.50000000
v -65.59575653 -24.00000191 -49.79999924
v -65.69999695 -23.98537254 -50.09999847
v -65.69999695 -24.00000191 -50.00436401
v -65.69999695 -23.95127296 -50.40000153
v -65.69999695 -23.93046951 -50.70000076
v -65.69999695 -23.92111778 -51.00000000
v -65.69999695 -23.92028236 -51.29999924
v -65.69999695 -23.92926598 -51.59999847
v -65.69999695 -23.95624733 -51.90000153
v -65.69999695 -24.00000191 -52.20000076
v -65.69999695 -24.00000191 -52.50000000
v -65.69999695 -23.94776726 -52.79999924
v -65.69999695 -23.91141510 -53.09999847
v -65.69999695 -23.88895988 -53.40000153
v -65.69999695 -23.87592506 -53.70000076
v -65.69999695 -23.86660957 -54.00000000
v -65.69999695 -23.85795021 -54.29999924
v -65.69999695 -23.84877014 -54.59999847
v -65.69999695 -23.83778763 -54.90000153
v -65.69999695 -23.82350159 -55.20000076
v -65.69999695 -23.80219841 -55.50000000
v -65.69999695 -23.76498222 -55.79999924
v -65.69999695 -23.70375443 -56.09999847
v -65.69999695 -24.00795937 -46.79999924
v -65.69999695 -24.08649445 -47.09999847
v -65.69999695 -24.12114525 -47.40000153
v -65.69999695 -24.13676834 -47.70000076
v -65.69999695 -24.14468575 -48.00000000
v -65.69999695 -24.14878082 -48.29999924
v -65.69999695 -24.14956284 -48.59999847
v -65.69999695 -24.14508438 -48.90000153
v -65.69999695 -24.12781143 -49.20000076
v -65.69999695 -24.08649063 -49.50000000
v -65.69999695 -24.03278160 -49.79999924
v -65.70428467 -12.90000057 -47.40000153
v -66.00000000 -12.90000057 -47.70000076
v -66.00000000 -12.82088947 -48.00000000
v -66.00000000 -12.78767586 -48.29999924
v -66.00000000 -12.77665520 -48.59999847
v -66.00000000 -12.77981281 -48.90000153
v -66.00000000 -12.79667282 -49.20000076
v -66.00000000 -12.82781792 -49.50000000
v -66.00000000 -12.87467003 -49.79999924
v -66.00000000 -12.90000057 -49.92107391
v -66.00000000 -13.19999981 -47.09999847
v -66.00000000 -12.95462227 -47.40000153
v -66.00000000 -12.93777370 -50.09999847
v -66.00000000 -13.01534557 -50.40000153
v -66.00000000 -13.10332108 -50.70000076
v -66.00000000 -13.19999981 -50.99721146
v -66.00000000 -13.50000095 -47.00596237
v -66.00000000 -13.20096016 -51.00000000
v -66.00000000 -13.31853104 -51.29999924
v -66.00000000 -13.46776581 -51.59999847
v -66.00000000 -13.50000095 -51.65110779
v -66.00000000 -13.80000019 -46.97845078
v -66.00000000 -13.80000019 -51.90000153
v -66.00000000 -14.09999943 -46.99108505
v -66.00000000 -14.01008987 -52.20000076
v -66.00000000 -14.09999943 -52.30575943
v -66.00000000 -14.39999866 -47.03366089
v -66.00000000 -14.25615597 -52.50000000
v -66.00000000 -14.39999866 -52.67709732
v -66.00000000 -14.70000076 -47.09999847
v -66.00000000 -14.49629021 -52.79999924
v -66.00000000 -14.70000076 -53.06890488
v -66.00000000 -15.00000000 -47.03589249
v -66.00000000 -14.72371292 -53.09999847
v -66.00000000 -14.97832108 -53.40000153
v -66.00000000 -15.00000000 -53.42201614
v -66.00000000 -15.30000114 -46.97023392
v -66.00000000 -15.30000114 -53.67878723
v -65.81133270 -15.60000038 -46.79999924
v -66.00000000 -15.60000038 -46.88872910
v -66.00000000 -15.32475567 -53.70000076
v -66.00000000 -15.60000038 -53.95486069
v -66.00000000 -15.89999962 -46.79999924
v -66.00000000 -15.64342690 -54.00000000
v -66.00000000 -15.89999962 -54.29999924
v -66.00000000 -16.20000076 -46.64167023
v -66.00000000 -16.06563568 -54.59999847
v -66.00000000 -16.20000076 -54.90000153
v -66.00000000 -16.50000000 -46.50000000
v -66.00000000 -16.35801506 -55.20000076
v -65.86011505 -16.50000000 -55.50000000
v -66.00000000 -16.50000000 -55.41350555
v -66.00000000 -16.74230385 -46.20000076
v -66.00000000 -16.79999924 -46.12397766
v -66.00000000 -16.56192970 -55.50000000
v -66.00000000 -16.79999924 -55.79999924
v -66.00000000 -17.09999847 -45.59999847
v -66.00000000 -16.96944046 -45.90000153
v -66.00000000 -17.09692764 -56.09999847
v -66.00000000 -17.09999847 -56.10339355
v -66.00000000 -17.39999771 -45.47064972
v -66.00000000 -17.39999771 -56.40000153
v -66.00000000 -17.64023972 -45.29999924
v -66.00000000 -17.70000076 -45.26222229
v -66.00000000 -17.60137939 -56.70000076
v -66.00000000 -17.70000076 -57.00000000
v -65.82267761 -18.00000000 -45.00000000
v -66.00000000 -18.00000000 -45.07468796
v -66.00000000 -17.91229439 -57.29999924
v -65.90105438 -18.00000000 -57.59999847
v -66.00000000 -18.00000000 -57.46155167
v -66.00000000 -18.13574600 -45.00000000
v -66.00000000 -18.29999924 -44.91967773
v -66.00000000 -18.07196426 -57.59999847
v -66.00000000 -18.22504425 -57.90000153
v -65.91794586 -18.29999924 -58.20000076
v -66.00000000 -18.29999924 -58.05183792
v -65.79540253 -18.29999924 -58.50000000
v -65.70394897 -18.60000038 -44.70000076
v -66.00000000 -18.60000038 -44.79793930
v -66.00000000 -18.38674736 -58.20000076
v -66.00000000 -18.51339722 -58.50000000
v -66.00000000 -18.57274246 -58.79999924
v -66.00000000 -18.59301949 -59.09999847
v -66.00000000 -18.60000038 -59.40000153
v -65.79417419 -18.60000038 -59.70000076
v -66.00000000 -18.89999962 -44.70000076
v -66.00000000 -18.89999962 -59.70000076
v -65.93607330 -18.89999962 -60.00000000
v -66.00000000 -19.20000076 -44.59580994
v -66.00000000 -18.95524788 -60.00000000
v -66.00000000 -19.04672623 -60.29999924
v -66.00000000 -19.13135338 -60.59999847
v -66.00000000 -19.20000076 -60.90000153
v -66.00000000 -19.50000000 -44.50863647
v -66.00000000 -19.28868294 -61.20000076
v -66.00000000 -19.39480400 -61.50000000
v -66.00000000 -19.50000000 -61.79999924
v -65.83975220 -19.50000000 -62.09999847
v -65.89038086 -19.79999924 -44.40000153
v -66.00000000 -19.79999924 -44.44380188
v -66.00000000 -19.53785133 -62.09999847
v -66.00000000 -19.58003426 -62.40000153
v -66.00000000 -19.63862228 -62.70000076
v -66.00000000 -19.69802094 -63.00000000
v -66.00000000 -19.74807358 -63.29999924
v -66.00000000 -19.79999924 -63.59999847
v -65.98315430 -20.10000038 -44.40000153
v -66.00000000 -20.10000038 -44.40781403
v -66.00000000 -19.82772255 -63.90000153
v -65.90128326 -20.10000038 -64.19999695
v -66.00000000 -19.97020149 -64.19999695
v -66.00000000 -20.10000038 -64.30950165
v -66.00000000 -20.39999962 -44.40000153
v -66.00000000 -20.22299576 -64.50000000
v -66.00000000 -20.39999962 -64.68960571
v -66.00000000 -20.69999886 -44.38167953
v -66.00000000 -20.46911430 -64.80000305
v -66.00000000 -20.60252380 -65.09999847
v -65.94654846 -20.69999886 -65.40000153
v -66.00000000 -20.66410637 -65.40000153
v -66.00000000 -20.69999886 -65.69999695
v -66.00000000 -20.99999809 -44.38210297
v -65.85644531 -20.99999809 -65.69999695
v -66.00000000 -20.99999809 -65.83595276
v -66.00000000 -21.29999733 -44.40000153
v -65.94265747 -21.29999733 -66.00000000
v -66.00000000 -21.24024010 -66.00000000
v -66.00000000 -21.29999733 -66.03990173
v -65.88754272 -21.60000038 -44.40000153
v -66.00000000 -21.60000038 -44.45259094
v -66.00000000 -21.60000038 -66.30000305
v -66.00000000 -21.89999962 -44.55021286
v -65.88846588 -21.89999962 -66.30000305
v -66.00000000 -21.89999962 -66.37696838
v -66.00000000 -22.20000076 -44.69499207
v -65.81687164 -22.20000076 -66.30000305
v -66.00000000 -22.20000076 -66.44108582
v -66.00000000 -22.20912933 -44.70000076
v -66.00000000 -22.50000000 -44.85696030
v -65.80371094 -22.50000000 -66.30000305
v -66.00000000 -22.50000000 -66.46034241
v -66.00000000 -22.79999924 -45.00000000
v -65.85594177 -22.79999924 -66.30000305
v -66.00000000 -22.79999924 -66.41783142
v -66.00000000 -23.10000038 -45.28195953
v -66.00000000 -23.10000038 -58.20000076
v -66.00000000 -23.10000038 -58.50000000
v -66.00000000 -23.10000038 -58.79999924
v -66.00000000 -23.10000038 -59.09999847
v -66.00000000 -23.10000038 -66.30000305
v -66.00000000 -23.11856079 -45.29999924
v -66.00000000 -23.39999962 -45.59999847
v -65.83886719 -23.39999962 -57.59999847
v -66.00000000 -23.39999962 -57.90000153
v -66.00000000 -23.17255592 -59.40000153
v -66.00000000 -23.21281433 -59.70000076
v -66.00000000 -23.26302338 -60.00000000
v -66.00000000 -23.30964088 -60.29999924
v -65.70133209 -23.39999962 -60.59999847
v -66.00000000 -23.33589363 -60.59999847
v -65.77536774 -23.39999962 -60.90000153
v -66.00000000 -23.36181831 -60.90000153
v -66.00000000 -23.39999962 -61.20000076
v -66.00000000 -23.31800842 -66.00000000
v -66.00000000 -23.39999962 -65.86025238
v -66.00000000 -23.60995293 -45.90000153
v -66.00000000 -23.70000267 -46.03871155
v -65.78246307 -23.70000267 -56.40000153
v -65.85914612 -23.70000267 -56.70000076
v -65.93103790 -23.70000267 -57.00000000
v -66.00000000 -23.70000267 -57.29999924
v -66.00000000 -23.58892822 -57.59999847
v -66.00000000 -23.40035439 -61.50000000
v -66.00000000 -23.40753937 -61.79999924
v -66.00000000 -23.42283821 -62.09999847
v -66.00000000 -23.44582748 -62.40000153
v -66.00000000 -23.47705269 -62.70000076
v -66.00000000 -23.51680183 -63.00000000
v -66.00000000 -23.56744957 -63.29999924
v -66.00000000 -23.63138771 -63.59999847
v -66.00000000 -23.70000267 -63.90000153
v -65.97317505 -23.70000267 -64.19999695
v -66.00000000 -23.70000267 -64.50000000
v -66.00000000 -23.65701103 -64.80000305
v -66.00000000 -23.60794449 -65.09999847
v -66.00000000 -23.55153275 -65.40000153
v -66.00000000 -23.47214699 -65.69999695
v -66.00000000 -23.81349754 -46.20000076
v -65.94392395 -24.00000191 -46.50000000
v -66.00000000 -24.00000191 -46.45835114
v -65.76137543 -24.00000191 -50.09999847
v -65.90732574 -24.00000191 -50.40000153
v -65.98407745 -24.00000191 -50.70000076
v -66.00000000 -24.00000191 -51.00000000
v -66.00000000 -24.00000191 -51.29999924
v -66.00000000 -24.00000191 -51.59999847
v -65.88056183 -24.00000191 -51.90000153
v -65.87662506 -24.00000191 -52.79999924
v -65.96315002 -24.00000191 -53.09999847
v -66.00000000 -24.00000191 -53.40000153
v -66.00000000 -24.00000191 -53.70000076
v -66.00000000 -24.00000191 -54.00000000
v -66.00000000 -24.00000191 -54.29999924
v -66.00000000 -24.00000191 -54.59999847
v -66.00000000 -24.00000191 -54.90000153
v -66.00000000 -24.00000191 -55.20000076
v -66.00000000 -24.00000191 -55.50000000
v -66.00000000 -24.00000191 -55.79999924
v -66.00000000 -23.92710304 -56.09999847
v -66.00000000 -23.86690521 -56.40000153
v -66.00000000 -23.81381798 -56.70000076
v -66.00000000 -23.76074600 -57.00000000
v -66.00000000 -23.70934677 -64.19999695
v -66.00000000 -24.03388405 -46.50000000
v -66.00000000 -24.23045731 -46.79999924
v -66.00000000 -24.30000114 -47.09999847
v -66.00000000 -24.30000114 -47.40000153
v -66.00000000 -24.30000114 -47.70000076
v -66.00000000 -24.30000114 -48.00000000
v -66.00000000 -24.30000114 -48.29999924
v -66.00000000 -24.30000114 -48.59999847
v -66.00000000 -24.30000114 -48.90000153
v -66.00000000 -24.28867340 -49.20000076
v -66.00000000 -24.19999886 -49.50000000
v -66.00000000 -24.11346817 -49.79999924
v -66.00000000 -24.05730247 -50.09999847
v -66.00000000 -24.02214622 -50.40000153
v -66.00000000 -24.00397301 -50.70000076
v -66.00000000 -24.02806664 -51.90000153
v -66.00000000 -24.05193329 -52.20000076
v -66.00000000 -24.05429459 -52.50000000
v -66.00000000 -24.03451538 -52.79999924
v -66.00000000 -24.01226044 -53.09999847
v -66.30000305 -12.85622501 -47.70000076
v -66.30000305 -12.90000057 -47.40000153
v -66.30000305 -12.82737827 -48.00000000
v -66.30000305 -12.80818558 -48.29999924
v -66.30000305 -12.80047989 -48.59999847
v -66.30000305 -12.80324078 -48.90000153
v -66.30000305 -12.81649590 -49.20000076
v -66.30000305 -12.84115505 -49.50000000
v -66.30000305 -12.88097000 -49.79999924
v -66.30000305 -12.90000057 -49.89464569
v -66.30000305 -13.19999981 -47.20869827
v -66.30000305 -12.94200706 -50.09999847
v -66.30000305 -13.01819420 -50.40000153
v -66.30000305 -13.10503006 -50.70000076
v -66.30000305 -13.19999981 -50.99064255
v -66.25170135 -13.50000095 -47.09999847
v -66.30000305 -13.50000095 -47.11912537
v -66.30000305 -13.20324326 -51.00000000
v -66.30000305 -13.32748127 -51.29999924
v -66.30000305 -13.50000095 -51.59999847
v -66.30000305 -13.80000019 -47.09999847
v -66.30000305 -13.80000019 -51.90000153
v -66.28279114 -14.09999943 -47.09999847
v -66.30000305 -14.09999943 -47.10631561
v -66.30000305 -14.04738331 -52.20000076
v -66.30000305 -14.09999943 -52.26082230
v -66.19178772 -14.39999866 -47.09999847
v -66.30000305 -14.39999866 -47.13304520
v -66.30000305 -14.30457973 -52.50000000
v -66.30000305 -14.39999866 -52.61426926
v -66.30000305 -14.70000076 -47.15430832
v -66.30000305 -14.55172443 -52.79999924
v -66.30000305 -14.70000076 -52.99904251
v -66.17838287 -15.00000000 -47.09999847
v -66.30000305 -15.00000000 -47.13761902
v -66.30000305 -14.77429962 -53.09999847
v -66.30000305 -14.99966717 -53.40000153
v -66.30000305 -15.00000000 -53.40033340
v -66.30000305 -15.30000114 -47.09999847
v -66.30000305 -15.30000114 -53.63254929
v -66.30000305 -15.60000038 -46.99416351
v -66.30000305 -15.38365364 -53.70000076
v -66.30000305 -15.60000038 -53.88672256
v -66.30000305 -15.89999962 -46.87665939
v -66.30000305 -15.71227455 -54.00000000
v -66.30000305 -15.89999962 -54.20909882
v -66.30000305 -16.06206703 -46.79999924
v -66.30000305 -16.20000076 -46.72779465
v -66.30000305 -15.97301388 -54.29999924
v -66.30000305 -16.20000076 -54.59999847
v -66.30000305 -16.50000000 -46.55101395
v -66.30000305 -16.32939911 -54.90000153
v -66.30000305 -16.50000000 -55.20000076
v -66.10812378 -16.79999924 -46.20000076
v -66.30000305 -16.57150841 -46.50000000
v -66.30000305 -16.79999924 -46.29854584
v -66.30000305 -16.69349670 -55.50000000
v -66.30000305 -16.79999924 -55.63561249
v -66.14419556 -17.09999847 -45.90000153
v -66.30000305 -16.92032051 -46.20000076
v -66.30000305 -17.09999847 -46.04420090
v -66.30000305 -16.96058846 -55.79999924
v -66.00437164 -17.09999847 -56.09999847
v -66.30000305 -17.09999847 -55.92319107
v -66.14891815 -17.39999771 -45.59999847
v -66.30000305 -17.39999771 -45.90000153
v -66.30000305 -17.39999771 -56.09999847
v -66.07847595 -17.70000076 -45.29999924
v -66.30000305 -17.53959465 -45.59999847
v -66.30000305 -17.70000076 -45.43282700
v -66.30000305 -17.60433197 -56.40000153
v -66.11053467 -17.70000076 -56.70000076
v -66.30000305 -17.70000076 -56.50765991
v -66.30000305 -17.84523201 -45.29999924
v -66.30000305 -18.00000000 -45.19258881
v -66.30000305 -18.00000000 -56.70000076
v -66.24616241 -18.00000000 -57.00000000
v -66.10965729 -18.00000000 -57.29999924
v -66.23445129 -18.29999924 -45.00000000
v -66.30000305 -18.29999924 -45.02433395
v -66.30000305 -18.04474640 -57.00000000
v -66.30000305 -18.13850403 -57.29999924
v -66.30000305 -18.29999924 -57.59999847
v -66.09959412 -18.29999924 -57.90000153
v -66.30000305 -18.35135078 -45.00000000
v -66.30000305 -18.60000038 -44.89534378
v -66.30000305 -18.46363068 -57.90000153
v -66.18122101 -18.60000038 -58.20000076
v -66.30000305 -18.60000038 -58.05482864
v -66.07257843 -18.60000038 -58.50000000
v -66.02590942 -18.60000038 -58.79999924
v -66.00735474 -18.60000038 -59.09999847
v -66.30000305 -18.89999962 -44.79447937
v -66.30000305 -18.89999962 -58.20000076
v -66.30000305 -18.89999962 -58.50000000
v -66.30000305 -18.89999962 -58.79999924
v -66.28892517 -18.89999962 -59.09999847
v -66.20669556 -18.89999962 -59.40000153
v -66.30000305 -19.20000076 -44.70000076
v -66.30000305 -18.91129684 -59.09999847
v -66.30000305 -18.99561691 -59.40000153
v -66.30000305 -19.20000076 -59.70000076
v -66.27015686 -19.20000076 -60.00000000
v -66.22476196 -19.20000076 -60.29999924
v -66.13751221 -19.20000076 -60.59999847
v -66.30000305 -19.50000000 -44.61022949
v -66.30000305 -19.22351074 -60.00000000
v -66.30000305 -19.24925613 -60.29999924
v -66.30000305 -19.28361893 -60.59999847
v -66.30000305 -19.32765770 -60.90000153
v -66.30000305 -19.39393997 -61.20000076
v -66.30000305 -19.50000000 -61.50000000
v -66.30000305 -19.79999924 -44.56662750
v -66.30000305 -19.57409668 -61.79999924
v -66.30000305 -19.62654114 -62.09999847
v -66.30000305 -19.66700172 -62.40000153
v -66.30000305 -19.70011902 -62.70000076
v -66.30000305 -19.73550034 -63.00000000
v -66.30000305 -19.79999924 -63.29999924
v -66.30000305 -20.10000038 -44.54744339
v -66.30000305 -19.79999924 -63.59999847
v -66.30000305 -19.79999924 -63.90000153
v -66.30000305 -20.10000038 -64.49375153
v -66.30000305 -20.39999962 -44.53851318
v -66.30000305 -20.10470200 -64.50000000
v -66.30000305 -20.39999962 -64.74833679
v -66.03491974 -20.69999886 -44.40000153
v -66.30000305 -20.69999886 -44.52963638
v -66.30000305 -20.43396568 -64.80000305
v -66.30000305 -20.56535912 -65.09999847
v -66.30000305 -20.60464287 -65.40000153
v -66.30000305 -20.68774223 -65.69999695
v -66.30000305 -20.69999886 -65.71394348
v -66.03624725 -20.99999809 -44.40000153
v -66.30000305 -20.99999809 -44.52749634
v -66.30000305 -20.99999809 -65.92912292
v -66.30000305 -21.29999733 -44.54189682
v -66.30000305 -21.10732841 -66.00000000
v -66.30000305 -21.29999733 -66.12538147
v -66.30000305 -21.60000038 -44.58980560
v -66.30000305 -21.53721046 -66.30000305
v -66.30000305 -21.60000038 -66.34023285
v -66.30000305 -21.89999962 -44.70000076
v -66.30000305 -21.89999962 -66.48548126
v -66.01090240 -22.20000076 -44.70000076
v -66.30000305 -22.20000076 -44.83087540
v -66.30000305 -22.20000076 -66.59999847
v -66.30000305 -22.50000000 -45.00000000
v -66.24830627 -22.50000000 -66.59999847
v -66.30000305 -22.50000000 -66.62353516
v -66.30000305 -22.79999924 -45.13668060
v -66.30000305 -22.79999924 -66.59999847
v -66.09080505 -23.10000038 -45.29999924
v -66.30000305 -23.04408646 -45.29999924
v -66.30000305 -23.10000038 -45.34117889
v -66.30000305 -23.10000038 -58.79999924
v -66.30000305 -23.05876160 -59.09999847
v -66.22816467 -23.10000038 -59.40000153
v -66.30000305 -23.07491493 -59.40000153
v -66.30000305 -23.10000038 -59.70000076
v -66.30000305 -23.10000038 -66.39798737
v -66.30000305 -23.39999962 -45.59999847
v -66.12210083 -23.39999962 -58.20000076
v -66.20805359 -23.39999962 -58.50000000
v -66.30000305 -23.39999962 -58.79999924
v -66.30000305 -23.17455864 -60.00000000
v -66.30000305 -23.22033882 -60.29999924
v -66.30000305 -23.24334335 -60.59999847
v -66.30000305 -23.26484489 -60.90000153
v -66.30000305 -23.29300117 -61.20000076
v -66.00138855 -23.39999962 -61.50000000
v -66.30000305 -23.31477547 -61.50000000
v -66.03345490 -23.39999962 -61.79999924
v -66.30000305 -23.33569527 -61.79999924
v -66.11624908 -23.39999962 -62.09999847
v -66.30000305 -23.36138344 -62.09999847
v -66.30000305 -23.39999962 -62.40000153
v -66.30000305 -23.39999962 -66.00000000
v -66.30000305 -23.19753265 -66.30000305
v -66.30000305 -23.64842033 -45.90000153
v -66.30000305 -23.70000267 -45.96342468
v -66.08164978 -23.70000267 -57.59999847
v -66.16559601 -23.70000267 -57.90000153
v -66.27189636 -23.70000267 -58.20000076
v -66.30000305 -23.70000267 -58.50000000
v -66.30000305 -23.45345497 -62.70000076
v -66.30000305 -23.50414085 -63.00000000
v -66.30000305 -23.56858826 -63.29999924
v -66.30000305 -23.64880562 -63.59999847
v -66.30000305 -23.70000267 -63.79944992
v -66.30000305 -23.69635391 -64.80000305
v -66.30000305 -23.70000267 -64.77520752
v -66.30000305 -23.63999367 -65.09999847
v -66.30000305 -23.57969284 -65.40000153
v -66.30000305 -23.50598145 -65.69999695
v -66.30000305 -23.90277863 -46.20000076
v -66.30000305 -24.00000191 -46.31025696
v -66.11138153 -24.00000191 -56.09999847
v -66.18142700 -24.00000191 -56.40000153
v -66.22950745 -24.00000191 -56.70000076
v -66.26513672 -24.00000191 -57.00000000
v -66.29060364 -24.00000191 -57.29999924
v -66.30000305 -24.00000191 -57.59999847
v -66.30000305 -24.00000191 -57.90000153
v -66.30000305 -23.73711395 -58.20000076
v -66.30000305 -23.72310638 -63.90000153
v -66.30000305 -23.75097847 -64.19999695
v -66.30000305 -23.73768616 -64.50000000
v -66.30000305 -24.19752502 -46.50000000
v -66.08031464 -24.30000114 -46.79999924
v -66.30000305 -24.30000114 -46.59909821
v -66.01851654 -24.30000114 -49.20000076
v -66.30000305 -24.28318405 -49.50000000
v -66.30000305 -24.30000114 -49.47108459
v -66.30000305 -24.18092346 -49.79999924
v -66.30000305 -24.12789345 -50.09999847
v -66.30000305 -24.09560776 -50.40000153
v -66.30000305 -24.08099556 -50.70000076
v -66.30000305 -24.07750893 -51.00000000
v -66.30000305 -24.07797241 -51.29999924
v -66.30000305 -24.08010292 -51.59999847
v -66.30000305 -24.08707428 -51.90000153
v -66.30000305 -24.09511375 -52.20000076
v -66.30000305 -24.10110664 -52.50000000
v -66.30000305 -24.10198212 -52.79999924
v -66.30000305 -24.09749603 -53.09999847
v -66.30000305 -24.09469032 -53.40000153
v -66.30000305 -24.09622192 -53.70000076
v -66.30000305 -24.09646416 -54.00000000
v -66.30000305 -24.09561539 -54.29999924
v -66.30000305 -24.10152245 -54.59999847
v -66.30000305 -24.11910439 -54.90000153
v -66.30000305 -24.13840675 -55.20000076
v -66.30000305 -24.14631271 -55.50000000
v -66.30000305 -24.14120674 -55.79999924
v -66.30000305 -24.11640930 -56.09999847
v -66.30000305 -24.08576584 -56.40000153
v -66.30000305 -24.05704308 -56.70000076
v -66.30000305 -24.03123665 -57.00000000
v -66.30000305 -24.00934219 -57.29999924
v -66.30000305 -24.60000038 -46.79999924
v -66.30000305 -24.60000038 -47.09999847
v -66.30000305 -24.60000038 -47.40000153
v -66.30000305 -24.60000038 -47.70000076
v -66.30000305 -24.60000038 -48.00000000
v -66.30000305 -24.60000038 -48.29999924
v -66.30000305 -24.60000038 -48.59999847
v -66.30000305 -24.60000038 -48.90000153
v -66.30000305 -24.60000038 -49.20000076
v -66.59999847 -12.86221981 -47.70000076
v -66.59999847 -12.90000057 -47.40000153
v -66.59999847 -12.84957314 -48.00000000
v -66.59999847 -12.84186554 -48.29999924
v -66.59999847 -12.84028530 -48.59999847
v -66.59999847 -12.84527111 -48.90000153
v -66.59999847 -12.85401917 -49.20000076
v -66.59999847 -12.87110806 -49.50000000
v -66.59999847 -12.90000057 -49.79999924
v -66.59999847 -13.19999981 -47.27069473
v -66.59999847 -12.96428967 -50.09999847
v -66.59999847 -13.03885460 -50.40000153
v -66.59999847 -13.12271214 -50.70000076
v -66.59999847 -13.19999981 -50.94215393
v -66.59999847 -13.50000095 -47.19821930
v -66.59999847 -13.21973991 -51.00000000
v -66.59999847 -13.34201622 -51.29999924
v -66.59999847 -13.50000095 -51.59999847
v -66.59999847 -13.80000019 -47.17661285
v -66.59999847 -13.80000019 -51.88679504
v -66.59999847 -14.09999943 -47.18164062
v -66.59999847 -13.81346607 -51.90000153
v -66.59999847 -14.09999943 -52.20000076
v -66.59999847 -14.39999866 -47.19548035
v -66.59999847 -14.37722111 -52.50000000
v -66.59999847 -14.39999866 -52.52617264
v -66.59999847 -14.70000076 -47.20132828
v -66.59999847 -14.64322567 -52.79999924
v -66.59999847 -14.70000076 -52.87358475
v -66.59999847 -15.00000000 -47.18879700
v -66.59999847 -14.87839508 -53.09999847
v -66.59999847 -15.00000000 -53.40000153
v -66.59999847 -15.30000114 -47.14837265
v -66.59999847 -15.30000114 -53.52280807
v -66.59999847 -15.48212624 -47.09999847
v -66.59999847 -15.60000038 -47.06582260
v -66.59999847 -15.51393223 -53.70000076
v -66.59999847 -15.60000038 -53.77406311
v -66.59999847 -15.89999962 -46.94791031
v -66.59999847 -15.81540585 -54.00000000
v -66.59999847 -15.89999962 -54.09507751
v -66.59999847 -16.20000076 -46.79999924
v -66.59999847 -16.06237411 -54.29999924
v -66.59999847 -16.20000076 -54.49706650
v -66.59999847 -16.50000000 -46.61604309
v -66.59999847 -16.26415825 -54.59999847
v -66.59999847 -16.42346954 -54.90000153
v -66.59999847 -16.50000000 -55.03125381
v -66.59999847 -16.67468262 -46.50000000
v -66.59999847 -16.79999924 -46.40950775
v -66.59999847 -16.60585785 -55.20000076
v -66.59999847 -16.79999924 -55.50000000
v -66.59999847 -17.09999847 -46.20000076
v -66.59999847 -17.05763817 -55.79999924
v -66.59999847 -17.09999847 -55.83956146
v -66.59999847 -17.39999771 -46.00504303
v -66.59999847 -17.39999771 -56.05872345
v -66.59999847 -17.70000076 -45.59999847
v -66.59999847 -17.50423431 -45.90000153
v -66.59999847 -17.44843864 -56.09999847
v -66.59999847 -17.70000076 -56.40000153
v -66.59999847 -18.00000000 -45.29999924
v -66.59999847 -18.00000000 -56.60065460
v -66.59999847 -18.29999924 -45.14583588
v -66.59999847 -18.09267807 -56.70000076
v -66.59999847 -18.22794914 -57.00000000
v -66.59999847 -18.29999924 -57.29999924
v -66.59999847 -18.60000038 -45.00000000
v -66.59999847 -18.49720001 -57.59999847
v -66.59999847 -18.60000038 -57.90000153
v -66.59999847 -18.89999962 -44.91648865
v -66.59999847 -18.89999962 -58.00147629
v -66.59999847 -19.20000076 -44.81900787
v -66.59999847 -19.07993317 -58.20000076
v -66.59999847 -19.16510010 -58.50000000
v -66.59999847 -19.18478394 -58.79999924
v -66.59999847 -19.18770790 -59.09999847
v -66.59999847 -19.20000076 -59.40000153
v -66.59999847 -19.50000000 -44.70000076
v -66.59999847 -19.39960861 -59.70000076
v -66.59999847 -19.46768188 -60.00000000
v -66.59999847 -19.48486519 -60.29999924
v -66.59999847 -19.48828697 -60.59999847
v -66.59999847 -19.49169159 -60.90000153
v -66.59999847 -19.50000000 -61.20000076
v -66.59999847 -19.79999924 -44.70000076
v -66.59999847 -19.61141777 -61.50000000
v -66.59999847 -19.68784142 -61.79999924
v -66.59999847 -19.74076843 -62.09999847
v -66.59999847 -19.77656364 -62.40000153
v -66.59999847 -19.79673767 -62.70000076
v -66.59999847 -19.79999924 -63.00000000
v -66.59999847 -20.10000038 -44.70000076
v -66.59999847 -19.85213852 -63.29999924
v -66.59999847 -19.85767746 -63.59999847
v -66.59999847 -20.10000038 -64.50000000
v -66.59999847 -20.39999962 -44.69567490
v -66.59999847 -20.39999962 -64.80000305
v -66.59999847 -20.69999886 -44.68844986
v -66.59999847 -20.56098938 -65.09999847
v -66.59999847 -20.65098572 -65.40000153
v -66.59999847 -20.69999886 -65.69999695
v -66.59999847 -20.99999809 -44.68363190
v -66.59999847 -20.99999809 -65.87681580
v -66.59999847 -21.29999733 -44.68504333
v -66.59999847 -21.14765930 -66.00000000
v -66.59999847 -21.29999733 -66.11032867
v -66.59999847 -21.60000038 -44.70000076
v -66.59999847 -21.53891945 -66.30000305
v -66.59999847 -21.60000038 -66.34182739
v -66.59999847 -21.89999962 -44.82686234
v -66.59999847 -21.89999962 -66.51225281
v -66.59999847 -22.20000076 -44.95884323
v -66.59999847 -22.11398315 -66.59999847
v -66.59999847 -22.20000076 -66.63052368
v -66.59999847 -22.28733063 -45.00000000
v -66.59999847 -22.50000000 -45.09650421
v -66.59999847 -22.50000000 -66.66783905
v -66.59999847 -22.79999924 -45.23083878
v -66.59999847 -22.79999924 -66.62484741
v -66.59999847 -22.93401146 -45.29999924
v -66.59999847 -23.10000038 -45.39307785
v -66.59999847 -23.10000038 -58.79999924
v -66.59999847 -23.08887291 -59.09999847
v -66.59999847 -23.00519943 -59.40000153
v -66.59999847 -23.00845337 -59.70000076
v -66.59999847 -23.10000038 -60.00000000
v -66.59999847 -22.85057831 -66.59999847
v -66.59999847 -23.10000038 -66.43544769
v -66.59999847 -23.39999962 -45.59999847
v -66.59999847 -23.39999962 -59.09999847
v -66.59999847 -23.11973763 -60.29999924
v -66.59999847 -23.12224197 -60.59999847
v -66.59999847 -23.12927818 -60.90000153
v -66.59999847 -23.16100693 -61.20000076
v -66.59999847 -23.20771980 -61.50000000
v -66.59999847 -23.23821449 -61.79999924
v -66.59999847 -23.26404572 -62.09999847
v -66.59999847 -23.30986404 -62.40000153
v -66.59999847 -23.39999962 -62.70000076
v -66.59999847 -23.22988129 -66.30000305
v -66.59999847 -23.39999962 -66.03302002
v -66.59999847 -23.67551804 -45.90000153
v -66.59999847 -23.70000267 -45.92581177
v -66.30000305 -23.70000267 -58.79999924
v -66.30000305 -23.70000267 -59.09999847
v -66.59999847 -23.70000267 -59.20215225
v -66.59999847 -23.43924141 -63.00000000
v -66.59999847 -23.51243019 -63.29999924
v -66.59999847 -23.60084343 -63.59999847
v -66.59999847 -23.70000267 -63.90000153
v -66.59999847 -23.68380165 -64.80000305
v -66.59999847 -23.70000267 -64.70954132
v -66.59999847 -23.61679268 -65.09999847
v -66.59999847 -23.55624962 -65.40000153
v -66.59999847 -23.49736595 -65.69999695
v -66.59999847 -23.41660881 -66.00000000
v -66.59999847 -23.97614288 -46.20000076
v -66.59999847 -24.00000191 -46.22415543
v -66.59999847 -24.00000191 -58.20000076
v -66.59999847 -24.00000191 -58.50000000
v -66.59999847 -24.00000191 -58.79999924
v -66.59999847 -23.83328438 -59.09999847
v -66.59999847 -23.73127365 -64.19999695
v -66.59999847 -23.73340416 -64.50000000
v -66.59999847 -24.28082657 -46.50000000
v -66.59999847 -24.30000114 -46.51708603
v -66.59999847 -24.30000114 -49.50000000
v -66.59999847 -24.27200890 -49.79999924
v -66.59999847 -24.21183014 -50.09999847
v -66.59999847 -24.18108177 -50.40000153
v -66.59999847 -24.17284775 -50.70000076
v -66.59999847 -24.17183113 -51.00000000
v -66.59999847 -24.16959763 -51.29999924
v -66.59999847 -24.15625000 -51.59999847
v -66.59999847 -24.14129257 -51.90000153
v -66.59999847 -24.13831139 -52.20000076
v -66.59999847 -24.14803505 -52.50000000
v -66.59999847 -24.16791725 -52.79999924
v -66.59999847 -24.18301010 -53.09999847
v -66.59999847 -24.18526459 -53.40000153
v -66.59999847 -24.18327141 -53.70000076
v -66.59999847 -24.18280983 -54.00000000
v -66.59999847 -24.18402672 -54.29999924
v -66.59999847 -24.18926811 -54.59999847
v -66.59999847 -24.22140884 -54.90000153
v -66.59999847 -24.28927612 -55.20000076
v -66.59999847 -24.30000114 -55.50000000
v -66.59999847 -24.30000114 -55.79999924
v -66.59999847 -24.30000114 -56.09999847
v -66.59999847 -24.30000114 -56.40000153
v -66.59999847 -24.30000114 -56.70000076
v -66.59999847 -24.30000114 -57.00000000
v -66.59999847 -24.30000114 -57.29999924
v -66.59999847 -24.29472923 -57.59999847
v -66.59999847 -24.23548508 -57.90000153
v -66.59999847 -24.60000038 -46.78329849
v -66.59999847 -24.60000038 -49.24681473
v -66.59999847 -24.61231804 -46.79999924
v -66.59999847 -24.71673393 -47.09999847
v -66.59999847 -24.75011826 -47.40000153
v -66.59999847 -24.75806427 -47.70000076
v -66.59999847 -24.75648499 -48.00000000
v -66.59999847 -24.75033188 -48.29999924
v -66.59999847 -24.73810196 -48.59999847
v -66.59999847 -24.70878220 -48.90000153
v -66.59999847 -24.62572861 -49.20000076
v -66.75022125 -12.90000057 -47.70000076
v -66.89782715 -12.90000057 -48.00000000
v -66.90000153 -12.88815212 -48.29999924
v -66.90000153 -12.90000057 -48.00888443
v -66.90000153 -12.88860607 -48.59999847
v -66.90000153 -12.90000057 -48.90000153
v -66.88430023 -12.90000057 -49.20000076
v -66.78453064 -12.90000057 -49.50000000
v -66.90000153 -13.11938763 -47.40000153
v -66.90000153 -13.19999981 -47.34219742
v -66.90000153 -12.94659138 -47.70000076
v -66.90000153 -12.90040398 -48.00000000
v -66.90000153 -12.90251446 -49.20000076
v -66.90000153 -12.91819191 -49.50000000
v -66.90000153 -12.95243454 -49.79999924
v -66.90000153 -13.00853825 -50.09999847
v -66.90000153 -13.07724762 -50.40000153
v -66.90000153 -13.15455818 -50.70000076
v -66.90000153 -13.19999981 -50.84313202
v -66.90000153 -13.50000095 -47.25181198
v -66.90000153 -13.25463295 -51.00000000
v -66.90000153 -13.37592220 -51.29999924
v -66.90000153 -13.50000095 -51.59999847
v -66.90000153 -13.80000019 -47.23073959
v -66.90000153 -13.80000019 -51.80525208
v -66.90000153 -14.09999943 -47.23632812
v -66.90000153 -13.89939880 -51.90000153
v -66.90000153 -14.09999943 -52.10025406
v -66.90000153 -14.39999866 -47.24303436
v -66.90000153 -14.19354439 -52.20000076
v -66.67220306 -14.39999866 -52.50000000
v -66.90000153 -14.39999866 -52.42050934
v -66.90000153 -14.70000076 -47.23891449
v -66.90000153 -14.47760677 -52.50000000
v -66.74032593 -14.70000076 -52.79999924
v -66.90000153 -14.70000076 -52.72946930
v -66.90000153 -15.00000000 -47.22066879
v -66.90000153 -14.78258896 -52.79999924
v -66.75802612 -15.00000000 -53.09999847
v -66.90000153 -15.00000000 -52.98415375
v -66.90000153 -15.30000114 -47.18296051
v -66.90000153 -15.30000114 -53.09999847
v -66.74978638 -15.30000114 -53.40000153
v -66.78627777 -15.60000038 -47.09999847
v -66.90000153 -15.60000038 -47.11971283
v -66.90000153 -15.43231869 -53.40000153
v -66.73886871 -15.60000038 -53.70000076
v -66.90000153 -15.60000038 -53.59608078
v -66.90000153 -15.66384602 -47.09999847
v -66.90000153 -15.89999962 -47.02078629
v -66.90000153 -15.68460178 -53.70000076
v -66.79150391 -15.89999962 -54.00000000
v -66.90000153 -15.89999962 -53.94395065
v -66.90000153 -16.20000076 -46.88086319
v -66.90000153 -15.94561768 -54.00000000
v -66.90000153 -16.17535782 -54.29999924
v -66.90000153 -16.20000076 -54.33690643
v -66.90000153 -16.34088135 -46.79999924
v -66.90000153 -16.50000000 -46.70126724
v -66.90000153 -16.35911560 -54.59999847
v -66.90000153 -16.50000000 -54.90000153
v -66.90000153 -16.79999924 -46.50000000
v -66.90000153 -16.72215271 -55.20000076
v -66.90000153 -16.79999924 -55.31769562
v -66.90000153 -17.09999847 -46.33551025
v -66.90000153 -16.92491913 -55.50000000
v -66.90000153 -17.09999847 -55.79999924
v -66.90000153 -17.39999771 -46.20000076
v -66.90000153 -17.39999771 -55.95870590
v -66.90000153 -17.70000076 -45.90000153
v -66.90000153 -17.59767342 -56.09999847
v -66.90000153 -17.70000076 -56.18272400
v -66.90000153 -17.96735573 -45.59999847
v -66.90000153 -18.00000000 -45.56744385
v -66.90000153 -17.97237968 -56.40000153
v -66.90000153 -18.00000000 -56.42369843
v -66.90000153 -18.29999924 -45.29999924
v -66.90000153 -18.29999924 -56.70000076
v -66.71364594 -18.29999924 -57.00000000
v -66.90000153 -18.60000038 -45.20734024
v -66.90000153 -18.42991829 -57.00000000
v -66.90000153 -18.60000038 -57.29999924
v -66.69525146 -18.60000038 -57.59999847
v -66.74433136 -18.89999962 -45.00000000
v -66.90000153 -18.89999962 -45.11100006
v -66.85639191 -18.89999962 -57.59999847
v -66.90000153 -18.89999962 -57.53162003
v -66.67757416 -18.89999962 -57.90000153
v -66.90000153 -19.20000076 -45.00000000
v -66.90000153 -18.99210358 -57.59999847
v -66.84754181 -19.20000076 -57.90000153
v -66.90000153 -19.20000076 -57.80000305
v -66.71451569 -19.20000076 -58.20000076
v -66.63829041 -19.20000076 -58.50000000
v -66.61633301 -19.20000076 -58.79999924
v -66.61283112 -19.20000076 -59.09999847
v -66.90000153 -19.50000000 -44.94265366
v -66.90000153 -19.27134895 -57.90000153
v -66.90000153 -19.39837837 -58.20000076
v -66.90000153 -19.46163177 -58.50000000
v -66.90000153 -19.49795151 -58.79999924
v -66.90000153 -19.50000000 -59.09999847
v -66.78558350 -19.50000000 -59.40000153
v -66.68990326 -19.50000000 -59.70000076
v -66.63398743 -19.50000000 -60.00000000
v -66.61751556 -19.50000000 -60.29999924
v -66.61489868 -19.50000000 -60.59999847
v -66.61164093 -19.50000000 -60.90000153
v -66.90000153 -19.79999924 -44.90793610
v -66.90000153 -19.71516037 -59.40000153
v -66.90000153 -19.79015160 -59.70000076
v -66.90000153 -19.78871727 -60.00000000
v -66.90000153 -19.76217651 -60.29999924
v -66.90000153 -19.74591827 -60.59999847
v -66.90000153 -19.74298859 -60.90000153
v -66.90000153 -19.75976753 -61.20000076
v -66.90000153 -19.79999924 -61.50000000
v -66.81130219 -19.79999924 -61.79999924
v -66.72520447 -19.79999924 -62.09999847
v -66.65220642 -19.79999924 -62.40000153
v -66.60682678 -19.79999924 -62.70000076
v -66.90000153 -20.10000038 -44.88537598
v -66.90000153 -19.85535431 -61.79999924
v -66.90000153 -19.89316940 -62.09999847
v -66.90000153 -19.92323494 -62.40000153
v -66.90000153 -19.96227074 -62.70000076
v -66.90000153 -20.00179482 -63.00000000
v -66.90000153 -20.04101753 -63.29999924
v -66.90000153 -20.07116508 -63.59999847
v -66.60773468 -20.39999962 -44.70000076
v -66.90000153 -20.39999962 -44.86640549
v -66.90000153 -20.39999962 -64.80000305
v -66.62109375 -20.69999886 -44.70000076
v -66.90000153 -20.69999886 -44.85215759
v -66.90000153 -20.69999886 -65.09999847
v -66.67352295 -20.69999886 -65.40000153
v -66.63020325 -20.99999809 -44.70000076
v -66.90000153 -20.99999809 -44.84630203
v -66.90000153 -20.99999809 -65.40000153
v -66.81031036 -20.99999809 -65.69999695
v -66.62789154 -21.29999733 -44.70000076
v -66.90000153 -21.29999733 -44.85108185
v -66.90000153 -21.07621384 -65.69999695
v -66.90000153 -21.29999733 -66.00000000
v -66.90000153 -21.60000038 -44.88290024
v -66.90000153 -21.60000038 -66.30000305
v -66.90000153 -21.89999962 -44.96414948
v -66.90000153 -21.89999962 -66.46725464
v -66.70140076 -22.20000076 -45.00000000
v -66.90000153 -21.99440765 -45.00000000
v -66.90000153 -22.20000076 -45.07674408
v -66.90000153 -22.20000076 -66.59999847
v -66.90000153 -22.50000000 -45.19699860
v -66.90000153 -22.50000000 -59.40000153
v -66.90000153 -22.50000000 -59.70000076
v -66.90000153 -22.50000000 -66.63244629
v -66.90000153 -22.79999924 -45.29999924
v -66.90000153 -22.79999924 -59.40000153
v -66.84790802 -22.79999924 -59.70000076
v -66.90000153 -22.79999924 -59.80027390
v -66.90000153 -22.79999924 -66.59999847
v -66.90000153 -23.10000038 -45.42353058
v -66.60729980 -23.10000038 -59.09999847
v -66.66982269 -23.10000038 -59.40000153
v -66.90000153 -23.10000038 -59.70000076
v -66.90000153 -22.96939468 -60.00000000
v -66.66757202 -23.10000038 -60.29999924
v -66.90000153 -22.96381569 -60.29999924
v -66.65498352 -23.10000038 -60.59999847
v -66.90000153 -22.93279457 -60.59999847
v -66.65874481 -23.10000038 -60.90000153
v -66.90000153 -22.91633606 -60.90000153
v -66.71983337 -23.10000038 -61.20000076
v -66.90000153 -22.95941353 -61.20000076
v -66.90000153 -23.10000038 -61.50000000
v -66.90000153 -23.10000038 -66.40469360
v -66.90000153 -23.39999962 -45.57741928
v -66.69644165 -23.39999962 -59.40000153
v -66.85896301 -23.39999962 -59.70000076
v -66.90000153 -23.39999962 -59.76065063
v -66.90000153 -23.10764885 -61.79999924
v -66.90000153 -23.11472893 -62.09999847
v -66.90000153 -23.13414574 -62.40000153
v -66.90000153 -23.18300438 -62.70000076
v -66.68484497 -23.39999962 -63.00000000
v -66.90000153 -23.26608276 -63.00000000
v -66.90000153 -23.39999962 -63.29999924
v -66.90000153 -23.39999962 -66.00000000
v -66.90000153 -23.20041466 -66.30000305
v -66.90000153 -23.43421745 -45.59999847
v -66.90000153 -23.70000267 -45.90000153
v -66.73141479 -23.70000267 -59.40000153
v -66.90000153 -23.70000267 -59.70000076
v -66.90000153 -23.47849464 -63.59999847
v -66.90000153 -23.56827164 -63.90000153
v -66.71543884 -23.70000267 -64.19999695
v -66.90000153 -23.63631058 -64.19999695
v -66.90000153 -23.70000267 -64.50000000
v -66.90000153 -23.60755157 -64.80000305
v -66.90000153 -23.53640175 -65.09999847
v -66.90000153 -23.47830963 -65.40000153
v -66.90000153 -23.43627930 -65.69999695
v -66.67778015 -24.00000191 -46.20000076
v -66.90000153 -24.00000191 -46.12827301
v -66.68407440 -24.00000191 -59.09999847
v -66.85379791 -24.00000191 -59.40000153
v -66.90000153 -24.00000191 -59.47199249
v -66.90000153 -24.07397461 -46.20000076
v -66.90000153 -24.30000114 -46.50000000
v -66.64797974 -24.30000114 -49.79999924
v -66.90000153 -24.30000114 -50.09999847
v -66.90000153 -24.30000114 -50.40000153
v -66.90000153 -24.30000114 -50.70000076
v -66.90000153 -24.30000114 -51.00000000
v -66.90000153 -24.29726982 -51.29999924
v -66.90000153 -24.23352623 -51.59999847
v -66.90000153 -24.20146751 -51.90000153
v -66.90000153 -24.19517326 -52.20000076
v -66.90000153 -24.20363235 -52.50000000
v -66.90000153 -24.23734856 -52.79999924
v -66.90000153 -24.30000114 -53.09999847
v -66.90000153 -24.30000114 -53.40000153
v -66.90000153 -24.25607300 -53.70000076
v -66.90000153 -24.25595284 -54.00000000
v -66.90000153 -24.30000114 -54.29999924
v -66.90000153 -24.30000114 -54.59999847
v -66.90000153 -24.30000114 -54.90000153
v -66.61712646 -24.30000114 -55.20000076
v -66.60512543 -24.30000114 -57.59999847
v -66.65197754 -24.30000114 -57.90000153
v -66.71865845 -24.30000114 -58.20000076
v -66.74469757 -24.30000114 -58.50000000
v -66.77500153 -24.30000114 -58.79999924
v -66.90000153 -24.30000114 -59.09999847
v -66.90000153 -24.07416153 -59.40000153
v -66.90000153 -24.60000038 -46.71731949
v -66.85986328 -24.60000038 -49.50000000
v -66.90000153 -24.60000038 -49.79999924
v -66.90000153 -24.60000038 -55.20000076
v -66.90000153 -24.60000038 -55.50000000
v -66.90000153 -24.60000038 -55.79999924
v -66.90000153 -24.60000038 -56.09999847
v -66.90000153 -24.60000038 -56.40000153
v -66.90000153 -24.60000038 -56.70000076
v -66.90000153 -24.60000038 -57.00000000
v -66.90000153 -24.60000038 -57.29999924
v -66.89324951 -24.60000038 -57.59999847
v -66.89633942 -24.60000038 -57.90000153
v -66.90000153 -24.60000038 -58.20000076
v -66.90000153 -24.60000038 -58.50000000
v -66.90000153 -24.60000038 -58.79999924
v -66.90000153 -24.66137886 -46.79999924
v -66.90000153 -24.79404831 -47.09999847
v -66.90000153 -24.84987831 -47.40000153
v -66.90000153 -24.86946678 -47.70000076
v -66.90000153 -24.87010384 -48.00000000
v -66.90000153 -24.85778236 -48.29999924
v -66.90000153 -24.83112526 -48.59999847
v -66.90000153 -24.78336334 -48.90000153
v -66.90000153 -24.70501709 -49.20000076
v -66.90000153 -24.62308502 -49.50000000
v -66.90000153 -24.60684204 -57.59999847
v -66.90000153 -24.60406494 -57.90000153
v -66.96160126 -12.90000057 -48.29999924
v -66.97179413 -12.90000057 -48.59999847
v -67.19999695 -13.19999981 -47.40000153
v -67.19999695 -13.06298828 -47.70000076
v -67.19999695 -12.98636723 -48.00000000
v -67.19999695 -12.94866848 -48.29999924
v -67.19999695 -12.93649292 -48.59999847
v -67.19999695 -12.93996525 -48.90000153
v -67.19999695 -12.95077419 -49.20000076
v -67.19999695 -12.97208691 -49.50000000
v -67.19999695 -13.01081848 -49.79999924
v -67.19999695 -13.06721401 -50.09999847
v -67.19999695 -13.13423252 -50.40000153
v -67.19999695 -13.19999981 -50.70000076
v -67.19999695 -13.50000095 -47.31068039
v -67.19999695 -13.31871223 -51.00000000
v -67.19999695 -13.44742775 -51.29999924
v -67.19999695 -13.50000095 -51.37490082
v -67.19999695 -13.80000019 -47.29015732
v -67.19999695 -13.80000019 -51.59999847
v -67.19999695 -14.09999943 -47.28946686
v -67.19999695 -14.03274822 -51.90000153
v -67.19999695 -14.09999943 -51.97394943
v -67.19999695 -14.39999866 -47.28076935
v -67.19999695 -14.30166912 -52.20000076
v -67.19999695 -14.39999866 -52.30541992
v -67.19999695 -14.70000076 -47.26311874
v -67.19999695 -14.58920860 -52.50000000
v -67.19999695 -14.70000076 -52.61035156
v -67.19999695 -15.00000000 -47.23970032
v -67.19999695 -14.92267895 -52.79999924
v -67.19999695 -15.00000000 -52.85863113
v -67.19999695 -15.30000114 -47.20838165
v -67.19999695 -15.30000114 -53.03657913
v -67.19999695 -15.60000038 -47.16419983
v -67.19999695 -15.37797642 -53.09999847
v -67.19999695 -15.60000038 -53.40000153
v -67.19999695 -15.89999962 -47.09999847
v -67.19999695 -15.84166908 -53.70000076
v -67.19999695 -15.89999962 -53.76990891
v -67.19999695 -16.20000076 -46.98107147
v -67.19999695 -16.08591843 -54.00000000
v -66.95253754 -16.20000076 -54.29999924
v -67.19999695 -16.20000076 -54.14452744
v -67.16690826 -16.50000000 -46.79999924
v -67.19999695 -16.50000000 -46.81222153
v -67.19999695 -16.31785202 -54.29999924
v -67.19999695 -16.50000000 -54.59999847
v -67.19999695 -16.51889420 -46.79999924
v -67.19999695 -16.79999924 -46.61159897
v -67.19999695 -16.66784096 -54.90000153
v -67.05702209 -16.79999924 -55.20000076
v -67.19999695 -16.79999924 -55.09432983
v -67.19999695 -16.97686386 -46.50000000
v -67.19999695 -17.09999847 -46.42774582
v -67.19999695 -16.88169861 -55.20000076
v -67.19999695 -17.09999847 -55.50000000
v -67.19999695 -17.39999771 -46.28275299
v -67.15277863 -17.39999771 -55.79999924
v -67.19999695 -17.39999771 -55.76464462
v -67.19999695 -17.56242943 -46.20000076
v -67.19999695 -17.70000076 -46.11204529
v -67.19999695 -17.44286728 -55.79999924
v -67.03088379 -17.70000076 -56.09999847
v -67.19999695 -17.70000076 -55.99589539
v -66.93338776 -18.00000000 -45.59999847
v -67.19999695 -18.00000000 -45.90000153
v -67.19999695 -17.82809830 -56.09999847
v -66.93634796 -18.00000000 -56.40000153
v -67.19999695 -18.00000000 -56.24190140
v -67.19999695 -18.29999924 -45.59999847
v -67.19999695 -18.18874741 -56.40000153
v -67.19999695 -18.29999924 -56.51044464
v -67.00572205 -18.60000038 -45.29999924
v -67.19999695 -18.60000038 -45.51497650
v -67.19999695 -18.47679710 -56.70000076
v -67.19999695 -18.60000038 -57.00000000
v -67.10404205 -18.89999962 -45.29999924
v -67.19999695 -18.89999962 -45.41139984
v -67.05650330 -18.89999962 -57.29999924
v -67.19999695 -18.89999962 -57.12475204
v -67.19999695 -19.17809105 -45.29999924
v -67.19999695 -19.20000076 -45.29252625
v -67.19999695 -19.20000076 -57.29999924
v -67.00333405 -19.20000076 -57.59999847
v -66.96945190 -19.50000000 -45.00000000
v -67.19999695 -19.50000000 -45.20952225
v -67.19999695 -19.50000000 -57.59999847
v -67.08950806 -19.50000000 -57.90000153
v -67.00043488 -19.50000000 -58.20000076
v -66.93870544 -19.50000000 -58.50000000
v -66.90177155 -19.50000000 -58.79999924
v -67.02148438 -19.79999924 -45.00000000
v -67.19999695 -19.79999924 -45.14541245
v -67.19999695 -19.61081314 -57.90000153
v -67.19999695 -19.72198105 -58.20000076
v -67.19999695 -19.79999924 -58.50000000
v -67.07631683 -19.79999924 -58.79999924
v -67.00078583 -19.79999924 -59.09999847
v -66.93959808 -19.79999924 -59.40000153
v -66.90628815 -19.79999924 -59.70000076
v -66.90934753 -19.79999924 -60.00000000
v -66.93781281 -19.79999924 -60.29999924
v -66.95606232 -19.79999924 -60.59999847
v -66.95862579 -19.79999924 -60.90000153
v -66.94247437 -19.79999924 -61.20000076
v -67.07233429 -20.10000038 -45.00000000
v -67.19999695 -20.10000038 -45.08993912
v -67.18080139 -20.10000038 -58.79999924
v -67.19999695 -20.10000038 -58.74260330
v -67.09499359 -20.10000038 -59.09999847
v -67.05906677 -20.10000038 -59.40000153
v -67.06655121 -20.10000038 -59.70000076
v -67.10880280 -20.10000038 -60.00000000
v -67.19999695 -20.10000038 -60.29999924
v -67.19999695 -20.10000038 -60.59999847
v -67.19999695 -20.10000038 -60.90000153
v -67.19999695 -20.10000038 -61.20000076
v -67.19999695 -20.10000038 -61.50000000
v -67.19999695 -20.10000038 -61.79999924
v -67.19999695 -20.10000038 -62.09999847
v -67.19999695 -20.10000038 -62.40000153
v -67.08409119 -20.10000038 -62.70000076
v -67.01188660 -20.10000038 -63.00000000
v -66.96132660 -20.10000038 -63.29999924
v -66.92669678 -20.10000038 -63.59999847
v -67.13600922 -20.39999962 -45.00000000
v -67.19999695 -20.39999962 -45.03651047
v -67.19999695 -20.16392136 -58.79999924
v -67.18753815 -20.39999962 -59.09999847
v -67.19999695 -20.39999962 -59.05033112
v -67.16384888 -20.39999962 -59.40000153
v -67.19999695 -20.39999962 -59.70000076
v -67.19999695 -20.35547066 -60.00000000
v -67.19999695 -20.21902084 -62.70000076
v -67.19999695 -20.30483818 -63.00000000
v -67.19999695 -20.36765289 -63.29999924
v -67.19999695 -20.39976120 -63.59999847
v -67.19999695 -20.39999962 -63.90000153
v -67.19999695 -20.39999962 -64.19999695
v -67.11814117 -20.39999962 -64.50000000
v -67.19275665 -20.69999886 -45.00000000
v -67.19999695 -20.69999886 -45.00351334
v -67.19999695 -20.44061089 -59.09999847
v -67.19999695 -20.52919006 -59.40000153
v -67.19999695 -20.49454689 -64.50000000
v -67.19999695 -20.69999886 -64.80000305
v -67.19999695 -20.99999809 -45.00000000
v -67.19277954 -20.99999809 -65.09999847
v -67.19999695 -20.99999809 -65.08953094
v -67.19999695 -21.29999733 -45.00000000
v -67.19999695 -21.00700760 -65.09999847
v -67.19999695 -21.18165970 -65.40000153
v -67.19999695 -21.29999733 -65.69999695
v -67.16000366 -21.60000038 -45.00000000
v -67.19999695 -21.60000038 -45.01649094
v -67.19999695 -21.52059174 -66.00000000
v -67.19999695 -21.60000038 -66.08181763
v -66.99122620 -21.89999962 -45.00000000
v -67.19999695 -21.89999962 -45.07638550
v -67.19999695 -21.84905815 -66.30000305
v -67.19999695 -21.89999962 -66.33489990
v -67.19999695 -22.20000076 -45.17317963
v -67.19999695 -22.20000076 -60.59999847
v -67.19999695 -22.20000076 -60.90000153
v -67.19999695 -22.20000076 -66.46852875
v -67.19999695 -22.50000000 -45.29999924
v -67.19999695 -22.50000000 -60.00000000
v -67.15840912 -22.50000000 -60.29999924
v -67.19999695 -22.31525421 -60.29999924
v -67.13867188 -22.50000000 -60.59999847
v -67.13315582 -22.50000000 -60.90000153
v -67.15364075 -22.50000000 -61.20000076
v -67.19999695 -22.31172562 -61.20000076
v -67.19999695 -22.50000000 -61.50000000
v -66.98291779 -22.50000000 -66.59999847
v -67.19999695 -22.50000000 -66.48962402
v -67.19999695 -22.79999924 -45.35733795
v -66.94658661 -22.79999924 -59.70000076
v -67.19999695 -22.79999924 -60.00000000
v -67.06371307 -22.79999924 -60.29999924
v -67.02538300 -22.79999924 -60.59999847
v -67.01158142 -22.79999924 -60.90000153
v -67.04612732 -22.79999924 -61.20000076
v -67.11833191 -22.79999924 -61.50000000
v -67.19999695 -22.79999924 -61.79999924
v -67.19999695 -22.79999924 -62.09999847
v -67.19999695 -22.79999924 -62.40000153
v -67.19999695 -22.79999924 -66.42720795
v -67.19999695 -23.10000038 -45.43212509
v -67.00367737 -23.10000038 -60.00000000
v -67.19999695 -23.10000038 -60.13271332
v -66.91335297 -23.10000038 -61.79999924
v -66.92168427 -23.10000038 -62.09999847
v -66.94107819 -23.10000038 -62.40000153
v -66.98577881 -23.10000038 -62.70000076
v -67.19999695 -22.83186150 -62.70000076
v -67.07019806 -23.10000038 -63.00000000
v -67.19999695 -22.93092728 -63.00000000
v -67.19999695 -23.10000038 -63.29999924
v -67.19999695 -23.10000038 -66.30000305
v -67.19999695 -23.39999962 -45.51743317
v -67.04934692 -23.39999962 -60.00000000
v -67.19999695 -23.39999962 -60.17626572
v -67.02082825 -23.39999962 -63.59999847
v -67.19999695 -23.23407364 -63.59999847
v -67.19999695 -23.39999962 -63.90000153
v -67.19999695 -23.39999962 -65.09999847
v -67.06951904 -23.39999962 -65.40000153
v -67.19999695 -23.32178116 -65.40000153
v -66.97696686 -23.39999962 -65.69999695
v -67.19999695 -23.26297379 -65.69999695
v -67.19999695 -23.20022774 -66.00000000
v -67.19999695 -23.70000267 -45.59999847
v -67.11750031 -23.70000267 -60.00000000
v -67.19999695 -23.70000267 -60.12031555
v -67.19999695 -23.43208504 -64.19999695
v -67.19999695 -23.45401382 -64.50000000
v -67.19999695 -23.43399429 -64.80000305
v -67.19999695 -23.91127396 -45.90000153
v -67.19999695 -24.00000191 -45.98470688
v -67.03418732 -24.00000191 -59.70000076
v -67.19999695 -23.92360115 -60.00000000
v -67.19999695 -24.00000191 -59.96048737
v -67.19999695 -24.27436066 -46.20000076
v -67.19999695 -24.30000114 -46.22267151
v -66.90463257 -24.30000114 -51.29999924
v -67.19999695 -24.30000114 -51.59999847
v -67.19999695 -24.30000114 -51.90000153
v -67.19999695 -24.30000114 -52.20000076
v -67.19999695 -24.30000114 -52.50000000
v -67.19999695 -24.30000114 -52.79999924
v -67.19999695 -24.30000114 -53.70000076
v -67.19999695 -24.30000114 -54.00000000
v -67.02251434 -24.30000114 -59.40000153
v -67.19999695 -24.30000114 -59.70000076
v -67.19999695 -24.60000038 -46.50000000
v -67.18154144 -24.60000038 -50.09999847
v -67.19999695 -24.60000038 -50.40000153
v -67.19999695 -24.60000038 -50.70000076
v -67.19999695 -24.60000038 -51.00000000
v -67.19999695 -24.60000038 -51.29999924
v -67.19999695 -24.60000038 -53.09999847
v -67.19999695 -24.60000038 -53.40000153
v -67.19999695 -24.60000038 -54.29999924
v -67.19999695 -24.60000038 -54.59999847
v -67.16778564 -24.60000038 -54.90000153
v -67.06111908 -24.60000038 -59.09999847
v -67.19999695 -24.60000038 -59.40000153
v -67.19999695 -24.77310944 -46.79999924
v -67.19999695 -24.87618446 -47.09999847
v -67.09312439 -24.89999962 -47.40000153
v -67.19999695 -24.89999962 -47.23173904
v -67.01069641 -24.89999962 -47.70000076
v -67.00427246 -24.89999962 -48.00000000
v -67.05154419 -24.89999962 -48.29999924
v -67.16454315 -24.89999962 -48.59999847
v -67.19999695 -24.86125946 -48.90000153
v -67.19999695 -24.89999962 -48.65935898
v -67.19999695 -24.80263138 -49.20000076
v -67.19999695 -24.74584007 -49.50000000
v -67.19999695 -24.68838882 -49.79999924
v -67.19999695 -24.61188126 -50.09999847
v -67.19999695 -24.62050247 -54.90000153
v -67.19999695 -24.69456100 -55.20000076
v -67.19999695 -24.73558998 -55.50000000
v -67.19999695 -24.75491714 -55.79999924
v -67.19999695 -24.76553726 -56.09999847
v -67.19999695 -24.76976776 -56.40000153
v -67.19999695 -24.77557373 -56.70000076
v -67.19999695 -24.79035568 -57.00000000
v -67.19999695 -24.82575417 -57.29999924
v -67.19999695 -24.89999962 -57.59999847
v -67.19999695 -24.89999962 -57.90000153
v -67.19999695 -24.89999962 -58.20000076
v -67.19499207 -24.89999962 -58.50000000
v -67.19999695 -24.89999962 -58.79999924
v -67.19999695 -24.75871849 -59.09999847
v -67.19999695 -24.92689323 -47.40000153
v -67.19999695 -24.95001984 -47.70000076
v -67.19999695 -24.95364761 -48.00000000
v -67.19999695 -24.94004250 -48.29999924
v -67.19999695 -24.90914154 -48.59999847
v -67.19999695 -24.90388298 -58.50000000
v -67.46584320 -13.19999981 -47.70000076
v -67.50000000 -13.08640862 -48.00000000
v -67.50000000 -13.19999981 -47.73990631
v -67.50000000 -13.01283836 -48.29999924
v -67.50000000 -12.98568630 -48.59999847
v -67.50000000 -12.98478031 -48.90000153
v -67.50000000 -12.99929523 -49.20000076
v -67.50000000 -13.02679443 -49.50000000
v -67.50000000 -13.07048798 -49.79999924
v -67.50000000 -13.13271999 -50.09999847
v -67.45168304 -13.19999981 -50.40000153
v -67.50000000 -13.19999981 -50.35306168
v -67.50000000 -13.50000095 -47.40000153
v -67.50000000 -13.22831535 -47.70000076
v -67.50000000 -13.21407986 -50.40000153
v -67.50000000 -13.32470226 -50.70000076
v -67.50000000 -13.44272423 -51.00000000
v -67.50000000 -13.50000095 -51.29999924
v -67.50000000 -13.80000019 -47.39241409
v -67.50000000 -13.80000019 -51.49221039
v -67.50000000 -14.09999943 -47.35234070
v -67.50000000 -13.89294529 -51.59999847
v -67.37749481 -14.09999943 -51.90000153
v -67.50000000 -14.09999943 -51.84389877
v -67.50000000 -14.39999866 -47.30584335
v -67.50000000 -14.14455414 -51.90000153
v -67.47717285 -14.39999866 -52.20000076
v -67.50000000 -14.39999866 -52.19097519
v -67.50000000 -14.70000076 -47.27241898
v -67.50000000 -14.40831661 -52.20000076
v -67.50000000 -14.69954395 -52.50000000
v -67.50000000 -14.70000076 -52.50045395
v -67.50000000 -15.00000000 -47.24885941
v -67.50000000 -15.00000000 -52.79999924
v -67.50000000 -15.30000114 -47.22743607
v -67.50000000 -15.30000114 -52.93419266
v -67.50000000 -15.60000038 -47.20022202
v -67.50000000 -15.60000038 -53.09999847
v -67.50000000 -15.89999962 -47.16050339
v -67.50000000 -15.76170254 -53.40000153
v -67.32414246 -15.89999962 -53.70000076
v -67.50000000 -15.89999962 -53.59541321
v -67.50000000 -16.20000076 -47.09999847
v -67.50000000 -15.97671795 -53.70000076
v -67.44476318 -16.20000076 -54.00000000
v -67.50000000 -16.20000076 -53.97013474
v -67.50000000 -16.50000000 -46.94503784
v -67.50000000 -16.22532654 -54.00000000
v -67.50000000 -16.50000000 -54.29999924
v -67.50000000 -16.70869064 -46.79999924
v -67.50000000 -16.79999924 -46.73419952
v -67.50000000 -16.65304375 -54.59999847
v -67.50000000 -16.79999924 -54.90000153
v -67.50000000 -17.09999847 -46.50000000
v -67.50000000 -17.09999847 -55.20000076
v -67.50000000 -17.39999771 -46.38258362
v -67.50000000 -17.39999771 -55.50000000
v -67.34380341 -17.70000076 -46.20000076
v -67.50000000 -17.70000076 -46.27558899
v -67.50000000 -17.70000076 -55.79999924
v -67.50000000 -18.00000000 -46.20000076
v -67.46340942 -18.00000000 -56.09999847
v -67.50000000 -18.00000000 -56.08089828
v -67.40492249 -18.29999924 -45.90000153
v -67.50000000 -18.29999924 -45.99529266
v -67.50000000 -18.02192688 -56.09999847
v -67.37348938 -18.29999924 -56.40000153
v -67.50000000 -18.29999924 -56.33588028
v -67.26805115 -18.60000038 -45.59999847
v -67.49471283 -18.60000038 -45.90000153
v -67.50000000 -18.60000038 -45.90502167
v -67.50000000 -18.38569832 -56.40000153
v -67.33036041 -18.60000038 -56.70000076
v -67.50000000 -18.60000038 -56.56185532
v -67.34432983 -18.89999962 -45.59999847
v -67.50000000 -18.89999962 -45.90000153
v -67.50000000 -18.89999962 -56.70000076
v -67.31680298 -18.89999962 -57.00000000
v -67.20767975 -19.20000076 -45.29999924
v -67.50000000 -19.20000076 -45.59999847
v -67.50000000 -19.07702446 -57.00000000
v -67.50000000 -19.20000076 -57.13082123
v -67.30326080 -19.50000000 -45.29999924
v -67.50000000 -19.50000000 -45.49422073
v -67.50000000 -19.34349442 -57.29999924
v -67.50000000 -19.50000000 -57.49768448
v -67.40259552 -19.79999924 -45.29999924
v -67.50000000 -19.79999924 -45.37617493
v -67.50000000 -19.57625580 -57.59999847
v -67.50000000 -19.75841904 -57.90000153
v -67.30915070 -19.79999924 -58.20000076
v -67.50000000 -19.79999924 -57.98032379
v -67.50000000 -20.10000038 -45.29999924
v -67.50000000 -20.10000038 -58.20000076
v -67.35257721 -20.10000038 -58.50000000
v -67.50000000 -20.39999962 -45.17921066
v -67.50000000 -20.39999962 -58.20000076
v -67.47856903 -20.39999962 -58.50000000
v -67.31436157 -20.39999962 -58.79999924
v -67.21512604 -20.39999962 -60.00000000
v -67.25740814 -20.39999962 -60.29999924
v -67.28559875 -20.39999962 -60.59999847
v -67.30513000 -20.39999962 -60.90000153
v -67.33539581 -20.39999962 -61.20000076
v -67.37313080 -20.39999962 -61.50000000
v -67.39334106 -20.39999962 -61.79999924
v -67.39882660 -20.39999962 -62.09999847
v -67.38455200 -20.39999962 -62.40000153
v -67.33646393 -20.39999962 -62.70000076
v -67.27149200 -20.39999962 -63.00000000
v -67.22291565 -20.39999962 -63.29999924
v -67.20016479 -20.39999962 -63.59999847
v -67.50000000 -20.69999886 -45.11437225
v -67.50000000 -20.42377090 -58.50000000
v -67.44294739 -20.69999886 -58.79999924
v -67.50000000 -20.69999886 -58.73633575
v -67.30186462 -20.69999886 -59.09999847
v -67.25102997 -20.69999886 -59.40000153
v -67.24774933 -20.69999886 -59.70000076
v -67.25585938 -20.69999886 -60.00000000
v -67.27336121 -20.69999886 -60.29999924
v -67.30164337 -20.69999886 -60.59999847
v -67.33885956 -20.69999886 -60.90000153
v -67.40454865 -20.69999886 -61.20000076
v -67.50000000 -20.69999886 -61.50000000
v -67.50000000 -20.65797615 -61.79999924
v -67.50000000 -20.64636612 -62.09999847
v -67.50000000 -20.66073990 -62.40000153
v -67.50000000 -20.69999886 -62.70000076
v -67.42653656 -20.69999886 -63.00000000
v -67.38405609 -20.69999886 -63.29999924
v -67.36718750 -20.69999886 -63.59999847
v -67.36051178 -20.69999886 -63.90000153
v -67.34203339 -20.69999886 -64.19999695
v -67.29194641 -20.69999886 -64.50000000
v -67.50000000 -20.99999809 -45.08711243
v -67.50000000 -20.99999809 -58.79999924
v -67.44276428 -20.99999809 -59.09999847
v -67.36244202 -20.99999809 -59.40000153
v -67.30429077 -20.99999809 -59.70000076
v -67.27494049 -20.99999809 -60.00000000
v -67.27143860 -20.99999809 -60.29999924
v -67.29251862 -20.99999809 -60.59999847
v -67.33909607 -20.99999809 -60.90000153
v -67.41893768 -20.99999809 -61.20000076
v -67.50000000 -20.99999809 -61.47334290
v -67.50000000 -20.99999809 -63.00000000
v -67.48851776 -20.99999809 -63.29999924
v -67.47963715 -20.99999809 -63.59999847
v -67.47035217 -20.99999809 -63.90000153
v -67.45429993 -20.99999809 -64.19999695
v -67.41963196 -20.99999809 -64.50000000
v -67.34470367 -20.99999809 -64.80000305
v -67.50000000 -21.29999733 -45.08319473
v -67.50000000 -21.06684685 -59.09999847
v -67.50000000 -21.24757004 -59.40000153
v -67.38163757 -21.29999733 -59.70000076
v -67.50000000 -21.29999733 -59.45764923
v -67.29759979 -21.29999733 -60.00000000
v -67.26811981 -21.29999733 -60.29999924
v -67.27672577 -21.29999733 -60.59999847
v -67.32279968 -21.29999733 -60.90000153
v -67.40895081 -21.29999733 -61.20000076
v -67.50000000 -21.29999733 -61.48508072
v -67.50000000 -21.04893494 -63.29999924
v -67.50000000 -21.08587074 -63.59999847
v -67.50000000 -21.12259102 -63.90000153
v -67.50000000 -21.17116165 -64.19999695
v -67.50000000 -21.23543167 -64.50000000
v -67.50000000 -21.29999733 -64.80000305
v -67.41345215 -21.29999733 -65.09999847
v -67.31642914 -21.29999733 -65.40000153
v -67.50000000 -21.60000038 -45.10279846
v -67.49309540 -21.60000038 -59.70000076
v -67.50000000 -21.60000038 -59.69166183
v -67.33187103 -21.60000038 -60.00000000
v -67.26838684 -21.60000038 -60.29999924
v -67.26011658 -21.60000038 -60.59999847
v -67.29514313 -21.60000038 -60.90000153
v -67.37808990 -21.60000038 -61.20000076
v -67.50000000 -21.60000038 -61.50000000
v -67.50000000 -21.48184586 -65.09999847
v -67.50000000 -21.55458832 -65.40000153
v -67.50000000 -21.60000038 -65.69999695
v -67.28089905 -21.60000038 -66.00000000
v -67.50000000 -21.89999962 -45.15201187
v -67.50000000 -21.61656570 -59.70000076
v -67.35910797 -21.89999962 -60.00000000
v -67.50000000 -21.89999962 -59.83427811
v -67.26207733 -21.89999962 -60.29999924
v -67.23962402 -21.89999962 -60.59999847
v -67.25514984 -21.89999962 -60.90000153
v -67.30794525 -21.89999962 -61.20000076
v -67.37950897 -21.89999962 -61.50000000
v -67.43270111 -21.89999962 -61.79999924
v -67.50000000 -21.65510750 -61.79999924
v -67.48493195 -21.89999962 -62.09999847
v -67.50000000 -21.81451225 -62.09999847
v -67.50000000 -21.89999962 -62.18368912
v -67.50000000 -21.89999962 -66.00000000
v -67.24907684 -21.89999962 -66.30000305
v -67.50000000 -22.20000076 -45.22687149
v -67.35546112 -22.20000076 -60.00000000
v -67.50000000 -22.20000076 -59.91632080
v -67.22347260 -22.20000076 -60.29999924
v -67.22637177 -22.20000076 -61.20000076
v -67.27809906 -22.20000076 -61.50000000
v -67.34404755 -22.20000076 -61.79999924
v -67.41653442 -22.20000076 -62.09999847
v -67.50000000 -22.20000076 -62.40000153
v -67.50000000 -22.20000076 -66.30000305
v -67.50000000 -22.46298218 -45.29999924
v -67.50000000 -22.50000000 -45.30982208
v -67.50000000 -22.50000000 -60.00000000
v -67.26743317 -22.50000000 -61.79999924
v -67.32089233 -22.50000000 -62.09999847
v -67.36242676 -22.50000000 -62.40000153
v -67.39202881 -22.50000000 -62.70000076
v -67.50000000 -22.23106956 -62.70000076
v -67.43094635 -22.50000000 -63.00000000
v -67.50000000 -22.28682709 -63.00000000
v -67.48643494 -22.50000000 -63.29999924
v -67.50000000 -22.43773460 -63.29999924
v -67.50000000 -22.50000000 -63.36739731
v -67.42073822 -22.50000000 -66.30000305
v -67.50000000 -22.50000000 -66.15840912
v -67.50000000 -22.79999924 -45.36938477
v -67.50000000 -22.79999924 -60.12209320
v -67.22225952 -22.79999924 -62.70000076
v -67.28672028 -22.79999924 -63.00000000
v -67.38230133 -22.79999924 -63.29999924
v -67.50000000 -22.79999924 -63.59999847
v -67.50000000 -22.79999924 -66.00000000
v -67.32844543 -22.79999924 -66.30000305
v -67.50000000 -23.10000038 -45.42090607
v -67.50000000 -23.10000038 -60.29999924
v -67.31184387 -23.10000038 -63.59999847
v -67.39172363 -23.10000038 -63.90000153
v -67.50000000 -22.84969330 -63.90000153
v -67.44338226 -23.10000038 -64.19999695
v -67.50000000 -22.94145584 -64.19999695
v -67.50000000 -23.10000038 -64.50000000
v -67.50000000 -23.10000038 -64.80000305
v -67.50000000 -23.10000038 -65.09999847
v -67.42517090 -23.10000038 -65.40000153
v -67.50000000 -22.95850372 -65.40000153
v -67.36673737 -23.10000038 -65.69999695
v -67.50000000 -22.88122749 -65.69999695
v -67.30318451 -23.10000038 -66.00000000
v -67.50000000 -23.39999962 -45.48054886
v -67.29779816 -23.39999962 -60.29999924
v -67.47705841 -23.39999962 -60.59999847
v -67.50000000 -23.36053276 -60.59999847
v -67.50000000 -23.39999962 -60.65061951
v -67.23545837 -23.39999962 -64.19999695
v -67.26031494 -23.39999962 -64.50000000
v -67.24372864 -23.39999962 -64.80000305
v -67.50000000 -23.70000267 -45.57716751
v -67.30559540 -23.70000267 -60.29999924
v -67.42272186 -23.70000267 -60.59999847
v -67.50000000 -23.70000267 -60.90000153
v -67.50000000 -23.73915291 -45.59999847
v -67.50000000 -24.00000191 -45.90000153
v -67.22315979 -24.00000191 -60.00000000
v -67.37043762 -24.00000191 -60.29999924
v -67.45178223 -24.00000191 -60.59999847
v -67.50000000 -24.00000191 -60.90000153
v -67.23085022 -24.30000114 -46.20000076
v -67.50000000 -24.30000114 -46.04751205
v -67.35298157 -24.30000114 -60.00000000
v -67.50000000 -24.30000114 -60.29999924
v -67.50000000 -24.16348648 -60.59999847
v -67.50000000 -24.60000038 -46.20000076
v -67.49260712 -24.60000038 -51.59999847
v -67.50000000 -24.60000038 -51.90000153
v -67.50000000 -24.60000038 -52.20000076
v -67.50000000 -24.60000038 -52.50000000
v -67.50000000 -24.60000038 -52.79999924
v -67.50000000 -24.60000038 -53.70000076
v -67.50000000 -24.60000038 -54.00000000
v -67.37953949 -24.60000038 -59.70000076
v -67.50000000 -24.60000038 -60.00000000
v -67.50000000 -24.73775291 -46.50000000
v -67.50000000 -24.89999962 -46.79999924
v -67.28952026 -24.89999962 -47.09999847
v -67.34313965 -24.89999962 -48.90000153
v -67.50000000 -24.89298820 -49.20000076
v -67.50000000 -24.89999962 -49.15792847
v -67.50000000 -24.84437752 -49.50000000
v -67.50000000 -24.79590607 -49.79999924
v -67.50000000 -24.75233269 -50.09999847
v -67.50000000 -24.73042107 -50.40000153
v -67.50000000 -24.72119904 -50.70000076
v -67.50000000 -24.70911217 -51.00000000
v -67.50000000 -24.67272377 -51.29999924
v -67.50000000 -24.60443878 -51.59999847
v -67.50000000 -24.64030838 -53.09999847
v -67.50000000 -24.64032173 -53.40000153
v -67.50000000 -24.66593552 -54.29999924
v -67.50000000 -24.71356010 -54.59999847
v -67.50000000 -24.75402260 -54.90000153
v -67.50000000 -24.80219078 -55.20000076
v -67.50000000 -24.84061813 -55.50000000
v -67.50000000 -24.87080002 -55.79999924
v -67.50000000 -24.89999962 -56.09999847
v -67.48815155 -24.89999962 -56.40000153
v -67.46364594 -24.89999962 -56.70000076
v -67.41792297 -24.89999962 -57.00000000
v -67.33972168 -24.89999962 -57.29999924
v -67.35539246 -24.89999962 -59.09999847
v -67.50000000 -24.89999962 -59.40000153
v -67.50000000 -24.73954391 -59.70000076
v -67.50000000 -24.94976997 -47.09999847
v -67.50000000 -24.98994637 -47.40000153
v -67.50000000 -25.01523781 -47.70000076
v -67.50000000 -25.02231026 -48.00000000
v -67.50000000 -25.01093864 -48.29999924
v -67.50000000 -24.98259926 -48.59999847
v -67.50000000 -24.94106674 -48.90000153
v -67.50000000 -24.90503883 -56.40000153
v -67.50000000 -24.91631126 -56.70000076
v -67.50000000 -24.93841362 -57.00000000
v -67.50000000 -24.97292709 -57.29999924
v -67.50000000 -25.01357460 -57.59999847
v -67.50000000 -25.04424858 -57.90000153
v -67.50000000 -25.06866837 -58.20000076
v -67.50000000 -25.07539749 -58.50000000
v -67.50000000 -25.06122398 -58.79999924
v -67.50000000 -25.00323105 -59.09999847
v -67.80000305 -13.16756058 -48.00000000
v -67.80000305 -13.19999981 -47.95124817
v -67.80000305 -13.07058811 -48.29999924
v -67.80000305 -13.03973389 -48.59999847
v -67.80000305 -13.03814220 -48.90000153
v -67.80000305 -13.05408001 -49.20000076
v -67.80000305 -13.08469963 -49.50000000
v -67.80000305 -13.13162994 -49.79999924
v -67.80000305 -13.19999981 -50.09999847
v -67.74817657 -13.50000095 -47.70000076
v -67.80000305 -13.50000095 -47.73957443
v -67.80000305 -13.29351807 -50.40000153
v -67.80000305 -13.44851971 -50.70000076
v -67.58473969 -13.50000095 -51.00000000
v -67.80000305 -13.50000095 -50.77560043
v -67.51481628 -13.80000019 -47.40000153
v -67.80000305 -13.80000019 -47.70000076
v -67.80000305 -13.80000019 -51.00000000
v -67.71741486 -13.80000019 -51.29999924
v -67.80000305 -14.09999943 -47.40000153
v -67.80000305 -13.85264778 -51.29999924
v -67.80000305 -14.01036072 -51.59999847
v -67.80000305 -14.09999943 -51.71854401
v -67.80000305 -14.39999866 -47.31128311
v -67.80000305 -14.23856449 -51.90000153
v -67.80000305 -14.39999866 -52.08181381
v -67.80000305 -14.70000076 -47.27197266
v -67.80000305 -14.51068592 -52.20000076
v -67.50119019 -14.70000076 -52.50000000
v -67.80000305 -14.70000076 -52.38731003
v -67.80000305 -15.00000000 -47.25422668
v -67.80000305 -14.82966709 -52.50000000
v -67.80000305 -15.00000000 -52.63423157
v -67.80000305 -15.30000114 -47.24549484
v -67.80000305 -15.30000114 -52.79999924
v -67.80000305 -15.60000038 -47.23524094
v -67.80000305 -15.60000038 -53.05599976
v -67.80000305 -15.89999962 -47.21263123
v -67.80000305 -15.64003086 -53.09999847
v -67.80000305 -15.84864998 -53.40000153
v -67.80000305 -15.89999962 -53.46874619
v -67.80000305 -16.20000076 -47.17076874
v -67.80000305 -16.08380127 -53.70000076
v -67.80000305 -16.20000076 -53.83766937
v -67.80000305 -16.50000000 -47.09999847
v -67.80000305 -16.33635521 -54.00000000
v -67.80000305 -16.50000000 -54.19779205
v -67.64228058 -16.79999924 -46.79999924
v -67.80000305 -16.79999924 -46.87398529
v -67.80000305 -16.57871056 -54.29999924
v -67.80000305 -16.79999924 -54.59999847
v -67.80000305 -16.90367126 -46.79999924
v -67.80000305 -17.09999847 -46.66597366
v -67.80000305 -17.00708580 -54.90000153
v -67.80000305 -17.09999847 -54.99455261
v -67.78094482 -17.39999771 -46.50000000
v -67.80000305 -17.39999771 -46.50858688
v -67.80000305 -17.39999771 -55.20000076
v -67.80000305 -17.41999435 -46.50000000
v -67.80000305 -17.70000076 -46.39156342
v -67.80000305 -17.58295822 -55.50000000
v -67.80000305 -17.70000076 -55.64085770
v -67.80000305 -18.00000000 -46.30392456
v -67.80000305 -17.84040260 -55.79999924
v -67.80000305 -18.00000000 -55.96311188
v -67.80000305 -18.29999924 -46.20000076
v -67.80000305 -18.14589119 -56.09999847
v -67.80000305 -18.29999924 -56.23528671
v -67.80000305 -18.60000038 -46.08827209
v -67.80000305 -18.51684952 -56.40000153
v -67.80000305 -18.60000038 -56.45982361
v -67.80000305 -18.89999962 -46.02527237
v -67.80000305 -18.89999962 -56.68129730
v -67.72734833 -19.20000076 -45.90000153
v -67.80000305 -19.20000076 -45.95156097
v -67.80000305 -18.91904831 -56.70000076
v -67.80000305 -19.15331268 -57.00000000
v -67.80000305 -19.20000076 -57.06472015
v -67.60894012 -19.50000000 -45.59999847
v -67.80000305 -19.50000000 -45.90000153
v -67.80000305 -19.36672211 -57.29999924
v -67.80000305 -19.50000000 -57.49713898
v -67.80000305 -19.71809006 -45.59999847
v -67.80000305 -19.79999924 -45.53924561
v -67.80000305 -19.57067871 -57.59999847
v -67.80000305 -19.75500298 -57.90000153
v -67.80000305 -19.79999924 -57.98415756
v -67.80000305 -20.10000038 -45.38408661
v -67.80000305 -19.95933342 -58.20000076
v -67.80000305 -20.10000038 -58.50000000
v -67.80000305 -20.29875183 -45.29999924
v -67.80000305 -20.39999962 -45.26192474
v -67.54910278 -20.39999962 -58.50000000
v -67.80000305 -20.39999962 -58.60201645
v -67.80000305 -20.69999886 -45.19144058
v -67.80000305 -20.69999886 -58.79999924
v -67.51723480 -20.69999886 -61.79999924
v -67.52184296 -20.69999886 -62.09999847
v -67.51670074 -20.69999886 -62.40000153
v -67.80000305 -20.99999809 -45.15471649
v -67.80000305 -20.99999809 -58.95133591
v -67.50911713 -20.99999809 -61.50000000
v -67.56465912 -20.99999809 -61.79999924
v -67.58070374 -20.99999809 -62.09999847
v -67.58015442 -20.99999809 -62.40000153
v -67.55538177 -20.99999809 -62.70000076
v -67.80000305 -21.29999733 -45.14428711
v -67.80000305 -21.13693619 -59.09999847
v -67.58498383 -21.29999733 -59.40000153
v -67.80000305 -21.29999733 -59.29049301
v -67.50546265 -21.29999733 -61.50000000
v -67.55931854 -21.29999733 -61.79999924
v -67.57952118 -21.29999733 -62.09999847
v -67.59030151 -21.29999733 -62.40000153
v -67.58670044 -21.29999733 -62.70000076
v -67.57034302 -21.29999733 -63.00000000
v -67.55815887 -21.29999733 -63.29999924
v -67.54890442 -21.29999733 -63.59999847
v -67.54076385 -21.29999733 -63.90000153
v -67.53147125 -21.29999733 -64.19999695
v -67.51889038 -21.29999733 -64.50000000
v -67.80000305 -21.60000038 -45.15829086
v -67.80000305 -21.40571785 -59.40000153
v -67.80000305 -21.60000038 -59.56197739
v -67.51639557 -21.60000038 -61.79999924
v -67.54128265 -21.60000038 -62.09999847
v -67.57290649 -21.60000038 -62.40000153
v -67.59342957 -21.60000038 -62.70000076
v -67.59558105 -21.60000038 -63.00000000
v -67.58850098 -21.60000038 -63.29999924
v -67.58283997 -21.60000038 -63.59999847
v -67.58033752 -21.60000038 -63.90000153
v -67.57898712 -21.60000038 -64.19999695
v -67.57588196 -21.60000038 -64.50000000
v -67.56605530 -21.60000038 -64.80000305
v -67.54450989 -21.60000038 -65.09999847
v -67.52409363 -21.60000038 -65.40000153
v -67.80000305 -21.89999962 -45.19536591
v -67.80000305 -21.81424904 -59.70000076
v -67.80000305 -21.89999962 -59.74959946
v -67.54246521 -21.89999962 -62.40000153
v -67.57403564 -21.89999962 -62.70000076
v -67.58333588 -21.89999962 -63.00000000
v -67.58460999 -21.89999962 -63.29999924
v -67.58880615 -21.89999962 -63.59999847
v -67.59581757 -21.89999962 -63.90000153
v -67.60182190 -21.89999962 -64.19999695
v -67.60544586 -21.89999962 -64.50000000
v -67.60694122 -21.89999962 -64.80000305
v -67.60759735 -21.89999962 -65.09999847
v -67.60377502 -21.89999962 -65.40000153
v -67.58041382 -21.89999962 -65.69999695
v -67.80000305 -22.20000076 -45.25001907
v -67.80000305 -22.20000076 -59.89645767
v -67.51244354 -22.20000076 -62.70000076
v -67.52815247 -22.20000076 -63.00000000
v -67.55020905 -22.20000076 -63.29999924
v -67.57409668 -22.20000076 -63.59999847
v -67.59394836 -22.20000076 -63.90000153
v -67.60611725 -22.20000076 -64.19999695
v -67.61532593 -22.20000076 -64.50000000
v -67.62380219 -22.20000076 -64.80000305
v -67.62986755 -22.20000076 -65.09999847
v -67.62921143 -22.20000076 -65.40000153
v -67.61383057 -22.20000076 -65.69999695
v -67.57434845 -22.20000076 -66.00000000
v -67.80000305 -22.45264244 -45.29999924
v -67.80000305 -22.50000000 -45.30913544
v -67.80000305 -22.42839241 -60.00000000
v -67.80000305 -22.50000000 -60.03540039
v -67.54527283 -22.50000000 -63.59999847
v -67.57489014 -22.50000000 -63.90000153
v -67.59173584 -22.50000000 -64.19999695
v -67.60770416 -22.50000000 -64.50000000
v -67.62072754 -22.50000000 -64.80000305
v -67.62486267 -22.50000000 -65.09999847
v -67.62055206 -22.50000000 -65.40000153
v -67.60464478 -22.50000000 -65.69999695
v -67.56196594 -22.50000000 -66.00000000
v -67.80000305 -22.79999924 -45.35516357
v -67.80000305 -22.79999924 -60.20513535
v -67.51963806 -22.79999924 -63.90000153
v -67.54534912 -22.79999924 -64.19999695
v -67.57556152 -22.79999924 -64.50000000
v -67.59107971 -22.79999924 -64.80000305
v -67.58902740 -22.79999924 -65.09999847
v -67.56690979 -22.79999924 -65.40000153
v -67.54026794 -22.79999924 -65.69999695
v -67.80000305 -23.10000038 -45.39323044
v -67.80000305 -22.90671539 -60.29999924
v -67.70846558 -23.10000038 -60.59999847
v -67.80000305 -23.05203629 -60.59999847
v -67.78711700 -23.10000038 -60.90000153
v -67.80000305 -23.09216118 -60.90000153
v -67.80000305 -23.10000038 -61.20000076
v -67.80000305 -23.39999962 -45.44296646
v -67.58058929 -23.39999962 -60.90000153
v -67.67345428 -23.39999962 -61.20000076
v -67.80000305 -23.39999962 -61.50000000
v -67.80000305 -23.70000267 -45.51554871
v -67.62305450 -23.70000267 -61.20000076
v -67.72821045 -23.70000267 -61.50000000
v -67.79479218 -23.70000267 -61.79999924
v -67.80000305 -23.69066429 -61.79999924
v -67.80000305 -23.70000267 -62.09999847
v -67.80000305 -24.00000191 -45.59999847
v -67.61417389 -24.00000191 -61.20000076
v -67.72556305 -24.00000191 -61.50000000
v -67.79877472 -24.00000191 -61.79999924
v -67.80000305 -24.00000191 -62.09999847
v -67.80000305 -24.25742722 -45.90000153
v -67.80000305 -24.30000114 -45.93568802
v -67.54045868 -24.30000114 -60.59999847
v -67.58905029 -24.30000114 -60.90000153
v -67.65746307 -24.30000114 -61.20000076
v -67.75973511 -24.30000114 -61.50000000
v -67.80000305 -24.00263023 -61.79999924
v -67.80000305 -24.30000114 -61.57286835
v -67.80000305 -24.60000038 -46.20000076
v -67.60014343 -24.60000038 -60.29999924
v -67.65707397 -24.60000038 -60.59999847
v -67.73090363 -24.60000038 -60.90000153
v -67.77999115 -24.60000038 -61.20000076
v -67.80000305 -24.60000038 -61.50000000
v -67.80000305 -24.78246117 -46.50000000
v -67.80000305 -24.89999962 -46.75686646
v -67.52423859 -24.89999962 -49.20000076
v -67.68118286 -24.89999962 -49.50000000
v -67.80000305 -24.89999962 -49.79999924
v -67.80000305 -24.84448242 -50.09999847
v -67.80000305 -24.81956291 -50.40000153
v -67.80000305 -24.80560112 -50.70000076
v -67.80000305 -24.78796387 -51.00000000
v -67.80000305 -24.76073647 -51.29999924
v -67.80000305 -24.73573685 -51.59999847
v -67.80000305 -24.72451973 -51.90000153
v -67.80000305 -24.71745300 -52.20000076
v -67.80000305 -24.70950890 -52.50000000
v -67.80000305 -24.70024872 -52.79999924
v -67.80000305 -24.69567108 -53.09999847
v -67.80000305 -24.69455338 -53.40000153
v -67.80000305 -24.69630432 -53.70000076
v -67.80000305 -24.70623398 -54.00000000
v -67.80000305 -24.73539543 -54.29999924
v -67.80000305 -24.78036499 -54.59999847
v -67.80000305 -24.83359528 -54.90000153
v -67.80000305 -24.89999962 -55.20000076
v -67.70829773 -24.89999962 -55.50000000
v -67.59996033 -24.89999962 -55.79999924
v -67.67464447 -24.89999962 -59.70000076
v -67.77234650 -24.89999962 -60.00000000
v -67.80000305 -24.89999962 -60.29999924
v -67.80000305 -24.89999962 -60.59999847
v -67.80000305 -24.69166565 -60.90000153
v -67.80000305 -24.62430954 -61.20000076
v -67.80000305 -24.91742325 -46.79999924
v -67.80000305 -24.99458313 -47.09999847
v -67.80000305 -25.04513741 -47.40000153
v -67.80000305 -25.07532501 -47.70000076
v -67.80000305 -25.08588219 -48.00000000
v -67.80000305 -25.07809830 -48.29999924
v -67.80000305 -25.05444717 -48.59999847
v -67.80000305 -25.01860237 -48.90000153
v -67.80000305 -24.97606277 -49.20000076
v -67.80000305 -24.93427086 -49.50000000
v -67.80000305 -24.92445183 -55.50000000
v -67.80000305 -24.95515251 -55.79999924
v -67.80000305 -24.98540688 -56.09999847
v -67.80000305 -25.00811577 -56.40000153
v -67.80000305 -25.02948380 -56.70000076
v -67.80000305 -25.05325127 -57.00000000
v -67.80000305 -25.07955551 -57.29999924
v -67.80000305 -25.10774231 -57.59999847
v -67.80000305 -25.14351654 -57.90000153
v -67.80000305 -25.20000076 -58.20000076
v -67.79434204 -25.20000076 -58.50000000
v -67.79238129 -25.20000076 -58.79999924
v -67.80000305 -25.20000076 -59.09999847
v -67.80000305 -25.08255577 -59.40000153
v -67.80000305 -24.98815536 -59.70000076
v -67.80000305 -24.92231560 -60.00000000
v -67.80000305 -25.20215225 -58.50000000
v -67.80000305 -25.20316315 -58.79999924
v -68.09999847 -13.19999981 -48.00000000
v -68.09999847 -13.13725376 -48.29999924
v -68.09999847 -13.10916042 -48.59999847
v -68.09999847 -13.10484123 -48.90000153
v -68.09999847 -13.11912727 -49.20000076
v -68.09999847 -13.15145111 -49.50000000
v -68.09999847 -13.19858646 -49.79999924
v -68.09999847 -13.19999981 -49.80698395
v -68.09999847 -13.50000095 -47.84852219
v -68.09999847 -13.26195621 -50.09999847
v -68.09999847 -13.35140705 -50.40000153
v -68.09999847 -13.50000095 -50.70000076
v -68.09999847 -13.80000019 -47.70000076
v -68.09999847 -13.80000019 -51.00000000
v -68.09999847 -14.09999943 -47.40000153
v -68.09999847 -13.94093418 -51.29999924
v -68.09999847 -14.07976723 -51.59999847
v -68.09999847 -14.09999943 -51.62946320
v -68.09999847 -14.39999866 -47.31135559
v -68.09999847 -14.31878948 -51.90000153
v -68.09999847 -14.39999866 -51.98793411
v -68.09999847 -14.70000076 -47.27745056
v -68.09999847 -14.60485649 -52.20000076
v -68.09999847 -14.70000076 -52.29242706
v -68.09999847 -15.00000000 -47.26611328
v -68.09999847 -14.93892002 -52.50000000
v -68.09999847 -15.00000000 -52.54528427
v -68.09999847 -15.30000114 -47.26861191
v -68.09999847 -15.30000114 -52.72304535
v -68.09999847 -15.60000038 -47.27793884
v -68.09999847 -15.41568089 -52.79999924
v -68.09999847 -15.60000038 -52.95535278
v -68.09999847 -15.89999962 -47.27242279
v -68.09999847 -15.72983932 -53.09999847
v -68.09999847 -15.89999962 -53.40000153
v -68.09999847 -16.20000076 -47.23346329
v -68.09999847 -16.18189812 -53.70000076
v -68.09999847 -16.20000076 -53.72104645
v -68.09999847 -16.50000000 -47.14878082
v -68.09999847 -16.42923927 -54.00000000
v -68.09999847 -16.50000000 -54.09061813
v -68.09999847 -16.60269928 -47.09999847
v -68.09999847 -16.79999924 -46.99443817
v -68.09999847 -16.65608788 -54.29999924
v -68.09999847 -16.79999924 -54.50363922
v -68.09999847 -17.09999847 -46.79999924
v -68.09999847 -16.86597252 -54.59999847
v -68.09999847 -17.09251022 -54.90000153
v -68.09999847 -17.09999847 -54.90831375
v -68.09999847 -17.39999771 -46.67185974
v -68.09999847 -17.39999771 -55.19165039
v -68.09999847 -17.70000076 -46.50000000
v -68.09999847 -17.40828896 -55.20000076
v -68.09999847 -17.66511536 -55.50000000
v -68.09999847 -17.70000076 -55.54142761
v -68.09999847 -18.00000000 -46.43566513
v -68.09999847 -17.91892052 -55.79999924
v -68.09999847 -18.00000000 -55.89068222
v -68.09999847 -18.29999924 -46.33544540
v -68.09999847 -18.20237160 -56.09999847
v -68.09999847 -18.29999924 -56.19518661
v -68.09999847 -18.60000038 -46.20000076
v -68.09999847 -18.54453659 -56.40000153
v -68.09999847 -18.60000038 -56.44398499
v -68.09999847 -18.89999962 -46.15547562
v -68.09999847 -18.89999962 -56.68269348
v -68.09999847 -19.20000076 -46.08136368
v -68.09999847 -18.91650581 -56.70000076
v -68.09999847 -19.12267494 -57.00000000
v -68.09999847 -19.20000076 -57.12483215
v -68.09999847 -19.50000000 -45.95939255
v -68.09999847 -19.30921555 -57.29999924
v -68.09999847 -19.50000000 -57.59999847
v -68.09999847 -19.79999924 -45.59999847
v -68.09999847 -19.58296967 -45.90000153
v -68.09999847 -19.65653610 -57.90000153
v -68.09999847 -19.79999924 -58.18846512
v -68.09999847 -20.10000038 -45.45857239
v -68.09999847 -19.80651665 -58.20000076
v -68.09999847 -19.99204826 -58.50000000
v -68.09999847 -20.10000038 -58.61905670
v -68.09999847 -20.39999962 -45.29999924
v -68.09999847 -20.39999962 -58.79999924
v -68.09999847 -20.69999886 -45.24620056
v -68.09999847 -20.69999886 -58.97791672
v -68.09999847 -20.99999809 -45.20889664
v -68.09999847 -20.99999809 -59.09999847
v -68.09999847 -21.29999733 -45.19110870
v -68.09999847 -21.29999733 -59.40000153
v -68.09999847 -21.60000038 -45.19403076
v -68.09999847 -21.60000038 -59.64574432
v -68.09999847 -21.89999962 -45.21559143
v -68.09999847 -21.69076729 -59.70000076
v -68.09999847 -21.89999962 -59.81420517
v -68.09999847 -22.20000076 -45.25260925
v -68.09999847 -22.20000076 -59.97829819
v -68.09999847 -22.50000000 -45.29999924
v -68.09999847 -22.23880196 -60.00000000
v -68.09999847 -22.50000000 -60.16008759
v -68.09999847 -22.79999924 -45.32027817
v -68.09999847 -22.79999924 -60.29999924
v -68.09999847 -23.10000038 -45.34590912
v -68.09999847 -22.85485268 -60.59999847
v -68.09999847 -22.88299942 -60.90000153
v -68.09999847 -22.95517921 -61.20000076
v -68.09999847 -23.10000038 -61.44598770
v -68.09999847 -23.39999962 -45.39003372
v -68.09999847 -23.13946724 -61.50000000
v -68.09999847 -23.39999962 -61.79999924
v -68.09999847 -23.70000267 -45.46760559
v -68.09999847 -23.53871155 -62.09999847
v -68.09999847 -23.70000267 -62.27456665
v -68.09999847 -24.00000191 -45.59999847
v -68.09999847 -24.00000191 -62.29141235
v -68.09999847 -24.30000114 -45.90000153
v -68.09999847 -24.30000114 -61.79999924
v -68.09999847 -24.22644615 -62.09999847
v -68.09999847 -24.60000038 -46.20000076
v -68.09999847 -24.60000038 -61.74954605
v -68.09999847 -24.79317474 -46.50000000
v -68.09999847 -24.89999962 -46.72296906
v -68.09999847 -24.89999962 -50.09999847
v -68.09999847 -24.88988304 -50.40000153
v -68.09999847 -24.87742805 -50.70000076
v -68.09999847 -24.86072731 -51.00000000
v -68.09999847 -24.84296227 -51.29999924
v -68.09999847 -24.82740021 -51.59999847
v -68.09999847 -24.81155777 -51.90000153
v -68.09999847 -24.79490089 -52.20000076
v -68.09999847 -24.77723503 -52.50000000
v -68.09999847 -24.76021957 -52.79999924
v -68.09999847 -24.74792671 -53.09999847
v -68.09999847 -24.74665833 -53.40000153
v -68.09999847 -24.75599289 -53.70000076
v -68.09999847 -24.77144814 -54.00000000
v -68.09999847 -24.79463387 -54.29999924
v -68.09999847 -24.82906151 -54.59999847
v -68.09999847 -24.87442017 -54.90000153
v -68.09999847 -24.89999962 -55.03128052
v -68.09999847 -24.89999962 -60.90000153
v -68.09999847 -24.86457634 -61.20000076
v -68.09999847 -24.78600121 -61.50000000
v -68.09999847 -24.93377876 -46.79999924
v -68.09999847 -25.03072739 -47.09999847
v -68.09999847 -25.09519005 -47.40000153
v -68.09999847 -25.13208580 -47.70000076
v -68.09999847 -25.14576530 -48.00000000
v -68.09999847 -25.14250755 -48.29999924
v -68.09999847 -25.12422943 -48.59999847
v -68.09999847 -25.09381866 -48.90000153
v -68.09999847 -25.05529785 -49.20000076
v -68.09999847 -25.01199150 -49.50000000
v -68.09999847 -24.96256447 -49.79999924
v -68.09999847 -24.93281555 -55.20000076
v -68.09999847 -24.98113632 -55.50000000
v -68.09999847 -25.02420425 -55.79999924
v -68.09999847 -25.06221199 -56.09999847
v -68.09999847 -25.09483147 -56.40000153
v -68.09999847 -25.12318802 -56.70000076
v -68.09999847 -25.14848900 -57.00000000
v -68.09999847 -25.17074776 -57.29999924
v -68.09999847 -25.18802834 -57.59999847
v -68.09999847 -25.20000076 -57.90000153
v -68.09999847 -25.20000076 -59.40000153
v -68.09999847 -25.15153122 -59.70000076
v -68.09999847 -25.10783768 -60.00000000
v -68.09999847 -25.07051086 -60.29999924
v -68.09999847 -25.01861763 -60.59999847
v -68.09999847 -25.25675201 -58.20000076
v -68.09999847 -25.28291321 -58.50000000
v -68.09999847 -25.28743362 -58.79999924
v -68.09999847 -25.26525116 -59.09999847
v -68.27758789 -13.19999981 -48.29999924
v -68.40000153 -13.19999981 -48.59999847
v -68.40000153 -13.19142342 -48.90000153
v -68.40000153 -13.19999981 -49.20000076
v -68.27648926 -13.19999981 -49.50000000
v -68.10529327 -13.19999981 -49.79999924
v -68.40000153 -13.42035294 -48.00000000
v -68.40000153 -13.50000095 -47.93067932
v -68.40000153 -13.25387096 -48.29999924
v -68.40000153 -13.23647022 -49.50000000
v -68.40000153 -13.28419876 -49.79999924
v -68.40000153 -13.34109306 -50.09999847
v -68.40000153 -13.40794086 -50.40000153
v -68.40000153 -13.50000095 -50.70000076
v -68.40000153 -13.80000019 -47.72483444
v -68.40000153 -13.80000019 -50.95840836
v -68.40000153 -13.83313274 -47.70000076
v -68.40000153 -14.09999943 -47.40000153
v -68.40000153 -13.83018303 -51.00000000
v -68.40000153 -13.99257278 -51.29999924
v -68.40000153 -14.09999943 -51.59999847
v -68.40000153 -14.39999866 -47.34024429
v -68.40000153 -14.39999866 -51.90000153
v -68.40000153 -14.70000076 -47.30677414
v -68.40000153 -14.69587994 -52.20000076
v -68.40000153 -14.70000076 -52.20402145
v -68.40000153 -15.00000000 -47.30190659
v -68.40000153 -15.00000000 -52.50000000
v -68.40000153 -15.30000114 -47.30827332
v -68.40000153 -15.30000114 -52.62965012
v -68.40000153 -15.60000038 -47.33403397
v -68.40000153 -15.60000038 -52.79999924
v -68.40000153 -15.89999962 -47.36322403
v -68.40000153 -15.89999962 -53.09999847
v -68.40000153 -16.20000076 -47.31270599
v -68.40000153 -16.06027794 -53.40000153
v -68.15202332 -16.20000076 -53.70000076
v -68.40000153 -16.20000076 -53.58992767
v -68.40000153 -16.50000000 -47.23206711
v -68.40000153 -16.28317642 -53.70000076
v -68.33412933 -16.50000000 -54.00000000
v -68.40000153 -16.50000000 -53.97456741
v -68.36854553 -16.79999924 -47.09999847
v -68.40000153 -16.79999924 -47.11217880
v -68.40000153 -16.52005005 -54.00000000
v -68.40000153 -16.74111366 -54.29999924
v -68.40000153 -16.79999924 -54.39095688
v -68.40000153 -16.82613373 -47.09999847
v -68.40000153 -17.09999847 -46.97525787
v -68.40000153 -16.92669106 -54.59999847
v -68.40000153 -17.09999847 -54.90000153
v -68.28833771 -17.39999771 -46.79999924
v -68.40000153 -17.39999771 -46.87125397
v -68.40000153 -17.39999771 -55.17047882
v -68.40000153 -17.70000076 -46.79999924
v -68.40000153 -17.43040276 -55.20000076
v -68.32832336 -17.70000076 -55.50000000
v -68.40000153 -17.70000076 -55.48734665
v -68.20545959 -18.00000000 -46.50000000
v -68.40000153 -18.00000000 -46.63373184
v -68.40000153 -17.71045685 -55.50000000
v -68.40000153 -17.95308113 -55.79999924
v -68.40000153 -18.00000000 -55.85839844
v -68.40000153 -18.29999924 -46.50000000
v -68.40000153 -18.20506477 -56.09999847
v -68.40000153 -18.29999924 -56.21179199
v -68.40000153 -18.60000038 -46.40743637
v -68.40000153 -18.48540115 -56.40000153
v -68.40000153 -18.60000038 -56.51815033
v -68.18721771 -18.89999962 -46.20000076
v -68.40000153 -18.89999962 -46.31494141
v -68.40000153 -18.89999962 -56.70000076
v -68.40000153 -19.20000076 -46.20000076
v -68.40000153 -19.00502968 -57.00000000
v -68.36802673 -19.20000076 -57.29999924
v -68.40000153 -19.18535042 -57.29999924
v -68.40000153 -19.20000076 -57.32316589
v -68.40000153 -19.50000000 -46.05561829
v -68.40000153 -19.35847282 -57.59999847
v -68.40000153 -19.50000000 -57.88426971
v -68.40000153 -19.79999924 -45.90000153
v -68.40000153 -19.50773048 -57.90000153
v -68.10992432 -19.79999924 -58.20000076
v -68.40000153 -19.63281250 -58.20000076
v -68.32917023 -19.79999924 -58.50000000
v -68.40000153 -19.74959755 -58.50000000
v -68.40000153 -19.79999924 -58.61875153
v -68.40000153 -20.04090691 -45.59999847
v -68.40000153 -20.10000038 -45.55579376
v -68.25315857 -20.10000038 -58.79999924
v -68.40000153 -19.90964699 -58.79999924
v -68.40000153 -20.10000038 -59.09999847
v -68.40000153 -20.39999962 -45.39054108
v -68.28498077 -20.39999962 -59.09999847
v -68.37744141 -20.39999962 -59.40000153
v -68.40000153 -20.34665680 -59.40000153
v -68.40000153 -20.39999962 -59.70000076
v -68.40000153 -20.69999886 -45.29999924
v -68.19145203 -20.69999886 -59.09999847
v -68.30972290 -20.69999886 -59.40000153
v -68.35719299 -20.69999886 -59.70000076
v -68.40000153 -20.69999886 -60.00000000
v -68.40000153 -20.99999809 -45.25482178
v -68.23593903 -20.99999809 -59.40000153
v -68.32389069 -20.99999809 -59.70000076
v -68.38522339 -20.99999809 -60.00000000
v -68.40000153 -20.99999809 -60.07601929
v -68.40000153 -21.29999733 -45.22870636
v -68.27204895 -21.29999733 -59.70000076
v -68.37245178 -21.29999733 -60.00000000
v -68.40000153 -21.29999733 -60.29999924
v -68.40000153 -21.60000038 -45.21866989
v -68.15857697 -21.60000038 -59.70000076
v -68.37116241 -21.60000038 -60.00000000
v -68.40000153 -21.60000038 -60.29999924
v -68.40000153 -21.89999962 -45.22281647
v -68.40000153 -21.89999962 -60.00000000
v -68.40000153 -22.20000076 -45.23782349
v -68.13264465 -22.20000076 -60.00000000
v -68.40000153 -22.20000076 -60.29999924
v -68.40000153 -22.50000000 -45.25685883
v -68.23699188 -22.50000000 -60.29999924
v -68.35919952 -22.50000000 -60.59999847
v -68.40000153 -22.38597107 -60.59999847
v -68.39809418 -22.50000000 -60.90000153
v -68.40000153 -22.49553299 -60.90000153
v -68.40000153 -22.50000000 -61.20000076
v -68.22344971 -22.79999924 -45.29999924
v -68.40000153 -22.79999924 -45.27044296
v -68.15555573 -22.79999924 -60.59999847
v -68.18810272 -22.79999924 -60.90000153
v -68.26290131 -22.79999924 -61.20000076
v -68.40000153 -22.79999924 -61.40769577
v -68.33525848 -23.10000038 -45.29999924
v -68.40000153 -23.10000038 -45.28737640
v -68.14134979 -23.10000038 -61.50000000
v -68.40000153 -22.86776733 -61.50000000
v -68.34058380 -23.10000038 -61.79999924
v -68.40000153 -23.04561424 -61.79999924
v -68.40000153 -23.10000038 -62.09999847
v -68.40000153 -23.21122932 -45.29999924
v -68.40000153 -23.39999962 -45.32306671
v -68.20021057 -23.39999962 -62.09999847
v -68.31725311 -23.39999962 -62.40000153
v -68.40000153 -23.28180313 -62.40000153
v -68.40000153 -23.39999962 -62.70000076
v -68.40000153 -23.70000267 -45.40793991
v -68.18563080 -23.70000267 -62.40000153
v -68.36418152 -23.70000267 -62.70000076
v -68.40000153 -23.70000267 -62.76561356
v -68.40000153 -24.00000191 -45.58698273
v -68.17948151 -24.00000191 -62.40000153
v -68.39845276 -24.00000191 -62.70000076
v -68.40000153 -24.00000191 -62.70259857
v -68.40000153 -24.01482201 -45.59999847
v -68.40000153 -24.30000114 -45.90000153
v -68.13852692 -24.30000114 -62.09999847
v -68.28279114 -24.30000114 -62.40000153
v -68.40000153 -24.00478363 -62.70000076
v -68.40000153 -24.30000114 -62.56416702
v -68.40000153 -24.60000038 -46.20000076
v -68.13430786 -24.60000038 -61.79999924
v -68.26280975 -24.60000038 -62.09999847
v -68.40000153 -24.60000038 -62.40000153
v -68.40000153 -24.80423355 -46.50000000
v -68.40000153 -24.89999962 -46.67972183
v -68.13998413 -24.89999962 -50.40000153
v -68.19851685 -24.89999962 -50.70000076
v -68.27302551 -24.89999962 -51.00000000
v -68.34136963 -24.89999962 -51.29999924
v -68.40000153 -24.89999962 -51.59999847
v -68.40000153 -24.87731361 -51.90000153
v -68.40000153 -24.85235596 -52.20000076
v -68.40000153 -24.82653618 -52.50000000
v -68.40000153 -24.80555725 -52.79999924
v -68.40000153 -24.79437256 -53.09999847
v -68.40000153 -24.79496193 -53.40000153
v -68.40000153 -24.80617523 -53.70000076
v -68.40000153 -24.82426453 -54.00000000
v -68.40000153 -24.84699440 -54.29999924
v -68.40000153 -24.87313461 -54.59999847
v -68.40000153 -24.89999962 -54.90000153
v -68.15089417 -24.89999962 -61.20000076
v -68.23782349 -24.89999962 -61.50000000
v -68.33831024 -24.89999962 -61.79999924
v -68.40000153 -24.89999962 -62.09999847
v -68.40000153 -24.95860291 -46.79999924
v -68.40000153 -25.06926918 -47.09999847
v -68.40000153 -25.14565659 -47.40000153
v -68.40000153 -25.18635750 -47.70000076
v -68.40000153 -25.20000076 -48.00000000
v -68.38510132 -25.20000076 -48.29999924
v -68.40000153 -25.19007683 -48.59999847
v -68.40000153 -25.20000076 -48.37051773
v -68.40000153 -25.16457367 -48.90000153
v -68.40000153 -25.13012886 -49.20000076
v -68.40000153 -25.08859634 -49.50000000
v -68.40000153 -25.04129982 -49.79999924
v -68.40000153 -24.99573517 -50.09999847
v -68.40000153 -24.96627235 -50.40000153
v -68.40000153 -24.94545746 -50.70000076
v -68.40000153 -24.92810822 -51.00000000
v -68.40000153 -24.91337585 -51.29999924
v -68.40000153 -24.97109795 -55.20000076
v -68.40000153 -25.03324318 -55.50000000
v -68.40000153 -25.08654022 -55.79999924
v -68.40000153 -25.13215828 -56.09999847
v -68.40000153 -25.17087746 -56.40000153
v -68.38657379 -25.20000076 -56.70000076
v -68.40000153 -25.20000076 -56.66720963
v -68.28697968 -25.20000076 -57.00000000
v -68.20534515 -25.20000076 -57.29999924
v -68.14225769 -25.20000076 -57.59999847
v -68.20491028 -25.20000076 -59.70000076
v -68.29319000 -25.20000076 -60.00000000
v -68.40000153 -25.20000076 -60.29999924
v -68.40000153 -25.16114426 -60.59999847
v -68.40000153 -25.10812569 -60.90000153
v -68.40000153 -25.06004333 -61.20000076
v -68.40000153 -25.00869751 -61.50000000
v -68.40000153 -24.95186234 -61.79999924
v -68.40000153 -25.20304298 -48.29999924
v -68.40000153 -25.20359421 -56.70000076
v -68.40000153 -25.23078918 -57.00000000
v -68.40000153 -25.25342369 -57.29999924
v -68.40000153 -25.27359009 -57.59999847
v -68.40000153 -25.29615593 -57.90000153
v -68.40000153 -25.32695007 -58.20000076
v -68.40000153 -25.34956169 -58.50000000
v -68.40000153 -25.35478592 -58.79999924
v -68.40000153 -25.34066582 -59.09999847
v -68.40000153 -25.31320953 -59.40000153
v -68.40000153 -25.28325653 -59.70000076
v -68.40000153 -25.24772644 -60.00000000
v -68.42174530 -13.19999981 -48.90000153
v -68.69999695 -13.50000095 -48.00000000
v -68.69999695 -13.37912560 -48.29999924
v -68.69999695 -13.32990742 -48.59999847
v -68.69999695 -13.32003403 -48.90000153
v -68.69999695 -13.32827759 -49.20000076
v -68.69999695 -13.35110855 -49.50000000
v -68.69999695 -13.39207458 -49.79999924
v -68.69999695 -13.46160412 -50.09999847
v -68.69999695 -13.50000095 -50.40000153
v -68.69999695 -13.80000019 -47.83526230
v -68.69999695 -13.80000019 -50.70000076
v -68.69999695 -14.09999943 -47.70000076
v -68.69999695 -13.94692898 -51.00000000
v -68.69999695 -14.08853626 -51.29999924
v -68.69999695 -14.09999943 -51.32302094
v -68.69999695 -14.39999866 -47.40000153
v -68.69999695 -14.25110817 -51.59999847
v -68.69999695 -14.39999866 -51.79273605
v -68.69999695 -14.70000076 -47.36056900
v -68.69999695 -14.49210453 -51.90000153
v -68.41252136 -14.70000076 -52.20000076
v -68.69999695 -14.70000076 -52.10624695
v -68.69999695 -15.00000000 -47.39701462
v -68.69999695 -14.80904770 -52.20000076
v -68.69999695 -15.00000000 -52.34495926
v -68.69999695 -15.30000114 -47.40000153
v -68.69999695 -15.30000114 -52.50000000
v -68.69999695 -15.60000038 -47.40000153
v -68.69999695 -15.60000038 -52.73175812
v -68.47669220 -15.89999962 -47.40000153
v -68.69999695 -15.89999962 -47.70000076
v -68.69999695 -15.67557430 -52.79999924
v -68.69999695 -15.89999962 -53.04243088
v -68.69999695 -16.20000076 -47.40000153
v -68.69999695 -15.94485569 -53.09999847
v -68.69999695 -16.14651108 -53.40000153
v -68.69999695 -16.20000076 -53.47518539
v -68.69999695 -16.50000000 -47.37168503
v -68.69999695 -16.36922264 -53.70000076
v -68.69999695 -16.50000000 -53.86234283
v -68.69999695 -16.79999924 -47.24957657
v -68.69999695 -16.61562538 -54.00000000
v -68.56674957 -16.79999924 -54.29999924
v -68.69999695 -16.79999924 -54.23509216
v -68.69999695 -17.09999847 -47.09999847
v -68.69999695 -16.85301971 -54.29999924
v -68.69999695 -17.03491592 -54.59999847
v -68.69999695 -17.09999847 -54.90000153
v -68.69999695 -17.39999771 -47.02661514
v -68.69999695 -17.39999771 -55.08439255
v -68.69999695 -17.70000076 -46.94443893
v -68.69999695 -17.49994659 -55.20000076
v -68.69999695 -17.70000076 -55.43873596
v -68.65328979 -18.00000000 -46.79999924
v -68.69999695 -18.00000000 -46.82764435
v -68.69999695 -17.74373627 -55.50000000
v -68.69999695 -17.95948029 -55.79999924
v -68.69999695 -18.00000000 -55.85787201
v -68.69999695 -18.06803131 -46.79999924
v -68.69999695 -18.29999924 -46.70386505
v -68.69999695 -18.17432785 -56.09999847
v -68.69999695 -18.29999924 -56.28629303
v -68.54240417 -18.60000038 -46.50000000
v -68.69999695 -18.60000038 -46.59898376
v -68.69999695 -18.38199615 -56.40000153
v -68.61318970 -18.60000038 -56.70000076
v -68.69999695 -18.54180527 -56.70000076
v -68.69999695 -18.60000038 -57.00000000
v -68.69999695 -18.89999962 -46.50000000
v -68.53461456 -18.89999962 -57.00000000
v -68.69999695 -18.89999962 -57.16452026
v -68.69999695 -19.20000076 -46.34760284
v -68.69999695 -19.01347733 -57.29999924
v -68.69999695 -19.20000076 -57.59999847
v -68.69999695 -19.43754196 -46.20000076
v -68.69999695 -19.50000000 -46.15770340
v -68.41329193 -19.50000000 -57.90000153
v -68.69999695 -19.33878708 -57.90000153
v -68.60088348 -19.50000000 -58.20000076
v -68.69999695 -19.43998337 -58.20000076
v -68.68975830 -19.50000000 -58.50000000
v -68.69999695 -19.49301720 -58.50000000
v -68.69999695 -19.50000000 -58.79999924
v -68.69999695 -19.79999924 -45.90813446
v -68.47512817 -19.79999924 -58.79999924
v -68.59399414 -19.79999924 -59.09999847
v -68.69999695 -19.67645645 -59.09999847
v -68.69999695 -19.79999924 -59.40000153
v -68.69999695 -20.10000038 -45.59999847
v -68.69999695 -19.80808258 -45.90000153
v -68.51097870 -20.10000038 -59.40000153
v -68.60132599 -20.10000038 -59.70000076
v -68.69999695 -19.97398567 -59.70000076
v -68.69999695 -20.10000038 -60.00000000
v -68.69999695 -20.39999962 -45.44301987
v -68.51648712 -20.39999962 -60.00000000
v -68.61595917 -20.39999962 -60.29999924
v -68.69999695 -20.26835060 -60.29999924
v -68.67724609 -20.39999962 -60.59999847
v -68.69999695 -20.36663246 -60.59999847
v -68.69999695 -20.39999962 -60.90000153
v -68.69999695 -20.69999886 -45.35245514
v -68.50131989 -20.69999886 -60.29999924
v -68.56984711 -20.69999886 -60.59999847
v -68.61916351 -20.69999886 -60.90000153
v -68.69999695 -20.69999886 -61.20000076
v -68.69999695 -20.99999809 -45.29999924
v -68.44104767 -20.99999809 -60.29999924
v -68.49084473 -20.99999809 -60.59999847
v -68.55200195 -20.99999809 -60.90000153
v -68.62103271 -20.99999809 -61.20000076
v -68.69999695 -20.99999809 -61.50000000
v -68.69999695 -21.29999733 -45.26375961
v -68.40000153 -21.29999733 -60.59999847
v -68.47818756 -21.29999733 -60.90000153
v -68.57430267 -21.29999733 -61.20000076
v -68.65028381 -21.29999733 -61.50000000
v -68.69999695 -21.29999733 -61.72372437
v -68.69999695 -21.60000038 -45.24054337
v -68.40000153 -21.60000038 -60.59999847
v -68.40000153 -21.60000038 -60.90000153
v -68.56687164 -21.60000038 -61.20000076
v -68.65389252 -21.60000038 -61.50000000
v -68.68833160 -21.60000038 -61.79999924
v -68.69999695 -21.47999001 -61.79999924
v -68.69999695 -21.60000038 -62.09999847
v -68.69999695 -21.89999962 -45.22764969
v -68.43534088 -21.89999962 -60.29999924
v -68.45960999 -21.89999962 -60.59999847
v -68.51117706 -21.89999962 -60.90000153
v -68.62487793 -21.89999962 -61.20000076
v -68.69705963 -21.89999962 -61.50000000
v -68.69999695 -21.65812683 -61.79999924
v -68.69999695 -21.89999962 -61.51620483
v -68.69999695 -22.20000076 -45.22255707
v -68.45838165 -22.20000076 -60.59999847
v -68.52489471 -22.20000076 -60.90000153
v -68.69999695 -22.20000076 -61.20000076
v -68.69999695 -21.92995644 -61.50000000
v -68.69999695 -22.50000000 -45.22203445
v -68.64046478 -22.50000000 -61.50000000
v -68.69999695 -22.30612183 -61.50000000
v -68.69999695 -22.50000000 -61.60397339
v -68.69999695 -22.79999924 -45.22454071
v -68.46131897 -22.79999924 -61.50000000
v -68.69999695 -22.79999924 -61.79999924
v -68.69999695 -23.10000038 -45.23205948
v -68.69999695 -22.83965111 -62.09999847
v -68.53404236 -23.10000038 -62.40000153
v -68.69999695 -22.90499687 -62.40000153
v -68.63726807 -23.10000038 -62.70000076
v -68.69999695 -23.01602554 -62.70000076
v -68.69999695 -23.10000038 -62.87366104
v -68.49287415 -23.39999962 -45.29999924
v -68.69999695 -23.39999962 -45.25163651
v -68.57430267 -23.39999962 -63.00000000
v -68.69999695 -23.17355156 -63.00000000
v -68.66432953 -23.39999962 -63.29999924
v -68.69999695 -23.32227707 -63.29999924
v -68.69999695 -23.39999962 -63.59999847
v -68.69999695 -23.70000267 -45.29999924
v -68.51417542 -23.70000267 -63.00000000
v -68.60242462 -23.70000267 -63.29999924
v -68.65266418 -23.70000267 -63.59999847
v -68.68825531 -23.70000267 -63.90000153
v -68.69999695 -23.65437508 -63.90000153
v -68.69999695 -23.70000267 -64.19999695
v -68.69999695 -24.00000191 -45.50820160
v -68.55246735 -24.00000191 -63.00000000
v -68.62617493 -24.00000191 -63.29999924
v -68.65160370 -24.00000191 -63.59999847
v -68.65439606 -24.00000191 -63.90000153
v -68.65548706 -24.00000191 -64.19999695
v -68.67205811 -24.00000191 -64.50000000
v -68.69999695 -23.70000267 -64.50000000
v -68.69999695 -24.00000191 -64.75086975
v -68.69999695 -24.07644844 -45.59999847
v -68.69999695 -24.30000114 -45.90000153
v -68.49401855 -24.30000114 -62.70000076
v -68.69999695 -24.30000114 -63.00000000
v -68.69999695 -24.23774147 -63.29999924
v -68.69999695 -24.30000114 -63.59999847
v -68.65636444 -24.30000114 -63.90000153
v -68.65447998 -24.30000114 -64.19999695
v -68.69999695 -24.22704315 -64.50000000
v -68.69999695 -24.30000114 -64.45358276
v -68.69999695 -24.60000038 -46.20000076
v -68.63808441 -24.60000038 -62.70000076
v -68.69999695 -24.60000038 -62.80596542
v -68.69999695 -24.60000038 -63.90000153
v -68.69999695 -24.60000038 -64.19999695
v -68.69999695 -24.83426476 -46.50000000
v -68.69999695 -24.89999962 -46.61273193
v -68.52783966 -24.89999962 -51.90000153
v -68.69999695 -24.89999962 -52.20000076
v -68.69999695 -24.86616898 -52.50000000
v -68.69999695 -24.84581947 -52.79999924
v -68.69999695 -24.83901024 -53.09999847
v -68.69999695 -24.84274292 -53.40000153
v -68.69999695 -24.85560608 -53.70000076
v -68.69999695 -24.87542152 -54.00000000
v -68.69999695 -24.89999962 -54.29999924
v -68.54048920 -24.89999962 -54.59999847
v -68.65077972 -24.89999962 -62.40000153
v -68.69999695 -24.68944931 -62.70000076
v -68.69999695 -24.89999962 -62.46958923
v -68.69999695 -24.99500465 -46.79999924
v -68.69999695 -25.11185074 -47.09999847
v -68.69999695 -25.20000076 -47.40000153
v -68.47865295 -25.20000076 -47.70000076
v -68.44961548 -25.20000076 -48.59999847
v -68.56654358 -25.20000076 -48.90000153
v -68.69999695 -25.19860458 -49.20000076
v -68.69999695 -25.20000076 -49.18600845
v -68.69999695 -25.16316223 -49.50000000
v -68.69999695 -25.12269020 -49.79999924
v -68.69999695 -25.07835960 -50.09999847
v -68.69999695 -25.04038620 -50.40000153
v -68.69999695 -25.01219940 -50.70000076
v -68.69999695 -24.99150085 -51.00000000
v -68.69999695 -24.97410965 -51.29999924
v -68.69999695 -24.95511436 -51.59999847
v -68.69999695 -24.92986107 -51.90000153
v -68.69999695 -24.93120956 -54.59999847
v -68.69999695 -24.97166824 -54.90000153
v -68.69999695 -25.02864075 -55.20000076
v -68.69999695 -25.08927727 -55.50000000
v -68.69999695 -25.14608002 -55.79999924
v -68.69999695 -25.19642258 -56.09999847
v -68.52716827 -25.20000076 -56.40000153
v -68.69999695 -25.20000076 -56.12469101
v -68.47871399 -25.20000076 -60.59999847
v -68.56646729 -25.20000076 -60.90000153
v -68.64197540 -25.20000076 -61.20000076
v -68.69999695 -25.19191933 -61.50000000
v -68.69999695 -25.20000076 -61.44222641
v -68.69999695 -25.14507103 -61.79999924
v -68.69999695 -25.07837486 -62.09999847
v -68.69999695 -24.94394302 -62.40000153
v -68.69999695 -25.23811150 -47.70000076
v -68.69999695 -25.25600624 -48.00000000
v -68.69999695 -25.25940895 -48.29999924
v -68.69999695 -25.24930573 -48.59999847
v -68.69999695 -25.22809601 -48.90000153
v -68.69999695 -25.23933983 -56.40000153
v -68.69999695 -25.27495193 -56.70000076
v -68.69999695 -25.30483627 -57.00000000
v -68.69999695 -25.33092499 -57.29999924
v -68.69999695 -25.35521698 -57.59999847
v -68.69999695 -25.37871552 -57.90000153
v -68.69999695 -25.39963341 -58.20000076
v -68.69999695 -25.41497993 -58.50000000
v -68.69999695 -25.42094421 -58.79999924
v -68.69999695 -25.41789627 -59.09999847
v -68.69999695 -25.40973091 -59.40000153
v -68.69999695 -25.39719963 -59.70000076
v -68.69999695 -25.37567520 -60.00000000
v -68.69999695 -25.34021568 -60.29999924
v -68.69999695 -25.30368805 -60.59999847
v -68.69999695 -25.26770592 -60.90000153
v -68.69999695 -25.23077011 -61.20000076
v -69.00000000 -13.50000095 -48.29999924
v -69.00000000 -13.50000095 -48.59999847
v -69.00000000 -13.50000095 -48.90000153
v -69.00000000 -13.50000095 -49.20000076
v -69.00000000 -13.50000095 -49.50000000
v -69.00000000 -13.50000095 -49.79999924
v -68.75890350 -13.50000095 -50.09999847
v -69.00000000 -13.80000019 -48.00000000
v -69.00000000 -13.80000019 -50.09999847
v -68.95053101 -13.80000019 -50.40000153
v -69.00000000 -14.09999943 -47.70905685
v -69.00000000 -13.83579731 -50.40000153
v -69.00000000 -13.95147991 -50.70000076
v -69.00000000 -14.09999943 -51.00000000
v -68.72798920 -14.09999943 -51.29999924
v -69.00000000 -14.11089134 -47.70000076
v -69.00000000 -14.39999866 -47.40000153
v -69.00000000 -14.20876503 -51.29999924
v -69.00000000 -14.34540844 -51.59999847
v -69.00000000 -14.39999866 -51.68255615
v -69.00000000 -14.70000076 -47.40000153
v -69.00000000 -14.57217693 -51.90000153
v -69.00000000 -14.70000076 -52.02601624
v -68.70547485 -15.00000000 -47.40000153
v -69.00000000 -15.00000000 -47.70000076
v -69.00000000 -14.91493034 -52.20000076
v -69.00000000 -15.00000000 -52.25937271
v -69.00000000 -15.30000114 -47.70000076
v -69.00000000 -15.30000114 -52.43693542
v -69.00000000 -15.60000038 -47.70000076
v -69.00000000 -15.39541531 -52.50000000
v -69.00000000 -15.60000038 -52.65318680
v -69.00000000 -15.89999962 -47.73467255
v -69.00000000 -15.76533508 -52.79999924
v -69.00000000 -15.89999962 -52.95528412
v -68.96694183 -16.20000076 -47.70000076
v -69.00000000 -16.20000076 -47.71697617
v -69.00000000 -16.00163841 -53.09999847
v -69.00000000 -16.18914223 -53.40000153
v -69.00000000 -16.20000076 -53.41475296
v -68.73899841 -16.50000000 -47.40000153
v -69.00000000 -16.50000000 -47.70000076
v -69.00000000 -16.43855095 -53.70000076
v -69.00000000 -16.50000000 -53.76971817
v -69.00000000 -16.79999924 -47.40000153
v -69.00000000 -16.71274185 -54.00000000
v -69.00000000 -16.79999924 -54.09922028
v -69.00000000 -17.09999847 -47.26124191
v -69.00000000 -16.99410248 -54.29999924
v -68.79267883 -17.09999847 -54.59999847
v -69.00000000 -17.09999847 -54.41288757
v -68.85891724 -17.39999771 -47.09999847
v -69.00000000 -17.39999771 -47.16355133
v -69.00000000 -17.39999771 -54.59999847
v -68.91304016 -17.39999771 -54.90000153
v -69.00000000 -17.70000076 -47.09999847
v -69.00000000 -17.45371819 -54.90000153
v -69.00000000 -17.59484863 -55.20000076
v -69.00000000 -17.70000076 -55.37126923
v -69.00000000 -18.00000000 -46.98408890
v -69.00000000 -17.77263451 -55.50000000
v -69.00000000 -17.95266914 -55.79999924
v -69.00000000 -18.00000000 -55.87965393
v -68.86530304 -18.29999924 -46.79999924
v -69.00000000 -18.29999924 -46.87331390
v -69.00000000 -18.13168907 -56.09999847
v -69.00000000 -18.29999924 -56.40000153
v -69.00000000 -18.50819397 -46.79999924
v -69.00000000 -18.60000038 -46.76674652
v -69.00000000 -18.42846870 -56.70000076
v -69.00000000 -18.55835724 -57.00000000
v -69.00000000 -18.60000038 -57.06192780
v -69.00000000 -18.89999962 -46.65278244
v -69.00000000 -18.89999962 -57.29999924
v -68.97873688 -19.20000076 -46.50000000
v -69.00000000 -19.20000076 -46.51093674
v -69.00000000 -19.04978371 -57.59999847
v -68.96513367 -19.20000076 -57.90000153
v -69.00000000 -19.18218803 -57.90000153
v -69.00000000 -19.20000076 -57.95737076
v -68.79792786 -19.50000000 -46.20000076
v -69.00000000 -19.21881294 -46.50000000
v -69.00000000 -19.50000000 -46.29463959
v -69.00000000 -19.27219200 -58.20000076
v -69.00000000 -19.33018684 -58.50000000
v -69.00000000 -19.37945175 -58.79999924
v -68.90604401 -19.50000000 -59.09999847
v -69.00000000 -19.44432640 -59.09999847
v -69.00000000 -19.50000000 -59.40000153
v -69.00000000 -19.59192657 -46.20000076
v -69.00000000 -19.79999924 -45.95519257
v -68.85726166 -19.79999924 -59.70000076
v -69.00000000 -19.67437363 -59.70000076
v -69.00000000 -19.79999924 -60.00000000
v -69.00000000 -19.84300041 -45.90000153
v -69.00000000 -20.10000038 -45.59999847
v -68.82064056 -20.10000038 -60.29999924
v -69.00000000 -19.92662048 -60.29999924
v -68.90969086 -20.10000038 -60.59999847
v -69.00000000 -20.01883888 -60.59999847
v -69.00000000 -20.10000038 -60.90000153
v -69.00000000 -20.39999962 -45.47204208
v -68.86280823 -20.39999962 -61.20000076
v -69.00000000 -20.27005005 -61.20000076
v -69.00000000 -20.39999962 -61.50000000
v -69.00000000 -20.69999886 -45.39660263
v -68.80281067 -20.69999886 -61.50000000
v -68.90732574 -20.69999886 -61.79999924
v -69.00000000 -20.59818268 -61.79999924
v -69.00000000 -20.69999886 -62.09999847
v -69.00000000 -20.99999809 -45.34276581
v -68.78913116 -20.99999809 -61.79999924
v -68.97814178 -20.99999809 -62.09999847
v -69.00000000 -20.99999809 -62.11618805
v -68.99708557 -21.29999733 -45.29999924
v -69.00000000 -21.29999733 -45.30036163
v -68.71897888 -21.29999733 -61.79999924
v -68.91147614 -21.29999733 -62.09999847
v -69.00000000 -21.29999733 -62.15420151
v -69.00000000 -21.30315590 -45.29999924
v -69.00000000 -21.60000038 -45.26656342
v -69.00000000 -21.60000038 -62.20672607
v -69.00000000 -21.89999962 -45.23950958
v -68.75181580 -21.89999962 -61.79999924
v -68.88966370 -21.89999962 -62.09999847
v -69.00000000 -21.89999962 -62.21068954
v -69.00000000 -22.20000076 -45.21796417
v -68.72464752 -22.20000076 -61.50000000
v -68.80162811 -22.20000076 -61.79999924
v -68.92885590 -22.20000076 -62.09999847
v -69.00000000 -22.20000076 -62.24219131
v -69.00000000 -22.50000000 -45.20183945
v -68.78650665 -22.50000000 -61.79999924
v -68.88095856 -22.50000000 -62.09999847
v -68.95468140 -22.50000000 -62.40000153
v -69.00000000 -22.39055061 -62.40000153
v -69.00000000 -22.50000000 -62.70000076
v -69.00000000 -22.79999924 -45.19197845
v -68.73236084 -22.79999924 -62.09999847
v -68.77999878 -22.79999924 -62.40000153
v -68.85647583 -22.79999924 -62.70000076
v -69.00000000 -22.79999924 -63.00000000
v -68.95196533 -22.79999924 -63.29999924
v -69.00000000 -22.50000000 -63.29999924
v -69.00000000 -22.79999924 -63.59999847
v -69.00000000 -23.10000038 -45.18975449
v -68.74314880 -23.10000038 -63.00000000
v -68.80790710 -23.10000038 -63.29999924
v -68.85263062 -23.10000038 -63.59999847
v -68.89500427 -23.10000038 -63.90000153
v -69.00000000 -22.90147209 -63.90000153
v -68.92255402 -23.10000038 -64.19999695
v -69.00000000 -22.96237946 -64.19999695
v -68.93275452 -23.10000038 -64.50000000
v -69.00000000 -22.98388100 -64.50000000
v -68.93696594 -23.10000038 -64.80000305
v -69.00000000 -22.98974037 -64.80000305
v -68.95495605 -23.10000038 -65.09999847
v -69.00000000 -23.01315880 -65.09999847
v -69.00000000 -23.10000038 -65.40000153
v -69.00000000 -23.39999962 -45.19897079
v -68.76405334 -23.39999962 -63.90000153
v -68.79068756 -23.39999962 -64.19999695
v -68.79482269 -23.39999962 -64.50000000
v -68.79515076 -23.39999962 -64.80000305
v -68.81725311 -23.39999962 -65.09999847
v -68.89001465 -23.39999962 -65.40000153
v -68.98744965 -23.39999962 -65.69999695
v -69.00000000 -23.34054375 -65.69999695
v -69.00000000 -23.39999962 -65.72976685
v -69.00000000 -23.70000267 -45.22884369
v -68.69999695 -23.70000267 -64.80000305
v -68.69999695 -23.70000267 -65.09999847
v -68.83711243 -23.70000267 -65.40000153
v -68.96996307 -23.70000267 -65.69999695
v -69.00000000 -23.70000267 -65.75332642
v -69.00000000 -24.00000191 -45.29999924
v -68.70565796 -24.00000191 -64.80000305
v -68.76631927 -24.00000191 -65.09999847
v -68.87644958 -24.00000191 -65.40000153
v -69.00000000 -24.00000191 -65.69999695
v -69.00000000 -24.15034866 -45.59999847
v -69.00000000 -24.30000114 -45.90000153
v -68.71909332 -24.30000114 -63.29999924
v -68.70974731 -24.30000114 -64.50000000
v -68.78455353 -24.30000114 -64.80000305
v -68.86910248 -24.30000114 -65.09999847
v -69.00000000 -24.30000114 -65.40000153
v -69.00000000 -24.60000038 -46.17578125
v -68.79823303 -24.60000038 -63.00000000
v -68.85243225 -24.60000038 -63.29999924
v -68.82515717 -24.60000038 -63.59999847
v -68.85769653 -24.60000038 -64.50000000
v -68.94511414 -24.60000038 -64.80000305
v -69.00000000 -24.60000038 -65.09999847
v -69.00000000 -24.62458420 -46.20000076
v -69.00000000 -24.89999962 -46.50000000
v -69.00000000 -24.89999962 -52.50000000
v -69.00000000 -24.88851929 -52.79999924
v -69.00000000 -24.88601494 -53.09999847
v -69.00000000 -24.89235115 -53.40000153
v -68.95698547 -24.89999962 -53.70000076
v -69.00000000 -24.89999962 -53.55187988
v -68.83443451 -24.89999962 -54.00000000
v -68.86004639 -24.89999962 -62.70000076
v -69.00000000 -24.89999962 -63.00000000
v -69.00000000 -24.80542183 -63.29999924
v -69.00000000 -24.79870033 -63.59999847
v -69.00000000 -24.82126999 -63.90000153
v -69.00000000 -24.80737495 -64.19999695
v -69.00000000 -24.74124146 -64.50000000
v -69.00000000 -24.66178513 -64.80000305
v -69.00000000 -25.03929710 -46.79999924
v -69.00000000 -25.15389061 -47.09999847
v -69.00000000 -25.20000076 -47.26730347
v -68.70703125 -25.20000076 -49.20000076
v -68.86710358 -25.20000076 -49.50000000
v -69.00000000 -25.20000076 -49.79999924
v -69.00000000 -25.14866066 -50.09999847
v -69.00000000 -25.10662460 -50.40000153
v -69.00000000 -25.07558060 -50.70000076
v -69.00000000 -25.05257034 -51.00000000
v -69.00000000 -25.03145981 -51.29999924
v -69.00000000 -25.00724411 -51.59999847
v -69.00000000 -24.97701263 -51.90000153
v -69.00000000 -24.94032097 -52.20000076
v -69.00000000 -24.90750694 -53.70000076
v -69.00000000 -24.93045616 -54.00000000
v -69.00000000 -24.96031761 -54.29999924
v -69.00000000 -24.99742317 -54.59999847
v -69.00000000 -25.04245567 -54.90000153
v -69.00000000 -25.09443474 -55.20000076
v -69.00000000 -25.15030289 -55.50000000
v -68.97216797 -25.20000076 -55.79999924
v -69.00000000 -25.20000076 -55.76991653
v -68.71772766 -25.20000076 -56.09999847
v -68.71535492 -25.20000076 -61.50000000
v -68.80468750 -25.20000076 -61.79999924
v -68.90930176 -25.20000076 -62.09999847
v -69.00000000 -25.20000076 -62.40000153
v -69.00000000 -25.02889633 -62.70000076
v -69.00000000 -25.23430824 -47.40000153
v -69.00000000 -25.27969170 -47.70000076
v -69.00000000 -25.30191231 -48.00000000
v -69.00000000 -25.30708122 -48.29999924
v -69.00000000 -25.29920959 -48.59999847
v -69.00000000 -25.28147888 -48.90000153
v -69.00000000 -25.25684547 -49.20000076
v -69.00000000 -25.22869301 -49.50000000
v -69.00000000 -25.20556068 -55.79999924
v -69.00000000 -25.25624275 -56.09999847
v -69.00000000 -25.30086708 -56.40000153
v -69.00000000 -25.33979988 -56.70000076
v -69.00000000 -25.37379456 -57.00000000
v -69.00000000 -25.40400887 -57.29999924
v -69.00000000 -25.43075371 -57.59999847
v -69.00000000 -25.45265198 -57.90000153
v -69.00000000 -25.46896553 -58.20000076
v -69.00000000 -25.48033524 -58.50000000
v -69.00000000 -25.48747444 -58.79999924
v -69.00000000 -25.49177361 -59.09999847
v -69.00000000 -25.49531174 -59.40000153
v -69.00000000 -25.50000000 -59.70000076
v -69.00000000 -25.50000000 -60.00000000
v -69.00000000 -25.46164513 -60.29999924
v -69.00000000 -25.42894745 -60.59999847
v -69.00000000 -25.40159988 -60.90000153
v -69.00000000 -25.37258148 -61.20000076
v -69.00000000 -25.33366585 -61.50000000
v -69.00000000 -25.29008675 -61.79999924
v -69.00000000 -25.24503326 -62.09999847
v -69.29586792 -13.80000019 -48.29999924
v -69.30000305 -13.80000019 -48.59999847
v -69.30000305 -13.80000019 -48.90000153
v -69.30000305 -13.80000019 -49.20000076
v -69.30000305 -13.80000019 -49.50000000
v -69.28414154 -13.80000019 -49.79999924
v -69.30000305 -13.94655132 -48.00000000
v -69.30000305 -14.09999943 -47.78771591
v -69.30000305 -13.80294514 -48.29999924
v -69.30000305 -13.80983067 -49.79999924
v -69.30000305 -13.89840889 -50.09999847
v -69.30000305 -13.99083042 -50.40000153
v -69.30000305 -14.09999943 -50.70000076
v -69.30000305 -14.20521069 -47.70000076
v -69.30000305 -14.39999866 -47.40000153
v -69.30000305 -14.22998428 -51.00000000
v -69.30000305 -14.32009220 -51.29999924
v -69.30000305 -14.39999866 -51.59999847
v -69.30000305 -14.70000076 -47.70000076
v -69.30000305 -14.63729095 -51.90000153
v -69.30000305 -14.70000076 -51.96192932
v -69.30000305 -15.00000000 -47.76116943
v -69.30000305 -15.00000000 -52.20000076
v -69.30000305 -15.30000114 -47.79104233
v -69.30000305 -15.30000114 -52.35188675
v -69.30000305 -15.60000038 -47.79644394
v -69.30000305 -15.50857067 -52.50000000
v -69.30000305 -15.60000038 -52.56951141
v -69.30000305 -15.89999962 -47.80017090
v -69.30000305 -15.89999962 -52.79999924
v -69.30000305 -16.20000076 -47.80136108
v -69.30000305 -16.07711029 -53.09999847
v -69.30000305 -16.20000076 -53.40000153
v -69.30000305 -16.50000000 -47.77432251
v -69.27815247 -16.50000000 -53.70000076
v -69.30000305 -16.50000000 -53.69448853
v -69.30000305 -16.79999924 -47.70000076
v -69.30000305 -16.50502396 -53.70000076
v -69.30000305 -16.79999924 -54.00000000
v -69.30000305 -17.05391121 -47.40000153
v -69.30000305 -17.09999847 -47.36980820
v -69.30000305 -17.08473396 -54.29999924
v -69.30000305 -17.09999847 -54.31475067
v -69.30000305 -17.39999771 -47.26766586
v -69.30000305 -17.39999771 -54.59999847
v -69.30000305 -17.70000076 -47.19670486
v -69.30000305 -17.53519440 -54.90000153
v -69.30000305 -17.65704155 -55.20000076
v -69.30000305 -17.70000076 -55.29189301
v -69.28382111 -18.00000000 -47.09999847
v -69.30000305 -18.00000000 -47.10631943
v -69.30000305 -17.79516602 -55.50000000
v -69.30000305 -17.94383049 -55.79999924
v -69.30000305 -18.00000000 -55.91197968
v -69.30000305 -18.01847458 -47.09999847
v -69.30000305 -18.29999924 -47.00368118
v -69.30000305 -18.09354401 -56.09999847
v -69.30000305 -18.23314476 -56.40000153
v -69.30000305 -18.29999924 -56.55974960
v -69.07070160 -18.60000038 -46.79999924
v -69.30000305 -18.60000038 -46.89982605
v -69.30000305 -18.36013603 -56.70000076
v -69.30000305 -18.48705864 -57.00000000
v -69.30000305 -18.60000038 -57.29999924
v -69.30000305 -18.89999962 -46.79999924
v -69.30000305 -18.89999962 -57.56290817
v -69.30000305 -19.20000076 -46.64230347
v -69.30000305 -18.92633247 -57.59999847
v -69.30000305 -19.07074928 -57.90000153
v -69.17475128 -19.20000076 -58.20000076
v -69.30000305 -19.15311623 -58.20000076
v -69.30000305 -19.20000076 -58.50000000
v -69.30000305 -19.50000000 -46.50000000
v -69.30000305 -19.26784515 -58.79999924
v -69.30000305 -19.33116341 -59.09999847
v -69.30000305 -19.40231514 -59.40000153
v -69.30000305 -19.50000000 -59.70000076
v -69.30000305 -19.71112251 -46.20000076
v -69.30000305 -19.79999924 -46.07683945
v -69.30000305 -19.62849998 -60.00000000
v -69.17679596 -19.79999924 -60.29999924
v -69.30000305 -19.72866821 -60.29999924
v -69.30000305 -19.79999924 -60.59999847
v -69.30000305 -19.92387009 -45.90000153
v -69.30000305 -20.10000038 -45.59999847
v -69.30000305 -19.93471909 -60.90000153
v -69.28984833 -20.10000038 -61.20000076
v -69.30000305 -20.09514618 -61.20000076
v -69.30000305 -20.10000038 -61.20840836
v -69.30000305 -20.39999962 -45.51317215
v -69.30000305 -20.26862144 -61.50000000
v -69.30000305 -20.39999962 -61.72024918
v -69.30000305 -20.69999886 -45.44643784
v -69.30000305 -20.45194054 -61.79999924
v -69.30000305 -20.69999886 -62.09999847
v -69.30000305 -20.99999809 -45.38899231
v -69.30000305 -20.99999809 -62.20053101
v -69.30000305 -21.29999733 -45.34209442
v -69.30000305 -21.29999733 -62.23197937
v -69.28614044 -21.60000038 -45.29999924
v -69.30000305 -21.60000038 -45.30165100
v -69.30000305 -21.60000038 -62.27418518
v -69.30000305 -21.61276054 -45.29999924
v -69.30000305 -21.89999962 -45.26334763
v -69.30000305 -21.89999962 -62.40000153
v -69.30000305 -22.20000076 -45.22780228
v -69.11408997 -22.20000076 -62.40000153
v -69.30000305 -22.20000076 -62.70000076
v -69.30000305 -22.50000000 -45.19701385
v -69.09461212 -22.50000000 -63.00000000
v -69.30000305 -22.31814384 -63.00000000
v -69.30000305 -22.30796051 -63.29999924
v -69.14178467 -22.50000000 -63.59999847
v -69.30000305 -22.20000076 -63.59999847
v -69.24849701 -22.50000000 -63.90000153
v -69.30000305 -22.44177818 -63.90000153
v -69.30000305 -22.50000000 -64.19999695
v -69.29224396 -22.50000000 -64.80000305
v -69.30000305 -22.49015045 -64.80000305
v -69.30000305 -22.50000000 -64.50000000
v -69.27763367 -22.50000000 -65.09999847
v -69.30000305 -22.47137833 -65.09999847
v -69.26144409 -22.50000000 -65.40000153
v -69.30000305 -22.44985771 -65.40000153
v -69.25569916 -22.50000000 -65.69999695
v -69.30000305 -22.44027519 -65.69999695
v -69.30000305 -22.50000000 -66.00000000
v -69.30000305 -22.79999924 -45.17478561
v -69.05649567 -22.79999924 -63.90000153
v -69.09195709 -22.79999924 -64.19999695
v -69.10361481 -22.79999924 -64.50000000
v -69.10345459 -22.79999924 -64.80000305
v -69.10253143 -22.79999924 -65.09999847
v -69.10784912 -22.79999924 -65.40000153
v -69.13096619 -22.79999924 -65.69999695
v -69.22238922 -22.79999924 -66.00000000
v -69.30000305 -22.79999924 -66.10090637
v -69.30000305 -23.10000038 -45.16386032
v -69.04920197 -23.10000038 -65.69999695
v -69.14620972 -23.10000038 -66.00000000
v -69.30000305 -23.10000038 -66.30000305
v -69.30000305 -23.39999962 -45.16802216
v -69.11992645 -23.39999962 -66.00000000
v -69.30000305 -23.39999962 -66.30000305
v -69.30000305 -23.70000267 -45.20025253
v -69.15336609 -23.70000267 -66.00000000
v -69.30000305 -23.70000267 -66.17917633
v -69.30000305 -24.00000191 -45.29999924
v -69.23362732 -24.00000191 -66.00000000
v -69.30000305 -24.00000191 -66.07283783
v -69.30000305 -24.23845863 -45.59999847
v -69.30000305 -24.30000114 -45.90000153
v -69.14158630 -24.30000114 -65.69999695
v -69.30000305 -24.15175247 -66.00000000
v -69.30000305 -24.30000114 -65.91571808
v -69.30000305 -24.60000038 -46.08329391
v -69.17868042 -24.60000038 -65.40000153
v -69.30000305 -24.60000038 -65.69999695
v -69.30000305 -24.70206070 -46.20000076
v -69.30000305 -24.89999962 -46.45080185
v -69.06783295 -24.89999962 -52.79999924
v -69.08262634 -24.89999962 -53.09999847
v -69.04331207 -24.89999962 -53.40000153
v -69.08979797 -24.89999962 -63.29999924
v -69.11405182 -24.89999962 -63.59999847
v -69.11117554 -24.89999962 -63.90000153
v -69.13645172 -24.89999962 -64.19999695
v -69.20164490 -24.89999962 -64.50000000
v -69.28264618 -24.89999962 -64.80000305
v -69.30000305 -24.82843399 -65.09999847
v -69.30000305 -24.89999962 -64.84757233
v -69.30000305 -24.71277237 -65.40000153
v -69.30000305 -24.93033218 -46.50000000
v -69.30000305 -25.08241081 -46.79999924
v -69.30000305 -25.20000076 -47.09999847
v -69.29253387 -25.20000076 -50.09999847
v -69.30000305 -25.16029167 -50.40000153
v -69.30000305 -25.20000076 -50.10932541
v -69.30000305 -25.13315582 -50.70000076
v -69.30000305 -25.11173058 -51.00000000
v -69.30000305 -25.08798790 -51.29999924
v -69.30000305 -25.05877495 -51.59999847
v -69.30000305 -25.02433395 -51.90000153
v -69.30000305 -24.98777771 -52.20000076
v -69.30000305 -24.95616722 -52.50000000
v -69.30000305 -24.93982506 -52.79999924
v -69.30000305 -24.93695068 -53.09999847
v -69.30000305 -24.94527817 -53.40000153
v -69.30000305 -24.96325111 -53.70000076
v -69.30000305 -24.98995590 -54.00000000
v -69.30000305 -25.02487183 -54.29999924
v -69.30000305 -25.06641388 -54.59999847
v -69.30000305 -25.11285782 -54.90000153
v -69.30000305 -25.16251755 -55.20000076
v -69.23320770 -25.20000076 -55.50000000
v -69.30000305 -25.20000076 -55.41727829
v -69.26334381 -25.20000076 -62.70000076
v -69.30000305 -25.12714386 -63.00000000
v -69.30000305 -25.20000076 -62.76687241
v -69.30000305 -25.06222534 -63.29999924
v -69.30000305 -25.02876282 -63.59999847
v -69.30000305 -25.01103401 -63.90000153
v -69.30000305 -24.99232292 -64.19999695
v -69.30000305 -24.96139908 -64.50000000
v -69.30000305 -24.91180992 -64.80000305
v -69.30000305 -25.26945686 -47.40000153
v -69.30000305 -25.31335068 -47.70000076
v -69.30000305 -25.33636284 -48.00000000
v -69.30000305 -25.34301376 -48.29999924
v -69.30000305 -25.33757782 -48.59999847
v -69.30000305 -25.32346153 -48.90000153
v -69.30000305 -25.30286026 -49.20000076
v -69.30000305 -25.27680397 -49.50000000
v -69.30000305 -25.24423409 -49.79999924
v -69.30000305 -25.20131111 -50.09999847
v -69.30000305 -25.21424866 -55.50000000
v -69.30000305 -25.26483727 -55.79999924
v -69.30000305 -25.31286621 -56.09999847
v -69.30000305 -25.35810471 -56.40000153
v -69.30000305 -25.40003586 -56.70000076
v -69.30000305 -25.43814278 -57.00000000
v -69.30000305 -25.47179222 -57.29999924
v -69.30000305 -25.50000000 -57.59999847
v -69.21075439 -25.50000000 -57.90000153
v -69.14249420 -25.50000000 -58.20000076
v -69.09151459 -25.50000000 -58.50000000
v -69.05661011 -25.50000000 -58.79999924
v -69.03461456 -25.50000000 -59.09999847
v -69.01814270 -25.50000000 -59.40000153
v -69.11877441 -25.50000000 -60.29999924
v -69.20212555 -25.50000000 -60.59999847
v -69.25962830 -25.50000000 -60.90000153
v -69.30000305 -25.50000000 -61.20000076
v -69.30000305 -25.45234489 -61.50000000
v -69.30000305 -25.40634537 -61.79999924
v -69.30000305 -25.35945702 -62.09999847
v -69.30000305 -25.30224800 -62.40000153
v -69.30000305 -25.21861076 -62.70000076
v -69.30000305 -25.52002144 -57.90000153
v -69.30000305 -25.53410530 -58.20000076
v -69.30000305 -25.54441833 -58.50000000
v -69.30000305 -25.55320168 -58.79999924
v -69.30000305 -25.56192017 -59.09999847
v -69.30000305 -25.57046700 -59.40000153
v -69.30000305 -25.57617378 -59.70000076
v -69.30000305 -25.57297707 -60.00000000
v -69.30000305 -25.55507088 -60.29999924
v -69.30000305 -25.53304100 -60.59999847
v -69.30000305 -25.51458359 -60.90000153
v -69.59999847 -14.04164219 -48.00000000
v -69.59999847 -14.09999943 -47.92089462
v -69.59999847 -13.92241764 -48.29999924
v -69.59999847 -13.89806461 -48.59999847
v -69.59999847 -13.89914322 -48.90000153
v -69.59999847 -13.90436745 -49.20000076
v -69.59999847 -13.91421986 -49.50000000
v -69.59999847 -13.94371891 -49.79999924
v -69.59999847 -14.01518345 -50.09999847
v -69.54049683 -14.09999943 -50.40000153
v -69.59999847 -14.09999943 -50.33072662
v -69.53234863 -14.39999866 -47.70000076
v -69.59999847 -14.39999866 -47.73112869
v -69.59999847 -14.12600899 -50.40000153
v -69.59999847 -14.25862312 -50.70000076
v -69.59999847 -14.39999866 -51.00000000
v -69.49684143 -14.39999866 -51.29999924
v -69.59999847 -14.70000076 -47.74676514
v -69.59999847 -14.44148636 -51.29999924
v -69.59999847 -14.53108311 -51.59999847
v -69.59999847 -14.70000076 -51.90000153
v -69.59999847 -15.00000000 -47.79368210
v -69.59999847 -15.00000000 -52.07965851
v -69.59999847 -15.30000114 -47.82692719
v -69.59999847 -15.30000114 -52.20000076
v -69.59999847 -15.60000038 -47.84149933
v -69.59999847 -15.60000038 -52.50000000
v -69.59999847 -15.89999962 -47.84528351
v -69.59999847 -15.89999962 -52.76928711
v -69.59999847 -16.20000076 -47.83988571
v -69.59999847 -15.92981434 -52.79999924
v -69.59999847 -16.20000076 -53.09999847
v -69.59999847 -16.50000000 -47.80677414
v -69.59999847 -16.34579849 -53.40000153
v -69.59999847 -16.50000000 -53.60666275
v -69.59999847 -16.79999924 -47.71749496
v -69.59999847 -16.57329941 -53.70000076
v -69.59999847 -16.79999924 -53.96070480
v -69.59999847 -17.09999847 -47.40000153
v -69.59999847 -16.83332825 -47.70000076
v -69.59999847 -16.83386040 -54.00000000
v -69.59999847 -17.09999847 -54.29999924
v -69.59999847 -17.39999771 -47.38545990
v -69.59999847 -17.39999771 -54.59999847
v -69.59999847 -17.70000076 -47.30476761
v -69.59999847 -17.55611610 -54.90000153
v -69.59999847 -17.68457985 -55.20000076
v -69.59999847 -17.70000076 -55.23649597
v -69.59999847 -18.00000000 -47.19798660
v -69.59999847 -17.80918312 -55.50000000
v -69.59999847 -17.93973732 -55.79999924
v -69.59999847 -18.00000000 -55.93619919
v -69.59999847 -18.29999924 -47.09999847
v -69.59999847 -18.07180405 -56.09999847
v -69.59999847 -18.19746780 -56.40000153
v -69.59999847 -18.29999924 -56.65308762
v -69.59999847 -18.60000038 -46.98702621
v -69.59999847 -18.31973648 -56.70000076
v -69.59999847 -18.45015907 -57.00000000
v -69.59999847 -18.60000038 -57.29999924
v -69.59999847 -18.89999962 -46.87326813
v -69.59999847 -18.89999962 -57.59999847
v -69.59999847 -19.05829430 -46.79999924
v -69.59999847 -19.20000076 -46.72275162
v -69.59999847 -19.01815033 -57.90000153
v -69.59999847 -19.09022713 -58.20000076
v -69.59999847 -19.14129639 -58.50000000
v -69.56806946 -19.20000076 -58.79999924
v -69.59999847 -19.19255257 -58.79999924
v -69.59999847 -19.20000076 -58.83832932
v -69.59999847 -19.50000000 -46.50000000
v -69.59999847 -19.25317192 -59.09999847
v -69.59999847 -19.33203697 -59.40000153
v -69.59999847 -19.42462349 -59.70000076
v -69.59999847 -19.50000000 -59.91927719
v -69.57051849 -19.79999924 -46.20000076
v -69.59999847 -19.79999924 -46.21059036
v -69.59999847 -19.52934647 -60.00000000
v -69.59999847 -19.63158226 -60.29999924
v -69.59999847 -19.71929550 -60.59999847
v -69.59999847 -19.79999924 -60.90000153
v -69.59999847 -20.10000038 -45.90000153
v -69.59999847 -19.81096077 -46.20000076
v -69.59999847 -20.01761055 -61.20000076
v -69.59999847 -20.10000038 -61.32917023
v -69.59999847 -20.39999962 -45.59999847
v -69.59999847 -20.20711517 -61.50000000
v -69.59999847 -20.39999962 -61.79999924
v -69.59999847 -20.69999886 -45.50764847
v -69.59999847 -20.69608307 -62.09999847
v -69.59999847 -20.69999886 -62.10287094
v -69.59999847 -20.99999809 -45.43883514
v -69.59999847 -20.99999809 -62.20795059
v -69.59999847 -21.29999733 -45.39346695
v -69.59999847 -21.29999733 -62.21383286
v -69.59999847 -21.60000038 -45.35121536
v -69.59999847 -21.60000038 -62.22601700
v -69.59999847 -21.89999962 -45.29999924
v -69.59999847 -21.89999962 -62.40000153
v -69.59999847 -22.20000076 -45.25032425
v -69.59999847 -22.09092331 -62.70000076
v -69.59999847 -22.20000076 -63.00000000
v -69.58898926 -22.20000076 -65.40000153
v -69.59999847 -22.19313812 -65.40000153
v -69.59999847 -22.20000076 -65.09999847
v -69.58130646 -22.20000076 -65.69999695
v -69.59999847 -22.18896484 -65.69999695
v -69.59999847 -22.20000076 -66.00000000
v -69.59999847 -22.50000000 -45.20428848
v -69.59999847 -22.22866631 -63.29999924
v -69.59999847 -22.24467468 -63.59999847
v -69.59999847 -22.30381203 -63.90000153
v -69.59999847 -22.30590820 -64.19999695
v -69.59999847 -22.20000076 -64.50000000
v -69.59999847 -22.20000076 -64.80000305
v -69.59999847 -22.50000000 -66.12050629
v -69.59999847 -22.79999924 -45.17053986
v -69.59999847 -22.79999924 -66.23001099
v -69.59999847 -23.10000038 -45.15384674
v -69.59999847 -22.98558617 -66.30000305
v -69.59999847 -23.10000038 -66.33894348
v -69.59999847 -23.39999962 -45.15848541
v -69.59999847 -23.39999962 -66.40882874
v -69.59999847 -23.70000267 -45.19519424
v -69.43412018 -23.70000267 -66.30000305
v -69.59999847 -23.70000267 -66.41603851
v -69.59999847 -24.00000191 -45.28493881
v -69.54044342 -24.00000191 -66.30000305
v -69.59999847 -24.00000191 -66.34757996
v -69.59999847 -24.03368950 -45.29999924
v -69.39556885 -24.30000114 -45.59999847
v -69.59999847 -24.30000114 -45.45645905
v -69.37363434 -24.30000114 -66.00000000
v -69.59999847 -24.12402916 -66.30000305
v -69.59999847 -24.30000114 -66.21977997
v -69.59999847 -24.60000038 -45.59999847
v -69.50307465 -24.60000038 -45.90000153
v -69.59999847 -24.60000038 -66.00000000
v -69.59999847 -24.66526985 -45.90000153
v -69.59999847 -24.81266785 -46.20000076
v -69.59999847 -24.89999962 -46.34451294
v -69.40418243 -24.89999962 -65.09999847
v -69.59999847 -24.89999962 -65.40000153
v -69.59999847 -24.78108025 -65.69999695
v -69.59999847 -24.98366737 -46.50000000
v -69.59999847 -25.13365936 -46.79999924
v -69.59999847 -25.20000076 -46.98664474
v -69.59999847 -25.20000076 -50.40000153
v -69.59999847 -25.18634987 -50.70000076
v -69.59999847 -25.16919899 -51.00000000
v -69.59999847 -25.14451027 -51.29999924
v -69.59999847 -25.11003304 -51.59999847
v -69.59999847 -25.07207298 -51.90000153
v -69.59999847 -25.03662109 -52.20000076
v -69.59999847 -25.00923157 -52.50000000
v -69.59999847 -24.99380684 -52.79999924
v -69.59999847 -24.99183846 -53.09999847
v -69.59999847 -25.00211143 -53.40000153
v -69.59999847 -25.02255821 -53.70000076
v -69.59999847 -25.05201721 -54.00000000
v -69.59999847 -25.09020996 -54.29999924
v -69.59999847 -25.13484001 -54.59999847
v -69.59999847 -25.18164825 -54.90000153
v -69.46708679 -25.20000076 -55.20000076
v -69.59999847 -25.20000076 -55.01406860
v -69.43067932 -25.20000076 -63.00000000
v -69.53688049 -25.20000076 -63.29999924
v -69.59999847 -25.20000076 -63.59999847
v -69.59999847 -25.16861725 -63.90000153
v -69.59999847 -25.14525986 -64.19999695
v -69.59999847 -25.12153816 -64.50000000
v -69.59999847 -25.08641052 -64.80000305
v -69.59999847 -25.02015686 -65.09999847
v -69.59999847 -25.23594284 -47.09999847
v -69.59999847 -25.29851151 -47.40000153
v -69.59999847 -25.33723640 -47.70000076
v -69.59999847 -25.35810089 -48.00000000
v -69.59999847 -25.36520195 -48.29999924
v -69.59999847 -25.36224556 -48.59999847
v -69.59999847 -25.35202599 -48.90000153
v -69.59999847 -25.33583450 -49.20000076
v -69.59999847 -25.31345940 -49.50000000
v -69.59999847 -25.28380394 -49.79999924
v -69.59999847 -25.24566460 -50.09999847
v -69.59999847 -25.22955894 -55.20000076
v -69.59999847 -25.27659988 -55.50000000
v -69.59999847 -25.32231712 -55.79999924
v -69.59999847 -25.36722565 -56.09999847
v -69.59999847 -25.41183281 -56.40000153
v -69.59999847 -25.45569229 -56.70000076
v -69.59999847 -25.49707222 -57.00000000
v -69.43839264 -25.50000000 -57.29999924
v -69.59999847 -25.50000000 -57.02439117
v -69.45637512 -25.50000000 -61.50000000
v -69.59999847 -25.50000000 -61.79999924
v -69.59999847 -25.45662689 -62.09999847
v -69.59999847 -25.40486145 -62.40000153
v -69.59999847 -25.34173584 -62.70000076
v -69.59999847 -25.28018188 -63.00000000
v -69.59999847 -25.23169518 -63.29999924
v -69.59999847 -25.53273964 -57.29999924
v -69.59999847 -25.56022453 -57.59999847
v -69.59999847 -25.57963181 -57.90000153
v -69.59999847 -25.59356689 -58.20000076
v -69.59999847 -25.60496712 -58.50000000
v -69.59999847 -25.61620331 -58.79999924
v -69.59999847 -25.62799263 -59.09999847
v -69.59999847 -25.63866997 -59.40000153
v -69.59999847 -25.64431953 -59.70000076
v -69.59999847 -25.64152718 -60.00000000
v -69.59999847 -25.63076401 -60.29999924
v -69.59999847 -25.61510658 -60.59999847
v -69.59999847 -25.59743118 -60.90000153
v -69.59999847 -25.57540512 -61.20000076
v -69.59999847 -25.54124451 -61.50000000
v -69.90000153 -14.08764744 -48.00000000
v -69.90000153 -14.09999943 -47.98510361
v -69.90000153 -13.97220421 -48.29999924
v -69.90000153 -13.95222759 -48.59999847
v -69.90000153 -13.96327972 -48.90000153
v -69.90000153 -13.97954941 -49.20000076
v -69.90000153 -13.99805355 -49.50000000
v -69.90000153 -14.03425694 -49.79999924
v -69.84089661 -14.09999943 -50.09999847
v -69.90000153 -14.09999943 -50.03415680
v -69.90000153 -14.39999866 -47.81747437
v -69.90000153 -14.12018681 -50.09999847
v -69.90000153 -14.24629498 -50.40000153
v -69.90000153 -14.39999866 -50.70000076
v -69.90000153 -14.70000076 -47.79031372
v -69.90000153 -14.46887302 -51.00000000
v -69.90000153 -14.53156376 -51.29999924
v -69.90000153 -14.63205624 -51.59999847
v -69.90000153 -14.70000076 -51.70715714
v -69.90000153 -15.00000000 -47.81286621
v -69.90000153 -14.87903786 -51.90000153
v -69.90000153 -15.00000000 -51.98860550
v -69.90000153 -15.30000114 -47.84143829
v -69.90000153 -15.30000114 -52.16803741
v -69.90000153 -15.60000038 -47.85980988
v -69.90000153 -15.34244537 -52.20000076
v -69.90000153 -15.60000038 -52.42153931
v -69.90000153 -15.89999962 -47.86538315
v -69.90000153 -15.68078232 -52.50000000
v -69.90000153 -15.89999962 -52.72266769
v -69.90000153 -16.20000076 -47.85740662
v -69.90000153 -15.96998501 -52.79999924
v -69.90000153 -16.20000076 -53.07505035
v -69.90000153 -16.50000000 -47.82937241
v -69.90000153 -16.21832275 -53.09999847
v -69.90000153 -16.41284752 -53.40000153
v -69.90000153 -16.50000000 -53.52723694
v -69.90000153 -16.79999924 -47.77563858
v -69.90000153 -16.62300110 -53.70000076
v -69.90000153 -16.79999924 -53.93004608
v -69.86208344 -17.09999847 -47.70000076
v -69.90000153 -17.09999847 -47.71942139
v -69.90000153 -16.85495567 -54.00000000
v -69.90000153 -17.09999847 -54.29999924
v -69.62505341 -17.39999771 -47.40000153
v -69.90000153 -17.39999771 -47.70000076
v -69.90000153 -17.39999771 -54.59999847
v -69.90000153 -17.69070816 -47.40000153
v -69.90000153 -17.70000076 -47.39466476
v -69.90000153 -17.55817032 -54.90000153
v -69.90000153 -17.69334793 -55.20000076
v -69.90000153 -17.70000076 -55.21558380
v -69.90000153 -18.00000000 -47.25157166
v -69.90000153 -17.81820107 -55.50000000
v -69.90000153 -17.94490242 -55.79999924
v -69.90000153 -18.00000000 -55.92995071
v -69.90000153 -18.29999924 -47.14431000
v -69.90000153 -18.07184219 -56.09999847
v -69.90000153 -18.19268608 -56.40000153
v -69.90000153 -18.29999924 -56.67351151
v -69.90000153 -18.42467690 -47.09999847
v -69.90000153 -18.60000038 -47.03705978
v -69.90000153 -18.31076431 -56.70000076
v -69.90000153 -18.44053650 -57.00000000
v -69.90000153 -18.60000038 -57.29999924
v -69.90000153 -18.89999962 -46.92279434
v -69.90000153 -18.89999962 -57.59999847
v -69.90000153 -19.20000076 -46.79999924
v -69.90000153 -19.00100327 -57.90000153
v -69.90000153 -19.06369400 -58.20000076
v -69.90000153 -19.11157990 -58.50000000
v -69.90000153 -19.15413857 -58.79999924
v -69.90000153 -19.20000076 -59.09999847
v -69.90000153 -19.50000000 -46.54677963
v -69.90000153 -19.29374504 -59.40000153
v -69.90000153 -19.39061546 -59.70000076
v -69.82041931 -19.50000000 -60.00000000
v -69.90000153 -19.48997116 -60.00000000
v -69.90000153 -19.50000000 -60.02890778
v -69.90000153 -19.55684662 -46.50000000
v -69.90000153 -19.79999924 -46.29410172
v -69.90000153 -19.59671211 -60.29999924
v -69.90000153 -19.70794678 -60.59999847
v -69.90000153 -19.79999924 -60.81799698
v -69.90000153 -19.92246437 -46.20000076
v -69.90000153 -20.10000038 -46.06371307
v -69.90000153 -19.83811760 -60.90000153
v -69.90000153 -20.01642418 -61.20000076
v -69.90000153 -20.10000038 -61.33324814
v -69.90000153 -20.39999962 -45.90000153
v -69.90000153 -20.20674515 -61.50000000
v -69.90000153 -20.39999962 -61.79808044
v -69.90000153 -20.65217018 -45.59999847
v -69.90000153 -20.69999886 -45.57226944
v -69.90000153 -20.40139008 -61.79999924
v -69.90000153 -20.67900085 -62.09999847
v -69.90000153 -20.69999886 -62.11575317
v -69.90000153 -20.99999809 -45.49735260
v -69.90000153 -20.99999809 -62.19161224
v -69.90000153 -21.29999733 -45.46765137
v -69.90000153 -21.29999733 -62.14975357
v -69.90000153 -21.60000038 -45.42268372
v -69.90000153 -21.60000038 -61.79999924
v -69.83374023 -21.60000038 -62.09999847
v -69.90000153 -21.48585510 -62.09999847
v -69.90000153 -21.89999962 -45.35316849
v -69.90000153 -21.65445328 -62.09999847
v -69.90000153 -21.89999962 -62.38278580
v -69.90000153 -22.11289978 -45.29999924
v -69.90000153 -22.20000076 -45.27922821
v -69.90000153 -21.90833092 -62.40000153
v -69.90000153 -22.03842735 -62.70000076
v -69.90000153 -22.12164688 -63.00000000
v -69.80255890 -22.20000076 -63.29999924
v -69.90000153 -22.18790817 -63.29999924
v -69.90000153 -22.20000076 -63.36383057
v -69.90000153 -22.14871597 -65.09999847
v -69.90000153 -22.20000076 -64.80000305
v -69.90000153 -22.11445999 -65.40000153
v -69.90000153 -22.14931297 -65.69999695
v -69.90000153 -22.20000076 -65.81754303
v -69.90000153 -22.50000000 -45.21659851
v -69.90000153 -22.24054718 -63.59999847
v -69.90000153 -22.25939751 -63.90000153
v -69.90000153 -22.24356079 -64.19999695
v -69.90000153 -22.20620155 -64.50000000
v -69.90000153 -22.34387779 -66.00000000
v -69.90000153 -22.50000000 -66.09605408
v -69.90000153 -22.79999924 -45.17337036
v -69.90000153 -22.79999924 -66.21172333
v -69.90000153 -23.10000038 -45.15313339
v -69.90000153 -23.10000038 -66.30000305
v -69.90000153 -23.39999962 -45.15789795
v -69.90000153 -23.39999962 -66.47776794
v -69.90000153 -23.70000267 -45.19052505
v -69.90000153 -23.70000267 -66.59999847
v -69.90000153 -24.00000191 -45.25452805
v -69.90000153 -24.00000191 -66.52091980
v -69.90000153 -24.13895988 -45.29999924
v -69.90000153 -24.30000114 -45.36286545
v -69.70392609 -24.30000114 -66.30000305
v -69.90000153 -24.30000114 -66.41635132
v -69.90000153 -24.60000038 -45.56487274
v -69.90000153 -24.60000038 -66.30000305
v -69.90000153 -24.62978935 -45.59999847
v -69.90000153 -24.76938248 -45.90000153
v -69.90000153 -24.88312721 -46.20000076
v -69.90000153 -24.89999962 -46.23235703
v -69.82534790 -24.89999962 -65.69999695
v -69.90000153 -24.77768707 -66.00000000
v -69.90000153 -24.89999962 -65.77266693
v -69.90000153 -25.04489708 -46.50000000
v -69.90000153 -25.20000076 -46.79999924
v -69.67491150 -25.20000076 -50.70000076
v -69.77433014 -25.20000076 -51.00000000
v -69.90000153 -25.20000076 -51.29999924
v -69.90000153 -25.15826225 -51.59999847
v -69.90000153 -25.11759186 -51.90000153
v -69.90000153 -25.08320045 -52.20000076
v -69.90000153 -25.05920601 -52.50000000
v -69.90000153 -25.04784393 -52.79999924
v -69.90000153 -25.04933929 -53.09999847
v -69.90000153 -25.06213760 -53.40000153
v -69.90000153 -25.08390236 -53.70000076
v -69.90000153 -25.11315727 -54.00000000
v -69.90000153 -25.15064621 -54.29999924
v -69.90000153 -25.20000076 -54.59999847
v -69.68509674 -25.20000076 -54.90000153
v -69.66918945 -25.20000076 -63.90000153
v -69.72215271 -25.20000076 -64.19999695
v -69.77298737 -25.20000076 -64.50000000
v -69.83079529 -25.20000076 -64.80000305
v -69.90000153 -25.20000076 -65.09999847
v -69.90000153 -25.06794167 -65.40000153
v -69.90000153 -24.93557549 -65.69999695
v -69.90000153 -25.26885605 -47.09999847
v -69.90000153 -25.31686401 -47.40000153
v -69.90000153 -25.34825134 -47.70000076
v -69.90000153 -25.36583900 -48.00000000
v -69.90000153 -25.37286568 -48.29999924
v -69.90000153 -25.37236023 -48.59999847
v -69.90000153 -25.36642456 -48.90000153
v -69.90000153 -25.35573578 -49.20000076
v -69.90000153 -25.33978653 -49.50000000
v -69.90000153 -25.31790733 -49.79999924
v -69.90000153 -25.29076767 -50.09999847
v -69.90000153 -25.26230240 -50.40000153
v -69.90000153 -25.24136543 -50.70000076
v -69.90000153 -25.22212029 -51.00000000
v -69.90000153 -25.24544716 -54.90000153
v -69.90000153 -25.29082680 -55.20000076
v -69.90000153 -25.33458138 -55.50000000
v -69.90000153 -25.37670326 -55.79999924
v -69.90000153 -25.41805267 -56.09999847
v -69.90000153 -25.46010590 -56.40000153
v -69.86447906 -25.50000000 -56.70000076
v -69.90000153 -25.50000000 -56.66139221
v -69.61666107 -25.50000000 -57.00000000
v -69.75823212 -25.50000000 -62.09999847
v -69.90000153 -25.50000000 -62.40000153
v -69.90000153 -25.43763351 -62.70000076
v -69.90000153 -25.39030647 -63.00000000
v -69.90000153 -25.35189629 -63.29999924
v -69.90000153 -25.32051849 -63.59999847
v -69.90000153 -25.29448891 -63.90000153
v -69.90000153 -25.27327156 -64.19999695
v -69.90000153 -25.25328255 -64.50000000
v -69.90000153 -25.23063850 -64.80000305
v -69.90000153 -25.50599480 -56.70000076
v -69.90000153 -25.54899025 -57.00000000
v -69.90000153 -25.58411789 -57.29999924
v -69.90000153 -25.61039734 -57.59999847
v -69.90000153 -25.62961197 -57.90000153
v -69.90000153 -25.64493370 -58.20000076
v -69.90000153 -25.65921783 -58.50000000
v -69.90000153 -25.67411995 -58.79999924
v -69.90000153 -25.68924904 -59.09999847
v -69.90000153 -25.70186424 -59.40000153
v -69.90000153 -25.70772362 -59.70000076
v -69.90000153 -25.70490837 -60.00000000
v -69.90000153 -25.69510841 -60.29999924
v -69.90000153 -25.68032837 -60.59999847
v -69.90000153 -25.66130066 -60.90000153
v -69.90000153 -25.63716698 -61.20000076
v -69.90000153 -25.60743523 -61.50000000
v -69.90000153 -25.57275581 -61.79999924
v -69.90000153 -25.53635406 -62.09999847
v -70.19999695 -14.09999943 -48.00000000
v -70.19999695 -14.01998043 -48.29999924
v -70.19999695 -14.01202583 -48.59999847
v -70.19999695 -14.03306389 -48.90000153
v -70.19999695 -14.05928135 -49.20000076
v -70.19999695 -14.08028126 -49.50000000
v -70.19999695 -14.09999943 -49.79999924
v -70.19999695 -14.39999866 -47.87250900
v -70.19999695 -14.22159481 -50.09999847
v -70.19999695 -14.34645557 -50.40000153
v -70.19999695 -14.39999866 -50.53816986
v -70.19999695 -14.70000076 -47.82706451
v -70.19999695 -14.46007919 -50.70000076
v -70.19999695 -14.53870773 -51.00000000
v -70.19999695 -14.60863113 -51.29999924
v -70.19999695 -14.70000076 -51.59999847
v -70.19999695 -15.00000000 -47.82879257
v -70.19999695 -15.00000000 -51.90000153
v -70.19999695 -15.30000114 -47.84743500
v -70.19999695 -15.30000114 -52.07985687
v -70.19999695 -15.60000038 -47.86335754
v -70.19999695 -15.44882298 -52.20000076
v -70.19999695 -15.60000038 -52.33096695
v -70.19999695 -15.89999962 -47.86982346
v -70.19999695 -15.76515102 -52.50000000
v -70.19999695 -15.89999962 -52.64767075
v -70.19999695 -16.20000076 -47.86622238
v -70.19999695 -16.02592468 -52.79999924
v -70.19999695 -16.20000076 -53.02947998
v -70.19999695 -16.50000000 -47.85275269
v -70.19999695 -16.24937630 -53.09999847
v -70.19999695 -16.45092201 -53.40000153
v -70.19999695 -16.50000000 -53.47278976
v -70.19999695 -16.79999924 -47.82990265
v -70.19999695 -16.65768051 -53.70000076
v -70.19999695 -16.79999924 -53.89819336
v -70.19999695 -17.09999847 -47.79268646
v -70.19999695 -16.87551308 -54.00000000
v -70.19999695 -17.09999847 -54.29999924
v -70.19999695 -17.39999771 -47.70000076
v -70.19999695 -17.39999771 -54.59999847
v -70.19999695 -17.70000076 -47.40000153
v -70.19999695 -17.56000710 -54.90000153
v -70.19999695 -17.69490051 -55.20000076
v -70.19999695 -17.70000076 -55.21128464
v -70.19999695 -18.00000000 -47.27743912
v -70.19999695 -17.82969475 -55.50000000
v -70.19999695 -17.96344185 -55.79999924
v -70.19999695 -18.00000000 -55.88230515
v -70.19999695 -18.29999924 -47.17344284
v -70.19999695 -18.09802246 -56.09999847
v -70.19999695 -18.22212601 -56.40000153
v -70.19999695 -18.29999924 -56.60501862
v -70.19999695 -18.50034142 -47.09999847
v -70.19999695 -18.60000038 -47.06347656
v -70.19999695 -18.33704758 -56.70000076
v -70.19999695 -18.45519638 -57.00000000
v -70.19999695 -18.60000038 -57.29999924
v -70.19999695 -18.89999962 -46.94187164
v -70.19999695 -18.89999962 -57.59999847
v -70.19999695 -19.20000076 -46.79999924
v -70.19999695 -18.99984550 -57.90000153
v -70.19999695 -19.06293297 -58.20000076
v -70.19999695 -19.11146545 -58.50000000
v -70.19999695 -19.15452576 -58.79999924
v -70.19999695 -19.20000076 -59.09999847
v -70.19999695 -19.50000000 -46.58015060
v -70.19999695 -19.29969978 -59.40000153
v -70.19999695 -19.39989281 -59.70000076
v -70.19999695 -19.50000000 -60.00000000
v -70.19999695 -19.60509682 -46.50000000
v -70.19999695 -19.79999924 -46.34892273
v -70.19999695 -19.61471367 -60.29999924
v -70.19999695 -19.73972130 -60.59999847
v -70.19999695 -19.79999924 -60.72083664
v -70.19999695 -20.01328468 -46.20000076
v -70.19999695 -20.10000038 -46.13907242
v -70.19999695 -19.89333153 -60.90000153
v -70.19999695 -20.06358719 -61.20000076
v -70.19999695 -20.10000038 -61.25812912
v -70.19999695 -20.39999962 -45.93910217
v -70.19999695 -20.26473427 -61.50000000
v -70.19999695 -20.39999962 -61.68438339
v -70.19999695 -20.69999886 -45.59999847
v -70.19999695 -20.45441628 -45.90000153
v -70.19999695 -20.50599480 -61.79999924
v -70.19999695 -20.69999886 -62.09999847
v -70.19999695 -20.99999809 -45.59999847
v -70.19999695 -20.99999809 -62.09999847
v -70.19999695 -21.29999733 -45.59999847
v -70.19999695 -21.29999733 -62.09999847
v -70.19999695 -21.60000038 -45.51683807
v -70.19999695 -21.60000038 -61.79999924
v -70.19999695 -21.89999962 -45.40242767
v -70.19999695 -21.72805023 -62.09999847
v -70.19999695 -21.89999962 -62.40000153
v -70.19999695 -22.20000076 -45.29999924
v -70.19999695 -21.98459053 -62.70000076
v -70.19999695 -22.05265808 -63.00000000
v -70.19999695 -22.12105560 -63.29999924
v -70.19999695 -22.20000076 -63.59999847
v -70.19999695 -22.20000076 -65.09999847
v -70.19999695 -22.17728806 -65.40000153
v -70.19999695 -22.20000076 -65.69999695
v -70.19999695 -22.50000000 -45.22438049
v -70.19999695 -22.20000076 -63.90000153
v -70.19999695 -22.20000076 -64.19999695
v -70.19999695 -22.20000076 -64.50000000
v -70.19999695 -22.21436501 -64.80000305
v -70.19999695 -22.50000000 -66.00000000
v -70.19999695 -22.79999924 -45.17523956
v -70.19999695 -22.79999924 -66.13591766
v -70.19999695 -23.10000038 -45.15304184
v -70.19999695 -23.10000038 -66.30000305
v -70.19999695 -23.39999962 -45.15690994
v -70.19999695 -23.39999962 -66.52925110
v -70.19999695 -23.70000267 -45.18376160
v -70.19999695 -23.59709167 -66.59999847
v -70.19999695 -23.70000267 -66.62759399
v -70.19999695 -24.00000191 -45.22992325
v -70.19999695 -24.00000191 -66.59999847
v -70.19999695 -24.30000114 -45.29999924
v -70.19999695 -24.30000114 -66.49713898
v -70.19999695 -24.60000038 -45.47783661
v -70.19999695 -24.60000038 -66.32971191
v -70.19999695 -24.69551849 -45.59999847
v -70.19999695 -24.82850838 -45.90000153
v -70.19999695 -24.89999962 -46.20000076
v -70.19999695 -24.87931061 -66.00000000
v -70.19999695 -24.89999962 -65.96614075
v -70.19999695 -24.63437843 -66.30000305
v -70.19999695 -25.10863304 -46.50000000
v -70.19999695 -25.20000076 -46.72727966
v -70.19999695 -25.19651604 -51.59999847
v -70.19999695 -25.20000076 -51.57276154
v -70.19999695 -25.15759468 -51.90000153
v -70.19999695 -25.12548065 -52.20000076
v -70.19999695 -25.10565186 -52.50000000
v -70.19999695 -25.09991455 -52.79999924
v -70.19999695 -25.10637474 -53.09999847
v -70.19999695 -25.12223816 -53.40000153
v -70.19999695 -25.14462662 -53.70000076
v -70.19999695 -25.17111397 -54.00000000
v -70.19999695 -25.20000076 -54.29999924
v -70.19999695 -25.16341782 -65.40000153
v -70.19999695 -25.20000076 -65.30068207
v -70.19999695 -25.03935432 -65.69999695
v -70.19999695 -25.22390938 -46.79999924
v -70.19999695 -25.28214645 -47.09999847
v -70.19999695 -25.31968880 -47.40000153
v -70.19999695 -25.34425163 -47.70000076
v -70.19999695 -25.35867119 -48.00000000
v -70.19999695 -25.36576271 -48.29999924
v -70.19999695 -25.36806297 -48.59999847
v -70.19999695 -25.36705208 -48.90000153
v -70.19999695 -25.36301231 -49.20000076
v -70.19999695 -25.35529900 -49.50000000
v -70.19999695 -25.34324074 -49.79999924
v -70.19999695 -25.32717705 -50.09999847
v -70.19999695 -25.30836868 -50.40000153
v -70.19999695 -25.28739738 -50.70000076
v -70.19999695 -25.26371193 -51.00000000
v -70.19999695 -25.23432350 -51.29999924
v -70.19999695 -25.25167656 -54.59999847
v -70.19999695 -25.29949379 -54.90000153
v -70.19999695 -25.34434319 -55.20000076
v -70.19999695 -25.38650131 -55.50000000
v -70.19999695 -25.42588806 -55.79999924
v -70.19999695 -25.46266747 -56.09999847
v -70.19999695 -25.50000000 -56.40000153
v -70.19999695 -25.50000000 -62.70000076
v -70.19999695 -25.47473335 -63.00000000
v -70.19999695 -25.44591904 -63.29999924
v -70.19999695 -25.41683960 -63.59999847
v -70.19999695 -25.39292145 -63.90000153
v -70.19999695 -25.37525558 -64.19999695
v -70.19999695 -25.35855484 -64.50000000
v -70.19999695 -25.32853699 -64.80000305
v -70.19999695 -25.26955223 -65.09999847
v -70.19999695 -25.55088806 -56.70000076
v -70.19999695 -25.59243011 -57.00000000
v -70.19999695 -25.62401390 -57.29999924
v -70.19999695 -25.64742661 -57.59999847
v -70.19999695 -25.66612244 -57.90000153
v -70.19999695 -25.68366814 -58.20000076
v -70.19999695 -25.70230865 -58.50000000
v -70.19999695 -25.72219086 -58.79999924
v -70.19999695 -25.74176025 -59.09999847
v -70.19999695 -25.75735474 -59.40000153
v -70.19999695 -25.76302910 -59.70000076
v -70.19999695 -25.75935173 -60.00000000
v -70.19999695 -25.74859428 -60.29999924
v -70.19999695 -25.73253441 -60.59999847
v -70.19999695 -25.71039772 -60.90000153
v -70.19999695 -25.68366814 -61.20000076
v -70.19999695 -25.65478134 -61.50000000
v -70.19999695 -25.62439537 -61.79999924
v -70.19999695 -25.59171104 -62.09999847
v -70.19999695 -25.55284691 -62.40000153
v -70.50000000 -14.09999943 -48.29999924
v -70.50000000 -14.09999943 -48.59999847
v -70.41522217 -14.09999943 -48.90000153
v -70.32438660 -14.09999943 -49.20000076
v -70.25426483 -14.09999943 -49.50000000
v -70.50000000 -14.31043625 -48.00000000
v -70.50000000 -14.39999866 -47.94121552
v -70.50000000 -14.12805748 -48.90000153
v -70.50000000 -14.15884972 -49.20000076
v -70.50000000 -14.19305420 -49.50000000
v -70.50000000 -14.24695683 -49.79999924
v -70.50000000 -14.33962440 -50.09999847
v -70.35767365 -14.39999866 -50.40000153
v -70.50000000 -14.39999866 -50.26845169
v -70.50000000 -14.70000076 -47.86004257
v -70.50000000 -14.44773006 -50.40000153
v -70.50000000 -14.54660225 -50.70000076
v -70.50000000 -14.62739563 -51.00000000
v -70.50000000 -14.70000076 -51.29999924
v -70.50000000 -15.00000000 -47.84218216
v -70.50000000 -14.95465660 -51.59999847
v -70.50000000 -15.00000000 -51.64397049
v -70.50000000 -15.30000114 -47.84725571
v -70.50000000 -15.30000114 -51.90000153
v -70.50000000 -15.60000038 -47.85688782
v -70.50000000 -15.60000038 -52.20000076
v -70.50000000 -15.89999962 -47.86447144
v -70.50000000 -15.86935616 -52.50000000
v -70.50000000 -15.89999962 -52.53612137
v -70.50000000 -16.20000076 -47.86842346
v -70.50000000 -16.10217285 -52.79999924
v -70.50000000 -16.20000076 -52.94289780
v -70.50000000 -16.50000000 -47.86734009
v -70.50000000 -16.29862785 -53.09999847
v -70.50000000 -16.47724342 -53.40000153
v -70.50000000 -16.50000000 -53.43449402
v -70.50000000 -16.79999924 -47.85556793
v -70.50000000 -16.69033432 -53.70000076
v -70.50000000 -16.79999924 -53.85140228
v -70.50000000 -17.09999847 -47.81662369
v -70.50000000 -16.91314697 -54.00000000
v -70.50000000 -17.09999847 -54.29999924
v -70.50000000 -17.39999771 -47.71329498
v -70.50000000 -17.39999771 -54.56747437
v -70.50000000 -17.42288780 -47.70000076
v -70.50000000 -17.70000076 -47.40000153
v -70.50000000 -17.42234612 -54.59999847
v -70.50000000 -17.57892418 -54.90000153
v -70.50000000 -17.70000076 -55.20000076
v -70.50000000 -18.00000000 -47.31516647
v -70.50000000 -17.85635185 -55.50000000
v -70.50000000 -18.00000000 -55.79999924
v -70.50000000 -18.29999924 -47.20011902
v -70.50000000 -18.15651894 -56.09999847
v -70.50000000 -18.29263687 -56.40000153
v -70.50000000 -18.29999924 -56.41947174
v -70.50000000 -18.54081535 -47.09999847
v -70.50000000 -18.60000038 -47.07607269
v -70.50000000 -18.40856743 -56.70000076
v -70.50000000 -18.50272369 -57.00000000
v -70.50000000 -18.60000038 -57.29999924
v -70.50000000 -18.89999962 -46.94540024
v -70.50000000 -18.89999962 -57.59999847
v -70.50000000 -19.20000076 -46.79999924
v -70.50000000 -19.01742172 -57.90000153
v -70.50000000 -19.08749580 -58.20000076
v -70.50000000 -19.14015198 -58.50000000
v -70.50000000 -19.19224548 -58.79999924
v -70.50000000 -19.20000076 -58.83628845
v -70.50000000 -19.50000000 -46.60311890
v -70.50000000 -19.25804520 -59.09999847
v -70.50000000 -19.34816360 -59.40000153
v -70.50000000 -19.45314598 -59.70000076
v -70.50000000 -19.50000000 -59.82659149
v -70.50000000 -19.64646721 -46.50000000
v -70.50000000 -19.79999924 -46.38760757
v -70.50000000 -19.56778145 -60.00000000
v -70.50000000 -19.68364906 -60.29999924
v -70.50000000 -19.79999924 -60.59999847
v -70.50000000 -20.06957054 -46.20000076
v -70.50000000 -20.10000038 -46.17956924
v -70.50000000 -19.96082497 -60.90000153
v -70.34787750 -20.10000038 -61.20000076
v -70.50000000 -20.10000038 -61.12939835
v -70.50000000 -20.39999962 -46.02127075
v -70.50000000 -20.15296555 -61.20000076
v -70.50000000 -20.39999962 -61.50000000
v -70.47755432 -20.69999886 -45.90000153
v -70.50000000 -20.69999886 -45.91324615
v -70.36521149 -20.69999886 -61.79999924
v -70.50000000 -20.69999886 -61.63431931
v -70.50000000 -20.99999809 -45.90000153
v -70.42448425 -20.99999809 -61.79999924
v -70.50000000 -20.99999809 -61.70449448
v -70.50000000 -21.29999733 -45.90000153
v -70.40217590 -21.29999733 -61.79999924
v -70.50000000 -21.29999733 -61.73077393
v -70.50000000 -21.60000038 -45.59999847
v -70.50000000 -21.60000038 -61.79999924
v -70.50000000 -21.89999962 -45.42681885
v -70.50000000 -21.76045799 -62.09999847
v -70.50000000 -21.87015915 -62.40000153
v -70.50000000 -21.89999962 -62.53113174
v -70.50000000 -22.20000076 -45.29999924
v -70.50000000 -21.93105888 -62.70000076
v -70.50000000 -21.96963882 -63.00000000
v -70.50000000 -22.00073814 -63.29999924
v -70.50000000 -22.02410126 -63.59999847
v -70.50000000 -22.03182030 -63.90000153
v -70.50000000 -22.05971146 -64.19999695
v -70.50000000 -22.13161850 -64.50000000
v -70.50000000 -22.20000076 -64.73846436
v -70.24658203 -22.20000076 -65.40000153
v -70.50000000 -22.50000000 -45.21950912
v -70.50000000 -22.22444534 -64.80000305
v -70.50000000 -22.50000000 -65.09999847
v -70.49713135 -22.50000000 -65.40000153
v -70.47899628 -22.50000000 -65.69999695
v -70.50000000 -22.79999924 -45.16884613
v -70.50000000 -22.79999924 -65.09999847
v -70.50000000 -22.79999924 -65.40000153
v -70.50000000 -22.79999924 -65.69999695
v -70.49348450 -22.79999924 -66.00000000
v -70.50000000 -23.10000038 -45.14709854
v -70.50000000 -22.80387688 -66.00000000
v -70.50000000 -23.10000038 -66.30000305
v -70.50000000 -23.39999962 -45.15182877
v -70.50000000 -23.39999962 -66.59999847
v -70.50000000 -23.70000267 -45.17847061
v -70.50000000 -23.70000267 -66.65246582
v -70.50000000 -24.00000191 -45.22042084
v -70.50000000 -24.00000191 -66.62373352
v -70.50000000 -24.30000114 -45.26422501
v -70.50000000 -24.07385635 -66.59999847
v -70.50000000 -24.30000114 -66.51937103
v -70.50000000 -24.60000038 -45.29999924
v -70.50000000 -24.60000038 -66.34024048
v -70.50000000 -24.79005051 -45.59999847
v -70.50000000 -24.89999962 -45.90000153
v -70.30133820 -24.89999962 -66.00000000
v -70.50000000 -24.64934540 -66.30000305
v -70.50000000 -24.89999962 -66.04679108
v -70.50000000 -25.02049065 -46.20000076
v -70.50000000 -25.20000076 -46.50000000
v -70.23851776 -25.20000076 -51.59999847
v -70.50000000 -25.18835831 -51.90000153
v -70.50000000 -25.20000076 -51.80061722
v -70.50000000 -25.16120338 -52.20000076
v -70.50000000 -25.14653397 -52.50000000
v -70.50000000 -25.14685440 -52.79999924
v -70.50000000 -25.15855408 -53.09999847
v -70.50000000 -25.17745399 -53.40000153
v -70.50000000 -25.20000076 -53.70000076
v -70.35556793 -25.20000076 -54.00000000
v -70.50000000 -25.20000076 -65.40000153
v -70.50000000 -25.11557579 -65.69999695
v -70.50000000 -24.93761635 -66.00000000
v -70.50000000 -25.23810196 -46.79999924
v -70.50000000 -25.27463531 -47.09999847
v -70.50000000 -25.30395889 -47.40000153
v -70.50000000 -25.32360840 -47.70000076
v -70.50000000 -25.33574295 -48.00000000
v -70.50000000 -25.34354591 -48.29999924
v -70.50000000 -25.34949303 -48.59999847
v -70.50000000 -25.35436821 -48.90000153
v -70.50000000 -25.35801506 -49.20000076
v -70.50000000 -25.35903549 -49.50000000
v -70.50000000 -25.35613251 -49.79999924
v -70.50000000 -25.34878349 -50.09999847
v -70.50000000 -25.33649254 -50.40000153
v -70.50000000 -25.31811905 -50.70000076
v -70.50000000 -25.29281425 -51.00000000
v -70.50000000 -25.26028252 -51.29999924
v -70.50000000 -25.22343636 -51.59999847
v -70.50000000 -25.22690582 -54.00000000
v -70.50000000 -25.25847054 -54.29999924
v -70.50000000 -25.29881859 -54.59999847
v -70.50000000 -25.34248161 -54.90000153
v -70.50000000 -25.38637733 -55.20000076
v -70.50000000 -25.42887497 -55.50000000
v -70.50000000 -25.46750641 -55.79999924
v -70.50000000 -25.50000000 -56.09999847
v -70.30854797 -25.50000000 -63.00000000
v -70.42781067 -25.50000000 -63.29999924
v -70.50000000 -25.48750114 -63.59999847
v -70.50000000 -25.50000000 -63.47079468
v -70.50000000 -25.46236420 -63.90000153
v -70.50000000 -25.44943810 -64.19999695
v -70.50000000 -25.44268227 -64.50000000
v -70.50000000 -25.41409111 -64.80000305
v -70.50000000 -25.32715034 -65.09999847
v -70.50000000 -25.54743195 -56.40000153
v -70.50000000 -25.59045219 -56.70000076
v -70.50000000 -25.62428474 -57.00000000
v -70.50000000 -25.64897919 -57.29999924
v -70.50000000 -25.66768837 -57.59999847
v -70.50000000 -25.68507767 -57.90000153
v -70.50000000 -25.70507812 -58.20000076
v -70.50000000 -25.72911644 -58.50000000
v -70.50000000 -25.75557137 -58.79999924
v -70.50000000 -25.78054047 -59.09999847
v -70.50000000 -25.79999924 -59.40000153
v -70.47868347 -25.79999924 -59.70000076
v -70.50000000 -25.79897499 -60.00000000
v -70.50000000 -25.79999924 -59.92057800
v -70.50000000 -25.78996277 -60.29999924
v -70.50000000 -25.77359772 -60.59999847
v -70.50000000 -25.74417305 -60.90000153
v -70.50000000 -25.71194839 -61.20000076
v -70.50000000 -25.68214226 -61.50000000
v -70.50000000 -25.65489578 -61.79999924
v -70.50000000 -25.62801552 -62.09999847
v -70.50000000 -25.59911728 -62.40000153
v -70.50000000 -25.56921768 -62.70000076
v -70.50000000 -25.54390335 -63.00000000
v -70.50000000 -25.51690102 -63.29999924
v -70.50000000 -25.80285072 -59.70000076
v -70.80000305 -14.39999866 -48.00000000
v -70.80000305 -14.26616573 -48.29999924
v -70.80000305 -14.24179173 -48.59999847
v -70.80000305 -14.25453377 -48.90000153
v -70.80000305 -14.27663994 -49.20000076
v -70.80000305 -14.31283760 -49.50000000
v -70.80000305 -14.37415218 -49.79999924
v -70.64755249 -14.39999866 -50.09999847
v -70.80000305 -14.39999866 -49.89019012
v -70.80000305 -14.70000076 -47.89920044
v -70.80000305 -14.46216393 -50.09999847
v -70.80000305 -14.56488705 -50.40000153
v -70.80000305 -14.66150761 -50.70000076
v -70.67877197 -14.70000076 -51.00000000
v -70.80000305 -14.70000076 -50.82861710
v -70.80000305 -15.00000000 -47.85463333
v -70.80000305 -14.75828362 -51.00000000
v -70.80000305 -14.90155506 -51.29999924
v -70.55510712 -15.00000000 -51.59999847
v -70.80000305 -15.00000000 -51.41013336
v -70.80000305 -15.30000114 -47.84026337
v -70.80000305 -15.30000114 -51.59999847
v -70.80000305 -15.60000038 -47.84213638
v -70.80000305 -15.50012207 -51.90000153
v -70.80000305 -15.60000038 -52.01816559
v -70.80000305 -15.89999962 -47.85137558
v -70.80000305 -15.74782753 -52.20000076
v -70.57718658 -15.89999962 -52.50000000
v -70.80000305 -15.89999962 -52.38924026
v -70.80000305 -16.20000076 -47.86222839
v -70.80000305 -15.97988510 -52.50000000
v -70.80000305 -16.20000076 -52.79999924
v -70.80000305 -16.50000000 -47.86893082
v -70.80000305 -16.37212372 -53.09999847
v -70.80000305 -16.50000000 -53.40000153
v -70.80000305 -16.79999924 -47.86290741
v -70.80000305 -16.73522758 -53.70000076
v -70.80000305 -16.79999924 -53.78200531
v -70.80000305 -17.09999847 -47.83267212
v -70.80000305 -16.99995995 -54.00000000
v -70.80000305 -17.09999847 -54.10229874
v -70.80000305 -17.39999771 -47.77270126
v -70.80000305 -17.39999771 -54.29999924
v -70.80000305 -17.70000076 -47.70000076
v -70.80000305 -17.51568794 -54.59999847
v -70.80000305 -17.63117409 -54.90000153
v -70.80000305 -17.70000076 -55.05695343
v -70.80000305 -17.97850037 -47.40000153
v -70.80000305 -18.00000000 -47.38582230
v -70.80000305 -17.76418304 -55.20000076
v -70.80000305 -17.91504860 -55.50000000
v -70.80000305 -18.00000000 -55.66016006
v -70.80000305 -18.29999924 -47.22151566
v -70.80000305 -18.07961845 -55.79999924
v -70.80000305 -18.25215149 -56.09999847
v -70.52044678 -18.29999924 -56.40000153
v -70.80000305 -18.29999924 -56.19149780
v -70.80000305 -18.55715942 -47.09999847
v -70.80000305 -18.60000038 -47.08072281
v -70.80000305 -18.41834259 -56.40000153
v -70.80000305 -18.54719353 -56.70000076
v -70.80000305 -18.60000038 -57.00000000
v -70.80000305 -18.89999962 -46.94401550
v -70.80000305 -18.89999962 -57.29999924
v -70.80000305 -19.20000076 -46.79999924
v -70.80000305 -18.99373627 -57.59999847
v -70.80000305 -19.08166122 -57.90000153
v -70.80000305 -19.14284325 -58.20000076
v -70.80000305 -19.19422150 -58.50000000
v -70.53913116 -19.20000076 -58.79999924
v -70.80000305 -19.20000076 -58.52945328
v -70.80000305 -19.50000000 -46.62703705
v -70.80000305 -19.25292015 -58.79999924
v -70.80000305 -19.32626534 -59.09999847
v -70.80000305 -19.41951370 -59.40000153
v -70.66100311 -19.50000000 -59.70000076
v -70.80000305 -19.50000000 -59.60204315
v -70.80000305 -19.70153999 -46.50000000
v -70.80000305 -19.79999924 -46.43199921
v -70.80000305 -19.54262352 -59.70000076
v -70.80000305 -19.67535210 -60.00000000
v -70.80000305 -19.79999924 -60.29999924
v -70.80000305 -20.10000038 -46.20000076
v -70.80000305 -19.91399765 -60.59999847
v -70.80000305 -20.06086731 -60.90000153
v -70.80000305 -20.10000038 -60.95365143
v -70.80000305 -20.39999962 -46.09739685
v -70.80000305 -20.39999962 -61.20000076
v -70.80000305 -20.69999886 -46.02757263
v -70.60540771 -20.69999886 -61.50000000
v -70.80000305 -20.69999886 -61.29137421
v -70.80000305 -20.99999809 -45.98652649
v -70.67584229 -20.99999809 -61.50000000
v -70.80000305 -20.99999809 -61.38317108
v -70.80000305 -21.29999733 -45.90133667
v -70.80000305 -21.29999733 -61.50000000
v -70.80000305 -21.30201149 -45.90000153
v -70.80000305 -21.60000038 -45.59999847
v -70.80000305 -21.60000038 -61.74471664
v -70.80000305 -21.89999962 -45.41434860
v -70.80000305 -21.64524078 -61.79999924
v -70.80000305 -21.79037857 -62.09999847
v -70.80000305 -21.86392784 -62.40000153
v -70.80000305 -21.89999962 -62.70000076
v -70.72097778 -21.89999962 -63.00000000
v -70.80000305 -21.86006546 -63.00000000
v -70.70635223 -21.89999962 -63.29999924
v -70.80000305 -22.15727043 -45.29999924
v -70.80000305 -22.20000076 -45.28298569
v -70.80000305 -22.06812859 -64.50000000
v -70.80000305 -22.20000076 -64.80000305
v -70.80000305 -22.50000000 -45.19833755
v -70.80000305 -22.48700333 -65.09999847
v -70.80000305 -22.50000000 -65.40000153
v -70.80000305 -22.79999924 -45.14979172
v -70.80000305 -22.50000000 -65.69999695
v -70.80000305 -22.79999924 -65.76403809
v -70.80000305 -23.10000038 -45.13278580
v -70.80000305 -22.90797615 -66.00000000
v -70.80000305 -23.10000038 -66.30000305
v -70.80000305 -23.39999962 -45.14253616
v -70.80000305 -23.39999962 -66.59999847
v -70.80000305 -23.70000267 -45.17423630
v -70.80000305 -23.70000267 -66.64879608
v -70.80000305 -24.00000191 -45.22552109
v -70.80000305 -24.00000191 -66.60949707
v -70.80000305 -24.30000114 -45.29999924
v -70.80000305 -24.02817535 -66.59999847
v -70.80000305 -24.30000114 -66.49918365
v -70.80000305 -24.60000038 -45.40178299
v -70.80000305 -24.60000038 -66.33213806
v -70.80000305 -24.89999962 -45.59999847
v -70.80000305 -24.64161682 -66.30000305
v -70.80000305 -24.89999962 -66.06002808
v -70.80000305 -24.95299911 -45.90000153
v -70.80000305 -25.04745674 -46.20000076
v -70.80000305 -25.15111923 -46.50000000
v -70.80000305 -25.20000076 -46.74106979
v -70.71759796 -25.20000076 -51.90000153
v -70.80000305 -25.18760681 -52.20000076
v -70.80000305 -25.20000076 -51.97863007
v -70.80000305 -25.18011665 -52.50000000
v -70.80000305 -25.18288612 -52.79999924
v -70.80000305 -25.20000076 -53.09999847
v -70.64913177 -25.20000076 -53.40000153
v -70.80000305 -25.20000076 -65.69999695
v -70.80000305 -24.95403290 -66.00000000
v -70.80000305 -25.21072578 -46.79999924
v -70.80000305 -25.24607086 -47.09999847
v -70.80000305 -25.27024460 -47.40000153
v -70.80000305 -25.28617477 -47.70000076
v -70.80000305 -25.29691124 -48.00000000
v -70.80000305 -25.30599213 -48.29999924
v -70.80000305 -25.31643295 -48.59999847
v -70.80000305 -25.32849693 -48.90000153
v -70.80000305 -25.34061813 -49.20000076
v -70.80000305 -25.34943581 -49.50000000
v -70.80000305 -25.35333824 -49.79999924
v -70.80000305 -25.35192490 -50.09999847
v -70.80000305 -25.34449005 -50.40000153
v -70.80000305 -25.32962608 -50.70000076
v -70.80000305 -25.30600166 -51.00000000
v -70.80000305 -25.27386475 -51.29999924
v -70.80000305 -25.23696518 -51.59999847
v -70.80000305 -25.20443916 -51.90000153
v -70.80000305 -25.22271538 -53.40000153
v -70.80000305 -25.24569511 -53.70000076
v -70.80000305 -25.27020073 -54.00000000
v -70.80000305 -25.29830551 -54.29999924
v -70.80000305 -25.33111954 -54.59999847
v -70.80000305 -25.36897087 -54.90000153
v -70.80000305 -25.41098022 -55.20000076
v -70.80000305 -25.45556641 -55.50000000
v -70.80000305 -25.50000000 -55.79999924
v -70.58193970 -25.50000000 -63.59999847
v -70.80000305 -25.50000000 -63.90000153
v -70.80000305 -25.49455070 -64.19999695
v -70.80000305 -25.49760056 -64.50000000
v -70.80000305 -25.50000000 -64.80000305
v -70.80000305 -25.36468887 -65.09999847
v -70.80000305 -25.25432396 -65.40000153
v -70.80000305 -25.54104614 -56.09999847
v -70.80000305 -25.58213806 -56.40000153
v -70.80000305 -25.61537361 -56.70000076
v -70.80000305 -25.63896561 -57.00000000
v -70.80000305 -25.65504074 -57.29999924
v -70.80000305 -25.66796494 -57.59999847
v -70.80000305 -25.68297386 -57.90000153
v -70.80000305 -25.70436478 -58.20000076
v -70.80000305 -25.73354149 -58.50000000
v -70.80000305 -25.76838875 -58.79999924
v -70.78644562 -25.79999924 -59.09999847
v -70.80000305 -25.79999924 -59.09146500
v -70.51876831 -25.79999924 -60.00000000
v -70.65567017 -25.79999924 -60.29999924
v -70.80000305 -25.79999924 -60.59999847
v -70.80000305 -25.75698662 -60.90000153
v -70.80000305 -25.71867752 -61.20000076
v -70.80000305 -25.68787956 -61.50000000
v -70.80000305 -25.66348648 -61.79999924
v -70.80000305 -25.64330482 -62.09999847
v -70.80000305 -25.62524414 -62.40000153
v -70.80000305 -25.60808372 -62.70000076
v -70.80000305 -25.58894730 -63.00000000
v -70.80000305 -25.56476784 -63.29999924
v -70.80000305 -25.53372955 -63.59999847
v -70.80000305 -25.80092239 -59.09999847
v -70.80000305 -25.81570053 -59.40000153
v -70.80000305 -25.81852913 -59.70000076
v -70.80000305 -25.81540489 -60.00000000
v -70.80000305 -25.80924797 -60.29999924
v -71.09999847 -14.39999866 -48.29999924
v -71.09999847 -14.39999866 -48.59999847
v -71.09999847 -14.39999866 -48.90000153
v -71.09999847 -14.39999866 -49.20000076
v -71.02782440 -14.39999866 -49.50000000
v -70.86638641 -14.39999866 -49.79999924
v -71.09999847 -14.63398552 -48.00000000
v -71.09999847 -14.70000076 -47.95901108
v -71.09999847 -14.42738247 -49.50000000
v -71.09999847 -14.49064636 -49.79999924
v -71.09999847 -14.58310890 -50.09999847
v -71.09999847 -14.70000076 -50.40000153
v -70.88859558 -14.70000076 -50.70000076
v -71.09999847 -15.00000000 -47.86095047
v -71.09999847 -14.80431271 -50.70000076
v -71.09999847 -14.92281532 -51.00000000
v -71.09999847 -15.00000000 -51.29999924
v -71.09999847 -15.30000114 -47.82522583
v -71.09999847 -15.30000114 -51.49050140
v -71.09999847 -15.60000038 -47.82167816
v -71.09999847 -15.39178944 -51.59999847
v -71.02108765 -15.60000038 -51.90000153
v -71.09999847 -15.60000038 -51.85610199
v -71.09999847 -15.89999962 -47.83252716
v -71.09999847 -15.63294601 -51.90000153
v -71.09999847 -15.89999962 -52.20000076
v -71.09999847 -16.20000076 -47.84750366
v -71.09999847 -16.07270050 -52.50000000
v -71.09999847 -16.20000076 -52.68963242
v -71.09999847 -16.50000000 -47.85888290
v -71.09999847 -16.27575684 -52.79999924
v -71.09999847 -16.50000000 -53.09999847
v -71.09999847 -16.79999924 -47.85934830
v -71.09999847 -16.62431145 -53.40000153
v -71.09999847 -16.79999924 -53.70000076
v -71.09999847 -17.09999847 -47.84223175
v -71.09999847 -17.09999847 -54.00000000
v -71.09999847 -17.39999771 -47.79797363
v -71.09999847 -17.39999771 -54.20027924
v -71.09999847 -17.70000076 -47.70000076
v -71.09999847 -17.49088478 -54.29999924
v -71.09999847 -17.62617874 -54.59999847
v -71.09999847 -17.70000076 -54.90000153
v -71.09999847 -18.00000000 -47.40000153
v -71.09999847 -17.85804176 -55.20000076
v -71.09999847 -18.00000000 -55.50000000
v -71.09999847 -18.29999924 -47.23106766
v -71.09999847 -18.18258667 -55.79999924
v -70.92284393 -18.29999924 -56.09999847
v -71.09999847 -18.29999924 -55.98754883
v -71.09999847 -18.56556129 -47.09999847
v -71.09999847 -18.60000038 -47.08387375
v -71.09999847 -18.37967300 -56.09999847
v -71.09999847 -18.60000038 -56.40000153
v -70.86927795 -18.60000038 -56.70000076
v -71.09999847 -18.89999962 -46.94746017
v -71.09999847 -18.89999962 -56.70000076
v -71.04238129 -18.89999962 -57.00000000
v -71.09999847 -19.20000076 -46.80740738
v -71.09999847 -18.94206619 -57.00000000
v -71.09999847 -19.03644562 -57.29999924
v -71.09999847 -19.12111282 -57.59999847
v -71.09999847 -19.20000076 -57.90000153
v -70.99761200 -19.20000076 -58.20000076
v -70.82362366 -19.20000076 -58.50000000
v -71.09999847 -19.21493149 -46.79999924
v -71.09999847 -19.50000000 -46.65458298
v -71.09999847 -19.23013878 -58.20000076
v -71.09999847 -19.26953506 -58.50000000
v -71.09999847 -19.32725716 -58.79999924
v -71.09999847 -19.40493584 -59.09999847
v -71.09999847 -19.50000000 -59.40000153
v -71.09999847 -19.79999924 -46.50000000
v -71.09999847 -19.65968323 -59.70000076
v -71.08660889 -19.79999924 -60.00000000
v -71.09999847 -19.79999924 -59.98797226
v -71.09999847 -20.10000038 -46.29708862
v -71.09999847 -19.80618477 -60.00000000
v -71.09999847 -19.93836975 -60.29999924
v -71.09999847 -20.05602837 -60.59999847
v -70.87712097 -20.10000038 -60.90000153
v -71.09999847 -20.10000038 -60.69581223
v -71.09999847 -20.30542755 -46.20000076
v -71.09999847 -20.39999962 -46.15951157
v -71.09999847 -20.32174683 -60.90000153
v -71.09999847 -20.39999962 -60.93568802
v -71.09999847 -20.69999886 -46.06429672
v -70.89632416 -20.69999886 -61.20000076
v -71.09999847 -20.69999886 -61.02614594
v -71.09999847 -20.99999809 -45.98329544
v -71.01286316 -20.99999809 -61.20000076
v -71.09999847 -20.99999809 -61.12966156
v -71.09999847 -21.29999733 -45.90000153
v -71.09999847 -21.12977982 -61.20000076
v -71.09999847 -21.29999733 -61.30093002
v -71.09999847 -21.54705811 -45.59999847
v -71.09999847 -21.60000038 -45.55714035
v -71.09999847 -21.53243256 -61.50000000
v -71.09999847 -21.60000038 -61.58214188
v -71.09999847 -21.89999962 -45.36725235
v -71.09999847 -21.74507523 -61.79999924
v -71.09999847 -21.85162544 -62.09999847
v -71.09999847 -21.89999962 -62.40000153
v -71.09999847 -21.89999962 -62.70000076
v -71.09999847 -22.04767990 -45.29999924
v -71.09999847 -22.20000076 -45.23846817
v -71.09999847 -22.50000000 -45.15774536
v -71.09999847 -22.41093826 -64.80000305
v -71.09999847 -22.50000000 -65.09999847
v -71.09999847 -22.79999924 -45.11742020
v -71.06703186 -22.79999924 -65.40000153
v -71.09999847 -22.79999924 -65.38114166
v -70.85798645 -22.79999924 -65.69999695
v -71.09999847 -23.10000038 -45.11093521
v -71.09999847 -22.81007767 -65.40000153
v -71.09999847 -22.92519569 -65.69999695
v -71.09999847 -23.05141258 -66.00000000
v -71.09999847 -23.10000038 -66.08247375
v -71.09999847 -23.39999962 -45.13149261
v -71.09999847 -23.23810577 -66.30000305
v -71.09999847 -23.39999962 -66.45310974
v -71.09999847 -23.70000267 -45.17406082
v -71.09999847 -23.70000267 -66.59999847
v -71.09999847 -24.00000191 -45.23742294
v -70.84973145 -24.00000191 -66.59999847
v -71.09999847 -24.00000191 -66.54461670
v -71.09999847 -24.21140480 -45.29999924
v -71.09999847 -24.30000114 -45.33029938
v -71.09999847 -24.30000114 -66.43402863
v -71.09999847 -24.60000038 -45.48523712
v -71.09999847 -24.60000038 -66.30000305
v -71.09999847 -24.73543167 -45.59999847
v -71.09999847 -24.89999962 -45.90000153
v -71.09999847 -24.89999962 -66.00461578
v -71.09999847 -25.01974869 -46.20000076
v -71.09999847 -25.10185051 -46.50000000
v -70.86257935 -25.20000076 -46.79999924
v -71.09999847 -25.15842247 -46.79999924
v -71.06978607 -25.20000076 -47.09999847
v -71.09999847 -25.19472122 -47.09999847
v -71.09999847 -25.20000076 -47.16896439
v -71.09999847 -25.20000076 -51.90000153
v -71.09999847 -25.20000076 -52.20000076
v -71.09999847 -25.20000076 -52.50000000
v -71.09999847 -25.20000076 -52.79999924
v -71.09999847 -25.20000076 -65.40000153
v -71.09999847 -25.10316277 -65.69999695
v -71.09999847 -24.90402603 -66.00000000
v -71.09999847 -25.21729851 -47.40000153
v -71.09999847 -25.23205185 -47.70000076
v -71.09999847 -25.24304008 -48.00000000
v -71.09999847 -25.25345802 -48.29999924
v -71.09999847 -25.26760674 -48.59999847
v -71.09999847 -25.29020882 -48.90000153
v -71.09999847 -25.31073189 -49.20000076
v -71.09999847 -25.32448387 -49.50000000
v -71.09999847 -25.33203506 -49.79999924
v -71.09999847 -25.33406830 -50.09999847
v -71.09999847 -25.33013725 -50.40000153
v -71.09999847 -25.31914330 -50.70000076
v -71.09999847 -25.30007744 -51.00000000
v -71.09999847 -25.27249336 -51.29999924
v -71.09999847 -25.23661232 -51.59999847
v -71.09999847 -25.22527504 -53.09999847
v -71.09999847 -25.25121117 -53.40000153
v -71.09999847 -25.27236557 -53.70000076
v -71.09999847 -25.29316711 -54.00000000
v -71.09999847 -25.31581306 -54.29999924
v -71.09999847 -25.34150696 -54.59999847
v -71.09999847 -25.37252235 -54.90000153
v -71.09999847 -25.41098404 -55.20000076
v -71.09999847 -25.45763779 -55.50000000
v -71.09999847 -25.50000000 -55.74478912
v -70.94160461 -25.50000000 -64.19999695
v -71.09999847 -25.48831940 -64.50000000
v -71.09999847 -25.50000000 -64.30758667
v -71.09999847 -25.44427872 -64.80000305
v -71.09999847 -25.34147835 -65.09999847
v -71.09999847 -25.50960159 -55.79999924
v -71.09999847 -25.55760574 -56.09999847
v -71.09999847 -25.59486389 -56.40000153
v -71.09999847 -25.61733818 -56.70000076
v -71.09999847 -25.63008690 -57.00000000
v -71.09999847 -25.63783836 -57.29999924
v -71.09999847 -25.64490128 -57.59999847
v -71.09999847 -25.65597916 -57.90000153
v -71.09999847 -25.67574501 -58.20000076
v -71.09999847 -25.70694733 -58.50000000
v -71.09999847 -25.74976540 -58.79999924
v -71.09999847 -25.79999924 -59.09999847
v -70.98111725 -25.79999924 -60.29999924
v -71.09999847 -25.79363251 -60.29999924
v -71.09999847 -25.79999924 -60.10273743
v -71.09999847 -25.77382851 -60.59999847
v -71.09999847 -25.73911095 -60.90000153
v -71.09999847 -25.70195198 -61.20000076
v -71.09999847 -25.67060852 -61.50000000
v -71.09999847 -25.64769363 -61.79999924
v -71.09999847 -25.63256645 -62.09999847
v -71.09999847 -25.62270927 -62.40000153
v -71.09999847 -25.61459351 -62.70000076
v -71.09999847 -25.60372925 -63.00000000
v -71.09999847 -25.58568382 -63.29999924
v -71.09999847 -25.55663681 -63.59999847
v -71.09999847 -25.52486801 -63.90000153
v -71.09999847 -25.50627327 -64.19999695
v -71.09999847 -25.80548096 -59.40000153
v -71.09999847 -25.80658340 -59.70000076
v -71.09999847 -25.80326462 -60.00000000
v -71.40000153 -14.70000076 -48.00000000
v -71.40000153 -14.51591778 -48.29999924
v -71.40000153 -14.47302437 -48.59999847
v -71.40000153 -14.47495556 -48.90000153
v -71.40000153 -14.49258518 -49.20000076
v -71.40000153 -14.53133678 -49.50000000
v -71.40000153 -14.59915638 -49.79999924
v -71.40000153 -14.70000076 -50.09999847
v -71.40000153 -15.00000000 -47.85516739
v -71.40000153 -14.80783844 -50.40000153
v -71.40000153 -14.93467045 -50.70000076
v -71.20809937 -15.00000000 -51.00000000
v -71.40000153 -15.00000000 -50.79996872
v -71.40000153 -15.30000114 -47.80709076
v -71.40000153 -15.30000114 -51.00000000
v -71.31787872 -15.30000114 -51.29999924
v -71.40000153 -15.60000038 -47.80144882
v -71.40000153 -15.35400391 -51.29999924
v -71.40000153 -15.50753593 -51.59999847
v -71.40000153 -15.60000038 -51.72359467
v -71.40000153 -15.89999962 -47.81146240
v -71.40000153 -15.72952652 -51.90000153
v -71.40000153 -15.89999962 -52.12356949
v -71.40000153 -16.20000076 -47.82465363
v -71.40000153 -15.95212364 -52.20000076
v -71.40000153 -16.13778877 -52.50000000
v -71.40000153 -16.20000076 -52.59270096
v -71.40000153 -16.50000000 -47.83608246
v -71.40000153 -16.34777832 -52.79999924
v -71.40000153 -16.50000000 -53.02260208
v -71.40000153 -16.79999924 -47.84015656
v -71.40000153 -16.54991913 -53.09999847
v -71.40000153 -16.71789360 -53.40000153
v -71.40000153 -16.79999924 -53.52541733
v -71.40000153 -17.09999847 -47.83203506
v -71.40000153 -16.95067215 -53.70000076
v -71.40000153 -17.09999847 -53.83328629
v -71.40000153 -17.39999771 -47.79766083
v -71.40000153 -17.39999771 -54.00000000
v -71.40000153 -17.70000076 -47.70000076
v -71.40000153 -17.70000076 -54.29999924
v -71.25143433 -17.70000076 -54.59999847
v -71.40000153 -18.00000000 -47.40000153
v -71.40000153 -17.76736641 -54.59999847
v -71.40000153 -17.86097908 -54.90000153
v -71.40000153 -18.00000000 -55.20000076
v -71.40000153 -18.29999924 -47.23565292
v -71.40000153 -18.13749695 -55.50000000
v -71.40000153 -18.29999924 -55.79999924
v -71.40000153 -18.57674408 -47.09999847
v -71.40000153 -18.60000038 -47.08939362
v -71.40000153 -18.51328850 -56.09999847
v -71.40000153 -18.60000038 -56.19480515
v -71.40000153 -18.89999962 -46.96564865
v -71.40000153 -18.89999962 -56.40000153
v -71.40000153 -19.20000076 -46.83183670
v -71.40000153 -19.00991440 -56.70000076
v -71.40000153 -19.09175301 -57.00000000
v -71.40000153 -19.20000076 -57.29999924
v -71.26576233 -19.20000076 -57.59999847
v -71.40000153 -19.26445389 -46.79999924
v -71.40000153 -19.50000000 -46.68127823
v -71.40000153 -19.26097107 -57.59999847
v -71.40000153 -19.31262398 -57.90000153
v -71.40000153 -19.34155083 -58.20000076
v -71.40000153 -19.36574364 -58.50000000
v -71.40000153 -19.41014099 -58.79999924
v -71.38346863 -19.50000000 -59.09999847
v -71.40000153 -19.50000000 -59.08261871
v -71.40000153 -19.79999924 -46.52049637
v -71.40000153 -19.50669098 -59.09999847
v -71.40000153 -19.64497185 -59.40000153
v -71.40000153 -19.79999924 -59.70000076
v -71.40000153 -19.83618546 -46.50000000
v -71.40000153 -20.10000038 -46.34685135
v -71.40000153 -19.95028687 -60.00000000
v -71.40000153 -20.10000038 -60.29999924
v -71.17733765 -20.10000038 -60.59999847
v -71.40000153 -20.38993645 -46.20000076
v -71.40000153 -20.39999962 -46.19508743
v -71.40000153 -20.24930000 -60.59999847
v -71.15308380 -20.39999962 -60.90000153
v -71.40000153 -20.39999962 -60.73612976
v -71.40000153 -20.69999886 -46.06720352
v -71.28176117 -20.69999886 -60.90000153
v -71.40000153 -20.69999886 -60.82108307
v -71.40000153 -20.99999809 -45.92193222
v -71.40000153 -20.99999809 -60.90000153
v -71.40000153 -21.03397942 -45.90000153
v -71.40000153 -21.29999733 -45.59999847
v -71.25408173 -21.29999733 -61.20000076
v -71.40000153 -21.29999733 -61.10272980
v -71.40000153 -21.60000038 -45.45363235
v -71.40000153 -21.41401672 -61.20000076
v -71.20919800 -21.60000038 -61.50000000
v -71.40000153 -21.60000038 -61.38197708
v -71.35768890 -21.89999962 -45.29999924
v -71.40000153 -21.87928581 -45.29999924
v -71.40000153 -21.89999962 -45.28951263
v -71.40000153 -21.70888519 -61.50000000
v -71.40000153 -21.89999962 -61.79999924
v -71.21032715 -21.89999962 -62.09999847
v -71.40000153 -21.89999962 -62.70000076
v -71.40000153 -22.20000076 -45.17097473
v -71.40000153 -21.98465347 -62.09999847
v -71.40000153 -21.98458099 -62.40000153
v -71.40000153 -22.50000000 -45.10079956
v -71.20126343 -22.50000000 -64.80000305
v -71.40000153 -22.50000000 -64.62475586
v -71.40000153 -22.79999924 -45.07551193
v -71.40000153 -22.79999924 -64.80000305
v -71.26161957 -22.79999924 -65.09999847
v -71.40000153 -23.10000038 -45.08520508
v -71.40000153 -22.90962029 -65.09999847
v -71.40000153 -23.10000038 -65.40000153
v -71.33381653 -23.10000038 -65.69999695
v -71.17867279 -23.10000038 -66.00000000
v -71.40000153 -23.39999962 -45.12200546
v -71.40000153 -23.13914680 -65.69999695
v -71.40000153 -23.22693825 -66.00000000
v -71.35660553 -23.39999962 -66.30000305
v -71.40000153 -23.39999962 -66.26400757
v -71.40000153 -23.70000267 -45.18113708
v -71.40000153 -23.44095802 -66.30000305
v -71.40000153 -23.70000267 -66.43518066
v -71.40000153 -24.00000191 -45.26040268
v -71.40000153 -24.00000191 -66.42606354
v -71.40000153 -24.11075401 -45.29999924
v -71.40000153 -24.30000114 -45.37833405
v -71.40000153 -24.30000114 -66.30000305
v -71.40000153 -24.60000038 -45.55118179
v -71.40000153 -24.60000038 -66.15264130
v -71.40000153 -24.65134621 -45.59999847
v -71.40000153 -24.84374619 -45.90000153
v -71.40000153 -24.89999962 -46.02045822
v -71.11174774 -24.89999962 -66.00000000
v -71.40000153 -24.77997780 -66.00000000
v -71.40000153 -24.89999962 -65.86711884
v -71.40000153 -24.97048569 -46.20000076
v -71.40000153 -25.04130554 -46.50000000
v -71.40000153 -25.08939934 -46.79999924
v -71.40000153 -25.12203598 -47.09999847
v -71.17163086 -25.20000076 -47.40000153
v -71.40000153 -25.14348984 -47.40000153
v -71.23483276 -25.20000076 -47.70000076
v -71.40000153 -25.15962791 -47.70000076
v -71.28877258 -25.20000076 -48.00000000
v -71.40000153 -25.17396545 -48.00000000
v -71.34265900 -25.20000076 -48.29999924
v -71.40000153 -25.18719482 -48.29999924
v -71.40000153 -25.20000076 -48.59999847
v -71.40000153 -25.19685936 -51.90000153
v -71.40000153 -25.20000076 -51.86874008
v -71.40000153 -25.18599129 -52.20000076
v -71.40000153 -25.19363594 -52.50000000
v -71.40000153 -25.20000076 -52.60691071
v -71.40000153 -25.16120529 -65.40000153
v -71.40000153 -25.20000076 -65.31199646
v -71.40000153 -25.01454544 -65.69999695
v -71.40000153 -25.24446678 -48.90000153
v -71.40000153 -25.26832199 -49.20000076
v -71.40000153 -25.28180885 -49.50000000
v -71.40000153 -25.29028893 -49.79999924
v -71.40000153 -25.29416275 -50.09999847
v -71.40000153 -25.29262352 -50.40000153
v -71.40000153 -25.28518867 -50.70000076
v -71.40000153 -25.27212334 -51.00000000
v -71.40000153 -25.25353050 -51.29999924
v -71.40000153 -25.22684479 -51.59999847
v -71.40000153 -25.21141052 -52.79999924
v -71.40000153 -25.23213577 -53.09999847
v -71.40000153 -25.25435829 -53.40000153
v -71.40000153 -25.27328110 -53.70000076
v -71.40000153 -25.29094505 -54.00000000
v -71.40000153 -25.30816078 -54.29999924
v -71.40000153 -25.32620239 -54.59999847
v -71.40000153 -25.34869003 -54.90000153
v -71.40000153 -25.37995338 -55.20000076
v -71.40000153 -25.42481422 -55.50000000
v -71.22676086 -25.50000000 -55.79999924
v -71.40000153 -25.48591042 -55.79999924
v -71.40000153 -25.50000000 -55.86525345
v -71.40000153 -25.50000000 -63.90000153
v -71.15608215 -25.50000000 -64.19999695
v -71.40000153 -25.47142601 -64.19999695
v -71.40000153 -25.43721962 -64.50000000
v -71.40000153 -25.37943268 -64.80000305
v -71.40000153 -25.28828049 -65.09999847
v -71.40000153 -25.54627037 -56.09999847
v -71.40000153 -25.57555580 -56.40000153
v -71.40000153 -25.58555984 -56.70000076
v -71.40000153 -25.58903503 -57.00000000
v -71.40000153 -25.59082985 -57.29999924
v -71.40000153 -25.59314919 -57.59999847
v -71.40000153 -25.59867668 -57.90000153
v -71.40000153 -25.61206055 -58.20000076
v -71.40000153 -25.64068985 -58.50000000
v -71.40000153 -25.68444252 -58.79999924
v -71.40000153 -25.72901726 -59.09999847
v -71.13326263 -25.79999924 -59.40000153
v -71.40000153 -25.75302887 -59.40000153
v -71.14416504 -25.79999924 -59.70000076
v -71.40000153 -25.75980186 -59.70000076
v -71.12168884 -25.79999924 -60.00000000
v -71.40000153 -25.75591469 -60.00000000
v -71.40000153 -25.74405861 -60.29999924
v -71.40000153 -25.72401428 -60.59999847
v -71.40000153 -25.69589424 -60.90000153
v -71.40000153 -25.66136742 -61.20000076
v -71.40000153 -25.62763786 -61.50000000
v -71.40000153 -25.60223579 -61.79999924
v -71.40000153 -25.58909607 -62.09999847
v -71.40000153 -25.58494568 -62.40000153
v -71.40000153 -25.58319664 -62.70000076
v -71.40000153 -25.58014488 -63.00000000
v -71.40000153 -25.57179642 -63.29999924
v -71.40000153 -25.54764175 -63.59999847
v -71.69999695 -14.57846928 -48.29999924
v -71.69999695 -14.70000076 -48.00000000
v -71.69999695 -14.55336380 -48.59999847
v -71.69999695 -14.56284046 -48.90000153
v -71.69999695 -14.58757591 -49.20000076
v -71.69999695 -14.63504124 -49.50000000
v -71.69999695 -14.70000076 -49.79999924
v -71.69999695 -15.00000000 -47.84854126
v -71.69999695 -14.82861805 -50.09999847
v -71.69999695 -14.94393444 -50.40000153
v -71.69999695 -15.00000000 -50.70000076
v -71.69999695 -15.30000114 -47.79888535
v -71.69999695 -15.30000114 -50.92103577
v -71.69999695 -15.60000038 -47.79018021
v -71.69999695 -15.35257721 -51.00000000
v -71.69999695 -15.47677517 -51.29999924
v -71.69999695 -15.60000038 -51.59999847
v -71.69999695 -15.89999962 -47.79294205
v -71.69999695 -15.83864021 -51.90000153
v -71.69999695 -15.89999962 -51.98708725
v -71.69999695 -16.20000076 -47.79133987
v -71.69999695 -16.03855705 -52.20000076
v -71.69999695 -16.20000076 -52.50000000
v -71.69999695 -16.50000000 -47.79167938
v -71.69999695 -16.44414330 -52.79999924
v -71.69999695 -16.50000000 -52.88203812
v -71.69999695 -16.79999924 -47.79399872
v -71.69999695 -16.64233017 -53.09999847
v -71.69999695 -16.79999924 -53.40000153
v -71.69999695 -17.09999847 -47.79129028
v -71.69999695 -17.04868889 -53.70000076
v -71.69999695 -17.09999847 -53.74746323
v -71.69999695 -17.39999771 -47.77480316
v -71.69999695 -17.39999771 -53.95303726
v -71.69999695 -17.70000076 -47.70000076
v -71.69999695 -17.45896339 -54.00000000
v -71.69999695 -17.70000076 -54.24504089
v -71.69999695 -18.00000000 -47.40000153
v -71.69999695 -17.74042511 -54.29999924
v -71.69999695 -17.88130379 -54.59999847
v -71.69999695 -18.00000000 -54.90000153
v -71.69999695 -18.29999924 -47.24523544
v -71.69999695 -18.13973618 -55.20000076
v -71.69999695 -18.28047752 -55.50000000
v -71.69999695 -18.29999924 -55.53947449
v -71.69999695 -18.60000038 -47.09999847
v -71.69999695 -18.43582535 -55.79999924
v -71.69999695 -18.60000038 -56.09999847
v -71.69999695 -18.89999962 -47.01041412
v -71.69999695 -18.89999962 -56.30722046
v -71.69999695 -19.20000076 -46.87382126
v -71.69999695 -18.98382568 -56.40000153
v -71.69999695 -19.13085556 -56.70000076
v -71.69999695 -19.20000076 -57.00000000
v -71.69999695 -19.33950615 -46.79999924
v -71.69999695 -19.50000000 -46.71402740
v -71.69999695 -19.32324409 -57.29999924
v -71.69999695 -19.41764832 -57.59999847
v -71.69999695 -19.47977829 -57.90000153
v -71.69999695 -19.50000000 -58.20000076
v -71.69999695 -19.50000000 -58.50000000
v -71.69999695 -19.50000000 -58.79999924
v -71.69999695 -19.79999924 -46.54545212
v -71.69999695 -19.68211937 -59.09999847
v -71.69999695 -19.79999924 -59.40000153
v -71.69999695 -19.87906075 -46.50000000
v -71.69999695 -20.10000038 -46.37097168
v -71.69999695 -19.98049927 -59.70000076
v -71.69999695 -20.10000038 -60.00000000
v -71.69999695 -20.39999962 -46.20000076
v -71.69999695 -20.31287956 -60.29999924
v -71.69999695 -20.39999962 -60.59999847
v -71.69999695 -20.69999886 -46.06142426
v -71.69999695 -20.69999886 -60.62082672
v -71.69999695 -20.99999809 -45.90000153
v -71.69999695 -20.99999809 -60.70894241
v -71.69999695 -21.29222107 -45.59999847
v -71.69999695 -21.29999733 -45.59306335
v -71.69999695 -21.28132629 -60.90000153
v -71.69999695 -21.29999733 -60.91379547
v -71.69999695 -21.60000038 -45.37324142
v -71.69999695 -21.60000038 -61.20000076
v -71.69999695 -21.72286606 -45.29999924
v -71.69999695 -21.89999962 -45.20516968
v -71.69999695 -21.89999962 -61.50000000
v -71.69999695 -22.20000076 -45.08859634
v -71.69999695 -22.16658401 -61.79999924
v -71.69999695 -22.20000076 -62.09999847
v -71.69999695 -22.20000076 -62.40000153
v -71.69999695 -22.03449631 -62.70000076
v -71.69999695 -22.50000000 -45.03634644
v -71.69999695 -22.79999924 -45.03231812
v -71.69999695 -22.79999924 -64.63153076
v -71.69999695 -23.10000038 -45.06257248
v -71.69999695 -22.94826126 -64.80000305
v -71.69999695 -23.10000038 -65.09999847
v -71.69999695 -23.39999962 -45.11975479
v -71.69999695 -23.26068687 -65.40000153
v -71.69999695 -23.34086990 -65.69999695
v -71.69999695 -23.39999962 -66.00000000
v -71.69999695 -23.70000267 -45.20070267
v -71.69999695 -23.70000267 -66.30000305
v -71.69999695 -24.00000191 -45.29999924
v -71.69999695 -24.00000191 -66.30000305
v -71.69999695 -24.30000114 -45.47697067
v -71.69999695 -24.30000114 -66.15589905
v -71.69999695 -24.60000038 -45.59999847
v -71.69999695 -24.60000038 -66.00000000
v -71.69999695 -24.71602631 -45.90000153
v -71.69999695 -24.89999962 -46.20000076
v -71.69999695 -24.89999962 -65.69999695
v -71.69999695 -24.95525932 -46.50000000
v -71.69999695 -25.00287628 -46.79999924
v -71.69999695 -25.02909660 -47.09999847
v -71.69999695 -25.04753494 -47.40000153
v -71.69999695 -25.06658745 -47.70000076
v -71.69999695 -25.08798218 -48.00000000
v -71.69999695 -25.11275864 -48.29999924
v -71.69999695 -25.14690208 -48.59999847
v -71.69999695 -25.20000076 -48.90000153
v -71.69999695 -25.20000076 -51.59999847
v -71.69999695 -25.16532516 -51.90000153
v -71.69999695 -25.15019035 -52.20000076
v -71.69999695 -25.16497803 -52.50000000
v -71.69999695 -25.20000076 -52.79999924
v -71.69999695 -25.20000076 -65.09999847
v -71.69999695 -25.04760170 -65.40000153
v -71.69999695 -25.20869637 -49.20000076
v -71.69999695 -25.21855164 -49.50000000
v -71.69999695 -25.22772026 -49.79999924
v -71.69999695 -25.23267746 -50.09999847
v -71.69999695 -25.23243141 -50.40000153
v -71.69999695 -25.22744370 -50.70000076
v -71.69999695 -25.21892548 -51.00000000
v -71.69999695 -25.20916939 -51.29999924
v -71.69999695 -25.21010971 -53.09999847
v -71.69999695 -25.22592163 -53.40000153
v -71.69999695 -25.24401855 -53.70000076
v -71.69999695 -25.26083374 -54.00000000
v -71.69999695 -25.27222061 -54.29999924
v -71.69999695 -25.28183746 -54.59999847
v -71.69999695 -25.29404640 -54.90000153
v -71.69999695 -25.31259537 -55.20000076
v -71.69999695 -25.34494972 -55.50000000
v -71.69999695 -25.40412140 -55.79999924
v -71.69999695 -25.50000000 -56.09999847
v -71.69999695 -25.50000000 -56.40000153
v -71.69999695 -25.50000000 -56.70000076
v -71.69999695 -25.50000000 -57.00000000
v -71.69999695 -25.50000000 -57.29999924
v -71.69999695 -25.50000000 -57.59999847
v -71.69999695 -25.50000000 -57.90000153
v -71.69999695 -25.50000000 -58.20000076
v -71.69999695 -25.50000000 -62.09999847
v -71.69999695 -25.50000000 -62.40000153
v -71.69999695 -25.50000000 -62.70000076
v -71.69999695 -25.50000000 -63.00000000
v -71.69999695 -25.50000000 -63.29999924
v -71.69999695 -25.50000000 -63.59999847
v -71.69999695 -25.42815018 -63.90000153
v -71.69999695 -25.38493729 -64.19999695
v -71.69999695 -25.35084534 -64.50000000
v -71.69999695 -25.30042076 -64.80000305
v -71.69999695 -25.52164650 -58.50000000
v -71.69999695 -25.57311440 -58.79999924
v -71.69999695 -25.63016510 -59.09999847
v -71.69999695 -25.65824699 -59.40000153
v -71.69999695 -25.66530418 -59.70000076
v -71.69999695 -25.66223907 -60.00000000
v -71.69999695 -25.65403938 -60.29999924
v -71.69999695 -25.64195824 -60.59999847
v -71.69999695 -25.62475967 -60.90000153
v -71.69999695 -25.59644127 -61.20000076
v -71.69999695 -25.55359077 -61.50000000
v -71.69999695 -25.51604652 -61.79999924
v -72.00000000 -14.67155361 -48.29999924
v -72.00000000 -14.70000076 -48.00000000
v -72.00000000 -14.67998600 -48.59999847
v -72.00000000 -14.69349194 -48.90000153
v -72.00000000 -14.70000076 -49.20000076
v -71.85335541 -14.70000076 -49.50000000
v -72.00000000 -15.00000000 -47.88011169
v -72.00000000 -14.77274609 -49.50000000
v -72.00000000 -14.85502434 -49.79999924
v -72.00000000 -15.00000000 -50.09999847
v -71.77413177 -15.00000000 -50.40000153
v -72.00000000 -15.30000114 -47.82412720
v -72.00000000 -15.30000114 -50.40000153
v -71.89065552 -15.30000114 -50.70000076
v -72.00000000 -15.60000038 -47.79803848
v -72.00000000 -15.39412689 -50.70000076
v -72.00000000 -15.51244068 -51.00000000
v -72.00000000 -15.60000038 -51.29999924
v -72.00000000 -15.89999962 -47.77833939
v -72.00000000 -15.80225086 -51.59999847
v -71.81682587 -15.89999962 -51.90000153
v -72.00000000 -15.89999962 -51.74708176
v -72.00000000 -16.20000076 -47.74533463
v -72.00000000 -15.99776077 -51.90000153
v -72.00000000 -16.18778229 -52.20000076
v -72.00000000 -16.20000076 -52.21923065
v -72.00000000 -16.50000000 -47.70000076
v -72.00000000 -16.38968277 -52.50000000
v -71.81193542 -16.50000000 -52.79999924
v -72.00000000 -16.50000000 -52.65777969
v -72.00000000 -16.79999924 -47.70000076
v -72.00000000 -16.60043335 -52.79999924
v -72.00000000 -16.79999924 -53.09999847
v -72.00000000 -17.09999847 -47.70000076
v -72.00000000 -16.94062805 -53.40000153
v -72.00000000 -17.09999847 -53.70000076
v -72.00000000 -17.39999771 -47.70000076
v -72.00000000 -17.39999771 -53.85272217
v -72.00000000 -17.70000076 -47.70000076
v -72.00000000 -17.59270096 -54.00000000
v -72.00000000 -17.70000076 -54.10660553
v -72.00000000 -18.00000000 -47.40000153
v -72.00000000 -17.85039330 -54.29999924
v -71.97116852 -18.00000000 -54.59999847
v -72.00000000 -18.00000000 -54.57302094
v -72.00000000 -18.29999924 -47.26638794
v -72.00000000 -18.01364517 -54.59999847
v -72.00000000 -18.14975548 -54.90000153
v -72.00000000 -18.29999924 -55.20000076
v -71.73422241 -18.29999924 -55.50000000
v -72.00000000 -18.60000038 -47.16765213
v -72.00000000 -18.47883987 -55.50000000
v -72.00000000 -18.60000038 -55.79999924
v -72.00000000 -18.89999962 -47.09999847
v -71.94205475 -18.89999962 -56.09999847
v -72.00000000 -18.89999962 -56.03787994
v -72.00000000 -19.20000076 -46.92475891
v -72.00000000 -18.96374512 -56.09999847
v -72.00000000 -19.20000076 -56.40000153
v -71.80780792 -19.20000076 -56.70000076
v -72.00000000 -19.41894722 -46.79999924
v -72.00000000 -19.50000000 -46.75363541
v -72.00000000 -19.34652328 -56.70000076
v -72.00000000 -19.43218613 -57.00000000
v -72.00000000 -19.50000000 -57.29999924
v -71.81892395 -19.50000000 -57.59999847
v -71.72700500 -19.50000000 -57.90000153
v -72.00000000 -19.79999924 -46.57699585
v -72.00000000 -19.67068100 -57.59999847
v -72.00000000 -19.76434517 -57.90000153
v -72.00000000 -19.79912186 -58.20000076
v -72.00000000 -19.79999924 -58.50000000
v -71.92196655 -19.79999924 -58.79999924
v -71.82190704 -19.79999924 -59.09999847
v -72.00000000 -19.92754364 -46.50000000
v -72.00000000 -20.10000038 -46.39350891
v -72.00000000 -19.92874718 -58.79999924
v -72.00000000 -20.03371620 -59.09999847
v -72.00000000 -20.10000038 -59.40000153
v -71.82740021 -20.10000038 -59.70000076
v -72.00000000 -20.39999962 -46.20000076
v -72.00000000 -20.39163780 -59.70000076
v -71.88537598 -20.39999962 -60.00000000
v -72.00000000 -20.39999962 -59.71089935
v -71.76921844 -20.39999962 -60.29999924
v -72.00000000 -20.69999886 -46.06232071
v -72.00000000 -20.67287254 -60.00000000
v -71.89440155 -20.69999886 -60.29999924
v -72.00000000 -20.69999886 -60.02781296
v -71.72005463 -20.69999886 -60.59999847
v -72.00000000 -20.99999809 -45.90000153
v -71.99157715 -20.99999809 -60.29999924
v -72.00000000 -20.99999809 -60.27789688
v -71.81201172 -20.99999809 -60.59999847
v -72.00000000 -21.27708435 -45.59999847
v -72.00000000 -21.29999733 -45.57715225
v -72.00000000 -21.02585220 -60.29999924
v -72.00000000 -21.29999733 -60.59999847
v -71.71813965 -21.29999733 -60.90000153
v -72.00000000 -21.60000038 -45.29999924
v -72.00000000 -21.60000038 -60.90000153
v -72.00000000 -21.89999962 -45.13661575
v -72.00000000 -21.89999962 -61.20000076
v -72.00000000 -22.20000076 -45.00000000
v -71.85274506 -22.20000076 -61.50000000
v -72.00000000 -22.20000076 -61.23780060
v -71.72455597 -22.20000076 -61.79999924
v -71.76528168 -22.20000076 -62.70000076
v -71.90776062 -22.50000000 -45.00000000
v -72.00000000 -22.50000000 -44.98469162
v -71.93618011 -22.50000000 -61.50000000
v -72.00000000 -22.50000000 -61.32526016
v -71.86688232 -22.50000000 -61.79999924
v -71.83752441 -22.50000000 -62.09999847
v -71.82537079 -22.50000000 -62.40000153
v -71.83821869 -22.50000000 -62.70000076
v -71.89858246 -22.50000000 -63.00000000
v -72.00000000 -22.79999924 -45.00000000
v -72.00000000 -22.79999924 -61.50000000
v -71.97708130 -22.79999924 -61.79999924
v -71.94749451 -22.79999924 -62.09999847
v -71.91728973 -22.79999924 -62.40000153
v -71.90193176 -22.79999924 -62.70000076
v -71.91806793 -22.79999924 -63.00000000
v -71.97479248 -22.79999924 -63.29999924
v -72.00000000 -22.79999924 -63.59999847
v -72.00000000 -22.79999924 -63.90000153
v -71.99765015 -22.79999924 -64.19999695
v -71.84290314 -22.79999924 -64.50000000
v -72.00000000 -23.10000038 -45.05496216
v -72.00000000 -22.85063934 -61.79999924
v -72.00000000 -22.92517281 -62.09999847
v -72.00000000 -23.01742744 -62.40000153
v -72.00000000 -23.10000038 -62.70000076
v -72.00000000 -23.10000038 -63.00000000
v -72.00000000 -22.87142563 -63.29999924
v -72.00000000 -22.80496597 -64.19999695
v -72.00000000 -23.07109070 -64.50000000
v -71.84789276 -23.10000038 -64.80000305
v -72.00000000 -23.10000038 -64.52400208
v -72.00000000 -23.39999962 -45.13432693
v -72.00000000 -23.27002716 -64.80000305
v -72.00000000 -23.39999962 -65.09999847
v -71.85522461 -23.39999962 -65.40000153
v -71.76342773 -23.39999962 -65.69999695
v -72.00000000 -23.70000267 -45.23994827
v -72.00000000 -23.57911110 -65.40000153
v -72.00000000 -23.70000267 -65.69999695
v -71.87568665 -23.70000267 -66.00000000
v -72.00000000 -23.81774330 -45.29999924
v -72.00000000 -24.00000191 -45.43275070
v -72.00000000 -24.00000191 -66.00000000
v -71.86203003 -24.30000114 -45.59999847
v -72.00000000 -24.17356300 -45.59999847
v -72.00000000 -24.30000114 -45.90000153
v -71.88359070 -24.30000114 -66.00000000
v -72.00000000 -24.30000114 -65.84629059
v -71.82751465 -24.60000038 -45.90000153
v -72.00000000 -24.60000038 -46.14790726
v -72.00000000 -24.60000038 -65.69999695
v -72.00000000 -24.63677406 -46.20000076
v -71.82206726 -24.89999962 -46.50000000
v -72.00000000 -24.79861832 -46.50000000
v -72.00000000 -24.89999962 -46.79999924
v -71.89830017 -24.89999962 -65.40000153
v -72.00000000 -24.78237152 -65.40000153
v -72.00000000 -24.89999962 -65.23778534
v -72.00000000 -24.90987778 -47.09999847
v -72.00000000 -24.92641830 -47.40000153
v -72.00000000 -24.95103455 -47.70000076
v -72.00000000 -24.98207664 -48.00000000
v -72.00000000 -25.01821136 -48.29999924
v -72.00000000 -25.05199814 -48.59999847
v -72.00000000 -25.08821678 -48.90000153
v -71.72956848 -25.20000076 -49.20000076
v -72.00000000 -25.11483765 -49.20000076
v -71.76755524 -25.20000076 -49.50000000
v -72.00000000 -25.13322067 -49.50000000
v -71.80252838 -25.20000076 -49.79999924
v -72.00000000 -25.14439964 -49.79999924
v -71.82000732 -25.20000076 -50.09999847
v -72.00000000 -25.14895248 -50.09999847
v -71.81914520 -25.20000076 -50.40000153
v -72.00000000 -25.14883423 -50.40000153
v -71.80300903 -25.20000076 -50.70000076
v -72.00000000 -25.14562416 -50.70000076
v -71.77368927 -25.20000076 -51.00000000
v -72.00000000 -25.13972092 -51.00000000
v -71.73675537 -25.20000076 -51.29999924
v -72.00000000 -25.13093376 -51.29999924
v -72.00000000 -25.11812019 -51.59999847
v -72.00000000 -25.10087776 -51.90000153
v -72.00000000 -25.09456062 -52.20000076
v -72.00000000 -25.10678864 -52.50000000
v -72.00000000 -25.12940407 -52.79999924
v -71.74990845 -25.20000076 -53.09999847
v -72.00000000 -25.14663506 -53.09999847
v -71.82496643 -25.20000076 -53.40000153
v -72.00000000 -25.16179466 -53.40000153
v -71.90870667 -25.20000076 -53.70000076
v -72.00000000 -25.17930984 -53.70000076
v -72.00000000 -25.20000076 -54.00000000
v -72.00000000 -25.20000076 -54.29999924
v -72.00000000 -25.20000076 -54.59999847
v -72.00000000 -25.20000076 -54.90000153
v -72.00000000 -25.20000076 -55.20000076
v -72.00000000 -25.20000076 -64.80000305
v -72.00000000 -24.98257828 -65.09999847
v -72.00000000 -25.20422363 -55.50000000
v -72.00000000 -25.23159790 -55.79999924
v -72.00000000 -25.26572800 -56.09999847
v -72.00000000 -25.27842140 -56.40000153
v -72.00000000 -25.27791214 -56.70000076
v -72.00000000 -25.27483940 -57.00000000
v -72.00000000 -25.27302742 -57.29999924
v -72.00000000 -25.27220917 -57.59999847
v -72.00000000 -25.27287102 -57.90000153
v -72.00000000 -25.27989578 -58.20000076
v -71.73628998 -25.50000000 -58.50000000
v -72.00000000 -25.30568695 -58.50000000
v -71.82964325 -25.50000000 -58.79999924
v -72.00000000 -25.36845970 -58.79999924
v -72.00000000 -25.50000000 -59.09999847
v -72.00000000 -25.50000000 -59.40000153
v -72.00000000 -25.50000000 -59.70000076
v -72.00000000 -25.50000000 -60.00000000
v -72.00000000 -25.50000000 -60.29999924
v -72.00000000 -25.50000000 -60.59999847
v -72.00000000 -25.50000000 -60.90000153
v -72.00000000 -25.50000000 -61.20000076
v -71.84003448 -25.50000000 -61.50000000
v -72.00000000 -25.42205429 -61.50000000
v -71.73538971 -25.50000000 -61.79999924
v -72.00000000 -25.35029793 -61.79999924
v -72.00000000 -25.30199242 -62.09999847
v -72.00000000 -25.28315353 -62.40000153
v -72.00000000 -25.28091049 -62.70000076
v -72.00000000 -25.28361130 -63.00000000
v -72.00000000 -25.28391075 -63.29999924
v -72.00000000 -25.27463913 -63.59999847
v -72.00000000 -25.24913406 -63.90000153
v -72.00000000 -25.22579002 -64.19999695
v -72.00000000 -25.21302605 -64.50000000
v -72.04560089 -14.70000076 -48.29999924
v -72.03146362 -14.70000076 -48.59999847
v -72.01005554 -14.70000076 -48.90000153
v -72.30000305 -15.00000000 -48.00000000
v -72.30000305 -14.92440701 -48.29999924
v -72.30000305 -14.91953850 -48.59999847
v -72.30000305 -14.93684769 -48.90000153
v -72.30000305 -14.96114349 -49.20000076
v -72.30000305 -14.98493671 -49.50000000
v -72.30000305 -15.00000000 -49.79999924
v -72.30000305 -15.30000114 -47.92675400
v -72.29632568 -15.30000114 -50.09999847
v -72.30000305 -15.30000114 -50.09501266
v -72.30000305 -15.60000038 -47.84278107
v -72.30000305 -15.30378246 -50.09999847
v -72.30000305 -15.51321316 -50.40000153
v -72.24098206 -15.60000038 -50.70000076
v -72.30000305 -15.60000038 -50.58964539
v -72.10756683 -15.60000038 -51.00000000
v -72.30000305 -15.89999962 -47.75552750
v -72.30000305 -15.64865208 -50.70000076
v -72.30000305 -15.76376534 -51.00000000
v -72.30000305 -15.88926601 -51.29999924
v -72.12271118 -15.89999962 -51.59999847
v -72.30000305 -15.89999962 -51.32073212
v -72.30000305 -16.20000076 -47.70000076
v -72.30000305 -16.04244232 -51.59999847
v -72.30000305 -16.20000076 -51.90000153
v -72.01837921 -16.20000076 -52.20000076
v -72.30000305 -16.50000000 -47.40000153
v -72.30000305 -16.40914726 -52.20000076
v -72.15268707 -16.50000000 -52.50000000
v -72.30000305 -16.50000000 -52.33448029
v -72.30000305 -16.79999924 -47.40000153
v -72.30000305 -16.61499977 -52.50000000
v -72.30000305 -16.79999924 -52.79999924
v -72.30000305 -17.09999847 -47.40000153
v -72.30000305 -16.98637772 -53.09999847
v -72.30000305 -17.09999847 -53.40000153
v -72.30000305 -17.39999771 -47.40000153
v -72.20533752 -17.39999771 -53.70000076
v -72.30000305 -17.39999771 -53.60676575
v -72.30000305 -17.70000076 -47.40000153
v -72.30000305 -17.51767731 -53.70000076
v -72.12887573 -17.70000076 -54.00000000
v -72.30000305 -17.70000076 -53.85013580
v -72.30000305 -18.00000000 -47.35095215
v -72.30000305 -17.83945847 -54.00000000
v -72.23065948 -18.00000000 -54.29999924
v -72.30000305 -18.00000000 -54.22141266
v -72.30000305 -18.29999924 -47.27836609
v -72.30000305 -18.04954338 -54.29999924
v -72.30000305 -18.19438934 -54.59999847
v -72.30000305 -18.29999924 -54.90000153
v -72.30000305 -18.60000038 -47.20005798
v -72.30000305 -18.56108475 -55.20000076
v -72.12070465 -18.60000038 -55.50000000
v -72.30000305 -18.60000038 -55.24664688
v -72.30000305 -18.89999962 -47.10596085
v -72.30000305 -18.89999962 -55.50000000
v -72.15175629 -18.89999962 -55.79999924
v -72.30000305 -18.91337967 -47.09999847
v -72.30000305 -19.20000076 -46.96300125
v -72.30000305 -19.16019058 -55.79999924
v -72.16196442 -19.20000076 -56.09999847
v -72.30000305 -19.20000076 -55.84601593
v -72.30000305 -19.50000000 -46.79999924
v -72.30000305 -19.41021919 -56.09999847
v -72.23658752 -19.50000000 -56.40000153
v -72.30000305 -19.50000000 -56.24172211
v -72.14145660 -19.50000000 -56.70000076
v -72.06766510 -19.50000000 -57.00000000
v -72.30000305 -19.79999924 -46.61824799
v -72.30000305 -19.59963608 -56.40000153
v -72.30000305 -19.72669983 -56.70000076
v -72.30000305 -19.79999924 -57.00000000
v -72.19326782 -19.79999924 -57.29999924
v -72.09667206 -19.79999924 -57.59999847
v -72.02793121 -19.79999924 -57.90000153
v -72.00067139 -19.79999924 -58.20000076
v -72.30000305 -19.99017525 -46.50000000
v -72.30000305 -20.10000038 -46.43091965
v -72.30000305 -20.05571365 -57.29999924
v -72.24795532 -20.10000038 -57.59999847
v -72.30000305 -20.10000038 -57.37437820
v -72.19629669 -20.10000038 -57.90000153
v -72.15926361 -20.10000038 -58.20000076
v -72.12924957 -20.10000038 -58.50000000
v -72.08588409 -20.10000038 -58.79999924
v -72.03944397 -20.10000038 -59.09999847
v -72.30000305 -20.39999962 -46.24700546
v -72.30000305 -20.27702141 -57.59999847
v -72.30000305 -20.39999962 -57.90000153
v -72.26026917 -20.39999962 -58.20000076
v -72.23368073 -20.39999962 -58.50000000
v -72.20437622 -20.39999962 -58.79999924
v -72.15503693 -20.39999962 -59.09999847
v -72.09357452 -20.39999962 -59.40000153
v -72.00370789 -20.39999962 -59.70000076
v -72.30000305 -20.48271561 -46.20000076
v -72.30000305 -20.69999886 -46.07778168
v -72.30000305 -20.65703392 -58.20000076
v -72.30000305 -20.69999886 -58.50000000
v -72.30000305 -20.69999886 -58.79999924
v -72.23152161 -20.69999886 -59.09999847
v -72.16502380 -20.69999886 -59.40000153
v -72.09471893 -20.69999886 -59.70000076
v -72.00976562 -20.69999886 -60.00000000
v -72.30000305 -20.99999809 -45.90000153
v -72.30000305 -20.99999809 -58.79999924
v -72.26691437 -20.99999809 -59.09999847
v -72.21821594 -20.99999809 -59.40000153
v -72.16013336 -20.99999809 -59.70000076
v -72.08940887 -20.99999809 -60.00000000
v -72.30000305 -21.26028442 -45.59999847
v -72.30000305 -21.29999733 -45.55798721
v -72.29739380 -21.29999733 -57.90000153
v -72.30000305 -21.26905060 -57.90000153
v -72.30000305 -21.29999733 -57.85972595
v -72.28735352 -21.29999733 -58.20000076
v -72.30000305 -21.13089371 -58.20000076
v -72.28472900 -21.29999733 -58.50000000
v -72.30000305 -21.09048462 -58.50000000
v -72.28390503 -21.29999733 -58.79999924
v -72.28022766 -21.29999733 -59.09999847
v -72.26049805 -21.29999733 -59.40000153
v -72.20807648 -21.29999733 -59.70000076
v -72.14594269 -21.29999733 -60.00000000
v -72.07889557 -21.29999733 -60.29999924
v -72.30000305 -21.57937622 -45.29999924
v -72.30000305 -21.60000038 -45.28439713
v -72.30000305 -21.60000038 -57.29999924
v -72.28425598 -21.60000038 -57.59999847
v -72.30000305 -21.45449638 -57.59999847
v -72.27032471 -21.60000038 -57.90000153
v -72.25725555 -21.60000038 -58.20000076
v -72.25355530 -21.60000038 -58.50000000
v -72.25796509 -21.60000038 -58.79999924
v -72.27540588 -21.60000038 -59.09999847
v -72.30000305 -21.60000038 -59.40000153
v -72.23496246 -21.60000038 -59.70000076
v -72.18072510 -21.60000038 -60.00000000
v -72.13427734 -21.60000038 -60.29999924
v -72.08499146 -21.60000038 -60.59999847
v -72.30000305 -21.89999962 -45.11585999
v -72.30000305 -21.89999962 -57.29999924
v -72.27866364 -21.89999962 -57.59999847
v -72.25651550 -21.89999962 -57.90000153
v -72.23677063 -21.89999962 -58.20000076
v -72.22760773 -21.89999962 -58.50000000
v -72.23041534 -21.89999962 -58.79999924
v -72.24248505 -21.89999962 -59.09999847
v -72.24890900 -21.89999962 -59.40000153
v -72.22653198 -21.89999962 -59.70000076
v -72.19606018 -21.89999962 -60.00000000
v -72.16697693 -21.89999962 -60.29999924
v -72.13568115 -21.89999962 -60.59999847
v -72.08888245 -21.89999962 -60.90000153
v -72.30000305 -22.20000076 -45.00000000
v -72.30000305 -22.20000076 -57.29999924
v -72.30000305 -22.20000076 -57.59999847
v -72.25760651 -22.20000076 -57.90000153
v -72.22707367 -22.20000076 -58.20000076
v -72.21076202 -22.20000076 -58.50000000
v -72.20714569 -22.20000076 -58.79999924
v -72.21127319 -22.20000076 -59.09999847
v -72.21440125 -22.20000076 -59.40000153
v -72.21105957 -22.20000076 -59.70000076
v -72.20059204 -22.20000076 -60.00000000
v -72.18543243 -22.20000076 -60.29999924
v -72.16172791 -22.20000076 -60.59999847
v -72.11464691 -22.20000076 -60.90000153
v -72.01857758 -22.20000076 -61.20000076
v -72.30000305 -22.50000000 -44.98371124
v -72.30000305 -22.50000000 -57.59999847
v -72.26107025 -22.50000000 -57.90000153
v -72.22858429 -22.50000000 -58.20000076
v -72.20742035 -22.50000000 -58.50000000
v -72.19837189 -22.50000000 -58.79999924
v -72.19832611 -22.50000000 -59.09999847
v -72.20236969 -22.50000000 -59.40000153
v -72.20655060 -22.50000000 -59.70000076
v -72.20671844 -22.50000000 -60.00000000
v -72.19966888 -22.50000000 -60.29999924
v -72.17925262 -22.50000000 -60.59999847
v -72.13265228 -22.50000000 -60.90000153
v -72.04546356 -22.50000000 -61.20000076
v -72.30000305 -22.79999924 -45.00000000
v -72.27478027 -22.79999924 -57.90000153
v -72.30000305 -22.79999924 -57.72750092
v -72.24169922 -22.79999924 -58.20000076
v -72.21987915 -22.79999924 -58.50000000
v -72.20999908 -22.79999924 -58.79999924
v -72.20923615 -22.79999924 -59.09999847
v -72.21376801 -22.79999924 -59.40000153
v -72.21983337 -22.79999924 -59.70000076
v -72.22344971 -22.79999924 -60.00000000
v -72.22052002 -22.79999924 -60.29999924
v -72.20560455 -22.79999924 -60.59999847
v -72.17008972 -22.79999924 -60.90000153
v -72.10330963 -22.79999924 -61.20000076
v -72.30000305 -23.10000038 -45.08290482
v -72.30000305 -23.10000038 -57.90000153
v -72.26628876 -23.10000038 -58.20000076
v -72.24798584 -23.10000038 -58.50000000
v -72.24178314 -23.10000038 -58.79999924
v -72.24225616 -23.10000038 -59.09999847
v -72.24627686 -23.10000038 -59.40000153
v -72.25119019 -23.10000038 -59.70000076
v -72.25450134 -23.10000038 -60.00000000
v -72.25393677 -23.10000038 -60.29999924
v -72.24694824 -23.10000038 -60.59999847
v -72.22970581 -23.10000038 -60.90000153
v -72.19978333 -23.10000038 -61.20000076
v -72.15917206 -23.10000038 -61.50000000
v -72.11912537 -23.10000038 -61.79999924
v -72.07789612 -23.10000038 -62.09999847
v -72.03490448 -23.10000038 -62.40000153
v -72.11261749 -23.10000038 -63.29999924
v -72.20261383 -23.10000038 -63.59999847
v -72.21836090 -23.10000038 -63.90000153
v -72.15171051 -23.10000038 -64.19999695
v -72.01285553 -23.10000038 -64.50000000
v -72.30000305 -23.39999962 -45.18443298
v -72.30000305 -23.39999962 -58.20000076
v -72.29090881 -23.39999962 -58.50000000
v -72.28830719 -23.39999962 -58.79999924
v -72.28907776 -23.39999962 -59.09999847
v -72.29191589 -23.39999962 -59.40000153
v -72.29545593 -23.39999962 -59.70000076
v -72.29846954 -23.39999962 -60.00000000
v -72.30000305 -23.39999962 -60.29999924
v -72.30000305 -23.39999962 -60.59999847
v -72.30000305 -23.39999962 -60.90000153
v -72.30000305 -23.39999962 -61.20000076
v -72.30000305 -23.39999962 -61.50000000
v -72.25606537 -23.39999962 -61.79999924
v -72.21572113 -23.39999962 -62.09999847
v -72.18212128 -23.39999962 -62.40000153
v -72.16940308 -23.39999962 -62.70000076
v -72.20449829 -23.39999962 -63.00000000
v -72.30000305 -23.39999962 -63.29999924
v -72.30000305 -23.31514740 -63.59999847
v -72.30000305 -23.29609108 -63.90000153
v -72.30000305 -23.39999962 -64.19999695
v -72.19570160 -23.39999962 -64.50000000
v -72.09491730 -23.39999962 -64.80000305
v -72.30000305 -23.70000267 -45.29999924
v -72.30000305 -23.45355415 -58.50000000
v -72.30000305 -23.47119713 -58.79999924
v -72.30000305 -23.46837616 -59.09999847
v -72.30000305 -23.45230293 -59.40000153
v -72.30000305 -23.43008232 -59.70000076
v -72.30000305 -23.41006660 -60.00000000
v -72.30000305 -23.53285217 -61.79999924
v -72.30000305 -23.61710167 -62.09999847
v -72.30000305 -23.66406822 -62.40000153
v -72.30000305 -23.66626930 -62.70000076
v -72.30000305 -23.60780907 -63.00000000
v -72.30000305 -23.61309242 -64.50000000
v -72.30000305 -23.70000267 -64.80000305
v -72.17674255 -23.70000267 -65.09999847
v -72.07542419 -23.70000267 -65.40000153
v -72.30000305 -24.00000191 -45.59999847
v -72.26702881 -24.00000191 -65.09999847
v -72.30000305 -24.00000191 -64.98885345
v -72.17263794 -24.00000191 -65.40000153
v -72.08715057 -24.00000191 -65.69999695
v -72.30000305 -24.12981987 -45.90000153
v -72.30000305 -24.30000114 -46.20000076
v -72.27680206 -24.30000114 -65.09999847
v -72.30000305 -24.30000114 -65.01432037
v -72.18341064 -24.30000114 -65.40000153
v -72.07741547 -24.30000114 -65.69999695
v -72.03935242 -24.60000038 -46.20000076
v -72.30000305 -24.60000038 -46.50000000
v -72.21417236 -24.60000038 -65.09999847
v -72.30000305 -24.60000038 -64.83571625
v -72.10935211 -24.60000038 -65.40000153
v -72.30000305 -24.64915657 -46.79999924
v -72.01795959 -24.89999962 -47.09999847
v -72.30000305 -24.70676804 -47.09999847
v -72.05500793 -24.89999962 -47.40000153
v -72.30000305 -24.76869202 -47.40000153
v -72.10939026 -24.89999962 -47.70000076
v -72.30000305 -24.80109215 -47.70000076
v -72.18041229 -24.89999962 -48.00000000
v -72.30000305 -24.83592033 -48.00000000
v -72.30000305 -24.89999962 -48.29999924
v -72.30000305 -24.89999962 -57.00000000
v -72.30000305 -24.89999962 -57.29999924
v -72.30000305 -24.89999962 -57.59999847
v -72.30000305 -24.89999962 -57.90000153
v -72.30000305 -24.89999962 -58.20000076
v -72.30000305 -24.89999962 -58.50000000
v -72.30000305 -24.89999962 -58.79999924
v -72.30000305 -24.89999962 -62.40000153
v -72.30000305 -24.89999962 -62.70000076
v -72.30000305 -24.89999962 -63.00000000
v -72.30000305 -24.89999962 -63.29999924
v -72.30000305 -24.89999962 -63.59999847
v -72.30000305 -24.89999962 -63.90000153
v -72.30000305 -24.89999962 -64.19999695
v -72.30000305 -24.89999962 -64.50000000
v -72.19631195 -24.89999962 -64.80000305
v -72.30000305 -24.63225174 -64.80000305
v -72.06696320 -24.89999962 -65.09999847
v -72.30000305 -24.91824722 -48.59999847
v -72.30000305 -24.95378876 -48.90000153
v -72.30000305 -24.99456215 -49.20000076
v -72.30000305 -25.02634239 -49.50000000
v -72.30000305 -25.03800201 -49.79999924
v -72.30000305 -25.04021645 -50.09999847
v -72.30000305 -25.04080200 -50.40000153
v -72.30000305 -25.04046249 -50.70000076
v -72.30000305 -25.03660011 -51.00000000
v -72.30000305 -25.02865982 -51.29999924
v -72.30000305 -25.01770020 -51.59999847
v -72.30000305 -25.00416374 -51.90000153
v -72.30000305 -25.00412560 -52.20000076
v -72.30000305 -25.01950836 -52.50000000
v -72.30000305 -25.03362274 -52.79999924
v -72.30000305 -25.04561806 -53.09999847
v -72.30000305 -25.05586052 -53.40000153
v -72.30000305 -25.06588745 -53.70000076
v -72.30000305 -25.07328987 -54.00000000
v -72.30000305 -25.06583214 -54.29999924
v -72.30000305 -25.03209114 -54.59999847
v -72.30000305 -24.99431038 -54.90000153
v -72.30000305 -24.97090340 -55.20000076
v -72.00627899 -25.20000076 -55.50000000
v -72.30000305 -24.96577835 -55.50000000
v -72.04070282 -25.20000076 -55.79999924
v -72.30000305 -24.97091293 -55.79999924
v -72.07237244 -25.20000076 -56.09999847
v -72.30000305 -24.96888542 -56.09999847
v -72.08098602 -25.20000076 -56.40000153
v -72.30000305 -24.94397163 -56.40000153
v -72.07798767 -25.20000076 -56.70000076
v -72.30000305 -24.91149521 -56.70000076
v -72.07427979 -25.20000076 -57.00000000
v -72.07282257 -25.20000076 -57.29999924
v -72.07254791 -25.20000076 -57.59999847
v -72.07376099 -25.20000076 -57.90000153
v -72.08072662 -25.20000076 -58.20000076
v -72.10166931 -25.20000076 -58.50000000
v -72.13878632 -25.20000076 -58.79999924
v -72.17680359 -25.20000076 -59.09999847
v -72.30000305 -24.90587616 -59.09999847
v -72.19181824 -25.20000076 -59.40000153
v -72.30000305 -24.91934967 -59.40000153
v -72.19544220 -25.20000076 -59.70000076
v -72.30000305 -24.92963791 -59.70000076
v -72.19815063 -25.20000076 -60.00000000
v -72.30000305 -24.94212151 -60.00000000
v -72.20495605 -25.20000076 -60.29999924
v -72.30000305 -24.96690369 -60.29999924
v -72.21933746 -25.20000076 -60.59999847
v -72.30000305 -25.00922203 -60.59999847
v -72.24716949 -25.20000076 -60.90000153
v -72.30000305 -25.07622910 -60.90000153
v -72.30000305 -25.20000076 -61.20000076
v -72.30000305 -25.20000076 -61.50000000
v -72.16810608 -25.20000076 -61.79999924
v -72.30000305 -24.98263931 -61.79999924
v -72.10449982 -25.20000076 -62.09999847
v -72.30000305 -24.90907860 -62.09999847
v -72.08313751 -25.20000076 -62.40000153
v -72.08042908 -25.20000076 -62.70000076
v -72.08278656 -25.20000076 -63.00000000
v -72.08300781 -25.20000076 -63.29999924
v -72.07572174 -25.20000076 -63.59999847
v -72.05555725 -25.20000076 -63.90000153
v -72.03244019 -25.20000076 -64.19999695
v -72.01718140 -25.20000076 -64.50000000
v -72.36375427 -15.00000000 -48.29999924
v -72.37372589 -15.00000000 -48.59999847
v -72.35988617 -15.00000000 -48.90000153
v -72.33697510 -15.00000000 -49.20000076
v -72.31490326 -15.00000000 -49.50000000
v -72.39216614 -15.30000114 -48.00000000
v -72.55370331 -15.30000114 -48.29999924
v -72.59999847 -15.30000114 -48.59999847
v -72.59999847 -15.30000114 -48.90000153
v -72.57614899 -15.30000114 -49.20000076
v -72.53282166 -15.30000114 -49.50000000
v -72.45686340 -15.30000114 -49.79999924
v -72.59999847 -15.59232330 -48.00000000
v -72.59999847 -15.60000038 -47.99396133
v -72.59999847 -15.36887074 -48.29999924
v -72.59999847 -15.33396721 -49.20000076
v -72.59999847 -15.40436649 -49.50000000
v -72.59999847 -15.52500057 -49.79999924
v -72.53857422 -15.60000038 -50.09999847
v -72.59999847 -15.60000038 -49.94150543
v -72.39002228 -15.60000038 -50.40000153
v -72.59999847 -15.89999962 -47.73561478
v -72.59999847 -15.67272758 -50.09999847
v -72.59999847 -15.81082916 -50.40000153
v -72.56400299 -15.89999962 -50.70000076
v -72.59999847 -15.89999962 -50.61194611
v -72.44113159 -15.89999962 -51.00000000
v -72.31104279 -15.89999962 -51.29999924
v -72.59999847 -15.94304848 -47.70000076
v -72.59999847 -16.20000076 -47.40000153
v -72.59999847 -15.93655491 -50.70000076
v -72.59999847 -16.05803108 -51.00000000
v -72.59999847 -16.18144989 -51.29999924
v -72.47142029 -16.20000076 -51.59999847
v -72.59999847 -16.20000076 -51.34011078
v -72.59999847 -16.50000000 -47.35761261
v -72.59999847 -16.32438469 -51.59999847
v -72.59999847 -16.48867416 -51.90000153
v -72.40180206 -16.50000000 -52.20000076
v -72.59999847 -16.50000000 -51.91759872
v -72.59999847 -16.79999924 -47.37215042
v -72.59999847 -16.69683075 -52.20000076
v -72.49550629 -16.79999924 -52.50000000
v -72.59999847 -16.79999924 -52.34727859
v -72.59999847 -16.97706223 -47.40000153
v -72.59999847 -17.09999847 -47.70000076
v -72.59999847 -16.91744614 -52.50000000
v -72.59999847 -17.09999847 -52.79999924
v -72.41229248 -17.09999847 -53.09999847
v -72.59999847 -17.39999771 -47.70000076
v -72.59999847 -17.39999771 -53.09999847
v -72.44564819 -17.39999771 -53.40000153
v -72.59999847 -17.53072739 -47.40000153
v -72.59999847 -17.70000076 -47.37226105
v -72.59999847 -17.68583298 -53.40000153
v -72.41627502 -17.70000076 -53.70000076
v -72.59999847 -17.70000076 -53.41362762
v -72.59999847 -18.00000000 -47.32975769
v -72.59999847 -17.96626663 -53.70000076
v -72.44398499 -18.00000000 -54.00000000
v -72.59999847 -18.00000000 -53.74155426
v -72.59999847 -18.29999924 -47.29111099
v -72.59999847 -18.18020248 -54.00000000
v -72.55524445 -18.29999924 -54.29999924
v -72.59999847 -18.29999924 -54.20879745
v -72.42250061 -18.29999924 -54.59999847
v -72.59999847 -18.60000038 -47.22346878
v -72.59999847 -18.35645294 -54.29999924
v -72.59999847 -18.50620842 -54.59999847
v -72.59999847 -18.60000038 -54.90000153
v -72.33344269 -18.60000038 -55.20000076
v -72.59999847 -18.89999962 -47.12472534
v -72.49869537 -18.89999962 -55.20000076
v -72.59999847 -18.89999962 -55.03068161
v -72.59999847 -18.96037674 -47.09999847
v -72.59999847 -19.20000076 -46.99968338
v -72.59999847 -19.15025139 -55.20000076
v -72.46913147 -19.20000076 -55.50000000
v -72.59999847 -19.20000076 -55.23797607
v -72.32176971 -19.20000076 -55.79999924
v -72.59999847 -19.50000000 -46.84984207
v -72.59999847 -19.49090195 -55.50000000
v -72.47448730 -19.50000000 -55.79999924
v -72.59999847 -19.50000000 -55.50930786
v -72.35047913 -19.50000000 -56.09999847
v -72.59999847 -19.58734131 -46.79999924
v -72.59999847 -19.79999924 -46.67400742
v -72.59999847 -19.79304123 -55.79999924
v -72.49532318 -19.79999924 -56.09999847
v -72.59999847 -19.79999924 -55.80796051
v -72.40541840 -19.79999924 -56.40000153
v -72.34087372 -19.79999924 -56.70000076
v -72.59999847 -20.07337952 -46.50000000
v -72.59999847 -20.10000038 -46.48284912
v -72.59999847 -20.08982849 -56.09999847
v -72.52177429 -20.10000038 -56.40000153
v -72.59999847 -20.10000038 -56.11261368
v -72.44921112 -20.10000038 -56.70000076
v -72.38565826 -20.10000038 -57.00000000
v -72.31586456 -20.10000038 -57.29999924
v -72.59999847 -20.39999962 -46.29148865
v -72.59999847 -20.39999962 -56.40000153
v -72.51174927 -20.39999962 -56.70000076
v -72.43923950 -20.39999962 -57.00000000
v -72.37906647 -20.39999962 -57.29999924
v -72.33199310 -20.39999962 -57.59999847
v -72.59999847 -20.54581833 -46.20000076
v -72.59999847 -20.69999886 -46.10170746
v -72.53190613 -20.69999886 -56.70000076
v -72.59999847 -20.69999886 -56.45119095
v -72.45976257 -20.69999886 -57.00000000
v -72.40261841 -20.69999886 -57.29999924
v -72.36071014 -20.69999886 -57.59999847
v -72.32862854 -20.69999886 -57.90000153
v -72.30622864 -20.69999886 -58.20000076
v -72.59999847 -20.99999809 -45.90000153
v -72.52233124 -20.99999809 -56.70000076
v -72.59999847 -20.99999809 -56.41930389
v -72.44951630 -20.99999809 -57.00000000
v -72.39144135 -20.99999809 -57.29999924
v -72.34981537 -20.99999809 -57.59999847
v -72.32298279 -20.99999809 -57.90000153
v -72.30998230 -20.99999809 -58.20000076
v -72.30664062 -20.99999809 -58.50000000
v -72.59999847 -21.25772476 -45.59999847
v -72.59999847 -21.29999733 -45.55421066
v -72.58107758 -21.29999733 -56.40000153
v -72.59999847 -21.06669235 -56.40000153
v -72.59999847 -21.29999733 -56.33993149
v -72.49530029 -21.29999733 -56.70000076
v -72.41801453 -21.29999733 -57.00000000
v -72.35402679 -21.29999733 -57.29999924
v -72.31723785 -21.29999733 -57.59999847
v -72.59999847 -21.57265854 -45.29999924
v -72.59999847 -21.60000038 -45.27975845
v -72.54931641 -21.60000038 -56.40000153
v -72.59999847 -21.60000038 -56.23549652
v -72.46501923 -21.60000038 -56.70000076
v -72.38203430 -21.60000038 -57.00000000
v -72.59999847 -21.89999962 -45.13649750
v -72.59999847 -21.89999962 -56.09999847
v -72.52705383 -21.89999962 -56.40000153
v -72.44681549 -21.89999962 -56.70000076
v -72.36574554 -21.89999962 -57.00000000
v -72.59999847 -22.20000076 -45.06076813
v -72.53610992 -22.20000076 -56.40000153
v -72.59999847 -22.20000076 -56.20243835
v -72.44990540 -22.20000076 -56.70000076
v -72.36915588 -22.20000076 -57.00000000
v -72.38497162 -22.50000000 -45.00000000
v -72.59999847 -22.50000000 -45.04694748
v -72.56000519 -22.50000000 -56.40000153
v -72.59999847 -22.50000000 -56.28208160
v -72.47191620 -22.50000000 -56.70000076
v -72.39649200 -22.50000000 -57.00000000
v -72.33688354 -22.50000000 -57.29999924
v -72.59999847 -22.79999924 -45.08283615
v -72.58383179 -22.79999924 -56.40000153
v -72.59999847 -22.79999924 -56.35084915
v -72.50209808 -22.79999924 -56.70000076
v -72.43225861 -22.79999924 -57.00000000
v -72.37162018 -22.79999924 -57.29999924
v -72.31877136 -22.79999924 -57.59999847
v -72.59999847 -23.10000038 -45.16662979
v -72.59999847 -23.10000038 -56.40000153
v -72.53263092 -23.10000038 -56.70000076
v -72.46888733 -23.10000038 -57.00000000
v -72.40834045 -23.10000038 -57.29999924
v -72.35129547 -23.10000038 -57.59999847
v -72.59999847 -23.39999962 -45.29999924
v -72.56250763 -23.39999962 -56.70000076
v -72.59999847 -23.39999962 -56.54061890
v -72.50043488 -23.39999962 -57.00000000
v -72.44291687 -23.39999962 -57.29999924
v -72.38950348 -23.39999962 -57.59999847
v -72.34102631 -23.39999962 -57.90000153
v -72.33575439 -23.39999962 -63.59999847
v -72.33897400 -23.39999962 -63.90000153
v -72.59999847 -23.70000267 -45.59313583
v -72.57920074 -23.70000267 -56.70000076
v -72.59999847 -23.70000267 -56.60886765
v -72.51900482 -23.70000267 -57.00000000
v -72.46655273 -23.70000267 -57.29999924
v -72.42129517 -23.70000267 -57.59999847
v -72.38342285 -23.70000267 -57.90000153
v -72.35530853 -23.70000267 -58.20000076
v -72.34210968 -23.70000267 -58.50000000
v -72.33749390 -23.70000267 -58.79999924
v -72.33680725 -23.70000267 -59.09999847
v -72.33810425 -23.70000267 -59.40000153
v -72.34066010 -23.70000267 -59.70000076
v -72.34410858 -23.70000267 -60.00000000
v -72.34828949 -23.70000267 -60.29999924
v -72.35342407 -23.70000267 -60.59999847
v -72.35979462 -23.70000267 -60.90000153
v -72.36588287 -23.70000267 -61.20000076
v -72.36655426 -23.70000267 -61.50000000
v -72.35232544 -23.70000267 -61.79999924
v -72.33238983 -23.70000267 -62.09999847
v -72.31695557 -23.70000267 -62.40000153
v -72.31775665 -23.70000267 -62.70000076
v -72.34173584 -23.70000267 -63.00000000
v -72.37541962 -23.70000267 -63.29999924
v -72.39328003 -23.70000267 -63.59999847
v -72.39350891 -23.70000267 -63.90000153
v -72.37471008 -23.70000267 -64.19999695
v -72.33870697 -23.70000267 -64.50000000
v -72.59999847 -23.70573235 -45.59999847
v -72.46081543 -24.00000191 -45.90000153
v -72.59999847 -23.87836647 -45.90000153
v -72.59999847 -24.00000191 -46.16938782
v -72.57218170 -24.00000191 -56.70000076
v -72.59999847 -24.00000191 -56.57369995
v -72.51561737 -24.00000191 -57.00000000
v -72.47087097 -24.00000191 -57.29999924
v -72.43657684 -24.00000191 -57.59999847
v -72.41093445 -24.00000191 -57.90000153
v -72.39292908 -24.00000191 -58.20000076
v -72.38162994 -24.00000191 -58.50000000
v -72.37561798 -24.00000191 -58.79999924
v -72.37297058 -24.00000191 -59.09999847
v -72.37263489 -24.00000191 -59.40000153
v -72.37448120 -24.00000191 -59.70000076
v -72.37862396 -24.00000191 -60.00000000
v -72.38498688 -24.00000191 -60.29999924
v -72.39291382 -24.00000191 -60.59999847
v -72.40076447 -24.00000191 -60.90000153
v -72.40640259 -24.00000191 -61.20000076
v -72.40816498 -24.00000191 -61.50000000
v -72.40643311 -24.00000191 -61.79999924
v -72.40296173 -24.00000191 -62.09999847
v -72.40176392 -24.00000191 -62.40000153
v -72.40538788 -24.00000191 -62.70000076
v -72.41109467 -24.00000191 -63.00000000
v -72.41676331 -24.00000191 -63.29999924
v -72.42242432 -24.00000191 -63.59999847
v -72.42395020 -24.00000191 -63.90000153
v -72.41825104 -24.00000191 -64.19999695
v -72.40045166 -24.00000191 -64.50000000
v -72.35361481 -24.00000191 -64.80000305
v -72.59999847 -24.01436424 -46.20000076
v -72.47791290 -24.30000114 -46.50000000
v -72.59999847 -24.14500618 -46.50000000
v -72.55781555 -24.30000114 -46.79999924
v -72.59999847 -24.24333000 -46.79999924
v -72.59999847 -24.30000114 -47.09999847
v -72.59907532 -24.30000114 -56.40000153
v -72.59999847 -24.29347229 -56.40000153
v -72.59999847 -24.30000114 -56.39609146
v -72.53215027 -24.30000114 -56.70000076
v -72.48289490 -24.30000114 -57.00000000
v -72.44941711 -24.30000114 -57.29999924
v -72.42755890 -24.30000114 -57.59999847
v -72.41335297 -24.30000114 -57.90000153
v -72.40354156 -24.30000114 -58.20000076
v -72.39599609 -24.30000114 -58.50000000
v -72.39025116 -24.30000114 -58.79999924
v -72.38649750 -24.30000114 -59.09999847
v -72.38515472 -24.30000114 -59.40000153
v -72.38660431 -24.30000114 -59.70000076
v -72.39122772 -24.30000114 -60.00000000
v -72.39925385 -24.30000114 -60.29999924
v -72.40927887 -24.30000114 -60.59999847
v -72.41807556 -24.30000114 -60.90000153
v -72.42274475 -24.30000114 -61.20000076
v -72.42350769 -24.30000114 -61.50000000
v -72.42294312 -24.30000114 -61.79999924
v -72.42231750 -24.30000114 -62.09999847
v -72.42301941 -24.30000114 -62.40000153
v -72.42454529 -24.30000114 -62.70000076
v -72.42530060 -24.30000114 -63.00000000
v -72.42629242 -24.30000114 -63.29999924
v -72.42939758 -24.30000114 -63.59999847
v -72.43256378 -24.30000114 -63.90000153
v -72.42913055 -24.30000114 -64.19999695
v -72.40693665 -24.30000114 -64.50000000
v -72.35505676 -24.30000114 -64.80000305
v -72.34558105 -24.60000038 -46.79999924
v -72.41571808 -24.60000038 -47.09999847
v -72.59999847 -24.60000038 -47.40000153
v -72.59999847 -24.60000038 -47.70000076
v -72.59999847 -24.60000038 -48.00000000
v -72.59999847 -24.60000038 -55.50000000
v -72.59999847 -24.60000038 -55.79999924
v -72.59999847 -24.60000038 -56.09999847
v -72.50660706 -24.60000038 -56.40000153
v -72.44786072 -24.60000038 -56.70000076
v -72.41435242 -24.60000038 -57.00000000
v -72.39633942 -24.60000038 -57.29999924
v -72.38693237 -24.60000038 -57.59999847
v -72.38199615 -24.60000038 -57.90000153
v -72.37835693 -24.60000038 -58.20000076
v -72.37434387 -24.60000038 -58.50000000
v -72.36997223 -24.60000038 -58.79999924
v -72.36688232 -24.60000038 -59.09999847
v -72.36643219 -24.60000038 -59.40000153
v -72.36824799 -24.60000038 -59.70000076
v -72.37292480 -24.60000038 -60.00000000
v -72.38211823 -24.60000038 -60.29999924
v -72.39497375 -24.60000038 -60.59999847
v -72.40761566 -24.60000038 -60.90000153
v -72.41428375 -24.60000038 -61.20000076
v -72.41168213 -24.60000038 -61.50000000
v -72.40230560 -24.60000038 -61.79999924
v -72.39320374 -24.60000038 -62.09999847
v -72.39053345 -24.60000038 -62.40000153
v -72.39056396 -24.60000038 -62.70000076
v -72.39064789 -24.60000038 -63.00000000
v -72.39144897 -24.60000038 -63.29999924
v -72.39418793 -24.60000038 -63.59999847
v -72.39806366 -24.60000038 -63.90000153
v -72.39694977 -24.60000038 -64.19999695
v -72.37422180 -24.60000038 -64.50000000
v -72.31052399 -24.60000038 -64.80000305
v -72.59999847 -24.63265419 -48.29999924
v -72.33055878 -24.89999962 -48.59999847
v -72.59999847 -24.70132256 -48.59999847
v -72.40155029 -24.89999962 -48.90000153
v -72.59999847 -24.78122520 -48.90000153
v -72.49122620 -24.89999962 -49.20000076
v -72.59999847 -24.83646393 -49.20000076
v -72.59999847 -24.89999962 -49.50000000
v -72.59999847 -24.89999962 -49.79999924
v -72.59999847 -24.89999962 -50.09999847
v -72.59999847 -24.89999962 -51.59999847
v -72.52577209 -24.89999962 -51.90000153
v -72.59999847 -24.85876846 -51.90000153
v -72.52433777 -24.89999962 -52.20000076
v -72.59999847 -24.85658836 -52.20000076
v -72.59999847 -24.89999962 -52.50000000
v -72.59999847 -24.89999962 -52.79999924
v -72.59999847 -24.89999962 -53.09999847
v -72.59999847 -24.89999962 -53.40000153
v -72.59999847 -24.89999962 -53.70000076
v -72.59999847 -24.89999962 -54.29999924
v -72.46913910 -24.89999962 -54.59999847
v -72.59999847 -24.75407982 -54.59999847
v -72.40156555 -24.89999962 -54.90000153
v -72.59999847 -24.65868950 -54.90000153
v -72.37116241 -24.89999962 -55.20000076
v -72.59999847 -24.60909462 -55.20000076
v -72.36445618 -24.89999962 -55.50000000
v -72.36727142 -24.89999962 -55.79999924
v -72.36105347 -24.89999962 -56.09999847
v -72.33317566 -24.89999962 -56.40000153
v -72.30751801 -24.89999962 -56.70000076
v -72.30216217 -24.89999962 -59.09999847
v -72.30664062 -24.89999962 -59.40000153
v -72.31013489 -24.89999962 -59.70000076
v -72.31465149 -24.89999962 -60.00000000
v -72.32382965 -24.89999962 -60.29999924
v -72.33944702 -24.89999962 -60.59999847
v -72.36031342 -24.89999962 -60.90000153
v -72.37807465 -24.89999962 -61.20000076
v -72.37251282 -24.89999962 -61.50000000
v -72.33582306 -24.89999962 -61.79999924
v -72.30478668 -24.89999962 -62.09999847
v -72.59999847 -24.90882492 -50.40000153
v -72.59999847 -24.91638565 -50.70000076
v -72.59999847 -24.91479683 -51.00000000
v -72.59999847 -24.90637589 -51.29999924
v -72.59999847 -24.90133667 -54.00000000
v -72.60620880 -15.60000038 -48.00000000
v -72.76928711 -15.60000038 -48.29999924
v -72.82122803 -15.60000038 -48.59999847
v -72.81703949 -15.60000038 -48.90000153
v -72.77888489 -15.60000038 -49.20000076
v -72.72032928 -15.60000038 -49.50000000
v -72.64738464 -15.60000038 -49.79999924
v -72.90000153 -15.86942291 -48.00000000
v -72.90000153 -15.89999962 -47.94613647
v -72.90000153 -15.74986649 -48.29999924
v -72.90000153 -15.70102882 -48.59999847
v -72.90000153 -15.71323967 -48.90000153
v -72.90000153 -15.77794838 -49.20000076
v -72.90000153 -15.89999962 -49.50000000
v -72.85689545 -15.89999962 -49.79999924
v -72.78110504 -15.89999962 -50.09999847
v -72.67945099 -15.89999962 -50.40000153
v -72.90000153 -16.04936600 -47.70000076
v -72.90000153 -16.20000076 -47.40000153
v -72.90000153 -15.95365334 -49.79999924
v -72.90000153 -16.04356766 -50.09999847
v -72.90000153 -16.15544701 -50.40000153
v -72.83731842 -16.20000076 -50.70000076
v -72.90000153 -16.20000076 -50.51392365
v -72.73293304 -16.20000076 -51.00000000
v -72.61809540 -16.20000076 -51.29999924
v -72.90000153 -16.50000000 -47.40000153
v -72.90000153 -16.27627563 -50.70000076
v -72.90000153 -16.39496803 -51.00000000
v -72.90000153 -16.50000000 -51.29999924
v -72.76528168 -16.50000000 -51.59999847
v -72.61104584 -16.50000000 -51.90000153
v -72.90000153 -16.79999924 -47.40000153
v -72.90000153 -16.66005516 -51.59999847
v -72.90000153 -16.79999924 -51.90000153
v -72.69137573 -16.79999924 -52.20000076
v -72.90000153 -17.09999847 -47.40000153
v -72.90000153 -17.09925270 -52.20000076
v -72.73339081 -17.09999847 -52.50000000
v -72.90000153 -17.09999847 -52.20084763
v -72.90000153 -17.39999771 -47.40000153
v -72.90000153 -17.39999771 -52.50000000
v -72.75386810 -17.39999771 -52.79999924
v -72.90000153 -17.70000076 -47.40000153
v -72.90000153 -17.70000076 -52.79999924
v -72.75528717 -17.70000076 -53.09999847
v -72.60737610 -17.70000076 -53.40000153
v -72.90000153 -18.00000000 -47.40000153
v -72.89813232 -18.00000000 -53.09999847
v -72.90000153 -18.00000000 -53.09608841
v -72.76115417 -18.00000000 -53.40000153
v -72.62047577 -18.00000000 -53.70000076
v -72.90000153 -18.29999924 -47.33502579
v -72.90000153 -18.00432014 -53.09999847
v -72.90000153 -18.28835297 -53.40000153
v -72.79872131 -18.29999924 -53.70000076
v -72.90000153 -18.29999924 -53.41604614
v -72.68745422 -18.29999924 -54.00000000
v -72.90000153 -18.60000038 -47.25367737
v -72.90000153 -18.49516869 -53.70000076
v -72.90000153 -18.60000038 -54.00000000
v -72.75169373 -18.60000038 -54.29999924
v -72.65804291 -18.60000038 -54.59999847
v -72.90000153 -18.89999962 -47.15617371
v -72.85179138 -18.89999962 -54.29999924
v -72.90000153 -18.89999962 -54.16302490
v -72.76055145 -18.89999962 -54.59999847
v -72.66374207 -18.89999962 -54.90000153
v -72.90000153 -19.05573845 -47.09999847
v -72.90000153 -19.20000076 -47.04748535
v -72.90000153 -19.20000076 -54.29999924
v -72.83010101 -19.20000076 -54.59999847
v -72.73707581 -19.20000076 -54.90000153
v -72.61734772 -19.20000076 -55.20000076
v -72.90000153 -19.50000000 -46.91881180
v -72.90000153 -19.50000000 -54.59999847
v -72.81839752 -19.50000000 -54.90000153
v -72.71906281 -19.50000000 -55.20000076
v -72.60375214 -19.50000000 -55.50000000
v -72.90000153 -19.71941376 -46.79999924
v -72.90000153 -19.79999924 -46.75366592
v -72.90000153 -19.79999924 -54.90000153
v -72.81463623 -19.79999924 -55.20000076
v -72.71147919 -19.79999924 -55.50000000
v -72.60272217 -19.79999924 -55.79999924
v -72.67457581 -20.10000038 -46.50000000
v -72.90000153 -20.10000038 -46.55587769
v -72.90000153 -20.10000038 -55.20000076
v -72.79245758 -20.10000038 -55.50000000
v -72.69345856 -20.10000038 -55.79999924
v -72.60334015 -20.10000038 -56.09999847
v -72.90000153 -20.17856789 -46.50000000
v -72.90000153 -20.39999962 -46.34614182
v -72.83554077 -20.39999962 -55.50000000
v -72.90000153 -20.39999962 -55.26452637
v -72.74944305 -20.39999962 -55.79999924
v -72.66854095 -20.39999962 -56.09999847
v -72.90000153 -20.61108780 -46.20000076
v -72.90000153 -20.69999886 -46.13910675
v -72.85483551 -20.69999886 -55.50000000
v -72.90000153 -20.69999886 -55.31669617
v -72.77539062 -20.69999886 -55.79999924
v -72.69403076 -20.69999886 -56.09999847
v -72.61395264 -20.69999886 -56.40000153
v -72.90000153 -20.99999809 -45.93296432
v -72.86208344 -20.99999809 -55.50000000
v -72.90000153 -20.99999809 -55.35068130
v -72.78023529 -20.99999809 -55.79999924
v -72.69362640 -20.99999809 -56.09999847
v -72.60543060 -20.99999809 -56.40000153
v -72.90000153 -21.29999733 -45.59999847
v -72.90000153 -21.04253578 -45.90000153
v -72.86552429 -21.29999733 -55.50000000
v -72.90000153 -21.29999733 -55.37588882
v -72.77322388 -21.29999733 -55.79999924
v -72.67610168 -21.29999733 -56.09999847
v -72.90000153 -21.60000038 -45.29999924
v -72.87502289 -21.60000038 -55.50000000
v -72.90000153 -21.60000038 -55.41636276
v -72.76267242 -21.60000038 -55.79999924
v -72.64417267 -21.60000038 -56.09999847
v -72.90000153 -21.89999962 -45.19064331
v -72.90000153 -21.89999962 -55.50000000
v -72.75762939 -21.89999962 -55.79999924
v -72.90000153 -22.20000076 -45.15324402
v -72.90000153 -22.20000076 -55.50000000
v -72.76528931 -22.20000076 -55.79999924
v -72.63523865 -22.20000076 -56.09999847
v -72.90000153 -22.50000000 -45.17095184
v -72.88356781 -22.50000000 -55.50000000
v -72.90000153 -22.50000000 -55.44644165
v -72.77423096 -22.50000000 -55.79999924
v -72.66274261 -22.50000000 -56.09999847
v -72.90000153 -22.79999924 -45.22140121
v -72.88226318 -22.79999924 -55.50000000
v -72.90000153 -22.79999924 -55.43858719
v -72.78612518 -22.79999924 -55.79999924
v -72.68373108 -22.79999924 -56.09999847
v -72.90000153 -23.10000038 -45.29999924
v -72.88934326 -23.10000038 -55.50000000
v -72.90000153 -23.10000038 -55.45822525
v -72.80128479 -23.10000038 -55.79999924
v -72.70306396 -23.10000038 -56.09999847
v -72.90000153 -23.39999962 -45.59309006
v -72.89832306 -23.39999962 -55.50000000
v -72.90000153 -23.39999962 -55.49173737
v -72.81381226 -23.39999962 -55.79999924
v -72.72158813 -23.39999962 -56.09999847
v -72.63411713 -23.39999962 -56.40000153
v -72.60570526 -23.70000267 -45.59999847
v -72.90000153 -23.40567970 -45.59999847
v -72.77635193 -23.70000267 -45.90000153
v -72.90000153 -23.56698608 -45.90000153
v -72.90000153 -23.70000267 -46.20000076
v -72.90000153 -23.70000267 -55.50000000
v -72.81038666 -23.70000267 -55.79999924
v -72.72554779 -23.70000267 -56.09999847
v -72.64836884 -23.70000267 -56.40000153
v -72.61331940 -24.00000191 -46.20000076
v -72.71466064 -24.00000191 -46.50000000
v -72.90000153 -23.77505493 -46.50000000
v -72.78514099 -24.00000191 -46.79999924
v -72.90000153 -23.84787750 -46.79999924
v -72.84655762 -24.00000191 -47.09999847
v -72.90000153 -23.92555237 -47.09999847
v -72.90000153 -24.00000191 -47.33205032
v -72.90000153 -24.00000191 -54.90000153
v -72.86503601 -24.00000191 -55.20000076
v -72.90000153 -23.84631729 -55.20000076
v -72.82801819 -24.00000191 -55.50000000
v -72.77244568 -24.00000191 -55.79999924
v -72.70694733 -24.00000191 -56.09999847
v -72.63857269 -24.00000191 -56.40000153
v -72.73570251 -24.30000114 -47.40000153
v -72.90000153 -24.02478027 -47.40000153
v -72.79596710 -24.30000114 -47.70000076
v -72.90000153 -24.12429428 -47.70000076
v -72.82873535 -24.30000114 -48.00000000
v -72.90000153 -24.19108772 -48.00000000
v -72.85987854 -24.30000114 -48.29999924
v -72.90000153 -24.24309540 -48.29999924
v -72.90000153 -24.30000114 -48.59999847
v -72.90000153 -24.30000114 -54.29999924
v -72.84111786 -24.30000114 -54.59999847
v -72.90000153 -24.12783623 -54.59999847
v -72.79336548 -24.30000114 -54.90000153
v -72.75866699 -24.30000114 -55.20000076
v -72.73271179 -24.30000114 -55.50000000
v -72.70529175 -24.30000114 -55.79999924
v -72.66511536 -24.30000114 -56.09999847
v -72.63072968 -24.60000038 -48.29999924
v -72.70889282 -24.60000038 -48.59999847
v -72.90000153 -24.60000038 -48.90000153
v -72.90000153 -24.60000038 -49.20000076
v -72.90000153 -24.60000038 -52.20000076
v -72.90000153 -24.60000038 -52.50000000
v -72.90000153 -24.60000038 -52.79999924
v -72.90000153 -24.60000038 -53.09999847
v -72.90000153 -24.60000038 -53.40000153
v -72.90000153 -24.60000038 -53.70000076
v -72.90000153 -24.60000038 -54.00000000
v -72.78732300 -24.60000038 -54.29999924
v -72.70210266 -24.60000038 -54.59999847
v -72.63978577 -24.60000038 -54.90000153
v -72.60604095 -24.60000038 -55.20000076
v -72.90000153 -24.60850906 -49.50000000
v -72.90000153 -24.63604355 -49.79999924
v -72.90000153 -24.68886948 -50.09999847
v -72.61813354 -24.89999962 -50.40000153
v -72.90000153 -24.75046921 -50.40000153
v -72.63611603 -24.89999962 -50.70000076
v -72.90000153 -24.77285576 -50.70000076
v -72.63289642 -24.89999962 -51.00000000
v -72.90000153 -24.77222252 -51.00000000
v -72.61330414 -24.89999962 -51.29999924
v -72.90000153 -24.74761772 -51.29999924
v -72.90000153 -24.67922783 -51.59999847
v -72.90000153 -24.61730003 -51.90000153
v -72.60165405 -24.89999962 -54.00000000
v -72.92917633 -15.89999962 -48.00000000
v -73.02354431 -15.89999962 -48.29999924
v -73.05212402 -15.89999962 -48.59999847
v -73.03881073 -15.89999962 -48.90000153
v -72.98970795 -15.89999962 -49.20000076
v -73.04757690 -16.20000076 -47.70000076
v -73.19999695 -16.20000076 -48.00000000
v -73.19999695 -16.12342644 -48.29999924
v -73.19999695 -16.09811783 -48.59999847
v -73.19999695 -16.11284828 -48.90000153
v -73.19999695 -16.15564156 -49.20000076
v -73.18572998 -16.20000076 -49.50000000
v -73.19999695 -16.20000076 -49.41943741
v -73.11665344 -16.20000076 -49.79999924
v -73.03194427 -16.20000076 -50.09999847
v -72.93745422 -16.20000076 -50.40000153
v -73.18810272 -16.50000000 -47.70000076
v -73.19999695 -16.50000000 -47.71361923
v -73.19999695 -16.21505928 -49.50000000
v -73.19999695 -16.29116249 -49.79999924
v -73.19999695 -16.40142632 -50.09999847
v -73.17774963 -16.50000000 -50.40000153
v -73.19999695 -16.50000000 -50.33585358
v -73.07670593 -16.50000000 -50.70000076
v -72.98268890 -16.50000000 -51.00000000
v -73.19999695 -16.79999924 -47.70000076
v -73.19999695 -16.53004074 -50.40000153
v -73.19999695 -16.67995071 -50.70000076
v -73.17467499 -16.79999924 -51.00000000
v -73.19999695 -16.79999924 -50.92566681
v -73.08895874 -16.79999924 -51.29999924
v -73.00186157 -16.79999924 -51.59999847
v -73.19999695 -17.09999847 -47.70000076
v -73.19999695 -16.85227966 -51.00000000
v -73.19999695 -17.00909805 -51.29999924
v -73.19999695 -17.09999847 -51.59999847
v -73.05788422 -17.09999847 -51.90000153
v -72.90045166 -17.09999847 -52.20000076
v -73.19999695 -17.39999771 -47.70000076
v -73.19999695 -17.39999771 -51.90000153
v -73.05789185 -17.39999771 -52.20000076
v -73.19999695 -17.70000076 -47.70000076
v -73.19999695 -17.68733025 -52.20000076
v -73.05305481 -17.70000076 -52.50000000
v -73.19999695 -17.70000076 -52.21221542
v -73.19999695 -18.00000000 -47.70000076
v -73.19380188 -18.00000000 -52.50000000
v -73.19999695 -18.00000000 -52.48785782
v -73.04019165 -18.00000000 -52.79999924
v -73.19999695 -18.29999924 -47.40000153
v -73.19999695 -18.01448059 -52.50000000
v -73.16291046 -18.29999924 -52.79999924
v -73.19999695 -18.29999924 -52.72864914
v -73.02306366 -18.29999924 -53.09999847
v -72.90524292 -18.29999924 -53.40000153
v -73.19999695 -18.60000038 -47.29501724
v -73.19999695 -18.40934372 -52.79999924
v -73.12524414 -18.60000038 -53.09999847
v -73.19999695 -18.60000038 -52.93487167
v -73.02136993 -18.60000038 -53.40000153
v -72.94610596 -18.60000038 -53.70000076
v -73.19999695 -18.89999962 -47.19841003
v -73.19999695 -18.89999962 -53.09999847
v -73.11542511 -18.89999962 -53.40000153
v -73.03434753 -18.89999962 -53.70000076
v -72.95364380 -18.89999962 -54.00000000
v -73.13315582 -19.20000076 -47.09999847
v -73.19999695 -19.20000076 -47.11540985
v -73.19999695 -19.20000076 -53.40000153
v -73.10289764 -19.20000076 -53.70000076
v -73.00627136 -19.20000076 -54.00000000
v -73.19999695 -19.25226402 -47.09999847
v -73.19999695 -19.50000000 -47.02154160
v -73.15885925 -19.50000000 -53.70000076
v -73.19999695 -19.50000000 -53.57316589
v -73.06448364 -19.50000000 -54.00000000
v -72.97649384 -19.50000000 -54.29999924
v -73.02011108 -19.79999924 -46.79999924
v -73.19999695 -19.79999924 -46.87805176
v -73.19999695 -19.77038193 -53.70000076
v -73.11405182 -19.79999924 -54.00000000
v -73.19999695 -19.79999924 -53.71450043
v -73.03438568 -19.79999924 -54.29999924
v -72.96385193 -19.79999924 -54.59999847
v -73.19999695 -19.90996552 -46.79999924
v -73.19999695 -20.10000038 -46.66431046
v -73.15066528 -20.10000038 -54.00000000
v -73.19999695 -20.10000038 -53.82667923
v -73.07605743 -20.10000038 -54.29999924
v -73.00979614 -20.10000038 -54.59999847
v -72.95226288 -20.10000038 -54.90000153
v -73.19999695 -20.30598640 -46.50000000
v -73.19999695 -20.39999962 -46.42855072
v -73.17546844 -20.39999962 -54.00000000
v -73.19999695 -20.39999962 -53.90877914
v -73.10460663 -20.39999962 -54.29999924
v -73.04022980 -20.39999962 -54.59999847
v -72.97981262 -20.39999962 -54.90000153
v -72.91704559 -20.39999962 -55.20000076
v -73.19999695 -20.69999886 -46.20000076
v -73.19094086 -20.69999886 -54.00000000
v -73.19999695 -20.69999886 -53.96479416
v -73.12313080 -20.69999886 -54.29999924
v -73.05942535 -20.69999886 -54.59999847
v -72.99575043 -20.69999886 -54.90000153
v -72.92852783 -20.69999886 -55.20000076
v -73.19999695 -20.99999809 -46.04091263
v -73.19999695 -20.99999809 -54.00000000
v -73.13574982 -20.99999809 -54.29999924
v -73.07290649 -20.99999809 -54.59999847
v -73.00773621 -20.99999809 -54.90000153
v -72.93805695 -20.99999809 -55.20000076
v -73.19999695 -21.29999733 -45.90000153
v -73.14672852 -21.29999733 -54.29999924
v -73.19999695 -21.29999733 -54.04924011
v -73.08466339 -21.29999733 -54.59999847
v -73.01951599 -21.29999733 -54.90000153
v -72.94802094 -21.29999733 -55.20000076
v -73.19999695 -21.57249260 -45.59999847
v -73.19999695 -21.60000038 -45.57360840
v -73.15640259 -21.60000038 -54.29999924
v -73.19999695 -21.60000038 -54.09012222
v -73.09552765 -21.60000038 -54.59999847
v -73.03167725 -21.60000038 -54.90000153
v -72.96126556 -21.60000038 -55.20000076
v -73.19999695 -21.89999962 -45.29999924
v -73.16434479 -21.89999962 -54.29999924
v -73.19999695 -21.89999962 -54.12470245
v -73.10423279 -21.89999962 -54.59999847
v -73.04143524 -21.89999962 -54.90000153
v -72.97479248 -21.89999962 -55.20000076
v -73.19999695 -22.20000076 -45.29999924
v -73.16979218 -22.20000076 -54.29999924
v -73.19999695 -22.20000076 -54.14987183
v -73.10961914 -22.20000076 -54.59999847
v -73.04603577 -22.20000076 -54.90000153
v -72.97760773 -22.20000076 -55.20000076
v -73.09107971 -22.50000000 -45.29999924
v -73.19999695 -22.50000000 -45.41261673
v -73.17076111 -22.50000000 -54.29999924
v -73.19999695 -22.50000000 -54.15439606
v -73.11022186 -22.50000000 -54.59999847
v -73.04503632 -22.50000000 -54.90000153
v -72.97184753 -22.50000000 -55.20000076
v -73.00691986 -22.79999924 -45.29999924
v -73.19999695 -22.79999924 -45.50608063
v -73.16378021 -22.79999924 -54.29999924
v -73.19999695 -22.79999924 -54.11949921
v -73.10375977 -22.79999924 -54.59999847
v -73.03942871 -22.79999924 -54.90000153
v -72.96721649 -22.79999924 -55.20000076
v -73.19999695 -23.10000038 -45.59999847
v -73.14476013 -23.10000038 -54.29999924
v -73.19999695 -23.10000038 -54.02206802
v -73.08718109 -23.10000038 -54.59999847
v -73.02827454 -23.10000038 -54.90000153
v -72.96440125 -23.10000038 -55.20000076
v -72.90538025 -23.39999962 -45.59999847
v -73.03501892 -23.39999962 -45.90000153
v -73.19999695 -23.16219521 -45.90000153
v -73.10253906 -23.39999962 -46.20000076
v -73.19999695 -23.22310829 -46.20000076
v -73.15227509 -23.39999962 -46.50000000
v -73.19999695 -23.30803680 -46.50000000
v -73.19999695 -23.39999962 -46.78307724
v -73.16786194 -23.39999962 -54.00000000
v -73.19999695 -23.13673401 -54.00000000
v -73.19999695 -23.39999962 -53.83857346
v -73.11059570 -23.39999962 -54.29999924
v -73.05703735 -23.39999962 -54.59999847
v -73.00660706 -23.39999962 -54.90000153
v -72.95680237 -23.39999962 -55.20000076
v -72.95666504 -23.70000267 -46.50000000
v -73.00623322 -23.70000267 -46.79999924
v -73.19999695 -23.40451050 -46.79999924
v -73.05300140 -23.70000267 -47.09999847
v -73.19999695 -23.47543335 -47.09999847
v -73.09845734 -23.70000267 -47.40000153
v -73.19999695 -23.53675461 -47.40000153
v -73.14613342 -23.70000267 -47.70000076
v -73.19999695 -23.60673714 -47.70000076
v -73.19999695 -23.70000267 -48.00000000
v -73.16983032 -23.70000267 -53.70000076
v -73.19999695 -23.54500771 -53.70000076
v -73.19999695 -23.70000267 -53.51623154
v -73.11489868 -23.70000267 -54.00000000
v -73.06007385 -23.70000267 -54.29999924
v -73.00970459 -23.70000267 -54.59999847
v -72.96659851 -23.70000267 -54.90000153
v -72.93129730 -23.70000267 -55.20000076
v -72.91461945 -24.00000191 -47.40000153
v -72.97209167 -24.00000191 -47.70000076
v -73.02038574 -24.00000191 -48.00000000
v -73.06951141 -24.00000191 -48.29999924
v -73.19999695 -23.79347038 -48.29999924
v -73.13504028 -24.00000191 -48.59999847
v -73.19999695 -23.90219307 -48.59999847
v -73.19999695 -24.00000191 -48.82312012
v -73.19999695 -24.00000191 -52.79999924
v -73.16919708 -24.00000191 -53.09999847
v -73.19999695 -23.90304947 -53.09999847
v -73.13829803 -24.00000191 -53.40000153
v -73.19999695 -23.77214622 -53.40000153
v -73.09973907 -24.00000191 -53.70000076
v -73.04929352 -24.00000191 -54.00000000
v -72.99168396 -24.00000191 -54.29999924
v -72.94070435 -24.00000191 -54.59999847
v -73.03794098 -24.30000114 -48.90000153
v -73.19999695 -24.03543854 -48.90000153
v -73.10970306 -24.30000114 -49.20000076
v -73.19999695 -24.16216469 -49.20000076
v -73.15353394 -24.30000114 -49.50000000
v -73.19999695 -24.24086571 -49.50000000
v -73.17973328 -24.30000114 -49.79999924
v -73.19999695 -24.27659225 -49.79999924
v -73.19999695 -24.30000114 -50.09999847
v -73.19999695 -24.30000114 -51.59999847
v -73.15647888 -24.30000114 -51.90000153
v -73.19999695 -24.24431229 -51.90000153
v -73.12030029 -24.30000114 -52.20000076
v -73.19999695 -24.17703247 -52.20000076
v -73.09046936 -24.30000114 -52.50000000
v -73.19999695 -24.09311867 -52.50000000
v -73.06859589 -24.30000114 -52.79999924
v -73.05329895 -24.30000114 -53.09999847
v -73.03834534 -24.30000114 -53.40000153
v -73.01676178 -24.30000114 -53.70000076
v -72.97693634 -24.30000114 -54.00000000
v -72.90784454 -24.60000038 -49.50000000
v -72.93463898 -24.60000038 -49.79999924
v -73.00207520 -24.60000038 -50.09999847
v -73.19999695 -24.60000038 -50.40000153
v -73.19999695 -24.60000038 -50.70000076
v -73.19999695 -24.60000038 -51.00000000
v -73.19999695 -24.60000038 -51.29999924
v -72.99275208 -24.60000038 -51.59999847
v -72.91719818 -24.60000038 -51.90000153
v -73.25907898 -16.20000076 -48.29999924
v -73.27642822 -16.20000076 -48.59999847
v -73.26766968 -16.20000076 -48.90000153
v -73.23799133 -16.20000076 -49.20000076
v -73.41847992 -16.50000000 -48.00000000
v -73.50000000 -16.50000000 -48.29999924
v -73.50000000 -16.50000000 -48.59999847
v -73.50000000 -16.50000000 -48.90000153
v -73.50000000 -16.50000000 -49.20000076
v -73.49101257 -16.50000000 -49.50000000
v -73.41213989 -16.50000000 -49.79999924
v -73.28598785 -16.50000000 -50.09999847
v -73.50000000 -16.59096718 -48.00000000
v -73.50000000 -16.79999924 -47.86097717
v -73.50000000 -16.50868225 -49.50000000
v -73.50000000 -16.58556175 -49.79999924
v -73.50000000 -16.79999924 -50.09999847
v -73.41780853 -16.79999924 -50.40000153
v -73.28619385 -16.79999924 -50.70000076
v -73.50000000 -17.09999847 -47.81506348
v -73.50000000 -16.89664459 -50.40000153
v -73.44530487 -17.09999847 -50.70000076
v -73.50000000 -17.09999847 -50.62271118
v -73.31532288 -17.09999847 -51.00000000
v -73.24410248 -17.09999847 -51.29999924
v -73.50000000 -17.39999771 -47.82022095
v -73.50000000 -17.39999771 -50.70000076
v -73.41082764 -17.39999771 -51.00000000
v -73.35948944 -17.39999771 -51.29999924
v -73.30662537 -17.39999771 -51.59999847
v -73.50000000 -17.70000076 -47.83135223
v -73.50000000 -17.70000076 -51.00000000
v -73.50000000 -17.70000076 -51.29999924
v -73.47100067 -17.70000076 -51.59999847
v -73.35053253 -17.70000076 -51.90000153
v -73.20642090 -17.70000076 -52.20000076
v -73.50000000 -18.00000000 -47.80707169
v -73.50000000 -17.73898506 -51.59999847
v -73.50000000 -18.00000000 -51.90000153
v -73.35162354 -18.00000000 -52.20000076
v -73.50000000 -18.29999924 -47.70000076
v -73.50000000 -18.29999924 -52.20000076
v -73.32904816 -18.29999924 -52.50000000
v -73.50000000 -18.52218819 -47.40000153
v -73.50000000 -18.60000038 -47.35182953
v -73.44920349 -18.60000038 -52.50000000
v -73.50000000 -18.60000038 -52.43697357
v -73.26774597 -18.60000038 -52.79999924
v -73.50000000 -18.89999962 -47.26198196
v -73.50000000 -18.89999962 -52.50000000
v -73.36182404 -18.89999962 -52.79999924
v -73.50000000 -19.20000076 -47.21865845
v -73.46632385 -19.20000076 -52.79999924
v -73.50000000 -19.20000076 -52.75371170
v -73.30273438 -19.20000076 -53.09999847
v -73.35847473 -19.50000000 -47.09999847
v -73.50000000 -19.50000000 -47.17451096
v -73.50000000 -19.50000000 -52.79999924
v -73.36223602 -19.50000000 -53.09999847
v -73.25778198 -19.50000000 -53.40000153
v -73.50000000 -19.79999924 -47.09999847
v -73.50000000 -19.79999924 -52.79999924
v -73.41498566 -19.79999924 -53.09999847
v -73.30793762 -19.79999924 -53.40000153
v -73.20458221 -19.79999924 -53.70000076
v -73.45785522 -20.10000038 -46.79999924
v -73.50000000 -20.10000038 -46.82872009
v -73.48893738 -20.10000038 -53.09999847
v -73.50000000 -20.10000038 -53.08239746
v -73.34516144 -20.10000038 -53.40000153
v -73.23776245 -20.10000038 -53.70000076
v -73.37437439 -20.39999962 -46.50000000
v -73.50000000 -20.12956619 -46.79999924
v -73.50000000 -20.39999962 -46.56309891
v -73.50000000 -20.39999962 -53.09999847
v -73.36249542 -20.39999962 -53.40000153
v -73.25852966 -20.39999962 -53.70000076
v -73.50000000 -20.47453690 -46.50000000
v -73.50000000 -20.69999886 -46.34329224
v -73.50000000 -20.69999886 -53.09999847
v -73.36933136 -20.69999886 -53.40000153
v -73.27062225 -20.69999886 -53.70000076
v -73.50000000 -20.99999809 -46.20000076
v -73.50000000 -20.99999809 -53.09999847
v -73.37335968 -20.99999809 -53.40000153
v -73.27832794 -20.99999809 -53.70000076
v -73.50000000 -21.29999733 -46.02625656
v -73.50000000 -21.29999733 -53.09999847
v -73.37644958 -21.29999733 -53.40000153
v -73.28493500 -21.29999733 -53.70000076
v -73.21073914 -21.29999733 -54.00000000
v -73.22187805 -21.60000038 -45.59999847
v -73.48513794 -21.60000038 -45.90000153
v -73.50000000 -21.60000038 -45.91220474
v -73.50000000 -21.60000038 -53.09999847
v -73.37895966 -21.60000038 -53.40000153
v -73.29045868 -21.60000038 -53.70000076
v -73.21908569 -21.60000038 -54.00000000
v -73.34684753 -21.89999962 -45.59999847
v -73.50000000 -21.89999962 -45.90000153
v -73.50000000 -21.89999962 -53.09999847
v -73.38094330 -21.89999962 -53.40000153
v -73.29505157 -21.89999962 -53.70000076
v -73.22576141 -21.89999962 -54.00000000
v -73.36527252 -22.20000076 -45.59999847
v -73.50000000 -22.20000076 -45.90000153
v -73.50000000 -22.20000076 -53.09999847
v -73.38243103 -22.20000076 -53.40000153
v -73.29849243 -22.20000076 -53.70000076
v -73.23056030 -22.20000076 -54.00000000
v -73.32528687 -22.50000000 -45.59999847
v -73.44550323 -22.50000000 -45.90000153
v -73.50000000 -22.50000000 -46.20000076
v -73.50000000 -22.50000000 -46.50000000
v -73.50000000 -22.50000000 -46.79999924
v -73.50000000 -22.50000000 -53.09999847
v -73.38278961 -22.50000000 -53.40000153
v -73.29904175 -22.50000000 -53.70000076
v -73.23140717 -22.50000000 -54.00000000
v -73.26168823 -22.79999924 -45.59999847
v -73.34935760 -22.79999924 -45.90000153
v -73.37745667 -22.79999924 -46.20000076
v -73.39887238 -22.79999924 -46.50000000
v -73.48017120 -22.79999924 -46.79999924
v -73.50000000 -22.79999924 -46.83506393
v -73.50000000 -22.79999924 -53.09999847
v -73.37636566 -22.79999924 -53.40000153
v -73.29196930 -22.79999924 -53.70000076
v -73.22440338 -22.79999924 -54.00000000
v -73.23538208 -23.10000038 -45.90000153
v -73.26045227 -23.10000038 -46.20000076
v -73.29937744 -23.10000038 -46.50000000
v -73.37234497 -23.10000038 -46.79999924
v -73.46482086 -23.10000038 -47.09999847
v -73.50000000 -23.05096245 -47.09999847
v -73.50000000 -23.10000038 -47.40000153
v -73.50000000 -23.10000038 -47.70000076
v -73.50000000 -23.10000038 -48.00000000
v -73.50000000 -23.10000038 -52.79999924
v -73.42638397 -23.10000038 -53.09999847
v -73.34476471 -23.10000038 -53.40000153
v -73.27027130 -23.10000038 -53.70000076
v -73.20451355 -23.10000038 -54.00000000
v -73.20291901 -23.39999962 -46.79999924
v -73.25053406 -23.39999962 -47.09999847
v -73.28742218 -23.39999962 -47.40000153
v -73.32096100 -23.39999962 -47.70000076
v -73.36951447 -23.39999962 -48.00000000
v -73.45092773 -23.39999962 -48.29999924
v -73.50000000 -23.33528328 -48.29999924
v -73.50000000 -23.39999962 -48.59999847
v -73.50000000 -23.39999962 -52.50000000
v -73.41088104 -23.39999962 -52.79999924
v -73.34878540 -23.39999962 -53.09999847
v -73.28939056 -23.39999962 -53.40000153
v -73.22850800 -23.39999962 -53.70000076
v -73.26004791 -23.70000267 -48.29999924
v -73.33477783 -23.70000267 -48.59999847
v -73.43575287 -23.70000267 -48.90000153
v -73.50000000 -23.62437248 -48.90000153
v -73.50000000 -23.70000267 -49.20000076
v -73.50000000 -23.70000267 -52.20000076
v -73.38568115 -23.70000267 -52.50000000
v -73.31486511 -23.70000267 -52.79999924
v -73.26478577 -23.70000267 -53.09999847
v -73.21962738 -23.70000267 -53.40000153
v -73.22312164 -24.00000191 -48.90000153
v -73.31297302 -24.00000191 -49.20000076
v -73.41173553 -24.00000191 -49.50000000
v -73.50000000 -23.90812302 -49.50000000
v -73.47234344 -24.00000191 -49.79999924
v -73.50000000 -23.97421837 -49.79999924
v -73.50000000 -24.00000191 -50.09999847
v -73.50000000 -24.00000191 -51.59999847
v -73.41664124 -24.00000191 -51.90000153
v -73.50000000 -23.91474915 -51.90000153
v -73.31990814 -24.00000191 -52.20000076
v -73.24987030 -24.00000191 -52.50000000
v -73.41557312 -24.30000114 -50.40000153
v -73.50000000 -24.21578598 -50.40000153
v -73.50000000 -24.30000114 -50.70000076
v -73.50000000 -24.30000114 -51.00000000
v -73.41882324 -24.30000114 -51.29999924
v -73.50000000 -24.21989250 -51.29999924
v -73.80000305 -16.79999924 -48.00000000
v -73.80000305 -16.78894234 -48.29999924
v -73.80000305 -16.79999924 -48.59999847
v -73.80000305 -16.79999924 -48.90000153
v -73.80000305 -16.79999924 -49.20000076
v -73.80000305 -16.79999924 -49.50000000
v -73.80000305 -16.79999924 -49.79999924
v -73.80000305 -17.09999847 -48.00000000
v -73.80000305 -17.04211998 -50.09999847
v -73.80000305 -17.09999847 -50.40000153
v -73.80000305 -17.39999771 -48.00000000
v -73.80000305 -17.39999771 -50.44984818
v -73.80000305 -17.70000076 -48.00000000
v -73.80000305 -17.70000076 -50.70000076
v -73.80000305 -18.00000000 -47.98089218
v -73.80000305 -17.97822380 -51.00000000
v -73.80000305 -18.00000000 -51.29999924
v -73.80000305 -18.00000000 -51.59999847
v -73.80000305 -18.29999924 -47.85596466
v -73.80000305 -18.29999924 -51.90000153
v -73.80000305 -18.60000038 -47.40000153
v -73.80000305 -18.45940590 -47.70000076
v -73.80000305 -18.60000038 -52.20000076
v -73.80000305 -18.89999962 -47.40000153
v -73.80000305 -18.89999962 -52.24431229
v -73.80000305 -19.20000076 -47.40000153
v -73.80000305 -19.20000076 -52.50000000
v -73.80000305 -19.50000000 -47.40000153
v -73.80000305 -19.50000000 -52.50000000
v -73.80000305 -19.79999924 -47.37101364
v -73.80000305 -19.79999924 -52.53060150
v -73.80000305 -20.10000038 -47.09999847
v -73.80000305 -20.10000038 -52.79999924
v -73.80000305 -20.39999962 -46.79999924
v -73.80000305 -20.39999962 -52.79999924
v -73.80000305 -20.69999886 -46.50000000
v -73.80000305 -20.69999886 -52.79999924
v -73.80000305 -20.99999809 -46.42489243
v -73.80000305 -20.99999809 -52.79999924
v -73.80000305 -21.29999733 -46.20000076
v -73.80000305 -21.29999733 -52.79999924
v -73.80000305 -21.60000038 -46.20000076
v -73.80000305 -21.60000038 -52.79999924
v -73.80000305 -21.89999962 -46.20000076
v -73.80000305 -21.89999962 -52.79999924
v -73.80000305 -22.20000076 -46.20000076
v -73.80000305 -22.20000076 -46.50000000
v -73.80000305 -22.20000076 -52.79999924
v -73.80000305 -22.20463371 -46.79999924
v -73.80000305 -22.50000000 -47.07981110
v -73.80000305 -22.50000000 -52.79999924
v -73.80000305 -22.79999924 -47.09999847
v -73.80000305 -22.79999924 -47.40000153
v -73.80000305 -22.79999924 -47.70000076
v -73.80000305 -22.79999924 -52.79999924
v -73.80000305 -22.80601120 -48.00000000
v -73.80000305 -23.10000038 -48.29999924
v -73.80000305 -23.10000038 -52.50000000
v -73.80000305 -23.13761520 -48.59999847
v -73.80000305 -23.39999962 -48.90000153
v -73.80000305 -23.39999962 -52.20000076
v -73.80000305 -23.45760536 -49.20000076
v -73.80000305 -23.70000267 -49.50000000
v -73.80000305 -23.70000267 -51.90000153
v -73.80000305 -23.71186638 -49.79999924
v -73.80000305 -23.78613663 -50.09999847
v -73.80000305 -24.00000191 -50.40000153
v -73.80000305 -24.00000191 -50.70000076
v -73.80000305 -24.00000191 -51.00000000
v -73.80000305 -24.00000191 -51.29999924
v -73.80000305 -23.78363800 -51.59999847
v -73.80767059 -16.79999924 -48.29999924
v -73.91175842 -17.09999847 -48.29999924
v -73.93589020 -17.09999847 -48.59999847
v -73.93496704 -17.09999847 -48.90000153
v -73.92871094 -17.09999847 -49.20000076
v -73.91849518 -17.09999847 -49.50000000
v -73.89210510 -17.09999847 -49.79999924
v -73.83525848 -17.09999847 -50.09999847
v -73.95069885 -17.39999771 -48.29999924
v -74.00551605 -17.39999771 -48.59999847
v -74.01580811 -17.39999771 -48.90000153
v -74.00810242 -17.39999771 -49.20000076
v -73.99370575 -17.39999771 -49.50000000
v -73.96781158 -17.39999771 -49.79999924
v -73.92284393 -17.39999771 -50.09999847
v -73.83020782 -17.39999771 -50.40000153
v -73.97750854 -17.70000076 -48.29999924
v -74.05144501 -17.70000076 -48.59999847
v -74.06523895 -17.70000076 -48.90000153
v -74.05872345 -17.70000076 -49.20000076
v -74.04822540 -17.70000076 -49.50000000
v -74.02387238 -17.70000076 -49.79999924
v -73.97705078 -17.70000076 -50.09999847
v -73.89801025 -17.70000076 -50.40000153
v -73.81933594 -18.00000000 -48.00000000
v -74.02182007 -18.00000000 -48.29999924
v -74.09999847 -18.00000000 -48.59999847
v -74.09999847 -18.00000000 -48.90000153
v -74.09999847 -18.00000000 -49.20000076
v -74.09528351 -18.00000000 -49.50000000
v -74.07256317 -18.00000000 -49.79999924
v -74.02976227 -18.00000000 -50.09999847
v -73.96718597 -18.00000000 -50.40000153
v -73.89209747 -18.00000000 -50.70000076
v -73.81346893 -18.00000000 -51.00000000
v -73.91358185 -18.29999924 -48.00000000
v -74.09999847 -18.29999924 -48.29999924
v -74.09999847 -18.03129959 -49.50000000
v -74.09999847 -18.18023491 -49.79999924
v -74.08294678 -18.29999924 -50.09999847
v -74.09999847 -18.29999924 -49.95779419
v -74.03622437 -18.29999924 -50.40000153
v -73.98130798 -18.29999924 -50.70000076
v -73.93869019 -18.29999924 -51.00000000
v -73.91324615 -18.29999924 -51.29999924
v -73.87845612 -18.29999924 -51.59999847
v -73.88933563 -18.60000038 -47.70000076
v -74.00757599 -18.60000038 -48.00000000
v -74.09999847 -18.60000038 -48.24938583
v -74.09999847 -18.40681839 -50.09999847
v -74.09999847 -18.60000038 -50.40000153
v -74.04508972 -18.60000038 -50.70000076
v -74.00386047 -18.60000038 -51.00000000
v -73.97064972 -18.60000038 -51.29999924
v -73.93186951 -18.60000038 -51.59999847
v -73.87919617 -18.60000038 -51.90000153
v -73.96042633 -18.89999962 -47.70000076
v -74.05329132 -18.89999962 -48.00000000
v -74.09999847 -18.89999962 -48.18977737
v -74.07713318 -18.89999962 -50.70000076
v -74.09999847 -18.89999962 -50.54657364
v -74.03807068 -18.89999962 -51.00000000
v -74.00596619 -18.89999962 -51.29999924
v -73.97084808 -18.89999962 -51.59999847
v -73.92068481 -18.89999962 -51.90000153
v -73.82627869 -18.89999962 -52.20000076
v -73.96588898 -19.20000076 -47.70000076
v -74.05823517 -19.20000076 -48.00000000
v -74.09999847 -19.20000076 -48.19768906
v -74.09092712 -19.20000076 -50.70000076
v -74.09999847 -19.20000076 -50.64043808
v -74.05848694 -19.20000076 -51.00000000
v -74.03415680 -19.20000076 -51.29999924
v -74.00253296 -19.20000076 -51.59999847
v -73.95444489 -19.20000076 -51.90000153
v -73.88372803 -19.20000076 -52.20000076
v -73.95198822 -19.50000000 -47.70000076
v -74.04115295 -19.50000000 -48.00000000
v -74.09999847 -19.50000000 -48.29999924
v -74.09999847 -19.50000000 -50.70000076
v -74.08599854 -19.50000000 -51.00000000
v -74.06732178 -19.50000000 -51.29999924
v -74.03662872 -19.50000000 -51.59999847
v -73.98963928 -19.50000000 -51.90000153
v -73.91931152 -19.50000000 -52.20000076
v -73.81754303 -19.79999924 -47.40000153
v -73.94017029 -19.79999924 -47.70000076
v -74.01935577 -19.79999924 -48.00000000
v -74.07804871 -19.79999924 -48.29999924
v -74.09999847 -19.79999924 -48.42683411
v -74.09999847 -19.59957314 -51.00000000
v -74.09999847 -19.75351715 -51.29999924
v -74.07360840 -19.79999924 -51.59999847
v -74.09999847 -19.79999924 -51.35695648
v -74.02379608 -19.79999924 -51.90000153
v -73.94710541 -19.79999924 -52.20000076
v -73.81893921 -19.79999924 -52.50000000
v -73.87475586 -20.10000038 -47.40000153
v -73.94217682 -20.10000038 -47.70000076
v -74.00220490 -20.10000038 -48.00000000
v -74.05467224 -20.10000038 -48.29999924
v -74.09999847 -20.10000038 -48.59999847
v -74.09999847 -20.01282883 -51.59999847
v -74.06056213 -20.10000038 -51.90000153
v -74.09999847 -20.10000038 -51.66702652
v -73.98248291 -20.10000038 -52.20000076
v -73.88763428 -20.10000038 -52.50000000
v -73.87642670 -20.39999962 -47.09999847
v -73.91783905 -20.39999962 -47.40000153
v -73.95345306 -20.39999962 -47.70000076
v -73.99412537 -20.39999962 -48.00000000
v -74.03937531 -20.39999962 -48.29999924
v -74.08723450 -20.39999962 -48.59999847
v -74.09999847 -20.39999962 -48.67506790
v -74.09999847 -20.39999962 -51.90000153
v -74.01430511 -20.39999962 -52.20000076
v -73.92166901 -20.39999962 -52.50000000
v -73.88731384 -20.69999886 -46.79999924
v -73.92640686 -20.69999886 -47.09999847
v -73.94649506 -20.69999886 -47.40000153
v -73.96516418 -20.69999886 -47.70000076
v -73.99255371 -20.69999886 -48.00000000
v -74.03000641 -20.69999886 -48.29999924
v -74.07482147 -20.69999886 -48.59999847
v -74.09999847 -20.69999886 -48.75743103
v -74.09999847 -20.69999886 -51.90000153
v -74.02523041 -20.69999886 -52.20000076
v -73.93059540 -20.69999886 -52.50000000
v -73.84719086 -20.99999809 -46.50000000
v -73.93003082 -20.99999809 -46.79999924
v -73.95585632 -20.99999809 -47.09999847
v -73.96383667 -20.99999809 -47.40000153
v -73.97333527 -20.99999809 -47.70000076
v -73.99255371 -20.99999809 -48.00000000
v -74.02296448 -20.99999809 -48.29999924
v -74.06267548 -20.99999809 -48.59999847
v -74.09999847 -20.99999809 -48.84711075
v -74.09999847 -20.99999809 -51.90000153
v -74.02645874 -20.99999809 -52.20000076
v -73.93101501 -20.99999809 -52.50000000
v -73.89693451 -21.29999733 -46.50000000
v -73.94854736 -21.29999733 -46.79999924
v -73.96505737 -21.29999733 -47.09999847
v -73.96877289 -21.29999733 -47.40000153
v -73.97541809 -21.29999733 -47.70000076
v -73.99078369 -21.29999733 -48.00000000
v -74.01601410 -21.29999733 -48.29999924
v -74.05060577 -21.29999733 -48.59999847
v -74.09272003 -21.29999733 -48.90000153
v -74.09999847 -21.15767479 -48.90000153
v -74.09999847 -21.29999733 -48.94668579
v -74.09999847 -21.29999733 -51.90000153
v -74.02867126 -21.29999733 -52.20000076
v -73.93183899 -21.29999733 -52.50000000
v -73.91115570 -21.60000038 -46.50000000
v -73.94702911 -21.60000038 -46.79999924
v -73.95535278 -21.60000038 -47.09999847
v -73.96059418 -21.60000038 -47.40000153
v -73.97052765 -21.60000038 -47.70000076
v -73.98560333 -21.60000038 -48.00000000
v -74.00720978 -21.60000038 -48.29999924
v -74.03729248 -21.60000038 -48.59999847
v -74.07586670 -21.60000038 -48.90000153
v -74.09999847 -21.60000038 -49.06034851
v -74.03617859 -21.60000038 -52.20000076
v -74.09999847 -21.60000038 -51.95488739
v -73.93511963 -21.60000038 -52.50000000
v -73.88957977 -21.89999962 -46.50000000
v -73.90905762 -21.89999962 -46.79999924
v -73.92117310 -21.89999962 -47.09999847
v -73.94116211 -21.89999962 -47.40000153
v -73.95958710 -21.89999962 -47.70000076
v -73.97490692 -21.89999962 -48.00000000
v -73.99320984 -21.89999962 -48.29999924
v -74.02072906 -21.89999962 -48.59999847
v -74.05769348 -21.89999962 -48.90000153
v -74.09999847 -21.89999962 -49.20000076
v -74.04283905 -21.89999962 -52.20000076
v -74.09999847 -21.89999962 -51.98303986
v -73.93968201 -21.89999962 -52.50000000
v -73.80242157 -22.20000076 -46.79999924
v -73.86194611 -22.20000076 -47.09999847
v -73.91609192 -22.20000076 -47.40000153
v -73.94056702 -22.20000076 -47.70000076
v -73.95266724 -22.20000076 -48.00000000
v -73.96873474 -22.20000076 -48.29999924
v -73.99820709 -22.20000076 -48.59999847
v -74.03917694 -22.20000076 -48.90000153
v -74.08897400 -22.20000076 -49.20000076
v -74.09999847 -22.20000076 -49.26008606
v -74.04191589 -22.20000076 -52.20000076
v -74.09999847 -22.20000076 -51.97124481
v -73.94149780 -22.20000076 -52.50000000
v -73.81033325 -22.50000000 -47.09999847
v -73.88361359 -22.50000000 -47.40000153
v -73.89888000 -22.50000000 -47.70000076
v -73.90460968 -22.50000000 -48.00000000
v -73.92719269 -22.50000000 -48.29999924
v -73.96614838 -22.50000000 -48.59999847
v -74.01303101 -22.50000000 -48.90000153
v -74.06909943 -22.50000000 -49.20000076
v -74.09999847 -22.50000000 -49.35758972
v -74.09999847 -22.50000000 -51.90000153
v -74.02656555 -22.50000000 -52.20000076
v -73.93278503 -22.50000000 -52.50000000
v -73.80336761 -22.79999924 -48.00000000
v -73.86714172 -22.79999924 -48.29999924
v -73.91681671 -22.79999924 -48.59999847
v -73.96749115 -22.79999924 -48.90000153
v -74.02975464 -22.79999924 -49.20000076
v -74.09999847 -22.79999924 -49.50000000
v -74.07064819 -22.79999924 -51.90000153
v -74.09999847 -22.79999924 -51.77149963
v -73.98781586 -22.79999924 -52.20000076
v -73.89575195 -22.79999924 -52.50000000
v -73.82289886 -23.10000038 -48.59999847
v -73.89302063 -23.10000038 -48.90000153
v -73.95642853 -23.10000038 -49.20000076
v -74.02043915 -23.10000038 -49.50000000
v -74.07749176 -23.10000038 -49.79999924
v -74.09999847 -23.00098419 -49.79999924
v -74.09999847 -23.10000038 -49.93494034
v -74.09999847 -23.10000038 -51.59999847
v -74.01493073 -23.10000038 -51.90000153
v -73.91549683 -23.10000038 -52.20000076
v -73.83847046 -23.39999962 -49.20000076
v -73.91486359 -23.39999962 -49.50000000
v -73.97290039 -23.39999962 -49.79999924
v -74.03276062 -23.39999962 -50.09999847
v -74.09999847 -23.19168854 -50.09999847
v -74.09999847 -23.39999962 -50.40000153
v -74.09999847 -23.39999962 -50.70000076
v -74.08025360 -23.39999962 -51.00000000
v -74.09999847 -23.32581139 -51.00000000
v -74.04961395 -23.39999962 -51.29999924
v -74.09999847 -23.22306824 -51.29999924
v -74.00090790 -23.39999962 -51.59999847
v -73.92200470 -23.39999962 -51.90000153
v -73.80996704 -23.70000267 -49.79999924
v -73.86647797 -23.70000267 -50.09999847
v -73.94661713 -23.70000267 -50.40000153
v -73.97237396 -23.70000267 -50.70000076
v -73.96520233 -23.70000267 -51.00000000
v -73.93218994 -23.70000267 -51.29999924
v -73.86087036 -23.70000267 -51.59999847
v -74.14261627 -18.29999924 -48.59999847
v -74.15354919 -18.29999924 -48.90000153
v -74.15212250 -18.29999924 -49.20000076
v -74.14120483 -18.29999924 -49.50000000
v -74.11824799 -18.29999924 -49.79999924
v -74.11522675 -18.60000038 -48.29999924
v -74.16931915 -18.60000038 -48.59999847
v -74.18991089 -18.60000038 -48.90000153
v -74.19227600 -18.60000038 -49.20000076
v -74.18128967 -18.60000038 -49.50000000
v -74.15903473 -18.60000038 -49.79999924
v -74.12974548 -18.60000038 -50.09999847
v -74.12505341 -18.89999962 -48.29999924
v -74.17637634 -18.89999962 -48.59999847
v -74.20619202 -18.89999962 -48.90000153
v -74.21729279 -18.89999962 -49.20000076
v -74.21170807 -18.89999962 -49.50000000
v -74.19164276 -18.89999962 -49.79999924
v -74.16049957 -18.89999962 -50.09999847
v -74.12189484 -18.89999962 -50.40000153
v -74.12070465 -19.20000076 -48.29999924
v -74.17062378 -19.20000076 -48.59999847
v -74.20741272 -19.20000076 -48.90000153
v -74.22768402 -19.20000076 -49.20000076
v -74.22987366 -19.20000076 -49.50000000
v -74.21418762 -19.20000076 -49.79999924
v -74.18236542 -19.20000076 -50.09999847
v -74.13804626 -19.20000076 -50.40000153
v -74.15408325 -19.50000000 -48.59999847
v -74.19702911 -19.50000000 -48.90000153
v -74.22572327 -19.50000000 -49.20000076
v -74.23659515 -19.50000000 -49.50000000
v -74.22818756 -19.50000000 -49.79999924
v -74.20111847 -19.50000000 -50.09999847
v -74.15702057 -19.50000000 -50.40000153
v -74.12985992 -19.79999924 -48.59999847
v -74.17831421 -19.79999924 -48.90000153
v -74.21514130 -19.79999924 -49.20000076
v -74.23493958 -19.79999924 -49.50000000
v -74.23583221 -19.79999924 -49.79999924
v -74.21885681 -19.79999924 -50.09999847
v -74.18824005 -19.79999924 -50.40000153
v -74.15354156 -19.79999924 -50.70000076
v -74.12948608 -19.79999924 -51.00000000
v -74.10614777 -19.79999924 -51.29999924
v -74.15648651 -20.10000038 -48.90000153
v -74.20031738 -20.10000038 -49.20000076
v -74.22840881 -20.10000038 -49.50000000
v -74.23954773 -20.10000038 -49.79999924
v -74.23501587 -20.10000038 -50.09999847
v -74.21893311 -20.10000038 -50.40000153
v -74.19690704 -20.10000038 -50.70000076
v -74.17234039 -20.10000038 -51.00000000
v -74.14515686 -20.10000038 -51.29999924
v -74.11087036 -20.10000038 -51.59999847
v -74.13856506 -20.39999962 -48.90000153
v -74.18456268 -20.39999962 -49.20000076
v -74.21945190 -20.39999962 -49.50000000
v -74.24026489 -20.39999962 -49.79999924
v -74.24718475 -20.39999962 -50.09999847
v -74.24249268 -20.39999962 -50.40000153
v -74.22841644 -20.39999962 -50.70000076
v -74.20597839 -20.39999962 -51.00000000
v -74.17653656 -20.39999962 -51.29999924
v -74.14122772 -20.39999962 -51.59999847
v -74.12295532 -20.69999886 -48.90000153
v -74.16961670 -20.69999886 -49.20000076
v -74.20938873 -20.69999886 -49.50000000
v -74.23808289 -20.69999886 -49.79999924
v -74.25413513 -20.69999886 -50.09999847
v -74.25787354 -20.69999886 -50.40000153
v -74.24967957 -20.69999886 -50.70000076
v -74.22957611 -20.69999886 -51.00000000
v -74.19812012 -20.69999886 -51.29999924
v -74.15575409 -20.69999886 -51.59999847
v -74.10809326 -20.99999809 -48.90000153
v -74.15502167 -20.99999809 -49.20000076
v -74.19828033 -20.99999809 -49.50000000
v -74.23307800 -20.99999809 -49.79999924
v -74.25624084 -20.99999809 -50.09999847
v -74.26634979 -20.99999809 -50.40000153
v -74.26270294 -20.99999809 -50.70000076
v -74.24460602 -20.99999809 -51.00000000
v -74.21160126 -20.99999809 -51.29999924
v -74.16343689 -20.99999809 -51.59999847
v -74.13938904 -21.29999733 -49.20000076
v -74.18560028 -21.29999733 -49.50000000
v -74.22570038 -21.29999733 -49.79999924
v -74.25469208 -21.29999733 -50.09999847
v -74.26977539 -21.29999733 -50.40000153
v -74.26970673 -21.29999733 -50.70000076
v -74.25360107 -21.29999733 -51.00000000
v -74.22064209 -21.29999733 -51.29999924
v -74.16987610 -21.29999733 -51.59999847
v -74.12130737 -21.60000038 -49.20000076
v -74.17149353 -21.60000038 -49.50000000
v -74.21678162 -21.60000038 -49.79999924
v -74.25049591 -21.60000038 -50.09999847
v -74.26935577 -21.60000038 -50.40000153
v -74.27206421 -21.60000038 -50.70000076
v -74.25792694 -21.60000038 -51.00000000
v -74.22644043 -21.60000038 -51.29999924
v -74.17792511 -21.60000038 -51.59999847
v -74.11388397 -21.60000038 -51.90000153
v -74.15703583 -21.89999962 -49.50000000
v -74.20660400 -21.89999962 -49.79999924
v -74.24346924 -21.89999962 -50.09999847
v -74.26486206 -21.89999962 -50.40000153
v -74.26964569 -21.89999962 -50.70000076
v -74.25730133 -21.89999962 -51.00000000
v -74.22765350 -21.89999962 -51.29999924
v -74.18173218 -21.89999962 -51.59999847
v -74.12105560 -21.89999962 -51.90000153
v -74.14402008 -22.20000076 -49.50000000
v -74.19384003 -22.20000076 -49.79999924
v -74.23175049 -22.20000076 -50.09999847
v -74.25445557 -22.20000076 -50.40000153
v -74.26070404 -22.20000076 -50.70000076
v -74.24983978 -22.20000076 -51.00000000
v -74.22157288 -22.20000076 -51.29999924
v -74.17688751 -22.20000076 -51.59999847
v -74.11751556 -22.20000076 -51.90000153
v -74.12726593 -22.50000000 -49.50000000
v -74.17491150 -22.50000000 -49.79999924
v -74.21200562 -22.50000000 -50.09999847
v -74.23520660 -22.50000000 -50.40000153
v -74.24255371 -22.50000000 -50.70000076
v -74.23279572 -22.50000000 -51.00000000
v -74.20577240 -22.50000000 -51.29999924
v -74.16146851 -22.50000000 -51.59999847
v -74.14153290 -22.79999924 -49.79999924
v -74.17902374 -22.79999924 -50.09999847
v -74.20419312 -22.79999924 -50.40000153
v -74.21236420 -22.79999924 -50.70000076
v -74.20282745 -22.79999924 -51.00000000
v -74.17775726 -22.79999924 -51.29999924
v -74.13659668 -22.79999924 -51.59999847
v -74.12565613 -23.10000038 -50.09999847
v -74.15970612 -23.10000038 -50.40000153
v -74.16704559 -23.10000038 -50.70000076
v -74.15483856 -23.10000038 -51.00000000
v -74.13152313 -23.10000038 -51.29999924
f 3 2 1
f 6863 6864 6864
f 6863 6862 6643
f 6643 6862 6642
f 6862 6641 6642
f 6642 6641 6641
f 6641 6641 6641
f 6640 6861 6639
f 6639 6861 6861
f 6638 6639 6861
f 6860 6638 6861
f 6860 6856 6638
f 6856 6634 6638
f 6631 6852 6858
f 6637 6631 6631
f 6637 6631 6858
f 6637 6858 6857
f 6857 6858 6859
f 6857 6636 6637
f 6637 6636 6636
f 6636 6636 6636
f 6634 6856 6633
f 6863 6643 6864
f 6633 6856 6855
f 6643 6644 6864
f 6644 6645 6865
f 6875 6656 6876
f 6654 6655 6875
f 6874 6654 6875
f 6653 6654 6874
f 6873 6653 6874
f 6652 6653 6873
f 6872 6652 6873
f 6651 6652 6872
f 6871 6651 6872
f 6650 6651 6871
f 6870 6650 6871
f 6649 6650 6870
f 6869 6649 6870
f 6648 6649 6869
f 6868 6648 6869
f 6647 6648 6868
f 6867 6647 6868
f 6646 6647 6867
f 6866 6646 6867
f 6645 6646 6866
f 6865 6645 6866
f 6864 6644 6865
f 6875 6875 6656
f 6632 6633 6855
f 6853 6632 6854
f 6844 6619 6616
f 6842 6844 6616
f 6843 6615 6617
f 6841 6615 6843
f 6614 6842 6616
f 6840 6842 6614
f 6840 6840 6842
f 6840 6840 6840
f 6841 6612 6615
f 6839 6612 6841
f 6613 6840 6614
f 6611 6838 6840
f 6613 6611 6840
f 6613 6840 6840
f 6839 6610 6612
f 6837 6610 6839
f 6838 6611 6609
f 6836 6838 6609
f 6837 6602 6610
f 6830 6602 6837
f 6609 6601 6836
f 6843 6617 6845
f 6854 6632 6855
f 6845 6617 6620
f 6846 6622 6619
f 6629 6632 6853
f 6629 6629 6632
f 6851 6629 6853
f 6849 6850 6852
f 6631 6628 6849
f 6631 6849 6852
f 6631 6852 6631
f 6631 6852 6852
f 6631 6631 6631
f 6629 6629 6629
f 6625 6851 6848
f 6629 6851 6625
f 6629 6629 6851
f 6850 6622 6846
f 6849 6622 6850
f 6849 6627 6622
f 6627 6849 6628
f 6625 6848 6623
f 6623 6848 6847
f 6847 6845 6623
f 6845 6620 6623
f 6844 6846 6619
f 6601 6835 6836
f 6875 6655 6656
f 6661 6661 6661
f 6689 6690 6908
f 6907 6689 6908
f 6907 6908 6908
f 6907 6688 6689
f 6689 6688 6688
f 6688 6688 6688
f 6684 6686 6906
f 6906 6904 6684
f 6684 6904 6683
f 6903 6682 6683
f 6905 6903 6683
f 6905 6683 6904
f 6681 6682 6903
f 6902 6681 6903
f 6680 6681 6902
f 6901 6680 6902
f 6679 6680 6901
f 6900 6679 6901
f 6678 6679 6900
f 6899 6678 6900
f 6898 6678 6899
f 6908 6690 6909
f 6876 6678 6898
f 6690 6691 6909
f 6691 6692 6910
f 6919 6694 6920
f 6918 6694 6919
f 6906 6694 6918
f 6906 6686 6694
f 6917 6904 6918
f 6904 6906 6918
f 6905 6904 6917
f 6880 6881 6916
f 6915 6879 6916
f 6879 6880 6916
f 6914 6878 6915
f 6878 6879 6915
f 6913 6877 6914
f 6877 6878 6914
f 6912 6661 6913
f 6661 6877 6913
f 6693 6912 6911
f 6661 6912 6693
f 6661 6661 6912
f 6692 6693 6911
f 6910 6692 6911
f 6909 6691 6910
f 6656 6658 6876
f 6876 6658 6678
f 6863 6864 6897
f 6667 6668 6885
f 6884 6667 6885
f 6884 6861 6667
f 6861 6640 6667
f 6857 6859 6883
f 6882 6636 6883
f 6636 6857 6883
f 6666 6882 6881
f 6636 6882 6666
f 6636 6636 6882
f 6665 6666 6881
f 6880 6665 6881
f 6880 6881 6881
f 6880 6879 6665
f 6665 6879 6664
f 6879 6878 6664
f 6664 6878 6663
f 6878 6877 6663
f 6663 6877 6662
f 6877 6661 6662
f 6662 6661 6661
f 6885 6668 6886
f 6875 6876 6898
f 6668 6669 6886
f 6669 6670 6887
f 6896 6862 6897
f 6862 6863 6897
f 6895 6641 6896
f 6641 6862 6896
f 6677 6895 6894
f 6641 6895 6677
f 6641 6641 6895
f 6676 6677 6894
f 6893 6676 6894
f 6675 6676 6893
f 6892 6675 6893
f 6674 6675 6892
f 6891 6674 6892
f 6673 6674 6891
f 6890 6673 6891
f 6672 6673 6890
f 6889 6672 6890
f 6671 6672 6889
f 6888 6671 6889
f 6670 6671 6888
f 6887 6670 6888
f 6886 6669 6887
f 6835 6601 6829
f 6829 6601 6601
f 6598 6598 6598
f 6778 6779 6559
f 6558 6778 6559
f 6777 6778 6558
f 6555 6777 6558
f 6775 6777 6555
f 6775 6555 6775
f 6775 6555 6555
f 6776 6774 6554
f 6776 6776 6554
f 6776 6554 6556
f 6556 6557 6776
f 6555 6553 6775
f 6553 6773 6775
f 6773 6553 6773
f 6773 6553 6553
f 6774 6550 6554
f 6770 6550 6774
f 6553 6552 6773
f 6552 6772 6773
f 6551 6772 6552
f 6771 6772 6551
f 6559 6779 6560
f 6771 6551 6768
f 6779 6780 6560
f 6562 6780 6781
f 6787 6571 6785
f 6785 6571 6568
f 6782 6564 6788
f 6788 6564 6564
f 6564 6570 6788
f 6570 6789 6788
f 6786 6787 6785
f 6786 6567 6784
f 6785 6567 6786
f 6785 6568 6567
f 6566 6784 6567
f 6783 6784 6566
f 6565 6783 6566
f 6781 6783 6565
f 6781 6565 6781
f 6781 6565 6563
f 6776 6776 6776
f 6782 6557 6564
f 6776 6557 6782
f 6776 6776 6557
f 6563 6562 6781
f 6560 6780 6562
f 6787 6790 6571
f 6768 6551 6549
f 6769 6546 6546
f 6755 6537 6537
f 6754 6754 6754
f 6756 6754 6753
f 6753 6754 6754
f 6757 6536 6538
f 6756 6536 6757
f 6756 6753 6536
f 6537 6535 6755
f 6535 6752 6755
f 6752 6535 6752
f 6752 6535 6535
f 6749 6754 6750
f 6750 6754 6754
f 6749 6753 6754
f 6532 6753 6749
f 6532 6532 6753
f 6532 6536 6753
f 6535 6534 6752
f 6534 6751 6752
f 6751 6534 6748
f 6748 6534 6531
f 6755 6537 6755
f 6765 6546 6769
f 6755 6758 6537
f 6758 6759 6539
f 6546 6550 6769
f 6550 6770 6769
f 6549 6548 6768
f 6548 6767 6768
f 6547 6767 6548
f 6766 6767 6547
f 6766 6547 6764
f 6764 6547 6545
f 6765 6542 6546
f 6761 6542 6765
f 6545 6544 6764
f 6544 6763 6764
f 6543 6763 6544
f 6762 6763 6543
f 6762 6543 6760
f 6760 6543 6541
f 6761 6538 6542
f 6757 6538 6761
f 6541 6540 6760
f 6540 6759 6760
f 6539 6759 6540
f 6537 6758 6539
f 6790 6572 6571
f 6790 6791 6572
f 6572 6791 6573
f 6598 6598 6825
f 6826 6825 6598
f 6823 6824 6822
f 6595 6821 6822
f 6821 6823 6822
f 6821 6594 6820
f 6595 6594 6821
f 6595 6595 6594
f 6592 6820 6594
f 6819 6820 6592
f 6819 6592 6816
f 6816 6592 6592
f 6814 6591 6817
f 6817 6591 6591
f 6591 6593 6817
f 6593 6818 6817
f 6590 6816 6592
f 6812 6816 6590
f 6812 6815 6816
f 6811 6815 6811
f 6811 6815 6812
f 6598 6825 6597
f 6811 6811 6811
f 6597 6825 6827
f 6597 6828 6600
f 6598 6608 6826
f 6598 6598 6826
f 6598 6826 6826
f 6607 6826 6608
f 6834 6826 6607
f 6606 6834 6607
f 6833 6834 6606
f 6605 6833 6606
f 6832 6833 6605
f 6604 6832 6605
f 6831 6832 6604
f 6831 6604 6603
f 6824 6831 6603
f 6824 6603 6822
f 6603 6595 6822
f 6822 6595 6595
f 6595 6595 6595
f 6830 6593 6602
f 6818 6593 6830
f 6601 6600 6829
f 6600 6828 6829
f 6827 6828 6597
f 6814 6589 6591
f 6810 6589 6814
f 6809 6590 6588
f 6582 6802 6801
f 6581 6580 6800
f 6580 6799 6800
f 6799 6580 6797
f 6797 6580 6578
f 6798 6794 6575
f 6798 6798 6575
f 6798 6575 6575
f 6575 6579 6798
f 6578 6577 6797
f 6577 6796 6797
f 6574 6796 6577
f 6795 6796 6574
f 6795 6574 6792
f 6792 6574 6574
f 6789 6570 6793
f 6793 6570 6576
f 6576 6575 6793
f 6575 6794 6793
f 6574 6573 6792
f 6573 6791 6792
f 6579 6582 6801
f 6579 6798 6798
f 6579 6579 6798
f 6579 6801 6798
f 6813 6590 6809
f 6813 6812 6590
f 6811 6812 6811
f 6811 6812 6813
f 6811 6811 6811
f 6810 6587 6589
f 6808 6587 6810
f 6809 6588 6586
f 6807 6809 6586
f 6808 6585 6587
f 6694 6695 6920
f 6806 6585 6808
f 6805 6807 6584
f 6806 6582 6585
f 6802 6582 6806
f 6584 6583 6805
f 6583 6804 6805
f 6581 6804 6583
f 6803 6804 6581
f 6803 6581 6800
f 6800 6581 6581
f 6798 6798 6798
f 6807 6586 6584
f 6920 6695 6921
f 6695 6696 6921
f 6921 6696 6922
f 7028 6811 6811
f 7029 6810 6814
f 7027 6810 7029
f 7026 6813 6809
f 6813 7028 6811
f 7026 7028 6813
f 7026 7026 7028
f 6811 7028 6811
f 6811 7028 7028
f 7025 7025 7025
f 7027 6808 6810
f 7025 6808 7027
f 7025 7025 6808
f 6807 7024 6809
f 7024 7026 6809
f 7026 7024 7026
f 7026 7024 7024
f 7023 7025 7023
f 7023 7025 7025
f 6808 7025 6806
f 7025 7023 6806
f 7028 6811 7028
f 6805 7022 6807
f 7028 7030 6811
f 6815 7030 7031
f 7039 6828 7038
f 7039 7039 6828
f 6825 7038 6827
f 7037 7038 6825
f 7037 7037 7038
f 6825 6826 7037
f 6824 6823 7036
f 6823 7035 7036
f 6821 7035 6823
f 7034 7035 6821
f 6820 7034 6821
f 7033 7034 6820
f 6819 7033 6820
f 7031 7033 6819
f 7031 6819 7031
f 7031 6819 6816
f 7032 7029 6814
f 7032 7032 6814
f 7032 6814 6817
f 6817 6818 7032
f 6816 6815 7031
f 6811 7030 6815
f 7038 6828 6827
f 7022 7024 6807
f 7024 7022 7022
f 7013 7014 6795
f 7013 6795 7010
f 7010 6795 6792
f 7007 6789 7011
f 7011 6789 6793
f 6793 6794 7011
f 6794 7012 7011
f 6792 6791 7010
f 6791 7009 7010
f 6790 7009 6791
f 7008 7009 6790
f 7005 7008 6790
f 7005 7005 6790
f 7005 6790 6787
f 7005 7005 7005
f 7002 6782 7006
f 7006 6782 6788
f 6788 6789 7006
f 6789 7007 7006
f 6786 7005 6787
f 7004 6786 6784
f 6795 7014 6796
f 7024 7022 7024
f 6796 7014 7015
f 7012 6794 7016
f 7019 7023 7019
f 7019 7023 7023
f 6806 7023 6802
f 7023 7019 6802
f 6804 7022 6805
f 7021 6804 6803
f 7022 6804 7021
f 7022 7022 6804
f 7021 6803 7018
f 7018 6803 6800
f 7016 6798 7020
f 7020 6798 6798
f 6801 7020 6798
f 7019 7020 6801
f 7019 7019 7020
f 6801 6802 7019
f 6800 6799 7018
f 6799 7017 7018
f 7017 6799 7015
f 7015 6799 6797
f 7016 6794 6798
f 6797 6796 7015
f 6828 7039 6829
f 7032 7032 6818
f 7032 6818 7040
f 6858 7064 6859
f 6859 7064 7065
f 6856 7063 6855
f 6855 7063 7063
f 6854 6855 7063
f 7062 6854 7063
f 6853 6854 7062
f 7061 6853 7062
f 7061 7059 6853
f 7059 6851 6853
f 7060 6850 7058
f 6852 6850 7060
f 6852 6852 6850
f 6852 6852 6852
f 7059 6848 6851
f 7057 6848 7059
f 7058 6850 6846
f 7056 7058 6846
f 6848 7057 6847
f 6847 7057 7057
f 7057 7055 6847
f 6852 6852 7066
f 7055 6845 6847
f 6852 7066 6858
f 6852 7060 7066
f 7075 6870 7076
f 6869 6870 7075
f 7074 6869 7075
f 6868 6869 7074
f 7073 6868 7074
f 6867 6868 7073
f 7072 6867 7073
f 6866 6867 7072
f 7071 6866 7072
f 6865 6866 7071
f 7069 6865 7071
f 6864 6865 7069
f 6864 6864 7069
f 6864 7069 7070
f 6864 6864 6864
f 6861 6861 6861
f 7067 6860 6861
f 7068 7067 6861
f 7068 6861 6861
f 7067 7063 6860
f 7063 6856 6860
f 6858 7066 7064
f 6844 7054 7056
f 7056 6846 6844
f 7056 7056 6844
f 7039 6829 7039
f 7039 6835 6829
f 7039 7045 6835
f 7045 7045 6835
f 7039 7039 7039
f 7037 7037 7037
f 6826 7044 7037
f 6826 6826 7037
f 6826 7037 7037
f 6834 7044 6826
f 7043 7044 6834
f 6833 7043 6834
f 7042 7043 6833
f 6832 7042 6833
f 7041 7042 6832
f 6831 7041 6832
f 7036 7041 6831
f 7036 6831 7036
f 7036 6831 6824
f 7032 7032 7032
f 7040 6818 6830
f 6835 7045 6836
f 7040 6830 7046
f 7046 6830 6837
f 7045 7045 7045
f 7056 6844 6844
f 7055 6843 6845
f 7052 6843 7055
f 7053 7054 6844
f 6844 6842 7051
f 6844 6844 7051
f 6844 7051 7053
f 7052 6841 6843
f 7050 6841 7052
f 6842 6840 7051
f 7005 6786 7004
f 6840 7049 7051
f 7049 6840 6840
f 7050 6839 6841
f 7048 6839 7050
f 7049 6840 6838
f 7047 7049 6838
f 7048 6837 6839
f 7046 6837 7048
f 6836 7047 6838
f 7045 7047 6836
f 7045 7045 7047
f 7049 6840 7049
f 6750 6746 6529
f 7005 7005 6786
f 7003 7004 6783
f 6952 6723 6728
f 6947 6723 6952
f 6726 6951 6727
f 6950 6726 6725
f 6951 6726 6950
f 6951 6951 6726
f 6724 6950 6725
f 6949 6950 6724
f 6722 6949 6724
f 6948 6949 6722
f 6948 6722 6946
f 6946 6722 6722
f 6947 6719 6723
f 6943 6719 6947
f 6722 6721 6946
f 6721 6945 6946
f 6720 6945 6721
f 6944 6945 6720
f 6942 6944 6720
f 6942 6942 6720
f 6942 6720 6718
f 6951 6951 6951
f 6942 6942 6942
f 6953 6953 6729
f 6951 6729 6727
f 6959 6736 6962
f 6738 6737 6961
f 6737 6960 6961
f 6960 6737 6958
f 6958 6737 6735
f 6959 6733 6736
f 6956 6733 6959
f 6735 6734 6958
f 6734 6957 6958
f 6957 6734 6955
f 6955 6734 6732
f 6956 6731 6733
f 6954 6731 6956
f 6730 6955 6732
f 6953 6955 6730
f 6953 6953 6955
f 6953 6953 6953
f 6954 6728 6731
f 6952 6728 6954
f 6729 6953 6730
f 6951 6727 6951
f 6951 6953 6729
f 6962 6736 6739
f 6936 6936 6936
f 6936 6710 6943
f 6706 6707 6932
f 6931 6706 6932
f 6705 6706 6931
f 6930 6705 6931
f 6704 6705 6930
f 6929 6704 6930
f 6703 6704 6929
f 6928 6703 6929
f 6702 6703 6928
f 6927 6702 6928
f 6701 6702 6927
f 6926 6701 6927
f 6700 6701 6926
f 6925 6700 6926
f 6699 6700 6925
f 6924 6699 6925
f 6698 6699 6924
f 6923 6698 6924
f 6697 6698 6923
f 6922 6697 6923
f 6696 6697 6922
f 6932 6707 6933
f 6943 6710 6719
f 6707 6708 6933
f 6688 6934 6708
f 6936 6936 6710
f 6716 6942 6718
f 6941 6716 6715
f 6942 6716 6941
f 6942 6942 6716
f 6714 6941 6715
f 6940 6941 6714
f 6713 6940 6714
f 6939 6940 6713
f 6712 6939 6713
f 6938 6939 6712
f 6711 6938 6712
f 6937 6938 6711
f 6709 6937 6711
f 6936 6937 6709
f 6936 6936 6937
f 6709 6710 6936
f 6907 6908 6935
f 6934 6688 6935
f 6688 6907 6935
f 6708 6934 6933
f 6688 6688 6934
f 6961 6740 6738
f 6963 6740 6961
f 6740 6963 6964
f 6993 6773 6773
f 6994 6770 6774
f 6990 6770 6994
f 6773 6772 6993
f 6772 6992 6993
f 6771 6992 6772
f 6991 6992 6771
f 6991 6771 6988
f 6988 6771 6768
f 6985 6765 6989
f 6989 6765 6769
f 6769 6770 6989
f 6770 6990 6989
f 6768 6767 6988
f 6767 6987 6988
f 6766 6987 6767
f 6986 6987 6766
f 6986 6766 6984
f 6984 6766 6764
f 6985 6761 6765
f 6981 6761 6985
f 6993 6773 6993
f 6764 6763 6984
f 6773 6993 6995
f 6994 6774 6996
f 6781 7003 6783
f 7001 7003 6781
f 7001 6781 7001
f 7001 6781 6781
f 6996 6776 6996
f 6996 6776 6776
f 6776 6782 6996
f 6782 7002 6996
f 6781 6780 7001
f 6780 7000 7001
f 6779 7000 6780
f 6999 7000 6779
f 6778 6999 6779
f 6998 6999 6778
f 6777 6998 6778
f 6997 6998 6777
f 6775 6997 6777
f 6995 6997 6775
f 6995 6775 6995
f 6995 6775 6775
f 6996 6774 6776
f 6775 6773 6995
f 6763 6983 6984
f 6762 6983 6763
f 6982 6983 6762
f 6752 6751 6974
f 6751 6973 6974
f 6973 6751 6971
f 6971 6751 6748
f 6972 6746 6750
f 6969 6746 6972
f 6748 6747 6971
f 6747 6970 6971
f 6970 6747 6968
f 6968 6747 6745
f 6969 6742 6746
f 6965 6742 6969
f 6745 6744 6968
f 6744 6967 6968
f 6743 6967 6744
f 6966 6967 6743
f 6966 6743 6964
f 6964 6743 6741
f 6965 6739 6742
f 6962 6739 6965
f 6741 6740 6964
f 6972 6750 6975
f 6975 6750 6754
f 6974 6752 6752
f 6974 6752 6974
f 6982 6762 6980
f 6980 6762 6760
f 6977 6977 6977
f 6981 6757 6761
f 6977 6757 6981
f 6977 6977 6757
f 6760 6759 6980
f 6759 6979 6980
f 6758 6979 6759
f 6978 6979 6758
f 6783 7004 6784
f 6755 6978 6758
f 6976 6755 6976
f 6976 6755 6755
f 6975 6754 6975
f 6975 6754 6754
f 6756 6975 6754
f 6977 6975 6756
f 6977 6977 6975
f 6756 6757 6977
f 6755 6752 6976
f 6752 6974 6976
f 6976 6978 6755
f 6749 6750 6529
f 6749 6529 6533
f 6533 6532 6749
f 6529 6278 6281
f 6526 6278 6529
f 6280 6277 6528
f 6277 6527 6528
f 6525 6527 6277
f 6525 6525 6277
f 6525 6277 6277
f 6525 6525 6525
f 6526 6275 6278
f 6523 6275 6526
f 6276 6525 6277
f 6524 6276 6274
f 6525 6276 6524
f 6525 6525 6276
f 6524 6274 6522
f 6522 6274 6274
f 6523 6273 6275
f 6521 6273 6523
f 6272 6522 6274
f 6520 6522 6272
f 6520 6520 6522
f 6528 6282 6280
f 6520 6520 6520
f 6530 6282 6528
f 6283 6282 6531
f 6536 6288 6538
f 6287 6537 6289
f 6535 6537 6287
f 6535 6535 6537
f 6535 6535 6535
f 6532 6532 6532
f 6536 6285 6288
f 6532 6285 6536
f 6532 6532 6285
f 6286 6535 6287
f 6534 6286 6283
f 6535 6286 6534
f 6535 6535 6286
f 6534 6283 6531
f 6531 6283 6283
f 6529 6281 6533
f 6533 6281 6281
f 6284 6533 6281
f 6532 6533 6284
f 6532 6532 6533
f 6284 6285 6532
f 6282 6530 6531
f 6538 6288 6290
f 6521 6270 6273
f 6271 6520 6272
f 6510 6262 6262
f 6509 6512 6509
f 6509 6512 6510
f 6509 6509 6509
f 6263 6511 6506
f 6263 6263 6506
f 6263 6506 6505
f 6505 6259 6263
f 6261 6510 6262
f 6510 6261 6509
f 6261 6260 6509
f 6508 6260 6257
f 6509 6260 6508
f 6509 6509 6260
f 6507 6508 6257
f 6503 6507 6257
f 6503 6257 6257
f 6504 6507 6503
f 6506 6495 6252
f 6505 6506 6252
f 6505 6252 6258
f 6510 6512 6262
f 6519 6270 6521
f 6512 6513 6262
f 6514 6264 6513
f 6518 6269 6518
f 6518 6271 6269
f 6518 6520 6271
f 6520 6520 6271
f 6518 6518 6518
f 6519 6268 6270
f 6517 6268 6519
f 6267 6518 6269
f 6267 6516 6518
f 6267 6267 6518
f 6267 6518 6518
f 6517 6266 6268
f 6515 6266 6517
f 6265 6516 6267
f 6514 6516 6265
f 6514 6514 6516
f 6514 6514 6514
f 6515 6263 6266
f 6511 6263 6515
f 6264 6514 6265
f 6513 6264 6262
f 6514 6514 6264
f 6537 6289 6289
f 6537 6289 6537
f 6537 6539 6289
f 6569 6564 6322
f 6569 6570 6564
f 6322 6323 6569
f 6567 6568 6321
f 6567 6320 6566
f 6321 6320 6567
f 6321 6321 6320
f 6319 6566 6320
f 6565 6566 6319
f 6565 6319 6318
f 6563 6565 6318
f 6563 6318 6561
f 6318 6316 6561
f 6561 6316 6316
f 6316 6316 6316
f 6564 6311 6317
f 6557 6311 6564
f 6562 6563 6561
f 6316 6560 6561
f 6560 6562 6561
f 6560 6315 6559
f 6322 6564 6317
f 6316 6315 6560
f 6564 6317 6317
f 6321 6321 6321
f 6330 6577 6332
f 6574 6577 6330
f 6574 6330 6327
f 6574 6574 6327
f 6574 6327 6327
f 6327 6327 6327
f 6569 6576 6570
f 6328 6569 6323
f 6328 6576 6569
f 6328 6575 6576
f 6575 6575 6576
f 6328 6329 6575
f 6573 6574 6327
f 6573 6326 6572
f 6327 6326 6573
f 6327 6327 6326
f 6324 6572 6326
f 6571 6572 6324
f 6571 6324 6321
f 6568 6571 6321
f 6568 6321 6321
f 6564 6317 6564
f 6316 6316 6315
f 6313 6559 6315
f 6558 6559 6313
f 6301 6548 6302
f 6547 6548 6301
f 6547 6301 6545
f 6545 6301 6298
f 6546 6542 6295
f 6546 6546 6295
f 6546 6295 6299
f 6299 6300 6546
f 6298 6297 6545
f 6297 6544 6545
f 6296 6544 6297
f 6543 6544 6296
f 6543 6296 6541
f 6541 6296 6293
f 6542 6290 6295
f 6538 6290 6542
f 6293 6292 6541
f 6292 6540 6541
f 6291 6540 6292
f 6539 6540 6291
f 6289 6539 6291
f 6302 6548 6549
f 6303 6302 6549
f 6546 6546 6300
f 6546 6300 6550
f 6312 6558 6313
f 6555 6558 6312
f 6555 6312 6555
f 6555 6312 6310
f 6554 6309 6556
f 6556 6309 6309
f 6309 6311 6556
f 6311 6557 6556
f 6310 6308 6555
f 6308 6553 6555
f 6258 6259 6505
f 6553 6308 6553
f 6554 6305 6309
f 6550 6305 6554
f 6308 6307 6553
f 6307 6552 6553
f 6306 6552 6307
f 6551 6552 6306
f 6551 6306 6549
f 6549 6306 6303
f 6546 6546 6546
f 6550 6300 6305
f 6553 6308 6308
f 6332 6577 6578
f 6256 6503 6257
f 6504 6256 6502
f 6442 6179 6444
f 6179 6408 6444
f 6214 6179 6179
f 6214 6179 6442
f 6214 6442 6441
f 6441 6442 6443
f 6441 6213 6214
f 6214 6213 6213
f 6213 6213 6213
f 6206 6208 6439
f 6438 6205 6206
f 6440 6438 6206
f 6440 6206 6439
f 6204 6205 6438
f 6437 6204 6438
f 6203 6204 6437
f 6436 6203 6437
f 6202 6203 6436
f 6435 6202 6436
f 6201 6202 6435
f 6434 6201 6435
f 6408 6409 6445
f 6200 6201 6434
f 6444 6408 6445
f 6445 6409 6446
f 6220 6221 6456
f 6455 6220 6456
f 6219 6220 6455
f 6454 6219 6455
f 6218 6219 6454
f 6453 6218 6454
f 6217 6218 6453
f 6452 6217 6453
f 6216 6217 6452
f 6451 6216 6452
f 6215 6216 6451
f 6450 6215 6451
f 6450 6419 6215
f 6419 6188 6215
f 6413 6415 6449
f 6448 6412 6449
f 6412 6413 6449
f 6447 6411 6448
f 6411 6412 6448
f 6446 6410 6447
f 6410 6411 6447
f 6409 6410 6446
f 6456 6221 6457
f 6433 6200 6434
f 6407 6200 6432
f 6420 6191 6192
f 6192 6191 6191
f 6191 6191 6191
f 6188 6419 6187
f 6187 6419 6419
f 6186 6187 6419
f 6418 6186 6419
f 6417 6186 6418
f 6170 6186 6417
f 6170 6170 6186
f 6404 6170 6417
f 6401 6402 6416
f 6414 6168 6416
f 6168 6401 6416
f 6185 6168 6168
f 6185 6168 6414
f 6185 6414 6413
f 6413 6414 6415
f 6413 6412 6185
f 6185 6412 6184
f 6412 6411 6184
f 6420 6421 6422
f 6432 6200 6433
f 6420 6192 6421
f 6421 6193 6423
f 6407 6176 6200
f 6431 6406 6432
f 6406 6407 6432
f 6430 6405 6431
f 6405 6406 6431
f 6429 6171 6430
f 6171 6405 6430
f 6199 6429 6428
f 6171 6429 6199
f 6171 6171 6429
f 6198 6199 6428
f 6427 6198 6428
f 6197 6198 6427
f 6426 6197 6427
f 6196 6197 6426
f 6425 6196 6426
f 6195 6196 6425
f 6424 6195 6425
f 6194 6195 6424
f 6423 6194 6424
f 6193 6194 6423
f 6192 6193 6421
f 6221 6222 6457
f 6191 6191 6458
f 6191 6458 6222
f 6236 6237 6490
f 6488 6473 6489
f 6473 6236 6489
f 6487 6472 6488
f 6472 6473 6488
f 6486 6471 6487
f 6471 6472 6487
f 6485 6470 6486
f 6470 6471 6486
f 6484 6469 6485
f 6469 6470 6485
f 6483 6468 6484
f 6468 6469 6484
f 6467 6468 6483
f 6441 6443 6482
f 6481 6213 6482
f 6213 6441 6482
f 6244 6481 6480
f 6213 6481 6244
f 6213 6213 6481
f 6243 6244 6480
f 6489 6236 6490
f 6479 6243 6480
f 6237 6474 6491
f 6474 6475 6492
f 6504 6503 6256
f 6254 6502 6255
f 6501 6502 6254
f 6249 6501 6254
f 6500 6501 6249
f 6248 6500 6249
f 6499 6500 6248
f 6247 6499 6248
f 6498 6499 6247
f 6246 6498 6247
f 6497 6498 6246
f 6253 6497 6246
f 6496 6497 6253
f 6251 6496 6253
f 6494 6496 6251
f 6251 6252 6494
f 6252 6495 6494
f 6476 6477 6493
f 6492 6475 6493
f 6475 6476 6493
f 6491 6474 6492
f 6490 6237 6491
f 6242 6243 6479
f 6478 6242 6479
f 6241 6242 6478
f 6467 6230 6468
f 6228 6229 6467
f 6466 6228 6467
f 6227 6228 6466
f 6465 6227 6466
f 6226 6227 6465
f 6464 6226 6465
f 6225 6226 6464
f 6463 6225 6464
f 6224 6225 6463
f 6462 6224 6463
f 6223 6224 6462
f 6461 6223 6462
f 6460 6223 6461
f 6439 6223 6460
f 6439 6208 6223
f 6440 6439 6460
f 6420 6422 6459
f 6458 6191 6459
f 6191 6420 6459
f 6222 6458 6457
f 6467 6467 6230
f 6467 6229 6230
f 6231 6468 6230
f 6469 6468 6231
f 6477 6241 6478
f 6240 6241 6477
f 6476 6240 6477
f 6476 6477 6477
f 6476 6475 6240
f 6240 6475 6239
f 6475 6474 6239
f 6239 6474 6238
f 6474 6237 6238
f 6238 6237 6237
f 6502 6256 6255
f 6237 6236 6237
f 6236 6473 6236
f 6236 6473 6235
f 6473 6472 6235
f 6235 6472 6234
f 6472 6471 6234
f 6234 6471 6233
f 6471 6470 6233
f 6233 6470 6232
f 6470 6469 6232
f 6232 6469 6231
f 6237 6236 6236
f 6870 6871 7076
f 6333 6332 6578
f 6579 6579 6575
f 6478 6479 6688
f 6687 6478 6688
f 6687 6688 6688
f 6687 6477 6478
f 6478 6477 6477
f 6477 6477 6477
f 6467 6467 6467
f 6467 6685 6467
f 6467 6685 6466
f 6684 6465 6466
f 6686 6684 6466
f 6686 6466 6685
f 6464 6465 6684
f 6683 6464 6684
f 6463 6464 6683
f 6682 6463 6683
f 6462 6463 6682
f 6681 6462 6682
f 6461 6462 6681
f 6680 6461 6681
f 6460 6461 6680
f 6688 6479 6689
f 6679 6460 6680
f 6479 6480 6689
f 6480 6481 6690
f 6699 6486 6700
f 6485 6486 6699
f 6698 6485 6699
f 6484 6485 6698
f 6697 6484 6698
f 6483 6484 6697
f 6696 6483 6697
f 6695 6483 6696
f 6467 6483 6695
f 6467 6467 6483
f 6694 6685 6695
f 6685 6467 6695
f 6686 6685 6694
f 6660 6661 6693
f 6692 6659 6693
f 6659 6660 6693
f 6482 6692 6691
f 6443 6692 6482
f 6443 6659 6692
f 6481 6482 6691
f 6690 6481 6691
f 6689 6480 6690
f 6486 6487 6700
f 6678 6460 6679
f 6657 6440 6460
f 6635 6636 6666
f 6449 6666 6665
f 6415 6666 6449
f 6415 6635 6666
f 6448 6449 6665
f 6664 6448 6665
f 6447 6448 6664
f 6663 6447 6664
f 6446 6447 6663
f 6662 6446 6663
f 6445 6446 6662
f 6661 6445 6662
f 6444 6445 6661
f 6660 6444 6661
f 6660 6661 6661
f 6660 6659 6444
f 6444 6659 6442
f 6442 6659 6443
f 6438 6440 6657
f 6656 6437 6438
f 6658 6656 6438
f 6640 6419 6667
f 6657 6460 6678
f 6419 6419 6450
f 6667 6450 6668
f 6658 6657 6678
f 6641 6677 6422
f 6677 6459 6422
f 6458 6459 6677
f 6676 6458 6677
f 6457 6458 6676
f 6675 6457 6676
f 6456 6457 6675
f 6674 6456 6675
f 6455 6456 6674
f 6673 6455 6674
f 6454 6455 6673
f 6672 6454 6673
f 6453 6454 6672
f 6671 6453 6672
f 6452 6453 6671
f 6670 6452 6671
f 6451 6452 6670
f 6669 6451 6670
f 6450 6451 6669
f 6668 6450 6669
f 6419 6450 6667
f 6700 6487 6701
f 6487 6488 6701
f 6701 6488 6702
f 6733 6519 6736
f 6520 6518 6735
f 6518 6734 6735
f 6734 6518 6732
f 6732 6518 6518
f 6733 6517 6519
f 6731 6517 6733
f 6732 6518 6516
f 6730 6732 6516
f 6731 6515 6517
f 6728 6515 6731
f 6516 6514 6730
f 6514 6729 6730
f 6729 6514 6727
f 6727 6514 6514
f 6728 6511 6515
f 6723 6511 6728
f 6514 6513 6727
f 6513 6726 6727
f 6512 6726 6513
f 6725 6726 6512
f 6736 6519 6521
f 6509 6725 6512
f 6735 6520 6520
f 6520 6737 6738
f 6531 6530 6748
f 6530 6747 6748
f 6747 6530 6745
f 6745 6530 6528
f 6746 6526 6529
f 6742 6526 6746
f 6528 6527 6745
f 6527 6744 6745
f 6525 6744 6527
f 6743 6744 6525
f 6743 6525 6741
f 6741 6525 6525
f 6742 6523 6526
f 6739 6523 6742
f 6525 6524 6741
f 6524 6740 6741
f 6740 6524 6738
f 6738 6524 6522
f 6739 6521 6523
f 6736 6521 6739
f 6522 6520 6738
f 6737 6520 6735
f 6724 6725 6509
f 6722 6724 6509
f 6722 6722 6509
f 6496 6712 6497
f 6711 6712 6496
f 6494 6711 6496
f 6709 6711 6494
f 6494 6495 6709
f 6495 6710 6709
f 6687 6688 6708
f 6707 6477 6708
f 6477 6687 6708
f 6493 6707 6706
f 6477 6707 6493
f 6477 6477 6707
f 6492 6493 6706
f 6705 6492 6706
f 6491 6492 6705
f 6704 6491 6705
f 6490 6491 6704
f 6703 6490 6704
f 6489 6490 6703
f 6702 6489 6703
f 6488 6489 6702
f 6712 6713 6497
f 6497 6713 6498
f 6713 6714 6498
f 6498 6714 6499
f 6722 6509 6509
f 6722 6722 6722
f 6723 6506 6511
f 6719 6506 6723
f 6508 6722 6509
f 6721 6508 6507
f 6722 6508 6721
f 6722 6722 6508
f 6720 6721 6507
f 6717 6720 6507
f 6658 6438 6657
f 6717 6507 6504
f 6719 6495 6506
f 6710 6495 6719
f 6502 6717 6504
f 6716 6502 6501
f 6718 6502 6716
f 6718 6717 6502
f 6500 6716 6501
f 6715 6716 6500
f 6499 6715 6500
f 6714 6715 6499
f 6718 6720 6717
f 6329 6334 6579
f 6436 6437 6656
f 6435 6436 6655
f 6364 6607 6363
f 6364 6364 6607
f 6361 6606 6364
f 6606 6607 6364
f 6606 6360 6605
f 6361 6360 6606
f 6361 6361 6360
f 6358 6605 6360
f 6604 6605 6358
f 6356 6604 6358
f 6603 6604 6356
f 6355 6603 6356
f 6595 6603 6355
f 6595 6355 6352
f 6595 6595 6352
f 6595 6352 6352
f 6352 6352 6352
f 6602 6350 6353
f 6593 6350 6602
f 6600 6601 6599
f 6596 6597 6599
f 6363 6607 6608
f 6597 6600 6599
f 6608 6598 6363
f 6596 6598 6598
f 6612 6372 6382
f 6610 6372 6612
f 6381 6609 6611
f 6371 6609 6381
f 6371 6371 6609
f 6371 6371 6371
f 6364 6364 6364
f 6364 6361 6364
f 6364 6361 6361
f 6361 6361 6361
f 6610 6353 6372
f 6602 6353 6610
f 6601 6609 6371
f 6599 6601 6601
f 6599 6601 6371
f 6599 6371 6370
f 6370 6371 6371
f 6370 6368 6599
f 6599 6368 6596
f 6368 6366 6598
f 6596 6368 6598
f 6363 6598 6366
f 6385 6611 6613
f 6598 6597 6596
f 6594 6349 6592
f 6339 6339 6339
f 6585 6337 6340
f 6582 6337 6585
f 6583 6584 6339
f 6583 6338 6581
f 6339 6338 6583
f 6339 6339 6338
f 6581 6338 6581
f 6581 6338 6336
f 6579 6579 6579
f 6582 6334 6337
f 6579 6334 6582
f 6579 6579 6334
f 6336 6335 6581
f 6335 6580 6581
f 6580 6335 6578
f 6578 6335 6333
f 6575 6575 6575
f 6329 6575 6329
f 6329 6575 6575
f 6329 6579 6575
f 6339 6339 6584
f 6594 6595 6352
f 6339 6584 6341
f 6585 6340 6587
f 6352 6349 6594
f 6352 6352 6349
f 6592 6349 6592
f 6592 6349 6349
f 6591 6591 6591
f 6593 6348 6350
f 6591 6348 6593
f 6591 6591 6348
f 6592 6349 6346
f 6590 6592 6346
f 6591 6589 6345
f 6591 6591 6345
f 6591 6345 6347
f 6347 6348 6591
f 6590 6346 6343
f 6588 6590 6343
f 6589 6342 6345
f 6587 6342 6589
f 6588 6343 6341
f 6586 6588 6341
f 6587 6340 6342
f 6341 6584 6586
f 6385 6385 6611
f 6385 6381 6611
f 6613 6614 6385
f 6421 6423 6642
f 6641 6421 6642
f 6421 6641 6422
f 6422 6641 6641
f 6419 6419 6419
f 6639 6418 6419
f 6640 6639 6419
f 6640 6419 6419
f 6417 6418 6639
f 6638 6417 6639
f 6638 6634 6417
f 6634 6404 6417
f 6402 6631 6637
f 6416 6637 6636
f 6402 6637 6416
f 6402 6402 6637
f 6414 6416 6636
f 6635 6414 6636
f 6635 6636 6636
f 6414 6635 6415
f 6404 6634 6403
f 6642 6423 6643
f 6403 6634 6633
f 6423 6424 6643
f 6424 6425 6644
f 6654 6435 6655
f 6434 6435 6654
f 6653 6434 6654
f 6433 6434 6653
f 6652 6433 6653
f 6432 6433 6652
f 6651 6432 6652
f 6431 6432 6651
f 6650 6431 6651
f 6430 6431 6650
f 6649 6430 6650
f 6429 6430 6649
f 6648 6429 6649
f 6428 6429 6648
f 6647 6428 6648
f 6427 6428 6647
f 6646 6427 6647
f 6426 6427 6646
f 6645 6426 6646
f 6425 6426 6645
f 6644 6425 6645
f 6643 6424 6644
f 6632 6403 6633
f 6630 6403 6632
f 6630 6400 6403
f 6620 6392 6623
f 6618 6619 6621
f 6619 6622 6621
f 6394 6391 6621
f 6621 6391 6618
f 6392 6392 6392
f 6389 6620 6617
f 6392 6620 6389
f 6392 6392 6620
f 6388 6616 6618
f 6616 6619 6618
f 6391 6388 6618
f 6618 6388 6388
f 6617 6386 6389
f 6615 6386 6617
f 6385 6614 6388
f 6614 6616 6388
f 6388 6385 6388
f 6388 6385 6385
f 6615 6382 6386
f 6612 6382 6615
f 6625 6395 6624
f 6623 6395 6625
f 6623 6392 6395
f 6623 6392 6392
f 6629 6630 6632
f 6626 6628 6631
f 6402 6399 6626
f 6402 6626 6631
f 6402 6631 6402
f 6402 6631 6631
f 6402 6402 6402
f 6396 6400 6396
f 6396 6400 6630
f 6630 6624 6396
f 6655 6436 6656
f 6629 6624 6630
f 6625 6624 6629
f 6621 6622 6627
f 6398 6394 6621
f 6398 6621 6627
f 6398 6627 6626
f 6626 6627 6628
f 6398 6626 6399
f 6396 6396 6396
f 6396 6624 6396
f 6396 6624 6395
f 6629 6629 6624
f 7076 6871 7077
f 6871 6872 7077
f 7077 6872 7078
f 7511 7304 7512
f 7303 7304 7511
f 7510 7303 7511
f 7302 7303 7510
f 7509 7302 7510
f 7301 7302 7509
f 7508 7301 7509
f 7300 7301 7508
f 7507 7300 7508
f 7299 7300 7507
f 7506 7299 7507
f 7298 7299 7506
f 7505 7298 7506
f 7297 7298 7505
f 7504 7297 7505
f 7296 7297 7504
f 7503 7296 7504
f 7295 7296 7503
f 7502 7295 7503
f 7294 7295 7502
f 7501 7294 7502
f 7304 7305 7512
f 7293 7294 7501
f 7512 7305 7513
f 7513 7306 7514
f 7312 7313 7523
f 7522 7312 7523
f 7311 7312 7522
f 7521 7311 7522
f 7310 7311 7521
f 7520 7310 7521
f 7309 7310 7520
f 7519 7309 7520
f 7518 7309 7519
f 7287 7309 7518
f 7287 7287 7309
f 7517 7496 7518
f 7496 7287 7518
f 7495 7496 7517
f 7490 7492 7516
f 7308 7516 7515
f 7281 7516 7308
f 7281 7490 7516
f 7307 7308 7515
f 7514 7307 7515
f 7306 7307 7514
f 7305 7306 7513
f 7523 7313 7524
f 7500 7293 7501
f 7499 7292 7500
f 7280 7490 7281
f 7278 7489 7278
f 7278 7489 7488
f 7277 7278 7488
f 7487 7277 7488
f 7486 7277 7487
f 7273 7277 7486
f 7273 7273 7277
f 7483 7273 7486
f 7482 7484 7271
f 7484 7275 7271
f 7275 7484 7276
f 7276 7484 7485
f 7273 7273 7273
f 7483 7272 7273
f 7483 7483 7273
f 7483 7273 7273
f 7483 7481 7272
f 7481 7270 7272
f 7482 7271 7269
f 7480 7482 7269
f 7490 7491 7492
f 7292 7293 7500
f 7490 7280 7491
f 7491 7282 7493
f 7499 7489 7292
f 7489 7278 7292
f 7485 7498 7276
f 7498 7291 7276
f 7290 7291 7498
f 7497 7290 7498
f 7289 7290 7497
f 7289 7289 7497
f 7289 7497 7497
f 7289 7289 7289
f 7287 7287 7287
f 7287 7496 7287
f 7287 7496 7286
f 7495 7285 7286
f 7495 7495 7286
f 7495 7286 7496
f 7284 7285 7495
f 7494 7284 7495
f 7283 7284 7494
f 7493 7283 7494
f 7282 7283 7493
f 7280 7282 7491
f 7313 7314 7524
f 7524 7314 7525
f 7314 7315 7525
f 7320 7557 7350
f 7320 7526 7557
f 7349 7350 7556
f 7555 7349 7556
f 7348 7349 7555
f 7554 7348 7555
f 7347 7348 7554
f 7553 7347 7554
f 7346 7347 7553
f 7552 7346 7553
f 7345 7346 7552
f 7551 7345 7552
f 7344 7345 7551
f 7550 7344 7551
f 7343 7344 7550
f 7549 7343 7550
f 7342 7343 7549
f 7548 7342 7549
f 7341 7342 7548
f 7547 7341 7548
f 7340 7341 7547
f 7350 7557 7556
f 7546 7340 7547
f 7526 7527 7557
f 7543 7336 7559
f 7568 7358 7567
f 7358 7357 7567
f 7567 7357 7566
f 7357 7356 7566
f 7566 7356 7565
f 7356 7355 7565
f 7565 7355 7564
f 7355 7354 7564
f 7564 7354 7563
f 7354 7353 7563
f 7353 7352 7563
f 7546 7547 7562
f 7561 7545 7562
f 7545 7546 7562
f 7351 7561 7560
f 7339 7561 7351
f 7339 7545 7561
f 7559 7351 7560
f 7336 7351 7559
f 7336 7336 7351
f 7558 7543 7559
f 7544 7543 7558
f 7546 7547 7547
f 7546 7545 7340
f 7340 7545 7338
f 7525 7316 7533
f 7289 7497 7532
f 7325 7532 7531
f 7289 7532 7325
f 7289 7289 7532
f 7324 7325 7531
f 7530 7324 7531
f 7323 7324 7530
f 7529 7323 7530
f 7322 7323 7529
f 7528 7322 7529
f 7321 7322 7528
f 7527 7321 7528
f 7319 7321 7527
f 7526 7319 7527
f 7526 7527 7527
f 7319 7526 7320
f 7316 7316 7316
f 7525 7315 7316
f 7525 7525 7316
f 7525 7316 7316
f 7316 7316 7326
f 7316 7326 7533
f 7533 7326 7534
f 7534 7326 7535
f 7338 7545 7339
f 7336 7336 7336
f 7336 7543 7336
f 7336 7543 7335
f 7542 7334 7335
f 7544 7542 7335
f 7544 7335 7543
f 7333 7334 7542
f 7541 7333 7542
f 7332 7333 7541
f 7270 7481 7478
f 7540 7332 7541
f 7539 7331 7540
f 7330 7331 7539
f 7538 7330 7539
f 7329 7330 7538
f 7537 7329 7538
f 7328 7329 7537
f 7536 7328 7537
f 7327 7328 7536
f 7535 7327 7536
f 7326 7327 7535
f 7331 7332 7540
f 7358 7568 7360
f 7270 7270 7478
f 7478 7267 7270
f 7433 7433 7433
f 7434 7430 7210
f 7434 7434 7210
f 7434 7210 7214
f 7214 7215 7434
f 7212 7433 7213
f 7432 7212 7211
f 7433 7212 7432
f 7433 7433 7212
f 7431 7432 7211
f 7427 7431 7211
f 7427 7211 7208
f 7428 7431 7427
f 7423 7204 7429
f 7429 7204 7209
f 7209 7210 7429
f 7210 7430 7429
f 7207 7427 7208
f 7426 7207 7206
f 7428 7207 7426
f 7428 7427 7207
f 7433 7213 7213
f 7205 7426 7206
f 7433 7433 7213
f 7435 7436 7213
f 7443 7223 7226
f 7440 7223 7443
f 7221 7441 7225
f 7439 7221 7439
f 7439 7221 7221
f 7439 7442 7221
f 7442 7441 7221
f 7439 7439 7439
f 7440 7219 7223
f 7438 7219 7440
f 7220 7439 7221
f 7218 7437 7439
f 7220 7218 7439
f 7220 7439 7439
f 7434 7434 7434
f 7438 7215 7219
f 7434 7215 7438
f 7434 7434 7215
f 7218 7216 7437
f 7216 7436 7437
f 7213 7436 7216
f 7433 7435 7213
f 7445 7441 7442
f 7425 7426 7205
f 7421 7424 7205
f 7413 7415 7195
f 7415 7415 7195
f 7413 7413 7413
f 7414 7192 7196
f 7410 7192 7414
f 7194 7413 7195
f 7412 7194 7193
f 7413 7194 7412
f 7413 7413 7194
f 7411 7412 7193
f 7407 7411 7193
f 7407 7193 7190
f 7408 7411 7407
f 7404 7187 7409
f 7409 7187 7191
f 7191 7192 7409
f 7192 7410 7409
f 7189 7407 7190
f 7406 7189 7188
f 7408 7189 7406
f 7408 7407 7189
f 7413 7195 7195
f 7424 7425 7205
f 7413 7195 7413
f 7414 7196 7416
f 7421 7205 7203
f 7422 7424 7421
f 7416 7198 7416
f 7416 7198 7198
f 7198 7204 7416
f 7204 7423 7416
f 7202 7421 7203
f 7420 7202 7201
f 7422 7202 7420
f 7422 7421 7202
f 7200 7420 7201
f 7419 7420 7200
f 7199 7419 7200
f 7418 7419 7199
f 7197 7418 7199
f 7417 7418 7197
f 7415 7417 7197
f 7415 7415 7197
f 7415 7197 7197
f 7415 7415 7415
f 7416 7196 7198
f 7195 7415 7197
f 7444 7441 7445
f 7441 7444 7228
f 7225 7441 7228
f 7259 7470 7471
f 7470 7259 7256
f 7468 7470 7256
f 7468 7256 7256
f 7256 7255 7256
f 7256 7255 7255
f 7255 7254 7255
f 7255 7254 7254
f 7469 7253 7258
f 7466 7253 7469
f 7467 7468 7256
f 7255 7465 7256
f 7465 7467 7256
f 7250 7255 7254
f 7465 7255 7250
f 7465 7465 7255
f 7254 7250 7254
f 7254 7250 7250
f 7466 7248 7253
f 7463 7248 7466
f 7464 7465 7250
f 7260 7259 7471
f 7464 7249 7462
f 7469 7258 7472
f 7471 7260 7260
f 7477 7479 7266
f 7479 7268 7266
f 7268 7479 7269
f 7269 7479 7480
f 7478 7478 7478
f 7267 7476 7265
f 7478 7476 7267
f 7478 7478 7476
f 7477 7266 7264
f 7475 7477 7264
f 7476 7263 7265
f 7474 7263 7476
f 7264 7262 7475
f 7262 7473 7475
f 7473 7262 7473
f 7473 7262 7262
f 7474 7261 7263
f 7472 7261 7474
f 7262 7260 7473
f 7260 7471 7473
f 7471 7260 7471
f 7472 7258 7261
f 7250 7249 7464
f 7250 7250 7249
f 7462 7249 7462
f 7452 7453 7233
f 7452 7233 7450
f 7450 7233 7233
f 7449 7232 7449
f 7449 7232 7232
f 7232 7234 7449
f 7234 7451 7449
f 7231 7450 7233
f 7447 7450 7231
f 7447 7447 7450
f 7447 7447 7447
f 7446 7229 7448
f 7448 7229 7229
f 7229 7232 7448
f 7232 7449 7448
f 7228 7444 7231
f 7444 7447 7231
f 7447 7444 7447
f 7447 7444 7445
f 7446 7226 7229
f 7443 7226 7446
f 7233 7453 7235
f 7453 7454 7235
f 7235 7454 7236
f 7236 7454 7455
f 7462 7249 7246
f 7238 7238 7238
f 7460 7248 7463
f 7238 7248 7460
f 7238 7238 7248
f 7246 7245 7462
f 7245 7461 7462
f 7244 7461 7245
f 7241 7240 7458
f 7458 7240 7456
f 7270 7478 7478
f 7240 7239 7455
f 7456 7455 7455
f 7455 7239 7455
f 7455 7239 7237
f 7451 7234 7238
f 7459 7451 7238
f 7459 7238 7238
f 7460 7459 7238
f 7456 7457 7458
f 7455 7457 7456
f 7237 7236 7455
f 7456 7240 7455
f 7186 7406 7188
f 7361 7570 7569
f 7352 7563 7563
f 7666 7455 7455
f 7665 7666 7455
f 7665 7665 7455
f 7665 7455 7455
f 7665 7665 7665
f 7662 7451 7667
f 7667 7451 7459
f 7459 7460 7667
f 7460 7668 7667
f 7454 7665 7455
f 7664 7454 7453
f 7665 7454 7664
f 7665 7665 7454
f 7452 7664 7453
f 7663 7664 7452
f 7663 7452 7661
f 7661 7452 7450
f 7449 7449 7449
f 7659 7451 7662
f 7449 7451 7659
f 7449 7449 7451
f 7666 7455 7666
f 7450 7447 7661
f 7668 7460 7669
f 7671 7671 7464
f 7678 7679 7470
f 7675 7678 7470
f 7675 7470 7468
f 7677 7678 7673
f 7673 7678 7675
f 7674 7677 7673
f 7676 7466 7469
f 7672 7466 7676
f 7467 7675 7468
f 7675 7467 7673
f 7467 7465 7673
f 7671 7465 7671
f 7671 7465 7465
f 7671 7674 7465
f 7674 7673 7465
f 7671 7671 7671
f 7672 7463 7466
f 7669 7463 7672
f 7464 7671 7465
f 7670 7464 7462
f 7671 7464 7670
f 7669 7460 7463
f 7470 7679 7680
f 7447 7660 7661
f 7657 7447 7447
f 7643 7648 7437
f 7643 7647 7648
f 7644 7647 7643
f 7639 7434 7645
f 7645 7434 7434
f 7434 7438 7645
f 7438 7646 7645
f 7436 7643 7437
f 7642 7436 7435
f 7644 7436 7642
f 7644 7643 7436
f 7433 7642 7435
f 7641 7642 7433
f 7640 7641 7433
f 7637 7640 7433
f 7637 7433 7433
f 7638 7640 7637
f 7635 7635 7635
f 7639 7430 7434
f 7635 7430 7639
f 7635 7635 7430
f 7437 7648 7439
f 7660 7447 7657
f 7646 7438 7649
f 7439 7651 7650
f 7655 7446 7655
f 7655 7446 7448
f 7448 7658 7655
f 7449 7658 7448
f 7449 7449 7658
f 7659 7658 7449
f 7445 7657 7447
f 7653 7657 7445
f 7653 7656 7657
f 7654 7656 7653
f 7655 7443 7446
f 7652 7443 7655
f 7442 7650 7445
f 7650 7653 7445
f 7653 7650 7654
f 7654 7650 7651
f 7652 7440 7443
f 7649 7440 7652
f 7439 7650 7442
f 7439 7648 7651
f 7439 7439 7651
f 7649 7438 7440
f 7471 7470 7680
f 7676 7469 7681
f 7681 7469 7472
f 7696 7710 7485
f 7710 7498 7485
f 7497 7498 7710
f 7709 7497 7710
f 7497 7709 7708
f 7497 7497 7708
f 7497 7708 7708
f 7708 7708 7708
f 7495 7495 7495
f 7707 7494 7495
f 7707 7707 7495
f 7707 7495 7495
f 7493 7494 7707
f 7706 7493 7707
f 7491 7493 7706
f 7705 7491 7706
f 7491 7705 7704
f 7492 7491 7704
f 7492 7704 7704
f 7704 7704 7704
f 7702 7701 7703
f 7699 7489 7499
f 7699 7701 7700
f 7701 7699 7499
f 7703 7701 7500
f 7720 7510 7721
f 7509 7510 7720
f 7719 7509 7720
f 7508 7509 7719
f 7718 7508 7719
f 7507 7508 7718
f 7717 7507 7718
f 7506 7507 7717
f 7716 7506 7717
f 7505 7506 7716
f 7715 7505 7716
f 7504 7505 7715
f 7714 7504 7715
f 7503 7504 7714
f 7713 7503 7714
f 7502 7503 7713
f 7712 7502 7713
f 7501 7502 7712
f 7711 7501 7712
f 7711 7500 7501
f 7703 7500 7711
f 7500 7701 7499
f 7700 7701 7702
f 7700 7698 7488
f 7699 7700 7488
f 7687 7480 7479
f 7478 7690 7478
f 7478 7690 7689
f 7689 7686 7478
f 7686 7476 7478
f 7475 7685 7477
f 7685 7687 7477
f 7687 7685 7688
f 7688 7685 7685
f 7686 7474 7476
f 7684 7474 7686
f 7473 7685 7475
f 7473 7683 7685
f 7473 7473 7685
f 7473 7685 7685
f 7684 7472 7474
f 7681 7472 7684
f 7473 7471 7683
f 7471 7682 7683
f 7682 7471 7680
f 7680 7471 7471
f 7687 7688 7480
f 7688 7691 7480
f 7687 7479 7477
f 7690 7478 7692
f 7699 7488 7489
f 7487 7488 7698
f 7697 7487 7698
f 7697 7486 7487
f 7695 7486 7697
f 7695 7695 7486
f 7695 7483 7486
f 7693 7484 7482
f 7693 7696 7485
f 7693 7693 7485
f 7432 7637 7433
f 7693 7485 7484
f 7695 7694 7483
f 7695 7695 7483
f 7695 7483 7483
f 7694 7692 7483
f 7692 7481 7483
f 7691 7482 7480
f 7693 7482 7691
f 7693 7693 7482
f 7693 7693 7693
f 7692 7478 7481
f 7695 7695 7695
f 7352 7361 7569
f 7636 7432 7431
f 7638 7637 7432
f 7385 7594 7386
f 7593 7385 7383
f 7594 7385 7593
f 7594 7594 7385
f 7593 7383 7591
f 7591 7383 7383
f 7592 7381 7384
f 7589 7381 7592
f 7383 7382 7591
f 7382 7590 7591
f 7588 7590 7382
f 7588 7588 7382
f 7588 7382 7380
f 7588 7588 7588
f 7589 7377 7381
f 7586 7377 7589
f 7378 7588 7380
f 7587 7376 7584
f 7587 7378 7376
f 7587 7588 7378
f 7588 7588 7378
f 7592 7384 7595
f 7585 7587 7584
f 7595 7384 7387
f 7594 7386 7386
f 7600 7393 7602
f 7392 7601 7394
f 7599 7601 7392
f 7599 7599 7601
f 7599 7599 7599
f 7600 7390 7393
f 7598 7390 7600
f 7391 7599 7392
f 7597 7389 7597
f 7597 7391 7389
f 7597 7599 7391
f 7599 7599 7391
f 7597 7597 7597
f 7598 7387 7390
f 7595 7387 7598
f 7388 7597 7389
f 7596 7388 7386
f 7597 7388 7596
f 7597 7597 7388
f 7594 7596 7386
f 7594 7594 7386
f 7594 7594 7594
f 7602 7393 7395
f 7586 7374 7377
f 7375 7584 7376
f 7364 7575 7366
f 7575 7364 7574
f 7364 7363 7574
f 7573 7363 7362
f 7574 7363 7573
f 7574 7574 7363
f 7572 7573 7362
f 7568 7572 7362
f 7568 7362 7360
f 7571 7572 7567
f 7567 7572 7568
f 7566 7571 7566
f 7566 7571 7567
f 7565 7566 7565
f 7565 7566 7566
f 7564 7565 7564
f 7564 7565 7565
f 7563 7564 7563
f 7563 7564 7564
f 7352 7569 7563
f 7352 7352 7563
f 7570 7361 7576
f 7582 7374 7586
f 7576 7361 7367
f 7574 7577 7575
f 7583 7375 7373
f 7585 7375 7583
f 7585 7584 7375
f 7583 7373 7581
f 7581 7373 7373
f 7582 7372 7374
f 7580 7372 7582
f 7371 7581 7373
f 7579 7581 7371
f 7579 7579 7581
f 7579 7579 7579
f 7580 7367 7372
f 7576 7367 7580
f 7369 7579 7371
f 7578 7369 7368
f 7579 7369 7578
f 7579 7579 7369
f 7577 7578 7368
f 7575 7577 7368
f 7575 7368 7366
f 7574 7577 7574
f 7574 7574 7574
f 7601 7394 7394
f 7603 7394 7601
f 7603 7604 7394
f 7423 7629 7628
f 7420 7627 7422
f 7627 7420 7626
f 7420 7419 7626
f 7626 7419 7625
f 7419 7418 7625
f 7624 7418 7417
f 7625 7418 7624
f 7625 7625 7418
f 7415 7624 7417
f 7623 7624 7415
f 7622 7623 7415
f 7620 7622 7415
f 7620 7415 7415
f 7619 7622 7619
f 7619 7622 7620
f 7619 7619 7619
f 7621 7414 7416
f 7618 7414 7621
f 7413 7620 7415
f 7620 7617 7619
f 7416 7423 7628
f 7413 7617 7620
f 7628 7416 7416
f 7625 7625 7625
f 7634 7636 7431
f 7634 7634 7431
f 7634 7431 7428
f 7634 7634 7634
f 7635 7629 7423
f 7635 7635 7423
f 7635 7423 7429
f 7429 7430 7635
f 7426 7634 7428
f 7633 7426 7425
f 7634 7426 7633
f 7634 7634 7426
f 7424 7633 7425
f 7632 7633 7424
f 7631 7632 7424
f 7627 7631 7424
f 7627 7424 7422
f 7630 7631 7626
f 7626 7631 7627
f 7625 7630 7625
f 7625 7630 7626
f 7621 7416 7628
f 7413 7413 7617
f 7619 7617 7616
f 7619 7619 7616
f 7606 7400 7609
f 7606 7606 7400
f 7402 7608 7403
f 7607 7402 7401
f 7608 7402 7607
f 7608 7608 7402
f 7605 7607 7401
f 7605 7605 7401
f 7605 7401 7398
f 7605 7605 7605
f 7602 7395 7602
f 7602 7395 7395
f 7399 7602 7395
f 7606 7602 7399
f 7606 7606 7602
f 7399 7400 7606
f 7397 7605 7398
f 7604 7397 7396
f 7605 7397 7604
f 7605 7605 7397
f 7394 7604 7396
f 7609 7400 7404
f 7606 7606 7606
f 7608 7608 7608
f 7608 7405 7403
f 7619 7616 7616
f 7616 7616 7616
f 7618 7410 7414
f 7614 7410 7618
f 7412 7617 7413
f 7617 7412 7616
f 7412 7411 7616
f 7615 7408 7611
f 7615 7411 7408
f 7615 7616 7411
f 7638 7432 7636
f 7616 7616 7411
f 7609 7404 7613
f 7613 7404 7409
f 7409 7410 7613
f 7410 7614 7613
f 7406 7611 7408
f 7610 7406 7405
f 7612 7406 7610
f 7612 7611 7406
f 7608 7610 7405
f 7608 7608 7405
f 7612 7615 7611
f 6184 6411 6183
f 7405 7406 7186
f 7403 7186 7186
f 7191 6985 6989
f 6989 6990 7191
f 6990 7192 7191
f 6988 6987 7190
f 6987 7189 7190
f 6986 7189 6987
f 7188 7189 6986
f 7186 7188 6986
f 7186 7186 6986
f 7186 6986 6984
f 7186 7186 7186
f 7187 6981 6985
f 7184 6981 7187
f 6983 7186 6984
f 7185 6983 6982
f 7186 6983 7185
f 7186 7186 6983
f 7183 7185 6982
f 7183 7183 6982
f 7183 6982 6980
f 7183 7183 7183
f 7187 6985 7191
f 7180 6977 7180
f 7190 6991 6988
f 7193 7194 6991
f 6999 7202 7000
f 7201 7202 6999
f 6998 7201 6999
f 7200 7201 6998
f 6997 7200 6998
f 7199 7200 6997
f 6995 7199 6997
f 7197 7199 6995
f 7197 6995 7197
f 7197 6995 6995
f 7198 6994 6996
f 7196 6994 7198
f 6995 6993 7197
f 6993 7195 7197
f 7195 6993 7195
f 7195 6993 6993
f 7196 6990 6994
f 7192 6990 7196
f 6993 6992 7195
f 6992 7194 7195
f 6991 7194 6992
f 7193 6991 7190
f 7000 7202 7203
f 7180 6977 6977
f 6981 7184 7180
f 6970 7172 7173
f 7172 6970 7170
f 7170 6970 6968
f 7171 6965 6969
f 7167 6965 7171
f 6968 6967 7170
f 6967 7169 7170
f 6966 7169 6967
f 7168 7169 6966
f 7168 6966 7166
f 7166 6966 6964
f 7167 6962 6965
f 7164 6962 7167
f 6964 6963 7166
f 6963 7165 7166
f 7165 6963 7163
f 7163 6963 6961
f 7164 6959 6962
f 7161 6959 7164
f 6961 6960 7163
f 6960 7162 7163
f 6971 6970 7173
f 6977 6981 7180
f 7171 6969 7174
f 7173 6973 6971
f 6979 7183 6980
f 7182 6979 6978
f 7183 6979 7182
f 7183 7183 6979
f 6976 7182 6978
f 7181 7182 6976
f 7181 6976 7178
f 7178 6976 6976
f 7177 6975 7179
f 7179 6975 6975
f 6975 6977 7179
f 6977 7180 7179
f 6976 6974 7178
f 6974 7176 7178
f 7176 6974 7176
f 7176 6974 6974
f 7177 6972 6975
f 7174 6972 7177
f 6974 6973 7176
f 6973 7175 7176
f 7175 6973 7173
f 7174 6969 6972
f 7001 7000 7203
f 7002 7204 7198
f 6996 7002 7198
f 7025 7229 7229
f 7025 7232 7229
f 7232 7232 7229
f 7025 7027 7232
f 7024 7227 7026
f 7227 7230 7026
f 7230 7227 7231
f 7231 7227 7228
f 7226 7229 7226
f 7226 7229 7229
f 7025 7229 7023
f 7229 7226 7023
f 7022 7224 7024
f 7224 7227 7024
f 7227 7224 7228
f 7228 7224 7225
f 7222 7226 7223
f 7223 7226 7226
f 7023 7226 7019
f 7226 7222 7019
f 7021 7224 7022
f 7025 7229 7025
f 7221 7018 7221
f 7229 7229 7229
f 7230 7231 7028
f 7239 7240 7033
f 7239 7033 7031
f 7237 7239 7031
f 7237 7031 7031
f 7031 7031 7031
f 7238 7029 7032
f 7234 7029 7238
f 7236 7237 7031
f 7236 7030 7235
f 7031 7030 7236
f 7031 7031 7030
f 7028 7235 7030
f 7233 7235 7028
f 7233 7028 7233
f 7233 7028 7028
f 7232 7232 7232
f 7234 7027 7029
f 7232 7027 7234
f 7232 7232 7027
f 7230 7028 7026
f 7231 7233 7028
f 7230 7028 7028
f 7221 7021 7018
f 7221 7225 7021
f 7225 7224 7021
f 7212 7009 7008
f 7213 7009 7212
f 7213 7213 7009
f 7005 7212 7008
f 7211 7212 7005
f 7211 7005 7208
f 7208 7005 7005
f 7204 7002 7209
f 7209 7002 7006
f 7006 7007 7209
f 7007 7210 7209
f 7005 7004 7208
f 7004 7207 7208
f 7003 7207 7004
f 7206 7207 7003
f 7001 7206 7003
f 7205 7206 7001
f 7205 7001 7203
f 7203 7001 7001
f 7198 6996 7198
f 7198 6996 6996
f 7009 7213 7010
f 7012 7215 7214
f 7011 7012 7214
f 7214 7007 7011
f 7221 7221 7221
f 7223 7219 7016
f 7222 7223 7016
f 7222 7016 7020
f 7020 7019 7222
f 7017 7221 7018
f 7220 7015 7217
f 7220 7017 7015
f 7220 7221 7017
f 7221 7221 7017
f 7160 7162 6960
f 7218 7220 7217
f 7215 7012 7219
f 7014 7217 7015
f 7216 7014 7013
f 7218 7014 7216
f 7218 7217 7014
f 7213 7216 7013
f 7213 7213 7013
f 7213 7013 7010
f 7213 7213 7213
f 7210 7007 7214
f 7219 7012 7016
f 7033 7240 7034
f 7160 7160 6960
f 7160 7160 7160
f 6909 6910 7107
f 7106 6909 7107
f 6908 6909 7106
f 6908 6908 7106
f 6908 7106 7106
f 6908 6908 6908
f 6905 7105 6903
f 6903 7105 7105
f 6902 6903 7105
f 7104 6902 7105
f 6901 6902 7104
f 7103 6901 7104
f 6900 6901 7103
f 7102 6900 7103
f 6899 6900 7102
f 7101 6899 7102
f 6898 6899 7101
f 7100 6898 7101
f 7099 6898 7100
f 6875 6898 7099
f 6875 6875 6898
f 7107 6910 7108
f 7079 6875 7099
f 6910 6911 7108
f 6911 6912 7109
f 7118 6920 7119
f 6919 6920 7118
f 7117 6919 7118
f 6918 6919 7117
f 7116 6918 7117
f 6917 6918 7116
f 7115 6917 7116
f 7115 7105 6917
f 7105 6905 6917
f 6881 7081 7114
f 6916 7114 7113
f 6881 7114 6916
f 6881 6881 7114
f 6915 6916 7113
f 7112 6915 7113
f 6914 6915 7112
f 7111 6914 7112
f 6913 6914 7111
f 7110 6913 7111
f 6912 6913 7110
f 7109 6912 7110
f 7108 6911 7109
f 6920 6921 7119
f 6864 7070 7098
f 6864 7098 6897
f 6884 6885 7085
f 7084 6884 7085
f 7083 6884 7084
f 6861 6884 7083
f 6861 6861 6884
f 7068 6861 7083
f 7065 7082 6859
f 7082 6883 6859
f 6882 6883 7082
f 7080 6882 7082
f 6881 6882 7080
f 6881 6881 7080
f 6881 7080 7081
f 6881 6881 6881
f 6875 6875 6875
f 7079 6874 6875
f 7079 7079 6875
f 7079 6875 6875
f 6873 6874 7079
f 7078 6873 7079
f 6872 6873 7078
f 7085 6885 7086
f 6897 7098 7097
f 6885 6886 7086
f 6886 6887 7087
f 6864 6864 7098
f 6896 6897 7097
f 7096 6896 7097
f 6895 6896 7096
f 7095 6895 7096
f 6894 6895 7095
f 7094 6894 7095
f 6893 6894 7094
f 7093 6893 7094
f 6892 6893 7093
f 7092 6892 7093
f 6891 6892 7092
f 7091 6891 7092
f 6890 6891 7091
f 7090 6890 7091
f 6889 6890 7090
f 7089 6889 7090
f 6888 6889 7089
f 7088 6888 7089
f 6887 6888 7088
f 7087 6887 7088
f 7086 6886 7087
f 7119 6921 7120
f 6921 6922 7120
f 7120 6922 7121
f 7152 6950 6949
f 7153 6950 7152
f 7153 7153 6950
f 6948 7152 6949
f 7151 7152 6948
f 7150 7151 6948
f 7147 7150 6948
f 7147 6948 6946
f 7148 7150 7147
f 7149 6943 6947
f 7141 6943 7149
f 6945 7147 6946
f 7146 6945 6944
f 7148 6945 7146
f 7148 7147 6945
f 6942 7146 6944
f 7145 7146 6942
f 7144 7145 6942
f 7139 7144 6942
f 7139 6942 6942
f 7143 7144 7138
f 6950 7153 6951
f 7138 7144 7139
f 7149 6947 7154
f 7153 7153 7153
f 7161 6956 6959
f 7159 6956 7161
f 6957 7160 6958
f 7158 6955 7158
f 7158 6957 6955
f 7158 7160 6957
f 7160 7160 6957
f 7158 7158 7158
f 7159 6954 6956
f 7157 6954 7159
f 6953 7158 6955
f 6953 7156 7158
f 6953 6953 7158
f 6953 7158 7158
f 7157 6952 6954
f 7154 6952 7157
f 6953 6951 7156
f 6951 7155 7156
f 7153 7155 6951
f 7153 7153 6951
f 7153 6951 6951
f 7154 6947 6952
f 7142 7143 7137
f 7137 7143 7138
f 7136 7142 7136
f 6932 6933 7131
f 7130 6932 7131
f 6931 6932 7130
f 7129 6931 7130
f 6930 6931 7129
f 7128 6930 7129
f 6929 6930 7128
f 7127 6929 7128
f 6928 6929 7127
f 7126 6928 7127
f 6927 6928 7126
f 7125 6927 7126
f 6926 6927 7125
f 7124 6926 7125
f 6925 6926 7124
f 7123 6925 7124
f 6924 6925 7123
f 7122 6924 7123
f 6923 6924 7122
f 7121 6923 7122
f 6922 6923 7121
f 7131 6933 7132
f 6933 6934 7132
f 7132 6934 7133
f 6934 6935 7133
f 7136 7142 7137
f 7135 7136 7135
f 7135 7136 7136
f 6936 7140 7135
f 6936 6936 7135
f 6936 7135 7135
f 6936 6943 7140
f 6943 7141 7140
f 6941 7139 6942
f 7139 6941 7138
f 7160 6960 6958
f 6941 6940 7138
f 6940 6939 7137
f 7137 6939 7136
f 6939 6938 7136
f 7136 6938 7135
f 6938 6937 7135
f 6937 6936 7135
f 6908 7106 7134
f 6935 7134 7133
f 6908 7134 6935
f 6908 6908 7134
f 7138 6940 7137
f 7405 7186 7403
f 7240 7241 7034
f 7036 7036 7035
f 7352 7352 7353
f 7140 7141 7352
f 7337 7339 7351
f 7336 7337 7351
f 7318 7320 7350
f 7349 7317 7350
f 7317 7318 7350
f 7348 7106 7349
f 7106 7317 7349
f 7134 7348 7347
f 7106 7348 7134
f 7106 7106 7348
f 7133 7134 7347
f 7346 7133 7347
f 7132 7133 7346
f 7345 7132 7346
f 7131 7132 7345
f 7344 7131 7345
f 7130 7131 7344
f 7343 7130 7344
f 7129 7130 7343
f 7352 7353 7140
f 7342 7129 7343
f 7140 7353 7135
f 7135 7354 7136
f 7363 7364 7150
f 7362 7363 7150
f 7359 7362 7150
f 7359 7150 7148
f 7360 7362 7359
f 7352 7352 7352
f 7361 7141 7149
f 7352 7141 7361
f 7352 7352 7141
f 7146 7359 7148
f 7358 7146 7145
f 7360 7146 7358
f 7360 7359 7146
f 7144 7358 7145
f 7357 7358 7144
f 7143 7357 7144
f 7356 7357 7143
f 7142 7356 7143
f 7355 7356 7142
f 7136 7355 7142
f 7354 7355 7136
f 7353 7354 7135
f 7150 7364 7151
f 7128 7129 7342
f 7127 7128 7341
f 7115 7116 7328
f 7327 7115 7328
f 7326 7115 7327
f 7105 7115 7326
f 7105 7105 7115
f 7316 7105 7326
f 7289 7325 7081
f 7325 7114 7081
f 7113 7114 7325
f 7324 7113 7325
f 7112 7113 7324
f 7323 7112 7324
f 7111 7112 7323
f 7322 7111 7323
f 7110 7111 7322
f 7321 7110 7322
f 7109 7110 7321
f 7319 7109 7321
f 7108 7109 7319
f 7318 7108 7319
f 7318 7319 7320
f 7328 7116 7329
f 7341 7128 7342
f 7116 7117 7329
f 7117 7118 7330
f 7340 7127 7341
f 7126 7127 7340
f 7338 7126 7340
f 7125 7126 7338
f 7337 7125 7338
f 7337 7338 7339
f 7336 7124 7125
f 7336 7336 7125
f 7336 7125 7337
f 7123 7124 7336
f 7335 7123 7336
f 7122 7123 7335
f 7334 7122 7335
f 7121 7122 7334
f 7333 7121 7334
f 7120 7121 7333
f 7332 7120 7333
f 7119 7120 7332
f 7331 7119 7332
f 7118 7119 7331
f 7330 7118 7331
f 7329 7117 7330
f 7366 7365 7152
f 7366 7152 7364
f 7364 7152 7151
f 7179 7180 7395
f 7176 7394 7178
f 7176 7392 7394
f 7176 7176 7394
f 7176 7394 7394
f 7393 7174 7177
f 7390 7174 7393
f 7176 7175 7392
f 7175 7391 7392
f 7391 7175 7389
f 7389 7175 7173
f 7390 7171 7174
f 7387 7171 7390
f 7173 7172 7389
f 7172 7388 7389
f 7386 7388 7172
f 7386 7386 7172
f 7386 7172 7170
f 7386 7386 7386
f 7387 7167 7171
f 7384 7167 7387
f 7395 7177 7179
f 7169 7386 7170
f 7395 7395 7177
f 7394 7394 7394
f 7404 7184 7187
f 7400 7184 7404
f 7186 7185 7403
f 7185 7402 7403
f 7183 7402 7185
f 7401 7402 7183
f 7401 7183 7398
f 7398 7183 7183
f 7395 7395 7395
f 7180 7399 7395
f 7180 7180 7395
f 7180 7395 7395
f 7180 7184 7399
f 7184 7400 7399
f 7183 7182 7398
f 7182 7397 7398
f 7181 7397 7182
f 7396 7397 7181
f 7394 7396 7181
f 7394 7394 7181
f 7394 7181 7178
f 7395 7393 7177
f 7385 7169 7168
f 7386 7169 7385
f 7386 7386 7169
f 7373 7158 7158
f 7373 7373 7373
f 7374 7157 7159
f 7372 7157 7374
f 7156 7370 7158
f 7370 7373 7158
f 7373 7370 7373
f 7373 7370 7371
f 7372 7154 7157
f 7367 7154 7372
f 7155 7370 7156
f 7369 7155 7153
f 7371 7155 7369
f 7371 7370 7155
f 7368 7369 7153
f 7365 7368 7153
f 7365 7153 7153
f 7366 7368 7365
f 7367 7149 7154
f 7361 7149 7367
f 7152 7365 7153
f 7373 7373 7158
f 7373 7375 7158
f 7158 7375 7376
f 7160 7158 7376
f 7383 7385 7168
f 7383 7383 7168
f 7383 7168 7166
f 7383 7383 7383
f 7384 7164 7167
f 7381 7164 7384
f 7165 7383 7166
f 7382 7163 7379
f 7382 7165 7163
f 7382 7383 7165
f 7318 7317 7108
f 7383 7383 7165
f 7381 7161 7164
f 7377 7161 7381
f 7162 7379 7163
f 7378 7162 7160
f 7380 7162 7378
f 7380 7379 7162
f 7378 7160 7376
f 7376 7160 7160
f 7377 7159 7161
f 7374 7159 7377
f 7380 7382 7379
f 7034 7241 7035
f 7108 7317 7107
f 7107 7106 7106
f 7263 7052 7265
f 7054 7053 7264
f 7053 7262 7264
f 7262 7053 7262
f 7262 7053 7051
f 7263 7050 7052
f 7261 7050 7263
f 7051 7049 7262
f 7049 7260 7262
f 7260 7049 7260
f 7260 7049 7049
f 7261 7048 7050
f 7258 7048 7261
f 7047 7260 7049
f 7257 7260 7047
f 7257 7259 7260
f 7256 7259 7256
f 7256 7259 7257
f 7255 7256 7255
f 7255 7256 7256
f 7254 7255 7254
f 7265 7052 7055
f 7254 7255 7255
f 7056 7056 7056
f 7056 7054 7266
f 7273 7273 7063
f 7273 7063 7063
f 7061 7062 7273
f 7272 7061 7273
f 7272 7270 7061
f 7270 7059 7061
f 7271 7060 7058
f 7269 7271 7058
f 7057 7059 7270
f 7057 7057 7270
f 7057 7270 7270
f 7267 7057 7270
f 7056 7266 7268
f 7269 7058 7056
f 7268 7269 7056
f 7268 7056 7056
f 7057 7057 7057
f 7055 7267 7265
f 7057 7267 7055
f 7057 7057 7267
f 7266 7054 7264
f 7056 7056 7054
f 7273 7062 7063
f 7258 7046 7048
f 7045 7257 7047
f 7043 7042 7042
f 7042 7041 7042
f 7042 7041 7041
f 7041 7036 7041
f 7041 7036 7036
f 7036 7036 7036
f 7238 7032 7238
f 7238 7032 7032
f 7032 7040 7238
f 7040 7248 7238
f 7038 7247 7039
f 7038 7037 7247
f 7245 7246 7043
f 7042 7244 7043
f 7244 7245 7043
f 7041 7243 7042
f 7243 7244 7042
f 7036 7242 7041
f 7242 7243 7041
f 7242 7035 7241
f 7036 7035 7242
f 7043 7042 7043
f 7253 7046 7258
f 7246 7043 7043
f 7249 7044 7043
f 7257 7252 7256
f 7045 7252 7257
f 7045 7045 7252
f 7252 7255 7256
f 7251 7255 7252
f 7251 7254 7255
f 7250 7254 7251
f 7254 7250 7254
f 7254 7250 7250
f 7253 7040 7046
f 7248 7040 7253
f 7039 7252 7045
f 7252 7247 7251
f 7039 7247 7252
f 7039 7039 7247
f 7247 7250 7251
f 7037 7250 7247
f 7037 7037 7250
f 7249 7037 7044
f 7250 7037 7249
f 7250 7250 7037
f 7246 7249 7043
f 7063 7063 7063
f 7064 7274 7065
f 7274 7275 7276
f 7097 7098 7307
f 7306 7097 7307
f 7096 7097 7306
f 7305 7096 7306
f 7095 7096 7305
f 7304 7095 7305
f 7094 7095 7304
f 7303 7094 7304
f 7093 7094 7303
f 7302 7093 7303
f 7092 7093 7302
f 7301 7092 7302
f 7091 7092 7301
f 7300 7091 7301
f 7090 7091 7300
f 7299 7090 7300
f 7089 7090 7299
f 7298 7089 7299
f 7088 7089 7298
f 7297 7088 7298
f 7087 7088 7297
f 7070 7279 7308
f 7296 7087 7297
f 7070 7308 7098
f 7279 7281 7308
f 7106 7106 7106
f 7105 7105 7105
f 7316 7104 7105
f 7316 7316 7105
f 7316 7105 7105
f 7103 7104 7316
f 7315 7103 7316
f 7102 7103 7315
f 7314 7102 7315
f 7101 7102 7314
f 7313 7101 7314
f 7100 7101 7313
f 7312 7100 7313
f 7099 7100 7312
f 7311 7099 7312
f 7310 7099 7311
f 7079 7099 7310
f 7079 7079 7099
f 7309 7288 7310
f 7288 7079 7310
f 7287 7288 7309
f 7098 7308 7307
f 7086 7087 7296
f 7295 7086 7296
f 7085 7086 7295
f 7284 7074 7285
f 7073 7074 7284
f 7283 7073 7284
f 7072 7073 7283
f 7282 7072 7283
f 7071 7072 7282
f 7280 7071 7282
f 7069 7071 7280
f 7279 7069 7280
f 7279 7280 7281
f 7069 7279 7070
f 7068 7278 7067
f 7067 7278 7278
f 7277 7067 7278
f 7063 7067 7277
f 7063 7063 7067
f 7273 7063 7277
f 7271 7275 7060
f 7275 7066 7060
f 7064 7066 7275
f 7274 7064 7275
f 7074 7075 7285
f 7285 7075 7286
f 7075 7076 7286
f 7286 7076 7287
f 7294 7085 7295
f 7084 7085 7294
f 7293 7084 7294
f 7083 7084 7293
f 7292 7083 7293
f 7292 7278 7083
f 7278 7068 7083
f 7274 7276 7291
f 7082 7291 7290
f 7065 7291 7082
f 7317 7106 7107
f 7065 7274 7291
f 7289 7080 7290
f 7080 7289 7081
f 7081 7289 7289
f 7079 7079 7079
f 7079 7288 7079
f 7079 7288 7078
f 7287 7077 7078
f 7287 7287 7078
f 7287 7078 7288
f 7076 7077 7287
f 7080 7082 7290
f 6411 6410 6183
f 6183 6410 6182
f 6410 6409 6182
f 5550 5372 5555
f 5550 5550 5372
f 5553 5554 5552
f 5553 5374 5551
f 5552 5374 5553
f 5552 5375 5374
f 5373 5551 5374
f 5549 5551 5373
f 5549 5373 5549
f 5549 5373 5371
f 5547 5550 5548
f 5548 5550 5550
f 5372 5550 5370
f 5550 5547 5370
f 5549 5371 5369
f 5546 5549 5369
f 5548 5544 5367
f 5547 5548 5367
f 5547 5367 5367
f 5367 5370 5547
f 5369 5368 5546
f 5555 5372 5376
f 5368 5545 5546
f 5550 5550 5550
f 5377 5378 5378
f 5379 5558 5558
f 5379 5383 5565
f 5383 5566 5565
f 5563 5564 5562
f 5560 5561 5562
f 5561 5563 5562
f 5561 5381 5559
f 5560 5381 5561
f 5560 5382 5381
f 5559 5381 5378
f 5557 5559 5378
f 5557 5378 5378
f 5378 5378 5378
f 5558 5555 5376
f 5558 5558 5376
f 5558 5376 5380
f 5380 5379 5558
f 5556 5557 5378
f 5552 5554 5556
f 5552 5556 5378
f 5552 5378 5377
f 5552 5377 5375
f 5379 5379 5558
f 5545 5368 5543
f 5541 5541 5541
f 5535 5359 5533
f 5535 5534 5359
f 5533 5358 5531
f 5531 5358 5356
f 5529 5532 5530
f 5530 5532 5532
f 5357 5532 5355
f 5532 5529 5355
f 5354 5531 5356
f 5528 5531 5354
f 5528 5528 5531
f 5528 5528 5528
f 5530 5526 5351
f 5529 5530 5351
f 5529 5351 5351
f 5351 5355 5529
f 5353 5528 5354
f 5527 5353 5352
f 5528 5353 5527
f 5528 5528 5353
f 5527 5352 5524
f 5533 5359 5358
f 5543 5368 5366
f 5359 5534 5360
f 5536 5537 5532
f 5544 5364 5367
f 5541 5364 5544
f 5541 5541 5364
f 5366 5365 5543
f 5365 5542 5543
f 5542 5365 5540
f 5540 5365 5363
f 5536 5541 5537
f 5537 5541 5541
f 5364 5541 5361
f 5541 5536 5361
f 5363 5362 5540
f 5362 5539 5540
f 5538 5539 5362
f 5534 5538 5362
f 5534 5362 5360
f 5535 5538 5534
f 5532 5532 5532
f 5357 5532 5357
f 5357 5532 5532
f 5357 5536 5532
f 5357 5361 5536
f 5379 5565 5558
f 5558 5558 5558
f 5560 5384 5382
f 5594 5399 5590
f 5594 5590 5591
f 5590 5398 5396
f 5593 5395 5397
f 5589 5395 5593
f 5587 5588 5591
f 5588 5592 5591
f 5587 5591 5590
f 5586 5587 5590
f 5394 5586 5590
f 5394 5394 5590
f 5394 5590 5396
f 5394 5394 5394
f 5589 5393 5395
f 5585 5393 5589
f 5583 5584 5587
f 5584 5588 5587
f 5583 5587 5586
f 5582 5583 5586
f 5582 5586 5394
f 5581 5582 5394
f 5594 5594 5399
f 5392 5581 5394
f 5399 5398 5590
f 5593 5397 5595
f 5605 5606 5402
f 5606 5598 5402
f 5603 5604 5602
f 5600 5601 5602
f 5601 5603 5602
f 5599 5597 5600
f 5597 5601 5600
f 5596 5597 5597
f 5596 5597 5599
f 5596 5599 5403
f 5403 5599 5404
f 5596 5403 5401
f 5402 5402 5402
f 5400 5598 5595
f 5402 5598 5400
f 5402 5402 5598
f 5594 5597 5596
f 5401 5399 5594
f 5596 5401 5594
f 5596 5594 5594
f 5595 5397 5400
f 5591 5592 5594
f 5392 5392 5394
f 5392 5394 5394
f 5392 5392 5392
f 5575 5570 5387
f 5575 5575 5387
f 5575 5387 5387
f 5387 5389 5575
f 5573 5574 5572
f 5571 5569 5572
f 5569 5573 5572
f 5567 5571 5388
f 5569 5571 5567
f 5569 5569 5571
f 5388 5386 5388
f 5388 5386 5567
f 5570 5383 5387
f 5566 5383 5570
f 5568 5569 5567
f 5562 5564 5568
f 5562 5568 5567
f 5562 5567 5385
f 5385 5567 5386
f 5385 5384 5562
f 5562 5384 5560
f 5388 5388 5388
f 5388 5576 5390
f 5388 5388 5576
f 5388 5571 5576
f 5585 5391 5393
f 5580 5391 5585
f 5579 5584 5583
f 5578 5583 5582
f 5579 5583 5578
f 5579 5579 5583
f 5578 5582 5581
f 5577 5578 5581
f 5577 5581 5392
f 5576 5577 5392
f 5524 5352 5350
f 5392 5390 5392
f 5575 5575 5575
f 5580 5389 5391
f 5575 5389 5580
f 5575 5575 5389
f 5574 5579 5578
f 5572 5578 5577
f 5574 5578 5572
f 5574 5574 5578
f 5572 5577 5576
f 5571 5572 5576
f 5392 5390 5576
f 5402 5405 5605
f 5520 5525 5521
f 5525 5348 5526
f 5305 5477 5476
f 5300 5477 5305
f 5300 5300 5477
f 5304 5305 5476
f 5475 5304 5476
f 5474 5304 5475
f 5297 5304 5474
f 5297 5297 5304
f 5468 5297 5474
f 5275 5445 5473
f 5472 5274 5473
f 5274 5275 5473
f 5303 5472 5471
f 5274 5472 5303
f 5274 5274 5472
f 5302 5303 5471
f 5470 5302 5471
f 5301 5302 5470
f 5469 5301 5470
f 5300 5301 5469
f 5300 5300 5469
f 5300 5469 5477
f 5300 5469 5469
f 5307 5306 5478
f 5479 5308 5478
f 5481 5487 5482
f 5481 5481 5481
f 5479 5479 5479
f 5486 5479 5478
f 5478 5479 5479
f 5306 5484 5486
f 5306 5306 5486
f 5306 5486 5478
f 5306 5314 5484
f 5314 5485 5484
f 5312 5483 5313
f 5483 5312 5482
f 5312 5311 5482
f 5482 5311 5481
f 5311 5310 5481
f 5480 5310 5309
f 5481 5310 5480
f 5481 5481 5310
f 5308 5480 5309
f 5479 5480 5308
f 5479 5479 5480
f 5308 5307 5478
f 5481 5487 5481
f 5300 5300 5300
f 5468 5296 5297
f 5251 5251 5458
f 5286 5287 5457
f 5456 5286 5457
f 5285 5286 5456
f 5455 5285 5456
f 5284 5285 5455
f 5454 5284 5455
f 5283 5284 5454
f 5453 5283 5454
f 5282 5283 5453
f 5452 5282 5453
f 5281 5282 5452
f 5451 5281 5452
f 5280 5281 5451
f 5450 5280 5451
f 5279 5280 5450
f 5449 5279 5450
f 5278 5279 5449
f 5448 5278 5449
f 5448 5426 5278
f 5426 5248 5278
f 5251 5458 5287
f 5297 5297 5297
f 5287 5458 5457
f 5444 5269 5459
f 5468 5468 5297
f 5468 5297 5297
f 5295 5296 5468
f 5467 5295 5468
f 5294 5295 5467
f 5466 5294 5467
f 5293 5294 5466
f 5465 5293 5466
f 5292 5293 5465
f 5464 5292 5465
f 5291 5292 5464
f 5463 5291 5464
f 5290 5291 5463
f 5462 5290 5463
f 5289 5290 5462
f 5461 5289 5462
f 5288 5289 5461
f 5460 5288 5461
f 5459 5288 5460
f 5269 5288 5459
f 5269 5269 5288
f 5251 5427 5458
f 5482 5488 5483
f 5487 5488 5482
f 5483 5315 5313
f 5511 5340 5340
f 5511 5511 5511
f 5512 5338 5341
f 5510 5338 5512
f 5339 5511 5340
f 5509 5337 5509
f 5509 5339 5337
f 5509 5511 5339
f 5511 5511 5339
f 5509 5509 5509
f 5510 5335 5338
f 5508 5335 5510
f 5336 5509 5337
f 5334 5507 5509
f 5336 5334 5509
f 5336 5509 5509
f 5508 5333 5335
f 5506 5333 5508
f 5332 5507 5334
f 5505 5507 5332
f 5505 5505 5507
f 5511 5511 5340
f 5505 5505 5505
f 5511 5513 5340
f 5515 5342 5513
f 5525 5520 5348
f 5350 5349 5524
f 5349 5523 5524
f 5522 5523 5349
f 5518 5522 5349
f 5518 5349 5346
f 5519 5522 5518
f 5521 5516 5344
f 5520 5521 5344
f 5520 5344 5347
f 5347 5348 5520
f 5345 5518 5346
f 5517 5343 5514
f 5517 5345 5343
f 5517 5519 5345
f 5519 5518 5345
f 5515 5517 5514
f 5516 5341 5344
f 5512 5341 5516
f 5342 5514 5343
f 5513 5342 5340
f 5515 5514 5342
f 5506 5330 5333
f 5504 5330 5506
f 5331 5505 5332
f 5498 5498 5322
f 5319 5497 5321
f 5496 5497 5319
f 5496 5319 5493
f 5493 5319 5319
f 5492 5318 5494
f 5494 5318 5318
f 5318 5320 5494
f 5320 5495 5494
f 5319 5317 5493
f 5317 5491 5493
f 5491 5317 5491
f 5491 5317 5317
f 5492 5314 5318
f 5485 5314 5492
f 5317 5316 5491
f 5316 5490 5491
f 5315 5490 5316
f 5489 5490 5315
f 5488 5489 5315
f 5483 5488 5315
f 5498 5322 5497
f 5497 5322 5321
f 5322 5498 5323
f 5324 5499 5495
f 5329 5503 5505
f 5331 5329 5505
f 5331 5505 5505
f 5504 5327 5330
f 5501 5327 5504
f 5329 5328 5503
f 5328 5502 5503
f 5500 5502 5328
f 5500 5500 5328
f 5500 5328 5326
f 5526 5348 5351
f 5500 5500 5500
f 5499 5324 5501
f 5325 5500 5326
f 5498 5323 5498
f 5498 5325 5323
f 5498 5500 5325
f 5500 5500 5325
f 5498 5498 5498
f 5495 5320 5495
f 5495 5320 5320
f 5320 5324 5495
f 5501 5324 5327
f 5246 5424 5447
f 5402 5405 5402
f 5406 5404 5406
f 5490 5721 5491
f 5720 5490 5489
f 5721 5490 5720
f 5721 5721 5490
f 5488 5720 5489
f 5719 5720 5488
f 5487 5719 5488
f 5718 5719 5487
f 5481 5718 5487
f 5717 5718 5481
f 5716 5717 5481
f 5712 5716 5481
f 5712 5481 5481
f 5479 5715 5716
f 5479 5479 5716
f 5479 5716 5712
f 5486 5715 5479
f 5714 5715 5486
f 5484 5714 5486
f 5713 5714 5484
f 5713 5713 5714
f 5713 5713 5485
f 5484 5485 5713
f 5713 5485 5722
f 5713 5713 5713
f 5495 5728 5724
f 5728 5728 5724
f 5495 5499 5728
f 5498 5497 5727
f 5497 5726 5727
f 5496 5726 5497
f 5725 5726 5496
f 5723 5725 5496
f 5723 5723 5496
f 5723 5496 5493
f 5723 5723 5723
f 5724 5722 5492
f 5724 5724 5492
f 5724 5492 5494
f 5494 5495 5724
f 5491 5723 5493
f 5721 5491 5721
f 5721 5491 5491
f 5721 5723 5491
f 5723 5723 5491
f 5721 5721 5721
f 5722 5485 5492
f 5495 5724 5724
f 5480 5712 5481
f 5692 5693 5711
f 5669 5671 5699
f 5668 5669 5699
f 5662 5663 5698
f 5697 5661 5698
f 5661 5662 5698
f 5696 5660 5697
f 5660 5661 5697
f 5695 5445 5696
f 5445 5660 5696
f 5473 5695 5694
f 5445 5695 5473
f 5445 5445 5695
f 5472 5473 5694
f 5693 5472 5694
f 5471 5472 5693
f 5692 5471 5693
f 5692 5693 5693
f 5692 5691 5471
f 5471 5691 5470
f 5691 5469 5470
f 5470 5469 5469
f 5687 5686 5700
f 5480 5479 5712
f 5686 5688 5701
f 5688 5689 5702
f 5710 5691 5711
f 5691 5692 5711
f 5709 5469 5710
f 5469 5691 5710
f 5477 5709 5708
f 5469 5709 5477
f 5469 5469 5709
f 5476 5477 5708
f 5707 5476 5708
f 5475 5476 5707
f 5706 5475 5707
f 5474 5475 5706
f 5705 5474 5706
f 5704 5474 5705
f 5468 5474 5704
f 5468 5468 5474
f 5703 5690 5704
f 5690 5468 5704
f 5702 5689 5703
f 5689 5690 5703
f 5701 5688 5702
f 5700 5686 5701
f 5495 5724 5495
f 5724 5724 5724
f 5727 5498 5498
f 5754 5523 5522
f 5756 5523 5754
f 5756 5755 5523
f 5754 5522 5752
f 5752 5522 5519
f 5753 5516 5521
f 5750 5516 5753
f 5519 5517 5752
f 5517 5751 5752
f 5751 5517 5749
f 5749 5517 5515
f 5746 5746 5746
f 5750 5512 5516
f 5746 5512 5750
f 5746 5746 5512
f 5515 5513 5749
f 5513 5748 5749
f 5511 5748 5513
f 5747 5748 5511
f 5747 5511 5745
f 5745 5511 5511
f 5523 5755 5524
f 5743 5743 5743
f 5525 5526 5757
f 5757 5757 5521
f 5535 5533 5765
f 5533 5764 5765
f 5764 5533 5762
f 5762 5533 5531
f 5763 5530 5532
f 5761 5530 5763
f 5531 5528 5762
f 5528 5760 5762
f 5760 5528 5760
f 5760 5528 5528
f 5757 5757 5757
f 5761 5526 5530
f 5757 5526 5761
f 5757 5757 5526
f 5528 5527 5760
f 5527 5759 5760
f 5758 5759 5527
f 5755 5758 5527
f 5755 5527 5524
f 5756 5758 5755
f 5757 5753 5521
f 5757 5521 5525
f 5743 5742 5746
f 5743 5743 5746
f 5743 5746 5746
f 5738 5735 5506
f 5738 5738 5735
f 5503 5737 5505
f 5733 5737 5503
f 5733 5736 5737
f 5734 5736 5733
f 5735 5501 5504
f 5731 5501 5735
f 5502 5733 5503
f 5732 5502 5500
f 5734 5502 5732
f 5734 5733 5502
f 5732 5500 5730
f 5730 5500 5500
f 5728 5728 5728
f 5731 5499 5501
f 5728 5499 5731
f 5728 5728 5499
f 5500 5498 5730
f 5498 5729 5730
f 5729 5498 5727
f 5506 5735 5504
f 5738 5738 5738
f 5505 5739 5739
f 5505 5505 5739
f 5512 5746 5510
f 5746 5742 5510
f 5511 5509 5745
f 5509 5744 5745
f 5744 5509 5741
f 5741 5509 5509
f 5743 5743 5743
f 5740 5742 5743
f 5740 5740 5743
f 5740 5743 5743
f 5469 5469 5469
f 5510 5742 5508
f 5507 5741 5509
f 5739 5741 5507
f 5739 5739 5741
f 5739 5739 5739
f 5738 5740 5738
f 5738 5740 5740
f 5508 5740 5506
f 5740 5738 5506
f 5505 5739 5507
f 5505 5737 5739
f 5742 5740 5508
f 5406 5404 5599
f 5468 5468 5468
f 5468 5690 5467
f 5634 5421 5422
f 5422 5421 5421
f 5421 5421 5421
f 5420 5633 5420
f 5420 5633 5633
f 5632 5420 5633
f 5418 5420 5632
f 5418 5418 5420
f 5628 5418 5632
f 5626 5627 5630
f 5627 5631 5630
f 5626 5630 5629
f 5625 5626 5629
f 5419 5417 5629
f 5629 5417 5625
f 5418 5418 5418
f 5415 5628 5624
f 5418 5628 5415
f 5418 5418 5628
f 5623 5627 5626
f 5621 5626 5625
f 5419 5634 5422
f 5623 5626 5621
f 5419 5629 5634
f 5636 5637 5635
f 5428 5427 5427
f 5427 5427 5427
f 5426 5643 5425
f 5425 5643 5642
f 5642 5638 5425
f 5638 5423 5425
f 5635 5637 5641
f 5635 5640 5634
f 5641 5640 5635
f 5641 5641 5640
f 5634 5640 5639
f 5421 5634 5639
f 5424 5421 5639
f 5639 5421 5421
f 5423 5638 5423
f 5423 5638 5638
f 5638 5633 5423
f 5633 5420 5423
f 5630 5631 5636
f 5630 5635 5629
f 5636 5635 5630
f 5629 5635 5634
f 5644 5427 5428
f 5623 5623 5626
f 5416 5620 5625
f 5609 5613 5410
f 5410 5613 5411
f 5410 5409 5609
f 5609 5409 5608
f 5409 5408 5608
f 5608 5408 5607
f 5408 5406 5607
f 5607 5406 5406
f 5406 5406 5406
f 5405 5407 5605
f 5605 5407 5611
f 5611 5612 5605
f 5612 5606 5605
f 5604 5610 5609
f 5602 5609 5608
f 5604 5609 5602
f 5604 5604 5609
f 5602 5608 5607
f 5600 5602 5607
f 5600 5607 5406
f 5599 5600 5406
f 5609 5614 5613
f 5620 5621 5625
f 5609 5610 5614
f 5613 5614 5615
f 5416 5625 5417
f 5416 5414 5620
f 5620 5414 5414
f 5414 5414 5414
f 5624 5412 5415
f 5619 5412 5624
f 5622 5623 5621
f 5620 5617 5621
f 5617 5622 5621
f 5615 5620 5414
f 5617 5620 5615
f 5617 5617 5620
f 5613 5615 5414
f 5413 5613 5414
f 5413 5414 5414
f 5613 5413 5411
f 5407 5412 5619
f 5611 5407 5619
f 5611 5619 5618
f 5612 5611 5618
f 5616 5617 5615
f 5614 5616 5615
f 5429 5644 5428
f 5645 5644 5429
f 5430 5645 5429
f 5644 5645 5678
f 5676 5427 5677
f 5427 5644 5677
f 5458 5676 5675
f 5427 5676 5458
f 5427 5427 5676
f 5457 5458 5675
f 5674 5457 5675
f 5456 5457 5674
f 5673 5456 5674
f 5455 5456 5673
f 5672 5455 5673
f 5454 5455 5672
f 5670 5454 5672
f 5453 5454 5670
f 5669 5453 5670
f 5669 5670 5671
f 5668 5452 5453
f 5668 5668 5453
f 5668 5453 5669
f 5451 5452 5668
f 5677 5644 5678
f 5667 5451 5668
f 5645 5646 5679
f 5646 5647 5680
f 5690 5689 5467
f 5467 5689 5466
f 5689 5688 5466
f 5466 5688 5465
f 5688 5686 5465
f 5465 5686 5464
f 5685 5463 5464
f 5687 5685 5464
f 5687 5464 5686
f 5462 5463 5685
f 5684 5462 5685
f 5461 5462 5684
f 5683 5461 5684
f 5460 5461 5683
f 5682 5460 5683
f 5459 5460 5682
f 5681 5459 5682
f 5681 5659 5459
f 5659 5444 5459
f 5647 5648 5680
f 5679 5646 5680
f 5678 5645 5679
f 5450 5451 5667
f 5666 5450 5667
f 5449 5450 5666
f 5655 5439 5656
f 5438 5439 5655
f 5654 5438 5655
f 5437 5438 5654
f 5653 5437 5654
f 5436 5437 5653
f 5652 5436 5653
f 5435 5436 5652
f 5651 5435 5652
f 5434 5435 5651
f 5650 5434 5651
f 5433 5434 5650
f 5649 5433 5650
f 5432 5433 5649
f 5648 5432 5649
f 5431 5432 5648
f 5647 5431 5648
f 5647 5648 5648
f 5647 5646 5431
f 5431 5646 5430
f 5646 5645 5430
f 5439 5440 5656
f 5656 5440 5657
f 5440 5441 5657
f 5657 5441 5658
f 5665 5449 5666
f 5448 5449 5665
f 5664 5448 5665
f 5664 5643 5448
f 5643 5426 5448
f 5640 5641 5663
f 5640 5662 5639
f 5663 5662 5640
f 5663 5663 5662
f 5639 5662 5661
f 5468 5690 5468
f 5424 5639 5661
f 5661 5660 5447
f 5447 5660 5446
f 5660 5445 5446
f 5446 5445 5445
f 5445 5445 5445
f 5444 5659 5443
f 5443 5659 5659
f 5442 5443 5659
f 5658 5442 5659
f 5441 5442 5658
f 5424 5661 5447
f 5532 5537 5766
f 5277 5447 5446
f 5246 5246 5447
f 5231 5232 5239
f 5231 5238 5230
f 5239 5238 5231
f 5239 5240 5238
f 5230 5238 5237
f 5229 5230 5237
f 5229 5237 5236
f 4960 5229 5236
f 4960 5236 5235
f 4960 4960 5235
f 4960 5235 4965
f 5235 4964 4965
f 4965 4964 4964
f 4964 4964 4964
f 4956 4962 5234
f 4956 4956 5234
f 4956 5234 5233
f 5228 4956 5233
f 5225 5227 5231
f 5227 5232 5231
f 5225 5231 5230
f 5234 4962 4966
f 5224 5225 5230
f 5241 5234 4966
f 4966 5241 4966
f 5236 5237 5244
f 5236 5244 5243
f 5235 5236 5243
f 5235 5243 5242
f 4964 5235 5242
f 4964 5242 4975
f 4964 4964 4975
f 4964 4975 4975
f 4975 4975 4975
f 4973 4973 4973
f 4973 4972 4973
f 4973 4972 4972
f 4972 4972 4972
f 4971 4971 4971
f 4971 4970 4971
f 4971 4970 4970
f 4970 4969 4970
f 4970 4969 4969
f 4969 4968 4969
f 4969 4968 4968
f 4968 4968 4968
f 4966 5241 5241
f 5237 5245 5244
f 5224 5230 5229
f 5223 5229 4960
f 5213 5215 5219
f 4946 5213 5219
f 4946 5219 4947
f 4946 4929 5213
f 5213 4929 4929
f 4929 4929 4929
f 5218 4928 4943
f 5211 4928 5218
f 5210 4941 4926
f 4941 5210 4939
f 5210 5209 4939
f 4939 5209 4937
f 5209 5208 4937
f 4937 5208 4936
f 5208 5207 4936
f 4936 5207 4935
f 5207 5206 4935
f 4935 5206 4934
f 5206 5205 4934
f 4934 5205 4932
f 5205 5204 4932
f 5217 5217 5220
f 5223 5224 5229
f 5217 5220 5215
f 5217 5221 5220
f 4954 5223 4960
f 4960 4954 4960
f 4960 4954 4954
f 4956 4956 4956
f 5228 4955 4956
f 5228 5228 4956
f 5228 4956 4956
f 5228 5222 4955
f 5222 4951 4955
f 5226 5227 5225
f 5224 5221 5225
f 5221 5226 5225
f 5220 5224 5223
f 5221 5224 5220
f 5221 5221 5224
f 5220 5223 4954
f 5219 5220 4954
f 4954 4947 4954
f 4954 4947 5219
f 5222 4943 4951
f 5218 4943 5222
f 5215 5220 5219
f 5246 5246 5245
f 5246 5245 5238
f 5238 5245 5237
f 5274 5242 5275
f 5242 5243 5275
f 5242 5273 4975
f 5274 5273 5242
f 5274 5274 5273
f 4975 5273 5272
f 4975 4975 5272
f 4975 5272 5005
f 5272 5004 5005
f 5005 5004 5004
f 5004 5004 5004
f 4998 4998 4998
f 4998 5271 4998
f 4998 5271 4997
f 5271 5270 4997
f 4997 5270 4996
f 5269 4995 4996
f 5269 5269 4996
f 5269 4996 5270
f 4994 4995 5269
f 5268 4994 5269
f 5243 5244 5276
f 4993 4994 5268
f 5275 5243 5276
f 5276 5244 5277
f 5249 5250 5287
f 5012 5286 5285
f 4981 5286 5012
f 4981 5249 5286
f 5011 5012 5285
f 5284 5011 5285
f 5010 5011 5284
f 5283 5010 5284
f 5009 5010 5283
f 5282 5009 5283
f 5008 5009 5282
f 5281 5008 5282
f 5007 5008 5281
f 5280 5007 5281
f 5006 5007 5280
f 5279 5006 5280
f 5278 5006 5279
f 4977 5006 5278
f 4977 4977 5006
f 5248 4977 5278
f 5245 5246 5277
f 5244 5245 5277
f 5267 4993 5268
f 4992 4993 5267
f 5266 4992 5267
f 4986 4987 5255
f 5254 4986 5255
f 4985 4986 5254
f 5253 4985 5254
f 4984 4985 5253
f 5252 4984 5253
f 4983 4984 5252
f 5251 4983 5252
f 4982 4983 5251
f 5250 4982 5251
f 5250 5251 5251
f 5250 5249 4982
f 4982 5249 4980
f 4980 5249 4981
f 4977 4977 4977
f 5247 4976 4977
f 5248 5247 4977
f 5248 4977 4977
f 5247 5241 4976
f 5241 4966 4976
f 5238 5240 5246
f 5255 4987 5256
f 4987 4988 5256
f 5256 4988 5257
f 4988 4989 5257
f 5265 4992 5266
f 4973 4992 5265
f 4973 4973 4992
f 5264 4972 5265
f 4972 4973 5265
f 4991 5264 5263
f 4972 5264 4991
f 4972 4972 5264
f 4990 4991 5263
f 5262 4990 5263
f 5204 4925 4932
f 5261 4990 5262
f 4971 4971 4990
f 5260 4970 5261
f 4970 4971 5261
f 5259 4969 5260
f 4969 4970 5260
f 5258 4968 5259
f 4968 4969 5259
f 4989 5258 5257
f 4968 5258 4989
f 4968 4968 5258
f 4971 4990 5261
f 5286 5249 5287
f 5216 5217 5215
f 5214 5216 5215
f 4891 5148 4889
f 5148 5147 4889
f 5147 4874 4889
f 4882 4880 5162
f 4880 5161 5162
f 5161 4880 5146
f 5146 4880 4868
f 5160 4866 4879
f 5144 4866 5160
f 4876 5159 4877
f 5159 4876 5158
f 4876 4875 5158
f 5158 4875 5157
f 4875 4863 5157
f 5157 5143 5156
f 4863 5143 5157
f 4863 4863 5143
f 5143 5155 5156
f 5142 5155 5143
f 5142 5154 5155
f 5141 5154 5142
f 4891 4892 5163
f 5141 5153 5154
f 4891 5163 5148
f 5149 5163 5150
f 4877 5159 5174
f 4877 4877 5159
f 5159 5172 5173
f 5158 5172 5159
f 5158 5171 5172
f 5157 5171 5158
f 5157 5170 5171
f 5156 5170 5157
f 5156 5169 5170
f 5155 5169 5156
f 5155 5168 5169
f 5154 5168 5155
f 5154 5167 5168
f 5153 5167 5154
f 5153 5166 5167
f 5152 5166 5153
f 5152 5165 5166
f 5151 5165 5152
f 5151 5164 5165
f 5150 5164 5151
f 5150 5163 5164
f 5148 5163 5149
f 5174 5159 5173
f 5140 5153 5141
f 5139 5152 5140
f 5141 4860 5140
f 4860 4859 5140
f 5140 4859 5139
f 10090 10241 10088
f 5139 4858 5138
f 4858 4840 5138
f 5138 5128 5137
f 4840 5128 5138
f 4840 4840 5128
f 5128 5136 5137
f 5127 5136 5128
f 5127 5135 5136
f 5126 5135 5127
f 5126 5134 5135
f 5125 5134 5126
f 5125 5133 5134
f 5124 5133 5125
f 4857 5133 4839
f 5133 5124 4839
f 4849 5131 4851
f 5130 4849 4848
f 4861 4860 5141
f 5140 5152 5153
f 5142 4861 5141
f 5143 4862 5142
f 5139 5151 5152
f 5138 5151 5139
f 5138 5150 5151
f 5137 5150 5138
f 5137 5149 5150
f 5136 5149 5137
f 5136 5148 5149
f 5135 5148 5136
f 5135 5147 5148
f 5134 5147 5135
f 5133 5147 5134
f 4874 5147 5133
f 4874 4874 5147
f 5133 4857 4874
f 4851 5146 4868
f 5131 5146 4851
f 5131 5145 5146
f 5132 5145 5131
f 5144 4847 4866
f 5129 4847 5144
f 4862 5143 4863
f 4862 4861 5142
f 4877 5174 4893
f 5160 4879 5175
f 5175 4879 4895
f 4925 4925 5204
f 5193 4917 4925
f 4921 5192 5203
f 4907 5192 4921
f 4907 4907 5192
f 4907 4907 4907
f 5202 4906 4920
f 5190 4906 5202
f 4904 5188 4919
f 5188 5201 4919
f 5188 5200 5201
f 5187 5200 5188
f 5187 5199 5200
f 5186 5199 5187
f 5186 5198 5199
f 5185 5198 5186
f 5185 5197 5198
f 5184 5197 5185
f 5184 5196 5197
f 5183 5196 5184
f 5183 5195 5196
f 4925 5204 5193
f 5182 5195 5183
f 5193 5204 5194
f 5195 5204 5205
f 4929 5212 5213
f 5212 5214 5213
f 4929 4921 5203
f 4929 4929 5203
f 4929 5203 5212
f 5211 4920 4928
f 5202 4920 5211
f 5201 4926 4919
f 5210 5201 5200
f 4926 5201 5210
f 4926 4926 5201
f 5200 5209 5210
f 5199 5209 5200
f 5199 5208 5209
f 5198 5208 5199
f 5198 5207 5208
f 5197 5207 5198
f 5197 5206 5207
f 5196 5206 5197
f 5196 5205 5206
f 5195 5205 5196
f 5194 5204 5195
f 5182 5194 5195
f 5181 5194 5182
f 5181 5193 5194
f 5171 5184 5172
f 5171 5183 5184
f 5170 5183 5171
f 5170 5182 5183
f 5169 5182 5170
f 5169 5181 5182
f 5168 5181 5169
f 5168 5180 5181
f 5167 5180 5168
f 5167 5179 5180
f 5166 5179 5167
f 5166 5178 5179
f 5165 5178 5166
f 5165 5177 5178
f 5164 5177 5165
f 5163 5177 5164
f 4903 5177 5163
f 4903 4903 5177
f 5163 4892 4903
f 5176 4897 4882
f 5162 5176 4882
f 5172 5184 5185
f 5172 5185 5173
f 5173 5185 5186
f 5173 5186 5174
f 5180 5193 5181
f 5179 5193 5180
f 4916 5193 5179
f 4916 4917 5193
f 4916 5179 4914
f 5179 5178 4914
f 4914 5178 4912
f 5178 5177 4912
f 5177 4903 4912
f 5191 5192 4907
f 5213 5214 5215
f 4907 4897 5176
f 4907 5176 5191
f 4906 5190 4905
f 4905 5190 5189
f 5189 5175 4905
f 5175 4895 4905
f 4893 5188 4904
f 5188 5174 5187
f 4893 5174 5188
f 4893 4893 5174
f 5174 5186 5187
f 4907 4907 5176
f 5246 5447 5277
f 5250 5251 5287
f 5270 5271 5289
f 5398 5161 5396
f 5396 5161 5146
f 5397 5144 5160
f 5395 5144 5397
f 5146 5145 5396
f 5145 5394 5396
f 5394 5145 5394
f 5394 5145 5132
f 5395 5129 5144
f 5393 5129 5395
f 5132 5130 5394
f 5130 5392 5394
f 5392 5130 5392
f 5392 5130 5123
f 5393 5122 5129
f 5391 5122 5393
f 5123 5390 5392
f 5118 5390 5123
f 5118 5118 5390
f 5118 5118 5118
f 5391 5117 5122
f 5161 5398 5399
f 5389 5117 5391
f 5162 5161 5399
f 5400 5160 5175
f 5408 5409 5214
f 5212 5408 5214
f 5406 5408 5212
f 5406 5212 5406
f 5406 5212 5203
f 5407 5202 5211
f 5405 5202 5407
f 5406 5203 5192
f 5404 5406 5192
f 5405 5190 5202
f 5402 5190 5405
f 5192 5191 5404
f 5191 5403 5404
f 5403 5191 5401
f 5401 5191 5176
f 5190 5402 5189
f 5189 5402 5402
f 5402 5400 5189
f 5400 5175 5189
f 5401 5176 5162
f 5399 5401 5162
f 5397 5160 5400
f 5214 5409 5216
f 5388 5390 5118
f 5118 5118 5388
f 5107 5381 5108
f 5378 5381 5107
f 5378 5107 5378
f 5378 5107 5104
f 5376 5102 5380
f 5380 5102 5102
f 5105 5380 5102
f 5379 5380 5105
f 5379 5379 5380
f 5105 5106 5379
f 5104 5103 5378
f 5103 5377 5378
f 5377 5103 5375
f 5375 5103 5100
f 5376 5097 5102
f 5372 5097 5376
f 5100 5099 5375
f 5099 5374 5375
f 5098 5374 5099
f 5373 5374 5098
f 5373 5098 5371
f 5108 5381 5382
f 5118 5116 5388
f 5109 5108 5382
f 5379 5106 5383
f 5118 5388 5388
f 5387 5387 5387
f 5389 5114 5117
f 5387 5114 5389
f 5387 5387 5114
f 5116 5386 5388
f 5112 5386 5116
f 5112 5112 5386
f 5112 5112 5112
f 5387 5383 5110
f 5387 5387 5110
f 5387 5110 5113
f 5113 5114 5387
f 5385 5386 5112
f 5385 5111 5384
f 5112 5111 5385
f 5112 5112 5111
f 5384 5111 5382
f 5382 5111 5109
f 5379 5379 5379
f 5383 5106 5110
f 5379 5379 5106
f 5217 5217 5216
f 5217 5216 5410
f 5410 5216 5409
f 5436 5261 5437
f 5260 5261 5436
f 5435 5260 5436
f 5259 5260 5435
f 5434 5259 5435
f 5258 5259 5434
f 5433 5258 5434
f 5257 5258 5433
f 5432 5257 5433
f 5256 5257 5432
f 5431 5256 5432
f 5255 5256 5431
f 5430 5255 5431
f 5254 5255 5430
f 5429 5254 5430
f 5253 5254 5429
f 5428 5253 5429
f 5252 5253 5428
f 5427 5252 5428
f 5251 5252 5427
f 5251 5251 5427
f 5261 5262 5437
f 5251 5427 5427
f 5437 5262 5438
f 5438 5263 5439
f 5276 5277 5446
f 5445 5276 5446
f 5275 5276 5445
f 5275 5275 5445
f 5275 5445 5445
f 5275 5274 5275
f 5275 5274 5274
f 5274 5274 5274
f 5269 5269 5269
f 5443 5268 5269
f 5444 5443 5269
f 5444 5269 5269
f 5267 5268 5443
f 5442 5267 5443
f 5266 5267 5442
f 5441 5266 5442
f 5265 5266 5441
f 5440 5265 5441
f 5264 5265 5440
f 5439 5264 5440
f 5263 5264 5439
f 5262 5263 5438
f 5251 5251 5251
f 5248 5426 5247
f 5247 5426 5425
f 5418 5415 5228
f 5415 5222 5228
f 5416 5417 5227
f 5416 5226 5414
f 5227 5226 5416
f 5227 5227 5226
f 5414 5226 5221
f 5414 5414 5221
f 5414 5221 5221
f 5221 5221 5221
f 5415 5218 5222
f 5412 5218 5415
f 5413 5414 5221
f 5217 5411 5413
f 5217 5413 5221
f 5217 5221 5217
f 5217 5221 5221
f 5217 5217 5217
f 5412 5211 5218
f 5407 5211 5412
f 5410 5411 5217
f 5228 5418 5418
f 5228 5418 5228
f 5232 5227 5227
f 5232 5227 5232
f 5425 5423 5247
f 5423 5241 5247
f 5424 5240 5421
f 5246 5240 5424
f 5246 5246 5240
f 5246 5246 5246
f 5241 5423 5241
f 5241 5423 5423
f 5423 5420 5241
f 5420 5234 5241
f 5371 5098 5095
f 5232 5419 5422
f 5232 5422 5239
f 5232 5232 5422
f 5239 5421 5240
f 5240 5421 5421
f 5234 5420 5233
f 5233 5420 5420
f 5420 5418 5233
f 5418 5228 5233
f 5227 5417 5232
f 5417 5419 5232
f 5239 5422 5421
f 5269 5270 5288
f 5372 5094 5097
f 5371 5095 5093
f 5317 5319 5037
f 5317 5317 5319
f 5317 5317 5317
f 5318 5033 5039
f 5314 5033 5318
f 5035 5317 5037
f 5316 5035 5034
f 5317 5035 5316
f 5317 5317 5035
f 5031 5316 5034
f 5315 5316 5031
f 5315 5031 5313
f 5313 5031 5031
f 5306 5306 5306
f 5314 5024 5033
f 5306 5024 5314
f 5306 5306 5024
f 5031 5030 5313
f 5030 5312 5313
f 5029 5312 5030
f 5311 5312 5029
f 5037 5319 5040
f 5028 5311 5029
f 5042 5320 5318
f 5318 5039 5039
f 5328 5050 5326
f 5326 5050 5048
f 5327 5046 5049
f 5324 5046 5327
f 5048 5047 5326
f 5047 5325 5326
f 5325 5047 5323
f 5323 5047 5045
f 5320 5042 5320
f 5320 5042 5042
f 5042 5046 5320
f 5046 5324 5320
f 5045 5044 5323
f 5044 5322 5323
f 5043 5322 5044
f 5321 5322 5043
f 5040 5321 5043
f 5319 5321 5040
f 5319 5040 5319
f 5319 5040 5040
f 5318 5039 5318
f 5039 5042 5318
f 5050 5328 5329
f 5310 5311 5028
f 5309 5310 5027
f 5297 5019 5020
f 5297 5297 5020
f 5297 5020 5298
f 5018 5019 5297
f 5296 5018 5297
f 5017 5018 5296
f 5295 5017 5296
f 5016 5017 5295
f 5294 5016 5295
f 5015 5016 5294
f 5293 5015 5294
f 5014 5015 5293
f 5292 5014 5293
f 5013 5014 5292
f 5291 5013 5292
f 5290 5013 5291
f 4998 5013 5290
f 4998 4998 5013
f 5289 5271 5290
f 5271 4998 5290
f 5288 5270 5289
f 5021 5298 5020
f 5027 5310 5028
f 5299 5298 5021
f 5299 5021 5300
f 5026 5309 5027
f 5308 5309 5026
f 5025 5308 5026
f 5307 5308 5025
f 5023 5307 5025
f 5306 5307 5023
f 5306 5306 5307
f 5023 5024 5306
f 5299 5300 5305
f 5304 5298 5305
f 5298 5299 5305
f 5297 5298 5304
f 5273 5274 5303
f 5302 5272 5303
f 5272 5273 5303
f 5301 5004 5302
f 5004 5272 5302
f 5022 5301 5300
f 5004 5301 5022
f 5004 5004 5301
f 5021 5022 5300
f 5299 5300 5300
f 5052 5050 5329
f 5327 5049 5330
f 5330 5049 5053
f 5357 5082 5361
f 5357 5357 5082
f 5084 5083 5360
f 5083 5359 5360
f 5080 5359 5083
f 5358 5359 5080
f 5358 5080 5356
f 5356 5080 5080
f 5357 5355 5079
f 5357 5357 5079
f 5357 5079 5081
f 5081 5082 5357
f 5356 5080 5077
f 5354 5356 5077
f 5351 5351 5351
f 5355 5075 5079
f 5351 5075 5355
f 5351 5351 5075
f 5077 5076 5354
f 5076 5353 5354
f 5073 5353 5076
f 5361 5082 5085
f 5352 5353 5073
f 5357 5357 5357
f 5362 5086 5360
f 5369 5371 5093
f 5367 5367 5367
f 5370 5091 5094
f 5367 5091 5370
f 5367 5367 5091
f 5093 5092 5369
f 5092 5368 5369
f 5368 5092 5366
f 5366 5092 5090
f 5367 5364 5088
f 5367 5367 5088
f 5367 5088 5088
f 5088 5091 5367
f 5090 5089 5366
f 5089 5365 5366
f 5365 5089 5363
f 5363 5089 5087
f 5364 5085 5088
f 5361 5085 5364
f 5087 5086 5363
f 5086 5362 5363
f 5360 5086 5084
f 5352 5073 5350
f 5350 5073 5073
f 5351 5348 5071
f 5339 5062 5061
f 5340 5062 5339
f 5340 5340 5062
f 5339 5061 5337
f 5337 5061 5059
f 5338 5058 5060
f 5335 5058 5338
f 5059 5057 5337
f 5057 5336 5337
f 5336 5057 5334
f 5334 5057 5057
f 5335 5056 5058
f 5333 5056 5335
f 5334 5057 5055
f 5332 5334 5055
f 5333 5053 5056
f 5330 5053 5333
f 5055 5054 5332
f 5054 5331 5332
f 5331 5054 5329
f 5329 5054 5052
f 5062 5340 5063
f 5338 5060 5341
f 5341 5060 5064
f 5340 5340 5340
f 5351 5351 5071
f 5351 5071 5074
f 5074 5075 5351
f 5073 5072 5350
f 5072 5349 5350
f 5349 5072 5346
f 5346 5072 5069
f 5344 5067 5347
f 5347 5067 5067
f 5067 5071 5347
f 5370 5094 5372
f 5071 5348 5347
f 5068 5345 5346
f 5345 5068 5343
f 5343 5068 5066
f 5344 5064 5067
f 5341 5064 5344
f 5066 5065 5343
f 5065 5342 5343
f 5340 5342 5065
f 5340 5340 5065
f 5340 5065 5063
f 5069 5068 5346
f 7510 7511 7721
f 5766 5532 5532
f 5767 5763 5532
f 6202 5936 6203
f 5914 5936 6202
f 5914 5914 5936
f 6201 6177 6202
f 6177 5914 6202
f 6200 6175 6201
f 6175 6177 6201
f 6176 6175 6200
f 5907 6171 6199
f 5935 6199 6198
f 5907 6199 5935
f 5907 5907 6199
f 5934 5935 6198
f 6197 5934 6198
f 5933 5934 6197
f 6196 5933 6197
f 5932 5933 6196
f 6195 5932 6196
f 5931 5932 6195
f 6194 5931 6195
f 5930 5931 6194
f 6203 5936 6204
f 6193 5930 6194
f 5936 5937 6204
f 5937 5938 6205
f 6188 5921 6215
f 6178 6179 6214
f 5951 6214 6213
f 5918 6214 5951
f 5918 6178 6214
f 5950 5951 6213
f 6212 5950 6213
f 6212 6213 6213
f 6212 6211 5950
f 5950 6211 5949
f 6211 6210 5949
f 5949 6210 5947
f 5947 6210 5948
f 5941 5943 6209
f 6209 6207 5941
f 5941 6207 5940
f 6206 5939 5940
f 6208 6206 5940
f 6208 5940 6207
f 5938 5939 6206
f 6205 5938 6206
f 6204 5937 6205
f 5921 5921 5952
f 5929 5930 6193
f 5928 5929 6192
f 6164 6165 6181
f 6179 6163 6180
f 6163 6164 6180
f 5917 5901 6163
f 5917 6163 6179
f 5917 6179 6178
f 6178 6179 6179
f 5917 6178 5918
f 5914 5914 5914
f 5914 6177 5914
f 5914 6177 5913
f 6177 6175 5913
f 5913 6175 5912
f 6174 5911 5912
f 6176 6174 5912
f 6176 5912 6175
f 5910 5911 6174
f 6173 5910 6174
f 5909 5910 6173
f 6172 5909 6173
f 5908 5909 6172
f 6180 6164 6181
f 6192 5929 6193
f 6165 5902 6182
f 5902 5903 6183
f 6191 5928 6192
f 5927 5928 6191
f 6190 5927 6191
f 6190 6191 6191
f 6190 6189 5927
f 5927 6189 5925
f 5925 6189 5926
f 5921 5921 5921
f 6187 5920 5921
f 6188 6187 5921
f 6188 5921 5921
f 5919 5920 6187
f 6186 5919 6187
f 6186 6170 5919
f 6170 5905 5919
f 6167 6168 6185
f 6184 6166 6185
f 6166 6167 6185
f 6183 5903 6184
f 5903 6166 6184
f 6182 5902 6183
f 6181 6165 6182
f 5921 5952 6215
f 6215 5952 6216
f 6216 5952 6217
f 5984 6252 6251
f 5979 6250 5982
f 6250 5979 6249
f 5979 5978 6249
f 6249 5978 6248
f 5978 5977 6248
f 6248 5977 6247
f 5977 5976 6247
f 6247 5976 6246
f 5976 5975 6246
f 6246 5975 6245
f 5975 5974 6245
f 5974 5981 6245
f 6212 6213 6244
f 6243 6211 6244
f 6211 6212 6244
f 6242 6210 6243
f 6210 6211 6243
f 5973 6242 6241
f 5948 6242 5973
f 5948 6210 6242
f 5981 5984 6251
f 5972 5973 6241
f 5981 6253 6245
f 5981 6251 6253
f 5989 5990 6258
f 5990 6259 6258
f 5986 6257 5987
f 6256 5986 5985
f 6257 5986 6256
f 6257 6257 5986
f 5982 6256 5985
f 6255 6256 5982
f 6254 6255 5982
f 6250 6254 5982
f 6250 5982 5982
f 6249 6254 6249
f 6249 6254 6250
f 6248 6249 6248
f 6248 6249 6249
f 6247 6248 6247
f 6247 6248 6248
f 6246 6247 6246
f 6246 6247 6247
f 6253 6246 6245
f 6245 6246 6246
f 5981 5981 6253
f 6240 5972 6241
f 5971 5972 6240
f 6239 5971 6240
f 5957 5958 6226
f 6225 5957 6226
f 6224 5957 6225
f 6209 5957 6224
f 6209 5943 5957
f 6223 6207 6224
f 6207 6209 6224
f 6208 6207 6223
f 6190 6191 6222
f 6221 6189 6222
f 6189 6190 6222
f 5956 6221 6220
f 5926 6221 5956
f 5926 6189 6221
f 5955 5956 6220
f 6219 5955 6220
f 5954 5955 6219
f 6218 5954 6219
f 5953 5954 6218
f 6217 5953 6218
f 5952 5953 6217
f 6226 5958 6227
f 5958 5959 6227
f 6227 5959 6228
f 5959 5960 6228
f 5970 5971 6239
f 6238 5970 6239
f 5969 5970 6238
f 6237 5969 6238
f 5968 5969 6237
f 6236 5968 6237
f 5967 5968 6236
f 6235 5967 6236
f 5966 5967 6235
f 6234 5966 6235
f 6171 5908 6172
f 5965 5966 6234
f 5964 5965 6233
f 6232 5964 6233
f 5963 5964 6232
f 6231 5963 6232
f 5962 5963 6231
f 6230 5962 6231
f 5961 5962 6230
f 6229 5961 6230
f 5960 5961 6229
f 6228 5960 6229
f 6233 5965 6234
f 6258 5984 5989
f 5907 5908 6171
f 5907 6171 6171
f 6118 6124 6123
f 6116 6122 6121
f 6118 6122 6116
f 6118 6118 6122
f 6120 6116 6121
f 6115 6116 6120
f 6115 6115 6116
f 6114 6115 6115
f 6114 6115 6120
f 6114 6120 5864
f 5864 6120 5865
f 5864 5862 6114
f 6114 5862 6113
f 5862 5860 6113
f 6113 5860 6112
f 5860 5858 6112
f 6112 5858 5858
f 5858 5858 5858
f 6119 5856 5859
f 6111 5856 6119
f 6117 6118 6116
f 6122 6118 6123
f 6115 6117 6116
f 6124 6126 6125
f 6126 6128 6127
f 6127 6129 6137
f 6127 6137 6136
f 6125 6127 6136
f 6125 6136 6135
f 6123 6125 6135
f 6123 6135 5872
f 6122 6123 5872
f 6121 6122 5872
f 5871 6121 5872
f 5871 5872 5872
f 5871 5869 6121
f 6121 5869 6120
f 6120 5869 5865
f 6134 5859 5867
f 6119 5859 6134
f 6132 6133 6131
f 6129 6130 6131
f 6130 6132 6131
f 6127 6128 6129
f 6128 6130 6129
f 6125 6126 6127
f 6123 6124 6125
f 6129 6138 6137
f 6110 6115 6114
f 6110 6114 6108
f 6098 6103 6102
f 6097 6098 6102
f 6097 6102 6101
f 5846 6097 6101
f 5846 6101 5851
f 6101 5850 5851
f 5851 5850 5850
f 5850 5850 5850
f 6100 5839 5847
f 6096 5839 6100
f 5838 6095 6098
f 6095 6099 6098
f 5838 6098 6097
f 5838 5838 6097
f 5838 6097 5845
f 5845 6097 5846
f 6096 5831 5839
f 6094 5831 6096
f 6091 6092 5838
f 6092 6095 5838
f 6090 6091 5838
f 6099 6104 6103
f 6108 6114 6113
f 6098 6099 6103
f 6105 5847 5852
f 6110 6110 6114
f 6108 6113 6112
f 6107 6108 6112
f 6107 6112 5858
f 6106 6107 5858
f 5858 5855 5858
f 5858 5855 6106
f 6111 5852 5856
f 6105 5852 6111
f 6109 6110 6108
f 6103 6108 6107
f 6104 6108 6103
f 6104 6109 6108
f 6103 6107 6106
f 6102 6103 6106
f 6101 6102 6106
f 5854 6101 6106
f 5854 6106 5855
f 5854 5850 6101
f 6101 5850 5850
f 5850 5850 5850
f 6100 5847 6105
f 6129 6131 6138
f 6131 6139 6138
f 6133 6133 6140
f 6163 5892 5892
f 5899 5899 5899
f 5890 6162 6156
f 5899 6162 5890
f 5899 5899 6162
f 6153 6154 6161
f 6153 6160 6152
f 6161 6160 6153
f 6161 6161 6160
f 6152 6160 6159
f 6151 6152 6159
f 6151 6159 6158
f 5888 6151 6158
f 5888 6158 5897
f 5897 6158 5898
f 5894 5894 5894
f 5894 6157 5894
f 5894 6157 5893
f 6157 5892 5893
f 5893 5892 5892
f 5892 5892 5892
f 5901 5892 6163
f 5890 6156 5890
f 5892 6157 6163
f 6157 5894 6164
f 5905 6170 5904
f 5904 6170 6170
f 6169 5904 6170
f 5899 5904 6169
f 5899 5899 5904
f 6162 5899 6169
f 6160 6161 6168
f 6160 6167 6159
f 6168 6167 6160
f 6168 6168 6167
f 6159 6167 6166
f 6158 6159 6166
f 6158 6166 5903
f 5898 6158 5903
f 5898 5903 5903
f 5903 5902 5903
f 5903 5902 5902
f 5902 6165 5894
f 5902 5902 5894
f 5902 5894 5894
f 5894 6165 6164
f 6157 6164 6163
f 5890 6156 6156
f 5889 5890 6156
f 6155 5889 6156
f 6139 6146 6145
f 6138 6139 6145
f 6138 6145 5887
f 6137 6138 5887
f 6137 5887 5879
f 6136 6137 5879
f 6135 6136 5879
f 5878 6135 5879
f 5878 5879 5879
f 5878 5872 6135
f 6135 5872 5872
f 5872 5872 5872
f 5873 5873 5873
f 5867 6144 6134
f 5873 6144 5867
f 5873 5873 6144
f 6142 6143 6141
f 6140 6133 6141
f 6133 6142 6141
f 6131 6140 6139
f 6133 6140 6131
f 6139 6140 6146
f 6140 6147 6146
f 6140 6141 6147
f 6141 6148 6147
f 6155 6150 5889
f 6150 5880 5889
f 6148 6149 6154
f 6148 6153 6147
f 6154 6153 6148
f 6154 6154 6153
f 6147 6153 6152
f 6146 6147 6152
f 6146 6152 6151
f 6145 6146 6151
f 5907 5907 6171
f 5887 6145 6151
f 5887 6151 5888
f 5887 5879 5887
f 5887 5879 5879
f 5879 5879 5879
f 5873 5880 6150
f 5873 5873 6150
f 5873 6150 6150
f 6144 5873 6150
f 6141 6143 6148
f 6143 6149 6148
f 5887 5887 6151
f 5837 6090 5838
f 6252 5984 6258
f 6257 5987 5987
f 6370 6371 6369
f 6367 6368 6369
f 6368 6370 6369
f 6365 6366 6367
f 6366 6368 6367
f 6362 6363 6365
f 6363 6366 6365
f 6364 6363 6362
f 6360 6361 6359
f 6357 6358 6359
f 6358 6360 6359
f 6117 6356 6357
f 6356 6358 6357
f 6354 6355 6117
f 6355 6356 6117
f 6110 6352 6354
f 6352 6355 6354
f 6351 6352 6352
f 6351 6352 6110
f 6351 6110 6109
f 6109 6110 6110
f 6353 6105 6372
f 6351 6109 6104
f 6372 6105 6111
f 6110 6115 6115
f 6365 6367 6377
f 6365 6377 6376
f 6362 6365 6376
f 6375 6362 6376
f 6364 6362 6375
f 6364 6364 6362
f 6374 6361 6375
f 6361 6364 6375
f 6359 6374 6373
f 6361 6374 6359
f 6361 6361 6374
f 6359 6373 6118
f 6357 6359 6118
f 6117 6357 6118
f 6117 6117 6118
f 6117 6118 6118
f 6115 6354 6117
f 6115 6115 6117
f 6115 6117 6117
f 6110 6354 6115
f 6110 6110 6115
f 6110 6110 6110
f 6367 6378 6377
f 6353 6100 6105
f 6349 6352 6351
f 6340 6079 6084
f 6337 6079 6340
f 6083 6082 6339
f 6082 6338 6339
f 6338 6082 6078
f 6336 6338 6078
f 6336 6078 6078
f 6078 6078 6078
f 6337 6075 6079
f 6334 6075 6337
f 6335 6336 6078
f 6331 6333 6335
f 6331 6335 6078
f 6331 6078 6077
f 6077 6078 6078
f 6077 6074 6331
f 6331 6074 6074
f 6074 6074 6074
f 6329 6069 6329
f 6329 6069 6069
f 6069 6075 6329
f 6339 6083 6083
f 6350 6100 6353
f 6339 6083 6339
f 6087 6083 6341
f 6104 6099 6349
f 6351 6104 6349
f 6351 6349 6349
f 6350 6096 6100
f 6348 6096 6350
f 6349 6099 6095
f 6346 6349 6095
f 6344 6347 6345
f 6348 6094 6096
f 6347 6094 6348
f 6347 6344 6094
f 6346 6095 6092
f 6343 6346 6092
f 6345 6342 6089
f 6344 6345 6089
f 6344 6089 6093
f 6093 6094 6344
f 6343 6092 6087
f 6341 6343 6087
f 6342 6084 6089
f 6340 6084 6342
f 6083 6339 6341
f 6367 6369 6378
f 6369 6379 6378
f 6371 6371 6380
f 6161 6161 6168
f 6161 6168 6168
f 6168 6168 6168
f 6400 6156 6162
f 6396 6156 6400
f 6393 6394 6398
f 6393 6397 6154
f 6398 6397 6393
f 6398 6399 6397
f 6154 6397 6161
f 6154 6154 6161
f 6154 6161 6161
f 6161 6161 6161
f 6156 6396 6156
f 6156 6396 6396
f 6155 6156 6396
f 6395 6155 6396
f 6395 6392 6155
f 6392 6150 6155
f 6390 6391 6393
f 6391 6394 6393
f 6161 6401 6168
f 6390 6393 6154
f 6402 6402 6401
f 6397 6401 6161
f 6182 6409 6181
f 6409 6408 6181
f 6181 6408 6180
f 6408 6179 6180
f 6180 6179 6179
f 6179 6179 6179
f 6174 6176 6407
f 6407 6406 6174
f 6174 6406 6173
f 6406 6405 6173
f 6173 6405 6172
f 6405 6171 6172
f 6172 6171 6171
f 6171 6171 6171
f 6170 6170 6170
f 6403 6169 6170
f 6404 6403 6170
f 6404 6170 6170
f 6403 6400 6169
f 6400 6162 6169
f 6397 6399 6402
f 6402 6401 6397
f 6149 6390 6154
f 6149 6154 6154
f 6154 6154 6154
f 6377 6378 6133
f 6132 6377 6133
f 6132 6133 6133
f 6132 6130 6377
f 6377 6130 6376
f 6130 6128 6376
f 6376 6128 6375
f 6128 6126 6375
f 6375 6126 6374
f 6126 6124 6374
f 6374 6124 6373
f 6124 6118 6373
f 6373 6118 6118
f 6118 6118 6118
f 6115 6115 6115
f 6115 6115 6115
f 6382 6111 6119
f 6372 6111 6382
f 6371 6381 6380
f 6369 6380 6379
f 6371 6380 6369
f 6378 6379 6133
f 6379 6383 6133
f 6379 6380 6383
f 6380 6384 6383
f 6150 6392 6150
f 6150 6392 6392
f 6392 6389 6150
f 6389 6144 6150
f 6387 6388 6390
f 6388 6391 6390
f 6149 6143 6390
f 6390 6143 6387
f 6389 6134 6144
f 6386 6134 6389
f 6075 6334 6329
f 6384 6385 6387
f 6383 6384 6387
f 6142 6383 6387
f 6142 6387 6143
f 6142 6133 6383
f 6383 6133 6133
f 6133 6133 6133
f 6386 6119 6134
f 6382 6119 6386
f 6380 6381 6384
f 6381 6385 6384
f 6385 6388 6387
f 6257 6257 6257
f 6332 6333 6331
f 6330 6332 6331
f 6282 6017 6279
f 6282 6019 6017
f 6282 6283 6019
f 6283 6283 6019
f 6280 6282 6279
f 6281 6278 6015
f 6281 6281 6015
f 6281 6015 6015
f 6015 6018 6281
f 6016 6279 6017
f 6277 6013 6277
f 6277 6016 6013
f 6277 6280 6016
f 6280 6279 6016
f 6277 6277 6277
f 6278 6010 6015
f 6275 6010 6278
f 6012 6277 6013
f 6276 6012 6011
f 6277 6012 6276
f 6277 6277 6012
f 6019 6283 6020
f 6274 6276 6011
f 6021 6285 6284
f 6018 6281 6281
f 6030 6292 6031
f 6291 6292 6030
f 6027 6291 6030
f 6289 6291 6027
f 6289 6027 6289
f 6289 6027 6027
f 6290 6026 6029
f 6288 6026 6290
f 6289 6027 6024
f 6287 6289 6024
f 6288 6021 6026
f 6285 6021 6288
f 6024 6022 6287
f 6022 6286 6287
f 6283 6286 6022
f 6283 6283 6022
f 6283 6022 6020
f 6283 6283 6283
f 6281 6281 6281
f 6018 6284 6281
f 6018 6018 6281
f 6018 6021 6284
f 6031 6292 6293
f 6274 6274 6011
f 6274 6274 6274
f 5998 5998 6263
f 5998 6263 6263
f 6263 5994 5998
f 5996 5995 6265
f 5995 6264 6265
f 6262 6264 5995
f 6262 6262 5995
f 6262 5995 5993
f 6262 6262 6262
f 6263 6263 6263
f 5994 6259 5990
f 6263 6259 5994
f 6263 6263 6259
f 5992 6262 5993
f 6261 5992 5991
f 6262 5992 6261
f 6262 6262 5992
f 5987 6261 5991
f 6260 6261 5987
f 6257 6260 5987
f 6257 6257 5987
f 5998 6266 6263
f 6274 6011 6008
f 5999 6267 6267
f 5996 6265 6267
f 6275 6006 6010
f 6273 6006 6275
f 6007 6274 6008
f 6005 6272 6274
f 6007 6005 6274
f 6007 6274 6274
f 6273 6003 6006
f 6270 6003 6273
f 6005 6004 6272
f 6004 6271 6272
f 6271 6004 6269
f 6269 6004 6002
f 6270 6001 6003
f 6268 6001 6270
f 6000 6269 6002
f 6267 6269 6000
f 6267 6267 6269
f 6267 6267 6267
f 6268 5998 6001
f 6266 5998 6268
f 5999 6267 6000
f 5999 5996 6267
f 6032 6031 6293
f 6029 6033 6294
f 6294 6029 6029
f 6056 6063 6317
f 6056 6317 6317
f 6063 6064 6322
f 6064 6323 6322
f 6320 6321 6062
f 6320 6061 6319
f 6062 6061 6320
f 6062 6062 6061
f 6059 6319 6061
f 6318 6319 6059
f 6058 6318 6059
f 6316 6318 6058
f 6316 6058 6057
f 6316 6316 6057
f 6316 6057 6314
f 6314 6057 6053
f 6317 6311 6049
f 6317 6317 6049
f 6317 6049 6055
f 6055 6056 6317
f 6315 6316 6314
f 6063 6322 6317
f 6315 6052 6313
f 6317 6317 6317
f 6321 6062 6062
f 6330 6073 6327
f 6074 6073 6330
f 6074 6074 6073
f 6327 6073 6071
f 6327 6327 6071
f 6327 6071 6325
f 6071 6067 6325
f 6325 6067 6067
f 6067 6067 6067
f 6323 6064 6328
f 6328 6064 6068
f 6068 6069 6328
f 6069 6329 6328
f 6326 6327 6325
f 6067 6324 6325
f 6324 6326 6325
f 6324 6066 6321
f 6067 6066 6324
f 6067 6067 6066
f 6321 6066 6062
f 6321 6321 6062
f 6062 6062 6062
f 6314 6052 6315
f 6314 6053 6052
f 6050 6313 6052
f 6304 6305 6038
f 6304 6038 6041
f 6041 6042 6304
f 6302 6303 6040
f 6302 6039 6301
f 6040 6039 6302
f 6040 6040 6039
f 6301 6039 6298
f 6298 6039 6036
f 6294 6299 6295
f 6300 6033 6038
f 6299 6033 6300
f 6299 6294 6033
f 6036 6035 6298
f 6035 6297 6298
f 6034 6297 6035
f 6296 6297 6034
f 6296 6034 6293
f 6293 6034 6032
f 6295 6290 6029
f 6294 6295 6029
f 6305 6300 6038
f 6040 6040 6040
f 6303 6040 6040
f 6303 6306 6040
f 6312 6313 6050
f 6312 6050 6047
f 6310 6312 6047
f 6310 6047 6047
f 6047 6047 6047
f 6309 6309 6309
f 6311 6046 6049
f 6309 6046 6311
f 6309 6309 6046
f 6308 6310 6047
f 6074 6330 6331
f 6047 6045 6308
f 6047 6308 6308
f 6304 6309 6305
f 6305 6309 6309
f 6046 6309 6042
f 6309 6304 6042
f 6045 6044 6308
f 6044 6307 6308
f 6043 6307 6044
f 6306 6307 6043
f 6306 6043 6040
f 6047 6047 6308
f 5766 5767 5532
f 5837 5838 5838
f 6088 6093 6089
f 5873 5624 5880
f 5878 5879 5877
f 5876 5872 5877
f 5872 5878 5877
f 5870 5876 5875
f 5872 5876 5870
f 5872 5872 5876
f 5870 5875 5874
f 5868 5870 5874
f 5623 5868 5874
f 5623 5623 5874
f 5623 5874 5627
f 5623 5623 5623
f 5619 5624 5873
f 5866 5619 5873
f 5866 5873 5873
f 5867 5866 5873
f 5871 5872 5870
f 5868 5869 5870
f 5869 5871 5870
f 5863 5868 5623
f 5880 5624 5628
f 5865 5868 5863
f 5881 5627 5874
f 5874 5875 5881
f 5636 5881 5892
f 5636 5892 5891
f 5891 5892 5892
f 5636 5891 5637
f 5633 5890 5633
f 5633 5890 5890
f 5632 5633 5890
f 5889 5632 5890
f 5889 5880 5632
f 5880 5628 5632
f 5887 5888 5886
f 5885 5879 5886
f 5879 5887 5886
f 5877 5885 5884
f 5879 5885 5877
f 5879 5879 5885
f 5877 5884 5883
f 5876 5877 5883
f 5876 5883 5882
f 5875 5876 5882
f 5875 5882 5881
f 5631 5627 5881
f 5636 5631 5881
f 5865 5869 5868
f 5622 5861 5623
f 5604 5604 5857
f 5604 5857 5610
f 5604 5604 5604
f 5856 5598 5606
f 5852 5598 5856
f 5854 5855 5853
f 5604 5850 5853
f 5850 5854 5853
f 5849 5850 5850
f 5849 5850 5604
f 5849 5604 5603
f 5603 5604 5604
f 5603 5601 5849
f 5849 5601 5848
f 5601 5597 5848
f 5848 5597 5597
f 5597 5597 5597
f 5852 5595 5598
f 5847 5595 5852
f 5844 5846 5851
f 5850 5843 5851
f 5604 5853 5857
f 5861 5863 5623
f 5855 5858 5857
f 5856 5606 5859
f 5622 5623 5623
f 5622 5617 5861
f 5861 5617 5617
f 5617 5617 5617
f 5618 5619 5866
f 5612 5867 5859
f 5618 5867 5612
f 5618 5866 5867
f 5864 5865 5863
f 5861 5862 5863
f 5862 5864 5863
f 5617 5860 5861
f 5860 5862 5861
f 5860 5616 5858
f 5617 5616 5860
f 5617 5617 5616
f 5858 5616 5614
f 5858 5858 5614
f 5858 5614 5857
f 5857 5614 5610
f 5859 5606 5612
f 5853 5855 5857
f 5881 5882 5893
f 5892 5881 5893
f 5882 5883 5894
f 5670 5923 5671
f 5668 5922 5667
f 5921 5666 5667
f 5921 5921 5667
f 5921 5667 5922
f 5665 5666 5921
f 5920 5665 5921
f 5664 5665 5920
f 5919 5664 5920
f 5919 5905 5664
f 5905 5643 5664
f 5900 5901 5917
f 5900 5916 5641
f 5917 5916 5900
f 5917 5918 5916
f 5641 5916 5663
f 5641 5641 5663
f 5641 5663 5663
f 5663 5663 5663
f 5659 5659 5659
f 5659 5915 5659
f 5672 5923 5670
f 5659 5915 5658
f 5924 5923 5672
f 5924 5672 5925
f 5906 5907 5935
f 5934 5648 5935
f 5648 5906 5935
f 5680 5934 5933
f 5648 5934 5680
f 5648 5648 5934
f 5679 5680 5933
f 5932 5679 5933
f 5678 5679 5932
f 5931 5678 5932
f 5677 5678 5931
f 5930 5677 5931
f 5676 5677 5930
f 5929 5676 5930
f 5675 5676 5929
f 5928 5675 5929
f 5674 5675 5928
f 5927 5674 5928
f 5673 5674 5927
f 5925 5673 5927
f 5672 5673 5925
f 5924 5925 5926
f 5914 5657 5658
f 5914 5914 5658
f 5914 5658 5915
f 5894 5895 5902
f 5891 5892 5900
f 5892 5901 5900
f 5891 5900 5641
f 5637 5891 5641
f 5637 5641 5641
f 5641 5641 5641
f 5638 5899 5638
f 5638 5899 5899
f 5899 5890 5638
f 5890 5633 5638
f 5886 5888 5897
f 5886 5896 5885
f 5897 5896 5886
f 5897 5898 5896
f 5885 5896 5895
f 5884 5885 5895
f 5895 5883 5884
f 5894 5883 5895
f 5894 5894 5883
f 5893 5882 5894
f 5895 5896 5903
f 5902 5895 5903
f 5896 5898 5903
f 5899 5638 5642
f 5656 5657 5914
f 5913 5656 5914
f 5655 5656 5913
f 5912 5655 5913
f 5654 5655 5912
f 5911 5654 5912
f 5653 5654 5911
f 5910 5653 5911
f 5652 5653 5910
f 5909 5652 5910
f 5843 5844 5851
f 5651 5652 5909
f 5650 5651 5908
f 5907 5650 5908
f 5649 5650 5907
f 5906 5649 5907
f 5906 5648 5649
f 5649 5648 5648
f 5648 5648 5648
f 5643 5905 5642
f 5642 5905 5904
f 5904 5899 5642
f 5908 5651 5909
f 5914 5915 5936
f 5843 5849 5842
f 5850 5850 5849
f 5793 5795 5795
f 5793 5795 5797
f 5793 5797 5563
f 5563 5797 5564
f 5563 5561 5793
f 5793 5561 5791
f 5561 5559 5791
f 5791 5559 5789
f 5789 5559 5557
f 5796 5555 5558
f 5788 5555 5796
f 5794 5795 5793
f 5791 5792 5793
f 5792 5794 5793
f 5789 5790 5791
f 5790 5792 5791
f 5790 5556 5786
f 5789 5556 5790
f 5789 5557 5556
f 5786 5556 5786
f 5786 5556 5554
f 5795 5799 5798
f 5784 5550 5787
f 5797 5795 5798
f 5565 5566 5801
f 5803 5569 5569
f 5569 5569 5569
f 5801 5801 5801
f 5807 5566 5570
f 5801 5566 5807
f 5801 5801 5566
f 5805 5806 5804
f 5803 5800 5804
f 5800 5805 5804
f 5798 5803 5569
f 5800 5803 5798
f 5800 5800 5803
f 5797 5798 5569
f 5568 5797 5569
f 5568 5569 5569
f 5797 5568 5564
f 5796 5558 5802
f 5802 5558 5558
f 5565 5802 5558
f 5801 5802 5565
f 5801 5801 5802
f 5799 5800 5798
f 5573 5569 5803
f 5787 5550 5550
f 5555 5788 5787
f 5778 5546 5545
f 5777 5545 5774
f 5774 5545 5543
f 5776 5772 5541
f 5775 5776 5541
f 5775 5541 5541
f 5541 5544 5775
f 5543 5542 5774
f 5542 5773 5774
f 5773 5542 5770
f 5770 5542 5540
f 5766 5771 5767
f 5772 5537 5541
f 5771 5537 5772
f 5771 5766 5537
f 5540 5539 5770
f 5539 5769 5770
f 5538 5769 5539
f 5768 5769 5538
f 5768 5538 5765
f 5765 5538 5535
f 5778 5545 5779
f 5550 5555 5787
f 5779 5545 5777
f 5781 5775 5544
f 5554 5553 5786
f 5553 5785 5786
f 5785 5553 5551
f 5783 5785 5551
f 5783 5551 5782
f 5551 5549 5782
f 5782 5549 5549
f 5549 5549 5549
f 5781 5781 5781
f 5784 5548 5550
f 5781 5548 5784
f 5781 5781 5548
f 5780 5783 5782
f 5778 5782 5549
f 5780 5782 5778
f 5780 5780 5782
f 5549 5546 5549
f 5549 5546 5778
f 5775 5781 5776
f 5776 5781 5781
f 5548 5781 5544
f 5779 5780 5778
f 5573 5574 5574
f 5573 5803 5574
f 5803 5804 5574
f 5594 5594 5594
f 5839 5589 5593
f 5831 5589 5839
f 5837 5838 5836
f 5829 5836 5835
f 5830 5836 5829
f 5830 5837 5836
f 5829 5835 5834
f 5828 5829 5834
f 5828 5834 5833
f 5827 5828 5833
f 5827 5833 5832
f 5826 5827 5832
f 5826 5832 5592
f 5588 5826 5592
f 5592 5588 5592
f 5592 5588 5588
f 5831 5585 5589
f 5825 5585 5831
f 5824 5830 5829
f 5823 5829 5828
f 5592 5594 5594
f 5824 5829 5823
f 5592 5592 5594
f 5592 5832 5840
f 5842 5849 5848
f 5841 5842 5848
f 5841 5848 5597
f 5840 5841 5597
f 5594 5840 5597
f 5594 5594 5597
f 5594 5597 5597
f 5594 5594 5594
f 5847 5593 5595
f 5839 5593 5847
f 5836 5838 5845
f 5836 5844 5835
f 5845 5844 5836
f 5845 5846 5844
f 5835 5844 5843
f 5834 5835 5843
f 5834 5843 5842
f 5833 5834 5842
f 5833 5842 5841
f 5832 5833 5841
f 5832 5841 5840
f 5592 5840 5594
f 5824 5824 5829
f 5823 5828 5827
f 5822 5823 5827
f 5811 5817 5816
f 5813 5817 5811
f 5813 5813 5817
f 5811 5816 5815
f 5809 5811 5815
f 5809 5815 5579
f 5808 5809 5579
f 5574 5808 5579
f 5574 5574 5579
f 5574 5579 5579
f 5574 5574 5574
f 5814 5570 5575
f 5807 5570 5814
f 5812 5813 5811
f 5809 5810 5811
f 5810 5812 5811
f 5808 5806 5809
f 5806 5810 5809
f 5804 5808 5574
f 5806 5808 5804
f 5806 5806 5808
f 5813 5818 5817
f 5575 5580 5819
f 5819 5575 5575
f 5819 5819 5575
f 5822 5827 5826
f 5821 5822 5826
f 5821 5826 5588
f 5820 5821 5588
f 5588 5584 5588
f 5588 5584 5820
f 5819 5819 5819
f 5825 5580 5585
f 5819 5580 5825
f 5819 5819 5580
f 5850 5849 5843
f 5818 5824 5823
f 5818 5823 5817
f 5817 5822 5821
f 5816 5817 5821
f 5816 5821 5820
f 5815 5816 5820
f 5579 5815 5820
f 5579 5579 5820
f 5579 5820 5584
f 5579 5579 5579
f 5819 5814 5575
f 5817 5823 5822
f 6090 5837 5830
f 5915 5659 5937
f 5659 5659 5681
f 5777 6043 5779
f 6040 6043 5777
f 6040 5777 6040
f 6040 5777 5774
f 6037 6041 6038
f 6042 5772 5776
f 6041 5772 6042
f 6041 6037 5772
f 5774 5773 6040
f 5773 6039 6040
f 6039 5773 6036
f 6036 5773 5770
f 6038 6033 5767
f 6037 6038 5767
f 6037 5767 5771
f 5771 5772 6037
f 5770 5769 6036
f 5769 6035 6036
f 5768 6035 5769
f 6034 6035 5768
f 6034 5768 6032
f 5780 5780 5779
f 6032 5768 5765
f 5780 5779 6044
f 6044 6045 5780
f 5787 6054 6055
f 6054 6056 6055
f 5787 5788 6054
f 6052 6053 6051
f 5786 6050 6051
f 6050 6052 6051
f 6050 5785 6047
f 5786 5785 6050
f 5786 5786 5785
f 6047 5785 6047
f 6047 5785 5783
f 6049 6046 5781
f 6048 6049 5781
f 6048 5781 5781
f 5781 5784 6048
f 5783 6045 6047
f 5780 6045 5783
f 5780 5780 6045
f 5780 5780 5780
f 6046 5776 5781
f 6042 5776 6046
f 6044 5779 6043
f 5787 6055 6048
f 6029 6029 6029
f 6029 5763 6033
f 6024 5759 6022
f 6024 6023 5759
f 6022 5758 6020
f 6020 5758 5756
f 6018 6018 6018
f 6021 5753 5757
f 6018 5753 6021
f 6018 6018 5753
f 5756 5754 6020
f 5754 6019 6020
f 6019 5754 6017
f 6017 5754 5752
f 6015 6015 6015
f 6015 6014 6018
f 6015 6015 6018
f 6015 6018 6018
f 5753 6018 5750
f 6018 6014 5750
f 5752 5751 6017
f 5751 6016 6017
f 6016 5751 6013
f 6022 5759 5758
f 6033 5763 5767
f 5759 6023 5760
f 6025 5757 5757
f 6029 6029 5763
f 5765 5764 6032
f 5764 6031 6032
f 6030 6031 5764
f 6028 6030 5764
f 6028 5764 5762
f 6027 6030 6027
f 6027 6030 6028
f 6027 6027 6027
f 6025 6029 6026
f 6026 6029 6029
f 5763 6029 5761
f 6029 6025 5761
f 5760 6028 5762
f 6028 6023 6027
f 5760 6023 6028
f 5760 5760 6023
f 6027 6023 6027
f 6027 6023 6024
f 6026 6021 5757
f 6025 6026 5757
f 5757 5761 6025
f 5787 6048 5784
f 6048 6055 6049
f 5786 5786 5786
f 6079 5814 6084
f 6082 6083 6081
f 6080 6078 6081
f 6078 6082 6081
f 6076 6080 5818
f 6078 6080 6076
f 6078 6078 6080
f 5813 6076 5818
f 5813 5813 5818
f 5813 5818 5818
f 5813 5813 5813
f 6079 5807 5814
f 6075 5807 6079
f 6077 6078 6076
f 5813 6074 6076
f 6074 6077 6076
f 6072 6074 6074
f 6072 6074 5813
f 6072 5813 5812
f 5812 5813 5813
f 5812 5810 6072
f 6084 5814 5819
f 6072 5810 6070
f 5818 5824 5824
f 5818 6080 5824
f 6094 5825 5831
f 6093 5825 6094
f 6093 6088 5825
f 6086 6087 6091
f 6087 6092 6091
f 6086 6091 6090
f 6085 6086 6090
f 5824 6085 6090
f 5824 5824 6090
f 5824 6090 5830
f 5824 5824 5824
f 6089 6084 5819
f 6088 6089 5819
f 6088 5819 5819
f 5819 5825 6088
f 6083 6087 6086
f 6081 6086 6085
f 6083 6086 6081
f 6083 6083 6086
f 6081 6085 5824
f 6080 6081 5824
f 5818 5818 5824
f 5810 5806 6070
f 6070 5806 5806
f 5806 5806 5806
f 5799 5800 5800
f 5799 5795 6060
f 6060 5795 5795
f 5795 5795 5795
f 6054 6063 6056
f 6064 5788 5796
f 6063 5788 6064
f 6063 6054 5788
f 6061 6062 6060
f 5795 6059 6060
f 6059 6061 6060
f 6059 5794 6058
f 5795 5794 6059
f 5795 5795 5794
f 5792 6058 5794
f 6057 6058 5792
f 6057 5792 5790
f 6053 6057 5790
f 6053 5790 6051
f 5790 5786 6051
f 6051 5786 5786
f 6060 5800 5799
f 6060 6062 5800
f 6060 6062 6062
f 6062 6066 6065
f 6069 5801 6069
f 6069 5801 5801
f 5801 5807 6069
f 5807 6075 6069
f 6073 6074 6072
f 6070 6071 6072
f 6071 6073 6072
f 5806 6067 6070
f 6067 6071 6070
f 6065 6067 6067
f 6013 5751 5749
f 6065 6067 5806
f 5805 5806 5806
f 5805 5800 6065
f 6065 5800 5800
f 5800 5800 5800
f 6064 5796 6068
f 6068 5796 5802
f 5802 5801 6068
f 5801 6069 6068
f 6066 6067 6065
f 5800 6062 6065
f 6065 5806 5805
f 5936 5915 5937
f 6009 6015 6010
f 6009 6014 6015
f 5711 5970 5969
f 5693 5970 5711
f 5693 5693 5970
f 5710 5711 5969
f 5968 5710 5969
f 5709 5710 5968
f 5967 5709 5968
f 5708 5709 5967
f 5966 5708 5967
f 5707 5708 5966
f 5965 5707 5966
f 5706 5707 5965
f 5964 5706 5965
f 5705 5706 5964
f 5963 5705 5964
f 5704 5705 5963
f 5962 5704 5963
f 5703 5704 5962
f 5961 5703 5962
f 5702 5703 5961
f 5960 5702 5961
f 5693 5944 5971
f 5701 5702 5960
f 5970 5693 5971
f 5971 5944 5972
f 5713 5974 5974
f 5713 5981 5974
f 5981 5981 5974
f 5713 5722 5981
f 5720 5980 5721
f 5980 5720 5979
f 5720 5719 5979
f 5979 5719 5978
f 5719 5718 5978
f 5978 5718 5977
f 5718 5717 5977
f 5977 5717 5976
f 5717 5716 5976
f 5976 5716 5975
f 5716 5715 5975
f 5975 5715 5974
f 5715 5714 5974
f 5714 5713 5974
f 5946 5948 5973
f 5972 5945 5973
f 5945 5946 5973
f 5944 5945 5972
f 5713 5974 5713
f 5959 5701 5960
f 5958 5700 5959
f 5946 5696 5947
f 5946 5947 5948
f 5946 5945 5696
f 5696 5945 5695
f 5945 5944 5695
f 5695 5944 5694
f 5944 5693 5694
f 5694 5693 5693
f 5693 5693 5693
f 5685 5687 5942
f 5941 5684 5685
f 5943 5941 5685
f 5943 5685 5942
f 5683 5684 5941
f 5940 5683 5941
f 5682 5683 5940
f 5939 5682 5940
f 5681 5682 5939
f 5938 5681 5939
f 5937 5681 5938
f 5659 5681 5937
f 5696 5697 5947
f 5700 5701 5959
f 5947 5697 5949
f 5663 5663 5950
f 5957 5700 5958
f 5942 5700 5957
f 5942 5687 5700
f 5943 5942 5957
f 5924 5926 5956
f 5955 5923 5956
f 5923 5924 5956
f 5699 5955 5954
f 5671 5955 5699
f 5671 5923 5955
f 5953 5699 5954
f 5668 5699 5953
f 5668 5668 5699
f 5952 5922 5953
f 5922 5668 5953
f 5921 5922 5952
f 5916 5918 5951
f 5950 5663 5951
f 5663 5916 5951
f 5698 5950 5949
f 5663 5950 5698
f 5697 5698 5949
f 5974 5975 5975
f 5974 5975 5974
f 5975 5976 5976
f 6001 6003 6001
f 6001 6003 6003
f 5740 6003 5738
f 6003 6001 5738
f 6002 5739 5737
f 6000 6002 5737
f 5998 6001 5998
f 5998 6001 6001
f 5997 6001 5998
f 5738 6001 5997
f 5738 5738 6001
f 5997 5735 5738
f 5737 5736 6000
f 5736 5999 6000
f 5999 5736 5996
f 5996 5736 5734
f 5998 5998 5998
f 5994 5997 5998
f 5994 5994 5998
f 5994 5998 5998
f 5735 5997 5731
f 6002 5739 5739
f 5997 5994 5731
f 6004 5739 6002
f 5741 5739 6005
f 5746 6014 6009
f 5746 5746 6014
f 5746 5750 6014
f 5749 5748 6013
f 5748 6012 6013
f 5747 6012 5748
f 6011 6012 5747
f 6011 5747 6008
f 6008 5747 5745
f 6010 6006 5743
f 6009 6010 5743
f 6009 5743 5743
f 5743 5746 6009
f 5745 5744 6008
f 5744 6007 6008
f 6007 5744 6005
f 6005 5744 5741
f 5743 6006 6003
f 5743 5743 6003
f 5743 6003 6003
f 6003 5740 5743
f 5739 6004 6005
f 5734 5732 5996
f 5732 5995 5996
f 5995 5732 5993
f 5982 5985 5982
f 5982 5985 5983
f 5982 5982 5982
f 5981 5981 5981
f 5984 5722 5724
f 5981 5722 5984
f 5981 5981 5722
f 5721 5983 5723
f 5983 5980 5982
f 5721 5980 5983
f 5721 5721 5980
f 5982 5980 5979
f 5982 5982 5979
f 5982 5979 5979
f 5978 5979 5978
f 5978 5979 5979
f 5977 5978 5977
f 5977 5978 5978
f 5976 5977 5976
f 5976 5977 5977
f 5975 5976 5975
f 5983 5723 5723
f 5983 5985 5723
f 5985 5986 5723
f 5987 5987 5725
f 5993 5732 5730
f 5994 5990 5728
f 5994 5994 5728
f 5994 5728 5728
f 5728 5731 5994
f 5730 5729 5993
f 5729 5992 5993
f 5991 5992 5729
f 5988 5991 5729
f 5988 5729 5727
f 6010 6015 6015
f 5987 5991 5987
f 5987 5987 5987
f 5984 5724 5989
f 5989 5724 5724
f 5724 5728 5989
f 5728 5990 5989
f 5726 5988 5727
f 5988 5726 5987
f 5726 5725 5987
f 5986 5725 5723
f 5987 5725 5986
f 5987 5991 5988
f 7721 7511 7722
f 7511 7512 7722
f 7722 7512 7723
f 9412 9412 9412
f 9418 9196 9202
f 9412 9196 9418
f 9412 9412 9196
f 9198 9417 9200
f 9417 9198 9416
f 9198 9197 9416
f 9416 9411 9414
f 9197 9411 9416
f 9197 9193 9411
f 9414 9411 9409
f 9415 9414 9409
f 9415 9409 9413
f 9410 9413 9409
f 9408 9408 9408
f 9191 9408 9191
f 9191 9408 9408
f 9191 9412 9408
f 9412 9412 9408
f 9191 9196 9412
f 9188 9411 9193
f 9415 9419 9414
f 9411 9406 9409
f 9421 9414 9419
f 9420 9416 9414
f 9429 9430 9207
f 9429 9207 9212
f 9212 9213 9429
f 9204 9428 9209
f 9428 9423 9427
f 9204 9423 9428
f 9204 9204 9423
f 9423 9426 9427
f 9422 9426 9423
f 9422 9425 9426
f 9420 9425 9422
f 9425 9420 9425
f 9425 9420 9421
f 9424 9202 9207
f 9418 9202 9424
f 9203 9423 9204
f 9423 9417 9422
f 9203 9417 9423
f 9203 9200 9417
f 9417 9420 9422
f 9416 9420 9417
f 9421 9420 9414
f 9430 9424 9207
f 9188 9406 9411
f 9409 9406 9410
f 9395 9401 9395
f 9395 9401 9401
f 9184 9401 9180
f 9401 9395 9180
f 9181 9400 9183
f 9400 9181 9399
f 9181 9178 9399
f 9399 9394 9398
f 9178 9394 9399
f 9178 9178 9394
f 9398 9394 9393
f 9398 9398 9393
f 9398 9393 9397
f 9396 9397 9391
f 9391 9397 9393
f 9392 9396 9391
f 9388 9395 9388
f 9388 9395 9395
f 9180 9395 9176
f 9395 9388 9176
f 9177 9394 9178
f 9398 9398 9398
f 9188 9188 9406
f 9402 9398 9398
f 9402 9399 9398
f 9410 9406 9407
f 9404 9408 9404
f 9404 9408 9408
f 9191 9408 9187
f 9408 9404 9187
f 9185 9406 9188
f 9405 9185 9403
f 9405 9185 9185
f 9405 9407 9185
f 9407 9406 9185
f 9402 9405 9402
f 9402 9405 9403
f 9402 9402 9402
f 9401 9404 9401
f 9401 9404 9404
f 9187 9404 9184
f 9404 9401 9184
f 9183 9400 9185
f 9400 9403 9185
f 9400 9402 9403
f 9399 9402 9400
f 9402 9402 9398
f 9425 9425 9425
f 9431 9425 9425
f 9431 9431 9425
f 9456 9463 9458
f 9463 9456 9464
f 9464 9456 9457
f 9462 9455 9236
f 9462 9462 9236
f 9462 9236 9241
f 9241 9242 9462
f 9231 9461 9238
f 9461 9453 9460
f 9231 9453 9461
f 9231 9231 9453
f 9453 9459 9460
f 9452 9459 9453
f 9452 9458 9459
f 9451 9458 9452
f 9451 9456 9458
f 9449 9456 9451
f 9456 9449 9457
f 9457 9449 9450
f 9448 9230 9454
f 9454 9230 9235
f 9458 9463 9465
f 9235 9236 9454
f 9458 9465 9459
f 9459 9466 9460
f 9244 9468 9250
f 9468 9474 9250
f 9468 9473 9474
f 9467 9473 9468
f 9467 9472 9473
f 9466 9472 9467
f 9466 9471 9472
f 9465 9471 9466
f 9465 9470 9471
f 9463 9470 9465
f 9470 9463 9470
f 9470 9463 9464
f 9462 9462 9462
f 9469 9242 9248
f 9462 9242 9469
f 9462 9462 9242
f 9238 9461 9244
f 9461 9468 9244
f 9461 9467 9468
f 9460 9467 9461
f 9460 9466 9467
f 9459 9465 9466
f 9236 9455 9454
f 9225 9453 9231
f 9453 9446 9452
f 9214 9439 9219
f 9439 9433 9438
f 9214 9433 9439
f 9214 9214 9433
f 9433 9436 9438
f 9432 9436 9433
f 9436 9432 9431
f 9437 9436 9431
f 9437 9431 9431
f 9431 9431 9431
f 9429 9434 9430
f 9435 9213 9218
f 9434 9213 9435
f 9434 9429 9213
f 9209 9428 9214
f 9428 9433 9214
f 9428 9432 9433
f 9427 9432 9428
f 9427 9431 9432
f 9426 9431 9427
f 9431 9426 9425
f 9223 9224 9440
f 9440 9218 9223
f 9440 9441 9218
f 9441 9435 9218
f 9225 9446 9453
f 9225 9225 9446
f 9446 9451 9452
f 9445 9451 9446
f 9445 9449 9451
f 9443 9449 9445
f 9449 9443 9450
f 9450 9443 9444
f 9440 9447 9441
f 9448 9224 9230
f 9394 9177 9393
f 9447 9224 9448
f 9219 9446 9225
f 9446 9439 9445
f 9219 9439 9446
f 9219 9219 9439
f 9439 9443 9445
f 9438 9443 9439
f 9443 9438 9436
f 9444 9443 9436
f 9444 9436 9442
f 9437 9442 9436
f 9447 9440 9224
f 9255 9254 9475
f 9177 9173 9393
f 9173 9387 9393
f 9098 9335 9096
f 9335 9334 9096
f 9334 9063 9096
f 9333 9066 9030
f 9066 9333 9065
f 9333 9332 9065
f 9065 9332 9064
f 9332 9331 9064
f 9348 9331 9330
f 9064 9331 9348
f 9064 9064 9331
f 9330 9347 9348
f 9329 9347 9330
f 9329 9346 9347
f 9327 9346 9329
f 9327 9345 9346
f 9326 9345 9327
f 9344 9345 9326
f 9344 9344 9326
f 9344 9326 9326
f 9343 9344 9343
f 9336 9335 9098
f 9343 9344 9344
f 9100 9336 9098
f 9102 9337 9100
f 9106 9108 9361
f 9360 9106 9361
f 9106 9360 9359
f 9106 9106 9359
f 9106 9359 9358
f 9356 9358 9357
f 9357 9358 9359
f 9354 9356 9355
f 9355 9356 9357
f 9352 9354 9353
f 9353 9354 9355
f 9353 9351 9105
f 9352 9353 9105
f 9352 9105 9105
f 9104 9105 9351
f 9350 9104 9351
f 9103 9104 9350
f 9349 9103 9350
f 9349 9102 9103
f 9337 9102 9349
f 9337 9337 9102
f 9337 9336 9100
f 9338 9338 9361
f 9342 9343 9342
f 9341 9342 9341
f 9333 9316 9315
f 9030 9316 9333
f 9030 9029 9316
f 9315 9332 9333
f 9314 9332 9315
f 9314 9331 9332
f 9313 9331 9314
f 9313 9330 9331
f 9311 9330 9313
f 9311 9329 9330
f 9310 9329 9311
f 9327 9329 9310
f 9328 9327 9310
f 9328 9310 9310
f 9326 9327 9326
f 9326 9327 9328
f 9326 9326 9326
f 9325 9325 9325
f 9323 9325 9324
f 9324 9325 9325
f 9321 9323 9322
f 9316 9029 8994
f 9342 9343 9343
f 9317 9027 9061
f 9062 9319 9061
f 9341 9342 9342
f 9340 9341 9340
f 9340 9341 9341
f 9339 9340 9339
f 9339 9340 9340
f 9338 9339 9338
f 9338 9339 9339
f 9338 9338 9338
f 9337 9337 9337
f 9336 9337 9336
f 9336 9337 9337
f 9325 9335 9336
f 9325 9325 9336
f 9325 9336 9336
f 9325 9334 9335
f 9323 9334 9325
f 9321 9334 9323
f 9063 9334 9321
f 9063 9063 9334
f 9063 9321 9062
f 9321 9319 9062
f 9319 9317 9061
f 9338 9361 9110
f 9110 9361 9108
f 9339 9338 9110
f 9369 9369 9369
f 9369 9368 9379
f 9369 9369 9379
f 9369 9379 9380
f 9170 9379 9162
f 9379 9368 9162
f 9165 9378 9167
f 9378 9165 9377
f 9165 9164 9377
f 9377 9164 9376
f 9164 9163 9376
f 9376 9163 9374
f 9163 9157 9374
f 9373 9157 9367
f 9373 9157 9157
f 9373 9375 9157
f 9375 9374 9157
f 9372 9373 9366
f 9366 9373 9367
f 9371 9372 9365
f 9365 9372 9366
f 9375 9381 9374
f 9370 9371 9364
f 9374 9382 9376
f 9376 9383 9377
f 9173 9173 9387
f 9391 9387 9386
f 9392 9391 9386
f 9392 9386 9390
f 9389 9390 9384
f 9384 9390 9386
f 9385 9389 9384
f 9379 9388 9380
f 9380 9388 9388
f 9176 9388 9170
f 9388 9379 9170
f 9172 9387 9173
f 9387 9172 9386
f 9172 9171 9386
f 9386 9378 9384
f 9171 9378 9386
f 9171 9167 9378
f 9384 9378 9377
f 9385 9384 9377
f 9385 9377 9383
f 9382 9383 9376
f 9381 9382 9374
f 9364 9371 9365
f 9364 9363 9369
f 9370 9364 9369
f 9122 9348 9120
f 9348 9347 9120
f 9120 9347 9118
f 9347 9346 9118
f 9118 9346 9116
f 9346 9345 9116
f 9362 9345 9344
f 9116 9345 9362
f 9116 9116 9345
f 9343 9362 9344
f 9115 9362 9343
f 9115 9115 9362
f 9115 9343 9114
f 9343 9342 9114
f 9114 9342 9113
f 9342 9341 9113
f 9113 9341 9112
f 9341 9340 9112
f 9112 9340 9111
f 9340 9339 9111
f 9111 9339 9110
f 9348 9122 9064
f 9352 9105 9139
f 9354 9352 9139
f 9140 9354 9139
f 9370 9369 9369
f 9363 9368 9369
f 9152 9368 9363
f 9152 9161 9368
f 9161 9162 9368
f 9156 9367 9157
f 9367 9156 9366
f 9156 9155 9366
f 9366 9155 9365
f 9155 9154 9365
f 9393 9387 9391
f 9365 9154 9364
f 9364 9153 9363
f 9153 9151 9363
f 9151 9152 9363
f 9362 9143 9116
f 9362 9115 9143
f 9358 9142 9106
f 9142 9358 9141
f 9358 9356 9141
f 9141 9356 9140
f 9356 9354 9140
f 9154 9153 9364
f 9322 9323 9324
f 9475 9248 9255
f 9475 9469 9248
f 9341 9587 9340
f 9587 9586 9340
f 9340 9586 9339
f 9586 9584 9339
f 9339 9584 9338
f 9584 9582 9338
f 9599 9582 9580
f 9338 9582 9599
f 9338 9338 9582
f 9580 9598 9599
f 9579 9598 9580
f 9597 9598 9579
f 9597 9597 9579
f 9597 9579 9579
f 9596 9597 9596
f 9596 9597 9597
f 9595 9596 9595
f 9595 9596 9596
f 9594 9595 9594
f 9594 9595 9595
f 9578 9593 9594
f 9588 9587 9341
f 9578 9578 9594
f 9342 9588 9341
f 9343 9589 9342
f 9599 9361 9338
f 9361 9599 9360
f 9599 9598 9360
f 9360 9598 9359
f 9598 9597 9359
f 9359 9597 9357
f 9597 9596 9357
f 9357 9596 9355
f 9596 9595 9355
f 9355 9595 9353
f 9595 9594 9353
f 9353 9594 9351
f 9594 9593 9351
f 9351 9593 9350
f 9593 9592 9350
f 9350 9592 9349
f 9592 9591 9349
f 9591 9337 9349
f 9590 9344 9326
f 9344 9590 9343
f 9590 9589 9343
f 9589 9588 9342
f 9370 9369 9600
f 9578 9594 9594
f 9576 9592 9578
f 9582 9584 9583
f 9583 9584 9585
f 9580 9582 9581
f 9581 9582 9583
f 9579 9580 9579
f 9579 9580 9581
f 9579 9579 9579
f 9578 9578 9578
f 9576 9578 9577
f 9577 9578 9578
f 9574 9576 9575
f 9575 9576 9577
f 9572 9574 9573
f 9573 9574 9575
f 9570 9572 9571
f 9571 9572 9573
f 9558 9571 9560
f 9558 9570 9571
f 9558 9325 9570
f 9325 9325 9570
f 9325 9558 9324
f 9585 9561 9561
f 9578 9592 9593
f 9585 9584 9561
f 9561 9586 9562
f 9576 9591 9592
f 9574 9591 9576
f 9572 9591 9574
f 9337 9591 9572
f 9337 9337 9591
f 9337 9572 9336
f 9572 9570 9336
f 9570 9325 9336
f 9569 9328 9310
f 9328 9569 9326
f 9569 9568 9326
f 9590 9568 9567
f 9326 9568 9590
f 9326 9326 9568
f 9567 9589 9590
f 9566 9589 9567
f 9566 9588 9589
f 9564 9588 9566
f 9564 9587 9588
f 9562 9587 9564
f 9562 9586 9587
f 9584 9586 9561
f 9371 9370 9600
f 9601 9371 9600
f 9372 9371 9601
f 9398 9629 9402
f 9629 9624 9628
f 9398 9624 9629
f 9398 9398 9624
f 9624 9627 9628
f 9623 9627 9624
f 9623 9626 9627
f 9621 9626 9623
f 9626 9621 9626
f 9626 9621 9622
f 9625 9395 9401
f 9619 9395 9625
f 9397 9624 9398
f 9624 9397 9623
f 9397 9396 9623
f 9623 9618 9621
f 9396 9618 9623
f 9396 9392 9618
f 9621 9618 9617
f 9622 9621 9617
f 9622 9617 9620
f 9625 9401 9630
f 9616 9620 9616
f 9630 9401 9404
f 9631 9626 9626
f 9638 9638 9633
f 9638 9633 9637
f 9632 9637 9632
f 9632 9637 9633
f 9631 9632 9631
f 9631 9632 9632
f 9631 9631 9631
f 9636 9404 9408
f 9630 9404 9636
f 9405 9635 9407
f 9635 9405 9634
f 9405 9402 9634
f 9634 9629 9633
f 9402 9629 9634
f 9402 9402 9629
f 9629 9632 9633
f 9628 9632 9629
f 9628 9631 9632
f 9627 9631 9628
f 9631 9627 9626
f 9631 9631 9626
f 9626 9626 9626
f 9616 9620 9617
f 9616 9616 9616
f 9619 9388 9395
f 9611 9383 9610
f 9383 9382 9610
f 9610 9382 9609
f 9382 9381 9609
f 9609 9603 9608
f 9381 9603 9609
f 9381 9375 9603
f 9603 9607 9608
f 9602 9607 9603
f 9602 9606 9607
f 9601 9606 9602
f 9601 9605 9606
f 9600 9605 9601
f 9600 9604 9605
f 9369 9604 9600
f 9369 9369 9604
f 9369 9380 9604
f 9373 9603 9375
f 9603 9373 9602
f 9373 9372 9602
f 9602 9372 9601
f 9383 9611 9385
f 9612 9604 9380
f 9612 9380 9613
f 9613 9380 9388
f 9613 9388 9619
f 9390 9618 9392
f 9618 9390 9617
f 9390 9389 9617
f 9617 9611 9616
f 9389 9611 9617
f 9389 9385 9611
f 9616 9611 9610
f 9616 9616 9610
f 9616 9610 9615
f 9558 9556 9324
f 9614 9615 9609
f 9608 9614 9608
f 9608 9614 9609
f 9607 9608 9607
f 9607 9608 9608
f 9606 9607 9606
f 9606 9607 9607
f 9605 9606 9605
f 9605 9606 9606
f 9612 9605 9604
f 9604 9605 9605
f 9609 9615 9610
f 9475 9475 9248
f 9324 9556 9322
f 9322 9555 9320
f 9277 9507 9272
f 9507 9500 9272
f 9269 9499 9274
f 9499 9506 9274
f 9499 9505 9506
f 9498 9505 9499
f 9498 9504 9505
f 9497 9504 9498
f 9497 9502 9504
f 9495 9502 9497
f 9502 9495 9503
f 9503 9495 9496
f 9494 9500 9494
f 9494 9500 9501
f 9272 9500 9268
f 9500 9494 9268
f 9266 9493 9269
f 9493 9499 9269
f 9493 9498 9499
f 9492 9498 9493
f 9492 9497 9498
f 9501 9507 9508
f 9491 9497 9492
f 9500 9507 9501
f 9509 9502 9510
f 9512 9518 9513
f 9512 9517 9518
f 9511 9517 9512
f 9511 9515 9517
f 9509 9515 9511
f 9515 9509 9516
f 9516 9509 9510
f 9514 9514 9514
f 9507 9514 9508
f 9507 9514 9514
f 9507 9282 9514
f 9282 9282 9514
f 9507 9277 9282
f 9274 9506 9279
f 9506 9513 9279
f 9506 9512 9513
f 9505 9512 9506
f 9505 9511 9512
f 9504 9511 9505
f 9504 9509 9511
f 9502 9509 9504
f 9510 9502 9503
f 9513 9518 9519
f 9491 9495 9497
f 9495 9489 9496
f 9478 9483 9485
f 9476 9483 9478
f 9483 9476 9484
f 9484 9476 9477
f 9475 9475 9475
f 9254 9481 9475
f 9254 9254 9475
f 9254 9475 9475
f 9254 9260 9481
f 9260 9482 9481
f 9250 9474 9257
f 9474 9480 9257
f 9474 9479 9480
f 9473 9479 9474
f 9473 9478 9479
f 9472 9478 9473
f 9472 9476 9478
f 9471 9476 9472
f 9476 9471 9470
f 9477 9476 9470
f 9477 9470 9470
f 9478 9485 9479
f 9489 9495 9491
f 9479 9485 9486
f 9480 9486 9487
f 9496 9489 9490
f 9488 9494 9488
f 9488 9494 9494
f 9268 9494 9265
f 9494 9488 9265
f 9262 9487 9266
f 9487 9493 9266
f 9487 9492 9493
f 9486 9492 9487
f 9486 9491 9492
f 9485 9491 9486
f 9485 9489 9491
f 9483 9489 9485
f 9489 9483 9490
f 9490 9483 9484
f 9488 9482 9260
f 9488 9488 9260
f 9488 9260 9260
f 9260 9265 9488
f 9257 9480 9262
f 9480 9487 9262
f 9479 9486 9480
f 9513 9519 9284
f 9279 9513 9284
f 9520 9514 9282
f 9556 9558 9557
f 9557 9558 9559
f 9544 9555 9556
f 9544 9544 9556
f 9544 9556 9557
f 9544 9554 9555
f 9542 9554 9544
f 9542 9553 9554
f 9540 9553 9542
f 9538 9553 9540
f 9308 9553 9538
f 9308 9309 9553
f 9308 9538 9306
f 9538 9536 9306
f 9306 9536 9304
f 9536 9535 9304
f 9535 9297 9304
f 9289 9534 9298
f 9534 9552 9298
f 9534 9551 9552
f 9533 9551 9534
f 9559 9558 9560
f 9533 9550 9551
f 9561 9561 9561
f 9561 9562 9561
f 9555 9554 9320
f 9320 9554 9318
f 9554 9553 9318
f 9553 9309 9318
f 9552 9312 9298
f 9312 9552 9310
f 9552 9551 9310
f 9569 9551 9550
f 9310 9551 9569
f 9310 9310 9551
f 9550 9568 9569
f 9549 9568 9550
f 9549 9567 9568
f 9548 9567 9549
f 9548 9566 9567
f 9545 9566 9548
f 9564 9566 9545
f 9565 9564 9545
f 9565 9545 9547
f 9562 9564 9563
f 9563 9564 9565
f 9561 9562 9563
f 9532 9550 9533
f 9532 9549 9550
f 9531 9549 9532
f 9284 9519 9289
f 9519 9534 9289
f 9519 9533 9534
f 9518 9533 9519
f 9518 9532 9533
f 9517 9532 9518
f 9517 9531 9532
f 9515 9531 9517
f 9528 9531 9515
f 9529 9528 9515
f 9529 9515 9516
f 9530 9528 9529
f 9526 9525 9527
f 9523 9525 9524
f 9524 9525 9526
f 9521 9523 9522
f 9522 9523 9524
f 9514 9520 9521
f 9514 9514 9521
f 9514 9521 9522
f 9287 9520 9282
f 9520 9287 9294
f 9521 9520 9294
f 9296 9521 9294
f 9523 9521 9296
f 9531 9548 9549
f 9528 9548 9531
f 9545 9548 9528
f 9546 9545 9528
f 9546 9528 9530
f 9547 9545 9546
f 9544 9544 9544
f 9542 9544 9543
f 9543 9544 9544
f 9540 9542 9541
f 9556 9555 9322
f 9541 9542 9543
f 9539 9540 9541
f 9536 9538 9537
f 9537 9538 9539
f 9525 9535 9536
f 9527 9525 9536
f 9527 9536 9537
f 9523 9535 9525
f 9297 9535 9523
f 9297 9297 9535
f 9297 9523 9296
f 9538 9540 9539
f 9638 9634 9633
f 9319 9321 9320
f 9317 9319 9318
f 9090 9089 8705
f 8705 9089 8704
f 9089 9088 8704
f 8704 9088 8703
f 9088 9087 8703
f 9138 9087 9086
f 8703 9087 9138
f 8703 8703 9087
f 9086 9137 9138
f 9085 9137 9086
f 9085 9136 9137
f 9084 9136 9085
f 9084 9135 9136
f 9083 9135 9084
f 9083 9134 9135
f 9082 9134 9083
f 9082 9133 9134
f 9081 9133 9082
f 9081 9132 9133
f 9080 9132 9081
f 9080 9131 9132
f 8706 9090 8705
f 9079 9131 9080
f 9091 9090 8706
f 9092 9091 8707
f 9105 8719 9139
f 9105 9105 8719
f 8719 9105 8718
f 9105 9104 8718
f 8718 9104 8717
f 9104 9103 8717
f 8717 9103 8716
f 9103 9101 8716
f 8716 9101 8715
f 9101 9099 8715
f 8715 9099 8714
f 9099 9097 8714
f 9097 8695 8714
f 9095 8712 8684
f 8712 9095 8710
f 9095 9094 8710
f 8710 9094 8709
f 9094 9093 8709
f 8709 9093 8708
f 9093 9092 8708
f 8708 9092 8707
f 8707 9091 8706
f 9139 8719 8720
f 9079 9130 9131
f 9078 9129 9130
f 9066 9124 9125
f 9065 9124 9066
f 9065 9123 9124
f 9064 9123 9065
f 9121 9123 9064
f 9122 9121 9064
f 9122 9064 9064
f 9119 9121 9120
f 9120 9121 9122
f 9117 9119 9118
f 9118 9119 9120
f 9116 9117 9116
f 9116 9117 9118
f 9116 9116 9116
f 9115 9115 9115
f 9114 9115 9114
f 9114 9115 9115
f 9113 9114 9113
f 9113 9114 9114
f 9112 9113 9112
f 9112 9113 9113
f 9066 9125 9067
f 9078 9130 9079
f 9067 9125 9126
f 9068 9126 9127
f 9077 9129 9078
f 9077 9128 9129
f 9076 9128 9077
f 9075 9128 9076
f 8702 9128 9075
f 8702 8702 9128
f 8702 9075 8701
f 9075 9074 8701
f 8701 9074 8700
f 9074 9073 8700
f 8700 9073 8699
f 9073 9072 8699
f 8699 9072 8698
f 9072 9071 8698
f 8698 9071 8697
f 9071 9070 8697
f 8697 9070 8696
f 9070 9069 8696
f 9127 9069 9068
f 8696 9069 9127
f 8696 8696 9069
f 9067 9126 9068
f 9139 8720 9140
f 8720 8721 9140
f 9140 8721 9141
f 9147 8790 9146
f 8790 8789 9146
f 9146 8789 9145
f 8789 8796 9145
f 9145 8796 9144
f 8796 8794 9144
f 8794 8795 9144
f 9138 8773 8703
f 8773 9138 8771
f 9138 9137 8771
f 8771 9137 8769
f 9137 9136 8769
f 8769 9136 8768
f 9136 9135 8768
f 8768 9135 8767
f 9135 9134 8767
f 8767 9134 8765
f 9134 9133 8765
f 8765 9133 8763
f 9133 9132 8763
f 8763 9132 8761
f 8797 8790 9147
f 9132 9131 8761
f 9148 8797 9147
f 9149 8798 9148
f 8804 9150 9159
f 8804 8801 9150
f 9150 9157 9158
f 9149 9157 9150
f 9157 9149 9148
f 9157 9157 9148
f 9157 9148 9156
f 9155 9156 9147
f 9147 9156 9148
f 9154 9155 9146
f 9146 9155 9147
f 9153 9154 9145
f 9145 9154 9146
f 9151 9153 9144
f 9144 9153 9145
f 9152 8795 8803
f 9151 8795 9152
f 9151 9144 8795
f 8799 9150 8801
f 9150 8799 9149
f 8799 8798 9149
f 8798 8797 9148
f 8761 9131 8759
f 9131 9130 8759
f 8759 9130 8757
f 9115 9115 8731
f 8731 9115 8730
f 9115 9114 8730
f 8730 9114 8729
f 9114 9113 8729
f 8729 9113 8728
f 9113 9112 8728
f 8728 9112 8727
f 9112 9111 8727
f 8727 9111 8726
f 9111 9109 8726
f 8726 9109 8725
f 9109 9107 8725
f 8725 9107 8724
f 9107 9106 8724
f 8724 9142 8723
f 9106 9142 8724
f 9106 9106 9142
f 8722 8723 9142
f 9141 8722 9142
f 8721 8722 9141
f 9115 8731 9143
f 9143 8731 8732
f 9116 9116 9143
f 9116 9143 8733
f 9130 9129 8757
f 8757 9129 8755
f 9129 9128 8755
f 9128 8702 8755
f 9127 8746 8696
f 8746 9127 8744
f 9127 9126 8744
f 8744 9126 8742
f 9126 9125 8742
f 8742 9125 8740
f 9111 9112 9111
f 9125 9124 8740
f 9124 9123 8738
f 8738 9123 8736
f 9123 9121 8736
f 8736 9121 8735
f 9121 9119 8735
f 8735 9119 8734
f 9119 9117 8734
f 8734 9117 8733
f 9117 9116 8733
f 8733 9143 8732
f 8740 9124 8738
f 9159 9150 9158
f 9111 9112 9112
f 9110 9111 9111
f 9014 9051 9015
f 9014 9050 9051
f 9013 9050 9014
f 9013 9049 9050
f 9012 9049 9013
f 9012 9048 9049
f 9011 9048 9012
f 9011 9047 9048
f 9010 9047 9011
f 9010 9046 9047
f 9009 9046 9010
f 9009 9045 9046
f 9008 9045 9009
f 9008 9044 9045
f 9007 9044 9008
f 9007 9043 9044
f 9006 9043 9007
f 9006 9042 9043
f 9005 9042 9006
f 9005 9041 9042
f 9004 9041 9005
f 9015 9051 9052
f 9004 9040 9041
f 9015 9052 9016
f 9016 9053 9017
f 9061 9062 9062
f 9027 9060 9061
f 9027 9027 9061
f 9027 9061 9061
f 9027 9059 9060
f 9025 9059 9027
f 9023 9059 9025
f 8682 9059 9023
f 8682 8682 9059
f 9023 8676 8682
f 8672 9021 8678
f 9021 9058 8678
f 9021 9057 9058
f 9020 9057 9021
f 9020 9056 9057
f 9019 9056 9020
f 9019 9055 9056
f 9018 9055 9019
f 9018 9054 9055
f 9017 9054 9018
f 9017 9053 9054
f 9016 9052 9053
f 9061 9062 9061
f 9003 9040 9004
f 9002 9039 9003
f 9024 9022 8676
f 9023 9024 8676
f 9023 8676 8676
f 9022 8675 8676
f 8992 8675 9022
f 8992 8990 8675
f 8990 8670 8675
f 8667 9021 8672
f 9021 8988 9020
f 8667 8988 9021
f 8667 8667 8988
f 8988 9019 9020
f 8987 9019 8988
f 8987 9018 9019
f 8986 9018 8987
f 8986 9017 9018
f 8985 9017 8986
f 8985 9016 9017
f 8984 9016 8985
f 8984 9015 9016
f 8983 9015 8984
f 9024 9025 9026
f 9003 9039 9040
f 9023 9025 9024
f 9025 9027 9026
f 9002 9038 9039
f 9001 9038 9002
f 9001 9037 9038
f 9000 9037 9001
f 9000 9036 9037
f 8999 9036 9000
f 8999 9035 9036
f 8998 9035 8999
f 8998 9034 9035
f 8997 9034 8998
f 8997 9033 9034
f 8996 9033 8997
f 8996 9032 9033
f 8995 9032 8996
f 8995 9031 9032
f 8993 9031 8995
f 9028 9031 8993
f 9029 9028 8993
f 9029 8993 8994
f 9030 9028 9029
f 9027 9027 9027
f 9026 9027 9027
f 9062 9063 9063
f 9062 9063 9062
f 9063 9063 9063
f 9062 9061 8690
f 8690 9061 8688
f 9061 9060 8688
f 8688 9060 8686
f 9060 9059 8686
f 9059 8682 8686
f 8678 9058 8684
f 9058 9095 8684
f 9058 9094 9095
f 9057 9094 9058
f 9057 9093 9094
f 9056 9093 9057
f 9056 9092 9093
f 9055 9092 9056
f 9055 9091 9092
f 9054 9091 9055
f 9054 9090 9091
f 9053 9090 9054
f 9053 9089 9090
f 9052 9089 9053
f 9052 9088 9089
f 8692 9062 8690
f 9051 9088 9052
f 9063 9062 8692
f 9063 9063 8694
f 9107 9109 9108
f 9108 9109 9110
f 9106 9107 9106
f 9106 9107 9108
f 9106 9106 9106
f 9105 9105 9105
f 9104 9105 9104
f 9104 9105 9105
f 9103 9104 9103
f 9103 9104 9104
f 9101 9103 9102
f 9102 9103 9103
f 9099 9101 9100
f 9100 9101 9102
f 9097 9099 9098
f 9098 9099 9100
f 9098 9096 8695
f 9097 9098 8695
f 9097 8695 8695
f 9096 8694 8695
f 9063 8694 9096
f 8694 9063 8692
f 9051 9087 9088
f 9050 9087 9051
f 9050 9086 9087
f 9036 9073 9037
f 9036 9072 9073
f 9035 9072 9036
f 9035 9071 9072
f 9034 9071 9035
f 9034 9070 9071
f 9033 9070 9034
f 9033 9069 9070
f 9032 9069 9033
f 9032 9068 9069
f 9031 9068 9032
f 9031 9067 9068
f 9028 9067 9031
f 9066 9067 9028
f 9066 9066 9028
f 9066 9028 9030
f 9065 9066 9065
f 9065 9066 9066
f 9064 9065 9064
f 9064 9065 9065
f 9064 9064 9064
f 9037 9073 9074
f 9037 9074 9038
f 9038 9074 9075
f 9038 9075 9039
f 9049 9086 9050
f 9049 9085 9086
f 9048 9085 9049
f 9048 9084 9085
f 9047 9084 9048
f 9047 9083 9084
f 9046 9083 9047
f 9046 9082 9083
f 9045 9082 9046
f 9045 9081 9082
f 9109 9111 9110
f 9044 9081 9045
f 9043 9080 9044
f 9043 9079 9080
f 9042 9079 9043
f 9042 9078 9079
f 9041 9078 9042
f 9041 9077 9078
f 9040 9077 9041
f 9040 9076 9077
f 9039 9076 9040
f 9039 9075 9076
f 9044 9080 9081
f 9320 9321 9322
f 8805 8804 9159
f 8805 9160 8807
f 8910 9259 8918
f 9259 9264 8918
f 9259 9263 9264
f 9258 9263 9259
f 9258 9261 9263
f 9256 9261 9258
f 9261 9256 9262
f 9262 9256 9257
f 9254 9254 9254
f 8915 9254 8907
f 8915 9254 9254
f 8915 9260 9254
f 9260 9260 9254
f 8915 8916 9260
f 9253 8909 8899
f 9259 9253 9252
f 8910 9253 9259
f 8910 8909 9253
f 9252 9258 9259
f 9251 9258 9252
f 9251 9256 9258
f 9260 9260 8916
f 9249 9256 9251
f 9260 8916 9265
f 9260 9260 9260
f 9274 9269 9269
f 9272 8926 8932
f 9268 8926 9272
f 8922 9271 8928
f 9271 9267 9270
f 8922 9267 9271
f 8922 8922 9267
f 9267 9269 9270
f 9266 9269 9267
f 9269 9266 9269
f 9269 9266 9266
f 9268 8921 8926
f 9265 8921 9268
f 9264 8922 8918
f 9267 9264 9263
f 8922 9264 9267
f 8922 8922 9264
f 9263 9266 9267
f 9261 9266 9263
f 9266 9261 9266
f 9266 9261 9262
f 9265 8916 8921
f 9273 9269 9274
f 9256 9249 9257
f 9248 8897 9255
f 9243 9237 9244
f 9244 9237 9238
f 9236 8882 9241
f 9241 8882 8888
f 8888 8889 9241
f 8889 9242 9241
f 8878 9234 8883
f 9234 9240 8883
f 9234 9239 9240
f 9233 9239 9234
f 9233 9237 9239
f 9232 9237 9233
f 9237 9232 9231
f 9238 9237 9231
f 9238 9231 9231
f 9231 9231 9231
f 9229 9235 9230
f 9236 8875 8882
f 9235 8875 9236
f 9235 9229 8875
f 8876 9234 8878
f 9237 9243 9239
f 9257 9249 9250
f 9239 9243 9245
f 9240 9245 9246
f 9255 8897 8897
f 8906 9255 8897
f 9254 9255 8906
f 9254 9254 9255
f 8906 8907 9254
f 8891 9247 8899
f 9247 9253 8899
f 9247 9252 9253
f 9246 9252 9247
f 9246 9251 9252
f 9245 9251 9246
f 9245 9249 9251
f 9243 9249 9245
f 9249 9243 9250
f 9250 9243 9244
f 9248 8889 8897
f 9242 8889 9248
f 8883 9247 8891
f 9247 9240 9246
f 8883 9240 9247
f 8883 8883 9240
f 9239 9245 9240
f 9269 9273 9270
f 9270 9273 9275
f 9270 9275 9271
f 9310 9310 9310
f 9308 9307 9309
f 9305 9307 9306
f 9306 9307 9308
f 9303 9305 9304
f 9304 9305 9306
f 9297 9302 9303
f 9297 9297 9303
f 9297 9303 9304
f 9295 9302 9297
f 8991 9302 9295
f 8991 8992 9302
f 8991 9295 8989
f 9295 9293 8989
f 9293 8960 8989
f 8953 9292 8962
f 9292 9301 8962
f 9292 9300 9301
f 9291 9300 9292
f 9291 9299 9300
f 9290 9299 9291
f 9310 9311 9312
f 9290 9298 9299
f 9310 9311 9310
f 9312 9311 9298
f 9318 9319 9320
f 9307 9318 9309
f 9307 9317 9318
f 9307 9027 9317
f 9027 9027 9317
f 9027 9307 9026
f 9307 9305 9026
f 9026 9305 9024
f 9305 9303 9024
f 9024 9303 9022
f 9303 9302 9022
f 9302 8992 9022
f 8962 9301 8994
f 9301 9316 8994
f 9301 9315 9316
f 9300 9315 9301
f 9300 9314 9315
f 9299 9314 9300
f 9299 9313 9314
f 9298 9313 9299
f 9311 9313 9298
f 9312 9298 9298
f 9288 9298 9290
f 9298 9288 9298
f 9298 9288 9289
f 9280 9283 9285
f 9278 9283 9280
f 9283 9278 9284
f 9284 9278 9279
f 9282 9282 9282
f 8945 9277 8938
f 9282 9277 8945
f 9282 9282 9277
f 8934 9276 8940
f 9276 9281 8940
f 9276 9280 9281
f 9275 9280 9276
f 9275 9278 9280
f 9273 9278 9275
f 9278 9273 9279
f 9279 9273 9274
f 9277 8932 8938
f 9272 8932 9277
f 8928 9271 8934
f 9271 9276 8934
f 9271 9275 9276
f 9280 9285 9281
f 9281 9285 9286
f 9281 9286 8946
f 8940 9281 8946
f 9297 9297 9297
f 9295 9297 9296
f 9296 9297 9297
f 9293 9295 9294
f 9294 9295 9296
f 8960 9287 8951
f 9293 9287 8960
f 9293 9294 9287
f 8946 9292 8953
f 9292 9286 9291
f 9234 9228 9233
f 8946 9286 9292
f 9286 9290 9291
f 9285 9290 9286
f 9285 9288 9290
f 9283 9288 9285
f 9288 9283 9289
f 9289 9283 9284
f 8951 9287 9282
f 8951 8951 9282
f 8951 9282 9282
f 9282 8945 8951
f 8946 8946 9286
f 9160 8805 9159
f 8876 9228 9234
f 9228 9232 9233
f 8829 8829 9182
f 9185 9182 9185
f 9185 9182 9183
f 8827 8831 8827
f 8827 8831 8831
f 8831 9184 8827
f 9184 9180 8827
f 8828 9182 8829
f 9181 8825 9179
f 9181 8828 8825
f 9181 9183 8828
f 9183 9182 8828
f 9178 9181 9178
f 9178 9181 9179
f 9178 9178 9178
f 8827 8827 8827
f 8827 9180 8827
f 9176 9180 9176
f 9176 8827 9180
f 9176 8826 8827
f 9176 8822 8826
f 8829 9182 9186
f 8823 9179 8825
f 9186 9182 9185
f 8834 8835 9187
f 9193 9188 9188
f 9188 9188 9188
f 9187 9191 9187
f 9187 9191 9191
f 8839 9191 8835
f 9191 9187 8835
f 8836 9190 8838
f 9190 8836 9189
f 8836 8832 9189
f 9189 9186 9188
f 8832 9186 9189
f 8832 8832 9186
f 9188 9186 9185
f 9188 9188 9185
f 9188 9185 9185
f 9185 9185 9185
f 8831 8831 8831
f 8831 9184 8831
f 9187 8831 8834
f 9187 9184 8831
f 9187 9187 9184
f 8829 9186 8832
f 9193 9192 9188
f 9179 9175 9178
f 8823 8821 9175
f 8811 8817 9170
f 8814 9169 8816
f 9169 8814 9168
f 8814 8813 9168
f 9168 8813 9166
f 8813 8812 9166
f 9165 8807 9160
f 9165 8812 8807
f 9165 9167 8812
f 9167 9166 8812
f 9164 9165 9159
f 9159 9165 9160
f 9163 9164 9158
f 9158 9164 9159
f 9157 9163 9157
f 9157 9163 9158
f 9157 9157 9157
f 9152 8803 9161
f 9161 8803 8810
f 8810 8811 9161
f 8811 9162 9161
f 9170 8811 8811
f 8823 9175 9179
f 9170 9170 8811
f 9167 9171 9166
f 9178 9175 9174
f 9178 9178 9174
f 9178 9174 9177
f 9173 9177 9173
f 9173 9177 9174
f 9173 9173 9173
f 9170 9176 9170
f 9170 9176 9176
f 8822 9176 8817
f 9176 9170 8817
f 8819 9175 8821
f 9175 8819 9174
f 8819 8818 9174
f 9174 9169 9173
f 8818 9169 9174
f 8818 8816 9169
f 9173 9169 9168
f 9173 9173 9168
f 9173 9168 9172
f 9171 9172 9166
f 9166 9172 9168
f 9170 9162 8811
f 9192 9189 9188
f 9189 9192 9190
f 9190 9192 9194
f 8867 8868 9223
f 8868 9224 9223
f 8863 9222 8865
f 9222 9217 9221
f 8863 9217 9222
f 8863 8860 9217
f 9217 9220 9221
f 9216 9220 9217
f 9216 9219 9220
f 9215 9219 9216
f 9219 9215 9214
f 9219 9219 9214
f 9219 9214 9214
f 9214 9214 9214
f 9218 8857 8862
f 9213 8857 9218
f 8858 9217 8860
f 9217 9211 9216
f 8858 9211 9217
f 8858 8855 9211
f 9211 9215 9216
f 9223 8862 8867
f 9210 9215 9211
f 9218 8862 9223
f 9225 9219 9219
f 9227 9232 9228
f 9227 9231 9232
f 9226 9231 9227
f 9231 9226 9225
f 9231 9231 9225
f 9231 9225 9225
f 9225 9225 9225
f 9230 9224 8868
f 9229 9230 8868
f 9229 8868 8874
f 8874 8875 9229
f 8869 9228 8871
f 9228 9222 9227
f 8869 9222 9228
f 8869 8865 9222
f 9222 9226 9227
f 9221 9226 9222
f 9221 9225 9226
f 9220 9225 9221
f 9225 9220 9219
f 9225 9225 9219
f 9219 9219 9219
f 9210 9214 9215
f 9208 9214 9210
f 9214 9208 9214
f 9200 9203 9199
f 9202 8843 8848
f 9196 8843 9202
f 8844 9201 8846
f 9201 9195 9199
f 8844 9195 9201
f 8844 8842 9195
f 9199 9195 9194
f 9200 9199 9194
f 9200 9194 9198
f 9197 9198 9192
f 9192 9198 9194
f 9193 9197 9192
f 9191 9191 9191
f 9196 8839 8843
f 9191 8839 9196
f 9191 9191 8839
f 8840 9195 8842
f 9195 9190 9194
f 8840 9190 9195
f 8840 8838 9190
f 9204 9199 9203
f 9204 9204 9199
f 9204 9201 9199
f 8849 8846 9201
f 9214 9208 9209
f 9207 8853 9212
f 9212 8853 8856
f 8856 8857 9212
f 8857 9213 9212
f 8851 9211 8855
f 9211 9206 9210
f 8851 9206 9211
f 8851 8851 9206
f 9206 9208 9210
f 8876 8871 9228
f 9205 9208 9206
f 9209 9208 9204
f 9209 9204 9204
f 9204 9204 9204
f 9207 8848 8853
f 9202 8848 9207
f 8850 9206 8851
f 9206 8850 9205
f 8850 8849 9205
f 9205 9201 9204
f 8849 9201 9205
f 9208 9205 9204
f 8983 9014 9015
f 9634 9638 9635
f 9635 9639 9410
f 10016 10028 10029
f 10015 10028 10016
f 10015 10027 10028
f 10014 10027 10015
f 10014 10026 10027
f 10013 10026 10014
f 10013 10025 10026
f 10012 10025 10013
f 10012 10024 10025
f 10011 10024 10012
f 10011 10023 10024
f 10010 10023 10011
f 10010 10022 10023
f 10009 10022 10010
f 9827 10022 9825
f 10022 10009 9825
f 9824 10008 9826
f 10008 10021 9826
f 10008 10019 10021
f 10007 10019 10008
f 10019 10007 10006
f 10016 10029 10017
f 10020 10019 10006
f 10017 10029 10030
f 10018 10017 10031
f 10027 10039 10028
f 10027 10038 10039
f 10026 10038 10027
f 10026 10037 10038
f 10025 10037 10026
f 10025 10036 10037
f 10024 10036 10025
f 10024 10035 10036
f 10023 10035 10024
f 10022 10035 10023
f 9830 10035 10022
f 9830 9830 10035
f 10022 9827 9830
f 9826 10021 9828
f 10021 10034 9828
f 10021 10032 10034
f 10019 10032 10021
f 10032 10019 10033
f 10033 10019 10020
f 10031 10031 10031
f 10017 10030 10031
f 10018 10031 10031
f 10028 10039 10040
f 10020 10006 10006
f 10003 10017 10005
f 10006 9992 10006
f 10006 9992 9992
f 10004 10003 10005
f 9990 10002 10003
f 9991 9990 10003
f 9991 10003 10004
f 9990 10001 10002
f 9989 10001 9990
f 9989 10000 10001
f 9988 10000 9989
f 9988 9999 10000
f 9987 9999 9988
f 9987 9998 9999
f 9986 9998 9987
f 9986 9997 9998
f 9985 9997 9986
f 9985 9996 9997
f 9984 9996 9985
f 9984 9995 9996
f 9983 9995 9984
f 9823 9995 9821
f 9992 10006 9993
f 10006 10006 10006
f 9993 10006 10007
f 9994 10007 10008
f 10005 10017 10018
f 10003 10016 10017
f 10002 10016 10003
f 10002 10015 10016
f 10001 10015 10002
f 10001 10014 10015
f 10000 10014 10001
f 10000 10013 10014
f 9999 10013 10000
f 9999 10012 10013
f 9998 10012 9999
f 9998 10011 10012
f 9997 10011 9998
f 9997 10010 10011
f 9996 10010 9997
f 9996 10009 10010
f 9995 10009 9996
f 9825 10009 9823
f 10009 9995 9823
f 9822 9994 9824
f 9994 10008 9824
f 9993 10007 9994
f 10028 10040 10029
f 10029 10040 10041
f 10029 10041 10030
f 9840 10070 10061
f 9840 9840 10070
f 9840 10061 9839
f 10061 10060 9839
f 10060 9837 9839
f 9834 10059 9838
f 10059 10069 9838
f 10059 10068 10069
f 10058 10068 10059
f 10058 10066 10068
f 10057 10066 10058
f 10066 10057 10067
f 10067 10057 10057
f 10065 10065 10065
f 10055 10064 10065
f 10056 10055 10065
f 10056 10065 10065
f 10055 10063 10064
f 10054 10063 10055
f 10054 10062 10063
f 10053 10062 10054
f 10061 10070 10062
f 10053 10061 10062
f 10062 10070 10063
f 10063 10071 10064
f 9843 9843 10080
f 9843 10071 9842
f 10071 10070 9842
f 10070 9840 9842
f 10069 9841 9838
f 10079 10069 10068
f 9841 10069 10079
f 9841 9841 10069
f 10068 10078 10079
f 10066 10078 10068
f 10077 10078 10066
f 10077 10077 10066
f 10077 10066 10067
f 10077 10077 10077
f 10075 10074 10076
f 10065 10073 10074
f 10065 10065 10074
f 10065 10074 10075
f 10065 10072 10073
f 10064 10072 10065
f 10064 10071 10072
f 10063 10070 10071
f 10052 10061 10053
f 10052 10060 10061
f 10051 10060 10052
f 10039 10050 10051
f 10038 10050 10039
f 10038 10049 10050
f 10037 10049 10038
f 10037 10048 10049
f 10036 10048 10037
f 10035 10048 10036
f 9832 10048 10035
f 9832 9833 10048
f 10035 9830 9832
f 9828 10034 9831
f 10034 10047 9831
f 10034 10045 10047
f 10032 10045 10034
f 10045 10032 10046
f 10046 10032 10033
f 10031 10043 10031
f 10031 10043 10044
f 10031 10042 10043
f 10030 10042 10031
f 10030 10041 10042
f 10039 10051 10040
f 10040 10051 10052
f 10040 10052 10041
f 10041 10052 10053
f 10050 10060 10051
f 9837 10060 10050
f 9837 9837 10060
f 9837 10050 9836
f 10050 10049 9836
f 9836 10049 9835
f 10049 10048 9835
f 10048 9833 9835
f 9831 10047 9834
f 10047 10059 9834
f 9995 9983 9821
f 10047 10058 10059
f 10057 10058 10045
f 10057 10057 10045
f 10057 10045 10046
f 10057 10057 10057
f 10043 10055 10044
f 10044 10055 10056
f 10043 10054 10055
f 10042 10054 10043
f 10042 10053 10054
f 10041 10053 10042
f 10045 10058 10047
f 9843 10080 10071
f 9820 9982 9822
f 9982 9993 9994
f 9926 9935 9927
f 9926 9934 9935
f 9924 9934 9926
f 9934 9924 9934
f 9934 9924 9925
f 9933 9933 9933
f 9922 9932 9933
f 9923 9922 9933
f 9923 9933 9933
f 9922 9931 9932
f 9921 9931 9922
f 9811 9931 9809
f 9931 9921 9809
f 9808 9920 9810
f 9920 9930 9810
f 9920 9929 9930
f 9919 9929 9920
f 9919 9928 9929
f 9918 9928 9919
f 9918 9927 9928
f 9917 9927 9918
f 9927 9935 9936
f 9917 9926 9927
f 9927 9936 9928
f 9928 9937 9929
f 9948 9936 9946
f 9945 9946 9935
f 9935 9946 9936
f 9934 9945 9934
f 9934 9945 9935
f 9934 9934 9934
f 9933 9943 9933
f 9933 9943 9944
f 9933 9942 9943
f 9932 9942 9933
f 9932 9941 9942
f 9931 9941 9932
f 9931 9940 9941
f 9811 9940 9931
f 9811 9811 9940
f 9811 9813 9940
f 9810 9930 9812
f 9930 9939 9812
f 9930 9938 9939
f 9929 9938 9930
f 9929 9937 9938
f 9928 9936 9937
f 9948 9947 9936
f 9916 9926 9917
f 9914 9924 9916
f 9903 9912 9913
f 9902 9911 9912
f 9901 9911 9902
f 9807 9911 9804
f 9911 9901 9804
f 9803 9910 9806
f 9910 9900 9909
f 9803 9900 9910
f 9803 9803 9900
f 9900 9908 9909
f 9899 9908 9900
f 9899 9907 9908
f 9898 9907 9899
f 9898 9906 9907
f 9897 9906 9898
f 9897 9905 9906
f 9896 9905 9897
f 9905 9896 9894
f 9905 9905 9894
f 9905 9894 9904
f 9895 9904 9894
f 9902 9912 9903
f 9916 9924 9926
f 9905 9905 9905
f 9915 9914 9905
f 9924 9914 9925
f 9925 9914 9915
f 9912 9922 9913
f 9913 9922 9923
f 9912 9921 9922
f 9911 9921 9912
f 9809 9921 9807
f 9921 9911 9807
f 9806 9920 9808
f 9920 9910 9919
f 9806 9910 9920
f 9806 9806 9910
f 9910 9918 9919
f 9909 9918 9910
f 9909 9917 9918
f 9908 9917 9909
f 9908 9916 9917
f 9907 9916 9908
f 9907 9914 9916
f 9906 9914 9907
f 9914 9906 9905
f 9915 9905 9905
f 9947 9937 9936
f 9937 9947 9938
f 9938 9947 9949
f 9971 9981 9982
f 9970 9981 9971
f 9970 9980 9981
f 9969 9980 9970
f 9980 9969 9980
f 9980 9969 9969
f 9967 9978 9968
f 9968 9978 9979
f 9967 9977 9978
f 9966 9977 9967
f 9966 9976 9977
f 9965 9976 9966
f 9965 9975 9976
f 9964 9975 9965
f 9964 9974 9975
f 9963 9974 9964
f 9963 9973 9974
f 9962 9973 9963
f 9962 9972 9973
f 9817 9972 9962
f 9817 9817 9972
f 9971 9982 9820
f 9817 9819 9972
f 9818 9971 9820
f 9819 9819 9983
f 9981 9993 9982
f 9981 9992 9993
f 9980 9992 9981
f 9992 9980 9992
f 9992 9980 9980
f 9978 9990 9979
f 9979 9990 9991
f 9978 9989 9990
f 9977 9989 9978
f 9977 9988 9989
f 9976 9988 9977
f 9976 9987 9988
f 9975 9987 9976
f 9975 9986 9987
f 9974 9986 9975
f 9974 9985 9986
f 9973 9985 9974
f 9973 9984 9985
f 9972 9984 9973
f 9972 9983 9984
f 9819 9983 9972
f 9819 9821 9983
f 9816 9961 9818
f 9961 9971 9818
f 9961 9970 9971
f 9959 9958 9947
f 9959 9947 9957
f 9948 9957 9947
f 9956 9956 9956
f 9943 9955 9956
f 9944 9943 9956
f 9944 9956 9956
f 9943 9954 9955
f 9942 9954 9943
f 9942 9953 9954
f 9941 9953 9942
f 9941 9952 9953
f 9940 9952 9941
f 9815 9952 9813
f 9952 9940 9813
f 9812 9951 9814
f 9951 9939 9950
f 9812 9939 9951
f 9812 9812 9939
f 9939 9949 9950
f 9938 9949 9939
f 9958 9949 9947
f 9949 9958 9950
f 9950 9958 9960
f 9950 9960 9951
f 9960 9970 9961
f 9960 9969 9970
f 9958 9969 9960
f 9969 9958 9969
f 9969 9958 9959
f 9956 9967 9956
f 9956 9967 9968
f 9956 9966 9967
f 9955 9966 9956
f 9955 9965 9966
f 9982 9994 9822
f 9954 9965 9955
f 9953 9964 9954
f 9953 9963 9964
f 9952 9963 9953
f 9952 9962 9963
f 9815 9962 9952
f 9815 9815 9962
f 9815 9817 9962
f 9814 9951 9816
f 9951 9961 9816
f 9951 9960 9961
f 9954 9964 9965
f 9891 9891 9891
f 10071 10080 10072
f 10073 10080 10081
f 9992 10184 10006
f 10184 10193 10006
f 10184 10192 10193
f 10183 10192 10184
f 10183 10191 10192
f 10182 10191 10183
f 10182 10190 10191
f 10181 10190 10182
f 10181 10189 10190
f 10180 10189 10181
f 10180 10188 10189
f 10179 10188 10180
f 10179 10187 10188
f 10178 10187 10179
f 10178 10186 10187
f 10177 10186 10178
f 10177 10185 10186
f 10176 10185 10177
f 10175 10185 10176
f 10004 10185 10175
f 10004 10005 10185
f 10194 10185 10005
f 10175 9991 10004
f 10018 10194 10005
f 10186 10194 10195
f 10031 10204 10194
f 10031 10031 10204
f 10194 10018 10031
f 10006 10203 10020
f 10203 10193 10202
f 10006 10193 10203
f 10006 10006 10193
f 10193 10201 10202
f 10192 10201 10193
f 10192 10200 10201
f 10191 10200 10192
f 10191 10199 10200
f 10190 10199 10191
f 10190 10198 10199
f 10189 10198 10190
f 10189 10197 10198
f 10188 10197 10189
f 10188 10196 10197
f 10187 10196 10188
f 10187 10195 10196
f 10186 10195 10187
f 10185 10194 10186
f 10194 10204 10195
f 9980 10174 9992
f 10174 10183 10184
f 10162 10171 10172
f 10161 10171 10162
f 10161 10170 10171
f 10160 10170 10161
f 10160 10169 10170
f 10159 10169 10160
f 10159 10168 10169
f 10158 10168 10159
f 10158 10167 10168
f 10157 10167 10158
f 10157 10166 10167
f 10156 10166 10157
f 10156 10165 10166
f 10155 10165 10156
f 9979 10165 9968
f 10165 10155 9968
f 9959 10154 9969
f 10154 10164 9969
f 10154 10163 10164
f 10153 10163 10154
f 10153 10162 10163
f 10162 10172 10163
f 10174 10184 9992
f 10163 10172 10173
f 10164 10173 10174
f 10173 10183 10174
f 10173 10182 10183
f 10172 10182 10173
f 10172 10181 10182
f 10171 10181 10172
f 10171 10180 10181
f 10170 10180 10171
f 10170 10179 10180
f 10169 10179 10170
f 10169 10178 10179
f 10168 10178 10169
f 10168 10177 10178
f 10167 10177 10168
f 10167 10176 10177
f 10166 10176 10167
f 10166 10175 10176
f 10165 10175 10166
f 9991 10175 9979
f 10175 10165 9979
f 9969 10164 9980
f 10164 10174 9980
f 10163 10173 10164
f 10195 10204 10196
f 10196 10204 10205
f 10196 10205 10197
f 10229 10236 10067
f 10229 10235 10236
f 10228 10235 10229
f 10228 10234 10235
f 10227 10234 10228
f 10227 10233 10234
f 10226 10233 10227
f 10226 10232 10233
f 10225 10232 10226
f 10225 10231 10232
f 10224 10231 10225
f 10224 10230 10231
f 10223 10230 10224
f 10222 10230 10223
f 10065 10230 10222
f 10065 10065 10230
f 10222 10056 10065
f 10221 10057 10046
f 10229 10221 10220
f 10057 10221 10229
f 10057 10057 10221
f 10057 10229 10067
f 10220 10228 10229
f 10230 10065 10075
f 10075 10237 10230
f 10241 10240 10088
f 10088 10240 10086
f 10240 10239 10086
f 10086 10239 10085
f 10239 10238 10085
f 10085 10238 10084
f 10238 10237 10084
f 10237 10076 10084
f 10236 10077 10067
f 10241 10236 10235
f 10077 10236 10241
f 10077 10077 10236
f 10235 10240 10241
f 10234 10240 10235
f 10234 10239 10240
f 10233 10239 10234
f 10233 10238 10239
f 10232 10238 10233
f 10232 10237 10238
f 10231 10237 10232
f 10230 10237 10231
f 10075 10076 10237
f 10219 10228 10220
f 10219 10227 10228
f 10218 10227 10219
f 10206 10214 10215
f 10205 10214 10206
f 10205 10213 10214
f 10204 10213 10205
f 10044 10213 10031
f 10213 10204 10031
f 10020 10203 10033
f 10203 10212 10033
f 10203 10211 10212
f 10202 10211 10203
f 10202 10210 10211
f 10201 10210 10202
f 10201 10209 10210
f 10200 10209 10201
f 10200 10208 10209
f 10199 10208 10200
f 10199 10207 10208
f 10198 10207 10199
f 10198 10206 10207
f 10197 10206 10198
f 10197 10205 10206
f 10206 10215 10207
f 10207 10215 10216
f 10207 10216 10208
f 10208 10216 10217
f 10218 10226 10227
f 10217 10226 10218
f 10217 10225 10226
f 10216 10225 10217
f 10216 10224 10225
f 10215 10224 10216
f 10215 10223 10224
f 10214 10223 10215
f 10214 10222 10223
f 10213 10222 10214
f 10152 10162 10153
f 10056 10222 10044
f 10033 10212 10046
f 10212 10221 10046
f 10212 10220 10221
f 10211 10220 10212
f 10211 10219 10220
f 10210 10219 10211
f 10210 10218 10219
f 10209 10218 10210
f 10209 10217 10218
f 10208 10217 10209
f 10222 10213 10044
f 10072 10080 10073
f 10152 10161 10162
f 10151 10160 10161
f 9891 10105 10100
f 9891 9891 10105
f 9891 9903 10105
f 9893 10104 9895
f 10104 9893 10103
f 9893 9892 10103
f 10103 9892 10102
f 9892 9883 10102
f 10102 9883 10101
f 9883 9882 10101
f 10101 9882 10100
f 9882 9881 10100
f 9881 9891 10100
f 10099 9854 9847
f 9854 10099 9853
f 10099 10098 9853
f 9853 10098 9852
f 10098 10097 9852
f 9852 10097 9851
f 10097 10096 9851
f 9851 10096 9850
f 10100 10105 10106
f 10096 10095 9850
f 10100 10106 10101
f 10101 10107 10102
f 10110 10116 10117
f 10109 10116 10110
f 10109 10115 10116
f 10108 10115 10109
f 10108 10114 10115
f 10107 10114 10108
f 10107 10113 10114
f 10106 10113 10107
f 10106 10112 10113
f 10105 10112 10106
f 9913 10112 9903
f 10112 10105 9903
f 9904 10111 9905
f 10111 10104 10110
f 9904 10104 10111
f 9904 9895 10104
f 10104 10109 10110
f 10103 10109 10104
f 10103 10108 10109
f 10102 10108 10103
f 10102 10107 10108
f 10101 10106 10107
f 10110 10117 10111
f 9850 10095 9849
f 9849 10094 9848
f 10092 10079 10078
f 9844 10079 10092
f 9844 9844 10079
f 10078 10091 10092
f 10077 10091 10078
f 10089 10091 10077
f 10090 10089 10077
f 10090 10077 10077
f 10087 10089 10088
f 10088 10089 10090
f 10086 10087 10086
f 10086 10087 10088
f 10085 10086 10085
f 10085 10086 10086
f 10083 10085 10084
f 10084 10085 10085
f 10074 10082 10083
f 10076 10074 10083
f 10076 10083 10084
f 10074 10081 10082
f 10073 10081 10074
f 10079 9844 9841
f 10095 10094 9849
f 10080 9843 9845
f 9846 10081 9845
f 10094 10093 9848
f 10093 9846 9848
f 10092 9847 9844
f 10099 10092 10091
f 9847 10092 10099
f 9847 9847 10092
f 10091 10098 10099
f 10089 10098 10091
f 10089 10097 10098
f 10087 10097 10089
f 10087 10096 10097
f 10086 10096 10087
f 10086 10095 10096
f 10085 10095 10086
f 10085 10094 10095
f 10083 10094 10085
f 10083 10093 10094
f 10082 10093 10083
f 10081 10093 10082
f 9846 10093 10081
f 9846 9846 10093
f 10081 10080 9845
f 10111 10117 10118
f 9905 9905 10111
f 9905 10111 10119
f 10140 10148 10149
f 10139 10148 10140
f 10139 10147 10148
f 10138 10147 10139
f 10138 10146 10147
f 10137 10146 10138
f 10137 10145 10146
f 10136 10145 10137
f 10135 10145 10136
f 9956 10145 10135
f 9956 9956 10145
f 10135 9944 9956
f 9946 10144 9948
f 10144 9946 10143
f 9946 9945 10143
f 10143 9945 10142
f 9945 9934 10142
f 10142 10134 10141
f 9934 10134 10142
f 9934 9934 10134
f 10134 10140 10141
f 10140 10149 10141
f 10133 10140 10134
f 10141 10149 10150
f 10142 10150 10151
f 10150 10160 10151
f 10150 10159 10160
f 10149 10159 10150
f 10149 10158 10159
f 10148 10158 10149
f 10148 10157 10158
f 10147 10157 10148
f 10147 10156 10157
f 10146 10156 10147
f 10146 10155 10156
f 10145 10155 10146
f 9968 10155 9956
f 10155 10145 9956
f 9957 10154 9959
f 10154 10144 10153
f 9957 10144 10154
f 9957 9948 10144
f 10144 10152 10153
f 10143 10152 10144
f 10143 10151 10152
f 10142 10151 10143
f 10141 10150 10142
f 10133 10139 10140
f 10132 10139 10133
f 10132 10138 10139
f 10120 9923 9933
f 9915 10119 9925
f 10119 10127 9925
f 10119 10126 10127
f 10118 10126 10119
f 10118 10125 10126
f 10117 10125 10118
f 10117 10124 10125
f 10116 10124 10117
f 10116 10123 10124
f 10115 10123 10116
f 10115 10122 10123
f 10114 10122 10115
f 10114 10121 10122
f 10113 10121 10114
f 10113 10120 10121
f 10112 10120 10113
f 9923 10120 9913
f 10120 10112 9913
f 9905 10119 9915
f 10119 10111 10118
f 9933 9933 10128
f 9933 10128 10120
f 10120 10128 10121
f 10121 10128 10122
f 10131 10138 10132
f 10131 10137 10138
f 10130 10137 10131
f 10130 10136 10137
f 10129 10136 10130
f 10129 10135 10136
f 10128 10135 10129
f 9944 10135 9933
f 10135 10128 9933
f 9925 10127 9934
f 10151 10161 10152
f 10127 10134 9934
f 10126 10133 10127
f 10126 10132 10133
f 10125 10132 10126
f 10125 10131 10132
f 10124 10131 10125
f 10124 10130 10131
f 10123 10130 10124
f 10123 10129 10130
f 10122 10129 10123
f 10122 10128 10129
f 10127 10133 10134
f 9635 9638 9639
f 9891 9890 9902
f 9891 9902 9903
f 9733 9744 9735
f 9733 9743 9744
f 9732 9743 9733
f 9731 9743 9732
f 9526 9743 9731
f 9526 9527 9743
f 9526 9731 9524
f 9731 9730 9524
f 9524 9730 9522
f 9730 9729 9522
f 9729 9514 9522
f 9510 9728 9516
f 9728 9742 9516
f 9728 9741 9742
f 9727 9741 9728
f 9727 9740 9741
f 9726 9740 9727
f 9726 9739 9740
f 9725 9739 9726
f 9738 9739 9725
f 9738 9738 9725
f 9735 9744 9745
f 9738 9725 9725
f 9735 9745 9736
f 9736 9746 9737
f 9743 9527 9537
f 9742 9529 9516
f 9755 9742 9741
f 9530 9742 9755
f 9530 9529 9742
f 9741 9754 9755
f 9740 9754 9741
f 9740 9753 9754
f 9739 9753 9740
f 9739 9752 9753
f 9738 9752 9739
f 9751 9752 9738
f 9751 9751 9738
f 9751 9738 9738
f 9750 9750 9750
f 9748 9750 9749
f 9749 9750 9750
f 9737 9747 9748
f 9737 9737 9748
f 9737 9748 9749
f 9737 9746 9747
f 9736 9745 9746
f 9744 9743 9537
f 9737 9737 9737
f 9736 9737 9737
f 9725 9715 9725
f 9725 9715 9715
f 9714 9723 9714
f 9714 9723 9724
f 9714 9722 9723
f 9713 9722 9714
f 9713 9721 9722
f 9712 9721 9713
f 9712 9720 9721
f 9711 9720 9712
f 9711 9719 9720
f 9710 9719 9711
f 9508 9719 9501
f 9719 9710 9501
f 9496 9709 9503
f 9709 9718 9503
f 9709 9717 9718
f 9708 9717 9709
f 9708 9716 9717
f 9707 9716 9708
f 9707 9715 9716
f 9715 9725 9716
f 9736 9737 9736
f 9716 9725 9726
f 9717 9726 9727
f 9735 9736 9735
f 9735 9736 9736
f 9733 9735 9734
f 9734 9735 9735
f 9723 9732 9733
f 9724 9723 9733
f 9724 9733 9734
f 9723 9731 9732
f 9722 9731 9723
f 9722 9730 9731
f 9721 9730 9722
f 9721 9729 9730
f 9720 9729 9721
f 9719 9729 9720
f 9514 9729 9719
f 9514 9514 9729
f 9719 9508 9514
f 9503 9718 9510
f 9718 9728 9510
f 9718 9727 9728
f 9717 9727 9718
f 9716 9726 9717
f 9539 9744 9537
f 9745 9744 9539
f 9541 9745 9539
f 9772 9578 9778
f 9578 9578 9778
f 9578 9772 9577
f 9772 9770 9577
f 9577 9770 9575
f 9770 9768 9575
f 9575 9768 9573
f 9768 9767 9573
f 9573 9767 9571
f 9767 9766 9571
f 9766 9560 9571
f 9765 9565 9547
f 9565 9765 9563
f 9765 9764 9563
f 9563 9764 9561
f 9764 9763 9561
f 9777 9763 9762
f 9561 9763 9777
f 9561 9561 9763
f 9762 9776 9777
f 9761 9776 9762
f 9772 9778 9779
f 9774 9776 9761
f 9772 9779 9772
f 9778 9780 9779
f 9782 9781 9596
f 9596 9781 9595
f 9781 9780 9595
f 9595 9780 9594
f 9780 9778 9594
f 9778 9578 9594
f 9777 9585 9561
f 9585 9777 9583
f 9777 9776 9583
f 9583 9776 9581
f 9776 9774 9581
f 9581 9774 9579
f 9774 9773 9579
f 9773 9783 9782
f 9773 9782 9579
f 9773 9579 9773
f 9773 9579 9579
f 9781 9782 9781
f 9781 9782 9783
f 9780 9781 9780
f 9780 9781 9781
f 9779 9780 9780
f 9775 9774 9761
f 9775 9761 9761
f 9773 9774 9773
f 9752 9762 9763
f 9751 9762 9752
f 9761 9762 9751
f 9761 9761 9751
f 9761 9751 9751
f 9761 9761 9761
f 9760 9760 9760
f 9758 9760 9759
f 9759 9760 9760
f 9750 9757 9758
f 9750 9750 9758
f 9750 9758 9759
f 9750 9756 9757
f 9748 9756 9750
f 9747 9756 9748
f 9544 9756 9747
f 9544 9544 9756
f 9544 9747 9543
f 9747 9746 9543
f 9543 9746 9541
f 9746 9745 9541
f 9752 9763 9753
f 9753 9763 9764
f 9753 9764 9754
f 9754 9764 9765
f 9773 9774 9775
f 9773 9773 9773
f 9772 9772 9772
f 9770 9772 9771
f 9771 9772 9772
f 9768 9770 9769
f 9769 9770 9771
f 9760 9767 9768
f 9760 9760 9768
f 9760 9768 9769
f 9706 9715 9707
f 9760 9766 9767
f 9757 9766 9758
f 9559 9766 9757
f 9559 9560 9766
f 9559 9757 9557
f 9757 9756 9557
f 9756 9544 9557
f 9755 9546 9530
f 9765 9755 9754
f 9547 9755 9765
f 9547 9546 9755
f 9758 9766 9760
f 9597 9782 9596
f 9715 9706 9715
f 9714 9714 9714
f 9442 9664 9444
f 9664 9659 9663
f 9442 9659 9664
f 9442 9437 9659
f 9659 9662 9663
f 9658 9662 9659
f 9658 9661 9662
f 9657 9661 9658
f 9661 9657 9661
f 9661 9657 9657
f 9655 9660 9656
f 9656 9660 9660
f 9441 9660 9435
f 9660 9655 9435
f 9431 9659 9437
f 9659 9654 9658
f 9431 9654 9659
f 9431 9431 9654
f 9654 9657 9658
f 9652 9657 9654
f 9657 9652 9657
f 9447 9448 9665
f 9657 9652 9653
f 9665 9666 9660
f 9447 9660 9660
f 9667 9674 9669
f 9674 9667 9674
f 9674 9667 9668
f 9665 9672 9666
f 9454 9665 9448
f 9454 9672 9665
f 9454 9671 9672
f 9671 9673 9672
f 9454 9455 9671
f 9444 9664 9450
f 9664 9670 9450
f 9664 9669 9670
f 9663 9669 9664
f 9663 9667 9669
f 9662 9667 9663
f 9667 9662 9661
f 9668 9667 9661
f 9668 9661 9661
f 9661 9661 9661
f 9660 9660 9660
f 9447 9660 9441
f 9447 9665 9660
f 9669 9674 9675
f 9656 9651 9430
f 9655 9430 9434
f 9646 9641 9641
f 9641 9641 9641
f 9640 9640 9640
f 9412 9643 9640
f 9412 9412 9640
f 9412 9640 9640
f 9412 9418 9643
f 9418 9644 9643
f 9413 9642 9415
f 9642 9639 9641
f 9413 9639 9642
f 9413 9410 9639
f 9641 9639 9638
f 9641 9641 9638
f 9641 9638 9638
f 9638 9638 9638
f 9640 9636 9408
f 9640 9640 9408
f 9640 9408 9408
f 9408 9412 9640
f 9407 9635 9410
f 9646 9645 9641
f 9655 9656 9430
f 9645 9642 9641
f 9419 9642 9647
f 9434 9435 9655
f 9425 9654 9431
f 9654 9650 9652
f 9425 9650 9654
f 9425 9425 9650
f 9652 9650 9649
f 9653 9652 9649
f 9653 9649 9649
f 9649 9649 9649
f 9651 9424 9430
f 9648 9424 9651
f 9421 9647 9425
f 9647 9650 9425
f 9647 9649 9650
f 9645 9649 9647
f 9649 9645 9649
f 9649 9645 9646
f 9648 9418 9424
f 9644 9418 9648
f 9419 9647 9421
f 9647 9642 9645
f 9419 9415 9642
f 9669 9675 9670
f 9670 9675 9676
f 9670 9676 9457
f 9494 9704 9488
f 9704 9698 9488
f 9484 9697 9490
f 9697 9703 9490
f 9697 9702 9703
f 9696 9702 9697
f 9696 9701 9702
f 9695 9701 9696
f 9695 9700 9701
f 9694 9700 9695
f 9700 9694 9700
f 9700 9694 9694
f 9692 9699 9693
f 9693 9699 9699
f 9692 9698 9699
f 9691 9698 9692
f 9488 9698 9482
f 9698 9691 9482
f 9477 9690 9484
f 9690 9697 9484
f 9690 9696 9697
f 9698 9704 9699
f 9689 9696 9690
f 9699 9704 9705
f 9699 9705 9699
f 9713 9714 9713
f 9713 9714 9714
f 9712 9713 9712
f 9712 9713 9713
f 9705 9711 9712
f 9705 9705 9712
f 9705 9712 9712
f 9705 9710 9711
f 9704 9710 9705
f 9501 9710 9494
f 9710 9704 9494
f 9490 9703 9496
f 9703 9709 9496
f 9703 9708 9709
f 9702 9708 9703
f 9702 9707 9708
f 9701 9707 9702
f 9701 9706 9707
f 9700 9706 9701
f 9706 9700 9706
f 9706 9700 9700
f 9699 9705 9705
f 9689 9695 9696
f 9688 9695 9689
f 9688 9694 9695
f 9680 9683 9684
f 9679 9683 9680
f 9683 9679 9683
f 9683 9679 9679
f 9682 9678 9462
f 9682 9682 9462
f 9682 9462 9462
f 9462 9469 9682
f 9457 9676 9464
f 9676 9681 9464
f 9676 9680 9681
f 9675 9680 9676
f 9675 9679 9680
f 9674 9679 9675
f 9679 9674 9679
f 9679 9674 9674
f 9671 9677 9673
f 9678 9455 9462
f 9677 9455 9678
f 9677 9671 9455
f 9450 9670 9457
f 9680 9684 9681
f 9681 9684 9685
f 9681 9685 9470
f 9464 9681 9470
f 9687 9694 9688
f 9694 9687 9694
f 9694 9687 9687
f 9693 9686 9475
f 9692 9693 9475
f 9692 9475 9475
f 9692 9475 9691
f 9475 9481 9691
f 9481 9482 9691
f 9470 9690 9477
f 9715 9706 9706
f 9690 9685 9689
f 9685 9688 9689
f 9684 9688 9685
f 9684 9687 9688
f 9683 9687 9684
f 9687 9683 9687
f 9687 9683 9683
f 9682 9682 9682
f 9686 9469 9475
f 9682 9469 9686
f 9682 9682 9469
f 9470 9685 9690
f 9891 9891 9902
f 9782 9597 9579
f 9784 9784 9785
f 9773 9853 9853
f 9852 9853 9852
f 9852 9853 9853
f 9851 9852 9851
f 9851 9852 9852
f 9850 9851 9850
f 9850 9851 9851
f 9850 9849 9772
f 9850 9850 9772
f 9850 9772 9772
f 9771 9772 9849
f 9848 9771 9849
f 9848 9769 9771
f 9846 9769 9848
f 9846 9846 9769
f 9846 9760 9769
f 9844 9761 9751
f 9844 9847 9847
f 9844 9847 9761
f 9844 9761 9844
f 9844 9761 9761
f 9773 9773 9853
f 9847 9847 9847
f 9773 9854 9853
f 9847 9854 9775
f 9859 9788 9858
f 9788 9787 9858
f 9858 9787 9857
f 9787 9786 9857
f 9857 9855 9856
f 9786 9855 9857
f 9786 9786 9855
f 9791 9856 9784
f 9856 9855 9784
f 9785 9855 9786
f 9785 9784 9855
f 9853 9783 9773
f 9783 9853 9781
f 9853 9852 9781
f 9781 9852 9780
f 9852 9851 9780
f 9780 9851 9779
f 9851 9850 9779
f 9850 9772 9779
f 9847 9775 9761
f 9775 9854 9773
f 9847 9847 9854
f 9789 9788 9859
f 9846 9846 9846
f 9846 9846 9760
f 9840 9840 9737
f 9840 9737 9737
f 9839 9736 9737
f 9837 9736 9839
f 9837 9837 9736
f 9736 9837 9735
f 9837 9836 9735
f 9735 9836 9734
f 9836 9835 9734
f 9835 9724 9734
f 9715 9834 9725
f 9834 9838 9725
f 9838 9834 9838
f 9838 9834 9834
f 9837 9837 9837
f 9836 9837 9836
f 9836 9837 9837
f 9835 9836 9835
f 9835 9836 9836
f 9724 9833 9714
f 9835 9833 9724
f 9840 9839 9737
f 9846 9845 9760
f 9840 9840 9840
f 9838 9738 9838
f 9846 9760 9760
f 9845 9759 9760
f 9843 9759 9845
f 9843 9843 9759
f 9843 9750 9759
f 9841 9751 9738
f 9841 9844 9844
f 9841 9844 9751
f 9841 9751 9841
f 9844 9844 9844
f 9843 9843 9843
f 9843 9842 9750
f 9843 9843 9750
f 9843 9750 9750
f 9842 9749 9750
f 9840 9749 9842
f 9840 9840 9749
f 9840 9737 9749
f 9838 9738 9725
f 9838 9841 9841
f 9838 9841 9738
f 9841 9841 9841
f 9860 9789 9859
f 9790 9789 9860
f 9861 9790 9860
f 9881 9882 9881
f 9881 9882 9882
f 9881 9880 9891
f 9881 9881 9891
f 9881 9891 9891
f 9880 9890 9891
f 9879 9890 9880
f 9802 9890 9798
f 9890 9879 9798
f 9799 9889 9800
f 9889 9799 9888
f 9799 9797 9888
f 9888 9878 9887
f 9797 9878 9888
f 9797 9797 9878
f 9878 9886 9887
f 9877 9886 9878
f 9877 9885 9886
f 9876 9885 9877
f 9876 9884 9885
f 9875 9884 9876
f 9882 9883 9883
f 9875 9883 9884
f 9882 9883 9882
f 9883 9892 9883
f 9890 9901 9902
f 9802 9901 9890
f 9802 9805 9901
f 9805 9804 9901
f 9801 9900 9803
f 9900 9801 9899
f 9801 9800 9899
f 9899 9889 9898
f 9800 9889 9899
f 9800 9800 9889
f 9889 9897 9898
f 9888 9897 9889
f 9888 9896 9897
f 9887 9896 9888
f 9887 9894 9896
f 9886 9894 9887
f 9894 9886 9885
f 9895 9894 9885
f 9895 9885 9893
f 9892 9893 9884
f 9884 9893 9885
f 9883 9892 9884
f 9874 9883 9875
f 9874 9882 9883
f 9873 9882 9874
f 9793 9870 9795
f 9870 9862 9869
f 9793 9862 9870
f 9793 9793 9862
f 9862 9868 9869
f 9861 9868 9862
f 9861 9867 9868
f 9860 9867 9861
f 9860 9866 9867
f 9859 9866 9860
f 9859 9865 9866
f 9858 9865 9859
f 9858 9864 9865
f 9857 9864 9858
f 9857 9863 9864
f 9856 9863 9857
f 9794 9863 9791
f 9863 9856 9791
f 9792 9862 9793
f 9862 9792 9861
f 9792 9790 9861
f 9871 9863 9794
f 9796 9871 9794
f 9863 9871 9864
f 9864 9871 9872
f 9873 9881 9882
f 9872 9881 9873
f 9872 9880 9881
f 9871 9880 9872
f 9871 9879 9880
f 9796 9879 9871
f 9796 9796 9879
f 9796 9798 9879
f 9795 9870 9797
f 9870 9878 9797
f 9835 9835 9833
f 9870 9877 9878
f 9869 9876 9877
f 9868 9876 9869
f 9868 9875 9876
f 9867 9875 9868
f 9867 9874 9875
f 9866 9874 9867
f 9866 9873 9874
f 9865 9873 9866
f 9865 9872 9873
f 9864 9872 9865
f 9869 9877 9870
f 9612 9613 9784
f 9706 9831 9715
f 9834 9831 9834
f 9801 9803 9638
f 9803 9803 9638
f 9800 9801 9800
f 9800 9801 9801
f 9800 9800 9800
f 9802 9636 9640
f 9798 9636 9802
f 9637 9801 9638
f 9801 9637 9800
f 9637 9632 9800
f 9799 9632 9631
f 9800 9632 9799
f 9800 9800 9632
f 9797 9799 9631
f 9797 9797 9631
f 9797 9631 9631
f 9797 9797 9797
f 9796 9796 9796
f 9798 9630 9636
f 9796 9630 9798
f 9796 9796 9630
f 9801 9638 9638
f 9626 9797 9631
f 9801 9638 9801
f 9643 9644 9804
f 9651 9809 9648
f 9809 9807 9648
f 9646 9808 9649
f 9806 9808 9646
f 9806 9806 9808
f 9806 9806 9806
f 9804 9807 9804
f 9804 9807 9807
f 9648 9807 9644
f 9807 9804 9644
f 9641 9806 9646
f 9803 9641 9803
f 9803 9641 9641
f 9803 9806 9641
f 9806 9806 9641
f 9803 9803 9803
f 9802 9640 9805
f 9805 9640 9640
f 9643 9805 9640
f 9804 9805 9643
f 9804 9804 9805
f 9638 9803 9641
f 9807 9809 9809
f 9626 9795 9797
f 9626 9797 9797
f 9786 9787 9786
f 9786 9787 9787
f 9786 9786 9786
f 9784 9791 9784
f 9784 9791 9791
f 9619 9791 9613
f 9791 9784 9613
f 9615 9790 9616
f 9790 9615 9789
f 9615 9614 9789
f 9789 9614 9788
f 9614 9608 9788
f 9788 9608 9787
f 9608 9607 9787
f 9787 9607 9786
f 9607 9606 9786
f 9785 9606 9605
f 9786 9606 9785
f 9786 9786 9606
f 9612 9785 9605
f 9784 9785 9612
f 9787 9788 9788
f 9626 9626 9797
f 9787 9788 9787
f 9788 9789 9788
f 9794 9796 9794
f 9794 9796 9796
f 9630 9796 9625
f 9796 9794 9625
f 9622 9795 9626
f 9793 9795 9622
f 9793 9793 9795
f 9793 9793 9793
f 9791 9794 9791
f 9791 9794 9794
f 9625 9794 9619
f 9794 9791 9619
f 9620 9793 9622
f 9792 9620 9616
f 9793 9620 9792
f 9793 9793 9620
f 9790 9792 9616
f 9790 9790 9616
f 9790 9616 9616
f 9789 9790 9789
f 9789 9790 9790
f 9788 9789 9789
f 9807 9809 9807
f 9649 9810 9810
f 9649 9649 9810
f 9699 9827 9693
f 9827 9825 9693
f 9687 9824 9694
f 9824 9826 9694
f 9826 9824 9826
f 9826 9824 9824
f 9823 9825 9823
f 9823 9825 9825
f 9693 9825 9686
f 9825 9823 9686
f 9683 9822 9687
f 9822 9824 9687
f 9824 9822 9824
f 9824 9822 9822
f 9823 9821 9682
f 9823 9823 9682
f 9823 9682 9682
f 9682 9686 9823
f 9679 9820 9683
f 9820 9822 9683
f 9822 9820 9822
f 9825 9827 9827
f 9822 9820 9820
f 9825 9827 9825
f 9828 9826 9828
f 9834 9831 9831
f 9714 9833 9714
f 9714 9833 9832
f 9832 9713 9714
f 9830 9713 9832
f 9830 9830 9713
f 9713 9830 9712
f 9830 9829 9712
f 9829 9705 9712
f 9700 9828 9706
f 9828 9831 9706
f 9831 9828 9831
f 9831 9828 9828
f 9830 9830 9830
f 9827 9829 9830
f 9827 9827 9830
f 9827 9830 9830
f 9705 9829 9699
f 9829 9827 9699
f 9694 9826 9700
f 9826 9828 9700
f 9828 9826 9826
f 9819 9819 9819
f 9821 9678 9682
f 9819 9678 9821
f 9815 9815 9660
f 9815 9660 9660
f 9660 9666 9815
f 9657 9814 9661
f 9812 9814 9657
f 9812 9812 9814
f 9812 9812 9812
f 9811 9811 9811
f 9813 9656 9660
f 9811 9656 9813
f 9811 9811 9656
f 9653 9810 9657
f 9810 9812 9657
f 9812 9810 9812
f 9812 9810 9810
f 9809 9811 9809
f 9809 9811 9811
f 9656 9811 9651
f 9811 9809 9651
f 9649 9810 9653
f 9649 9808 9810
f 9815 9813 9660
f 9661 9816 9816
f 9661 9661 9816
f 9661 9814 9816
f 9819 9819 9678
f 9674 9818 9679
f 9818 9820 9679
f 9820 9818 9820
f 9820 9818 9818
f 9817 9817 9817
f 9677 9817 9673
f 9677 9817 9817
f 9677 9819 9817
f 9819 9819 9817
f 9831 9834 9715
f 9677 9678 9819
f 9816 9818 9674
f 9818 9816 9818
f 9818 9816 9816
f 9815 9815 9815
f 9672 9815 9666
f 9672 9815 9815
f 9672 9817 9815
f 9817 9817 9815
f 9672 9673 9817
f 9661 9816 9668
f 9668 9816 9674
f 5132 4849 5130
f 8982 9014 8983
f 8981 9013 8982
f 8145 8146 8145
f 8145 8146 8146
f 8144 8145 8144
f 8144 8145 8145
f 8143 8144 8143
f 8143 8144 8144
f 8142 8143 8142
f 8142 8143 8143
f 8142 8142 8142
f 8141 8141 8141
f 8140 8141 8140
f 8140 8141 8141
f 8139 8140 8139
f 8139 8140 8140
f 8138 8139 8138
f 8138 8139 8139
f 8137 8138 8137
f 8137 8138 8138
f 8136 8137 8136
f 8136 8137 8137
f 8135 8136 8135
f 8146 8147 8147
f 8135 8136 8136
f 8146 8147 8146
f 7954 7954 8147
f 8139 8138 7964
f 7964 8138 7963
f 8138 8137 7963
f 7963 8137 7962
f 8137 8136 7962
f 7962 8136 7961
f 8136 8135 7961
f 7961 8135 7960
f 8135 8134 7960
f 8134 7953 7960
f 8114 7959 7929
f 7959 8151 7958
f 8114 8151 7959
f 8114 8114 8151
f 7957 7958 8151
f 8150 7957 8151
f 7956 7957 8150
f 8149 7956 8150
f 7954 7956 8149
f 8148 7954 8149
f 7954 8148 8147
f 7954 8147 8147
f 7965 8139 7964
f 8134 8135 8134
f 8134 8133 7952
f 7940 8123 7939
f 8109 8123 7940
f 8109 8109 8123
f 7938 7939 8123
f 8122 7938 8123
f 7937 7938 8122
f 8121 7937 8122
f 7936 7937 8121
f 8120 7936 8121
f 7935 7936 8120
f 8119 7935 8120
f 7934 7935 8119
f 8118 7934 8119
f 7933 7934 8118
f 8117 7933 8118
f 7932 7933 8117
f 8116 7932 8117
f 8116 7931 7932
f 8108 7931 8116
f 8108 8108 7931
f 8108 7922 7931
f 8109 7940 7924
f 8134 8135 8135
f 8113 7927 7941
f 8113 7941 8124
f 8134 8134 7952
f 8134 7952 7953
f 7950 7952 8133
f 8132 7950 8133
f 7949 7950 8132
f 8131 7949 8132
f 7948 7949 8131
f 8130 7948 8131
f 7947 7948 8130
f 8129 7947 8130
f 7946 7947 8129
f 8128 7946 8129
f 7945 7946 8128
f 8127 7945 8128
f 7944 7945 8127
f 8126 7944 8127
f 7943 7944 8126
f 8125 7943 8126
f 7942 7943 8125
f 8124 7942 8125
f 8124 7941 7942
f 8113 8113 7941
f 8140 8139 7965
f 7966 8140 7965
f 8141 8140 7966
f 8176 8173 8173
f 8173 8173 8173
f 8175 7996 8000
f 8170 7996 8175
f 7998 8174 7999
f 8174 7998 8173
f 7998 7997 8173
f 8172 7997 7995
f 8173 7997 8172
f 8173 8173 7997
f 8171 8172 7995
f 8169 8171 7995
f 8169 7995 7995
f 8168 8171 8168
f 8168 8171 8169
f 8168 8168 8168
f 8165 7990 8165
f 8165 7990 7990
f 7990 7996 8165
f 7996 8170 8165
f 7994 8169 7995
f 8176 8176 8173
f 8169 7994 8168
f 8176 8174 8173
f 7999 8174 8177
f 8185 8184 8007
f 8181 8183 8005
f 8181 8181 8005
f 8181 8005 8005
f 8181 8181 8181
f 8182 8002 8006
f 8178 8002 8182
f 8004 8181 8005
f 8180 8004 8003
f 8181 8004 8180
f 8181 8181 8004
f 8179 8180 8003
f 8177 8179 8003
f 8177 8003 8001
f 8176 8179 8176
f 8176 8179 8177
f 8176 8176 8176
f 8178 8000 8002
f 8175 8000 8178
f 7999 8177 8001
f 8177 8174 8176
f 7999 7999 8174
f 7994 7993 8168
f 8167 7993 7992
f 8168 7993 8167
f 8160 7979 8161
f 7978 7979 8160
f 8159 7978 8160
f 7977 7978 8159
f 8158 7977 8159
f 7976 7977 8158
f 8157 7976 8158
f 7974 7976 8157
f 8156 7974 8157
f 7972 7974 8156
f 8155 7972 8156
f 7970 7972 8155
f 8154 7970 8155
f 7969 7970 8154
f 8153 7969 8154
f 7968 7969 8153
f 8152 7968 8153
f 8152 7967 7968
f 8141 7967 8152
f 8141 8141 7967
f 7967 8141 7966
f 7979 7980 8161
f 8161 7980 8162
f 7980 7981 8162
f 8162 7981 8163
f 8168 8168 7993
f 7991 8167 7992
f 8166 8167 7991
f 7989 8166 7991
f 8164 8166 7989
f 7989 7990 8164
f 7990 8165 8164
f 8147 7988 7954
f 7988 8147 7987
f 8147 8146 7987
f 8099 7930 7909
f 7987 8146 7986
f 7986 8145 7985
f 8145 8144 7985
f 7985 8144 7984
f 8144 8143 7984
f 7984 8143 7983
f 8143 8142 7983
f 7983 8163 7982
f 8142 8163 7983
f 8142 8142 8163
f 7981 7982 8163
f 8146 8145 7986
f 8185 8007 8183
f 7930 8115 7928
f 8099 8099 8115
f 8074 7870 7875
f 8072 7870 8074
f 7871 8073 7872
f 8070 7867 8070
f 8070 7871 7867
f 8070 8073 7871
f 8073 8073 7871
f 8070 8070 8070
f 8069 7864 8071
f 8071 7864 7869
f 7869 7870 8071
f 7870 8072 8071
f 7865 8070 7867
f 7863 8068 8070
f 7865 7863 8070
f 7865 8070 8070
f 7861 7861 7861
f 8066 7864 8069
f 7861 7864 8066
f 7861 7861 7864
f 7863 7859 8068
f 8073 8073 8073
f 7859 8067 8068
f 8073 7872 7872
f 8073 8075 7872
f 8081 7882 7882
f 8082 7881 7884
f 8080 7881 8082
f 7880 8081 7882
f 8080 7878 7881
f 8079 7878 8080
f 8077 8077 8077
f 8076 8077 8076
f 8076 8077 8077
f 8076 8076 8076
f 8079 7875 7878
f 8074 7875 8079
f 8078 7874 7874
f 7877 8078 7874
f 8077 8078 7877
f 8077 8077 8078
f 8077 7877 8076
f 7877 7876 8076
f 8075 7876 7872
f 8076 7876 8075
f 8076 8076 7876
f 8073 8073 7872
f 8083 7882 8081
f 8067 7859 8064
f 8063 7858 8063
f 8058 8055 7846
f 8058 8058 7846
f 8058 7846 7850
f 7850 7851 8058
f 7847 8057 7848
f 8056 7847 7844
f 8057 7847 8056
f 8057 8057 7847
f 8053 8056 7844
f 8053 8053 7844
f 8053 7844 7844
f 8053 8053 8053
f 8051 7841 8054
f 8054 7841 7845
f 7845 7846 8054
f 7846 8055 8054
f 7843 8053 7844
f 8052 7843 7842
f 8053 7843 8052
f 8053 8053 7843
f 8050 8052 7842
f 8057 8057 8057
f 8064 7859 7859
f 8057 7848 7848
f 8057 8059 7848
f 8063 7858 7860
f 7860 8065 8063
f 7861 8065 7860
f 7861 7861 8065
f 8066 8065 7861
f 8064 7859 7857
f 8062 8064 7857
f 8063 7855 7858
f 8061 7855 8063
f 7854 8062 7857
f 8060 8062 7854
f 8060 8060 8062
f 8060 8060 8060
f 8058 8058 8058
f 8061 7851 7855
f 8058 7851 8061
f 8058 8058 7851
f 7852 8060 7854
f 8059 7852 7848
f 8060 7852 8059
f 8060 8060 7852
f 8057 8057 7848
f 8084 8084 7885
f 8084 7885 8083
f 8083 7885 7882
f 8104 7917 8105
f 7915 7917 8104
f 8103 7915 8104
f 7913 7915 8103
f 8102 7913 8103
f 7912 7913 8102
f 8101 7912 8102
f 7911 7912 8101
f 8100 7911 8101
f 8100 7910 7911
f 8098 7910 8100
f 8098 8098 7910
f 8098 7906 7910
f 8096 7908 7903
f 8096 8099 8099
f 8096 8099 7909
f 8096 7909 8096
f 8096 7909 7908
f 8099 8099 8099
f 8098 8098 8098
f 8098 8097 7905
f 7917 7919 8105
f 8098 8098 7905
f 8105 7919 8106
f 8106 7921 8107
f 7928 8115 8114
f 7929 7928 8114
f 7929 8114 8114
f 8114 8114 8114
f 8113 8113 8113
f 8113 8112 7926
f 8113 8113 7926
f 8113 7926 7927
f 7925 7926 8112
f 8111 7925 8112
f 7923 7925 8111
f 8110 7923 8111
f 7923 8110 8109
f 7924 7923 8109
f 7924 8109 8109
f 8109 8109 8109
f 8108 8108 8108
f 8108 8107 7922
f 8108 8108 7922
f 8108 7922 7922
f 7921 7922 8107
f 7919 7921 8106
f 8098 7905 7906
f 8097 7904 7905
f 8095 7904 8097
f 7895 8090 7896
f 8088 7893 8088
f 8088 7895 7893
f 8088 8090 7895
f 8090 8090 7895
f 8088 8088 8088
f 8089 7889 7894
f 8085 7889 8089
f 7891 8088 7893
f 8087 7891 7890
f 8088 7891 8087
f 8088 8088 7891
f 7886 8087 7890
f 8086 8087 7886
f 8084 8086 7886
f 8084 8084 7886
f 8084 7886 7886
f 8084 8084 8084
f 8085 7884 7889
f 8082 7884 8085
f 7885 8084 7886
f 8091 8091 8089
f 8091 8089 7897
f 7897 8089 7894
f 8091 8091 8091
f 8095 8095 7904
f 8095 7902 7904
f 8094 7903 7901
f 8096 7903 8094
f 8096 8096 7903
f 8096 8096 8096
f 8095 8095 8095
f 7902 8093 7900
f 8095 8093 7902
f 8095 8095 8093
f 8099 8115 7930
f 8092 7901 7898
f 8092 8092 7901
f 8092 7901 7901
f 7900 8093 8091
f 7899 7900 8091
f 7899 8091 8091
f 8091 7897 7899
f 7896 8090 7898
f 8090 8092 7898
f 8092 8090 8092
f 8092 8090 8090
f 8092 8094 7901
f 8050 8050 7842
f 8183 8007 8005
f 8182 8006 8186
f 8297 8286 8285
f 8297 8297 8285
f 8297 8285 8296
f 8295 8296 8284
f 8284 8296 8285
f 8294 8295 8283
f 8283 8295 8284
f 8282 8294 8282
f 8282 8294 8283
f 8282 8282 8282
f 8293 8080 8082
f 8281 8080 8293
f 8280 8286 8287
f 8279 8286 8280
f 8279 8285 8286
f 8278 8285 8279
f 8278 8284 8285
f 8277 8284 8278
f 8277 8283 8284
f 8276 8283 8277
f 8276 8282 8283
f 8286 8297 8287
f 8274 8282 8276
f 8287 8297 8298
f 8299 8288 8298
f 8303 8305 8302
f 8298 8298 8298
f 8297 8298 8297
f 8297 8298 8298
f 8297 8297 8297
f 8304 8082 8085
f 8293 8082 8304
f 8083 8302 8084
f 8301 8081 8292
f 8301 8083 8081
f 8301 8303 8083
f 8303 8302 8083
f 8300 8301 8291
f 8291 8301 8292
f 8290 8300 8290
f 8290 8300 8291
f 8289 8290 8289
f 8289 8290 8290
f 8299 8289 8288
f 8288 8289 8289
f 8288 8287 8298
f 8299 8298 8298
f 8306 8306 8084
f 8282 8274 8282
f 8079 8080 8281
f 8266 8269 8073
f 8269 8268 8073
f 8266 8266 8266
f 8267 8072 8074
f 8265 8072 8267
f 8070 8266 8073
f 8264 8070 8264
f 8264 8070 8070
f 8264 8266 8070
f 8266 8266 8070
f 8264 8264 8264
f 8263 8069 8263
f 8263 8069 8071
f 8071 8072 8263
f 8072 8265 8263
f 8068 8262 8070
f 8262 8264 8070
f 8264 8262 8261
f 8264 8264 8261
f 8264 8261 8261
f 8261 8261 8261
f 8266 8073 8073
f 8282 8274 8275
f 8266 8073 8266
f 8270 8075 8268
f 8272 8079 8281
f 8272 8281 8281
f 8273 8272 8281
f 8271 8278 8279
f 8077 8278 8271
f 8077 8077 8278
f 8278 8077 8277
f 8077 8076 8277
f 8277 8270 8276
f 8076 8270 8277
f 8076 8076 8270
f 8270 8274 8276
f 8268 8274 8270
f 8274 8268 8275
f 8275 8268 8269
f 8267 8074 8079
f 8267 8267 8079
f 8267 8079 8272
f 8273 8267 8272
f 8078 8077 8271
f 8075 8270 8076
f 8075 8073 8268
f 8305 8306 8084
f 8305 8084 8084
f 8305 8084 8302
f 8331 8102 8332
f 8331 8101 8102
f 8327 8101 8331
f 8327 8327 8101
f 8101 8327 8100
f 8327 8325 8100
f 8325 8098 8100
f 8323 8099 8096
f 8323 8329 8328
f 8323 8328 8099
f 8323 8099 8323
f 8323 8099 8099
f 8330 8328 8329
f 8327 8327 8327
f 8325 8327 8326
f 8326 8327 8327
f 8326 8324 8098
f 8325 8326 8098
f 8325 8098 8098
f 8324 8097 8098
f 8322 8097 8324
f 8102 8103 8332
f 8322 8321 8097
f 8332 8103 8333
f 8333 8104 8334
f 8349 8350 8351
f 8346 8348 8347
f 8347 8348 8349
f 8344 8346 8345
f 8345 8346 8347
f 8342 8344 8343
f 8343 8344 8345
f 8340 8342 8341
f 8341 8342 8343
f 8338 8340 8339
f 8339 8340 8341
f 8339 8337 8108
f 8338 8339 8108
f 8338 8108 8108
f 8107 8108 8337
f 8336 8107 8337
f 8106 8107 8336
f 8335 8106 8336
f 8105 8106 8335
f 8334 8105 8335
f 8104 8105 8334
f 8103 8104 8333
f 8321 8095 8097
f 8319 8096 8094
f 8320 8323 8323
f 8091 8314 8091
f 8091 8314 8313
f 8313 8309 8091
f 8309 8089 8091
f 8088 8312 8090
f 8312 8308 8311
f 8088 8308 8312
f 8088 8088 8308
f 8311 8308 8307
f 8311 8311 8307
f 8311 8307 8310
f 8306 8310 8306
f 8306 8310 8307
f 8306 8306 8306
f 8309 8085 8089
f 8304 8085 8309
f 8087 8308 8088
f 8308 8087 8307
f 8087 8086 8307
f 8307 8086 8306
f 8086 8084 8306
f 8311 8311 8311
f 8315 8311 8311
f 8315 8315 8311
f 8315 8312 8311
f 8320 8323 8096
f 8320 8096 8319
f 8319 8096 8096
f 8323 8323 8323
f 8318 8321 8318
f 8318 8321 8322
f 8316 8321 8318
f 8095 8321 8316
f 8095 8095 8321
f 8316 8093 8095
f 8263 8066 8069
f 8092 8315 8094
f 8319 8315 8320
f 8320 8315 8315
f 8318 8318 8318
f 8316 8318 8317
f 8317 8318 8318
f 8093 8314 8091
f 8316 8314 8093
f 8316 8317 8314
f 8090 8312 8092
f 8312 8315 8092
f 8315 8319 8094
f 8007 8184 8008
f 8259 8066 8263
f 8262 8257 8261
f 8214 8030 8034
f 8209 8030 8214
f 8032 8213 8033
f 8213 8032 8212
f 8032 8031 8212
f 8211 8031 8029
f 8212 8031 8211
f 8212 8212 8031
f 8210 8211 8029
f 8207 8210 8029
f 8207 8029 8029
f 8208 8210 8207
f 8205 8026 8205
f 8205 8026 8026
f 8026 8030 8205
f 8030 8209 8205
f 8028 8207 8029
f 8206 8028 8027
f 8208 8028 8206
f 8208 8207 8028
f 8206 8027 8204
f 8212 8212 8212
f 8204 8027 8025
f 8212 8215 8213
f 8216 8216 8035
f 8221 8222 8040
f 8222 8222 8040
f 8219 8221 8218
f 8217 8217 8217
f 8220 8037 8039
f 8217 8037 8220
f 8217 8217 8037
f 8036 8218 8038
f 8216 8036 8216
f 8216 8036 8036
f 8216 8219 8036
f 8219 8218 8036
f 8216 8216 8216
f 8217 8214 8034
f 8217 8217 8034
f 8217 8034 8034
f 8034 8037 8217
f 8035 8216 8036
f 8215 8033 8213
f 8215 8035 8033
f 8215 8216 8035
f 8212 8215 8212
f 8221 8040 8038
f 8202 8023 8202
f 8023 8026 8202
f 8195 8016 8014
f 8195 8196 8016
f 8196 8196 8016
f 8193 8195 8192
f 8194 8012 8015
f 8190 8012 8194
f 8013 8192 8014
f 8191 8013 8011
f 8193 8013 8191
f 8193 8192 8013
f 8191 8011 8189
f 8189 8011 8011
f 8190 8009 8012
f 8186 8009 8190
f 8011 8010 8189
f 8010 8188 8189
f 8187 8188 8010
f 8184 8187 8010
f 8184 8010 8008
f 8185 8187 8184
f 8186 8006 8009
f 8195 8014 8192
f 8202 8023 8023
f 8016 8196 8017
f 8197 8015 8018
f 8026 8205 8202
f 8025 8024 8204
f 8024 8203 8204
f 8203 8024 8201
f 8201 8024 8022
f 8202 8021 8023
f 8200 8021 8202
f 8020 8201 8022
f 8199 8201 8020
f 8199 8199 8201
f 8199 8199 8199
f 8200 8018 8021
f 8197 8018 8200
f 8019 8199 8020
f 8198 8019 8017
f 8199 8019 8198
f 8199 8199 8019
f 8196 8198 8017
f 8196 8196 8017
f 8196 8017 8017
f 8196 8196 8196
f 8194 8015 8197
f 8221 8038 8218
f 8041 8040 8222
f 8223 8041 8222
f 8252 8251 8246
f 8252 8246 8250
f 8247 8250 8246
f 8244 8058 8244
f 8244 8058 8058
f 8058 8061 8244
f 8061 8249 8244
f 8059 8248 8060
f 8248 8059 8246
f 8059 8057 8246
f 8245 8057 8243
f 8245 8057 8057
f 8245 8247 8057
f 8247 8246 8057
f 8242 8245 8242
f 8242 8245 8243
f 8242 8242 8242
f 8244 8055 8058
f 8239 8055 8244
f 8056 8243 8057
f 8243 8056 8242
f 8251 8248 8246
f 8056 8053 8242
f 8060 8060 8248
f 8253 8248 8251
f 8067 8257 8262
f 8067 8064 8257
f 8261 8257 8255
f 8261 8261 8255
f 8261 8255 8260
f 8256 8260 8255
f 8254 8063 8254
f 8254 8063 8063
f 8065 8254 8063
f 8258 8254 8065
f 8065 8066 8258
f 8066 8259 8258
f 8062 8253 8064
f 8253 8257 8064
f 8253 8255 8257
f 8251 8255 8253
f 8255 8251 8256
f 8256 8251 8252
f 8254 8061 8063
f 8249 8061 8254
f 8060 8253 8062
f 8060 8248 8253
f 8241 8053 8237
f 8241 8053 8053
f 8241 8242 8053
f 8231 8044 8051
f 8225 8044 8231
f 8047 8230 8048
f 8230 8047 8229
f 8047 8046 8229
f 8229 8046 8228
f 8046 8045 8228
f 8227 8045 8042
f 8228 8045 8227
f 8228 8228 8045
f 8226 8227 8042
f 8223 8226 8042
f 8223 8042 8042
f 8222 8226 8222
f 8222 8226 8223
f 8222 8222 8222
f 8220 8039 8224
f 8224 8039 8043
f 8043 8044 8224
f 8044 8225 8224
f 8041 8223 8042
f 8228 8228 8228
f 8228 8232 8229
f 8228 8232 8228
f 8229 8233 8230
f 8242 8242 8053
f 8240 8241 8236
f 8236 8241 8237
f 8235 8240 8235
f 8235 8240 8236
f 8235 8235 8235
f 8231 8051 8238
f 8238 8051 8054
f 8054 8055 8238
f 8055 8239 8238
f 8067 8262 8068
f 8052 8237 8053
f 8052 8050 8236
f 8236 8050 8235
f 8050 8049 8235
f 8234 8049 8048
f 8235 8049 8234
f 8235 8235 8049
f 8233 8234 8048
f 8230 8233 8048
f 8230 8048 8048
f 8232 8233 8229
f 8237 8052 8236
f 8348 8350 8349
f 8050 7842 7840
f 8049 8050 8050
f 7827 7621 7832
f 7832 7621 7628
f 7628 7629 7832
f 7629 7833 7832
f 7624 7831 7625
f 7831 7624 7830
f 7624 7623 7830
f 7829 7623 7622
f 7830 7623 7829
f 7830 7830 7623
f 7619 7829 7622
f 7828 7829 7619
f 7826 7828 7619
f 7826 7826 7619
f 7826 7619 7619
f 7826 7826 7826
f 7827 7618 7621
f 7825 7618 7827
f 7616 7826 7619
f 7616 7824 7826
f 7616 7616 7826
f 7830 7830 7830
f 7616 7826 7826
f 7830 7834 7831
f 7831 7625 7625
f 7843 7636 7634
f 7844 7636 7843
f 7844 7844 7636
f 7842 7843 7634
f 7839 7842 7634
f 7839 7634 7634
f 7840 7842 7839
f 7841 7629 7635
f 7833 7629 7841
f 7633 7839 7634
f 7838 7633 7632
f 7840 7633 7838
f 7840 7839 7633
f 7631 7838 7632
f 7837 7838 7631
f 7630 7837 7631
f 7836 7837 7630
f 7625 7836 7630
f 7835 7836 7625
f 7834 7835 7625
f 7831 7834 7625
f 7830 7834 7830
f 7636 7844 7638
f 7825 7614 7618
f 7616 7615 7824
f 7813 7815 7605
f 7813 7605 7605
f 7812 7815 7812
f 7812 7815 7813
f 7812 7812 7812
f 7811 7602 7811
f 7811 7602 7602
f 7602 7606 7811
f 7606 7814 7811
f 7604 7813 7605
f 7813 7604 7812
f 7604 7603 7812
f 7810 7601 7810
f 7810 7603 7601
f 7810 7812 7603
f 7812 7812 7603
f 7810 7810 7810
f 7811 7600 7602
f 7809 7600 7811
f 7599 7810 7601
f 7599 7808 7810
f 7815 7816 7605
f 7822 7614 7825
f 7817 7817 7607
f 7816 7607 7605
f 7615 7823 7824
f 7820 7823 7615
f 7820 7820 7615
f 7820 7615 7612
f 7820 7820 7820
f 7818 7609 7821
f 7821 7609 7613
f 7613 7614 7821
f 7614 7822 7821
f 7610 7820 7612
f 7819 7610 7608
f 7820 7610 7819
f 7820 7820 7610
f 7817 7819 7608
f 7817 7817 7608
f 7817 7608 7608
f 7814 7606 7814
f 7814 7606 7606
f 7606 7609 7814
f 7609 7818 7814
f 7607 7817 7608
f 7817 7607 7816
f 7639 7846 7845
f 7635 7639 7845
f 7845 7635 7635
f 7870 7668 7875
f 7868 7668 7870
f 7868 7667 7668
f 7664 7873 7665
f 7873 7664 7872
f 7664 7663 7872
f 7871 7661 7866
f 7871 7663 7661
f 7871 7872 7663
f 7872 7872 7663
f 7867 7871 7866
f 7864 7659 7662
f 7869 7864 7662
f 7869 7662 7868
f 7870 7869 7868
f 7660 7866 7661
f 7865 7657 7862
f 7865 7660 7657
f 7865 7867 7660
f 7867 7866 7660
f 7863 7865 7862
f 7868 7662 7667
f 7655 7655 7655
f 7872 7872 7872
f 7872 7876 7872
f 7884 7672 7676
f 7881 7672 7884
f 7671 7883 7674
f 7883 7879 7882
f 7671 7879 7883
f 7671 7671 7879
f 7882 7879 7882
f 7882 7879 7880
f 7881 7669 7672
f 7878 7669 7881
f 7670 7879 7671
f 7880 7879 7670
f 7878 7668 7669
f 7875 7668 7878
f 7874 7666 7874
f 7874 7666 7666
f 7665 7874 7666
f 7877 7874 7665
f 7876 7877 7665
f 7873 7876 7665
f 7873 7665 7665
f 7872 7876 7873
f 7655 7658 7861
f 7655 7655 7861
f 7655 7861 7861
f 7852 7647 7644
f 7852 7854 7647
f 7854 7853 7647
f 7848 7852 7848
f 7848 7852 7849
f 7848 7848 7848
f 7846 7639 7850
f 7850 7639 7645
f 7645 7646 7850
f 7646 7851 7850
f 7642 7849 7644
f 7849 7642 7848
f 7642 7641 7848
f 7847 7641 7640
f 7848 7641 7847
f 7848 7848 7641
f 7844 7847 7640
f 7844 7844 7640
f 7844 7640 7638
f 7844 7844 7844
f 7841 7635 7845
f 7852 7644 7849
f 7647 7853 7648
f 7851 7646 7855
f 7855 7646 7649
f 7658 7659 7861
f 7659 7864 7861
f 7656 7862 7657
f 7859 7654 7859
f 7859 7656 7654
f 7859 7863 7656
f 7863 7862 7656
f 7859 7859 7859
f 7858 7652 7655
f 7860 7858 7655
f 7599 7599 7810
f 7860 7655 7655
f 7651 7856 7654
f 7856 7859 7654
f 7859 7856 7859
f 7859 7856 7857
f 7858 7649 7652
f 7855 7649 7858
f 7648 7853 7651
f 7853 7856 7651
f 7856 7853 7857
f 7857 7853 7854
f 7861 7860 7655
f 7882 7882 7882
f 7599 7810 7810
f 7806 7598 7809
f 7752 7752 7752
f 7752 7751 7542
f 7752 7752 7542
f 7752 7542 7544
f 7541 7542 7751
f 7750 7541 7751
f 7540 7541 7750
f 7749 7540 7750
f 7539 7540 7749
f 7748 7539 7749
f 7538 7539 7748
f 7747 7538 7748
f 7537 7538 7747
f 7746 7537 7747
f 7536 7537 7746
f 7745 7536 7746
f 7535 7536 7745
f 7744 7535 7745
f 7534 7535 7744
f 7743 7534 7744
f 7533 7534 7743
f 7755 7753 7754
f 7742 7533 7743
f 7547 7754 7753
f 7547 7756 7754
f 7527 7527 7767
f 7556 7557 7766
f 7765 7556 7766
f 7555 7556 7765
f 7764 7555 7765
f 7554 7555 7764
f 7763 7554 7764
f 7553 7554 7763
f 7762 7553 7763
f 7552 7553 7762
f 7761 7552 7762
f 7551 7552 7761
f 7760 7551 7761
f 7550 7551 7760
f 7759 7550 7760
f 7549 7550 7759
f 7758 7549 7759
f 7548 7549 7758
f 7757 7548 7758
f 7547 7548 7757
f 7756 7547 7757
f 7547 7547 7754
f 7527 7767 7557
f 7741 7533 7742
f 7525 7525 7533
f 7520 7521 7731
f 7730 7520 7731
f 7519 7520 7730
f 7729 7519 7730
f 7518 7519 7729
f 7728 7518 7729
f 7517 7518 7728
f 7727 7517 7728
f 7726 7517 7727
f 7495 7517 7726
f 7495 7495 7517
f 7707 7495 7726
f 7704 7516 7492
f 7516 7725 7515
f 7704 7725 7516
f 7704 7704 7725
f 7514 7515 7725
f 7724 7514 7725
f 7513 7514 7724
f 7723 7513 7724
f 7512 7513 7723
f 7731 7521 7732
f 7525 7533 7741
f 7521 7522 7732
f 7522 7523 7733
f 7735 7525 7741
f 7708 7532 7497
f 7532 7740 7531
f 7708 7740 7532
f 7708 7708 7740
f 7530 7531 7740
f 7739 7530 7740
f 7529 7530 7739
f 7737 7529 7739
f 7528 7529 7737
f 7736 7528 7737
f 7736 7737 7738
f 7736 7527 7528
f 7528 7527 7527
f 7527 7527 7527
f 7525 7525 7525
f 7734 7524 7525
f 7735 7734 7525
f 7735 7525 7525
f 7523 7524 7734
f 7733 7523 7734
f 7732 7522 7733
f 7557 7767 7766
f 7527 7736 7768
f 7767 7527 7768
f 7794 7588 7588
f 7795 7586 7589
f 7792 7586 7795
f 7588 7587 7794
f 7587 7793 7794
f 7793 7587 7791
f 7791 7587 7585
f 7792 7582 7586
f 7788 7582 7792
f 7585 7583 7791
f 7583 7790 7791
f 7789 7790 7583
f 7787 7789 7583
f 7787 7583 7581
f 7786 7789 7786
f 7786 7789 7787
f 7786 7786 7786
f 7788 7580 7582
f 7785 7580 7788
f 7579 7787 7581
f 7787 7783 7786
f 7796 7588 7794
f 7579 7783 7787
f 7796 7797 7588
f 7590 7797 7798
f 7599 7597 7808
f 7597 7807 7808
f 7807 7597 7805
f 7805 7597 7597
f 7806 7595 7598
f 7802 7595 7806
f 7597 7596 7805
f 7596 7804 7805
f 7594 7804 7596
f 7803 7804 7594
f 7803 7594 7801
f 7801 7594 7594
f 7802 7592 7595
f 7799 7592 7802
f 7594 7593 7801
f 7593 7800 7801
f 7800 7593 7798
f 7798 7593 7591
f 7799 7589 7592
f 7795 7589 7799
f 7591 7590 7798
f 7588 7797 7590
f 7579 7579 7783
f 7786 7783 7786
f 7786 7783 7784
f 7564 7775 7565
f 7774 7775 7564
f 7563 7774 7564
f 7773 7774 7563
f 7569 7773 7563
f 7772 7773 7569
f 7772 7772 7773
f 7569 7570 7772
f 7753 7562 7547
f 7562 7771 7561
f 7753 7771 7562
f 7753 7755 7771
f 7560 7561 7771
f 7770 7560 7771
f 7559 7560 7770
f 7769 7559 7770
f 7769 7558 7559
f 7752 7558 7769
f 7752 7752 7558
f 7752 7544 7558
f 7736 7738 7768
f 7775 7776 7565
f 7565 7776 7566
f 7776 7777 7566
f 7566 7777 7571
f 7785 7576 7580
f 7780 7576 7785
f 7578 7783 7579
f 7782 7578 7577
f 7784 7578 7782
f 7784 7783 7578
f 7574 7782 7577
f 7781 7782 7574
f 7779 7781 7574
f 7779 7779 7574
f 7809 7598 7600
f 7779 7574 7574
f 7772 7772 7772
f 7780 7570 7576
f 7772 7570 7780
f 7772 7772 7570
f 7573 7779 7574
f 7778 7573 7572
f 7779 7573 7778
f 7779 7779 7573
f 7571 7778 7572
f 7777 7778 7571
f 7779 7779 7779
f 8049 8050 8049
f 7882 7885 7883
f 7886 7886 7677
f 7790 8005 7791
f 8004 7790 7789
f 8005 7790 8004
f 8005 8005 7790
f 7786 8004 7789
f 8003 8004 7786
f 8003 7786 8001
f 8001 7786 7786
f 8002 7785 7788
f 8000 7785 8002
f 7784 8001 7786
f 7999 8001 7784
f 7999 7999 8001
f 7999 7999 7999
f 8000 7780 7785
f 7996 7780 8000
f 7782 7999 7784
f 7998 7782 7781
f 7999 7782 7998
f 7999 7999 7782
f 7779 7998 7781
f 8002 7788 8006
f 7997 7998 7779
f 8006 7788 7792
f 8005 7793 7791
f 8012 7799 8015
f 7801 7800 8014
f 7800 8013 8014
f 8011 8013 7800
f 8011 8011 7800
f 8011 7800 7798
f 8011 8011 8011
f 8012 7795 7799
f 8009 7795 8012
f 7797 8011 7798
f 8010 7797 7796
f 8011 7797 8010
f 8011 8011 7797
f 8010 7796 8008
f 8008 7796 7794
f 8009 7792 7795
f 8006 7792 8009
f 7794 7793 8008
f 7793 8007 8008
f 8005 8007 7793
f 8005 8005 7793
f 8005 8005 8005
f 8015 7799 7802
f 7995 7997 7779
f 7995 7779 7779
f 7955 7768 7738
f 7768 7955 7767
f 7955 7954 7767
f 7767 7988 7766
f 7954 7988 7767
f 7954 7954 7988
f 7765 7766 7988
f 7987 7765 7988
f 7764 7765 7987
f 7986 7764 7987
f 7763 7764 7986
f 7985 7763 7986
f 7762 7763 7985
f 7984 7762 7985
f 7761 7762 7984
f 7983 7761 7984
f 7760 7761 7983
f 7982 7760 7983
f 7759 7760 7982
f 7981 7759 7982
f 7758 7759 7981
f 7971 7752 7769
f 7995 7995 7779
f 7973 7971 7769
f 7975 7973 7770
f 7995 7995 7995
f 7990 7772 7990
f 7990 7772 7772
f 7772 7780 7990
f 7780 7996 7990
f 7778 7995 7779
f 7994 7778 7777
f 7995 7778 7994
f 7995 7995 7778
f 7776 7994 7777
f 7993 7994 7776
f 7775 7993 7776
f 7992 7993 7775
f 7774 7992 7775
f 7991 7992 7774
f 7773 7991 7774
f 7989 7991 7773
f 7773 7772 7989
f 7772 7990 7989
f 7975 7771 7755
f 7771 7975 7770
f 7770 7973 7769
f 8014 7803 7801
f 8016 7803 8014
f 8017 8017 7804
f 7829 8042 7830
f 8041 7829 7828
f 8042 7829 8041
f 8042 8042 7829
f 7826 8041 7828
f 8040 8041 7826
f 8040 7826 8038
f 8038 7826 7826
f 8039 7825 7827
f 8037 7825 8039
f 7824 8038 7826
f 8036 8038 7824
f 8036 8036 8038
f 8036 8036 8036
f 8034 8034 8034
f 8037 7822 7825
f 8034 7822 8037
f 8034 8034 7822
f 7823 8036 7824
f 8035 7823 7820
f 8036 7823 8035
f 7833 8044 8043
f 8036 8036 7823
f 7832 7833 8043
f 8039 7827 8043
f 8048 8049 8048
f 8048 8049 8049
f 8048 8048 8048
f 8051 7833 7841
f 8044 7833 8051
f 7838 8050 7840
f 8050 7838 8049
f 7838 7837 8049
f 8049 7837 8048
f 7837 7836 8048
f 8047 7836 7835
f 8048 7836 8047
f 8048 8048 7836
f 7834 8047 7835
f 8046 8047 7834
f 7830 8046 7834
f 8045 8046 7830
f 8042 8045 7830
f 8042 8042 7830
f 8042 7830 7830
f 8042 8042 8042
f 8043 7827 7832
f 8035 7820 8033
f 8033 7820 7820
f 8034 8030 7818
f 7812 7810 8025
f 7810 8024 8025
f 8024 7810 8022
f 8022 7810 7810
f 8023 7809 7811
f 8021 7809 8023
f 8022 7810 7808
f 8020 8022 7808
f 8021 7806 7809
f 8018 7806 8021
f 7808 7807 8020
f 7807 8019 8020
f 8017 8019 7807
f 8017 8017 7807
f 8017 7807 7805
f 8017 8017 8017
f 8018 7802 7806
f 8015 7802 8018
f 7804 8017 7805
f 8016 7804 7803
f 8017 7804 8016
f 7814 8026 8023
f 7811 7814 8023
f 8023 7811 7811
f 8023 7811 8023
f 8034 8034 7818
f 8034 7818 7821
f 7821 7822 8034
f 7820 7819 8033
f 7819 8032 8033
f 7817 8032 7819
f 8031 8032 7817
f 8029 8031 7817
f 8029 8029 7817
f 8029 8029 8029
f 7980 7758 7981
f 8026 7814 8026
f 7814 7818 8026
f 7818 8030 8026
f 7816 8029 7817
f 8028 7816 7815
f 8029 7816 8028
f 8029 8029 7816
f 7812 8028 7815
f 8027 8028 7812
f 8027 7812 8025
f 8025 7812 7812
f 8026 7814 7814
f 7882 7885 7882
f 7757 7758 7980
f 7756 7757 7979
f 7918 7920 7919
f 7919 7920 7921
f 7916 7918 7917
f 7917 7918 7919
f 7914 7916 7915
f 7915 7916 7917
f 7915 7913 7702
f 7914 7915 7702
f 7914 7702 7703
f 7700 7702 7913
f 7912 7700 7913
f 7698 7700 7912
f 7911 7698 7912
f 7697 7698 7911
f 7910 7697 7911
f 7910 7906 7697
f 7906 7695 7697
f 7903 7696 7693
f 7908 7696 7903
f 7908 7907 7696
f 7909 7907 7908
f 7921 7922 7922
f 7695 7906 7695
f 7920 7922 7921
f 7704 7923 7924
f 7918 7916 7712
f 7712 7916 7711
f 7916 7914 7711
f 7914 7703 7711
f 7907 7710 7696
f 7710 7930 7709
f 7907 7930 7710
f 7907 7909 7930
f 7708 7709 7930
f 7928 7708 7930
f 7708 7928 7708
f 7708 7928 7929
f 7707 7707 7707
f 7926 7706 7707
f 7927 7926 7707
f 7927 7707 7707
f 7705 7706 7926
f 7925 7705 7926
f 7704 7705 7925
f 7923 7704 7925
f 7704 7923 7704
f 7922 7922 7922
f 7713 7918 7712
f 7695 7906 7905
f 7904 7694 7905
f 7889 7681 7894
f 7682 7892 7683
f 7891 7680 7888
f 7891 7682 7680
f 7891 7893 7682
f 7893 7892 7682
f 7890 7891 7887
f 7887 7891 7888
f 7886 7890 7886
f 7886 7890 7887
f 7886 7886 7886
f 7889 7676 7681
f 7884 7676 7889
f 7679 7888 7680
f 7888 7679 7887
f 7679 7678 7887
f 7887 7678 7886
f 7678 7677 7886
f 7885 7674 7883
f 7885 7677 7674
f 7885 7886 7677
f 7894 7681 7684
f 7694 7695 7905
f 7893 7895 7892
f 7892 7896 7683
f 7904 7902 7694
f 7902 7692 7694
f 7901 7693 7691
f 7901 7903 7693
f 7901 7901 7693
f 7901 7693 7693
f 7902 7690 7692
f 7900 7690 7902
f 7898 7691 7688
f 7901 7691 7898
f 7901 7901 7691
f 7901 7901 7901
f 7690 7900 7689
f 7689 7900 7899
f 7899 7897 7689
f 7897 7686 7689
f 7898 7688 7685
f 7896 7898 7685
f 7897 7684 7686
f 7894 7684 7897
f 7683 7896 7685
f 7892 7895 7896
f 7920 7918 7713
f 7714 7920 7713
f 7922 7920 7714
f 7745 7746 7964
f 7963 7745 7964
f 7744 7745 7963
f 7962 7744 7963
f 7743 7744 7962
f 7961 7743 7962
f 7742 7743 7961
f 7960 7742 7961
f 7960 7741 7742
f 7953 7741 7960
f 7953 7951 7741
f 7951 7735 7741
f 7929 7959 7708
f 7959 7740 7708
f 7739 7740 7959
f 7958 7739 7959
f 7737 7739 7958
f 7957 7737 7958
f 7737 7957 7956
f 7738 7737 7956
f 7738 7956 7955
f 7964 7746 7965
f 7954 7955 7954
f 7746 7747 7965
f 7747 7748 7966
f 7978 7756 7979
f 7754 7756 7978
f 7977 7754 7978
f 7754 7977 7976
f 7755 7754 7976
f 7755 7976 7975
f 7973 7975 7974
f 7974 7975 7976
f 7971 7973 7972
f 7972 7973 7974
f 7972 7970 7752
f 7971 7972 7752
f 7971 7752 7752
f 7751 7752 7970
f 7969 7751 7970
f 7750 7751 7969
f 7968 7750 7969
f 7749 7750 7968
f 7967 7749 7968
f 7748 7749 7967
f 7966 7748 7967
f 7965 7747 7966
f 7954 7955 7956
f 7954 7954 7954
f 7952 7951 7953
f 7939 7724 7940
f 7723 7724 7939
f 7938 7723 7939
f 7722 7723 7938
f 7937 7722 7938
f 7721 7722 7937
f 7936 7721 7937
f 7720 7721 7936
f 7935 7720 7936
f 7719 7720 7935
f 7934 7719 7935
f 7718 7719 7934
f 7933 7718 7934
f 7717 7718 7933
f 7932 7717 7933
f 7716 7717 7932
f 7931 7716 7932
f 7931 7715 7716
f 7922 7715 7931
f 7922 7922 7715
f 7715 7922 7714
f 7724 7725 7940
f 7940 7725 7704
f 7924 7940 7704
f 7927 7707 7941
f 7952 7950 7734
f 7951 7952 7734
f 7951 7734 7735
f 7733 7734 7950
f 7949 7733 7950
f 7732 7733 7949
f 7948 7732 7949
f 7731 7732 7948
f 7947 7731 7948
f 7730 7731 7947
f 7979 7757 7980
f 7946 7730 7947
f 7945 7729 7946
f 7728 7729 7945
f 7944 7728 7945
f 7727 7728 7944
f 7943 7727 7944
f 7726 7727 7943
f 7942 7726 7943
f 7941 7726 7942
f 7707 7726 7941
f 7707 7707 7726
f 7729 7730 7946
f 8982 9013 9014
f 8351 8352 8353
f 8109 8353 8352
f 8779 8778 8403
f 8403 8778 8402
f 8778 8777 8402
f 8402 8777 8401
f 8777 8776 8401
f 8401 8776 8400
f 8776 8775 8400
f 8400 8775 8399
f 8775 8774 8399
f 8399 8774 8398
f 8774 8772 8398
f 8398 8772 8397
f 8772 8770 8397
f 8397 8770 8395
f 8770 8769 8395
f 8395 8769 8393
f 8769 8768 8393
f 8393 8768 8392
f 8768 8766 8392
f 8392 8766 8391
f 8766 8764 8391
f 8404 8779 8403
f 8391 8764 8390
f 8780 8779 8404
f 8781 8780 8405
f 8784 8790 8785
f 8784 8789 8790
f 8783 8789 8784
f 8783 8788 8789
f 8782 8788 8783
f 8782 8787 8788
f 8410 8787 8782
f 8410 8410 8787
f 8410 8417 8787
f 8415 8786 8416
f 8786 8415 8785
f 8415 8414 8785
f 8785 8414 8784
f 8414 8413 8784
f 8784 8413 8783
f 8413 8412 8783
f 8783 8412 8782
f 8412 8411 8782
f 8411 8410 8782
f 8781 8406 8370
f 8406 8781 8405
f 8405 8780 8404
f 8785 8790 8791
f 8764 8762 8390
f 8762 8760 8389
f 8743 8741 8374
f 8374 8741 8373
f 8741 8739 8373
f 8373 8739 8372
f 8739 8737 8372
f 8737 8369 8372
f 8713 8371 8330
f 8371 8713 8370
f 8713 8711 8370
f 8781 8711 8710
f 8370 8711 8781
f 8370 8370 8711
f 8710 8780 8781
f 8709 8780 8710
f 8709 8779 8780
f 8708 8779 8709
f 8708 8778 8779
f 8707 8778 8708
f 8707 8777 8778
f 8706 8777 8707
f 8706 8776 8777
f 8375 8743 8374
f 8390 8762 8389
f 8745 8743 8375
f 8747 8745 8376
f 8389 8760 8388
f 8760 8758 8388
f 8388 8758 8387
f 8758 8756 8387
f 8387 8756 8386
f 8756 8754 8386
f 8386 8754 8385
f 8754 8753 8385
f 8385 8753 8383
f 8753 8752 8383
f 8383 8752 8381
f 8752 8751 8381
f 8381 8751 8380
f 8751 8750 8380
f 8380 8750 8379
f 8750 8749 8379
f 8379 8749 8378
f 8749 8748 8378
f 8378 8748 8377
f 8748 8747 8377
f 8377 8747 8376
f 8376 8745 8375
f 8785 8791 8786
f 8786 8791 8792
f 8416 8416 8786
f 8821 8823 8820
f 8436 8440 8436
f 8436 8440 8440
f 8440 8822 8436
f 8822 8817 8436
f 8437 8820 8439
f 8819 8437 8434
f 8821 8437 8819
f 8821 8820 8437
f 8818 8819 8434
f 8815 8818 8434
f 8815 8434 8434
f 8816 8818 8815
f 8432 8432 8432
f 8811 8436 8811
f 8811 8436 8436
f 8811 8432 8436
f 8432 8432 8436
f 8817 8811 8436
f 8433 8815 8434
f 8814 8431 8809
f 8825 8824 8441
f 8814 8433 8431
f 8823 8825 8441
f 8823 8439 8820
f 8832 8829 8829
f 8829 8829 8829
f 8827 8831 8827
f 8827 8831 8831
f 8446 8831 8443
f 8831 8827 8443
f 8444 8830 8445
f 8830 8444 8829
f 8444 8442 8829
f 8828 8442 8824
f 8828 8442 8442
f 8828 8829 8442
f 8829 8829 8442
f 8825 8828 8824
f 8827 8827 8827
f 8827 8443 8827
f 8440 8827 8826
f 8440 8443 8827
f 8440 8440 8443
f 8822 8440 8826
f 8441 8824 8442
f 8823 8441 8439
f 8814 8816 8433
f 8816 8815 8433
f 8813 8814 8808
f 8799 8421 8419
f 8799 8801 8421
f 8801 8800 8421
f 8798 8799 8792
f 8792 8799 8793
f 8797 8798 8791
f 8791 8798 8792
f 8790 8797 8790
f 8790 8797 8791
f 8789 8790 8789
f 8789 8790 8790
f 8796 8789 8788
f 8788 8789 8789
f 8794 8796 8787
f 8787 8796 8788
f 8795 8417 8420
f 8794 8417 8795
f 8794 8787 8417
f 8416 8793 8419
f 8793 8786 8792
f 8416 8786 8793
f 8799 8419 8793
f 8422 8421 8800
f 8802 8422 8800
f 8422 8802 8424
f 8808 8814 8809
f 8812 8813 8806
f 8806 8813 8808
f 8807 8812 8806
f 8803 8426 8432
f 8810 8803 8432
f 8810 8432 8432
f 8811 8810 8432
f 8429 8809 8431
f 8809 8429 8808
f 8705 8776 8706
f 8429 8428 8808
f 8428 8427 8806
f 8805 8424 8802
f 8805 8427 8424
f 8805 8807 8427
f 8807 8806 8427
f 8804 8805 8800
f 8800 8805 8802
f 8801 8804 8800
f 8803 8420 8426
f 8795 8420 8803
f 8808 8428 8806
f 8832 8832 8829
f 8705 8775 8776
f 8704 8774 8775
f 8705 8706 8705
f 8705 8706 8706
f 8704 8705 8704
f 8704 8705 8705
f 8703 8704 8703
f 8703 8704 8704
f 8703 8703 8703
f 8702 8702 8702
f 8701 8702 8701
f 8701 8702 8702
f 8700 8701 8700
f 8700 8701 8701
f 8699 8700 8699
f 8699 8700 8700
f 8698 8699 8698
f 8698 8699 8699
f 8697 8698 8697
f 8697 8698 8698
f 8696 8697 8696
f 8696 8697 8697
f 8696 8696 8696
f 8706 8707 8707
f 8695 8695 8695
f 8706 8707 8706
f 8707 8708 8707
f 8695 8693 8334
f 8334 8693 8333
f 8693 8691 8333
f 8333 8691 8332
f 8691 8689 8332
f 8332 8689 8331
f 8689 8687 8331
f 8687 8327 8331
f 8685 8329 8323
f 8713 8685 8683
f 8330 8685 8713
f 8330 8329 8685
f 8711 8713 8683
f 8712 8711 8683
f 8712 8683 8684
f 8710 8711 8710
f 8710 8711 8712
f 8709 8710 8709
f 8709 8710 8710
f 8708 8709 8708
f 8708 8709 8709
f 8707 8708 8708
f 8335 8695 8334
f 8693 8695 8694
f 8691 8693 8692
f 8676 8682 8682
f 8322 8681 8318
f 8681 8676 8318
f 8315 8674 8320
f 8674 8680 8320
f 8674 8679 8680
f 8673 8679 8674
f 8673 8677 8679
f 8671 8677 8673
f 8677 8671 8678
f 8678 8671 8672
f 8676 8676 8676
f 8676 8675 8318
f 8676 8676 8318
f 8676 8318 8318
f 8675 8317 8318
f 8670 8317 8675
f 8670 8670 8317
f 8670 8314 8317
f 8311 8674 8315
f 8674 8669 8673
f 8676 8676 8682
f 8694 8695 8695
f 8676 8681 8682
f 8684 8677 8678
f 8692 8693 8694
f 8689 8691 8690
f 8690 8691 8692
f 8687 8689 8688
f 8688 8689 8690
f 8688 8686 8327
f 8687 8688 8327
f 8687 8327 8327
f 8686 8326 8327
f 8682 8326 8686
f 8682 8682 8326
f 8326 8682 8324
f 8682 8681 8324
f 8681 8322 8324
f 8680 8323 8320
f 8685 8680 8679
f 8323 8680 8685
f 8323 8323 8680
f 8679 8683 8685
f 8677 8683 8679
f 8683 8677 8684
f 8682 8682 8682
f 8695 8695 8335
f 8695 8335 8714
f 8714 8335 8336
f 8702 8702 8754
f 8702 8754 8755
f 8702 8752 8753
f 8701 8752 8702
f 8701 8751 8752
f 8700 8751 8701
f 8700 8750 8751
f 8699 8750 8700
f 8699 8749 8750
f 8698 8749 8699
f 8698 8748 8749
f 8697 8748 8698
f 8697 8747 8748
f 8696 8747 8697
f 8745 8747 8696
f 8746 8745 8696
f 8746 8696 8696
f 8743 8745 8744
f 8744 8745 8746
f 8741 8743 8742
f 8742 8743 8744
f 8702 8753 8754
f 8739 8741 8740
f 8755 8756 8757
f 8757 8758 8759
f 8703 8774 8704
f 8772 8774 8703
f 8773 8772 8703
f 8773 8703 8703
f 8770 8772 8771
f 8771 8772 8773
f 8769 8770 8769
f 8769 8770 8771
f 8768 8769 8768
f 8768 8769 8769
f 8766 8768 8767
f 8767 8768 8768
f 8764 8766 8765
f 8765 8766 8767
f 8762 8764 8763
f 8763 8764 8765
f 8760 8762 8761
f 8761 8762 8763
f 8758 8760 8759
f 8759 8760 8761
f 8756 8758 8757
f 8754 8756 8755
f 8740 8741 8742
f 8737 8739 8738
f 8738 8739 8740
f 8724 8354 8725
f 8353 8354 8724
f 8723 8353 8724
f 8351 8353 8723
f 8722 8351 8723
f 8349 8351 8722
f 8721 8349 8722
f 8347 8349 8721
f 8720 8347 8721
f 8345 8347 8720
f 8719 8345 8720
f 8343 8345 8719
f 8718 8343 8719
f 8341 8343 8718
f 8717 8341 8718
f 8339 8341 8717
f 8716 8339 8717
f 8337 8339 8716
f 8715 8337 8716
f 8336 8337 8715
f 8714 8336 8715
f 8354 8355 8725
f 8725 8355 8726
f 8355 8356 8726
f 8726 8356 8727
f 8738 8736 8369
f 8737 8738 8369
f 8737 8369 8369
f 8368 8369 8736
f 8735 8368 8736
f 8367 8368 8735
f 8734 8367 8735
f 8366 8367 8734
f 8733 8366 8734
f 8365 8366 8733
f 8704 8775 8705
f 8732 8365 8733
f 8731 8364 8732
f 8362 8364 8731
f 8730 8362 8731
f 8360 8362 8730
f 8729 8360 8730
f 8358 8360 8729
f 8728 8358 8729
f 8357 8358 8728
f 8727 8357 8728
f 8356 8357 8727
f 8364 8365 8732
f 8311 8669 8674
f 8832 8830 8829
f 8445 8830 8833
f 8951 8951 8951
f 8630 8945 8608
f 8951 8945 8630
f 8951 8951 8945
f 8596 8944 8609
f 8944 8950 8609
f 8944 8949 8950
f 8943 8949 8944
f 8943 8948 8949
f 8942 8948 8943
f 8942 8947 8948
f 8941 8947 8942
f 8941 8946 8947
f 8939 8946 8941
f 8946 8939 8946
f 8946 8939 8940
f 8945 8594 8608
f 8938 8594 8945
f 8581 8944 8596
f 8944 8937 8943
f 8581 8937 8944
f 8946 8946 8946
f 8581 8581 8937
f 8953 8946 8946
f 8952 8947 8946
f 8952 8961 8954
f 8961 8952 8962
f 8962 8952 8953
f 8654 8960 8951
f 8654 8654 8951
f 8654 8951 8951
f 8951 8630 8654
f 8650 8959 8651
f 8959 8650 8958
f 8650 8649 8958
f 8649 8648 8958
f 8609 8957 8631
f 8957 8950 8956
f 8609 8950 8957
f 8609 8609 8950
f 8950 8955 8956
f 8949 8955 8950
f 8949 8954 8955
f 8948 8954 8949
f 8948 8952 8954
f 8947 8952 8948
f 8953 8952 8946
f 8954 8961 8963
f 8937 8942 8943
f 8936 8941 8942
f 8925 8929 8930
f 8924 8929 8925
f 8924 8927 8929
f 8923 8927 8924
f 8927 8923 8922
f 8928 8927 8922
f 8928 8922 8922
f 8922 8922 8922
f 8926 8551 8565
f 8921 8551 8926
f 8538 8920 8552
f 8920 8925 8552
f 8920 8924 8925
f 8919 8924 8920
f 8919 8923 8924
f 8917 8923 8919
f 8922 8923 8917
f 8922 8922 8917
f 8922 8917 8918
f 8922 8922 8922
f 8921 8537 8551
f 8925 8930 8566
f 8936 8942 8937
f 8552 8925 8566
f 8931 8565 8565
f 8935 8941 8936
f 8935 8939 8941
f 8933 8939 8935
f 8939 8933 8940
f 8940 8933 8934
f 8594 8938 8932
f 8594 8594 8932
f 8594 8932 8931
f 8931 8580 8594
f 8566 8937 8581
f 8937 8930 8936
f 8566 8930 8937
f 8566 8566 8930
f 8930 8935 8936
f 8929 8935 8930
f 8929 8933 8935
f 8927 8933 8929
f 8933 8927 8934
f 8934 8927 8928
f 8932 8926 8565
f 8931 8932 8565
f 8565 8580 8931
f 8954 8963 8955
f 8955 8963 8964
f 8955 8964 8956
f 8968 9000 8969
f 8968 8999 9000
f 8967 8999 8968
f 8967 8998 8999
f 8966 8998 8967
f 8966 8997 8998
f 8965 8997 8966
f 8965 8996 8997
f 8964 8996 8965
f 8964 8995 8996
f 8963 8995 8964
f 8963 8993 8995
f 8961 8993 8963
f 8993 8961 8994
f 8994 8961 8962
f 8991 8990 8992
f 8991 8989 8670
f 8990 8991 8670
f 8990 8670 8670
f 8989 8960 8670
f 8960 8654 8670
f 8969 9000 9001
f 8666 8988 8667
f 8969 9001 8970
f 8970 9002 8971
f 8981 9012 9013
f 8980 9012 8981
f 8980 9011 9012
f 8979 9011 8980
f 8979 9010 9011
f 8978 9010 8979
f 8978 9009 9010
f 8977 9009 8978
f 8977 9008 9009
f 8976 9008 8977
f 8976 9007 9008
f 8975 9007 8976
f 8975 9006 9007
f 8974 9006 8975
f 8974 9005 9006
f 8973 9005 8974
f 8973 9004 9005
f 8972 9004 8973
f 8972 9003 9004
f 8971 9003 8972
f 8971 9002 9003
f 8970 9001 9002
f 8988 8666 8987
f 8666 8651 8987
f 8987 8959 8986
f 8639 8638 8974
f 8974 8638 8973
f 8638 8660 8973
f 8973 8660 8972
f 8660 8659 8972
f 8972 8659 8971
f 8659 8658 8971
f 8971 8658 8970
f 8658 8657 8970
f 8970 8657 8969
f 8657 8656 8969
f 8969 8656 8968
f 8656 8655 8968
f 8968 8655 8967
f 8655 8631 8967
f 8967 8957 8966
f 8631 8957 8967
f 8631 8631 8957
f 8957 8965 8966
f 8956 8965 8957
f 8956 8964 8965
f 8975 8639 8974
f 8640 8639 8975
f 8976 8640 8975
f 8641 8640 8976
f 8651 8959 8987
f 8651 8651 8959
f 8959 8985 8986
f 8958 8985 8959
f 8958 8984 8985
f 8648 8984 8958
f 8648 8648 8984
f 8984 8648 8983
f 8648 8665 8983
f 8983 8665 8982
f 8916 8537 8921
f 8665 8664 8982
f 8664 8663 8981
f 8981 8663 8980
f 8663 8662 8980
f 8980 8662 8979
f 8662 8661 8979
f 8979 8661 8978
f 8661 8642 8978
f 8978 8642 8977
f 8642 8641 8977
f 8977 8641 8976
f 8982 8664 8981
f 8445 8445 8830
f 8914 8540 8525
f 8914 8913 8538
f 8860 8863 8859
f 8862 8469 8473
f 8857 8469 8862
f 8470 8861 8472
f 8861 8470 8859
f 8470 8466 8859
f 8858 8466 8854
f 8858 8466 8466
f 8858 8860 8466
f 8860 8859 8466
f 8855 8858 8854
f 8853 8465 8856
f 8856 8465 8468
f 8468 8469 8856
f 8469 8857 8856
f 8464 8852 8466
f 8852 8854 8466
f 8854 8852 8851
f 8855 8854 8851
f 8855 8851 8851
f 8851 8851 8851
f 8865 8859 8863
f 8853 8461 8465
f 8865 8864 8859
f 8474 8472 8861
f 8868 8479 8874
f 8874 8479 8487
f 8487 8488 8874
f 8488 8875 8874
f 8481 8873 8482
f 8873 8481 8872
f 8481 8480 8872
f 8872 8866 8870
f 8480 8866 8872
f 8480 8476 8866
f 8870 8866 8864
f 8871 8870 8864
f 8871 8864 8869
f 8865 8869 8864
f 8862 8473 8867
f 8867 8473 8473
f 8473 8479 8867
f 8479 8868 8867
f 8474 8866 8476
f 8866 8861 8864
f 8474 8861 8866
f 8864 8861 8859
f 8871 8876 8870
f 8848 8461 8853
f 8852 8462 8851
f 8838 8840 8837
f 8449 8449 8449
f 8835 8453 8839
f 8449 8453 8835
f 8449 8449 8453
f 8450 8837 8452
f 8836 8448 8833
f 8836 8450 8448
f 8836 8838 8450
f 8838 8837 8450
f 8832 8836 8832
f 8832 8836 8833
f 8832 8832 8832
f 8831 8831 8831
f 8831 8446 8831
f 8449 8446 8449
f 8449 8831 8446
f 8449 8834 8831
f 8835 8834 8449
f 8445 8833 8448
f 8833 8830 8832
f 8842 8841 8454
f 8462 8852 8464
f 8840 8842 8454
f 8840 8452 8837
f 8462 8460 8851
f 8850 8460 8847
f 8850 8460 8460
f 8850 8851 8460
f 8851 8851 8460
f 8849 8850 8845
f 8845 8850 8847
f 8846 8849 8845
f 8848 8457 8461
f 8843 8457 8848
f 8459 8847 8460
f 8847 8459 8845
f 8459 8458 8845
f 8844 8456 8841
f 8844 8458 8456
f 8844 8846 8458
f 8846 8845 8458
f 8842 8844 8841
f 8843 8453 8457
f 8839 8453 8843
f 8454 8841 8456
f 8840 8454 8452
f 8878 8870 8876
f 8878 8877 8870
f 8877 8872 8870
f 8900 8911 8912
f 8898 8911 8900
f 8908 8911 8898
f 8909 8908 8898
f 8909 8898 8899
f 8910 8908 8909
f 8897 8515 8897
f 8897 8515 8515
f 8521 8897 8515
f 8906 8897 8521
f 8521 8522 8906
f 8522 8907 8906
f 8509 8905 8516
f 8905 8896 8904
f 8509 8896 8905
f 8509 8509 8896
f 8896 8903 8904
f 8895 8903 8896
f 8895 8902 8903
f 8894 8902 8895
f 8894 8901 8902
f 8900 8912 8901
f 8893 8901 8894
f 8901 8912 8913
f 8902 8913 8914
f 8920 8913 8912
f 8538 8913 8920
f 8538 8538 8913
f 8912 8919 8920
f 8911 8919 8912
f 8911 8917 8919
f 8908 8917 8911
f 8917 8908 8918
f 8918 8908 8910
f 8907 8522 8915
f 8915 8522 8536
f 8536 8537 8915
f 8537 8916 8915
f 8905 8529 8516
f 8529 8905 8527
f 8905 8904 8527
f 8527 8904 8524
f 8904 8903 8524
f 8914 8903 8902
f 8525 8903 8914
f 8525 8524 8903
f 8901 8913 8902
f 8893 8900 8901
f 8892 8900 8893
f 8892 8898 8900
f 8887 8881 8886
f 8498 8881 8887
f 8498 8491 8881
f 8881 8885 8886
f 8880 8885 8881
f 8880 8884 8885
f 8879 8884 8880
f 8879 8883 8884
f 8877 8883 8879
f 8883 8877 8883
f 8883 8877 8878
f 8882 8488 8497
f 8875 8488 8882
f 8489 8881 8491
f 8881 8489 8880
f 8489 8482 8880
f 8880 8873 8879
f 8482 8873 8880
f 8482 8482 8873
f 8873 8877 8879
f 8872 8877 8873
f 8498 8887 8499
f 8507 8889 8888
f 8506 8507 8888
f 8888 8497 8506
f 8890 8898 8892
f 8898 8890 8899
f 8899 8890 8891
f 8897 8507 8515
f 8889 8507 8897
f 8508 8896 8509
f 8896 8508 8895
f 8508 8499 8895
f 8895 8887 8894
f 8499 8887 8895
f 8540 8914 8538
f 8499 8499 8887
f 8886 8893 8887
f 8886 8892 8893
f 8885 8892 8886
f 8885 8890 8892
f 8884 8890 8885
f 8890 8884 8883
f 8891 8890 8883
f 8891 8883 8883
f 8883 8883 8883
f 8882 8497 8888
f 8887 8893 8894
f 8350 8352 8351
f 8311 8311 8669
f 8668 8671 8669
f 8199 8447 8201
f 8445 8199 8445
f 8445 8199 8199
f 8445 8448 8199
f 8448 8447 8199
f 8445 8445 8445
f 8197 8200 8197
f 8197 8200 8200
f 8200 8446 8197
f 8446 8443 8197
f 8198 8445 8199
f 8444 8198 8196
f 8445 8198 8444
f 8445 8445 8198
f 8442 8444 8196
f 8442 8442 8196
f 8442 8196 8196
f 8442 8442 8442
f 8194 8197 8194
f 8194 8197 8197
f 8197 8443 8194
f 8449 8446 8200
f 8443 8440 8194
f 8202 8449 8200
f 8200 8202 8200
f 8453 8209 8457
f 8205 8209 8453
f 8205 8205 8209
f 8206 8455 8208
f 8454 8204 8451
f 8454 8206 8204
f 8454 8456 8206
f 8456 8455 8206
f 8452 8454 8451
f 8202 8202 8202
f 8449 8205 8449
f 8449 8205 8205
f 8449 8202 8205
f 8202 8202 8205
f 8453 8449 8205
f 8203 8451 8204
f 8450 8201 8447
f 8450 8203 8201
f 8450 8452 8203
f 8452 8451 8203
f 8448 8450 8447
f 8200 8202 8202
f 8205 8205 8205
f 8195 8442 8196
f 8441 8195 8193
f 8434 8434 8187
f 8431 8433 8430
f 8432 8182 8186
f 8426 8182 8432
f 8183 8430 8185
f 8429 8183 8181
f 8431 8183 8429
f 8431 8430 8183
f 8428 8429 8181
f 8425 8428 8181
f 8425 8181 8181
f 8427 8428 8423
f 8423 8428 8425
f 8424 8427 8423
f 8426 8178 8182
f 8420 8178 8426
f 8180 8425 8181
f 8425 8180 8423
f 8180 8179 8423
f 8422 8179 8176
f 8424 8179 8422
f 8433 8434 8187
f 8441 8193 8438
f 8433 8187 8185
f 8188 8187 8434
f 8441 8442 8195
f 8442 8442 8195
f 8439 8441 8438
f 8190 8194 8190
f 8190 8194 8194
f 8194 8440 8190
f 8440 8436 8190
f 8191 8438 8193
f 8437 8189 8435
f 8437 8191 8189
f 8437 8439 8191
f 8439 8438 8191
f 8434 8437 8434
f 8434 8437 8435
f 8434 8434 8434
f 8432 8186 8190
f 8432 8432 8190
f 8432 8190 8190
f 8436 8432 8190
f 8188 8435 8189
f 8435 8188 8434
f 8433 8185 8430
f 8456 8458 8455
f 8455 8210 8208
f 8455 8458 8210
f 8487 8231 8238
f 8238 8239 8487
f 8239 8488 8487
f 8234 8486 8235
f 8486 8234 8485
f 8234 8233 8485
f 8485 8233 8484
f 8233 8232 8484
f 8484 8232 8483
f 8232 8228 8483
f 8483 8478 8482
f 8228 8478 8483
f 8228 8228 8478
f 8482 8478 8477
f 8482 8482 8477
f 8482 8477 8481
f 8480 8481 8475
f 8475 8481 8477
f 8476 8480 8475
f 8473 8473 8473
f 8479 8225 8231
f 8479 8231 8487
f 8473 8225 8479
f 8482 8482 8482
f 8482 8489 8482
f 8499 8492 8490
f 8499 8499 8490
f 8499 8490 8498
f 8491 8498 8490
f 8497 8239 8244
f 8488 8239 8497
f 8241 8496 8242
f 8496 8241 8495
f 8241 8240 8495
f 8495 8240 8494
f 8240 8235 8494
f 8494 8486 8493
f 8235 8486 8494
f 8235 8235 8486
f 8486 8492 8493
f 8485 8492 8486
f 8485 8490 8492
f 8484 8490 8485
f 8490 8484 8483
f 8491 8490 8483
f 8491 8483 8489
f 8482 8489 8483
f 8473 8473 8225
f 8227 8478 8228
f 8478 8227 8477
f 8216 8463 8467
f 8216 8216 8463
f 8466 8463 8466
f 8466 8463 8464
f 8465 8214 8217
f 8461 8214 8465
f 8215 8463 8216
f 8462 8215 8212
f 8464 8215 8462
f 8464 8463 8215
f 8460 8462 8212
f 8460 8460 8212
f 8460 8212 8212
f 8460 8460 8460
f 8461 8209 8214
f 8457 8209 8461
f 8211 8460 8212
f 8459 8211 8210
f 8460 8211 8459
f 8460 8460 8211
f 8458 8459 8210
f 8467 8463 8466
f 8216 8467 8219
f 8220 8469 8468
f 8217 8220 8468
f 8227 8226 8477
f 8477 8226 8475
f 8226 8222 8475
f 8474 8222 8471
f 8474 8222 8222
f 8474 8476 8222
f 8476 8475 8222
f 8472 8474 8471
f 8473 8469 8220
f 8473 8473 8220
f 8424 8423 8179
f 8473 8220 8224
f 8221 8471 8222
f 8470 8219 8467
f 8470 8221 8219
f 8470 8472 8221
f 8472 8471 8221
f 8466 8470 8466
f 8466 8470 8467
f 8466 8466 8466
f 8465 8217 8468
f 8468 8217 8217
f 8224 8225 8473
f 8492 8499 8493
f 8421 8422 8176
f 8418 8176 8176
f 8372 8132 8373
f 8372 8131 8132
f 8369 8131 8372
f 8369 8369 8131
f 8131 8369 8130
f 8369 8368 8130
f 8130 8368 8129
f 8368 8367 8129
f 8129 8367 8128
f 8367 8366 8128
f 8128 8366 8127
f 8366 8365 8127
f 8127 8365 8126
f 8365 8363 8126
f 8126 8363 8125
f 8363 8361 8125
f 8125 8361 8124
f 8361 8359 8124
f 8359 8113 8124
f 8352 8123 8109
f 8123 8352 8122
f 8132 8133 8373
f 8352 8350 8122
f 8373 8133 8374
f 8374 8134 8375
f 8386 8387 8387
f 8384 8386 8385
f 8385 8386 8386
f 8382 8384 8383
f 8383 8384 8385
f 8383 8381 8141
f 8382 8383 8141
f 8382 8141 8141
f 8140 8141 8381
f 8380 8140 8381
f 8139 8140 8380
f 8379 8139 8380
f 8138 8139 8379
f 8378 8138 8379
f 8137 8138 8378
f 8377 8137 8378
f 8136 8137 8377
f 8376 8136 8377
f 8135 8136 8376
f 8375 8135 8376
f 8134 8135 8375
f 8133 8134 8374
f 8386 8387 8386
f 8122 8350 8121
f 8121 8348 8120
f 8365 8366 8365
f 8365 8366 8366
f 8363 8365 8364
f 8364 8365 8365
f 8361 8363 8362
f 8362 8363 8364
f 8359 8361 8360
f 8360 8361 8362
f 8360 8358 8113
f 8359 8360 8113
f 8359 8113 8113
f 8112 8113 8358
f 8357 8112 8358
f 8111 8112 8357
f 8356 8111 8357
f 8110 8111 8356
f 8355 8110 8356
f 8109 8110 8355
f 8354 8109 8355
f 8109 8354 8353
f 8109 8109 8353
f 8366 8367 8367
f 8350 8348 8121
f 8366 8367 8366
f 8367 8368 8367
f 8348 8346 8120
f 8120 8346 8119
f 8346 8344 8119
f 8119 8344 8118
f 8344 8342 8118
f 8118 8342 8117
f 8342 8340 8117
f 8117 8340 8116
f 8340 8338 8116
f 8338 8108 8116
f 8328 8115 8099
f 8115 8371 8114
f 8328 8371 8115
f 8328 8330 8371
f 8114 8371 8370
f 8114 8114 8370
f 8114 8370 8370
f 8370 8370 8370
f 8369 8369 8369
f 8368 8369 8368
f 8368 8369 8369
f 8367 8368 8368
f 8387 8388 8388
f 8387 8388 8387
f 8388 8389 8389
f 8407 8412 8408
f 8165 8407 8165
f 8165 8411 8407
f 8165 8410 8411
f 8410 8410 8411
f 8165 8170 8410
f 8167 8409 8168
f 8409 8167 8408
f 8167 8166 8408
f 8408 8166 8407
f 8166 8164 8407
f 8164 8165 8407
f 8396 8163 8142
f 8163 8396 8162
f 8396 8394 8162
f 8162 8394 8161
f 8394 8393 8161
f 8161 8393 8160
f 8393 8392 8160
f 8160 8392 8159
f 8392 8391 8159
f 8411 8412 8407
f 8159 8391 8158
f 8408 8413 8409
f 8409 8168 8168
f 8419 8421 8418
f 8420 8175 8178
f 8417 8175 8420
f 8173 8418 8176
f 8416 8173 8416
f 8416 8173 8173
f 8416 8419 8173
f 8419 8418 8173
f 8416 8416 8416
f 8410 8410 8410
f 8417 8170 8175
f 8410 8170 8417
f 8410 8410 8170
f 8172 8416 8173
f 8415 8172 8171
f 8416 8172 8415
f 8416 8416 8172
f 8168 8415 8171
f 8414 8415 8168
f 8413 8414 8168
f 8409 8413 8168
f 8412 8413 8408
f 8391 8390 8158
f 8158 8390 8157
f 8390 8389 8157
f 8400 8144 8401
f 8143 8144 8400
f 8399 8143 8400
f 8142 8143 8399
f 8398 8142 8399
f 8142 8398 8397
f 8142 8142 8397
f 8142 8397 8396
f 8394 8396 8395
f 8395 8396 8397
f 8393 8394 8393
f 8393 8394 8395
f 8392 8393 8392
f 8392 8393 8393
f 8391 8392 8391
f 8391 8392 8392
f 8390 8391 8390
f 8390 8391 8391
f 8389 8390 8389
f 8389 8390 8390
f 8388 8389 8388
f 8144 8145 8401
f 8401 8145 8402
f 8145 8146 8402
f 8402 8146 8403
f 8157 8389 8156
f 8389 8388 8156
f 8156 8388 8155
f 8388 8387 8155
f 8155 8387 8154
f 8387 8386 8154
f 8154 8386 8153
f 8386 8384 8153
f 8153 8384 8152
f 8384 8382 8152
f 8418 8421 8176
f 8382 8141 8152
f 8151 8406 8150
f 8370 8406 8151
f 8370 8370 8406
f 8149 8150 8406
f 8405 8149 8406
f 8148 8149 8405
f 8404 8148 8405
f 8147 8148 8404
f 8403 8147 8404
f 8146 8147 8403
f 8370 8151 8114
f 8669 8671 8673
f 8493 8499 8500
f 8494 8500 8501
f 8289 8299 8625
f 8299 8298 8625
f 8296 8624 8297
f 8624 8296 8623
f 8296 8295 8623
f 8623 8295 8622
f 8295 8294 8622
f 8622 8294 8621
f 8294 8282 8621
f 8621 8607 8620
f 8282 8607 8621
f 8282 8282 8607
f 8607 8619 8620
f 8606 8619 8607
f 8606 8618 8619
f 8605 8618 8606
f 8605 8617 8618
f 8604 8617 8605
f 8604 8616 8617
f 8603 8616 8604
f 8603 8615 8616
f 8626 8289 8625
f 8602 8615 8603
f 8290 8289 8626
f 8300 8290 8627
f 8615 8636 8616
f 8615 8635 8636
f 8614 8635 8615
f 8614 8634 8635
f 8613 8634 8614
f 8613 8633 8634
f 8612 8633 8613
f 8612 8632 8633
f 8611 8632 8612
f 8611 8631 8632
f 8610 8631 8611
f 8631 8610 8609
f 8631 8631 8609
f 8631 8609 8609
f 8609 8609 8609
f 8630 8293 8304
f 8608 8293 8630
f 8301 8629 8303
f 8629 8301 8628
f 8301 8300 8628
f 8628 8300 8627
f 8627 8290 8626
f 8616 8636 8637
f 8602 8614 8615
f 8601 8613 8614
f 8588 8601 8602
f 8587 8601 8588
f 8587 8600 8601
f 8586 8600 8587
f 8586 8599 8600
f 8585 8599 8586
f 8585 8598 8599
f 8584 8598 8585
f 8584 8597 8598
f 8583 8597 8584
f 8583 8595 8597
f 8582 8595 8583
f 8595 8582 8581
f 8596 8595 8581
f 8596 8581 8581
f 8581 8581 8581
f 8281 8594 8281
f 8281 8594 8594
f 8594 8580 8281
f 8580 8273 8281
f 8269 8579 8275
f 8588 8602 8589
f 8601 8614 8602
f 8589 8602 8603
f 8590 8603 8604
f 8600 8613 8601
f 8600 8612 8613
f 8599 8612 8600
f 8599 8611 8612
f 8598 8611 8599
f 8598 8610 8611
f 8597 8610 8598
f 8597 8609 8610
f 8595 8609 8597
f 8609 8595 8609
f 8609 8595 8596
f 8608 8281 8293
f 8594 8281 8608
f 8275 8593 8282
f 8593 8607 8282
f 8593 8606 8607
f 8592 8606 8593
f 8592 8605 8606
f 8591 8605 8592
f 8591 8604 8605
f 8590 8604 8591
f 8589 8603 8590
f 8616 8637 8617
f 8617 8637 8638
f 8617 8638 8618
f 8664 8665 8646
f 8646 8665 8647
f 8663 8664 8645
f 8645 8664 8646
f 8662 8663 8644
f 8644 8663 8645
f 8661 8662 8643
f 8643 8662 8644
f 8642 8661 8642
f 8642 8661 8643
f 8641 8642 8641
f 8641 8642 8642
f 8640 8641 8640
f 8640 8641 8641
f 8639 8640 8639
f 8639 8640 8640
f 8638 8639 8638
f 8638 8639 8639
f 8660 8638 8637
f 8637 8638 8638
f 8659 8660 8636
f 8647 8648 8648
f 8636 8660 8637
f 8665 8648 8647
f 8651 8651 8651
f 8671 8668 8667
f 8672 8671 8667
f 8672 8667 8667
f 8667 8667 8667
f 8670 8670 8670
f 8654 8670 8654
f 8654 8670 8670
f 8654 8313 8670
f 8313 8314 8670
f 8654 8309 8313
f 8310 8669 8311
f 8669 8310 8668
f 8310 8306 8668
f 8668 8653 8667
f 8306 8653 8668
f 8306 8306 8653
f 8667 8653 8652
f 8667 8667 8652
f 8667 8652 8666
f 8651 8666 8651
f 8651 8666 8652
f 8648 8648 8648
f 8658 8659 8635
f 8635 8659 8636
f 8657 8658 8634
f 8625 8647 8648
f 8298 8647 8625
f 8298 8298 8647
f 8647 8298 8646
f 8298 8297 8646
f 8646 8624 8645
f 8297 8624 8646
f 8297 8297 8624
f 8624 8644 8645
f 8623 8644 8624
f 8623 8643 8644
f 8622 8643 8623
f 8622 8642 8643
f 8621 8642 8622
f 8621 8641 8642
f 8620 8641 8621
f 8620 8640 8641
f 8619 8640 8620
f 8619 8639 8640
f 8618 8639 8619
f 8618 8638 8639
f 8649 8648 8648
f 8649 8626 8648
f 8626 8625 8648
f 8626 8650 8627
f 8634 8658 8635
f 8656 8657 8633
f 8633 8657 8634
f 8655 8656 8632
f 8632 8656 8633
f 8631 8655 8631
f 8631 8655 8632
f 8631 8631 8631
f 8654 8654 8654
f 8309 8630 8304
f 8579 8593 8275
f 8654 8630 8309
f 8305 8653 8306
f 8653 8629 8652
f 8305 8629 8653
f 8305 8303 8629
f 8629 8651 8652
f 8628 8651 8629
f 8651 8628 8627
f 8651 8651 8627
f 8651 8627 8650
f 8649 8650 8626
f 8654 8654 8630
f 8493 8500 8494
f 8579 8592 8593
f 8578 8591 8592
f 8260 8256 8520
f 8520 8533 8534
f 8519 8533 8520
f 8519 8532 8533
f 8518 8532 8519
f 8518 8531 8532
f 8517 8531 8518
f 8517 8530 8531
f 8516 8530 8517
f 8528 8530 8516
f 8529 8528 8516
f 8529 8516 8516
f 8526 8528 8527
f 8527 8528 8529
f 8523 8526 8524
f 8524 8526 8527
f 8525 8523 8524
f 8515 8254 8515
f 8515 8254 8254
f 8258 8515 8254
f 8521 8515 8258
f 8260 8520 8535
f 8258 8259 8521
f 8535 8520 8534
f 8537 8536 8263
f 8533 8546 8547
f 8532 8546 8533
f 8532 8545 8546
f 8531 8545 8532
f 8531 8544 8545
f 8530 8544 8531
f 8530 8543 8544
f 8528 8543 8530
f 8528 8542 8543
f 8526 8542 8528
f 8526 8541 8542
f 8523 8541 8526
f 8539 8541 8523
f 8540 8539 8523
f 8540 8523 8525
f 8538 8539 8538
f 8538 8539 8540
f 8538 8538 8538
f 8522 8259 8263
f 8536 8522 8263
f 8536 8263 8263
f 8260 8535 8261
f 8533 8547 8534
f 8259 8522 8521
f 8514 8520 8256
f 8501 8509 8502
f 8509 8501 8500
f 8509 8509 8500
f 8509 8500 8508
f 8499 8508 8499
f 8499 8508 8500
f 8499 8499 8499
f 8497 8244 8506
f 8506 8244 8244
f 8244 8249 8506
f 8249 8507 8506
f 8245 8505 8247
f 8505 8245 8504
f 8245 8242 8504
f 8504 8496 8503
f 8242 8496 8504
f 8242 8242 8496
f 8496 8502 8503
f 8495 8502 8496
f 8495 8501 8502
f 8494 8501 8495
f 8502 8509 8510
f 8252 8514 8256
f 8502 8510 8503
f 8503 8511 8504
f 8514 8519 8520
f 8513 8519 8514
f 8513 8518 8519
f 8512 8518 8513
f 8512 8517 8518
f 8511 8517 8512
f 8511 8516 8517
f 8510 8516 8511
f 8516 8510 8509
f 8516 8516 8509
f 8516 8509 8509
f 8509 8509 8509
f 8515 8249 8254
f 8507 8249 8515
f 8250 8514 8252
f 8514 8505 8513
f 8250 8505 8514
f 8250 8247 8505
f 8505 8512 8513
f 8504 8512 8505
f 8504 8511 8512
f 8503 8510 8511
f 8534 8547 8548
f 8534 8548 8535
f 8535 8548 8549
f 8565 8267 8565
f 8565 8267 8267
f 8267 8273 8565
f 8273 8580 8565
f 8266 8579 8269
f 8579 8564 8578
f 8266 8564 8579
f 8266 8266 8564
f 8564 8577 8578
f 8563 8577 8564
f 8563 8576 8577
f 8562 8576 8563
f 8562 8575 8576
f 8561 8575 8562
f 8561 8574 8575
f 8560 8574 8561
f 8560 8573 8574
f 8559 8573 8560
f 8559 8572 8573
f 8558 8572 8559
f 8558 8571 8572
f 8566 8566 8566
f 8557 8571 8558
f 8581 8566 8566
f 8581 8567 8566
f 8577 8591 8578
f 8577 8590 8591
f 8576 8590 8577
f 8576 8589 8590
f 8575 8589 8576
f 8575 8588 8589
f 8574 8588 8575
f 8574 8587 8588
f 8573 8587 8574
f 8573 8586 8587
f 8572 8586 8573
f 8572 8585 8586
f 8571 8585 8572
f 8571 8584 8585
f 8570 8584 8571
f 8570 8583 8584
f 8569 8583 8570
f 8569 8582 8583
f 8568 8582 8569
f 8568 8581 8582
f 8567 8581 8568
f 8581 8581 8566
f 8557 8570 8571
f 8556 8570 8557
f 8556 8569 8570
f 8544 8557 8545
f 8544 8556 8557
f 8543 8556 8544
f 8543 8555 8556
f 8542 8555 8543
f 8542 8554 8555
f 8541 8554 8542
f 8541 8553 8554
f 8539 8553 8541
f 8539 8552 8553
f 8538 8552 8539
f 8552 8538 8552
f 8552 8538 8538
f 8263 8263 8263
f 8537 8265 8551
f 8263 8265 8537
f 8263 8263 8265
f 8261 8550 8264
f 8550 8535 8549
f 8261 8535 8550
f 8261 8261 8535
f 8545 8557 8558
f 8545 8558 8546
f 8546 8558 8559
f 8546 8559 8547
f 8555 8569 8556
f 8555 8568 8569
f 8554 8568 8555
f 8554 8567 8568
f 8553 8567 8554
f 8553 8566 8567
f 8552 8566 8553
f 8566 8552 8566
f 8566 8552 8552
f 8565 8265 8267
f 8578 8592 8579
f 8551 8265 8565
f 8564 8550 8563
f 8264 8550 8564
f 8264 8264 8550
f 8550 8562 8563
f 8549 8562 8550
f 8549 8561 8562
f 8548 8561 8549
f 8548 8560 8561
f 8547 8560 8548
f 8547 8559 8560
f 8264 8564 8266
f 5132 5131 4849
f 4859 4858 5139
f 5123 5130 4830
f 1814 1794 1815
f 1794 1795 1815
f 1813 1793 1814
f 1793 1794 1814
f 1792 1793 1813
f 1789 1790 1812
f 1811 1788 1812
f 1788 1789 1812
f 1810 1537 1811
f 1537 1788 1811
f 1809 1536 1810
f 1536 1537 1810
f 1808 1535 1809
f 1535 1536 1809
f 1807 1787 1808
f 1787 1535 1808
f 1806 1786 1807
f 1786 1787 1807
f 1786 1805 1532
f 1806 1805 1786
f 1806 1806 1805
f 1795 1796 1816
f 1532 1805 1567
f 1815 1795 1816
f 1816 1796 1817
f 1571 1825 1570
f 1825 1824 1570
f 1570 1824 1569
f 1824 1823 1569
f 1569 1823 1568
f 1822 1549 1549
f 1822 1549 1568
f 1822 1568 1822
f 1822 1568 1823
f 1821 1804 1822
f 1804 1549 1822
f 1803 1804 1821
f 1800 1801 1820
f 1819 1799 1820
f 1799 1800 1820
f 1799 1818 1798
f 1819 1818 1799
f 1819 1819 1818
f 1798 1818 1817
f 1797 1798 1817
f 1817 1796 1797
f 1816 1816 1796
f 1826 1825 1571
f 1532 1532 1567
f 1567 1567 1567
f 1795 1794 1545
f 1545 1794 1544
f 1794 1793 1544
f 1544 1793 1543
f 1792 1542 1543
f 1792 1792 1543
f 1792 1543 1793
f 1541 1542 1792
f 1791 1541 1792
f 1540 1541 1791
f 1790 1540 1791
f 1539 1540 1790
f 1789 1539 1790
f 1789 1790 1790
f 1789 1788 1539
f 1539 1788 1538
f 1788 1537 1538
f 1535 1787 1534
f 1787 1786 1534
f 1534 1786 1533
f 1786 1532 1533
f 1546 1795 1545
f 1532 1567 1567
f 1796 1795 1546
f 1797 1796 1547
f 1549 1549 1549
f 1549 1804 1528
f 1549 1549 1528
f 1549 1528 1528
f 1804 1785 1528
f 1803 1785 1804
f 1803 1803 1785
f 1784 1785 1803
f 1780 1781 1802
f 1801 1779 1802
f 1779 1780 1802
f 1779 1800 1778
f 1801 1800 1779
f 1801 1801 1800
f 1778 1800 1799
f 1777 1778 1799
f 1777 1799 1798
f 1526 1777 1798
f 1526 1798 1548
f 1798 1797 1548
f 1548 1797 1547
f 1547 1796 1546
f 1533 1532 1532
f 1572 1826 1571
f 1572 1574 1827
f 1862 1861 1860
f 1832 1833 1859
f 1858 1831 1859
f 1831 1832 1859
f 1857 1830 1858
f 1830 1831 1858
f 1856 1829 1857
f 1829 1830 1857
f 1855 1828 1856
f 1828 1829 1856
f 1854 1577 1855
f 1577 1828 1855
f 1594 1854 1853
f 1577 1854 1594
f 1577 1577 1854
f 1593 1594 1853
f 1852 1593 1853
f 1592 1593 1852
f 1851 1592 1852
f 1850 1592 1851
f 1827 1592 1850
f 1861 1864 1863
f 1827 1574 1592
f 1860 1861 1863
f 1863 1864 1597
f 1875 1876 1874
f 1610 1873 1874
f 1873 1875 1874
f 1873 1609 1872
f 1610 1609 1873
f 1610 1610 1609
f 1607 1872 1609
f 1871 1872 1607
f 1605 1871 1607
f 1870 1871 1605
f 1603 1870 1605
f 1869 1870 1603
f 1601 1869 1603
f 1868 1869 1601
f 1599 1868 1601
f 1867 1868 1599
f 1596 1867 1599
f 1866 1867 1596
f 1596 1865 1866
f 1597 1865 1596
f 1597 1597 1865
f 1864 1865 1597
f 1827 1826 1572
f 1849 1826 1850
f 1848 1825 1849
f 1836 1586 1837
f 1585 1586 1836
f 1835 1585 1836
f 1584 1585 1835
f 1834 1584 1835
f 1583 1584 1834
f 1833 1583 1834
f 1582 1583 1833
f 1832 1582 1833
f 1832 1833 1833
f 1832 1831 1582
f 1582 1831 1581
f 1831 1830 1581
f 1581 1830 1580
f 1830 1829 1580
f 1580 1829 1579
f 1829 1828 1579
f 1579 1828 1578
f 1828 1577 1578
f 1578 1577 1577
f 1577 1577 1577
f 1586 1587 1837
f 1826 1827 1850
f 1837 1587 1838
f 1838 1588 1839
f 1825 1826 1849
f 1847 1824 1848
f 1824 1825 1848
f 1846 1823 1847
f 1823 1824 1847
f 1822 1823 1846
f 1818 1819 1845
f 1844 1817 1845
f 1817 1818 1845
f 1816 1817 1844
f 1805 1806 1843
f 1842 1567 1843
f 1567 1805 1843
f 1591 1842 1841
f 1567 1842 1591
f 1567 1567 1842
f 1590 1591 1841
f 1840 1590 1841
f 1589 1590 1840
f 1839 1589 1840
f 1588 1589 1839
f 1587 1588 1838
f 1532 1532 1532
f 1528 1528 1528
f 1528 1785 1528
f 1733 1734 1732
f 1726 1732 1731
f 1728 1732 1726
f 1728 1733 1732
f 1726 1731 1730
f 1725 1726 1730
f 1468 1464 1730
f 1730 1464 1725
f 1459 1465 1459
f 1459 1465 1465
f 1465 1729 1459
f 1729 1724 1459
f 1727 1728 1726
f 1721 1726 1725
f 1723 1726 1721
f 1723 1727 1726
f 1720 1721 1725
f 1463 1720 1725
f 1463 1725 1464
f 1720 1463 1458
f 1453 1459 1453
f 1735 1729 1465
f 1453 1459 1459
f 1469 1735 1465
f 1730 1473 1468
f 1738 1743 1742
f 1739 1743 1738
f 1739 1739 1743
f 1738 1742 1741
f 1737 1738 1741
f 1737 1741 1479
f 1736 1737 1479
f 1479 1474 1479
f 1479 1474 1736
f 1469 1476 1476
f 1476 1740 1469
f 1740 1735 1469
f 1734 1739 1738
f 1732 1738 1737
f 1734 1738 1732
f 1734 1734 1738
f 1732 1737 1736
f 1731 1732 1736
f 1730 1731 1736
f 1473 1730 1736
f 1473 1736 1474
f 1465 1469 1465
f 1739 1744 1743
f 1459 1724 1453
f 1722 1723 1721
f 1440 1707 1711
f 1440 1440 1711
f 1440 1711 1446
f 1440 1440 1440
f 1710 1433 1441
f 1706 1433 1710
f 1708 1709 1707
f 1702 1707 1440
f 1704 1707 1702
f 1704 1708 1707
f 1700 1702 1440
f 1439 1700 1440
f 1439 1440 1440
f 1439 1437 1700
f 1700 1437 1698
f 1698 1437 1430
f 1697 1425 1705
f 1705 1425 1432
f 1432 1433 1705
f 1433 1706 1705
f 1703 1704 1702
f 1709 1709 1712
f 1724 1719 1453
f 1709 1712 1707
f 1709 1713 1712
f 1716 1721 1720
f 1718 1721 1716
f 1718 1722 1721
f 1715 1716 1720
f 1457 1715 1720
f 1457 1720 1458
f 1715 1457 1452
f 1714 1447 1453
f 1714 1714 1453
f 1714 1453 1453
f 1719 1714 1453
f 1717 1718 1716
f 1712 1716 1715
f 1713 1716 1712
f 1713 1717 1716
f 1711 1712 1715
f 1451 1711 1715
f 1451 1715 1452
f 1711 1451 1446
f 1714 1441 1447
f 1710 1441 1714
f 1707 1712 1711
f 1746 1740 1476
f 1745 1746 1476
f 1476 1481 1745
f 1775 1510 1511
f 1775 1775 1511
f 1775 1511 1776
f 1774 1510 1775
f 1767 1510 1774
f 1767 1503 1510
f 1768 1767 1774
f 1764 1765 1772
f 1765 1773 1772
f 1764 1772 1771
f 1763 1764 1771
f 1763 1771 1770
f 1762 1763 1770
f 1762 1770 1769
f 1500 1762 1769
f 1500 1769 1509
f 1500 1500 1509
f 1500 1509 1509
f 1509 1509 1509
f 1501 1503 1767
f 1766 1760 1495
f 1512 1776 1511
f 1766 1495 1501
f 1512 1776 1512
f 1525 1777 1526
f 1528 1785 1527
f 1784 1512 1512
f 1784 1512 1527
f 1784 1527 1784
f 1784 1527 1785
f 1783 1776 1784
f 1776 1512 1784
f 1775 1776 1783
f 1772 1773 1782
f 1781 1771 1782
f 1771 1772 1782
f 1771 1780 1770
f 1781 1780 1771
f 1781 1781 1780
f 1770 1780 1779
f 1769 1770 1779
f 1769 1779 1778
f 1509 1769 1778
f 1509 1778 1777
f 1509 1509 1777
f 1509 1777 1525
f 1512 1512 1512
f 1766 1501 1768
f 1768 1501 1767
f 1761 1760 1766
f 1492 1485 1754
f 1754 1485 1747
f 1486 1487 1753
f 1752 1745 1481
f 1752 1481 1486
f 1752 1486 1752
f 1752 1486 1753
f 1746 1745 1752
f 1744 1751 1750
f 1743 1750 1749
f 1744 1750 1743
f 1744 1744 1750
f 1743 1749 1748
f 1742 1743 1748
f 1742 1748 1747
f 1741 1742 1747
f 1479 1741 1747
f 1479 1479 1747
f 1479 1747 1485
f 1479 1479 1479
f 1476 1481 1476
f 1747 1748 1754
f 1748 1755 1754
f 1748 1749 1755
f 1749 1756 1755
f 1757 1758 1765
f 1757 1764 1756
f 1765 1764 1757
f 1765 1765 1764
f 1756 1764 1763
f 1755 1756 1763
f 1755 1763 1762
f 1754 1755 1762
f 1754 1762 1500
f 1492 1754 1500
f 1878 1862 1877
f 1492 1500 1500
f 1493 1495 1760
f 1759 1753 1487
f 1759 1487 1493
f 1759 1493 1761
f 1761 1493 1760
f 1752 1753 1759
f 1750 1751 1757
f 1751 1758 1757
f 1750 1757 1756
f 1749 1750 1756
f 1500 1500 1500
f 1862 1862 1860
f 1862 1860 1877
f 1877 1860 1879
f 1972 1973 1734
f 1733 1972 1734
f 1733 1734 1734
f 1972 1733 1728
f 1724 1729 1724
f 1724 1729 1729
f 1729 1977 1724
f 1977 1971 1724
f 1975 1976 1974
f 1973 1970 1974
f 1970 1975 1974
f 1968 1973 1972
f 1970 1973 1968
f 1970 1970 1973
f 1967 1968 1972
f 1727 1967 1972
f 1727 1972 1728
f 1967 1727 1723
f 1966 1719 1724
f 1966 1966 1724
f 1966 1724 1724
f 1973 1974 1734
f 1971 1966 1724
f 1974 1978 1734
f 1976 1979 1974
f 1739 1739 1739
f 1735 1740 1735
f 1735 1740 1740
f 1740 1987 1735
f 1987 1982 1735
f 1985 1986 1984
f 1979 1984 1983
f 1981 1984 1979
f 1981 1985 1984
f 1979 1983 1739
f 1978 1979 1739
f 1734 1978 1739
f 1734 1734 1739
f 1734 1739 1739
f 1734 1734 1734
f 1729 1735 1729
f 1729 1735 1735
f 1735 1982 1729
f 1982 1977 1729
f 1980 1981 1979
f 1974 1979 1978
f 1976 1980 1979
f 1739 1744 1744
f 1969 1970 1968
f 1965 1968 1963
f 1957 1706 1710
f 1954 1706 1957
f 1955 1956 1709
f 1950 1952 1955
f 1950 1955 1709
f 1950 1709 1708
f 1708 1709 1709
f 1950 1708 1704
f 1949 1697 1953
f 1953 1697 1705
f 1705 1706 1953
f 1706 1954 1953
f 1951 1952 1950
f 1951 1703 1948
f 1950 1703 1951
f 1950 1704 1703
f 1948 1703 1701
f 1948 1948 1701
f 1948 1701 1946
f 1701 1699 1946
f 1946 1699 1944
f 1709 1709 1709
f 1963 1968 1967
f 1709 1958 1713
f 1709 1956 1958
f 1965 1969 1968
f 1961 1963 1967
f 1722 1961 1967
f 1722 1967 1723
f 1961 1722 1718
f 1960 1714 1960
f 1960 1714 1714
f 1714 1719 1960
f 1719 1966 1960
f 1964 1965 1963
f 1961 1962 1963
f 1962 1964 1963
f 1958 1959 1962
f 1958 1962 1961
f 1958 1961 1717
f 1717 1961 1718
f 1958 1717 1713
f 1960 1710 1714
f 1957 1710 1960
f 1956 1959 1958
f 1709 1956 1956
f 1709 1958 1709
f 1739 1739 1744
f 1739 1983 1744
f 1983 1984 1744
f 1775 2018 1775
f 1775 2018 1774
f 2017 2010 1768
f 2017 1768 1774
f 2017 1774 2019
f 2019 1774 2018
f 2011 2010 2017
f 2007 2008 2015
f 2008 2016 2015
f 2007 2015 2014
f 2006 2007 2014
f 2006 2014 2013
f 2005 2006 2013
f 2005 2013 2012
f 1765 2005 2012
f 1773 1765 2012
f 2012 1765 1765
f 1766 1768 2010
f 2009 2003 1761
f 2009 1761 1766
f 2009 1766 2011
f 1775 1775 1775
f 2011 1766 2010
f 1781 1781 1781
f 2020 1781 1782
f 1784 1784 1784
f 1784 2027 1784
f 1784 2027 1783
f 2026 1775 1775
f 2026 1775 1783
f 2026 1783 2026
f 2026 1783 2027
f 2025 2018 2026
f 2018 1775 2026
f 2019 2018 2025
f 2015 2016 2024
f 2023 2014 2024
f 2014 2015 2024
f 2014 2022 2013
f 2023 2022 2014
f 2023 2023 2022
f 2013 2022 2021
f 2012 2013 2021
f 2012 2021 2020
f 1773 2012 2020
f 1773 2020 1782
f 1782 1781 1781
f 2004 2003 2009
f 2000 2001 2007
f 2001 2008 2007
f 1997 1752 1752
f 1992 1746 1997
f 1991 1996 1995
f 1989 1995 1994
f 1991 1995 1989
f 1991 1991 1995
f 1989 1994 1993
f 1988 1989 1993
f 1744 1988 1993
f 1744 1744 1993
f 1744 1993 1751
f 1744 1744 1744
f 1740 1746 1740
f 1740 1746 1746
f 1746 1992 1740
f 1992 1987 1740
f 1990 1991 1989
f 1984 1989 1988
f 1986 1989 1984
f 1986 1990 1989
f 1984 1988 1744
f 1997 1752 1997
f 1997 1746 1752
f 1997 1746 1746
f 1752 1752 1752
f 2000 2007 2006
f 1999 2000 2006
f 1999 2006 2005
f 1998 1999 2005
f 1998 2005 1765
f 1758 1998 1765
f 1758 1765 1765
f 1765 1765 1765
f 1759 1761 2003
f 2002 1752 1752
f 1944 1699 1696
f 2002 1752 1759
f 2004 1759 2003
f 1997 1752 2002
f 1995 1996 2000
f 1996 2001 2000
f 1995 2000 1999
f 1994 1995 1999
f 1994 1999 1998
f 1993 1994 1998
f 1758 1751 1998
f 1998 1751 1993
f 2002 1759 2004
f 1700 1701 1702
f 1949 1693 1697
f 1947 1948 1946
f 1644 1896 1896
f 1644 1896 1648
f 1644 1648 1644
f 1644 1648 1648
f 1644 1644 1644
f 1897 1639 1646
f 1894 1639 1897
f 1895 1896 1644
f 1895 1643 1893
f 1644 1643 1895
f 1644 1644 1643
f 1893 1643 1641
f 1893 1893 1641
f 1893 1641 1891
f 1641 1637 1891
f 1891 1637 1637
f 1637 1637 1637
f 1894 1629 1639
f 1889 1629 1894
f 1892 1893 1891
f 1637 1890 1891
f 1896 1899 1898
f 1890 1892 1891
f 1648 1896 1898
f 1646 1650 1901
f 1902 1906 1905
f 1902 1905 1654
f 1654 1905 1655
f 1654 1652 1902
f 1902 1652 1652
f 1652 1652 1652
f 1653 1904 1901
f 1653 1653 1901
f 1653 1901 1901
f 1901 1650 1653
f 1900 1903 1902
f 1898 1902 1652
f 1900 1902 1898
f 1900 1900 1902
f 1648 1898 1652
f 1648 1648 1652
f 1648 1652 1652
f 1648 1648 1648
f 1901 1897 1646
f 1901 1901 1646
f 1901 1646 1646
f 1899 1900 1898
f 1902 1903 1906
f 1890 1636 1887
f 1637 1637 1636
f 1622 1619 1879
f 1879 1619 1877
f 1878 1882 1883
f 1878 1620 1882
f 1878 1877 1620
f 1877 1619 1620
f 1884 1883 1882
f 1876 1881 1880
f 1874 1880 1617
f 1876 1880 1874
f 1876 1876 1880
f 1610 1874 1617
f 1610 1610 1617
f 1610 1617 1617
f 1610 1610 1610
f 1597 1597 1597
f 1612 1863 1597
f 1612 1612 1597
f 1612 1597 1597
f 1863 1612 1879
f 1860 1863 1879
f 1612 1622 1879
f 1637 1636 1890
f 1612 1622 1612
f 1617 1617 1617
f 1887 1636 1634
f 1887 1887 1634
f 1887 1634 1885
f 1634 1626 1885
f 1885 1626 1626
f 1626 1626 1626
f 1882 1620 1631
f 1631 1628 1888
f 1882 1631 1888
f 1882 1888 1884
f 1628 1629 1888
f 1629 1889 1888
f 1886 1887 1885
f 1626 1881 1885
f 1881 1886 1885
f 1880 1881 1881
f 1880 1881 1626
f 1880 1626 1625
f 1625 1626 1626
f 1625 1617 1880
f 1880 1617 1617
f 1612 1612 1612
f 1906 1907 1905
f 1904 1653 1656
f 1908 1904 1656
f 1686 1687 1937
f 1687 1938 1937
f 1932 1936 1935
f 1930 1935 1934
f 1932 1935 1930
f 1932 1932 1935
f 1930 1934 1685
f 1928 1930 1685
f 1682 1928 1685
f 1682 1682 1685
f 1682 1685 1685
f 1682 1682 1682
f 1933 1679 1683
f 1927 1679 1933
f 1931 1932 1930
f 1928 1929 1930
f 1929 1931 1930
f 1682 1926 1928
f 1926 1929 1928
f 1924 1926 1926
f 1924 1926 1682
f 1937 1683 1686
f 1924 1682 1681
f 1933 1683 1937
f 1934 1685 1685
f 1944 1945 1946
f 1945 1947 1946
f 1940 1942 1945
f 1940 1945 1944
f 1940 1944 1695
f 1695 1944 1696
f 1695 1692 1940
f 1940 1692 1692
f 1692 1692 1692
f 1943 1687 1693
f 1938 1687 1943
f 1941 1942 1940
f 1692 1939 1940
f 1939 1941 1940
f 1935 1936 1939
f 1935 1939 1692
f 1935 1692 1691
f 1691 1692 1692
f 1691 1689 1935
f 1935 1689 1934
f 1689 1685 1934
f 1685 1685 1685
f 1681 1682 1682
f 1924 1681 1678
f 1923 1673 1923
f 1917 1912 1665
f 1665 1666 1917
f 1666 1918 1917
f 1915 1916 1914
f 1915 1662 1913
f 1914 1662 1915
f 1914 1663 1662
f 1913 1662 1660
f 1911 1913 1660
f 1911 1660 1909
f 1909 1660 1658
f 1912 1656 1659
f 1908 1656 1912
f 1910 1911 1909
f 1905 1907 1910
f 1905 1910 1909
f 1905 1909 1657
f 1657 1909 1658
f 1905 1657 1655
f 1656 1908 1656
f 1656 1908 1908
f 1665 1912 1659
f 1912 1659 1659
f 1912 1659 1912
f 1914 1668 1663
f 1923 1673 1673
f 1673 1679 1923
f 1679 1927 1923
f 1925 1926 1924
f 1925 1677 1921
f 1924 1677 1925
f 1924 1678 1677
f 1921 1677 1675
f 1921 1921 1675
f 1921 1675 1919
f 1943 1693 1949
f 1919 1675 1671
f 1922 1666 1672
f 1672 1673 1922
f 1673 1923 1922
f 1920 1921 1919
f 1920 1670 1916
f 1919 1670 1920
f 1919 1671 1670
f 1916 1670 1668
f 1916 1916 1668
f 1916 1668 1914
f 1918 1666 1922
f 1790 1790 1790
f 1701 1703 1702
f 1699 1701 1700
f 1490 1499 1498
f 1489 1490 1498
f 1489 1498 1497
f 1488 1489 1497
f 1488 1497 1496
f 1275 1488 1496
f 1278 1275 1496
f 1496 1275 1275
f 1276 1277 1494
f 1493 1274 1274
f 1493 1274 1276
f 1493 1276 1495
f 1495 1276 1494
f 1487 1274 1493
f 1484 1485 1491
f 1485 1492 1491
f 1484 1491 1490
f 1483 1484 1490
f 1483 1490 1489
f 1482 1483 1489
f 1482 1489 1488
f 1500 1500 1499
f 1273 1482 1488
f 1500 1499 1491
f 1491 1492 1500
f 1509 1509 1508
f 1498 1508 1507
f 1497 1498 1507
f 1497 1507 1506
f 1496 1497 1506
f 1496 1506 1505
f 1278 1496 1505
f 1278 1505 1283
f 1505 1282 1283
f 1283 1282 1282
f 1282 1282 1282
f 1281 1281 1281
f 1281 1504 1281
f 1281 1504 1280
f 1504 1502 1280
f 1280 1502 1279
f 1501 1494 1277
f 1501 1277 1279
f 1501 1279 1503
f 1503 1279 1502
f 1495 1494 1501
f 1491 1499 1490
f 1509 1508 1499
f 1273 1488 1275
f 1273 1275 1275
f 1471 1477 1271
f 1470 1471 1271
f 1271 1269 1271
f 1271 1269 1470
f 1268 1270 1268
f 1268 1270 1475
f 1475 1476 1268
f 1476 1469 1268
f 1473 1474 1472
f 1467 1472 1471
f 1468 1472 1467
f 1468 1473 1472
f 1467 1471 1470
f 1466 1467 1470
f 1267 1466 1470
f 1267 1267 1470
f 1267 1470 1269
f 1267 1267 1267
f 1266 1268 1266
f 1266 1268 1268
f 1268 1469 1266
f 1471 1472 1477
f 1273 1273 1275
f 1472 1478 1477
f 1472 1474 1478
f 1275 1275 1275
f 1274 1274 1274
f 1486 1480 1272
f 1486 1272 1274
f 1486 1274 1487
f 1487 1274 1274
f 1481 1480 1486
f 1479 1485 1484
f 1478 1484 1483
f 1479 1484 1478
f 1479 1479 1484
f 1478 1483 1482
f 1477 1478 1482
f 1477 1482 1273
f 1271 1477 1273
f 1273 1271 1273
f 1273 1271 1271
f 1270 1272 1475
f 1475 1272 1480
f 1480 1481 1475
f 1481 1476 1475
f 1474 1479 1478
f 1469 1465 1266
f 1499 1508 1498
f 1503 1502 1510
f 1307 1306 1306
f 1306 1305 1306
f 1306 1305 1305
f 1305 1304 1305
f 1305 1304 1304
f 1304 1303 1304
f 1304 1303 1303
f 1303 1303 1303
f 1302 1302 1302
f 1302 1301 1302
f 1302 1301 1301
f 1301 1300 1301
f 1301 1300 1300
f 1300 1530 1300
f 1300 1530 1299
f 1530 1529 1299
f 1299 1529 1298
f 1528 1285 1285
f 1528 1285 1298
f 1528 1298 1528
f 1528 1298 1529
f 1307 1306 1307
f 1527 1513 1528
f 1308 1307 1307
f 1309 1308 1308
f 1317 1533 1532
f 1286 1533 1317
f 1286 1286 1533
f 1316 1317 1532
f 1531 1316 1532
f 1531 1532 1532
f 1531 1315 1316
f 1316 1315 1315
f 1315 1314 1315
f 1315 1314 1314
f 1314 1313 1314
f 1314 1313 1313
f 1313 1312 1313
f 1313 1312 1312
f 1312 1311 1312
f 1312 1311 1311
f 1311 1310 1311
f 1311 1310 1310
f 1310 1309 1310
f 1310 1309 1309
f 1309 1308 1309
f 1308 1307 1308
f 1499 1500 1509
f 1513 1285 1528
f 1508 1509 1525
f 1291 1290 1290
f 1290 1289 1290
f 1290 1289 1289
f 1289 1288 1289
f 1289 1288 1288
f 1288 1287 1288
f 1288 1287 1287
f 1287 1286 1287
f 1287 1286 1286
f 1286 1286 1286
f 1285 1285 1285
f 1285 1513 1285
f 1285 1513 1284
f 1512 1281 1281
f 1512 1281 1284
f 1512 1284 1512
f 1512 1284 1513
f 1511 1504 1512
f 1504 1281 1512
f 1510 1502 1511
f 1502 1504 1511
f 1514 1290 1291
f 1512 1513 1527
f 1292 1514 1291
f 1293 1515 1292
f 1508 1524 1507
f 1525 1524 1508
f 1525 1526 1524
f 1507 1524 1523
f 1506 1507 1523
f 1506 1523 1522
f 1505 1506 1522
f 1505 1522 1521
f 1282 1505 1521
f 1282 1521 1520
f 1282 1282 1520
f 1282 1520 1297
f 1520 1519 1297
f 1297 1519 1296
f 1519 1518 1296
f 1296 1518 1295
f 1518 1517 1295
f 1295 1517 1294
f 1517 1516 1294
f 1294 1516 1293
f 1516 1515 1293
f 1515 1514 1292
f 1462 1464 1467
f 1464 1468 1467
f 1462 1467 1466
f 1410 1411 1246
f 1410 1246 1245
f 1245 1246 1246
f 1245 1244 1410
f 1410 1244 1244
f 1244 1243 1244
f 1244 1243 1243
f 1243 1241 1243
f 1243 1241 1241
f 1241 1241 1241
f 1409 1240 1242
f 1413 1409 1242
f 1413 1242 1412
f 1414 1413 1412
f 1408 1411 1410
f 1406 1410 1244
f 1408 1410 1406
f 1408 1408 1410
f 1406 1244 1243
f 1405 1406 1243
f 1405 1243 1241
f 1410 1411 1411
f 1404 1405 1241
f 1411 1416 1415
f 1416 1417 1415
f 1249 1419 1251
f 1249 1249 1251
f 1249 1251 1251
f 1425 1248 1250
f 1418 1248 1425
f 1423 1424 1422
f 1420 1421 1422
f 1421 1423 1422
f 1419 1417 1420
f 1417 1421 1420
f 1415 1419 1249
f 1417 1419 1415
f 1417 1417 1419
f 1246 1415 1249
f 1246 1246 1249
f 1246 1249 1249
f 1246 1246 1246
f 1412 1242 1247
f 1414 1248 1418
f 1412 1248 1414
f 1412 1247 1248
f 1246 1411 1415
f 1419 1420 1251
f 1241 1239 1241
f 1409 1237 1240
f 1230 1234 1391
f 1230 1230 1391
f 1230 1391 1391
f 1232 1391 1234
f 1398 1391 1232
f 1232 1396 1398
f 1233 1396 1232
f 1233 1395 1396
f 1397 1396 1395
f 1393 1394 1392
f 1231 1390 1392
f 1390 1393 1392
f 1229 1390 1390
f 1229 1390 1231
f 1229 1231 1229
f 1229 1231 1231
f 1229 1229 1229
f 1226 1230 1388
f 1388 1230 1230
f 1230 1391 1388
f 1391 1389 1388
f 1230 1230 1230
f 1241 1239 1404
f 1231 1235 1235
f 1231 1392 1235
f 1403 1237 1409
f 1407 1408 1406
f 1405 1401 1406
f 1401 1407 1406
f 1399 1405 1404
f 1401 1405 1399
f 1401 1401 1405
f 1235 1399 1404
f 1235 1235 1404
f 1235 1404 1239
f 1235 1235 1235
f 1395 1233 1238
f 1238 1236 1402
f 1395 1238 1402
f 1395 1402 1397
f 1236 1237 1402
f 1237 1403 1402
f 1400 1401 1399
f 1392 1399 1235
f 1394 1399 1392
f 1394 1400 1399
f 1231 1231 1235
f 1420 1253 1251
f 1420 1422 1253
f 1422 1426 1253
f 1452 1456 1450
f 1452 1457 1456
f 1450 1455 1454
f 1449 1450 1454
f 1449 1454 1262
f 1448 1449 1262
f 1260 1448 1262
f 1260 1260 1262
f 1260 1262 1262
f 1260 1260 1260
f 1453 1258 1261
f 1447 1258 1453
f 1451 1452 1450
f 1445 1450 1449
f 1446 1450 1445
f 1446 1451 1450
f 1445 1449 1448
f 1444 1445 1448
f 1444 1448 1260
f 1443 1444 1260
f 1442 1443 1260
f 1450 1456 1455
f 1259 1442 1260
f 1457 1458 1456
f 1459 1261 1263
f 1461 1462 1466
f 1461 1466 1267
f 1460 1461 1267
f 1267 1265 1267
f 1267 1265 1460
f 1266 1266 1266
f 1263 1465 1459
f 1266 1465 1263
f 1266 1266 1465
f 1463 1464 1462
f 1456 1462 1461
f 1458 1462 1456
f 1458 1463 1462
f 1456 1461 1460
f 1455 1456 1460
f 1454 1455 1460
f 1264 1454 1460
f 1264 1460 1265
f 1264 1262 1454
f 1454 1262 1262
f 1262 1262 1262
f 1453 1261 1459
f 1259 1260 1260
f 1259 1257 1442
f 1442 1257 1257
f 1430 1437 1436
f 1428 1435 1434
f 1427 1428 1434
f 1426 1427 1434
f 1254 1426 1434
f 1254 1434 1255
f 1254 1253 1426
f 1426 1253 1253
f 1253 1251 1253
f 1253 1251 1251
f 1251 1251 1251
f 1425 1250 1252
f 1432 1425 1252
f 1432 1252 1431
f 1433 1432 1431
f 1429 1430 1428
f 1427 1424 1428
f 1424 1429 1428
f 1422 1427 1426
f 1424 1427 1422
f 1424 1424 1427
f 1430 1436 1428
f 1428 1436 1435
f 1437 1439 1438
f 1436 1437 1438
f 1257 1257 1257
f 1256 1256 1256
f 1441 1258 1447
f 1256 1258 1441
f 1256 1256 1258
f 1440 1446 1445
f 1438 1445 1444
f 1440 1445 1438
f 1440 1440 1445
f 1438 1444 1443
f 1286 1287 1534
f 1436 1438 1443
f 1435 1436 1442
f 1435 1442 1257
f 1434 1435 1257
f 1257 1255 1257
f 1257 1255 1434
f 1252 1256 1431
f 1431 1256 1256
f 1256 1441 1431
f 1441 1433 1431
f 1439 1440 1438
f 1436 1443 1442
f 1533 1286 1534
f 1287 1288 1535
f 1534 1287 1535
f 1372 1372 1372
f 1369 1369 1369
f 1369 1374 1369
f 1653 1649 1369
f 1653 1369 1374
f 1653 1374 1653
f 1650 1649 1653
f 1648 1652 1651
f 1647 1651 1372
f 1648 1651 1647
f 1648 1648 1651
f 1367 1647 1372
f 1367 1367 1372
f 1367 1372 1372
f 1367 1367 1367
f 1362 1369 1645
f 1645 1369 1369
f 1649 1645 1369
f 1646 1645 1649
f 1646 1646 1645
f 1650 1646 1649
f 1651 1372 1372
f 1644 1648 1647
f 1378 1372 1651
f 1652 1652 1378
f 1387 1660 1390
f 1387 1390 1387
f 1387 1390 1390
f 1387 1387 1387
f 1659 1384 1389
f 1656 1384 1659
f 1657 1658 1387
f 1381 1655 1657
f 1381 1657 1387
f 1381 1387 1381
f 1381 1387 1387
f 1381 1381 1381
f 1384 1656 1382
f 1382 1656 1656
f 1656 1653 1382
f 1653 1374 1382
f 1654 1655 1381
f 1654 1380 1652
f 1381 1380 1654
f 1381 1381 1380
f 1652 1380 1378
f 1652 1378 1651
f 1387 1658 1660
f 1642 1647 1367
f 1644 1644 1647
f 1356 1630 1632
f 1356 1356 1632
f 1356 1632 1355
f 1630 1356 1638
f 1627 1630 1638
f 1638 1639 1627
f 1639 1629 1627
f 1636 1637 1635
f 1633 1634 1635
f 1634 1636 1635
f 1634 1352 1626
f 1633 1352 1634
f 1633 1353 1352
f 1626 1352 1350
f 1626 1626 1350
f 1626 1350 1624
f 1350 1342 1624
f 1624 1342 1342
f 1342 1342 1342
f 1623 1328 1347
f 1347 1344 1623
f 1632 1345 1355
f 1644 1647 1642
f 1633 1357 1353
f 1359 1357 1635
f 1640 1642 1367
f 1366 1640 1367
f 1366 1367 1367
f 1366 1360 1640
f 1640 1360 1360
f 1360 1360 1360
f 1356 1356 1356
f 1645 1638 1356
f 1362 1645 1356
f 1362 1356 1356
f 1645 1646 1638
f 1646 1639 1638
f 1643 1644 1642
f 1640 1641 1642
f 1641 1643 1642
f 1360 1637 1640
f 1637 1641 1640
f 1635 1637 1637
f 1635 1637 1360
f 1635 1360 1359
f 1359 1360 1360
f 1635 1357 1633
f 1660 1662 1661
f 1390 1660 1661
f 1662 1663 1661
f 1689 1691 1690
f 1417 1685 1688
f 1685 1689 1688
f 1684 1685 1685
f 1684 1685 1417
f 1684 1417 1416
f 1416 1417 1417
f 1416 1411 1684
f 1684 1411 1411
f 1411 1411 1411
f 1683 1409 1686
f 1686 1409 1413
f 1413 1414 1686
f 1414 1687 1686
f 1682 1685 1684
f 1680 1684 1411
f 1682 1684 1680
f 1682 1682 1684
f 1408 1680 1411
f 1408 1408 1411
f 1408 1411 1411
f 1688 1689 1690
f 1408 1408 1408
f 1691 1692 1690
f 1693 1414 1418
f 1694 1696 1699
f 1694 1699 1698
f 1694 1698 1429
f 1429 1698 1430
f 1429 1424 1694
f 1694 1424 1424
f 1424 1424 1424
f 1697 1418 1425
f 1693 1418 1697
f 1695 1696 1694
f 1424 1692 1694
f 1692 1695 1694
f 1690 1692 1692
f 1690 1692 1424
f 1690 1424 1423
f 1423 1424 1424
f 1423 1421 1690
f 1690 1421 1688
f 1421 1417 1688
f 1688 1417 1417
f 1417 1417 1417
f 1687 1414 1693
f 1683 1403 1409
f 1679 1403 1683
f 1681 1682 1680
f 1398 1396 1672
f 1664 1398 1672
f 1664 1672 1666
f 1396 1397 1672
f 1397 1673 1672
f 1670 1671 1669
f 1667 1668 1669
f 1668 1670 1669
f 1661 1663 1668
f 1661 1668 1667
f 1661 1667 1393
f 1393 1667 1394
f 1393 1390 1661
f 1661 1390 1390
f 1390 1390 1390
f 1659 1389 1391
f 1659 1659 1391
f 1659 1391 1391
f 1664 1665 1391
f 1665 1659 1391
f 1666 1665 1664
f 1391 1398 1664
f 1391 1398 1391
f 1391 1391 1391
f 1667 1400 1394
f 1676 1680 1408
f 1678 1680 1676
f 1678 1681 1680
f 1674 1676 1408
f 1407 1674 1408
f 1407 1408 1408
f 1407 1401 1674
f 1674 1401 1401
f 1401 1401 1401
f 1673 1397 1673
f 1623 1344 1621
f 1673 1397 1402
f 1403 1679 1673
f 1677 1678 1676
f 1674 1675 1676
f 1675 1677 1676
f 1669 1674 1401
f 1671 1674 1669
f 1671 1675 1674
f 1667 1669 1401
f 1400 1667 1401
f 1400 1401 1401
f 1402 1403 1673
f 1698 1699 1700
f 1632 1618 1621
f 1345 1621 1344
f 1550 1551 1569
f 1549 1550 1568
f 1531 1532 1567
f 1531 1566 1315
f 1567 1566 1531
f 1567 1567 1566
f 1315 1566 1565
f 1314 1315 1565
f 1314 1565 1564
f 1313 1314 1564
f 1313 1564 1563
f 1312 1313 1563
f 1312 1563 1562
f 1311 1312 1562
f 1311 1562 1561
f 1310 1311 1561
f 1310 1561 1560
f 1309 1310 1560
f 1309 1560 1559
f 1308 1309 1559
f 1308 1559 1558
f 1568 1550 1569
f 1307 1308 1558
f 1551 1552 1570
f 1552 1553 1571
f 1579 1554 1580
f 1554 1555 1580
f 1325 1579 1578
f 1319 1579 1325
f 1319 1554 1579
f 1324 1325 1578
f 1577 1324 1578
f 1323 1324 1577
f 1576 1323 1577
f 1576 1577 1577
f 1576 1575 1323
f 1323 1575 1322
f 1575 1573 1322
f 1322 1573 1321
f 1572 1320 1321
f 1574 1572 1321
f 1574 1321 1573
f 1571 1320 1572
f 1553 1320 1571
f 1553 1318 1320
f 1570 1552 1571
f 1569 1551 1570
f 1555 1556 1581
f 1307 1558 1557
f 1306 1557 1556
f 1521 1522 1546
f 1544 1520 1545
f 1520 1521 1545
f 1543 1519 1544
f 1519 1520 1544
f 1542 1518 1543
f 1518 1519 1543
f 1541 1517 1542
f 1517 1518 1542
f 1540 1516 1541
f 1516 1517 1541
f 1539 1515 1540
f 1515 1516 1540
f 1538 1514 1539
f 1514 1515 1539
f 1537 1290 1538
f 1290 1514 1538
f 1536 1289 1537
f 1289 1290 1537
f 1535 1288 1536
f 1288 1289 1536
f 1545 1521 1546
f 1306 1307 1557
f 1522 1523 1547
f 1523 1524 1548
f 1305 1306 1556
f 1305 1556 1555
f 1304 1305 1555
f 1304 1555 1554
f 1303 1304 1554
f 1319 1303 1554
f 1554 1303 1303
f 1302 1318 1302
f 1302 1318 1553
f 1302 1553 1552
f 1301 1302 1552
f 1301 1552 1551
f 1300 1301 1551
f 1300 1551 1550
f 1530 1300 1550
f 1550 1529 1530
f 1549 1529 1550
f 1549 1549 1529
f 1528 1529 1549
f 1524 1526 1548
f 1547 1523 1548
f 1546 1522 1547
f 1580 1555 1581
f 1556 1557 1582
f 1581 1556 1582
f 1332 1330 1614
f 1614 1330 1613
f 1330 1327 1613
f 1613 1327 1611
f 1612 1623 1612
f 1612 1328 1623
f 1612 1611 1328
f 1611 1327 1328
f 1621 1622 1623
f 1622 1612 1623
f 1618 1619 1621
f 1619 1622 1621
f 1620 1619 1618
f 1610 1617 1616
f 1608 1616 1615
f 1610 1616 1608
f 1610 1610 1616
f 1608 1615 1337
f 1606 1608 1337
f 1606 1337 1336
f 1604 1606 1336
f 1334 1332 1614
f 1604 1336 1335
f 1334 1332 1334
f 1335 1334 1335
f 1630 1618 1632
f 1631 1618 1630
f 1631 1620 1618
f 1627 1628 1630
f 1628 1631 1630
f 1629 1628 1627
f 1625 1626 1624
f 1342 1617 1624
f 1617 1625 1624
f 1616 1617 1617
f 1616 1617 1342
f 1616 1342 1341
f 1341 1342 1342
f 1341 1339 1616
f 1616 1339 1615
f 1339 1337 1615
f 1615 1337 1337
f 1337 1336 1337
f 1337 1336 1336
f 1336 1335 1336
f 1336 1335 1335
f 1335 1334 1334
f 1602 1604 1335
f 1602 1335 1334
f 1600 1602 1334
f 1573 1575 1593
f 1574 1573 1592
f 1566 1567 1591
f 1590 1565 1591
f 1565 1566 1591
f 1589 1564 1590
f 1564 1565 1590
f 1588 1563 1589
f 1563 1564 1589
f 1587 1562 1588
f 1562 1563 1588
f 1586 1561 1587
f 1561 1562 1587
f 1585 1560 1586
f 1560 1561 1586
f 1584 1559 1585
f 1559 1560 1585
f 1583 1558 1584
f 1558 1559 1584
f 1582 1557 1583
f 1557 1558 1583
f 1592 1573 1593
f 1575 1576 1594
f 1593 1575 1594
f 1576 1577 1594
f 1600 1334 1614
f 1598 1600 1614
f 1598 1614 1613
f 1595 1598 1613
f 1611 1595 1613
f 1597 1595 1611
f 1597 1597 1595
f 1612 1597 1611
f 1609 1610 1608
f 1606 1607 1608
f 1345 1632 1621
f 1607 1609 1608
f 1605 1607 1606
f 1602 1603 1604
f 1603 1605 1604
f 1600 1601 1602
f 1601 1603 1602
f 1598 1599 1600
f 1599 1601 1600
f 1595 1596 1598
f 1596 1599 1598
f 1597 1596 1595
f 1604 1605 1606
f 1387 1390 1229
f 1791 1790 1790
f 1792 1791 1791
f 2230 2230 2230
f 2227 2227 2227
f 2223 2424 2422
f 2227 2424 2223
f 2227 2227 2424
f 2226 2421 2423
f 2222 2421 2226
f 2222 2222 2421
f 2222 2222 2222
f 2223 2422 2223
f 2223 2422 2422
f 2422 2420 2223
f 2420 2220 2223
f 2419 2421 2222
f 2222 2219 2419
f 2222 2222 2419
f 2222 2419 2419
f 2220 2420 2220
f 2220 2420 2420
f 2420 2418 2220
f 2418 2216 2220
f 2230 2230 2226
f 2219 2417 2419
f 2230 2226 2425
f 2424 2227 2426
f 2242 2242 2432
f 2234 2428 2431
f 2431 2241 2234
f 2431 2431 2234
f 2431 2234 2234
f 2236 2430 2235
f 2235 2430 2430
f 2429 2235 2430
f 2231 2235 2429
f 2231 2231 2235
f 2427 2231 2429
f 2230 2425 2428
f 2234 2230 2230
f 2234 2230 2428
f 2234 2428 2234
f 2234 2234 2234
f 2231 2231 2231
f 2426 2227 2227
f 2426 2227 2231
f 2426 2231 2427
f 2427 2231 2231
f 2425 2226 2423
f 2242 2432 2236
f 2215 2417 2219
f 2215 2215 2215
f 2410 2197 2201
f 2407 2197 2410
f 2407 2407 2197
f 2408 2409 2200
f 2408 2199 2406
f 2200 2199 2408
f 2200 2200 2199
f 2406 2199 2406
f 2406 2199 2195
f 2404 2192 2404
f 2404 2192 2192
f 2196 2404 2192
f 2407 2404 2196
f 2407 2407 2404
f 2196 2197 2407
f 2195 2194 2406
f 2194 2405 2406
f 2405 2194 2191
f 2403 2405 2191
f 2403 2191 2191
f 2191 2191 2191
f 2407 2407 2407
f 2215 2215 2417
f 2200 2200 2200
f 2409 2409 2200
f 2418 2213 2216
f 2416 2213 2418
f 2415 2417 2215
f 2215 2212 2415
f 2215 2215 2415
f 2215 2415 2415
f 2416 2208 2213
f 2414 2208 2416
f 2212 2413 2415
f 2207 2413 2212
f 2207 2207 2413
f 2207 2207 2207
f 2414 2201 2208
f 2410 2201 2414
f 2412 2413 2207
f 2412 2206 2411
f 2207 2206 2412
f 2207 2207 2206
f 2204 2411 2206
f 2409 2411 2204
f 2409 2204 2200
f 2409 2200 2200
f 2404 2187 2192
f 2236 2432 2430
f 2245 2245 2245
f 2455 2455 2286
f 2455 2286 2286
f 2284 2285 2455
f 2454 2284 2455
f 2283 2284 2454
f 2283 2283 2454
f 2283 2454 2454
f 2283 2283 2283
f 2278 2278 2278
f 2452 2277 2278
f 2453 2452 2278
f 2453 2278 2278
f 2276 2277 2452
f 2451 2276 2452
f 2451 2436 2276
f 2436 2251 2276
f 2247 2433 2450
f 2449 2246 2450
f 2246 2247 2450
f 2448 2245 2449
f 2245 2246 2449
f 2455 2285 2286
f 2275 2448 2447
f 2286 2456 2456
f 2286 2287 2456
f 2465 2294 2466
f 2293 2294 2465
f 2464 2293 2465
f 2463 2293 2464
f 2264 2293 2463
f 2264 2264 2293
f 2445 2264 2463
f 2255 2437 2462
f 2292 2462 2461
f 2255 2462 2292
f 2255 2255 2462
f 2291 2292 2461
f 2460 2291 2461
f 2290 2291 2460
f 2459 2290 2460
f 2289 2290 2459
f 2458 2289 2459
f 2288 2289 2458
f 2457 2288 2458
f 2287 2288 2457
f 2456 2287 2457
f 2286 2286 2456
f 2242 2242 2242
f 2245 2448 2275
f 2274 2275 2447
f 2256 2257 2438
f 2437 2256 2438
f 2255 2256 2437
f 2255 2255 2437
f 2255 2437 2437
f 2255 2255 2255
f 2251 2436 2249
f 2249 2436 2436
f 2248 2249 2436
f 2435 2248 2436
f 2434 2248 2435
f 2242 2248 2434
f 2242 2242 2248
f 2432 2242 2434
f 2433 2241 2431
f 2247 2241 2433
f 2247 2247 2241
f 2247 2246 2247
f 2247 2246 2246
f 2246 2245 2246
f 2246 2245 2245
f 2438 2257 2439
f 2245 2245 2448
f 2257 2258 2439
f 2258 2259 2440
f 2446 2274 2447
f 2273 2274 2446
f 2273 2273 2446
f 2273 2446 2446
f 2273 2272 2273
f 2273 2272 2272
f 2272 2271 2272
f 2272 2271 2271
f 2271 2271 2271
f 2264 2264 2264
f 2444 2263 2264
f 2445 2444 2264
f 2445 2264 2264
f 2262 2263 2444
f 2443 2262 2444
f 2261 2262 2443
f 2442 2261 2443
f 2260 2261 2442
f 2441 2260 2442
f 2259 2260 2441
f 2440 2259 2441
f 2439 2258 2440
f 2400 2187 2404
f 2402 2403 2191
f 2402 2190 2401
f 2354 2133 2137
f 2350 2133 2354
f 2136 2135 2353
f 2135 2352 2353
f 2134 2352 2135
f 2351 2352 2134
f 2351 2134 2349
f 2349 2134 2132
f 2350 2130 2133
f 2347 2130 2350
f 2132 2131 2349
f 2131 2348 2349
f 2348 2131 2129
f 2346 2348 2129
f 2346 2129 2129
f 2129 2129 2129
f 2347 2126 2130
f 2343 2126 2347
f 2345 2346 2129
f 2345 2128 2344
f 2129 2128 2345
f 2353 2355 2136
f 2129 2129 2128
f 2355 2138 2136
f 2356 2137 2140
f 2364 2150 2363
f 2151 2150 2364
f 2151 2151 2150
f 2149 2363 2150
f 2362 2363 2149
f 2362 2149 2360
f 2360 2149 2147
f 2361 2143 2148
f 2358 2143 2361
f 2147 2146 2360
f 2146 2359 2360
f 2144 2359 2146
f 2357 2359 2144
f 2357 2144 2357
f 2357 2144 2142
f 2358 2140 2143
f 2356 2140 2358
f 2142 2141 2357
f 2141 2355 2357
f 2355 2141 2355
f 2355 2141 2138
f 2354 2137 2356
f 2364 2365 2151
f 2127 2344 2128
f 2342 2127 2342
f 2333 2114 2111
f 2330 2333 2111
f 2330 2111 2111
f 2111 2111 2111
f 2099 2099 2099
f 2099 2112 2331
f 2099 2099 2331
f 2099 2331 2318
f 2112 2113 2331
f 2113 2332 2331
f 2329 2330 2111
f 2329 2110 2328
f 2111 2110 2329
f 2111 2111 2110
f 2108 2328 2110
f 2327 2328 2108
f 2106 2327 2108
f 2326 2327 2106
f 2105 2326 2106
f 2325 2326 2105
f 2104 2325 2105
f 2115 2115 2114
f 2342 2344 2127
f 2115 2114 2334
f 2334 2335 2115
f 2342 2127 2124
f 2343 2119 2126
f 2339 2119 2343
f 2124 2123 2342
f 2123 2341 2342
f 2121 2341 2123
f 2340 2341 2121
f 2120 2340 2121
f 2337 2340 2120
f 2337 2120 2337
f 2337 2120 2117
f 2336 2116 2338
f 2338 2116 2118
f 2118 2119 2338
f 2119 2339 2338
f 2117 2335 2337
f 2115 2335 2117
f 2115 2115 2335
f 2115 2115 2115
f 2336 2113 2116
f 2332 2113 2336
f 2334 2114 2333
f 2152 2153 2366
f 2366 2366 2367
f 2366 2367 2152
f 2180 2181 2394
f 2179 2178 2393
f 2178 2392 2393
f 2176 2392 2178
f 2391 2392 2176
f 2391 2176 2389
f 2389 2176 2174
f 2390 2170 2175
f 2386 2170 2390
f 2174 2173 2389
f 2173 2388 2389
f 2172 2388 2173
f 2387 2388 2172
f 2171 2387 2172
f 2384 2387 2171
f 2384 2171 2384
f 2384 2171 2169
f 2382 2167 2385
f 2385 2167 2167
f 2167 2170 2385
f 2170 2386 2385
f 2394 2175 2180
f 2169 2168 2384
f 2394 2394 2175
f 2393 2182 2179
f 2191 2190 2402
f 2191 2191 2190
f 2188 2401 2190
f 2399 2401 2188
f 2399 2188 2399
f 2399 2188 2186
f 2400 2184 2187
f 2398 2184 2400
f 2186 2397 2399
f 2183 2397 2186
f 2183 2183 2397
f 2183 2183 2183
f 2394 2394 2394
f 2398 2181 2184
f 2394 2181 2398
f 2394 2394 2181
f 2396 2397 2183
f 2396 2182 2395
f 2183 2182 2396
f 2183 2183 2182
f 2395 2182 2393
f 2394 2390 2175
f 2168 2383 2384
f 2166 2383 2168
f 2381 2383 2166
f 2373 2158 2155
f 2370 2373 2155
f 2370 2155 2155
f 2155 2155 2155
f 2366 2366 2366
f 2156 2371 2366
f 2153 2156 2366
f 2153 2366 2366
f 2156 2157 2371
f 2157 2372 2371
f 2369 2370 2155
f 2369 2154 2368
f 2155 2154 2369
f 2155 2155 2154
f 2368 2154 2151
f 2365 2368 2151
f 2365 2151 2151
f 2151 2151 2151
f 2361 2148 2367
f 2367 2148 2148
f 2152 2367 2148
f 2159 2159 2158
f 2159 2158 2374
f 2374 2158 2373
f 2374 2375 2159
f 2381 2166 2381
f 2381 2166 2166
f 2382 2165 2167
f 2380 2165 2382
f 2164 2381 2166
f 2379 2381 2164
f 2379 2379 2381
f 2379 2379 2379
f 2380 2161 2165
f 2377 2161 2380
f 2294 2295 2466
f 2163 2379 2164
f 2379 2163 2378
f 2379 2379 2163
f 2378 2162 2159
f 2375 2378 2159
f 2375 2159 2159
f 2159 2159 2159
f 2372 2157 2376
f 2376 2157 2160
f 2160 2161 2376
f 2161 2377 2376
f 2378 2163 2162
f 2466 2295 2467
f 2295 2296 2467
f 2467 2296 2468
f 2394 2398 2581
f 2397 2396 2580
f 2396 2579 2580
f 2579 2396 2395
f 2577 2579 2395
f 2577 2395 2575
f 2575 2395 2393
f 2578 2390 2394
f 2573 2390 2578
f 2576 2577 2575
f 2576 2392 2574
f 2575 2392 2576
f 2575 2393 2392
f 2391 2574 2392
f 2572 2574 2391
f 2572 2391 2572
f 2572 2391 2389
f 2573 2386 2390
f 2569 2386 2573
f 2389 2388 2572
f 2388 2571 2572
f 2581 2394 2394
f 2387 2571 2388
f 2581 2581 2394
f 2399 2580 2580
f 2406 2405 2588
f 2406 2406 2405
f 2586 2405 2586
f 2586 2405 2403
f 2587 2400 2404
f 2583 2400 2587
f 2403 2402 2586
f 2402 2585 2586
f 2401 2585 2402
f 2584 2585 2401
f 2584 2401 2399
f 2582 2584 2399
f 2582 2399 2399
f 2399 2399 2399
f 2581 2581 2581
f 2583 2398 2400
f 2581 2398 2583
f 2581 2581 2398
f 2580 2582 2399
f 2399 2397 2580
f 2399 2399 2580
f 2581 2578 2394
f 2588 2405 2586
f 2570 2571 2387
f 2567 2570 2384
f 2559 2378 2375
f 2555 2555 2555
f 2376 2555 2372
f 2376 2555 2555
f 2376 2560 2555
f 2560 2560 2555
f 2376 2377 2560
f 2375 2374 2559
f 2374 2558 2559
f 2373 2558 2374
f 2557 2558 2373
f 2557 2373 2554
f 2554 2373 2370
f 2551 2551 2551
f 2366 2556 2551
f 2366 2366 2551
f 2366 2551 2551
f 2371 2556 2366
f 2555 2556 2371
f 2555 2555 2556
f 2371 2372 2555
f 2561 2378 2559
f 2384 2570 2387
f 2378 2561 2562
f 2560 2560 2377
f 2567 2384 2567
f 2567 2384 2384
f 2565 2382 2568
f 2568 2382 2385
f 2385 2386 2568
f 2386 2569 2568
f 2384 2383 2567
f 2383 2566 2567
f 2381 2566 2383
f 2564 2566 2381
f 2564 2381 2564
f 2564 2381 2381
f 2565 2380 2382
f 2563 2380 2565
f 2381 2379 2564
f 2379 2562 2564
f 2562 2379 2562
f 2562 2379 2379
f 2560 2560 2560
f 2563 2377 2380
f 2560 2377 2563
f 2379 2378 2562
f 2588 2590 2589
f 2406 2588 2589
f 2590 2591 2589
f 2620 2616 2422
f 2616 2420 2422
f 2614 2615 2618
f 2615 2619 2618
f 2614 2618 2617
f 2613 2614 2617
f 2419 2613 2617
f 2419 2419 2617
f 2419 2617 2421
f 2419 2419 2419
f 2420 2616 2420
f 2420 2616 2616
f 2616 2612 2420
f 2612 2418 2420
f 2611 2615 2614
f 2610 2614 2613
f 2611 2614 2610
f 2611 2611 2614
f 2610 2613 2419
f 2609 2610 2419
f 2419 2417 2419
f 2422 2620 2620
f 2419 2417 2609
f 2422 2620 2422
f 5130 4848 4830
f 2426 2630 2629
f 2629 2624 2426
f 2624 2424 2426
f 2623 2628 2627
f 2622 2627 2626
f 2623 2627 2622
f 2623 2623 2627
f 2622 2626 2625
f 2621 2622 2625
f 2621 2625 2425
f 2423 2621 2425
f 2425 2423 2425
f 2425 2423 2423
f 2624 2422 2424
f 2620 2422 2624
f 2619 2623 2622
f 2618 2622 2621
f 2619 2622 2618
f 2619 2619 2622
f 2618 2621 2423
f 2617 2618 2423
f 2423 2421 2617
f 2612 2416 2418
f 2608 2416 2612
f 2607 2611 2610
f 2409 2409 2409
f 2593 2407 2593
f 2593 2407 2407
f 2407 2410 2593
f 2410 2600 2593
f 2598 2599 2597
f 2595 2596 2597
f 2596 2598 2597
f 2409 2594 2595
f 2594 2596 2595
f 2589 2591 2594
f 2589 2594 2409
f 2589 2409 2408
f 2408 2409 2409
f 2408 2406 2589
f 2589 2406 2406
f 2406 2406 2406
f 2587 2404 2592
f 2592 2404 2404
f 2404 2407 2592
f 2407 2593 2592
f 2595 2409 2409
f 2411 2409 2595
f 2597 2411 2595
f 2412 2411 2597
f 2605 2610 2609
f 2607 2610 2605
f 2607 2607 2610
f 2415 2605 2609
f 2415 2415 2609
f 2415 2609 2417
f 2415 2415 2415
f 2608 2414 2416
f 2604 2414 2608
f 2606 2607 2605
f 2370 2369 2554
f 2601 2605 2415
f 2603 2606 2605
f 2415 2413 2415
f 2415 2413 2601
f 2604 2410 2414
f 2600 2410 2604
f 2602 2603 2601
f 2597 2599 2602
f 2597 2602 2601
f 2597 2601 2412
f 2412 2601 2413
f 2603 2605 2601
f 2324 2325 2104
f 2369 2553 2554
f 2552 2553 2368
f 2494 2322 2496
f 2494 2496 2496
f 2320 2496 2321
f 2505 2496 2320
f 2319 2505 2320
f 2504 2505 2319
f 2317 2504 2319
f 2502 2504 2317
f 2317 2318 2502
f 2318 2503 2502
f 2500 2501 2499
f 2497 2498 2499
f 2498 2500 2499
f 2494 2495 2497
f 2495 2498 2497
f 2496 2495 2494
f 2286 2456 2493
f 2455 2286 2493
f 2283 2454 2492
f 2316 2492 2491
f 2283 2492 2316
f 2322 2321 2496
f 2283 2283 2492
f 2497 2322 2494
f 2499 2323 2497
f 2510 2333 2330
f 2503 2318 2513
f 2513 2318 2331
f 2331 2332 2513
f 2332 2514 2513
f 2511 2512 2510
f 2511 2329 2509
f 2510 2329 2511
f 2510 2330 2329
f 2328 2509 2329
f 2508 2509 2328
f 2327 2508 2328
f 2507 2508 2327
f 2326 2507 2327
f 2506 2507 2326
f 2325 2506 2326
f 2501 2506 2325
f 2501 2325 2324
f 2501 2501 2324
f 2501 2324 2499
f 2324 2323 2499
f 2323 2322 2497
f 2512 2333 2510
f 2315 2316 2491
f 2314 2315 2490
f 2301 2302 2477
f 2476 2301 2477
f 2475 2301 2476
f 2278 2301 2475
f 2278 2278 2301
f 2453 2278 2475
f 2273 2446 2474
f 2473 2272 2474
f 2272 2273 2474
f 2472 2271 2473
f 2271 2272 2473
f 2300 2472 2471
f 2271 2472 2300
f 2271 2271 2472
f 2299 2300 2471
f 2470 2299 2471
f 2298 2299 2470
f 2469 2298 2470
f 2297 2298 2469
f 2468 2297 2469
f 2296 2297 2468
f 2477 2302 2478
f 2490 2315 2491
f 2302 2303 2478
f 2303 2304 2479
f 2489 2314 2490
f 2313 2314 2489
f 2488 2313 2489
f 2312 2313 2488
f 2487 2312 2488
f 2311 2312 2487
f 2486 2311 2487
f 2310 2311 2486
f 2485 2310 2486
f 2309 2310 2485
f 2484 2309 2485
f 2308 2309 2484
f 2483 2308 2484
f 2307 2308 2483
f 2482 2307 2483
f 2306 2307 2482
f 2481 2306 2482
f 2305 2306 2481
f 2480 2305 2481
f 2304 2305 2480
f 2479 2304 2480
f 2478 2303 2479
f 2512 2515 2333
f 2515 2334 2333
f 2516 2335 2334
f 2542 2544 2544
f 2358 2544 2356
f 2544 2541 2356
f 2357 2355 2543
f 2355 2540 2543
f 2540 2355 2540
f 2540 2355 2355
f 2538 2541 2539
f 2539 2541 2542
f 2356 2541 2354
f 2541 2538 2354
f 2540 2355 2353
f 2537 2540 2353
f 2534 2538 2535
f 2535 2538 2539
f 2354 2538 2350
f 2538 2534 2350
f 2353 2352 2537
f 2352 2536 2537
f 2351 2536 2352
f 2533 2536 2351
f 2541 2544 2542
f 2533 2351 2533
f 2543 2357 2357
f 2543 2545 2357
f 2552 2368 2550
f 2550 2368 2365
f 2551 2547 2361
f 2551 2551 2361
f 2551 2361 2367
f 2367 2366 2551
f 2365 2364 2550
f 2364 2549 2550
f 2363 2549 2364
f 2548 2549 2363
f 2362 2548 2363
f 2546 2548 2362
f 2546 2362 2546
f 2546 2362 2360
f 2544 2544 2544
f 2547 2358 2361
f 2544 2358 2547
f 2544 2544 2358
f 2360 2359 2546
f 2359 2545 2546
f 2357 2545 2359
f 2543 2357 2543
f 2533 2351 2349
f 2531 2534 2532
f 2532 2534 2535
f 2521 2341 2340
f 2521 2521 2340
f 2521 2340 2520
f 2340 2337 2520
f 2520 2337 2337
f 2337 2337 2337
f 2523 2519 2336
f 2522 2523 2336
f 2522 2336 2338
f 2338 2339 2522
f 2518 2521 2520
f 2516 2520 2337
f 2518 2520 2516
f 2518 2518 2520
f 2337 2335 2337
f 2337 2335 2516
f 2519 2332 2336
f 2514 2332 2519
f 2517 2518 2516
f 2517 2334 2515
f 2516 2334 2517
f 2342 2342 2341
f 2342 2341 2524
f 2524 2341 2521
f 2524 2525 2342
f 2350 2534 2347
f 2534 2531 2347
f 2349 2348 2533
f 2348 2530 2533
f 2530 2348 2530
f 2530 2348 2346
f 2526 2531 2527
f 2527 2531 2532
f 2347 2531 2343
f 2531 2526 2343
f 2368 2553 2369
f 2346 2345 2530
f 2344 2529 2345
f 2528 2529 2344
f 2528 2344 2342
f 2525 2528 2342
f 2525 2342 2342
f 2342 2342 2342
f 2522 2526 2523
f 2523 2526 2527
f 2343 2526 2339
f 2526 2522 2339
f 2345 2529 2530
f 1791 1790 1791
f 2103 2324 2104
f 2102 2323 2103
f 2117 1881 1881
f 1881 1881 1881
f 2116 1878 2118
f 2118 1878 1883
f 1883 1884 2118
f 1884 2119 2118
f 2115 2117 1881
f 1876 2115 2115
f 1876 2115 1881
f 1876 1881 1876
f 1876 1881 1881
f 1876 1876 1876
f 1862 1862 1862
f 2113 1878 2116
f 1862 1878 2113
f 1862 1862 1878
f 2114 2115 1876
f 2114 1875 2111
f 1876 1875 2114
f 1876 1876 1875
f 2111 1875 1873
f 2117 2120 1881
f 2111 2111 1873
f 2120 1886 1881
f 1887 1886 2121
f 2126 2130 2130
f 1894 2130 1889
f 2130 2125 1889
f 2128 2129 1893
f 2128 1892 2127
f 1893 1892 2128
f 1893 1893 1892
f 2127 1892 1890
f 2124 2127 1890
f 2124 1890 2122
f 1890 1887 2122
f 2122 1887 1887
f 1887 1887 1887
f 2126 2119 1884
f 2125 2126 1884
f 2125 1884 1888
f 1888 1889 2125
f 2123 2124 2122
f 1887 2121 2122
f 2121 2123 2122
f 2121 1886 2120
f 1887 1887 1886
f 2125 2130 2126
f 2111 1873 2109
f 2109 1872 2107
f 2108 2110 2109
f 1871 2106 2107
f 2106 2108 2107
f 1870 2105 1871
f 2105 2106 1871
f 1869 2104 1870
f 2104 2105 1870
f 1868 2103 1869
f 2103 2104 1869
f 1867 2102 1868
f 2102 2103 1868
f 1866 2101 1867
f 2101 2102 1867
f 1865 2100 1866
f 2100 2101 1866
f 2097 2098 1865
f 2098 2100 1865
f 2099 2098 2097
f 2079 2080 2096
f 2095 2078 2096
f 2078 2079 2096
f 2107 2108 2109
f 1873 1872 2109
f 2110 2111 2109
f 1862 1862 2112
f 1872 1871 2107
f 2107 1871 1871
f 1871 1870 1871
f 1871 1870 1870
f 1870 1869 1870
f 1870 1869 1869
f 1869 1868 1869
f 1869 1868 1868
f 1868 1867 1868
f 1868 1867 1867
f 1867 1866 1867
f 1867 1866 1866
f 1866 1865 1866
f 1866 1865 1865
f 1865 1864 1865
f 1865 1864 2097
f 1864 1861 2099
f 2097 1864 2099
f 2097 2099 2099
f 1861 2112 2099
f 1862 2112 1861
f 2113 2112 1862
f 2077 2078 2095
f 1893 1893 1893
f 2129 2129 1893
f 2153 1918 2156
f 2156 1918 1922
f 1922 1923 2156
f 1923 2157 2156
f 2154 2155 1921
f 2154 1920 2151
f 1921 1920 2154
f 1921 1921 1920
f 2151 1920 1916
f 2151 2151 1916
f 2151 1916 1916
f 1916 1916 1916
f 2148 1912 2148
f 2148 1912 1912
f 1917 2148 1912
f 2152 2148 1917
f 1917 1918 2152
f 1918 2153 2152
f 2150 2151 1916
f 2150 1915 2149
f 1916 1915 2150
f 1921 1921 1921
f 1916 1916 1915
f 2155 1921 1921
f 2155 1925 1921
f 1932 1932 1932
f 2165 1927 1933
f 2161 1927 2165
f 2163 2164 1932
f 2163 1931 2162
f 1932 1931 2163
f 1932 1932 1931
f 1929 2162 1931
f 2159 2162 1929
f 2159 1929 1926
f 2159 2159 1926
f 2159 1926 1926
f 1926 1926 1926
f 2157 1923 2160
f 2160 1923 1923
f 1923 1927 2160
f 1927 2161 2160
f 2158 2159 1926
f 2158 1925 2155
f 1926 1925 2158
f 1926 1926 1925
f 2155 2155 1921
f 2129 1893 1893
f 2149 1915 1913
f 2147 1913 2145
f 2133 2137 2133
f 2133 2137 2137
f 1901 2137 1897
f 2137 2133 1897
f 2135 2136 1900
f 2135 1899 2134
f 1900 1899 2135
f 1900 1900 1899
f 2134 1899 1896
f 2132 2134 1896
f 2132 1896 1896
f 1896 1896 1896
f 2130 2133 2130
f 2130 2133 2133
f 1897 2133 1894
f 2133 2130 1894
f 2131 2132 1896
f 2131 1895 2129
f 1896 1895 2131
f 1896 1896 1895
f 2129 1895 1893
f 1900 1900 1900
f 2147 2149 1913
f 1900 1900 2136
f 1903 2136 2138
f 2145 1913 1911
f 2148 1908 1912
f 2143 1908 2148
f 2146 2147 2145
f 2146 1910 2144
f 2145 1910 2146
f 2145 1911 1910
f 2144 1910 2142
f 2142 1910 1907
f 1908 2143 2140
f 1908 1908 2140
f 1908 2140 2139
f 2139 1904 1908
f 1907 1906 2142
f 1906 2141 2142
f 2141 1906 2138
f 2138 1906 1903
f 2137 2139 2137
f 2137 2139 2140
f 1904 2139 1901
f 2139 2137 1901
f 1900 2136 1903
f 2046 2048 2094
f 2093 1840 2094
f 1840 2046 2094
f 2033 2034 2042
f 2030 2031 2041
f 2030 2040 2029
f 2041 2040 2030
f 2041 2041 2040
f 2029 2040 2039
f 2028 2029 2039
f 2028 2039 2038
f 1801 2028 2038
f 1801 2038 1820
f 1801 1801 1820
f 1801 1820 1820
f 1820 1819 1820
f 1820 1819 1819
f 1819 1819 1819
f 1816 1816 1816
f 1816 1815 1816
f 1816 1815 1815
f 1815 1814 1815
f 1815 1814 1814
f 1814 1813 1814
f 2034 1803 2043
f 1814 1813 1813
f 2042 2034 2043
f 2043 1821 2045
f 1841 1840 1840
f 1840 1839 1840
f 1840 1839 1839
f 1839 1838 1839
f 1839 1838 1838
f 1838 1837 1838
f 1838 1837 1837
f 1837 1836 1837
f 1837 1836 1836
f 1836 1835 1836
f 1836 1835 1835
f 1835 1834 1835
f 1835 1834 1834
f 1834 1833 1834
f 1834 1833 1833
f 1833 1833 1833
f 1822 1822 1822
f 1822 2044 1822
f 1822 2044 1821
f 2043 1803 1803
f 2043 1803 1821
f 2045 1821 2044
f 2046 1840 1841
f 1813 2037 1792
f 1813 1792 1792
f 1803 1784 1784
f 2034 2027 1784
f 2033 2027 2034
f 2033 2033 2027
f 2026 2027 2033
f 2022 2023 2032
f 2031 2021 2032
f 2021 2022 2032
f 2021 2030 2020
f 2031 2030 2021
f 2031 2031 2030
f 2020 2030 2029
f 1781 2020 2029
f 1781 2029 2028
f 1781 1781 2028
f 1781 2028 1802
f 2028 1801 1802
f 1802 1801 1801
f 1801 1801 1801
f 1792 1792 1792
f 1792 1791 1792
f 1803 1803 1784
f 1813 1813 1792
f 1803 2034 1784
f 1806 1806 1806
f 2037 1791 1792
f 2036 1791 2037
f 2036 2036 1791
f 1791 2035 1790
f 2036 2035 1791
f 2036 2036 2035
f 1790 2035 1812
f 1790 1790 1812
f 1790 1812 1812
f 1812 1811 1812
f 1812 1811 1811
f 1811 1810 1811
f 1811 1810 1810
f 1810 1809 1810
f 1810 1809 1809
f 1809 1808 1809
f 1809 1808 1808
f 1808 1807 1808
f 1808 1807 1807
f 1807 1806 1807
f 1807 1806 1806
f 1803 1803 1803
f 2046 2047 2048
f 2046 1841 2047
f 1841 1842 2047
f 1854 1855 2081
f 2080 1854 2081
f 1853 1854 2080
f 2079 1853 2080
f 2079 2080 2080
f 2079 2078 1853
f 1853 2078 1852
f 2077 1851 1852
f 2077 2077 1852
f 2077 1852 2078
f 1850 1851 2077
f 2076 1850 2077
f 1849 1850 2076
f 2075 1849 2076
f 1848 1849 2075
f 2074 1848 2075
f 1847 1848 2074
f 2073 1847 2074
f 1846 1847 2073
f 2072 1846 2073
f 2071 1846 2072
f 2081 1855 2082
f 1822 1846 2071
f 1855 1856 2082
f 1856 1857 2083
f 2092 1839 2093
f 1839 1840 2093
f 2091 1838 2092
f 1838 1839 2092
f 2090 1837 2091
f 1837 1838 2091
f 2089 1836 2090
f 1836 1837 2090
f 2088 1835 2089
f 1835 1836 2089
f 2087 1834 2088
f 1834 1835 2088
f 2086 1833 2087
f 1833 1834 2087
f 1859 2086 2085
f 1833 2086 1859
f 1833 1833 2086
f 1858 1859 2085
f 2084 1858 2085
f 1857 1858 2084
f 2083 1857 2084
f 2082 1856 2083
f 1822 1822 1846
f 2070 2044 2071
f 2044 1822 2071
f 2036 2037 2058
f 2035 2036 2057
f 2056 1812 2057
f 1812 2035 2057
f 2055 1811 2056
f 1811 1812 2056
f 2054 1810 2055
f 1810 1811 2055
f 2053 1809 2054
f 1809 1810 2054
f 2052 1808 2053
f 1808 1809 2053
f 2051 1807 2052
f 1807 1808 2052
f 2050 1806 2051
f 1806 1807 2051
f 1843 2050 2049
f 1806 2050 1843
f 1806 1806 2050
f 1842 1843 2049
f 2047 1842 2049
f 2037 1813 2059
f 2058 2037 2059
f 1813 1814 2060
f 2059 1813 2060
f 2045 2044 2070
f 2040 2041 2069
f 2068 2039 2069
f 2039 2040 2069
f 2067 2038 2068
f 2038 2039 2068
f 2066 1820 2067
f 1820 2038 2067
f 2065 1819 2066
f 1819 1820 2066
f 1932 1932 2164
f 1845 2065 2064
f 1819 1819 2065
f 1844 1845 2064
f 2063 1844 2064
f 2062 1844 2063
f 1816 1844 2062
f 1816 1816 1844
f 2061 1815 2062
f 1815 1816 2062
f 2060 1814 2061
f 1814 1815 2061
f 1819 2065 1845
f 1932 2164 1936
f 1936 2164 2166
f 1937 1938 2167
f 2270 2067 2271
f 2270 2271 2271
f 2270 2269 2067
f 2067 2269 2066
f 2269 2268 2066
f 2066 2268 2065
f 2268 2064 2065
f 2065 2064 2064
f 2064 2063 2064
f 2064 2063 2063
f 2063 2267 2063
f 2063 2267 2062
f 2267 2266 2062
f 2062 2266 2061
f 2266 2265 2061
f 2061 2265 2060
f 2264 2059 2060
f 2264 2264 2060
f 2264 2060 2265
f 2058 2059 2264
f 2263 2058 2264
f 2067 2068 2271
f 2262 2058 2263
f 2271 2068 2272
f 2041 2041 2273
f 2075 2074 2074
f 2074 2073 2074
f 2074 2073 2073
f 2073 2279 2073
f 2073 2279 2072
f 2278 2071 2072
f 2278 2278 2072
f 2278 2072 2279
f 2070 2071 2278
f 2277 2070 2278
f 2276 2070 2277
f 2250 2070 2276
f 2250 2045 2070
f 2251 2250 2276
f 2244 2245 2275
f 2274 2243 2275
f 2243 2244 2275
f 2273 2041 2274
f 2041 2243 2274
f 2069 2273 2272
f 2041 2273 2069
f 2068 2069 2272
f 2075 2074 2075
f 2036 2058 2262
f 2057 2262 2261
f 2251 2043 2250
f 2248 2042 2249
f 2033 2042 2248
f 2033 2033 2042
f 2242 2033 2248
f 2240 2241 2247
f 2246 2239 2247
f 2239 2240 2247
f 2245 2238 2246
f 2238 2239 2246
f 2238 2244 2237
f 2245 2244 2238
f 2245 2245 2244
f 2237 2244 2243
f 2031 2237 2243
f 2031 2243 2041
f 2031 2031 2041
f 2031 2041 2041
f 2041 2041 2041
f 2036 2036 2036
f 2036 2036 2036
f 2251 2249 2043
f 2036 2036 2058
f 2249 2042 2043
f 2047 2252 2048
f 2036 2262 2057
f 2036 2036 2262
f 2056 2057 2261
f 2260 2056 2261
f 2055 2056 2260
f 2259 2055 2260
f 2054 2055 2259
f 2258 2054 2259
f 2053 2054 2258
f 2257 2053 2258
f 2052 2053 2257
f 2256 2052 2257
f 2051 2052 2256
f 2255 2051 2256
f 2050 2051 2255
f 2254 2050 2255
f 2254 2255 2255
f 2254 2253 2050
f 2050 2253 2049
f 2253 2252 2049
f 2049 2252 2047
f 2043 2045 2250
f 2076 2075 2075
f 2076 2075 2076
f 2077 2076 2076
f 2080 2081 2310
f 2096 2309 2308
f 2080 2309 2096
f 2095 2096 2308
f 2307 2095 2308
f 2306 2095 2307
f 2077 2095 2306
f 2305 2076 2306
f 2076 2077 2306
f 2304 2075 2305
f 2075 2076 2305
f 2303 2074 2304
f 2074 2075 2304
f 2302 2073 2303
f 2073 2074 2303
f 2301 2279 2302
f 2279 2073 2302
f 2278 2279 2301
f 2270 2271 2300
f 2299 2269 2300
f 2269 2270 2300
f 2309 2080 2310
f 2298 2268 2299
f 2081 2082 2311
f 2082 2083 2312
f 2322 2323 2102
f 2101 2322 2102
f 2321 2322 2101
f 2100 2321 2101
f 2320 2321 2100
f 2098 2320 2100
f 2319 2320 2098
f 2098 2317 2319
f 2099 2317 2098
f 2099 2099 2317
f 2318 2317 2099
f 2282 2283 2316
f 2315 2281 2316
f 2281 2282 2316
f 2314 2280 2315
f 2280 2281 2315
f 2313 2084 2314
f 2084 2280 2314
f 2312 2083 2313
f 2083 2084 2313
f 2311 2082 2312
f 2310 2081 2311
f 2268 2269 2299
f 2297 2064 2298
f 2064 2268 2298
f 2284 2089 2285
f 2088 2089 2284
f 2283 2088 2284
f 2087 2088 2283
f 2282 2087 2283
f 2282 2283 2283
f 2282 2281 2087
f 2087 2281 2086
f 2281 2280 2086
f 2086 2280 2085
f 2280 2084 2085
f 2085 2084 2084
f 2084 2083 2084
f 2084 2083 2083
f 2083 2082 2083
f 2083 2082 2082
f 2082 2081 2082
f 2082 2081 2081
f 2081 2080 2081
f 2081 2080 2080
f 2077 2076 2077
f 2089 2090 2285
f 2285 2090 2286
f 2090 2091 2286
f 2286 2091 2287
f 2296 2063 2297
f 2063 2064 2297
f 2295 2267 2296
f 2267 2063 2296
f 2294 2266 2295
f 2266 2267 2295
f 2293 2265 2294
f 2265 2266 2294
f 2264 2265 2293
f 2254 2255 2292
f 2033 2033 2033
f 2291 2253 2292
f 2290 2252 2291
f 2252 2253 2291
f 2094 2290 2289
f 2048 2290 2094
f 2048 2252 2290
f 2093 2094 2289
f 2288 2093 2289
f 2092 2093 2288
f 2287 2092 2288
f 2091 2092 2287
f 2253 2254 2292
f 2323 2324 2103
f 2242 2026 2026
f 2242 2033 2242
f 2194 2195 2193
f 1970 2191 2193
f 2191 2194 2193
f 2189 2191 2191
f 2189 2191 1970
f 2189 1970 1969
f 1969 1970 1970
f 2189 1969 1965
f 2192 2187 1960
f 2192 2192 1960
f 2192 1960 1960
f 1960 1966 2192
f 2190 2191 2189
f 2190 1964 2188
f 2189 1964 2190
f 2189 1965 1964
f 2188 1964 1962
f 2186 2188 1962
f 2186 1962 2185
f 2185 1962 1959
f 2187 1957 1960
f 1971 2197 2196
f 2184 1957 2187
f 1966 1971 2196
f 1966 1966 2192
f 2203 2204 2205
f 2204 2206 2205
f 2202 2200 2203
f 2200 2204 2203
f 2198 2200 2200
f 2198 2200 2202
f 2198 2202 1980
f 1980 2202 1981
f 2198 1980 1976
f 2201 1971 1977
f 2197 1971 2201
f 2199 2200 2198
f 2193 2195 2199
f 2193 2199 2198
f 2193 2198 1975
f 1975 2198 1976
f 1975 1970 2193
f 2193 1970 1970
f 1970 1970 1970
f 2192 2192 2192
f 1966 2196 2192
f 1966 2192 2192
f 2206 2207 2205
f 2183 2186 2185
f 1956 2183 2185
f 2173 2174 1948
f 2173 1947 2172
f 1948 1947 2173
f 1948 1948 1947
f 1945 2172 1947
f 2171 2172 1945
f 2171 1945 2169
f 2169 1945 1942
f 2167 2167 2167
f 2170 1938 1943
f 2167 1938 2170
f 2167 2167 1938
f 1942 1941 2169
f 1941 2168 2169
f 1939 2168 1941
f 2166 2168 1939
f 2166 1939 2166
f 2166 1939 1936
f 2167 2165 1933
f 2167 2167 1933
f 2167 1933 1937
f 2170 1943 2175
f 1956 2183 2183
f 2175 1943 1949
f 2174 1948 1948
f 1956 2185 1956
f 1956 2185 1959
f 1956 1956 1956
f 2184 1954 1957
f 2181 1954 2184
f 2182 2183 1956
f 2177 2179 2182
f 2177 2182 1956
f 2177 1956 1955
f 1955 1956 1956
f 2177 1955 1952
f 2175 1949 2180
f 2180 1949 1953
f 1953 1954 2180
f 1954 2181 2180
f 2178 2179 2177
f 2178 1951 2176
f 2177 1951 2178
f 2177 1952 1951
f 2176 1951 1948
f 2174 2176 1948
f 1948 1948 1948
f 2201 1977 2208
f 2208 1977 1982
f 2202 1985 1981
f 2016 2228 2232
f 2016 2232 2024
f 2232 2023 2024
f 2024 2023 2023
f 2023 2023 2023
f 2019 2231 2017
f 2017 2231 2231
f 2231 2227 2017
f 2227 2011 2017
f 2225 2226 2230
f 2225 2229 2224
f 2230 2229 2225
f 2230 2230 2229
f 2224 2229 2228
f 2008 2224 2228
f 2016 2008 2228
f 2228 2008 2008
f 2011 2227 2009
f 2009 2227 2227
f 2227 2223 2009
f 2223 2004 2009
f 2228 2233 2232
f 2222 2226 2225
f 2234 2234 2233
f 2229 2233 2228
f 2242 2033 2033
f 2236 2026 2242
f 2233 2234 2240
f 2234 2241 2240
f 2233 2240 2239
f 2232 2233 2239
f 2232 2239 2238
f 2023 2232 2238
f 2023 2238 2237
f 2023 2023 2237
f 2023 2237 2032
f 2237 2031 2032
f 2032 2031 2031
f 2031 2031 2031
f 2026 2026 2026
f 2235 2025 2026
f 2236 2235 2026
f 2236 2026 2026
f 2235 2231 2025
f 2231 2019 2025
f 2229 2230 2234
f 2234 2233 2229
f 2221 2225 2224
f 2222 2225 2221
f 2222 2222 2225
f 2216 1987 1992
f 2213 1987 2216
f 2211 2212 2214
f 2212 2215 2214
f 2211 2214 1991
f 2210 2211 1991
f 2209 2210 1991
f 1990 2209 1991
f 1990 1991 1991
f 2209 1990 1986
f 2213 1982 1987
f 2208 1982 2213
f 2207 2212 2211
f 2205 2211 2210
f 2207 2211 2205
f 2207 2207 2211
f 2205 2210 2209
f 2203 2205 2209
f 2202 2203 2209
f 1985 2202 2209
f 1985 2209 1986
f 1991 1991 1991
f 1991 2217 1996
f 1991 1991 2217
f 1991 2214 2217
f 2221 2224 2008
f 2001 2221 2008
f 2008 2001 2008
f 2008 2001 2001
f 2004 2223 2002
f 2002 2223 2223
f 2223 2220 2002
f 2220 1997 2002
f 2218 2219 2221
f 2219 2222 2221
f 2242 2026 2033
f 2218 2221 2001
f 2001 1996 2001
f 2001 1996 2217
f 1997 2220 1997
f 1997 2220 2220
f 2220 2216 1997
f 2216 1992 1997
f 2215 2219 2218
f 2214 2218 2217
f 2215 2218 2214
f 2215 2215 2218
f 2217 2218 2001
f 1386 1387 1387
f 1386 1387 1229
f 1386 1229 1228
f 535 522 523
f 534 522 535
f 534 534 522
f 533 520 534
f 520 522 534
f 521 520 533
f 517 519 531
f 519 532 531
f 517 531 530
f 516 517 530
f 516 530 529
f 515 516 529
f 515 529 528
f 514 515 528
f 514 528 527
f 513 514 527
f 513 527 526
f 512 513 526
f 512 526 525
f 511 512 525
f 510 511 525
f 523 524 535
f 265 510 525
f 524 536 535
f 267 537 524
f 532 546 545
f 531 545 544
f 530 531 544
f 530 544 543
f 529 530 543
f 529 543 542
f 528 529 542
f 528 542 541
f 527 528 541
f 527 541 540
f 526 527 540
f 526 540 539
f 525 526 539
f 525 539 538
f 266 525 538
f 266 538 290
f 290 538 291
f 268 268 268
f 268 537 268
f 268 537 267
f 537 536 524
f 267 524 246
f 531 532 545
f 265 525 266
f 244 246 524
f 224 497 510
f 224 224 510
f 224 510 243
f 224 224 224
f 225 227 509
f 509 508 496
f 225 509 496
f 225 496 210
f 496 508 507
f 495 496 507
f 507 493 495
f 506 493 507
f 506 506 493
f 494 493 506
f 504 505 503
f 502 492 503
f 492 504 503
f 490 502 501
f 492 502 490
f 492 492 502
f 490 501 500
f 497 498 510
f 510 265 243
f 498 511 510
f 499 512 511
f 524 523 509
f 244 524 509
f 244 509 227
f 509 523 522
f 508 509 522
f 508 522 520
f 507 508 520
f 520 521 507
f 521 506 507
f 518 519 517
f 503 517 516
f 505 517 503
f 505 518 517
f 503 516 515
f 502 503 515
f 502 515 514
f 501 502 514
f 501 514 513
f 500 501 513
f 500 513 512
f 499 500 512
f 498 499 511
f 489 490 500
f 534 535 547
f 547 535 548
f 306 571 570
f 305 306 570
f 305 570 569
f 305 569 324
f 569 568 324
f 324 568 323
f 568 567 323
f 323 567 322
f 567 566 322
f 322 566 321
f 566 320 321
f 321 320 320
f 320 320 320
f 315 315 315
f 315 565 315
f 315 565 314
f 565 564 314
f 314 564 313
f 564 563 292
f 313 564 292
f 313 292 292
f 306 307 571
f 292 563 562
f 307 572 571
f 308 573 572
f 582 555 583
f 555 556 583
f 555 581 554
f 582 581 555
f 582 582 581
f 554 581 580
f 553 554 580
f 553 580 579
f 552 553 579
f 552 579 578
f 551 552 578
f 551 578 577
f 312 551 577
f 312 577 576
f 311 312 576
f 311 576 575
f 310 311 575
f 310 575 574
f 309 310 574
f 309 574 573
f 308 309 573
f 307 308 572
f 547 547 535
f 550 292 562
f 561 549 562
f 311 310 311
f 311 310 310
f 310 309 310
f 310 309 309
f 309 308 309
f 309 308 308
f 308 307 308
f 308 307 307
f 307 306 307
f 307 306 306
f 306 305 306
f 306 305 305
f 292 292 292
f 292 550 268
f 292 292 268
f 292 268 268
f 268 550 549
f 537 268 549
f 537 549 548
f 536 537 548
f 548 535 536
f 312 311 311
f 562 549 550
f 312 311 312
f 291 538 312
f 561 561 549
f 560 548 561
f 548 549 561
f 547 548 560
f 545 546 558
f 546 559 558
f 545 558 557
f 544 545 557
f 544 557 556
f 543 544 556
f 543 556 555
f 542 543 555
f 542 555 554
f 541 542 554
f 541 554 553
f 540 541 553
f 540 553 552
f 539 540 552
f 539 552 551
f 538 539 551
f 538 551 312
f 291 312 312
f 489 500 499
f 488 489 499
f 488 499 498
f 430 431 443
f 430 443 442
f 429 430 442
f 429 442 441
f 428 429 441
f 428 441 154
f 427 428 154
f 426 427 154
f 153 426 154
f 153 154 154
f 153 138 426
f 426 138 138
f 138 138 138
f 425 124 140
f 440 424 425
f 141 440 425
f 141 425 140
f 424 440 439
f 421 424 439
f 438 421 439
f 423 421 438
f 431 444 443
f 423 423 421
f 431 432 444
f 434 434 446
f 443 453 452
f 442 443 452
f 441 442 452
f 167 441 452
f 167 452 168
f 167 154 441
f 441 154 154
f 154 154 154
f 440 141 156
f 451 439 440
f 157 451 440
f 157 440 156
f 439 451 450
f 438 439 450
f 438 450 448
f 435 438 448
f 448 449 435
f 449 437 435
f 434 447 446
f 432 446 445
f 434 446 432
f 432 445 444
f 443 444 453
f 435 436 438
f 437 436 435
f 124 411 123
f 410 425 424
f 407 410 424
f 421 407 424
f 422 407 421
f 422 409 407
f 423 422 421
f 419 420 418
f 417 406 418
f 406 419 418
f 405 417 416
f 406 417 405
f 406 406 417
f 405 416 415
f 404 405 415
f 404 415 414
f 403 404 414
f 403 414 413
f 402 403 413
f 402 413 412
f 401 402 412
f 124 425 411
f 436 423 438
f 425 410 411
f 110 123 110
f 433 434 432
f 431 420 432
f 420 433 432
f 418 431 430
f 420 431 418
f 420 420 431
f 418 430 429
f 417 418 429
f 417 429 428
f 416 417 428
f 416 428 427
f 415 416 427
f 415 427 426
f 414 415 426
f 414 426 138
f 413 414 138
f 412 413 138
f 137 412 138
f 137 138 138
f 412 137 121
f 110 110 110
f 110 123 411
f 444 454 453
f 444 445 454
f 445 455 454
f 475 487 486
f 474 475 486
f 474 486 485
f 473 474 485
f 473 485 484
f 472 473 484
f 471 472 484
f 207 471 484
f 207 484 208
f 471 207 193
f 181 195 470
f 470 195 483
f 470 483 482
f 469 470 482
f 469 482 480
f 467 469 480
f 480 481 467
f 481 468 467
f 478 479 477
f 475 476 477
f 476 478 477
f 475 477 487
f 474 466 475
f 477 488 487
f 479 489 477
f 487 488 498
f 487 498 497
f 486 487 497
f 486 497 224
f 485 486 224
f 484 485 224
f 223 484 224
f 223 224 224
f 484 223 208
f 195 210 483
f 483 210 496
f 483 496 495
f 482 483 495
f 482 495 493
f 480 482 493
f 493 494 480
f 494 481 480
f 491 492 490
f 489 479 490
f 479 491 490
f 477 489 488
f 479 479 489
f 466 476 475
f 465 474 473
f 466 474 465
f 454 455 463
f 454 463 462
f 453 454 462
f 453 462 179
f 452 453 179
f 179 168 179
f 179 168 452
f 157 170 451
f 451 170 170
f 451 170 461
f 450 451 461
f 450 461 460
f 448 450 460
f 458 448 460
f 449 448 458
f 449 449 448
f 459 449 458
f 446 447 456
f 447 457 456
f 446 456 455
f 445 446 455
f 455 464 463
f 455 456 464
f 456 465 464
f 457 466 465
f 466 466 474
f 465 473 472
f 464 465 472
f 464 472 471
f 463 464 471
f 462 463 471
f 192 462 471
f 192 471 193
f 192 179 462
f 462 179 179
f 556 557 584
f 179 179 179
f 470 461 170
f 181 470 170
f 181 170 170
f 461 470 469
f 460 461 469
f 460 469 467
f 458 460 467
f 467 468 458
f 468 459 458
f 456 457 465
f 170 170 170
f 583 556 584
f 557 558 585
f 584 557 585
f 384 384 395
f 384 395 395
f 384 384 384
f 369 386 704
f 704 386 386
f 704 386 720
f 702 704 720
f 718 702 720
f 719 702 718
f 719 703 702
f 716 717 718
f 717 719 718
f 713 714 716
f 714 717 716
f 715 714 713
f 711 712 710
f 708 709 710
f 709 711 710
f 707 701 708
f 701 709 708
f 699 707 706
f 384 705 395
f 701 707 699
f 705 706 395
f 706 707 721
f 397 397 386
f 397 386 386
f 720 397 731
f 718 720 731
f 718 731 730
f 716 718 730
f 716 730 729
f 713 716 729
f 727 713 729
f 715 713 727
f 715 715 713
f 728 715 727
f 712 726 725
f 710 725 724
f 712 725 710
f 712 712 725
f 710 724 723
f 708 710 723
f 708 723 722
f 707 708 722
f 707 722 721
f 706 721 395
f 397 720 386
f 701 701 707
f 698 699 705
f 686 687 696
f 686 696 695
f 685 686 695
f 684 685 695
f 365 684 695
f 365 695 366
f 684 365 353
f 343 355 683
f 683 355 355
f 683 355 694
f 682 683 694
f 682 694 693
f 680 682 693
f 691 680 693
f 681 680 691
f 681 681 680
f 692 681 691
f 689 690 688
f 687 679 688
f 679 689 688
f 677 687 686
f 687 697 696
f 699 706 705
f 687 688 697
f 690 700 699
f 698 705 384
f 697 698 384
f 696 697 384
f 383 696 384
f 383 384 384
f 383 381 696
f 696 381 695
f 695 381 366
f 355 355 355
f 355 368 355
f 355 368 694
f 704 693 694
f 369 704 694
f 369 694 368
f 693 704 702
f 691 693 702
f 702 703 691
f 703 692 691
f 700 701 699
f 688 699 698
f 690 699 688
f 688 698 697
f 386 386 386
f 395 395 395
f 395 406 406
f 423 436 750
f 756 748 750
f 437 756 750
f 437 750 436
f 754 748 756
f 749 748 754
f 749 749 748
f 755 749 754
f 747 753 752
f 746 752 751
f 747 752 746
f 747 747 752
f 746 751 434
f 745 746 434
f 744 745 434
f 433 744 434
f 433 434 434
f 433 420 744
f 744 420 420
f 420 420 420
f 743 409 422
f 423 436 423
f 423 742 743
f 423 423 423
f 434 757 447
f 758 759 766
f 758 766 765
f 757 758 765
f 457 447 765
f 765 447 757
f 437 449 756
f 756 449 449
f 756 449 763
f 754 756 763
f 763 764 754
f 764 755 754
f 761 762 760
f 759 753 760
f 753 761 760
f 752 759 758
f 753 759 752
f 753 753 759
f 752 758 757
f 751 752 757
f 434 751 757
f 434 434 757
f 434 434 434
f 423 423 743
f 423 743 422
f 742 423 750
f 729 730 742
f 729 742 741
f 727 729 741
f 738 727 741
f 739 727 738
f 739 728 727
f 740 739 738
f 726 737 736
f 725 736 735
f 726 736 725
f 726 726 736
f 725 735 734
f 724 725 734
f 724 734 733
f 723 724 733
f 723 733 732
f 722 723 732
f 722 732 406
f 721 722 406
f 395 721 406
f 395 395 406
f 730 743 742
f 409 731 408
f 409 743 731
f 743 730 731
f 741 742 750
f 741 750 748
f 738 741 748
f 748 749 738
f 749 740 738
f 736 737 746
f 737 747 746
f 736 746 745
f 735 736 745
f 735 745 744
f 679 687 677
f 734 735 744
f 733 734 420
f 732 733 420
f 419 732 420
f 419 420 420
f 419 406 732
f 732 406 406
f 406 406 406
f 397 397 397
f 397 408 397
f 397 408 731
f 734 744 420
f 400 401 412
f 679 679 687
f 675 677 685
f 594 619 618
f 593 594 618
f 593 618 616
f 592 593 616
f 616 591 592
f 617 591 616
f 617 615 591
f 614 590 615
f 590 591 615
f 613 589 614
f 589 590 614
f 612 588 613
f 588 589 613
f 587 588 612
f 581 582 611
f 610 580 611
f 580 581 611
f 609 579 610
f 579 580 610
f 608 578 609
f 578 579 609
f 620 620 619
f 607 577 608
f 620 619 595
f 595 596 621
f 634 635 636
f 635 637 636
f 632 633 634
f 633 635 634
f 630 631 632
f 631 633 632
f 627 628 630
f 628 631 630
f 629 628 627
f 619 620 626
f 625 618 626
f 618 619 626
f 624 616 625
f 616 618 625
f 617 616 624
f 598 599 623
f 622 597 623
f 597 598 623
f 621 596 622
f 596 597 622
f 620 595 621
f 595 619 594
f 637 639 638
f 577 578 608
f 576 577 607
f 320 594 328
f 594 593 328
f 328 593 327
f 593 592 327
f 327 592 326
f 592 591 326
f 326 591 325
f 591 590 315
f 325 591 315
f 325 315 315
f 315 590 589
f 565 315 589
f 565 589 588
f 564 565 588
f 588 563 564
f 587 563 588
f 587 587 563
f 586 562 587
f 562 563 587
f 561 562 586
f 558 559 585
f 320 320 594
f 606 576 607
f 320 595 594
f 566 596 595
f 605 575 606
f 575 576 606
f 604 574 605
f 574 575 605
f 603 573 604
f 573 574 604
f 602 572 603
f 572 573 603
f 601 571 602
f 571 572 602
f 600 570 601
f 570 571 601
f 599 569 600
f 569 570 600
f 569 598 568
f 599 598 569
f 599 599 598
f 568 598 597
f 567 568 597
f 567 597 596
f 566 567 596
f 320 566 595
f 636 637 638
f 639 640 638
f 642 629 641
f 666 676 675
f 664 674 673
f 663 664 673
f 663 673 340
f 662 663 340
f 661 662 340
f 339 661 340
f 339 340 340
f 339 337 661
f 661 337 660
f 337 335 660
f 660 335 659
f 335 333 659
f 659 333 658
f 333 330 658
f 658 330 657
f 331 656 657
f 331 331 657
f 331 657 330
f 656 331 672
f 655 656 672
f 666 675 664
f 655 672 671
f 664 675 674
f 675 676 677
f 675 685 684
f 674 675 684
f 673 674 684
f 352 673 684
f 352 684 353
f 352 340 673
f 673 340 340
f 340 340 340
f 331 331 331
f 331 342 331
f 331 342 672
f 683 671 672
f 343 683 672
f 343 672 342
f 671 683 682
f 670 671 682
f 670 682 680
f 667 670 680
f 680 681 667
f 681 669 667
f 678 679 677
f 676 678 677
f 654 655 671
f 654 671 670
f 651 654 670
f 642 642 641
f 651 652 654
f 652 642 654
f 653 652 651
f 640 650 649
f 638 649 648
f 640 649 638
f 640 640 649
f 638 648 647
f 636 638 647
f 636 647 646
f 634 636 646
f 634 646 645
f 632 634 645
f 632 645 644
f 630 632 644
f 630 644 643
f 627 630 643
f 641 627 643
f 629 627 641
f 629 629 627
f 642 641 654
f 654 641 655
f 641 643 655
f 643 656 655
f 667 651 670
f 668 651 667
f 668 653 651
f 669 668 667
f 665 666 664
f 663 650 664
f 650 665 664
f 649 663 662
f 650 663 649
f 650 650 663
f 677 686 685
f 649 662 661
f 648 661 660
f 647 648 660
f 647 660 659
f 646 647 659
f 646 659 658
f 645 646 658
f 645 658 657
f 644 645 657
f 644 657 656
f 643 644 656
f 648 649 661
f 759 767 766
f 120 400 412
f 120 107 400
f 11 144 10
f 143 11 159
f 142 143 159
f 142 159 158
f 139 142 158
f 155 139 158
f 156 139 155
f 156 141 139
f 157 156 155
f 153 154 152
f 151 138 152
f 138 153 152
f 136 151 150
f 138 151 136
f 138 138 151
f 136 150 149
f 135 136 149
f 135 149 148
f 134 135 148
f 134 148 147
f 133 134 147
f 11 11 144
f 133 147 146
f 11 143 144
f 13 10 145
f 154 167 166
f 152 165 164
f 154 165 152
f 154 154 165
f 152 164 163
f 151 152 163
f 151 163 162
f 150 151 162
f 150 162 161
f 149 150 161
f 149 161 160
f 148 149 160
f 148 160 20
f 147 148 20
f 146 147 20
f 19 146 20
f 19 20 20
f 19 8 146
f 146 8 8
f 8 8 8
f 145 3 13
f 145 10 144
f 165 154 166
f 132 133 146
f 131 132 8
f 118 119 134
f 118 134 133
f 117 118 133
f 117 133 132
f 116 117 132
f 116 132 131
f 115 116 131
f 115 131 130
f 114 115 130
f 114 130 129
f 113 114 129
f 113 129 128
f 112 113 128
f 112 128 127
f 111 112 127
f 111 127 126
f 108 111 126
f 125 108 126
f 110 108 125
f 110 110 108
f 122 123 125
f 119 135 134
f 132 146 8
f 121 137 136
f 119 136 135
f 130 131 8
f 7 130 8
f 7 8 8
f 7 5 130
f 130 5 129
f 5 2 129
f 129 2 128
f 145 127 128
f 3 145 128
f 3 128 2
f 127 145 144
f 126 127 144
f 126 144 143
f 125 126 143
f 125 143 142
f 122 125 142
f 139 122 142
f 140 122 139
f 140 124 122
f 141 140 139
f 137 138 136
f 121 136 119
f 123 110 125
f 167 168 166
f 169 170 155
f 185 186 199
f 43 185 199
f 43 43 199
f 43 199 56
f 43 43 43
f 33 45 184
f 184 45 198
f 184 198 197
f 183 184 197
f 183 197 196
f 182 183 196
f 182 196 194
f 180 182 194
f 194 195 180
f 195 181 180
f 192 193 191
f 190 179 191
f 179 192 191
f 178 190 189
f 179 190 178
f 179 179 190
f 186 200 199
f 178 189 188
f 186 187 200
f 187 188 201
f 57 57 198
f 57 198 45
f 198 213 212
f 197 198 212
f 197 212 211
f 196 197 211
f 196 211 209
f 194 196 209
f 209 210 194
f 210 195 194
f 207 208 206
f 191 206 205
f 193 206 191
f 193 207 206
f 191 205 204
f 190 191 204
f 190 204 203
f 189 190 203
f 189 203 202
f 188 189 202
f 188 202 201
f 187 201 200
f 170 157 155
f 177 178 188
f 176 177 187
f 164 165 176
f 164 176 175
f 163 164 175
f 163 175 174
f 162 163 174
f 162 174 173
f 161 162 173
f 161 173 31
f 160 161 31
f 20 160 31
f 20 20 31
f 20 31 31
f 20 20 20
f 11 11 11
f 172 159 11
f 22 172 11
f 22 11 11
f 159 172 171
f 158 159 171
f 158 171 169
f 155 158 169
f 165 177 176
f 177 188 187
f 165 166 177
f 168 179 178
f 176 187 186
f 175 176 186
f 175 186 185
f 174 175 185
f 174 185 43
f 173 174 43
f 31 173 43
f 31 31 43
f 31 43 43
f 31 31 31
f 22 33 172
f 172 33 184
f 172 184 183
f 171 172 183
f 171 183 182
f 169 171 182
f 180 169 182
f 170 169 180
f 170 170 169
f 181 170 180
f 166 168 178
f 166 178 177
f 124 123 122
f 120 121 119
f 118 107 119
f 36 48 47
f 35 36 47
f 35 47 46
f 34 35 46
f 34 46 44
f 32 34 44
f 44 45 32
f 45 33 32
f 31 43 42
f 30 42 41
f 31 42 30
f 31 31 42
f 30 41 40
f 29 30 40
f 29 40 39
f 28 29 39
f 28 39 38
f 27 28 38
f 27 38 37
f 26 27 37
f 26 37 36
f 36 37 48
f 25 26 36
f 37 49 48
f 38 50 49
f 48 49 60
f 48 60 59
f 47 48 59
f 47 59 58
f 46 47 58
f 58 44 46
f 57 44 58
f 57 57 44
f 45 44 57
f 43 56 55
f 42 55 54
f 43 55 42
f 43 43 55
f 42 54 53
f 41 42 53
f 41 53 52
f 40 41 52
f 40 52 51
f 39 40 51
f 39 51 50
f 38 39 50
f 37 38 49
f 49 61 60
f 25 36 35
f 24 35 34
f 19 20 18
f 17 8 18
f 8 19 18
f 6 17 16
f 8 17 6
f 8 8 17
f 6 16 15
f 4 6 15
f 4 15 14
f 1 4 14
f 12 1 14
f 13 1 12
f 13 3 1
f 9 10 12
f 10 13 12
f 11 10 9
f 7 8 6
f 4 5 6
f 5 7 6
f 1 2 4
f 2 5 4
f 22 11 21
f 24 25 35
f 11 11 9
f 21 9 23
f 23 24 34
f 23 34 32
f 21 23 32
f 32 33 21
f 33 22 21
f 20 31 30
f 18 30 29
f 20 30 18
f 20 20 30
f 18 29 28
f 17 18 28
f 17 28 27
f 16 17 27
f 16 27 26
f 15 16 26
f 15 26 25
f 14 15 25
f 14 25 24
f 12 14 24
f 12 24 23
f 9 12 23
f 11 9 21
f 49 50 61
f 50 62 61
f 50 51 62
f 95 97 104
f 95 104 103
f 93 95 103
f 93 103 102
f 90 93 102
f 100 90 102
f 92 90 100
f 92 92 90
f 101 92 100
f 98 99 97
f 95 96 97
f 96 98 97
f 93 94 95
f 94 96 95
f 90 91 93
f 91 94 93
f 92 91 90
f 85 86 89
f 88 84 89
f 84 85 89
f 87 83 88
f 97 105 104
f 83 84 88
f 99 99 106
f 97 106 105
f 107 120 119
f 106 118 117
f 107 118 106
f 107 107 118
f 106 117 116
f 105 106 116
f 105 116 115
f 104 105 115
f 104 115 114
f 103 104 114
f 103 114 113
f 102 103 113
f 102 113 112
f 100 102 112
f 111 100 112
f 101 100 111
f 101 101 100
f 108 109 111
f 109 101 111
f 110 109 108
f 99 107 106
f 99 106 97
f 82 83 87
f 77 78 86
f 77 85 76
f 62 74 73
f 61 62 73
f 61 73 72
f 60 61 72
f 60 72 70
f 59 60 70
f 70 58 59
f 71 58 70
f 71 69 58
f 57 58 69
f 55 56 67
f 56 68 67
f 55 67 66
f 54 55 66
f 54 66 65
f 53 54 65
f 53 65 64
f 52 53 64
f 52 64 63
f 51 52 63
f 51 63 62
f 62 63 74
f 63 75 74
f 63 64 75
f 64 76 75
f 86 85 77
f 86 86 85
f 76 85 84
f 75 76 84
f 75 84 83
f 74 75 83
f 83 73 74
f 82 73 83
f 82 82 73
f 81 72 82
f 57 213 198
f 72 73 82
f 70 72 81
f 71 70 80
f 67 68 79
f 78 66 79
f 66 67 79
f 66 77 65
f 78 77 66
f 78 78 77
f 65 77 76
f 64 65 76
f 80 70 81
f 57 57 57
f 214 56 199
f 68 56 214
f 345 357 356
f 344 345 356
f 344 356 354
f 341 344 354
f 354 355 341
f 355 343 341
f 352 353 351
f 350 340 351
f 340 352 351
f 338 350 349
f 340 350 338
f 340 340 350
f 338 349 348
f 336 338 348
f 336 348 347
f 334 336 347
f 334 347 346
f 332 334 346
f 332 346 345
f 329 332 345
f 344 329 345
f 345 346 357
f 331 329 344
f 346 358 357
f 347 359 358
f 356 357 372
f 356 372 371
f 354 356 371
f 370 354 371
f 355 354 370
f 355 355 354
f 367 368 370
f 368 355 370
f 369 368 367
f 365 366 364
f 351 364 363
f 353 364 351
f 353 365 364
f 351 363 362
f 350 351 362
f 350 362 361
f 349 350 361
f 349 361 360
f 348 349 360
f 348 360 359
f 347 348 359
f 346 347 358
f 357 373 372
f 331 331 329
f 342 331 344
f 301 302 322
f 320 300 321
f 300 301 321
f 300 319 299
f 320 319 300
f 320 320 319
f 299 319 318
f 298 299 318
f 298 318 317
f 297 298 317
f 297 317 316
f 296 297 316
f 316 295 296
f 315 295 316
f 315 315 295
f 314 294 315
f 294 295 315
f 313 293 314
f 293 294 314
f 292 293 313
f 289 291 312
f 321 301 322
f 341 342 344
f 302 303 323
f 303 304 324
f 343 342 341
f 339 340 338
f 336 337 338
f 337 339 338
f 334 335 336
f 335 337 336
f 332 333 334
f 333 335 334
f 329 330 332
f 330 333 332
f 331 330 329
f 319 320 328
f 327 318 328
f 318 319 328
f 326 317 327
f 317 318 327
f 325 316 326
f 316 317 326
f 315 316 325
f 304 305 324
f 323 303 324
f 322 302 323
f 357 358 373
f 358 374 373
f 358 359 374
f 391 392 401
f 391 401 400
f 390 391 400
f 390 400 107
f 389 390 107
f 99 389 107
f 99 99 107
f 99 107 107
f 99 99 99
f 92 92 92
f 101 388 92
f 101 101 92
f 101 92 92
f 388 101 399
f 387 388 399
f 387 399 398
f 385 387 398
f 396 385 398
f 386 385 396
f 386 386 385
f 397 386 396
f 392 402 401
f 384 395 394
f 392 393 402
f 393 394 403
f 400 107 107
f 107 107 107
f 101 101 101
f 101 109 101
f 101 109 399
f 110 398 399
f 110 110 399
f 110 399 109
f 398 110 411
f 396 398 411
f 410 396 411
f 397 396 410
f 397 397 396
f 407 408 410
f 408 397 410
f 409 408 407
f 395 406 405
f 394 405 404
f 395 405 394
f 395 395 405
f 394 404 403
f 393 403 402
f 382 394 393
f 384 394 382
f 384 384 394
f 370 387 385
f 367 370 385
f 385 386 367
f 386 369 367
f 383 384 382
f 380 381 382
f 381 383 382
f 364 380 379
f 366 380 364
f 366 381 380
f 364 379 378
f 363 364 378
f 363 378 377
f 362 363 377
f 362 377 376
f 361 362 376
f 361 376 375
f 360 361 375
f 360 375 96
f 359 360 96
f 359 96 374
f 370 371 387
f 371 388 387
f 371 372 388
f 372 92 388
f 382 393 392
f 380 382 392
f 380 392 391
f 379 380 391
f 379 391 390
f 378 379 390
f 378 390 389
f 377 378 389
f 377 389 99
f 376 377 99
f 311 288 312
f 375 376 99
f 98 99 99
f 98 96 375
f 375 96 96
f 96 94 96
f 96 94 374
f 94 91 374
f 374 91 373
f 92 372 373
f 92 92 373
f 92 373 91
f 98 375 99
f 120 412 121
f 288 289 312
f 287 288 311
f 250 249 231
f 80 250 231
f 80 231 71
f 231 249 248
f 230 231 248
f 230 248 247
f 229 230 247
f 229 247 245
f 228 229 245
f 245 226 228
f 246 226 245
f 246 244 226
f 227 226 244
f 224 243 242
f 222 242 241
f 224 242 222
f 224 224 242
f 222 241 240
f 221 222 240
f 221 240 239
f 220 221 239
f 81 250 80
f 220 239 238
f 251 250 81
f 82 251 82
f 239 260 259
f 238 239 259
f 238 259 258
f 237 238 258
f 237 258 257
f 236 237 257
f 236 257 256
f 235 236 256
f 235 256 255
f 234 235 255
f 234 255 254
f 233 234 254
f 233 254 253
f 232 233 253
f 232 253 252
f 78 232 252
f 78 252 86
f 78 78 86
f 78 86 86
f 86 86 86
f 82 82 82
f 82 251 81
f 239 240 260
f 219 220 238
f 218 219 237
f 227 209 226
f 227 225 209
f 210 209 225
f 223 224 222
f 206 222 221
f 208 222 206
f 208 223 222
f 206 221 220
f 205 206 220
f 205 220 219
f 204 205 219
f 204 219 218
f 203 204 218
f 203 218 217
f 202 203 217
f 202 217 216
f 201 202 216
f 201 216 215
f 200 201 215
f 200 215 214
f 199 200 214
f 226 209 211
f 219 238 237
f 211 212 226
f 212 213 228
f 218 237 236
f 217 218 236
f 217 236 235
f 216 217 235
f 216 235 234
f 215 216 234
f 215 234 233
f 214 215 233
f 214 233 232
f 68 214 232
f 68 232 79
f 232 78 79
f 79 78 78
f 78 78 78
f 69 71 231
f 231 230 57
f 69 231 57
f 69 57 57
f 57 230 229
f 213 57 229
f 213 229 228
f 212 228 226
f 240 261 260
f 240 241 261
f 241 262 261
f 275 298 297
f 274 275 297
f 274 297 296
f 273 274 296
f 273 296 295
f 272 273 295
f 272 295 294
f 271 272 294
f 271 294 293
f 270 271 293
f 293 269 270
f 292 269 293
f 292 292 269
f 268 269 292
f 264 266 290
f 264 289 263
f 290 289 264
f 290 291 289
f 263 289 288
f 262 263 288
f 262 288 287
f 275 276 298
f 261 262 287
f 276 299 298
f 277 300 299
f 309 286 310
f 286 287 310
f 308 285 309
f 285 286 309
f 307 284 308
f 284 285 308
f 306 283 307
f 283 284 307
f 305 282 306
f 282 283 306
f 282 304 281
f 305 304 282
f 305 305 304
f 281 304 303
f 280 281 303
f 280 303 302
f 279 280 302
f 279 302 301
f 278 279 301
f 278 301 300
f 277 278 300
f 276 277 299
f 261 287 286
f 260 261 286
f 260 286 285
f 87 82 82
f 82 273 272
f 251 82 272
f 251 272 271
f 250 251 271
f 250 271 270
f 249 250 270
f 249 270 269
f 248 249 269
f 269 247 248
f 268 247 269
f 268 268 247
f 267 245 268
f 245 247 268
f 246 245 267
f 265 266 264
f 242 264 263
f 243 264 242
f 243 265 264
f 242 263 262
f 241 242 262
f 87 274 82
f 274 273 82
f 88 274 87
f 275 274 88
f 259 260 285
f 259 285 284
f 258 259 284
f 258 284 283
f 257 258 283
f 257 283 282
f 256 257 282
f 256 282 281
f 255 256 281
f 255 281 280
f 310 287 311
f 254 255 280
f 253 254 279
f 253 279 278
f 252 253 278
f 252 278 277
f 86 252 277
f 86 277 276
f 86 86 276
f 86 276 89
f 276 275 89
f 89 275 88
f 254 280 279
f 759 760 767
f 760 768 767
f 762 762 769
f 952 939 952
f 952 939 939
f 939 939 939
f 934 934 934
f 934 946 934
f 934 946 946
f 946 944 1201
f 946 946 1201
f 946 1201 1201
f 941 1201 944
f 1211 1201 941
f 941 1209 1211
f 942 1209 941
f 942 942 1209
f 1210 1209 942
f 1207 1208 952
f 939 1206 952
f 1206 1207 952
f 1206 938 1205
f 939 938 1206
f 939 939 938
f 1208 952 952
f 936 1205 938
f 1208 1208 952
f 1208 1212 954
f 959 968 1215
f 959 959 968
f 1216 1217 966
f 1216 965 1214
f 966 965 1216
f 966 966 965
f 1214 965 957
f 1214 1214 957
f 1214 957 957
f 957 957 957
f 942 942 942
f 1210 959 1210
f 1210 959 959
f 1210 942 959
f 942 942 959
f 1215 1210 959
f 1213 1214 957
f 1213 956 1212
f 957 956 1213
f 957 957 956
f 954 1212 956
f 1208 954 952
f 1215 968 1218
f 1204 1205 936
f 1203 1204 933
f 1189 1152 1190
f 1152 1153 1190
f 1188 1151 1189
f 1151 1152 1189
f 1187 1150 1188
f 1150 1151 1188
f 1186 1149 1187
f 1149 1150 1187
f 1185 1148 1186
f 1148 1149 1186
f 1184 1147 1185
f 1147 1148 1185
f 1183 1146 1184
f 1146 1147 1184
f 1182 1145 1183
f 1145 1146 1183
f 1181 1144 1182
f 1144 1145 1182
f 1179 912 1181
f 912 1144 1181
f 931 912 912
f 1153 1154 1191
f 933 1204 936
f 1190 1153 1191
f 1191 1154 1192
f 933 1202 1203
f 934 1202 933
f 934 934 1202
f 946 1200 934
f 1200 1202 934
f 1201 1200 946
f 1178 1180 1199
f 1198 1177 1199
f 1177 1178 1199
f 1197 1176 1198
f 1176 1177 1198
f 1196 1175 1197
f 1175 1176 1197
f 1195 1174 1196
f 1174 1175 1196
f 1194 1172 1195
f 1172 1174 1195
f 1173 1172 1194
f 1156 1157 1193
f 1192 1155 1193
f 1155 1156 1193
f 1154 1155 1192
f 931 912 1179
f 959 959 959
f 966 966 1217
f 1235 1239 1017
f 1012 1235 1235
f 1012 1235 1017
f 1012 1017 1012
f 1012 1017 1017
f 1012 1012 1012
f 1007 1007 1007
f 1007 1014 1238
f 1007 1007 1238
f 1007 1238 1233
f 1014 1236 1238
f 1015 1236 1014
f 1015 1015 1236
f 1237 1236 1015
f 1231 1235 1012
f 1004 1231 1012
f 1004 1012 1004
f 1004 1012 1012
f 1004 1004 1004
f 1230 1000 1230
f 1230 1000 1009
f 1015 1015 1019
f 1006 1230 1009
f 1015 1019 1237
f 1015 1015 1015
f 1029 1029 1029
f 1242 1025 1030
f 1247 1242 1030
f 1247 1030 1030
f 1248 1247 1030
f 1245 1246 1036
f 1034 1244 1036
f 1244 1245 1036
f 1029 1243 1034
f 1243 1244 1034
f 1243 1028 1241
f 1029 1028 1243
f 1029 1029 1028
f 1241 1028 1241
f 1241 1028 1023
f 1242 1019 1025
f 1240 1019 1242
f 1023 1239 1241
f 1017 1239 1023
f 1017 1017 1239
f 1017 1017 1017
f 1237 1019 1240
f 966 966 966
f 1234 1230 1006
f 1007 1232 1006
f 989 989 988
f 1222 988 982
f 1222 1222 982
f 1222 982 982
f 982 982 982
f 976 976 976
f 1220 984 1223
f 976 984 1220
f 976 976 984
f 1221 1222 982
f 1221 981 1219
f 982 981 1221
f 982 982 981
f 1219 981 1219
f 1219 981 974
f 1218 968 976
f 1218 1218 976
f 1218 976 976
f 1220 1218 976
f 974 1217 1219
f 966 1217 974
f 989 988 1224
f 1006 1232 1234
f 1224 988 1222
f 1223 984 1226
f 1007 1007 1232
f 1233 1232 1007
f 1229 1231 1004
f 998 1229 1229
f 998 1229 1004
f 998 1004 998
f 998 1004 1004
f 998 998 998
f 1230 991 1000
f 1226 991 1230
f 1228 1229 998
f 1228 997 1227
f 998 997 1228
f 998 998 997
f 995 1227 997
f 1225 1227 995
f 1225 995 989
f 1225 1225 989
f 1225 989 989
f 989 989 989
f 1226 984 991
f 1224 1225 989
f 931 1179 1178
f 1178 1179 1180
f 1178 1177 931
f 1114 1115 1123
f 1121 1113 1122
f 1113 1114 1122
f 1112 1113 1121
f 1110 1111 1120
f 1110 1119 1109
f 1120 1119 1110
f 1120 1120 1119
f 1109 1119 1118
f 1108 1109 1118
f 1108 1118 1117
f 1107 1108 1117
f 1107 1117 1116
f 856 1107 1116
f 856 1116 873
f 1116 872 873
f 873 872 872
f 872 871 872
f 872 871 871
f 871 870 871
f 871 870 870
f 1122 1114 1123
f 870 870 870
f 1123 874 1124
f 1123 860 874
f 870 870 1131
f 870 1131 902
f 1131 1130 902
f 902 1130 901
f 1130 1129 901
f 901 1129 900
f 1129 1128 900
f 900 1128 899
f 1128 1127 899
f 899 1127 898
f 1127 1126 898
f 898 1126 897
f 1126 896 897
f 897 896 896
f 896 896 896
f 876 876 876
f 876 1125 876
f 876 1125 875
f 1125 1124 875
f 875 1124 874
f 1123 1115 860
f 1123 874 1123
f 870 1132 1131
f 858 860 1115
f 858 1114 857
f 1096 1097 1103
f 1097 1104 1103
f 1096 1103 1102
f 1095 1096 1102
f 1095 1102 1101
f 1094 1095 1101
f 1094 1101 1100
f 835 1094 1100
f 844 835 1100
f 1100 835 835
f 836 836 836
f 836 1099 1093
f 836 836 1093
f 836 1093 828
f 1099 1091 1093
f 1098 1091 1099
f 1098 1098 1091
f 1092 1091 1098
f 1089 1090 1096
f 1090 1097 1096
f 1089 1096 1095
f 1098 1099 1105
f 1115 1114 858
f 1105 1105 1099
f 1106 1099 836
f 1114 1113 845
f 857 1114 845
f 857 845 845
f 1113 1106 845
f 1112 1106 1113
f 1112 1112 1106
f 1105 1106 1112
f 1103 1104 1110
f 1104 1111 1110
f 1103 1110 1109
f 1102 1103 1109
f 1102 1109 1108
f 1101 1102 1108
f 1101 1108 1107
f 1100 1101 1107
f 856 844 1107
f 1107 844 1100
f 845 845 845
f 845 1106 836
f 845 845 836
f 845 836 836
f 1105 1099 1106
f 870 871 1132
f 871 1133 1132
f 871 872 1133
f 1164 1132 1165
f 1132 1133 1165
f 1163 1131 1164
f 1131 1132 1164
f 1162 1130 1163
f 1130 1131 1163
f 1161 1129 1162
f 1129 1130 1162
f 1160 1128 1161
f 1128 1129 1161
f 1159 1127 1160
f 1127 1128 1160
f 1158 1126 1159
f 1126 1127 1159
f 1157 896 1158
f 896 1126 1158
f 925 896 896
f 925 896 1157
f 925 1157 1156
f 1156 1157 1157
f 1156 1155 925
f 1133 1134 1166
f 925 1155 924
f 1165 1133 1166
f 1166 1134 1167
f 931 1177 930
f 1177 1176 930
f 930 1176 929
f 1176 1175 929
f 929 1175 928
f 1175 1174 928
f 928 1174 927
f 1174 1172 927
f 927 1172 926
f 1171 905 905
f 1171 905 926
f 1171 926 1173
f 1173 926 1172
f 1170 1143 1171
f 1143 905 1171
f 1169 1142 1170
f 1142 1143 1170
f 1168 1141 1169
f 1141 1142 1169
f 1140 1141 1168
f 1135 1136 1167
f 1134 1135 1167
f 1155 1154 924
f 924 1154 923
f 1154 1153 923
f 904 1142 903
f 1142 1141 876
f 903 1142 876
f 903 876 876
f 1141 1125 876
f 1140 1125 1141
f 1140 1140 1125
f 1139 1124 1140
f 1124 1125 1140
f 1123 1124 1139
f 1119 1120 1138
f 1137 1118 1138
f 1118 1119 1138
f 1136 1117 1137
f 1117 1118 1137
f 1117 1135 1116
f 1136 1135 1117
f 1136 1136 1135
f 1116 1135 1134
f 872 1116 1134
f 872 1134 1133
f 1143 1142 904
f 905 1143 904
f 905 1143 905
f 905 905 905
f 923 1153 922
f 1153 1152 922
f 922 1152 921
f 1152 1151 921
f 921 1151 920
f 1151 1150 920
f 920 1150 919
f 1150 1149 919
f 919 1149 918
f 1149 1148 918
f 1034 1029 1029
f 918 1148 917
f 917 1147 916
f 1147 1146 916
f 916 1146 915
f 1146 1145 915
f 915 1145 914
f 1145 1144 914
f 914 1144 913
f 1144 912 913
f 913 912 912
f 912 912 912
f 1148 1147 917
f 1034 1029 1034
f 1036 1034 1034
f 1036 1034 1036
f 1333 1200 1331
f 1201 1329 1331
f 1201 1201 1331
f 1201 1331 1200
f 1329 1201 1348
f 1326 1329 1348
f 1346 1326 1348
f 1347 1326 1346
f 1347 1328 1326
f 1343 1344 1346
f 1344 1347 1346
f 1345 1344 1343
f 1341 1342 1340
f 1338 1339 1340
f 1339 1341 1340
f 1205 1337 1338
f 1337 1339 1338
f 1204 1336 1205
f 1336 1337 1205
f 1203 1335 1204
f 1335 1336 1204
f 1202 1200 1333
f 1333 1334 1203
f 1203 1202 1333
f 1204 1203 1203
f 1210 1346 1209
f 1354 1343 1210
f 1355 1343 1354
f 1355 1345 1343
f 1356 1355 1354
f 1352 1353 1351
f 1349 1350 1351
f 1350 1352 1351
f 1208 1342 1349
f 1342 1350 1349
f 1340 1342 1342
f 1340 1342 1208
f 1340 1208 1207
f 1207 1208 1208
f 1207 1206 1340
f 1340 1206 1338
f 1206 1205 1338
f 1338 1205 1205
f 1205 1204 1205
f 1205 1204 1204
f 1204 1203 1204
f 1203 1202 1203
f 1210 1210 1346
f 1334 1335 1203
f 1332 1334 1333
f 1197 1196 1196
f 1196 1195 1196
f 1196 1195 1195
f 1195 1194 1195
f 1195 1194 1194
f 1173 1318 1302
f 1194 1318 1173
f 1194 1194 1318
f 1157 1286 1317
f 1193 1317 1316
f 1157 1317 1193
f 1157 1157 1317
f 1192 1193 1316
f 1315 1192 1316
f 1191 1192 1315
f 1314 1191 1315
f 1190 1191 1314
f 1313 1190 1314
f 1189 1190 1313
f 1312 1189 1313
f 1188 1189 1312
f 1197 1196 1197
f 1331 1332 1333
f 1198 1197 1197
f 1199 1198 1198
f 1329 1330 1331
f 1330 1332 1331
f 1326 1327 1329
f 1327 1330 1329
f 1328 1327 1326
f 1199 1319 1325
f 1324 1198 1325
f 1198 1199 1325
f 1323 1197 1324
f 1197 1198 1324
f 1322 1196 1323
f 1196 1197 1323
f 1321 1195 1322
f 1195 1196 1322
f 1320 1194 1321
f 1194 1195 1321
f 1318 1194 1320
f 1319 1180 1303
f 1199 1180 1319
f 1199 1199 1180
f 1199 1198 1199
f 1198 1197 1198
f 1210 1343 1346
f 1348 1209 1346
f 1211 1209 1348
f 1384 1373 1383
f 1384 1382 1373
f 1374 1373 1382
f 1380 1381 1379
f 1377 1378 1379
f 1378 1380 1379
f 1376 1372 1377
f 1372 1378 1377
f 1371 1376 1222
f 1372 1376 1371
f 1372 1372 1376
f 1370 1371 1222
f 1221 1370 1222
f 1221 1222 1222
f 1221 1219 1370
f 1370 1219 1219
f 1219 1219 1219
f 1218 1218 1218
f 1375 1368 1218
f 1220 1375 1218
f 1220 1218 1218
f 1383 1373 1375
f 1373 1368 1375
f 1375 1223 1383
f 1222 1222 1222
f 1228 1229 1229
f 1228 1227 1386
f 1386 1227 1385
f 1227 1225 1385
f 1385 1225 1225
f 1225 1225 1225
f 1223 1226 1383
f 1383 1226 1388
f 1388 1389 1383
f 1389 1384 1383
f 1381 1387 1386
f 1379 1386 1385
f 1381 1386 1379
f 1381 1381 1386
f 1379 1385 1225
f 1377 1379 1225
f 1376 1377 1225
f 1224 1376 1225
f 1224 1225 1225
f 1224 1222 1376
f 1376 1222 1222
f 1220 1223 1375
f 1369 1368 1373
f 1369 1369 1368
f 1374 1369 1373
f 1215 1363 1210
f 1215 1210 1210
f 1361 1354 1363
f 1356 1354 1361
f 1356 1356 1354
f 1362 1356 1361
f 1359 1360 1358
f 1214 1357 1358
f 1357 1359 1358
f 1351 1353 1357
f 1351 1357 1214
f 1351 1214 1213
f 1213 1214 1214
f 1213 1212 1351
f 1351 1212 1349
f 1212 1208 1349
f 1349 1208 1208
f 1208 1208 1208
f 1201 1201 1201
f 1201 1211 1201
f 1201 1211 1348
f 1363 1354 1210
f 1210 1210 1210
f 1214 1214 1214
f 1358 1214 1214
f 1367 1372 1371
f 1365 1371 1370
f 1367 1371 1365
f 1367 1367 1371
f 1365 1370 1219
f 1364 1365 1219
f 1219 1217 1219
f 1219 1217 1364
f 1215 1218 1363
f 1363 1218 1218
f 1311 1188 1312
f 1363 1218 1368
f 1368 1369 1361
f 1369 1362 1361
f 1366 1367 1365
f 1364 1360 1365
f 1360 1366 1365
f 1358 1360 1360
f 1358 1360 1364
f 1358 1364 1216
f 1216 1364 1217
f 1216 1214 1358
f 1361 1363 1368
f 1088 1089 1095
f 1187 1188 1311
f 1186 1187 1310
f 1076 1076 1076
f 1070 1078 1266
f 1070 1070 1266
f 1070 1266 1266
f 1263 1070 1266
f 1264 1265 1076
f 1264 1075 1262
f 1076 1075 1264
f 1076 1076 1075
f 1262 1075 1069
f 1262 1262 1069
f 1262 1069 1069
f 1069 1069 1069
f 1070 1070 1070
f 1065 1263 1261
f 1070 1263 1065
f 1070 1070 1263
f 1260 1262 1069
f 1063 1260 1260
f 1063 1260 1069
f 1063 1069 1063
f 1076 1076 1265
f 1063 1069 1069
f 1076 1265 1083
f 1266 1078 1268
f 1274 1105 1105
f 1272 1098 1274
f 1097 1271 1104
f 1271 1273 1104
f 1104 1097 1104
f 1104 1097 1097
f 1098 1098 1098
f 1092 1272 1270
f 1098 1272 1092
f 1098 1098 1272
f 1090 1269 1097
f 1269 1271 1097
f 1097 1090 1097
f 1097 1090 1090
f 1270 1085 1092
f 1268 1085 1270
f 1267 1269 1090
f 1090 1083 1267
f 1090 1090 1267
f 1090 1267 1267
f 1268 1078 1085
f 1083 1265 1267
f 1274 1105 1274
f 1063 1063 1063
f 1258 1065 1261
f 1049 1049 1048
f 1251 1048 1043
f 1251 1251 1043
f 1251 1043 1043
f 1043 1043 1043
f 1252 1039 1044
f 1250 1039 1252
f 1249 1251 1043
f 1037 1249 1043
f 1037 1043 1037
f 1037 1043 1043
f 1037 1037 1037
f 1030 1030 1030
f 1248 1039 1250
f 1030 1039 1248
f 1030 1030 1039
f 1246 1249 1037
f 1036 1246 1246
f 1036 1246 1037
f 1036 1037 1036
f 1036 1037 1037
f 1049 1048 1253
f 1057 1057 1057
f 1253 1048 1251
f 1049 1253 1055
f 1057 1065 1258
f 1057 1057 1065
f 1259 1260 1063
f 1259 1062 1257
f 1063 1062 1259
f 1063 1063 1062
f 1257 1062 1257
f 1257 1062 1056
f 1256 1050 1057
f 1256 1256 1057
f 1256 1057 1057
f 1258 1256 1057
f 1056 1255 1257
f 1055 1255 1056
f 1055 1055 1255
f 1055 1049 1055
f 1055 1049 1049
f 1049 1049 1049
f 1256 1044 1050
f 1252 1044 1256
f 1254 1255 1055
f 1253 1254 1055
f 1274 1098 1105
f 1274 1098 1098
f 1105 1105 1105
f 1140 1140 1168
f 1285 1140 1298
f 1137 1282 1297
f 1296 1136 1297
f 1136 1137 1297
f 1167 1296 1295
f 1136 1296 1167
f 1136 1136 1296
f 1166 1167 1295
f 1294 1166 1295
f 1165 1166 1294
f 1293 1165 1294
f 1164 1165 1293
f 1292 1164 1293
f 1163 1164 1292
f 1291 1163 1292
f 1162 1163 1291
f 1290 1162 1291
f 1161 1162 1290
f 1289 1161 1290
f 1160 1161 1289
f 1140 1168 1298
f 1288 1160 1289
f 1298 1168 1299
f 1168 1169 1300
f 1309 1186 1310
f 1185 1186 1309
f 1308 1185 1309
f 1184 1185 1308
f 1307 1184 1308
f 1183 1184 1307
f 1306 1183 1307
f 1182 1183 1306
f 1305 1182 1306
f 1181 1182 1305
f 1304 1181 1305
f 1179 1181 1304
f 1303 1179 1304
f 1179 1303 1180
f 1180 1303 1303
f 1173 1302 1171
f 1171 1302 1302
f 1170 1171 1302
f 1301 1170 1302
f 1169 1170 1301
f 1300 1169 1301
f 1299 1168 1300
f 1159 1160 1288
f 1287 1159 1288
f 1158 1159 1287
f 1281 1123 1123
f 1121 1122 1281
f 1280 1121 1281
f 1279 1121 1280
f 1112 1121 1279
f 1112 1112 1121
f 1277 1112 1279
f 1278 1111 1275
f 1120 1111 1278
f 1120 1120 1111
f 1120 1120 1120
f 1112 1112 1112
f 1276 1105 1105
f 1276 1105 1112
f 1276 1112 1277
f 1277 1112 1112
f 1274 1105 1276
f 1104 1273 1275
f 1275 1111 1104
f 1275 1275 1104
f 1275 1104 1104
f 1281 1281 1123
f 1281 1122 1123
f 1123 1123 1123
f 1136 1136 1136
f 1286 1158 1287
f 1157 1158 1286
f 1157 1157 1286
f 1157 1286 1286
f 1157 1157 1157
f 1140 1140 1140
f 1285 1139 1140
f 1285 1285 1140
f 1285 1140 1140
f 1284 1139 1285
f 1310 1187 1311
f 1123 1139 1284
f 1281 1123 1284
f 1120 1278 1283
f 1138 1283 1282
f 1120 1283 1138
f 1120 1120 1283
f 1137 1138 1282
f 1137 1137 1282
f 1137 1282 1282
f 1137 1136 1137
f 1137 1136 1136
f 1123 1123 1139
f 1088 1095 1094
f 1087 1088 1094
f 1087 1094 835
f 874 859 875
f 859 861 875
f 860 859 874
f 855 856 873
f 872 854 873
f 854 855 873
f 871 853 872
f 853 854 872
f 870 852 871
f 852 853 871
f 852 869 851
f 870 869 852
f 870 870 869
f 851 869 868
f 585 851 868
f 585 868 867
f 850 585 867
f 850 867 866
f 849 850 866
f 849 866 865
f 582 849 865
f 861 862 876
f 582 865 864
f 875 861 876
f 876 862 877
f 599 885 884
f 599 599 884
f 599 884 623
f 884 883 623
f 623 883 622
f 883 882 622
f 622 882 621
f 882 620 621
f 621 620 620
f 620 620 620
f 615 617 881
f 881 880 615
f 615 880 614
f 880 879 614
f 614 879 613
f 879 878 613
f 613 878 612
f 878 877 587
f 612 878 587
f 612 587 587
f 877 862 587
f 876 876 862
f 599 600 885
f 582 582 864
f 864 863 611
f 587 862 587
f 587 862 586
f 862 861 561
f 586 862 561
f 586 561 561
f 561 861 859
f 848 561 859
f 859 847 848
f 860 847 859
f 860 858 847
f 857 846 858
f 846 847 858
f 845 846 857
f 843 844 855
f 844 856 855
f 843 855 854
f 842 843 854
f 842 854 853
f 841 842 853
f 841 853 852
f 840 841 852
f 587 587 587
f 582 864 611
f 599 599 599
f 600 599 600
f 611 863 610
f 863 609 610
f 610 609 609
f 609 608 609
f 609 608 608
f 608 607 608
f 608 607 607
f 607 606 607
f 607 606 606
f 606 605 606
f 606 605 605
f 605 604 605
f 605 604 604
f 604 603 604
f 604 603 603
f 603 602 603
f 603 602 602
f 602 601 602
f 602 601 601
f 601 600 601
f 601 600 600
f 600 599 599
f 600 886 885
f 600 601 886
f 601 887 886
f 890 891 921
f 919 889 920
f 889 890 920
f 918 888 919
f 888 889 919
f 917 887 918
f 887 888 918
f 916 886 917
f 886 887 917
f 915 885 916
f 885 886 916
f 914 884 915
f 884 885 915
f 913 883 914
f 883 884 914
f 912 882 913
f 882 883 913
f 882 911 620
f 912 911 882
f 912 912 911
f 620 911 910
f 920 890 921
f 620 620 910
f 891 892 922
f 892 893 923
f 932 933 935
f 933 936 935
f 934 933 932
f 911 912 931
f 930 910 931
f 910 911 931
f 929 909 930
f 909 910 930
f 928 908 929
f 908 909 929
f 927 907 928
f 907 908 928
f 926 906 927
f 906 907 927
f 905 906 926
f 895 896 925
f 924 894 925
f 894 895 925
f 923 893 924
f 893 894 924
f 922 892 923
f 921 891 922
f 620 910 626
f 910 909 626
f 626 909 625
f 896 863 897
f 863 864 897
f 863 895 609
f 896 895 863
f 896 896 895
f 609 895 894
f 608 609 894
f 608 894 893
f 607 608 893
f 607 893 892
f 606 607 892
f 606 892 891
f 605 606 891
f 605 891 890
f 604 605 890
f 604 890 889
f 603 604 889
f 603 889 888
f 602 603 888
f 602 888 887
f 601 602 887
f 864 865 898
f 897 864 898
f 865 866 899
f 898 865 899
f 909 908 625
f 625 908 624
f 908 907 881
f 624 908 881
f 624 881 617
f 881 907 906
f 880 881 906
f 906 879 880
f 905 879 906
f 905 905 879
f 840 852 851
f 904 878 905
f 903 877 904
f 877 878 904
f 876 877 903
f 869 870 902
f 901 868 902
f 868 869 902
f 900 867 901
f 867 868 901
f 899 866 900
f 866 867 900
f 878 879 905
f 936 938 937
f 839 840 851
f 559 839 585
f 789 796 795
f 788 789 795
f 788 795 794
f 787 788 794
f 787 794 492
f 786 787 492
f 785 786 492
f 491 785 492
f 491 492 492
f 491 479 785
f 785 479 479
f 479 479 479
f 468 481 784
f 784 481 793
f 793 782 784
f 792 782 793
f 792 792 782
f 783 782 792
f 790 791 789
f 788 781 789
f 781 790 789
f 791 798 797
f 780 788 787
f 791 797 789
f 798 799 797
f 810 801 800
f 807 808 806
f 805 799 806
f 799 807 806
f 797 805 804
f 799 805 797
f 799 799 805
f 797 804 803
f 796 797 803
f 796 803 802
f 795 796 802
f 794 795 802
f 504 794 802
f 504 802 505
f 504 492 794
f 794 492 492
f 492 492 492
f 481 494 793
f 793 494 800
f 800 801 793
f 801 792 793
f 789 797 796
f 809 810 800
f 781 788 780
f 780 787 786
f 769 778 777
f 768 769 777
f 768 777 776
f 767 768 776
f 767 776 775
f 766 767 775
f 766 775 466
f 765 766 466
f 466 457 466
f 466 457 765
f 449 449 449
f 773 763 449
f 459 773 449
f 459 449 449
f 773 774 763
f 774 764 763
f 771 772 770
f 769 762 770
f 762 771 770
f 760 769 768
f 762 769 760
f 769 770 778
f 781 781 788
f 770 779 778
f 772 780 770
f 779 780 786
f 779 786 785
f 778 779 785
f 778 785 479
f 777 778 479
f 776 777 479
f 478 776 479
f 478 479 479
f 478 476 776
f 776 476 775
f 476 466 775
f 775 466 466
f 466 466 466
f 459 468 773
f 773 468 784
f 782 773 784
f 774 773 782
f 774 774 773
f 783 774 782
f 772 781 780
f 770 780 779
f 772 772 780
f 506 800 494
f 506 506 800
f 506 809 800
f 832 833 841
f 832 841 840
f 831 832 840
f 831 840 839
f 830 831 839
f 559 546 839
f 839 546 830
f 547 547 547
f 547 838 534
f 547 547 534
f 547 534 534
f 534 838 837
f 829 534 837
f 837 827 829
f 836 827 837
f 836 836 827
f 828 827 836
f 824 825 834
f 825 835 834
f 824 834 833
f 823 824 833
f 833 842 841
f 823 833 832
f 833 834 842
f 835 844 843
f 559 585 585
f 585 850 585
f 585 850 584
f 850 849 584
f 584 849 583
f 849 582 583
f 583 582 582
f 582 582 582
f 561 561 561
f 561 848 561
f 561 848 560
f 848 847 547
f 560 848 547
f 560 547 547
f 547 847 846
f 838 547 846
f 846 837 838
f 845 837 846
f 845 845 837
f 836 837 845
f 834 835 843
f 834 843 842
f 822 823 832
f 822 832 831
f 821 822 831
f 506 521 506
f 506 521 819
f 506 819 817
f 809 506 817
f 817 818 809
f 818 810 809
f 808 816 815
f 806 815 814
f 808 815 806
f 808 808 815
f 806 814 813
f 805 806 813
f 805 813 812
f 804 805 812
f 804 812 811
f 803 804 811
f 802 803 811
f 518 802 811
f 518 811 519
f 802 518 505
f 506 506 506
f 820 519 811
f 532 519 820
f 811 812 820
f 812 821 820
f 821 831 830
f 820 821 830
f 546 532 830
f 830 532 820
f 534 534 534
f 534 829 534
f 534 829 533
f 829 827 819
f 533 829 819
f 533 819 521
f 839 851 585
f 827 817 819
f 828 826 817
f 818 817 826
f 815 816 824
f 816 825 824
f 815 824 823
f 814 815 823
f 814 823 822
f 813 814 822
f 813 822 821
f 812 813 821
f 828 817 827
f 2427 2630 2426
f 935 936 937
f 942 941 940
f 762 762 762
f 755 764 1038
f 1038 764 764
f 764 1044 1038
f 1044 1039 1038
f 1037 1043 1042
f 1035 1042 1041
f 1037 1042 1035
f 1037 1037 1042
f 1035 1041 1040
f 1033 1035 1040
f 1033 1040 762
f 1032 1033 762
f 1031 1032 762
f 761 1031 762
f 761 762 762
f 761 753 1031
f 1031 753 753
f 753 753 753
f 749 749 749
f 1030 1038 1030
f 1040 762 762
f 1030 755 1038
f 771 762 1040
f 771 1040 772
f 1047 1052 1051
f 1046 1047 1051
f 1046 1051 781
f 1045 1046 781
f 772 1045 781
f 772 772 781
f 772 781 781
f 772 772 772
f 764 774 764
f 764 774 774
f 774 1050 764
f 1050 1044 764
f 1048 1049 1047
f 1046 1043 1047
f 1043 1048 1047
f 1042 1046 1045
f 1043 1046 1042
f 1043 1043 1046
f 1042 1045 772
f 1041 1042 772
f 1040 1041 772
f 771 772 772
f 1049 1049 1053
f 1030 749 755
f 1039 1030 1038
f 747 737 1021
f 1020 728 739
f 1024 1018 1020
f 740 1024 1020
f 740 1020 739
f 1024 1025 1018
f 1025 1019 1018
f 1017 1023 1022
f 1016 1022 1021
f 1017 1022 1016
f 1017 1017 1022
f 726 1016 1021
f 726 726 1021
f 726 1021 737
f 726 726 726
f 715 715 715
f 1020 1013 715
f 728 1020 715
f 728 715 715
f 1018 1013 1020
f 1015 1013 1018
f 747 737 747
f 749 749 755
f 1021 1022 747
f 1023 1028 1027
f 1036 1037 1035
f 1033 1034 1035
f 1034 1036 1035
f 1032 1029 1033
f 1029 1034 1033
f 1027 1032 1031
f 1029 1032 1027
f 1029 1029 1032
f 1027 1031 753
f 1026 1027 753
f 747 1026 753
f 747 747 753
f 747 753 753
f 747 747 747
f 740 749 1024
f 1024 749 749
f 749 1030 1024
f 1030 1025 1024
f 1028 1029 1027
f 1022 1027 1026
f 1023 1027 1022
f 1022 1026 747
f 1049 1053 1047
f 1047 1053 1052
f 1049 1055 1054
f 1076 1082 1074
f 1076 1076 1082
f 1074 1081 1080
f 1073 1074 1080
f 1073 1080 1079
f 1072 1073 1079
f 808 1072 1079
f 808 808 1079
f 808 1079 816
f 808 808 808
f 801 810 1071
f 1071 810 1077
f 1077 1078 1071
f 1078 1070 1071
f 1075 1076 1074
f 1073 1069 1074
f 1069 1075 1074
f 1068 1073 1072
f 1069 1073 1068
f 1069 1069 1073
f 1068 1072 808
f 1074 1082 1081
f 1067 1068 808
f 1076 1083 1082
f 1084 1085 1077
f 1086 1087 835
f 835 825 835
f 835 825 1086
f 826 828 1093
f 1093 1091 1084
f 826 1093 1084
f 826 1084 818
f 1091 1092 1084
f 1092 1085 1084
f 1082 1083 1089
f 1083 1090 1089
f 1082 1089 1088
f 1081 1082 1088
f 1081 1088 1087
f 1080 1081 1087
f 1080 1087 1086
f 1079 1080 1086
f 825 816 1086
f 1086 816 1079
f 810 818 1077
f 1077 818 1084
f 1085 1078 1077
f 1066 1067 808
f 807 1066 808
f 807 808 808
f 1065 1057 1064
f 1062 1063 1061
f 1054 1061 1060
f 1056 1061 1054
f 1056 1062 1061
f 1054 1060 1059
f 1053 1054 1059
f 1053 1059 1058
f 1052 1053 1058
f 1051 1052 1058
f 790 1051 1058
f 790 1058 791
f 790 781 1051
f 1051 781 781
f 781 781 781
f 774 774 774
f 1050 783 1057
f 774 783 1050
f 774 774 783
f 1055 1056 1054
f 1053 1049 1054
f 1057 792 1064
f 1057 783 792
f 1057 1057 783
f 783 792 792
f 807 799 1066
f 1066 799 799
f 799 799 799
f 792 801 792
f 792 801 1071
f 1071 1064 792
f 1070 1064 1071
f 1070 1070 1064
f 1065 1064 1070
f 1063 1069 1068
f 1015 1015 1013
f 1061 1068 1067
f 1063 1063 1068
f 1061 1067 1066
f 1060 1061 1066
f 1060 1066 799
f 1059 1060 799
f 1058 1059 799
f 798 1058 799
f 798 799 799
f 1058 798 791
f 792 792 792
f 1063 1068 1061
f 938 939 937
f 1019 1015 1018
f 1011 1016 726
f 640 962 650
f 640 640 650
f 640 650 650
f 640 640 640
f 629 629 629
f 642 961 629
f 642 642 629
f 642 629 629
f 961 642 970
f 960 961 970
f 960 970 969
f 958 960 969
f 967 958 969
f 959 958 967
f 959 959 958
f 968 959 967
f 965 966 964
f 963 957 964
f 957 965 964
f 955 963 962
f 957 963 955
f 962 963 650
f 957 957 963
f 963 971 650
f 964 972 971
f 972 973 978
f 971 972 978
f 665 971 978
f 665 978 666
f 665 650 971
f 971 650 650
f 650 650 650
f 642 642 642
f 642 652 642
f 642 652 970
f 977 969 970
f 653 977 970
f 653 970 652
f 969 977 975
f 967 969 975
f 975 976 967
f 976 968 967
f 966 974 973
f 964 973 972
f 966 973 964
f 966 966 973
f 963 964 971
f 973 979 978
f 955 962 640
f 951 953 640
f 954 956 955
f 951 952 953
f 952 954 953
f 950 939 951
f 939 952 951
f 937 950 949
f 939 950 937
f 939 939 950
f 937 949 633
f 935 937 633
f 935 633 948
f 932 935 948
f 947 932 948
f 934 932 947
f 934 934 932
f 945 946 947
f 946 934 947
f 943 944 945
f 944 946 945
f 940 941 943
f 941 944 943
f 953 954 955
f 953 955 640
f 956 957 955
f 942 942 940
f 639 951 640
f 639 640 640
f 639 637 951
f 951 637 950
f 637 635 950
f 950 635 949
f 635 633 949
f 949 633 633
f 633 631 633
f 633 631 948
f 631 628 948
f 948 628 947
f 629 945 947
f 629 629 947
f 629 947 628
f 945 629 961
f 943 945 961
f 943 961 960
f 940 943 960
f 958 940 960
f 942 940 958
f 959 942 958
f 974 981 980
f 974 980 973
f 973 980 979
f 711 709 1002
f 1002 709 1001
f 709 701 1001
f 1001 701 701
f 701 701 701
f 692 703 999
f 999 703 1010
f 1008 999 1010
f 1009 999 1008
f 1009 1000 999
f 1005 1006 1008
f 1006 1009 1008
f 1007 1006 1005
f 998 1004 1003
f 996 1003 1002
f 998 1003 996
f 998 998 1003
f 996 1002 1001
f 994 996 1001
f 994 1001 701
f 993 994 701
f 711 712 712
f 992 993 701
f 711 1002 712
f 1004 1004 1011
f 1012 1016 1011
f 1012 1012 1016
f 712 1011 726
f 712 712 726
f 712 726 726
f 712 712 712
f 1010 703 719
f 719 717 1010
f 1010 717 1008
f 717 714 1008
f 1008 714 1005
f 1007 715 1007
f 1007 715 715
f 1007 1005 715
f 1005 714 715
f 1013 1014 715
f 1014 1007 715
f 1015 1014 1013
f 1004 1012 1011
f 1003 1011 712
f 1004 1011 1003
f 1002 1003 712
f 700 992 701
f 700 701 701
f 992 700 690
f 988 989 987
f 986 982 987
f 982 988 987
f 980 986 679
f 982 986 980
f 982 982 986
f 979 980 679
f 678 979 679
f 678 679 679
f 678 676 979
f 979 676 978
f 978 676 666
f 977 653 668
f 985 975 977
f 669 985 977
f 669 977 668
f 983 975 985
f 976 975 983
f 976 976 975
f 984 976 983
f 981 982 980
f 991 984 983
f 990 991 983
f 983 985 990
f 985 681 990
f 681 681 681
f 999 990 681
f 692 999 681
f 692 681 681
f 999 1000 990
f 1000 991 990
f 997 998 996
f 994 995 996
f 995 997 996
f 993 989 994
f 1012 1017 1016
f 989 995 994
f 989 993 987
f 989 989 993
f 986 987 992
f 689 986 992
f 689 992 690
f 689 679 986
f 986 679 679
f 679 679 679
f 669 681 985
f 985 681 681
f 987 993 992
f 2425 2428 2428
f 2423 2421 2423
f 2425 2631 2428
f 4062 4062 4070
f 4062 4070 4070
f 4062 4062 4062
f 4069 4069 4069
f 4061 4323 4308
f 4069 4323 4061
f 4069 4069 4323
f 4307 4067 4059
f 4307 4322 4068
f 4307 4307 4068
f 4307 4068 4067
f 4321 4321 4321
f 4319 4321 4320
f 4320 4321 4321
f 4317 4319 4318
f 4318 4319 4320
f 4315 4317 4316
f 4316 4317 4318
f 4313 4315 4314
f 4314 4315 4316
f 4314 4312 4066
f 4062 4309 4070
f 4313 4314 4066
f 4309 4310 4070
f 4311 4311 4325
f 4078 4079 4330
f 4329 4078 4330
f 4077 4078 4329
f 4328 4077 4329
f 4076 4077 4328
f 4327 4076 4328
f 4327 4075 4076
f 4321 4075 4327
f 4321 4321 4075
f 4075 4321 4074
f 4321 4319 4074
f 4074 4319 4073
f 4319 4317 4073
f 4073 4317 4072
f 4317 4315 4072
f 4072 4315 4071
f 4315 4313 4071
f 4313 4066 4071
f 4311 4326 4325
f 4310 4325 4324
f 4311 4325 4310
f 4310 4324 4070
f 4331 4079 4079
f 4313 4066 4066
f 4306 4065 4312
f 4303 4303 4303
f 4058 4299 4056
f 4303 4299 4058
f 4303 4303 4299
f 4054 4302 4057
f 4298 4302 4054
f 4298 4298 4302
f 4298 4298 4298
f 4301 4301 4301
f 4300 4301 4300
f 4300 4301 4301
f 4056 4299 4297
f 4055 4056 4297
f 4055 4297 4295
f 4295 4052 4055
f 4053 4298 4054
f 4051 4294 4298
f 4053 4051 4298
f 4053 4298 4298
f 4296 4295 4297
f 4052 4293 4050
f 4304 4300 4300
f 4312 4065 4066
f 4304 4300 4304
f 4301 4304 4305
f 4306 4305 4065
f 4305 4304 4311
f 4304 4311 4304
f 4065 4305 4311
f 4064 4311 4310
f 4064 4065 4311
f 4064 4310 4309
f 4064 4309 4063
f 4309 4062 4063
f 4063 4062 4062
f 4062 4062 4062
f 4061 4308 4303
f 4060 4061 4303
f 4060 4303 4303
f 4303 4058 4060
f 4302 4059 4057
f 4307 4059 4302
f 4307 4307 4059
f 4307 4307 4307
f 4301 4305 4301
f 4301 4305 4306
f 4300 4304 4301
f 4331 4332 4079
f 4332 4330 4079
f 4332 4333 4333
f 4354 4105 4355
f 4349 4105 4354
f 4349 4098 4105
f 4350 4349 4354
f 4344 4104 4092
f 4104 4344 4103
f 4344 4342 4103
f 4342 4090 4103
f 4338 4339 4352
f 4339 4353 4352
f 4338 4352 4351
f 4086 4338 4351
f 4086 4351 4102
f 4351 4101 4102
f 4102 4101 4101
f 4101 4100 4101
f 4101 4100 4100
f 4100 4099 4100
f 4100 4099 4099
f 4099 4099 4099
f 4097 4098 4349
f 4105 4355 4355
f 4083 4350 4337
f 4106 4355 4105
f 4108 4107 4107
f 4365 4117 4366
f 4116 4117 4365
f 4364 4116 4365
f 4115 4116 4364
f 4363 4115 4364
f 4114 4115 4363
f 4362 4114 4363
f 4113 4114 4362
f 4361 4113 4362
f 4112 4113 4361
f 4360 4112 4361
f 4111 4112 4360
f 4359 4111 4360
f 4110 4111 4359
f 4358 4110 4359
f 4109 4110 4358
f 4357 4109 4358
f 4108 4109 4357
f 4356 4108 4357
f 4356 4357 4357
f 4356 4107 4108
f 4107 4107 4107
f 4097 4350 4083
f 4097 4349 4350
f 4334 4096 4081
f 4325 4338 4324
f 4339 4338 4325
f 4339 4339 4338
f 4070 4324 4338
f 4070 4070 4338
f 4070 4338 4086
f 4070 4070 4070
f 4083 4337 4082
f 4082 4337 4337
f 4336 4082 4337
f 4069 4082 4336
f 4069 4069 4082
f 4323 4069 4336
f 4322 4335 4068
f 4335 4080 4068
f 4080 4335 4334
f 4081 4080 4334
f 4081 4334 4334
f 4334 4334 4334
f 4333 4333 4333
f 4331 4333 4332
f 4325 4326 4339
f 4331 4079 4087
f 4333 4331 4087
f 4088 4333 4087
f 4096 4348 4095
f 4334 4348 4096
f 4334 4334 4348
f 4094 4095 4348
f 4347 4094 4348
f 4093 4094 4347
f 4346 4093 4347
f 4091 4093 4346
f 4345 4091 4346
f 4091 4345 4344
f 4295 4293 4052
f 4092 4091 4344
f 4342 4344 4343
f 4343 4344 4344
f 4343 4341 4090
f 4342 4343 4090
f 4342 4090 4090
f 4089 4090 4341
f 4340 4089 4341
f 4340 4088 4089
f 4333 4088 4340
f 4333 4333 4088
f 4092 4344 4344
f 4117 4118 4366
f 4295 4296 4293
f 4292 4294 4049
f 4238 4244 4237
f 4235 4235 4235
f 4243 4012 4018
f 4235 4012 4243
f 4235 4235 4012
f 4016 4242 4017
f 4242 4016 4241
f 4016 4015 4241
f 4241 4015 4240
f 4015 4014 4240
f 4240 4014 4239
f 4014 4013 4239
f 4239 4234 4237
f 4013 4234 4239
f 4013 4011 4234
f 4237 4234 4232
f 4238 4237 4232
f 4238 4232 4236
f 4233 4236 4232
f 4230 4235 4231
f 4231 4235 4235
f 4237 4245 4239
f 4012 4235 4010
f 4244 4245 4237
f 4245 4246 4239
f 4255 4018 4025
f 4243 4018 4255
f 4023 4254 4024
f 4254 4023 4253
f 4023 4022 4253
f 4253 4022 4252
f 4022 4021 4252
f 4252 4021 4251
f 4021 4020 4251
f 4251 4020 4250
f 4020 4019 4250
f 4250 4019 4249
f 4019 4017 4249
f 4249 4242 4248
f 4017 4242 4249
f 4017 4017 4242
f 4248 4242 4241
f 4248 4248 4241
f 4248 4241 4247
f 4246 4247 4240
f 4240 4247 4241
f 4239 4246 4240
f 4248 4248 4248
f 4235 4230 4010
f 4234 4229 4232
f 4225 4005 4224
f 4005 4004 4224
f 4002 4222 4224
f 4004 4002 4224
f 4004 4224 4224
f 4223 4220 4001
f 4223 4223 4001
f 4223 4001 4001
f 4001 4003 4223
f 4002 4000 4222
f 4000 4221 4222
f 4221 4000 4218
f 4218 4000 4000
f 4216 4216 4216
f 3997 4219 4216
f 3997 3997 4216
f 3997 4216 4216
f 3997 4001 4219
f 4001 4220 4219
f 4000 3999 4218
f 3999 4217 4218
f 4005 4225 4006
f 4009 4234 4011
f 4223 4223 4003
f 4226 4003 4007
f 4009 4229 4234
f 4009 4009 4229
f 4232 4229 4228
f 4233 4232 4228
f 4233 4228 4228
f 4228 4228 4228
f 4231 4226 4007
f 4230 4231 4007
f 4230 4007 4007
f 4007 4010 4230
f 4008 4229 4009
f 4229 4008 4228
f 4008 4006 4228
f 4227 4006 4225
f 4227 4006 4006
f 4227 4228 4006
f 4228 4228 4006
f 4224 4227 4224
f 4224 4227 4225
f 4224 4224 4224
f 4223 4223 4223
f 4223 4003 4226
f 4248 4256 4249
f 4248 4256 4248
f 4249 4257 4250
f 4287 4283 4042
f 4041 4286 4043
f 4286 4282 4285
f 4041 4282 4286
f 4041 4041 4282
f 4285 4282 4281
f 4285 4285 4281
f 4285 4281 4281
f 4281 4281 4281
f 4279 4283 4280
f 4280 4283 4284
f 4042 4283 4038
f 4283 4279 4038
f 4040 4282 4041
f 4282 4040 4281
f 4040 4039 4281
f 4278 4039 4037
f 4281 4039 4278
f 4281 4281 4039
f 4278 4037 4278
f 4278 4037 4037
f 4044 4287 4042
f 4276 4279 4277
f 4284 4287 4288
f 4285 4285 4285
f 4292 4292 4294
f 4292 4292 4292
f 4293 4047 4050
f 4291 4047 4293
f 4048 4292 4049
f 4290 4046 4290
f 4290 4048 4046
f 4290 4292 4048
f 4292 4292 4048
f 4290 4290 4290
f 4047 4291 4288
f 4047 4047 4288
f 4047 4288 4287
f 4287 4044 4047
f 4045 4290 4046
f 4289 4043 4286
f 4289 4045 4043
f 4289 4290 4045
f 4290 4290 4045
f 4285 4289 4285
f 4285 4289 4286
f 4283 4287 4284
f 4277 4279 4280
f 4038 4279 4036
f 4279 4276 4036
f 4266 4029 4265
f 4029 4028 4265
f 4265 4028 4264
f 4028 4027 4264
f 4264 4027 4263
f 4027 4026 4263
f 4262 4026 4024
f 4263 4026 4262
f 4263 4263 4026
f 4261 4262 4024
f 4254 4261 4024
f 4254 4024 4024
f 4260 4261 4253
f 4253 4261 4254
f 4259 4260 4252
f 4252 4260 4253
f 4258 4259 4251
f 4251 4259 4252
f 4257 4258 4250
f 4250 4258 4251
f 4256 4257 4249
f 4030 4029 4266
f 4267 4030 4266
f 4030 4267 4031
f 4255 4025 4268
f 4037 4035 4278
f 4277 4268 4032
f 4276 4277 4032
f 4276 4032 4032
f 4032 4036 4276
f 4033 4275 4034
f 4274 4275 4033
f 4031 4274 4033
f 4273 4274 4031
f 4272 4273 4031
f 4049 4294 4051
f 4267 4272 4031
f 4271 4272 4266
f 4266 4272 4267
f 4270 4271 4265
f 4265 4271 4266
f 4269 4270 4264
f 4264 4270 4265
f 4263 4269 4263
f 4263 4269 4264
f 4263 4263 4263
f 4268 4025 4032
f 4267 4031 4031
f 4217 3999 4215
f 4366 4118 4367
f 4367 4119 4368
f 4474 4477 4473
f 4476 4471 4216
f 4476 4476 4216
f 4476 4216 4216
f 4476 4216 4475
f 4216 4219 4475
f 4219 4220 4475
f 4217 4473 4218
f 4472 4215 4468
f 4472 4217 4215
f 4472 4474 4217
f 4474 4473 4217
f 4469 4472 4468
f 4467 4214 4470
f 4470 4214 4214
f 4214 4216 4470
f 4216 4471 4470
f 4213 4468 4215
f 4466 4213 4466
f 4466 4213 4213
f 4466 4469 4213
f 4479 4478 4221
f 4469 4468 4213
f 4477 4479 4221
f 4477 4218 4473
f 4486 4227 4485
f 4486 4486 4227
f 4485 4224 4482
f 4482 4224 4224
f 4480 4480 4480
f 4223 4480 4223
f 4223 4480 4480
f 4223 4483 4480
f 4483 4484 4480
f 4223 4226 4483
f 4222 4482 4224
f 4478 4482 4222
f 4478 4481 4482
f 4479 4481 4478
f 4476 4476 4476
f 4476 4475 4480
f 4476 4476 4480
f 4476 4480 4480
f 4223 4480 4220
f 4480 4475 4220
f 4221 4478 4222
f 4477 4221 4218
f 4485 4227 4224
f 4466 4466 4466
f 4464 4211 4467
f 4456 4457 4206
f 4457 4457 4206
f 4453 4456 4452
f 4455 4450 4200
f 4454 4455 4200
f 4454 4200 4204
f 4204 4205 4454
f 4202 4452 4203
f 4451 4202 4201
f 4453 4202 4451
f 4453 4452 4202
f 4451 4201 4449
f 4449 4201 4199
f 4447 4447 4447
f 4450 4196 4200
f 4447 4196 4450
f 4447 4447 4196
f 4199 4197 4449
f 4197 4448 4449
f 4446 4448 4197
f 4446 4446 4197
f 4456 4206 4203
f 4467 4211 4214
f 4456 4203 4452
f 4458 4454 4205
f 4212 4466 4213
f 4465 4210 4461
f 4465 4212 4210
f 4465 4466 4212
f 4466 4466 4212
f 4462 4465 4461
f 4459 4208 4463
f 4463 4208 4208
f 4208 4211 4463
f 4211 4464 4463
f 4209 4461 4210
f 4460 4209 4207
f 4462 4209 4460
f 4462 4461 4209
f 4457 4460 4207
f 4457 4457 4207
f 4457 4207 4207
f 4457 4457 4457
f 4454 4458 4455
f 4459 4205 4208
f 4458 4205 4459
f 4206 4457 4207
f 4227 4486 4228
f 4487 4483 4226
f 4231 4487 4226
f 4502 4516 4503
f 4503 4516 4517
f 4268 4516 4255
f 4516 4502 4255
f 4262 4515 4263
f 4515 4262 4514
f 4262 4261 4514
f 4514 4261 4513
f 4261 4260 4513
f 4513 4260 4512
f 4260 4259 4512
f 4512 4259 4511
f 4259 4258 4511
f 4511 4258 4510
f 4258 4257 4510
f 4510 4257 4509
f 4257 4256 4509
f 4509 4256 4508
f 4256 4248 4508
f 4508 4501 4507
f 4248 4501 4508
f 4506 4506 4506
f 4248 4248 4501
f 4519 4506 4506
f 4518 4507 4506
f 4529 4269 4528
f 4269 4263 4528
f 4528 4515 4527
f 4263 4515 4528
f 4263 4263 4515
f 4515 4526 4527
f 4514 4526 4515
f 4514 4525 4526
f 4513 4525 4514
f 4513 4524 4525
f 4512 4524 4513
f 4512 4523 4524
f 4511 4523 4512
f 4511 4522 4523
f 4510 4522 4511
f 4510 4521 4522
f 4509 4521 4510
f 4509 4520 4521
f 4508 4520 4509
f 4508 4518 4520
f 4507 4518 4508
f 4519 4518 4506
f 4501 4506 4507
f 4500 4506 4501
f 4506 4500 4499
f 4495 4496 4235
f 4495 4235 4235
f 4235 4243 4495
f 4236 4494 4238
f 4494 4489 4493
f 4236 4489 4494
f 4236 4233 4489
f 4493 4489 4493
f 4493 4489 4490
f 4487 4491 4488
f 4492 4231 4235
f 4491 4231 4492
f 4491 4487 4231
f 4228 4489 4233
f 4486 4228 4486
f 4486 4228 4228
f 4486 4490 4228
f 4490 4489 4228
f 4486 4486 4486
f 4483 4487 4484
f 4484 4487 4488
f 4496 4492 4235
f 4493 4493 4493
f 4497 4493 4493
f 4497 4497 4493
f 4506 4506 4499
f 4506 4499 4505
f 4504 4505 4498
f 4498 4505 4499
f 4497 4504 4497
f 4497 4504 4498
f 4497 4497 4497
f 4495 4502 4496
f 4496 4502 4503
f 4255 4502 4243
f 4446 4197 4194
f 4502 4495 4243
f 4501 4247 4500
f 4247 4246 4500
f 4500 4246 4499
f 4246 4245 4499
f 4499 4245 4498
f 4245 4244 4498
f 4498 4494 4497
f 4244 4494 4498
f 4244 4238 4494
f 4497 4494 4493
f 4247 4501 4248
f 4118 4119 4367
f 4446 4446 4446
f 4447 4447 4191
f 4393 4133 4375
f 4392 4133 4393
f 4392 4392 4133
f 4391 4132 4392
f 4132 4133 4392
f 4390 4131 4391
f 4131 4132 4391
f 4389 4130 4390
f 4130 4131 4390
f 4388 4129 4389
f 4129 4130 4389
f 4387 4128 4388
f 4128 4129 4388
f 4386 4127 4387
f 4127 4128 4387
f 4385 4374 4386
f 4374 4127 4386
f 4373 4374 4385
f 4356 4357 4384
f 4356 4383 4107
f 4384 4383 4356
f 4375 4376 4393
f 4384 4384 4383
f 4376 4394 4393
f 4395 4394 4377
f 4404 4144 4405
f 4143 4144 4404
f 4403 4143 4404
f 4142 4143 4403
f 4402 4142 4403
f 4141 4142 4402
f 4401 4141 4402
f 4140 4141 4401
f 4400 4140 4401
f 4139 4140 4400
f 4399 4139 4400
f 4138 4139 4399
f 4398 4138 4399
f 4398 4382 4138
f 4382 4136 4138
f 4379 4380 4397
f 4396 4378 4397
f 4378 4379 4397
f 4395 4377 4396
f 4377 4378 4396
f 4377 4394 4376
f 4395 4395 4394
f 4144 4145 4405
f 4137 4107 4383
f 4382 4106 4136
f 4130 4129 4129
f 4129 4128 4129
f 4129 4128 4128
f 4128 4127 4128
f 4128 4127 4127
f 4127 4374 4127
f 4127 4374 4126
f 4373 4125 4126
f 4373 4373 4126
f 4373 4126 4374
f 4124 4125 4373
f 4372 4124 4373
f 4123 4124 4372
f 4371 4123 4372
f 4122 4123 4371
f 4370 4122 4371
f 4121 4122 4370
f 4369 4121 4370
f 4120 4121 4369
f 4368 4120 4369
f 4119 4120 4368
f 4130 4129 4130
f 4383 4107 4107
f 4131 4130 4130
f 4132 4131 4131
f 4355 4106 4382
f 4352 4353 4381
f 4380 4351 4381
f 4351 4352 4381
f 4351 4379 4101
f 4380 4379 4351
f 4380 4380 4379
f 4101 4379 4378
f 4100 4101 4378
f 4100 4378 4377
f 4099 4100 4377
f 4099 4377 4376
f 4099 4099 4376
f 4099 4376 4135
f 4376 4375 4135
f 4135 4375 4134
f 4375 4133 4134
f 4134 4133 4133
f 4133 4132 4133
f 4133 4132 4132
f 4132 4131 4132
f 4131 4130 4131
f 4405 4145 4406
f 4145 4146 4406
f 4137 4383 4407
f 4433 4175 4436
f 4178 4176 4435
f 4176 4434 4435
f 4434 4176 4432
f 4432 4176 4174
f 4433 4172 4175
f 4430 4172 4433
f 4174 4173 4432
f 4173 4431 4432
f 4429 4431 4173
f 4429 4429 4173
f 4429 4173 4171
f 4429 4429 4429
f 4430 4170 4172
f 4428 4170 4430
f 4169 4429 4171
f 4169 4427 4429
f 4169 4169 4429
f 4169 4429 4429
f 4428 4166 4170
f 4424 4166 4428
f 4436 4175 4179
f 4169 4168 4427
f 4435 4180 4178
f 4180 4437 4438
f 4447 4191 4195
f 4195 4196 4447
f 4192 4446 4194
f 4445 4192 4188
f 4446 4192 4445
f 4446 4446 4192
f 4445 4188 4443
f 4443 4188 4188
f 4444 4187 4191
f 4442 4187 4444
f 4443 4188 4186
f 4441 4443 4186
f 4442 4183 4187
f 4439 4183 4442
f 4186 4184 4441
f 4184 4440 4441
f 4440 4184 4438
f 4438 4184 4182
f 4439 4179 4183
f 4436 4179 4439
f 4182 4180 4438
f 4437 4180 4435
f 4168 4426 4427
f 4167 4426 4168
f 4425 4426 4167
f 4410 4416 4411
f 4158 4414 4415
f 4150 4158 4415
f 4150 4415 4410
f 4157 4414 4158
f 4413 4414 4157
f 4155 4413 4157
f 4412 4413 4155
f 4412 4412 4413
f 4155 4156 4412
f 4151 4411 4152
f 4411 4151 4410
f 4151 4149 4410
f 4149 4150 4410
f 4394 4395 4409
f 4408 4393 4409
f 4393 4394 4409
f 4392 4393 4408
f 4383 4384 4407
f 4146 4407 4406
f 4137 4407 4146
f 4415 4416 4410
f 4411 4152 4152
f 4411 4416 4152
f 4416 4417 4152
f 4423 4425 4167
f 4423 4423 4167
f 4423 4167 4165
f 4423 4423 4423
f 4412 4412 4412
f 4424 4156 4166
f 4412 4156 4424
f 4412 4412 4156
f 4164 4423 4165
f 4422 4164 4163
f 4447 4444 4191
f 4423 4164 4422
f 4162 4422 4163
f 4421 4422 4162
f 4161 4421 4162
f 4420 4421 4161
f 4160 4420 4161
f 4419 4420 4160
f 4159 4419 4160
f 4418 4419 4159
f 4152 4418 4159
f 4417 4418 4152
f 4423 4423 4164
f 4270 4269 4529
f 4215 3999 3996
f 3998 4214 3995
f 4006 4008 3773
f 4006 4006 3773
f 4006 3773 3773
f 4006 4006 4006
f 4007 4003 3770
f 4007 4007 3770
f 4007 3770 3775
f 3775 3776 4007
f 3772 4006 3773
f 4005 3772 3771
f 4006 3772 4005
f 4006 4006 3772
f 3766 4005 3771
f 4004 4005 3766
f 4004 3766 4002
f 4002 3766 3766
f 4001 4001 4001
f 4003 3765 3770
f 4001 3765 4003
f 4001 4001 3765
f 3763 4002 3766
f 4009 4009 3777
f 4000 4002 3763
f 4009 3777 4008
f 3777 4009 3779
f 4016 3791 3790
f 4017 3791 4016
f 4017 4017 3791
f 3786 4016 3790
f 4015 4016 3786
f 3785 4015 3786
f 4014 4015 3785
f 3784 4014 3785
f 4013 4014 3784
f 4013 3784 4011
f 4011 3784 3784
f 4012 3783 3789
f 4010 3783 4012
f 3779 4011 3784
f 4009 4011 3779
f 4009 4009 4011
f 4009 4009 4009
f 4007 4007 4007
f 4010 3776 3783
f 4007 3776 4010
f 4007 4007 3776
f 4008 3777 3773
f 3791 4017 3792
f 4000 4000 4002
f 3997 3997 3997
f 3991 3993 3752
f 3991 3991 3752
f 3991 3752 3748
f 3991 3991 3991
f 3992 3989 3746
f 3992 3992 3746
f 3992 3746 3750
f 3750 3751 3992
f 3747 3991 3748
f 3990 3747 3743
f 3991 3747 3990
f 3991 3991 3747
f 3990 3743 3987
f 3987 3743 3743
f 3984 3741 3988
f 3988 3741 3745
f 3745 3746 3988
f 3746 3989 3988
f 3743 3742 3987
f 3742 3986 3987
f 3740 3986 3742
f 3752 3993 3994
f 4000 4000 4000
f 3754 3752 3994
f 3992 3751 3995
f 3764 3997 3760
f 3764 3997 3997
f 3764 4001 3997
f 4001 4001 3997
f 3764 3765 4001
f 3761 4000 3763
f 3999 3761 3757
f 4000 3761 3999
f 4000 4000 3761
f 3999 3757 3996
f 3996 3757 3757
f 3995 3756 3998
f 3998 3756 3756
f 3759 3998 3756
f 3997 3998 3759
f 3997 3997 3998
f 3759 3760 3997
f 3996 3757 3754
f 3994 3996 3754
f 3992 3992 3992
f 3995 3751 3756
f 3992 3992 3751
f 3789 3796 4018
f 4018 3789 3789
f 4018 4018 3789
f 4041 4043 3823
f 4041 4041 4043
f 4041 4041 4041
f 4042 3818 3825
f 4038 3818 4042
f 3822 4041 3823
f 4040 3822 3821
f 4041 3822 4040
f 4041 4041 3822
f 3820 4040 3821
f 4039 4040 3820
f 3819 4039 3820
f 4037 4039 3819
f 4037 3819 4037
f 4037 3819 3816
f 4038 3814 3818
f 4036 3814 4038
f 3816 3815 4037
f 3815 4035 4037
f 4035 3815 4035
f 4035 3815 3813
f 3823 4043 3826
f 4032 4032 4032
f 4042 3825 4044
f 4043 3828 3826
f 3837 3837 4051
f 3837 4051 4053
f 4052 3833 3836
f 4050 3833 4052
f 4051 3834 3832
f 4049 4051 3832
f 3833 4050 4047
f 3833 3833 4047
f 3833 4047 4047
f 4047 3830 3833
f 3832 3831 4049
f 3831 4048 4049
f 4048 3831 4046
f 4046 3831 3829
f 4047 4047 4047
f 3830 4044 3827
f 4047 4044 3830
f 4047 4047 4044
f 3829 3828 4046
f 3828 4045 4046
f 4045 3828 4043
f 4044 3825 3827
f 4036 3810 3814
f 4032 3810 4036
f 4032 4032 3810
f 4018 4025 4018
f 4018 4025 4025
f 3803 4025 3796
f 4025 4018 3796
f 3801 4024 3802
f 4023 3801 3800
f 4024 3801 4023
f 4024 4024 3801
f 3799 4023 3800
f 4022 4023 3799
f 3798 4022 3799
f 4021 4022 3798
f 3797 4021 3798
f 4020 4021 3797
f 3792 4020 3797
f 4019 4020 3792
f 4017 4019 3792
f 4017 4017 3792
f 4017 3792 3792
f 4017 4017 4017
f 4018 4012 3789
f 4024 4024 4024
f 4024 3802 3802
f 4024 4024 3802
f 4024 4026 3802
f 3809 4034 3811
f 4033 4034 3809
f 4031 4033 3809
f 4031 4031 3809
f 4031 3809 3809
f 4031 4031 4031
f 4025 4032 4025
f 4025 4032 4032
f 3810 4032 3803
f 4032 4025 3803
f 3985 3986 3740
f 3808 4031 3809
f 4031 3808 4030
f 4031 4031 3808
f 3806 4030 3807
f 4029 4030 3806
f 3805 4029 3806
f 4028 4029 3805
f 3804 4028 3805
f 4027 4028 3804
f 3802 4027 3804
f 4026 4027 3802
f 4030 3808 3807
f 3837 3834 4051
f 3985 3740 3983
f 3981 3981 3981
f 3929 3891 3930
f 3891 3892 3930
f 3928 3890 3929
f 3890 3891 3929
f 3927 3889 3928
f 3889 3890 3928
f 3926 3888 3927
f 3888 3889 3927
f 3925 3665 3926
f 3665 3888 3926
f 3924 3664 3925
f 3664 3665 3925
f 3923 3663 3924
f 3663 3664 3924
f 3922 3662 3923
f 3662 3663 3923
f 3921 3661 3922
f 3661 3662 3922
f 3920 3660 3921
f 3660 3661 3921
f 3919 3659 3920
f 3892 3893 3930
f 3659 3660 3920
f 3901 3900 3931
f 3931 3900 3932
f 3693 3943 3694
f 3942 3943 3693
f 3691 3942 3693
f 3940 3942 3691
f 3691 3692 3940
f 3692 3941 3940
f 3902 3904 3939
f 3938 3679 3939
f 3679 3902 3939
f 3937 3678 3938
f 3678 3679 3938
f 3936 3677 3937
f 3677 3678 3937
f 3935 3676 3936
f 3676 3677 3936
f 3934 3675 3935
f 3675 3676 3935
f 3933 3674 3934
f 3674 3675 3934
f 3932 3673 3933
f 3673 3674 3933
f 3900 3673 3932
f 3943 3944 3694
f 3918 3658 3919
f 3917 3657 3918
f 3906 3683 3907
f 2425 2425 2428
f 3905 3682 3906
f 3681 3682 3905
f 3903 3681 3905
f 3680 3681 3903
f 3902 3680 3903
f 3902 3903 3904
f 3902 3679 3680
f 3680 3679 3679
f 3679 3678 3679
f 3679 3678 3678
f 3678 3677 3678
f 3678 3677 3677
f 3677 3676 3677
f 3677 3676 3676
f 3676 3675 3676
f 3676 3675 3675
f 3675 3674 3675
f 3675 3674 3674
f 3674 3673 3674
f 3683 3684 3907
f 3658 3659 3919
f 3907 3684 3908
f 3651 3651 3909
f 3657 3658 3918
f 3690 3917 3916
f 3657 3917 3690
f 3657 3657 3917
f 3689 3690 3916
f 3915 3689 3916
f 3688 3689 3915
f 3914 3688 3915
f 3687 3688 3914
f 3913 3687 3914
f 3686 3687 3913
f 3912 3686 3913
f 3911 3686 3912
f 3653 3686 3911
f 3653 3653 3686
f 3910 3652 3911
f 3652 3653 3911
f 3909 3651 3910
f 3651 3652 3910
f 3685 3909 3908
f 3651 3909 3685
f 3684 3685 3908
f 3694 3944 3695
f 3944 3945 3695
f 3695 3945 3696
f 3728 3973 3730
f 3971 3973 3728
f 3971 3971 3973
f 3971 3971 3971
f 3972 3725 3729
f 3969 3725 3972
f 3727 3971 3728
f 3970 3727 3726
f 3971 3727 3970
f 3971 3971 3727
f 3970 3726 3968
f 3968 3726 3723
f 3969 3721 3725
f 3966 3721 3969
f 3723 3722 3968
f 3722 3967 3968
f 3967 3722 3965
f 3965 3722 3720
f 3966 3718 3721
f 3963 3718 3966
f 3720 3719 3965
f 3731 3975 3974
f 3719 3964 3965
f 3729 3731 3974
f 3972 3729 3974
f 3984 3738 3741
f 3981 3738 3984
f 3981 3981 3738
f 3740 3739 3983
f 3739 3982 3983
f 3982 3739 3980
f 3980 3739 3736
f 3981 3978 3734
f 3981 3981 3734
f 3981 3734 3737
f 3737 3738 3981
f 3736 3735 3980
f 3735 3979 3980
f 3979 3735 3977
f 3977 3735 3733
f 3978 3731 3734
f 3975 3731 3978
f 3733 3732 3977
f 3732 3976 3977
f 3976 3732 3973
f 3973 3732 3730
f 3974 3729 3729
f 3962 3964 3719
f 3962 3962 3719
f 3962 3719 3716
f 3704 3952 3953
f 3703 3952 3704
f 3951 3952 3703
f 3702 3951 3703
f 3950 3951 3702
f 3948 3950 3702
f 3948 3948 3702
f 3948 3702 3700
f 3948 3948 3948
f 3941 3692 3941
f 3941 3692 3692
f 3692 3701 3941
f 3701 3949 3941
f 3699 3948 3700
f 3947 3699 3698
f 3948 3699 3947
f 3948 3948 3699
f 3697 3947 3698
f 3946 3947 3697
f 3696 3946 3697
f 3945 3946 3696
f 3705 3704 3953
f 3949 3701 3954
f 3954 3701 3707
f 3953 3708 3705
f 3962 3962 3962
f 3963 3714 3718
f 3960 3714 3963
f 3715 3962 3716
f 3961 3715 3712
f 3962 3715 3961
f 3962 3962 3715
f 3961 3712 3959
f 3959 3712 3712
f 3960 3711 3714
f 3983 3740 3740
f 3958 3711 3960
f 3710 3957 3959
f 3957 3710 3957
f 3957 3710 3710
f 3958 3707 3711
f 3954 3707 3958
f 3710 3709 3957
f 3709 3956 3957
f 3708 3956 3709
f 3955 3956 3708
f 3955 3708 3953
f 3712 3710 3959
f 4214 4214 4214
f 4053 4054 3837
f 4055 4052 3838
f 3951 4164 3952
f 4163 4164 3951
f 3950 4163 3951
f 4162 4163 3950
f 3948 4162 3950
f 4161 4162 3948
f 4160 4161 3948
f 4154 4160 3948
f 4154 3948 3948
f 4159 4160 4153
f 4153 4160 4154
f 4152 4159 4152
f 4152 4159 4153
f 4152 4152 4152
f 4148 4158 4150
f 4157 4158 4147
f 4147 4158 4148
f 3941 4155 4157
f 3941 3941 4157
f 3941 4157 4147
f 3941 3949 4155
f 3952 4164 4165
f 3949 4156 4155
f 3953 3952 4165
f 4166 3949 3954
f 4174 3962 3962
f 4175 3960 3963
f 4172 3960 4175
f 3962 3961 4174
f 3961 4173 4174
f 4173 3961 4171
f 4171 3961 3959
f 4172 3958 3960
f 4170 3958 4172
f 3959 3957 4171
f 3957 4169 4171
f 4169 3957 4169
f 4169 3957 3957
f 4170 3954 3958
f 4166 3954 4170
f 3957 3956 4169
f 3956 4168 4169
f 3955 4168 3956
f 4167 4168 3955
f 4167 3955 4165
f 4165 3955 3953
f 4156 3949 4166
f 4176 3962 4174
f 3947 4154 3948
f 3947 3946 4153
f 3933 3934 4141
f 4139 3932 4140
f 3932 3933 4140
f 4138 3931 4139
f 3931 3932 4139
f 4136 3931 4138
f 4137 3904 4107
f 3939 3904 4137
f 3939 3939 3904
f 3939 3938 3939
f 3939 3938 3938
f 3938 3937 3938
f 3938 3937 3937
f 3937 3936 3937
f 3937 3936 3936
f 3936 3935 3936
f 3936 3935 3935
f 3935 3934 3935
f 3935 3934 3934
f 3934 3933 3934
f 3934 3933 3933
f 4140 3933 4141
f 4154 3947 4153
f 3934 3935 4142
f 3935 3936 4143
f 4153 3946 4152
f 3946 3945 4152
f 4151 3945 3944
f 4152 3945 4151
f 4152 4152 3945
f 3943 4151 3944
f 4149 4151 3943
f 3942 4149 3943
f 4148 4149 3942
f 4148 4150 4149
f 4148 3942 4147
f 3942 3940 4147
f 3940 3941 4147
f 3939 4137 4146
f 4145 3938 4146
f 3938 3939 4146
f 4144 3937 4145
f 3937 3938 4145
f 4143 3936 4144
f 3936 3937 4144
f 4142 3935 4143
f 4141 3934 4142
f 4178 4177 3964
f 4178 3964 4176
f 4176 3964 3962
f 4207 4207 3990
f 4207 3990 3987
f 4207 4207 4207
f 4208 4205 3984
f 4208 4208 3984
f 4208 3984 3988
f 3988 3989 4208
f 3986 4207 3987
f 4206 3986 3985
f 4207 3986 4206
f 4207 4207 3986
f 4206 3985 4203
f 4203 3985 3983
f 4200 3981 4204
f 4204 3981 3981
f 3981 3984 4204
f 3984 4205 4204
f 3983 3982 4203
f 3982 4202 4203
f 4201 4202 3982
f 4198 4201 3982
f 4207 4209 3990
f 4198 3982 3980
f 3990 4209 4210
f 4208 4208 3989
f 3998 4214 4214
f 3998 4216 4214
f 4216 4216 4214
f 3998 3997 4216
f 3994 4215 3996
f 4213 4215 3994
f 4213 4213 4215
f 4213 4213 4213
f 4214 4211 3992
f 4214 4214 3992
f 4214 3992 3992
f 3992 3995 4214
f 3993 4213 3994
f 4212 3993 3991
f 4213 3993 4212
f 4213 4213 3993
f 4212 3991 4210
f 4210 3991 3991
f 4208 4208 4208
f 4211 3989 3992
f 4208 3989 4211
f 3991 3990 4210
f 4199 4201 4198
f 4200 3978 3981
f 4196 3978 4200
f 4188 4185 4188
f 4188 4185 4186
f 4187 3969 3972
f 4183 3969 4187
f 3970 4185 3971
f 4184 3968 4181
f 4184 3970 3968
f 4184 4186 3970
f 4186 4185 3970
f 4182 4184 4181
f 4183 3966 3969
f 4179 3966 4183
f 3967 4181 3968
f 4180 3965 4177
f 4180 3967 3965
f 4180 4182 3967
f 4182 4181 3967
f 4178 4180 4177
f 4179 3963 3966
f 4175 3963 4179
f 3964 4177 3965
f 3971 3971 4185
f 3971 4185 4189
f 4189 4185 4188
f 3971 4189 3973
f 3979 4198 3980
f 4197 3977 4193
f 4197 3979 3977
f 4197 4199 3979
f 4199 4198 3979
f 4194 4197 4193
f 4190 4195 4191
f 4196 3975 3978
f 4195 3975 4196
f 4195 4190 3975
f 3933 3932 3933
f 3976 4193 3977
f 4192 3976 3973
f 4192 4194 3976
f 4194 4193 3976
f 4188 4192 4188
f 4188 4192 4189
f 4188 4188 4188
f 4191 4187 3972
f 4190 4191 3972
f 4190 3972 3974
f 3974 3975 4190
f 4192 3973 4189
f 4052 3836 3838
f 3933 3932 3932
f 3932 3931 3931
f 3870 4083 4082
f 4082 4069 3870
f 4069 3852 3870
f 4068 4080 3851
f 4080 3869 3851
f 3868 3869 4080
f 3868 3868 4080
f 3868 4080 4081
f 3868 3868 3868
f 4079 4079 4079
f 4079 4078 3867
f 4079 4079 3867
f 4079 3867 3867
f 3866 3867 4078
f 4077 3866 4078
f 3864 3866 4077
f 4076 3864 4077
f 3862 3864 4076
f 4075 3862 4076
f 3860 3862 4075
f 4074 3860 4075
f 3871 4083 3870
f 3859 3860 4074
f 3875 3875 3875
f 3855 3855 3875
f 3881 3883 4093
f 4091 3881 4093
f 3881 4091 3882
f 3882 4091 4092
f 4090 4090 4090
f 4090 4089 3879
f 4090 4090 3879
f 4090 3879 3880
f 3878 3879 4089
f 4088 3878 4089
f 3877 3878 4088
f 4087 3877 4088
f 4087 3876 3877
f 4079 3876 4087
f 4079 4079 3876
f 4079 3867 3876
f 4070 4086 4085
f 3855 4085 4084
f 4070 4085 3855
f 4070 4070 4085
f 3855 4084 3875
f 3855 3875 3875
f 4093 3883 4094
f 4073 3859 4074
f 4072 3858 4073
f 4063 3847 4064
f 3846 3847 4063
f 4062 3846 4063
f 3846 4062 3846
f 3846 4062 4062
f 3845 4061 3844
f 3844 4061 4060
f 4060 4058 3844
f 4058 3841 3844
f 4059 3840 4057
f 3842 3840 4059
f 3842 3842 3840
f 3842 3842 3842
f 4058 3838 3841
f 4056 3838 4058
f 3840 4054 4057
f 3837 4054 3840
f 3837 3837 4054
f 3837 3837 3837
f 3838 4056 3838
f 3838 4056 4055
f 3847 3849 4064
f 3858 3859 4073
f 4064 3849 4065
f 4066 3850 3850
f 3857 3858 4072
f 4071 3857 4072
f 4071 3856 3857
f 4066 3856 4071
f 4066 4066 3856
f 4066 3850 3856
f 4062 4070 3855
f 3855 3846 4062
f 3855 3855 4062
f 3855 4062 4062
f 3852 4069 3852
f 3852 4069 4069
f 4069 4061 3852
f 4061 3845 3852
f 3842 4059 4067
f 4068 3851 3842
f 4067 4068 3842
f 4067 3842 3842
f 4066 4066 4066
f 4066 4065 3850
f 4066 4066 3850
f 3849 3850 4065
f 3883 3884 4094
f 4094 3884 4095
f 3884 3885 4095
f 3921 3922 4125
f 4124 3921 4125
f 3920 3921 4124
f 4123 3920 4124
f 3919 3920 4123
f 4122 3919 4123
f 3918 3919 4122
f 4121 3918 4122
f 3917 3918 4121
f 4120 3917 4121
f 3916 3917 4120
f 4119 3916 4120
f 3915 3916 4119
f 4118 3915 4119
f 3914 3915 4118
f 4117 3914 4118
f 3913 3914 4117
f 4116 3913 4117
f 3912 3913 4116
f 4115 3912 4116
f 3911 3912 4115
f 4125 3922 4126
f 4114 3911 4115
f 3922 3923 4126
f 3923 3924 4127
f 3901 4136 4106
f 3931 4136 3901
f 3931 3931 4136
f 3894 4099 4135
f 4134 3893 4135
f 3893 3894 4135
f 3930 4134 4133
f 3893 4134 3930
f 3893 3893 4134
f 3929 3930 4133
f 4132 3929 4133
f 3928 3929 4132
f 4131 3928 4132
f 3927 3928 4131
f 4130 3927 4131
f 3926 3927 4130
f 4129 3926 4130
f 3925 3926 4129
f 4128 3925 4129
f 3924 3925 4128
f 4127 3924 4128
f 4126 3923 4127
f 3910 3911 4114
f 4113 3910 4114
f 3909 3910 4113
f 4101 4084 4102
f 4084 4085 4102
f 4100 3875 4101
f 3875 4084 4101
f 3895 4100 4099
f 3875 4100 3895
f 3875 3875 4100
f 3894 3895 4099
f 3894 3894 4099
f 3894 4099 4099
f 3894 3893 3894
f 3894 3893 3893
f 3893 3893 3893
f 3887 4098 3886
f 3886 4098 4097
f 4097 4083 3886
f 4083 3871 3886
f 3868 4081 4096
f 3885 4096 4095
f 3868 4096 3885
f 3868 3868 4096
f 4085 4086 4102
f 4090 3880 3896
f 4090 4090 3896
f 4090 3896 4103
f 4112 3909 4113
f 3908 3909 4112
f 4111 3908 4112
f 3907 3908 4111
f 4110 3907 4111
f 3906 3907 4110
f 4109 3906 4110
f 3905 3906 4109
f 4108 3905 4109
f 3903 3905 4108
f 3932 3931 3932
f 4107 3903 4108
f 3904 4107 4107
f 3901 4106 3899
f 3899 4106 4105
f 4105 4098 3899
f 4098 3887 3899
f 4092 4104 3882
f 4104 3898 3882
f 3897 3898 4104
f 4103 3897 4104
f 4103 3896 3897
f 3903 4107 3904
f 3674 3673 3673
f 4530 4270 4529
f 4531 4271 4530
f 4935 4936 4936
f 4933 4935 4934
f 4934 4935 4935
f 4931 4933 4932
f 4932 4933 4934
f 4925 4930 4931
f 4925 4925 4931
f 4925 4931 4932
f 4924 4930 4925
f 4609 4930 4924
f 4609 4609 4930
f 4609 4924 4608
f 4924 4923 4608
f 4608 4923 4606
f 4923 4922 4606
f 4922 4597 4606
f 4601 4921 4929
f 4589 4921 4601
f 4589 4589 4921
f 4589 4589 4589
f 4928 4587 4599
f 4935 4936 4935
f 4920 4587 4928
f 4936 4937 4937
f 4937 4938 4939
f 4616 4931 4615
f 4931 4930 4615
f 4930 4609 4615
f 4946 4947 4945
f 4944 4929 4945
f 4929 4946 4945
f 4613 4601 4929
f 4944 4613 4929
f 4944 4929 4929
f 4943 4599 4611
f 4928 4599 4943
f 4927 4610 4598
f 4942 4927 4926
f 4610 4927 4942
f 4610 4610 4927
f 4940 4942 4926
f 4941 4940 4926
f 4941 4926 4926
f 4938 4940 4939
f 4939 4940 4941
f 4937 4938 4937
f 4936 4937 4936
f 4616 4616 4948
f 4586 4918 4598
f 4926 4927 4918
f 4575 4904 4586
f 4904 4918 4586
f 4918 4904 4919
f 4919 4904 4904
f 4916 4915 4917
f 4913 4915 4914
f 4914 4915 4916
f 4911 4913 4912
f 4912 4913 4914
f 4903 4910 4911
f 4903 4903 4911
f 4903 4911 4912
f 4903 4909 4910
f 4902 4909 4903
f 4902 4908 4909
f 4901 4908 4902
f 4900 4908 4901
f 4584 4908 4900
f 4584 4584 4908
f 4584 4900 4583
f 4900 4899 4583
f 4906 4576 4920
f 4918 4927 4598
f 4920 4576 4587
f 4589 4589 4907
f 4926 4926 4918
f 4926 4918 4919
f 4926 4926 4926
f 4925 4925 4925
f 4915 4924 4925
f 4917 4915 4925
f 4917 4925 4925
f 4915 4923 4924
f 4913 4923 4915
f 4913 4922 4923
f 4911 4922 4913
f 4910 4922 4911
f 4597 4922 4910
f 4597 4597 4922
f 4597 4910 4596
f 4910 4909 4596
f 4596 4909 4595
f 4909 4908 4595
f 4908 4584 4595
f 4907 4921 4589
f 4589 4577 4907
f 4589 4907 4907
f 4616 4948 4931
f 4931 4948 4933
f 4933 4948 4935
f 4962 4961 4966
f 4959 4960 4965
f 4964 4958 4965
f 4958 4959 4965
f 4958 4963 4957
f 4964 4963 4958
f 4964 4964 4963
f 4957 4963 4645
f 4633 4957 4645
f 4633 4645 4645
f 4645 4645 4645
f 4643 4643 4643
f 4643 4642 4643
f 4643 4642 4642
f 4642 4642 4642
f 4641 4641 4641
f 4641 4640 4641
f 4641 4640 4640
f 4640 4639 4640
f 4640 4639 4639
f 4639 4638 4639
f 4966 4646 4646
f 4639 4638 4638
f 4966 4646 4966
f 4966 4961 4635
f 4971 4652 4652
f 4970 4640 4971
f 4640 4641 4971
f 4969 4639 4970
f 4639 4640 4970
f 4968 4638 4969
f 4638 4639 4969
f 4638 4967 4637
f 4968 4967 4638
f 4968 4968 4967
f 4637 4967 4651
f 4637 4637 4651
f 4637 4651 4651
f 4651 4650 4651
f 4651 4650 4650
f 4650 4649 4650
f 4650 4649 4649
f 4649 4648 4649
f 4649 4648 4648
f 4648 4648 4648
f 4646 4646 4646
f 4966 4635 4646
f 4638 4637 4638
f 4638 4637 4637
f 4637 4637 4637
f 4945 4953 4952
f 4944 4945 4952
f 4625 4613 4952
f 4952 4613 4944
f 4623 4623 4623
f 4611 4951 4943
f 4623 4951 4611
f 4623 4623 4951
f 4942 4622 4610
f 4622 4942 4621
f 4942 4940 4621
f 4621 4940 4619
f 4940 4938 4619
f 4619 4938 4617
f 4938 4937 4617
f 4950 4937 4936
f 4617 4937 4950
f 4617 4617 4937
f 4936 4949 4950
f 4935 4949 4936
f 4935 4948 4949
f 4947 4954 4953
f 4945 4947 4953
f 4948 4616 4626
f 4949 4948 4626
f 4634 4635 4961
f 4630 4962 4956
f 4634 4962 4630
f 4634 4961 4962
f 4953 4954 4959
f 4954 4960 4959
f 4953 4959 4958
f 4952 4953 4958
f 4952 4958 4957
f 4625 4952 4957
f 4899 4574 4583
f 4625 4957 4632
f 4630 4956 4629
f 4629 4956 4956
f 4955 4629 4956
f 4623 4629 4955
f 4623 4623 4629
f 4951 4623 4955
f 4950 4628 4617
f 4628 4950 4627
f 4950 4949 4627
f 4627 4949 4626
f 4632 4957 4633
f 4971 4652 4971
f 4898 4579 4573
f 4898 4896 4577
f 4834 4852 4835
f 4834 4850 4852
f 4833 4850 4834
f 4850 4833 4832
f 4851 4850 4832
f 4851 4832 4849
f 4848 4849 4831
f 4831 4849 4832
f 4830 4848 4830
f 4830 4848 4831
f 4830 4830 4830
f 4847 4557 4560
f 4829 4557 4847
f 4556 4846 4559
f 4846 4828 4845
f 4556 4828 4846
f 4556 4556 4828
f 4828 4844 4845
f 4827 4844 4828
f 4827 4843 4844
f 4826 4843 4827
f 4835 4852 4853
f 4826 4842 4843
f 4835 4853 4836
f 4836 4854 4837
f 4561 4846 4864
f 4561 4559 4846
f 4863 4846 4845
f 4863 4863 4845
f 4863 4845 4862
f 4861 4862 4844
f 4844 4862 4845
f 4860 4861 4843
f 4843 4861 4844
f 4859 4860 4842
f 4842 4860 4843
f 4858 4859 4841
f 4841 4859 4842
f 4840 4858 4840
f 4840 4858 4841
f 4840 4840 4840
f 4838 4856 4839
f 4839 4856 4857
f 4838 4855 4856
f 4837 4855 4838
f 4837 4854 4855
f 4836 4853 4854
f 4864 4846 4863
f 4825 4842 4826
f 4824 4841 4825
f 4808 4830 4810
f 4830 4808 4830
f 4830 4808 4809
f 4829 4552 4557
f 4806 4552 4829
f 4555 4828 4556
f 4828 4555 4827
f 4555 4549 4827
f 4827 4549 4826
f 4549 4548 4826
f 4826 4805 4825
f 4548 4805 4826
f 4548 4548 4805
f 4805 4824 4825
f 4804 4824 4805
f 4804 4823 4824
f 4803 4823 4804
f 4803 4822 4823
f 4802 4822 4803
f 4822 4802 4801
f 4822 4822 4801
f 4810 4830 4831
f 4825 4841 4842
f 4810 4831 4811
f 4811 4832 4812
f 4824 4840 4841
f 4823 4840 4824
f 4840 4823 4822
f 4840 4840 4822
f 4840 4822 4822
f 4822 4822 4822
f 4818 4818 4818
f 4818 4817 4838
f 4818 4818 4838
f 4818 4838 4839
f 4817 4837 4838
f 4816 4837 4817
f 4816 4836 4837
f 4815 4836 4816
f 4815 4835 4836
f 4814 4835 4815
f 4814 4834 4835
f 4813 4834 4814
f 4813 4833 4834
f 4812 4833 4813
f 4812 4832 4833
f 4811 4831 4832
f 4562 4561 4864
f 4865 4562 4864
f 4562 4865 4563
f 4574 4574 4899
f 4574 4885 4573
f 4885 4884 4573
f 4898 4884 4883
f 4573 4884 4898
f 4573 4573 4884
f 4883 4896 4898
f 4881 4896 4883
f 4896 4881 4897
f 4897 4881 4882
f 4895 4569 4572
f 4879 4569 4895
f 4570 4894 4571
f 4894 4878 4893
f 4570 4878 4894
f 4570 4567 4878
f 4893 4878 4877
f 4893 4893 4877
f 4893 4877 4877
f 4877 4877 4877
f 4891 4890 4892
f 4574 4899 4885
f 4888 4890 4889
f 4885 4899 4886
f 4887 4899 4900
f 4897 4907 4577
f 4896 4897 4577
f 4896 4577 4577
f 4576 4906 4576
f 4576 4906 4905
f 4905 4895 4576
f 4895 4572 4576
f 4571 4894 4575
f 4894 4904 4575
f 4904 4894 4893
f 4904 4904 4893
f 4904 4893 4893
f 4893 4893 4893
f 4903 4903 4903
f 4890 4902 4903
f 4892 4890 4903
f 4892 4903 4903
f 4890 4901 4902
f 4888 4901 4890
f 4888 4900 4901
f 4887 4900 4888
f 4886 4899 4887
f 4889 4890 4891
f 4874 4887 4888
f 4874 4874 4888
f 4863 4875 4863
f 4863 4875 4864
f 4863 4863 4863
f 4874 4874 4874
f 4856 4873 4874
f 4857 4856 4874
f 4857 4874 4874
f 4856 4872 4873
f 4855 4872 4856
f 4855 4871 4872
f 4854 4871 4855
f 4854 4870 4871
f 4853 4870 4854
f 4853 4869 4870
f 4852 4869 4853
f 4852 4867 4869
f 4850 4867 4852
f 4867 4850 4868
f 4868 4850 4851
f 4866 4560 4565
f 4847 4560 4866
f 4864 4876 4865
f 4875 4876 4864
f 4877 4877 4563
f 4876 4877 4563
f 4874 4888 4889
f 4874 4886 4887
f 4873 4886 4874
f 4873 4885 4886
f 4872 4885 4873
f 4872 4884 4885
f 4871 4884 4872
f 4871 4883 4884
f 4870 4883 4871
f 4870 4881 4883
f 4579 4898 4577
f 4869 4881 4870
f 4882 4881 4867
f 4882 4867 4880
f 4868 4880 4867
f 4879 4565 4569
f 4866 4565 4879
f 4566 4878 4567
f 4878 4566 4877
f 4566 4563 4877
f 4876 4563 4865
f 4876 4563 4563
f 4881 4869 4867
f 4822 4801 4821
f 4971 4641 4652
f 4653 4652 4652
f 5078 4747 4747
f 4747 4749 5078
f 4748 4746 5077
f 4746 5076 5077
f 5073 5076 4746
f 5073 5073 4746
f 5073 4746 4746
f 5073 5073 5073
f 5070 5074 5071
f 5075 4744 4747
f 5074 4744 5075
f 5074 5070 4744
f 4745 5073 4746
f 5072 4745 4742
f 5073 4745 5072
f 5073 5073 4745
f 5072 4742 5069
f 5069 4742 4742
f 5067 5067 5067
f 4743 5067 4740
f 4743 5067 5067
f 5078 5079 4747
f 4743 5070 5067
f 5079 5075 4747
f 4748 4748 5080
f 5088 5088 4754
f 5088 4754 4754
f 4754 4758 5088
f 4756 4753 5087
f 4753 5086 5087
f 5086 4753 5084
f 5084 4753 4753
f 5085 4752 4754
f 5082 4752 5085
f 4753 4750 5084
f 4750 5083 5084
f 5080 5083 4750
f 5080 5080 4750
f 5080 4750 4750
f 5080 5080 5080
f 5078 5081 5079
f 5082 4749 4752
f 5081 4749 5082
f 5081 5078 4749
f 4748 5080 4750
f 4748 5077 5080
f 4748 5080 5080
f 5088 5085 4754
f 5070 5071 5067
f 4742 4741 5069
f 5058 4728 4730
f 5056 4728 5058
f 4727 5057 4729
f 4727 5055 5057
f 4727 4727 5057
f 4727 5057 5057
f 5056 4726 4728
f 5053 4726 5056
f 4725 5055 4727
f 5051 5055 4725
f 5051 5054 5055
f 5052 5054 5051
f 5053 4722 4726
f 5049 4722 5053
f 4724 5051 4725
f 5050 4724 4723
f 5052 4724 5050
f 5052 5051 4724
f 5050 4723 5048
f 5048 4723 4721
f 5049 4718 4722
f 5057 5057 5057
f 4743 4744 5070
f 5057 5057 5059
f 4729 5059 4731
f 4741 5068 5069
f 5068 4741 5066
f 5066 4741 4739
f 5067 5064 4736
f 5067 5067 4736
f 5067 4736 4736
f 4736 4740 5067
f 4739 4737 5066
f 4737 5065 5066
f 5065 4737 5063
f 5063 4737 4735
f 5064 4732 4736
f 5060 4732 5064
f 4735 4733 5063
f 4733 5062 5063
f 4731 5062 4733
f 5061 5062 4731
f 5061 4731 5059
f 5059 4731 4731
f 5060 4730 4732
f 5058 4730 5060
f 5057 5059 4729
f 5087 4759 4756
f 5089 4759 5087
f 4759 5089 5090
f 5120 4820 5119
f 4820 4819 5119
f 4819 4818 5119
f 4809 5116 5118
f 4807 5116 4809
f 4807 5115 5116
f 4807 4790 5115
f 5115 4790 4790
f 4790 4790 4790
f 5117 4789 4806
f 5114 4789 5117
f 5112 5116 5115
f 4787 5115 4790
f 5112 5115 4787
f 5112 5112 5115
f 4790 4787 4790
f 4790 4787 4787
f 5110 4786 5113
f 5113 4786 4786
f 4786 4789 5113
f 4789 5114 5113
f 4821 4820 5120
f 5111 5112 4787
f 5121 4821 5120
f 5117 4806 5122
f 5123 4830 4830
f 4830 4830 4830
f 5129 4829 4847
f 5122 4829 5129
f 4822 5128 4840
f 5128 5121 5127
f 4822 5121 5128
f 4822 4822 5121
f 5121 5126 5127
f 5120 5126 5121
f 5120 5125 5126
f 5119 5125 5120
f 5119 5124 5125
f 4818 5124 5119
f 4818 4818 5124
f 4818 4839 5124
f 5118 5123 4830
f 4830 4809 5118
f 4830 4830 5118
f 4830 5118 5118
f 5122 4806 4829
f 4821 5121 4822
f 4787 4785 5109
f 4787 4787 5109
f 4787 5109 5111
f 4770 5099 4774
f 5098 5099 4770
f 5098 4770 5095
f 5095 4770 4770
f 5097 5094 4769
f 5096 5097 4769
f 5096 4769 4769
f 4769 4773 5096
f 5095 4770 4767
f 5093 5095 4767
f 5094 4764 4769
f 5091 4764 5094
f 4767 4765 5093
f 4765 5092 5093
f 5092 4765 5090
f 5090 4765 4761
f 5088 5088 5088
f 5091 4758 4764
f 5088 4758 5091
f 5088 5088 4758
f 4761 4759 5090
f 4774 5099 5100
f 4775 4774 5100
f 4773 4777 5101
f 4773 4773 5101
f 5110 4781 4786
f 5106 4781 5110
f 4785 4783 5109
f 4783 5108 5109
f 4782 5108 4783
f 5107 5108 4782
f 5107 4782 5104
f 5104 4782 4779
f 5102 5102 5102
f 5105 5102 5101
f 5046 4718 5049
f 5101 5102 5102
f 5105 4777 5106
f 5105 5101 4777
f 4779 4778 5104
f 4778 5103 5104
f 5103 4778 5100
f 5100 4778 4775
f 5096 5102 5097
f 5097 5102 5102
f 5096 5101 5102
f 4773 5101 5096
f 5106 4777 4781
f 4971 4641 4641
f 4721 4719 5048
f 5047 4719 5045
f 4998 4678 4999
f 4676 4677 4998
f 4997 4676 4998
f 4675 4676 4997
f 4996 4675 4997
f 4674 4675 4996
f 4995 4674 4996
f 4673 4674 4995
f 4994 4673 4995
f 4993 4673 4994
f 4655 4673 4993
f 4655 4655 4673
f 4992 4654 4993
f 4654 4655 4993
f 4973 4654 4992
f 4653 4972 4991
f 4990 4652 4991
f 4652 4653 4991
f 4971 4652 4990
f 4967 4968 4989
f 4988 4651 4989
f 4998 4998 4678
f 4651 4967 4989
f 4998 4677 4678
f 5000 4999 4679
f 4974 4975 5005
f 5004 4658 5005
f 4658 4974 5005
f 4687 4658 4658
f 4687 4658 5004
f 4687 5004 5003
f 5003 5004 5004
f 5003 4686 4687
f 4687 4686 4686
f 4686 4686 4686
f 4684 4684 4684
f 4684 4683 4684
f 4684 4683 4683
f 4683 4682 4683
f 4683 4682 4682
f 4682 5002 4682
f 4682 5002 4681
f 5002 5001 4681
f 4681 5001 4680
f 5001 5000 4680
f 4680 5000 4679
f 4679 4999 4678
f 4977 4978 5006
f 4987 4650 4988
f 4986 4649 4987
f 4963 4974 4645
f 4975 4974 4963
f 4975 4975 4974
f 4645 4974 4658
f 4645 4645 4658
f 4645 4658 4658
f 4658 4658 4658
f 4655 4655 4655
f 4655 4654 4655
f 4655 4654 4654
f 4973 4643 4643
f 4973 4643 4654
f 4973 4654 4973
f 4973 4654 4654
f 4972 4642 4973
f 4642 4643 4973
f 4653 4642 4642
f 4653 4642 4972
f 4653 4972 4653
f 4653 4972 4972
f 4653 4652 4653
f 4963 4964 4975
f 4650 4651 4988
f 4966 4646 4976
f 4646 4659 4976
f 4649 4650 4987
f 4985 4648 4986
f 4648 4649 4986
f 4672 4985 4984
f 4648 4985 4672
f 4648 4648 4985
f 4671 4672 4984
f 4983 4671 4984
f 4670 4671 4983
f 4982 4670 4983
f 4669 4670 4982
f 4980 4669 4982
f 4667 4669 4980
f 4979 4667 4980
f 4979 4980 4981
f 4667 4979 4668
f 4660 4662 4978
f 4977 4659 4660
f 4977 4977 4660
f 4977 4660 4978
f 4976 4659 4977
f 4646 4646 4659
f 4978 4662 4688
f 4978 4688 5006
f 5006 4688 5007
f 5032 5039 5033
f 5033 5039 5039
f 5032 5038 5039
f 4706 5038 5032
f 4706 4706 5038
f 4706 4712 5038
f 4710 5036 4711
f 5035 4710 4709
f 5037 4710 5035
f 5037 5036 4710
f 4708 5035 4709
f 5034 5035 4708
f 5031 5034 4708
f 5031 5031 4708
f 5031 4708 4705
f 5031 5031 5031
f 5033 5024 4696
f 5032 5033 4696
f 5032 4696 4707
f 4707 4706 5032
f 4703 5031 4705
f 5040 5036 5037
f 5030 4703 4702
f 5040 5036 5040
f 4711 5036 5041
f 5045 4719 4717
f 5042 5042 5042
f 5046 4714 4718
f 5042 4714 5046
f 5042 5042 4714
f 4717 4715 5045
f 4715 5044 5045
f 5043 5044 4715
f 5041 5043 4715
f 5041 4715 4713
f 5040 5043 5040
f 5040 5043 5041
f 5040 5040 5040
f 5039 5039 5039
f 5039 5038 5042
f 5039 5039 5042
f 5039 5042 5042
f 4714 5042 4712
f 5042 5038 4712
f 4711 5041 4713
f 5041 5036 5040
f 4711 4711 5036
f 5031 4703 5030
f 5031 5031 4703
f 4701 5030 4702
f 5016 5002 5017
f 5002 4682 5017
f 5015 5001 5016
f 5001 5002 5016
f 5014 5000 5015
f 5000 5001 5015
f 5013 4999 5014
f 4999 5000 5014
f 4998 4999 5013
f 4979 4981 5012
f 4692 5012 5011
f 4668 5012 4692
f 4668 4979 5012
f 4691 4692 5011
f 5010 4691 5011
f 4690 4691 5010
f 5009 4690 5010
f 4689 4690 5009
f 5008 4689 5009
f 4688 4689 5008
f 5007 4688 5008
f 4682 4683 5018
f 5017 4682 5018
f 4683 4684 5019
f 5018 4683 5019
f 5029 5030 4701
f 4700 5029 4701
f 5028 5029 4700
f 4699 5028 4700
f 5027 5028 4699
f 4698 5027 4699
f 5026 5027 4698
f 4697 5026 4698
f 5025 5026 4697
f 4695 5025 4697
f 4719 5047 5048
f 5023 5025 4695
f 4696 5024 5023
f 5003 5004 5022
f 5021 4686 5022
f 4686 5003 5022
f 4693 5021 5020
f 4686 5021 4693
f 4686 4686 5021
f 5019 4693 5020
f 4684 4693 5019
f 4684 4684 4693
f 4695 4696 5023
f 4271 4270 4530
f 4820 4821 4800
f 4819 4820 4799
f 4626 4341 4343
f 4616 4341 4626
f 4616 4616 4341
f 4341 4616 4340
f 4616 4614 4340
f 4614 4333 4340
f 4612 4613 4624
f 4613 4625 4624
f 4612 4624 4339
f 4326 4612 4339
f 4326 4339 4339
f 4339 4339 4339
f 4337 4337 4337
f 4623 4336 4337
f 4623 4623 4337
f 4623 4337 4337
f 4623 4611 4336
f 4611 4323 4336
f 4610 4335 4322
f 4335 4622 4334
f 4610 4622 4335
f 4626 4343 4627
f 4610 4610 4622
f 4343 4344 4627
f 4344 4345 4628
f 4635 4355 4355
f 4634 4630 4354
f 4630 4350 4354
f 4624 4625 4632
f 4624 4631 4339
f 4632 4631 4624
f 4632 4633 4631
f 4353 4339 4631
f 4631 4339 4339
f 4337 4350 4630
f 4337 4337 4630
f 4337 4630 4629
f 4623 4337 4629
f 4620 4348 4334
f 4348 4620 4347
f 4620 4618 4347
f 4347 4618 4346
f 4618 4617 4346
f 4346 4628 4345
f 4617 4628 4346
f 4617 4617 4628
f 4627 4344 4628
f 4635 4634 4355
f 4334 4622 4621
f 4334 4621 4620
f 4311 4600 4612
f 4311 4311 4612
f 4311 4612 4326
f 4311 4311 4311
f 4611 4308 4323
f 4599 4308 4611
f 4598 4322 4307
f 4610 4322 4598
f 4610 4610 4322
f 4610 4610 4610
f 4609 4609 4609
f 4607 4609 4608
f 4608 4609 4609
f 4605 4607 4606
f 4606 4607 4608
f 4597 4604 4605
f 4597 4597 4605
f 4597 4605 4606
f 4597 4603 4604
f 4596 4603 4597
f 4596 4602 4603
f 4601 4613 4612
f 4334 4334 4621
f 4600 4601 4612
f 4603 4602 4327
f 4618 4620 4619
f 4619 4620 4621
f 4617 4618 4617
f 4617 4618 4619
f 4617 4617 4617
f 4616 4616 4616
f 4614 4616 4615
f 4615 4616 4616
f 4609 4615 4609
f 4609 4614 4615
f 4609 4333 4614
f 4333 4333 4614
f 4333 4609 4332
f 4609 4607 4332
f 4332 4607 4330
f 4607 4605 4330
f 4330 4605 4329
f 4605 4604 4329
f 4329 4604 4328
f 4604 4603 4328
f 4328 4603 4327
f 4602 4321 4327
f 4634 4354 4355
f 4355 4355 4355
f 4357 4357 4357
f 4655 4372 4656
f 4655 4655 4372
f 4654 4371 4655
f 4371 4372 4655
f 4643 4371 4654
f 4368 4642 4653
f 4652 4367 4653
f 4367 4368 4653
f 4641 4367 4652
f 4636 4637 4651
f 4650 4360 4651
f 4360 4636 4651
f 4649 4359 4650
f 4359 4360 4650
f 4648 4358 4649
f 4358 4359 4649
f 4358 4647 4357
f 4648 4647 4358
f 4648 4648 4647
f 4357 4647 4384
f 4357 4357 4384
f 4656 4372 4373
f 4357 4384 4384
f 4385 4373 4373
f 4385 4656 4373
f 4380 4397 4397
f 4397 4396 4397
f 4397 4396 4396
f 4396 4395 4396
f 4396 4395 4395
f 4395 4395 4395
f 4392 4392 4392
f 4392 4391 4392
f 4392 4391 4391
f 4391 4390 4391
f 4391 4390 4390
f 4390 4389 4390
f 4390 4389 4389
f 4389 4388 4389
f 4389 4388 4388
f 4388 4387 4388
f 4388 4387 4387
f 4387 4386 4387
f 4387 4386 4386
f 4386 4385 4386
f 4386 4385 4385
f 4385 4385 4373
f 4384 4384 4384
f 4355 4382 4646
f 4355 4355 4646
f 4641 4641 4367
f 4641 4367 4367
f 4365 4366 4641
f 4640 4365 4641
f 4364 4365 4640
f 4639 4364 4640
f 4363 4364 4639
f 4638 4363 4639
f 4362 4363 4638
f 4637 4362 4638
f 4361 4362 4637
f 4636 4361 4637
f 4636 4637 4637
f 4636 4360 4361
f 4361 4360 4360
f 4360 4359 4360
f 4360 4359 4359
f 4359 4358 4359
f 4359 4358 4358
f 4358 4357 4358
f 4358 4357 4357
f 4641 4366 4367
f 4368 4367 4367
f 4368 4367 4368
f 4368 4642 4642
f 4355 4646 4646
f 4635 4355 4646
f 4631 4633 4645
f 4381 4353 4631
f 4381 4631 4645
f 4381 4645 4644
f 4644 4645 4645
f 4644 4380 4381
f 4381 4380 4380
f 4380 4380 4380
f 4595 4602 4596
f 4373 4373 4373
f 4373 4372 4372
f 4372 4371 4372
f 4372 4371 4371
f 4643 4370 4371
f 4643 4643 4371
f 4643 4371 4371
f 4369 4370 4643
f 4642 4369 4643
f 4368 4369 4642
f 4368 4368 4642
f 4373 4372 4373
f 4380 4380 4397
f 4594 4602 4595
f 4321 4321 4602
f 4556 4556 4556
f 4551 4557 4552
f 4552 4557 4557
f 4284 4557 4280
f 4557 4551 4280
f 4278 4556 4281
f 4555 4278 4550
f 4555 4278 4278
f 4555 4556 4278
f 4556 4556 4278
f 4549 4555 4549
f 4549 4555 4550
f 4548 4549 4548
f 4548 4549 4549
f 4542 4542 4542
f 4554 4542 4541
f 4541 4542 4542
f 4553 4554 4539
f 4539 4554 4541
f 4540 4553 4539
f 4536 4551 4537
f 4559 4558 4281
f 4537 4551 4552
f 4556 4559 4281
f 4556 4281 4556
f 4563 4566 4290
f 4563 4563 4290
f 4563 4290 4290
f 4563 4563 4563
f 4560 4564 4560
f 4560 4564 4565
f 4291 4564 4288
f 4564 4560 4288
f 4289 4563 4290
f 4562 4289 4285
f 4563 4289 4562
f 4563 4563 4289
f 4561 4562 4285
f 4558 4561 4285
f 4558 4285 4285
f 4559 4561 4558
f 4557 4560 4557
f 4557 4560 4560
f 4288 4560 4284
f 4560 4557 4284
f 4281 4558 4285
f 4556 4281 4281
f 4290 4566 4567
f 4280 4551 4277
f 4546 4547 4534
f 4543 4542 4542
f 4522 4541 4542
f 4521 4541 4522
f 4521 4539 4541
f 4520 4539 4521
f 4539 4520 4518
f 4540 4539 4518
f 4540 4518 4538
f 4519 4538 4518
f 4516 4536 4517
f 4517 4536 4537
f 4277 4536 4268
f 4536 4516 4268
f 4535 4275 4534
f 4275 4274 4534
f 4534 4274 4533
f 4274 4273 4533
f 4533 4273 4532
f 4273 4272 4532
f 4532 4272 4531
f 4272 4271 4531
f 4543 4523 4542
f 4551 4536 4277
f 4523 4522 4542
f 4543 4524 4523
f 4534 4547 4535
f 4545 4546 4533
f 4533 4546 4534
f 4544 4545 4532
f 4532 4545 4533
f 4531 4544 4531
f 4531 4544 4532
f 4530 4531 4530
f 4530 4531 4531
f 4529 4530 4529
f 4529 4530 4530
f 4528 4529 4528
f 4528 4529 4529
f 4527 4528 4527
f 4527 4528 4528
f 4526 4527 4526
f 4526 4527 4527
f 4525 4526 4525
f 4525 4526 4526
f 4524 4525 4524
f 4524 4525 4525
f 4523 4524 4524
f 4292 4290 4567
f 4568 4564 4291
f 4293 4568 4291
f 4585 4307 4307
f 4597 4597 4597
f 4596 4597 4596
f 4596 4597 4597
f 4595 4596 4595
f 4595 4596 4596
f 4584 4594 4595
f 4584 4584 4595
f 4584 4595 4595
f 4584 4593 4594
f 4582 4593 4584
f 4582 4592 4593
f 4581 4592 4582
f 4581 4591 4592
f 4580 4591 4581
f 4580 4590 4591
f 4578 4590 4580
f 4578 4589 4590
f 4577 4589 4578
f 4577 4589 4589
f 4577 4577 4589
f 4585 4586 4307
f 4588 4301 4306
f 4586 4598 4307
f 4587 4303 4599
f 4321 4594 4320
f 4594 4593 4320
f 4320 4593 4318
f 4593 4592 4318
f 4318 4592 4316
f 4592 4591 4316
f 4316 4591 4314
f 4591 4590 4314
f 4590 4589 4601
f 4589 4601 4589
f 4314 4590 4601
f 4312 4601 4600
f 4312 4314 4601
f 4600 4306 4312
f 4588 4600 4311
f 4588 4306 4600
f 4589 4589 4589
f 4304 4588 4311
f 4304 4304 4311
f 4304 4311 4311
f 4599 4303 4308
f 4585 4307 4302
f 4301 4301 4588
f 4301 4588 4304
f 4300 4301 4304
f 4301 4300 4300
f 4576 4576 4576
f 4299 4572 4297
f 4576 4572 4299
f 4576 4576 4572
f 4575 4298 4294
f 4571 4575 4294
f 4574 4574 4574
f 4573 4574 4573
f 4573 4574 4574
f 4573 4573 4573
f 4297 4572 4569
f 4296 4297 4569
f 4296 4569 4568
f 4568 4293 4296
f 4294 4292 4571
f 4292 4570 4571
f 4570 4292 4567
f 4567 4292 4292
f 4564 4568 4565
f 4565 4568 4569
f 4301 4300 4301
f 4301 4301 4301
f 4577 4577 4577
f 4577 4578 4579
f 4304 4300 4304
f 4304 4300 4300
f 4303 4587 4576
f 4303 4303 4576
f 4303 4576 4576
f 4576 4299 4303
f 4298 4585 4302
f 4298 4575 4586
f 4298 4298 4586
f 4298 4586 4585
f 4321 4602 4594
f 4584 4584 4584
f 4583 4584 4584
f 4574 4581 4582
f 4574 4574 4582
f 4574 4582 4583
f 4574 4580 4581
f 4573 4580 4574
f 4578 4580 4573
f 4579 4578 4573
f 4579 4573 4573
f 4577 4578 4577
f 4582 4584 4583
f 4800 4821 4801
f 4380 4657 4397
f 4658 4657 4644
f 4488 4768 4484
f 4768 4762 4484
f 4485 4766 4486
f 4765 4482 4760
f 4765 4485 4482
f 4765 4767 4485
f 4767 4766 4485
f 4761 4765 4760
f 4757 4763 4758
f 4758 4763 4764
f 4757 4762 4763
f 4480 4762 4757
f 4480 4480 4762
f 4480 4484 4762
f 4481 4760 4482
f 4759 4479 4755
f 4759 4481 4479
f 4759 4761 4481
f 4761 4760 4481
f 4756 4759 4755
f 4754 4754 4754
f 4762 4768 4763
f 4476 4754 4476
f 4763 4768 4769
f 4763 4769 4764
f 4776 4772 4492
f 4490 4775 4493
f 4771 4775 4490
f 4771 4774 4775
f 4770 4774 4770
f 4770 4774 4771
f 4770 4770 4770
f 4769 4769 4769
f 4769 4768 4773
f 4769 4769 4773
f 4769 4773 4773
f 4768 4772 4773
f 4488 4772 4768
f 4488 4491 4772
f 4491 4492 4772
f 4486 4771 4490
f 4771 4766 4770
f 4486 4766 4771
f 4486 4486 4766
f 4770 4766 4770
f 4770 4766 4767
f 4764 4769 4769
f 4496 4776 4492
f 4476 4754 4754
f 4757 4758 4754
f 4750 4750 4466
f 4748 4748 4748
f 4747 4747 4747
f 4749 4464 4467
f 4747 4464 4749
f 4747 4747 4464
f 4465 4748 4466
f 4746 4462 4746
f 4746 4465 4462
f 4746 4748 4465
f 4748 4748 4465
f 4746 4746 4746
f 4747 4744 4459
f 4747 4747 4459
f 4747 4459 4463
f 4463 4464 4747
f 4460 4746 4462
f 4745 4460 4457
f 4746 4460 4745
f 4746 4746 4460
f 4742 4745 4457
f 4748 4750 4466
f 4476 4757 4754
f 4748 4466 4466
f 4466 4750 4469
f 4476 4480 4757
f 4477 4755 4479
f 4753 4474 4753
f 4753 4477 4474
f 4753 4756 4477
f 4756 4755 4477
f 4753 4753 4753
f 4751 4754 4752
f 4752 4754 4754
f 4476 4754 4471
f 4754 4751 4471
f 4472 4753 4474
f 4750 4469 4750
f 4750 4472 4469
f 4750 4753 4472
f 4753 4753 4472
f 4750 4750 4750
f 4752 4749 4467
f 4751 4752 4467
f 4751 4467 4470
f 4470 4471 4751
f 4748 4466 4748
f 4773 4776 4777
f 4773 4773 4776
f 4773 4772 4776
f 4809 4808 4791
f 4809 4791 4807
f 4790 4807 4790
f 4790 4807 4791
f 4790 4790 4790
f 4806 4537 4552
f 4789 4537 4806
f 4547 4805 4548
f 4805 4547 4804
f 4547 4546 4804
f 4804 4546 4803
f 4546 4545 4803
f 4803 4545 4802
f 4545 4544 4802
f 4802 4544 4801
f 4544 4531 4801
f 4801 4531 4800
f 4531 4530 4800
f 4800 4530 4799
f 4530 4529 4799
f 4799 4529 4798
f 4808 4792 4791
f 4529 4528 4798
f 4553 4540 4792
f 4810 4792 4808
f 4799 4820 4800
f 4799 4798 4818
f 4819 4799 4818
f 4819 4818 4818
f 4798 4817 4818
f 4797 4817 4798
f 4797 4816 4817
f 4796 4816 4797
f 4796 4815 4816
f 4795 4815 4796
f 4795 4814 4815
f 4794 4814 4795
f 4794 4813 4814
f 4793 4813 4794
f 4793 4812 4813
f 4542 4812 4793
f 4542 4542 4812
f 4812 4542 4811
f 4542 4554 4811
f 4811 4554 4810
f 4554 4553 4810
f 4553 4792 4810
f 4798 4528 4797
f 4528 4527 4797
f 4797 4527 4796
f 4780 4786 4781
f 4781 4786 4786
f 4517 4786 4503
f 4786 4780 4503
f 4505 4784 4506
f 4783 4505 4504
f 4785 4505 4783
f 4785 4784 4505
f 4497 4783 4504
f 4782 4783 4497
f 4782 4497 4779
f 4779 4497 4497
f 4776 4780 4777
f 4777 4780 4781
f 4503 4780 4496
f 4780 4776 4496
f 4497 4493 4779
f 4493 4778 4779
f 4778 4493 4775
f 4775 4493 4493
f 4773 4773 4773
f 4787 4784 4785
f 4787 4784 4787
f 4506 4506 4784
f 4506 4784 4788
f 4527 4526 4796
f 4796 4526 4795
f 4526 4525 4795
f 4795 4525 4794
f 4525 4524 4794
f 4794 4524 4793
f 4524 4543 4793
f 4543 4542 4793
f 4538 4792 4540
f 4792 4788 4791
f 4742 4742 4457
f 4538 4788 4792
f 4788 4790 4791
f 4787 4790 4788
f 4790 4787 4790
f 4790 4787 4787
f 4786 4786 4786
f 4789 4517 4537
f 4786 4517 4789
f 4786 4786 4517
f 4506 4788 4519
f 4788 4784 4787
f 4538 4519 4788
f 4658 4658 4657
f 4742 4457 4457
f 4740 4455 4743
f 4690 4664 4691
f 4664 4665 4691
f 4689 4663 4690
f 4663 4664 4690
f 4688 4661 4689
f 4661 4663 4689
f 4662 4661 4688
f 4657 4658 4687
f 4686 4397 4687
f 4397 4657 4687
f 4397 4685 4396
f 4686 4685 4397
f 4686 4686 4685
f 4685 4395 4396
f 4684 4395 4685
f 4684 4684 4395
f 4409 4684 4683
f 4395 4684 4409
f 4395 4395 4684
f 4408 4409 4683
f 4682 4408 4683
f 4665 4666 4692
f 4681 4408 4682
f 4691 4665 4692
f 4684 4685 4693
f 4705 4422 4703
f 4705 4704 4422
f 4420 4703 4421
f 4702 4703 4420
f 4419 4702 4420
f 4701 4702 4419
f 4418 4701 4419
f 4700 4701 4418
f 4417 4700 4418
f 4699 4700 4417
f 4416 4699 4417
f 4698 4699 4416
f 4415 4698 4416
f 4697 4698 4415
f 4414 4697 4415
f 4695 4697 4414
f 4413 4695 4414
f 4694 4695 4413
f 4694 4696 4695
f 4413 4412 4694
f 4685 4686 4693
f 4666 4668 4692
f 4703 4422 4421
f 4392 4408 4681
f 4680 4391 4681
f 4667 4405 4669
f 4404 4405 4667
f 4666 4404 4667
f 4666 4667 4668
f 4666 4665 4404
f 4404 4665 4403
f 4665 4664 4403
f 4403 4664 4402
f 4664 4663 4402
f 4402 4663 4401
f 4663 4661 4401
f 4401 4661 4400
f 4660 4399 4400
f 4662 4660 4400
f 4662 4400 4661
f 4398 4399 4660
f 4659 4398 4660
f 4659 4646 4398
f 4646 4382 4398
f 4644 4645 4658
f 4644 4657 4380
f 4405 4406 4669
f 4392 4392 4408
f 4669 4406 4670
f 4384 4384 4671
f 4391 4392 4681
f 4679 4390 4680
f 4390 4391 4680
f 4678 4389 4679
f 4389 4390 4679
f 4677 4388 4678
f 4388 4389 4678
f 4676 4387 4677
f 4387 4388 4677
f 4675 4386 4676
f 4386 4387 4676
f 4674 4385 4675
f 4385 4386 4675
f 4673 4656 4674
f 4656 4385 4674
f 4655 4656 4673
f 4647 4648 4672
f 4671 4384 4672
f 4384 4647 4672
f 4407 4671 4670
f 4384 4671 4407
f 4406 4407 4670
f 4422 4704 4423
f 4412 4424 4706
f 4706 4706 4707
f 4735 4448 4733
f 4735 4734 4448
f 4731 4733 4446
f 4731 4731 4446
f 4731 4446 4446
f 4731 4731 4731
f 4732 4444 4447
f 4730 4444 4732
f 4445 4731 4446
f 4443 4729 4731
f 4445 4443 4731
f 4445 4731 4731
f 4730 4442 4444
f 4728 4442 4730
f 4441 4729 4443
f 4727 4729 4441
f 4727 4727 4729
f 4727 4727 4727
f 4728 4439 4442
f 4726 4439 4728
f 4440 4727 4441
f 4733 4448 4446
f 4438 4725 4727
f 4448 4734 4449
f 4736 4447 4447
f 4743 4455 4458
f 4458 4459 4743
f 4459 4744 4743
f 4456 4742 4457
f 4741 4453 4738
f 4741 4456 4453
f 4741 4742 4456
f 4742 4742 4456
f 4739 4741 4738
f 4736 4736 4736
f 4740 4450 4455
f 4736 4450 4740
f 4736 4736 4450
f 4451 4738 4453
f 4737 4449 4734
f 4737 4451 4449
f 4737 4739 4451
f 4739 4738 4451
f 4735 4737 4734
f 4736 4732 4447
f 4736 4736 4447
f 4447 4450 4736
f 4440 4438 4727
f 4440 4727 4727
f 4726 4436 4439
f 4711 4713 4427
f 4711 4711 4713
f 4711 4711 4711
f 4706 4706 4706
f 4712 4424 4428
f 4706 4424 4712
f 4706 4706 4424
f 4426 4711 4427
f 4710 4426 4425
f 4711 4426 4710
f 4711 4711 4426
f 4423 4710 4425
f 4709 4710 4423
f 4708 4709 4423
f 4704 4708 4423
f 4704 4423 4423
f 4705 4708 4704
f 4694 4707 4696
f 4412 4694 4412
f 4412 4707 4694
f 4412 4706 4707
f 4427 4713 4429
f 4712 4428 4714
f 4714 4428 4430
f 4713 4429 4429
f 4722 4436 4726
f 4438 4437 4725
f 4437 4724 4725
f 4723 4724 4437
f 4720 4723 4437
f 4720 4437 4435
f 4721 4723 4720
f 4722 4433 4436
f 4718 4433 4722
f 4434 4720 4435
f 4742 4742 4742
f 4719 4432 4716
f 4719 4721 4434
f 4721 4720 4434
f 4717 4719 4716
f 4718 4430 4433
f 4714 4430 4718
f 4431 4716 4432
f 4715 4431 4429
f 4717 4431 4715
f 4717 4716 4431
f 4715 4429 4713
f 4719 4434 4432
f 3673 3900 3673
f 3682 3683 3906
f 3899 3671 3672
f 3058 3058 2820
f 3058 2820 2820
f 2820 2820 2820
f 3059 2815 2821
f 3054 2815 3059
f 3057 3058 2820
f 3057 2819 3056
f 2820 2819 3057
f 2820 2820 2819
f 2817 3056 2819
f 3055 3056 2817
f 2816 3055 2817
f 3052 3055 2816
f 3052 2816 3052
f 3052 2816 2814
f 3048 3053 3049
f 3054 2811 2815
f 3053 2811 3054
f 3053 3048 2811
f 2814 2813 3052
f 2813 3051 3052
f 3058 2822 2820
f 2812 3051 2813
f 3058 3060 2822
f 3061 2825 2824
f 3064 3064 3064
f 2826 3064 2826
f 2826 3064 3064
f 2826 3069 3064
f 3069 3069 3064
f 2826 2830 3069
f 3067 3068 3066
f 2829 3065 3066
f 3065 3067 3066
f 3061 3063 3065
f 3061 3065 2829
f 3061 2829 2828
f 2828 2829 2829
f 3061 2828 2825
f 3064 3059 2821
f 3064 3064 2821
f 3064 2821 2821
f 2821 2826 3064
f 3062 3063 3061
f 3062 2824 3060
f 3061 2824 3062
f 2822 3060 2824
f 2829 2829 2829
f 3050 3051 2812
f 3047 3050 2809
f 3040 2803 2802
f 3041 2803 3040
f 3041 3041 2803
f 2799 3040 2802
f 3039 3040 2799
f 3037 3039 2799
f 3037 3037 2799
f 3037 2799 2799
f 3037 3037 3037
f 3038 3034 2795
f 3038 3038 2795
f 3038 2795 2800
f 2800 2801 3038
f 2798 3037 2799
f 3036 2798 2797
f 3037 2798 3036
f 3037 3037 2798
f 2796 3036 2797
f 3035 3036 2796
f 3033 3035 2796
f 3033 3033 2796
f 2803 3041 2804
f 2809 3050 2812
f 3038 3038 2801
f 3042 2801 2805
f 3047 2809 3047
f 3047 2809 2809
f 3049 3046 2808
f 3048 3049 2808
f 3048 2808 2810
f 2810 2811 3048
f 2809 3045 3047
f 2807 3045 2809
f 2807 2807 3045
f 2807 2807 2807
f 3046 2805 2808
f 3042 2805 3046
f 3044 3045 2807
f 3044 2806 3043
f 2807 2806 3044
f 2807 2807 2806
f 3041 3043 2806
f 3041 3041 2806
f 3041 2806 2804
f 3041 3041 3041
f 3038 3038 3038
f 3038 2801 3042
f 3066 2829 2829
f 2832 2829 3066
f 2832 3070 2833
f 3093 3098 3097
f 3091 3097 3096
f 3093 3097 3091
f 3093 3093 3097
f 3091 3096 3095
f 3090 3091 3095
f 2849 3090 3095
f 2849 2849 3095
f 2849 3095 2853
f 2849 2849 2849
f 3094 2847 2850
f 3089 2847 3094
f 3092 3093 3091
f 3086 3091 3090
f 3088 3091 3086
f 3088 3092 3091
f 3086 3090 2849
f 3085 3086 2849
f 2849 2846 2849
f 2849 2846 3085
f 2847 3089 3084
f 3094 2850 2854
f 2847 2847 3084
f 3099 3094 2854
f 2855 3100 2854
f 3105 2860 3109
f 3102 3103 3107
f 3103 3108 3107
f 3102 3107 3106
f 3101 3102 3106
f 2858 3101 3106
f 2858 2858 3106
f 2858 3106 2865
f 2858 2858 2858
f 2860 3105 2859
f 2859 3105 3104
f 3104 3100 2859
f 3100 2855 2859
f 3097 3098 3102
f 3098 3103 3102
f 3097 3102 3101
f 3096 3097 3101
f 3096 3101 2858
f 3095 3096 2858
f 2858 2853 2858
f 2858 2853 3095
f 2854 3100 3099
f 2847 3084 3084
f 3084 2842 2847
f 3087 3088 3086
f 3079 3075 2834
f 3074 3078 3077
f 3072 3077 2837
f 3074 3077 3072
f 3074 3074 3077
f 3070 3072 2837
f 2836 3070 2837
f 2836 2837 2837
f 3070 2836 2833
f 3076 3076 3076
f 3069 3075 3076
f 3069 3069 3076
f 3069 3076 3076
f 2834 3075 2830
f 3075 3069 2830
f 3073 3074 3072
f 3070 3071 3072
f 3071 3073 3072
f 3066 3068 3071
f 3066 3071 3070
f 3066 3070 2832
f 2838 3079 2834
f 3075 3079 3076
f 3076 3079 3080
f 3076 3080 3080
f 3082 3086 3085
f 3083 3086 3082
f 3083 3087 3086
f 3081 3082 3085
f 2845 3081 3085
f 2845 3085 2846
f 3081 2845 2841
f 3080 3084 3080
f 3080 3084 3084
f 3079 3084 3080
f 3033 2796 2793
f 2842 3084 3079
f 3079 2838 2842
f 3078 3083 3082
f 3077 3082 3081
f 3078 3082 3077
f 3078 3078 3082
f 2837 3077 3081
f 2837 2837 3081
f 2837 3081 2841
f 2837 2837 2837
f 3076 3080 3076
f 2842 2842 3084
f 3109 2860 2866
f 3033 3033 3033
f 3031 2791 3034
f 2748 2748 2981
f 2748 2748 2748
f 2983 2977 2745
f 2982 2983 2745
f 2982 2745 2745
f 2745 2749 2982
f 2980 2981 2748
f 2980 2747 2979
f 2748 2747 2980
f 2748 2748 2747
f 2746 2979 2747
f 2978 2979 2746
f 2978 2746 2744
f 2976 2978 2744
f 2976 2744 2744
f 2744 2744 2744
f 2972 2972 2972
f 2977 2740 2745
f 2972 2740 2977
f 2972 2972 2740
f 2975 2976 2744
f 2748 2981 2750
f 2975 2743 2974
f 2750 2981 2984
f 2751 2983 2982
f 2994 2994 2760
f 2993 2758 2990
f 2990 2758 2758
f 2992 2988 2756
f 2991 2992 2756
f 2991 2756 2756
f 2756 2759 2991
f 2758 2757 2990
f 2757 2989 2990
f 2989 2757 2987
f 2987 2757 2755
f 2988 2751 2756
f 2985 2751 2988
f 2755 2754 2987
f 2754 2986 2987
f 2752 2986 2754
f 2984 2986 2752
f 2984 2752 2984
f 2984 2752 2750
f 2751 2985 2983
f 2751 2751 2983
f 2982 2749 2751
f 2994 2760 2993
f 2744 2743 2975
f 2742 2974 2743
f 2731 2965 2732
f 2964 2965 2731
f 2729 2964 2731
f 2962 2964 2729
f 2729 2730 2962
f 2730 2963 2962
f 2931 2933 2961
f 2960 2930 2961
f 2930 2931 2961
f 2959 2929 2960
f 2929 2930 2960
f 2958 2928 2959
f 2928 2929 2959
f 2957 2927 2958
f 2927 2928 2958
f 2956 2926 2957
f 2926 2927 2957
f 2955 2925 2956
f 2925 2926 2956
f 2954 2708 2955
f 2708 2925 2955
f 2965 2966 2732
f 2744 2744 2743
f 2732 2966 2733
f 2733 2967 2734
f 2973 2974 2742
f 2741 2973 2742
f 2971 2973 2741
f 2971 2741 2738
f 2971 2971 2738
f 2971 2738 2738
f 2738 2738 2738
f 2963 2730 2963
f 2963 2730 2730
f 2739 2963 2730
f 2972 2963 2739
f 2972 2972 2963
f 2739 2740 2972
f 2970 2971 2738
f 2970 2737 2969
f 2738 2737 2970
f 2738 2738 2737
f 2735 2969 2737
f 2968 2969 2735
f 2734 2968 2735
f 2967 2968 2734
f 2966 2967 2733
f 2993 2760 2758
f 2760 2994 2761
f 2995 2991 2759
f 2785 3019 2781
f 2785 3019 3019
f 2785 3024 3019
f 3024 3024 3019
f 2785 2786 3024
f 2784 2783 3023
f 2783 3022 3023
f 3021 3022 2783
f 3017 3021 2783
f 3017 2783 2779
f 3018 3021 3017
f 3015 2776 3020
f 3020 2776 2782
f 2780 3020 2782
f 3019 3020 2780
f 3019 3019 3020
f 2780 2781 3019
f 2778 3017 2779
f 3016 2778 2777
f 3018 2778 3016
f 3018 3017 2778
f 3019 3019 3019
f 3016 2777 3013
f 3023 2784 2784
f 3025 3026 2784
f 2792 3033 2793
f 3032 2792 2790
f 3033 2792 3032
f 3033 3033 2792
f 3032 2790 3029
f 3029 2790 2790
f 3028 2789 3030
f 3030 2789 2789
f 2789 2791 3030
f 2791 3031 3030
f 2790 2788 3029
f 2788 3027 3029
f 3027 2788 3027
f 3027 2788 2788
f 3024 3024 3024
f 3028 2786 2789
f 3024 2786 3028
f 3024 3024 2786
f 2788 2787 3027
f 2787 3026 3027
f 2784 3026 2787
f 3025 2784 3023
f 3013 2777 2775
f 3009 2772 3014
f 3014 2772 2772
f 2999 3002 3000
f 3000 3002 3003
f 2766 3002 2764
f 3002 2999 2764
f 2765 2763 3001
f 2763 2998 3001
f 2998 2763 2998
f 2998 2763 2763
f 2995 2999 2996
f 2996 2999 3000
f 2764 2999 2762
f 2999 2995 2762
f 2763 2761 2998
f 2761 2997 2998
f 2994 2997 2761
f 2994 2994 2761
f 2994 2761 2761
f 2994 2994 2994
f 2991 2995 2992
f 2992 2995 2996
f 2762 2995 2759
f 3001 2767 2765
f 3004 2767 3001
f 2767 3004 3005
f 2768 2767 3005
f 2772 2776 3014
f 2776 3015 3014
f 2775 2774 3013
f 2774 3012 3013
f 2773 3012 2774
f 3011 3012 2773
f 2771 3011 2773
f 3010 3011 2771
f 3010 2771 3008
f 3008 2771 2771
f 3034 2791 2795
f 3006 3006 3006
f 3006 2769 3009
f 3006 3006 2769
f 2771 2770 3008
f 2770 3007 3008
f 3007 2770 3005
f 3005 2770 2768
f 3002 3006 3003
f 3003 3006 3006
f 2769 3006 2766
f 3006 3002 2766
f 3009 2769 2772
f 2871 2871 2871
f 2865 2871 2871
f 2865 3106 2871
f 3226 2978 2976
f 3228 3222 2972
f 3227 3228 2972
f 3227 2972 2972
f 2972 2977 3227
f 2976 2975 3226
f 2975 3225 3226
f 2974 3225 2975
f 3224 3225 2974
f 2973 3224 2974
f 3223 3224 2973
f 3223 2973 2971
f 3220 3223 2971
f 3220 2971 2971
f 2971 2971 2971
f 3211 2963 3221
f 3221 2963 2963
f 2963 2972 3221
f 2972 3222 3221
f 3219 3220 2971
f 3219 2970 3218
f 3229 2978 3226
f 2971 2970 3219
f 3229 3230 2978
f 3230 3231 2979
f 2987 2986 3239
f 2986 3238 3239
f 3238 2986 2984
f 3235 3238 2984
f 3235 2984 2984
f 2984 2984 2984
f 3233 3236 3234
f 3234 3236 3237
f 2985 3236 2983
f 3236 3233 2983
f 3232 3235 2984
f 2984 2981 3232
f 2984 2984 3232
f 2984 3232 3232
f 3227 3233 3228
f 3228 3233 3234
f 2983 3233 2977
f 3233 3227 2977
f 2981 2980 3232
f 2980 3231 3232
f 2979 3231 2980
f 2978 3230 2979
f 3240 3236 2985
f 2971 2971 2970
f 3217 3218 2969
f 3203 3157 3204
f 3157 3158 3204
f 3202 3156 3203
f 3156 3157 3203
f 3201 3155 3202
f 3155 3156 3202
f 2961 3201 3200
f 2933 3201 2961
f 2933 3155 3201
f 2960 2961 3200
f 3199 2960 3200
f 2959 2960 3199
f 3198 2959 3199
f 2958 2959 3198
f 3197 2958 3198
f 2957 2958 3197
f 3196 2957 3197
f 2956 2957 3196
f 3195 2956 3196
f 2955 2956 3195
f 3194 2955 3195
f 3158 3159 3205
f 2969 3218 2970
f 3204 3158 3205
f 3184 3183 3206
f 2968 3217 2969
f 3216 3217 2968
f 2967 3216 2968
f 3215 3216 2967
f 2966 3215 2967
f 3214 3215 2966
f 2965 3214 2966
f 3213 3214 2965
f 2964 3213 2965
f 3212 3213 2964
f 2962 3212 2964
f 3210 3212 2962
f 2962 2963 3210
f 2963 3211 3210
f 3187 3189 3209
f 3208 3186 3209
f 3186 3187 3209
f 3207 3185 3208
f 3185 3186 3208
f 3206 3183 3207
f 3183 3185 3207
f 3159 3160 3205
f 2988 3240 2985
f 3237 3240 3241
f 3236 3240 3237
f 3018 3016 3270
f 3016 3269 3270
f 3265 3269 3016
f 3265 3265 3016
f 3265 3016 3013
f 3265 3265 3265
f 3261 3267 3262
f 3014 3261 3009
f 3014 3267 3261
f 3014 3266 3267
f 3266 3268 3267
f 3014 3015 3266
f 3012 3265 3013
f 3264 3012 3011
f 3265 3012 3264
f 3265 3265 3012
f 3010 3264 3011
f 3263 3264 3010
f 3263 3010 3260
f 3260 3010 3008
f 3262 3258 3006
f 3020 3019 3271
f 3261 3262 3006
f 3271 3271 3272
f 3020 3272 3266
f 3280 3026 3279
f 3026 3025 3279
f 3278 3023 3274
f 3278 3025 3023
f 3278 3279 3025
f 3279 3279 3025
f 3275 3278 3274
f 3271 3271 3271
f 3019 3276 3271
f 3019 3019 3271
f 3019 3271 3271
f 3019 3024 3276
f 3024 3277 3276
f 3022 3274 3023
f 3273 3022 3021
f 3275 3022 3273
f 3275 3274 3022
f 3673 3900 3672
f 3270 3021 3018
f 3266 3272 3268
f 3020 3266 3015
f 3020 3271 3272
f 3261 3006 3006
f 3006 3009 3261
f 3008 3007 3260
f 2997 3250 3251
f 2994 3250 2997
f 3247 3250 2994
f 3247 2994 3247
f 3247 2994 2994
f 3244 3248 3245
f 3245 3248 3249
f 2996 3248 2992
f 3248 3244 2992
f 2994 2993 3247
f 2993 3246 3247
f 3246 2993 3243
f 3243 2993 2990
f 3240 3244 3241
f 3241 3244 3245
f 2992 3244 2988
f 3244 3240 2988
f 2990 2989 3243
f 2989 3242 3243
f 3242 2989 3239
f 3239 2989 2987
f 2998 2997 3251
f 3252 3248 2996
f 3000 3252 2996
f 3249 3252 3253
f 3007 3259 3260
f 3257 3259 3007
f 3257 3257 3007
f 3257 3007 3005
f 3257 3257 3257
f 3258 3003 3006
f 3256 3003 3258
f 3004 3257 3005
f 3254 3001 3254
f 3254 3004 3001
f 2954 2955 3194
f 3254 3257 3004
f 3254 3254 3254
f 3252 3255 3253
f 3256 3000 3003
f 3255 3000 3256
f 3255 3252 3000
f 2998 3254 3001
f 2998 3251 3254
f 2998 2998 3254
f 2998 3254 3254
f 3248 3252 3249
f 3257 3257 3004
f 3193 2954 3194
f 2953 2954 3193
f 3192 2953 3193
f 3133 2904 3134
f 2903 2904 3133
f 3132 2903 3133
f 2902 2903 3132
f 3131 2902 3132
f 2901 2902 3131
f 3130 2901 3131
f 2900 2901 3130
f 3129 2900 3130
f 2899 2900 3129
f 3128 2899 3129
f 3128 2898 2899
f 3116 2898 3128
f 3116 3116 2898
f 3116 2877 2898
f 2876 3115 3127
f 2897 3127 3126
f 2876 3127 2897
f 2876 2876 3127
f 2896 2897 3126
f 3125 2896 3126
f 2904 2905 3134
f 2895 2896 3125
f 3134 2906 3135
f 3134 2905 2906
f 2915 2916 3143
f 3142 2915 3143
f 2914 2915 3142
f 3141 2914 3142
f 2913 2914 3141
f 3140 2913 3141
f 3140 3141 3141
f 3140 3139 2913
f 2913 3139 2912
f 3139 3138 2912
f 2912 3138 2911
f 3138 3137 2911
f 2911 3137 2910
f 3137 2909 2910
f 2910 2909 2909
f 2909 2908 2909
f 2909 2908 2908
f 2908 3136 2908
f 2908 3136 2907
f 3136 3135 2907
f 2907 3135 2906
f 3134 3134 2906
f 3124 2895 3125
f 2894 2895 3124
f 3123 2894 3124
f 2883 2882 2882
f 2882 2882 2882
f 3116 3116 3116
f 3116 3115 2877
f 3116 3116 2877
f 3116 2877 2877
f 2876 2877 3115
f 2876 2876 3115
f 2876 3115 3115
f 2876 2876 2876
f 2873 2873 2873
f 3113 2872 2873
f 3114 3113 2873
f 3114 2873 2873
f 3113 3109 2872
f 3109 2866 2872
f 3107 3108 3111
f 3108 3112 3111
f 3107 3111 3110
f 3106 3107 3110
f 3106 3110 2871
f 2883 2882 2883
f 2884 2883 2883
f 2884 2883 2884
f 2871 2884 2884
f 3123 3124 3124
f 3123 3122 2894
f 2894 3122 2893
f 3122 2892 2893
f 2893 2892 2892
f 2892 2892 2892
f 2886 2886 2886
f 3121 2885 2886
f 3121 3121 2886
f 3121 2886 2886
f 3143 2916 3144
f 3120 2885 3121
f 2873 2873 2885
f 3114 2873 3120
f 3111 3112 3119
f 3111 3118 3110
f 3119 3118 3111
f 3119 3119 3118
f 3110 3118 3117
f 2871 3110 3117
f 2871 3117 2884
f 2871 2871 2884
f 2873 2885 3120
f 2727 2954 2953
f 2916 2917 3144
f 3144 3144 2918
f 3153 2942 3178
f 3153 2922 2942
f 3154 3153 3178
f 3147 3148 3177
f 3176 3146 3177
f 3146 3147 3177
f 3175 3145 3176
f 3145 3146 3176
f 3144 3145 3175
f 3140 3141 3174
f 3173 3139 3174
f 3139 3140 3174
f 3172 3138 3173
f 3138 3139 3173
f 3171 3137 3172
f 3137 3138 3172
f 3170 2909 3171
f 2909 3137 3171
f 3169 2908 3170
f 2908 2909 3170
f 3168 3136 3169
f 3178 2942 3179
f 3136 2908 3169
f 3179 2942 3180
f 3180 2943 3181
f 2952 2953 3192
f 3191 2952 3192
f 2951 2952 3191
f 3190 2951 3191
f 2950 2951 3190
f 3188 2950 3190
f 2949 2950 3188
f 3187 2949 3188
f 3187 3188 3189
f 3187 3186 2949
f 2949 3186 2948
f 3186 3185 2948
f 2948 3185 2947
f 3185 3183 2947
f 2947 3183 2946
f 3182 2945 2946
f 3184 3182 2946
f 3184 2946 3183
f 2944 2945 3182
f 3181 2944 3182
f 2943 2944 3181
f 2942 2943 3180
f 3167 3135 3168
f 3135 3136 3168
f 3134 3135 3167
f 3152 2919 2920
f 3154 3152 2920
f 3154 2920 3153
f 3151 2919 3152
f 2886 2919 3151
f 2886 2886 2919
f 3121 2886 3151
f 3118 3119 3150
f 3149 3117 3150
f 3117 3118 3150
f 3148 2884 3149
f 2884 3117 3149
f 2884 3147 2883
f 3148 3147 2884
f 3148 3148 3147
f 2883 3147 3146
f 2882 2883 3146
f 2882 3146 3145
f 2882 2882 3145
f 2882 3145 2918
f 3144 2917 2918
f 2920 2922 3153
f 2932 3155 2933
f 2934 3155 2932
f 3156 3155 2934
f 3123 3124 3166
f 3165 3122 3166
f 3122 3123 3166
f 3164 2892 3165
f 2892 3122 3165
f 2941 3164 3163
f 2892 3164 2941
f 2892 2892 3164
f 2940 2941 3163
f 3162 2940 3163
f 3144 2918 3145
f 2939 2940 3162
f 2938 2939 3161
f 3160 2938 3161
f 2937 2938 3160
f 3159 2937 3160
f 3159 3158 2937
f 2937 3158 2936
f 3158 3157 2936
f 2936 3157 2935
f 3157 3156 2935
f 2935 3156 2934
f 3161 2939 3162
f 3026 3280 3027
f 2708 2954 2727
f 2726 2727 2953
f 2745 2503 2513
f 2513 2514 2745
f 2512 2511 2744
f 2511 2743 2744
f 2509 2743 2511
f 2742 2743 2509
f 2508 2742 2509
f 2741 2742 2508
f 2507 2741 2508
f 2738 2741 2507
f 2738 2507 2506
f 2738 2738 2506
f 2738 2506 2736
f 2506 2501 2736
f 2736 2501 2501
f 2501 2501 2501
f 2496 2496 2496
f 2496 2505 2496
f 2496 2505 2728
f 2505 2504 2730
f 2728 2505 2730
f 2745 2745 2503
f 2728 2730 2730
f 2745 2740 2503
f 2744 2515 2744
f 2521 2521 2521
f 2751 2751 2751
f 2523 2749 2519
f 2751 2749 2523
f 2751 2751 2749
f 2748 2750 2521
f 2518 2748 2748
f 2518 2748 2521
f 2518 2521 2518
f 2518 2521 2521
f 2518 2518 2518
f 2745 2745 2745
f 2749 2514 2519
f 2745 2514 2749
f 2745 2745 2514
f 2747 2748 2518
f 2747 2517 2746
f 2518 2517 2747
f 2518 2518 2517
f 2515 2746 2517
f 2744 2746 2515
f 2744 2515 2512
f 2750 2521 2521
f 2502 2730 2504
f 2502 2503 2739
f 2703 2704 2724
f 2722 2702 2723
f 2702 2703 2723
f 2721 2701 2722
f 2701 2702 2722
f 2720 2700 2721
f 2700 2701 2721
f 2699 2700 2720
f 2669 2670 2719
f 2718 2668 2719
f 2668 2669 2719
f 2717 2456 2718
f 2456 2668 2718
f 2493 2717 2716
f 2456 2717 2493
f 2456 2456 2717
f 2715 2493 2716
f 2455 2493 2715
f 2455 2455 2493
f 2714 2454 2715
f 2454 2455 2715
f 2723 2703 2724
f 2739 2730 2502
f 2704 2705 2725
f 2705 2706 2726
f 2503 2740 2739
f 2737 2738 2736
f 2501 2735 2736
f 2735 2737 2736
f 2735 2500 2734
f 2501 2500 2735
f 2501 2501 2500
f 2498 2734 2500
f 2733 2734 2498
f 2495 2733 2498
f 2732 2733 2495
f 2495 2731 2732
f 2496 2731 2495
f 2496 2496 2731
f 2728 2729 2496
f 2729 2731 2496
f 2730 2729 2728
f 2707 2708 2727
f 2726 2706 2727
f 2706 2707 2727
f 2725 2705 2726
f 2724 2704 2725
f 2750 2752 2521
f 2752 2524 2521
f 2753 2525 2524
f 2777 2778 2552
f 2777 2552 2775
f 2775 2552 2550
f 2772 2772 2772
f 2776 2547 2551
f 2772 2547 2776
f 2772 2772 2547
f 2550 2549 2775
f 2549 2774 2775
f 2548 2774 2549
f 2773 2774 2548
f 2546 2773 2548
f 2771 2773 2546
f 2771 2546 2771
f 2771 2546 2546
f 2772 2769 2544
f 2772 2772 2544
f 2772 2544 2544
f 2544 2547 2772
f 2546 2545 2771
f 2545 2770 2771
f 2552 2778 2553
f 2770 2545 2543
f 2553 2778 2779
f 2555 2781 2780
f 2562 2561 2788
f 2561 2787 2788
f 2784 2787 2561
f 2784 2784 2561
f 2784 2561 2559
f 2784 2784 2784
f 2781 2555 2785
f 2785 2555 2555
f 2555 2560 2785
f 2560 2786 2785
f 2558 2784 2559
f 2783 2558 2557
f 2784 2558 2783
f 2784 2784 2558
f 2783 2557 2779
f 2779 2557 2554
f 2776 2551 2782
f 2782 2551 2551
f 2556 2782 2551
f 2780 2782 2556
f 2556 2555 2780
f 2554 2553 2779
f 2768 2770 2543
f 2768 2543 2543
f 2543 2543 2543
f 2533 2530 2760
f 2533 2533 2530
f 2758 2530 2758
f 2758 2530 2530
f 2756 2756 2756
f 2759 2527 2532
f 2756 2527 2759
f 2756 2756 2527
f 2530 2529 2758
f 2529 2757 2758
f 2757 2529 2528
f 2755 2757 2528
f 2755 2528 2753
f 2753 2528 2525
f 2751 2756 2751
f 2751 2756 2756
f 2527 2756 2523
f 2756 2751 2523
f 2754 2755 2753
f 2754 2524 2752
f 2753 2524 2754
f 2760 2530 2758
f 2760 2761 2533
f 2759 2532 2762
f 2762 2532 2535
f 2769 2542 2544
f 2766 2542 2769
f 2767 2768 2543
f 2540 2765 2767
f 2540 2767 2543
f 2540 2543 2540
f 2540 2543 2543
f 2540 2540 2540
f 2766 2539 2542
f 2764 2539 2766
f 2492 2714 2713
f 2763 2765 2540
f 2540 2540 2763
f 2540 2763 2763
f 2764 2535 2539
f 2762 2535 2764
f 2537 2536 2763
f 2536 2761 2763
f 2761 2536 2533
f 2761 2761 2533
f 2761 2533 2533
f 2533 2533 2533
f 2540 2537 2763
f 2560 2563 2789
f 2454 2714 2492
f 2491 2492 2713
f 2657 2656 2448
f 2448 2656 2447
f 2656 2446 2447
f 2447 2446 2446
f 2446 2446 2446
f 2445 2655 2444
f 2444 2655 2654
f 2443 2444 2654
f 2653 2443 2654
f 2442 2443 2653
f 2652 2442 2653
f 2441 2442 2652
f 2651 2441 2652
f 2440 2441 2651
f 2650 2440 2651
f 2650 2651 2651
f 2650 2649 2440
f 2440 2649 2439
f 2649 2438 2439
f 2439 2438 2438
f 2438 2437 2438
f 2449 2657 2448
f 2438 2437 2437
f 2658 2657 2449
f 2659 2658 2450
f 2455 2454 2454
f 2454 2454 2454
f 2452 2453 2666
f 2665 2451 2452
f 2667 2665 2452
f 2667 2452 2666
f 2664 2451 2665
f 2436 2451 2664
f 2436 2436 2451
f 2663 2647 2664
f 2647 2436 2664
f 2648 2647 2663
f 2644 2645 2662
f 2661 2643 2662
f 2643 2644 2662
f 2660 2642 2661
f 2642 2643 2661
f 2450 2433 2642
f 2450 2642 2660
f 2450 2660 2659
f 2659 2660 2660
f 2450 2658 2449
f 2455 2454 2455
f 2437 2437 2437
f 2436 2647 2436
f 2631 2632 2638
f 2631 2638 2637
f 2428 2631 2637
f 2428 2637 2431
f 2428 2428 2431
f 2428 2431 2431
f 2431 2431 2431
f 2430 2430 2430
f 2635 2429 2430
f 2636 2635 2430
f 2636 2430 2430
f 2635 2630 2429
f 2630 2427 2429
f 2627 2628 2634
f 2627 2633 2626
f 2634 2633 2627
f 2634 2634 2633
f 2626 2633 2632
f 2625 2626 2632
f 2625 2632 2631
f 2425 2625 2631
f 2632 2639 2638
f 2436 2436 2436
f 2640 2640 2639
f 2633 2639 2632
f 2436 2647 2435
f 2646 2434 2435
f 2648 2646 2435
f 2648 2435 2647
f 2646 2641 2434
f 2641 2432 2434
f 2639 2640 2645
f 2639 2644 2638
f 2645 2644 2639
f 2645 2645 2644
f 2638 2644 2643
f 2637 2638 2643
f 2637 2643 2642
f 2431 2637 2642
f 2433 2431 2642
f 2642 2431 2431
f 2430 2432 2641
f 2430 2430 2641
f 2430 2641 2641
f 2636 2430 2641
f 2633 2634 2640
f 2640 2639 2633
f 2455 2455 2455
f 2456 2456 2456
f 2457 2456 2456
f 2480 2700 2479
f 2699 2478 2479
f 2699 2699 2479
f 2699 2479 2700
f 2477 2478 2699
f 2698 2477 2699
f 2476 2477 2698
f 2697 2476 2698
f 2475 2476 2697
f 2696 2475 2697
f 2695 2475 2696
f 2666 2475 2695
f 2666 2453 2475
f 2667 2666 2695
f 2659 2660 2694
f 2693 2658 2694
f 2658 2659 2694
f 2692 2657 2693
f 2657 2658 2693
f 2691 2656 2692
f 2656 2657 2692
f 2701 2700 2480
f 2690 2446 2691
f 2481 2701 2480
f 2482 2702 2481
f 2712 2491 2713
f 2490 2491 2712
f 2711 2490 2712
f 2489 2490 2711
f 2710 2489 2711
f 2488 2489 2710
f 2709 2488 2710
f 2487 2488 2709
f 2708 2487 2709
f 2486 2487 2708
f 2707 2486 2708
f 2707 2708 2708
f 2707 2706 2486
f 2486 2706 2485
f 2706 2705 2485
f 2485 2705 2484
f 2705 2704 2484
f 2484 2704 2483
f 2704 2703 2483
f 2483 2703 2482
f 2703 2702 2482
f 2702 2701 2481
f 2446 2656 2691
f 2474 2690 2689
f 2446 2690 2474
f 2676 2649 2677
f 2649 2650 2677
f 2675 2438 2676
f 2438 2649 2676
f 2674 2437 2675
f 2437 2438 2675
f 2462 2674 2673
f 2437 2674 2462
f 2437 2437 2674
f 2461 2462 2673
f 2672 2461 2673
f 2460 2461 2672
f 2671 2460 2672
f 2459 2460 2671
f 2670 2459 2671
f 2458 2459 2670
f 2669 2458 2670
f 2669 2670 2670
f 2669 2668 2458
f 2458 2668 2457
f 2668 2456 2457
f 2650 2651 2677
f 2655 2445 2463
f 2678 2655 2463
f 2678 2463 2679
f 2446 2446 2690
f 2473 2474 2689
f 2688 2473 2689
f 2472 2473 2688
f 2687 2472 2688
f 2471 2472 2687
f 2686 2471 2687
f 2470 2471 2686
f 2685 2470 2686
f 2469 2470 2685
f 2454 2454 2714
f 2684 2469 2685
f 2683 2468 2684
f 2467 2468 2683
f 2682 2467 2683
f 2466 2467 2682
f 2681 2466 2682
f 2465 2466 2681
f 2680 2465 2681
f 2464 2465 2680
f 2679 2464 2680
f 2463 2464 2679
f 2468 2469 2684
f 2789 2560 2560
f 2789 2789 2560
f 2789 2786 2560
f 2651 2651 2895
f 2676 2677 2894
f 2893 2676 2894
f 2675 2676 2893
f 2892 2675 2893
f 2674 2675 2892
f 2891 2674 2892
f 2891 2892 2892
f 2891 2890 2674
f 2674 2890 2673
f 2890 2889 2673
f 2673 2889 2672
f 2889 2888 2672
f 2672 2888 2671
f 2888 2670 2671
f 2671 2670 2670
f 2670 2670 2670
f 2665 2667 2887
f 2886 2664 2665
f 2886 2886 2665
f 2886 2665 2887
f 2651 2895 2677
f 2663 2664 2886
f 2677 2895 2894
f 2895 2651 2896
f 2685 2686 2905
f 2904 2685 2905
f 2684 2685 2904
f 2903 2684 2904
f 2683 2684 2903
f 2902 2683 2903
f 2682 2683 2902
f 2901 2682 2902
f 2681 2682 2901
f 2900 2681 2901
f 2680 2681 2900
f 2899 2680 2900
f 2679 2680 2899
f 2898 2679 2899
f 2898 2678 2679
f 2877 2678 2898
f 2877 2877 2678
f 2877 2655 2678
f 2875 2876 2897
f 2896 2874 2897
f 2874 2875 2897
f 2651 2874 2896
f 2905 2686 2906
f 2885 2663 2886
f 2873 2648 2663
f 2875 2874 2653
f 2653 2874 2652
f 2874 2651 2652
f 2652 2651 2651
f 2651 2651 2651
f 2648 2873 2646
f 2646 2873 2873
f 2872 2646 2873
f 2641 2646 2872
f 2641 2641 2646
f 2866 2641 2872
f 2864 2865 2871
f 2864 2870 2863
f 2871 2870 2864
f 2871 2871 2870
f 2863 2870 2869
f 2862 2863 2869
f 2862 2869 2868
f 2861 2862 2868
f 2861 2868 2867
f 2640 2861 2867
f 2875 2876 2876
f 2885 2873 2663
f 2875 2653 2876
f 2877 2654 2655
f 2870 2871 2884
f 2883 2869 2884
f 2869 2870 2884
f 2882 2868 2883
f 2868 2869 2883
f 2868 2881 2867
f 2882 2881 2868
f 2882 2882 2881
f 2867 2881 2880
f 2645 2867 2880
f 2645 2880 2879
f 2645 2645 2879
f 2645 2879 2662
f 2879 2878 2662
f 2662 2878 2661
f 2878 2660 2661
f 2661 2660 2660
f 2660 2660 2660
f 2877 2877 2877
f 2877 2876 2654
f 2877 2877 2654
f 2653 2654 2876
f 2686 2687 2906
f 2906 2687 2907
f 2687 2688 2907
f 2890 2891 2941
f 2939 2889 2940
f 2889 2890 2940
f 2938 2888 2939
f 2888 2889 2939
f 2937 2670 2938
f 2670 2888 2938
f 2719 2937 2936
f 2670 2937 2719
f 2670 2670 2937
f 2718 2719 2936
f 2935 2718 2936
f 2717 2718 2935
f 2934 2717 2935
f 2716 2717 2934
f 2932 2716 2934
f 2715 2716 2932
f 2931 2715 2932
f 2931 2932 2933
f 2931 2930 2715
f 2715 2930 2714
f 2940 2890 2941
f 2930 2929 2714
f 2891 2892 2941
f 2921 2923 2943
f 2952 2726 2953
f 2725 2726 2952
f 2951 2725 2952
f 2724 2725 2951
f 2950 2724 2951
f 2723 2724 2950
f 2949 2723 2950
f 2722 2723 2949
f 2948 2722 2949
f 2721 2722 2948
f 2947 2721 2948
f 2720 2721 2947
f 2946 2720 2947
f 2945 2720 2946
f 2699 2720 2945
f 2699 2699 2720
f 2944 2924 2945
f 2924 2699 2945
f 2943 2923 2944
f 2923 2924 2944
f 2942 2921 2943
f 2922 2921 2942
f 2714 2929 2713
f 2929 2928 2713
f 2713 2928 2712
f 2916 2879 2917
f 2879 2880 2917
f 2915 2878 2916
f 2878 2879 2916
f 2914 2660 2915
f 2660 2878 2915
f 2694 2914 2913
f 2660 2914 2694
f 2660 2660 2914
f 2693 2694 2913
f 2912 2693 2913
f 2692 2693 2912
f 2911 2692 2912
f 2691 2692 2911
f 2910 2691 2911
f 2690 2691 2910
f 2909 2690 2910
f 2689 2690 2909
f 2908 2689 2909
f 2688 2689 2908
f 2907 2688 2908
f 2880 2881 2918
f 2917 2880 2918
f 2881 2882 2918
f 2886 2887 2919
f 2928 2927 2712
f 2712 2927 2711
f 2927 2926 2711
f 2711 2926 2710
f 2926 2925 2710
f 2710 2925 2709
f 2925 2708 2709
f 2709 2708 2708
f 2708 2708 2708
f 2699 2699 2699
f 2640 2867 2645
f 2699 2924 2699
f 2924 2923 2698
f 2698 2923 2697
f 2923 2921 2697
f 2697 2921 2696
f 2920 2695 2696
f 2922 2920 2696
f 2922 2696 2921
f 2919 2695 2920
f 2887 2695 2919
f 2887 2667 2695
f 2699 2924 2698
f 2640 2640 2645
f 2640 2645 2645
f 2645 2645 2645
f 2818 2590 2819
f 2818 2591 2590
f 2588 2817 2590
f 2816 2817 2588
f 2816 2588 2586
f 2814 2816 2586
f 2814 2586 2586
f 2586 2586 2586
f 2815 2583 2587
f 2811 2583 2815
f 2813 2814 2586
f 2813 2585 2812
f 2586 2585 2813
f 2586 2586 2585
f 2584 2812 2585
f 2809 2812 2584
f 2809 2584 2809
f 2809 2584 2582
f 2808 2581 2810
f 2810 2581 2581
f 2581 2583 2810
f 2819 2590 2817
f 2583 2811 2810
f 2819 2820 2818
f 2821 2587 2592
f 2823 2827 2602
f 2602 2827 2603
f 2823 2602 2599
f 2821 2821 2821
f 2593 2821 2593
f 2593 2821 2821
f 2593 2826 2821
f 2826 2826 2821
f 2593 2600 2826
f 2824 2825 2823
f 2824 2598 2822
f 2823 2598 2824
f 2823 2599 2598
f 2596 2822 2598
f 2820 2822 2596
f 2820 2596 2594
f 2820 2820 2594
f 2820 2594 2818
f 2818 2594 2591
f 2821 2815 2587
f 2821 2821 2587
f 2592 2593 2821
f 2582 2580 2809
f 2580 2807 2809
f 2807 2580 2807
f 2796 2797 2567
f 2796 2567 2793
f 2793 2567 2567
f 2795 2791 2565
f 2794 2795 2565
f 2794 2565 2568
f 2568 2569 2794
f 2567 2566 2793
f 2566 2792 2793
f 2564 2792 2566
f 2790 2792 2564
f 2790 2564 2790
f 2790 2564 2564
f 2789 2789 2789
f 2791 2563 2565
f 2789 2563 2791
f 2789 2789 2563
f 2564 2562 2790
f 2562 2788 2790
f 2788 2562 2788
f 2788 2562 2562
f 2567 2797 2570
f 2797 2798 2570
f 2570 2798 2571
f 2571 2798 2799
f 2807 2580 2580
f 2808 2578 2581
f 2805 2578 2808
f 2580 2579 2807
f 2579 2806 2807
f 2806 2579 2804
f 2804 2579 2577
f 2805 2573 2578
f 2801 2573 2805
f 2577 2576 2804
f 2823 2828 2827
f 2576 2803 2804
f 2802 2803 2574
f 2572 2802 2574
f 2799 2802 2572
f 2799 2572 2799
f 2799 2572 2572
f 2794 2800 2795
f 2801 2569 2573
f 2800 2569 2801
f 2800 2794 2569
f 2572 2571 2799
f 2574 2803 2576
f 2708 2708 2954
f 2823 2825 2828
f 2826 2826 2600
f 2628 2851 2634
f 2628 2634 2634
f 2634 2634 2634
f 2630 2855 2629
f 2629 2855 2854
f 2854 2850 2629
f 2850 2624 2629
f 2849 2853 2852
f 2848 2852 2851
f 2849 2852 2848
f 2849 2849 2852
f 2623 2848 2851
f 2623 2623 2851
f 2623 2851 2628
f 2623 2623 2623
f 2850 2620 2624
f 2847 2620 2850
f 2844 2846 2848
f 2846 2849 2848
f 2844 2848 2623
f 2843 2844 2623
f 2851 2856 2634
f 2619 2843 2623
f 2851 2852 2856
f 2853 2858 2857
f 2641 2641 2641
f 2636 2866 2860
f 2641 2866 2636
f 2641 2641 2866
f 2858 2865 2864
f 2857 2864 2863
f 2858 2864 2857
f 2858 2858 2864
f 2857 2863 2862
f 2856 2857 2862
f 2856 2862 2861
f 2634 2856 2861
f 2634 2861 2640
f 2634 2634 2640
f 2634 2640 2640
f 2640 2640 2640
f 2636 2860 2635
f 2635 2860 2859
f 2859 2855 2635
f 2855 2630 2635
f 2852 2853 2857
f 2852 2857 2856
f 2619 2619 2623
f 2619 2623 2623
f 2619 2619 2619
f 2836 2837 2835
f 2831 2835 2611
f 2833 2835 2831
f 2833 2836 2835
f 2607 2831 2611
f 2607 2607 2611
f 2607 2611 2611
f 2607 2607 2607
f 2834 2604 2608
f 2830 2604 2834
f 2832 2833 2831
f 2607 2829 2831
f 2829 2832 2831
f 2827 2829 2829
f 2827 2829 2607
f 2827 2607 2606
f 2606 2607 2607
f 2827 2606 2603
f 2826 2826 2826
f 2830 2600 2604
f 2826 2600 2830
f 2834 2608 2838
f 2838 2608 2612
f 2611 2611 2611
f 2611 2839 2615
f 2620 2847 2620
f 2620 2847 2847
f 2847 2842 2620
f 2842 2616 2620
f 2845 2846 2844
f 2840 2844 2843
f 2841 2844 2840
f 2841 2845 2844
f 2840 2843 2619
f 2839 2840 2619
f 2828 2829 2827
f 2619 2615 2619
f 2616 2842 2616
f 2616 2842 2842
f 2842 2838 2616
f 2838 2612 2616
f 2837 2841 2840
f 2835 2840 2839
f 2837 2840 2835
f 2837 2837 2840
f 2611 2835 2839
f 2611 2611 2839
f 2619 2615 2839
f 3024 3028 3281
f 3273 3021 3270
f 3281 3281 3024
f 3464 3699 3465
f 3698 3699 3464
f 3463 3698 3464
f 3697 3698 3463
f 3462 3697 3463
f 3696 3697 3462
f 3461 3696 3462
f 3695 3696 3461
f 3460 3695 3461
f 3694 3695 3460
f 3459 3694 3460
f 3693 3694 3459
f 3459 3691 3693
f 3458 3691 3459
f 3458 3458 3691
f 3692 3691 3458
f 3656 3657 3690
f 3689 3655 3690
f 3655 3656 3690
f 3688 3433 3689
f 3433 3655 3689
f 3465 3699 3700
f 3466 3465 3700
f 3467 3701 3692
f 3468 3467 3692
f 3710 3476 3709
f 3710 3710 3476
f 3474 3709 3475
f 3708 3709 3474
f 3708 3474 3705
f 3705 3474 3472
f 3707 3701 3467
f 3706 3707 3467
f 3706 3467 3467
f 3467 3473 3706
f 3687 3432 3688
f 3472 3471 3705
f 3470 3704 3471
f 3703 3704 3470
f 3469 3703 3470
f 3702 3703 3469
f 3702 3469 3700
f 3700 3469 3466
f 3458 3458 3458
f 3458 3468 3692
f 3458 3458 3692
f 3458 3692 3692
f 3471 3704 3705
f 3709 3476 3475
f 3432 3433 3688
f 3654 3432 3687
f 3673 3447 3674
f 3446 3447 3673
f 3672 3446 3673
f 3671 3446 3672
f 3646 3446 3671
f 3646 3417 3446
f 3647 3646 3671
f 3639 3640 3670
f 3638 3639 3670
f 3627 3628 3669
f 3668 3626 3669
f 3626 3627 3669
f 3667 3625 3668
f 3625 3626 3668
f 3445 3667 3666
f 3395 3667 3445
f 3395 3625 3667
f 3444 3445 3666
f 3665 3444 3666
f 3443 3444 3665
f 3664 3443 3665
f 3447 3448 3674
f 3674 3448 3675
f 3448 3449 3675
f 3675 3449 3676
f 3653 3654 3686
f 3650 3651 3685
f 3684 3649 3685
f 3649 3650 3685
f 3683 3648 3684
f 3648 3649 3684
f 3456 3683 3682
f 3425 3683 3456
f 3425 3648 3683
f 3455 3456 3682
f 3686 3654 3687
f 3681 3455 3682
f 3680 3454 3681
f 3453 3454 3680
f 3679 3453 3680
f 3452 3453 3679
f 3678 3452 3679
f 3451 3452 3678
f 3677 3451 3678
f 3450 3451 3677
f 3676 3450 3677
f 3449 3450 3676
f 3454 3455 3681
f 3442 3443 3664
f 3476 3710 3477
f 3478 3711 3473
f 3503 3740 3504
f 3739 3503 3501
f 3740 3503 3739
f 3740 3740 3503
f 3739 3501 3736
f 3736 3501 3501
f 3734 3499 3737
f 3737 3499 3499
f 3499 3502 3737
f 3502 3738 3737
f 3501 3500 3736
f 3500 3735 3736
f 3735 3500 3733
f 3733 3500 3498
f 3734 3496 3499
f 3731 3496 3734
f 3498 3497 3733
f 3497 3732 3733
f 3732 3497 3730
f 3730 3497 3494
f 3729 3729 3729
f 3738 3502 3741
f 3741 3502 3505
f 3740 3740 3740
f 3740 3504 3504
f 3514 3750 3744
f 3514 3749 3750
f 3749 3751 3750
f 3514 3513 3749
f 3512 3511 3748
f 3511 3747 3748
f 3743 3747 3511
f 3743 3743 3511
f 3743 3511 3508
f 3743 3743 3743
f 3731 3493 3496
f 3741 3505 3745
f 3509 3745 3505
f 3744 3745 3509
f 3744 3746 3745
f 3509 3510 3744
f 3506 3743 3508
f 3742 3506 3504
f 3743 3506 3742
f 3743 3743 3506
f 3740 3742 3504
f 3740 3740 3504
f 3745 3505 3505
f 3711 3706 3473
f 3729 3493 3731
f 3730 3494 3492
f 3716 3484 3482
f 3713 3717 3714
f 3714 3717 3718
f 3483 3717 3480
f 3717 3713 3480
f 3482 3481 3716
f 3481 3715 3716
f 3479 3715 3481
f 3712 3715 3479
f 3712 3479 3712
f 3712 3479 3479
f 3711 3713 3711
f 3711 3713 3714
f 3480 3713 3478
f 3713 3711 3478
f 3477 3712 3479
f 3710 3712 3477
f 3710 3710 3712
f 3710 3710 3710
f 3706 3711 3707
f 3707 3711 3711
f 3719 3484 3716
f 3484 3719 3720
f 3485 3484 3720
f 3717 3483 3486
f 3728 3730 3492
f 3724 3729 3725
f 3725 3729 3729
f 3493 3729 3489
f 3729 3724 3489
f 3492 3491 3728
f 3491 3727 3728
f 3490 3727 3491
f 3726 3727 3490
f 3726 3490 3723
f 3729 3729 3493
f 3723 3490 3488
f 3724 3725 3486
f 3724 3486 3486
f 3486 3489 3724
f 3488 3487 3723
f 3487 3722 3723
f 3722 3487 3720
f 3720 3487 3485
f 3486 3721 3718
f 3486 3486 3718
f 3486 3718 3717
f 3725 3721 3486
f 3663 3442 3664
f 3441 3442 3663
f 3662 3441 3663
f 3610 3611 3611
f 3610 3374 3375
f 3375 3374 3374
f 3374 3374 3374
f 3371 3609 3371
f 3371 3609 3609
f 3370 3371 3609
f 3608 3370 3609
f 3608 3602 3370
f 3602 3363 3370
f 3600 3601 3607
f 3607 3369 3361
f 3607 3607 3361
f 3607 3361 3600
f 3606 3606 3606
f 3605 3606 3605
f 3605 3606 3606
f 3605 3604 3367
f 3605 3605 3367
f 3605 3367 3367
f 3366 3367 3604
f 3375 3611 3610
f 3375 3364 3611
f 3375 3364 3364
f 3364 3603 3611
f 3384 3621 3622
f 3384 3384 3384
f 3620 3620 3620
f 3618 3620 3619
f 3619 3620 3620
f 3616 3618 3617
f 3617 3618 3619
f 3617 3615 3381
f 3616 3617 3381
f 3616 3381 3381
f 3603 3366 3604
f 3380 3381 3615
f 3379 3380 3614
f 3613 3379 3614
f 3378 3379 3613
f 3612 3378 3613
f 3612 3377 3378
f 3606 3377 3612
f 3606 3606 3377
f 3377 3606 3376
f 3606 3605 3376
f 3605 3367 3376
f 3614 3380 3615
f 3384 3384 3621
f 3364 3366 3603
f 3364 3603 3603
f 3589 3349 3592
f 3588 3591 3590
f 3351 3348 3588
f 3590 3351 3588
f 3590 3588 3588
f 3349 3589 3587
f 3349 3349 3587
f 3349 3587 3586
f 3586 3345 3349
f 3348 3585 3588
f 3347 3585 3348
f 3347 3583 3585
f 3583 3347 3344
f 3582 3586 3582
f 3582 3586 3587
f 3345 3586 3340
f 3281 3024 3024
f 3584 3585 3583
f 3580 3581 3584
f 3580 3584 3583
f 3580 3583 3343
f 3592 3349 3352
f 3593 3351 3590
f 3354 3351 3593
f 3591 3594 3593
f 3364 3364 3364
f 3363 3602 3599
f 3362 3363 3599
f 3362 3599 3599
f 3599 3359 3362
f 3597 3598 3600
f 3598 3601 3600
f 3361 3358 3600
f 3600 3358 3597
f 3599 3599 3599
f 3364 3364 3603
f 3359 3596 3356
f 3599 3599 3596
f 3593 3594 3597
f 3594 3598 3597
f 3358 3354 3597
f 3597 3354 3593
f 3356 3596 3355
f 3355 3596 3595
f 3595 3592 3355
f 3592 3352 3355
f 3590 3591 3593
f 3599 3596 3359
f 3384 3385 3621
f 3621 3385 3369
f 3607 3621 3369
f 3428 3429 3652
f 3651 3428 3652
f 3427 3428 3651
f 3650 3427 3651
f 3650 3649 3427
f 3427 3649 3426
f 3649 3648 3426
f 3426 3648 3424
f 3424 3648 3425
f 3415 3417 3646
f 3645 3387 3387
f 3645 3387 3415
f 3645 3415 3647
f 3647 3415 3646
f 3624 3387 3645
f 3384 3622 3644
f 3414 3644 3643
f 3384 3644 3414
f 3384 3384 3644
f 3413 3414 3643
f 3642 3413 3643
f 3652 3429 3653
f 3429 3430 3653
f 3653 3431 3654
f 3653 3653 3431
f 3440 3441 3662
f 3661 3440 3662
f 3439 3440 3661
f 3660 3439 3661
f 3438 3439 3660
f 3659 3438 3660
f 3437 3438 3659
f 3658 3437 3659
f 3436 3437 3658
f 3657 3436 3658
f 3412 3413 3642
f 3435 3436 3657
f 3656 3657 3657
f 3656 3655 3435
f 3435 3655 3434
f 3655 3433 3434
f 3434 3433 3433
f 3433 3432 3433
f 3433 3432 3432
f 3432 3654 3432
f 3432 3654 3431
f 3653 3430 3431
f 3656 3435 3657
f 3641 3412 3642
f 3411 3412 3641
f 3640 3411 3641
f 3620 3618 3399
f 3399 3618 3398
f 3618 3616 3398
f 3616 3381 3398
f 3610 3611 3629
f 3628 3374 3629
f 3374 3610 3629
f 3397 3374 3374
f 3397 3374 3628
f 3397 3628 3627
f 3400 3620 3399
f 3627 3628 3628
f 3397 3626 3396
f 3626 3625 3396
f 3396 3625 3394
f 3394 3625 3395
f 3387 3387 3387
f 3623 3386 3387
f 3624 3623 3387
f 3624 3387 3387
f 3623 3609 3386
f 3609 3371 3386
f 3627 3626 3397
f 3514 3744 3510
f 3620 3620 3400
f 3630 3400 3401
f 3410 3411 3640
f 3639 3410 3640
f 3639 3640 3640
f 3638 3409 3410
f 3638 3638 3410
f 3638 3410 3639
f 3408 3409 3638
f 3637 3408 3638
f 3407 3408 3637
f 3636 3407 3637
f 3620 3400 3630
f 3406 3407 3636
f 3405 3406 3635
f 3634 3405 3635
f 3404 3405 3634
f 3633 3404 3634
f 3403 3404 3633
f 3632 3403 3633
f 3402 3403 3632
f 3631 3402 3632
f 3401 3402 3631
f 3630 3401 3631
f 3635 3406 3636
f 3744 3750 3746
f 3748 3512 3512
f 3752 3512 3748
f 3856 3613 3614
f 3850 3613 3856
f 3850 3850 3613
f 3613 3850 3612
f 3850 3848 3612
f 3848 3606 3612
f 3604 3846 3854
f 3846 3855 3854
f 3604 3854 3853
f 3603 3604 3853
f 3603 3853 3611
f 3603 3603 3611
f 3603 3611 3611
f 3611 3611 3611
f 3609 3852 3609
f 3609 3852 3852
f 3852 3608 3609
f 3845 3608 3852
f 3845 3843 3608
f 3843 3602 3608
f 3851 3601 3842
f 3856 3614 3857
f 3614 3615 3857
f 3857 3615 3858
f 3615 3617 3858
f 3870 3852 3623
f 3852 3609 3623
f 3607 3851 3869
f 3621 3869 3868
f 3607 3869 3621
f 3607 3607 3869
f 3621 3868 3622
f 3622 3868 3868
f 3867 3867 3867
f 3865 3867 3866
f 3607 3601 3851
f 3866 3867 3867
f 3864 3865 3866
f 3861 3863 3862
f 3862 3863 3864
f 3862 3860 3620
f 3861 3862 3620
f 3861 3620 3620
f 3619 3620 3860
f 3859 3619 3860
f 3617 3619 3859
f 3858 3617 3859
f 3863 3865 3864
f 3623 3871 3870
f 3607 3607 3601
f 3850 3850 3850
f 3598 3594 3837
f 3839 3598 3837
f 3839 3837 3837
f 3838 3838 3838
f 3835 3838 3836
f 3835 3838 3838
f 3835 3595 3838
f 3595 3596 3838
f 3835 3592 3595
f 3837 3594 3591
f 3834 3837 3591
f 3833 3835 3833
f 3833 3835 3836
f 3592 3835 3589
f 3835 3833 3589
f 3591 3832 3834
f 3588 3832 3591
f 3588 3588 3832
f 3588 3588 3588
f 3833 3833 3833
f 3589 3830 3587
f 3837 3840 3839
f 3838 3596 3599
f 3599 3838 3838
f 3599 3599 3838
f 3848 3850 3849
f 3849 3850 3850
f 3849 3847 3606
f 3848 3849 3606
f 3848 3606 3606
f 3605 3606 3847
f 3846 3605 3847
f 3604 3605 3846
f 3604 3604 3846
f 3604 3846 3846
f 3607 3607 3607
f 3604 3603 3604
f 3603 3603 3603
f 3844 3843 3845
f 3602 3841 3599
f 3843 3841 3602
f 3843 3844 3841
f 3839 3840 3842
f 3842 3601 3598
f 3842 3842 3598
f 3842 3598 3839
f 3599 3841 3838
f 3604 3603 3603
f 3624 3871 3623
f 3628 3628 3628
f 3629 3628 3628
f 3668 3889 3667
f 3889 3888 3667
f 3667 3888 3666
f 3888 3665 3666
f 3666 3665 3665
f 3665 3664 3665
f 3665 3664 3664
f 3664 3663 3664
f 3664 3663 3663
f 3663 3662 3663
f 3663 3662 3662
f 3662 3661 3662
f 3662 3661 3661
f 3661 3660 3661
f 3661 3660 3660
f 3660 3659 3660
f 3660 3659 3659
f 3659 3658 3659
f 3659 3658 3658
f 3658 3657 3658
f 3658 3657 3657
f 3890 3889 3668
f 3669 3890 3668
f 3891 3890 3669
f 3628 3891 3669
f 3901 3899 3672
f 3901 3672 3900
f 3899 3887 3671
f 3887 3647 3671
f 3640 3882 3898
f 3670 3898 3897
f 3640 3898 3670
f 3640 3640 3898
f 3896 3670 3897
f 3638 3670 3896
f 3657 3657 3657
f 3638 3638 3670
f 3874 3875 3895
f 3894 3873 3895
f 3873 3874 3895
f 3893 3872 3894
f 3872 3873 3894
f 3872 3892 3628
f 3893 3892 3872
f 3893 3893 3892
f 3628 3892 3891
f 3628 3628 3891
f 3880 3638 3896
f 3653 3653 3653
f 3653 3652 3653
f 3653 3652 3652
f 3634 3635 3877
f 3876 3634 3877
f 3876 3633 3634
f 3867 3633 3876
f 3867 3867 3633
f 3633 3867 3632
f 3867 3865 3632
f 3632 3865 3631
f 3865 3863 3631
f 3631 3863 3630
f 3877 3635 3878
f 3863 3861 3630
f 3854 3855 3875
f 3854 3874 3853
f 3875 3874 3854
f 3875 3875 3874
f 3853 3874 3873
f 3611 3853 3873
f 3611 3873 3872
f 3611 3611 3872
f 3611 3872 3629
f 3872 3628 3629
f 3861 3620 3630
f 3833 3830 3589
f 3635 3636 3878
f 3636 3637 3879
f 3652 3651 3652
f 3652 3651 3651
f 3647 3887 3645
f 3645 3887 3886
f 3886 3871 3645
f 3871 3624 3645
f 3868 3885 3622
f 3885 3644 3622
f 3643 3644 3885
f 3884 3643 3885
f 3878 3636 3879
f 3642 3643 3884
f 3641 3642 3883
f 3881 3641 3883
f 3640 3641 3881
f 3640 3640 3881
f 3640 3881 3882
f 3640 3640 3640
f 3638 3638 3638
f 3879 3637 3638
f 3880 3879 3638
f 3880 3638 3638
f 3883 3642 3884
f 3343 3583 3344
f 3833 3833 3830
f 3588 3585 3829
f 3539 3538 3780
f 3780 3538 3778
f 3538 3537 3778
f 3777 3533 3774
f 3777 3537 3533
f 3777 3779 3537
f 3779 3778 3537
f 3773 3777 3773
f 3773 3777 3774
f 3773 3773 3773
f 3769 3775 3770
f 3776 3529 3536
f 3775 3529 3776
f 3775 3769 3529
f 3531 3774 3533
f 3774 3531 3773
f 3531 3530 3773
f 3772 3527 3768
f 3772 3530 3527
f 3772 3773 3530
f 3773 3773 3530
f 3781 3539 3780
f 3540 3539 3781
f 3782 3540 3781
f 3540 3782 3541
f 3785 3786 3786
f 3784 3785 3784
f 3784 3785 3785
f 3784 3784 3784
f 3789 3783 3543
f 3789 3789 3543
f 3789 3543 3543
f 3543 3546 3789
f 3541 3788 3544
f 3788 3782 3787
f 3771 3772 3767
f 3541 3782 3788
f 3782 3786 3787
f 3781 3786 3782
f 3781 3785 3786
f 3780 3785 3781
f 3780 3784 3785
f 3778 3784 3780
f 3784 3778 3784
f 3784 3778 3779
f 3783 3536 3543
f 3776 3536 3783
f 3541 3541 3782
f 3785 3786 3785
f 3767 3772 3768
f 3766 3771 3767
f 3759 3756 3755
f 3755 3756 3756
f 3519 3755 3517
f 3519 3759 3755
f 3519 3758 3759
f 3758 3760 3759
f 3519 3520 3758
f 3516 3753 3518
f 3753 3757 3518
f 3757 3753 3757
f 3757 3753 3754
f 3749 3756 3751
f 3751 3756 3756
f 3749 3755 3756
f 3513 3755 3749
f 3513 3513 3755
f 3513 3517 3755
f 3515 3753 3516
f 3752 3515 3512
f 3754 3515 3752
f 3754 3753 3515
f 3756 3756 3756
f 3757 3757 3757
f 3757 3518 3518
f 3757 3757 3518
f 3766 3766 3766
f 3770 3765 3524
f 3769 3770 3524
f 3769 3524 3528
f 3528 3529 3769
f 3525 3768 3527
f 3768 3525 3767
f 3525 3522 3767
f 3767 3762 3766
f 3522 3762 3767
f 3766 3771 3766
f 3522 3522 3762
f 3766 3762 3763
f 3758 3764 3760
f 3765 3520 3524
f 3764 3520 3765
f 3764 3758 3520
f 3521 3762 3522
f 3761 3521 3518
f 3763 3521 3761
f 3763 3762 3521
f 3757 3761 3518
f 3766 3762 3766
f 3786 3790 3787
f 3786 3790 3786
f 3787 3791 3788
f 3574 3820 3575
f 3819 3820 3574
f 3819 3574 3816
f 3816 3574 3572
f 3818 3814 3570
f 3817 3818 3570
f 3817 3570 3570
f 3570 3573 3817
f 3572 3571 3816
f 3571 3815 3816
f 3815 3571 3813
f 3813 3571 3569
f 3814 3565 3570
f 3810 3565 3814
f 3569 3568 3813
f 3563 3812 3566
f 3811 3812 3563
f 3809 3811 3563
f 3809 3809 3563
f 3809 3563 3563
f 3809 3809 3809
f 3820 3821 3575
f 3575 3821 3577
f 3578 3578 3577
f 3578 3577 3822
f 3588 3588 3829
f 3588 3829 3831
f 3830 3582 3587
f 3827 3582 3830
f 3585 3584 3829
f 3584 3828 3829
f 3828 3584 3826
f 3826 3584 3581
f 3582 3827 3825
f 3582 3582 3825
f 3810 3557 3565
f 3582 3825 3824
f 3581 3823 3826
f 3578 3823 3581
f 3578 3578 3823
f 3578 3578 3578
f 3817 3824 3818
f 3818 3824 3825
f 3579 3824 3573
f 3824 3817 3573
f 3822 3823 3578
f 3822 3577 3821
f 3824 3579 3582
f 3803 3557 3810
f 3562 3809 3563
f 3808 3562 3561
f 3794 3799 3795
f 3797 3798 3793
f 3793 3798 3794
f 3792 3797 3792
f 3792 3797 3793
f 3792 3792 3792
f 3789 3789 3789
f 3796 3546 3551
f 3789 3546 3796
f 3789 3789 3546
f 3798 3799 3794
f 3549 3795 3550
f 3549 3548 3794
f 3794 3548 3793
f 3548 3547 3793
f 3793 3547 3792
f 3547 3544 3792
f 3791 3544 3788
f 3791 3544 3544
f 3791 3792 3544
f 3792 3792 3544
f 3790 3791 3787
f 3795 3549 3794
f 3831 3832 3588
f 3795 3550 3550
f 3799 3800 3550
f 3809 3562 3808
f 3809 3809 3562
f 3560 3808 3561
f 3807 3808 3560
f 3559 3807 3560
f 3806 3807 3559
f 3558 3806 3559
f 3805 3806 3558
f 3554 3805 3558
f 3804 3805 3554
f 3795 3799 3550
f 3802 3804 3554
f 3802 3554 3554
f 3802 3802 3802
f 3803 3551 3557
f 3796 3551 3803
f 3553 3802 3554
f 3801 3553 3552
f 3802 3553 3801
f 3802 3802 3553
f 3550 3801 3552
f 3800 3801 3550
f 3802 3802 3554
f 3343 3339 3580
f 3586 3582 3340
f 3339 3339 3339
f 3150 3382 3149
f 3382 3148 3149
f 3149 3148 3148
f 3148 3148 3148
f 3144 3144 3144
f 3144 3143 3144
f 3144 3143 3143
f 3143 3142 3143
f 3143 3142 3142
f 3383 3382 3150
f 3142 3141 3142
f 3141 3141 3141
f 3381 3381 3381
f 3381 3380 3134
f 3381 3381 3134
f 3381 3134 3134
f 3133 3134 3380
f 3379 3133 3380
f 3132 3133 3379
f 3378 3132 3379
f 3142 3141 3141
f 3383 3384 3384
f 3150 3384 3383
f 3150 3119 3384
f 3166 3392 3165
f 3392 3391 3165
f 3165 3391 3164
f 3391 3390 3164
f 3164 3390 3163
f 3390 3389 3163
f 3163 3389 3162
f 3389 3388 3162
f 3162 3388 3161
f 3388 3160 3161
f 3161 3160 3160
f 3154 3387 3152
f 3152 3387 3387
f 3151 3152 3387
f 3386 3151 3387
f 3386 3371 3151
f 3371 3121 3151
f 3368 3369 3385
f 3384 3119 3385
f 3119 3368 3385
f 3150 3119 3119
f 3131 3132 3378
f 3377 3131 3378
f 3130 3131 3377
f 3376 3130 3377
f 3361 3369 3368
f 3360 3368 3119
f 3112 3360 3119
f 3112 3119 3119
f 3119 3119 3119
f 3367 3367 3367
f 3365 3367 3366
f 3366 3367 3367
f 3366 3364 3116
f 3365 3366 3116
f 3365 3116 3116
f 3115 3116 3364
f 3115 3115 3364
f 3115 3364 3364
f 3115 3115 3115
f 3114 3363 3113
f 3113 3363 3362
f 3362 3359 3113
f 3359 3109 3113
f 3357 3358 3360
f 3358 3361 3360
f 3360 3361 3368
f 3393 3392 3166
f 3363 3114 3120
f 3370 3120 3371
f 3376 3129 3130
f 3367 3129 3376
f 3367 3367 3129
f 3129 3367 3128
f 3367 3365 3128
f 3365 3116 3128
f 3115 3364 3375
f 3127 3375 3374
f 3115 3375 3127
f 3115 3115 3375
f 3126 3127 3374
f 3373 3126 3374
f 3373 3374 3374
f 3373 3372 3126
f 3126 3372 3125
f 3372 3124 3125
f 3125 3124 3124
f 3124 3124 3124
f 3121 3371 3121
f 3121 3371 3371
f 3120 3121 3371
f 3370 3363 3120
f 3393 3394 3395
f 3166 3394 3393
f 3166 3124 3394
f 3427 3194 3428
f 3193 3194 3427
f 3426 3193 3427
f 3192 3193 3426
f 3424 3192 3426
f 3191 3192 3424
f 3423 3191 3424
f 3423 3424 3425
f 3423 3422 3191
f 3191 3422 3190
f 3422 3421 3190
f 3190 3421 3188
f 3188 3421 3189
f 3182 3184 3420
f 3420 3419 3182
f 3182 3419 3181
f 3419 3418 3181
f 3181 3418 3180
f 3418 3416 3180
f 3180 3416 3179
f 3415 3178 3179
f 3194 3195 3428
f 3417 3415 3179
f 3428 3195 3429
f 3429 3196 3430
f 3160 3388 3440
f 3205 3439 3438
f 3160 3439 3205
f 3160 3160 3439
f 3204 3205 3438
f 3437 3204 3438
f 3203 3204 3437
f 3436 3203 3437
f 3202 3203 3436
f 3435 3202 3436
f 3201 3202 3435
f 3434 3201 3435
f 3200 3201 3434
f 3433 3200 3434
f 3580 3339 3339
f 3432 3199 3433
f 3198 3199 3432
f 3431 3198 3432
f 3197 3198 3431
f 3430 3197 3431
f 3196 3197 3430
f 3195 3196 3429
f 3112 3108 3360
f 3417 3179 3416
f 3387 3154 3178
f 3403 3173 3404
f 3172 3173 3403
f 3402 3172 3403
f 3171 3172 3402
f 3401 3171 3402
f 3170 3171 3401
f 3400 3170 3401
f 3169 3170 3400
f 3399 3169 3400
f 3168 3169 3399
f 3398 3168 3399
f 3398 3167 3168
f 3381 3167 3398
f 3381 3381 3167
f 3381 3134 3167
f 3373 3374 3397
f 3396 3372 3397
f 3372 3373 3397
f 3394 3124 3396
f 3124 3372 3396
f 3166 3124 3124
f 3173 3174 3404
f 3415 3387 3178
f 3141 3141 3405
f 3174 3405 3404
f 3383 3384 3414
f 3413 3382 3414
f 3382 3383 3414
f 3412 3148 3413
f 3148 3382 3413
f 3177 3412 3411
f 3148 3412 3177
f 3148 3148 3412
f 3176 3177 3411
f 3410 3176 3411
f 3175 3176 3410
f 3409 3175 3410
f 3408 3175 3409
f 3144 3175 3408
f 3144 3144 3175
f 3407 3143 3408
f 3143 3144 3408
f 3406 3142 3407
f 3142 3143 3407
f 3405 3141 3406
f 3141 3142 3406
f 3141 3405 3174
f 3439 3160 3440
f 3360 3108 3357
f 3356 3105 3359
f 3305 3305 3305
f 3306 3042 3046
f 3301 3042 3306
f 3044 3305 3045
f 3304 3044 3043
f 3305 3044 3304
f 3305 3305 3044
f 3041 3304 3043
f 3303 3304 3041
f 3305 3305 3307
f 3302 3303 3041
f 3299 3041 3041
f 3298 3302 3298
f 3298 3302 3299
f 3298 3298 3298
f 3294 3038 3300
f 3300 3038 3038
f 3038 3042 3300
f 3042 3301 3300
f 3040 3299 3041
f 3299 3302 3041
f 3305 3307 3045
f 3045 3307 3047
f 3306 3046 3308
f 3056 3317 3057
f 3316 3317 3056
f 3055 3316 3056
f 3315 3316 3055
f 3052 3315 3055
f 3312 3315 3052
f 3312 3052 3312
f 3312 3052 3052
f 3314 3308 3049
f 3313 3314 3049
f 3313 3049 3053
f 3053 3054 3313
f 3052 3051 3312
f 3051 3311 3312
f 3050 3311 3051
f 3310 3311 3050
f 3047 3310 3050
f 3309 3310 3047
f 3309 3047 3307
f 3307 3047 3047
f 3308 3046 3049
f 3299 3040 3298
f 3040 3039 3298
f 3297 3039 3037
f 3298 3039 3297
f 3286 3032 3029
f 3286 3287 3032
f 3287 3287 3032
f 3282 3286 3282
f 3282 3286 3283
f 3282 3282 3282
f 3281 3281 3281
f 3030 3281 3028
f 3030 3281 3281
f 3030 3284 3281
f 3284 3285 3281
f 3030 3031 3284
f 3027 3283 3029
f 3283 3280 3282
f 3027 3280 3283
f 3027 3027 3280
f 3282 3280 3279
f 3282 3282 3279
f 3282 3279 3279
f 3279 3279 3279
f 3281 3277 3024
f 3286 3029 3283
f 3057 3317 3318
f 3032 3287 3033
f 3288 3031 3289
f 3298 3298 3039
f 3296 3297 3037
f 3293 3296 3037
f 3293 3037 3037
f 3295 3296 3291
f 3291 3296 3293
f 3292 3295 3291
f 3294 3034 3038
f 3289 3034 3294
f 3036 3293 3037
f 3293 3036 3291
f 3036 3035 3291
f 3290 3035 3033
f 3292 3035 3290
f 3292 3291 3035
f 3287 3290 3033
f 3287 3287 3033
f 3287 3033 3033
f 3287 3287 3287
f 3284 3288 3285
f 3289 3031 3034
f 3288 3284 3031
f 3058 3057 3318
f 3319 3313 3054
f 3319 3054 3320
f 3349 3349 3345
f 3347 3348 3346
f 3342 3346 3093
f 3344 3346 3342
f 3344 3347 3346
f 3341 3342 3093
f 3092 3341 3093
f 3092 3093 3093
f 3341 3092 3088
f 3345 3084 3089
f 3340 3084 3345
f 3343 3344 3342
f 3341 3339 3342
f 3339 3343 3342
f 3338 3339 3339
f 3338 3339 3341
f 3338 3341 3087
f 3087 3341 3088
f 3338 3087 3083
f 3340 3080 3084
f 3337 3080 3340
f 3349 3345 3094
f 3336 3339 3338
f 3094 3345 3089
f 3093 3093 3093
f 3353 3354 3357
f 3354 3358 3357
f 3108 3103 3357
f 3357 3103 3353
f 3105 3356 3104
f 3104 3356 3355
f 3355 3352 3104
f 3352 3100 3104
f 3350 3351 3353
f 3351 3354 3353
f 3103 3098 3353
f 3353 3098 3350
f 3100 3352 3349
f 3099 3100 3349
f 3099 3349 3349
f 3349 3094 3099
f 3346 3348 3350
f 3348 3351 3350
f 3093 3346 3350
f 3093 3093 3350
f 3093 3350 3098
f 3349 3349 3349
f 3359 3105 3109
f 3078 3336 3336
f 3078 3338 3078
f 3064 3069 3329
f 3068 3067 3328
f 3067 3327 3328
f 3327 3067 3065
f 3325 3327 3065
f 3325 3065 3323
f 3323 3065 3063
f 3326 3059 3064
f 3320 3059 3326
f 3324 3325 3323
f 3324 3062 3322
f 3323 3062 3324
f 3323 3063 3062
f 3060 3322 3062
f 3321 3322 3060
f 3058 3321 3060
f 3318 3321 3058
f 3318 3058 3318
f 3318 3058 3058
f 3313 3319 3314
f 3320 3054 3059
f 3329 3064 3064
f 3078 3336 3338
f 3329 3330 3064
f 3328 3071 3068
f 3078 3338 3083
f 3078 3078 3078
f 3337 3076 3080
f 3334 3076 3337
f 3335 3336 3078
f 3074 3333 3335
f 3074 3335 3078
f 3074 3078 3074
f 3074 3078 3078
f 3074 3074 3074
f 3076 3334 3330
f 3076 3076 3330
f 3076 3330 3329
f 3329 3069 3076
f 3332 3333 3074
f 3332 3073 3331
f 3074 3073 3332
f 3074 3074 3073
f 3071 3331 3073
f 3328 3331 3071
f 3328 3071 3328
f 3330 3326 3064
f 3388 3389 3441
f 3199 3200 3433
f 3389 3390 3442
f 3536 3529 3294
f 3535 3536 3294
f 3535 3294 3300
f 3300 3301 3535
f 3297 3534 3298
f 3534 3297 3532
f 3297 3296 3532
f 3531 3296 3295
f 3533 3296 3531
f 3533 3537 3532
f 3533 3532 3296
f 3526 3530 3295
f 3526 3295 3292
f 3527 3530 3526
f 3523 3528 3524
f 3529 3289 3294
f 3528 3289 3529
f 3528 3523 3289
f 3290 3526 3292
f 3525 3290 3287
f 3530 3531 3295
f 3532 3538 3534
f 3537 3538 3532
f 3534 3298 3298
f 3545 3542 3544
f 3305 3542 3545
f 3305 3305 3542
f 3544 3542 3541
f 3544 3544 3541
f 3544 3541 3541
f 3541 3541 3541
f 3535 3543 3536
f 3536 3543 3543
f 3306 3543 3301
f 3543 3535 3301
f 3304 3542 3305
f 3542 3304 3541
f 3304 3303 3541
f 3540 3303 3302
f 3541 3303 3540
f 3541 3541 3303
f 3298 3540 3302
f 3539 3540 3298
f 3538 3539 3298
f 3534 3538 3298
f 3527 3290 3525
f 3527 3526 3290
f 3522 3525 3287
f 3522 3522 3287
f 3513 3513 3277
f 3279 3278 3516
f 3278 3515 3516
f 3512 3515 3278
f 3512 3512 3278
f 3512 3278 3275
f 3512 3512 3512
f 3440 3388 3441
f 3514 3271 3271
f 3276 3514 3271
f 3513 3514 3276
f 3513 3513 3514
f 3276 3277 3513
f 3273 3512 3275
f 3511 3270 3507
f 3511 3273 3270
f 3511 3512 3273
f 3512 3512 3273
f 3508 3511 3507
f 3505 3505 3505
f 3272 3509 3505
f 3513 3277 3517
f 3305 3545 3307
f 3517 3277 3281
f 3279 3518 3518
f 3522 3287 3287
f 3522 3522 3522
f 3524 3520 3285
f 3523 3524 3285
f 3523 3285 3288
f 3288 3289 3523
f 3286 3522 3287
f 3521 3286 3282
f 3522 3286 3521
f 3522 3522 3286
f 3518 3521 3282
f 3518 3518 3282
f 3518 3282 3282
f 3518 3518 3518
f 3517 3281 3519
f 3519 3281 3281
f 3281 3285 3519
f 3285 3520 3519
f 3279 3518 3282
f 3279 3516 3518
f 3279 3279 3518
f 3513 3513 3513
f 3268 3272 3505
f 3543 3543 3306
f 3546 3306 3308
f 3570 3570 3330
f 3333 3332 3572
f 3332 3571 3572
f 3571 3332 3331
f 3569 3571 3331
f 3569 3331 3567
f 3331 3328 3567
f 3567 3328 3328
f 3328 3328 3328
f 3570 3330 3573
f 3564 3570 3565
f 3330 3570 3326
f 3570 3564 3326
f 3568 3569 3567
f 3328 3566 3567
f 3566 3568 3567
f 3566 3327 3563
f 3328 3327 3566
f 3328 3328 3327
f 3563 3327 3563
f 3565 3570 3570
f 3573 3330 3334
f 3570 3570 3570
f 3572 3335 3333
f 3582 3582 3582
f 3340 3579 3337
f 3582 3579 3340
f 3582 3582 3579
f 3578 3581 3580
f 3576 3580 3339
f 3578 3580 3576
f 3578 3578 3580
f 3336 3576 3339
f 3336 3336 3339
f 3336 3339 3339
f 3336 3336 3336
f 3579 3334 3337
f 3573 3334 3579
f 3577 3578 3576
f 3336 3575 3576
f 3575 3577 3576
f 3575 3335 3574
f 3336 3335 3575
f 3336 3336 3335
f 3574 3335 3572
f 3563 3327 3325
f 3556 3564 3557
f 3557 3564 3565
f 3326 3564 3320
f 3312 3553 3315
f 3552 3553 3312
f 3550 3552 3312
f 3550 3550 3312
f 3550 3312 3312
f 3550 3550 3550
f 3551 3308 3314
f 3546 3308 3551
f 3311 3550 3312
f 3549 3311 3310
f 3550 3311 3549
f 3550 3550 3311
f 3309 3549 3310
f 3548 3549 3309
f 3547 3548 3309
f 3545 3547 3309
f 3545 3309 3307
f 3544 3547 3544
f 3544 3547 3545
f 3544 3544 3544
f 3543 3543 3543
f 3554 3554 3316
f 3543 3306 3546
f 3554 3316 3553
f 3317 3316 3554
f 3564 3556 3320
f 3325 3324 3563
f 3324 3562 3563
f 3322 3562 3324
f 3561 3562 3322
f 3321 3561 3322
f 3560 3561 3321
f 3318 3560 3321
f 3559 3560 3318
f 3558 3559 3318
f 3555 3558 3318
f 3555 3318 3318
f 3554 3558 3554
f 3554 3558 3555
f 3554 3554 3554
f 3557 3551 3314
f 3556 3557 3314
f 3556 3314 3319
f 3319 3320 3556
f 3317 3555 3318
f 3555 3317 3554
f 3553 3316 3315
f 3268 3505 3505
f 3510 3271 3514
f 3271 3510 3509
f 3467 3467 3222
f 3226 3225 3472
f 3225 3471 3472
f 3224 3471 3225
f 3470 3471 3224
f 3223 3470 3224
f 3469 3470 3223
f 3469 3223 3466
f 3466 3223 3220
f 3467 3222 3473
f 3458 3458 3458
f 3457 3458 3458
f 3221 3457 3211
f 3221 3468 3457
f 3221 3467 3468
f 3467 3467 3468
f 3221 3222 3467
f 3220 3219 3466
f 3219 3465 3466
f 3218 3465 3219
f 3468 3458 3457
f 3473 3222 3228
f 3467 3467 3467
f 3472 3229 3226
f 3238 3481 3482
f 3479 3481 3238
f 3479 3479 3238
f 3479 3238 3235
f 3479 3479 3479
f 3480 3234 3237
f 3478 3234 3480
f 3272 3271 3509
f 3232 3479 3235
f 3232 3477 3479
f 3232 3232 3479
f 3232 3479 3479
f 3478 3228 3234
f 3473 3228 3478
f 3232 3231 3477
f 3231 3476 3477
f 3230 3476 3231
f 3475 3476 3230
f 3229 3475 3230
f 3474 3475 3229
f 3474 3229 3472
f 3464 3465 3218
f 3239 3238 3482
f 3217 3464 3218
f 3216 3463 3217
f 3206 3207 3451
f 3450 3206 3451
f 3449 3206 3450
f 3420 3206 3449
f 3420 3184 3206
f 3448 3419 3449
f 3419 3420 3449
f 3447 3418 3448
f 3418 3419 3448
f 3451 3207 3452
f 3446 3416 3447
f 3417 3416 3446
f 3393 3395 3445
f 3444 3392 3445
f 3392 3393 3445
f 3443 3391 3444
f 3391 3392 3444
f 3442 3390 3443
f 3390 3391 3443
f 3441 3389 3442
f 3416 3418 3447
f 3207 3208 3452
f 3452 3208 3453
f 3208 3209 3453
f 3462 3463 3216
f 3215 3462 3216
f 3461 3462 3215
f 3214 3461 3215
f 3460 3461 3214
f 3213 3460 3214
f 3459 3460 3213
f 3212 3459 3213
f 3458 3459 3212
f 3458 3458 3459
f 3458 3212 3457
f 3212 3210 3457
f 3210 3211 3457
f 3423 3425 3456
f 3455 3422 3456
f 3422 3423 3456
f 3454 3421 3455
f 3421 3422 3455
f 3209 3454 3453
f 3189 3454 3209
f 3189 3421 3454
f 3463 3464 3217
f 3480 3237 3483
f 10241 10090 10077
f 3501 3503 3263
f 3501 3259 3500
f 3488 3247 3247
f 3490 3247 3488
f 3490 3491 3247
f 3247 3491 3250
f 3501 3501 3259
f 3250 3491 3492
f 3251 3250 3492
f 3489 3249 3493
f 3493 3249 3253
f 3492 3494 3251
f 3494 3254 3251
f 3255 3256 3495
f 3495 3253 3255
f 3500 3257 3498
f 3498 3257 3257
f 3495 3499 3496
f 3483 3237 3241
f 3254 3497 3498
f 3497 3254 3494
f 3267 3268 3505
f 3258 3499 3256
f 3505 3262 3267
f 3486 3486 3486
f 3264 3504 3265
f 3504 3264 3503
f 3504 3504 3264
f 3494 3254 3254
f 3496 3493 3253
f 3495 3496 3253
f 3496 3499 3499
f 3503 3264 3263
f 3489 3245 3249
f 3486 3245 3489
f 3486 3486 3245
f 3504 3504 3265
f 3499 3499 3499
f 3504 3506 3265
f 3508 3507 3269
f 3501 3501 3501
f 3508 3269 3506
f 3504 3265 3265
f 3506 3269 3265
f 3243 3242 3485
f 3501 3263 3260
f 3242 3484 3485
f 3501 3501 3263
f 3484 3242 3482
f 3482 3242 3239
f 3269 3507 3270
f 3257 3254 3498
f 3502 3258 3262
f 3486 3486 3483
f 3500 3259 3257
f 3247 3246 3488
f 3246 3487 3488
f 3487 3246 3485
f 3485 3246 3243
f 3504 3504 3504
f 3505 3505 3262
f 3245 3483 3241
f 3259 3501 3260
f 3486 3483 3245
f 3499 3499 3258
f 3499 3258 3502
f 3505 3502 3262
f 3486 3486 3486
f 3499 3495 3256

