# https://github.com/mikedh/trimesh

o DBT1_0002_FDI_13.obj
v -21.86028290 -53.09999847 -35.40000153
v -21.89999962 -52.96578979 -35.40000153
v -21.89999962 -53.09999847 -35.09999847
v -21.82837677 -53.09999847 -35.70000076
v -21.89999962 -52.79999924 -35.70000076
v -21.81507301 -53.09999847 -36.00000000
v -21.89999962 -52.79999924 -36.00000000
v -21.81121254 -53.09999847 -36.29999924
v -21.89999962 -52.79999924 -36.29999924
v -21.81170464 -53.09999847 -36.59999847
v -21.89999962 -52.79999924 -36.59999847
v -21.81436348 -53.09999847 -36.90000153
v -21.89999962 -52.79999924 -36.90000153
v -21.81866264 -53.09999847 -37.20000076
v -21.89999962 -52.79999924 -37.20000076
v -21.82753181 -53.09999847 -37.50000000
v -21.89999962 -52.79999924 -37.50000000
v -21.84910583 -53.09999847 -37.79999924
v -21.89999962 -52.93637848 -37.79999924
v -21.87226295 -53.09999847 -38.09999847
v -21.89999962 -53.01973724 -38.09999847
v -21.88877869 -53.09999847 -38.40000153
v -21.89999962 -53.06896210 -38.40000153
v -21.89999962 -53.09999847 -38.70000076
v -21.85626602 -53.40000153 -35.09999847
v -21.89999962 -53.40000153 -34.87472153
v -21.81437302 -53.40000153 -35.40000153
v -21.78573799 -53.40000153 -35.70000076
v -21.76847839 -53.40000153 -36.00000000
v -21.76063728 -53.40000153 -36.29999924
v -21.75898933 -53.40000153 -36.59999847
v -21.76108551 -53.40000153 -36.90000153
v -21.76601601 -53.40000153 -37.20000076
v -21.77434731 -53.40000153 -37.50000000
v -21.78640366 -53.40000153 -37.79999924
v -21.80182266 -53.40000153 -38.09999847
v -21.82049561 -53.40000153 -38.40000153
v -21.84870338 -53.40000153 -38.70000076
v -21.89999962 -53.40000153 -39.00000000
v -21.89530373 -53.70000076 -34.79999924
v -21.89999962 -53.62731171 -34.79999924
v -21.89999962 -53.70000076 -34.77951050
v -21.84089279 -53.70000076 -35.09999847
v -21.79969406 -53.70000076 -35.40000153
v -21.77017784 -53.70000076 -35.70000076
v -21.75037384 -53.70000076 -36.00000000
v -21.73882675 -53.70000076 -36.29999924
v -21.73353195 -53.70000076 -36.59999847
v -21.73262978 -53.70000076 -36.90000153
v -21.73498154 -53.70000076 -37.20000076
v -21.74000359 -53.70000076 -37.50000000
v -21.74757004 -53.70000076 -37.79999924
v -21.75909233 -53.70000076 -38.09999847
v -21.77662277 -53.70000076 -38.40000153
v -21.80196381 -53.70000076 -38.70000076
v -21.83245659 -53.70000076 -39.00000000
v -21.86066246 -53.70000076 -39.29999924
v -21.89999962 -53.54360580 -39.29999924
v -21.88746834 -53.70000076 -39.59999847
v -21.89999962 -53.65576935 -39.59999847
v -21.89999962 -53.70000076 -39.73783493
v -21.89999962 -54.00000000 -34.79999924
v -21.85056496 -54.00000000 -35.09999847
v -21.81093979 -54.00000000 -35.40000153
v -21.78006363 -54.00000000 -35.70000076
v -21.75692368 -54.00000000 -36.00000000
v -21.74072647 -54.00000000 -36.29999924
v -21.73019409 -54.00000000 -36.59999847
v -21.72440529 -54.00000000 -36.90000153
v -21.72258568 -54.00000000 -37.20000076
v -21.72397804 -54.00000000 -37.50000000
v -21.72838974 -54.00000000 -37.79999924
v -21.73662758 -54.00000000 -38.09999847
v -21.74958992 -54.00000000 -38.40000153
v -21.76667023 -54.00000000 -38.70000076
v -21.78529739 -54.00000000 -39.00000000
v -21.80403709 -54.00000000 -39.29999924
v -21.82239723 -54.00000000 -39.59999847
v -21.84163475 -54.00000000 -39.90000153
v -21.89999962 -53.75935364 -39.90000153
v -21.86251450 -54.00000000 -40.20000076
v -21.89999962 -53.86277771 -40.20000076
v -21.88272476 -54.00000000 -40.50000000
v -21.89999962 -53.94715881 -40.50000000
v -21.89999962 -54.00000000 -40.79999924
v -21.88455582 -54.29999924 -35.09999847
v -21.89999962 -54.29999924 -35.00827408
v -21.84523964 -54.29999924 -35.40000153
v -21.81246567 -54.29999924 -35.70000076
v -21.78512383 -54.29999924 -36.00000000
v -21.76267624 -54.29999924 -36.29999924
v -21.74504852 -54.29999924 -36.59999847
v -21.73315430 -54.29999924 -36.90000153
v -21.72671318 -54.29999924 -37.20000076
v -21.72466660 -54.29999924 -37.50000000
v -21.72623062 -54.29999924 -37.79999924
v -21.73101997 -54.29999924 -38.09999847
v -21.73855209 -54.29999924 -38.40000153
v -21.74778557 -54.29999924 -38.70000076
v -21.75761986 -54.29999924 -39.00000000
v -21.76781273 -54.29999924 -39.29999924
v -21.77844048 -54.29999924 -39.59999847
v -21.78995514 -54.29999924 -39.90000153
v -21.80239105 -54.29999924 -40.20000076
v -21.81590462 -54.29999924 -40.50000000
v -21.83423233 -54.29999924 -40.79999924
v -21.86571884 -54.29999924 -41.09999847
v -21.89999962 -54.18575668 -41.09999847
v -21.89999962 -54.29999924 -41.40000153
v -21.89999962 -54.38818741 -35.09999847
v -21.89999962 -54.59999847 -35.40000153
v -21.86370277 -54.59999847 -35.70000076
v -21.83282089 -54.59999847 -36.00000000
v -21.80097771 -54.59999847 -36.29999924
v -21.77479553 -54.59999847 -36.59999847
v -21.75693321 -54.59999847 -36.90000153
v -21.74634361 -54.59999847 -37.20000076
v -21.74123764 -54.59999847 -37.50000000
v -21.74016571 -54.59999847 -37.79999924
v -21.74164581 -54.59999847 -38.09999847
v -21.74426460 -54.59999847 -38.40000153
v -21.74702835 -54.59999847 -38.70000076
v -21.74966240 -54.59999847 -39.00000000
v -21.75251961 -54.59999847 -39.29999924
v -21.75614738 -54.59999847 -39.59999847
v -21.76098824 -54.59999847 -39.90000153
v -21.76737785 -54.59999847 -40.20000076
v -21.77630424 -54.59999847 -40.50000000
v -21.78963852 -54.59999847 -40.79999924
v -21.80809784 -54.59999847 -41.09999847
v -21.83110619 -54.59999847 -41.40000153
v -21.85749245 -54.59999847 -41.70000076
v -21.89999962 -54.44863129 -41.70000076
v -21.88077927 -54.59999847 -42.00000000
v -21.89999962 -54.53997040 -42.00000000
v -21.89999962 -54.59999847 -42.29999924
v -21.89999962 -54.76938248 -35.70000076
v -21.89999962 -54.90000153 -36.00000000
v -21.84963036 -54.90000153 -36.29999924
v -21.81707954 -54.90000153 -36.59999847
v -21.79547691 -54.90000153 -36.90000153
v -21.78163528 -54.90000153 -37.20000076
v -21.77408600 -54.90000153 -37.50000000
v -21.77083778 -54.90000153 -37.79999924
v -21.76935768 -54.90000153 -38.09999847
v -21.76773453 -54.90000153 -38.40000153
v -21.76513863 -54.90000153 -38.70000076
v -21.76179695 -54.90000153 -39.00000000
v -21.75861549 -54.90000153 -39.29999924
v -21.75648499 -54.90000153 -39.59999847
v -21.75605202 -54.90000153 -39.90000153
v -21.75765228 -54.90000153 -40.20000076
v -21.76170731 -54.90000153 -40.50000000
v -21.76864433 -54.90000153 -40.79999924
v -21.77859879 -54.90000153 -41.09999847
v -21.79216385 -54.90000153 -41.40000153
v -21.80920792 -54.90000153 -41.70000076
v -21.82969666 -54.90000153 -42.00000000
v -21.85674286 -54.90000153 -42.29999924
v -21.89999962 -54.90000153 -42.59999847
v -21.89999962 -55.20000076 -36.29999924
v -21.87409401 -55.20000076 -36.59999847
v -21.85077095 -55.20000076 -36.90000153
v -21.83278465 -55.20000076 -37.20000076
v -21.82416534 -55.20000076 -37.50000000
v -21.81937027 -55.20000076 -37.79999924
v -21.81489182 -55.20000076 -38.09999847
v -21.80928612 -55.20000076 -38.40000153
v -21.80209923 -55.20000076 -38.70000076
v -21.79383087 -55.20000076 -39.00000000
v -21.78598213 -55.20000076 -39.29999924
v -21.77974510 -55.20000076 -39.59999847
v -21.77549171 -55.20000076 -39.90000153
v -21.77298164 -55.20000076 -40.20000076
v -21.77200317 -55.20000076 -40.50000000
v -21.77263260 -55.20000076 -40.79999924
v -21.77552223 -55.20000076 -41.09999847
v -21.78213120 -55.20000076 -41.40000153
v -21.79429626 -55.20000076 -41.70000076
v -21.81403542 -55.20000076 -42.00000000
v -21.84349632 -55.20000076 -42.29999924
v -21.88546371 -55.20000076 -42.59999847
v -21.89999962 -55.20000076 -42.68276978
v -21.89999962 -55.29673767 -36.59999847
v -21.89999962 -55.39596939 -36.90000153
v -21.89999962 -55.50000000 -37.20000076
v -21.89381981 -55.50000000 -37.50000000
v -21.88672829 -55.50000000 -37.79999924
v -21.87807465 -55.50000000 -38.09999847
v -21.86838722 -55.50000000 -38.40000153
v -21.85744286 -55.50000000 -38.70000076
v -21.84528351 -55.50000000 -39.00000000
v -21.83359528 -55.50000000 -39.29999924
v -21.82540131 -55.50000000 -39.59999847
v -21.81853294 -55.50000000 -39.90000153
v -21.81198883 -55.50000000 -40.20000076
v -21.80567360 -55.50000000 -40.50000000
v -21.80023003 -55.50000000 -40.79999924
v -21.79717445 -55.50000000 -41.09999847
v -21.79870224 -55.50000000 -41.40000153
v -21.80756569 -55.50000000 -41.70000076
v -21.82652283 -55.50000000 -42.00000000
v -21.85737610 -55.50000000 -42.29999924
v -21.89999962 -55.50000000 -42.59999847
v -21.89999962 -55.52019501 -37.50000000
v -21.89999962 -55.54720306 -37.79999924
v -21.89999962 -55.58315659 -38.09999847
v -21.89999962 -55.62538528 -38.40000153
v -21.89999962 -55.67384338 -38.70000076
v -21.89999962 -55.73097992 -39.00000000
v -21.89999962 -55.79999924 -39.29999924
v -21.89325714 -55.79999924 -39.59999847
v -21.88383102 -55.79999924 -39.90000153
v -21.87217903 -55.79999924 -40.20000076
v -21.85953140 -55.79999924 -40.50000000
v -21.84808540 -55.79999924 -40.79999924
v -21.84038353 -55.79999924 -41.09999847
v -21.83847809 -55.79999924 -41.40000153
v -21.84415054 -55.79999924 -41.70000076
v -21.86149597 -55.79999924 -42.00000000
v -21.89317131 -55.79999924 -42.29999924
v -21.89999962 -55.79999924 -42.34593582
v -21.89999962 -55.82268524 -39.59999847
v -21.89999962 -55.85749054 -39.90000153
v -21.89999962 -55.90744400 -40.20000076
v -21.89999962 -55.97233200 -40.50000000
v -21.89999962 -56.03879166 -40.79999924
v -21.89999962 -56.08608246 -41.09999847
v -21.89999962 -56.09999847 -41.40000153
v -21.89999962 -56.09323120 -41.70000076
v -21.89999962 -56.01431656 -42.00000000
v -21.89999962 -55.83878708 -42.29999924
v -22.17604446 -52.50000000 -34.79999924
v -22.20000076 -52.46233749 -34.79999924
v -22.20000076 -52.50000000 -34.50000000
v -22.14687729 -52.50000000 -35.09999847
v -22.20000076 -52.41542053 -35.09999847
v -22.11304855 -52.50000000 -35.40000153
v -22.20000076 -52.36648941 -35.40000153
v -22.08440781 -52.50000000 -35.70000076
v -22.20000076 -52.33081436 -35.70000076
v -22.07240677 -52.50000000 -36.00000000
v -22.20000076 -52.31422424 -36.00000000
v -22.06736183 -52.50000000 -36.29999924
v -22.20000076 -52.30939484 -36.29999924
v -22.06000137 -52.50000000 -36.59999847
v -22.20000076 -52.29875946 -36.59999847
v -22.04796791 -52.50000000 -36.90000153
v -22.20000076 -52.26536179 -36.90000153
v -22.04125786 -52.50000000 -37.20000076
v -22.20000076 -52.20000076 -37.20000076
v -22.06073761 -52.50000000 -37.50000000
v -22.20000076 -52.27912903 -37.50000000
v -22.09741974 -52.50000000 -37.79999924
v -22.20000076 -52.33988953 -37.79999924
v -22.13219452 -52.50000000 -38.09999847
v -22.20000076 -52.39159775 -38.09999847
v -22.16070557 -52.50000000 -38.40000153
v -22.20000076 -52.43706894 -38.40000153
v -22.18260193 -52.50000000 -38.70000076
v -22.20000076 -52.47293854 -38.70000076
v -22.20000076 -52.50000000 -39.00000000
v -22.19628716 -52.79999924 -34.20000076
v -22.20000076 -52.79146957 -34.20000076
v -22.20000076 -52.79999924 -34.18980026
v -22.10572624 -52.79999924 -34.50000000
v -22.04837990 -52.79999924 -34.79999924
v -22.00112343 -52.79999924 -35.09999847
v -21.95490265 -52.79999924 -35.40000153
v -21.94637489 -52.79999924 -37.79999924
v -21.98062515 -52.79999924 -38.09999847
v -22.00490379 -52.79999924 -38.40000153
v -22.03086853 -52.79999924 -38.70000076
v -22.07826996 -52.79999924 -39.00000000
v -22.15177345 -52.79999924 -39.29999924
v -22.20000076 -52.70482635 -39.29999924
v -22.20000076 -52.79999924 -39.48935699
v -22.11251259 -53.09999847 -34.20000076
v -22.20000076 -53.09999847 -33.90000153
v -22.03345490 -53.09999847 -34.50000000
v -21.96344376 -53.09999847 -34.79999924
v -21.97050285 -53.09999847 -39.00000000
v -22.03142357 -53.09999847 -39.29999924
v -22.08749008 -53.09999847 -39.59999847
v -22.20000076 -52.85893631 -39.59999847
v -22.13706589 -53.09999847 -39.90000153
v -22.20000076 -52.97750092 -39.90000153
v -22.17455292 -53.09999847 -40.20000076
v -22.20000076 -53.05463791 -40.20000076
v -22.20000076 -53.09999847 -40.50000000
v -22.14835358 -53.40000153 -33.90000153
v -22.20000076 -53.40000153 -33.73136139
v -22.06414223 -53.40000153 -34.20000076
v -21.98579597 -53.40000153 -34.50000000
v -21.91497040 -53.40000153 -34.79999924
v -21.93719292 -53.40000153 -39.29999924
v -21.97496223 -53.40000153 -39.59999847
v -22.01155281 -53.40000153 -39.90000153
v -22.04909897 -53.40000153 -40.20000076
v -22.10193825 -53.40000153 -40.50000000
v -22.20000076 -53.40000153 -40.79999924
v -22.12819481 -53.70000076 -33.90000153
v -22.20000076 -53.70000076 -33.66350937
v -22.04319191 -53.70000076 -34.20000076
v -21.96437454 -53.70000076 -34.50000000
v -21.91493607 -53.70000076 -39.90000153
v -21.94613647 -53.70000076 -40.20000076
v -21.98610115 -53.70000076 -40.50000000
v -22.03735924 -53.70000076 -40.79999924
v -22.09361839 -53.70000076 -41.09999847
v -22.20000076 -53.49041748 -41.09999847
v -22.15406418 -53.70000076 -41.40000153
v -22.20000076 -53.60702515 -41.40000153
v -22.20000076 -53.70000076 -41.60424423
v -22.13428116 -54.00000000 -33.90000153
v -22.20000076 -54.00000000 -33.69565964
v -22.04701233 -54.00000000 -34.20000076
v -21.96878624 -54.00000000 -34.50000000
v -21.96012306 -54.00000000 -41.09999847
v -22.01581192 -54.00000000 -41.40000153
v -22.07018471 -54.00000000 -41.70000076
v -22.20000076 -53.74234390 -41.70000076
v -22.12033844 -54.00000000 -42.00000000
v -22.20000076 -53.85498428 -42.00000000
v -22.16358376 -54.00000000 -42.29999924
v -22.20000076 -53.93386459 -42.29999924
v -22.20000076 -54.00000000 -42.59999847
v -22.16039848 -54.29999924 -33.90000153
v -22.20000076 -54.29999924 -33.78967667
v -22.07326889 -54.29999924 -34.20000076
v -21.99880409 -54.29999924 -34.50000000
v -21.93503571 -54.29999924 -34.79999924
v -21.94417763 -54.29999924 -41.70000076
v -21.98181343 -54.29999924 -42.00000000
v -22.01970482 -54.29999924 -42.29999924
v -22.06854439 -54.29999924 -42.59999847
v -22.12231445 -54.29999924 -42.90000153
v -22.20000076 -54.11296082 -42.90000153
v -22.17409325 -54.29999924 -43.20000076
v -22.20000076 -54.23381042 -43.20000076
v -22.20000076 -54.29999924 -43.36590576
v -22.20000076 -54.59999847 -33.90000153
v -22.12179184 -54.59999847 -34.20000076
v -22.04958153 -54.59999847 -34.50000000
v -21.98707199 -54.59999847 -34.79999924
v -21.93691635 -54.59999847 -35.09999847
v -21.96349335 -54.59999847 -42.59999847
v -22.02518463 -54.59999847 -42.90000153
v -22.08096695 -54.59999847 -43.20000076
v -22.12893867 -54.59999847 -43.50000000
v -22.20000076 -54.36639786 -43.50000000
v -22.16828728 -54.59999847 -43.79999924
v -22.20000076 -54.49629593 -43.79999924
v -22.20000076 -54.59999847 -44.09999847
v -22.20000076 -54.90000153 -34.20000076
v -22.11629295 -54.90000153 -34.50000000
v -22.05108261 -54.90000153 -34.79999924
v -22.00062180 -54.90000153 -35.09999847
v -21.96129417 -54.90000153 -35.40000153
v -21.92794991 -54.90000153 -35.70000076
v -21.96188736 -54.90000153 -42.90000153
v -22.01859283 -54.90000153 -43.20000076
v -22.06670952 -54.90000153 -43.50000000
v -22.10575485 -54.90000153 -43.79999924
v -22.13787460 -54.90000153 -44.09999847
v -22.16837692 -54.90000153 -44.40000153
v -22.20000076 -54.75635910 -44.40000153
v -22.20000076 -54.90000153 -44.70000076
v -22.19383049 -55.20000076 -34.50000000
v -22.20000076 -55.20000076 -34.47898102
v -22.12273026 -55.20000076 -34.79999924
v -22.07696724 -55.20000076 -35.09999847
v -22.03895760 -55.20000076 -35.40000153
v -22.00032425 -55.20000076 -35.70000076
v -21.95605469 -55.20000076 -36.00000000
v -21.93826675 -55.20000076 -42.90000153
v -21.99115944 -55.20000076 -43.20000076
v -22.03753281 -55.20000076 -43.50000000
v -22.07542038 -55.20000076 -43.79999924
v -22.10647583 -55.20000076 -44.09999847
v -22.13413811 -55.20000076 -44.40000153
v -22.16373062 -55.20000076 -44.70000076
v -22.20000076 -55.20000076 -44.99094391
v -22.20000076 -55.21977615 -34.50000000
v -22.20000076 -55.50000000 -34.79999924
v -22.17228889 -55.50000000 -35.09999847
v -22.13594437 -55.50000000 -35.40000153
v -22.09016037 -55.50000000 -35.70000076
v -22.04036903 -55.50000000 -36.00000000
v -21.99248695 -55.50000000 -36.29999924
v -21.95640373 -55.50000000 -36.59999847
v -21.92720985 -55.50000000 -36.90000153
v -21.94966698 -55.50000000 -42.90000153
v -21.99947548 -55.50000000 -43.20000076
v -22.04301834 -55.50000000 -43.50000000
v -22.07808876 -55.50000000 -43.79999924
v -22.10715675 -55.50000000 -44.09999847
v -22.13280869 -55.50000000 -44.40000153
v -22.15730095 -55.50000000 -44.70000076
v -22.18758965 -55.50000000 -45.00000000
v -22.20000076 -55.22489548 -45.00000000
v -22.20000076 -55.50000000 -45.06798172
v -22.20000076 -55.56428528 -35.09999847
v -22.20000076 -55.66035843 -35.40000153
v -22.20000076 -55.79999924 -35.70000076
v -22.14515877 -55.79999924 -36.00000000
v -22.09387970 -55.79999924 -36.29999924
v -22.05893707 -55.79999924 -36.59999847
v -22.03116035 -55.79999924 -36.90000153
v -22.00660896 -55.79999924 -37.20000076
v -21.98771858 -55.79999924 -37.50000000
v -21.97180176 -55.79999924 -37.79999924
v -21.95757866 -55.79999924 -38.09999847
v -21.94444656 -55.79999924 -38.40000153
v -21.93136215 -55.79999924 -38.70000076
v -21.91680145 -55.79999924 -39.00000000
v -21.93767357 -55.79999924 -42.59999847
v -21.98920441 -55.79999924 -42.90000153
v -22.03999329 -55.79999924 -43.20000076
v -22.08261490 -55.79999924 -43.50000000
v -22.11384964 -55.79999924 -43.79999924
v -22.13912201 -55.79999924 -44.09999847
v -22.16966438 -55.79999924 -44.40000153
v -22.19134521 -55.79999924 -44.70000076
v -22.20000076 -55.79999924 -45.00000000
v -22.20000076 -55.93252563 -36.00000000
v -22.20000076 -56.09999847 -36.29999924
v -22.18261909 -56.09999847 -36.59999847
v -22.15915680 -56.09999847 -36.90000153
v -22.12923050 -56.09999847 -37.20000076
v -22.09835625 -56.09999847 -37.50000000
v -22.07194328 -56.09999847 -37.79999924
v -22.05130577 -56.09999847 -38.09999847
v -22.03501320 -56.09999847 -38.40000153
v -22.02102470 -56.09999847 -38.70000076
v -22.00786400 -56.09999847 -39.00000000
v -21.99520683 -56.09999847 -39.29999924
v -21.98367500 -56.09999847 -39.59999847
v -21.96913147 -56.09999847 -39.90000153
v -21.95064163 -56.09999847 -40.20000076
v -21.93048668 -56.09999847 -40.50000000
v -21.91357422 -56.09999847 -40.79999924
v -21.90296364 -56.09999847 -41.09999847
v -21.90131378 -56.09999847 -41.70000076
v -21.91560173 -56.09999847 -42.00000000
v -21.94604874 -56.09999847 -42.29999924
v -21.99228859 -56.09999847 -42.59999847
v -22.04896736 -56.09999847 -42.90000153
v -22.10793686 -56.09999847 -43.20000076
v -22.15561676 -56.09999847 -43.50000000
v -22.18640518 -56.09999847 -43.79999924
v -22.20000076 -56.09999847 -44.09999847
v -22.20000076 -55.91230392 -44.40000153
v -22.20000076 -55.82717896 -44.70000076
v -22.20000076 -56.13474274 -36.59999847
v -22.20000076 -56.18320847 -36.90000153
v -22.20000076 -56.25766754 -37.20000076
v -22.20000076 -56.35159683 -37.50000000
v -22.18368912 -56.40000153 -37.79999924
v -22.20000076 -56.40000153 -37.66335678
v -22.15725327 -56.40000153 -38.09999847
v -22.13801765 -56.40000153 -38.40000153
v -22.12329292 -56.40000153 -38.70000076
v -22.11136246 -56.40000153 -39.00000000
v -22.10095787 -56.40000153 -39.29999924
v -22.09006119 -56.40000153 -39.59999847
v -22.07300186 -56.40000153 -39.90000153
v -22.04165268 -56.40000153 -40.20000076
v -22.01296806 -56.40000153 -40.50000000
v -21.99390984 -56.40000153 -40.79999924
v -21.98296928 -56.40000153 -41.09999847
v -21.97772408 -56.40000153 -41.40000153
v -21.97773933 -56.40000153 -41.70000076
v -21.98746109 -56.40000153 -42.00000000
v -22.01246452 -56.40000153 -42.29999924
v -22.05715561 -56.40000153 -42.59999847
v -22.12098122 -56.40000153 -42.90000153
v -22.20000076 -56.40000153 -43.20000076
v -22.20000076 -56.23328781 -43.50000000
v -22.20000076 -56.13494492 -43.79999924
v -22.20000076 -56.44093323 -37.79999924
v -22.20000076 -56.51121902 -38.09999847
v -22.20000076 -56.56547928 -38.40000153
v -22.20000076 -56.60505676 -38.70000076
v -22.20000076 -56.63380432 -39.00000000
v -22.20000076 -56.65929794 -39.29999924
v -22.20000076 -56.68192673 -39.59999847
v -22.20000076 -56.70000076 -39.90000153
v -22.13256645 -56.70000076 -40.20000076
v -22.10143661 -56.70000076 -40.50000000
v -22.08800125 -56.70000076 -40.79999924
v -22.08129120 -56.70000076 -41.09999847
v -22.07713509 -56.70000076 -41.40000153
v -22.07553101 -56.70000076 -41.70000076
v -22.07904816 -56.70000076 -42.00000000
v -22.09261322 -56.70000076 -42.29999924
v -22.12629509 -56.70000076 -42.59999847
v -22.20000076 -56.70000076 -42.90000153
v -22.20000076 -57.00000000 -40.20000076
v -22.19855881 -57.00000000 -40.50000000
v -22.19874001 -57.00000000 -40.79999924
v -22.19921112 -57.00000000 -41.09999847
v -22.20000076 -57.00000000 -41.40000153
v -22.20000076 -57.00000000 -41.70000076
v -22.20000076 -57.00000000 -42.00000000
v -22.20000076 -57.00000000 -42.29999924
v -22.20000076 -57.00000000 -42.59999847
v -22.20000076 -57.00344467 -40.50000000
v -22.20000076 -57.00296783 -40.79999924
v -22.20000076 -57.00176239 -41.09999847
v -22.40828896 -52.20000076 -34.79999924
v -22.50000000 -52.10238647 -34.79999924
v -22.50000000 -52.20000076 -34.50000000
v -22.35361099 -52.20000076 -35.09999847
v -22.50000000 -52.02116776 -35.09999847
v -22.31721878 -52.20000076 -35.40000153
v -22.50000000 -51.96377945 -35.40000153
v -22.29361725 -52.20000076 -35.70000076
v -22.50000000 -51.92848206 -35.70000076
v -22.28243637 -52.20000076 -36.00000000
v -22.50000000 -51.90000153 -36.00000000
v -22.28218460 -52.20000076 -36.29999924
v -22.50000000 -51.92197800 -36.29999924
v -22.27652550 -52.20000076 -36.59999847
v -22.50000000 -51.93867493 -36.59999847
v -22.25053787 -52.20000076 -36.90000153
v -22.50000000 -51.93110657 -36.90000153
v -22.50000000 -51.91402817 -37.20000076
v -22.25795937 -52.20000076 -37.50000000
v -22.50000000 -51.92341995 -37.50000000
v -22.29755592 -52.20000076 -37.79999924
v -22.50000000 -51.94255066 -37.79999924
v -22.32776642 -52.20000076 -38.09999847
v -22.50000000 -51.96812820 -38.09999847
v -22.35843658 -52.20000076 -38.40000153
v -22.50000000 -52.00748825 -38.40000153
v -22.39892578 -52.20000076 -38.70000076
v -22.50000000 -52.06894302 -38.70000076
v -22.46477318 -52.20000076 -39.00000000
v -22.50000000 -52.15798950 -39.00000000
v -22.50000000 -52.20000076 -39.10658264
v -22.36257172 -52.50000000 -34.20000076
v -22.50000000 -52.35560989 -34.20000076
v -22.50000000 -52.50000000 -33.90000153
v -22.32349586 -52.50000000 -39.29999924
v -22.50000000 -52.27849579 -39.29999924
v -22.42211151 -52.50000000 -39.59999847
v -22.50000000 -52.40117264 -39.59999847
v -22.50000000 -52.50000000 -39.90000153
v -22.46191025 -52.79999924 -33.59999847
v -22.50000000 -52.74924088 -33.59999847
v -22.50000000 -52.79999924 -33.51642609
v -22.32077599 -52.79999924 -33.90000153
v -22.23065186 -52.79999924 -39.59999847
v -22.30096626 -52.79999924 -39.90000153
v -22.36569786 -52.79999924 -40.20000076
v -22.50000000 -52.62481689 -40.20000076
v -22.43098640 -52.79999924 -40.50000000
v -22.50000000 -52.71792603 -40.50000000
v -22.50000000 -52.79999924 -40.79999924
v -22.41596985 -53.09999847 -33.29999924
v -22.50000000 -52.95050049 -33.29999924
v -22.50000000 -53.09999847 -33.00000000
v -22.31482124 -53.09999847 -33.59999847
v -22.32123756 -53.09999847 -40.79999924
v -22.40535927 -53.09999847 -41.09999847
v -22.50000000 -52.95210648 -41.09999847
v -22.46465874 -53.09999847 -41.40000153
v -22.50000000 -53.04735184 -41.40000153
v -22.50000000 -53.09999847 -41.70000076
v -22.47096634 -53.40000153 -33.00000000
v -22.50000000 -53.40000153 -32.95372772
v -22.34549904 -53.40000153 -33.29999924
v -22.24232292 -53.40000153 -33.59999847
v -22.24642372 -53.40000153 -41.09999847
v -22.30394745 -53.40000153 -41.40000153
v -22.37903786 -53.40000153 -41.70000076
v -22.50000000 -53.40000153 -42.00000000
v -22.46643639 -53.70000076 -33.00000000
v -22.50000000 -53.70000076 -32.94524384
v -22.32721138 -53.70000076 -33.29999924
v -22.21985054 -53.70000076 -33.59999847
v -22.22257042 -53.70000076 -41.70000076
v -22.29177856 -53.70000076 -42.00000000
v -22.33646202 -53.70000076 -42.29999924
v -22.50000000 -53.42591476 -42.29999924
v -22.36806679 -53.70000076 -42.59999847
v -22.50000000 -53.46912003 -42.59999847
v -22.40011597 -53.70000076 -42.90000153
v -22.50000000 -53.52179337 -42.90000153
v -22.43315125 -53.70000076 -43.20000076
v -22.50000000 -53.57435226 -43.20000076
v -22.46754837 -53.70000076 -43.50000000
v -22.50000000 -53.63367081 -43.50000000
v -22.50000000 -53.70000076 -43.74601746
v -22.47644234 -54.00000000 -33.00000000
v -22.50000000 -54.00000000 -32.96159363
v -22.34185219 -54.00000000 -33.29999924
v -22.23158646 -54.00000000 -33.59999847
v -22.24906731 -54.00000000 -42.90000153
v -22.29361725 -54.00000000 -43.20000076
v -22.33584976 -54.00000000 -43.50000000
v -22.37813187 -54.00000000 -43.79999924
v -22.50000000 -53.71638870 -43.79999924
v -22.42038155 -54.00000000 -44.09999847
v -22.50000000 -53.82179260 -44.09999847
v -22.45791626 -54.00000000 -44.40000153
v -22.50000000 -53.91271591 -44.40000153
v -22.48517227 -54.00000000 -44.70000076
v -22.50000000 -53.97047424 -44.70000076
v -22.50000000 -54.00000000 -45.00000000
v -22.50000000 -54.29999924 -33.00000000
v -22.39211464 -54.29999924 -33.29999924
v -22.27174377 -54.29999924 -33.59999847
v -22.22093582 -54.29999924 -43.50000000
v -22.26222801 -54.29999924 -43.79999924
v -22.29924011 -54.29999924 -44.09999847
v -22.33330917 -54.29999924 -44.40000153
v -22.36382675 -54.29999924 -44.70000076
v -22.39273262 -54.29999924 -45.00000000
v -22.42493248 -54.29999924 -45.29999924
v -22.50000000 -54.09987640 -45.29999924
v -22.45258141 -54.29999924 -45.59999847
v -22.50000000 -54.17127228 -45.59999847
v -22.47184753 -54.29999924 -45.90000153
v -22.50000000 -54.21992493 -45.90000153
v -22.48378181 -54.29999924 -46.20000076
v -22.50000000 -54.25177383 -46.20000076
v -22.49097252 -54.29999924 -46.50000000
v -22.50000000 -54.27252197 -46.50000000
v -22.49532127 -54.29999924 -46.79999924
v -22.50000000 -54.28608704 -46.79999924
v -22.50000000 -54.29999924 -47.09999847
v -22.50000000 -54.59999847 -33.29999924
v -22.33673477 -54.59999847 -33.59999847
v -22.23535156 -54.59999847 -44.40000153
v -22.26911163 -54.59999847 -44.70000076
v -22.30441475 -54.59999847 -45.00000000
v -22.33895493 -54.59999847 -45.29999924
v -22.36981773 -54.59999847 -45.59999847
v -22.39454460 -54.59999847 -45.90000153
v -22.41248894 -54.59999847 -46.20000076
v -22.42486191 -54.59999847 -46.50000000
v -22.43419456 -54.59999847 -46.79999924
v -22.44569969 -54.59999847 -47.09999847
v -22.46808815 -54.59999847 -47.40000153
v -22.50000000 -54.45869446 -47.40000153
v -22.50000000 -54.59999847 -47.70000076
v -22.41353416 -54.90000153 -33.59999847
v -22.50000000 -54.90000153 -33.42037582
v -22.29117584 -54.90000153 -33.90000153
v -22.23930740 -54.90000153 -45.00000000
v -22.27847290 -54.90000153 -45.29999924
v -22.31579018 -54.90000153 -45.59999847
v -22.34851456 -54.90000153 -45.90000153
v -22.37465286 -54.90000153 -46.20000076
v -22.39470100 -54.90000153 -46.50000000
v -22.41085243 -54.90000153 -46.79999924
v -22.42650604 -54.90000153 -47.09999847
v -22.44656944 -54.90000153 -47.40000153
v -22.48293114 -54.90000153 -47.70000076
v -22.50000000 -54.90000153 -47.78922272
v -22.50000000 -55.20000076 -33.59999847
v -22.38647461 -55.20000076 -33.90000153
v -22.28489494 -55.20000076 -34.20000076
v -22.20114136 -55.20000076 -45.00000000
v -22.24544144 -55.20000076 -45.29999924
v -22.29213715 -55.20000076 -45.59999847
v -22.33468819 -55.20000076 -45.90000153
v -22.37001991 -55.20000076 -46.20000076
v -22.39878845 -55.20000076 -46.50000000
v -22.42302895 -55.20000076 -46.79999924
v -22.44527626 -55.20000076 -47.09999847
v -22.46898270 -55.20000076 -47.40000153
v -22.50000000 -55.20000076 -47.70000076
v -22.49726486 -55.50000000 -33.90000153
v -22.50000000 -55.50000000 -33.89352417
v -22.38633156 -55.50000000 -34.20000076
v -22.29353905 -55.50000000 -34.50000000
v -22.24411583 -55.50000000 -45.29999924
v -22.30340576 -55.50000000 -45.59999847
v -22.35494232 -55.50000000 -45.90000153
v -22.39801025 -55.50000000 -46.20000076
v -22.43493462 -55.50000000 -46.50000000
v -22.46963882 -55.50000000 -46.79999924
v -22.50000000 -55.49477386 -47.09999847
v -22.50000000 -55.50000000 -47.09041595
v -22.50000000 -55.35049057 -47.40000153
v -22.50000000 -55.50655746 -33.90000153
v -22.50000000 -55.79999924 -34.20000076
v -22.43116570 -55.79999924 -34.50000000
v -22.36366844 -55.79999924 -34.79999924
v -22.30994034 -55.79999924 -35.09999847
v -22.25892448 -55.79999924 -35.40000153
v -22.28848267 -55.79999924 -45.29999924
v -22.35677719 -55.79999924 -45.59999847
v -22.41052055 -55.79999924 -45.90000153
v -22.45881462 -55.79999924 -46.20000076
v -22.50000000 -55.79999924 -46.50000000
v -22.50000000 -55.61730194 -46.79999924
v -22.50000000 -55.92195511 -34.50000000
v -22.50000000 -56.03838348 -34.79999924
v -22.47191811 -56.09999847 -35.09999847
v -22.50000000 -56.09999847 -34.96704102
v -22.40950394 -56.09999847 -35.40000153
v -22.34412003 -56.09999847 -35.70000076
v -22.27493477 -56.09999847 -36.00000000
v -22.25652122 -56.09999847 -44.40000153
v -22.29803276 -56.09999847 -44.70000076
v -22.33863068 -56.09999847 -45.00000000
v -22.40106392 -56.09999847 -45.29999924
v -22.45817947 -56.09999847 -45.59999847
v -22.50000000 -56.09999847 -45.90000153
v -22.50000000 -55.92936325 -46.20000076
v -22.50000000 -56.14875793 -35.09999847
v -22.50000000 -56.25859833 -35.40000153
v -22.50000000 -56.39049911 -35.70000076
v -22.43045425 -56.40000153 -36.00000000
v -22.50000000 -56.40000153 -35.72080994
v -22.37382698 -56.40000153 -36.29999924
v -22.34169579 -56.40000153 -36.59999847
v -22.31276512 -56.40000153 -36.90000153
v -22.26594162 -56.40000153 -37.20000076
v -22.21999359 -56.40000153 -37.50000000
v -22.25951576 -56.40000153 -43.50000000
v -22.31601334 -56.40000153 -43.79999924
v -22.35870361 -56.40000153 -44.09999847
v -22.40558052 -56.40000153 -44.40000153
v -22.45581055 -56.40000153 -44.70000076
v -22.50000000 -56.40000153 -45.00000000
v -22.50000000 -56.28015137 -45.29999924
v -22.50000000 -56.18275070 -45.59999847
v -22.50000000 -56.53517914 -36.00000000
v -22.50000000 -56.64125824 -36.29999924
v -22.50000000 -56.69070053 -36.59999847
v -22.50000000 -56.70000076 -36.90000153
v -22.40048981 -56.70000076 -37.20000076
v -22.34383583 -56.70000076 -37.50000000
v -22.30476379 -56.70000076 -37.79999924
v -22.27417183 -56.70000076 -38.09999847
v -22.25161552 -56.70000076 -38.40000153
v -22.23645210 -56.70000076 -38.70000076
v -22.22579956 -56.70000076 -39.00000000
v -22.21587753 -56.70000076 -39.29999924
v -22.20697212 -56.70000076 -39.59999847
v -22.28990555 -56.70000076 -43.20000076
v -22.38072014 -56.70000076 -43.50000000
v -22.50000000 -56.70000076 -43.79999924
v -22.50000000 -56.63297272 -44.09999847
v -22.50000000 -56.56041336 -44.40000153
v -22.50000000 -56.47095871 -44.70000076
v -22.50000000 -57.00000000 -37.20000076
v -22.47204208 -57.00000000 -37.50000000
v -22.43908882 -57.00000000 -37.79999924
v -22.40300179 -57.00000000 -38.09999847
v -22.37276840 -57.00000000 -38.40000153
v -22.36016273 -57.00000000 -38.70000076
v -22.35310173 -57.00000000 -39.00000000
v -22.34050941 -57.00000000 -39.29999924
v -22.31666374 -57.00000000 -39.59999847
v -22.27443695 -57.00000000 -39.90000153
v -22.31551170 -57.00000000 -42.90000153
v -22.41862297 -57.00000000 -43.20000076
v -22.50000000 -57.00000000 -43.50000000
v -22.50000000 -57.05542374 -37.50000000
v -22.50000000 -57.11852646 -37.79999924
v -22.50000000 -57.19357300 -38.09999847
v -22.50000000 -57.29999924 -38.40000153
v -22.50000000 -57.29999924 -38.70000076
v -22.49664307 -57.29999924 -39.00000000
v -22.47703362 -57.29999924 -39.29999924
v -22.44281769 -57.29999924 -39.59999847
v -22.39553261 -57.29999924 -39.90000153
v -22.34945488 -57.29999924 -40.20000076
v -22.33365440 -57.29999924 -40.50000000
v -22.33278656 -57.29999924 -40.79999924
v -22.34041595 -57.29999924 -41.09999847
v -22.36171532 -57.29999924 -41.40000153
v -22.38423538 -57.29999924 -41.70000076
v -22.40082550 -57.29999924 -42.00000000
v -22.41563988 -57.29999924 -42.29999924
v -22.44351006 -57.29999924 -42.59999847
v -22.50000000 -57.29999924 -42.90000153
v -22.50000000 -57.12264633 -43.20000076
v -22.50000000 -57.30626297 -39.00000000
v -22.50000000 -57.34607315 -39.29999924
v -22.50000000 -57.41390610 -39.59999847
v -22.50000000 -57.50108719 -39.90000153
v -22.50000000 -57.59999847 -40.20000076
v -22.50000000 -57.59999847 -40.50000000
v -22.50000000 -57.59999847 -40.79999924
v -22.50000000 -57.59999847 -41.09999847
v -22.50000000 -57.50689316 -41.40000153
v -22.50000000 -57.45044708 -41.70000076
v -22.50000000 -57.41891098 -42.00000000
v -22.50000000 -57.39518356 -42.29999924
v -22.50000000 -57.36046982 -42.59999847
v -22.72684097 -51.59999847 -36.29999924
v -22.79999924 -51.29999924 -36.29999924
v -22.79999924 -51.59999847 -36.00000000
v -22.79999924 -51.59999847 -36.59999847
v -22.73196030 -51.59999847 -37.20000076
v -22.79999924 -51.29999924 -37.20000076
v -22.79999924 -51.59999847 -36.90000153
v -22.79999924 -51.59999847 -37.50000000
v -22.73459435 -51.90000153 -34.79999924
v -22.79999924 -51.84288788 -34.79999924
v -22.79999924 -51.90000153 -34.70187378
v -22.61141968 -51.90000153 -35.09999847
v -22.79999924 -51.68445969 -35.09999847
v -22.55281258 -51.90000153 -35.40000153
v -22.79999924 -51.60325241 -35.40000153
v -22.52354622 -51.90000153 -35.70000076
v -22.79999924 -51.59999847 -35.70000076
v -22.51832962 -51.90000153 -36.29999924
v -22.53486061 -51.90000153 -36.59999847
v -22.52956390 -51.90000153 -36.90000153
v -22.51334381 -51.90000153 -37.20000076
v -22.52137947 -51.90000153 -37.50000000
v -22.53553772 -51.90000153 -37.79999924
v -22.79999924 -51.59999847 -37.79999924
v -22.55311012 -51.90000153 -38.09999847
v -22.79999924 -51.60255051 -38.09999847
v -22.58184433 -51.90000153 -38.40000153
v -22.79999924 -51.62070847 -38.40000153
v -22.63393593 -51.90000153 -38.70000076
v -22.79999924 -51.67622375 -38.70000076
v -22.72678566 -51.90000153 -39.00000000
v -22.79999924 -51.80437088 -39.00000000
v -22.79999924 -51.90000153 -39.15928268
v -22.72806549 -52.20000076 -34.20000076
v -22.79999924 -52.15888596 -34.20000076
v -22.79999924 -52.20000076 -34.12001038
v -22.79999924 -52.00563431 -34.50000000
v -22.57363510 -52.20000076 -39.29999924
v -22.79999924 -51.97168732 -39.29999924
v -22.69577980 -52.20000076 -39.59999847
v -22.79999924 -52.10646057 -39.59999847
v -22.79999924 -52.20000076 -39.90000153
v -22.78955460 -52.50000000 -33.59999847
v -22.79999924 -52.49336624 -33.59999847
v -22.79999924 -52.50000000 -33.58785629
v -22.79999924 -52.31915665 -33.90000153
v -22.61241341 -52.50000000 -40.20000076
v -22.79999924 -52.32281113 -40.20000076
v -22.70750046 -52.50000000 -40.50000000
v -22.79999924 -52.41212082 -40.50000000
v -22.79754448 -52.50000000 -40.79999924
v -22.79999924 -52.49760818 -40.79999924
v -22.79999924 -52.50000000 -40.80698776
v -22.62624168 -52.79999924 -33.29999924
v -22.79999924 -52.66224670 -33.29999924
v -22.79999924 -52.79999924 -33.00000000
v -22.61607552 -52.79999924 -41.09999847
v -22.79999924 -52.60525131 -41.09999847
v -22.69822311 -52.79999924 -41.40000153
v -22.79999924 -52.69433975 -41.40000153
v -22.75832367 -52.79999924 -41.70000076
v -22.79999924 -52.75796509 -41.70000076
v -22.79999924 -52.79999924 -42.00000000
v -22.78746796 -53.09999847 -32.70000076
v -22.79999924 -53.08331680 -32.70000076
v -22.79999924 -53.09999847 -32.68714142
v -22.60667801 -53.09999847 -42.00000000
v -22.66113853 -53.09999847 -42.29999924
v -22.79999924 -52.79999924 -42.29999924
v -22.72600937 -53.09999847 -42.59999847
v -22.79999924 -52.99711609 -42.59999847
v -22.77961349 -53.09999847 -42.90000153
v -22.79999924 -53.07540894 -42.90000153
v -22.79999924 -53.09999847 -43.20000076
v -22.69582939 -53.40000153 -32.70000076
v -22.79999924 -53.40000153 -32.59436035
v -22.51519775 -53.40000153 -42.29999924
v -22.54114914 -53.40000153 -42.59999847
v -22.57262993 -53.40000153 -42.90000153
v -22.59847260 -53.40000153 -43.20000076
v -22.61944580 -53.40000153 -43.50000000
v -22.79999924 -53.09999847 -43.50000000
v -22.64573860 -53.40000153 -43.79999924
v -22.79999924 -53.09999847 -43.79999924
v -22.69461823 -53.40000153 -44.09999847
v -22.79999924 -53.09999847 -44.09999847
v -22.79999924 -53.40000153 -44.40000153
v -22.67917824 -53.70000076 -32.70000076
v -22.79999924 -53.70000076 -32.57930756
v -22.50736427 -53.70000076 -43.79999924
v -22.55750084 -53.70000076 -44.09999847
v -22.61086273 -53.70000076 -44.40000153
v -22.64806747 -53.70000076 -44.70000076
v -22.79999924 -53.46252060 -44.70000076
v -22.67291451 -53.70000076 -45.00000000
v -22.79999924 -53.50043869 -45.00000000
v -22.69435883 -53.70000076 -45.29999924
v -22.79999924 -53.52464676 -45.29999924
v -22.70904922 -53.70000076 -45.59999847
v -22.79999924 -53.54023743 -45.59999847
v -22.71704102 -53.70000076 -45.90000153
v -22.79999924 -53.54918289 -45.90000153
v -22.72119331 -53.70000076 -46.20000076
v -22.79999924 -53.55462265 -46.20000076
v -22.72571182 -53.70000076 -46.50000000
v -22.79999924 -53.56212616 -46.50000000
v -22.73611450 -53.70000076 -46.79999924
v -22.79999924 -53.57970047 -46.79999924
v -22.75930786 -53.70000076 -47.09999847
v -22.79999924 -53.61917877 -47.09999847
v -22.79999924 -53.70000076 -47.40000153
v -22.69568062 -54.00000000 -32.70000076
v -22.79999924 -54.00000000 -32.59547806
v -22.54044533 -54.00000000 -45.29999924
v -22.56617546 -54.00000000 -45.59999847
v -22.58017349 -54.00000000 -45.90000153
v -22.58733177 -54.00000000 -46.20000076
v -22.59224892 -54.00000000 -46.50000000
v -22.60019684 -54.00000000 -46.79999924
v -22.61822701 -54.00000000 -47.09999847
v -22.65219879 -54.00000000 -47.40000153
v -22.69150925 -54.00000000 -47.70000076
v -22.79999924 -53.73054504 -47.70000076
v -22.74127960 -54.00000000 -48.00000000
v -22.79999924 -53.84019852 -48.00000000
v -22.79999924 -54.00000000 -48.29999924
v -22.73516846 -54.29999924 -32.70000076
v -22.79999924 -54.29999924 -32.63373566
v -22.53807068 -54.29999924 -47.40000153
v -22.58370972 -54.29999924 -47.70000076
v -22.64131927 -54.29999924 -48.00000000
v -22.69947815 -54.29999924 -48.29999924
v -22.74874496 -54.29999924 -48.59999847
v -22.79999924 -54.15894699 -48.59999847
v -22.78160095 -54.29999924 -48.90000153
v -22.79999924 -54.25139236 -48.90000153
v -22.79999924 -54.29999924 -49.20000076
v -22.79999924 -54.59999847 -32.70000076
v -22.61452675 -54.59999847 -33.00000000
v -22.56925964 -54.59999847 -48.00000000
v -22.63139725 -54.59999847 -48.29999924
v -22.68035889 -54.59999847 -48.59999847
v -22.71448517 -54.59999847 -48.90000153
v -22.73809814 -54.59999847 -49.20000076
v -22.76357460 -54.59999847 -49.50000000
v -22.79999924 -54.42901230 -49.50000000
v -22.79999924 -54.59999847 -49.79999924
v -22.71232796 -54.90000153 -33.00000000
v -22.79999924 -54.90000153 -32.87063980
v -22.55971909 -54.90000153 -33.29999924
v -22.54188156 -54.90000153 -48.00000000
v -22.60258102 -54.90000153 -48.29999924
v -22.65400696 -54.90000153 -48.59999847
v -22.69230843 -54.90000153 -48.90000153
v -22.71911621 -54.90000153 -49.20000076
v -22.74210358 -54.90000153 -49.50000000
v -22.78000259 -54.90000153 -49.79999924
v -22.79999924 -54.90000153 -49.90438461
v -22.79999924 -55.20000076 -33.00000000
v -22.65508270 -55.20000076 -33.29999924
v -22.55827332 -55.20000076 -48.00000000
v -22.61515808 -55.20000076 -48.29999924
v -22.66733551 -55.20000076 -48.59999847
v -22.71273613 -55.20000076 -48.90000153
v -22.74924850 -55.20000076 -49.20000076
v -22.77619553 -55.20000076 -49.50000000
v -22.79999924 -55.20000076 -49.79999924
v -22.79999924 -55.50000000 -33.29999924
v -22.63408470 -55.50000000 -33.59999847
v -22.50104141 -55.50000000 -47.09999847
v -22.53332710 -55.50000000 -47.40000153
v -22.57282639 -55.50000000 -47.70000076
v -22.62207794 -55.50000000 -48.00000000
v -22.67065811 -55.50000000 -48.29999924
v -22.71706772 -55.50000000 -48.59999847
v -22.77726364 -55.50000000 -48.90000153
v -22.79999924 -55.38238144 -49.20000076
v -22.79999924 -55.50000000 -49.01940536
v -22.79999924 -55.27302170 -49.50000000
v -22.77331924 -55.79999924 -33.59999847
v -22.79999924 -55.79999924 -33.53880310
v -22.63628197 -55.79999924 -33.90000153
v -22.55221748 -55.79999924 -46.79999924
v -22.59666061 -55.79999924 -47.09999847
v -22.63565445 -55.79999924 -47.40000153
v -22.67665482 -55.79999924 -47.70000076
v -22.73440170 -55.79999924 -48.00000000
v -22.78099442 -55.79999924 -48.29999924
v -22.79999924 -55.79999924 -48.59999847
v -22.79999924 -55.56109238 -48.90000153
v -22.79999924 -55.84804153 -33.59999847
v -22.79999924 -56.09999847 -33.90000153
v -22.69803810 -56.09999847 -34.20000076
v -22.61058044 -56.09999847 -34.50000000
v -22.53656387 -56.09999847 -34.79999924
v -22.56068993 -56.09999847 -46.20000076
v -22.61451530 -56.09999847 -46.50000000
v -22.66984940 -56.09999847 -46.79999924
v -22.73559761 -56.09999847 -47.09999847
v -22.78155518 -56.09999847 -47.40000153
v -22.79999924 -56.09999847 -47.70000076
v -22.79999924 -55.91789246 -48.00000000
v -22.79999924 -55.83018494 -48.29999924
v -22.79999924 -56.25940323 -34.20000076
v -22.79999924 -56.40000153 -34.50000000
v -22.71071053 -56.40000153 -34.79999924
v -22.64882469 -56.40000153 -35.09999847
v -22.58620644 -56.40000153 -35.40000153
v -22.50536728 -56.40000153 -35.70000076
v -22.57476616 -56.40000153 -45.29999924
v -22.62065125 -56.40000153 -45.59999847
v -22.65862465 -56.40000153 -45.90000153
v -22.70426369 -56.40000153 -46.20000076
v -22.75573158 -56.40000153 -46.50000000
v -22.79999924 -56.40000153 -46.79999924
v -22.79999924 -56.20220947 -47.09999847
v -22.79999924 -56.12575150 -47.40000153
v -22.79999924 -56.57109833 -34.79999924
v -22.79999924 -56.65748978 -35.09999847
v -22.79999924 -56.70000076 -35.40000153
v -22.67004204 -56.70000076 -35.70000076
v -22.58533859 -56.70000076 -36.00000000
v -22.53054237 -56.70000076 -36.29999924
v -22.50485039 -56.70000076 -36.59999847
v -22.54211998 -56.70000076 -44.09999847
v -22.58603668 -56.70000076 -44.40000153
v -22.65407562 -56.70000076 -44.70000076
v -22.79999924 -56.70000076 -45.00000000
v -22.79999924 -56.68321228 -45.29999924
v -22.79999924 -56.66075134 -45.59999847
v -22.79999924 -56.62892914 -45.90000153
v -22.79999924 -56.57133865 -46.20000076
v -22.79999924 -56.47661591 -46.50000000
v -22.79999924 -57.00000000 -35.70000076
v -22.73133087 -57.00000000 -36.00000000
v -22.67272949 -57.00000000 -36.29999924
v -22.63783073 -57.00000000 -36.59999847
v -22.59300804 -57.00000000 -36.90000153
v -22.66642380 -57.00000000 -43.79999924
v -22.74955940 -57.00000000 -44.09999847
v -22.78287506 -57.00000000 -44.40000153
v -22.79999924 -57.00000000 -44.70000076
v -22.79999924 -57.13169861 -36.00000000
v -22.79999924 -57.29999924 -36.29999924
v -22.78977776 -57.29999924 -36.59999847
v -22.74810982 -57.29999924 -36.90000153
v -22.68372345 -57.29999924 -37.20000076
v -22.63331032 -57.29999924 -37.50000000
v -22.60064888 -57.29999924 -37.79999924
v -22.56068039 -57.29999924 -38.09999847
v -22.66078186 -57.29999924 -43.20000076
v -22.79999924 -57.29999924 -43.50000000
v -22.79999924 -57.14910507 -43.79999924
v -22.79999924 -57.05784607 -44.09999847
v -22.79999924 -57.02052689 -44.40000153
v -22.79999924 -57.31475067 -36.59999847
v -22.79999924 -57.37774658 -36.90000153
v -22.79999924 -57.48580170 -37.20000076
v -22.79999924 -57.59999847 -37.50000000
v -22.79912567 -57.59999847 -37.79999924
v -22.78301430 -57.59999847 -38.09999847
v -22.74815941 -57.59999847 -38.40000153
v -22.71022606 -57.59999847 -38.70000076
v -22.67129898 -57.59999847 -39.00000000
v -22.63329315 -57.59999847 -39.29999924
v -22.60025215 -57.59999847 -39.59999847
v -22.55764961 -57.59999847 -39.90000153
v -22.57606316 -57.59999847 -41.40000153
v -22.63592148 -57.59999847 -41.70000076
v -22.67508316 -57.59999847 -42.00000000
v -22.70628548 -57.59999847 -42.29999924
v -22.75802422 -57.59999847 -42.59999847
v -22.79999924 -57.53997040 -42.90000153
v -22.79999924 -57.59999847 -42.71772003
v -22.79999924 -57.41483688 -43.20000076
v -22.79999924 -57.60106659 -37.79999924
v -22.79999924 -57.61963654 -38.09999847
v -22.79999924 -57.65897369 -38.40000153
v -22.79999924 -57.71483231 -38.70000076
v -22.79999924 -57.79845428 -39.00000000
v -22.79999924 -57.90000153 -39.29999924
v -22.79423332 -57.90000153 -39.59999847
v -22.78070259 -57.90000153 -39.90000153
v -22.76220512 -57.90000153 -40.20000076
v -22.75462914 -57.90000153 -40.50000000
v -22.76358604 -57.90000153 -40.79999924
v -22.79999924 -57.90000153 -41.09999847
v -22.79999924 -57.81325150 -41.40000153
v -22.79999924 -57.74965668 -41.70000076
v -22.79999924 -57.71107101 -42.00000000
v -22.79999924 -57.68350983 -42.29999924
v -22.79999924 -57.63711929 -42.59999847
v -22.79999924 -57.90726089 -39.59999847
v -22.79999924 -57.92246246 -39.90000153
v -22.79999924 -57.94039154 -40.20000076
v -22.79999924 -57.94681931 -40.50000000
v -22.79999924 -57.93568802 -40.79999924
v -23.09152222 -51.29999924 -35.40000153
v -23.10000038 -51.29355621 -35.40000153
v -23.10000038 -51.29999924 -35.09999847
v -23.07349205 -51.29999924 -35.70000076
v -23.10000038 -51.27795029 -35.70000076
v -23.00107193 -51.29999924 -36.00000000
v -23.10000038 -51.22042465 -36.00000000
v -23.10000038 -51.12730408 -36.29999924
v -22.88699913 -51.29999924 -36.59999847
v -23.10000038 -51.00000000 -36.59999847
v -22.88073921 -51.29999924 -36.90000153
v -23.10000038 -51.00000000 -36.90000153
v -23.10000038 -51.00000000 -37.20000076
v -22.97536278 -51.29999924 -37.50000000
v -23.10000038 -51.17801285 -37.50000000
v -23.06958771 -51.29999924 -37.79999924
v -23.10000038 -51.27204132 -37.79999924
v -23.10000038 -51.29999924 -38.09999847
v -22.88245773 -51.59999847 -35.09999847
v -23.10000038 -51.59999847 -34.86430740
v -22.80284119 -51.59999847 -35.40000153
v -22.80227089 -51.59999847 -38.09999847
v -22.81714439 -51.59999847 -38.40000153
v -23.10000038 -51.29999924 -38.40000153
v -22.85723305 -51.59999847 -38.70000076
v -23.10000038 -51.29999924 -38.70000076
v -22.96160889 -51.59999847 -39.00000000
v -23.10000038 -51.29999924 -39.00000000
v -23.10000038 -51.59999847 -39.16617203
v -23.06675720 -51.90000153 -34.50000000
v -23.10000038 -51.88717270 -34.50000000
v -23.10000038 -51.90000153 -34.47990036
v -23.10000038 -51.65631104 -34.79999924
v -22.88703156 -51.90000153 -39.29999924
v -23.10000038 -51.72161484 -39.29999924
v -23.10000038 -51.90000153 -39.59999847
v -23.10000038 -52.06084442 -34.20000076
v -23.10000038 -52.20000076 -33.90000153
v -23.10000038 -52.03045273 -39.90000153
v -22.96804047 -52.20000076 -40.20000076
v -23.10000038 -52.11466599 -40.20000076
v -23.05741119 -52.20000076 -40.50000000
v -23.10000038 -52.16979218 -40.50000000
v -23.10000038 -52.20000076 -40.79999924
v -23.10000038 -52.38299561 -33.59999847
v -23.10000038 -52.50000000 -33.37367630
v -22.91875839 -52.50000000 -41.09999847
v -23.10000038 -52.35853195 -41.09999847
v -23.02897263 -52.50000000 -41.40000153
v -23.10000038 -52.44924164 -41.40000153
v -23.10000038 -52.50000000 -41.70000076
v -23.10000038 -52.67184830 -33.00000000
v -23.10000038 -52.79999924 -32.70000076
v -23.10000038 -52.53816986 -33.29999924
v -23.10000038 -52.60832977 -42.00000000
v -23.10000038 -52.66221237 -42.29999924
v -22.99746704 -52.79999924 -42.59999847
v -23.10000038 -52.72624207 -42.59999847
v -23.07522202 -52.79999924 -42.90000153
v -23.10000038 -52.77938843 -42.90000153
v -23.10000038 -52.79999924 -43.20000076
v -23.10000038 -53.09999847 -32.40000153
v -23.10000038 -52.79999924 -43.50000000
v -23.10000038 -52.79999924 -43.79999924
v -23.10000038 -52.79999924 -44.09999847
v -22.97997093 -53.09999847 -44.40000153
v -23.10000038 -52.98055649 -44.40000153
v -23.07697487 -53.09999847 -44.70000076
v -23.10000038 -53.07672119 -44.70000076
v -23.10000038 -53.09999847 -45.00000000
v -23.06715775 -53.40000153 -32.40000153
v -23.10000038 -53.40000153 -32.38202286
v -22.84257126 -53.40000153 -44.70000076
v -22.86825752 -53.40000153 -45.00000000
v -22.88042831 -53.40000153 -45.29999924
v -23.10000038 -53.09999847 -45.29999924
v -22.88595772 -53.40000153 -45.59999847
v -23.10000038 -53.09999847 -45.59999847
v -22.88863945 -53.40000153 -45.90000153
v -23.10000038 -53.09999847 -45.90000153
v -22.89058113 -53.40000153 -46.20000076
v -23.10000038 -53.09999847 -46.20000076
v -22.89409065 -53.40000153 -46.50000000
v -23.10000038 -53.09999847 -46.50000000
v -22.90167618 -53.40000153 -46.79999924
v -23.10000038 -53.09999847 -46.79999924
v -22.91401863 -53.40000153 -47.09999847
v -23.10000038 -53.09999847 -47.09999847
v -22.92704201 -53.40000153 -47.40000153
v -23.10000038 -53.09999847 -47.40000153
v -22.93617058 -53.40000153 -47.70000076
v -23.10000038 -53.09999847 -47.70000076
v -22.96352005 -53.40000153 -48.00000000
v -23.10000038 -53.09999847 -48.00000000
v -23.05221748 -53.40000153 -48.29999924
v -23.10000038 -53.09999847 -48.29999924
v -23.10000038 -53.40000153 -48.37701035
v -23.07590675 -53.70000076 -32.40000153
v -23.10000038 -53.70000076 -32.38739777
v -22.81244850 -53.70000076 -47.70000076
v -22.85387993 -53.70000076 -48.00000000
v -22.93644905 -53.70000076 -48.29999924
v -23.04421043 -53.70000076 -48.59999847
v -23.10000038 -53.62128448 -48.59999847
v -23.10000038 -53.70000076 -48.90000153
v -23.09016037 -54.00000000 -32.40000153
v -23.10000038 -54.00000000 -32.39476013
v -22.86513519 -54.00000000 -48.59999847
v -22.90647888 -54.00000000 -48.90000153
v -22.92651367 -54.00000000 -49.20000076
v -23.10000038 -53.70000076 -49.20000076
v -22.94152641 -54.00000000 -49.50000000
v -23.10000038 -53.70000076 -49.50000000
v -22.95641327 -54.00000000 -49.79999924
v -23.10000038 -53.70000076 -49.79999924
v -22.97675896 -54.00000000 -50.09999847
v -23.10000038 -53.70000076 -50.09999847
v -23.01394081 -54.00000000 -50.40000153
v -23.10000038 -53.70000076 -50.40000153
v -23.08105278 -54.00000000 -50.70000076
v -23.10000038 -53.96907043 -50.70000076
v -23.10000038 -54.00000000 -51.00000000
v -23.10000038 -54.29999924 -32.40000153
v -22.82929420 -54.29999924 -49.50000000
v -22.85999107 -54.29999924 -49.79999924
v -22.89657021 -54.29999924 -50.09999847
v -22.93741035 -54.29999924 -50.40000153
v -22.96951485 -54.29999924 -50.70000076
v -22.98496819 -54.29999924 -51.00000000
v -22.99739838 -54.29999924 -51.29999924
v -23.10000038 -54.00000000 -51.29999924
v -23.03034210 -54.29999924 -51.59999847
v -23.10000038 -54.00000000 -51.59999847
v -23.10000038 -54.29999924 -51.90000153
v -23.10000038 -54.59999847 -32.50404358
v -22.84869957 -54.59999847 -50.09999847
v -22.89504051 -54.59999847 -50.40000153
v -22.92736435 -54.59999847 -50.70000076
v -22.94687271 -54.59999847 -51.00000000
v -22.97203064 -54.59999847 -51.29999924
v -23.02608871 -54.59999847 -51.59999847
v -23.10000038 -54.59999847 -51.90000153
v -22.96296120 -54.90000153 -32.70000076
v -23.10000038 -54.90000153 -32.59835434
v -22.84069824 -54.90000153 -50.09999847
v -22.89778137 -54.90000153 -50.40000153
v -22.94113159 -54.90000153 -50.70000076
v -22.97003937 -54.90000153 -51.00000000
v -22.99798775 -54.90000153 -51.29999924
v -23.07048988 -54.90000153 -51.59999847
v -23.10000038 -54.90000153 -51.65276718
v -23.05896187 -55.20000076 -32.70000076
v -23.10000038 -55.20000076 -32.66624069
v -22.89068413 -55.20000076 -50.09999847
v -22.95541000 -55.20000076 -50.40000153
v -23.00607300 -55.20000076 -50.70000076
v -23.07246399 -55.20000076 -51.00000000
v -23.09953117 -55.20000076 -51.29999924
v -23.10000038 -55.20000076 -51.59999847
v -23.10000038 -55.50000000 -32.70000076
v -22.92587090 -55.50000000 -33.00000000
v -22.83822632 -55.50000000 -49.20000076
v -22.88847160 -55.50000000 -49.50000000
v -22.94265556 -55.50000000 -49.79999924
v -23.03475761 -55.50000000 -50.09999847
v -23.09170723 -55.50000000 -50.40000153
v -23.10000038 -55.50000000 -50.70000076
v -23.10000038 -55.24536133 -51.00000000
v -23.10000038 -55.20067978 -51.29999924
v -23.02931213 -55.79999924 -33.00000000
v -23.10000038 -55.79999924 -32.90729523
v -22.90162849 -55.79999924 -33.29999924
v -22.90905571 -55.79999924 -48.90000153
v -23.01315880 -55.79999924 -49.20000076
v -23.08067703 -55.79999924 -49.50000000
v -23.10000038 -55.79999924 -49.79999924
v -23.10000038 -55.58483505 -50.09999847
v -23.10000038 -55.51031494 -50.40000153
v -23.10000038 -56.09999847 -33.00000000
v -23.06577301 -56.09999847 -33.29999924
v -22.97659492 -56.09999847 -33.59999847
v -22.93842697 -56.09999847 -48.00000000
v -23.02905464 -56.09999847 -48.29999924
v -23.07427406 -56.09999847 -48.59999847
v -23.10000038 -56.09999847 -48.90000153
v -23.10000038 -55.90060043 -49.20000076
v -23.10000038 -55.82022476 -49.50000000
v -23.10000038 -56.13769913 -33.29999924
v -23.10000038 -56.22253799 -33.59999847
v -23.08230400 -56.40000153 -33.90000153
v -23.10000038 -56.40000153 -33.87521362
v -22.89614487 -56.40000153 -34.20000076
v -22.98871613 -56.40000153 -47.09999847
v -23.07331085 -56.40000153 -47.40000153
v -23.10000038 -56.40000153 -47.70000076
v -23.10000038 -56.24283218 -48.00000000
v -23.10000038 -56.16231155 -48.29999924
v -23.10000038 -56.12254715 -48.59999847
v -23.10000038 -56.42274094 -33.90000153
v -23.03634644 -56.70000076 -34.20000076
v -23.10000038 -56.70000076 -34.11396408
v -22.92957687 -56.70000076 -34.50000000
v -22.86732292 -56.70000076 -34.79999924
v -22.82456589 -56.70000076 -35.09999847
v -22.81360817 -56.70000076 -45.29999924
v -22.82958794 -56.70000076 -45.59999847
v -22.84762383 -56.70000076 -45.90000153
v -22.87748909 -56.70000076 -46.20000076
v -22.95766258 -56.70000076 -46.50000000
v -23.10000038 -56.61682892 -46.79999924
v -23.10000038 -56.70000076 -46.69340515
v -23.10000038 -56.48286057 -47.09999847
v -23.10000038 -56.42031860 -47.40000153
v -23.10000038 -57.00000000 -34.20000076
v -23.09021950 -57.00000000 -34.50000000
v -23.04454231 -57.00000000 -34.79999924
v -22.96960831 -57.00000000 -35.09999847
v -22.90902138 -57.00000000 -35.40000153
v -22.97803688 -57.00000000 -45.00000000
v -23.07158852 -57.00000000 -45.29999924
v -23.10000038 -57.00000000 -45.59999847
v -23.10000038 -57.00000000 -45.90000153
v -23.10000038 -57.00000000 -46.20000076
v -23.10000038 -57.00000000 -46.50000000
v -23.10000038 -57.01112747 -34.50000000
v -23.10000038 -57.07308960 -34.79999924
v -23.10000038 -57.29999924 -35.09999847
v -23.09000969 -57.29999924 -35.40000153
v -23.01576042 -57.29999924 -35.70000076
v -22.90440750 -57.29999924 -36.00000000
v -22.98716164 -57.29999924 -43.79999924
v -23.08151627 -57.29999924 -44.09999847
v -23.10000038 -57.29999924 -44.40000153
v -23.10000038 -57.29999924 -44.70000076
v -23.10000038 -57.12131119 -45.00000000
v -23.10000038 -57.02664185 -45.29999924
v -23.10000038 -57.31071091 -35.40000153
v -23.10000038 -57.39497375 -35.70000076
v -23.10000038 -57.59999847 -36.00000000
v -23.08589363 -57.59999847 -36.29999924
v -23.05355263 -57.59999847 -36.59999847
v -22.97941589 -57.59999847 -36.90000153
v -22.88173294 -57.59999847 -37.20000076
v -22.88830376 -57.59999847 -42.90000153
v -23.10000038 -57.59999847 -43.20000076
v -23.10000038 -57.47037125 -43.50000000
v -23.10000038 -57.37137604 -43.79999924
v -23.10000038 -57.31248474 -44.09999847
v -23.10000038 -57.61263657 -36.29999924
v -23.10000038 -57.64238739 -36.59999847
v -23.10000038 -57.72040939 -36.90000153
v -23.10000038 -57.90000153 -37.20000076
v -23.09002876 -57.90000153 -37.50000000
v -23.08533287 -57.90000153 -37.79999924
v -23.07348442 -57.90000153 -38.09999847
v -23.04053307 -57.90000153 -38.40000153
v -22.96938324 -57.90000153 -38.70000076
v -22.87608147 -57.90000153 -39.00000000
v -22.92018318 -57.90000153 -41.40000153
v -23.00762177 -57.90000153 -41.70000076
v -23.06404114 -57.90000153 -42.00000000
v -23.09161758 -57.90000153 -42.29999924
v -23.10000038 -57.90000153 -42.59999847
v -23.10000038 -57.73101807 -42.90000153
v -23.10000038 -57.90930176 -37.50000000
v -23.10000038 -57.91402054 -37.79999924
v -23.10000038 -57.92502213 -38.09999847
v -23.10000038 -57.95429993 -38.40000153
v -23.10000038 -58.02612686 -38.70000076
v -23.10000038 -58.20000076 -39.00000000
v -23.07770157 -58.20000076 -39.29999924
v -23.06905174 -58.20000076 -39.59999847
v -23.06541443 -58.20000076 -39.90000153
v -23.06681824 -58.20000076 -40.20000076
v -23.07685280 -58.20000076 -40.50000000
v -23.10000038 -58.20000076 -40.79999924
v -23.10000038 -58.08462524 -41.09999847
v -23.10000038 -58.01301575 -41.40000153
v -23.10000038 -57.96042252 -41.70000076
v -23.10000038 -57.92316437 -42.00000000
v -23.10000038 -57.90523529 -42.29999924
v -23.10000038 -58.22182846 -39.29999924
v -23.10000038 -58.23023224 -39.59999847
v -23.10000038 -58.23316574 -39.90000153
v -23.10000038 -58.23064804 -40.20000076
v -23.10000038 -58.21959305 -40.50000000
v -23.39999962 -50.89116669 -36.59999847
v -23.39999962 -51.00000000 -36.29999924
v -23.39999962 -50.85780716 -36.90000153
v -23.39999962 -50.89065933 -37.20000076
v -23.39999962 -51.00000000 -37.50000000
v -23.39999962 -51.29682922 -35.09999847
v -23.39999962 -51.29999924 -35.09564209
v -23.39999962 -51.17598724 -35.40000153
v -23.39999962 -51.10279083 -35.70000076
v -23.39999962 -51.04791641 -36.00000000
v -23.39999962 -51.05269623 -37.79999924
v -23.39999962 -51.09609985 -38.09999847
v -23.39999962 -51.12688446 -38.40000153
v -23.39999962 -51.15330124 -38.70000076
v -23.39999962 -51.23036194 -39.00000000
v -23.39999962 -51.29999924 -39.11124039
v -23.39999962 -51.59999847 -34.79999924
v -23.39999962 -51.59999847 -39.29999924
v -23.39999962 -51.85570526 -34.50000000
v -23.39999962 -51.90000153 -34.43398666
v -23.39999962 -51.70539856 -39.59999847
v -23.39999962 -51.90000153 -39.90000153
v -23.39999962 -52.18832016 -33.90000153
v -23.39999962 -52.20000076 -33.87768173
v -23.39999962 -52.03554916 -34.20000076
v -23.39999962 -51.94630432 -40.20000076
v -23.39999962 -52.00051117 -40.50000000
v -23.39999962 -52.07412338 -40.79999924
v -23.39999962 -52.20000076 -41.09999847
v -23.39999962 -52.34733963 -33.59999847
v -23.39999962 -52.50000000 -33.29999924
v -23.39999962 -52.28009415 -41.40000153
v -23.39999962 -52.37112045 -41.70000076
v -23.39999962 -52.50000000 -42.00000000
v -23.39999962 -52.77467346 -32.70000076
v -23.39999962 -52.79999924 -32.66522598
v -23.39999962 -52.62645721 -33.00000000
v -23.39999962 -52.51417923 -42.29999924
v -23.39999962 -52.53688812 -42.59999847
v -23.39999962 -52.56533813 -42.90000153
v -23.39999962 -52.59074020 -43.20000076
v -23.39999962 -52.61505127 -43.50000000
v -23.39999962 -52.64503479 -43.79999924
v -23.39999962 -52.69177628 -44.09999847
v -23.39999962 -52.79999924 -44.40000153
v -23.39999962 -53.08132553 -32.40000153
v -23.39999962 -53.09999847 -32.38847733
v -23.39999962 -52.83061218 -44.70000076
v -23.39999962 -52.84885025 -45.00000000
v -23.39999962 -52.85626602 -45.29999924
v -23.39999962 -52.85721207 -45.59999847
v -23.39999962 -52.85464096 -45.90000153
v -23.39999962 -52.84973526 -46.20000076
v -23.39999962 -52.84305954 -46.50000000
v -23.39999962 -52.83528519 -46.79999924
v -23.39999962 -52.82788849 -47.09999847
v -23.39999962 -52.82411194 -47.40000153
v -23.39999962 -52.83040237 -47.70000076
v -23.39999962 -52.85936356 -48.00000000
v -23.39999962 -52.94624329 -48.29999924
v -23.39999962 -53.09999847 -48.50060654
v -23.39999962 -53.40000153 -32.31994629
v -23.39999962 -53.40000153 -48.59999847
v -23.39999962 -53.70000076 -32.31005096
v -23.39999962 -53.40000153 -48.90000153
v -23.39999962 -53.40000153 -49.20000076
v -23.39999962 -53.40000153 -49.50000000
v -23.39999962 -53.40000153 -49.79999924
v -23.39999962 -53.40000153 -50.09999847
v -23.39999962 -53.44936371 -50.40000153
v -23.39999962 -53.70000076 -50.70000076
v -23.39999962 -54.00000000 -32.32069016
v -23.39999962 -53.70000076 -51.00000000
v -23.39999962 -53.70000076 -51.29999924
v -23.39999962 -53.75739288 -51.59999847
v -23.39999962 -54.00000000 -51.90000153
v -23.39999962 -54.29999924 -32.34755325
v -23.39999962 -54.29999924 -52.19339371
v -23.39999962 -54.59429169 -32.40000153
v -23.39999962 -54.59999847 -32.40114975
v -23.39999962 -54.59999847 -52.20000076
v -23.39999962 -54.90000153 -32.46165085
v -23.39999962 -54.90000153 -51.90000153
v -23.39999962 -55.20000076 -32.51148224
v -23.39999962 -55.20000076 -51.88280869
v -23.39999962 -55.50000000 -32.57295609
v -23.39999962 -55.50000000 -51.00000000
v -23.39999962 -55.50000000 -51.29999924
v -23.39999962 -55.46258926 -51.59999847
v -23.39999962 -55.79999924 -32.70000076
v -23.39999962 -55.79999924 -50.09999847
v -23.39999962 -55.78612518 -50.40000153
v -23.39999962 -55.71157074 -50.70000076
v -23.39999962 -56.09999847 -32.85107422
v -23.39999962 -56.09999847 -49.20000076
v -23.39999962 -56.04443741 -49.50000000
v -23.39999962 -55.96682358 -49.79999924
v -23.39999962 -56.24916458 -33.00000000
v -23.39999962 -56.36634445 -33.29999924
v -23.39999962 -56.40000153 -33.59999847
v -23.39999962 -56.40000153 -48.00000000
v -23.39999962 -56.37763596 -48.29999924
v -23.39999962 -56.32790375 -48.59999847
v -23.39999962 -56.24625778 -48.90000153
v -23.39999962 -56.70000076 -33.90000153
v -23.39999962 -56.70000076 -46.79999924
v -23.39999962 -56.65317917 -47.09999847
v -23.39999962 -56.57793045 -47.40000153
v -23.39999962 -56.51735306 -47.70000076
v -23.39999962 -57.00000000 -34.04489899
v -23.39999962 -57.00000000 -46.61524963
v -23.39999962 -57.12276840 -34.20000076
v -23.39999962 -57.23505783 -34.50000000
v -23.39999962 -57.29999924 -34.79999924
v -23.39999962 -57.29999924 -45.00000000
v -23.39999962 -57.24432755 -45.29999924
v -23.39999962 -57.20942307 -45.59999847
v -23.39999962 -57.18801117 -45.90000153
v -23.39999962 -57.15756226 -46.20000076
v -23.39999962 -57.07332611 -46.50000000
v -23.39999962 -57.45872116 -35.09999847
v -23.39999962 -57.54286957 -35.40000153
v -23.39999962 -57.59999847 -35.70000076
v -23.39999962 -57.59793472 -43.50000000
v -23.39999962 -57.59999847 -43.49472046
v -23.39999962 -57.50876617 -43.79999924
v -23.39999962 -57.45859528 -44.09999847
v -23.39999962 -57.42821884 -44.40000153
v -23.39999962 -57.38756943 -44.70000076
v -23.39999962 -57.75724792 -36.00000000
v -23.39999962 -57.83314514 -36.29999924
v -23.39999962 -57.87336731 -36.59999847
v -23.39999962 -57.90000153 -36.90000153
v -23.39999962 -57.83876801 -42.90000153
v -23.39999962 -57.90000153 -42.75520325
v -23.39999962 -57.71169281 -43.20000076
v -23.39999962 -58.07235718 -37.20000076
v -23.39999962 -58.15699387 -37.50000000
v -23.39999962 -58.19282150 -37.79999924
v -23.39999962 -58.20000076 -38.09999847
v -23.39999962 -58.19789124 -38.40000153
v -23.39999962 -58.20000076 -38.70000076
v -23.39999962 -58.20000076 -41.09999847
v -23.39999962 -58.16934204 -41.40000153
v -23.39999962 -58.12743378 -41.70000076
v -23.39999962 -58.07899857 -42.00000000
v -23.39999962 -58.02728271 -42.29999924
v -23.39999962 -57.95928192 -42.59999847
v -23.39999962 -58.40167999 -39.00000000
v -23.39999962 -58.49272537 -39.29999924
v -23.39999962 -58.50000000 -39.59999847
v -23.39999962 -58.50000000 -39.90000153
v -23.39999962 -58.50000000 -40.20000076
v -23.39999962 -58.45159912 -40.50000000
v -23.39999962 -58.34225464 -40.79999924
v -23.50744247 -51.00000000 -36.00000000
v -23.70000076 -50.91767120 -36.00000000
v -23.70000076 -51.00000000 -35.70000076
v -23.70000076 -50.83645630 -36.29999924
v -23.70000076 -50.77083206 -36.59999847
v -23.70000076 -50.74519348 -36.90000153
v -23.70000076 -50.76262665 -37.20000076
v -23.70000076 -50.81058502 -37.50000000
v -23.48107338 -51.00000000 -37.79999924
v -23.70000076 -50.86411285 -37.79999924
v -23.56796074 -51.00000000 -38.09999847
v -23.70000076 -50.92454147 -38.09999847
v -23.70000076 -51.00000000 -38.40000153
v -23.70000076 -51.29999924 -35.09999847
v -23.70000076 -51.12719727 -35.40000153
v -23.70000076 -51.02473831 -38.70000076
v -23.70000076 -51.09065628 -39.00000000
v -23.57374954 -51.29999924 -39.29999924
v -23.70000076 -51.20038986 -39.29999924
v -23.70000076 -51.29999924 -39.59999847
v -23.70000076 -51.59999847 -34.79999924
v -23.50680923 -51.59999847 -39.59999847
v -23.70000076 -51.59999847 -39.88951111
v -23.70000076 -51.90000153 -34.50000000
v -23.70000076 -51.60709000 -39.90000153
v -23.47759819 -51.90000153 -40.20000076
v -23.70000076 -51.75447464 -40.20000076
v -23.57604790 -51.90000153 -40.50000000
v -23.70000076 -51.82299805 -40.50000000
v -23.70000076 -51.90000153 -40.79999924
v -23.55961418 -52.20000076 -33.90000153
v -23.70000076 -52.05366135 -34.20000076
v -23.70000076 -52.20000076 -33.91975784
v -23.70000076 -51.99186325 -41.09999847
v -23.53896332 -52.20000076 -41.40000153
v -23.70000076 -52.09834290 -41.40000153
v -23.70000076 -52.20000076 -41.70000076
v -23.70000076 -52.35917282 -33.59999847
v -23.70000076 -52.50000000 -33.29999924
v -23.70000076 -52.21025085 -33.90000153
v -23.70000076 -52.27836609 -42.00000000
v -23.42323303 -52.50000000 -42.29999924
v -23.70000076 -52.32305908 -42.29999924
v -23.45810699 -52.50000000 -42.59999847
v -23.70000076 -52.34838104 -42.59999847
v -23.49926186 -52.50000000 -42.90000153
v -23.70000076 -52.37120438 -42.90000153
v -23.54158211 -52.50000000 -43.20000076
v -23.70000076 -52.39985275 -43.20000076
v -23.59980583 -52.50000000 -43.50000000
v -23.70000076 -52.44063568 -43.50000000
v -23.70000076 -52.50000000 -43.79999924
v -23.70000076 -52.78088379 -32.70000076
v -23.70000076 -52.79999924 -32.67508316
v -23.70000076 -52.62564468 -33.00000000
v -23.70000076 -52.52949905 -44.09999847
v -23.70000076 -52.57167053 -44.40000153
v -23.43962669 -52.79999924 -44.70000076
v -23.70000076 -52.60382080 -44.70000076
v -23.46274757 -52.79999924 -45.00000000
v -23.70000076 -52.62398911 -45.00000000
v -23.47372818 -52.79999924 -45.29999924
v -23.70000076 -52.63536453 -45.29999924
v -23.47598457 -52.79999924 -45.59999847
v -23.70000076 -52.63953400 -45.59999847
v -23.47246361 -52.79999924 -45.90000153
v -23.70000076 -52.63748932 -45.90000153
v -23.46497345 -52.79999924 -46.20000076
v -23.70000076 -52.63027573 -46.20000076
v -23.45492554 -52.79999924 -46.50000000
v -23.70000076 -52.61955261 -46.50000000
v -23.44390678 -52.79999924 -46.79999924
v -23.70000076 -52.60795975 -46.79999924
v -23.43420029 -52.79999924 -47.09999847
v -23.70000076 -52.59917068 -47.09999847
v -23.42994881 -52.79999924 -47.40000153
v -23.70000076 -52.59815598 -47.40000153
v -23.43989182 -52.79999924 -47.70000076
v -23.70000076 -52.61091995 -47.70000076
v -23.48226738 -52.79999924 -48.00000000
v -23.70000076 -52.64392471 -48.00000000
v -23.57325363 -52.79999924 -48.29999924
v -23.70000076 -52.70075226 -48.29999924
v -23.66823387 -52.79999924 -48.59999847
v -23.70000076 -52.76752472 -48.59999847
v -23.70000076 -52.79999924 -48.90000153
v -23.70000076 -53.09999847 -32.40000153
v -23.46658134 -53.09999847 -48.59999847
v -23.54523277 -53.09999847 -48.90000153
v -23.56512070 -53.09999847 -49.20000076
v -23.70000076 -52.79999924 -49.20000076
v -23.58521652 -53.09999847 -49.50000000
v -23.70000076 -52.90169907 -49.50000000
v -23.60989380 -53.09999847 -49.79999924
v -23.70000076 -52.96510696 -49.79999924
v -23.63981628 -53.09999847 -50.09999847
v -23.70000076 -53.02149582 -50.09999847
v -23.67486954 -53.09999847 -50.40000153
v -23.70000076 -53.06940842 -50.40000153
v -23.70000076 -53.09999847 -50.70000076
v -23.70000076 -53.40000153 -32.33124924
v -23.43864822 -53.40000153 -50.40000153
v -23.51273537 -53.40000153 -50.70000076
v -23.54589462 -53.40000153 -51.00000000
v -23.70000076 -53.09999847 -51.00000000
v -23.58422661 -53.40000153 -51.29999924
v -23.70000076 -53.09999847 -51.29999924
v -23.70000076 -53.40000153 -51.59999847
v -23.70000076 -53.70000076 -32.30785370
v -23.45030212 -53.70000076 -51.59999847
v -23.57405281 -53.70000076 -51.90000153
v -23.70000076 -53.50551605 -51.90000153
v -23.70000076 -53.70000076 -52.20000076
v -23.70000076 -54.00000000 -32.31180191
v -23.52494812 -54.00000000 -52.20000076
v -23.62707329 -54.00000000 -52.50000000
v -23.70000076 -53.80799484 -52.50000000
v -23.70000076 -54.00000000 -52.79999924
v -23.70000076 -54.29999924 -32.33395386
v -23.40435600 -54.29999924 -52.20000076
v -23.54946327 -54.29999924 -52.50000000
v -23.63287163 -54.29999924 -52.79999924
v -23.67520332 -54.29999924 -53.09999847
v -23.70000076 -54.14239883 -53.09999847
v -23.70000076 -54.29999924 -53.40000153
v -23.40876198 -54.59999847 -32.40000153
v -23.70000076 -54.59999847 -32.36554337
v -23.52842331 -54.59999847 -52.50000000
v -23.61159134 -54.59999847 -52.79999924
v -23.66516304 -54.59999847 -53.09999847
v -23.70000076 -54.59999847 -53.40000153
v -23.70000076 -54.90000153 -32.40000153
v -23.46940422 -54.90000153 -52.20000076
v -23.55595779 -54.90000153 -52.50000000
v -23.63452721 -54.90000153 -52.79999924
v -23.70000076 -54.90000153 -53.09999847
v -23.70000076 -55.20000076 -32.41683578
v -23.41069794 -55.20000076 -51.90000153
v -23.53664970 -55.20000076 -52.20000076
v -23.62525940 -55.20000076 -52.50000000
v -23.70000076 -55.20000076 -52.79999924
v -23.70000076 -55.50000000 -32.44543457
v -23.42833519 -55.50000000 -51.59999847
v -23.52803802 -55.50000000 -51.90000153
v -23.64119911 -55.50000000 -52.20000076
v -23.70000076 -55.40122986 -52.50000000
v -23.70000076 -55.50000000 -52.37931061
v -23.70000076 -55.79999924 -32.50618362
v -23.41473579 -55.79999924 -50.40000153
v -23.49015045 -55.79999924 -50.70000076
v -23.59469032 -55.79999924 -51.00000000
v -23.64587975 -55.79999924 -51.29999924
v -23.67150879 -55.79999924 -51.59999847
v -23.70000076 -55.79999924 -51.90000153
v -23.70000076 -55.60561752 -52.20000076
v -23.59350586 -56.09999847 -32.70000076
v -23.70000076 -56.09999847 -32.62034988
v -23.47738647 -56.09999847 -49.50000000
v -23.57538605 -56.09999847 -49.79999924
v -23.66267586 -56.09999847 -50.09999847
v -23.70000076 -56.09999847 -50.40000153
v -23.70000076 -55.99557114 -50.70000076
v -23.70000076 -55.90957260 -51.00000000
v -23.70000076 -55.85747528 -51.29999924
v -23.70000076 -55.83105850 -51.59999847
v -23.70000076 -56.22831345 -32.70000076
v -23.57411003 -56.40000153 -33.00000000
v -23.70000076 -56.40000153 -32.85160828
v -23.43757629 -56.40000153 -33.29999924
v -23.42987251 -56.40000153 -48.29999924
v -23.51074219 -56.40000153 -48.59999847
v -23.64615822 -56.40000153 -48.90000153
v -23.70000076 -56.34085846 -49.20000076
v -23.70000076 -56.40000153 -49.01085663
v -23.70000076 -56.26245499 -49.50000000
v -23.70000076 -56.19261169 -49.79999924
v -23.70000076 -56.13178635 -50.09999847
v -23.70000076 -56.53138733 -33.00000000
v -23.70000076 -56.70000076 -33.29999924
v -23.54879951 -56.70000076 -33.59999847
v -23.46374512 -56.70000076 -47.09999847
v -23.70000076 -56.70000076 -47.40000153
v -23.70000076 -56.70000076 -47.70000076
v -23.70000076 -56.69648743 -48.00000000
v -23.70000076 -56.63397217 -48.29999924
v -23.70000076 -56.52825546 -48.59999847
v -23.70000076 -56.43516159 -48.90000153
v -23.70000076 -57.00000000 -33.59999847
v -23.53591919 -57.00000000 -33.90000153
v -23.57516479 -57.00000000 -46.79999924
v -23.70000076 -57.00000000 -47.09999847
v -23.70000076 -57.16372299 -33.90000153
v -23.65607643 -57.29999924 -34.20000076
v -23.70000076 -57.29999924 -34.13738251
v -23.49222755 -57.29999924 -34.50000000
v -23.49856377 -57.29999924 -45.29999924
v -23.56814194 -57.29999924 -45.59999847
v -23.63601875 -57.29999924 -45.90000153
v -23.70000076 -57.28263474 -46.20000076
v -23.70000076 -57.29999924 -46.09287262
v -23.70000076 -57.20789337 -46.50000000
v -23.70000076 -57.09761429 -46.79999924
v -23.70000076 -57.32917404 -34.20000076
v -23.70000076 -57.45084000 -34.50000000
v -23.70000076 -57.56266403 -34.79999924
v -23.59577179 -57.59999847 -35.09999847
v -23.70000076 -57.59999847 -34.89696884
v -23.47464943 -57.59999847 -35.40000153
v -23.40618324 -57.59999847 -43.50000000
v -23.70000076 -57.59999847 -43.79999924
v -23.70000076 -57.56177902 -44.09999847
v -23.70000076 -57.53076553 -44.40000153
v -23.70000076 -57.49388885 -44.70000076
v -23.70000076 -57.44601822 -45.00000000
v -23.70000076 -57.40251160 -45.29999924
v -23.70000076 -57.36512375 -45.59999847
v -23.70000076 -57.32880402 -45.90000153
v -23.70000076 -57.67501068 -35.09999847
v -23.70000076 -57.77563477 -35.40000153
v -23.70000076 -57.87659454 -35.70000076
v -23.59237289 -57.90000153 -36.00000000
v -23.70000076 -57.90000153 -35.76495361
v -23.48763657 -57.90000153 -36.29999924
v -23.43277359 -57.90000153 -36.59999847
v -23.70000076 -57.90000153 -42.90000153
v -23.70000076 -57.79412079 -43.20000076
v -23.70000076 -57.69107056 -43.50000000
v -23.70000076 -57.98405075 -36.00000000
v -23.70000076 -58.07320023 -36.29999924
v -23.70000076 -58.13813019 -36.59999847
v -23.70000076 -58.20000076 -36.90000153
v -23.54924965 -58.20000076 -37.20000076
v -23.44766617 -58.20000076 -37.50000000
v -23.40753365 -58.20000076 -37.79999924
v -23.40235329 -58.20000076 -38.40000153
v -23.45735550 -58.20000076 -41.40000153
v -23.55287552 -58.20000076 -41.70000076
v -23.70000076 -58.20000076 -42.00000000
v -23.70000076 -58.12091827 -42.29999924
v -23.70000076 -58.02071381 -42.59999847
v -23.70000076 -58.35456467 -37.20000076
v -23.70000076 -58.45893097 -37.50000000
v -23.70000076 -58.49829102 -37.79999924
v -23.70000076 -58.50000000 -38.09999847
v -23.70000076 -58.49945831 -38.40000153
v -23.70000076 -58.50000000 -38.70000076
v -23.49903679 -58.50000000 -39.00000000
v -23.40750504 -58.50000000 -39.29999924
v -23.45810127 -58.50000000 -40.50000000
v -23.70000076 -58.50000000 -40.79999924
v -23.70000076 -58.43741608 -41.09999847
v -23.70000076 -58.34669113 -41.40000153
v -23.70000076 -58.27298355 -41.70000076
v -23.70000076 -58.79999924 -39.00000000
v -23.70000076 -58.79999924 -39.29999924
v -23.70000076 -58.79999924 -39.59999847
v -23.70000076 -58.79999924 -39.90000153
v -23.70000076 -58.79999924 -40.20000076
v -23.70000076 -58.79999924 -40.50000000
v -23.87657738 -50.70000076 -36.59999847
v -24.00000000 -50.65326309 -36.59999847
v -24.00000000 -50.70000076 -36.29999924
v -23.81751442 -50.70000076 -36.90000153
v -24.00000000 -50.63222122 -36.90000153
v -23.84414291 -50.70000076 -37.20000076
v -24.00000000 -50.63605499 -37.20000076
v -23.91641426 -50.70000076 -37.50000000
v -24.00000000 -50.66070175 -37.50000000
v -24.00000000 -50.70000076 -37.79999924
v -24.00000000 -50.81570816 -36.00000000
v -24.00000000 -51.00000000 -35.70000076
v -24.00000000 -50.75856400 -38.09999847
v -24.00000000 -50.81565475 -38.40000153
v -23.74737167 -51.00000000 -38.70000076
v -24.00000000 -50.86584854 -38.70000076
v -23.85879707 -51.00000000 -39.00000000
v -24.00000000 -50.92757797 -39.00000000
v -24.00000000 -51.00000000 -39.29999924
v -24.00000000 -51.11447906 -35.40000153
v -24.00000000 -51.29999924 -35.09999847
v -24.00000000 -51.11614609 -39.59999847
v -24.00000000 -51.29999924 -39.90000153
v -24.00000000 -51.59999847 -34.79999924
v -23.70819092 -51.59999847 -39.90000153
v -24.00000000 -51.59999847 -40.20000076
v -24.00000000 -51.90000153 -34.50000000
v -24.00000000 -51.59999847 -40.50000000
v -24.00000000 -51.62938690 -40.79999924
v -23.82049179 -51.90000153 -41.09999847
v -24.00000000 -51.72962570 -41.09999847
v -24.00000000 -51.90000153 -41.40000153
v -24.00000000 -52.08739471 -34.20000076
v -24.00000000 -52.20000076 -34.00371552
v -24.00000000 -52.00043869 -41.70000076
v -23.81636047 -52.20000076 -42.00000000
v -24.00000000 -52.07868958 -42.00000000
v -23.88271141 -52.20000076 -42.29999924
v -24.00000000 -52.12048721 -42.29999924
v -23.92238426 -52.20000076 -42.59999847
v -24.00000000 -52.14657211 -42.59999847
v -23.96059799 -52.20000076 -42.90000153
v -24.00000000 -52.17301178 -42.90000153
v -24.00000000 -52.20000076 -43.13591003
v -24.00000000 -52.40900803 -33.59999847
v -24.00000000 -52.50000000 -33.38394547
v -24.00000000 -52.25753403 -33.90000153
v -24.00000000 -52.20716858 -43.20000076
v -24.00000000 -52.24800110 -43.50000000
v -24.00000000 -52.29098892 -43.79999924
v -23.74456215 -52.50000000 -44.09999847
v -24.00000000 -52.32732010 -44.09999847
v -23.79901886 -52.50000000 -44.40000153
v -24.00000000 -52.35905075 -44.40000153
v -23.84117508 -52.50000000 -44.70000076
v -24.00000000 -52.38665009 -44.70000076
v -23.87109947 -52.50000000 -45.00000000
v -24.00000000 -52.40867615 -45.00000000
v -23.89149857 -52.50000000 -45.29999924
v -24.00000000 -52.42503738 -45.29999924
v -23.90185356 -52.50000000 -45.59999847
v -24.00000000 -52.43380737 -45.59999847
v -23.90091896 -52.50000000 -45.90000153
v -24.00000000 -52.43405914 -45.90000153
v -23.88929176 -52.50000000 -46.20000076
v -24.00000000 -52.42620468 -46.20000076
v -23.87066841 -52.50000000 -46.50000000
v -24.00000000 -52.41239929 -46.50000000
v -23.85170364 -52.50000000 -46.79999924
v -24.00000000 -52.39762878 -46.79999924
v -23.83961868 -52.50000000 -47.09999847
v -24.00000000 -52.38938904 -47.09999847
v -23.83930016 -52.50000000 -47.40000153
v -24.00000000 -52.38867188 -47.40000153
v -23.85577583 -52.50000000 -47.70000076
v -24.00000000 -52.39685822 -47.70000076
v -23.89044380 -52.50000000 -48.00000000
v -24.00000000 -52.41625595 -48.00000000
v -23.93680573 -52.50000000 -48.29999924
v -24.00000000 -52.44813919 -48.29999924
v -23.98137665 -52.50000000 -48.59999847
v -24.00000000 -52.48462677 -48.59999847
v -24.00000000 -52.50000000 -48.90000153
v -24.00000000 -52.79999924 -32.70000076
v -24.00000000 -52.65772247 -33.00000000
v -24.00000000 -52.53462219 -33.29999924
v -24.00000000 -52.50000000 -49.20000076
v -23.76498795 -52.79999924 -49.50000000
v -24.00000000 -52.50000000 -49.50000000
v -23.81088829 -52.79999924 -49.79999924
v -24.00000000 -52.50000000 -49.79999924
v -23.87017441 -52.79999924 -50.09999847
v -24.00000000 -52.64270020 -50.09999847
v -23.92547607 -52.79999924 -50.40000153
v -24.00000000 -52.71955490 -50.40000153
v -23.95960426 -52.79999924 -50.70000076
v -24.00000000 -52.75844193 -50.70000076
v -23.97412109 -52.79999924 -51.00000000
v -24.00000000 -52.77401733 -51.00000000
v -23.98347664 -52.79999924 -51.29999924
v -24.00000000 -52.78285980 -51.29999924
v -24.00000000 -52.79999924 -51.59999847
v -24.00000000 -53.09999847 -32.50376511
v -23.82677841 -53.09999847 -51.59999847
v -23.90853119 -53.09999847 -51.90000153
v -24.00000000 -52.93523026 -51.90000153
v -23.96340942 -53.09999847 -52.20000076
v -24.00000000 -53.03091049 -52.20000076
v -23.99228859 -53.09999847 -52.50000000
v -24.00000000 -53.08450699 -52.50000000
v -24.00000000 -53.09999847 -52.79999924
v -24.00000000 -53.40000153 -32.40000153
v -23.75676918 -53.40000153 -51.90000153
v -23.81780052 -53.40000153 -52.20000076
v -23.85447884 -53.40000153 -52.50000000
v -23.87386703 -53.40000153 -52.79999924
v -23.88437462 -53.40000153 -53.09999847
v -24.00000000 -53.09999847 -53.09999847
v -23.89056396 -53.40000153 -53.40000153
v -24.00000000 -53.09999847 -53.40000153
v -23.89426804 -53.40000153 -53.70000076
v -24.00000000 -53.09999847 -53.70000076
v -23.89720345 -53.40000153 -54.00000000
v -24.00000000 -53.09999847 -54.00000000
v -23.90258598 -53.40000153 -54.29999924
v -24.00000000 -53.09999847 -54.29999924
v -23.91665840 -53.40000153 -54.59999847
v -24.00000000 -53.09999847 -54.59999847
v -23.95289993 -53.40000153 -54.90000153
v -24.00000000 -53.09999847 -54.90000153
v -24.00000000 -53.40000153 -55.08654785
v -24.00000000 -53.70000076 -32.35443878
v -23.73742294 -53.70000076 -52.50000000
v -23.77025223 -53.70000076 -52.79999924
v -23.79071045 -53.70000076 -53.09999847
v -23.80569267 -53.70000076 -53.40000153
v -23.81950760 -53.70000076 -53.70000076
v -23.83478737 -53.70000076 -54.00000000
v -23.85455704 -53.70000076 -54.29999924
v -23.88465881 -53.70000076 -54.59999847
v -23.93270302 -53.70000076 -54.90000153
v -24.00000000 -53.70000076 -55.20000076
v -24.00000000 -54.00000000 -32.34400558
v -23.72240448 -54.00000000 -53.09999847
v -23.74317741 -54.00000000 -53.40000153
v -23.77020454 -54.00000000 -53.70000076
v -23.80052567 -54.00000000 -54.00000000
v -23.83497810 -54.00000000 -54.29999924
v -23.87780190 -54.00000000 -54.59999847
v -23.93288040 -54.00000000 -54.90000153
v -24.00000000 -54.00000000 -55.20000076
v -24.00000000 -54.29999924 -32.35274506
v -23.74610138 -54.29999924 -53.70000076
v -23.79116440 -54.29999924 -54.00000000
v -23.83804893 -54.29999924 -54.29999924
v -23.89096451 -54.29999924 -54.59999847
v -23.95590401 -54.29999924 -54.90000153
v -24.00000000 -54.29999924 -55.05830383
v -24.00000000 -54.59999847 -32.36640167
v -23.75571251 -54.59999847 -53.70000076
v -23.80894661 -54.59999847 -54.00000000
v -23.86499405 -54.59999847 -54.29999924
v -23.92759323 -54.59999847 -54.59999847
v -24.00000000 -54.59999847 -54.90000153
v -24.00000000 -54.90000153 -32.37367249
v -23.75090981 -54.90000153 -53.40000153
v -23.80385590 -54.90000153 -53.70000076
v -23.85800552 -54.90000153 -54.00000000
v -23.91784286 -54.90000153 -54.29999924
v -24.00000000 -54.90000153 -54.59999847
v -23.79649162 -55.20000076 -32.40000153
v -24.00000000 -55.20000076 -32.36660767
v -23.77753830 -55.20000076 -53.09999847
v -23.83668900 -55.20000076 -53.40000153
v -23.88695717 -55.20000076 -53.70000076
v -23.94969177 -55.20000076 -54.00000000
v -24.00000000 -55.20000076 -54.29999924
v -23.83631897 -55.50000000 -32.40000153
v -24.00000000 -55.50000000 -32.34982300
v -23.74098969 -55.50000000 -52.50000000
v -23.82874680 -55.50000000 -52.79999924
v -23.91608620 -55.50000000 -53.09999847
v -23.97770309 -55.50000000 -53.40000153
v -24.00000000 -55.50000000 -53.70000076
v -24.00000000 -55.29052734 -54.00000000
v -23.88262749 -55.79999924 -32.40000153
v -24.00000000 -55.79999924 -32.33731079
v -23.82873535 -55.79999924 -52.20000076
v -23.93386841 -55.79999924 -52.50000000
v -24.00000000 -55.79999924 -52.79999924
v -24.00000000 -55.62097931 -53.09999847
v -24.00000000 -55.52900314 -53.40000153
v -23.96063423 -56.09999847 -32.40000153
v -24.00000000 -56.09999847 -32.36832428
v -23.82502937 -56.09999847 -50.70000076
v -23.91291809 -56.09999847 -51.00000000
v -23.96434593 -56.09999847 -51.29999924
v -23.98596764 -56.09999847 -51.59999847
v -24.00000000 -56.09999847 -51.90000153
v -24.00000000 -55.97486877 -52.20000076
v -24.00000000 -55.86843109 -52.50000000
v -24.00000000 -56.17649460 -32.40000153
v -23.81948853 -56.40000153 -32.70000076
v -24.00000000 -56.40000153 -32.51296616
v -23.78469658 -56.40000153 -49.20000076
v -23.88973618 -56.40000153 -49.50000000
v -23.97444725 -56.40000153 -49.79999924
v -24.00000000 -56.35638809 -50.09999847
v -24.00000000 -56.40000153 -49.89045715
v -24.00000000 -56.29371262 -50.40000153
v -24.00000000 -56.22536850 -50.70000076
v -24.00000000 -56.16545868 -51.00000000
v -24.00000000 -56.12725449 -51.29999924
v -24.00000000 -56.11075211 -51.59999847
v -24.00000000 -56.65769958 -32.70000076
v -23.82367516 -56.70000076 -33.00000000
v -24.00000000 -56.70000076 -32.73648834
v -23.70345879 -56.70000076 -48.00000000
v -23.77048874 -56.70000076 -48.29999924
v -24.00000000 -56.70000076 -48.59999847
v -24.00000000 -56.64328003 -48.90000153
v -24.00000000 -56.54741287 -49.20000076
v -24.00000000 -56.48012543 -49.50000000
v -24.00000000 -56.41923141 -49.79999924
v -24.00000000 -57.00000000 -33.00000000
v -23.87795830 -57.00000000 -33.29999924
v -23.94383240 -57.00000000 -47.40000153
v -24.00000000 -57.00000000 -47.70000076
v -24.00000000 -57.00000000 -48.00000000
v -24.00000000 -57.00000000 -48.29999924
v -24.00000000 -57.13960648 -33.29999924
v -24.00000000 -57.28318405 -33.59999847
v -23.84921837 -57.29999924 -33.90000153
v -24.00000000 -57.29999924 -33.63519669
v -23.74378967 -57.29999924 -46.20000076
v -23.89161110 -57.29999924 -46.50000000
v -24.00000000 -57.29999924 -46.79999924
v -24.00000000 -57.15892792 -47.09999847
v -24.00000000 -57.04106522 -47.40000153
v -24.00000000 -57.41176224 -33.90000153
v -24.00000000 -57.54694366 -34.20000076
v -23.89626503 -57.59999847 -34.50000000
v -24.00000000 -57.59999847 -34.31874084
v -23.74665833 -57.59999847 -34.79999924
v -23.82945633 -57.59999847 -44.09999847
v -23.93117905 -57.59999847 -44.40000153
v -24.00000000 -57.59999847 -44.70000076
v -24.00000000 -57.55931473 -45.00000000
v -24.00000000 -57.52218628 -45.29999924
v -24.00000000 -57.48500824 -45.59999847
v -24.00000000 -57.44308090 -45.90000153
v -24.00000000 -57.39411926 -46.20000076
v -24.00000000 -57.34309006 -46.50000000
v -24.00000000 -57.67681122 -34.50000000
v -24.00000000 -57.79214096 -34.79999924
v -24.00000000 -57.90000153 -35.09999847
v -23.86223602 -57.90000153 -35.40000153
v -23.72880173 -57.90000153 -35.70000076
v -24.00000000 -57.86295319 -43.20000076
v -24.00000000 -57.90000153 -43.09356308
v -24.00000000 -57.77024078 -43.50000000
v -24.00000000 -57.69626617 -43.79999924
v -24.00000000 -57.64899063 -44.09999847
v -24.00000000 -57.61968231 -44.40000153
v -24.00000000 -58.00194931 -35.40000153
v -24.00000000 -58.11323929 -35.70000076
v -23.95793533 -58.20000076 -36.00000000
v -24.00000000 -58.20000076 -35.91492844
v -23.83977127 -58.20000076 -36.29999924
v -23.76398849 -58.20000076 -36.59999847
v -24.00000000 -58.20000076 -42.29999924
v -24.00000000 -58.08358383 -42.59999847
v -24.00000000 -57.96852112 -42.90000153
v -24.00000000 -58.23809052 -36.00000000
v -24.00000000 -58.37046432 -36.29999924
v -24.00000000 -58.45676422 -36.59999847
v -24.00000000 -58.50000000 -36.90000153
v -23.82220078 -58.50000000 -37.20000076
v -23.73625565 -58.50000000 -37.50000000
v -23.70158768 -58.50000000 -37.79999924
v -23.70048714 -58.50000000 -38.40000153
v -23.77277756 -58.50000000 -41.09999847
v -24.00000000 -58.50000000 -41.40000153
v -24.00000000 -58.39815521 -41.70000076
v -24.00000000 -58.30084229 -42.00000000
v -24.00000000 -58.79999924 -37.20000076
v -23.99098396 -58.79999924 -37.50000000
v -23.97468948 -58.79999924 -37.79999924
v -23.96272087 -58.79999924 -38.09999847
v -23.94421768 -58.79999924 -38.40000153
v -23.88778687 -58.79999924 -38.70000076
v -23.92076302 -58.79999924 -40.79999924
v -24.00000000 -58.79999924 -41.09999847
v -24.00000000 -58.80876541 -37.50000000
v -24.00000000 -58.82616806 -37.79999924
v -24.00000000 -58.83938217 -38.09999847
v -24.00000000 -58.85788345 -38.40000153
v -24.00000000 -58.89994812 -38.70000076
v -24.00000000 -58.95293808 -39.00000000
v -24.00000000 -58.97116470 -39.29999924
v -24.00000000 -58.97570038 -39.59999847
v -24.00000000 -58.97408676 -39.90000153
v -24.00000000 -58.96205521 -40.20000076
v -24.00000000 -58.92937469 -40.50000000
v -24.00000000 -58.85763168 -40.79999924
v -24.29999924 -50.61213684 -36.29999924
v -24.29999924 -50.70000076 -36.00000000
v -24.29999924 -50.55408096 -36.59999847
v -24.29999924 -50.52420044 -36.90000153
v -24.29999924 -50.52015686 -37.20000076
v -24.29999924 -50.53822708 -37.50000000
v -24.29999924 -50.57362366 -37.79999924
v -24.12175751 -50.70000076 -38.09999847
v -24.29999924 -50.61981201 -38.09999847
v -24.22480965 -50.70000076 -38.40000153
v -24.29999924 -50.66452789 -38.40000153
v -24.29999924 -50.70000076 -38.70000076
v -24.29999924 -50.92860031 -35.70000076
v -24.29999924 -51.00000000 -35.58869553
v -24.29999924 -50.77586365 -39.00000000
v -24.29999924 -50.84756088 -39.29999924
v -24.17098999 -51.00000000 -39.59999847
v -24.29999924 -50.92531586 -39.59999847
v -24.29999924 -51.00000000 -39.90000153
v -24.29999924 -51.11196899 -35.40000153
v -24.29999924 -51.29999924 -35.09999847
v -24.18028450 -51.29999924 -40.20000076
v -24.29999924 -51.16717911 -40.20000076
v -24.26360130 -51.29999924 -40.50000000
v -24.29999924 -51.26282120 -40.50000000
v -24.29534340 -51.29999924 -40.79999924
v -24.29999924 -51.29569626 -40.79999924
v -24.29999924 -51.29999924 -41.09999847
v -24.29999924 -51.59999847 -34.83506393
v -24.02825165 -51.59999847 -40.79999924
v -24.11468887 -51.59999847 -41.09999847
v -24.29999924 -51.59999847 -41.40000153
v -24.29999924 -51.63810349 -34.79999924
v -24.29999924 -51.90000153 -34.53742599
v -24.14842415 -51.90000153 -41.70000076
v -24.29999924 -51.78629684 -41.70000076
v -24.29999924 -51.90000153 -42.00000000
v -24.29999924 -52.14638901 -34.20000076
v -24.29999924 -52.20000076 -34.11479950
v -24.29999924 -51.93107605 -34.50000000
v -24.29999924 -51.90507126 -42.29999924
v -24.29999924 -51.92066956 -42.59999847
v -24.29999924 -51.95680237 -42.90000153
v -24.01108170 -52.20000076 -43.20000076
v -24.29999924 -52.00477982 -43.20000076
v -24.07366753 -52.20000076 -43.50000000
v -24.29999924 -52.05086136 -43.50000000
v -24.13210869 -52.20000076 -43.79999924
v -24.29999924 -52.08599854 -43.79999924
v -24.17962074 -52.20000076 -44.09999847
v -24.29999924 -52.11558914 -44.09999847
v -24.22631073 -52.20000076 -44.40000153
v -24.29999924 -52.14953613 -44.40000153
v -24.26859474 -52.20000076 -44.70000076
v -24.29999924 -52.17885208 -44.70000076
v -24.29999924 -52.20000076 -45.00000000
v -24.29999924 -52.50000000 -33.59999847
v -24.29999924 -52.32795334 -33.90000153
v -24.29999924 -52.22304535 -45.29999924
v -24.29999924 -52.23669815 -45.59999847
v -24.29999924 -52.24067688 -45.90000153
v -24.29999924 -52.23529816 -46.20000076
v -24.29999924 -52.22095490 -46.50000000
v -24.29999924 -52.20000076 -46.79999924
v -24.29999924 -52.20000076 -47.09999847
v -24.29999924 -52.20000076 -47.40000153
v -24.29999924 -52.20000076 -47.70000076
v -24.29999924 -52.20000076 -48.00000000
v -24.29999924 -52.20000076 -48.29999924
v -24.29999924 -52.25882339 -48.59999847
v -24.29999924 -52.29114532 -48.90000153
v -24.29999924 -52.30147552 -49.20000076
v -24.29999924 -52.30445099 -49.50000000
v -24.29999924 -52.31895828 -49.79999924
v -24.14200401 -52.50000000 -50.09999847
v -24.29999924 -52.36499405 -50.09999847
v -24.21584702 -52.50000000 -50.40000153
v -24.29999924 -52.41737366 -50.40000153
v -24.25676346 -52.50000000 -50.70000076
v -24.29999924 -52.45584106 -50.70000076
v -24.27894783 -52.50000000 -51.00000000
v -24.29999924 -52.47840500 -51.00000000
v -24.29187775 -52.50000000 -51.29999924
v -24.29999924 -52.49168777 -51.29999924
v -24.29999924 -52.50000000 -51.59999847
v -24.29999924 -52.72507858 -33.00000000
v -24.29999924 -52.79999924 -32.88005829
v -24.29999924 -52.59974670 -33.29999924
v -24.08145332 -52.79999924 -51.90000153
v -24.29999924 -52.50000000 -51.90000153
v -24.12360382 -52.79999924 -52.20000076
v -24.29999924 -52.50000000 -52.20000076
v -24.14162445 -52.79999924 -52.50000000
v -24.29999924 -52.50000000 -52.50000000
v -24.14570999 -52.79999924 -52.79999924
v -24.29999924 -52.50000000 -52.79999924
v -24.14323616 -52.79999924 -53.09999847
v -24.29999924 -52.50000000 -53.09999847
v -24.14042854 -52.79999924 -53.40000153
v -24.29999924 -52.50000000 -53.40000153
v -24.14496231 -52.79999924 -53.70000076
v -24.29999924 -52.50000000 -53.70000076
v -24.16949654 -52.79999924 -54.00000000
v -24.29999924 -52.62185287 -54.00000000
v -24.19926834 -52.79999924 -54.29999924
v -24.29999924 -52.68808365 -54.29999924
v -24.22517586 -52.79999924 -54.59999847
v -24.29999924 -52.72502136 -54.59999847
v -24.25453568 -52.79999924 -54.90000153
v -24.29999924 -52.75464630 -54.90000153
v -24.29999924 -52.79999924 -55.20000076
v -24.29999924 -52.96953964 -32.70000076
v -24.29999924 -53.09999847 -32.60883331
v -24.11899948 -53.09999847 -55.20000076
v -24.20809174 -53.09999847 -55.50000000
v -24.29999924 -52.92138672 -55.50000000
v -24.26823616 -53.09999847 -55.79999924
v -24.29999924 -53.03390884 -55.79999924
v -24.29999924 -53.09999847 -56.09999847
v -24.29999924 -53.40000153 -32.49073410
v -24.03169823 -53.40000153 -55.20000076
v -24.11984634 -53.40000153 -55.50000000
v -24.19298172 -53.40000153 -55.79999924
v -24.25160599 -53.40000153 -56.09999847
v -24.29999924 -53.40000153 -56.32534027
v -24.18632889 -53.70000076 -32.40000153
v -24.29999924 -53.70000076 -32.42938614
v -24.08803558 -53.70000076 -55.50000000
v -24.17301941 -53.70000076 -55.79999924
v -24.24464226 -53.70000076 -56.09999847
v -24.29999924 -53.70000076 -56.40000153
v -24.27891731 -54.00000000 -32.40000153
v -24.29999924 -54.00000000 -32.40434265
v -24.10058594 -54.00000000 -55.50000000
v -24.20129967 -54.00000000 -55.79999924
v -24.29098701 -54.00000000 -56.09999847
v -24.29999924 -54.00000000 -56.13813019
v -24.29999924 -54.29999924 -32.40000153
v -24.04310036 -54.29999924 -55.20000076
v -24.15421677 -54.29999924 -55.50000000
v -24.27703094 -54.29999924 -55.79999924
v -24.29999924 -54.02742004 -56.09999847
v -24.29999924 -54.29999924 -55.85889435
v -24.29999924 -54.59999847 -32.40000153
v -24.10919189 -54.59999847 -55.20000076
v -24.24169922 -54.59999847 -55.50000000
v -24.29999924 -54.35919952 -55.79999924
v -24.29999924 -54.59999847 -55.61511230
v -24.29999924 -54.90000153 -32.38799286
v -24.09272385 -54.90000153 -54.90000153
v -24.19774628 -54.90000153 -55.20000076
v -24.29999924 -54.74938583 -55.50000000
v -24.29999924 -54.90000153 -55.39339828
v -24.29999924 -55.20000076 -32.36082840
v -24.15011215 -55.20000076 -54.59999847
v -24.24368095 -55.20000076 -54.90000153
v -24.29999924 -55.20000076 -55.20000076
v -24.29999924 -55.50000000 -32.30601120
v -24.16805077 -55.50000000 -54.00000000
v -24.29999924 -55.49678040 -54.29999924
v -24.29999924 -55.50000000 -54.29266357
v -24.29999924 -55.36859894 -54.59999847
v -24.29999924 -55.26605988 -54.90000153
v -24.29999924 -55.79999924 -32.22276688
v -24.17014313 -55.79999924 -53.09999847
v -24.29110146 -55.79999924 -53.40000153
v -24.29999924 -55.71541977 -53.70000076
v -24.29999924 -55.79999924 -53.42323685
v -24.29999924 -55.60929108 -54.00000000
v -24.29999924 -56.09999847 -32.09999847
v -24.16673660 -56.09999847 -52.20000076
v -24.29999924 -56.08732224 -52.50000000
v -24.29999924 -56.09999847 -52.46215820
v -24.29999924 -55.99265671 -52.79999924
v -24.29999924 -55.89579773 -53.09999847
v -24.29999924 -55.80651474 -53.40000153
v -24.11431503 -56.40000153 -32.40000153
v -24.29999924 -56.40000153 -32.24552155
v -24.06635666 -56.40000153 -50.09999847
v -24.18028450 -56.40000153 -50.40000153
v -24.29999924 -56.40000153 -50.70000076
v -24.29999924 -56.34234619 -51.00000000
v -24.29999924 -56.30650330 -51.29999924
v -24.29999924 -56.28498077 -51.59999847
v -24.29999924 -56.25360107 -51.90000153
v -24.29999924 -56.17847443 -52.20000076
v -24.29999924 -56.68408585 -32.40000153
v -24.02784538 -56.70000076 -32.70000076
v -24.29999924 -56.70000076 -32.40993500
v -24.06905556 -56.70000076 -48.90000153
v -24.29999924 -56.70000076 -49.20000076
v -24.29999924 -56.70000076 -49.50000000
v -24.29999924 -56.65544510 -49.79999924
v -24.29999924 -56.55323410 -50.09999847
v -24.29999924 -56.46930695 -50.40000153
v -24.25467873 -57.00000000 -32.70000076
v -24.29999924 -57.00000000 -32.65073013
v -24.26108170 -57.00000000 -48.59999847
v -24.29999924 -57.00000000 -48.90000153
v -24.29999924 -57.04746628 -32.70000076
v -24.29999924 -57.29999924 -33.00000000
v -24.17131042 -57.29999924 -33.29999924
v -24.01970482 -57.29999924 -33.59999847
v -24.29999924 -57.27120209 -47.09999847
v -24.29999924 -57.29999924 -47.01176071
v -24.29999924 -57.18729019 -47.40000153
v -24.29999924 -57.13765335 -47.70000076
v -24.29999924 -57.11117172 -48.00000000
v -24.29999924 -57.07850266 -48.29999924
v -24.29999924 -57.02258301 -48.59999847
v -24.29999924 -57.39435196 -33.29999924
v -24.29999924 -57.49718094 -33.59999847
v -24.27063179 -57.59999847 -33.90000153
v -24.29999924 -57.59999847 -33.85308456
v -24.07306290 -57.59999847 -34.20000076
v -24.14591026 -57.59999847 -45.00000000
v -24.25580978 -57.59999847 -45.29999924
v -24.29999924 -57.57990646 -45.59999847
v -24.29999924 -57.59999847 -45.41886139
v -24.29999924 -57.53839111 -45.90000153
v -24.29999924 -57.48750687 -46.20000076
v -24.29999924 -57.42909241 -46.50000000
v -24.29999924 -57.36184692 -46.79999924
v -24.29999924 -57.61855698 -33.90000153
v -24.29999924 -57.75211334 -34.20000076
v -24.29999924 -57.90000153 -34.50000000
v -24.14713097 -57.90000153 -34.79999924
v -24.19659805 -57.90000153 -43.20000076
v -24.29999924 -57.83290482 -43.50000000
v -24.29999924 -57.90000153 -43.26549911
v -24.29999924 -57.76603699 -43.79999924
v -24.29999924 -57.71850967 -44.09999847
v -24.29999924 -57.68739319 -44.40000153
v -24.29999924 -57.66513062 -44.70000076
v -24.29999924 -57.64068222 -45.00000000
v -24.29999924 -57.61302185 -45.29999924
v -24.29999924 -58.00514984 -34.79999924
v -24.29999924 -58.09836197 -35.09999847
v -24.29999924 -58.19773865 -35.40000153
v -24.12333107 -58.20000076 -35.70000076
v -24.29999924 -58.20000076 -35.40578842
v -24.29999924 -58.13154602 -42.59999847
v -24.29999924 -58.20000076 -42.42195129
v -24.29999924 -58.02029800 -42.90000153
v -24.29999924 -57.91910934 -43.20000076
v -24.29999924 -58.32532501 -35.70000076
v -24.29999924 -58.50000000 -36.00000000
v -24.11238480 -58.50000000 -36.29999924
v -24.03700829 -58.50000000 -36.59999847
v -24.29999924 -58.50000000 -41.70000076
v -24.29999924 -58.37613678 -42.00000000
v -24.29999924 -58.25032043 -42.29999924
v -24.29999924 -58.79999924 -36.29999924
v -24.28310394 -58.79999924 -36.59999847
v -24.21178436 -58.79999924 -36.90000153
v -24.29999924 -58.79999924 -41.40000153
v -24.29999924 -58.81488419 -36.59999847
v -24.29999924 -58.87031174 -36.90000153
v -24.29999924 -58.95631790 -37.20000076
v -24.29999924 -59.02077103 -37.50000000
v -24.29999924 -59.09999847 -37.79999924
v -24.29999924 -59.09999847 -38.09999847
v -24.29999924 -59.09999847 -38.40000153
v -24.29999924 -59.09999847 -38.70000076
v -24.29999924 -59.09999847 -39.00000000
v -24.29999924 -59.09999847 -39.29999924
v -24.29769325 -59.09999847 -39.59999847
v -24.29999924 -59.09999847 -39.90000153
v -24.29999924 -59.08245850 -40.20000076
v -24.29999924 -59.05161285 -40.50000000
v -24.29999924 -58.99960327 -40.79999924
v -24.29999924 -58.91534805 -41.09999847
v -24.29999924 -59.10088730 -39.59999847
v -24.60000038 -50.69215393 -36.00000000
v -24.60000038 -50.70000076 -35.98794937
v -24.60000038 -50.55388260 -36.29999924
v -24.60000038 -50.46849442 -36.59999847
v -24.60000038 -50.42831039 -36.90000153
v -24.60000038 -50.42194748 -37.20000076
v -24.60000038 -50.43939972 -37.50000000
v -24.60000038 -50.47248077 -37.79999924
v -24.60000038 -50.51410294 -38.09999847
v -24.60000038 -50.55643082 -38.40000153
v -24.60000038 -50.59889984 -38.70000076
v -24.47303772 -50.70000076 -39.00000000
v -24.60000038 -50.64930344 -39.00000000
v -24.60000038 -50.70000076 -39.29999924
v -24.60000038 -50.92941666 -35.70000076
v -24.60000038 -51.00000000 -35.61029816
v -24.60000038 -50.77294540 -39.59999847
v -24.60000038 -50.84829330 -39.90000153
v -24.49693871 -51.00000000 -40.20000076
v -24.60000038 -50.93530655 -40.20000076
v -24.60000038 -51.00000000 -40.50000000
v -24.60000038 -51.17273331 -35.40000153
v -24.60000038 -51.29999924 -35.09999847
v -24.60000038 -51.08781052 -40.79999924
v -24.60000038 -51.16720963 -41.09999847
v -24.60000038 -51.29999924 -41.40000153
v -24.60000038 -51.59999847 -34.94936371
v -24.60000038 -51.59999847 -41.70000076
v -24.60000038 -51.75787735 -34.79999924
v -24.60000038 -51.90000153 -34.65847778
v -24.60000038 -51.61148834 -42.00000000
v -24.30604553 -51.90000153 -42.29999924
v -24.60000038 -51.60835266 -42.29999924
v -24.32499886 -51.90000153 -42.59999847
v -24.60000038 -51.62991333 -42.59999847
v -24.37658119 -51.90000153 -42.90000153
v -24.60000038 -51.70278931 -42.90000153
v -24.46449471 -51.90000153 -43.20000076
v -24.60000038 -51.80707932 -43.20000076
v -24.55849266 -51.90000153 -43.50000000
v -24.60000038 -51.87632370 -43.50000000
v -24.60000038 -51.90000153 -43.79999924
v -24.46945763 -52.20000076 -34.20000076
v -24.60000038 -52.03120041 -34.50000000
v -24.60000038 -52.20000076 -34.26539230
v -24.60000038 -51.90000153 -44.09999847
v -24.60000038 -51.95343399 -44.40000153
v -24.60000038 -51.98682022 -44.70000076
v -24.60000038 -52.00778198 -45.00000000
v -24.33452225 -52.20000076 -45.29999924
v -24.60000038 -52.02375031 -45.29999924
v -24.35550499 -52.20000076 -45.59999847
v -24.60000038 -52.03599930 -45.59999847
v -24.36306953 -52.20000076 -45.90000153
v -24.60000038 -52.04430008 -45.90000153
v -24.35689163 -52.20000076 -46.20000076
v -24.60000038 -52.04803085 -46.20000076
v -24.33547020 -52.20000076 -46.50000000
v -24.60000038 -52.04712677 -46.50000000
v -24.60000038 -52.04375076 -46.79999924
v -24.60000038 -52.04150391 -47.09999847
v -24.60000038 -52.03847885 -47.40000153
v -24.60000038 -52.03491211 -47.70000076
v -24.60000038 -52.03476334 -48.00000000
v -24.60000038 -52.04448318 -48.29999924
v -24.39095306 -52.20000076 -48.59999847
v -24.60000038 -52.06927109 -48.59999847
v -24.43918991 -52.20000076 -48.90000153
v -24.60000038 -52.09175873 -48.90000153
v -24.45668983 -52.20000076 -49.20000076
v -24.60000038 -52.10213089 -49.20000076
v -24.46197701 -52.20000076 -49.50000000
v -24.60000038 -52.10503387 -49.50000000
v -24.47631264 -52.20000076 -49.79999924
v -24.60000038 -52.11052322 -49.79999924
v -24.50712967 -52.20000076 -50.09999847
v -24.60000038 -52.12342453 -50.09999847
v -24.53799248 -52.20000076 -50.40000153
v -24.60000038 -52.14174652 -50.40000153
v -24.56089783 -52.20000076 -50.70000076
v -24.60000038 -52.15983200 -50.70000076
v -24.57634354 -52.20000076 -51.00000000
v -24.60000038 -52.17445374 -51.00000000
v -24.58980751 -52.20000076 -51.29999924
v -24.60000038 -52.18880463 -51.29999924
v -24.60000038 -52.20000076 -51.44847488
v -24.60000038 -52.41206741 -33.90000153
v -24.60000038 -52.50000000 -33.72463989
v -24.60000038 -52.24130249 -34.20000076
v -24.60000038 -52.21046448 -51.59999847
v -24.60000038 -52.23668671 -51.90000153
v -24.60000038 -52.23758698 -52.20000076
v -24.60000038 -52.20000076 -52.50000000
v -24.60000038 -52.20000076 -52.79999924
v -24.60000038 -52.20000076 -53.09999847
v -24.60000038 -52.20000076 -53.40000153
v -24.60000038 -52.20000076 -53.70000076
v -24.40573502 -52.50000000 -54.00000000
v -24.60000038 -52.31837845 -54.00000000
v -24.48747444 -52.50000000 -54.29999924
v -24.60000038 -52.39944458 -54.29999924
v -24.53914833 -52.50000000 -54.59999847
v -24.60000038 -52.44613647 -54.59999847
v -24.56684303 -52.50000000 -54.90000153
v -24.60000038 -52.46965408 -54.90000153
v -24.58352089 -52.50000000 -55.20000076
v -24.60000038 -52.48376465 -55.20000076
v -24.60000038 -52.50000000 -55.50000000
v -24.60000038 -52.79999924 -33.00000000
v -24.60000038 -52.67960358 -33.29999924
v -24.60000038 -52.55990601 -33.59999847
v -24.36990929 -52.79999924 -55.50000000
v -24.42749214 -52.79999924 -55.79999924
v -24.60000038 -52.55260849 -55.79999924
v -24.48441505 -52.79999924 -56.09999847
v -24.60000038 -52.62874222 -56.09999847
v -24.54937744 -52.79999924 -56.40000153
v -24.60000038 -52.72413635 -56.40000153
v -24.59386444 -52.79999924 -56.70000076
v -24.60000038 -52.79075623 -56.70000076
v -24.60000038 -52.79999924 -57.00000000
v -24.60000038 -53.09999847 -32.70000076
v -24.39544106 -53.09999847 -56.40000153
v -24.45704842 -53.09999847 -56.70000076
v -24.49839211 -53.09999847 -57.00000000
v -24.54558754 -53.09999847 -57.29999924
v -24.60000038 -52.79999924 -57.29999924
v -24.60000038 -53.09999847 -57.53244400
v -24.60000038 -53.40000153 -32.58809280
v -24.31723213 -53.40000153 -56.40000153
v -24.38534737 -53.40000153 -56.70000076
v -24.45104408 -53.40000153 -57.00000000
v -24.52653503 -53.40000153 -57.29999924
v -24.60000038 -53.40000153 -57.54849625
v -24.60000038 -53.70000076 -32.51966476
v -24.37148666 -53.70000076 -56.70000076
v -24.44552040 -53.70000076 -57.00000000
v -24.54093170 -53.70000076 -57.29999924
v -24.60000038 -53.70000076 -57.43692017
v -24.60000038 -54.00000000 -32.48374939
v -24.36575699 -54.00000000 -56.40000153
v -24.42614174 -54.00000000 -56.70000076
v -24.48852158 -54.00000000 -57.00000000
v -24.60000038 -54.00000000 -57.29999924
v -24.60000038 -54.29999924 -32.46678162
v -24.40613747 -54.29999924 -56.09999847
v -24.51325226 -54.29999924 -56.40000153
v -24.57514954 -54.29999924 -56.70000076
v -24.60000038 -54.29999924 -57.00000000
v -24.60000038 -54.59999847 -32.45271683
v -24.41228676 -54.59999847 -55.79999924
v -24.60000038 -54.59999847 -56.09999847
v -24.60000038 -54.41022873 -56.40000153
v -24.60000038 -54.32766342 -56.70000076
v -24.38048935 -54.90000153 -32.40000153
v -24.60000038 -54.90000153 -32.43173981
v -24.37332153 -54.90000153 -55.50000000
v -24.60000038 -54.88798141 -55.79999924
v -24.60000038 -54.90000153 -55.78958893
v -24.60000038 -55.20000076 -32.40000153
v -24.60000038 -55.20000076 -55.50000000
v -24.60000038 -55.50000000 -32.32220840
v -24.30401611 -55.50000000 -54.29999924
v -24.46092415 -55.50000000 -54.59999847
v -24.60000038 -55.50000000 -54.90000153
v -24.60000038 -55.37294769 -55.20000076
v -24.60000038 -55.79999924 -32.20365524
v -24.43632126 -55.79999924 -53.70000076
v -24.60000038 -55.79999924 -54.00000000
v -24.60000038 -55.68778610 -54.29999924
v -24.60000038 -55.58833313 -54.59999847
v -24.60000038 -56.09967041 -32.09999847
v -24.60000038 -56.09999847 -32.09989929
v -24.32491112 -56.09999847 -52.50000000
v -24.51625824 -56.09999847 -52.79999924
v -24.60000038 -56.05649185 -53.09999847
v -24.60000038 -56.09999847 -52.94203186
v -24.60000038 -55.97496414 -53.40000153
v -24.60000038 -55.88732529 -53.70000076
v -24.60000038 -56.40000153 -32.09999847
v -24.44097519 -56.40000153 -51.00000000
v -24.53260803 -56.40000153 -51.29999924
v -24.57670021 -56.40000153 -51.59999847
v -24.60000038 -56.40000153 -51.90000153
v -24.60000038 -56.30559158 -52.20000076
v -24.60000038 -56.21797180 -52.50000000
v -24.60000038 -56.13640976 -52.79999924
v -24.31058693 -56.70000076 -32.40000153
v -24.60000038 -56.70000076 -32.18320847
v -24.35284233 -56.70000076 -49.79999924
v -24.60000038 -56.70000076 -50.09999847
v -24.60000038 -56.60655975 -50.40000153
v -24.60000038 -56.51999283 -50.70000076
v -24.60000038 -56.45984268 -51.00000000
v -24.60000038 -56.42461014 -51.29999924
v -24.60000038 -56.40851974 -51.59999847
v -24.54220772 -57.00000000 -32.40000153
v -24.60000038 -57.00000000 -32.34709167
v -24.57129669 -57.00000000 -49.20000076
v -24.60000038 -57.00000000 -49.50000000
v -24.60000038 -57.00000000 -49.79999924
v -24.60000038 -57.05772018 -32.40000153
v -24.59293938 -57.29999924 -32.70000076
v -24.60000038 -57.29999924 -32.69263840
v -24.43345451 -57.29999924 -47.09999847
v -24.60000038 -57.26036453 -47.40000153
v -24.60000038 -57.29999924 -47.23383713
v -24.60000038 -57.20629501 -47.70000076
v -24.60000038 -57.16711807 -48.00000000
v -24.60000038 -57.13467789 -48.29999924
v -24.60000038 -57.10741806 -48.59999847
v -24.60000038 -57.07404327 -48.90000153
v -24.60000038 -57.01688004 -49.20000076
v -24.60000038 -57.30466461 -32.70000076
v -24.60000038 -57.45478821 -33.00000000
v -24.60000038 -57.56524277 -33.29999924
v -24.47231293 -57.59999847 -33.59999847
v -24.60000038 -57.59999847 -33.39817429
v -24.38688278 -57.59999847 -45.59999847
v -24.55952835 -57.59999847 -45.90000153
v -24.60000038 -57.55655289 -46.20000076
v -24.60000038 -57.59999847 -45.95388412
v -24.60000038 -57.48977661 -46.50000000
v -24.60000038 -57.41193771 -46.79999924
v -24.60000038 -57.33187485 -47.09999847
v -24.60000038 -57.66911316 -33.59999847
v -24.60000038 -57.78755951 -33.90000153
v -24.55425453 -57.90000153 -34.20000076
v -24.60000038 -57.90000153 -34.14570999
v -24.60000038 -57.87678909 -43.50000000
v -24.60000038 -57.90000153 -43.41366577
v -24.60000038 -57.81402206 -43.79999924
v -24.60000038 -57.76858139 -44.09999847
v -24.60000038 -57.73701096 -44.40000153
v -24.60000038 -57.71453476 -44.70000076
v -24.60000038 -57.69562149 -45.00000000
v -24.60000038 -57.67494202 -45.29999924
v -24.60000038 -57.64786148 -45.59999847
v -24.60000038 -57.60942078 -45.90000153
v -24.60000038 -57.92476654 -34.20000076
v -24.60000038 -58.06319809 -34.50000000
v -24.60000038 -58.20000076 -34.79999924
v -24.48498917 -58.20000076 -35.09999847
v -24.30424500 -58.20000076 -35.40000153
v -24.60000038 -58.16172028 -42.59999847
v -24.60000038 -58.20000076 -42.49615479
v -24.60000038 -58.05501556 -42.90000153
v -24.60000038 -57.95823669 -43.20000076
v -24.60000038 -58.25787354 -35.09999847
v -24.60000038 -58.35607910 -35.40000153
v -24.60000038 -58.50000000 -35.70000076
v -24.60000038 -58.42024612 -42.00000000
v -24.60000038 -58.50000000 -41.87208557
v -24.60000038 -58.27818298 -42.29999924
v -24.60000038 -58.79999924 -36.00000000
v -24.60000038 -58.79999924 -41.70000076
v -24.60000038 -58.91680145 -36.29999924
v -24.60000038 -58.98619080 -36.59999847
v -24.60000038 -59.04140854 -36.90000153
v -24.60000038 -59.09999847 -37.20000076
v -24.47986984 -59.09999847 -37.50000000
v -24.36273956 -59.09999847 -40.20000076
v -24.46389580 -59.09999847 -40.50000000
v -24.60000038 -59.09999847 -40.79999924
v -24.60000038 -58.98765564 -41.09999847
v -24.60000038 -58.87385941 -41.40000153
v -24.60000038 -59.14359283 -37.50000000
v -24.60000038 -59.18101120 -37.79999924
v -24.60000038 -59.19523239 -38.09999847
v -24.60000038 -59.19538116 -38.40000153
v -24.60000038 -59.19062424 -38.70000076
v -24.60000038 -59.18575287 -39.00000000
v -24.60000038 -59.18349075 -39.29999924
v -24.60000038 -59.18206406 -39.59999847
v -24.60000038 -59.17655563 -39.90000153
v -24.60000038 -59.16123199 -40.20000076
v -24.60000038 -59.13605499 -40.50000000
v -24.71649170 -50.40000153 -36.90000153
v -24.89999962 -50.35783005 -36.90000153
v -24.89999962 -50.40000153 -36.59999847
v -24.69306183 -50.40000153 -37.20000076
v -24.89999962 -50.35276031 -37.20000076
v -24.76915932 -50.40000153 -37.50000000
v -24.89999962 -50.37007904 -37.50000000
v -24.89999962 -50.40000153 -37.79999924
v -24.89999962 -50.69065475 -36.00000000
v -24.89999962 -50.70000076 -35.98793411
v -24.89999962 -50.51883698 -36.29999924
v -24.89999962 -50.44056702 -38.09999847
v -24.89999962 -50.47410965 -38.40000153
v -24.89999962 -50.50823975 -38.70000076
v -24.89999962 -50.54751587 -39.00000000
v -24.89999962 -50.59326935 -39.29999924
v -24.76498032 -50.70000076 -39.59999847
v -24.89999962 -50.64618301 -39.59999847
v -24.89999962 -50.70000076 -39.90000153
v -24.89999962 -51.00000000 -35.70000076
v -24.89999962 -50.79633713 -40.20000076
v -24.89999962 -50.86830521 -40.50000000
v -24.76179123 -51.00000000 -40.79999924
v -24.89999962 -50.93528366 -40.79999924
v -24.89999962 -51.00000000 -41.09999847
v -24.77543449 -51.29999924 -35.40000153
v -24.89999962 -51.29999924 -35.48768234
v -24.89999962 -51.14066696 -41.40000153
v -24.84392548 -51.29999924 -41.70000076
v -24.89999962 -51.25704193 -41.70000076
v -24.89999962 -51.29999924 -42.00000000
v -24.76761627 -51.59999847 -35.09999847
v -24.89999962 -51.59999847 -35.40000153
v -24.61153030 -51.59999847 -42.00000000
v -24.60791206 -51.59999847 -42.29999924
v -24.89999962 -51.29999924 -42.29999924
v -24.62760353 -51.59999847 -42.59999847
v -24.89999962 -51.29999924 -42.59999847
v -24.71339226 -51.59999847 -42.90000153
v -24.89999962 -51.29999924 -42.90000153
v -24.89999962 -51.59999847 -43.11693192
v -24.81687164 -51.90000153 -34.79999924
v -24.89999962 -51.71549606 -35.09999847
v -24.89999962 -51.90000153 -34.86399841
v -24.89999962 -51.65336990 -43.20000076
v -24.89999962 -51.73839188 -43.50000000
v -24.89999962 -51.76024246 -43.79999924
v -24.89999962 -51.76630783 -44.09999847
v -24.69113159 -51.90000153 -44.40000153
v -24.89999962 -51.78168869 -44.40000153
v -24.73898506 -51.90000153 -44.70000076
v -24.89999962 -51.79817200 -44.70000076
v -24.76545525 -51.90000153 -45.00000000
v -24.89999962 -51.81010437 -45.00000000
v -24.78252220 -51.90000153 -45.29999924
v -24.89999962 -51.81816864 -45.29999924
v -24.79645920 -51.90000153 -45.59999847
v -24.89999962 -51.82575607 -45.59999847
v -24.81291580 -51.90000153 -45.90000153
v -24.89999962 -51.83790207 -45.90000153
v -24.83810425 -51.90000153 -46.20000076
v -24.89999962 -51.85956573 -46.20000076
v -24.86951447 -51.90000153 -46.50000000
v -24.89999962 -51.88270187 -46.50000000
v -24.89414215 -51.90000153 -46.79999924
v -24.89999962 -51.89706039 -46.79999924
v -24.89999962 -51.90000153 -47.09999847
v -24.89842224 -51.90000153 -47.40000153
v -24.89999962 -51.89925766 -47.40000153
v -24.89400673 -51.90000153 -47.70000076
v -24.89999962 -51.89722824 -47.70000076
v -24.89506340 -51.90000153 -48.00000000
v -24.89999962 -51.89772415 -48.00000000
v -24.89999962 -51.90000153 -48.29999924
v -24.89999962 -52.20000076 -34.50000000
v -24.89999962 -51.94863892 -34.79999924
v -24.89999962 -51.90000153 -48.59999847
v -24.89999962 -51.90000153 -48.90000153
v -24.89999962 -51.90000153 -49.20000076
v -24.89999962 -51.90000153 -49.50000000
v -24.89999962 -51.90000153 -49.79999924
v -24.89999962 -51.90000153 -50.09999847
v -24.89999962 -51.90000153 -50.40000153
v -24.89999962 -51.90000153 -50.70000076
v -24.89999962 -51.90000153 -51.00000000
v -24.89999962 -51.90000153 -51.29999924
v -24.61155701 -52.20000076 -51.59999847
v -24.89999962 -51.90000153 -51.59999847
v -24.64942169 -52.20000076 -51.90000153
v -24.89999962 -52.03025818 -51.90000153
v -24.65680695 -52.20000076 -52.20000076
v -24.89999962 -52.06409454 -52.20000076
v -24.89999962 -52.06105042 -52.50000000
v -24.89999962 -52.05461884 -52.79999924
v -24.89999962 -52.05131149 -53.09999847
v -24.89999962 -52.05444717 -53.40000153
v -24.89999962 -52.07261276 -53.70000076
v -24.76700211 -52.20000076 -54.00000000
v -24.89999962 -52.11876297 -54.00000000
v -24.85558319 -52.20000076 -54.29999924
v -24.89999962 -52.16725540 -54.29999924
v -24.89469910 -52.20000076 -54.59999847
v -24.89999962 -52.19569778 -54.59999847
v -24.89999962 -52.20000076 -54.90000153
v -24.89936829 -52.20000076 -55.20000076
v -24.89999962 -52.19942474 -55.20000076
v -24.89541817 -52.20000076 -55.50000000
v -24.89999962 -52.19562531 -55.50000000
v -24.89445114 -52.20000076 -55.79999924
v -24.89999962 -52.19447327 -55.79999924
v -24.89999962 -52.20000076 -56.09999847
v -24.85009575 -52.50000000 -33.90000153
v -24.89999962 -52.36318207 -34.20000076
v -24.89999962 -52.50000000 -33.93575668
v -24.64008141 -52.50000000 -55.79999924
v -24.69450951 -52.50000000 -56.09999847
v -24.78063583 -52.50000000 -56.40000153
v -24.89999962 -52.37998199 -56.40000153
v -24.84487343 -52.50000000 -56.70000076
v -24.89999962 -52.44818497 -56.70000076
v -24.86945724 -52.50000000 -57.00000000
v -24.89999962 -52.47089767 -57.00000000
v -24.88116074 -52.50000000 -57.29999924
v -24.89999962 -52.48127747 -57.29999924
v -24.89752579 -52.50000000 -57.59999847
v -24.89999962 -52.49718857 -57.59999847
v -24.89999962 -52.50000000 -57.90000153
v -24.89906883 -52.50000000 -58.20000076
v -24.89999962 -52.49876022 -58.20000076
v -24.89999962 -52.50000000 -58.50000000
v -24.89999962 -52.79999924 -33.29999924
v -24.89999962 -52.66104126 -33.59999847
v -24.89999962 -52.51853180 -33.90000153
v -24.70043373 -52.79999924 -57.59999847
v -24.74578857 -52.79999924 -57.90000153
v -24.77158737 -52.79999924 -58.20000076
v -24.81952667 -52.79999924 -58.50000000
v -24.89999962 -52.79999924 -58.79999924
v -24.89999962 -52.97480774 -33.00000000
v -24.89999962 -53.09999847 -32.87315369
v -24.61881828 -53.09999847 -57.59999847
v -24.68854904 -53.09999847 -57.90000153
v -24.74279022 -53.09999847 -58.20000076
v -24.83402061 -53.09999847 -58.50000000
v -24.89999962 -53.09999847 -58.60214615
v -24.89999962 -53.40000153 -32.70000076
v -24.61874771 -53.40000153 -57.59999847
v -24.72978401 -53.40000153 -57.90000153
v -24.82283974 -53.40000153 -58.20000076
v -24.89999962 -53.40000153 -58.50000000
v -24.89999962 -53.70000076 -32.61211777
v -24.69843483 -53.70000076 -57.59999847
v -24.89999962 -53.70000076 -57.90000153
v -24.89999962 -53.49896240 -58.20000076
v -24.89999962 -54.00000000 -32.57518005
v -24.89999962 -54.00000000 -57.59999847
v -24.89999962 -54.29999924 -32.55333328
v -24.89999962 -54.29999924 -57.29999924
v -24.89999962 -54.59999847 -32.52861786
v -24.83488846 -54.59999847 -56.40000153
v -24.89999962 -54.51576996 -56.70000076
v -24.89999962 -54.59999847 -56.49303818
v -24.89999962 -54.42556000 -57.00000000
v -24.89999962 -54.90000153 -32.49435425
v -24.61113930 -54.90000153 -55.79999924
v -24.89999962 -54.83023453 -56.09999847
v -24.89999962 -54.90000153 -56.02735519
v -24.89999962 -54.64258575 -56.40000153
v -24.89999962 -55.20000076 -32.45104980
v -24.89999962 -55.20000076 -55.79999924
v -24.89999962 -55.50000000 -32.40000153
v -24.86926460 -55.50000000 -55.20000076
v -24.89999962 -55.36432648 -55.50000000
v -24.89999962 -55.50000000 -55.22859573
v -24.89999962 -55.79999924 -32.22824860
v -24.85778236 -55.79999924 -54.29999924
v -24.89999962 -55.71896744 -54.59999847
v -24.89999962 -55.79999924 -54.35203934
v -24.89999962 -55.62396622 -54.90000153
v -24.89999962 -55.51283646 -55.20000076
v -24.89999962 -56.09999847 -32.09999847
v -24.71786690 -56.09999847 -53.09999847
v -24.89999962 -56.09999847 -53.40000153
v -24.89999962 -56.00250244 -53.70000076
v -24.89999962 -55.91078186 -54.00000000
v -24.89999962 -55.81655502 -54.29999924
v -24.89999962 -56.40000153 -32.04859924
v -24.89999962 -56.37202072 -52.20000076
v -24.89999962 -56.40000153 -52.07069016
v -24.89999962 -56.29864502 -52.50000000
v -24.89999962 -56.22585678 -52.79999924
v -24.89999962 -56.15942383 -53.09999847
v -24.76936722 -56.70000076 -32.09999847
v -24.89999962 -56.70000076 -32.05205536
v -24.89999962 -56.70000076 -50.40000153
v -24.89999962 -56.58634567 -50.70000076
v -24.89999962 -56.52695084 -51.00000000
v -24.89999962 -56.49252319 -51.29999924
v -24.89999962 -56.46751022 -51.59999847
v -24.89999962 -56.43445206 -51.90000153
v -24.89999962 -57.00000000 -32.09999847
v -24.89999962 -57.00000000 -50.09999847
v -24.89999962 -57.29999924 -32.40000153
v -24.89999962 -57.28564072 -47.40000153
v -24.89999962 -57.29999924 -47.33914948
v -24.89999962 -57.22858810 -47.70000076
v -24.89999962 -57.18656921 -48.00000000
v -24.89999962 -57.15806961 -48.29999924
v -24.89999962 -57.14022064 -48.59999847
v -24.89999962 -57.12614441 -48.90000153
v -24.89999962 -57.11813354 -49.20000076
v -24.89999962 -57.11122894 -49.50000000
v -24.89999962 -57.08173752 -49.79999924
v -24.89999962 -57.45651245 -32.70000076
v -24.89999962 -57.59999847 -33.00000000
v -24.67306137 -57.59999847 -33.29999924
v -24.89999962 -57.59999847 -46.20000076
v -24.89999962 -57.52478027 -46.50000000
v -24.89999962 -57.43917465 -46.79999924
v -24.89999962 -57.35681152 -47.09999847
v -24.89999962 -57.69811249 -33.29999924
v -24.89999962 -57.80120850 -33.59999847
v -24.84178925 -57.90000153 -33.90000153
v -24.89999962 -57.90000153 -33.83907700
v -24.89999962 -57.89904785 -43.50000000
v -24.89999962 -57.90000153 -43.49637604
v -24.89999962 -57.84189987 -43.79999924
v -24.89999962 -57.79944992 -44.09999847
v -24.89999962 -57.76757812 -44.40000153
v -24.89999962 -57.74402618 -44.70000076
v -24.89999962 -57.72546768 -45.00000000
v -24.89999962 -57.70749283 -45.29999924
v -24.89999962 -57.68518448 -45.59999847
v -24.89999962 -57.65221786 -45.90000153
v -24.89999962 -57.92614365 -33.90000153
v -24.89999962 -58.06298065 -34.20000076
v -24.89999962 -58.20000076 -34.50000000
v -24.89999962 -58.17523956 -42.59999847
v -24.89999962 -58.20000076 -42.52775192
v -24.89999962 -58.07387543 -42.90000153
v -24.89999962 -57.97966003 -43.20000076
v -24.89999962 -58.29296875 -34.79999924
v -24.89999962 -58.36322403 -35.09999847
v -24.89999962 -58.46660995 -35.40000153
v -24.89999962 -58.50000000 -35.45010757
v -24.89999962 -58.50000000 -41.70000076
v -24.89999962 -58.39573288 -42.00000000
v -24.89999962 -58.28271103 -42.29999924
v -24.89999962 -58.79999924 -35.70000076
v -24.89999962 -58.79999924 -41.46423340
v -24.89999962 -58.91114044 -36.00000000
v -24.89999962 -59.01219559 -36.29999924
v -24.89999962 -59.09999847 -36.59999847
v -24.76392174 -59.09999847 -36.90000153
v -24.89999962 -59.01085281 -41.09999847
v -24.89999962 -59.09999847 -40.85935211
v -24.89999962 -58.84507751 -41.40000153
v -24.89999962 -59.14195251 -36.90000153
v -24.89999962 -59.17940140 -37.20000076
v -24.89999962 -59.21035004 -37.50000000
v -24.89999962 -59.23259735 -37.79999924
v -24.89999962 -59.24459076 -38.09999847
v -24.89999962 -59.24642944 -38.40000153
v -24.89999962 -59.24265671 -38.70000076
v -24.89999962 -59.23770523 -39.00000000
v -24.89999962 -59.23390198 -39.29999924
v -24.89999962 -59.22980118 -39.59999847
v -24.89999962 -59.22156143 -39.90000153
v -24.89999962 -59.20494843 -40.20000076
v -24.89999962 -59.17461777 -40.50000000
v -24.89999962 -59.11913681 -40.79999924
v -25.20000076 -50.38322449 -36.59999847
v -25.20000076 -50.40000153 -36.55825424
v -25.20000076 -50.33025360 -36.90000153
v -25.20000076 -50.32290649 -37.20000076
v -25.20000076 -50.33556747 -37.50000000
v -25.20000076 -50.36188889 -37.79999924
v -25.20000076 -50.40000153 -38.09999847
v -25.20000076 -50.70000076 -36.00000000
v -25.20000076 -50.52830124 -36.29999924
v -25.20000076 -50.41147614 -38.40000153
v -25.20000076 -50.43079376 -38.70000076
v -25.20000076 -50.45961761 -39.00000000
v -25.20000076 -50.49795532 -39.29999924
v -25.20000076 -50.54673386 -39.59999847
v -25.20000076 -50.61032486 -39.90000153
v -25.20000076 -50.70000076 -40.20000076
v -25.20000076 -51.00000000 -35.79177475
v -25.20000076 -50.75335312 -40.50000000
v -25.20000076 -50.81739426 -40.79999924
v -25.20000076 -50.89522171 -41.09999847
v -25.20000076 -51.00000000 -41.40000153
v -25.20000076 -51.14441681 -35.70000076
v -25.20000076 -51.29999924 -35.60876465
v -25.20000076 -51.07587814 -41.70000076
v -25.20000076 -51.12468719 -42.00000000
v -25.20000076 -51.14170456 -42.29999924
v -25.20000076 -51.16666794 -42.59999847
v -25.20000076 -51.25285721 -42.90000153
v -25.20000076 -51.29999924 -42.97520447
v -25.20000076 -51.59999847 -35.45479584
v -25.20000076 -51.59999847 -43.20000076
v -25.20000076 -51.90000153 -35.09999847
v -25.20000076 -51.66868210 -35.40000153
v -25.20000076 -51.59999847 -43.50000000
v -25.20000076 -51.59999847 -43.79999924
v -25.20000076 -51.59999847 -44.09999847
v -25.20000076 -51.59999847 -44.40000153
v -25.20000076 -51.59999847 -44.70000076
v -25.20000076 -51.59999847 -45.00000000
v -25.20000076 -51.59999847 -45.29999924
v -25.20000076 -51.59999847 -45.59999847
v -25.20000076 -51.59999847 -45.90000153
v -25.20000076 -51.65103149 -46.20000076
v -25.20000076 -51.72555542 -46.50000000
v -25.20000076 -51.75423050 -46.79999924
v -25.20000076 -51.75984955 -47.09999847
v -25.20000076 -51.75880814 -47.40000153
v -25.20000076 -51.75875854 -47.70000076
v -25.20000076 -51.76192474 -48.00000000
v -25.20000076 -51.76294708 -48.29999924
v -25.20000076 -51.74517059 -48.59999847
v -25.20000076 -51.70580673 -48.90000153
v -25.20000076 -51.70737839 -49.20000076
v -25.20000076 -51.74857712 -49.50000000
v -25.20000076 -51.76789093 -49.79999924
v -25.20000076 -51.76851273 -50.09999847
v -25.20000076 -51.76267242 -50.40000153
v -25.20000076 -51.75745773 -50.70000076
v -25.20000076 -51.75519180 -51.00000000
v -25.20000076 -51.76113892 -51.29999924
v -25.20000076 -51.79538345 -51.59999847
v -25.20000076 -51.90000153 -51.90000153
v -25.20000076 -52.14097214 -34.79999924
v -25.20000076 -52.20000076 -34.71884918
v -25.20000076 -51.90178680 -52.20000076
v -25.20000076 -51.90005875 -52.50000000
v -25.20000076 -51.90000153 -52.79999924
v -25.20000076 -51.90000153 -53.09999847
v -25.20000076 -51.90353012 -53.40000153
v -25.20000076 -51.92480850 -53.70000076
v -25.20000076 -51.95218658 -54.00000000
v -25.20000076 -51.96892548 -54.29999924
v -25.20000076 -51.96640396 -54.59999847
v -25.20000076 -51.94863892 -54.90000153
v -25.20000076 -51.92795563 -55.20000076
v -25.20000076 -51.91593170 -55.50000000
v -25.20000076 -51.92827225 -55.79999924
v -25.20000076 -51.99261475 -56.09999847
v -25.20000076 -52.20000076 -56.40000153
v -25.20000076 -52.50000000 -34.20000076
v -25.20000076 -52.34113693 -34.50000000
v -25.20000076 -52.20000076 -56.70000076
v -25.20000076 -52.20000076 -57.00000000
v -25.20000076 -52.20000076 -57.29999924
v -25.20000076 -52.20000076 -57.59999847
v -25.20000076 -52.20000076 -57.90000153
v -25.20000076 -52.20000076 -58.20000076
v -25.20000076 -52.22079086 -58.50000000
v -25.20000076 -52.50000000 -58.79999924
v -25.20000076 -52.79999924 -33.59999847
v -25.20000076 -52.66494751 -33.90000153
v -25.20000076 -52.79999924 -58.90345383
v -25.20000076 -53.09999847 -33.00000000
v -25.20000076 -52.98269653 -33.29999924
v -25.20000076 -53.09999847 -58.79999924
v -25.20000076 -53.40000153 -32.87531662
v -25.20000076 -53.40000153 -58.61875916
v -25.20000076 -53.70000076 -32.70000076
v -25.20000076 -53.65960312 -58.20000076
v -25.20000076 -53.70000076 -58.12556458
v -25.20000076 -53.49642944 -58.50000000
v -25.20000076 -54.00000000 -32.68058777
v -25.20000076 -53.82654190 -57.90000153
v -25.20000076 -54.00000000 -57.66707993
v -25.20000076 -54.29999924 -32.65509415
v -25.20000076 -54.05593491 -57.59999847
v -25.20000076 -54.29999924 -57.34268188
v -25.20000076 -54.59999847 -32.62020493
v -25.20000076 -54.59999847 -56.70000076
v -25.20000076 -54.50272751 -57.00000000
v -25.20000076 -54.33377457 -57.29999924
v -25.20000076 -54.90000153 -32.57363129
v -25.20000076 -54.90000153 -56.09999847
v -25.20000076 -54.77162552 -56.40000153
v -25.20000076 -55.20000076 -32.50770950
v -25.20000076 -55.20000076 -55.89830780
v -25.20000076 -55.50000000 -32.41252518
v -25.20000076 -55.46208572 -55.50000000
v -25.20000076 -55.50000000 -55.42515564
v -25.20000076 -55.27914047 -55.79999924
v -25.20000076 -55.52693176 -32.40000153
v -25.20000076 -55.79999924 -32.25938416
v -25.20000076 -55.79999924 -54.59999847
v -25.20000076 -55.71823502 -54.90000153
v -25.20000076 -55.60355759 -55.20000076
v -25.20000076 -56.09999847 -32.09999847
v -25.20000076 -56.06786346 -53.70000076
v -25.20000076 -56.09999847 -53.57828522
v -25.20000076 -55.98201752 -54.00000000
v -25.20000076 -55.89266586 -54.29999924
v -25.20000076 -56.40000153 -32.03755188
v -25.20000076 -56.40000153 -52.20000076
v -25.20000076 -56.33916092 -52.50000000
v -25.20000076 -56.27217102 -52.79999924
v -25.20000076 -56.20766830 -53.09999847
v -25.20000076 -56.14464188 -53.40000153
v -25.20000076 -56.70000076 -32.02396774
v -25.20000076 -56.70000076 -50.40000153
v -25.20000076 -56.60601044 -50.70000076
v -25.20000076 -56.55585480 -51.00000000
v -25.20000076 -56.52316666 -51.29999924
v -25.20000076 -56.49308777 -51.59999847
v -25.20000076 -56.45384598 -51.90000153
v -25.20000076 -57.00000000 -32.09057999
v -25.20000076 -57.00000000 -50.10183334
v -25.20000076 -57.01629639 -32.09999847
v -25.20000076 -57.29999924 -32.32519150
v -25.20000076 -57.27325821 -47.40000153
v -25.20000076 -57.29999924 -47.29180145
v -25.20000076 -57.21342087 -47.70000076
v -25.20000076 -57.17247391 -48.00000000
v -25.20000076 -57.14905930 -48.29999924
v -25.20000076 -57.13914490 -48.59999847
v -25.20000076 -57.13877869 -48.90000153
v -25.20000076 -57.14461517 -49.20000076
v -25.20000076 -57.14217377 -49.50000000
v -25.20000076 -57.10704041 -49.79999924
v -25.20000076 -57.00131607 -50.09999847
v -25.20000076 -57.36430359 -32.40000153
v -25.20000076 -57.55354691 -32.70000076
v -25.20000076 -57.59999847 -32.79269028
v -25.20000076 -57.52605057 -46.50000000
v -25.20000076 -57.59999847 -46.25115967
v -25.20000076 -57.43149567 -46.79999924
v -25.20000076 -57.34731674 -47.09999847
v -25.20000076 -57.69493103 -33.00000000
v -25.20000076 -57.80312729 -33.29999924
v -25.20000076 -57.90000153 -33.59999847
v -25.20000076 -57.90000153 -43.50000000
v -25.20000076 -57.85290146 -43.79999924
v -25.20000076 -57.81152725 -44.09999847
v -25.20000076 -57.77736282 -44.40000153
v -25.20000076 -57.75077057 -44.70000076
v -25.20000076 -57.72924805 -45.00000000
v -25.20000076 -57.70966339 -45.29999924
v -25.20000076 -57.68872833 -45.59999847
v -25.20000076 -57.66193390 -45.90000153
v -25.20000076 -57.61417007 -46.20000076
v -25.20000076 -58.03869247 -33.90000153
v -25.20000076 -58.17399597 -34.20000076
v -25.20000076 -58.20000076 -34.26338577
v -25.20000076 -58.17140961 -42.59999847
v -25.20000076 -58.20000076 -42.51110840
v -25.20000076 -58.07666779 -42.90000153
v -25.20000076 -57.98603058 -43.20000076
v -25.20000076 -58.29791260 -34.50000000
v -25.20000076 -58.39669418 -34.79999924
v -25.20000076 -58.47657013 -35.09999847
v -25.20000076 -58.50000000 -35.40000153
v -25.20000076 -58.50000000 -41.70000076
v -25.20000076 -58.37314224 -42.00000000
v -25.20000076 -58.26996613 -42.29999924
v -25.20000076 -58.79999924 -35.63586426
v -25.20000076 -58.79999924 -41.40721512
v -25.20000076 -58.84058762 -35.70000076
v -25.20000076 -58.97551727 -36.00000000
v -25.20000076 -59.07228470 -36.29999924
v -25.20000076 -59.09999847 -36.40922165
v -25.20000076 -59.00314331 -41.09999847
v -25.20000076 -59.09999847 -40.85787582
v -25.20000076 -58.80627823 -41.40000153
v -25.20000076 -59.14461899 -36.59999847
v -25.20000076 -59.19217682 -36.90000153
v -25.20000076 -59.22489929 -37.20000076
v -25.20000076 -59.24724197 -37.50000000
v -25.20000076 -59.26126099 -37.79999924
v -25.20000076 -59.26859283 -38.09999847
v -25.20000076 -59.26977158 -38.40000153
v -25.20000076 -59.26629639 -38.70000076
v -25.20000076 -59.26042557 -39.00000000
v -25.20000076 -59.25378799 -39.29999924
v -25.20000076 -59.24605179 -39.59999847
v -25.20000076 -59.23463058 -39.90000153
v -25.20000076 -59.21535492 -40.20000076
v -25.20000076 -59.18139267 -40.50000000
v -25.20000076 -59.12044525 -40.79999924
v -25.50000000 -50.40000153 -36.59999847
v -25.50000000 -50.36175537 -36.90000153
v -25.50000000 -50.33960724 -37.20000076
v -25.50000000 -50.33552551 -37.50000000
v -25.50000000 -50.34340668 -37.79999924
v -25.50000000 -50.35381317 -38.09999847
v -25.26624489 -50.40000153 -38.40000153
v -25.50000000 -50.35917664 -38.40000153
v -25.34688187 -50.40000153 -38.70000076
v -25.50000000 -50.36834717 -38.70000076
v -25.44471169 -50.40000153 -39.00000000
v -25.50000000 -50.38676071 -39.00000000
v -25.50000000 -50.40000153 -39.13394547
v -25.50000000 -50.62223434 -36.29999924
v -25.50000000 -50.70000076 -36.20369339
v -25.50000000 -50.41660309 -39.29999924
v -25.50000000 -50.45821762 -39.59999847
v -25.50000000 -50.51128387 -39.90000153
v -25.50000000 -50.57217026 -40.20000076
v -25.33264923 -50.70000076 -40.50000000
v -25.50000000 -50.63235474 -40.50000000
v -25.50000000 -50.70000076 -40.79999924
v -25.50000000 -50.91189957 -36.00000000
v -25.50000000 -51.00000000 -35.92941284
v -25.50000000 -50.76813507 -41.09999847
v -25.50000000 -50.84498596 -41.40000153
v -25.34629440 -51.00000000 -41.70000076
v -25.50000000 -50.92103958 -41.70000076
v -25.50000000 -51.00000000 -42.00000000
v -25.50000000 -51.29999924 -35.70000076
v -25.50000000 -51.01052475 -42.29999924
v -25.50000000 -51.04537201 -42.59999847
v -25.50000000 -51.12177658 -42.90000153
v -25.41136360 -51.29999924 -43.20000076
v -25.50000000 -51.22952652 -43.20000076
v -25.49754524 -51.29999924 -43.50000000
v -25.50000000 -51.29771042 -43.50000000
v -25.50000000 -51.29999924 -43.79999924
v -25.49568558 -51.29999924 -45.00000000
v -25.50000000 -51.29566574 -45.00000000
v -25.50000000 -51.29999924 -44.70000076
v -25.49468040 -51.29999924 -45.29999924
v -25.50000000 -51.29467010 -45.29999924
v -25.50000000 -51.29999924 -45.59999847
v -25.50000000 -51.59999847 -35.57847595
v -25.50000000 -51.29999924 -44.09999847
v -25.50000000 -51.29999924 -44.40000153
v -25.50000000 -51.29999924 -45.90000153
v -25.26511574 -51.59999847 -46.20000076
v -25.50000000 -51.29999924 -46.20000076
v -25.50000000 -51.59999847 -46.50000000
v -25.33270073 -51.59999847 -48.90000153
v -25.50000000 -51.29999924 -48.90000153
v -25.50000000 -51.59999847 -48.59999847
v -25.33512878 -51.59999847 -49.20000076
v -25.50000000 -51.29999924 -49.20000076
v -25.50000000 -51.59999847 -49.50000000
v -25.50000000 -51.90000153 -35.40000153
v -25.50000000 -51.59999847 -46.79999924
v -25.50000000 -51.59999847 -47.09999847
v -25.50000000 -51.59999847 -47.40000153
v -25.50000000 -51.59999847 -47.70000076
v -25.50000000 -51.59999847 -48.00000000
v -25.50000000 -51.59999847 -48.29999924
v -25.50000000 -51.60044479 -49.79999924
v -25.50000000 -51.59999847 -50.09999847
v -25.50000000 -51.59999847 -50.40000153
v -25.50000000 -51.59999847 -50.70000076
v -25.50000000 -51.59999847 -51.00000000
v -25.50000000 -51.59999847 -51.29999924
v -25.50000000 -51.60321426 -51.59999847
v -25.50000000 -51.62591553 -51.90000153
v -25.20247459 -51.90000153 -52.20000076
v -25.50000000 -51.64276505 -52.20000076
v -25.20008087 -51.90000153 -52.50000000
v -25.50000000 -51.64940643 -52.50000000
v -25.50000000 -51.64910507 -52.79999924
v -25.50000000 -51.64896011 -53.09999847
v -25.20537567 -51.90000153 -53.40000153
v -25.50000000 -51.66442871 -53.40000153
v -25.24109077 -51.90000153 -53.70000076
v -25.50000000 -51.71300125 -53.70000076
v -25.29232407 -51.90000153 -54.00000000
v -25.50000000 -51.77073288 -54.00000000
v -25.31113434 -51.90000153 -54.29999924
v -25.50000000 -51.77281952 -54.29999924
v -25.28758049 -51.90000153 -54.59999847
v -25.50000000 -51.71389008 -54.59999847
v -25.25530434 -51.90000153 -54.90000153
v -25.50000000 -51.65391541 -54.90000153
v -25.22962570 -51.90000153 -55.20000076
v -25.50000000 -51.62230682 -55.20000076
v -25.21662140 -51.90000153 -55.50000000
v -25.50000000 -51.61314774 -55.50000000
v -25.22939873 -51.90000153 -55.79999924
v -25.50000000 -51.62149429 -55.79999924
v -25.28485107 -51.90000153 -56.09999847
v -25.50000000 -51.64800644 -56.09999847
v -25.35764503 -51.90000153 -56.40000153
v -25.50000000 -51.68857956 -56.40000153
v -25.38849449 -51.90000153 -56.70000076
v -25.50000000 -51.72294617 -56.70000076
v -25.40470314 -51.90000153 -57.00000000
v -25.50000000 -51.75090027 -57.00000000
v -25.43417549 -51.90000153 -57.29999924
v -25.50000000 -51.79701614 -57.29999924
v -25.50000000 -51.90000153 -57.59999847
v -25.42391014 -51.90000153 -57.90000153
v -25.50000000 -51.78178787 -57.90000153
v -25.39868736 -51.90000153 -58.20000076
v -25.50000000 -51.74441528 -58.20000076
v -25.42020988 -51.90000153 -58.50000000
v -25.50000000 -51.77123260 -58.50000000
v -25.50000000 -51.90000153 -58.79999924
v -25.28600502 -52.20000076 -34.79999924
v -25.50000000 -52.14398193 -35.09999847
v -25.50000000 -52.20000076 -35.02026367
v -25.21600533 -52.20000076 -58.50000000
v -25.35136414 -52.20000076 -58.79999924
v -25.50000000 -52.20000076 -59.01526642
v -25.47334099 -52.50000000 -34.50000000
v -25.50000000 -52.33689499 -34.79999924
v -25.50000000 -52.50000000 -34.52724075
v -25.50000000 -52.50000000 -59.09999847
v -25.41092873 -52.79999924 -33.90000153
v -25.50000000 -52.68778610 -34.20000076
v -25.50000000 -52.79999924 -34.00449371
v -25.50000000 -52.51601791 -34.50000000
v -25.50000000 -52.79999924 -59.09999847
v -25.32018661 -53.09999847 -33.29999924
v -25.50000000 -53.07723618 -33.59999847
v -25.50000000 -53.09999847 -33.56956100
v -25.50000000 -52.86639404 -33.90000153
v -25.50000000 -53.09999847 -59.02276611
v -25.32587814 -53.40000153 -33.00000000
v -25.50000000 -53.40000153 -33.29999924
v -25.50000000 -53.40000153 -58.79999924
v -25.50000000 -53.67367935 -33.00000000
v -25.50000000 -53.70000076 -32.98220825
v -25.50000000 -53.70000076 -58.20000076
v -25.50000000 -53.56266785 -58.50000000
v -25.24285316 -54.00000000 -32.70000076
v -25.50000000 -54.00000000 -32.84134293
v -25.50000000 -54.00000000 -57.59999847
v -25.50000000 -53.84805298 -57.90000153
v -25.32664871 -54.29999924 -32.70000076
v -25.50000000 -54.29999924 -32.76783752
v -25.50000000 -54.29999924 -57.37062073
v -25.45324516 -54.59999847 -32.70000076
v -25.50000000 -54.59999847 -32.71563339
v -25.50000000 -54.59999847 -57.00000000
v -25.50000000 -54.36921310 -57.29999924
v -25.50000000 -54.68843079 -32.70000076
v -25.50000000 -54.90000153 -32.66381454
v -25.50000000 -54.88221359 -56.40000153
v -25.50000000 -54.90000153 -56.37485886
v -25.50000000 -54.72345352 -56.70000076
v -25.50000000 -55.20000076 -32.58750534
v -25.50000000 -55.20000076 -56.09999847
v -25.50000000 -55.50000000 -32.46438599
v -25.43810463 -55.50000000 -55.50000000
v -25.50000000 -55.35119629 -55.79999924
v -25.50000000 -55.50000000 -55.51815414
v -25.50000000 -55.63416672 -32.40000153
v -25.50000000 -55.79999924 -32.31740570
v -25.50000000 -55.79999924 -54.90000153
v -25.50000000 -55.65347672 -55.20000076
v -25.50000000 -55.50897598 -55.50000000
v -25.50000000 -56.09999847 -32.17188644
v -25.50000000 -56.09855652 -53.70000076
v -25.50000000 -56.09999847 -53.69301987
v -25.50000000 -56.01034164 -54.00000000
v -25.50000000 -55.92438126 -54.29999924
v -25.50000000 -55.85512924 -54.59999847
v -25.50000000 -56.32274628 -32.09999847
v -25.50000000 -56.40000153 -32.07655716
v -25.50000000 -56.34537506 -52.50000000
v -25.50000000 -56.40000153 -52.25454712
v -25.50000000 -56.27527618 -52.79999924
v -25.50000000 -56.21147156 -53.09999847
v -25.50000000 -56.15592194 -53.40000153
v -25.50000000 -56.70000076 -32.04541016
v -25.50000000 -56.70000076 -50.40000153
v -25.50000000 -56.60555649 -50.70000076
v -25.50000000 -56.55564117 -51.00000000
v -25.50000000 -56.52324677 -51.29999924
v -25.50000000 -56.49442673 -51.59999847
v -25.50000000 -56.45923615 -51.90000153
v -25.50000000 -56.41187286 -52.20000076
v -25.50000000 -57.00000000 -32.09723282
v -25.50000000 -57.00000000 -50.09999847
v -25.50000000 -57.00529861 -32.09999847
v -25.50000000 -57.29999924 -32.30155563
v -25.50000000 -57.29999924 -47.09999847
v -25.50000000 -57.22431564 -47.40000153
v -25.50000000 -57.16287994 -47.70000076
v -25.50000000 -57.12024307 -48.00000000
v -25.50000000 -57.10271835 -48.29999924
v -25.50000000 -57.09897614 -48.59999847
v -25.50000000 -57.10207367 -48.90000153
v -25.50000000 -57.10874176 -49.20000076
v -25.50000000 -57.10868454 -49.50000000
v -25.50000000 -57.08110809 -49.79999924
v -25.50000000 -57.39568710 -32.40000153
v -25.39669418 -57.59999847 -32.70000076
v -25.50000000 -57.59999847 -32.66491699
v -25.50000000 -57.59999847 -46.20000076
v -25.50000000 -57.47792053 -46.50000000
v -25.50000000 -57.37727737 -46.79999924
v -25.50000000 -57.62393951 -32.70000076
v -25.50000000 -57.78863907 -33.00000000
v -25.50000000 -57.90000153 -33.29999924
v -25.50000000 -57.85146713 -43.79999924
v -25.50000000 -57.90000153 -43.55862427
v -25.50000000 -57.80236816 -44.09999847
v -25.50000000 -57.76399231 -44.40000153
v -25.50000000 -57.73386383 -44.70000076
v -25.50000000 -57.70747375 -45.00000000
v -25.50000000 -57.68075562 -45.29999924
v -25.50000000 -57.65250397 -45.59999847
v -25.50000000 -57.62602615 -45.90000153
v -25.50000000 -58.01028442 -33.59999847
v -25.50000000 -58.13228607 -33.90000153
v -25.28713989 -58.20000076 -34.20000076
v -25.50000000 -58.20000076 -34.05817413
v -25.50000000 -58.14802933 -42.59999847
v -25.50000000 -58.20000076 -42.43800735
v -25.50000000 -58.06017685 -42.90000153
v -25.50000000 -57.98149872 -43.20000076
v -25.50000000 -57.91193771 -43.50000000
v -25.50000000 -58.26379395 -34.20000076
v -25.50000000 -58.39548874 -34.50000000
v -25.50000000 -58.50000000 -34.79999924
v -25.23762894 -58.50000000 -35.09999847
v -25.50000000 -58.50000000 -41.70000076
v -25.50000000 -58.35290146 -42.00000000
v -25.50000000 -58.24525070 -42.29999924
v -25.50000000 -58.79999924 -35.09999847
v -25.44555855 -58.79999924 -35.40000153
v -25.50000000 -58.79999924 -41.40000153
v -25.50000000 -58.83212662 -35.40000153
v -25.50000000 -58.92350769 -35.70000076
v -25.50000000 -59.02404022 -36.00000000
v -25.44603729 -59.09999847 -36.29999924
v -25.50000000 -59.09999847 -36.27757263
v -25.50000000 -59.09999847 -40.79999924
v -25.50000000 -58.96716690 -41.09999847
v -25.50000000 -59.10571671 -36.29999924
v -25.50000000 -59.16757584 -36.59999847
v -25.50000000 -59.21196365 -36.90000153
v -25.50000000 -59.24094391 -37.20000076
v -25.50000000 -59.25828934 -37.50000000
v -25.50000000 -59.26768112 -37.79999924
v -25.50000000 -59.27169037 -38.09999847
v -25.50000000 -59.27130127 -38.40000153
v -25.50000000 -59.26659012 -38.70000076
v -25.50000000 -59.25777054 -39.00000000
v -25.50000000 -59.24575424 -39.29999924
v -25.50000000 -59.23161697 -39.59999847
v -25.50000000 -59.21467972 -39.90000153
v -25.50000000 -59.19235992 -40.20000076
v -25.50000000 -59.15847397 -40.50000000
v -25.60493851 -50.40000153 -36.90000153
v -25.79999924 -50.40000153 -37.20000076
v -25.79999924 -50.37265015 -37.50000000
v -25.79999924 -50.35152435 -37.79999924
v -25.79999924 -50.33499527 -38.09999847
v -25.79999924 -50.32469177 -38.40000153
v -25.79999924 -50.32237244 -38.70000076
v -25.79999924 -50.33047485 -39.00000000
v -25.57361984 -50.40000153 -39.29999924
v -25.79999924 -50.35026169 -39.29999924
v -25.72493362 -50.40000153 -39.59999847
v -25.79999924 -50.38091278 -39.59999847
v -25.79999924 -50.40000153 -39.74938965
v -25.63388824 -50.70000076 -36.29999924
v -25.79999924 -50.60743713 -36.59999847
v -25.79999924 -50.70000076 -36.45182800
v -25.79999924 -50.48974228 -36.90000153
v -25.79999924 -50.41957855 -39.90000153
v -25.79999924 -50.46256638 -40.20000076
v -25.79999924 -50.51130676 -40.50000000
v -25.79999924 -50.57013321 -40.79999924
v -25.65041542 -50.70000076 -41.09999847
v -25.79999924 -50.63394165 -41.09999847
v -25.79999924 -50.70000076 -41.40000153
v -25.61478233 -51.00000000 -36.00000000
v -25.79999924 -50.81392670 -36.29999924
v -25.79999924 -51.00000000 -36.12355423
v -25.79999924 -50.76562500 -41.70000076
v -25.79999924 -50.81975555 -42.00000000
v -25.52155113 -51.00000000 -42.29999924
v -25.79999924 -50.85874557 -42.29999924
v -25.59626579 -51.00000000 -42.59999847
v -25.79999924 -50.90557480 -42.59999847
v -25.71503639 -51.00000000 -42.90000153
v -25.79999924 -50.95703506 -42.90000153
v -25.79999924 -51.00000000 -43.20000076
v -25.79999924 -51.18070984 -36.00000000
v -25.79999924 -51.29999924 -35.92496490
v -25.79999924 -51.05146027 -43.50000000
v -25.79999924 -51.07421875 -43.79999924
v -25.79999924 -51.07857132 -44.09999847
v -25.79999924 -51.07066727 -44.40000153
v -25.79999924 -51.04735947 -44.70000076
v -25.79999924 -51.00000000 -45.00000000
v -25.79999924 -51.00000000 -45.29999924
v -25.79999924 -51.05490494 -45.59999847
v -25.79999924 -51.09083176 -45.90000153
v -25.79999924 -51.13172531 -46.20000076
v -25.70517159 -51.29999924 -46.50000000
v -25.79999924 -51.21057510 -46.50000000
v -25.77621269 -51.29999924 -46.79999924
v -25.79999924 -51.27479172 -46.79999924
v -25.79983139 -51.29999924 -47.09999847
v -25.79999924 -51.29982376 -47.09999847
v -25.79999924 -51.29999924 -47.40000153
v -25.78802681 -51.29999924 -48.29999924
v -25.79999924 -51.28636551 -48.29999924
v -25.79999924 -51.29999924 -48.00000000
v -25.72437859 -51.29999924 -48.59999847
v -25.79999924 -51.22455597 -48.59999847
v -25.79999924 -51.13714981 -48.90000153
v -25.79999924 -51.11630630 -49.20000076
v -25.70343018 -51.29999924 -49.50000000
v -25.79999924 -51.18070984 -49.50000000
v -25.77139664 -51.29999924 -49.79999924
v -25.79999924 -51.25746155 -49.79999924
v -25.79615593 -51.29999924 -50.09999847
v -25.79999924 -51.29475021 -50.09999847
v -25.79999924 -51.29999924 -50.40000153
v -25.79743576 -51.29999924 -56.40000153
v -25.79999924 -51.29726791 -56.40000153
v -25.79999924 -51.29999924 -56.09999847
v -25.79787445 -51.29999924 -56.70000076
v -25.79999924 -51.29758453 -56.70000076
v -25.79999924 -51.29999924 -57.00000000
v -25.79910469 -51.29999924 -58.50000000
v -25.79999924 -51.29885864 -58.50000000
v -25.79999924 -51.29999924 -58.20000076
v -25.79271698 -51.29999924 -58.79999924
v -25.79999924 -51.28948593 -58.79999924
v -25.78372574 -51.29999924 -59.09999847
v -25.79999924 -51.27190018 -59.09999847
v -25.78038406 -51.29999924 -59.40000153
v -25.79999924 -51.26018524 -59.40000153
v -25.79999924 -51.29999924 -59.70000076
v -25.69281769 -51.59999847 -35.70000076
v -25.79999924 -51.59999847 -35.77006149
v -25.79999924 -51.29999924 -47.70000076
v -25.50055885 -51.59999847 -49.79999924
v -25.79999924 -51.29999924 -50.70000076
v -25.79999924 -51.29999924 -51.00000000
v -25.79999924 -51.29999924 -51.29999924
v -25.50367355 -51.59999847 -51.59999847
v -25.79999924 -51.29999924 -51.59999847
v -25.52618790 -51.59999847 -51.90000153
v -25.79999924 -51.29999924 -51.90000153
v -25.54183197 -51.59999847 -52.20000076
v -25.79999924 -51.29999924 -52.20000076
v -25.54814339 -51.59999847 -52.50000000
v -25.79999924 -51.29999924 -52.50000000
v -25.54770279 -51.59999847 -52.79999924
v -25.79999924 -51.29999924 -52.79999924
v -25.54727364 -51.59999847 -53.09999847
v -25.79999924 -51.29999924 -53.09999847
v -25.56225967 -51.59999847 -53.40000153
v -25.79999924 -51.29999924 -53.40000153
v -25.62057686 -51.59999847 -53.70000076
v -25.79999924 -51.29999924 -53.70000076
v -25.79999924 -51.59999847 -54.00000000
v -25.61601448 -51.59999847 -54.59999847
v -25.79999924 -51.29999924 -54.59999847
v -25.79999924 -51.59999847 -54.29999924
v -25.54941177 -51.59999847 -54.90000153
v -25.79999924 -51.29999924 -54.90000153
v -25.52082634 -51.59999847 -55.20000076
v -25.79999924 -51.29999924 -55.20000076
v -25.51244164 -51.59999847 -55.50000000
v -25.79999924 -51.29999924 -55.50000000
v -25.51949501 -51.59999847 -55.79999924
v -25.79999924 -51.29999924 -55.79999924
v -25.53849602 -51.59999847 -56.09999847
v -25.56061935 -51.59999847 -56.40000153
v -25.57889938 -51.59999847 -56.70000076
v -25.59482956 -51.59999847 -57.00000000
v -25.61198044 -51.59999847 -57.29999924
v -25.79999924 -51.29999924 -57.29999924
v -25.62245178 -51.59999847 -57.59999847
v -25.79999924 -51.29999924 -57.59999847
v -25.60511017 -51.59999847 -57.90000153
v -25.79999924 -51.29999924 -57.90000153
v -25.59168434 -51.59999847 -58.20000076
v -25.60115433 -51.59999847 -58.50000000
v -25.63361168 -51.59999847 -58.79999924
v -25.67867279 -51.59999847 -59.09999847
v -25.73239517 -51.59999847 -59.40000153
v -25.79999924 -51.59999847 -59.70000076
v -25.79999924 -51.72558212 -35.70000076
v -25.79999924 -51.90000153 -35.59879684
v -25.62409019 -51.90000153 -59.09999847
v -25.77761269 -51.90000153 -59.40000153
v -25.79999924 -51.90000153 -59.44908142
v -25.57138634 -52.20000076 -35.09999847
v -25.79999924 -52.20000076 -35.40000153
v -25.56944847 -52.20000076 -59.09999847
v -25.79999924 -51.98427963 -59.40000153
v -25.79999924 -52.20000076 -59.32815933
v -25.76054001 -52.50000000 -34.79999924
v -25.79999924 -52.35119247 -35.09999847
v -25.79999924 -52.50000000 -34.84096527
v -25.79999924 -52.50000000 -59.40000153
v -25.67129517 -52.79999924 -34.20000076
v -25.79999924 -52.70318985 -34.50000000
v -25.79999924 -52.79999924 -34.34005737
v -25.79999924 -52.52419281 -34.79999924
v -25.79999924 -52.79999924 -59.40000153
v -25.52371407 -53.09999847 -33.59999847
v -25.79999924 -53.09999847 -33.90000153
v -25.79999924 -52.88966751 -34.20000076
v -25.58549500 -53.09999847 -59.09999847
v -25.79999924 -53.09999847 -59.29520416
v -25.79999924 -53.40000153 -33.59999847
v -25.79999924 -53.40000153 -59.09999847
v -25.52006340 -53.70000076 -33.00000000
v -25.79999924 -53.70000076 -33.29999924
v -25.79999924 -53.70000076 -58.20000076
v -25.79999924 -53.60723495 -58.50000000
v -25.79999924 -53.51993561 -58.79999924
v -25.79999924 -54.00000000 -33.00000000
v -25.79999924 -53.84807587 -57.90000153
v -25.79999924 -54.00000000 -57.66495514
v -25.79999924 -54.29999924 -32.88369751
v -25.79999924 -54.06151962 -57.59999847
v -25.79999924 -54.29999924 -57.41917801
v -25.79999924 -54.59999847 -32.80937958
v -25.79999924 -54.44670868 -57.29999924
v -25.79999924 -54.59999847 -57.10584641
v -25.62249947 -54.90000153 -32.70000076
v -25.79999924 -54.90000153 -32.75185013
v -25.79999924 -54.90000153 -56.40000153
v -25.79999924 -54.77059937 -56.70000076
v -25.79999924 -54.65536499 -57.00000000
v -25.79999924 -55.20000076 -32.70000076
v -25.79999924 -55.20000076 -56.10787964
v -25.79999924 -55.50000000 -32.53562164
v -25.79999924 -55.50000000 -55.50000000
v -25.79999924 -55.36215973 -55.79999924
v -25.79999924 -55.20608139 -56.09999847
v -25.79999924 -55.79999924 -32.40000153
v -25.79999924 -55.79999924 -54.90000153
v -25.79999924 -55.63628006 -55.20000076
v -25.79999924 -56.09999847 -32.24829483
v -25.79999924 -56.09999847 -53.70000076
v -25.79999924 -55.98468018 -54.00000000
v -25.79999924 -55.89876556 -54.29999924
v -25.79999924 -55.84023285 -54.59999847
v -25.60201836 -56.40000153 -32.09999847
v -25.79999924 -56.40000153 -32.14669800
v -25.79999924 -56.40000153 -52.20000076
v -25.79999924 -56.31113434 -52.50000000
v -25.79999924 -56.23313141 -52.79999924
v -25.79999924 -56.16887665 -53.09999847
v -25.79999924 -56.12430191 -53.40000153
v -25.79999924 -56.66711044 -32.09999847
v -25.79999924 -56.70000076 -32.09442139
v -25.79999924 -56.70000076 -50.09999847
v -25.79999924 -56.63893509 -50.40000153
v -25.79999924 -56.57473373 -50.70000076
v -25.79999924 -56.52594757 -51.00000000
v -25.79999924 -56.49302673 -51.29999924
v -25.79999924 -56.46960831 -51.59999847
v -25.79999924 -56.44445419 -51.90000153
v -25.79999924 -57.00000000 -32.09999847
v -25.79999924 -57.00000000 -48.29999924
v -25.79999924 -57.00000000 -48.59999847
v -25.79999924 -57.00000000 -48.90000153
v -25.79999924 -57.00000000 -49.20000076
v -25.79999924 -57.00000000 -49.50000000
v -25.79999924 -57.00000000 -49.79999924
v -25.79999924 -57.29999924 -32.30973053
v -25.70838928 -57.29999924 -46.79999924
v -25.79999924 -57.26126099 -46.79999924
v -25.79999924 -57.29999924 -46.68511963
v -25.79999924 -57.18631744 -47.09999847
v -25.79999924 -57.13605499 -47.40000153
v -25.79999924 -57.08390808 -47.70000076
v -25.79999924 -57.01162338 -48.00000000
v -25.79999924 -57.39910126 -32.40000153
v -25.79999924 -57.59999847 -32.61180496
v -25.70495987 -57.59999847 -45.59999847
v -25.79999924 -57.57358932 -45.59999847
v -25.79999924 -57.59999847 -45.43816757
v -25.58297157 -57.59999847 -45.90000153
v -25.79999924 -57.52272034 -45.90000153
v -25.79999924 -57.45682526 -46.20000076
v -25.79999924 -57.35964203 -46.50000000
v -25.79999924 -57.67236328 -32.70000076
v -25.79999924 -57.90000153 -33.00000000
v -25.79999924 -57.90000153 -43.50000000
v -25.79999924 -57.82323456 -43.79999924
v -25.79999924 -57.76681137 -44.09999847
v -25.79999924 -57.72520447 -44.40000153
v -25.79999924 -57.69320679 -44.70000076
v -25.79999924 -57.66312408 -45.00000000
v -25.79999924 -57.62118912 -45.29999924
v -25.79999924 -57.98867798 -33.29999924
v -25.79999924 -58.08901596 -33.59999847
v -25.79999924 -58.20000076 -33.90000153
v -25.79999924 -58.20000076 -42.29999924
v -25.79999924 -58.09789658 -42.59999847
v -25.79999924 -58.01908112 -42.90000153
v -25.79999924 -57.95636368 -43.20000076
v -25.79999924 -58.32849503 -34.20000076
v -25.79999924 -58.48885345 -34.50000000
v -25.79999924 -58.50000000 -34.51682281
v -25.79999924 -58.45841599 -41.70000076
v -25.79999924 -58.50000000 -41.64054108
v -25.79999924 -58.30013657 -42.00000000
v -25.79999924 -58.79999924 -34.79999924
v -25.79999924 -58.79999924 -41.40000153
v -25.79999924 -58.88035965 -35.09999847
v -25.79999924 -58.93604660 -35.40000153
v -25.79999924 -58.99572372 -35.70000076
v -25.79999924 -59.06161118 -36.00000000
v -25.79999924 -59.09999847 -36.18693542
v -25.79999924 -59.09999847 -40.50000000
v -25.79999924 -58.98241043 -40.79999924
v -25.79999924 -58.86374283 -41.09999847
v -25.79999924 -59.12229538 -36.29999924
v -25.79999924 -59.17137527 -36.59999847
v -25.79999924 -59.20707703 -36.90000153
v -25.79999924 -59.23072815 -37.20000076
v -25.79999924 -59.24468994 -37.50000000
v -25.79999924 -59.25173187 -37.79999924
v -25.79999924 -59.25399399 -38.09999847
v -25.79999924 -59.25232315 -38.40000153
v -25.79999924 -59.24601746 -38.70000076
v -25.79999924 -59.23335648 -39.00000000
v -25.79999924 -59.21318817 -39.29999924
v -25.79999924 -59.18712997 -39.59999847
v -25.79999924 -59.15894318 -39.90000153
v -25.79999924 -59.13141632 -40.20000076
v -25.90956497 -50.40000153 -37.50000000
v -26.10000038 -50.38566971 -37.79999924
v -26.10000038 -50.40000153 -37.73108673
v -26.10000038 -50.34028625 -38.09999847
v -26.10000038 -50.31105042 -38.40000153
v -26.10000038 -50.29539490 -38.70000076
v -26.10000038 -50.29269791 -39.00000000
v -26.10000038 -50.30184555 -39.29999924
v -26.10000038 -50.32038879 -39.59999847
v -25.87681198 -50.40000153 -39.90000153
v -26.10000038 -50.34497452 -39.90000153
v -26.00500107 -50.40000153 -40.20000076
v -26.10000038 -50.37205124 -40.20000076
v -26.10000038 -50.40000153 -40.50000000
v -25.93348885 -50.70000076 -36.59999847
v -26.10000038 -50.70000076 -36.90000153
v -26.10000038 -50.54949570 -37.20000076
v -26.10000038 -50.45158005 -37.50000000
v -26.10000038 -50.45263290 -40.79999924
v -26.10000038 -50.50875092 -41.09999847
v -26.10000038 -50.57205200 -41.40000153
v -25.94275665 -50.70000076 -41.70000076
v -26.10000038 -50.63133621 -41.70000076
v -26.04515266 -50.70000076 -42.00000000
v -26.10000038 -50.67531967 -42.00000000
v -26.10000038 -50.70000076 -42.29999924
v -26.10000038 -51.00000000 -36.29999924
v -26.10000038 -50.81695175 -36.59999847
v -26.10000038 -50.76581955 -42.59999847
v -26.10000038 -50.81198883 -42.90000153
v -26.10000038 -50.84200287 -43.20000076
v -25.87584114 -51.00000000 -43.50000000
v -26.10000038 -50.86253738 -43.50000000
v -25.90746689 -51.00000000 -43.79999924
v -26.10000038 -50.87400436 -43.79999924
v -25.91379738 -51.00000000 -44.09999847
v -26.10000038 -50.87614822 -44.09999847
v -25.90200615 -51.00000000 -44.40000153
v -26.10000038 -50.86967087 -44.40000153
v -25.86846161 -51.00000000 -44.70000076
v -26.10000038 -50.85646439 -44.70000076
v -26.10000038 -50.84474564 -45.00000000
v -26.10000038 -50.85166168 -45.29999924
v -25.88461685 -51.00000000 -45.59999847
v -26.10000038 -50.87720490 -45.59999847
v -25.94183159 -51.00000000 -45.90000153
v -26.10000038 -50.90596390 -45.90000153
v -25.99293518 -51.00000000 -46.20000076
v -26.10000038 -50.93151093 -46.20000076
v -26.03769112 -51.00000000 -46.50000000
v -26.10000038 -50.95170593 -46.50000000
v -26.06373596 -51.00000000 -46.79999924
v -26.10000038 -50.96630478 -46.79999924
v -26.08129692 -51.00000000 -47.09999847
v -26.10000038 -50.98160553 -47.09999847
v -26.09599304 -51.00000000 -47.40000153
v -26.10000038 -50.99623108 -47.40000153
v -26.10000038 -51.00000000 -47.70000076
v -26.09951210 -51.00000000 -48.59999847
v -26.10000038 -50.99969482 -48.59999847
v -26.10000038 -51.00000000 -48.29999924
v -26.07290077 -51.00000000 -48.90000153
v -26.10000038 -50.98863983 -48.90000153
v -26.04357910 -51.00000000 -49.20000076
v -26.10000038 -50.97908783 -49.20000076
v -26.05638123 -51.00000000 -49.50000000
v -26.10000038 -50.97898483 -49.50000000
v -26.08171463 -51.00000000 -49.79999924
v -26.10000038 -50.98837662 -49.79999924
v -26.10000038 -51.00000000 -50.09999847
v -26.09324074 -51.00000000 -50.70000076
v -26.10000038 -50.99366379 -50.70000076
v -26.10000038 -51.00000000 -50.40000153
v -26.08009529 -51.00000000 -51.00000000
v -26.10000038 -50.97928238 -51.00000000
v -26.07674599 -51.00000000 -51.29999924
v -26.10000038 -50.97533035 -51.29999924
v -26.08217621 -51.00000000 -51.59999847
v -26.10000038 -50.98138809 -51.59999847
v -26.08975220 -51.00000000 -51.90000153
v -26.10000038 -50.98977661 -51.90000153
v -26.08511734 -51.00000000 -52.20000076
v -26.10000038 -50.98517609 -52.20000076
v -26.07124901 -51.00000000 -52.50000000
v -26.10000038 -50.97029114 -52.50000000
v -26.06303978 -51.00000000 -52.79999924
v -26.10000038 -50.96202087 -52.79999924
v -26.06567001 -51.00000000 -53.09999847
v -26.10000038 -50.96537781 -53.09999847
v -26.08622551 -51.00000000 -53.40000153
v -26.10000038 -50.98667145 -53.40000153
v -26.10000038 -51.00000000 -53.48286057
v -26.09246254 -51.00000000 -58.50000000
v -26.10000038 -50.99400330 -58.50000000
v -26.10000038 -51.00000000 -58.20000076
v -26.04492569 -51.00000000 -58.79999924
v -26.10000038 -50.95152283 -58.79999924
v -25.98983955 -51.00000000 -59.09999847
v -26.10000038 -50.89287186 -59.09999847
v -25.95857620 -51.00000000 -59.40000153
v -26.10000038 -50.85081482 -59.40000153
v -25.98446274 -51.00000000 -59.70000076
v -26.10000038 -50.86586380 -59.70000076
v -26.10000038 -51.00000000 -60.00000000
v -25.90748024 -51.29999924 -36.00000000
v -26.10000038 -51.29999924 -36.12810516
v -26.10000038 -51.00000000 -48.00000000
v -26.10000038 -51.03733444 -53.70000076
v -25.93721771 -51.29999924 -54.00000000
v -26.10000038 -51.10602570 -54.00000000
v -25.94356728 -51.29999924 -54.29999924
v -26.10000038 -51.12738037 -54.29999924
v -26.10000038 -51.10000992 -54.59999847
v -26.10000038 -51.08859634 -54.90000153
v -26.10000038 -51.08966827 -55.20000076
v -26.10000038 -51.09441376 -55.50000000
v -26.10000038 -51.09246445 -55.79999924
v -26.10000038 -51.06812286 -56.09999847
v -26.10000038 -51.00000000 -56.40000153
v -26.10000038 -51.00000000 -56.70000076
v -26.10000038 -51.00000000 -57.00000000
v -26.10000038 -51.00000000 -57.29999924
v -26.10000038 -51.00000000 -57.59999847
v -26.10000038 -51.00000000 -57.90000153
v -26.05805969 -51.29999924 -60.00000000
v -26.10000038 -51.29999924 -60.03247452
v -26.10000038 -51.59999847 -36.00000000
v -26.06861877 -51.59999847 -60.00000000
v -26.10000038 -51.59999847 -60.02312851
v -25.95408249 -51.90000153 -35.70000076
v -26.10000038 -51.90000153 -35.79442215
v -25.92619705 -51.90000153 -59.70000076
v -26.10000038 -51.90000153 -60.00000000
v -26.10000038 -52.01792145 -35.70000076
v -26.10000038 -52.20000076 -35.53971100
v -26.10000038 -52.20000076 -59.40000153
v -26.10000038 -52.17009735 -59.70000076
v -26.10000038 -52.50000000 -35.09999847
v -26.10000038 -52.32353210 -35.40000153
v -26.10000038 -52.50000000 -59.40000153
v -25.95583916 -52.79999924 -34.50000000
v -26.10000038 -52.69574356 -34.79999924
v -26.10000038 -52.79999924 -34.63885880
v -26.10000038 -52.79999924 -59.56422043
v -26.10000038 -53.09999847 -34.20000076
v -26.10000038 -52.89486313 -34.50000000
v -25.92176819 -53.09999847 -59.40000153
v -26.10000038 -53.09999847 -59.51579666
v -26.09687614 -53.40000153 -33.90000153
v -26.10000038 -53.40000153 -33.90315628
v -26.10000038 -53.40000153 -59.40000153
v -26.10000038 -53.70000076 -33.59999847
v -26.10000038 -53.40319443 -33.90000153
v -26.10000038 -53.70000076 -58.20000076
v -26.10000038 -53.65470505 -58.50000000
v -26.10000038 -53.61703491 -58.79999924
v -26.10000038 -53.53738785 -59.09999847
v -26.10000038 -54.00000000 -33.29999924
v -26.10000038 -54.00000000 -57.59999847
v -26.10000038 -53.84218216 -57.90000153
v -26.10000038 -54.29999924 -33.00000000
v -26.10000038 -54.29999924 -57.44569397
v -26.10000038 -54.59999847 -32.90024567
v -26.10000038 -54.59999847 -57.29999924
v -26.10000038 -54.90000153 -32.81540298
v -26.10000038 -54.90000153 -56.40000153
v -26.10000038 -54.76629639 -56.70000076
v -26.10000038 -54.67683792 -57.00000000
v -26.10000038 -55.20000076 -32.72026062
v -26.10000038 -55.20000076 -56.09999847
v -26.10000038 -55.24637222 -32.70000076
v -26.10000038 -55.50000000 -32.58781433
v -26.10000038 -55.41418839 -55.50000000
v -26.10000038 -55.50000000 -55.28740311
v -26.10000038 -55.31209564 -55.79999924
v -26.10000038 -55.79999924 -32.45186996
v -25.93193626 -55.79999924 -54.59999847
v -26.10000038 -55.74064255 -54.59999847
v -26.10000038 -55.79999924 -54.34727859
v -26.10000038 -55.65482330 -54.90000153
v -26.10000038 -55.53450394 -55.20000076
v -26.10000038 -55.92012787 -32.40000153
v -26.10000038 -56.09999847 -32.32210159
v -26.02695847 -56.09999847 -53.09999847
v -26.10000038 -56.07629013 -53.09999847
v -26.10000038 -56.09999847 -52.99683380
v -25.87596893 -56.09999847 -53.40000153
v -26.10000038 -56.02051544 -53.40000153
v -26.10000038 -55.96215439 -53.70000076
v -26.10000038 -55.88422394 -54.00000000
v -26.10000038 -55.81029510 -54.29999924
v -26.10000038 -56.40000153 -32.22647476
v -26.10000038 -56.40000153 -51.90000153
v -26.10000038 -56.31287766 -52.20000076
v -26.10000038 -56.22546387 -52.50000000
v -26.10000038 -56.14450455 -52.79999924
v -25.82053375 -56.70000076 -32.09999847
v -26.10000038 -56.70000076 -32.18083572
v -26.10000038 -56.70000076 -48.00000000
v -26.10000038 -56.70000076 -48.29999924
v -26.10000038 -56.70000076 -48.59999847
v -26.10000038 -56.70000076 -48.90000153
v -26.10000038 -56.70000076 -49.20000076
v -26.10000038 -56.70000076 -49.50000000
v -26.07664108 -56.70000076 -49.79999924
v -26.10000038 -56.68354416 -49.79999924
v -26.10000038 -56.60837936 -50.09999847
v -26.10000038 -56.55262756 -50.40000153
v -26.10000038 -56.50400162 -50.70000076
v -26.10000038 -56.46154404 -51.00000000
v -26.10000038 -56.42779541 -51.29999924
v -26.10000038 -56.40813446 -51.59999847
v -26.10000038 -57.00000000 -32.20899963
v -26.10000038 -57.00000000 -47.09999847
v -26.10000038 -57.00000000 -47.40000153
v -26.10000038 -57.00000000 -47.70000076
v -25.81978226 -57.00000000 -48.00000000
v -26.10000038 -57.29999924 -32.34766769
v -26.10000038 -57.29999924 -46.20000076
v -25.91281319 -57.29999924 -46.50000000
v -26.10000038 -57.18658829 -46.50000000
v -26.10000038 -57.06502914 -46.79999924
v -26.10000038 -57.37065506 -32.40000153
v -26.10000038 -57.59999847 -32.59965897
v -26.10000038 -57.59999847 -45.00000000
v -25.87060356 -57.59999847 -45.29999924
v -26.10000038 -57.52502441 -45.29999924
v -26.10000038 -57.45171356 -45.59999847
v -26.10000038 -57.37820053 -45.90000153
v -26.10000038 -57.68992233 -32.70000076
v -26.10000038 -57.90000153 -32.99326706
v -26.10000038 -57.90000153 -43.20000076
v -26.10000038 -57.82106018 -43.50000000
v -26.10000038 -57.75418472 -43.79999924
v -26.10000038 -57.70144272 -44.09999847
v -26.10000038 -57.65937042 -44.40000153
v -26.10000038 -57.62620544 -44.70000076
v -26.10000038 -57.90399170 -33.00000000
v -26.10000038 -58.03220367 -33.29999924
v -26.10000038 -58.14002228 -33.59999847
v -26.10000038 -58.20000076 -33.77200699
v -26.05175781 -58.20000076 -42.00000000
v -26.10000038 -58.18024445 -42.00000000
v -26.10000038 -58.20000076 -41.94137573
v -26.10000038 -58.09036636 -42.29999924
v -26.10000038 -58.01139832 -42.59999847
v -26.10000038 -57.94698334 -42.90000153
v -26.10000038 -58.24566269 -33.90000153
v -26.10000038 -58.36125946 -34.20000076
v -26.10000038 -58.50000000 -34.50000000
v -26.10000038 -58.50000000 -41.09999847
v -26.01147270 -58.50000000 -41.40000153
v -26.10000038 -58.42334747 -41.40000153
v -26.10000038 -58.29520035 -41.70000076
v -26.10000038 -58.79999924 -34.79999924
v -26.10000038 -58.79999924 -40.79999924
v -25.88649178 -58.79999924 -41.09999847
v -26.10000038 -58.91566849 -35.09999847
v -26.10000038 -58.98355865 -35.40000153
v -26.10000038 -59.03375244 -35.70000076
v -26.10000038 -59.07977295 -36.00000000
v -26.10000038 -59.09999847 -36.14229202
v -25.98745728 -59.09999847 -39.90000153
v -26.10000038 -59.05886078 -39.90000153
v -26.10000038 -59.09999847 -39.67973328
v -25.88658142 -59.09999847 -40.20000076
v -26.10000038 -59.00903320 -40.20000076
v -26.10000038 -58.94190598 -40.50000000
v -26.10000038 -59.12201691 -36.29999924
v -26.10000038 -59.15531540 -36.59999847
v -26.10000038 -59.17914963 -36.90000153
v -26.10000038 -59.19647980 -37.20000076
v -26.10000038 -59.20790863 -37.50000000
v -26.10000038 -59.21396637 -37.79999924
v -26.10000038 -59.21548080 -38.09999847
v -26.10000038 -59.21288681 -38.40000153
v -26.10000038 -59.20549011 -38.70000076
v -26.10000038 -59.19046021 -39.00000000
v -26.10000038 -59.16193771 -39.29999924
v -26.10000038 -59.11336899 -39.59999847
v -26.17966843 -50.40000153 -37.79999924
v -26.39999962 -50.36812973 -38.09999847
v -26.39999962 -50.40000153 -37.96493530
v -26.39999962 -50.31978226 -38.40000153
v -26.39999962 -50.29035187 -38.70000076
v -26.39999962 -50.27637863 -39.00000000
v -26.39999962 -50.27405167 -39.29999924
v -26.39999962 -50.28022385 -39.59999847
v -26.39999962 -50.29262924 -39.90000153
v -26.39999962 -50.31006241 -40.20000076
v -26.39999962 -50.33333969 -40.50000000
v -26.27626991 -50.40000153 -40.79999924
v -26.39999962 -50.36525345 -40.79999924
v -26.39999962 -50.40000153 -41.09999847
v -26.39999962 -50.70000076 -37.20000076
v -26.39999962 -50.54833221 -37.50000000
v -26.39999962 -50.44158936 -37.79999924
v -26.39999962 -50.46801758 -41.40000153
v -26.39999962 -50.52842712 -41.70000076
v -26.39999962 -50.57664490 -42.00000000
v -26.39999962 -50.61526108 -42.29999924
v -26.27123833 -50.70000076 -42.59999847
v -26.39999962 -50.65455627 -42.59999847
v -26.36223412 -50.70000076 -42.90000153
v -26.39999962 -50.68470383 -42.90000153
v -26.39926720 -50.70000076 -43.20000076
v -26.39999962 -50.69966888 -43.20000076
v -26.39999962 -50.70000076 -43.50000000
v -26.39421082 -50.70000076 -59.09999847
v -26.39999962 -50.69688034 -59.09999847
v -26.39999962 -50.70000076 -59.08616257
v -26.30925179 -50.70000076 -59.40000153
v -26.39999962 -50.64944839 -59.40000153
v -26.30194855 -50.70000076 -59.70000076
v -26.39999962 -50.64318085 -59.70000076
v -26.39999962 -50.70000076 -60.00000000
v -26.39999962 -51.00000000 -36.59999847
v -26.39999962 -50.84253311 -36.90000153
v -26.39999962 -50.70000076 -43.79999924
v -26.39999962 -50.70000076 -44.09999847
v -26.39999962 -50.70000076 -44.40000153
v -26.39999962 -50.70000076 -44.70000076
v -26.39999962 -50.70000076 -45.00000000
v -26.39999962 -50.71257401 -45.29999924
v -26.39999962 -50.72846603 -45.59999847
v -26.39999962 -50.74346542 -45.90000153
v -26.39999962 -50.75028992 -46.20000076
v -26.39999962 -50.73903275 -46.50000000
v -26.39999962 -50.70000076 -46.79999924
v -26.39999962 -50.70000076 -47.09999847
v -26.39999962 -50.74736786 -47.40000153
v -26.39999962 -50.76976013 -47.70000076
v -26.39999962 -50.78126144 -48.00000000
v -26.39999962 -50.79612732 -48.29999924
v -26.39999962 -50.81795502 -48.59999847
v -26.39999962 -50.83473206 -48.90000153
v -26.39999962 -50.83998871 -49.20000076
v -26.39999962 -50.83529663 -49.50000000
v -26.39999962 -50.82625198 -49.79999924
v -26.39999962 -50.81491470 -50.09999847
v -26.39999962 -50.79736328 -50.40000153
v -26.39999962 -50.76315308 -50.70000076
v -26.39999962 -50.70000076 -51.00000000
v -26.39999962 -50.70000076 -51.29999924
v -26.39999962 -50.70000076 -51.59999847
v -26.39999962 -50.73873520 -51.90000153
v -26.39999962 -50.73713684 -52.20000076
v -26.39999962 -50.70000076 -52.50000000
v -26.39999962 -50.70000076 -52.79999924
v -26.39999962 -50.70000076 -53.09999847
v -26.39999962 -50.70000076 -53.40000153
v -26.13925362 -51.00000000 -53.70000076
v -26.39999962 -50.78839874 -53.70000076
v -26.20396233 -51.00000000 -54.00000000
v -26.39999962 -50.84724808 -54.00000000
v -26.23533058 -51.00000000 -54.29999924
v -26.39999962 -50.87887192 -54.29999924
v -26.23308372 -51.00000000 -54.59999847
v -26.39999962 -50.88866043 -54.59999847
v -26.22847939 -51.00000000 -54.90000153
v -26.39999962 -50.88947678 -54.90000153
v -26.23649979 -51.00000000 -55.20000076
v -26.39999962 -50.89696503 -55.20000076
v -26.25657654 -51.00000000 -55.50000000
v -26.39999962 -50.91859818 -55.50000000
v -26.26504326 -51.00000000 -55.79999924
v -26.39999962 -50.93088913 -55.79999924
v -26.22840500 -51.00000000 -56.09999847
v -26.39999962 -50.92292404 -56.09999847
v -26.39999962 -50.90312958 -56.40000153
v -26.39999962 -50.89426422 -56.70000076
v -26.39999962 -50.89118576 -57.00000000
v -26.39999962 -50.88967133 -57.29999924
v -26.39999962 -50.88777161 -57.59999847
v -26.39999962 -50.88257980 -57.90000153
v -26.39999962 -50.86736679 -58.20000076
v -26.39999962 -50.83133698 -58.50000000
v -26.39999962 -50.76897430 -58.79999924
v -26.39999962 -51.00000000 -60.12238312
v -26.39999962 -51.29999924 -36.29999924
v -26.39999962 -51.29999924 -60.15409470
v -26.39999962 -51.59999847 -36.14984131
v -26.39999962 -51.59999847 -60.13463593
v -26.39999962 -51.90000153 -36.00000000
v -26.39999962 -51.90000153 -60.07653427
v -26.38695717 -52.20000076 -35.70000076
v -26.39999962 -52.20000076 -35.70690536
v -26.12292480 -52.20000076 -59.70000076
v -26.39999962 -52.20000076 -60.00000000
v -26.39999962 -52.50000000 -35.40000153
v -26.39999962 -52.20678711 -35.70000076
v -26.21236038 -52.50000000 -59.70000076
v -26.39999962 -52.50000000 -60.00000000
v -26.30101585 -52.79999924 -34.79999924
v -26.39999962 -52.65333939 -35.09999847
v -26.39999962 -52.79999924 -34.87396240
v -26.30123138 -52.79999924 -59.70000076
v -26.39999962 -52.79999924 -59.76223373
v -26.39999962 -53.09999847 -34.50000000
v -26.39999962 -52.85486221 -34.79999924
v -26.39999962 -52.92274857 -59.70000076
v -26.39999962 -53.09999847 -59.62399673
v -26.39999962 -53.40000153 -34.20000076
v -26.39999962 -53.40000153 -59.43422699
v -26.39999962 -53.70000076 -33.90000153
v -26.39999962 -53.70000076 -58.20000076
v -26.39999962 -53.70000076 -58.50000000
v -26.39999962 -53.70000076 -58.79999924
v -26.39999962 -53.60779572 -59.09999847
v -26.39999962 -53.43316650 -59.40000153
v -26.39999962 -53.96323013 -33.59999847
v -26.39999962 -54.00000000 -33.56314468
v -26.39999962 -54.00000000 -57.59999847
v -26.39999962 -53.87807083 -57.90000153
v -26.39999962 -54.29999924 -33.29999924
v -26.39999962 -54.29999924 -57.41918564
v -26.39999962 -54.59999847 -33.00000000
v -26.39999962 -54.42716217 -57.29999924
v -26.39999962 -54.59999847 -57.00845718
v -26.39999962 -54.90000153 -32.88245392
v -26.39999962 -54.90000153 -56.09999847
v -26.39999962 -54.78788376 -56.40000153
v -26.39999962 -54.69119263 -56.70000076
v -26.39999962 -54.60346603 -57.00000000
v -26.39999962 -55.20000076 -32.76140594
v -26.39999962 -55.20000076 -55.79999924
v -26.39999962 -55.34901428 -32.70000076
v -26.39999962 -55.50000000 -32.64079285
v -26.39999962 -55.50000000 -54.90000153
v -26.16560936 -55.50000000 -55.20000076
v -26.39999962 -55.34344864 -55.20000076
v -26.39999962 -55.24038315 -55.50000000
v -26.39999962 -55.79999924 -32.51710510
v -26.26526260 -55.79999924 -54.00000000
v -26.39999962 -55.72496796 -54.00000000
v -26.39999962 -55.79999924 -53.71801758
v -26.12175179 -55.79999924 -54.29999924
v -26.39999962 -55.65757370 -54.29999924
v -26.39999962 -55.58890152 -54.59999847
v -26.39657211 -56.09999847 -32.40000153
v -26.39999962 -56.09999847 -32.40090561
v -26.39999962 -56.09999847 -52.50000000
v -26.20130539 -56.09999847 -52.79999924
v -26.39999962 -56.00423050 -52.79999924
v -26.39999962 -55.93316650 -53.09999847
v -26.39999962 -55.87282562 -53.40000153
v -26.39999962 -55.80450821 -53.70000076
v -26.39999962 -56.10295486 -32.40000153
v -26.39999962 -56.40000153 -32.30982590
v -26.39999962 -56.40000153 -50.70000076
v -26.29619026 -56.40000153 -51.00000000
v -26.39999962 -56.36638260 -51.00000000
v -26.18533325 -56.40000153 -51.29999924
v -26.39999962 -56.32562256 -51.29999924
v -26.12154579 -56.40000153 -51.59999847
v -26.39999962 -56.28118896 -51.59999847
v -26.39999962 -56.24095154 -51.90000153
v -26.39999962 -56.17855835 -52.20000076
v -26.39999962 -56.70000076 -32.26213074
v -26.39999962 -56.70000076 -46.79999924
v -26.39999962 -56.70000076 -47.09999847
v -26.38613319 -56.70000076 -47.40000153
v -26.39999962 -56.68615341 -47.40000153
v -26.32330704 -56.70000076 -47.70000076
v -26.39999962 -56.63365936 -47.70000076
v -26.39999962 -56.56566238 -48.00000000
v -26.39999962 -56.53838730 -48.29999924
v -26.39999962 -56.52764130 -48.59999847
v -26.39999962 -56.52114105 -48.90000153
v -26.39999962 -56.51420593 -49.20000076
v -26.39999962 -56.50495529 -49.50000000
v -26.39999962 -56.48973465 -49.79999924
v -26.39999962 -56.46418381 -50.09999847
v -26.39999962 -56.43315506 -50.40000153
v -26.39999962 -57.00000000 -32.27991486
v -26.39999962 -57.00000000 -46.50000000
v -26.17675781 -57.00000000 -46.79999924
v -26.39999962 -57.29999924 -32.38243866
v -26.39999962 -57.29999924 -45.59999847
v -26.24819946 -57.29999924 -45.90000153
v -26.39999962 -57.20981598 -45.90000153
v -26.39999962 -57.09049606 -46.20000076
v -26.39999962 -57.32876968 -32.40000153
v -26.39999962 -57.59999847 -32.60015488
v -26.29587746 -57.59999847 -44.40000153
v -26.39999962 -57.56645584 -44.40000153
v -26.39999962 -57.59999847 -44.15053558
v -26.17981529 -57.59999847 -44.70000076
v -26.39999962 -57.52129745 -44.70000076
v -26.39999962 -57.46281052 -45.00000000
v -26.39999962 -57.38947296 -45.29999924
v -26.39999962 -57.69483185 -32.70000076
v -26.39999962 -57.90000153 -32.98475647
v -26.38851357 -57.90000153 -42.59999847
v -26.39999962 -57.89542007 -42.59999847
v -26.39999962 -57.90000153 -42.57555008
v -26.22865486 -57.90000153 -42.90000153
v -26.39999962 -57.83321762 -42.90000153
v -26.39999962 -57.76507568 -43.20000076
v -26.39999962 -57.70236206 -43.50000000
v -26.39999962 -57.65021896 -43.79999924
v -26.39999962 -57.60664749 -44.09999847
v -26.39999962 -57.90925980 -33.00000000
v -26.39999962 -58.05382156 -33.29999924
v -26.39999962 -58.16782761 -33.59999847
v -26.39999962 -58.20000076 -33.69520569
v -26.36463737 -58.20000076 -41.40000153
v -26.39999962 -58.17229462 -41.40000153
v -26.39999962 -58.20000076 -41.33330536
v -26.22851562 -58.20000076 -41.70000076
v -26.39999962 -58.08177948 -41.70000076
v -26.39999962 -58.01255417 -42.00000000
v -26.39999962 -57.95276642 -42.29999924
v -26.39999962 -58.26956177 -33.90000153
v -26.39999962 -58.37405396 -34.20000076
v -26.39999962 -58.50000000 -34.50000000
v -26.39999962 -58.50000000 -40.79999924
v -26.39999962 -58.30318832 -41.09999847
v -26.39999962 -58.79999924 -34.79999924
v -26.39999962 -58.79999924 -40.50000000
v -26.39999962 -58.92419434 -35.09999847
v -26.39999962 -58.99414825 -35.40000153
v -26.39999962 -59.03751755 -35.70000076
v -26.39999962 -59.07052612 -36.00000000
v -26.39999962 -59.09999847 -36.29999924
v -26.39999962 -59.09999847 -39.29999924
v -26.14236641 -59.09999847 -39.59999847
v -26.39999962 -59.00245285 -39.59999847
v -26.39999962 -58.88998032 -39.90000153
v -26.39999962 -58.82297897 -40.20000076
v -26.39999962 -59.11507034 -36.59999847
v -26.39999962 -59.12829208 -36.90000153
v -26.39999962 -59.14048767 -37.20000076
v -26.39999962 -59.14998627 -37.50000000
v -26.39999962 -59.15561295 -37.79999924
v -26.39999962 -59.15687561 -38.09999847
v -26.39999962 -59.15314484 -38.40000153
v -26.39999962 -59.14380646 -38.70000076
v -26.39999962 -59.12797165 -39.00000000
v -26.58878899 -50.40000153 -38.09999847
v -26.70000076 -50.35017395 -38.40000153
v -26.70000076 -50.40000153 -38.18098068
v -26.70000076 -50.30979156 -38.70000076
v -26.70000076 -50.28473663 -39.00000000
v -26.70000076 -50.26955032 -39.29999924
v -26.70000076 -50.26266098 -39.59999847
v -26.70000076 -50.26372147 -39.90000153
v -26.70000076 -50.27290726 -40.20000076
v -26.70000076 -50.29065704 -40.50000000
v -26.70000076 -50.31703568 -40.79999924
v -26.70000076 -50.35255051 -41.09999847
v -26.70000076 -50.40000153 -41.40000153
v -26.70000076 -50.63307571 -37.50000000
v -26.70000076 -50.70000076 -37.37748337
v -26.70000076 -50.51445770 -37.79999924
v -26.70000076 -50.42018127 -38.09999847
v -26.70000076 -50.45700073 -41.70000076
v -26.70000076 -50.50513840 -42.00000000
v -26.70000076 -50.54193497 -42.29999924
v -26.70000076 -50.56656265 -42.59999847
v -26.70000076 -50.57881546 -42.90000153
v -26.70000076 -50.58037949 -43.20000076
v -26.70000076 -50.57621765 -43.50000000
v -26.70000076 -50.57321548 -43.79999924
v -26.70000076 -50.57307053 -44.09999847
v -26.70000076 -50.57446671 -44.40000153
v -26.70000076 -50.57668304 -44.70000076
v -26.70000076 -50.58037186 -45.00000000
v -26.42889595 -50.70000076 -45.29999924
v -26.70000076 -50.58747864 -45.29999924
v -26.46201134 -50.70000076 -45.59999847
v -26.70000076 -50.59526443 -45.59999847
v -26.48765182 -50.70000076 -45.90000153
v -26.70000076 -50.59983063 -45.90000153
v -26.49352455 -50.70000076 -46.20000076
v -26.70000076 -50.59671783 -46.20000076
v -26.46843338 -50.70000076 -46.50000000
v -26.70000076 -50.58385086 -46.50000000
v -26.70000076 -50.56797409 -46.79999924
v -26.70000076 -50.56550980 -47.09999847
v -26.47488403 -50.70000076 -47.40000153
v -26.70000076 -50.57833862 -47.40000153
v -26.51101875 -50.70000076 -47.70000076
v -26.70000076 -50.59300232 -47.70000076
v -26.53379250 -50.70000076 -48.00000000
v -26.70000076 -50.60663605 -48.00000000
v -26.56348419 -50.70000076 -48.29999924
v -26.70000076 -50.62360001 -48.29999924
v -26.60392761 -50.70000076 -48.59999847
v -26.70000076 -50.64495087 -48.59999847
v -26.63851929 -50.70000076 -48.90000153
v -26.70000076 -50.66455841 -48.90000153
v -26.65611649 -50.70000076 -49.20000076
v -26.70000076 -50.67537308 -49.20000076
v -26.65484047 -50.70000076 -49.50000000
v -26.70000076 -50.67608261 -49.50000000
v -26.63922501 -50.70000076 -49.79999924
v -26.70000076 -50.66947937 -49.79999924
v -26.61295319 -50.70000076 -50.09999847
v -26.70000076 -50.65717697 -50.09999847
v -26.57476616 -50.70000076 -50.40000153
v -26.70000076 -50.63832855 -50.40000153
v -26.51306152 -50.70000076 -50.70000076
v -26.70000076 -50.61341476 -50.70000076
v -26.70000076 -50.58855438 -51.00000000
v -26.70000076 -50.57905579 -51.29999924
v -26.70000076 -50.57957077 -51.59999847
v -26.46504021 -50.70000076 -51.90000153
v -26.70000076 -50.58637238 -51.90000153
v -26.46176338 -50.70000076 -52.20000076
v -26.70000076 -50.58282471 -52.20000076
v -26.70000076 -50.56909943 -52.50000000
v -26.70000076 -50.56059265 -52.79999924
v -26.70000076 -50.56107330 -53.09999847
v -26.70000076 -50.57611084 -53.40000153
v -26.53755951 -50.70000076 -53.70000076
v -26.70000076 -50.61428070 -53.70000076
v -26.62267494 -50.70000076 -54.00000000
v -26.70000076 -50.65560532 -54.00000000
v -26.67573357 -50.70000076 -54.29999924
v -26.70000076 -50.68595505 -54.29999924
v -26.70000076 -50.70000076 -54.59999847
v -26.60850906 -50.70000076 -58.79999924
v -26.70000076 -50.67264557 -58.79999924
v -26.70000076 -50.70000076 -58.67860413
v -26.70000076 -50.60720444 -59.09999847
v -26.70000076 -50.56745529 -59.40000153
v -26.70000076 -50.57635880 -59.70000076
v -26.70000076 -50.68806076 -60.00000000
v -26.70000076 -50.70000076 -60.01287079
v -26.70000076 -51.00000000 -36.90000153
v -26.70000076 -50.81197739 -37.20000076
v -26.70000076 -50.70000076 -54.90000153
v -26.70000076 -50.70000076 -55.20000076
v -26.70000076 -50.77840424 -55.50000000
v -26.70000076 -50.81058502 -55.79999924
v -26.70000076 -50.82005692 -56.09999847
v -26.70000076 -50.82107544 -56.40000153
v -26.70000076 -50.81925201 -56.70000076
v -26.70000076 -50.81678772 -57.00000000
v -26.70000076 -50.81415558 -57.29999924
v -26.70000076 -50.81126022 -57.59999847
v -26.70000076 -50.80517197 -57.90000153
v -26.70000076 -50.78664780 -58.20000076
v -26.70000076 -50.74123383 -58.50000000
v -26.70000076 -51.00000000 -60.15986252
v -26.70000076 -51.19048309 -36.59999847
v -26.70000076 -51.29999924 -36.49042511
v -26.70000076 -51.29999924 -60.19311523
v -26.70000076 -51.59999847 -36.29999924
v -26.70000076 -51.59999847 -60.16796494
v -26.70000076 -51.90000153 -36.11032867
v -26.70000076 -51.90000153 -60.09872818
v -26.70000076 -52.03411865 -36.00000000
v -26.70000076 -52.20000076 -35.84287262
v -26.70000076 -52.20000076 -60.00000000
v -26.70000076 -52.33023453 -35.70000076
v -26.70000076 -52.50000000 -35.48949432
v -26.70000076 -52.50000000 -60.00000000
v -26.70000076 -52.74449921 -35.09999847
v -26.70000076 -52.79999924 -35.02055740
v -26.70000076 -52.56272888 -35.40000153
v -26.70000076 -52.79999924 -59.82471085
v -26.70000076 -52.99002075 -34.79999924
v -26.70000076 -53.09999847 -34.69423294
v -26.70000076 -53.00238419 -59.70000076
v -26.70000076 -53.09999847 -59.64366531
v -26.70000076 -53.40000153 -34.50000000
v -26.70000076 -53.40000153 -59.43671799
v -26.70000076 -53.59386826 -34.20000076
v -26.70000076 -53.70000076 -34.07651901
v -26.70000076 -53.61149979 -59.09999847
v -26.70000076 -53.70000076 -58.85064697
v -26.70000076 -53.43489838 -59.40000153
v -26.45467949 -54.00000000 -33.59999847
v -26.70000076 -53.86060715 -33.90000153
v -26.70000076 -54.00000000 -33.75426865
v -26.70000076 -54.00000000 -57.90000153
v -26.70000076 -53.81309128 -58.20000076
v -26.70000076 -53.74704361 -58.50000000
v -26.70000076 -53.71567535 -58.79999924
v -26.70000076 -54.16691208 -33.59999847
v -26.70000076 -54.29999924 -33.48791122
v -26.70000076 -54.14127731 -57.59999847
v -26.70000076 -54.29999924 -57.38702393
v -26.70000076 -54.59999847 -33.29999924
v -26.70000076 -54.59999847 -56.40000153
v -26.59262466 -54.59999847 -56.70000076
v -26.70000076 -54.54900360 -56.70000076
v -26.40859985 -54.59999847 -57.00000000
v -26.70000076 -54.47466278 -57.00000000
v -26.70000076 -54.35289383 -57.29999924
v -26.70000076 -54.84006882 -33.00000000
v -26.70000076 -54.90000153 -32.95924759
v -26.70000076 -54.90000153 -55.20000076
v -26.70000076 -54.90000153 -55.50000000
v -26.64807701 -54.90000153 -55.79999924
v -26.70000076 -54.85840988 -55.79999924
v -26.70000076 -54.74895859 -56.09999847
v -26.70000076 -55.20000076 -32.83066559
v -26.55779457 -55.20000076 -55.20000076
v -26.70000076 -55.20000076 -55.04244614
v -26.44366646 -55.20000076 -55.50000000
v -26.64230347 -55.50000000 -32.70000076
v -26.70000076 -55.50000000 -32.71529007
v -26.70000076 -55.50000000 -54.00000000
v -26.64346504 -55.50000000 -54.29999924
v -26.70000076 -55.46202850 -54.29999924
v -26.55279350 -55.50000000 -54.59999847
v -26.70000076 -55.40941238 -54.59999847
v -26.70000076 -55.30395126 -54.90000153
v -26.70000076 -55.53698730 -32.70000076
v -26.70000076 -55.79999924 -32.59847260
v -26.70000076 -55.79999924 -52.79999924
v -26.62422371 -55.79999924 -53.09999847
v -26.70000076 -55.75346756 -53.09999847
v -26.53189659 -55.79999924 -53.40000153
v -26.70000076 -55.70300293 -53.40000153
v -26.40814972 -55.79999924 -53.70000076
v -26.70000076 -55.63189316 -53.70000076
v -26.70000076 -56.09999847 -32.48844910
v -26.70000076 -56.09999847 -51.59999847
v -26.64997292 -56.09999847 -51.90000153
v -26.70000076 -56.07205200 -51.90000153
v -26.55137062 -56.09999847 -52.20000076
v -26.70000076 -56.01995468 -52.20000076
v -26.70000076 -55.93675232 -52.50000000
v -26.70000076 -56.40000153 -32.40000153
v -26.70000076 -56.40000153 -47.40000153
v -26.70000076 -56.40000153 -47.70000076
v -26.70000076 -56.40000153 -48.00000000
v -26.67804527 -56.40000153 -48.29999924
v -26.70000076 -56.38932419 -48.29999924
v -26.64882851 -56.40000153 -48.59999847
v -26.70000076 -56.37409210 -48.59999847
v -26.61849213 -56.40000153 -48.90000153
v -26.70000076 -56.35522842 -48.90000153
v -26.59020615 -56.40000153 -49.20000076
v -26.70000076 -56.33467865 -49.20000076
v -26.56608772 -56.40000153 -49.50000000
v -26.70000076 -56.31670380 -49.50000000
v -26.54313660 -56.40000153 -49.79999924
v -26.70000076 -56.30371475 -49.79999924
v -26.51258850 -56.40000153 -50.09999847
v -26.70000076 -56.29404831 -50.09999847
v -26.46683121 -56.40000153 -50.40000153
v -26.70000076 -56.28308487 -50.40000153
v -26.70000076 -56.26900482 -50.70000076
v -26.70000076 -56.24757385 -51.00000000
v -26.70000076 -56.20300293 -51.29999924
v -26.70000076 -56.70000076 -32.33182526
v -26.70000076 -56.70000076 -46.20000076
v -26.63112259 -56.70000076 -46.50000000
v -26.70000076 -56.64943314 -46.50000000
v -26.70000076 -56.57302475 -46.79999924
v -26.70000076 -56.51156616 -47.09999847
v -26.70000076 -57.00000000 -32.32472610
v -26.51498222 -57.00000000 -46.20000076
v -26.70000076 -57.00000000 -46.00200653
v -26.70000076 -57.29999924 -32.40000153
v -26.70000076 -57.29999924 -45.00000000
v -26.57331657 -57.29999924 -45.29999924
v -26.70000076 -57.23173523 -45.29999924
v -26.70000076 -57.16518021 -45.59999847
v -26.70000076 -57.06600189 -45.90000153
v -26.70000076 -57.59999847 -32.59705353
v -26.70000076 -57.59999847 -43.20000076
v -26.61047554 -57.59999847 -43.50000000
v -26.70000076 -57.55532074 -43.50000000
v -26.51283455 -57.59999847 -43.79999924
v -26.70000076 -57.51133347 -43.79999924
v -26.41625977 -57.59999847 -44.09999847
v -26.70000076 -57.47663498 -44.09999847
v -26.70000076 -57.44787979 -44.40000153
v -26.70000076 -57.40160751 -44.70000076
v -26.70000076 -57.70154572 -32.70000076
v -26.70000076 -57.90000153 -32.97066116
v -26.70000076 -57.90000153 -41.40000153
v -26.63882065 -57.90000153 -41.70000076
v -26.70000076 -57.85683823 -41.70000076
v -26.57579231 -57.90000153 -42.00000000
v -26.70000076 -57.82116318 -42.00000000
v -26.49852562 -57.90000153 -42.29999924
v -26.70000076 -57.79063034 -42.29999924
v -26.70000076 -57.75799561 -42.59999847
v -26.70000076 -57.70521927 -42.90000153
v -26.70000076 -57.91800308 -33.00000000
v -26.70000076 -58.06338501 -33.29999924
v -26.70000076 -58.17660904 -33.59999847
v -26.70000076 -58.20000076 -33.67136765
v -26.70000076 -58.20000076 -40.79999924
v -26.52854919 -58.20000076 -41.09999847
v -26.70000076 -58.07293320 -41.09999847
v -26.70000076 -58.27499008 -33.90000153
v -26.70000076 -58.37604141 -34.20000076
v -26.70000076 -58.50000000 -34.50000000
v -26.70000076 -58.50000000 -39.90000153
v -26.68696976 -58.50000000 -40.20000076
v -26.70000076 -58.48773575 -40.20000076
v -26.60569000 -58.50000000 -40.50000000
v -26.70000076 -58.40601730 -40.50000000
v -26.70000076 -58.79999924 -34.79999924
v -26.52099419 -58.79999924 -39.90000153
v -26.70000076 -58.79999924 -39.71403122
v -26.42617226 -58.79999924 -40.20000076
v -26.70000076 -58.91458511 -35.09999847
v -26.70000076 -58.97390747 -35.40000153
v -26.70000076 -59.00568390 -35.70000076
v -26.70000076 -59.02578354 -36.00000000
v -26.70000076 -59.04030991 -36.29999924
v -26.47135925 -59.09999847 -36.59999847
v -26.70000076 -59.04869080 -36.59999847
v -26.52167130 -59.09999847 -36.90000153
v -26.70000076 -59.05583572 -36.90000153
v -26.56198502 -59.09999847 -37.20000076
v -26.70000076 -59.06323242 -37.20000076
v -26.59087372 -59.09999847 -37.50000000
v -26.70000076 -59.06939697 -37.50000000
v -26.60895348 -59.09999847 -37.79999924
v -26.70000076 -59.07397461 -37.79999924
v -26.61459541 -59.09999847 -38.09999847
v -26.70000076 -59.07569504 -38.09999847
v -26.59898376 -59.09999847 -38.40000153
v -26.70000076 -59.07091904 -38.40000153
v -26.55528831 -59.09999847 -38.70000076
v -26.70000076 -59.05517197 -38.70000076
v -26.48979568 -59.09999847 -39.00000000
v -26.70000076 -59.02679443 -39.00000000
v -26.70000076 -58.97835541 -39.29999924
v -26.70000076 -58.87474442 -39.59999847
v -27.00000000 -50.40000153 -38.40000153
v -27.00000000 -50.35821533 -38.70000076
v -27.00000000 -50.32035065 -39.00000000
v -27.00000000 -50.28911209 -39.29999924
v -27.00000000 -50.26800156 -39.59999847
v -27.00000000 -50.25834274 -39.90000153
v -27.00000000 -50.26056671 -40.20000076
v -27.00000000 -50.27425385 -40.50000000
v -27.00000000 -50.29839706 -40.79999924
v -27.00000000 -50.33171844 -41.09999847
v -27.00000000 -50.37166977 -41.40000153
v -27.00000000 -50.40000153 -41.59023285
v -27.00000000 -50.70000076 -37.50000000
v -27.00000000 -50.60998154 -37.79999924
v -27.00000000 -50.50675201 -38.09999847
v -27.00000000 -50.41625977 -41.70000076
v -27.00000000 -50.45602036 -42.00000000
v -27.00000000 -50.48443604 -42.29999924
v -27.00000000 -50.49708557 -42.59999847
v -27.00000000 -50.49327469 -42.90000153
v -27.00000000 -50.48073578 -43.20000076
v -27.00000000 -50.47247696 -43.50000000
v -27.00000000 -50.46949768 -43.79999924
v -27.00000000 -50.47122192 -44.09999847
v -27.00000000 -50.47461700 -44.40000153
v -27.00000000 -50.47416306 -44.70000076
v -27.00000000 -50.47439575 -45.00000000
v -27.00000000 -50.47658920 -45.29999924
v -27.00000000 -50.47886658 -45.59999847
v -27.00000000 -50.47831726 -45.90000153
v -27.00000000 -50.47310638 -46.20000076
v -27.00000000 -50.46421432 -46.50000000
v -27.00000000 -50.45599747 -46.79999924
v -27.00000000 -50.45285797 -47.09999847
v -27.00000000 -50.45627594 -47.40000153
v -27.00000000 -50.46491623 -47.70000076
v -27.00000000 -50.47662735 -48.00000000
v -27.00000000 -50.48968887 -48.29999924
v -27.00000000 -50.50179291 -48.59999847
v -27.00000000 -50.51119995 -48.90000153
v -27.00000000 -50.51762009 -49.20000076
v -27.00000000 -50.52074432 -49.50000000
v -27.00000000 -50.52037430 -49.79999924
v -27.00000000 -50.51606369 -50.09999847
v -27.00000000 -50.50776291 -50.40000153
v -27.00000000 -50.49766159 -50.70000076
v -27.00000000 -50.48877335 -51.00000000
v -27.00000000 -50.48354340 -51.29999924
v -27.00000000 -50.48281479 -51.59999847
v -27.00000000 -50.48263168 -51.90000153
v -27.00000000 -50.47838593 -52.20000076
v -27.00000000 -50.46939468 -52.50000000
v -27.00000000 -50.46041870 -52.79999924
v -27.00000000 -50.45845413 -53.09999847
v -27.00000000 -50.46796799 -53.40000153
v -27.00000000 -50.48836136 -53.70000076
v -27.00000000 -50.51543808 -54.00000000
v -27.00000000 -50.53928757 -54.29999924
v -27.00000000 -50.55805969 -54.59999847
v -27.00000000 -50.58007812 -54.90000153
v -27.00000000 -50.62086487 -55.20000076
v -27.00000000 -50.70000076 -55.50000000
v -27.00000000 -50.64545441 -58.79999924
v -27.00000000 -50.70000076 -58.51255798
v -27.00000000 -50.59598923 -59.09999847
v -27.00000000 -50.57228851 -59.40000153
v -27.00000000 -50.59458542 -59.70000076
v -27.00000000 -50.70000076 -60.00000000
v -27.00000000 -50.96664810 -37.20000076
v -27.00000000 -51.00000000 -37.15324402
v -27.00000000 -50.71802902 -55.79999924
v -27.00000000 -50.73580551 -56.09999847
v -27.00000000 -50.75113678 -56.40000153
v -27.00000000 -50.75819397 -56.70000076
v -27.00000000 -50.75745392 -57.00000000
v -27.00000000 -50.75408936 -57.29999924
v -27.00000000 -50.75084305 -57.59999847
v -27.00000000 -50.74766541 -57.90000153
v -27.00000000 -50.73822784 -58.20000076
v -27.00000000 -50.70246124 -58.50000000
v -27.00000000 -51.00000000 -60.13040543
v -27.00000000 -51.29999924 -36.59999847
v -27.00000000 -51.18071747 -36.90000153
v -27.00000000 -51.29999924 -60.17538452
v -27.00000000 -51.59999847 -36.48239136
v -27.00000000 -51.59999847 -60.15384674
v -27.00000000 -51.85795593 -36.29999924
v -27.00000000 -51.90000153 -36.26909256
v -27.00000000 -51.90000153 -60.07997131
v -27.00000000 -52.18999863 -36.00000000
v -27.00000000 -52.20000076 -35.98994827
v -27.00000000 -52.20000076 -60.00000000
v -27.00000000 -52.44852066 -35.70000076
v -27.00000000 -52.50000000 -35.63005447
v -27.00000000 -52.50000000 -60.00000000
v -27.00000000 -52.79999924 -35.09999847
v -27.00000000 -52.65177155 -35.40000153
v -27.00000000 -52.79999924 -59.72939301
v -27.00000000 -53.06516647 -34.79999924
v -27.00000000 -53.09999847 -34.76706696
v -27.00000000 -52.84292984 -59.70000076
v -27.00000000 -53.09999847 -59.53431702
v -27.00000000 -53.40000153 -34.53629684
v -27.00000000 -53.40000153 -59.40000153
v -27.00000000 -53.70000076 -34.20000076
v -27.00000000 -53.43894577 -34.50000000
v -27.00000000 -53.70000076 -58.79999924
v -27.00000000 -53.51985931 -59.09999847
v -27.00000000 -53.99953079 -33.90000153
v -27.00000000 -54.00000000 -33.89952469
v -27.00000000 -54.00000000 -57.90000153
v -27.00000000 -53.79483795 -58.20000076
v -27.00000000 -53.71450424 -58.50000000
v -27.00000000 -54.29999924 -33.59999847
v -27.00000000 -54.29999924 -57.29999924
v -27.00000000 -54.10797119 -57.59999847
v -27.00000000 -54.59999847 -33.37984085
v -27.00000000 -54.59999847 -56.09999847
v -27.00000000 -54.45005417 -56.40000153
v -27.00000000 -54.37353516 -56.70000076
v -27.00000000 -54.32798004 -57.00000000
v -27.00000000 -54.90000153 -33.00000000
v -27.00000000 -54.69716644 -33.29999924
v -27.00000000 -54.80974197 -55.20000076
v -27.00000000 -54.90000153 -55.07587051
v -27.00000000 -54.69419861 -55.50000000
v -27.00000000 -54.63309860 -55.79999924
v -27.00000000 -55.20000076 -32.94927216
v -27.00000000 -55.20000076 -54.90000153
v -27.00000000 -55.50000000 -32.83420181
v -27.00000000 -55.50000000 -53.70000076
v -27.00000000 -55.31979370 -54.00000000
v -27.00000000 -55.22748947 -54.29999924
v -27.00000000 -55.20025635 -54.59999847
v -27.00000000 -55.79999924 -32.70000076
v -27.00000000 -55.79999924 -52.50000000
v -27.00000000 -55.64008713 -52.79999924
v -27.00000000 -55.55536652 -53.09999847
v -27.00000000 -55.51624680 -53.40000153
v -27.00000000 -56.09999847 -32.58521271
v -27.00000000 -56.09999847 -50.09999847
v -27.00000000 -56.09999847 -50.40000153
v -27.00000000 -56.09999847 -50.70000076
v -27.00000000 -56.09999847 -51.00000000
v -27.00000000 -56.09999847 -51.29999924
v -27.00000000 -55.98601532 -51.59999847
v -27.00000000 -55.90802765 -51.90000153
v -27.00000000 -55.84644318 -52.20000076
v -27.00000000 -56.40000153 -32.48311234
v -27.00000000 -56.40000153 -47.09999847
v -27.00000000 -56.29455566 -47.40000153
v -27.00000000 -56.25769043 -47.70000076
v -27.00000000 -56.25045395 -48.00000000
v -27.00000000 -56.24631119 -48.29999924
v -27.00000000 -56.23132706 -48.59999847
v -27.00000000 -56.19314194 -48.90000153
v -27.00000000 -56.15077972 -49.20000076
v -27.00000000 -56.11855698 -49.50000000
v -27.00000000 -56.10158539 -49.79999924
v -27.00000000 -56.70000076 -32.40000153
v -27.00000000 -56.61098099 -46.20000076
v -27.00000000 -56.70000076 -46.08380127
v -27.00000000 -56.48698044 -46.50000000
v -27.00000000 -56.42588425 -46.79999924
v -27.00000000 -57.00000000 -32.36601639
v -27.00000000 -57.00000000 -45.59999847
v -27.00000000 -57.00000000 -45.90000153
v -27.00000000 -57.29999924 -32.40000153
v -27.00000000 -57.29999924 -44.09999847
v -27.00000000 -57.29999924 -44.40000153
v -27.00000000 -57.29999924 -44.70000076
v -27.00000000 -57.12068939 -45.00000000
v -27.00000000 -57.02511978 -45.29999924
v -27.00000000 -57.59999847 -32.59257126
v -27.00000000 -57.59999847 -42.29999924
v -27.00000000 -57.59999847 -42.59999847
v -27.00000000 -57.59999847 -42.90000153
v -27.00000000 -57.48098755 -43.20000076
v -27.00000000 -57.39365005 -43.50000000
v -27.00000000 -57.33024216 -43.79999924
v -27.00000000 -57.70759964 -32.70000076
v -27.00000000 -57.90000153 -32.96100235
v -27.00000000 -57.90000153 -41.09999847
v -27.00000000 -57.72953415 -41.40000153
v -27.00000000 -57.64641190 -41.70000076
v -27.00000000 -57.60831070 -42.00000000
v -27.00000000 -57.92372894 -33.00000000
v -27.00000000 -58.06100464 -33.29999924
v -27.00000000 -58.16615295 -33.59999847
v -27.00000000 -58.20000076 -33.70901489
v -27.00000000 -58.20000076 -40.50000000
v -27.00000000 -58.01758194 -40.79999924
v -27.00000000 -58.25992966 -33.90000153
v -27.00000000 -58.36194992 -34.20000076
v -27.00000000 -58.50000000 -34.50000000
v -27.00000000 -58.38511276 -39.90000153
v -27.00000000 -58.50000000 -39.76045227
v -27.00000000 -58.26753616 -40.20000076
v -27.00000000 -58.79999924 -34.79999924
v -27.00000000 -58.79999924 -39.59999847
v -27.00000000 -58.87940598 -35.09999847
v -27.00000000 -58.91635132 -35.40000153
v -27.00000000 -58.93172073 -35.70000076
v -27.00000000 -58.94067764 -36.00000000
v -27.00000000 -58.95103073 -36.29999924
v -27.00000000 -58.96227646 -36.59999847
v -27.00000000 -58.96582413 -36.90000153
v -27.00000000 -58.96133804 -37.20000076
v -27.00000000 -58.95776749 -37.50000000
v -27.00000000 -58.95907211 -37.79999924
v -27.00000000 -58.96182251 -38.09999847
v -27.00000000 -58.95881653 -38.40000153
v -27.00000000 -58.93424225 -38.70000076
v -27.00000000 -58.86754990 -39.00000000
v -27.00000000 -58.81606293 -39.29999924
v -27.14469337 -50.40000153 -38.70000076
v -27.29999924 -50.38343430 -39.00000000
v -27.29999924 -50.40000153 -38.92052078
v -27.29999924 -50.33102417 -39.29999924
v -27.29999924 -50.29465866 -39.59999847
v -27.29999924 -50.27568436 -39.90000153
v -27.29999924 -50.27306747 -40.20000076
v -27.29999924 -50.28440094 -40.50000000
v -27.29999924 -50.30633545 -40.79999924
v -27.29999924 -50.33507156 -41.09999847
v -27.29999924 -50.36679459 -41.40000153
v -27.29999924 -50.40000153 -41.70000076
v -27.27074432 -50.40000153 -43.50000000
v -27.29999924 -50.39239883 -43.50000000
v -27.29999924 -50.40000153 -43.20000076
v -27.25734901 -50.40000153 -43.79999924
v -27.29999924 -50.38870239 -43.79999924
v -27.26618385 -50.40000153 -44.09999847
v -27.29999924 -50.39099121 -44.09999847
v -27.29999924 -50.40000153 -44.40000153
v -27.26407623 -50.40000153 -44.70000076
v -27.29999924 -50.38994217 -44.70000076
v -27.24845314 -50.40000153 -45.00000000
v -27.29999924 -50.38483429 -45.00000000
v -27.24468422 -50.40000153 -45.29999924
v -27.29999924 -50.38306808 -45.29999924
v -27.24260139 -50.40000153 -45.59999847
v -27.29999924 -50.38180542 -45.59999847
v -27.23585129 -50.40000153 -45.90000153
v -27.29999924 -50.37930679 -45.90000153
v -27.22180748 -50.40000153 -46.20000076
v -27.29999924 -50.37506866 -46.20000076
v -27.20197868 -50.40000153 -46.50000000
v -27.29999924 -50.36990738 -46.50000000
v -27.18303680 -50.40000153 -46.79999924
v -27.29999924 -50.36549377 -46.79999924
v -27.17431450 -50.40000153 -47.09999847
v -27.29999924 -50.36344910 -47.09999847
v -27.18202972 -50.40000153 -47.40000153
v -27.29999924 -50.36537933 -47.40000153
v -27.20614815 -50.40000153 -47.70000076
v -27.29999924 -50.37224960 -47.70000076
v -27.24183273 -50.40000153 -48.00000000
v -27.29999924 -50.38282776 -48.00000000
v -27.27861977 -50.40000153 -48.29999924
v -27.29999924 -50.39362335 -48.29999924
v -27.29999924 -50.40000153 -48.59999847
v -27.29943466 -50.40000153 -51.00000000
v -27.29999924 -50.39983368 -51.00000000
v -27.29999924 -50.40000153 -50.70000076
v -27.29684830 -50.40000153 -51.29999924
v -27.29999924 -50.39912796 -51.29999924
v -27.29927444 -50.40000153 -51.59999847
v -27.29999924 -50.39980316 -51.59999847
v -27.29999924 -50.40000153 -51.65415573
v -27.28304482 -50.40000153 -52.50000000
v -27.29999924 -50.39592361 -52.50000000
v -27.29999924 -50.40000153 -52.21136856
v -27.25565910 -50.40000153 -52.79999924
v -27.29999924 -50.38977814 -52.79999924
v -27.24372673 -50.40000153 -53.09999847
v -27.29999924 -50.38692856 -53.09999847
v -27.26086807 -50.40000153 -53.40000153
v -27.29999924 -50.39022446 -53.40000153
v -27.29999924 -50.40000153 -53.70000076
v -27.18990898 -50.70000076 -37.79999924
v -27.29999924 -50.63350296 -38.09999847
v -27.29999924 -50.70000076 -37.93416214
v -27.29999924 -50.52832413 -38.40000153
v -27.29999924 -50.44826126 -38.70000076
v -27.29999924 -50.42648697 -42.00000000
v -27.29999924 -50.44462585 -42.29999924
v -27.29999924 -50.44730377 -42.59999847
v -27.29999924 -50.43116760 -42.90000153
v -27.29999924 -50.40000153 -48.90000153
v -27.29999924 -50.40000153 -49.20000076
v -27.29999924 -50.40000153 -49.50000000
v -27.29999924 -50.40000153 -49.79999924
v -27.29999924 -50.40000153 -50.09999847
v -27.29999924 -50.40000153 -50.40000153
v -27.29999924 -50.40089417 -51.90000153
v -27.29999924 -50.40015793 -52.20000076
v -27.29999924 -50.42216492 -54.00000000
v -27.29999924 -50.43945694 -54.29999924
v -27.29999924 -50.45446777 -54.59999847
v -27.29999924 -50.47974396 -54.90000153
v -27.29999924 -50.52999496 -55.20000076
v -27.29999924 -50.59111023 -55.50000000
v -27.06875801 -50.70000076 -55.79999924
v -27.29999924 -50.63806152 -55.79999924
v -27.17314720 -50.70000076 -56.09999847
v -27.29999924 -50.67379379 -56.09999847
v -27.29999924 -50.70000076 -56.40000153
v -27.29999924 -50.67900848 -58.79999924
v -27.29999924 -50.70000076 -58.50000000
v -27.29999924 -50.66537476 -59.09999847
v -27.29999924 -50.66411591 -59.40000153
v -27.29999924 -50.70000076 -59.70000076
v -27.04659271 -51.00000000 -37.20000076
v -27.29999924 -50.94626617 -37.50000000
v -27.29999924 -51.00000000 -37.43272400
v -27.29999924 -50.76242065 -37.79999924
v -27.29999924 -50.71008301 -56.70000076
v -27.29999924 -50.70942688 -57.00000000
v -27.29999924 -50.70593643 -57.29999924
v -27.29999924 -50.70233536 -57.59999847
v -27.29999924 -50.70000076 -57.90000153
v -27.29999924 -50.70000076 -58.20000076
v -27.29999924 -50.97158813 -60.00000000
v -27.29999924 -51.00000000 -60.01841736
v -27.12164879 -51.29999924 -36.90000153
v -27.29999924 -51.23244858 -37.20000076
v -27.29999924 -51.29999924 -37.13049316
v -27.29999924 -51.29999924 -60.11466980
v -27.12034798 -51.59999847 -36.59999847
v -27.29999924 -51.59999847 -36.90000153
v -27.29999924 -51.59999847 -60.10332489
v -27.04551888 -51.90000153 -36.29999924
v -27.29999924 -51.82414246 -36.59999847
v -27.29999924 -51.90000153 -36.52099228
v -27.29999924 -51.90000153 -60.00000000
v -27.01816559 -52.20000076 -36.00000000
v -27.29999924 -52.08205032 -36.29999924
v -27.29999924 -52.20000076 -36.16877365
v -27.29999924 -52.20000076 -59.70000076
v -27.11608505 -52.50000000 -35.70000076
v -27.29999924 -52.34023285 -36.00000000
v -27.29999924 -52.50000000 -35.80464172
v -27.20671272 -52.50000000 -59.70000076
v -27.29999924 -52.50000000 -59.58746338
v -27.29999924 -52.79999924 -35.40000153
v -27.29999924 -52.58324814 -35.70000076
v -27.29434586 -52.79999924 -59.40000153
v -27.29999924 -52.78941345 -59.40000153
v -27.29999924 -52.79999924 -59.39162064
v -27.03267670 -52.79999924 -59.70000076
v -27.29999924 -53.09999847 -34.79999924
v -27.29999924 -52.94485474 -35.09999847
v -27.29999924 -53.09999847 -59.09999847
v -27.13369179 -53.09999847 -59.40000153
v -27.29999924 -53.40000153 -34.62095642
v -27.29999924 -53.40000153 -58.79999924
v -27.13080978 -53.40000153 -59.09999847
v -27.29999924 -53.53960419 -34.50000000
v -27.29999924 -53.70000076 -34.34910583
v -27.16507339 -53.70000076 -58.20000076
v -27.29999924 -53.60196686 -58.20000076
v -27.29999924 -53.70000076 -58.02243042
v -27.02604485 -53.70000076 -58.50000000
v -27.29999924 -53.48410416 -58.50000000
v -27.00101852 -54.00000000 -33.90000153
v -27.29999924 -53.84421921 -34.20000076
v -27.29999924 -54.00000000 -34.04170990
v -27.17346954 -54.00000000 -57.59999847
v -27.29999924 -53.90475082 -57.59999847
v -27.29999924 -54.00000000 -57.36462784
v -27.29999924 -53.75986862 -57.90000153
v -27.29999924 -54.14179993 -33.90000153
v -27.29999924 -54.29999924 -33.74529266
v -27.26010895 -54.29999924 -56.09999847
v -27.29999924 -54.25534439 -56.09999847
v -27.29999924 -54.29999924 -55.93956375
v -27.17536736 -54.29999924 -56.40000153
v -27.29999924 -54.17869949 -56.40000153
v -27.09708786 -54.29999924 -56.70000076
v -27.29999924 -54.12282562 -56.70000076
v -27.03995705 -54.29999924 -57.00000000
v -27.29999924 -54.08050156 -57.00000000
v -27.29999924 -54.02253342 -57.29999924
v -27.29999924 -54.47534561 -33.59999847
v -27.29999924 -54.59999847 -33.50435257
v -27.29999924 -54.59999847 -55.20000076
v -27.12387276 -54.59999847 -55.50000000
v -27.29999924 -54.43467331 -55.50000000
v -27.03903008 -54.59999847 -55.79999924
v -27.29999924 -54.33674240 -55.79999924
v -27.22256088 -54.90000153 -33.29999924
v -27.29999924 -54.90000153 -33.35333633
v -27.29999924 -54.90000153 -54.00000000
v -27.26177979 -54.90000153 -54.29999924
v -27.29999924 -54.84650803 -54.29999924
v -27.21680641 -54.90000153 -54.59999847
v -27.29999924 -54.77246857 -54.59999847
v -27.12824821 -54.90000153 -54.90000153
v -27.29999924 -54.67576599 -54.90000153
v -27.07023239 -55.20000076 -33.00000000
v -27.29999924 -55.20000076 -33.29999924
v -27.29999924 -55.20000076 -53.70000076
v -27.11947250 -55.20000076 -54.00000000
v -27.02751160 -55.20000076 -54.29999924
v -27.00026131 -55.20000076 -54.59999847
v -27.29999924 -55.50000000 -33.00000000
v -27.29999924 -55.50000000 -52.50000000
v -27.16901779 -55.50000000 -52.79999924
v -27.29999924 -55.36806870 -52.79999924
v -27.06827736 -55.50000000 -53.09999847
v -27.29999924 -55.26897430 -53.09999847
v -27.02035904 -55.50000000 -53.40000153
v -27.29999924 -55.22282791 -53.40000153
v -27.29999924 -55.79999924 -32.83883286
v -27.29999924 -55.79999924 -51.59999847
v -27.16444016 -55.79999924 -51.90000153
v -27.29999924 -55.69202423 -51.90000153
v -27.06450462 -55.79999924 -52.20000076
v -27.29999924 -55.59578323 -52.20000076
v -27.29999924 -56.09828568 -32.70000076
v -27.29999924 -56.09999847 -32.69927216
v -27.29999924 -56.09999847 -48.00000000
v -27.29999924 -56.09999847 -48.29999924
v -27.29999924 -56.09999847 -48.59999847
v -27.16069412 -56.09999847 -48.90000153
v -27.29999924 -56.00710297 -48.90000153
v -27.07608795 -56.09999847 -49.20000076
v -27.29999924 -55.93708801 -49.20000076
v -27.02584648 -56.09999847 -49.50000000
v -27.29999924 -55.88817978 -49.50000000
v -27.00211906 -56.09999847 -49.79999924
v -27.29999924 -55.85924530 -49.79999924
v -27.29999924 -55.84731293 -50.09999847
v -27.29999924 -55.84581757 -50.40000153
v -27.29999924 -55.84906769 -50.70000076
v -27.29999924 -55.85131836 -51.00000000
v -27.29999924 -55.84061813 -51.29999924
v -27.29999924 -56.40000153 -32.58466339
v -27.29999924 -56.40000153 -46.20000076
v -27.14341545 -56.40000153 -46.50000000
v -27.29999924 -56.30439377 -46.50000000
v -27.04295540 -56.40000153 -46.79999924
v -27.29999924 -56.23763657 -46.79999924
v -27.29999924 -56.18495560 -47.09999847
v -27.29999924 -56.13403320 -47.40000153
v -27.29999924 -56.10403061 -47.70000076
v -27.29999924 -56.70000076 -32.49353027
v -27.29999924 -56.70000076 -45.00000000
v -27.29046822 -56.70000076 -45.29999924
v -27.29999924 -56.68927383 -45.29999924
v -27.25388908 -56.70000076 -45.59999847
v -27.29999924 -56.64506531 -45.59999847
v -27.15205383 -56.70000076 -45.90000153
v -27.29999924 -56.53866959 -45.90000153
v -27.17477417 -57.00000000 -32.40000153
v -27.29999924 -57.00000000 -32.42828369
v -27.29999924 -57.00000000 -44.70000076
v -27.12185669 -57.00000000 -45.00000000
v -27.02757072 -57.00000000 -45.29999924
v -27.29999924 -57.29999924 -32.40000153
v -27.29999924 -57.29999924 -43.20000076
v -27.13932228 -57.29999924 -43.50000000
v -27.29999924 -57.16005707 -43.50000000
v -27.04076004 -57.29999924 -43.79999924
v -27.29999924 -57.06626892 -43.79999924
v -27.29999924 -57.02691269 -44.09999847
v -27.29999924 -57.01511002 -44.40000153
v -27.29999924 -57.59999847 -32.61511993
v -27.29999924 -57.59999847 -41.09999847
v -27.16212845 -57.59999847 -41.40000153
v -27.29999924 -57.47832870 -41.40000153
v -27.05958366 -57.59999847 -41.70000076
v -27.29999924 -57.39291763 -41.70000076
v -27.01059151 -57.59999847 -42.00000000
v -27.29999924 -57.34967041 -42.00000000
v -27.29999924 -57.33898544 -42.29999924
v -27.29999924 -57.34214783 -42.59999847
v -27.29999924 -57.33636475 -42.90000153
v -27.29999924 -57.68859482 -32.70000076
v -27.29999924 -57.90000153 -32.96623230
v -27.29999924 -57.90000153 -40.50000000
v -27.13598251 -57.90000153 -40.79999924
v -27.29999924 -57.73620224 -40.79999924
v -27.29999924 -57.92080307 -33.00000000
v -27.29999924 -58.03881073 -33.29999924
v -27.29999924 -58.13024521 -33.59999847
v -27.29999924 -58.20000076 -33.84165955
v -27.20184326 -58.20000076 -39.90000153
v -27.29999924 -58.10324097 -39.90000153
v -27.29999924 -58.20000076 -39.70333099
v -27.08005524 -58.20000076 -40.20000076
v -27.29999924 -57.98583221 -40.20000076
v -27.29999924 -58.21725845 -33.90000153
v -27.29999924 -58.31016159 -34.20000076
v -27.29999924 -58.41122437 -34.50000000
v -27.29999924 -58.50000000 -34.79999924
v -27.29999924 -58.50000000 -39.00000000
v -27.23560333 -58.50000000 -39.29999924
v -27.29999924 -58.40840530 -39.29999924
v -27.12279701 -58.50000000 -39.59999847
v -27.29999924 -58.25963974 -39.59999847
v -27.29999924 -58.79999924 -35.09999847
v -27.29999924 -58.79999924 -35.40000153
v -27.29999924 -58.79999924 -35.70000076
v -27.29999924 -58.79999924 -36.00000000
v -27.29999924 -58.79999924 -37.50000000
v -27.29999924 -58.79999924 -37.79999924
v -27.29999924 -58.79999924 -38.09999847
v -27.29999924 -58.79999924 -38.40000153
v -27.29999924 -58.79999924 -38.70000076
v -27.08731270 -58.79999924 -39.00000000
v -27.01784897 -58.79999924 -39.29999924
v -27.29999924 -58.81828308 -36.29999924
v -27.29999924 -58.87288284 -36.59999847
v -27.29999924 -58.87477112 -36.90000153
v -27.29999924 -58.82261276 -37.20000076
v -27.35973930 -50.40000153 -39.00000000
v -27.60000038 -50.39173508 -39.29999924
v -27.60000038 -50.40000153 -39.26678848
v -27.60000038 -50.33974075 -39.59999847
v -27.60000038 -50.31409073 -39.90000153
v -27.60000038 -50.30904770 -40.20000076
v -27.60000038 -50.31970596 -40.50000000
v -27.60000038 -50.34015656 -40.79999924
v -27.60000038 -50.36193085 -41.09999847
v -27.60000038 -50.38289642 -41.40000153
v -27.60000038 -50.40000153 -41.70000076
v -27.60000038 -50.36692429 -43.20000076
v -27.60000038 -50.40000153 -42.90000153
v -27.60000038 -50.34480667 -43.50000000
v -27.60000038 -50.33300400 -43.79999924
v -27.60000038 -50.32819748 -44.09999847
v -27.60000038 -50.32662582 -44.40000153
v -27.60000038 -50.32186508 -44.70000076
v -27.60000038 -50.31690598 -45.00000000
v -27.60000038 -50.31274414 -45.29999924
v -27.60000038 -50.30913544 -45.59999847
v -27.60000038 -50.30600357 -45.90000153
v -27.60000038 -50.30350494 -46.20000076
v -27.60000038 -50.30167389 -46.50000000
v -27.60000038 -50.30049133 -46.79999924
v -27.60000038 -50.30046082 -47.09999847
v -27.60000038 -50.30298233 -47.40000153
v -27.60000038 -50.30945206 -47.70000076
v -27.60000038 -50.31938934 -48.00000000
v -27.60000038 -50.32991409 -48.29999924
v -27.60000038 -50.33757401 -48.59999847
v -27.60000038 -50.34104156 -48.90000153
v -27.60000038 -50.34181595 -49.20000076
v -27.60000038 -50.34082031 -49.50000000
v -27.60000038 -50.33865356 -49.79999924
v -27.60000038 -50.33607864 -50.09999847
v -27.60000038 -50.33361053 -50.40000153
v -27.60000038 -50.33144760 -50.70000076
v -27.60000038 -50.32989120 -51.00000000
v -27.60000038 -50.32994843 -51.29999924
v -27.60000038 -50.33287430 -51.59999847
v -27.30427361 -50.40000153 -51.90000153
v -27.60000038 -50.33827972 -51.90000153
v -27.30086136 -50.40000153 -52.20000076
v -27.60000038 -50.34457397 -52.20000076
v -27.60000038 -50.34948349 -52.50000000
v -27.60000038 -50.35114670 -52.79999924
v -27.60000038 -50.35293579 -53.09999847
v -27.60000038 -50.35753632 -53.40000153
v -27.60000038 -50.37029266 -53.70000076
v -27.47070885 -50.40000153 -54.00000000
v -27.60000038 -50.38343811 -54.00000000
v -27.54820061 -50.40000153 -54.29999924
v -27.60000038 -50.39186859 -54.29999924
v -27.58770370 -50.40000153 -54.59999847
v -27.60000038 -50.39773178 -54.59999847
v -27.60000038 -50.40000153 -54.90000153
v -27.44091415 -50.70000076 -38.09999847
v -27.60000038 -50.66193771 -38.40000153
v -27.60000038 -50.70000076 -38.29751587
v -27.60000038 -50.56422043 -38.70000076
v -27.60000038 -50.46915436 -39.00000000
v -27.60000038 -50.41696930 -42.00000000
v -27.60000038 -50.42161560 -42.29999924
v -27.60000038 -50.41367340 -42.59999847
v -27.60000038 -50.44904327 -55.20000076
v -27.60000038 -50.52586746 -55.50000000
v -27.60000038 -50.59580231 -55.79999924
v -27.60000038 -50.64724350 -56.09999847
v -27.60000038 -50.67692184 -56.40000153
v -27.60000038 -50.70000076 -56.70000076
v -27.36331177 -50.70000076 -58.79999924
v -27.36485291 -50.70000076 -59.09999847
v -27.35583687 -50.70000076 -59.40000153
v -27.37881088 -51.00000000 -37.50000000
v -27.60000038 -50.93215179 -37.79999924
v -27.60000038 -51.00000000 -37.69667053
v -27.60000038 -50.77805710 -38.09999847
v -27.60000038 -50.70000076 -57.00000000
v -27.60000038 -50.70000076 -57.29999924
v -27.60000038 -50.70000076 -57.59999847
v -27.60000038 -50.70000076 -57.90000153
v -27.60000038 -50.70000076 -58.20000076
v -27.60000038 -50.70000076 -58.50000000
v -27.60000038 -50.81395721 -58.79999924
v -27.60000038 -50.88384628 -59.09999847
v -27.60000038 -50.93177414 -59.40000153
v -27.60000038 -51.00000000 -59.70000076
v -27.32797050 -51.00000000 -60.00000000
v -27.36937904 -51.29999924 -37.20000076
v -27.60000038 -51.16106415 -37.50000000
v -27.60000038 -51.29999924 -37.37396240
v -27.60000038 -51.29999924 -60.00000000
v -27.60000038 -51.59999847 -37.20000076
v -27.60000038 -51.59999847 -60.00000000
v -27.37747955 -51.90000153 -36.59999847
v -27.60000038 -51.90000153 -36.90000153
v -27.56663132 -51.90000153 -59.70000076
v -27.60000038 -51.84428787 -59.70000076
v -27.60000038 -51.90000153 -59.64593887
v -27.49469376 -52.20000076 -36.29999924
v -27.60000038 -52.05643463 -36.59999847
v -27.60000038 -52.20000076 -36.38132095
v -27.57833672 -52.20000076 -59.40000153
v -27.60000038 -52.15760422 -59.40000153
v -27.60000038 -52.20000076 -59.36352921
v -27.60000038 -52.48263550 -36.00000000
v -27.60000038 -52.50000000 -35.97826004
v -27.60000038 -52.25506592 -36.29999924
v -27.60000038 -52.50000000 -59.09999847
v -27.42976189 -52.50000000 -59.40000153
v -27.60000038 -52.73368073 -35.70000076
v -27.60000038 -52.79999924 -35.61416626
v -27.58546066 -52.79999924 -58.79999924
v -27.60000038 -52.76985550 -58.79999924
v -27.60000038 -52.79999924 -58.75565720
v -27.45435905 -52.79999924 -59.09999847
v -27.60000038 -53.09999847 -35.09999847
v -27.60000038 -52.97315598 -35.40000153
v -27.60000038 -53.09999847 -58.20000076
v -27.53102303 -53.09999847 -58.50000000
v -27.60000038 -52.96469116 -58.50000000
v -27.43815804 -53.09999847 -58.79999924
v -27.58278465 -53.40000153 -34.79999924
v -27.60000038 -53.40000153 -34.81646729
v -27.60000038 -53.40000153 -57.90000153
v -27.45584488 -53.40000153 -58.20000076
v -27.36400414 -53.40000153 -58.50000000
v -27.59015083 -53.70000076 -34.50000000
v -27.60000038 -53.41313934 -34.79999924
v -27.60000038 -53.70000076 -34.50583267
v -27.60000038 -53.70000076 -57.29999924
v -27.48087883 -53.70000076 -57.59999847
v -27.60000038 -53.51546097 -57.59999847
v -27.35605049 -53.70000076 -57.90000153
v -27.60000038 -53.98501205 -34.20000076
v -27.60000038 -54.00000000 -34.18437576
v -27.60000038 -53.70500946 -34.50000000
v -27.56603241 -54.00000000 -55.79999924
v -27.60000038 -53.95230484 -55.79999924
v -27.60000038 -54.00000000 -55.65055084
v -27.50650024 -54.00000000 -56.09999847
v -27.60000038 -53.87584305 -56.09999847
v -27.45581627 -54.00000000 -56.40000153
v -27.60000038 -53.81673431 -56.40000153
v -27.41440964 -54.00000000 -56.70000076
v -27.60000038 -53.76101685 -56.70000076
v -27.37763214 -54.00000000 -57.00000000
v -27.60000038 -53.71926880 -57.00000000
v -27.32242012 -54.00000000 -57.29999924
v -27.60000038 -54.27597427 -33.90000153
v -27.60000038 -54.29999924 -33.87630081
v -27.60000038 -54.29999924 -54.59999847
v -27.55370903 -54.29999924 -54.90000153
v -27.60000038 -54.23798752 -54.90000153
v -27.49380684 -54.29999924 -55.20000076
v -27.60000038 -54.15134048 -55.20000076
v -27.41157722 -54.29999924 -55.50000000
v -27.60000038 -54.04753876 -55.50000000
v -27.33214188 -54.29999924 -55.79999924
v -27.60000038 -54.59999847 -33.59999847
v -27.57298470 -54.59999847 -54.00000000
v -27.60000038 -54.56787872 -54.00000000
v -27.60000038 -54.59999847 -53.92401505
v -27.48292923 -54.59999847 -54.29999924
v -27.60000038 -54.44324493 -54.29999924
v -27.41061783 -54.59999847 -54.59999847
v -27.35100365 -54.59999847 -54.90000153
v -27.60000038 -54.90000153 -33.49111176
v -27.60000038 -54.90000153 -52.79999924
v -27.57334137 -54.90000153 -53.09999847
v -27.60000038 -54.86598587 -53.09999847
v -27.53034401 -54.90000153 -53.40000153
v -27.60000038 -54.80817413 -53.40000153
v -27.45145607 -54.90000153 -53.70000076
v -27.60000038 -54.70109177 -53.70000076
v -27.60000038 -55.20000076 -33.40492630
v -27.60000038 -55.20000076 -52.50000000
v -27.43831253 -55.20000076 -52.79999924
v -27.35686493 -55.20000076 -53.09999847
v -27.31891441 -55.20000076 -53.40000153
v -27.60000038 -55.50000000 -33.29999924
v -27.60000038 -55.50000000 -51.29999924
v -27.60000038 -55.50000000 -51.59999847
v -27.48845863 -55.50000000 -51.90000153
v -27.60000038 -55.34932709 -51.90000153
v -27.39468384 -55.50000000 -52.20000076
v -27.60000038 -55.25677109 -52.20000076
v -27.60000038 -55.79999924 -33.00000000
v -27.56179428 -55.79999924 -48.90000153
v -27.60000038 -55.76621246 -48.90000153
v -27.60000038 -55.79999924 -48.76894760
v -27.46935081 -55.79999924 -49.20000076
v -27.60000038 -55.67990494 -49.20000076
v -27.40284157 -55.79999924 -49.50000000
v -27.60000038 -55.61180878 -49.50000000
v -27.36597252 -55.79999924 -49.79999924
v -27.60000038 -55.57113266 -49.79999924
v -27.35113335 -55.79999924 -50.09999847
v -27.60000038 -55.55246353 -50.09999847
v -27.34869766 -55.79999924 -50.40000153
v -27.60000038 -55.54513550 -50.40000153
v -27.35124588 -55.79999924 -50.70000076
v -27.60000038 -55.53540039 -50.70000076
v -27.35261345 -55.79999924 -51.00000000
v -27.60000038 -55.51267624 -51.00000000
v -27.34229279 -55.79999924 -51.29999924
v -27.30174637 -56.09999847 -32.70000076
v -27.60000038 -56.09999847 -32.83627319
v -27.58384132 -56.09999847 -46.50000000
v -27.60000038 -56.08825302 -46.50000000
v -27.60000038 -56.09999847 -46.45069122
v -27.49590302 -56.09999847 -46.79999924
v -27.60000038 -56.02584457 -46.79999924
v -27.42175484 -56.09999847 -47.09999847
v -27.60000038 -55.97541046 -47.09999847
v -27.35345459 -56.09999847 -47.40000153
v -27.60000038 -55.93939209 -47.40000153
v -27.30672073 -56.09999847 -47.70000076
v -27.60000038 -55.91632843 -47.70000076
v -27.60000038 -55.90045547 -48.00000000
v -27.60000038 -55.87976456 -48.29999924
v -27.60000038 -55.83945465 -48.59999847
v -27.60000038 -56.39907455 -32.70000076
v -27.60000038 -56.40000153 -32.69961548
v -27.58442116 -56.40000153 -45.29999924
v -27.60000038 -56.38491440 -45.29999924
v -27.60000038 -56.40000153 -45.23951340
v -27.51689529 -56.40000153 -45.59999847
v -27.60000038 -56.31804657 -45.59999847
v -27.42786980 -56.40000153 -45.90000153
v -27.60000038 -56.24381256 -45.90000153
v -27.60000038 -56.16319656 -46.20000076
v -27.60000038 -56.70000076 -32.60477066
v -27.60000038 -56.70000076 -43.50000000
v -27.59915161 -56.70000076 -43.79999924
v -27.60000038 -56.69905090 -43.79999924
v -27.58556557 -56.70000076 -44.09999847
v -27.60000038 -56.68354797 -44.09999847
v -27.54892540 -56.70000076 -44.40000153
v -27.60000038 -56.64052200 -44.40000153
v -27.47301865 -56.70000076 -44.70000076
v -27.60000038 -56.56048965 -44.70000076
v -27.60000038 -56.46126938 -45.00000000
v -27.60000038 -57.00000000 -32.55231857
v -27.60000038 -57.00000000 -43.20000076
v -27.44100952 -57.00000000 -43.50000000
v -27.36061478 -57.00000000 -43.79999924
v -27.32510567 -57.00000000 -44.09999847
v -27.31338692 -57.00000000 -44.40000153
v -27.60000038 -57.29999924 -32.56389618
v -27.60000038 -57.29999924 -41.09999847
v -27.47966576 -57.29999924 -41.40000153
v -27.60000038 -57.16245270 -41.40000153
v -27.39438629 -57.29999924 -41.70000076
v -27.60000038 -57.06874466 -41.70000076
v -27.35113335 -57.29999924 -42.00000000
v -27.60000038 -57.03394318 -42.00000000
v -27.34033775 -57.29999924 -42.29999924
v -27.60000038 -57.02840805 -42.29999924
v -27.34362030 -57.29999924 -42.59999847
v -27.60000038 -57.02921677 -42.59999847
v -27.33851624 -57.29999924 -42.90000153
v -27.60000038 -57.02348709 -42.90000153
v -27.60000038 -57.59999847 -32.70000076
v -27.60000038 -57.59999847 -40.20000076
v -27.51973915 -57.59999847 -40.50000000
v -27.60000038 -57.50000763 -40.50000000
v -27.41973305 -57.59999847 -40.79999924
v -27.60000038 -57.39589691 -40.79999924
v -27.60000038 -57.90000153 -33.00000000
v -27.58642006 -57.90000153 -39.59999847
v -27.60000038 -57.88421631 -39.59999847
v -27.60000038 -57.90000153 -39.56291199
v -27.47266960 -57.90000153 -39.90000153
v -27.60000038 -57.74824524 -39.90000153
v -27.37427711 -57.90000153 -40.20000076
v -27.60000038 -57.97864532 -33.29999924
v -27.60000038 -58.05836105 -33.59999847
v -27.36940956 -58.20000076 -33.90000153
v -27.60000038 -58.14142609 -33.90000153
v -27.60000038 -58.20000076 -34.11779022
v -27.54850006 -58.20000076 -39.00000000
v -27.60000038 -58.13376617 -39.00000000
v -27.60000038 -58.20000076 -38.83343506
v -27.45283127 -58.20000076 -39.29999924
v -27.60000038 -58.01435852 -39.29999924
v -27.34247589 -58.20000076 -39.59999847
v -27.60000038 -58.22279739 -34.20000076
v -27.60000038 -58.29937744 -34.50000000
v -27.60000038 -58.37539673 -34.79999924
v -27.55863953 -58.50000000 -35.09999847
v -27.60000038 -58.46817780 -35.09999847
v -27.60000038 -58.50000000 -35.40000153
v -27.60000038 -58.50000000 -35.70000076
v -27.60000038 -58.50000000 -36.00000000
v -27.60000038 -58.50000000 -36.29999924
v -27.60000038 -58.50000000 -37.20000076
v -27.59521484 -58.50000000 -37.50000000
v -27.60000038 -58.49520111 -37.50000000
v -27.58334160 -58.50000000 -37.79999924
v -27.60000038 -58.48114777 -37.79999924
v -27.55904007 -58.50000000 -38.09999847
v -27.60000038 -58.44575119 -38.09999847
v -27.52053261 -58.50000000 -38.40000153
v -27.60000038 -58.37612534 -38.40000153
v -27.44953918 -58.50000000 -38.70000076
v -27.60000038 -58.26102066 -38.70000076
v -27.32921600 -58.79999924 -36.29999924
v -27.60000038 -58.79999924 -36.59999847
v -27.60000038 -58.79999924 -36.90000153
v -27.33565903 -58.79999924 -37.20000076
v -27.63482857 -50.40000153 -39.29999924
v -27.89999962 -50.40000153 -39.59999847
v -27.89999962 -50.37265778 -39.90000153
v -27.89999962 -50.36677933 -40.20000076
v -27.89999962 -50.37762451 -40.50000000
v -27.89999962 -50.40000153 -40.79999924
v -27.83220673 -50.40000153 -41.09999847
v -27.72673225 -50.40000153 -41.40000153
v -27.89999962 -50.38155746 -42.90000153
v -27.89999962 -50.40000153 -42.59999847
v -27.89999962 -50.35236359 -43.20000076
v -27.89999962 -50.32416153 -43.50000000
v -27.89999962 -50.30413055 -43.79999924
v -27.89999962 -50.29267883 -44.09999847
v -27.89999962 -50.28625488 -44.40000153
v -27.89999962 -50.28119278 -44.70000076
v -27.89999962 -50.27547073 -45.00000000
v -27.89999962 -50.26931000 -45.29999924
v -27.89999962 -50.26372147 -45.59999847
v -27.89999962 -50.26000595 -45.90000153
v -27.89999962 -50.25899506 -46.20000076
v -27.89999962 -50.26039505 -46.50000000
v -27.89999962 -50.26295853 -46.79999924
v -27.89999962 -50.26573944 -47.09999847
v -27.89999962 -50.26945877 -47.40000153
v -27.89999962 -50.27573395 -47.70000076
v -27.89999962 -50.28541946 -48.00000000
v -27.89999962 -50.29735947 -48.29999924
v -27.89999962 -50.30860138 -48.59999847
v -27.89999962 -50.31672287 -48.90000153
v -27.89999962 -50.32012939 -49.20000076
v -27.89999962 -50.31943893 -49.50000000
v -27.89999962 -50.31580734 -49.79999924
v -27.89999962 -50.30973053 -50.09999847
v -27.89999962 -50.30176926 -50.40000153
v -27.89999962 -50.29354858 -50.70000076
v -27.89999962 -50.28704453 -51.00000000
v -27.89999962 -50.28531647 -51.29999924
v -27.89999962 -50.28993225 -51.59999847
v -27.89999962 -50.30029297 -51.90000153
v -27.89999962 -50.31502914 -52.20000076
v -27.89999962 -50.33407974 -52.50000000
v -27.89999962 -50.35291290 -52.79999924
v -27.89999962 -50.36556625 -53.09999847
v -27.89999962 -50.37784958 -53.40000153
v -27.89999962 -50.39190292 -53.70000076
v -27.89999962 -50.40000153 -54.00000000
v -27.89999962 -50.40000153 -54.29999924
v -27.65542793 -50.40000153 -54.59999847
v -27.68954086 -50.70000076 -38.40000153
v -27.89999962 -50.70000076 -38.70000076
v -27.89999962 -50.56054688 -39.00000000
v -27.89999962 -50.46404266 -39.29999924
v -27.89999962 -50.41114426 -41.09999847
v -27.89999962 -50.42354202 -41.40000153
v -27.89999962 -50.43344879 -41.70000076
v -27.89999962 -50.43676376 -42.00000000
v -27.89999962 -50.42629242 -42.29999924
v -27.89999962 -50.41080093 -54.59999847
v -27.89999962 -50.40577316 -54.90000153
v -27.89999962 -50.40000153 -55.20000076
v -27.89999962 -50.51493454 -55.50000000
v -27.89999962 -50.61164093 -55.79999924
v -27.89999962 -50.67815781 -56.09999847
v -27.89999962 -50.70000076 -56.40000153
v -27.73958588 -51.00000000 -37.79999924
v -27.89999962 -50.91100693 -38.09999847
v -27.89999962 -51.00000000 -37.93287277
v -27.89999962 -50.78718567 -38.40000153
v -27.89999962 -50.78638458 -56.70000076
v -27.89999962 -50.81512833 -57.00000000
v -27.89999962 -50.83806610 -57.29999924
v -27.89999962 -50.87635040 -57.59999847
v -27.89999962 -50.92240906 -57.90000153
v -27.89999962 -50.96056747 -58.20000076
v -27.89999962 -51.00000000 -58.50000000
v -27.76619339 -51.00000000 -58.79999924
v -27.68979263 -51.00000000 -59.09999847
v -27.64820862 -51.00000000 -59.40000153
v -27.89999962 -51.29999924 -37.50000000
v -27.89999962 -51.08205414 -37.79999924
v -27.87753105 -51.29999924 -58.79999924
v -27.89999962 -51.29999924 -58.72545624
v -27.80534172 -51.29999924 -59.09999847
v -27.75195694 -51.29999924 -59.40000153
v -27.69812393 -51.29999924 -59.70000076
v -27.89999962 -51.59999847 -37.32276535
v -27.89999962 -51.59999847 -58.79999924
v -27.83606529 -51.59999847 -59.09999847
v -27.76731110 -51.59999847 -59.40000153
v -27.69406128 -51.59999847 -59.70000076
v -27.89999962 -51.75015640 -37.20000076
v -27.89999962 -51.90000153 -37.05443192
v -27.89999962 -51.90000153 -58.79999924
v -27.80885696 -51.90000153 -59.09999847
v -27.70537186 -51.90000153 -59.40000153
v -27.89999962 -52.20000076 -36.59999847
v -27.89999962 -52.02806854 -36.90000153
v -27.89999962 -52.20000076 -58.50000000
v -27.82601929 -52.20000076 -58.79999924
v -27.72363091 -52.20000076 -59.09999847
v -27.64307976 -52.50000000 -36.00000000
v -27.89999962 -52.37901306 -36.29999924
v -27.89999962 -52.50000000 -36.13041306
v -27.89999962 -52.50000000 -57.59999847
v -27.89117241 -52.50000000 -57.90000153
v -27.89999962 -52.47510910 -57.90000153
v -27.85776711 -52.50000000 -58.20000076
v -27.89999962 -52.36381149 -58.20000076
v -27.80059052 -52.50000000 -58.50000000
v -27.71729660 -52.50000000 -58.79999924
v -27.73324776 -52.79999924 -35.70000076
v -27.89999962 -52.60457611 -36.00000000
v -27.89999962 -52.79999924 -35.78691483
v -27.89259911 -52.79999924 -57.29999924
v -27.89999962 -52.77734375 -57.29999924
v -27.89999962 -52.79999924 -57.26177216
v -27.83576584 -52.79999924 -57.59999847
v -27.79331779 -52.79999924 -57.90000153
v -27.74119186 -52.79999924 -58.20000076
v -27.67636108 -52.79999924 -58.50000000
v -27.74153137 -53.09999847 -35.40000153
v -27.89999962 -52.89796829 -35.70000076
v -27.89999962 -53.09999847 -35.53268433
v -27.89999962 -53.09999847 -56.70000076
v -27.85310745 -53.09999847 -57.00000000
v -27.89999962 -52.95692062 -57.00000000
v -27.80473137 -53.09999847 -57.29999924
v -27.75525284 -53.09999847 -57.59999847
v -27.69461060 -53.09999847 -57.90000153
v -27.81211662 -53.40000153 -35.09999847
v -27.89999962 -53.40000153 -35.40000153
v -27.89999962 -53.40000153 -56.40000153
v -27.80469131 -53.40000153 -56.70000076
v -27.74970818 -53.40000153 -57.00000000
v -27.70855141 -53.40000153 -57.29999924
v -27.65524864 -53.40000153 -57.59999847
v -27.89999962 -53.63312531 -34.79999924
v -27.89999962 -53.70000076 -34.71337891
v -27.89999962 -53.46988297 -35.09999847
v -27.83323288 -53.70000076 -55.50000000
v -27.89999962 -53.58304596 -55.50000000
v -27.89999962 -53.70000076 -55.28506851
v -27.76831055 -53.70000076 -55.79999924
v -27.89999962 -53.46967316 -55.79999924
v -27.72378159 -53.70000076 -56.09999847
v -27.89999962 -53.41394424 -56.09999847
v -27.68590736 -53.70000076 -56.40000153
v -27.64214897 -53.70000076 -56.70000076
v -27.61263084 -53.70000076 -57.00000000
v -27.63402176 -54.00000000 -34.20000076
v -27.89999962 -53.86217117 -34.50000000
v -27.89999962 -54.00000000 -34.33543015
v -27.87177849 -54.00000000 -54.59999847
v -27.89999962 -53.96838760 -54.59999847
v -27.89999962 -54.00000000 -54.51263428
v -27.78950119 -54.00000000 -54.90000153
v -27.89999962 -53.86772537 -54.90000153
v -27.70998001 -54.00000000 -55.20000076
v -27.89999962 -53.73891068 -55.20000076
v -27.63415146 -54.00000000 -55.50000000
v -27.65835953 -54.29999924 -33.90000153
v -27.89999962 -54.11234283 -34.20000076
v -27.89999962 -54.29999924 -34.00031281
v -27.82768822 -54.29999924 -54.00000000
v -27.89999962 -54.21491241 -54.00000000
v -27.89999962 -54.29999924 -53.81144333
v -27.71481323 -54.29999924 -54.29999924
v -27.89999962 -54.08044434 -54.29999924
v -27.89999962 -54.41194916 -33.90000153
v -27.89999962 -54.59999847 -33.75396347
v -27.89999962 -54.59999847 -52.50000000
v -27.86981773 -54.59999847 -52.79999924
v -27.89999962 -54.56848907 -52.79999924
v -27.83354950 -54.59999847 -53.09999847
v -27.89999962 -54.53236008 -53.09999847
v -27.77273941 -54.59999847 -53.40000153
v -27.89999962 -54.46347809 -53.40000153
v -27.68131065 -54.59999847 -53.70000076
v -27.89999962 -54.34946060 -53.70000076
v -27.89999962 -54.90000153 -33.59999847
v -27.89999962 -54.90000153 -51.00000000
v -27.89999962 -54.90000153 -51.29999924
v -27.89999962 -54.90000153 -51.59999847
v -27.87447357 -54.90000153 -51.90000153
v -27.89999962 -54.86121750 -51.90000153
v -27.81368828 -54.90000153 -52.20000076
v -27.89999962 -54.75265503 -52.20000076
v -27.72870445 -54.90000153 -52.50000000
v -27.89999962 -55.20000076 -33.50231171
v -27.89999962 -55.20000076 -50.70000076
v -27.79384041 -55.20000076 -51.00000000
v -27.75650215 -55.20000076 -51.29999924
v -27.73681259 -55.20000076 -51.59999847
v -27.69362640 -55.20000076 -51.90000153
v -27.64072418 -55.20000076 -52.20000076
v -27.89999962 -55.50000000 -33.40570831
v -27.89999962 -55.50000000 -48.90000153
v -27.77780342 -55.50000000 -49.20000076
v -27.89999962 -55.34661484 -49.20000076
v -27.70610619 -55.50000000 -49.50000000
v -27.89999962 -55.27141571 -49.50000000
v -27.66744423 -55.50000000 -49.79999924
v -27.89999962 -55.23924637 -49.79999924
v -27.64976501 -55.50000000 -50.09999847
v -27.89999962 -55.22147369 -50.09999847
v -27.64247322 -55.50000000 -50.40000153
v -27.89999962 -55.20854950 -50.40000153
v -27.63199615 -55.50000000 -50.70000076
v -27.60996819 -55.50000000 -51.00000000
v -27.89999962 -55.79999924 -33.29999924
v -27.89999962 -55.79999924 -46.79999924
v -27.83198166 -55.79999924 -47.09999847
v -27.89999962 -55.74575424 -47.09999847
v -27.79181290 -55.79999924 -47.40000153
v -27.89999962 -55.71884155 -47.40000153
v -27.76520920 -55.79999924 -47.70000076
v -27.89999962 -55.70250320 -47.70000076
v -27.74050331 -55.79999924 -48.00000000
v -27.89999962 -55.68349457 -48.00000000
v -27.70526886 -55.79999924 -48.29999924
v -27.89999962 -55.64835739 -48.29999924
v -27.64857674 -55.79999924 -48.59999847
v -27.89999962 -55.58541489 -48.59999847
v -27.89999962 -56.09999847 -33.00000000
v -27.89999962 -56.09999847 -45.29999924
v -27.83571815 -56.09999847 -45.59999847
v -27.89999962 -56.04595566 -45.59999847
v -27.76306152 -56.09999847 -45.90000153
v -27.89999962 -55.98902893 -45.90000153
v -27.67676353 -56.09999847 -46.20000076
v -27.89999962 -55.92763901 -46.20000076
v -27.89999962 -55.86073685 -46.50000000
v -27.60099792 -56.40000153 -32.70000076
v -27.89999962 -56.40000153 -32.82590866
v -27.89999962 -56.40000153 -43.79999924
v -27.86225128 -56.40000153 -44.09999847
v -27.89999962 -56.36300278 -44.09999847
v -27.82667160 -56.40000153 -44.40000153
v -27.89999962 -56.33254623 -44.40000153
v -27.76292419 -56.40000153 -44.70000076
v -27.89999962 -56.28403854 -44.70000076
v -27.66854286 -56.40000153 -45.00000000
v -27.89999962 -56.20899963 -45.00000000
v -27.83886719 -56.70000076 -32.70000076
v -27.89999962 -56.70000076 -32.72515488
v -27.89999962 -56.70000076 -41.40000153
v -27.89999962 -56.70000076 -41.70000076
v -27.89999962 -56.70000076 -42.00000000
v -27.89909554 -56.70000076 -42.29999924
v -27.89999962 -56.69902420 -42.29999924
v -27.89454842 -56.70000076 -42.59999847
v -27.89999962 -56.69410324 -42.59999847
v -27.86676407 -56.70000076 -42.90000153
v -27.89999962 -56.66416931 -42.90000153
v -27.78739357 -56.70000076 -43.20000076
v -27.89999962 -56.58625793 -43.20000076
v -27.89999962 -56.47924423 -43.50000000
v -27.89999962 -57.00000000 -32.70000076
v -27.89999962 -57.00000000 -41.09999847
v -27.73150635 -57.00000000 -41.40000153
v -27.65754128 -57.00000000 -41.70000076
v -27.63075638 -57.00000000 -42.00000000
v -27.62641335 -57.00000000 -42.29999924
v -27.62671280 -57.00000000 -42.59999847
v -27.62064171 -57.00000000 -42.90000153
v -27.89999962 -57.29999924 -32.70000076
v -27.86823654 -57.29999924 -40.20000076
v -27.89999962 -57.25835800 -40.20000076
v -27.89999962 -57.29999924 -40.12673950
v -27.76340866 -57.29999924 -40.50000000
v -27.89999962 -57.12229919 -40.50000000
v -27.68232918 -57.29999924 -40.79999924
v -27.89999962 -57.04729080 -40.79999924
v -27.89999962 -57.59999847 -32.91522980
v -27.84427643 -57.59999847 -39.59999847
v -27.89999962 -57.53836823 -39.59999847
v -27.89999962 -57.59999847 -39.43900299
v -27.72801018 -57.59999847 -39.90000153
v -27.89999962 -57.41014099 -39.90000153
v -27.89999962 -57.67300034 -33.00000000
v -27.77836990 -57.90000153 -33.29999924
v -27.89999962 -57.83167267 -33.29999924
v -27.89999962 -57.90000153 -33.47158051
v -27.89999962 -57.90000153 -38.40000153
v -27.85330391 -57.90000153 -38.70000076
v -27.89999962 -57.84534073 -38.70000076
v -27.78461456 -57.90000153 -39.00000000
v -27.89999962 -57.76547623 -39.00000000
v -27.69294548 -57.90000153 -39.29999924
v -27.89999962 -57.65501785 -39.29999924
v -27.89999962 -57.94353867 -33.59999847
v -27.89999962 -58.03558731 -33.90000153
v -27.66342926 -58.20000076 -34.20000076
v -27.89999962 -58.11583328 -34.20000076
v -27.82993889 -58.20000076 -34.50000000
v -27.89999962 -58.17141342 -34.50000000
v -27.89999962 -58.20000076 -34.79999924
v -27.89999962 -58.20000076 -37.50000000
v -27.84343147 -58.20000076 -37.79999924
v -27.89999962 -58.13878632 -37.79999924
v -27.78211403 -58.20000076 -38.09999847
v -27.89999962 -58.05032349 -38.09999847
v -27.71257591 -58.20000076 -38.40000153
v -27.63923454 -58.20000076 -38.70000076
v -27.89999962 -58.25971603 -35.09999847
v -27.89999962 -58.29220963 -35.40000153
v -27.89999962 -58.30765152 -35.70000076
v -27.89999962 -58.32186508 -36.00000000
v -27.89999962 -58.34848785 -36.29999924
v -27.78661346 -58.50000000 -36.59999847
v -27.89999962 -58.39609909 -36.59999847
v -27.77774811 -58.50000000 -36.90000153
v -27.89999962 -58.37884903 -36.90000153
v -27.89999962 -58.28901291 -37.20000076
v -28.00255966 -50.40000153 -39.90000153
v -28.02633095 -50.40000153 -40.20000076
v -27.98831558 -50.40000153 -40.50000000
v -28.18062782 -50.40000153 -42.90000153
v -28.20000076 -50.36161423 -43.20000076
v -28.20000076 -50.40000153 -42.90973663
v -28.20000076 -50.32659531 -43.50000000
v -28.20000076 -50.30208206 -43.79999924
v -28.20000076 -50.28855515 -44.09999847
v -28.20000076 -50.28045273 -44.40000153
v -28.20000076 -50.27303696 -44.70000076
v -28.20000076 -50.26433563 -45.00000000
v -28.20000076 -50.25511169 -45.29999924
v -28.20000076 -50.24701691 -45.59999847
v -28.20000076 -50.24234390 -45.90000153
v -28.20000076 -50.24238586 -46.20000076
v -28.20000076 -50.24698639 -46.50000000
v -28.20000076 -50.25432205 -46.79999924
v -28.20000076 -50.26157379 -47.09999847
v -28.20000076 -50.26788712 -47.40000153
v -28.20000076 -50.27408600 -47.70000076
v -28.20000076 -50.28281403 -48.00000000
v -28.20000076 -50.29685593 -48.29999924
v -28.20000076 -50.31428909 -48.59999847
v -28.20000076 -50.32961273 -48.90000153
v -28.20000076 -50.33696365 -49.20000076
v -28.20000076 -50.33710861 -49.50000000
v -28.20000076 -50.33365250 -49.79999924
v -28.20000076 -50.32367706 -50.09999847
v -28.20000076 -50.30720139 -50.40000153
v -28.20000076 -50.28964615 -50.70000076
v -28.20000076 -50.27671432 -51.00000000
v -28.20000076 -50.27268219 -51.29999924
v -28.20000076 -50.27790833 -51.59999847
v -28.20000076 -50.29319763 -51.90000153
v -28.20000076 -50.31663132 -52.20000076
v -28.20000076 -50.35037613 -52.50000000
v -28.20000076 -50.40000153 -52.79999924
v -28.08633614 -50.40000153 -53.09999847
v -28.00480843 -50.40000153 -53.40000153
v -27.93434906 -50.40000153 -53.70000076
v -28.20000076 -50.63344955 -39.00000000
v -28.20000076 -50.70000076 -38.84083939
v -28.20000076 -50.54375839 -39.29999924
v -28.20000076 -50.48474121 -39.59999847
v -28.20000076 -50.45455170 -39.90000153
v -28.20000076 -50.44724655 -40.20000076
v -28.20000076 -50.45475006 -40.50000000
v -28.20000076 -50.46828461 -40.79999924
v -28.20000076 -50.47935104 -41.09999847
v -28.20000076 -50.48811722 -41.40000153
v -28.20000076 -50.49275208 -41.70000076
v -28.20000076 -50.48851776 -42.00000000
v -28.20000076 -50.47066498 -42.29999924
v -28.20000076 -50.43893051 -42.59999847
v -28.20000076 -50.40132904 -42.90000153
v -28.20000076 -50.42269135 -53.09999847
v -28.20000076 -50.44528198 -53.40000153
v -28.20000076 -50.46877289 -53.70000076
v -28.20000076 -50.48808670 -54.00000000
v -28.20000076 -50.49860764 -54.29999924
v -28.20000076 -50.50245285 -54.59999847
v -28.20000076 -50.50154495 -54.90000153
v -28.20000076 -50.51566315 -55.20000076
v -28.20000076 -50.58273697 -55.50000000
v -28.20000076 -50.70000076 -55.79999924
v -27.95851326 -50.70000076 -56.09999847
v -28.13272095 -51.00000000 -38.09999847
v -28.20000076 -50.88772583 -38.40000153
v -28.20000076 -51.00000000 -38.15376663
v -28.20000076 -50.76149750 -38.70000076
v -28.20000076 -50.81724930 -56.09999847
v -28.20000076 -51.00000000 -56.40000153
v -28.20000076 -51.00000000 -56.70000076
v -28.20000076 -51.00000000 -57.00000000
v -28.14066505 -51.00000000 -57.29999924
v -28.03466988 -51.00000000 -57.59999847
v -27.96298409 -51.00000000 -57.90000153
v -27.92659760 -51.00000000 -58.20000076
v -28.20000076 -51.21421814 -37.79999924
v -28.20000076 -51.29999924 -37.70440292
v -28.20000076 -51.02713776 -38.09999847
v -28.20000076 -51.05195618 -57.29999924
v -28.20000076 -51.29999924 -57.59999847
v -28.07763672 -51.29999924 -57.90000153
v -28.01780510 -51.29999924 -58.20000076
v -27.95874786 -51.29999924 -58.50000000
v -28.20000076 -51.59999847 -37.50000000
v -28.20000076 -51.59999847 -57.59999847
v -28.09631348 -51.59999847 -57.90000153
v -28.03252411 -51.59999847 -58.20000076
v -27.97131538 -51.59999847 -58.50000000
v -28.18271446 -51.90000153 -37.20000076
v -28.20000076 -51.90000153 -37.20820618
v -28.20000076 -51.90000153 -57.59999847
v -28.07758904 -51.90000153 -57.90000153
v -28.00760460 -51.90000153 -58.20000076
v -27.95349312 -51.90000153 -58.50000000
v -28.20000076 -52.20000076 -36.90000153
v -28.20000076 -51.90806198 -37.20000076
v -28.20000076 -52.20000076 -56.70000076
v -28.20000076 -52.20000076 -57.00000000
v -28.18357849 -52.20000076 -57.29999924
v -28.20000076 -52.17670059 -57.29999924
v -28.08632278 -52.20000076 -57.59999847
v -28.00553322 -52.20000076 -57.90000153
v -27.94960594 -52.20000076 -58.20000076
v -28.20000076 -52.45862198 -36.29999924
v -28.20000076 -52.50000000 -36.24032974
v -28.20000076 -52.31218338 -36.59999847
v -28.20000076 -52.50000000 -56.40000153
v -28.11238670 -52.50000000 -56.70000076
v -28.05885506 -52.50000000 -57.00000000
v -28.00227928 -52.50000000 -57.29999924
v -28.20000076 -52.70286942 -36.00000000
v -28.20000076 -52.79999924 -35.90065765
v -28.20000076 -52.79999924 -55.79999924
v -28.17939758 -52.79999924 -56.09999847
v -28.20000076 -52.76826859 -56.09999847
v -28.09799004 -52.79999924 -56.40000153
v -28.01743126 -52.79999924 -56.70000076
v -27.95264244 -52.79999924 -57.00000000
v -28.20000076 -53.02566910 -35.70000076
v -28.20000076 -53.09999847 -35.64071274
v -28.20000076 -53.09999847 -55.20000076
v -28.15936470 -53.09999847 -55.50000000
v -28.20000076 -53.04311371 -55.50000000
v -28.08697128 -53.09999847 -55.79999924
v -28.04064560 -53.09999847 -56.09999847
v -27.98862457 -53.09999847 -56.40000153
v -28.20000076 -53.40000153 -35.40770721
v -28.12262535 -53.40000153 -55.20000076
v -28.20000076 -53.40000153 -55.09432983
v -28.00281906 -53.40000153 -55.50000000
v -27.93886185 -53.40000153 -55.79999924
v -27.90785599 -53.40000153 -56.09999847
v -28.03792191 -53.70000076 -34.79999924
v -28.20000076 -53.58901215 -35.09999847
v -28.20000076 -53.70000076 -34.91073608
v -28.20000076 -53.40690231 -35.40000153
v -28.20000076 -53.70000076 -54.29999924
v -28.15930176 -53.70000076 -54.59999847
v -28.20000076 -53.66281128 -54.59999847
v -28.06443024 -53.70000076 -54.90000153
v -28.20000076 -53.56595993 -54.90000153
v -27.93095016 -53.70000076 -55.20000076
v -28.20000076 -54.00000000 -34.50000000
v -28.20000076 -53.76823807 -34.79999924
v -28.20000076 -54.00000000 -53.70000076
v -28.09803200 -54.00000000 -54.00000000
v -28.20000076 -53.89902496 -54.00000000
v -27.97114372 -54.00000000 -54.29999924
v -28.20000076 -54.20333862 -34.20000076
v -28.20000076 -54.29999924 -34.09122086
v -28.20000076 -54.29999924 -52.20000076
v -28.19363022 -54.29999924 -52.50000000
v -28.20000076 -54.29385757 -52.50000000
v -28.18931198 -54.29999924 -52.79999924
v -28.20000076 -54.29012680 -52.79999924
v -28.15993881 -54.29999924 -53.09999847
v -28.20000076 -54.26543045 -53.09999847
v -28.07585144 -54.29999924 -53.40000153
v -28.20000076 -54.19108200 -53.40000153
v -27.94617271 -54.29999924 -53.70000076
v -28.20000076 -54.51913834 -33.90000153
v -28.20000076 -54.59999847 -33.84291077
v -28.20000076 -54.59999847 -50.70000076
v -28.18994904 -54.59999847 -51.00000000
v -28.20000076 -54.59049225 -51.00000000
v -28.18456078 -54.59999847 -51.29999924
v -28.20000076 -54.58539581 -51.29999924
v -28.16301727 -54.59999847 -51.59999847
v -28.20000076 -54.56423950 -51.59999847
v -28.10005188 -54.59999847 -51.90000153
v -28.20000076 -54.49362564 -51.90000153
v -28.00041199 -54.59999847 -52.20000076
v -28.20000076 -54.90000153 -33.69447327
v -28.20000076 -54.90000153 -48.90000153
v -28.20000076 -54.90000153 -49.20000076
v -28.20000076 -54.90000153 -49.50000000
v -28.20000076 -54.90000153 -49.79999924
v -28.19185829 -54.90000153 -50.09999847
v -28.20000076 -54.89139557 -50.09999847
v -28.13585854 -54.90000153 -50.40000153
v -28.20000076 -54.82382584 -50.40000153
v -28.03528976 -54.90000153 -50.70000076
v -28.20000076 -55.20000076 -33.59999847
v -28.11055946 -55.20000076 -48.90000153
v -28.20000076 -55.20000076 -48.77774429
v -28.00409126 -55.20000076 -49.20000076
v -27.95730019 -55.20000076 -49.50000000
v -27.93427849 -55.20000076 -49.79999924
v -27.91906357 -55.20000076 -50.09999847
v -27.90710068 -55.20000076 -50.40000153
v -28.20000076 -55.50000000 -33.49601364
v -28.20000076 -55.50000000 -46.79999924
v -28.18194962 -55.50000000 -47.09999847
v -28.20000076 -55.48446274 -47.09999847
v -28.17055130 -55.50000000 -47.40000153
v -28.20000076 -55.47502518 -47.40000153
v -28.16174507 -55.50000000 -47.70000076
v -28.20000076 -55.46883774 -47.70000076
v -28.14678001 -55.50000000 -48.00000000
v -28.20000076 -55.45907593 -48.00000000
v -28.10352325 -55.50000000 -48.29999924
v -28.20000076 -55.42910767 -48.29999924
v -28.00948524 -55.50000000 -48.59999847
v -28.20000076 -55.33831024 -48.59999847
v -28.20000076 -55.79999924 -33.39971924
v -28.20000076 -55.79999924 -45.59999847
v -28.14389610 -55.79999924 -45.90000153
v -28.20000076 -55.75912476 -45.90000153
v -28.07531357 -55.79999924 -46.20000076
v -28.20000076 -55.71310806 -46.20000076
v -27.98268890 -55.79999924 -46.50000000
v -28.20000076 -55.64292145 -46.50000000
v -28.20000076 -56.09999847 -33.29999924
v -28.20000076 -56.09999847 -43.79999924
v -28.20000076 -56.09999847 -44.09999847
v -28.19240570 -56.09999847 -44.40000153
v -28.20000076 -56.09447098 -44.40000153
v -28.14418030 -56.09999847 -44.70000076
v -28.20000076 -56.06031799 -44.70000076
v -28.05300140 -56.09999847 -45.00000000
v -28.20000076 -56.00485611 -45.00000000
v -28.20000076 -55.92793655 -45.29999924
v -28.20000076 -56.31568527 -33.00000000
v -28.20000076 -56.40000153 -32.93852997
v -28.20000076 -56.40000153 -42.00000000
v -28.20000076 -56.40000153 -42.29999924
v -28.20000076 -56.40000153 -42.59999847
v -28.18479919 -56.40000153 -42.90000153
v -28.20000076 -56.38771439 -42.90000153
v -28.11693954 -56.40000153 -43.20000076
v -28.20000076 -56.33819962 -43.20000076
v -27.99925995 -56.40000153 -43.50000000
v -28.20000076 -56.25323868 -43.50000000
v -28.20000076 -56.70000076 -32.83856583
v -28.20000076 -56.70000076 -40.20000076
v -28.20000076 -56.70000076 -40.50000000
v -28.18534279 -56.70000076 -40.79999924
v -28.20000076 -56.68477631 -40.79999924
v -28.11966515 -56.70000076 -41.09999847
v -28.20000076 -56.63210297 -41.09999847
v -28.20000076 -56.56340027 -41.40000153
v -28.20000076 -56.51100540 -41.70000076
v -28.20000076 -57.00000000 -32.82002258
v -28.09571457 -57.00000000 -40.20000076
v -28.20000076 -57.00000000 -40.06232834
v -27.98912239 -57.00000000 -40.50000000
v -27.93817711 -57.00000000 -40.79999924
v -28.20000076 -57.29999924 -32.88707352
v -28.20000076 -57.29999924 -39.29999924
v -28.14145660 -57.29999924 -39.59999847
v -28.20000076 -57.25010300 -39.59999847
v -28.01802063 -57.29999924 -39.90000153
v -28.20000076 -57.13487244 -39.90000153
v -27.99951363 -57.59999847 -33.00000000
v -28.20000076 -57.43899918 -33.00000000
v -28.20000076 -57.59999847 -33.29999924
v -28.20000076 -57.59999847 -38.40000153
v -28.14925575 -57.59999847 -38.70000076
v -28.20000076 -57.55791855 -38.70000076
v -28.06288338 -57.59999847 -39.00000000
v -28.20000076 -57.47700882 -39.00000000
v -27.94942856 -57.59999847 -39.29999924
v -27.98671150 -57.90000153 -33.59999847
v -28.20000076 -57.78028870 -33.59999847
v -28.20000076 -57.90000153 -33.90000153
v -28.20000076 -57.90000153 -37.50000000
v -28.14935303 -57.90000153 -37.79999924
v -28.20000076 -57.85897827 -37.79999924
v -28.04595184 -57.90000153 -38.09999847
v -28.20000076 -57.76917648 -38.09999847
v -28.20000076 -58.00292206 -34.20000076
v -28.20000076 -58.04647827 -34.50000000
v -28.20000076 -58.06627274 -34.79999924
v -27.99787521 -58.20000076 -35.09999847
v -28.20000076 -58.08483887 -35.09999847
v -28.04251289 -58.20000076 -35.40000153
v -28.20000076 -58.10056686 -35.40000153
v -28.06664658 -58.20000076 -35.70000076
v -28.20000076 -58.11335754 -35.70000076
v -28.08889389 -58.20000076 -36.00000000
v -28.20000076 -58.12719727 -36.00000000
v -28.11543274 -58.20000076 -36.29999924
v -28.20000076 -58.14284515 -36.29999924
v -28.13127708 -58.20000076 -36.59999847
v -28.20000076 -58.15014267 -36.59999847
v -28.10266495 -58.20000076 -36.90000153
v -28.20000076 -58.12942505 -36.90000153
v -28.00932693 -58.20000076 -37.20000076
v -28.20000076 -58.05971527 -37.20000076
v -28.50000000 -50.40000153 -43.20000076
v -28.50000000 -50.35126114 -43.50000000
v -28.50000000 -50.32884216 -43.79999924
v -28.50000000 -50.31922150 -44.09999847
v -28.50000000 -50.31152344 -44.40000153
v -28.50000000 -50.30072021 -44.70000076
v -28.50000000 -50.28614426 -45.00000000
v -28.50000000 -50.27140808 -45.29999924
v -28.50000000 -50.26024246 -45.59999847
v -28.50000000 -50.25477600 -45.90000153
v -28.50000000 -50.25524521 -46.20000076
v -28.50000000 -50.26189041 -46.50000000
v -28.50000000 -50.27460861 -46.79999924
v -28.50000000 -50.29028702 -47.09999847
v -28.50000000 -50.30372620 -47.40000153
v -28.50000000 -50.31082535 -47.70000076
v -28.50000000 -50.31596756 -48.00000000
v -28.50000000 -50.32963181 -48.29999924
v -28.50000000 -50.36010361 -48.59999847
v -28.50000000 -50.38727570 -48.90000153
v -28.50000000 -50.40000153 -49.20000076
v -28.50000000 -50.40000153 -49.50000000
v -28.50000000 -50.39963531 -49.79999924
v -28.50000000 -50.38437271 -50.09999847
v -28.50000000 -50.35506439 -50.40000153
v -28.50000000 -50.32262802 -50.70000076
v -28.50000000 -50.30696869 -51.00000000
v -28.50000000 -50.30310059 -51.29999924
v -28.50000000 -50.30651855 -51.59999847
v -28.50000000 -50.32399750 -51.90000153
v -28.50000000 -50.36333847 -52.20000076
v -28.50000000 -50.40000153 -52.50000000
v -28.50000000 -50.70000076 -39.00000000
v -28.50000000 -50.63650894 -39.29999924
v -28.50000000 -50.58417130 -39.59999847
v -28.50000000 -50.56034470 -39.90000153
v -28.50000000 -50.55477142 -40.20000076
v -28.50000000 -50.55865097 -40.50000000
v -28.50000000 -50.56568527 -40.79999924
v -28.50000000 -50.57245636 -41.09999847
v -28.50000000 -50.57740402 -41.40000153
v -28.50000000 -50.57910538 -41.70000076
v -28.50000000 -50.57390976 -42.00000000
v -28.50000000 -50.55451965 -42.29999924
v -28.50000000 -50.51520538 -42.59999847
v -28.50000000 -50.46058655 -42.90000153
v -28.50000000 -50.48205948 -52.79999924
v -28.50000000 -50.52573776 -53.09999847
v -28.50000000 -50.55702972 -53.40000153
v -28.50000000 -50.60606384 -53.70000076
v -28.50000000 -50.65043640 -54.00000000
v -28.50000000 -50.67203140 -54.29999924
v -28.50000000 -50.67435074 -54.59999847
v -28.50000000 -50.67200851 -54.90000153
v -28.50000000 -50.67690659 -55.20000076
v -28.50000000 -50.70000076 -55.50000000
v -28.50000000 -50.99507523 -38.40000153
v -28.50000000 -51.00000000 -38.38966751
v -28.50000000 -50.85509491 -38.70000076
v -28.50000000 -50.89744186 -55.79999924
v -28.50000000 -51.00000000 -56.09999847
v -28.50000000 -51.29999924 -37.79999924
v -28.50000000 -51.14545441 -38.09999847
v -28.50000000 -51.24560928 -56.40000153
v -28.50000000 -51.29072952 -56.70000076
v -28.50000000 -51.28723907 -57.00000000
v -28.50000000 -51.29999924 -57.29999924
v -28.50000000 -51.59999847 -37.61003876
v -28.50000000 -51.59999847 -57.31355667
v -28.50000000 -51.73405075 -37.50000000
v -28.50000000 -51.90000153 -37.34329224
v -28.50000000 -51.90000153 -57.29999924
v -28.50000000 -52.03048706 -37.20000076
v -28.50000000 -52.20000076 -36.97953033
v -28.50000000 -52.20000076 -56.40000153
v -28.50000000 -51.93627548 -56.70000076
v -28.50000000 -51.90365219 -57.00000000
v -28.50000000 -52.50000000 -36.29999924
v -28.50000000 -52.38986969 -36.59999847
v -28.50000000 -52.25150681 -36.90000153
v -28.50000000 -52.50000000 -56.09999847
v -28.50000000 -52.79999924 -36.00000000
v -28.50000000 -52.79999924 -55.50000000
v -28.50000000 -52.56406784 -55.79999924
v -28.50000000 -53.09999847 -35.70000076
v -28.50000000 -52.88578796 -55.20000076
v -28.50000000 -53.09999847 -54.98139572
v -28.50000000 -53.40000153 -35.46890640
v -28.50000000 -53.40000153 -54.59999847
v -28.50000000 -53.40000153 -54.90000153
v -28.50000000 -53.65222168 -35.09999847
v -28.50000000 -53.70000076 -35.02565765
v -28.50000000 -53.45564270 -35.40000153
v -28.50000000 -53.70000076 -54.00000000
v -28.50000000 -53.45192337 -54.29999924
v -28.50000000 -53.84928513 -34.79999924
v -28.50000000 -54.00000000 -34.57726669
v -28.50000000 -54.00000000 -52.79999924
v -28.50000000 -54.00000000 -53.09999847
v -28.50000000 -54.00000000 -53.40000153
v -28.50000000 -53.74924469 -53.70000076
v -28.50000000 -54.25309372 -34.20000076
v -28.50000000 -54.29999924 -34.14484024
v -28.50000000 -54.05125809 -34.50000000
v -28.50000000 -54.29999924 -51.90000153
v -28.50000000 -54.09978104 -52.20000076
v -28.50000000 -54.01600266 -52.50000000
v -28.50000000 -54.57394028 -33.90000153
v -28.50000000 -54.59999847 -33.88220215
v -28.50000000 -54.59999847 -49.79999924
v -28.50000000 -54.59999847 -50.09999847
v -28.50000000 -54.59999847 -50.40000153
v -28.50000000 -54.40896988 -50.70000076
v -28.50000000 -54.33901596 -51.00000000
v -28.50000000 -54.31470108 -51.29999924
v -28.50000000 -54.30863953 -51.59999847
v -28.50000000 -54.90000153 -33.75612640
v -28.50000000 -54.74238586 -48.90000153
v -28.50000000 -54.90000153 -48.71697998
v -28.50000000 -54.63909531 -49.20000076
v -28.50000000 -54.60385895 -49.50000000
v -28.50000000 -55.20000076 -33.66848755
v -28.50000000 -55.20000076 -47.40000153
v -28.50000000 -55.20000076 -47.70000076
v -28.50000000 -55.20000076 -48.00000000
v -28.50000000 -55.20000076 -48.29999924
v -28.50000000 -55.20000076 -48.59999847
v -28.50000000 -55.45361710 -33.59999847
v -28.50000000 -55.50000000 -33.58679199
v -28.50000000 -55.50000000 -46.50000000
v -28.50000000 -55.31282425 -46.79999924
v -28.50000000 -55.22192383 -47.09999847
v -28.50000000 -55.79999924 -33.49077225
v -28.50000000 -55.79999924 -45.29999924
v -28.50000000 -55.62144089 -45.59999847
v -28.50000000 -55.54005432 -45.90000153
v -28.50000000 -55.50986099 -46.20000076
v -28.50000000 -56.09999847 -33.35038376
v -28.50000000 -56.09999847 -43.50000000
v -28.50000000 -55.99161911 -43.79999924
v -28.50000000 -55.94432831 -44.09999847
v -28.50000000 -55.89863968 -44.40000153
v -28.50000000 -55.84921265 -44.70000076
v -28.50000000 -55.81339264 -45.00000000
v -28.50000000 -56.40000153 -33.00000000
v -28.50000000 -56.16984177 -33.29999924
v -28.50000000 -56.40000153 -41.09999847
v -28.50000000 -56.40000153 -41.40000153
v -28.50000000 -56.40000153 -41.70000076
v -28.50000000 -56.28998184 -42.00000000
v -28.50000000 -56.24588013 -42.29999924
v -28.50000000 -56.20259857 -42.59999847
v -28.50000000 -56.16045380 -42.90000153
v -28.50000000 -56.12596130 -43.20000076
v -28.50000000 -56.70000076 -32.98947525
v -28.50000000 -56.54307175 -40.20000076
v -28.50000000 -56.70000076 -40.01822281
v -28.50000000 -56.43847275 -40.50000000
v -28.50000000 -56.40221405 -40.79999924
v -28.50000000 -57.00000000 -32.98632812
v -28.50000000 -57.00000000 -39.90000153
v -28.50000000 -57.29999924 -33.00000000
v -28.50000000 -57.29999924 -39.00000000
v -28.50000000 -57.11466980 -39.29999924
v -28.50000000 -57.02466583 -39.59999847
v -28.50000000 -57.42666626 -33.29999924
v -28.50000000 -57.59999847 -33.59999847
v -28.50000000 -57.59999847 -38.09999847
v -28.50000000 -57.43376160 -38.40000153
v -28.50000000 -57.34825134 -38.70000076
v -28.50000000 -57.74345398 -33.90000153
v -28.50000000 -57.90000153 -34.20000076
v -28.50000000 -57.90000153 -34.50000000
v -28.50000000 -57.90000153 -34.79999924
v -28.50000000 -57.90000153 -35.09999847
v -28.50000000 -57.90000153 -35.40000153
v -28.50000000 -57.90000153 -35.70000076
v -28.50000000 -57.90000153 -37.20000076
v -28.50000000 -57.74731445 -37.50000000
v -28.50000000 -57.65832138 -37.79999924
v -28.50000000 -57.90444183 -36.00000000
v -28.50000000 -57.91259766 -36.29999924
v -28.50000000 -57.91773605 -36.59999847
v -28.50000000 -57.91532135 -36.90000153
v -28.79999924 -50.40000153 -43.50000000
v -28.79999924 -50.39376068 -43.79999924
v -28.79999924 -50.38997650 -44.09999847
v -28.79999924 -50.38321686 -44.40000153
v -28.79999924 -50.36904907 -44.70000076
v -28.79999924 -50.34496689 -45.00000000
v -28.79999924 -50.31866837 -45.29999924
v -28.79999924 -50.30679703 -45.59999847
v -28.79999924 -50.30263138 -45.90000153
v -28.79999924 -50.30290604 -46.20000076
v -28.79999924 -50.30799484 -46.50000000
v -28.79999924 -50.32255173 -46.79999924
v -28.79999924 -50.35634995 -47.09999847
v -28.79999924 -50.38806152 -47.40000153
v -28.79999924 -50.40000153 -47.70000076
v -28.79999924 -50.40000153 -48.00000000
v -28.79999924 -50.40000153 -48.29999924
v -28.62420845 -50.40000153 -48.59999847
v -28.53590012 -50.40000153 -48.90000153
v -28.50093460 -50.40000153 -49.79999924
v -28.54231262 -50.40000153 -50.09999847
v -28.63275146 -50.40000153 -50.40000153
v -28.79999924 -50.40000153 -50.70000076
v -28.79999924 -50.40000153 -51.00000000
v -28.79999924 -50.40000153 -51.29999924
v -28.79999924 -50.40000153 -51.59999847
v -28.79999924 -50.40000153 -51.90000153
v -28.59336281 -50.40000153 -52.20000076
v -28.64111328 -50.70000076 -39.29999924
v -28.79999924 -50.70000076 -39.59999847
v -28.79999924 -50.70000076 -39.90000153
v -28.79999924 -50.70000076 -40.20000076
v -28.79999924 -50.70000076 -40.50000000
v -28.79999924 -50.70000076 -40.79999924
v -28.79999924 -50.70000076 -41.09999847
v -28.79999924 -50.70000076 -41.40000153
v -28.79999924 -50.70000076 -41.70000076
v -28.79999924 -50.70000076 -42.00000000
v -28.79999924 -50.68552399 -42.29999924
v -28.79999924 -50.63411713 -42.59999847
v -28.79999924 -50.56100464 -42.90000153
v -28.79999924 -50.48451996 -43.20000076
v -28.79999924 -50.46675491 -48.59999847
v -28.79999924 -50.50455475 -48.90000153
v -28.79999924 -50.52433014 -49.20000076
v -28.79999924 -50.53755188 -49.50000000
v -28.79999924 -50.53380585 -49.79999924
v -28.79999924 -50.50857925 -50.09999847
v -28.79999924 -50.46924973 -50.40000153
v -28.79999924 -50.50891113 -52.20000076
v -28.79999924 -50.59581757 -52.50000000
v -28.79999924 -50.66281891 -52.79999924
v -28.79999924 -50.69833374 -53.09999847
v -28.79999924 -50.70000076 -53.40000153
v -28.63767815 -50.70000076 -53.70000076
v -28.56256485 -50.70000076 -54.00000000
v -28.53406143 -50.70000076 -54.29999924
v -28.53134155 -50.70000076 -54.59999847
v -28.53447342 -50.70000076 -54.90000153
v -28.52842140 -50.70000076 -55.20000076
v -28.51134491 -51.00000000 -38.40000153
v -28.79999924 -51.00000000 -38.70000076
v -28.79999924 -50.87870789 -39.00000000
v -28.79999924 -50.78493881 -39.29999924
v -28.79999924 -50.86760330 -53.70000076
v -28.79999924 -50.96534729 -54.00000000
v -28.79999924 -51.00000000 -54.29999924
v -28.79999924 -51.00000000 -54.59999847
v -28.79999924 -51.00000000 -54.90000153
v -28.79999924 -51.00000000 -55.20000076
v -28.68523407 -51.00000000 -55.50000000
v -28.57670403 -51.00000000 -55.79999924
v -28.79999924 -51.29999924 -38.09999847
v -28.79999924 -51.13542938 -38.40000153
v -28.77510834 -51.29999924 -55.50000000
v -28.79999924 -51.29999924 -55.40913773
v -28.68671417 -51.29999924 -55.79999924
v -28.60612488 -51.29999924 -56.09999847
v -28.53275108 -51.29999924 -56.40000153
v -28.50618172 -51.29999924 -56.70000076
v -28.50856400 -51.29999924 -57.00000000
v -28.79286957 -51.59999847 -37.79999924
v -28.79999924 -51.59999847 -37.80579376
v -28.79999924 -51.59999847 -55.50000000
v -28.72685623 -51.59999847 -55.79999924
v -28.65573311 -51.59999847 -56.09999847
v -28.60943604 -51.59999847 -56.40000153
v -28.58921051 -51.59999847 -56.70000076
v -28.57687759 -51.59999847 -57.00000000
v -28.50868607 -51.59999847 -57.29999924
v -28.76084518 -51.90000153 -37.50000000
v -28.79999924 -51.60616302 -37.79999924
v -28.79999924 -51.90000153 -37.52545547
v -28.79999924 -51.90000153 -55.50000000
v -28.72106552 -51.90000153 -55.79999924
v -28.64833260 -51.90000153 -56.09999847
v -28.58470726 -51.90000153 -56.40000153
v -28.52153969 -51.90000153 -56.70000076
v -28.50247955 -51.90000153 -57.00000000
v -28.79999924 -52.16586304 -37.20000076
v -28.79999924 -52.20000076 -37.14872742
v -28.79999924 -51.92341614 -37.50000000
v -28.79999924 -52.20000076 -55.20000076
v -28.73434830 -52.20000076 -55.50000000
v -28.66368103 -52.20000076 -55.79999924
v -28.59370804 -52.20000076 -56.09999847
v -28.79999924 -52.50000000 -36.59999847
v -28.79999924 -52.34977341 -36.90000153
v -28.79999924 -52.50000000 -54.59999847
v -28.75223732 -52.50000000 -54.90000153
v -28.79999924 -52.32826614 -54.90000153
v -28.69653130 -52.50000000 -55.20000076
v -28.62780571 -52.50000000 -55.50000000
v -28.54454041 -52.50000000 -55.79999924
v -28.79999924 -52.68500137 -36.29999924
v -28.79999924 -52.79999924 -36.16077042
v -28.79999924 -52.79999924 -54.00000000
v -28.77000999 -52.79999924 -54.29999924
v -28.79999924 -52.68634033 -54.29999924
v -28.72294235 -52.79999924 -54.59999847
v -28.64776039 -52.79999924 -54.90000153
v -28.55541229 -52.79999924 -55.20000076
v -28.79999924 -52.95643616 -36.00000000
v -28.79999924 -53.09999847 -35.87583160
v -28.79999924 -53.09999847 -53.09999847
v -28.77649117 -53.09999847 -53.40000153
v -28.79999924 -53.03089523 -53.40000153
v -28.74838066 -53.09999847 -53.70000076
v -28.79999924 -52.93402863 -53.70000076
v -28.71260834 -53.09999847 -54.00000000
v -28.67663383 -53.09999847 -54.29999924
v -28.63369370 -53.09999847 -54.59999847
v -28.54764557 -53.09999847 -54.90000153
v -28.79999924 -53.40000153 -35.70000076
v -28.79999924 -53.40000153 -52.79999924
v -28.73195076 -53.40000153 -53.09999847
v -28.68919945 -53.40000153 -53.40000153
v -28.65152359 -53.40000153 -53.70000076
v -28.60646820 -53.40000153 -54.00000000
v -28.53504181 -53.40000153 -54.29999924
v -28.79999924 -53.70000076 -35.09999847
v -28.79999924 -53.55924606 -35.40000153
v -28.73025894 -53.70000076 -52.50000000
v -28.79999924 -53.56961823 -52.50000000
v -28.79999924 -53.70000076 -52.26011658
v -28.67411041 -53.70000076 -52.79999924
v -28.63780403 -53.70000076 -53.09999847
v -28.59688759 -53.70000076 -53.40000153
v -28.53201294 -53.70000076 -53.70000076
v -28.79999924 -53.92920685 -34.79999924
v -28.79999924 -54.00000000 -34.69535446
v -28.79999924 -54.00000000 -51.29999924
v -28.79999924 -54.00000000 -51.59999847
v -28.70582008 -54.00000000 -51.90000153
v -28.79999924 -53.86864090 -51.90000153
v -28.59144974 -54.00000000 -52.20000076
v -28.79999924 -53.72640991 -52.20000076
v -28.51445770 -54.00000000 -52.50000000
v -28.79999924 -54.29999924 -34.20000076
v -28.79999924 -54.12874222 -34.50000000
v -28.79357910 -54.29999924 -49.50000000
v -28.79999924 -54.29270554 -49.50000000
v -28.79999924 -54.29999924 -49.46234894
v -28.75736618 -54.29999924 -49.79999924
v -28.79999924 -54.24720764 -49.79999924
v -28.72697449 -54.29999924 -50.09999847
v -28.79999924 -54.20182419 -50.09999847
v -28.68388748 -54.29999924 -50.40000153
v -28.79999924 -54.14068222 -50.40000153
v -28.60418701 -54.29999924 -50.70000076
v -28.79999924 -54.06761551 -50.70000076
v -28.54089355 -54.29999924 -51.00000000
v -28.79999924 -54.01661682 -51.00000000
v -28.51543427 -54.29999924 -51.29999924
v -28.50909805 -54.29999924 -51.59999847
v -28.79999924 -54.59999847 -33.90000153
v -28.76297569 -54.59999847 -48.59999847
v -28.79999924 -54.55115509 -48.59999847
v -28.79999924 -54.59999847 -48.48258209
v -28.63858604 -54.59999847 -48.90000153
v -28.79999924 -54.43171310 -48.90000153
v -28.54261971 -54.59999847 -49.20000076
v -28.79999924 -54.34950256 -49.20000076
v -28.50393295 -54.59999847 -49.50000000
v -28.79999924 -54.90000153 -33.81202316
v -28.79999924 -54.90000153 -46.79999924
v -28.76814079 -54.90000153 -47.09999847
v -28.79999924 -54.85970688 -47.09999847
v -28.74663925 -54.90000153 -47.40000153
v -28.79999924 -54.82954788 -47.40000153
v -28.73180962 -54.90000153 -47.70000076
v -28.79999924 -54.80233765 -47.70000076
v -28.71455002 -54.90000153 -48.00000000
v -28.79999924 -54.76371002 -48.00000000
v -28.67776299 -54.90000153 -48.29999924
v -28.79999924 -54.68437576 -48.29999924
v -28.58140373 -54.90000153 -48.59999847
v -28.79999924 -55.20000076 -33.75661087
v -28.79999924 -55.20000076 -46.50000000
v -28.61224747 -55.20000076 -46.79999924
v -28.52130699 -55.20000076 -47.09999847
v -28.53493118 -55.50000000 -33.59999847
v -28.79999924 -55.50000000 -33.70265961
v -28.73413086 -55.50000000 -45.29999924
v -28.79999924 -55.41748047 -45.29999924
v -28.79999924 -55.50000000 -45.08130646
v -28.62703133 -55.50000000 -45.59999847
v -28.79999924 -55.30066299 -45.59999847
v -28.54586029 -55.50000000 -45.90000153
v -28.79999924 -55.23200607 -45.90000153
v -28.51186562 -55.50000000 -46.20000076
v -28.79999924 -55.20726776 -46.20000076
v -28.73639870 -55.79999924 -33.59999847
v -28.79999924 -55.79999924 -33.63118362
v -28.79999924 -55.79999924 -44.09999847
v -28.65210342 -55.79999924 -44.40000153
v -28.79999924 -55.68645859 -44.40000153
v -28.56488609 -55.79999924 -44.70000076
v -28.79999924 -55.59900284 -44.70000076
v -28.51659775 -55.79999924 -45.00000000
v -28.79999924 -55.52495575 -45.00000000
v -28.79999924 -55.90305328 -33.59999847
v -28.79999924 -56.09999847 -33.53058243
v -28.79999924 -56.09999847 -41.09999847
v -28.79999924 -56.09999847 -41.40000153
v -28.79999924 -56.09999847 -41.70000076
v -28.79999924 -56.09999847 -42.00000000
v -28.79999924 -56.09999847 -42.29999924
v -28.64959717 -56.09999847 -42.59999847
v -28.79999924 -55.97569656 -42.59999847
v -28.57635498 -56.09999847 -42.90000153
v -28.79999924 -55.90643311 -42.90000153
v -28.53274345 -56.09999847 -43.20000076
v -28.79999924 -55.86428452 -43.20000076
v -28.79999924 -55.83498383 -43.50000000
v -28.79999924 -55.81101608 -43.79999924
v -28.69624519 -56.40000153 -33.29999924
v -28.79999924 -56.40000153 -33.41157532
v -28.78573608 -56.40000153 -39.90000153
v -28.79999924 -56.38235474 -39.90000153
v -28.79999924 -56.40000153 -39.86819077
v -28.64239883 -56.40000153 -40.20000076
v -28.79999924 -56.23867416 -40.20000076
v -28.54229546 -56.40000153 -40.50000000
v -28.79999924 -56.15188217 -40.50000000
v -28.50240517 -56.40000153 -40.79999924
v -28.79999924 -56.10942459 -40.79999924
v -28.51266289 -56.70000076 -33.00000000
v -28.76638412 -56.70000076 -33.29999924
v -28.79999924 -56.70000076 -33.34672546
v -28.79999924 -56.70000076 -39.29999924
v -28.71407127 -56.70000076 -39.59999847
v -28.79999924 -56.56359863 -39.59999847
v -28.58775902 -56.70000076 -39.90000153
v -28.51526260 -57.00000000 -33.00000000
v -28.74246025 -57.00000000 -33.29999924
v -28.79999924 -57.00000000 -33.39131927
v -28.79999924 -57.00000000 -39.00000000
v -28.61351013 -57.00000000 -39.29999924
v -28.52319336 -57.00000000 -39.59999847
v -28.61996078 -57.29999924 -33.29999924
v -28.79999924 -57.29999924 -33.59999847
v -28.79999924 -57.29999924 -38.09999847
v -28.65287971 -57.29999924 -38.40000153
v -28.79999924 -57.13196564 -38.40000153
v -28.55662155 -57.29999924 -38.70000076
v -28.79999924 -57.04328156 -38.70000076
v -28.67943382 -57.59999847 -33.90000153
v -28.79999924 -57.48005676 -33.90000153
v -28.79999924 -57.59999847 -34.17300034
v -28.79999924 -57.59999847 -37.20000076
v -28.67961693 -57.59999847 -37.50000000
v -28.79999924 -57.48157501 -37.50000000
v -28.57306290 -57.59999847 -37.79999924
v -28.79999924 -57.38407135 -37.79999924
v -28.79999924 -57.60986328 -34.20000076
v -28.79999924 -57.64966965 -34.50000000
v -28.79999924 -57.65140152 -34.79999924
v -28.79999924 -57.64335251 -35.09999847
v -28.79999924 -57.63660812 -35.40000153
v -28.79999924 -57.63405228 -35.70000076
v -28.50537872 -57.90000153 -36.00000000
v -28.79999924 -57.63642502 -36.00000000
v -28.51493073 -57.90000153 -36.29999924
v -28.79999924 -57.64255142 -36.29999924
v -28.52094078 -57.90000153 -36.59999847
v -28.79999924 -57.64744568 -36.59999847
v -28.51838875 -57.90000153 -36.90000153
v -28.79999924 -57.63974762 -36.90000153
v -28.81610489 -50.40000153 -43.79999924
v -28.82717705 -50.40000153 -44.09999847
v -28.84464455 -50.40000153 -44.40000153
v -28.88182259 -50.40000153 -44.70000076
v -28.95678329 -50.40000153 -45.00000000
v -29.10000038 -50.40000153 -45.29999924
v -29.10000038 -50.40000153 -45.59999847
v -29.10000038 -50.40000153 -45.90000153
v -29.10000038 -50.40000153 -46.20000076
v -29.10000038 -50.40000153 -46.50000000
v -29.10000038 -50.40000153 -46.79999924
v -28.91693687 -50.40000153 -47.09999847
v -28.82574272 -50.40000153 -47.40000153
v -28.82368851 -50.70000076 -42.29999924
v -28.91853142 -50.70000076 -42.59999847
v -29.10000038 -50.70000076 -42.90000153
v -29.10000038 -50.63982773 -43.20000076
v -29.10000038 -50.57096481 -43.50000000
v -29.10000038 -50.52570343 -43.79999924
v -29.10000038 -50.51228714 -44.09999847
v -29.10000038 -50.50699234 -44.40000153
v -29.10000038 -50.49290466 -44.70000076
v -29.10000038 -50.45941162 -45.00000000
v -29.10000038 -50.48250580 -47.09999847
v -29.10000038 -50.55326462 -47.40000153
v -29.10000038 -50.60308456 -47.70000076
v -29.10000038 -50.62969208 -48.00000000
v -29.10000038 -50.64615631 -48.29999924
v -29.10000038 -50.66889954 -48.59999847
v -29.10000038 -50.68837738 -48.90000153
v -29.10000038 -50.70000076 -49.20000076
v -29.03269768 -50.70000076 -49.50000000
v -29.03251839 -50.70000076 -49.79999924
v -29.10000038 -50.70000076 -50.09999847
v -29.10000038 -50.70000076 -50.40000153
v -29.10000038 -50.69752121 -50.70000076
v -29.10000038 -50.68940353 -51.00000000
v -29.10000038 -50.68431854 -51.29999924
v -29.10000038 -50.68547821 -51.59999847
v -29.10000038 -50.70000076 -51.90000153
v -28.99995613 -50.70000076 -52.20000076
v -28.91165352 -50.70000076 -52.50000000
v -28.84230042 -50.70000076 -52.79999924
v -28.80186081 -50.70000076 -53.09999847
v -28.98849869 -51.00000000 -39.00000000
v -29.10000038 -51.00000000 -39.29999924
v -29.10000038 -50.96329880 -39.59999847
v -29.10000038 -50.95228577 -39.90000153
v -29.10000038 -50.95178604 -40.20000076
v -29.10000038 -50.95233917 -40.50000000
v -29.10000038 -50.95198822 -40.79999924
v -29.10000038 -50.95166397 -41.09999847
v -29.10000038 -50.95216751 -41.40000153
v -29.10000038 -50.95167542 -41.70000076
v -29.10000038 -50.94180679 -42.00000000
v -29.10000038 -50.90501022 -42.29999924
v -29.10000038 -50.82519150 -42.59999847
v -29.10000038 -50.76464844 -49.50000000
v -29.10000038 -50.76840210 -49.79999924
v -29.10000038 -50.84966660 -52.20000076
v -29.10000038 -50.95440292 -52.50000000
v -29.10000038 -51.00000000 -52.79999924
v -29.02690315 -51.00000000 -53.09999847
v -28.96813011 -51.00000000 -53.40000153
v -28.88761330 -51.00000000 -53.70000076
v -28.82325363 -51.00000000 -54.00000000
v -29.10000038 -51.29999924 -38.40000153
v -29.10000038 -51.19419098 -38.70000076
v -29.10000038 -51.07934570 -39.00000000
v -29.10000038 -51.18214035 -53.09999847
v -29.10000038 -51.29999924 -53.40000153
v -29.00827026 -51.29999924 -53.70000076
v -28.94442558 -51.29999924 -54.00000000
v -28.90945816 -51.29999924 -54.29999924
v -28.89358711 -51.29999924 -54.59999847
v -28.88011742 -51.29999924 -54.90000153
v -28.84797859 -51.29999924 -55.20000076
v -29.08687782 -51.59999847 -38.09999847
v -29.10000038 -51.59999847 -38.11621475
v -29.05218315 -51.59999847 -53.70000076
v -29.10000038 -51.59999847 -53.48750305
v -28.99453545 -51.59999847 -54.00000000
v -28.95334625 -51.59999847 -54.29999924
v -28.92461967 -51.59999847 -54.59999847
v -28.89801598 -51.59999847 -54.90000153
v -28.85872078 -51.59999847 -55.20000076
v -29.10000038 -51.90000153 -37.79999924
v -29.10000038 -51.61491776 -38.09999847
v -29.10000038 -51.90000153 -53.40000153
v -29.04365730 -51.90000153 -53.70000076
v -28.99287224 -51.90000153 -54.00000000
v -28.94980240 -51.90000153 -54.29999924
v -28.91341972 -51.90000153 -54.59999847
v -28.88000107 -51.90000153 -54.90000153
v -28.84410286 -51.90000153 -55.20000076
v -28.85825920 -52.20000076 -37.20000076
v -29.10000038 -52.14365387 -37.50000000
v -29.10000038 -52.20000076 -37.42049408
v -29.10000038 -52.20000076 -53.09999847
v -29.04762268 -52.20000076 -53.40000153
v -28.99874115 -52.20000076 -53.70000076
v -28.95374489 -52.20000076 -54.00000000
v -28.91111374 -52.20000076 -54.29999924
v -28.86983299 -52.20000076 -54.59999847
v -28.83288574 -52.20000076 -54.90000153
v -29.09746933 -52.50000000 -36.90000153
v -29.10000038 -52.34531784 -37.20000076
v -29.10000038 -52.50000000 -36.90278625
v -29.09504509 -52.50000000 -52.79999924
v -29.10000038 -52.47874451 -52.79999924
v -29.10000038 -52.50000000 -52.78057861
v -29.02681160 -52.50000000 -53.09999847
v -28.97230911 -52.50000000 -53.40000153
v -28.92775154 -52.50000000 -53.70000076
v -28.88752937 -52.50000000 -54.00000000
v -28.84792137 -52.50000000 -54.29999924
v -29.01512909 -52.79999924 -36.29999924
v -29.10000038 -52.65126419 -36.59999847
v -29.10000038 -52.79999924 -36.36640167
v -29.10000038 -52.50144577 -36.90000153
v -29.09209442 -52.79999924 -52.50000000
v -29.10000038 -52.77095795 -52.50000000
v -29.10000038 -52.79999924 -52.47237778
v -29.00435829 -52.79999924 -52.79999924
v -28.92777061 -52.79999924 -53.09999847
v -28.87813187 -52.79999924 -53.40000153
v -28.84010887 -52.79999924 -53.70000076
v -29.10000038 -53.09999847 -36.00000000
v -29.10000038 -52.85217285 -36.29999924
v -29.09398079 -53.09999847 -52.20000076
v -29.10000038 -53.07943726 -52.20000076
v -29.10000038 -53.09999847 -52.17879868
v -28.99691963 -53.09999847 -52.50000000
v -28.90049934 -53.09999847 -52.79999924
v -29.10000038 -53.40000153 -35.80142975
v -29.10000038 -53.40000153 -51.90000153
v -28.98161507 -53.40000153 -52.20000076
v -28.88212585 -53.40000153 -52.50000000
v -29.10000038 -53.70000076 -35.40000153
v -29.10000038 -53.50067139 -35.70000076
v -29.10000038 -53.70000076 -50.40000153
v -29.04214096 -53.70000076 -50.70000076
v -29.10000038 -53.59135056 -50.70000076
v -29.00522804 -53.70000076 -51.00000000
v -29.10000038 -53.51714325 -51.00000000
v -28.98371506 -53.70000076 -51.29999924
v -29.10000038 -53.46646118 -51.29999924
v -28.96127510 -53.70000076 -51.59999847
v -29.10000038 -53.43023682 -51.59999847
v -28.90686417 -53.70000076 -51.90000153
v -28.81726837 -53.70000076 -52.20000076
v -28.97297096 -54.00000000 -34.79999924
v -29.10000038 -53.85446548 -35.09999847
v -29.10000038 -54.00000000 -34.88079834
v -29.10000038 -54.00000000 -49.20000076
v -29.04209137 -54.00000000 -49.50000000
v -29.10000038 -53.91907883 -49.50000000
v -28.99283791 -54.00000000 -49.79999924
v -29.10000038 -53.85242462 -49.79999924
v -28.94650269 -54.00000000 -50.09999847
v -29.10000038 -53.77787781 -50.09999847
v -28.89807701 -54.00000000 -50.40000153
v -28.84907341 -54.00000000 -50.70000076
v -28.81269073 -54.00000000 -51.00000000
v -29.10000038 -54.28042984 -34.50000000
v -29.10000038 -54.29999924 -34.47314453
v -29.10000038 -54.06063843 -34.79999924
v -29.08148575 -54.29999924 -48.00000000
v -29.10000038 -54.26935577 -48.00000000
v -29.10000038 -54.29999924 -47.87192154
v -29.03156471 -54.29999924 -48.29999924
v -29.10000038 -54.19279861 -48.29999924
v -28.97149277 -54.29999924 -48.59999847
v -29.10000038 -54.11330414 -48.59999847
v -28.90611076 -54.29999924 -48.90000153
v -29.10000038 -54.04496002 -48.90000153
v -28.84473419 -54.29999924 -49.20000076
v -29.10000038 -54.52624893 -34.20000076
v -29.10000038 -54.59999847 -34.12660599
v -29.05636597 -54.59999847 -46.79999924
v -29.10000038 -54.54255295 -46.79999924
v -29.10000038 -54.59999847 -46.62438202
v -29.00282478 -54.59999847 -47.09999847
v -29.10000038 -54.46593094 -47.09999847
v -28.96636009 -54.59999847 -47.40000153
v -29.10000038 -54.40167999 -47.40000153
v -28.93545341 -54.59999847 -47.70000076
v -29.10000038 -54.33901978 -47.70000076
v -28.90006065 -54.59999847 -48.00000000
v -28.84808159 -54.59999847 -48.29999924
v -29.10000038 -54.90000153 -33.90000153
v -29.10000038 -54.90000153 -45.29999924
v -29.06930542 -54.90000153 -45.59999847
v -29.10000038 -54.85412598 -45.59999847
v -29.03740501 -54.90000153 -45.90000153
v -29.10000038 -54.80713654 -45.90000153
v -28.99751091 -54.90000153 -46.20000076
v -29.10000038 -54.74280548 -46.20000076
v -28.93234825 -54.90000153 -46.50000000
v -29.10000038 -54.64476776 -46.50000000
v -29.10000038 -55.20000076 -33.88829803
v -29.10000038 -55.20000076 -45.00000000
v -28.95469093 -55.20000076 -45.29999924
v -28.87361336 -55.20000076 -45.59999847
v -28.82529640 -55.20000076 -45.90000153
v -28.80578804 -55.20000076 -46.20000076
v -29.10000038 -55.50000000 -33.87641525
v -29.10000038 -55.50000000 -43.50000000
v -29.10000038 -55.50000000 -43.79999924
v -29.10000038 -55.50000000 -44.09999847
v -28.98484612 -55.50000000 -44.40000153
v -29.10000038 -55.33782578 -44.40000153
v -28.89728165 -55.50000000 -44.70000076
v -29.10000038 -55.24633026 -44.70000076
v -28.82349396 -55.50000000 -45.00000000
v -29.10000038 -55.79999924 -33.84690857
v -29.10000038 -55.79999924 -40.50000000
v -29.05103493 -55.79999924 -40.79999924
v -29.10000038 -55.72835159 -40.79999924
v -29.02988052 -55.79999924 -41.09999847
v -29.10000038 -55.69727707 -41.09999847
v -29.02597618 -55.79999924 -41.40000153
v -29.10000038 -55.69019699 -41.40000153
v -29.02827454 -55.79999924 -41.70000076
v -29.10000038 -55.69534683 -41.70000076
v -29.02838326 -55.79999924 -42.00000000
v -29.10000038 -55.69623184 -42.00000000
v -29.01194382 -55.79999924 -42.29999924
v -29.10000038 -55.67695618 -42.29999924
v -28.96343994 -55.79999924 -42.59999847
v -29.10000038 -55.63373566 -42.59999847
v -28.90773201 -55.79999924 -42.90000153
v -29.10000038 -55.58414841 -42.90000153
v -28.86535263 -55.79999924 -43.20000076
v -29.10000038 -55.53215408 -43.20000076
v -28.83646584 -55.79999924 -43.50000000
v -28.81304359 -55.79999924 -43.79999924
v -28.87756729 -56.09999847 -33.59999847
v -29.10000038 -56.09999847 -33.80599213
v -29.00325394 -56.09999847 -39.90000153
v -29.10000038 -55.96403885 -39.90000153
v -29.10000038 -56.09999847 -39.61503983
v -28.91325378 -56.09999847 -40.20000076
v -29.10000038 -55.85690689 -40.20000076
v -28.84679985 -56.09999847 -40.50000000
v -28.80856705 -56.09999847 -40.79999924
v -28.95377922 -56.40000153 -33.59999847
v -29.10000038 -56.40000153 -33.77746201
v -29.10000038 -56.40000153 -39.00000000
v -29.00500107 -56.40000153 -39.29999924
v -29.10000038 -56.25627518 -39.29999924
v -28.90313911 -56.40000153 -39.59999847
v -29.10000038 -56.10731125 -39.59999847
v -28.97128105 -56.70000076 -33.59999847
v -29.10000038 -56.70000076 -33.79883957
v -29.10000038 -56.70000076 -38.09999847
v -29.05766678 -56.70000076 -38.40000153
v -29.10000038 -56.62639999 -38.40000153
v -29.00512314 -56.70000076 -38.70000076
v -29.10000038 -56.53126526 -38.70000076
v -28.93007851 -56.70000076 -39.00000000
v -28.92509270 -57.00000000 -33.59999847
v -29.10000038 -57.00000000 -33.90000153
v -29.10000038 -57.00000000 -37.79999924
v -28.97498322 -57.00000000 -38.09999847
v -28.88890266 -57.00000000 -38.40000153
v -28.83201599 -57.00000000 -38.70000076
v -28.94695663 -57.29999924 -33.90000153
v -29.10000038 -57.29999924 -34.20000076
v -29.10000038 -57.29999924 -34.79999924
v -29.10000038 -57.29999924 -35.09999847
v -29.10000038 -57.29999924 -35.40000153
v -29.10000038 -57.29999924 -35.70000076
v -29.10000038 -57.29999924 -36.00000000
v -29.10000038 -57.29999924 -36.29999924
v -29.10000038 -57.29999924 -36.59999847
v -29.10000038 -57.29999924 -36.90000153
v -29.02165794 -57.29999924 -37.20000076
v -29.10000038 -57.17077637 -37.20000076
v -28.94615746 -57.29999924 -37.50000000
v -29.10000038 -57.07022095 -37.50000000
v -28.87243462 -57.29999924 -37.79999924
v -28.80991936 -57.59999847 -34.20000076
v -28.84976387 -57.59999847 -34.50000000
v -29.10000038 -57.30082321 -34.50000000
v -28.85140419 -57.59999847 -34.79999924
v -28.84344292 -57.59999847 -35.09999847
v -28.83675957 -57.59999847 -35.40000153
v -28.83413506 -57.59999847 -35.70000076
v -28.83618164 -57.59999847 -36.00000000
v -28.84169579 -57.59999847 -36.29999924
v -28.84594154 -57.59999847 -36.59999847
v -28.83769608 -57.59999847 -36.90000153
v -29.17927361 -50.70000076 -43.20000076
v -29.27579880 -50.70000076 -43.50000000
v -29.39999962 -50.70000076 -43.79999924
v -29.39999962 -50.70000076 -44.09999847
v -29.39999962 -50.70000076 -44.40000153
v -29.39999962 -50.68593979 -44.70000076
v -29.39999962 -50.66410446 -45.00000000
v -29.39999962 -50.64210510 -45.29999924
v -29.39999962 -50.63222122 -45.59999847
v -29.39999962 -50.62894058 -45.90000153
v -29.39999962 -50.62711716 -46.20000076
v -29.39999962 -50.62909698 -46.50000000
v -29.39999962 -50.64780807 -46.79999924
v -29.39999962 -50.70000076 -47.09999847
v -29.27504158 -50.70000076 -47.40000153
v -29.20207024 -50.70000076 -47.70000076
v -29.16970062 -50.70000076 -48.00000000
v -29.15431213 -50.70000076 -48.29999924
v -29.13459206 -50.70000076 -48.59999847
v -29.11367989 -50.70000076 -48.90000153
v -29.10198021 -50.70000076 -50.70000076
v -29.10830307 -50.70000076 -51.00000000
v -29.11222649 -50.70000076 -51.29999924
v -29.11105347 -50.70000076 -51.59999847
v -29.13736153 -51.00000000 -39.59999847
v -29.14718628 -51.00000000 -39.90000153
v -29.14773369 -51.00000000 -40.20000076
v -29.14735794 -51.00000000 -40.50000000
v -29.14779663 -51.00000000 -40.79999924
v -29.14813423 -51.00000000 -41.09999847
v -29.14760399 -51.00000000 -41.40000153
v -29.14808273 -51.00000000 -41.70000076
v -29.15815163 -51.00000000 -42.00000000
v -29.19643784 -51.00000000 -42.29999924
v -29.27897835 -51.00000000 -42.59999847
v -29.39999962 -51.00000000 -42.90000153
v -29.39999962 -50.90781784 -43.20000076
v -29.39999962 -50.82045746 -43.50000000
v -29.39999962 -50.84806061 -47.40000153
v -29.39999962 -50.95265961 -47.70000076
v -29.39999962 -51.00000000 -48.00000000
v -29.39999962 -51.00000000 -48.29999924
v -29.39999962 -51.00000000 -48.59999847
v -29.39999962 -51.00000000 -48.90000153
v -29.32171822 -51.00000000 -49.20000076
v -29.27578926 -51.00000000 -49.50000000
v -29.26275253 -51.00000000 -49.79999924
v -29.27133179 -51.00000000 -50.09999847
v -29.27674484 -51.00000000 -50.40000153
v -29.28030968 -51.00000000 -50.70000076
v -29.28531075 -51.00000000 -51.00000000
v -29.28742981 -51.00000000 -51.29999924
v -29.27586174 -51.00000000 -51.59999847
v -29.23620224 -51.00000000 -51.90000153
v -29.17687607 -51.00000000 -52.20000076
v -29.12561417 -51.00000000 -52.50000000
v -29.21371460 -51.29999924 -38.70000076
v -29.39999962 -51.29999924 -39.00000000
v -29.39999962 -51.29999924 -39.29999924
v -29.39999962 -51.29999924 -39.59999847
v -29.39999962 -51.29999924 -39.90000153
v -29.39999962 -51.29999924 -40.20000076
v -29.39999962 -51.29999924 -40.50000000
v -29.39999962 -51.29999924 -40.79999924
v -29.39999962 -51.29999924 -41.09999847
v -29.39999962 -51.29999924 -41.40000153
v -29.39999962 -51.29999924 -41.70000076
v -29.39999962 -51.29999924 -42.00000000
v -29.39999962 -51.26306534 -42.29999924
v -29.39999962 -51.16011810 -42.59999847
v -29.39999962 -51.17210007 -49.20000076
v -29.39999962 -51.26069641 -49.50000000
v -29.39999962 -51.29789352 -49.79999924
v -29.39999962 -51.29999924 -50.09999847
v -29.39999962 -51.29999924 -50.40000153
v -29.39999962 -51.29999924 -50.70000076
v -29.39999962 -51.29438400 -51.00000000
v -29.39999962 -51.28861618 -51.29999924
v -29.39999962 -51.29999924 -51.59999847
v -29.33251953 -51.29999924 -51.90000153
v -29.26989365 -51.29999924 -52.20000076
v -29.21860504 -51.29999924 -52.50000000
v -29.17850113 -51.29999924 -52.79999924
v -29.13768387 -51.29999924 -53.09999847
v -29.28095818 -51.59999847 -38.40000153
v -29.39999962 -51.59999847 -38.70000076
v -29.37511635 -51.59999847 -51.90000153
v -29.39999962 -51.59999847 -51.76565552
v -29.31392670 -51.59999847 -52.20000076
v -29.25818825 -51.59999847 -52.50000000
v -29.21099472 -51.59999847 -52.79999924
v -29.16899109 -51.59999847 -53.09999847
v -29.11861229 -51.59999847 -53.40000153
v -29.32512093 -51.90000153 -38.09999847
v -29.39999962 -51.77248764 -38.40000153
v -29.39999962 -51.90000153 -38.22826767
v -29.37879944 -51.90000153 -51.90000153
v -29.39999962 -51.90000153 -51.77819061
v -29.31895638 -51.90000153 -52.20000076
v -29.25902557 -51.90000153 -52.50000000
v -29.20367050 -51.90000153 -52.79999924
v -29.15232086 -51.90000153 -53.09999847
v -29.16482353 -52.20000076 -37.50000000
v -29.39999962 -52.20000076 -37.79999924
v -29.39999962 -51.98931885 -38.09999847
v -29.35464096 -52.20000076 -51.90000153
v -29.39999962 -52.20000076 -51.64544678
v -29.29310989 -52.20000076 -52.20000076
v -29.22801971 -52.20000076 -52.50000000
v -29.16319466 -52.20000076 -52.79999924
v -29.28883171 -52.50000000 -37.20000076
v -29.39999962 -52.42023849 -37.50000000
v -29.39999962 -52.50000000 -37.37084198
v -29.36324501 -52.50000000 -51.59999847
v -29.39999962 -52.25449371 -51.59999847
v -29.39999962 -52.50000000 -51.35006714
v -29.30800819 -52.50000000 -51.90000153
v -29.24310875 -52.50000000 -52.20000076
v -29.17055702 -52.50000000 -52.50000000
v -29.39999962 -52.79999924 -36.59999847
v -29.39999962 -52.74091721 -36.90000153
v -29.39999962 -52.60992432 -37.20000076
v -29.39999962 -52.79999924 -50.70000076
v -29.37217903 -52.79999924 -51.00000000
v -29.39999962 -52.68056488 -51.00000000
v -29.33970070 -52.79999924 -51.29999924
v -29.39999962 -52.53321075 -51.29999924
v -29.29853821 -52.79999924 -51.59999847
v -29.24456787 -52.79999924 -51.90000153
v -29.17558289 -52.79999924 -52.20000076
v -29.39999962 -53.09999847 -36.29999924
v -29.39999962 -53.09999847 -50.09999847
v -29.35317993 -53.09999847 -50.40000153
v -29.39999962 -52.93333435 -50.40000153
v -29.31148148 -53.09999847 -50.70000076
v -29.27767563 -53.09999847 -51.00000000
v -29.24781990 -53.09999847 -51.29999924
v -29.21646690 -53.09999847 -51.59999847
v -29.17267418 -53.09999847 -51.90000153
v -29.33415794 -53.40000153 -36.00000000
v -29.39999962 -53.40000153 -36.07585144
v -29.39999962 -53.40000153 -49.50000000
v -29.39999962 -53.40000153 -49.79999924
v -29.30762863 -53.40000153 -50.09999847
v -29.24268913 -53.40000153 -50.40000153
v -29.19323158 -53.40000153 -50.70000076
v -29.15662384 -53.40000153 -51.00000000
v -29.13094330 -53.40000153 -51.29999924
v -29.11403084 -53.40000153 -51.59999847
v -29.35937881 -53.70000076 -35.70000076
v -29.39999962 -53.47587585 -36.00000000
v -29.39999962 -53.70000076 -35.74804688
v -29.39999962 -53.70000076 -48.29999924
v -29.33936691 -53.70000076 -48.59999847
v -29.39999962 -53.55644226 -48.59999847
v -29.29756927 -53.70000076 -48.90000153
v -29.39999962 -53.46229935 -48.90000153
v -29.26965332 -53.70000076 -49.20000076
v -29.39999962 -53.40953827 -49.20000076
v -29.24270248 -53.70000076 -49.50000000
v -29.20608521 -53.70000076 -49.79999924
v -29.15073395 -53.70000076 -50.09999847
v -29.39999962 -54.00000000 -35.09999847
v -29.39999962 -53.90506744 -35.40000153
v -29.39999962 -53.73601913 -35.70000076
v -29.39999962 -54.00000000 -47.09999847
v -29.34379768 -54.00000000 -47.40000153
v -29.39999962 -53.89391708 -47.40000153
v -29.29738808 -54.00000000 -47.70000076
v -29.39999962 -53.80038452 -47.70000076
v -29.25810623 -54.00000000 -48.00000000
v -29.39999962 -53.73429108 -48.00000000
v -29.21876144 -54.00000000 -48.29999924
v -29.17178726 -54.00000000 -48.59999847
v -29.13011169 -54.00000000 -48.90000153
v -29.12518120 -54.29999924 -34.50000000
v -29.39999962 -54.29999924 -34.79999924
v -29.39999962 -54.29999924 -46.20000076
v -29.33539581 -54.29999924 -46.50000000
v -29.39999962 -54.20097351 -46.50000000
v -29.27083206 -54.29999924 -46.79999924
v -29.39999962 -54.10155869 -46.79999924
v -29.21364021 -54.29999924 -47.09999847
v -29.16611481 -54.29999924 -47.40000153
v -29.12426758 -54.29999924 -47.70000076
v -29.17431831 -54.59999847 -34.20000076
v -29.39999962 -54.58753967 -34.50000000
v -29.39999962 -54.59999847 -34.48653793
v -29.39999962 -54.59999847 -44.70000076
v -29.35824776 -54.59999847 -45.00000000
v -29.39999962 -54.52230453 -45.00000000
v -29.30747414 -54.59999847 -45.29999924
v -29.39999962 -54.44537735 -45.29999924
v -29.26912880 -54.59999847 -45.59999847
v -29.39999962 -54.38826752 -45.59999847
v -29.23592758 -54.59999847 -45.90000153
v -29.39999962 -54.34323120 -45.90000153
v -29.19280815 -54.59999847 -46.20000076
v -29.12937927 -54.59999847 -46.50000000
v -29.39999962 -54.90000153 -34.20000076
v -29.39999962 -54.90000153 -41.40000153
v -29.39999962 -54.90000153 -43.20000076
v -29.39618683 -54.90000153 -43.50000000
v -29.39999962 -54.89141083 -43.50000000
v -29.38163948 -54.90000153 -43.79999924
v -29.39999962 -54.85568619 -43.79999924
v -29.35437584 -54.90000153 -44.09999847
v -29.39999962 -54.79016495 -44.09999847
v -29.31728745 -54.90000153 -44.40000153
v -29.39999962 -54.70660782 -44.40000153
v -29.27162743 -54.90000153 -44.70000076
v -29.21087074 -54.90000153 -45.00000000
v -29.11640549 -55.20000076 -33.90000153
v -29.39999962 -55.20000076 -34.16843414
v -29.39999962 -55.20000076 -40.79999924
v -29.39999962 -55.20000076 -41.09999847
v -29.35690498 -55.20000076 -41.40000153
v -29.39999962 -55.20000076 -41.70000076
v -29.39999962 -55.20000076 -42.00000000
v -29.39999962 -55.20000076 -42.29999924
v -29.39999962 -55.20000076 -42.59999847
v -29.39999962 -55.20000076 -42.90000153
v -29.30434608 -55.20000076 -43.20000076
v -29.26616669 -55.20000076 -43.50000000
v -29.24939728 -55.20000076 -43.79999924
v -29.22615814 -55.20000076 -44.09999847
v -29.17787743 -55.20000076 -44.40000153
v -29.12997246 -55.20000076 -44.70000076
v -29.12947655 -55.50000000 -33.90000153
v -29.39999962 -55.50000000 -34.17219543
v -29.37725258 -55.50000000 -39.90000153
v -29.39999962 -55.45470047 -39.90000153
v -29.39999962 -55.50000000 -39.82041168
v -29.31241608 -55.50000000 -40.20000076
v -29.39999962 -55.32606506 -40.20000076
v -29.26954842 -55.50000000 -40.50000000
v -29.39999962 -55.24055481 -40.50000000
v -29.24127769 -55.50000000 -40.79999924
v -29.22686958 -55.50000000 -41.09999847
v -29.21986008 -55.50000000 -41.40000153
v -29.22508812 -55.50000000 -41.70000076
v -29.22561836 -55.50000000 -42.00000000
v -29.21809769 -55.50000000 -42.29999924
v -29.20024872 -55.50000000 -42.59999847
v -29.16863823 -55.50000000 -42.90000153
v -29.12493324 -55.50000000 -43.20000076
v -29.15600395 -55.79999924 -33.90000153
v -29.39999962 -55.79999924 -34.18348312
v -29.39999962 -55.79999924 -39.29999924
v -29.29557800 -55.79999924 -39.59999847
v -29.39999962 -55.61632538 -39.59999847
v -29.20528030 -55.79999924 -39.90000153
v -29.13817406 -55.79999924 -40.20000076
v -29.18306541 -56.09999847 -33.90000153
v -29.39999962 -56.09999847 -34.19160843
v -29.39999962 -56.09999847 -38.40000153
v -29.34578514 -56.09999847 -38.70000076
v -29.39999962 -56.01000595 -38.70000076
v -29.28058624 -56.09999847 -39.00000000
v -29.39999962 -55.90715790 -39.00000000
v -29.20021629 -56.09999847 -39.29999924
v -29.10474396 -56.09999847 -39.59999847
v -29.19092560 -56.40000153 -33.90000153
v -29.39999962 -56.40000153 -34.20000076
v -29.39999962 -56.40000153 -37.50000000
v -29.35043526 -56.40000153 -37.79999924
v -29.39999962 -56.31096268 -37.79999924
v -29.28694916 -56.40000153 -38.09999847
v -29.39999962 -56.20796967 -38.09999847
v -29.22938347 -56.40000153 -38.40000153
v -29.17223358 -56.40000153 -38.70000076
v -29.16040039 -56.70000076 -33.90000153
v -29.29739761 -56.70000076 -34.20000076
v -29.37162399 -56.70000076 -34.50000000
v -29.39999962 -56.61901855 -34.50000000
v -29.39999962 -56.70000076 -34.79999924
v -29.39999962 -56.70000076 -35.09999847
v -29.39999962 -56.70000076 -35.40000153
v -29.39999962 -56.70000076 -35.70000076
v -29.39999962 -56.70000076 -36.00000000
v -29.39999962 -56.70000076 -36.29999924
v -29.39260101 -56.70000076 -36.59999847
v -29.39999962 -56.68425369 -36.59999847
v -29.36794662 -56.70000076 -36.90000153
v -29.39999962 -56.63090134 -36.90000153
v -29.32675743 -56.70000076 -37.20000076
v -29.39999962 -56.53849030 -37.20000076
v -29.27346230 -56.70000076 -37.50000000
v -29.20747948 -56.70000076 -37.79999924
v -29.20219612 -57.00000000 -34.20000076
v -29.24869919 -57.00000000 -34.50000000
v -29.26336288 -57.00000000 -34.79999924
v -29.26297951 -57.00000000 -35.09999847
v -29.26055336 -57.00000000 -35.40000153
v -29.25960350 -57.00000000 -35.70000076
v -29.25977516 -57.00000000 -36.00000000
v -29.25921440 -57.00000000 -36.29999924
v -29.25309944 -57.00000000 -36.59999847
v -29.23306274 -57.00000000 -36.90000153
v -29.18901825 -57.00000000 -37.20000076
v -29.13987923 -57.00000000 -37.50000000
v -29.10056877 -57.29999924 -34.50000000
v -29.41633415 -50.70000076 -44.70000076
v -29.43976212 -50.70000076 -45.00000000
v -29.45885277 -50.70000076 -45.29999924
v -29.46702194 -50.70000076 -45.59999847
v -29.46991920 -50.70000076 -45.90000153
v -29.47177124 -50.70000076 -46.20000076
v -29.46998596 -50.70000076 -46.50000000
v -29.45125961 -50.70000076 -46.79999924
v -29.47976494 -51.00000000 -43.20000076
v -29.53750420 -51.00000000 -43.50000000
v -29.57726288 -51.00000000 -43.79999924
v -29.60067368 -51.00000000 -44.09999847
v -29.63403893 -51.00000000 -44.40000153
v -29.70000076 -51.00000000 -44.70000076
v -29.70000076 -51.00000000 -45.00000000
v -29.70000076 -51.00000000 -45.29999924
v -29.70000076 -51.00000000 -45.59999847
v -29.70000076 -51.00000000 -45.90000153
v -29.70000076 -51.00000000 -46.20000076
v -29.70000076 -51.00000000 -46.50000000
v -29.70000076 -51.00000000 -46.79999924
v -29.59314728 -51.00000000 -47.09999847
v -29.49854660 -51.00000000 -47.40000153
v -29.43053627 -51.00000000 -47.70000076
v -29.42374611 -51.29999924 -42.29999924
v -29.48597145 -51.29999924 -42.59999847
v -29.57974625 -51.29999924 -42.90000153
v -29.70000076 -51.29999924 -43.20000076
v -29.70000076 -51.29508972 -43.50000000
v -29.70000076 -51.27439880 -43.79999924
v -29.70000076 -51.22599411 -44.09999847
v -29.70000076 -51.14747620 -44.40000153
v -29.70000076 -51.25807190 -47.09999847
v -29.62838745 -51.29999924 -47.40000153
v -29.70000076 -51.29999924 -47.15380478
v -29.57194901 -51.29999924 -47.70000076
v -29.53863716 -51.29999924 -48.00000000
v -29.52046013 -51.29999924 -48.29999924
v -29.50574112 -51.29999924 -48.59999847
v -29.48446846 -51.29999924 -48.90000153
v -29.44765091 -51.29999924 -49.20000076
v -29.41613960 -51.29999924 -49.50000000
v -29.40085411 -51.29999924 -49.79999924
v -29.40200615 -51.29999924 -51.00000000
v -29.40397835 -51.29999924 -51.29999924
v -29.53204918 -51.59999847 -39.00000000
v -29.58221436 -51.59999847 -39.29999924
v -29.59470940 -51.59999847 -39.59999847
v -29.59068108 -51.59999847 -39.90000153
v -29.58028030 -51.59999847 -40.20000076
v -29.56814384 -51.59999847 -40.50000000
v -29.55622292 -51.59999847 -40.79999924
v -29.54676819 -51.59999847 -41.09999847
v -29.54067612 -51.59999847 -41.40000153
v -29.53895950 -51.59999847 -41.70000076
v -29.54534149 -51.59999847 -42.00000000
v -29.56883240 -51.59999847 -42.29999924
v -29.61611366 -51.59999847 -42.59999847
v -29.68626404 -51.59999847 -42.90000153
v -29.70000076 -51.59999847 -42.95808411
v -29.70000076 -51.59999847 -47.40000153
v -29.66696930 -51.59999847 -47.70000076
v -29.63510513 -51.59999847 -48.00000000
v -29.60326195 -51.59999847 -48.29999924
v -29.57395363 -51.59999847 -48.59999847
v -29.54524994 -51.59999847 -48.90000153
v -29.51834679 -51.59999847 -49.20000076
v -29.49651718 -51.59999847 -49.50000000
v -29.48272705 -51.59999847 -49.79999924
v -29.47632027 -51.59999847 -50.09999847
v -29.47344971 -51.59999847 -50.40000153
v -29.47125244 -51.59999847 -50.70000076
v -29.46745300 -51.59999847 -51.00000000
v -29.45716095 -51.59999847 -51.29999924
v -29.42905235 -51.59999847 -51.59999847
v -29.48792648 -51.90000153 -38.40000153
v -29.60795212 -51.90000153 -38.70000076
v -29.69707108 -51.90000153 -39.00000000
v -29.70000076 -51.81725311 -39.29999924
v -29.70000076 -51.90000153 -39.01756287
v -29.70000076 -51.79374695 -39.59999847
v -29.70000076 -51.81100464 -39.90000153
v -29.70000076 -51.85086441 -40.20000076
v -29.70000076 -51.90000153 -40.50000000
v -29.67609215 -51.90000153 -40.79999924
v -29.65900421 -51.90000153 -41.09999847
v -29.64901733 -51.90000153 -41.40000153
v -29.64659691 -51.90000153 -41.70000076
v -29.65341759 -51.90000153 -42.00000000
v -29.67116356 -51.90000153 -42.29999924
v -29.70000076 -51.90000153 -42.59999847
v -29.70000076 -51.66155624 -42.90000153
v -29.70000076 -51.73716354 -47.70000076
v -29.70000076 -51.90000153 -48.00000000
v -29.65657616 -51.90000153 -48.29999924
v -29.61883354 -51.90000153 -48.59999847
v -29.58665085 -51.90000153 -48.90000153
v -29.56103516 -51.90000153 -49.20000076
v -29.54187965 -51.90000153 -49.50000000
v -29.52843857 -51.90000153 -49.79999924
v -29.51930237 -51.90000153 -50.09999847
v -29.51231575 -51.90000153 -50.40000153
v -29.50434685 -51.90000153 -50.70000076
v -29.49139404 -51.90000153 -51.00000000
v -29.46859360 -51.90000153 -51.29999924
v -29.43061447 -51.90000153 -51.59999847
v -29.56462860 -52.20000076 -38.09999847
v -29.70000076 -52.20000076 -38.40000153
v -29.70000076 -52.04281616 -38.70000076
v -29.70000076 -51.90513611 -39.00000000
v -29.70000076 -51.97834778 -40.79999924
v -29.70000076 -52.04237747 -41.09999847
v -29.70000076 -52.08221436 -41.40000153
v -29.70000076 -52.09281921 -41.70000076
v -29.70000076 -52.07135391 -42.00000000
v -29.70000076 -52.01212692 -42.29999924
v -29.68098831 -52.20000076 -48.29999924
v -29.70000076 -52.20000076 -48.17102432
v -29.64083672 -52.20000076 -48.59999847
v -29.60687447 -52.20000076 -48.90000153
v -29.58031654 -52.20000076 -49.20000076
v -29.56018829 -52.20000076 -49.50000000
v -29.54443932 -52.20000076 -49.79999924
v -29.53108978 -52.20000076 -50.09999847
v -29.51789665 -52.20000076 -50.40000153
v -29.50248146 -52.20000076 -50.70000076
v -29.48137856 -52.20000076 -51.00000000
v -29.45084000 -52.20000076 -51.29999924
v -29.40817261 -52.20000076 -51.59999847
v -29.47081184 -52.50000000 -37.50000000
v -29.64500999 -52.50000000 -37.79999924
v -29.70000076 -52.37436295 -38.09999847
v -29.70000076 -52.50000000 -37.90472412
v -29.67897224 -52.50000000 -48.29999924
v -29.70000076 -52.50000000 -48.16397095
v -29.63751984 -52.50000000 -48.59999847
v -29.60344505 -52.50000000 -48.90000153
v -29.57676697 -52.50000000 -49.20000076
v -29.55490875 -52.50000000 -49.50000000
v -29.53449440 -52.50000000 -49.79999924
v -29.51402092 -52.50000000 -50.09999847
v -29.49181747 -52.50000000 -50.40000153
v -29.46763229 -52.50000000 -50.70000076
v -29.44119072 -52.50000000 -51.00000000
v -29.40743256 -52.50000000 -51.29999924
v -29.44970703 -52.79999924 -36.90000153
v -29.54927444 -52.79999924 -37.20000076
v -29.70000076 -52.79999924 -37.50000000
v -29.70000076 -52.57276154 -37.79999924
v -29.70000076 -52.79999924 -48.00000000
v -29.64865494 -52.79999924 -48.29999924
v -29.60647583 -52.79999924 -48.59999847
v -29.57382965 -52.79999924 -48.90000153
v -29.54921913 -52.79999924 -49.20000076
v -29.52793694 -52.79999924 -49.50000000
v -29.50246429 -52.79999924 -49.79999924
v -29.47045708 -52.79999924 -50.09999847
v -29.43613052 -52.79999924 -50.40000153
v -29.52056885 -53.09999847 -36.59999847
v -29.60393333 -53.09999847 -36.90000153
v -29.70000076 -53.06415558 -37.20000076
v -29.70000076 -53.09999847 -37.15285873
v -29.70000076 -53.09999847 -47.40000153
v -29.66504669 -53.09999847 -47.70000076
v -29.70000076 -52.95706940 -47.70000076
v -29.62826538 -53.09999847 -48.00000000
v -29.58631134 -53.09999847 -48.29999924
v -29.54705620 -53.09999847 -48.59999847
v -29.51549530 -53.09999847 -48.90000153
v -29.49417496 -53.09999847 -49.20000076
v -29.47929382 -53.09999847 -49.50000000
v -29.45529175 -53.09999847 -49.79999924
v -29.53449059 -53.40000153 -36.29999924
v -29.63983536 -53.40000153 -36.59999847
v -29.70000076 -53.40000153 -36.90000153
v -29.70000076 -53.40000153 -47.09999847
v -29.62221146 -53.40000153 -47.40000153
v -29.57157135 -53.40000153 -47.70000076
v -29.53440857 -53.40000153 -48.00000000
v -29.50048637 -53.40000153 -48.29999924
v -29.46004295 -53.40000153 -48.59999847
v -29.42508698 -53.40000153 -48.90000153
v -29.40397072 -53.40000153 -49.20000076
v -29.55151176 -53.70000076 -36.00000000
v -29.70000076 -53.70000076 -36.29999924
v -29.70000076 -53.52172852 -36.59999847
v -29.70000076 -53.70000076 -46.50000000
v -29.62773895 -53.70000076 -46.79999924
v -29.70000076 -53.52912140 -46.79999924
v -29.56142044 -53.70000076 -47.09999847
v -29.49920845 -53.70000076 -47.40000153
v -29.44960022 -53.70000076 -47.70000076
v -29.41705513 -53.70000076 -48.00000000
v -29.48711967 -54.00000000 -35.40000153
v -29.60851669 -54.00000000 -35.70000076
v -29.70000076 -53.92572021 -36.00000000
v -29.70000076 -54.00000000 -35.89659882
v -29.70000076 -54.00000000 -43.50000000
v -29.69096184 -54.00000000 -43.79999924
v -29.70000076 -53.96323395 -43.79999924
v -29.69042587 -54.00000000 -44.09999847
v -29.70000076 -53.96488571 -44.09999847
v -29.70000076 -54.00000000 -44.40000153
v -29.70000076 -54.00000000 -44.70000076
v -29.65879440 -54.00000000 -45.00000000
v -29.70000076 -53.89359283 -45.00000000
v -29.62800789 -54.00000000 -45.29999924
v -29.70000076 -53.83035660 -45.29999924
v -29.60521126 -54.00000000 -45.59999847
v -29.70000076 -53.78627777 -45.59999847
v -29.58566856 -54.00000000 -45.90000153
v -29.70000076 -53.75052643 -45.90000153
v -29.56266975 -54.00000000 -46.20000076
v -29.70000076 -53.72230148 -46.20000076
v -29.52317619 -54.00000000 -46.50000000
v -29.46307945 -54.00000000 -46.79999924
v -29.55989838 -54.29999924 -35.09999847
v -29.67224121 -54.29999924 -35.40000153
v -29.70000076 -54.15212631 -35.70000076
v -29.70000076 -54.29999924 -35.47699738
v -29.69301033 -54.29999924 -41.09999847
v -29.70000076 -54.27428055 -41.09999847
v -29.70000076 -54.29999924 -40.95489120
v -29.70000076 -54.29999924 -41.40000153
v -29.70000076 -54.29999924 -41.70000076
v -29.70000076 -54.29999924 -43.20000076
v -29.63905525 -54.29999924 -43.50000000
v -29.60618210 -54.29999924 -43.79999924
v -29.58888054 -54.29999924 -44.09999847
v -29.57425117 -54.29999924 -44.40000153
v -29.55046844 -54.29999924 -44.70000076
v -29.51573372 -54.29999924 -45.00000000
v -29.48103714 -54.29999924 -45.29999924
v -29.45132446 -54.29999924 -45.59999847
v -29.42610931 -54.29999924 -45.90000153
v -29.40870476 -54.59999847 -34.50000000
v -29.57232475 -54.59999847 -34.79999924
v -29.70000076 -54.59999847 -35.09999847
v -29.70000076 -54.36567688 -35.40000153
v -29.69521523 -54.59999847 -40.20000076
v -29.70000076 -54.58453369 -40.20000076
v -29.70000076 -54.59999847 -40.17459869
v -29.65029144 -54.59999847 -40.50000000
v -29.70000076 -54.43387222 -40.50000000
v -29.61483765 -54.59999847 -40.79999924
v -29.70000076 -54.32408142 -40.79999924
v -29.58646584 -54.59999847 -41.09999847
v -29.57334900 -54.59999847 -41.40000153
v -29.59229279 -54.59999847 -41.70000076
v -29.61445427 -54.59999847 -42.00000000
v -29.70000076 -54.30860138 -42.00000000
v -29.62529182 -54.59999847 -42.29999924
v -29.70000076 -54.32316208 -42.29999924
v -29.62080765 -54.59999847 -42.59999847
v -29.70000076 -54.31755447 -42.59999847
v -29.59948921 -54.59999847 -42.90000153
v -29.70000076 -54.30362701 -42.90000153
v -29.56485367 -54.59999847 -43.20000076
v -29.53031349 -54.59999847 -43.50000000
v -29.50183678 -54.59999847 -43.79999924
v -29.47583771 -54.59999847 -44.09999847
v -29.44477272 -54.59999847 -44.40000153
v -29.54586411 -54.90000153 -34.50000000
v -29.70000076 -54.90000153 -34.79999924
v -29.70000076 -54.90000153 -39.59999847
v -29.63990593 -54.90000153 -39.90000153
v -29.70000076 -54.73957062 -39.90000153
v -29.58689499 -54.90000153 -40.20000076
v -29.54544067 -54.90000153 -40.50000000
v -29.51315308 -54.90000153 -40.79999924
v -29.47413063 -54.90000153 -41.09999847
v -29.47810745 -54.90000153 -41.70000076
v -29.51438904 -54.90000153 -42.00000000
v -29.52658653 -54.90000153 -42.29999924
v -29.52115250 -54.90000153 -42.59999847
v -29.48763847 -54.90000153 -42.90000153
v -29.42474937 -55.20000076 -34.20000076
v -29.59383011 -55.20000076 -34.50000000
v -29.70000076 -55.20000076 -34.75076675
v -29.70000076 -55.20000076 -39.29999924
v -29.59723091 -55.20000076 -39.59999847
v -29.51932526 -55.20000076 -39.90000153
v -29.46022797 -55.20000076 -40.20000076
v -29.41944313 -55.20000076 -40.50000000
v -29.42131615 -55.50000000 -34.20000076
v -29.59781647 -55.50000000 -34.50000000
v -29.70000076 -55.50000000 -34.75147629
v -29.70000076 -55.50000000 -38.70000076
v -29.62514496 -55.50000000 -39.00000000
v -29.70000076 -55.33894348 -39.00000000
v -29.54979134 -55.50000000 -39.29999924
v -29.46117401 -55.50000000 -39.59999847
v -29.41158104 -55.79999924 -34.20000076
v -29.57773209 -55.79999924 -34.50000000
v -29.70000076 -55.79999924 -34.79999924
v -29.68932724 -55.79999924 -37.79999924
v -29.70000076 -55.78057480 -37.79999924
v -29.70000076 -55.79999924 -37.72900772
v -29.63763237 -55.79999924 -38.09999847
v -29.70000076 -55.68612671 -38.09999847
v -29.58259583 -55.79999924 -38.40000153
v -29.70000076 -55.58744812 -38.40000153
v -29.52617836 -55.79999924 -38.70000076
v -29.46376610 -55.79999924 -39.00000000
v -29.40514374 -56.09999847 -34.20000076
v -29.53502655 -56.09999847 -34.50000000
v -29.62989426 -56.09999847 -34.79999924
v -29.70000076 -56.09999847 -35.09999847
v -29.69633102 -56.09999847 -35.70000076
v -29.70000076 -56.09000015 -35.70000076
v -29.70000076 -56.09999847 -35.45833969
v -29.69100189 -56.09999847 -36.00000000
v -29.70000076 -56.07779694 -36.00000000
v -29.68307304 -56.09999847 -36.29999924
v -29.70000076 -56.06095886 -36.29999924
v -29.66992378 -56.09999847 -36.59999847
v -29.70000076 -56.03408051 -36.59999847
v -29.64787102 -56.09999847 -36.90000153
v -29.70000076 -55.99168777 -36.90000153
v -29.61381912 -56.09999847 -37.20000076
v -29.70000076 -55.93265152 -37.20000076
v -29.56831551 -56.09999847 -37.50000000
v -29.70000076 -55.86162186 -37.50000000
v -29.51834679 -56.09999847 -37.79999924
v -29.46288872 -56.09999847 -38.09999847
v -29.47176552 -56.40000153 -34.50000000
v -29.52532768 -56.40000153 -34.79999924
v -29.55745125 -56.40000153 -35.09999847
v -29.56391144 -56.40000153 -35.40000153
v -29.70000076 -56.10202026 -35.40000153
v -29.55942535 -56.40000153 -35.70000076
v -29.55260849 -56.40000153 -36.00000000
v -29.54433441 -56.40000153 -36.29999924
v -29.53055573 -56.40000153 -36.59999847
v -29.50533485 -56.40000153 -36.90000153
v -29.46339226 -56.40000153 -37.20000076
v -29.70224380 -51.29999924 -43.50000000
v -29.71023941 -51.29999924 -43.79999924
v -29.72865677 -51.29999924 -44.09999847
v -29.75588036 -51.29999924 -44.40000153
v -29.78522301 -51.29999924 -44.70000076
v -29.80049706 -51.29999924 -45.00000000
v -29.80984306 -51.29999924 -45.29999924
v -29.81900024 -51.29999924 -45.59999847
v -29.82833481 -51.29999924 -45.90000153
v -29.83329582 -51.29999924 -46.20000076
v -29.82490349 -51.29999924 -46.50000000
v -29.79107285 -51.29999924 -46.79999924
v -29.71546555 -51.29999924 -47.09999847
v -29.75064087 -51.59999847 -43.20000076
v -29.77934456 -51.59999847 -43.50000000
v -29.79358101 -51.59999847 -43.79999924
v -29.80865097 -51.59999847 -44.09999847
v -29.82737732 -51.59999847 -44.40000153
v -29.84697723 -51.59999847 -44.70000076
v -29.86539268 -51.59999847 -45.00000000
v -29.88211250 -51.59999847 -45.29999924
v -29.89908791 -51.59999847 -45.59999847
v -29.91638184 -51.59999847 -45.90000153
v -29.92815208 -51.59999847 -46.20000076
v -29.92064857 -51.59999847 -46.50000000
v -29.87596703 -51.59999847 -46.79999924
v -29.79965973 -51.59999847 -47.09999847
v -29.74310112 -51.90000153 -39.29999924
v -29.75461769 -51.90000153 -39.59999847
v -29.74356270 -51.90000153 -39.90000153
v -29.72218323 -51.90000153 -40.20000076
v -29.74810791 -51.90000153 -42.90000153
v -29.79065323 -51.90000153 -43.20000076
v -29.82198143 -51.90000153 -43.50000000
v -29.84246254 -51.90000153 -43.79999924
v -29.85919189 -51.90000153 -44.09999847
v -29.87640953 -51.90000153 -44.40000153
v -29.89496231 -51.90000153 -44.70000076
v -29.91464424 -51.90000153 -45.00000000
v -29.93432999 -51.90000153 -45.29999924
v -29.95301247 -51.90000153 -45.59999847
v -29.97255135 -51.90000153 -45.90000153
v -29.99127197 -51.90000153 -46.20000076
v -30.00000000 -51.90000153 -46.50000000
v -29.95074654 -51.90000153 -46.79999924
v -29.87322807 -51.90000153 -47.09999847
v -29.79409409 -51.90000153 -47.40000153
v -29.73893547 -51.90000153 -47.70000076
v -29.79371834 -52.20000076 -38.70000076
v -29.85739136 -52.20000076 -39.00000000
v -29.88721466 -52.20000076 -39.29999924
v -29.88837051 -52.20000076 -39.59999847
v -29.86237907 -52.20000076 -39.90000153
v -29.82703209 -52.20000076 -40.20000076
v -29.79307365 -52.20000076 -40.50000000
v -29.76433372 -52.20000076 -40.79999924
v -29.74364281 -52.20000076 -41.09999847
v -29.73186874 -52.20000076 -41.40000153
v -29.72872734 -52.20000076 -41.70000076
v -29.73373222 -52.20000076 -42.00000000
v -29.74644470 -52.20000076 -42.29999924
v -29.76679802 -52.20000076 -42.59999847
v -29.79424286 -52.20000076 -42.90000153
v -29.82207870 -52.20000076 -43.20000076
v -29.84709358 -52.20000076 -43.50000000
v -29.86812592 -52.20000076 -43.79999924
v -29.88754654 -52.20000076 -44.09999847
v -29.90838623 -52.20000076 -44.40000153
v -29.93127060 -52.20000076 -44.70000076
v -29.95382118 -52.20000076 -45.00000000
v -29.97372246 -52.20000076 -45.29999924
v -29.98875618 -52.20000076 -45.59999847
v -30.00000000 -52.20000076 -45.90000153
v -30.00000000 -52.00863647 -46.20000076
v -30.00000000 -52.20000076 -46.79999924
v -29.91306114 -52.20000076 -47.09999847
v -29.83675385 -52.20000076 -47.40000153
v -29.77480888 -52.20000076 -47.70000076
v -29.72544479 -52.20000076 -48.00000000
v -29.79057884 -52.50000000 -38.09999847
v -29.88419533 -52.50000000 -38.40000153
v -29.94810104 -52.50000000 -38.70000076
v -30.00000000 -52.50000000 -39.00000000
v -30.00000000 -52.48917770 -39.29999924
v -30.00000000 -52.50000000 -39.59999847
v -29.94752121 -52.50000000 -39.90000153
v -29.89873314 -52.50000000 -40.20000076
v -29.85749245 -52.50000000 -40.50000000
v -29.82544327 -52.50000000 -40.79999924
v -29.80369568 -52.50000000 -41.09999847
v -29.79196548 -52.50000000 -41.40000153
v -29.78862000 -52.50000000 -41.70000076
v -29.79168892 -52.50000000 -42.00000000
v -29.79967117 -52.50000000 -42.29999924
v -29.81159782 -52.50000000 -42.59999847
v -29.82615089 -52.50000000 -42.90000153
v -29.84217453 -52.50000000 -43.20000076
v -29.85902214 -52.50000000 -43.50000000
v -29.87693977 -52.50000000 -43.79999924
v -29.89755058 -52.50000000 -44.09999847
v -29.92313957 -52.50000000 -44.40000153
v -29.95417595 -52.50000000 -44.70000076
v -29.98416901 -52.50000000 -45.00000000
v -29.99691582 -52.50000000 -45.29999924
v -30.00000000 -52.44493484 -45.59999847
v -30.00000000 -52.50000000 -45.46321487
v -30.00000000 -52.50000000 -46.50000000
v -29.96343994 -52.50000000 -46.79999924
v -29.90005302 -52.50000000 -47.09999847
v -29.83329582 -52.50000000 -47.40000153
v -29.77447128 -52.50000000 -47.70000076
v -29.72545815 -52.50000000 -48.00000000
v -29.85249901 -52.79999924 -37.79999924
v -30.00000000 -52.79999924 -38.09999847
v -30.00000000 -52.73535919 -38.40000153
v -30.00000000 -52.64239502 -38.70000076
v -29.98960114 -52.79999924 -39.90000153
v -30.00000000 -52.79999924 -39.83531952
v -29.93876457 -52.79999924 -40.20000076
v -29.89526939 -52.79999924 -40.50000000
v -29.86247635 -52.79999924 -40.79999924
v -29.84144211 -52.79999924 -41.09999847
v -29.83088112 -52.79999924 -41.40000153
v -29.82800484 -52.79999924 -41.70000076
v -29.82973099 -52.79999924 -42.00000000
v -29.83362389 -52.79999924 -42.29999924
v -29.83826447 -52.79999924 -42.59999847
v -29.84327888 -52.79999924 -42.90000153
v -29.84953117 -52.79999924 -43.20000076
v -29.85839653 -52.79999924 -43.50000000
v -29.87150764 -52.79999924 -43.79999924
v -29.89063263 -52.79999924 -44.09999847
v -29.91740227 -52.79999924 -44.40000153
v -29.95405960 -52.79999924 -44.70000076
v -30.00000000 -52.79999924 -45.00000000
v -29.99087524 -52.79999924 -45.29999924
v -29.98435211 -52.79999924 -45.59999847
v -30.00000000 -52.54290390 -45.59999847
v -29.97943497 -52.79999924 -45.90000153
v -30.00000000 -52.57124710 -45.90000153
v -29.96952820 -52.79999924 -46.20000076
v -30.00000000 -52.56366730 -46.20000076
v -29.94735718 -52.79999924 -46.50000000
v -29.90663910 -52.79999924 -46.79999924
v -29.84988785 -52.79999924 -47.09999847
v -29.78724289 -52.79999924 -47.40000153
v -29.73801041 -52.79999924 -47.70000076
v -29.71799088 -53.09999847 -37.20000076
v -29.85443306 -53.09999847 -37.50000000
v -30.00000000 -53.09999847 -37.79999924
v -30.00000000 -53.09999847 -39.90000153
v -29.95069885 -53.09999847 -40.20000076
v -29.90808678 -53.09999847 -40.50000000
v -29.87631035 -53.09999847 -40.79999924
v -29.85692406 -53.09999847 -41.09999847
v -29.84810448 -53.09999847 -41.40000153
v -29.84624481 -53.09999847 -41.70000076
v -29.84742928 -53.09999847 -42.00000000
v -29.84853745 -53.09999847 -42.29999924
v -29.84781837 -53.09999847 -42.59999847
v -29.84531784 -53.09999847 -42.90000153
v -29.84315491 -53.09999847 -43.20000076
v -29.84450340 -53.09999847 -43.50000000
v -29.85197449 -53.09999847 -43.79999924
v -29.86732674 -53.09999847 -44.09999847
v -29.88980865 -53.09999847 -44.40000153
v -29.91609192 -53.09999847 -44.70000076
v -29.93743706 -53.09999847 -45.00000000
v -29.93855476 -53.09999847 -45.29999924
v -29.93115425 -53.09999847 -45.59999847
v -29.92070389 -53.09999847 -45.90000153
v -29.90462685 -53.09999847 -46.20000076
v -29.87742233 -53.09999847 -46.50000000
v -29.83600426 -53.09999847 -46.79999924
v -29.77833557 -53.09999847 -47.09999847
v -29.83889389 -53.40000153 -37.20000076
v -29.95762253 -53.40000153 -37.50000000
v -30.00000000 -53.40000153 -37.62709045
v -29.99334717 -53.40000153 -39.90000153
v -30.00000000 -53.40000153 -39.86257935
v -29.94143486 -53.40000153 -40.20000076
v -29.89806366 -53.40000153 -40.50000000
v -29.86740685 -53.40000153 -40.79999924
v -29.85010338 -53.40000153 -41.09999847
v -29.84329033 -53.40000153 -41.40000153
v -29.84269333 -53.40000153 -41.70000076
v -29.84396362 -53.40000153 -42.00000000
v -29.84382820 -53.40000153 -42.29999924
v -29.84018517 -53.40000153 -42.59999847
v -29.83231735 -53.40000153 -42.90000153
v -29.82233047 -53.40000153 -43.20000076
v -29.81572533 -53.40000153 -43.50000000
v -29.81675720 -53.40000153 -43.79999924
v -29.82700729 -53.40000153 -44.09999847
v -29.84229851 -53.40000153 -44.40000153
v -29.85538673 -53.40000153 -44.70000076
v -29.86042595 -53.40000153 -45.00000000
v -29.85651779 -53.40000153 -45.29999924
v -29.84664536 -53.40000153 -45.59999847
v -29.83407211 -53.40000153 -45.90000153
v -29.81838417 -53.40000153 -46.20000076
v -29.79360008 -53.40000153 -46.50000000
v -29.74955559 -53.40000153 -46.79999924
v -29.78582191 -53.70000076 -36.59999847
v -29.86171341 -53.70000076 -36.90000153
v -29.94771576 -53.70000076 -37.20000076
v -30.00000000 -53.57638931 -37.50000000
v -30.00000000 -53.70000076 -37.39269257
v -29.96597290 -53.70000076 -39.90000153
v -30.00000000 -53.70000076 -39.72709274
v -29.91039085 -53.70000076 -40.20000076
v -29.86574554 -53.70000076 -40.50000000
v -29.83614349 -53.70000076 -40.79999924
v -29.82131577 -53.70000076 -41.09999847
v -29.81684875 -53.70000076 -41.40000153
v -29.81731415 -53.70000076 -41.70000076
v -29.81869125 -53.70000076 -42.00000000
v -29.81856155 -53.70000076 -42.29999924
v -29.81483459 -53.70000076 -42.59999847
v -29.80502701 -53.70000076 -42.90000153
v -29.78760719 -53.70000076 -43.20000076
v -29.76913452 -53.70000076 -43.50000000
v -29.76356506 -53.70000076 -43.79999924
v -29.76900101 -53.70000076 -44.09999847
v -29.77914619 -53.70000076 -44.40000153
v -29.78217697 -53.70000076 -44.70000076
v -29.77011299 -53.70000076 -45.00000000
v -29.75336456 -53.70000076 -45.29999924
v -29.73710823 -53.70000076 -45.59999847
v -29.72229958 -53.70000076 -45.90000153
v -29.71031189 -53.70000076 -46.20000076
v -29.74160576 -54.00000000 -36.00000000
v -29.85194588 -54.00000000 -36.29999924
v -29.92486191 -54.00000000 -36.59999847
v -29.98000145 -54.00000000 -36.90000153
v -30.00000000 -53.88538361 -37.20000076
v -30.00000000 -54.00000000 -37.01567459
v -29.98408508 -54.00000000 -39.59999847
v -30.00000000 -53.88517761 -39.59999847
v -30.00000000 -54.00000000 -39.52569199
v -29.91716194 -54.00000000 -39.90000153
v -29.85792160 -54.00000000 -40.20000076
v -29.81207657 -54.00000000 -40.50000000
v -29.78268051 -54.00000000 -40.79999924
v -29.77009964 -54.00000000 -41.09999847
v -29.76956367 -54.00000000 -41.40000153
v -29.77039719 -54.00000000 -41.70000076
v -29.77143478 -54.00000000 -42.00000000
v -29.77220154 -54.00000000 -42.29999924
v -29.77047539 -54.00000000 -42.59999847
v -29.76369476 -54.00000000 -42.90000153
v -29.74414635 -54.00000000 -43.20000076
v -29.77185249 -54.29999924 -35.70000076
v -29.88015175 -54.29999924 -36.00000000
v -30.00000000 -54.29999924 -36.29999924
v -30.00000000 -54.21107864 -36.59999847
v -30.00000000 -54.07596207 -36.90000153
v -30.00000000 -54.29999924 -39.29999924
v -29.91867638 -54.29999924 -39.59999847
v -29.84587097 -54.29999924 -39.90000153
v -29.78583908 -54.29999924 -40.20000076
v -29.73943901 -54.29999924 -40.50000000
v -29.70733261 -54.29999924 -40.79999924
v -29.70247078 -54.29999924 -42.00000000
v -29.70617104 -54.29999924 -42.29999924
v -29.70481491 -54.29999924 -42.59999847
v -29.70115089 -54.29999924 -42.90000153
v -29.78242874 -54.59999847 -35.40000153
v -29.86628723 -54.59999847 -35.70000076
v -29.95327759 -54.59999847 -36.00000000
v -30.00000000 -54.59999847 -36.18109131
v -29.96088028 -54.59999847 -39.00000000
v -30.00000000 -54.45503998 -39.00000000
v -30.00000000 -54.59999847 -38.74336243
v -29.89929390 -54.59999847 -39.29999924
v -29.82171822 -54.59999847 -39.59999847
v -29.75218582 -54.59999847 -39.90000153
v -29.77091026 -54.90000153 -35.09999847
v -29.84010696 -54.90000153 -35.40000153
v -29.90944099 -54.90000153 -35.70000076
v -29.97535324 -54.90000153 -36.00000000
v -30.00000000 -54.90000153 -36.13645554
v -30.00000000 -54.90000153 -38.09999847
v -29.96430016 -54.90000153 -38.40000153
v -30.00000000 -54.76103973 -38.40000153
v -29.92061615 -54.90000153 -38.70000076
v -30.00000000 -54.62301636 -38.70000076
v -29.86612320 -54.90000153 -39.00000000
v -29.79539299 -54.90000153 -39.29999924
v -29.71877670 -55.20000076 -34.79999924
v -29.79618073 -55.20000076 -35.09999847
v -29.85676956 -55.20000076 -35.40000153
v -29.90952110 -55.20000076 -35.70000076
v -29.95740891 -55.20000076 -36.00000000
v -30.00000000 -55.20000076 -36.29999924
v -30.00000000 -55.20000076 -37.79999924
v -29.92613411 -55.20000076 -38.09999847
v -29.86933327 -55.20000076 -38.40000153
v -29.81772423 -55.20000076 -38.70000076
v -29.75981331 -55.20000076 -39.00000000
v -29.71789360 -55.50000000 -34.79999924
v -29.79060555 -55.50000000 -35.09999847
v -29.83850670 -55.50000000 -35.40000153
v -29.87267494 -55.50000000 -35.70000076
v -29.89907265 -55.50000000 -36.00000000
v -29.91733742 -55.50000000 -36.29999924
v -29.92167664 -55.50000000 -36.59999847
v -30.00000000 -55.23632431 -36.59999847
v -29.91607666 -55.50000000 -36.90000153
v -30.00000000 -55.23762894 -36.90000153
v -29.90324783 -55.50000000 -37.20000076
v -30.00000000 -55.22277069 -37.20000076
v -29.88348389 -55.50000000 -37.50000000
v -30.00000000 -55.20942307 -37.50000000
v -29.85126877 -55.50000000 -37.79999924
v -29.79877472 -55.50000000 -38.09999847
v -29.74561501 -55.50000000 -38.40000153
v -29.75956535 -55.79999924 -35.09999847
v -29.78781509 -55.79999924 -35.40000153
v -29.80169106 -55.79999924 -35.70000076
v -29.80879021 -55.79999924 -36.00000000
v -29.81020164 -55.79999924 -36.29999924
v -29.80466652 -55.79999924 -36.59999847
v -29.79074478 -55.79999924 -36.90000153
v -29.76732254 -55.79999924 -37.20000076
v -29.73353767 -55.79999924 -37.50000000
v -29.70086861 -56.09999847 -35.40000153
v -30.01502991 -52.20000076 -46.20000076
v -30.01852226 -52.20000076 -46.50000000
v -30.00385475 -52.50000000 -39.29999924
v -30.00255203 -52.50000000 -45.59999847
v -30.00632668 -52.50000000 -45.90000153
v -30.00810242 -52.50000000 -46.20000076
v -30.02746201 -52.79999924 -38.40000153
v -30.05156708 -52.79999924 -38.70000076
v -30.06768799 -52.79999924 -39.00000000
v -30.06288528 -52.79999924 -39.29999924
v -30.03701782 -52.79999924 -39.59999847
v -30.06768799 -53.09999847 -38.09999847
v -30.09976578 -53.09999847 -38.40000153
v -30.11201668 -53.09999847 -38.70000076
v -30.10842133 -53.09999847 -39.00000000
v -30.08827972 -53.09999847 -39.29999924
v -30.05053902 -53.09999847 -39.59999847
v -30.05218887 -53.40000153 -37.79999924
v -30.10754395 -53.40000153 -38.09999847
v -30.13523102 -53.40000153 -38.40000153
v -30.13989067 -53.40000153 -38.70000076
v -30.12462234 -53.40000153 -39.00000000
v -30.09219170 -53.40000153 -39.29999924
v -30.04648972 -53.40000153 -39.59999847
v -30.02729225 -53.70000076 -37.50000000
v -30.08798409 -53.70000076 -37.79999924
v -30.12686157 -53.70000076 -38.09999847
v -30.14430237 -53.70000076 -38.40000153
v -30.14101601 -53.70000076 -38.70000076
v -30.11810493 -53.70000076 -39.00000000
v -30.07781219 -53.70000076 -39.29999924
v -30.02496147 -53.70000076 -39.59999847
v -30.03011513 -54.00000000 -37.20000076
v -30.07432365 -54.00000000 -37.50000000
v -30.10745049 -54.00000000 -37.79999924
v -30.12679863 -54.00000000 -38.09999847
v -30.13060379 -54.00000000 -38.40000153
v -30.11827278 -54.00000000 -38.70000076
v -30.09025002 -54.00000000 -39.00000000
v -30.04668808 -54.00000000 -39.29999924
v -30.02787781 -54.29999924 -36.59999847
v -30.05458069 -54.29999924 -36.90000153
v -30.07972145 -54.29999924 -37.20000076
v -30.09844589 -54.29999924 -37.50000000
v -30.10770226 -54.29999924 -37.79999924
v -30.10717773 -54.29999924 -38.09999847
v -30.09571075 -54.29999924 -38.40000153
v -30.07291985 -54.29999924 -38.70000076
v -30.04000854 -54.29999924 -39.00000000
v -30.02783585 -54.59999847 -36.29999924
v -30.06629944 -54.59999847 -36.59999847
v -30.08473015 -54.59999847 -36.90000153
v -30.09501648 -54.59999847 -37.20000076
v -30.09723091 -54.59999847 -37.50000000
v -30.08727646 -54.59999847 -37.79999924
v -30.06628418 -54.59999847 -38.09999847
v -30.04047012 -54.59999847 -38.40000153
v -30.00647736 -54.59999847 -38.70000076
v -30.02827454 -54.90000153 -36.29999924
v -30.05855560 -54.90000153 -36.59999847
v -30.06983185 -54.90000153 -36.90000153
v -30.07231522 -54.90000153 -37.20000076
v -30.06826973 -54.90000153 -37.50000000
v -30.04926491 -54.90000153 -37.79999924
v -30.01050758 -55.20000076 -36.59999847
v -30.01177597 -55.20000076 -36.90000153
v -30.00770950 -55.20000076 -37.20000076
v -30.00352859 -55.20000076 -37.50000000
f 3 2 1
f 4916 5215 5208
f 5215 5215 5208
f 4916 4924 5215
f 5207 4923 4912
f 4923 5207 4921
f 5207 5206 4921
f 4916 5208 4916
f 4921 5206 4919
f 4919 5205 4917
f 5205 5204 4917
f 5204 5214 5213
f 5204 5213 4917
f 5204 4917 5204
f 5204 4917 4917
f 5206 5205 4919
f 5218 5216 5217
f 5217 5219 5220
f 5216 5219 5217
f 5231 5233 5209
f 5232 5231 5209
f 5232 5209 5209
f 5229 5231 5230
f 5230 5231 5232
f 5227 5229 5228
f 5228 5229 5230
f 5225 5227 5226
f 5226 5227 5228
f 5223 5225 5224
f 5224 5225 5226
f 5221 5223 5222
f 5222 5223 5224
f 5219 5221 5220
f 5220 5221 5222
f 5211 5213 5212
f 5212 5213 5214
f 5210 5211 5210
f 5210 5211 5212
f 5203 4902 4911
f 5195 4902 5203
f 5194 4909 4896
f 4909 5194 4907
f 5194 5193 4907
f 4907 5193 4905
f 5193 5191 4905
f 4905 5191 4903
f 5191 5188 4903
f 5190 5202 5201
f 5190 5201 4903
f 5190 4903 5188
f 5188 4903 4903
f 5199 5201 5200
f 5200 5201 5202
f 5204 5204 5204
f 4925 4925 5210
f 5204 5196 5196
f 5204 5205 5196
f 5209 5210 5209
f 5209 5210 5210
f 5209 5209 5209
f 5208 5203 4911
f 5208 5208 4911
f 5208 4911 4911
f 4911 4916 5208
f 5201 4912 4903
f 5207 5201 5199
f 4912 5201 5207
f 4912 4912 5201
f 5199 5206 5207
f 5197 5206 5199
f 5197 5205 5206
f 5196 5205 5197
f 5204 5204 5196
f 5197 5199 5198
f 4925 5210 5233
f 5211 5210 4925
f 5253 5255 5256
f 5254 5252 5253
f 5234 5250 5235
f 5251 4931 4948
f 5250 4931 5251
f 5250 5234 4931
f 5252 5255 5253
f 5233 4947 4925
f 5233 5231 4946
f 4946 5231 4945
f 5231 5229 4945
f 4945 5229 4944
f 5229 5227 4944
f 4944 5227 4943
f 4947 5233 4946
f 5256 5257 5258
f 5255 5257 5256
f 4949 5258 5257
f 5251 4948 5260
f 5245 4956 4932
f 4956 5245 4955
f 5245 5243 4955
f 4955 5243 4954
f 5243 5241 4954
f 4954 5241 4953
f 5241 5239 4953
f 4953 5239 4951
f 5239 5236 4951
f 4951 5259 4949
f 5236 5259 4951
f 5236 5238 5259
f 4949 5259 5258
f 4949 4949 5258
f 5227 5225 4943
f 4943 5225 4942
f 5225 5223 4942
f 4942 5223 4940
f 5239 5241 5240
f 5240 5241 5242
f 5236 5239 5237
f 5237 5239 5240
f 5238 5236 5237
f 5215 5215 5215
f 4930 5215 4924
f 4930 5215 5215
f 4930 5234 5215
f 5234 5235 5215
f 4930 4931 5234
f 5213 4929 4917
f 4929 5213 4927
f 5213 5211 4927
f 4927 5211 4925
f 5242 5243 5244
f 5233 5210 5209
f 5241 5243 5242
f 5243 5245 5244
f 5223 5221 4940
f 4940 5221 4938
f 5221 5219 4938
f 4938 5219 4936
f 5219 5216 4936
f 4936 5249 4934
f 5216 5249 4936
f 5216 5218 5249
f 4933 4934 5249
f 5248 4933 5249
f 4932 4933 5248
f 5247 4932 5248
f 4932 5247 5246
f 4932 4932 5246
f 4932 5246 5245
f 5244 5245 5246
f 5198 5199 5200
f 5196 5197 5196
f 5196 5197 5198
f 4866 5149 5154
f 4866 4866 5149
f 5147 5153 5154
f 5146 5153 5147
f 5152 5153 5146
f 5152 5152 5146
f 5154 5149 5147
f 5152 5146 5146
f 5144 5144 5144
f 4861 5144 4861
f 4861 5144 5144
f 4861 5150 5144
f 5150 5151 5144
f 4861 4865 5150
f 5152 5152 5152
f 5149 4866 4863
f 4868 4869 5155
f 5155 5157 5156
f 4874 5154 4871
f 5154 5153 4871
f 5161 5153 5152
f 4872 5153 5161
f 4872 4871 5153
f 5159 5161 5152
f 5160 5159 5152
f 5160 5152 5152
f 5158 5159 5158
f 5158 5159 5160
f 5158 5158 5158
f 5150 5156 5151
f 4868 5150 4865
f 4868 5156 5150
f 4868 5155 5156
f 5143 4863 4859
f 5149 5143 5140
f 4863 5143 5149
f 4863 4863 5143
f 5142 5140 5141
f 5134 4852 5138
f 5138 4852 4856
f 4856 4855 5138
f 4855 5139 5138
f 4849 5130 4854
f 5130 5137 4854
f 5136 5137 5130
f 5136 5136 5130
f 5136 5130 5132
f 5136 5136 5136
f 5127 5135 5129
f 4851 5133 5135
f 4848 4851 5135
f 4848 5135 5127
f 5141 5136 5136
f 5154 4874 4866
f 5141 5140 5136
f 4859 4858 5137
f 5147 5149 5140
f 5148 5147 5140
f 5148 5140 5142
f 5146 5147 5146
f 5146 5147 5148
f 5146 5146 5146
f 5139 4855 5145
f 5145 4855 4855
f 4862 5145 4855
f 5144 5145 4862
f 5144 5144 5145
f 4862 4861 5144
f 5137 4858 4854
f 5143 5137 5136
f 4859 5137 5143
f 5140 5143 5136
f 4877 5163 5162
f 4876 4877 5162
f 4869 5164 5155
f 5189 5191 5192
f 5190 5188 5189
f 5187 5178 4883
f 5187 5187 4883
f 5187 4883 4894
f 4894 4895 5187
f 5176 4893 4880
f 4893 5176 4892
f 5176 5174 4892
f 4892 5174 4890
f 5174 5172 4890
f 4890 5172 4888
f 5172 5170 4888
f 4888 5170 4885
f 5170 5168 4885
f 5188 5191 5189
f 5186 5168 5165
f 5192 5179 5179
f 5191 5193 5179
f 5196 5196 5196
f 5187 5187 5187
f 5195 4895 4902
f 5187 4895 5195
f 5187 5187 4895
f 5186 4900 4886
f 4900 5186 4898
f 5186 5184 4898
f 4898 5184 4896
f 5184 5182 4896
f 5194 5182 5180
f 4896 5182 5194
f 4896 4896 5182
f 5180 5193 5194
f 5179 5193 5180
f 5192 5191 5179
f 5260 4948 4957
f 4886 5168 5186
f 5184 5186 5165
f 5174 5176 5158
f 5175 5174 5158
f 5175 5158 5158
f 5172 5174 5173
f 5173 5174 5175
f 5170 5172 5171
f 5171 5172 5173
f 5168 5170 5169
f 5169 5170 5171
f 5165 5168 5166
f 5166 5168 5169
f 5167 5165 5166
f 5155 5164 5157
f 4876 5162 5164
f 4869 4876 5164
f 4880 4879 5159
f 4886 4885 5168
f 4880 5159 5176
f 5161 5159 4879
f 5185 5184 5165
f 5185 5165 5167
f 5182 5184 5183
f 5183 5184 5185
f 5180 5182 5181
f 5181 5182 5183
f 5179 5180 5179
f 5179 5180 5181
f 5179 5179 5179
f 5163 4877 5177
f 5177 4877 4882
f 4882 4883 5177
f 4883 5178 5177
f 5161 4881 4872
f 4881 5161 4879
f 5176 5159 5158
f 4851 4852 5133
f 5261 5261 5261
f 5261 5262 5261
f 5338 5337 5025
f 5025 5337 5024
f 5337 5336 5024
f 5024 5336 5023
f 5336 5335 5023
f 5335 5015 5023
f 5026 5338 5025
f 5333 5020 5007
f 5333 5331 5019
f 5019 5331 5018
f 5331 5329 5018
f 5018 5329 5017
f 5329 5327 5017
f 5017 5327 5016
f 5020 5333 5019
f 5338 5026 5016
f 5028 5029 5339
f 5030 5028 5339
f 5346 5036 5345
f 5036 5035 5345
f 5345 5035 5344
f 5035 5034 5344
f 5343 5034 5033
f 5344 5034 5343
f 5344 5344 5034
f 5032 5343 5033
f 5342 5343 5032
f 5031 5342 5032
f 5341 5342 5031
f 5030 5341 5031
f 5340 5341 5030
f 5340 5340 5341
f 5340 5030 5339
f 5327 5325 5016
f 5338 5325 5324
f 5016 5325 5338
f 5016 5016 5325
f 5011 5314 5009
f 5314 5312 5009
f 5009 5312 5007
f 5312 5309 5007
f 5311 5334 5333
f 5311 5333 5007
f 5311 5007 5309
f 5309 5007 5007
f 5331 5333 5332
f 5332 5333 5334
f 5329 5331 5330
f 5330 5331 5332
f 5327 5329 5328
f 5328 5329 5330
f 5325 5327 5326
f 5314 5011 5000
f 5036 5346 5037
f 5318 5006 5012
f 5013 5320 5012
f 5337 5338 5324
f 5337 5337 5324
f 5337 5324 5324
f 5336 5337 5336
f 5336 5337 5337
f 5323 5335 5336
f 5323 5323 5336
f 5323 5336 5336
f 5322 5335 5323
f 5015 5335 5322
f 5015 5015 5335
f 5015 5322 5014
f 5322 5321 5014
f 5014 5321 5013
f 5321 5320 5013
f 5320 5318 5012
f 5326 5327 5328
f 5348 5347 5039
f 5039 5347 5038
f 5374 5375 5064
f 5063 5374 5064
f 5373 5374 5063
f 5062 5373 5063
f 5372 5373 5062
f 5061 5372 5062
f 5064 5375 5065
f 5371 5372 5061
f 5370 5371 5060
f 5059 5370 5060
f 5369 5370 5059
f 5058 5369 5059
f 5368 5369 5058
f 5057 5368 5058
f 5060 5371 5061
f 5375 5376 5065
f 5065 5376 5066
f 5376 5377 5066
f 5075 5384 5076
f 5383 5384 5075
f 5074 5383 5075
f 5382 5383 5074
f 5073 5382 5074
f 5381 5382 5073
f 5072 5381 5073
f 5380 5381 5072
f 5071 5380 5072
f 5379 5380 5071
f 5069 5379 5071
f 5378 5379 5069
f 5067 5378 5069
f 5377 5378 5067
f 5066 5377 5067
f 5367 5368 5057
f 5056 5367 5057
f 5366 5367 5056
f 5055 5366 5056
f 5045 5356 5046
f 5355 5356 5045
f 5044 5355 5045
f 5354 5355 5044
f 5043 5354 5044
f 5353 5354 5043
f 5042 5353 5043
f 5352 5353 5042
f 5041 5352 5042
f 5351 5352 5041
f 5040 5351 5041
f 5350 5351 5040
f 5038 5350 5040
f 5349 5350 5038
f 5038 5347 5349
f 5356 5357 5046
f 5039 5039 5347
f 5046 5357 5047
f 5047 5358 5048
f 5365 5366 5055
f 5054 5365 5055
f 5364 5365 5054
f 5053 5364 5054
f 5363 5364 5053
f 5052 5363 5053
f 5362 5363 5052
f 5051 5362 5052
f 5361 5362 5051
f 5050 5361 5051
f 5360 5361 5050
f 5049 5360 5050
f 5359 5360 5049
f 5048 5359 5049
f 5358 5359 5048
f 5357 5358 5047
f 5324 5325 5324
f 5324 5325 5326
f 5324 5324 5324
f 5272 5290 5289
f 5272 5289 4971
f 5272 4971 5272
f 5272 4971 4971
f 5287 5289 5288
f 5288 5289 5290
f 5273 5272 4971
f 5285 5287 5286
f 5283 5285 5284
f 5284 5285 5286
f 5281 5283 5282
f 5282 5283 5284
f 5279 5281 5280
f 5280 5281 5282
f 5286 5287 5288
f 4973 5273 4971
f 5274 5273 4973
f 4975 5274 4973
f 5278 4979 4979
f 5293 5295 5294
f 5294 5295 5296
f 5292 5293 5292
f 5292 5293 5294
f 5292 5292 5292
f 5291 5291 5291
f 4978 5277 4970
f 5291 5277 4978
f 5291 5291 5277
f 5276 4977 4967
f 4977 5276 4976
f 5276 5275 4976
f 4976 5275 4975
f 5275 5274 4975
f 5278 5279 5278
f 5278 5279 5280
f 5278 5278 5278
f 5277 4966 4970
f 5257 5255 4962
f 4962 5255 4960
f 5255 5252 4960
f 4960 5270 4958
f 5252 5270 4960
f 5252 5254 5270
f 4958 5270 5269
f 4958 4958 5269
f 4958 5269 5268
f 5266 5268 5267
f 5267 5268 5269
f 5264 5266 5265
f 5265 5266 5267
f 5262 5264 5263
f 5263 5264 5265
f 4964 5257 4962
f 5278 4979 5278
f 5257 4964 4949
f 5271 4957 4966
f 5271 4966 5277
f 5268 4967 4958
f 5276 5268 5266
f 4967 5268 5276
f 4967 4967 5268
f 5266 5275 5276
f 5264 5275 5266
f 5264 5274 5275
f 5262 5274 5264
f 5262 5273 5274
f 5261 5273 5262
f 5272 5273 5261
f 5272 5272 5261
f 5272 5261 5261
f 5272 5272 5272
f 5260 4957 5271
f 5278 5295 4979
f 5278 5296 5295
f 5279 5278 4979
f 5306 4997 5003
f 5303 5002 4991
f 5002 5303 4999
f 5303 5301 4999
f 5314 5301 5298
f 5000 5301 5314
f 5000 4999 5301
f 5312 5314 5298
f 5313 5312 5298
f 5313 5298 5300
f 5309 5312 5310
f 5310 5312 5313
f 5311 5309 5310
f 5307 5306 5308
f 5307 5305 4996
f 5308 5306 5003
f 5306 5307 4996
f 5308 5003 5315
f 5315 5004 5316
f 5323 5323 5323
f 5322 5323 5322
f 5322 5323 5323
f 5321 5322 5321
f 5321 5322 5322
f 5320 5321 5320
f 5320 5321 5321
f 5318 5320 5319
f 5319 5320 5320
f 5319 5317 5006
f 5318 5319 5006
f 5318 5006 5006
f 5005 5006 5317
f 5316 5005 5317
f 5004 5005 5316
f 5315 5003 5004
f 5261 5262 5263
f 5306 4996 4997
f 5304 4995 5305
f 5291 4989 5297
f 4989 4990 5297
f 5291 4978 4989
f 5289 4988 4971
f 4988 5289 4987
f 5289 5287 4987
f 4987 5287 4986
f 5287 5285 4986
f 4986 5285 4985
f 5285 5283 4985
f 4985 5283 4983
f 5283 5281 4983
f 4983 5281 4981
f 5281 5279 4981
f 4981 5279 4979
f 5291 5297 5297
f 4995 4996 5305
f 5291 5297 5291
f 5300 5298 5299
f 5304 4994 4995
f 5297 4994 5304
f 5297 5297 4994
f 5297 4990 4994
f 5295 4993 4979
f 4993 5295 4991
f 5295 5293 4991
f 5303 5293 5292
f 4991 5293 5303
f 4991 4991 5293
f 5301 5303 5292
f 5302 5301 5292
f 5302 5292 5292
f 5298 5301 5299
f 5299 5301 5302
f 5297 5297 5297
f 4852 5134 5133
f 5124 4849 4845
f 5126 5131 5130
f 4684 4986 4985
f 4684 4684 4985
f 4684 4985 4984
f 4982 4984 4983
f 4983 4984 4985
f 4980 4982 4981
f 4986 4684 4987
f 4981 4982 4983
f 4979 4980 4981
f 4979 4979 4979
f 4978 4677 4683
f 4970 4677 4978
f 4969 4682 4675
f 4682 4969 4681
f 4979 4980 4979
f 4684 4685 4987
f 4987 4685 4988
f 4685 4686 4988
f 4991 4992 4991
f 4991 4992 4993
f 4991 4991 4991
f 4691 4990 4690
f 4690 4990 4989
f 4989 4978 4690
f 4978 4683 4690
f 4974 4689 4678
f 4689 4974 4688
f 4974 4972 4688
f 4688 4972 4687
f 4972 4971 4687
f 4687 4988 4686
f 4971 4988 4687
f 4971 4971 4988
f 4969 4968 4681
f 4681 4968 4680
f 4968 4967 4680
f 4680 4977 4679
f 4969 4961 4959
f 4675 4961 4969
f 4675 4675 4961
f 4959 4968 4969
f 4958 4968 4959
f 4967 4968 4958
f 4967 4967 4958
f 4967 4958 4958
f 4967 4967 4967
f 4966 4957 4669
f 4965 4966 4669
f 4965 4669 4669
f 4669 4674 4965
f 4952 4673 4659
f 4673 4952 4672
f 4963 4961 4675
f 4979 4692 4692
f 4676 4963 4675
f 4965 4674 4677
f 4967 4977 4680
f 4967 4967 4977
f 4678 4679 4977
f 4976 4678 4977
f 4678 4976 4975
f 4678 4678 4975
f 4678 4975 4974
f 4972 4974 4973
f 4973 4974 4975
f 4971 4972 4971
f 4971 4972 4973
f 4971 4971 4971
f 4677 4970 4966
f 4677 4677 4966
f 4677 4966 4965
f 4963 4676 4671
f 4952 4950 4672
f 4979 4692 4979
f 4979 4993 4992
f 5006 5012 5006
f 5006 5012 5012
f 5006 4708 5012
f 4708 4708 5012
f 5006 4704 4708
f 5001 4707 4700
f 5012 5013 5013
f 4707 5001 4705
f 5000 5011 5010
f 5000 5010 4706
f 5000 4706 4998
f 4998 4706 4705
f 5008 5010 5009
f 5009 5010 5011
f 5001 4998 4705
f 5012 5013 5012
f 5013 5014 5014
f 5013 5014 5013
f 5020 5021 5007
f 5020 5020 5007
f 5020 5007 5007
f 5019 5020 5019
f 5019 5020 5020
f 5018 5019 5018
f 5018 5019 5019
f 5017 5018 5017
f 5017 5018 5018
f 5016 5017 5016
f 5016 5017 5017
f 5016 5016 5016
f 5015 5015 5015
f 5014 5015 5014
f 5014 5015 5015
f 5007 5008 5007
f 5007 5008 5009
f 5007 5007 5007
f 5006 5006 5006
f 4699 4997 4698
f 4698 4997 4996
f 4697 4698 4996
f 4995 4697 4996
f 4696 4697 4995
f 4994 4696 4995
f 4994 4990 4696
f 4990 4691 4696
f 4984 4695 4684
f 4695 4984 4694
f 4984 4982 4694
f 4694 4982 4693
f 4982 4980 4693
f 4693 4980 4692
f 4980 4979 4692
f 5000 4998 4999
f 4979 4992 4692
f 4999 5001 5002
f 4991 4700 4700
f 5006 5005 4704
f 5006 5006 4704
f 5006 4704 4704
f 4703 4704 5005
f 5004 4703 5005
f 4702 4703 5004
f 5003 4702 5004
f 5003 4997 4702
f 4997 4699 4702
f 4992 4701 4692
f 4701 4992 4700
f 4992 4991 4700
f 4991 5002 5001
f 4991 5001 4700
f 4991 4700 4991
f 4998 5001 4999
f 4672 4950 4670
f 4950 4949 4670
f 4949 4964 4963
f 4924 4639 4644
f 4916 4639 4924
f 4916 4916 4639
f 4915 4643 4638
f 4643 4915 4642
f 4915 4914 4642
f 4916 4916 4916
f 4642 4914 4641
f 4641 4913 4640
f 4913 4912 4640
f 4912 4923 4922
f 4912 4922 4640
f 4912 4640 4912
f 4912 4640 4640
f 4914 4913 4641
f 4925 4925 4925
f 4925 4926 4927
f 4925 4926 4925
f 4644 4649 4930
f 4649 4931 4930
f 4922 4648 4640
f 4648 4922 4647
f 4922 4920 4647
f 4647 4920 4646
f 4920 4918 4646
f 4646 4918 4645
f 4918 4917 4645
f 4917 4929 4928
f 4917 4928 4645
f 4917 4645 4917
f 4917 4645 4645
f 4926 4928 4927
f 4927 4928 4929
f 4920 4922 4921
f 4921 4922 4923
f 4918 4920 4919
f 4919 4920 4921
f 4912 4903 4903
f 4912 4912 4912
f 4901 4911 4902
f 4902 4911 4911
f 4901 4910 4911
f 4631 4910 4901
f 4631 4631 4910
f 4631 4637 4910
f 4899 4636 4627
f 4636 4899 4635
f 4899 4897 4635
f 4635 4897 4633
f 4897 4896 4633
f 4896 4909 4908
f 4896 4908 4634
f 4912 4912 4903
f 4930 4644 4644
f 4912 4913 4903
f 4904 4913 4914
f 4917 4918 4917
f 4917 4918 4919
f 4917 4917 4917
f 4911 4911 4911
f 4911 4910 4916
f 4911 4911 4916
f 4911 4916 4916
f 4639 4916 4637
f 4916 4910 4637
f 4908 4638 4634
f 4915 4908 4906
f 4638 4908 4915
f 4638 4638 4908
f 4906 4914 4915
f 4904 4914 4906
f 4903 4913 4904
f 4924 4644 4930
f 4932 4932 4932
f 4932 4933 4933
f 4665 4935 4664
f 4935 4934 4664
f 4664 4934 4663
f 4934 4933 4663
f 4663 4933 4662
f 4933 4932 4662
f 4662 4956 4661
f 4932 4956 4662
f 4932 4932 4956
f 4660 4661 4956
f 4955 4660 4956
f 4659 4660 4955
f 4954 4659 4955
f 4659 4954 4953
f 4659 4659 4953
f 4937 4935 4665
f 4659 4953 4952
f 4666 4937 4665
f 4667 4939 4666
f 4949 4963 4671
f 4949 4671 4949
f 4949 4671 4670
f 4961 4963 4962
f 4962 4963 4964
f 4959 4961 4960
f 4960 4961 4962
f 4958 4959 4958
f 4958 4959 4960
f 4958 4958 4958
f 4957 4658 4669
f 4948 4658 4957
f 4941 4668 4650
f 4668 4941 4667
f 4941 4939 4667
f 4939 4937 4666
f 5007 5021 5008
f 4950 4952 4951
f 4949 4950 4949
f 4943 4650 4944
f 4650 4943 4942
f 4650 4650 4942
f 4650 4942 4941
f 4939 4941 4940
f 4940 4941 4942
f 4937 4939 4938
f 4938 4939 4940
f 4935 4937 4936
f 4936 4937 4938
f 4934 4935 4934
f 4934 4935 4936
f 4933 4934 4933
f 4933 4934 4934
f 4932 4933 4932
f 4650 4651 4944
f 4951 4952 4953
f 4944 4651 4945
f 4945 4652 4946
f 4949 4950 4951
f 4949 4949 4949
f 4948 4649 4658
f 4931 4649 4948
f 4928 4657 4645
f 4657 4928 4656
f 4928 4926 4656
f 4656 4926 4655
f 4926 4925 4655
f 4655 4947 4654
f 4925 4947 4655
f 4925 4925 4947
f 4653 4654 4947
f 4946 4653 4947
f 4652 4653 4946
f 4651 4652 4945
f 5008 5021 5022
f 4709 4709 5010
f 4709 5010 5022
f 5094 5095 4814
f 4812 5094 4814
f 5093 5094 4812
f 4811 5093 4812
f 5092 5093 4811
f 4810 5092 4811
f 4814 5095 4816
f 5083 5092 4810
f 5083 5083 4809
f 5083 4809 5081
f 4809 4808 5081
f 5081 4808 5079
f 4808 4807 5079
f 5079 4807 5077
f 5083 4810 4809
f 4817 4817 4816
f 4817 4816 5096
f 5096 4816 5095
f 5084 5104 5086
f 4826 5102 5104
f 4792 4826 5104
f 4792 5104 5084
f 4824 5102 4826
f 5101 5102 4824
f 5101 5103 5102
f 4824 4825 5101
f 4821 5100 4822
f 5100 4821 5099
f 4821 4820 5099
f 5099 4820 5098
f 4820 4818 5098
f 4818 4819 5098
f 5096 5097 4817
f 4807 4789 5077
f 5077 4789 4789
f 4789 4789 4789
f 5070 4782 4806
f 4744 4744 4744
f 4744 4744 4744
f 4739 4739 4739
f 4739 4798 5039
f 4739 4739 5039
f 4739 5039 5039
f 4797 5039 4798
f 5091 5039 4797
f 4796 5091 4797
f 5090 5091 4796
f 4795 5090 4796
f 5089 5090 4795
f 4736 5089 4795
f 5037 5089 4736
f 5037 4736 5037
f 4771 4771 4771
f 4817 4817 4817
f 4799 4771 4771
f 4800 4799 4799
f 4806 4805 5070
f 5070 4805 5068
f 5068 4805 4779
f 4774 4774 4774
f 4774 4804 4774
f 4774 4804 4804
f 4804 4803 4804
f 4804 4803 4803
f 4803 4802 4803
f 4803 4802 4802
f 4802 4801 4802
f 4802 4801 4801
f 4801 4800 4801
f 4801 4800 4800
f 4800 4799 4800
f 4799 4771 4799
f 5097 4817 4817
f 5097 5097 4817
f 5097 4827 4817
f 4840 5120 4840
f 4840 5120 5120
f 4840 5123 5120
f 5123 5123 5120
f 5123 4840 5122
f 4840 4843 5122
f 4843 4844 5122
f 4838 5119 4841
f 5119 5121 4841
f 5121 5119 5121
f 5121 5119 5119
f 5116 5120 5118
f 5118 5120 5120
f 4840 5120 4837
f 5120 5116 4837
f 5120 5120 5120
f 4834 5115 4838
f 5126 5124 5125
f 5121 4845 5121
f 5126 5130 4849
f 5126 4849 5124
f 5124 4849 4849
f 5132 5130 5131
f 5123 5123 5123
f 5128 5123 5122
f 5122 5123 5123
f 4847 5122 4844
f 4847 5128 5122
f 4847 5127 5128
f 5127 5129 5128
f 4847 4848 5127
f 5121 4845 4841
f 5121 5125 5124
f 5121 5124 4845
f 5121 4845 4845
f 5037 4736 4736
f 5115 5119 4838
f 5119 5119 5114
f 4819 5110 5111
f 4819 4819 5111
f 4819 5111 5098
f 4832 5110 4819
f 5109 5110 4832
f 4831 5109 4832
f 5108 5109 4831
f 4830 5108 4831
f 5107 5108 4830
f 4829 5107 4830
f 5106 5107 4829
f 4828 5106 4829
f 5105 5106 4828
f 4827 5105 4828
f 5097 5105 4827
f 5098 5112 5099
f 5119 5115 5114
f 5111 5112 5098
f 5112 5113 5099
f 5119 5114 5114
f 5114 5114 5114
f 5101 5117 5103
f 4836 5101 4825
f 4836 5117 5101
f 4836 5116 5117
f 5116 5118 5117
f 4836 4837 5116
f 4833 5115 4834
f 5115 4833 5114
f 4833 4822 5114
f 5113 4822 5100
f 5113 4822 4822
f 5113 5114 4822
f 5114 5114 4822
f 5099 5113 5100
f 5385 5385 5078
f 5027 5088 5029
f 4727 4794 5088
f 4734 5036 4735
f 5035 5036 4734
f 4733 5035 4734
f 5034 5035 4733
f 4732 5034 4733
f 5033 5034 4732
f 4735 5036 5037
f 4731 5033 4732
f 4730 5032 4731
f 5031 5032 4730
f 4729 5031 4730
f 5030 5031 4729
f 4728 5030 4729
f 5028 5030 4728
f 5032 5033 4731
f 4736 4735 5037
f 5039 5038 4739
f 4739 4739 5038
f 5045 5046 4748
f 4746 5045 4748
f 5044 5045 4746
f 4746 5043 5044
f 4744 5043 4746
f 4744 4744 5043
f 5043 4743 5042
f 4744 4743 5043
f 4744 4744 4743
f 4741 5042 4743
f 5041 5042 4741
f 4738 5041 4741
f 5040 5041 4738
f 4738 5038 5040
f 4739 5038 4738
f 4726 5028 4728
f 5027 5028 4726
f 5027 5029 5028
f 4726 4727 5027
f 5024 4715 5025
f 4714 4715 5024
f 5023 4714 5024
f 5023 4713 4714
f 5015 4713 5023
f 5015 5015 4713
f 4713 5015 4712
f 5015 5014 4712
f 4712 5014 4711
f 5014 5013 4711
f 4711 5013 4710
f 5013 5012 4710
f 5012 4708 4710
f 5010 4709 4706
f 5022 5010 5008
f 4715 4716 5025
f 4748 5046 4750
f 5025 4716 5026
f 5016 5016 5026
f 5022 4724 4709
f 4724 5022 4723
f 5022 5021 4723
f 4723 5021 4722
f 5021 5020 4722
f 4722 5020 4721
f 5020 5019 4721
f 4721 5019 4720
f 5019 5018 4720
f 4720 5018 4719
f 5018 5017 4719
f 4719 5017 4718
f 5017 5016 4718
f 4718 5026 4717
f 5016 5026 4718
f 4716 4717 5026
f 5046 5047 4750
f 4750 5047 4752
f 5047 5048 4752
f 4784 5074 4786
f 5073 5074 4784
f 4781 5073 4784
f 5072 5073 4781
f 4781 5071 5072
f 4782 5071 4781
f 4782 5070 5071
f 5068 5069 5070
f 5069 5071 5070
f 5069 4778 5067
f 5068 4778 5069
f 5068 4779 4778
f 4776 5067 4778
f 5066 5067 4776
f 4773 5066 4776
f 5074 5075 4786
f 5065 5066 4773
f 4786 5075 4788
f 4789 4788 5076
f 4727 5088 5027
f 4793 5087 4794
f 5085 5087 4793
f 4791 5085 4793
f 5084 5085 4791
f 5084 5086 5085
f 4791 4792 5084
f 5082 5083 5081
f 5079 5080 5081
f 5080 5082 5081
f 5077 5078 5079
f 5078 5080 5079
f 4789 5076 5077
f 5076 5078 5077
f 5076 4788 5075
f 4789 4789 4788
f 4794 5087 5088
f 4773 5064 5065
f 4774 4774 5064
f 4766 5055 4768
f 5054 5055 4766
f 4764 5054 4766
f 5053 5054 4764
f 4762 5053 4764
f 5052 5053 4762
f 4760 5052 4762
f 5051 5052 4760
f 4758 5051 4760
f 5050 5051 4758
f 4756 5050 4758
f 5049 5050 4756
f 4754 5049 4756
f 5048 5049 4754
f 4752 5048 4754
f 5055 5056 4768
f 4774 5064 4773
f 4768 5056 4770
f 4771 4770 5057
f 4804 5063 4774
f 5063 5064 4774
f 4803 5062 4804
f 5062 5063 4804
f 4802 5061 4803
f 5061 5062 4803
f 4801 5060 4802
f 5060 5061 4802
f 4800 5059 4801
f 5059 5060 4801
f 4799 5058 4800
f 5058 5059 4800
f 4771 5057 4799
f 5057 5058 4799
f 5057 4770 5056
f 4771 4771 4770
f 4896 4634 4896
f 5385 5078 5384
f 5080 5078 5385
f 5386 5715 5397
f 5714 5715 5386
f 5385 5714 5386
f 5713 5714 5385
f 5712 5713 5385
f 5694 5712 5385
f 5715 5716 5397
f 5694 5385 5385
f 5693 5712 5694
f 5710 5711 5692
f 5692 5711 5693
f 5691 5710 5691
f 5691 5710 5692
f 5691 5691 5691
f 5711 5712 5693
f 5397 5716 5398
f 5716 5717 5398
f 5398 5717 5399
f 5724 5389 5389
f 5407 5724 5389
f 5722 5724 5407
f 5405 5722 5407
f 5721 5722 5405
f 5721 5723 5722
f 5405 5406 5721
f 5402 5720 5403
f 5720 5402 5719
f 5402 5401 5719
f 5718 5401 5400
f 5719 5401 5718
f 5719 5719 5401
f 5399 5718 5400
f 5717 5718 5399
f 5657 5709 5659
f 5348 5708 5709
f 5348 5348 5709
f 5348 5709 5657
f 5340 5698 5699
f 5340 5340 5699
f 5340 5699 5654
f 5391 5698 5340
f 5697 5698 5391
f 5390 5697 5391
f 5695 5697 5390
f 5390 5389 5695
f 5389 5696 5695
f 5384 5694 5385
f 5694 5384 5693
f 5384 5383 5693
f 5693 5383 5692
f 5383 5382 5692
f 5692 5382 5691
f 5654 5700 5655
f 5696 5389 5724
f 5699 5700 5654
f 5700 5701 5655
f 5396 5708 5348
f 5707 5708 5396
f 5395 5707 5396
f 5706 5707 5395
f 5394 5706 5395
f 5705 5706 5394
f 5393 5705 5394
f 5704 5705 5393
f 5392 5704 5393
f 5703 5704 5392
f 5344 5703 5392
f 5702 5703 5344
f 5701 5702 5344
f 5656 5701 5344
f 5656 5344 5344
f 5655 5701 5656
f 5382 5381 5691
f 5719 5719 5719
f 5719 5725 5719
f 5739 5744 5740
f 5739 5743 5744
f 5738 5743 5739
f 5738 5742 5743
f 5737 5742 5738
f 5742 5737 5742
f 5740 5744 5745
f 5742 5737 5737
f 5741 5741 5418
f 5741 5418 5418
f 5418 5425 5741
f 5414 5740 5421
f 5740 5732 5739
f 5414 5732 5740
f 5741 5734 5418
f 5740 5745 5426
f 5421 5740 5426
f 5430 5431 5746
f 5426 5745 5432
f 5745 5751 5432
f 5745 5750 5751
f 5744 5750 5745
f 5744 5749 5750
f 5743 5749 5744
f 5743 5748 5749
f 5742 5748 5743
f 5748 5742 5748
f 5748 5742 5742
f 5741 5741 5741
f 5430 5741 5425
f 5430 5741 5741
f 5430 5746 5741
f 5746 5747 5741
f 5414 5414 5732
f 5732 5738 5739
f 5731 5738 5732
f 5731 5737 5738
f 5413 5412 5731
f 5731 5412 5730
f 5412 5411 5730
f 5730 5411 5729
f 5411 5410 5729
f 5729 5410 5728
f 5410 5409 5728
f 5728 5409 5727
f 5409 5408 5727
f 5727 5408 5726
f 5408 5403 5726
f 5725 5403 5720
f 5725 5403 5403
f 5725 5726 5403
f 5726 5726 5403
f 5732 5413 5731
f 5719 5725 5720
f 5413 5732 5414
f 5419 5418 5733
f 5730 5737 5731
f 5737 5730 5729
f 5737 5737 5729
f 5737 5729 5736
f 5728 5736 5728
f 5728 5736 5729
f 5727 5728 5727
f 5727 5728 5728
f 5726 5727 5726
f 5726 5727 5727
f 5726 5726 5726
f 5721 5735 5723
f 5419 5733 5735
f 5406 5419 5735
f 5406 5735 5721
f 5418 5734 5733
f 5690 5381 5380
f 5691 5381 5690
f 5691 5691 5381
f 5649 5323 5323
f 5322 5323 5648
f 5647 5322 5648
f 5321 5322 5647
f 5646 5321 5647
f 5320 5321 5646
f 5649 5650 5323
f 5645 5320 5646
f 5644 5319 5645
f 5644 5317 5319
f 5636 5317 5644
f 5636 5636 5317
f 5317 5636 5316
f 5636 5634 5316
f 5319 5320 5645
f 5650 5648 5323
f 5650 5651 5652
f 5649 5651 5650
f 5643 5334 5311
f 5334 5643 5332
f 5643 5642 5332
f 5332 5642 5330
f 5642 5640 5330
f 5330 5640 5328
f 5640 5638 5328
f 5328 5638 5326
f 5638 5637 5326
f 5326 5653 5324
f 5637 5653 5326
f 5637 5637 5653
f 5324 5653 5652
f 5324 5324 5652
f 5324 5652 5651
f 5316 5634 5315
f 5634 5632 5315
f 5632 5308 5315
f 5628 5313 5300
f 5633 5634 5635
f 5633 5631 5307
f 5632 5633 5307
f 5632 5307 5308
f 5305 5307 5631
f 5630 5305 5631
f 5630 5304 5305
f 5622 5304 5630
f 5622 5620 5304
f 5620 5297 5304
f 5617 5302 5292
f 5302 5617 5299
f 5617 5614 5299
f 5616 5629 5628
f 5616 5628 5300
f 5632 5634 5633
f 5649 5323 5336
f 5635 5636 5636
f 5636 5636 5636
f 5313 5628 5310
f 5628 5626 5310
f 5643 5626 5624
f 5311 5626 5643
f 5311 5310 5626
f 5624 5642 5643
f 5623 5642 5624
f 5640 5642 5623
f 5641 5640 5623
f 5641 5623 5623
f 5638 5640 5639
f 5639 5640 5641
f 5637 5638 5637
f 5637 5638 5639
f 5637 5637 5637
f 5634 5636 5635
f 5651 5649 5336
f 5337 5651 5336
f 5651 5337 5324
f 5680 5681 5370
f 5369 5680 5370
f 5679 5680 5369
f 5368 5679 5369
f 5678 5679 5368
f 5367 5678 5368
f 5677 5678 5367
f 5366 5677 5367
f 5676 5677 5366
f 5365 5676 5366
f 5675 5676 5365
f 5364 5675 5365
f 5674 5675 5364
f 5363 5674 5364
f 5673 5674 5363
f 5370 5681 5371
f 5362 5673 5363
f 5681 5682 5371
f 5682 5683 5372
f 5379 5690 5380
f 5689 5690 5379
f 5378 5689 5379
f 5688 5689 5378
f 5377 5688 5378
f 5687 5688 5377
f 5376 5687 5377
f 5686 5687 5376
f 5375 5686 5376
f 5685 5686 5375
f 5374 5685 5375
f 5684 5685 5374
f 5373 5684 5374
f 5683 5684 5373
f 5372 5683 5373
f 5371 5682 5372
f 5436 5435 5752
f 5672 5673 5362
f 5671 5672 5361
f 5661 5662 5351
f 5350 5661 5351
f 5660 5661 5350
f 5349 5660 5350
f 5658 5660 5349
f 5347 5658 5349
f 5657 5658 5347
f 5657 5659 5658
f 5347 5348 5657
f 5343 5656 5344
f 5656 5343 5655
f 5343 5342 5655
f 5655 5342 5654
f 5342 5341 5654
f 5341 5340 5654
f 5351 5662 5352
f 5361 5672 5362
f 5662 5663 5352
f 5663 5664 5353
f 5360 5671 5361
f 5670 5671 5360
f 5359 5670 5360
f 5669 5670 5359
f 5358 5669 5359
f 5668 5669 5358
f 5357 5668 5358
f 5667 5668 5357
f 5356 5667 5357
f 5666 5667 5356
f 5355 5666 5356
f 5665 5666 5355
f 5354 5665 5355
f 5664 5665 5354
f 5353 5664 5354
f 5352 5663 5353
f 5616 5300 5614
f 5752 5752 5753
f 5436 5753 5746
f 5835 5837 5836
f 5836 5837 5838
f 5834 5835 5834
f 5834 5835 5836
f 5833 5834 5833
f 5833 5834 5834
f 5838 5820 5820
f 5832 5833 5832
f 5831 5832 5831
f 5831 5832 5832
f 5831 5831 5831
f 5830 5509 5519
f 5819 5509 5830
f 5817 5518 5505
f 5832 5833 5833
f 5838 5837 5820
f 5837 5839 5820
f 5520 5520 5821
f 5840 5830 5519
f 5840 5840 5519
f 5840 5519 5519
f 5519 5528 5840
f 5829 5526 5510
f 5526 5829 5524
f 5829 5827 5524
f 5524 5827 5522
f 5827 5825 5522
f 5522 5825 5521
f 5825 5823 5521
f 5521 5823 5520
f 5823 5821 5520
f 5839 5821 5820
f 5520 5821 5839
f 5518 5817 5516
f 5817 5815 5516
f 5516 5815 5514
f 5815 5813 5514
f 5807 5502 5818
f 5818 5502 5508
f 5508 5509 5818
f 5509 5819 5818
f 5805 5507 5494
f 5507 5805 5504
f 5805 5803 5504
f 5817 5803 5802
f 5505 5803 5817
f 5505 5504 5803
f 5815 5817 5802
f 5816 5815 5802
f 5816 5802 5802
f 5813 5815 5814
f 5814 5815 5816
f 5820 5820 5820
f 5842 5831 5831
f 5820 5821 5822
f 5822 5823 5824
f 5514 5813 5512
f 5813 5811 5512
f 5512 5811 5510
f 5811 5809 5510
f 5829 5809 5808
f 5510 5809 5829
f 5510 5510 5809
f 5827 5829 5808
f 5828 5827 5808
f 5828 5808 5808
f 5825 5827 5826
f 5826 5827 5828
f 5823 5825 5824
f 5824 5825 5826
f 5821 5823 5822
f 5820 5821 5820
f 5811 5813 5812
f 5841 5831 5842
f 5832 5841 5843
f 5867 5868 5869
f 5864 5866 5865
f 5865 5866 5867
f 5863 5864 5863
f 5863 5864 5865
f 5863 5863 5863
f 5866 5868 5867
f 5862 5535 5549
f 5847 5546 5529
f 5546 5847 5544
f 5847 5846 5544
f 5544 5846 5542
f 5846 5845 5542
f 5542 5845 5540
f 5848 5535 5862
f 5849 5550 5550
f 5849 5550 5849
f 5849 5868 5550
f 5549 5563 5870
f 5860 5562 5536
f 5562 5860 5560
f 5860 5858 5560
f 5560 5858 5558
f 5858 5856 5558
f 5558 5856 5556
f 5856 5854 5556
f 5556 5854 5554
f 5854 5852 5554
f 5554 5852 5552
f 5852 5850 5552
f 5552 5850 5550
f 5850 5849 5550
f 5849 5869 5868
f 5845 5844 5540
f 5540 5844 5538
f 5844 5843 5538
f 5538 5843 5536
f 5848 5528 5535
f 5840 5528 5848
f 5840 5840 5528
f 5839 5529 5520
f 5847 5839 5837
f 5529 5839 5847
f 5529 5529 5839
f 5837 5846 5847
f 5835 5846 5837
f 5835 5845 5846
f 5834 5845 5835
f 5834 5844 5845
f 5833 5844 5834
f 5833 5843 5844
f 5832 5843 5833
f 5840 5840 5840
f 5831 5841 5832
f 5849 5849 5849
f 5849 5850 5849
f 5843 5841 5536
f 5842 5861 5860
f 5842 5860 5536
f 5842 5536 5841
f 5841 5536 5536
f 5858 5860 5859
f 5859 5860 5861
f 5856 5858 5857
f 5857 5858 5859
f 5854 5856 5855
f 5855 5856 5857
f 5852 5854 5853
f 5853 5854 5855
f 5850 5852 5851
f 5851 5852 5853
f 5849 5850 5851
f 5812 5813 5814
f 5809 5811 5810
f 5810 5811 5812
f 5771 5773 5764
f 5772 5771 5764
f 5772 5764 5764
f 5770 5771 5770
f 5770 5771 5772
f 5770 5770 5770
f 5764 5773 5765
f 5762 5442 5768
f 5451 5452 5768
f 5452 5769 5768
f 5760 5447 5437
f 5447 5760 5445
f 5760 5759 5445
f 5445 5759 5443
f 5768 5442 5451
f 5765 5773 5774
f 5765 5774 5766
f 5766 5774 5775
f 5770 5781 5771
f 5779 5781 5770
f 5780 5779 5770
f 5780 5770 5770
f 5778 5779 5778
f 5778 5779 5780
f 5778 5778 5778
f 5769 5452 5776
f 5776 5452 5461
f 5461 5462 5776
f 5462 5777 5776
f 5767 5454 5443
f 5775 5767 5766
f 5455 5767 5775
f 5455 5454 5767
f 5759 5758 5443
f 5767 5758 5756
f 5443 5758 5767
f 5443 5443 5758
f 5437 5437 5751
f 5750 5759 5760
f 5749 5759 5750
f 5749 5758 5759
f 5748 5758 5749
f 5756 5758 5748
f 5757 5756 5748
f 5757 5748 5748
f 5755 5756 5755
f 5755 5756 5757
f 5754 5755 5754
f 5754 5755 5755
f 5754 5754 5754
f 5746 5753 5747
f 5436 5746 5431
f 5437 5751 5760
f 5771 5781 5782
f 5760 5751 5750
f 5442 5762 5761
f 5756 5766 5767
f 5755 5766 5756
f 5755 5765 5766
f 5754 5765 5755
f 5764 5765 5754
f 5764 5764 5754
f 5764 5754 5754
f 5764 5764 5764
f 5752 5752 5752
f 5435 5763 5752
f 5435 5435 5752
f 5435 5752 5752
f 5441 5763 5435
f 5761 5763 5441
f 5441 5442 5761
f 5751 5437 5432
f 5771 5782 5773
f 5773 5782 5783
f 5463 5463 5774
f 5804 5794 5794
f 5802 5803 5802
f 5802 5803 5804
f 5802 5802 5802
f 5790 5801 5792
f 5490 5790 5477
f 5490 5801 5790
f 5490 5800 5801
f 5800 5800 5801
f 5490 5491 5800
f 5789 5485 5471
f 5485 5789 5483
f 5789 5788 5483
f 5483 5788 5480
f 5788 5787 5480
f 5804 5803 5794
f 5799 5787 5785
f 5803 5805 5794
f 5494 5795 5805
f 5808 5809 5808
f 5808 5809 5810
f 5808 5808 5808
f 5800 5800 5800
f 5501 5806 5800
f 5491 5501 5800
f 5491 5800 5800
f 5501 5502 5806
f 5502 5807 5806
f 5799 5498 5481
f 5498 5799 5496
f 5799 5797 5496
f 5496 5797 5493
f 5797 5795 5493
f 5805 5795 5794
f 5494 5493 5795
f 5436 5752 5753
f 5481 5787 5799
f 5797 5799 5785
f 5782 5788 5789
f 5781 5788 5782
f 5781 5787 5788
f 5779 5787 5781
f 5779 5785 5787
f 5778 5785 5779
f 5785 5778 5786
f 5786 5778 5778
f 5784 5462 5470
f 5777 5462 5784
f 5775 5465 5455
f 5465 5775 5463
f 5775 5774 5463
f 5783 5774 5773
f 5463 5774 5783
f 5471 5471 5783
f 5481 5480 5787
f 5471 5783 5789
f 5783 5471 5463
f 5798 5797 5785
f 5798 5785 5786
f 5795 5797 5796
f 5796 5797 5798
f 5794 5795 5794
f 5794 5795 5796
f 5794 5794 5794
f 5784 5470 5793
f 5793 5470 5470
f 5478 5793 5470
f 5791 5793 5478
f 5476 5791 5478
f 5790 5791 5476
f 5790 5792 5791
f 5476 5477 5790
f 5789 5783 5782
f 5614 5300 5299
f 5626 5628 5627
f 5627 5628 5629
f 5465 5464 5453
f 5465 5453 5455
f 5463 5464 5463
f 5463 5464 5465
f 5463 5463 5463
f 5450 5461 5452
f 5464 5466 5453
f 5145 5450 5139
f 5145 5460 5461
f 5460 5462 5461
f 5145 5144 5460
f 5449 5141 5136
f 5459 5449 5448
f 5142 5449 5459
f 5145 5461 5450
f 5453 5466 5456
f 5456 5466 5467
f 5456 5467 5457
f 5471 5463 5463
f 5471 5471 5471
f 5460 5470 5462
f 5462 5470 5470
f 5460 5469 5470
f 5144 5469 5460
f 5144 5144 5469
f 5144 5151 5469
f 5459 5148 5142
f 5148 5459 5146
f 5459 5458 5146
f 5468 5458 5457
f 5146 5458 5468
f 5146 5146 5458
f 5457 5467 5468
f 5142 5141 5449
f 5448 5458 5459
f 5446 5458 5448
f 5446 5457 5458
f 5446 5448 5437
f 5447 5446 5437
f 5447 5437 5437
f 5444 5446 5445
f 5445 5446 5447
f 5443 5444 5443
f 5443 5444 5445
f 5443 5443 5443
f 5435 5435 5435
f 5135 5441 5435
f 5129 5135 5435
f 5129 5435 5435
f 5133 5441 5135
f 5440 5441 5133
f 5440 5442 5441
f 5437 5448 5438
f 5471 5471 5463
f 5438 5448 5449
f 5136 5439 5449
f 5444 5457 5446
f 5444 5456 5457
f 5443 5456 5444
f 5453 5456 5443
f 5454 5453 5443
f 5454 5443 5443
f 5455 5453 5454
f 5440 5451 5442
f 5138 5440 5134
f 5138 5451 5440
f 5138 5450 5451
f 5450 5452 5451
f 5138 5139 5450
f 5439 5136 5132
f 5449 5439 5438
f 5136 5136 5439
f 5133 5134 5440
f 5471 5472 5463
f 5464 5472 5473
f 5484 5482 5166
f 5499 5482 5479
f 5167 5482 5499
f 5167 5166 5482
f 5497 5499 5479
f 5498 5497 5479
f 5169 5484 5166
f 5498 5479 5481
f 5496 5497 5498
f 5492 5495 5493
f 5493 5495 5496
f 5494 5492 5493
f 5477 5157 5490
f 5490 5157 5164
f 5495 5497 5496
f 5486 5484 5169
f 5171 5486 5169
f 5487 5486 5171
f 5494 5179 5492
f 5492 5179 5179
f 5503 5506 5504
f 5504 5506 5507
f 5505 5503 5504
f 5489 5501 5491
f 5177 5489 5163
f 5177 5501 5489
f 5177 5500 5501
f 5500 5502 5501
f 5177 5178 5500
f 5488 5175 5158
f 5175 5488 5173
f 5488 5487 5173
f 5173 5487 5171
f 5162 5490 5164
f 5489 5490 5162
f 5489 5491 5490
f 5162 5163 5489
f 5478 5470 5469
f 5469 5470 5470
f 5156 5476 5478
f 5151 5156 5478
f 5151 5478 5469
f 5156 5157 5476
f 5157 5477 5476
f 5468 5152 5146
f 5475 5468 5467
f 5152 5468 5475
f 5152 5152 5468
f 5467 5474 5475
f 5466 5474 5467
f 5466 5473 5474
f 5464 5473 5466
f 5470 5470 5470
f 5463 5472 5464
f 5481 5479 5480
f 5479 5482 5480
f 5475 5160 5152
f 5160 5475 5158
f 5475 5474 5158
f 5488 5474 5473
f 5158 5474 5488
f 5158 5158 5474
f 5473 5487 5488
f 5472 5487 5473
f 5472 5486 5487
f 5471 5486 5472
f 5484 5486 5471
f 5485 5484 5471
f 5485 5471 5471
f 5482 5484 5483
f 5483 5484 5485
f 5480 5482 5483
f 5434 5131 5126
f 5439 5434 5433
f 5132 5434 5439
f 5403 5096 5402
f 5403 5403 5096
f 5094 5402 5095
f 5401 5402 5094
f 5093 5401 5094
f 5400 5401 5093
f 5402 5096 5095
f 5092 5400 5093
f 5083 5399 5092
f 5398 5399 5083
f 5397 5398 5083
f 5387 5397 5083
f 5387 5083 5083
f 5386 5397 5386
f 5399 5400 5092
f 5096 5403 5097
f 5102 5103 5404
f 5404 5406 5405
f 5409 5410 5105
f 5097 5409 5105
f 5408 5409 5097
f 5403 5408 5097
f 5403 5403 5097
f 5403 5097 5097
f 5403 5403 5403
f 5389 5389 5389
f 5407 5389 5388
f 5388 5389 5389
f 5104 5405 5407
f 5086 5104 5407
f 5086 5407 5388
f 5102 5405 5104
f 5404 5405 5102
f 5386 5397 5387
f 5385 5386 5385
f 5385 5386 5386
f 5385 5385 5385
f 5391 5340 5339
f 5339 5340 5340
f 5088 5390 5391
f 5029 5088 5391
f 5029 5391 5339
f 5087 5390 5088
f 5389 5390 5087
f 5389 5389 5390
f 5389 5087 5388
f 5087 5085 5388
f 5085 5086 5388
f 5082 5387 5083
f 5387 5082 5386
f 5082 5080 5386
f 5386 5080 5385
f 5340 5340 5340
f 5105 5410 5106
f 5344 5344 5344
f 5344 5392 5344
f 5039 5039 5039
f 5039 5091 5348
f 5039 5039 5348
f 5039 5348 5348
f 5090 5348 5091
f 5396 5348 5090
f 5089 5396 5090
f 5395 5396 5089
f 5037 5395 5089
f 5394 5395 5037
f 5393 5394 5037
f 5346 5393 5037
f 5346 5037 5037
f 5392 5393 5345
f 5345 5393 5346
f 5344 5392 5345
f 5410 5411 5106
f 5106 5411 5107
f 5411 5412 5107
f 5427 5432 5433
f 5426 5432 5427
f 5432 5426 5432
f 5432 5426 5426
f 5425 5120 5430
f 5430 5120 5120
f 5120 5123 5430
f 5123 5431 5430
f 5119 5424 5121
f 5424 5429 5121
f 5424 5428 5429
f 5423 5428 5424
f 5423 5427 5428
f 5422 5427 5423
f 5422 5426 5427
f 5427 5433 5428
f 5420 5426 5422
f 5428 5433 5434
f 5126 5429 5434
f 5132 5131 5434
f 5433 5438 5439
f 5432 5438 5433
f 5437 5438 5432
f 5437 5437 5432
f 5437 5432 5432
f 5437 5437 5437
f 5431 5123 5436
f 5436 5123 5123
f 5128 5436 5123
f 5435 5436 5128
f 5435 5435 5436
f 5128 5129 5435
f 5429 5125 5121
f 5434 5429 5428
f 5126 5125 5429
f 5494 5506 5179
f 5426 5420 5426
f 5418 5418 5418
f 5418 5418 5419
f 5117 5118 5418
f 5113 5417 5114
f 5417 5113 5416
f 5113 5112 5416
f 5416 5112 5415
f 5112 5111 5415
f 5415 5111 5414
f 5111 5110 5414
f 5413 5110 5109
f 5414 5110 5413
f 5414 5414 5110
f 5108 5413 5109
f 5412 5413 5108
f 5107 5412 5108
f 5117 5418 5419
f 5426 5420 5421
f 5117 5419 5404
f 5404 5419 5406
f 5425 5118 5120
f 5418 5118 5425
f 5418 5418 5118
f 5114 5424 5119
f 5424 5417 5423
f 5114 5417 5424
f 5114 5114 5417
f 5417 5422 5423
f 5416 5422 5417
f 5416 5420 5422
f 5415 5420 5416
f 5420 5415 5414
f 5421 5420 5414
f 5421 5414 5414
f 5414 5414 5414
f 5117 5404 5103
f 5494 5507 5506
f 5495 5492 5179
f 5181 5495 5179
f 5589 5590 5591
f 5587 5588 5587
f 5587 5588 5589
f 5586 5587 5586
f 5586 5587 5587
f 5585 5586 5585
f 5588 5590 5589
f 5585 5586 5586
f 5572 5583 5573
f 5573 5583 5584
f 5260 5583 5251
f 5583 5572 5251
f 5569 5259 5238
f 5259 5569 5258
f 5585 5585 5585
f 5591 5592 5593
f 5590 5592 5591
f 5593 5594 5595
f 5270 5581 5269
f 5581 5579 5269
f 5269 5579 5267
f 5579 5577 5267
f 5267 5577 5265
f 5577 5575 5265
f 5265 5575 5263
f 5575 5574 5263
f 5263 5596 5261
f 5574 5596 5263
f 5574 5574 5596
f 5261 5596 5595
f 5261 5261 5595
f 5261 5595 5594
f 5592 5594 5593
f 5569 5567 5258
f 5258 5567 5256
f 5567 5565 5256
f 5256 5565 5253
f 5250 5251 5572
f 5561 5249 5218
f 5249 5561 5248
f 5561 5559 5248
f 5248 5559 5247
f 5559 5557 5247
f 5247 5557 5246
f 5557 5555 5246
f 5246 5555 5244
f 5555 5553 5244
f 5244 5553 5242
f 5553 5551 5242
f 5242 5551 5240
f 5551 5550 5240
f 5240 5571 5237
f 5572 5573 5563
f 5581 5270 5254
f 5250 5572 5563
f 5250 5563 5235
f 5565 5564 5253
f 5564 5582 5581
f 5564 5581 5254
f 5564 5254 5564
f 5564 5254 5253
f 5579 5581 5580
f 5580 5581 5582
f 5577 5579 5578
f 5578 5579 5580
f 5575 5577 5576
f 5576 5577 5578
f 5574 5575 5574
f 5574 5575 5576
f 5574 5574 5574
f 5563 5563 5563
f 5250 5563 5563
f 5597 5583 5260
f 5271 5597 5260
f 5584 5597 5597
f 5606 5292 5292
f 5614 5617 5615
f 5615 5617 5618
f 5616 5614 5615
f 5291 5613 5605
f 5291 5291 5605
f 5291 5605 5605
f 5605 5277 5291
f 5604 5290 5272
f 5290 5604 5288
f 5604 5603 5288
f 5288 5603 5286
f 5603 5602 5286
f 5286 5602 5284
f 5602 5601 5284
f 5608 5292 5606
f 5284 5601 5282
f 5608 5617 5292
f 5609 5606 5292
f 5624 5626 5625
f 5625 5626 5627
f 5623 5624 5623
f 5623 5624 5625
f 5623 5623 5623
f 5621 5620 5622
f 5621 5619 5297
f 5620 5621 5297
f 5620 5297 5297
f 5619 5613 5297
f 5613 5291 5297
f 5611 5296 5278
f 5296 5611 5294
f 5611 5609 5294
f 5294 5609 5292
f 5608 5618 5617
f 5550 5571 5240
f 5601 5600 5282
f 5600 5599 5280
f 5592 5603 5604
f 5590 5603 5592
f 5590 5602 5603
f 5588 5602 5590
f 5588 5601 5602
f 5587 5601 5588
f 5587 5600 5601
f 5586 5600 5587
f 5586 5599 5600
f 5585 5599 5586
f 5598 5599 5585
f 5598 5598 5585
f 5598 5585 5585
f 5598 5598 5598
f 5583 5597 5584
f 5272 5272 5594
f 5282 5600 5280
f 5272 5594 5604
f 5594 5272 5261
f 5280 5599 5278
f 5599 5598 5278
f 5598 5612 5611
f 5598 5611 5278
f 5598 5278 5598
f 5598 5278 5278
f 5609 5611 5610
f 5610 5611 5612
f 5606 5609 5607
f 5607 5609 5610
f 5608 5606 5607
f 5597 5605 5597
f 5597 5605 5605
f 5277 5605 5271
f 5605 5597 5271
f 5604 5594 5592
f 5384 5078 5076
f 5550 5550 5571
f 5238 5237 5570
f 5519 5519 5195
f 5517 5202 5190
f 5202 5517 5200
f 5517 5515 5200
f 5200 5515 5198
f 5515 5513 5198
f 5519 5195 5528
f 5198 5513 5196
f 5527 5511 5510
f 5196 5511 5527
f 5196 5196 5511
f 5525 5527 5510
f 5526 5525 5510
f 5526 5510 5510
f 5513 5511 5196
f 5528 5195 5203
f 5519 5519 5519
f 5529 5529 5529
f 5527 5204 5196
f 5534 5527 5525
f 5204 5527 5534
f 5204 5204 5527
f 5525 5533 5534
f 5523 5533 5525
f 5523 5532 5533
f 5522 5532 5523
f 5522 5531 5532
f 5521 5531 5522
f 5521 5530 5531
f 5520 5530 5521
f 5529 5530 5520
f 5529 5529 5520
f 5529 5520 5520
f 5523 5525 5524
f 5524 5525 5526
f 5522 5523 5522
f 5522 5523 5524
f 5514 5515 5516
f 5511 5513 5512
f 5512 5513 5514
f 5510 5511 5510
f 5510 5511 5512
f 5510 5510 5510
f 5500 5508 5502
f 5509 5178 5187
f 5508 5178 5509
f 5508 5500 5178
f 5499 5185 5167
f 5185 5499 5183
f 5499 5497 5183
f 5183 5497 5181
f 5497 5495 5181
f 5513 5515 5514
f 5528 5203 5535
f 5516 5517 5518
f 5503 5190 5189
f 5521 5522 5521
f 5521 5522 5522
f 5520 5521 5520
f 5520 5521 5521
f 5520 5520 5520
f 5519 5509 5187
f 5519 5519 5187
f 5519 5187 5187
f 5187 5195 5519
f 5506 5192 5179
f 5192 5506 5189
f 5506 5503 5189
f 5505 5518 5517
f 5505 5517 5190
f 5505 5190 5503
f 5515 5517 5516
f 5535 5203 5208
f 5536 5536 5536
f 5536 5537 5538
f 5226 5543 5224
f 5543 5541 5224
f 5224 5541 5222
f 5541 5539 5222
f 5222 5539 5220
f 5539 5537 5220
f 5220 5537 5217
f 5537 5536 5217
f 5536 5562 5561
f 5536 5561 5218
f 5536 5218 5536
f 5536 5218 5217
f 5559 5561 5560
f 5560 5561 5562
f 5557 5559 5558
f 5545 5543 5226
f 5558 5559 5560
f 5228 5545 5226
f 5230 5547 5228
f 5238 5570 5569
f 5567 5569 5568
f 5568 5569 5570
f 5565 5567 5566
f 5566 5567 5568
f 5564 5565 5564
f 5564 5565 5566
f 5564 5564 5564
f 5215 5549 5215
f 5215 5563 5549
f 5563 5563 5549
f 5215 5235 5563
f 5548 5232 5209
f 5232 5548 5230
f 5548 5547 5230
f 5547 5545 5228
f 5237 5571 5570
f 5555 5557 5556
f 5553 5555 5554
f 5209 5209 5531
f 5530 5547 5548
f 5529 5547 5530
f 5545 5547 5529
f 5546 5545 5529
f 5546 5529 5529
f 5543 5545 5544
f 5544 5545 5546
f 5541 5543 5542
f 5542 5543 5544
f 5539 5541 5540
f 5540 5541 5542
f 5537 5539 5538
f 5538 5539 5540
f 5536 5537 5536
f 5209 5531 5548
f 5556 5557 5558
f 5548 5531 5530
f 5210 5532 5209
f 5554 5555 5556
f 5551 5553 5552
f 5552 5553 5554
f 5550 5551 5550
f 5550 5551 5552
f 5550 5550 5550
f 5549 5535 5208
f 5549 5549 5208
f 5549 5208 5208
f 5208 5215 5549
f 5534 5214 5204
f 5214 5534 5212
f 5534 5533 5212
f 5212 5533 5210
f 5533 5532 5210
f 5532 5531 5209
f 4896 4634 4633
f 4906 4908 4907
f 4907 4908 4909
f 4267 4269 4268
f 4264 4265 4266
f 4265 4267 4266
f 4262 4263 4264
f 4263 4265 4264
f 4260 4261 4262
f 4266 4267 4268
f 4261 4263 4262
f 4259 4261 4260
f 4008 4258 4009
f 4258 4259 4009
f 4256 4257 4008
f 4257 4258 4008
f 4254 4255 4256
f 4009 4259 4260
f 4269 4271 4270
f 4268 4269 4270
f 4271 4273 4272
f 4022 4284 4023
f 4284 4285 4023
f 4282 4283 4022
f 4283 4284 4022
f 4280 4281 4282
f 4281 4283 4282
f 4278 4279 4280
f 4279 4281 4280
f 4276 4277 4278
f 4277 4279 4278
f 4274 4275 4276
f 4275 4277 4276
f 4272 4273 4274
f 4273 4275 4274
f 4270 4271 4272
f 4255 4257 4256
f 4252 4253 4254
f 4253 4255 4254
f 4250 4251 4252
f 4240 4241 3984
f 3982 4240 3984
f 4239 4240 3982
f 3980 4239 3982
f 4238 4239 3980
f 3979 4238 3980
f 4237 4238 3979
f 3978 4237 3979
f 4236 4237 3978
f 3977 4236 3978
f 4231 4236 3977
f 4231 3977 3973
f 4231 4231 3973
f 4231 3973 3973
f 3973 3973 3973
f 3984 4241 3986
f 4285 4286 4024
f 3987 3987 3986
f 4242 3986 4241
f 4251 4253 4252
f 4248 4249 4250
f 4249 4251 4250
f 4002 4247 4248
f 4247 4249 4248
f 4001 4246 4002
f 4246 4247 4002
f 4000 4245 4001
f 4245 4246 4001
f 3999 4244 4000
f 4244 4245 4000
f 3998 4243 3999
f 4243 4244 3999
f 3987 4242 3998
f 4242 4243 3998
f 3987 3986 4242
f 4219 4235 4221
f 4023 4285 4024
f 4024 4286 4287
f 4005 4004 4252
f 4252 4004 4250
f 4004 4003 4250
f 4250 4003 4248
f 4003 4002 4248
f 4248 4002 4002
f 4254 4005 4252
f 4002 4001 4002
f 4001 4000 4001
f 4001 4000 4000
f 4000 3999 4000
f 4000 3999 3999
f 3999 3998 3999
f 3999 3998 3998
f 4002 4001 4001
f 4006 4005 4254
f 4256 4006 4254
f 4007 4006 4256
f 4270 4014 4268
f 4014 4013 4268
f 4268 4013 4266
f 4013 4012 4266
f 4266 4012 4264
f 4012 4011 4264
f 4264 4011 4262
f 4011 4010 4262
f 4262 4010 4260
f 4010 4009 4260
f 4260 4009 4009
f 4009 4008 4009
f 4009 4008 4008
f 4008 4007 4008
f 4008 4007 4256
f 3998 3987 3998
f 3998 3987 3987
f 3987 3987 3987
f 4233 3974 4311
f 4298 4300 4299
f 4295 4296 4297
f 4296 4298 4297
f 4030 4294 4295
f 4294 4296 4295
f 4029 4293 4030
f 4293 4294 4030
f 4028 4292 4029
f 4292 4293 4029
f 4027 4291 4028
f 4291 4292 4028
f 4289 4290 4027
f 4290 4291 4027
f 4287 4288 4289
f 4288 4290 4289
f 4297 4298 4299
f 4286 4288 4287
f 4300 4301 4299
f 3990 4302 4303
f 4311 3974 3974
f 3997 4311 3974
f 4310 4311 3997
f 4310 4310 4311
f 3997 3996 4310
f 4308 4309 3995
f 4308 3994 4307
f 3995 3994 4308
f 3995 3995 3994
f 3992 4307 3994
f 4306 4307 3992
f 3989 4306 3992
f 4305 4306 3989
f 3989 4303 4305
f 3990 4303 3989
f 4304 4303 4302
f 3976 4234 4235
f 3962 3976 4235
f 3962 4235 4219
f 3930 3930 4196
f 3930 4196 4196
f 4196 4196 4196
f 3929 4195 3929
f 3929 4195 4195
f 3928 3929 4195
f 3930 4197 4196
f 4194 3928 4195
f 4193 3927 4194
f 4193 4185 3927
f 4185 3920 3927
f 4176 3926 3911
f 3926 4176 3925
f 4176 4173 3925
f 3927 3928 4194
f 4186 4188 4197
f 4186 4197 3932
f 3932 4197 3930
f 4200 4198 3937
f 4198 3934 3937
f 4196 3935 3930
f 4196 4199 4199
f 4196 4199 3935
f 4196 3935 4196
f 4196 3935 3935
f 4199 4199 4199
f 3934 4198 3934
f 3934 4198 4198
f 4198 4195 3934
f 4195 3929 3934
f 4189 3933 3923
f 3933 4189 3932
f 4189 4186 3932
f 3925 4192 3924
f 4173 4192 3925
f 4173 4175 4192
f 3922 3924 4192
f 4164 4181 3915
f 4164 4166 4181
f 3913 3914 4181
f 4180 3913 4181
f 3912 3913 4180
f 4179 3912 4180
f 3911 3912 4179
f 4178 3911 4179
f 3911 4178 4177
f 3911 3911 4177
f 3911 4177 4176
f 4173 4176 4174
f 4174 4176 4177
f 4175 4173 4174
f 3910 4172 3909
f 3915 4181 3914
f 4200 3937 4201
f 4167 4164 3915
f 4167 3916 3904
f 4191 3922 4192
f 3922 4191 4190
f 3923 3922 4190
f 3923 4190 4189
f 4186 4189 4187
f 4187 4189 4190
f 4188 4186 4187
f 3920 4185 3919
f 3919 4185 4184
f 3918 3919 4184
f 4183 3918 4184
f 3917 3918 4183
f 4182 3917 4183
f 4182 4172 3917
f 4172 3910 3917
f 3916 4167 3915
f 3937 3938 4201
f 4201 3938 4202
f 3938 3939 4202
f 4223 4224 3965
f 3964 4223 3965
f 4222 4223 3964
f 3963 4222 3964
f 4220 4222 3963
f 3961 4220 3963
f 4219 4220 3961
f 4219 4221 4220
f 3961 3962 4219
f 4206 3959 3944
f 3959 4206 3958
f 4206 4205 3958
f 3958 4218 3957
f 4205 4218 3958
f 4205 4205 4218
f 3965 4224 3966
f 3956 3957 4218
f 4224 4225 3966
f 4225 4226 3967
f 3975 4234 3976
f 4232 4234 3975
f 3975 3974 4232
f 3974 4233 4232
f 4230 4231 3973
f 4230 3972 4229
f 3973 3972 4230
f 3973 3973 3972
f 3970 4229 3972
f 4228 4229 3970
f 3969 4228 3970
f 4227 4228 3969
f 3968 4227 3969
f 4226 4227 3968
f 3967 4226 3968
f 3966 4225 3967
f 4015 4014 4270
f 4217 3956 4218
f 4216 3955 4217
f 4199 4199 4209
f 3943 3946 4209
f 4208 3943 4209
f 3943 4208 4207
f 3944 3943 4207
f 3944 4207 4206
f 4205 4206 4205
f 4205 4206 4207
f 4205 4205 4205
f 4204 4204 4204
f 4204 4203 3940
f 4204 4204 3940
f 4204 3940 3941
f 3939 3940 4203
f 4202 3939 4203
f 4199 4209 3947
f 3955 3956 4217
f 3947 4209 3946
f 4204 3941 3948
f 3954 3955 4216
f 4215 3954 4216
f 3953 3954 4215
f 4214 3953 4215
f 3952 3953 4214
f 4213 3952 4214
f 3951 3952 4213
f 4212 3951 4213
f 3950 3951 4212
f 4211 3950 4212
f 3949 3950 4211
f 4210 3949 4211
f 4210 3948 3949
f 4204 3948 4210
f 4204 4204 3948
f 4199 3947 3935
f 3909 4172 4171
f 4272 4015 4270
f 4274 4016 4272
f 4102 4367 4101
f 4367 4366 4101
f 4101 4378 4100
f 4366 4378 4101
f 4366 4366 4378
f 4100 4378 4377
f 4369 4367 4102
f 4100 4100 4377
f 4375 4376 4375
f 4375 4376 4377
f 4374 4375 4374
f 4374 4375 4375
f 4374 4374 4374
f 4365 4365 4365
f 4100 4377 4376
f 4103 4369 4102
f 4369 4103 4098
f 4373 4099 4379
f 4385 4386 4387
f 4385 4385 4385
f 4384 4379 4104
f 4383 4384 4104
f 4383 4104 4106
f 4106 4107 4383
f 4376 4105 4100
f 4382 4376 4375
f 4105 4376 4382
f 4105 4105 4376
f 4375 4380 4382
f 4374 4380 4375
f 4380 4374 4381
f 4381 4374 4374
f 4379 4099 4104
f 4096 4372 4365
f 4096 4096 4365
f 4096 4365 4365
f 4096 4099 4372
f 4354 4361 4356
f 4362 4091 4094
f 4361 4091 4362
f 4361 4354 4091
f 4087 4352 4360
f 4359 4086 4360
f 4086 4087 4360
f 4358 4085 4359
f 4085 4086 4359
f 4093 4358 4357
f 4085 4358 4093
f 4085 4085 4358
f 4092 4093 4357
f 4092 4092 4357
f 4092 4357 4357
f 4363 4092 4092
f 4385 4386 4385
f 4363 4364 4092
f 4092 4357 4363
f 4099 4373 4372
f 4364 4371 4095
f 4371 4097 4095
f 4097 4371 4370
f 4098 4097 4370
f 4098 4370 4369
f 4367 4369 4368
f 4368 4369 4370
f 4366 4367 4366
f 4366 4367 4368
f 4366 4366 4366
f 4365 4362 4094
f 4365 4365 4094
f 4365 4094 4094
f 4094 4096 4365
f 4364 4095 4092
f 4092 4092 4092
f 4387 4388 4389
f 4108 4389 4388
f 4407 4400 4120
f 4407 4407 4120
f 4407 4120 4127
f 4127 4128 4407
f 4398 4126 4115
f 4126 4398 4125
f 4408 4408 4408
f 4398 4396 4125
f 4396 4394 4124
f 4124 4394 4123
f 4394 4393 4123
f 4123 4406 4121
f 4393 4406 4123
f 4393 4393 4406
f 4125 4396 4124
f 4408 4409 4409
f 4408 4409 4408
f 4409 4410 4410
f 4421 4423 4422
f 4422 4423 4424
f 4419 4421 4420
f 4420 4421 4422
f 4417 4419 4418
f 4418 4419 4420
f 4415 4417 4416
f 4416 4417 4418
f 4413 4415 4414
f 4414 4415 4416
f 4411 4413 4412
f 4412 4413 4414
f 4410 4411 4410
f 4410 4411 4412
f 4409 4410 4409
f 4121 4406 4405
f 4121 4121 4405
f 4121 4405 4404
f 4402 4404 4403
f 4393 4394 4393
f 4393 4394 4395
f 4393 4393 4393
f 4383 4391 4384
f 4392 4107 4112
f 4391 4107 4392
f 4391 4383 4107
f 4382 4111 4105
f 4111 4382 4110
f 4382 4380 4110
f 4110 4390 4108
f 4380 4390 4110
f 4380 4381 4390
f 4108 4390 4389
f 4108 4108 4389
f 4395 4396 4397
f 4386 4388 4387
f 4394 4396 4395
f 4396 4398 4397
f 4403 4404 4405
f 4401 4402 4401
f 4401 4402 4403
f 4401 4401 4401
f 4400 4112 4120
f 4392 4112 4400
f 4388 4118 4108
f 4118 4388 4117
f 4388 4386 4117
f 4117 4386 4114
f 4386 4385 4114
f 4385 4399 4398
f 4385 4398 4115
f 4385 4115 4385
f 4385 4115 4114
f 4397 4398 4399
f 4350 4084 4355
f 4355 4084 4084
f 4090 4355 4084
f 4050 4319 4051
f 4318 4319 4050
f 4049 4318 4050
f 4317 4318 4049
f 4048 4317 4049
f 4316 4317 4048
f 4319 4320 4051
f 4046 4316 4048
f 4044 4315 4046
f 4314 4315 4044
f 4042 4314 4044
f 4313 4314 4042
f 4040 4313 4042
f 4312 4313 4040
f 4315 4316 4046
f 4051 4320 4052
f 4320 4321 4052
f 4052 4321 4053
f 4059 4327 4326
f 4058 4309 4325
f 3995 4309 4058
f 3995 3995 4309
f 3995 3995 3995
f 4302 3990 4057
f 4057 4056 4324
f 4302 4057 4324
f 4302 4324 4304
f 4055 4324 4056
f 4323 4324 4055
f 4054 4323 4055
f 4322 4323 4054
f 4053 4322 4054
f 4321 4322 4053
f 4038 4312 4040
f 4301 4312 4038
f 4301 4038 4036
f 4301 4301 4036
f 4024 4023 4024
f 4024 4023 4023
f 4023 4022 4023
f 4023 4022 4022
f 4022 4021 4022
f 4022 4021 4282
f 4021 4020 4282
f 4282 4020 4280
f 4020 4019 4280
f 4280 4019 4278
f 4019 4018 4278
f 4278 4018 4276
f 4018 4017 4276
f 4276 4017 4274
f 4017 4016 4274
f 4287 4024 4024
f 3996 4059 4326
f 4025 4024 4287
f 4026 4025 4289
f 4301 4036 4299
f 4036 4034 4299
f 4299 4034 4297
f 4034 4032 4297
f 4297 4032 4295
f 4032 4030 4295
f 4295 4030 4030
f 4030 4029 4030
f 4030 4029 4029
f 4029 4028 4029
f 4029 4028 4028
f 4028 4027 4028
f 4028 4027 4027
f 4027 4026 4027
f 4027 4026 4289
f 4289 4025 4287
f 3996 4310 4310
f 3996 3996 4310
f 3996 4326 4310
f 4082 4084 4349
f 4084 4350 4349
f 4348 4083 4081
f 4346 4348 4081
f 4347 4344 4078
f 4347 4347 4078
f 4347 4078 4078
f 4078 4082 4347
f 4342 4345 4077
f 4345 4080 4077
f 4080 4345 4081
f 4081 4345 4346
f 4340 4075 4343
f 4343 4075 4079
f 4079 4078 4343
f 4082 4347 4347
f 4078 4344 4343
f 4082 4082 4347
f 4347 4347 4347
f 4354 4355 4090
f 4354 4356 4355
f 4090 4091 4354
f 4348 4353 4083
f 4353 4089 4083
f 4088 4089 4353
f 4351 4088 4353
f 4087 4088 4351
f 4087 4087 4351
f 4087 4351 4352
f 4087 4086 4087
f 4087 4086 4086
f 4086 4085 4086
f 4086 4085 4085
f 4085 4085 4085
f 4082 4349 4347
f 4016 4015 4272
f 4342 4077 4072
f 4337 4069 4341
f 4332 4064 4062
f 4330 4332 4062
f 4329 4329 4329
f 4331 4061 4063
f 4329 4061 4331
f 4329 4329 4061
f 4330 4062 4060
f 4328 4330 4060
f 4329 4327 4059
f 4329 4329 4059
f 4329 4059 4059
f 4059 4061 4329
f 4328 4060 4058
f 4325 4328 4058
f 4310 4310 4310
f 4066 4334 4333
f 4338 4342 4072
f 4063 4066 4333
f 4331 4063 4333
f 4341 4069 4069
f 4074 4341 4069
f 4339 4341 4074
f 4074 4075 4339
f 4075 4340 4339
f 4338 4072 4068
f 4335 4338 4068
f 4334 4066 4336
f 4336 4066 4070
f 4070 4069 4336
f 4069 4337 4336
f 4332 4335 4064
f 4335 4068 4064
f 4068 4335 4068
f 4068 4335 4335
f 4333 4063 4063
f 4171 4163 3909
f 4163 3903 3909
f 4159 3908 3898
f 4028 4029 3766
f 3764 4028 3766
f 4027 4028 3764
f 3762 4027 3764
f 4026 4027 3762
f 3760 4026 3762
f 3766 4029 3768
f 4025 4026 3760
f 4024 4025 3758
f 3756 4024 3758
f 4023 4024 3756
f 3754 4023 3756
f 4022 4023 3754
f 3751 4022 3754
f 3758 4025 3760
f 4029 4030 3768
f 3768 4030 3770
f 4031 3771 3770
f 4044 4046 4045
f 4041 4042 4043
f 4042 4044 4043
f 4039 4040 4041
f 4040 4042 4041
f 4037 4038 4039
f 4038 4040 4039
f 4035 4036 4037
f 4036 4038 4037
f 4033 4034 4035
f 4034 4036 4035
f 4031 4032 4033
f 4032 4034 4033
f 4032 3770 4030
f 4031 3770 4032
f 4021 4022 3751
f 3751 4020 4021
f 3752 4020 3751
f 3752 3752 4020
f 4011 4012 3786
f 4011 3736 4010
f 3737 3736 4011
f 3737 3737 3736
f 3734 4010 3736
f 4009 4010 3734
f 3732 4009 3734
f 4008 4009 3732
f 3730 4008 3732
f 4007 4008 3730
f 3728 4007 3730
f 4006 4007 3728
f 3726 4006 3728
f 4005 4006 3726
f 3724 4005 3726
f 3737 4011 3786
f 4043 4044 4045
f 4012 4013 3740
f 3740 3740 4013
f 3749 4019 3752
f 4019 4020 3752
f 4019 3748 4018
f 3749 3748 4019
f 3749 3749 3748
f 3746 4018 3748
f 4017 4018 3746
f 3744 4017 3746
f 4016 4017 3744
f 3742 4016 3744
f 4015 4016 3742
f 3739 4015 3742
f 4014 4015 3739
f 3739 4013 4014
f 3740 4013 3739
f 3786 4012 3740
f 4004 4005 3724
f 4046 4048 4047
f 4048 4049 3798
f 4037 3791 4035
f 3791 3789 4035
f 4035 3789 4033
f 3789 3787 4033
f 4033 3787 4031
f 4031 3787 3771
f 3792 3791 4037
f 3752 3752 3752
f 3752 3749 3749
f 3749 3749 3749
f 3740 3740 3740
f 3740 3786 3740
f 3740 3786 3786
f 3786 3737 3786
f 3752 3749 3752
f 4039 3792 4037
f 3793 3792 4039
f 4041 3793 4039
f 3801 3800 3801
f 3801 3800 3800
f 3800 3799 3800
f 3800 3799 3799
f 3799 3798 3799
f 3799 3798 3798
f 3798 3797 3798
f 3798 3797 4047
f 3797 3796 4047
f 4047 3796 4045
f 3796 3795 4045
f 4045 3795 4043
f 3795 3794 4043
f 4043 3794 4041
f 3794 3793 4041
f 3786 3737 3737
f 3737 3737 3737
f 3996 3996 3996
f 3706 3996 3706
f 3774 4055 3773
f 3774 3774 4055
f 3803 4054 3774
f 4054 4055 3774
f 3802 4053 3803
f 4053 4054 3803
f 3801 4052 3802
f 4052 4053 3802
f 3800 4051 3801
f 4051 4052 3801
f 3799 4050 3800
f 4050 4051 3800
f 3798 4049 3799
f 4049 4050 3799
f 4047 4048 3798
f 3773 4055 4056
f 4045 4046 4047
f 4056 4057 3773
f 3988 4057 3990
f 3706 3996 3996
f 3706 4059 3996
f 4059 4059 3996
f 3706 3785 4059
f 3995 4058 3783
f 3993 3995 3995
f 3993 3995 3783
f 3993 3783 3782
f 3782 3783 3783
f 3782 3780 3993
f 3993 3780 3991
f 3780 3778 3991
f 3991 3778 3988
f 3778 3776 4057
f 3988 3778 4057
f 3773 4057 3776
f 3722 4004 3724
f 4003 4004 3722
f 3721 4003 3722
f 3676 3677 3959
f 3958 3676 3959
f 3675 3676 3958
f 3957 3675 3958
f 3674 3675 3957
f 3956 3674 3957
f 3942 3944 3959
f 3673 3674 3956
f 3672 3673 3955
f 3954 3672 3955
f 3671 3672 3954
f 3953 3671 3954
f 3670 3671 3953
f 3952 3670 3953
f 3955 3673 3956
f 3942 3959 3678
f 3678 3959 3677
f 3945 3942 3678
f 3966 3967 3687
f 3686 3966 3687
f 3965 3966 3686
f 3685 3965 3686
f 3964 3965 3685
f 3684 3964 3685
f 3963 3964 3684
f 3683 3963 3684
f 3961 3963 3683
f 3681 3961 3683
f 3960 3961 3681
f 3960 3962 3961
f 3681 3682 3960
f 3945 3679 3663
f 3679 3945 3678
f 3669 3670 3952
f 3951 3669 3952
f 3668 3669 3951
f 3950 3668 3951
f 3661 3941 3940
f 3660 3661 3940
f 3939 3660 3940
f 3659 3660 3939
f 3938 3659 3939
f 3658 3659 3938
f 3937 3658 3938
f 3937 3934 3658
f 3934 3656 3658
f 3931 3657 3654
f 3936 3931 3930
f 7664 7745 7662
f 3657 3657 3931
f 3935 3936 3930
f 3935 3935 3930
f 3662 3941 3661
f 3687 3967 3688
f 3944 3942 3943
f 3942 3945 3943
f 3667 3668 3950
f 3949 3667 3950
f 3666 3667 3949
f 3948 3666 3949
f 3948 3941 3666
f 3941 3662 3666
f 3936 3665 3657
f 3665 3936 3664
f 3936 3935 3664
f 3664 3947 3663
f 3935 3947 3664
f 3935 3935 3947
f 3663 3947 3946
f 3663 3663 3946
f 3663 3946 3945
f 3943 3945 3946
f 3967 3968 3688
f 3688 3968 3690
f 3968 3969 3690
f 3981 3705 3705
f 3705 3705 3705
f 3974 3974 3974
f 3695 3997 3974
f 3695 3695 3974
f 3695 3974 3974
f 3707 3997 3695
f 3996 3997 3707
f 3996 3996 3997
f 3707 3706 3996
f 3994 3995 3993
f 3991 3992 3993
f 3992 3994 3993
f 3988 3989 3991
f 3989 3992 3991
f 3708 3705 3981
f 3990 3989 3988
f 3983 3708 3981
f 3985 3709 3983
f 4002 4003 3721
f 3720 4002 3721
f 4001 4002 3720
f 3718 4001 3720
f 4000 4001 3718
f 3716 4000 3718
f 3999 4000 3716
f 3714 3999 3716
f 3998 3999 3714
f 3712 3998 3714
f 3987 3998 3712
f 3987 3712 3710
f 3987 3987 3710
f 3987 3710 3985
f 3710 3709 3985
f 3709 3708 3983
f 3802 3801 3801
f 3986 3987 3985
f 3984 3986 3985
f 3960 3976 3962
f 3697 3975 3976
f 3682 3697 3976
f 3682 3976 3960
f 3696 3975 3697
f 3974 3975 3696
f 3974 3974 3975
f 3696 3695 3974
f 3972 3973 3971
f 3693 3970 3971
f 3970 3972 3971
f 3970 3692 3969
f 3693 3692 3970
f 3693 3693 3692
f 3690 3969 3692
f 3693 3693 3693
f 3983 3984 3985
f 3971 3693 3693
f 3973 3698 3971
f 3981 3982 3983
f 3982 3984 3983
f 3705 3980 3981
f 3980 3982 3981
f 3980 3704 3979
f 3705 3704 3980
f 3705 3705 3704
f 3702 3979 3704
f 3978 3979 3702
f 3700 3978 3702
f 3977 3978 3700
f 3699 3977 3700
f 3973 3977 3699
f 3973 3699 3698
f 3973 3973 3698
f 3698 3693 3971
f 3802 3801 3802
f 3803 3802 3802
f 3803 3802 3803
f 4133 4134 4135
f 4130 4132 4131
f 4131 4132 4133
f 4129 4130 4129
f 4129 4130 4131
f 4129 4129 4129
f 4132 4134 4133
f 4119 4127 4120
f 4127 3862 4128
f 4127 4119 3862
f 4116 3870 3858
f 3870 4116 3869
f 4116 4113 3869
f 3869 4126 3868
f 4128 3862 3871
f 3872 4135 4134
f 3872 3872 4135
f 3872 4136 4135
f 4140 4141 4140
f 4140 4141 4142
f 4139 4140 4139
f 4139 4140 4140
f 4139 4139 4139
f 4138 3871 3877
f 4128 3871 4138
f 4122 3875 3865
f 3875 4122 3874
f 4122 4121 3874
f 3874 4137 3873
f 4121 4137 3874
f 4121 4121 4137
f 3872 3873 4137
f 4136 3872 4137
f 4113 4126 3869
f 4113 4115 4126
f 3867 3868 4126
f 4125 3867 4126
f 3858 3857 4117
f 3858 4117 4116
f 4113 4116 4114
f 4114 4116 4117
f 4115 4113 4114
f 4112 3851 3855
f 4107 3851 4112
f 4105 3854 3849
f 3854 4111 3852
f 4105 4111 3854
f 4105 4105 4111
f 3852 4111 4110
f 3853 3852 4110
f 3853 4110 4109
f 4108 4109 4108
f 3857 4118 4117
f 4142 4143 4144
f 4108 4108 4118
f 3859 4118 3857
f 3864 3867 4125
f 4124 3864 4125
f 3864 4124 4123
f 3865 3864 4123
f 3865 4123 4122
f 4121 4122 4121
f 4121 4122 4123
f 4121 4121 4121
f 4120 4112 3855
f 4119 4120 3855
f 4119 3855 3861
f 3861 3862 4119
f 4109 3860 3853
f 3860 4109 3859
f 4109 4108 3859
f 4108 4118 3859
f 4141 4143 4142
f 3878 4144 4143
f 3878 3878 4144
f 4156 4155 3900
f 3900 4161 3898
f 4155 4161 3900
f 4155 4155 4161
f 3898 4161 4160
f 3898 3898 4160
f 3898 4160 4159
f 4158 4159 4158
f 4158 4159 4160
f 4158 4158 4158
f 4157 3892 3897
f 4154 3892 4157
f 4143 3895 3878
f 3895 4143 3894
f 4143 4141 3894
f 3901 4156 3900
f 3894 4141 3893
f 4156 3901 3893
f 4162 4157 3902
f 3908 4159 3907
f 4159 4158 3907
f 3907 4170 3906
f 4158 4170 3907
f 4158 4158 4170
f 3904 3906 4170
f 4169 3904 4170
f 3904 4169 4168
f 3904 3904 4168
f 3904 4168 4167
f 4164 4167 4165
f 4165 4167 4168
f 4166 4164 4165
f 3903 4163 3902
f 3902 4163 4162
f 4157 3897 3902
f 4108 4109 4110
f 4141 4140 3893
f 3893 4140 4156
f 3885 3886 4152
f 4151 3885 4152
f 3883 3885 4151
f 4150 3883 4151
f 3882 3883 4150
f 4149 3882 4150
f 3881 3882 4149
f 4148 3881 4149
f 3880 3881 4148
f 4147 3880 4148
f 3879 3880 4147
f 4146 3879 4147
f 3878 3879 4146
f 4145 3878 4146
f 3878 4145 4144
f 4152 3886 4153
f 4156 4140 4139
f 3886 3887 4153
f 4129 4153 3888
f 3893 3893 4140
f 4155 4156 4139
f 4155 4155 4139
f 4155 4139 4139
f 4155 4155 4155
f 4154 3877 3892
f 4138 3877 4154
f 4134 3891 3872
f 3891 4134 3890
f 4134 4132 3890
f 3890 4132 3889
f 4132 4130 3889
f 3889 4130 3888
f 4130 4129 3888
f 3888 4153 3887
f 4129 4129 4153
f 4424 4425 4426
f 4108 4108 4108
f 4106 3848 3850
f 3817 4069 4069
f 3821 4074 3817
f 4073 4074 3821
f 4073 4075 4074
f 3821 3822 4073
f 4067 4068 4071
f 3817 3817 4069
f 4068 4072 4071
f 3815 4067 3819
f 3819 3815 3819
f 3819 3815 3815
f 4065 4070 4066
f 3818 4065 3814
f 3818 4070 4065
f 4067 4071 3819
f 3817 4074 4069
f 4069 4069 4069
f 3819 3819 3819
f 4076 4077 4080
f 4081 3827 3823
f 4080 4081 3823
f 4080 3823 4076
f 4073 4079 4075
f 3825 4073 3822
f 3825 4079 4073
f 3825 4078 4079
f 4078 4078 4079
f 3825 3824 4078
f 4071 4072 4076
f 4072 4077 4076
f 3819 4071 4076
f 3819 3819 4076
f 3819 4076 3823
f 3818 4069 4070
f 4069 4069 4070
f 3818 3817 4069
f 3812 4064 4068
f 4063 3806 3806
f 3806 3810 4063
f 4062 3808 3805
f 4060 4062 3805
f 4059 4059 4059
f 4061 3785 3806
f 4059 3785 4061
f 4059 4059 3785
f 3805 4058 4060
f 3783 4058 3805
f 3783 3783 4058
f 3783 3783 3783
f 3774 3774 3774
f 3774 3803 3774
f 3774 3803 3803
f 4063 4063 3806
f 3824 3829 4082
f 4063 4061 3806
f 3812 3812 3808
f 3816 3812 3812
f 3816 3812 4068
f 3816 4068 4067
f 4067 4068 4068
f 4067 3815 3816
f 3816 3815 3815
f 3815 3815 3815
f 4063 4063 4063
f 3813 4063 3810
f 3813 4063 4063
f 3813 4065 4063
f 4065 4066 4063
f 3813 3814 4065
f 4064 3808 4062
f 3812 3808 4064
f 3812 3812 3812
f 3824 4082 4078
f 3824 4078 4078
f 3824 4078 3824
f 4100 4100 4100
f 4096 4096 4096
f 4099 3842 3844
f 4096 3842 4099
f 4096 4096 3842
f 4095 4097 3841
f 4097 3843 3841
f 3843 4097 3843
f 3843 4097 4098
f 3840 4094 3840
f 3840 4096 4094
f 4096 4096 4094
f 3840 3842 4096
f 4095 3841 3838
f 4092 4095 3838
f 3845 4100 4100
f 4094 4091 3837
f 3845 3845 4100
f 4101 3845 4102
f 3850 3851 4106
f 3851 4107 4106
f 4100 3849 3845
f 4100 4105 4105
f 4100 4105 3849
f 4100 3849 4100
f 4100 3849 3849
f 4105 4105 4105
f 4104 3844 3848
f 4099 3844 4104
f 4098 4103 3843
f 4103 3847 3843
f 3846 3847 4103
f 4102 3846 4103
f 3845 3846 4102
f 3845 4101 4100
f 4104 3848 4106
f 4094 4094 3837
f 3837 3840 4094
f 4086 3834 4087
f 3833 3834 4086
f 4085 3833 4086
f 3833 4085 3833
f 3833 4085 4085
f 3832 4082 3829
f 3832 4082 4082
f 3832 4084 4082
f 4084 4084 4082
f 3832 3831 4084
f 4083 3827 4081
f 3830 3827 4083
f 3830 3830 3827
f 3830 3830 3830
f 4078 4078 4078
f 3834 3835 4087
f 4094 3837 3837
f 4087 3835 4088
f 3830 3830 4089
f 4085 4093 3833
f 4093 3839 3833
f 3838 3839 4093
f 4092 3838 4093
f 3838 4092 3838
f 3838 4092 4092
f 4084 4084 4084
f 3831 4090 4084
f 3831 3831 4084
f 3831 4084 4084
f 3831 3837 4090
f 3837 4091 4090
f 3830 4083 4089
f 3836 4089 4088
f 3830 4089 3836
f 3835 3836 4088
f 4423 4425 4424
f 4129 4426 4425
f 4129 4129 4426
f 4726 4728 4512
f 4511 4726 4512
f 4725 4726 4511
f 4725 4727 4726
f 4511 4510 4725
f 4709 4509 4483
f 4512 4728 4513
f 4509 4724 4508
f 4709 4709 4724
f 4507 4508 4724
f 4723 4507 4724
f 4505 4507 4723
f 4722 4505 4723
f 4503 4505 4722
f 4709 4724 4509
f 4728 4729 4513
f 4513 4729 4514
f 4729 4730 4514
f 4738 4741 4740
f 4739 4738 4737
f 4521 4520 4736
f 4520 4735 4736
f 4519 4735 4520
f 4734 4735 4519
f 4518 4734 4519
f 4733 4734 4518
f 4517 4733 4518
f 4732 4733 4517
f 4516 4732 4517
f 4731 4732 4516
f 4515 4731 4516
f 4730 4731 4515
f 4514 4730 4515
f 4721 4503 4722
f 4501 4503 4721
f 4720 4501 4721
f 4499 4501 4720
f 4710 4708 4485
f 4708 4481 4485
f 4706 4483 4476
f 4709 4483 4706
f 4709 4709 4483
f 4709 4709 4709
f 4481 4708 4481
f 4481 4708 4708
f 4708 4704 4481
f 4704 4475 4481
f 4700 4480 4470
f 4480 4707 4478
f 4700 4707 4480
f 4700 4700 4707
f 4476 4478 4707
f 4710 4485 4711
f 4737 4738 4740
f 4485 4486 4711
f 4486 4487 4712
f 4719 4499 4720
f 4497 4499 4719
f 4718 4497 4719
f 4495 4497 4718
f 4717 4495 4718
f 4493 4495 4717
f 4716 4493 4717
f 4491 4493 4716
f 4715 4491 4716
f 4489 4491 4715
f 4714 4489 4715
f 4488 4489 4714
f 4713 4488 4714
f 4487 4488 4713
f 4712 4487 4713
f 4711 4486 4712
f 4705 4476 4707
f 4741 4743 4742
f 4743 4744 4742
f 4736 4525 4736
f 4736 4525 4521
f 4725 4794 4727
f 4510 4793 4794
f 4510 4510 4794
f 4510 4794 4725
f 4736 4795 4525
f 4524 4793 4510
f 4523 4791 4524
f 4790 4791 4523
f 4790 4792 4791
f 4523 4522 4790
f 4788 4789 4787
f 4785 4786 4787
f 4791 4793 4524
f 4525 4795 4526
f 4795 4796 4526
f 4526 4796 4527
f 4744 4744 4533
f 4744 4533 4742
f 4533 4532 4742
f 4742 4532 4740
f 4532 4531 4740
f 4740 4531 4737
f 4531 4530 4739
f 4737 4531 4739
f 4737 4739 4739
f 4529 4739 4530
f 4798 4739 4529
f 4528 4798 4529
f 4797 4798 4528
f 4527 4797 4528
f 4796 4797 4527
f 4786 4788 4787
f 4783 4784 4785
f 4784 4786 4785
f 4780 4781 4783
f 4757 4758 4759
f 4758 4760 4759
f 4755 4756 4757
f 4756 4758 4757
f 4753 4754 4755
f 4754 4756 4755
f 4751 4752 4753
f 4752 4754 4753
f 4749 4750 4751
f 4750 4752 4751
f 4747 4748 4749
f 4748 4750 4749
f 4745 4746 4747
f 4746 4748 4747
f 4744 4746 4745
f 4760 4762 4761
f 4740 4741 4742
f 4759 4760 4761
f 4761 4762 4763
f 4781 4784 4783
f 4782 4781 4780
f 4778 4779 4777
f 4775 4776 4777
f 4776 4778 4777
f 4772 4773 4775
f 4773 4776 4775
f 4774 4773 4772
f 4770 4771 4769
f 4767 4768 4769
f 4768 4770 4769
f 4765 4766 4767
f 4766 4768 4767
f 4763 4764 4765
f 4764 4766 4765
f 4762 4764 4763
f 4476 4705 4476
f 4476 4705 4706
f 4475 4704 4475
f 4659 4435 4408
f 4435 4673 4434
f 4659 4673 4435
f 4659 4659 4673
f 4433 4434 4673
f 4672 4433 4673
f 4669 4669 4430
f 4431 4433 4672
f 4431 4670 4431
f 4431 4670 4671
f 4669 4658 4407
f 4669 4669 4407
f 4669 4407 4407
f 4407 4430 4669
f 4670 4431 4672
f 4669 4430 4674
f 4674 4430 4436
f 4669 4669 4669
f 4679 4680 4679
f 4679 4680 4680
f 4678 4679 4678
f 4678 4679 4679
f 4678 4678 4678
f 4439 4677 4439
f 4439 4677 4677
f 4677 4674 4439
f 4674 4436 4439
f 4671 4438 4431
f 4676 4438 4671
f 4676 4676 4438
f 4675 4676 4675
f 4675 4676 4676
f 4675 4675 4675
f 4654 4429 4401
f 4429 4654 4428
f 4654 4653 4428
f 4428 4653 4427
f 4662 4410 4663
f 4409 4410 4662
f 4661 4409 4662
f 4408 4409 4661
f 4660 4408 4661
f 4408 4660 4659
f 4408 4408 4659
f 4408 4659 4659
f 4659 4659 4659
f 4658 4400 4407
f 4649 4400 4658
f 4645 4406 4393
f 4406 4657 4405
f 4645 4657 4406
f 4645 4645 4657
f 4410 4412 4663
f 4440 4680 4680
f 4663 4412 4664
f 4664 4414 4665
f 4653 4652 4427
f 4427 4652 4426
f 4652 4651 4426
f 4426 4651 4424
f 4651 4650 4424
f 4424 4668 4422
f 4650 4668 4424
f 4650 4650 4668
f 4420 4422 4668
f 4667 4420 4668
f 4418 4420 4667
f 4666 4418 4667
f 4416 4418 4666
f 4665 4416 4666
f 4414 4416 4665
f 4412 4414 4664
f 4440 4440 4680
f 4440 4681 4680
f 4681 4440 4682
f 4466 4467 4697
f 4696 4466 4697
f 4696 4691 4466
f 4691 4456 4466
f 4686 4465 4446
f 4465 4686 4464
f 4686 4685 4464
f 4464 4685 4463
f 4685 4684 4463
f 4463 4695 4461
f 4684 4695 4463
f 4684 4684 4695
f 4459 4461 4695
f 4694 4459 4695
f 4457 4459 4694
f 4697 4467 4698
f 4693 4457 4694
f 4467 4468 4698
f 4469 4699 4468
f 4475 4704 4704
f 4474 4475 4704
f 4703 4474 4704
f 4473 4474 4703
f 4702 4473 4703
f 4702 4699 4473
f 4699 4469 4473
f 4692 4472 4457
f 4472 4701 4470
f 4692 4701 4472
f 4692 4692 4701
f 4470 4701 4700
f 4470 4470 4700
f 4470 4700 4700
f 4700 4700 4700
f 4468 4699 4698
f 4744 4534 4533
f 4457 4693 4692
f 4457 4692 4692
f 4446 4686 4686
f 4685 4686 4685
f 4685 4686 4686
f 4684 4685 4684
f 4684 4685 4685
f 4684 4684 4684
f 4683 4439 4445
f 4677 4439 4683
f 4676 4444 4438
f 4444 4676 4443
f 4676 4675 4443
f 4443 4682 4442
f 4675 4682 4443
f 4675 4675 4682
f 4440 4442 4682
f 4446 4446 4686
f 4457 4457 4692
f 4446 4687 4686
f 4446 4448 4688
f 4692 4692 4692
f 4456 4691 4455
f 4455 4691 4690
f 4690 4683 4455
f 4683 4445 4455
f 4680 4454 4440
f 4454 4680 4453
f 4680 4679 4453
f 4453 4679 4452
f 4679 4678 4452
f 4452 4689 4450
f 4678 4689 4452
f 4678 4678 4689
f 4448 4450 4689
f 4688 4448 4689
f 4687 4446 4688
f 4745 4744 4744
f 4745 4535 4744
f 4535 4534 4744
f 4863 4857 4859
f 4863 4863 4863
f 4855 4855 4855
f 4605 4862 4855
f 4605 4605 4855
f 4605 4855 4855
f 4863 4863 4857
f 4608 4862 4605
f 4861 4861 4862
f 4608 4609 4861
f 4604 4853 4607
f 4853 4860 4607
f 4857 4860 4853
f 4858 4857 4853
f 4861 4862 4608
f 4863 4864 4857
f 4611 4610 4860
f 4611 4860 4864
f 4614 4869 4868
f 4864 4613 4611
f 4867 4864 4863
f 4613 4864 4867
f 4613 4613 4864
f 4866 4867 4863
f 4866 4866 4863
f 4866 4863 4863
f 4866 4866 4866
f 4861 4861 4861
f 4865 4609 4612
f 4861 4609 4865
f 4861 4861 4609
f 4860 4610 4607
f 4864 4860 4857
f 4858 4853 4854
f 4859 4857 4858
f 4850 4856 4852
f 4606 4850 4603
f 4849 4849 4849
f 4842 4847 4844
f 4599 4842 4597
f 4599 4847 4842
f 4599 4846 4847
f 4846 4848 4847
f 4599 4600 4846
f 4841 4598 4595
f 4845 4598 4841
f 4845 4845 4598
f 4845 4845 4845
f 4840 4840 4840
f 4843 4840 4839
f 4839 4840 4840
f 4596 4839 4594
f 4845 4601 4601
f 4615 4614 4868
f 4845 4601 4845
f 4845 4849 4849
f 4606 4856 4850
f 4606 4855 4856
f 4855 4855 4856
f 4606 4605 4855
f 4601 4849 4604
f 4849 4853 4604
f 4853 4849 4854
f 4854 4849 4849
f 4846 4851 4848
f 4602 4846 4600
f 4602 4851 4846
f 4602 4850 4851
f 4850 4852 4851
f 4602 4603 4850
f 4845 4601 4598
f 4845 4849 4601
f 4868 4612 4615
f 4865 4612 4868
f 4872 4870 4871
f 4884 4627 4627
f 4897 4899 4898
f 4898 4899 4900
f 4896 4897 4896
f 4896 4897 4898
f 4896 4896 4896
f 4883 4623 4894
f 4894 4623 4623
f 4623 4626 4894
f 4626 4895 4894
f 4878 4625 4620
f 4625 4893 4624
f 4878 4893 4625
f 4878 4880 4893
f 4624 4893 4892
f 4886 4627 4884
f 4624 4624 4892
f 4886 4899 4627
f 4887 4884 4627
f 4904 4906 4905
f 4905 4906 4907
f 4903 4904 4903
f 4903 4904 4905
f 4903 4903 4903
f 4902 4895 4626
f 4901 4902 4626
f 4901 4626 4632
f 4632 4631 4901
f 4891 4630 4624
f 4630 4891 4629
f 4891 4889 4629
f 4629 4889 4628
f 4889 4887 4628
f 4628 4887 4627
f 4886 4900 4899
f 4596 4843 4839
f 4624 4892 4891
f 4890 4891 4892
f 4869 4614 4876
f 4876 4614 4614
f 4618 4876 4614
f 4875 4876 4618
f 4875 4877 4876
f 4618 4619 4875
f 4867 4617 4613
f 4617 4867 4616
f 4867 4866 4616
f 4866 4874 4873
f 4866 4873 4616
f 4866 4616 4866
f 4866 4616 4616
f 4870 4873 4871
f 4871 4873 4874
f 4880 4878 4879
f 4889 4891 4890
f 4620 4879 4878
f 4620 4881 4879
f 4887 4889 4888
f 4888 4889 4890
f 4884 4887 4885
f 4885 4887 4888
f 4886 4884 4885
f 4875 4882 4877
f 4883 4619 4623
f 4882 4619 4883
f 4882 4875 4619
f 4873 4622 4616
f 4622 4873 4621
f 4873 4870 4621
f 4621 4881 4620
f 4870 4881 4621
f 4870 4872 4881
f 4620 4620 4879
f 4403 4405 4657
f 4596 4842 4843
f 4596 4597 4842
f 4805 4806 4559
f 4805 4559 4558
f 4779 4805 4558
f 4779 4558 4777
f 4558 4557 4777
f 4777 4557 4775
f 4559 4806 4560
f 4557 4556 4775
f 4556 4555 4774
f 4772 4556 4774
f 4772 4774 4774
f 4554 4774 4555
f 4804 4774 4554
f 4553 4804 4554
f 4775 4556 4772
f 4780 4806 4782
f 4780 4561 4806
f 4561 4560 4806
f 4567 4809 4568
f 4808 4809 4567
f 4566 4808 4567
f 4807 4808 4566
f 4565 4807 4566
f 4789 4807 4565
f 4789 4565 4564
f 4789 4789 4564
f 4789 4564 4787
f 4564 4563 4787
f 4787 4563 4785
f 4563 4562 4785
f 4785 4562 4783
f 4562 4561 4783
f 4783 4561 4780
f 4803 4804 4553
f 4552 4803 4553
f 4802 4803 4552
f 4551 4802 4552
f 4761 4542 4759
f 4542 4541 4759
f 4759 4541 4757
f 4541 4540 4757
f 4757 4540 4755
f 4540 4539 4755
f 4755 4539 4753
f 4539 4538 4753
f 4753 4538 4751
f 4538 4537 4751
f 4751 4537 4749
f 4537 4536 4749
f 4749 4536 4747
f 4536 4535 4747
f 4747 4535 4745
f 4543 4542 4761
f 4809 4810 4568
f 4763 4543 4761
f 4765 4544 4763
f 4801 4802 4551
f 4550 4801 4551
f 4800 4801 4550
f 4549 4800 4550
f 4799 4800 4549
f 4548 4799 4549
f 4771 4799 4548
f 4771 4548 4547
f 4771 4771 4547
f 4771 4547 4769
f 4547 4546 4769
f 4769 4546 4767
f 4546 4545 4767
f 4767 4545 4765
f 4545 4544 4765
f 4544 4543 4763
f 4568 4810 4569
f 4810 4811 4569
f 4569 4811 4570
f 4822 4822 4577
f 4822 4577 4577
f 4822 4822 4822
f 4819 4573 4819
f 4819 4573 4589
f 4588 4819 4589
f 4832 4819 4588
f 4587 4832 4588
f 4831 4832 4587
f 4586 4831 4587
f 4830 4831 4586
f 4585 4830 4586
f 4829 4830 4585
f 4584 4829 4585
f 4828 4829 4584
f 4822 4833 4577
f 4583 4828 4584
f 4577 4833 4834
f 4592 4591 4835
f 4841 4595 4593
f 4838 4841 4593
f 4835 4840 4837
f 4837 4840 4840
f 4835 4839 4840
f 4591 4839 4835
f 4591 4591 4839
f 4591 4594 4839
f 4838 4593 4590
f 4834 4838 4590
f 4823 4836 4825
f 4592 4823 4579
f 4592 4836 4823
f 4592 4835 4836
f 4835 4837 4836
f 4590 4577 4834
f 4842 4844 4843
f 4827 4828 4583
f 4817 4827 4582
f 4822 4822 4576
f 4574 4821 4575
f 4820 4821 4574
f 4572 4820 4574
f 4818 4820 4572
f 4572 4573 4818
f 4573 4819 4818
f 4816 4817 4815
f 4813 4814 4815
f 4814 4816 4815
f 4571 4812 4813
f 4812 4814 4813
f 4812 4570 4811
f 4571 4570 4812
f 4571 4571 4570
f 4822 4576 4821
f 4582 4827 4583
f 4821 4576 4575
f 4578 4579 4823
f 4817 4582 4581
f 4817 4817 4581
f 4817 4581 4815
f 4581 4580 4815
f 4815 4580 4813
f 4580 4571 4813
f 4813 4571 4571
f 4571 4571 4571
f 4790 4826 4792
f 4522 4824 4826
f 4522 4522 4826
f 4522 4826 4790
f 4578 4824 4522
f 4823 4824 4578
f 4823 4825 4824
f 4576 4822 4577
f 5870 5549 5549
f 4656 4403 4657
f 4655 4401 4656
f 4505 4506 4507
f 4502 4504 4503
f 4503 4504 4505
f 4500 4502 4501
f 4501 4502 4503
f 4498 4500 4499
f 4504 4506 4505
f 4499 4500 4501
f 4497 4498 4499
f 4494 4496 4495
f 4495 4496 4497
f 4492 4494 4493
f 4493 4494 4495
f 4490 4492 4491
f 4496 4498 4497
f 4205 4507 4506
f 4205 4205 4507
f 4205 4508 4507
f 4213 4496 4212
f 4496 4494 4212
f 4212 4494 4211
f 4494 4492 4211
f 4211 4492 4210
f 4492 4490 4210
f 4490 4204 4210
f 4484 4209 4199
f 4209 4484 4208
f 4484 4482 4208
f 4208 4509 4207
f 4482 4509 4208
f 4482 4483 4509
f 4205 4207 4509
f 4508 4205 4509
f 4491 4492 4493
f 4491 4489 4204
f 4490 4491 4204
f 4490 4204 4204
f 4198 4481 4481
f 4481 4475 4198
f 4475 4195 4198
f 4471 4197 4188
f 4197 4471 4196
f 4471 4470 4196
f 4470 4480 4479
f 4470 4479 4196
f 4470 4196 4470
f 4470 4196 4196
f 4477 4479 4478
f 4478 4479 4480
f 4476 4477 4476
f 4476 4477 4478
f 4476 4476 4476
f 4198 4481 4198
f 4498 4496 4213
f 4483 4476 4476
f 4476 4482 4477
f 4203 4204 4489
f 4488 4203 4489
f 4202 4203 4488
f 4487 4202 4488
f 4201 4202 4487
f 4486 4201 4487
f 4200 4201 4486
f 4485 4200 4486
f 4485 4481 4200
f 4481 4198 4200
f 4479 4199 4196
f 4484 4479 4477
f 4199 4479 4484
f 4199 4199 4479
f 4477 4482 4484
f 4482 4476 4483
f 4195 4475 4195
f 4214 4498 4213
f 4215 4500 4214
f 4528 4529 4239
f 4238 4528 4239
f 4527 4528 4238
f 4237 4527 4238
f 4526 4527 4237
f 4236 4526 4237
f 4239 4529 4240
f 4525 4526 4236
f 4521 4525 4231
f 4521 4231 4231
f 4231 4231 4231
f 4510 4510 4510
f 4235 4524 4510
f 4221 4235 4510
f 4525 4236 4231
f 4529 4530 4240
f 4240 4530 4241
f 4530 4531 4241
f 4249 4538 4251
f 4537 4538 4249
f 4247 4537 4249
f 4536 4537 4247
f 4246 4536 4247
f 4535 4536 4246
f 4245 4535 4246
f 4534 4535 4245
f 4244 4534 4245
f 4533 4534 4244
f 4243 4533 4244
f 4532 4533 4243
f 4242 4532 4243
f 4531 4532 4242
f 4241 4531 4242
f 4221 4510 4510
f 4234 4524 4235
f 4523 4524 4234
f 4232 4523 4234
f 4223 4513 4224
f 4512 4513 4223
f 4222 4512 4223
f 4511 4512 4222
f 4220 4511 4222
f 4510 4511 4220
f 4510 4510 4511
f 4220 4221 4510
f 4506 4218 4205
f 4218 4506 4217
f 4506 4504 4217
f 4217 4504 4216
f 4504 4502 4216
f 4216 4502 4215
f 4502 4500 4215
f 4513 4514 4224
f 4500 4498 4214
f 4224 4514 4225
f 4225 4515 4226
f 4522 4523 4232
f 4522 4522 4523
f 4232 4233 4522
f 4520 4521 4231
f 4520 4230 4519
f 4231 4230 4520
f 4231 4231 4230
f 4229 4519 4230
f 4518 4519 4229
f 4228 4518 4229
f 4517 4518 4228
f 4227 4517 4228
f 4516 4517 4227
f 4226 4516 4227
f 4515 4516 4226
f 4514 4515 4225
f 4195 4475 4475
f 4194 4195 4475
f 4474 4194 4475
f 4438 4431 4431
f 4436 4138 4154
f 4430 4138 4436
f 4425 4153 4129
f 4153 4425 4152
f 4425 4423 4152
f 4437 4431 4438
f 4152 4423 4151
f 4151 4421 4150
f 4421 4419 4150
f 4150 4419 4149
f 4419 4417 4149
f 4149 4417 4148
f 4417 4415 4148
f 4423 4421 4151
f 4155 4155 4432
f 4155 4432 4437
f 4437 4432 4431
f 4437 4444 4161
f 4437 4438 4444
f 4158 4160 4444
f 4443 4158 4444
f 4158 4443 4442
f 4158 4158 4442
f 4158 4442 4441
f 4440 4441 4440
f 4440 4441 4442
f 4440 4440 4440
f 4439 4439 4439
f 4157 4436 4154
f 4439 4436 4157
f 4439 4439 4436
f 4432 4155 4139
f 4148 4415 4147
f 4415 4413 4147
f 4147 4413 4146
f 4413 4411 4146
f 4407 4128 4430
f 4407 4407 4128
f 4404 4137 4121
f 4137 4404 4136
f 4404 4402 4136
f 4136 4402 4135
f 4402 4401 4135
f 4135 4429 4133
f 4401 4429 4135
f 4401 4401 4429
f 4131 4133 4429
f 4428 4131 4429
f 4129 4131 4428
f 4427 4129 4428
f 4129 4427 4426
f 4430 4128 4138
f 4161 4444 4160
f 4407 4407 4407
f 4431 4432 4433
f 4146 4411 4145
f 4411 4410 4145
f 4145 4410 4144
f 4410 4409 4144
f 4144 4409 4142
f 4409 4408 4142
f 4142 4435 4140
f 4408 4435 4142
f 4408 4408 4435
f 4139 4140 4435
f 4434 4139 4435
f 4139 4434 4433
f 4139 4139 4433
f 4139 4433 4432
f 4431 4432 4431
f 4431 4431 4431
f 4437 4161 4155
f 4439 4157 4162
f 4162 4439 4439
f 4184 4469 4468
f 4183 4184 4468
f 4467 4183 4468
f 4182 4183 4467
f 4466 4182 4467
f 4466 4456 4182
f 4456 4172 4182
f 4451 4181 4166
f 4181 4451 4180
f 4451 4449 4180
f 4180 4449 4179
f 4449 4447 4179
f 4179 4447 4178
f 4447 4446 4178
f 4178 4465 4177
f 4185 4469 4184
f 4446 4465 4178
f 4470 4470 4470
f 4470 4471 4470
f 4193 4194 4474
f 4473 4193 4474
f 4473 4469 4193
f 4469 4185 4193
f 4462 4192 4175
f 4192 4462 4191
f 4462 4460 4191
f 4191 4460 4190
f 4460 4458 4190
f 4190 4458 4187
f 4458 4457 4187
f 4457 4472 4471
f 4457 4471 4188
f 4457 4188 4457
f 4457 4188 4187
f 4470 4471 4472
f 4538 4539 4251
f 4446 4446 4465
f 4464 4174 4465
f 4440 4440 4454
f 4165 4168 4454
f 4453 4165 4454
f 4165 4453 4452
f 4166 4165 4452
f 4166 4452 4451
f 4449 4451 4450
f 4450 4451 4452
f 4447 4449 4448
f 4448 4449 4450
f 4446 4447 4446
f 4446 4447 4448
f 4446 4446 4446
f 4163 4445 4439
f 4162 4163 4439
f 4440 4454 4169
f 4174 4177 4465
f 4169 4454 4168
f 4170 4441 4169
f 4174 4464 4463
f 4175 4174 4463
f 4175 4463 4462
f 4460 4462 4461
f 4461 4462 4463
f 4458 4460 4459
f 4459 4460 4461
f 4457 4458 4457
f 4457 4458 4459
f 4457 4457 4457
f 4172 4456 4171
f 4171 4456 4455
f 4455 4445 4171
f 4445 4163 4171
f 4441 4170 4158
f 4441 4440 4169
f 4251 4539 4253
f 4539 4540 4253
f 4253 4540 4255
f 4361 4362 4623
f 4616 4360 4352
f 4360 4622 4359
f 4616 4622 4360
f 4616 4616 4622
f 4358 4359 4622
f 4623 4356 4361
f 4621 4358 4622
f 4620 4357 4621
f 4357 4620 4357
f 4357 4620 4620
f 4614 4614 4614
f 4355 4618 4614
f 4350 4355 4614
f 4357 4358 4621
f 4623 4623 4356
f 4623 4619 4356
f 4624 4624 4624
f 4366 4368 4629
f 4628 4366 4629
f 4366 4628 4627
f 4366 4366 4627
f 4366 4627 4627
f 4627 4627 4627
f 4623 4623 4623
f 4626 4362 4365
f 4623 4362 4626
f 4623 4623 4362
f 4620 4625 4357
f 4625 4363 4357
f 4363 4625 4624
f 4364 4363 4624
f 4364 4624 4624
f 4350 4614 4614
f 4355 4356 4618
f 4356 4619 4618
f 4613 4353 4348
f 4607 4610 4342
f 4610 4345 4342
f 4345 4610 4346
f 4346 4610 4611
f 4605 4605 4605
f 4343 4608 4605
f 4340 4343 4605
f 4340 4605 4605
f 4343 4344 4608
f 4344 4609 4608
f 4607 4342 4338
f 4604 4607 4338
f 4603 4337 4606
f 4606 4337 4341
f 4339 4606 4341
f 4609 4344 4612
f 4629 4368 4630
f 4612 4344 4347
f 4613 4613 4348
f 4353 4617 4351
f 4613 4617 4353
f 4613 4613 4617
f 4351 4617 4616
f 4352 4351 4616
f 4352 4616 4616
f 4616 4616 4616
f 4612 4347 4615
f 4615 4347 4347
f 4349 4615 4347
f 4614 4615 4349
f 4614 4614 4615
f 4349 4350 4614
f 4611 4348 4346
f 4613 4348 4611
f 4613 4613 4613
f 4368 4370 4630
f 4624 4624 4630
f 4624 4630 4371
f 4640 4640 4648
f 4395 4397 4648
f 4647 4395 4648
f 4393 4395 4647
f 4646 4393 4647
f 4393 4646 4645
f 4393 4393 4645
f 4393 4645 4645
f 4645 4645 4645
f 4644 4639 4384
f 4644 4644 4384
f 4644 4384 4391
f 4391 4392 4644
f 4638 4390 4381
f 4390 4643 4389
f 4640 4648 4399
f 4638 4643 4390
f 4399 4648 4397
f 4644 4644 4392
f 4401 4655 4654
f 4401 4401 4654
f 4401 4654 4654
f 4653 4654 4653
f 4653 4654 4654
f 4652 4653 4652
f 4652 4653 4653
f 4651 4652 4651
f 4651 4652 4652
f 4650 4651 4650
f 4650 4651 4651
f 4650 4650 4650
f 4644 4644 4644
f 4649 4392 4400
f 4644 4392 4649
f 4640 4399 4385
f 4605 4606 4339
f 4638 4638 4643
f 4642 4387 4643
f 4627 4627 4636
f 4375 4377 4636
f 4635 4375 4636
f 4374 4375 4635
f 4633 4374 4635
f 4374 4633 4374
f 4374 4633 4634
f 4626 4365 4632
f 4632 4365 4365
f 4372 4632 4365
f 4631 4632 4372
f 4631 4631 4632
f 4372 4373 4631
f 4624 4371 4364
f 4371 4630 4370
f 4627 4636 4378
f 4387 4389 4643
f 4378 4636 4377
f 4631 4631 4373
f 4385 4387 4642
f 4641 4385 4642
f 4385 4641 4640
f 4385 4385 4640
f 4385 4640 4640
f 4640 4640 4640
f 4639 4379 4384
f 4637 4379 4639
f 4634 4381 4374
f 4638 4381 4634
f 4638 4638 4381
f 4638 4638 4638
f 4631 4631 4631
f 4637 4373 4379
f 4631 4373 4637
f 4627 4378 4366
f 4401 4403 4656
f 4605 4605 4606
f 4604 4338 4335
f 4296 4566 4298
f 4565 4566 4296
f 4294 4565 4296
f 4564 4565 4294
f 4293 4564 4294
f 4563 4564 4293
f 4566 4567 4298
f 4292 4563 4293
f 4291 4562 4292
f 4561 4562 4291
f 4290 4561 4291
f 4560 4561 4290
f 4288 4560 4290
f 4559 4560 4288
f 4562 4563 4292
f 4298 4567 4300
f 4301 4301 4300
f 4301 4300 4568
f 4577 4577 4308
f 4306 4576 4307
f 4575 4576 4306
f 4305 4575 4306
f 4574 4575 4305
f 4303 4574 4305
f 4572 4574 4303
f 4303 4304 4572
f 4304 4573 4572
f 4570 4571 4313
f 4312 4569 4313
f 4569 4570 4313
f 4301 4568 4312
f 4568 4569 4312
f 4568 4300 4567
f 4286 4559 4288
f 4558 4559 4286
f 4285 4558 4286
f 4557 4558 4285
f 4547 4548 4267
f 4265 4547 4267
f 4546 4547 4265
f 4263 4546 4265
f 4545 4546 4263
f 4261 4545 4263
f 4544 4545 4261
f 4259 4544 4261
f 4543 4544 4259
f 4258 4543 4259
f 4542 4543 4258
f 4257 4542 4258
f 4541 4542 4257
f 4255 4541 4257
f 4540 4541 4255
f 4267 4548 4269
f 4577 4308 4576
f 4548 4549 4269
f 4549 4550 4271
f 4284 4557 4285
f 4556 4557 4284
f 4283 4556 4284
f 4555 4556 4283
f 4281 4555 4283
f 4554 4555 4281
f 4279 4554 4281
f 4553 4554 4279
f 4277 4553 4279
f 4552 4553 4277
f 4275 4552 4277
f 4551 4552 4275
f 4273 4551 4275
f 4550 4551 4273
f 4271 4550 4273
f 4269 4549 4271
f 4576 4308 4307
f 4308 4577 4309
f 4310 4579 4578
f 4595 4330 4328
f 4593 4595 4328
f 4591 4591 4591
f 4594 4327 4329
f 4591 4327 4594
f 4591 4591 4327
f 4593 4328 4325
f 4590 4593 4325
f 4579 4310 4592
f 4592 4310 4310
f 4326 4592 4310
f 4591 4592 4326
f 4591 4591 4592
f 4326 4327 4591
f 4309 4590 4325
f 4331 4597 4596
f 4577 4590 4309
f 4329 4331 4596
f 4594 4329 4596
f 4601 4604 4335
f 4600 4334 4602
f 4602 4334 4336
f 4336 4337 4602
f 4337 4603 4602
f 4598 4601 4332
f 4601 4335 4332
f 4335 4601 4335
f 4335 4601 4601
f 4597 4331 4599
f 4599 4331 4333
f 4333 4334 4599
f 4334 4600 4599
f 4598 4332 4330
f 4595 4598 4330
f 4596 4329 4329
f 4339 4340 4605
f 4577 4577 4590
f 4573 4304 4589
f 4314 4580 4315
f 4571 4580 4314
f 4571 4314 4313
f 4571 4571 4313
f 4571 4313 4313
f 4313 4312 4313
f 4313 4312 4312
f 4312 4301 4312
f 4312 4301 4301
f 4301 4301 4301
f 4522 4522 4522
f 4311 4578 4522
f 4233 4311 4522
f 4233 4522 4522
f 4311 4310 4578
f 4580 4581 4315
f 4577 4577 4577
f 4315 4581 4316
f 4316 4582 4317
f 4589 4304 4324
f 4323 4589 4324
f 4588 4589 4323
f 4322 4588 4323
f 4587 4588 4322
f 4321 4587 4322
f 4586 4587 4321
f 4320 4586 4321
f 4585 4586 4320
f 4319 4585 4320
f 4584 4585 4319
f 4318 4584 4319
f 4583 4584 4318
f 4317 4583 4318
f 4582 4583 4317
f 4581 4582 4316
f 3935 3930 3930
f 5870 5870 5549
f 5871 5871 5871
f 7060 7091 7092
f 6798 7091 7060
f 6798 6798 7091
f 7091 6798 7090
f 6798 6807 7090
f 6807 6808 7090
f 7093 7092 7094
f 6791 7089 6800
f 6791 7059 7089
f 6791 6791 7059
f 7059 7087 7088
f 7058 7087 7059
f 7058 7086 7087
f 6788 7086 7058
f 7089 7059 7088
f 7093 7061 7092
f 7061 7060 7092
f 7061 7095 7062
f 7068 7101 7069
f 7068 7100 7101
f 7067 7100 7068
f 7067 7099 7100
f 7066 7099 7067
f 7066 7098 7099
f 7065 7098 7066
f 7098 7065 7064
f 7098 7098 7064
f 7098 7064 7097
f 7096 7097 7063
f 7063 7097 7064
f 7095 7096 7062
f 7062 7096 7063
f 7093 7095 7061
f 6788 6788 7086
f 7086 6788 7085
f 6788 6787 7085
f 7085 6787 7084
f 7048 7075 7050
f 7075 7048 7075
f 7075 7048 7049
f 7042 7042 7042
f 7042 7041 7073
f 7042 7042 7073
f 7042 7073 7074
f 7041 7072 7073
f 7040 7072 7041
f 7040 7071 7072
f 7039 7071 7040
f 7039 7070 7071
f 6780 7070 7039
f 6780 6780 7070
f 7070 6780 7069
f 7050 7075 7076
f 7069 7101 7102
f 7050 7076 7051
f 7051 7077 7052
f 6787 6786 7084
f 7084 7057 7083
f 6786 7057 7084
f 6786 6786 7057
f 7057 7082 7083
f 7056 7082 7057
f 7056 7081 7082
f 7055 7081 7056
f 7055 7080 7081
f 7054 7080 7055
f 7054 7079 7080
f 7053 7079 7054
f 7053 7078 7079
f 7052 7078 7053
f 7052 7077 7078
f 7051 7076 7077
f 6780 6779 7069
f 7069 7102 7070
f 7070 7103 7071
f 7098 7125 7098
f 7098 7125 7099
f 7098 7098 7098
f 7092 7124 7094
f 7123 7124 7091
f 7091 7124 7092
f 7099 7126 7100
f 7091 7090 7122
f 7123 7122 7122
f 7090 7121 7122
f 6808 7121 7090
f 6808 6817 7121
f 6817 6816 7121
f 6800 7089 6810
f 7123 7091 7122
f 7125 7126 7099
f 7100 7127 7101
f 7126 7127 7100
f 7110 7131 7133
f 7109 7131 7110
f 7131 7109 7108
f 7132 7131 7108
f 7132 7108 7108
f 7108 7108 7108
f 7105 7105 7105
f 7130 7105 7104
f 7104 7105 7105
f 7129 7130 7103
f 7103 7130 7104
f 7128 7129 7102
f 7102 7129 7103
f 7127 7128 7101
f 7101 7128 7102
f 7089 7120 6810
f 7089 7119 7120
f 7088 7119 7089
f 7088 7118 7119
f 7078 7108 7109
f 7077 7108 7078
f 7108 7077 7076
f 7108 7108 7076
f 7108 7076 7107
f 7075 7107 7075
f 7075 7107 7076
f 7075 7075 7075
f 7073 7106 7074
f 7073 7072 7105
f 7106 7073 7105
f 7106 7105 7105
f 7072 7104 7105
f 7071 7104 7072
f 7071 7103 7104
f 7078 7109 7079
f 7070 7102 7103
f 7079 7109 7110
f 7080 7110 7111
f 7087 7118 7088
f 7087 7117 7118
f 7086 7117 7087
f 7086 7116 7117
f 7085 7116 7086
f 7085 7115 7116
f 7084 7115 7085
f 7084 7114 7115
f 7083 7114 7084
f 7083 7113 7114
f 7082 7113 7083
f 7082 7112 7113
f 7081 7112 7082
f 7081 7111 7112
f 7080 7111 7081
f 7079 7110 7080
f 7069 6779 7068
f 6779 6778 7068
f 7068 6778 7067
f 7016 7029 7017
f 7016 7028 7029
f 7015 7028 7016
f 7015 7027 7028
f 6717 7027 7015
f 6717 6717 7027
f 7017 7029 7030
f 7027 6717 7026
f 7026 6716 7025
f 6716 6715 7025
f 7025 6715 7024
f 6715 6750 7024
f 7024 6750 7023
f 6750 6749 7023
f 6717 6716 7026
f 7017 7030 7018
f 7018 7030 7031
f 7018 7031 7019
f 6752 7038 6753
f 7038 6752 7037
f 6752 6751 7037
f 7037 6751 7036
f 6751 6726 7036
f 7036 7022 7035
f 6726 7022 7036
f 6726 6726 7022
f 7022 7034 7035
f 7021 7034 7022
f 7021 7033 7034
f 7020 7033 7021
f 7020 7032 7033
f 7019 7032 7020
f 7019 7031 7032
f 6749 6748 7023
f 6725 7022 6726
f 7022 6725 7021
f 6725 6724 7021
f 7012 7011 6696
f 6696 7011 6695
f 7011 7010 6695
f 6695 7010 6694
f 7010 7009 6694
f 6694 7009 6693
f 7009 7008 6693
f 6693 7008 6692
f 7008 7007 6692
f 6692 7007 6691
f 7007 7006 6691
f 6691 7006 6690
f 7006 7005 6690
f 6690 7005 6689
f 7005 7004 6689
f 6698 7012 6696
f 6781 6780 7039
f 7013 7012 6698
f 7013 6700 6683
f 7021 6724 7020
f 6724 6723 7020
f 7020 6723 7019
f 6723 6722 7019
f 7019 6722 7018
f 6722 6721 7018
f 7018 6721 7017
f 6721 6720 7017
f 7017 6720 7016
f 6720 6719 7016
f 7016 6719 7015
f 6719 6718 7015
f 6718 6717 7015
f 7014 6704 6689
f 7014 6688 6704
f 6700 7013 6698
f 6782 6781 7039
f 7040 6782 7039
f 6748 6782 7040
f 6789 6788 7058
f 6785 7057 6786
f 7057 6785 7056
f 6785 6784 7056
f 7056 6784 7055
f 6784 6783 7055
f 7055 6783 7054
f 6783 6756 7054
f 7054 6756 7053
f 6756 6755 7053
f 7053 6755 7052
f 6755 6754 7052
f 7052 6754 7051
f 6754 6753 7051
f 7051 7038 7050
f 6790 6789 7058
f 6753 7038 7051
f 7059 6790 7058
f 6770 6798 7060
f 6778 6777 7067
f 7067 6777 7066
f 6777 6776 7066
f 7066 6776 7065
f 6776 6775 7065
f 7065 6775 7064
f 6775 6774 7064
f 7064 6774 7063
f 6774 6773 7063
f 7063 6773 7062
f 6773 6772 7062
f 7062 6772 7061
f 6772 6771 7061
f 7061 6771 7060
f 6771 6770 7060
f 6790 7059 6791
f 7110 7133 7111
f 6753 6753 7038
f 7037 7048 7038
f 7046 7028 7027
f 7027 7028 7028
f 7045 7046 7026
f 7026 7046 7027
f 7044 7045 7025
f 7025 7045 7026
f 7043 7044 7024
f 7024 7044 7025
f 7024 7023 7042
f 7043 7024 7042
f 7043 7042 7042
f 7023 7041 7042
f 6748 7041 7023
f 6748 6748 7041
f 7041 6748 7040
f 7028 7029 7029
f 7038 7048 7050
f 7028 7029 7028
f 7029 7030 7029
f 7048 7037 7036
f 7049 7048 7036
f 7049 7036 7047
f 7035 7047 7035
f 7035 7047 7036
f 7034 7035 7034
f 7034 7035 7035
f 7033 7034 7033
f 7033 7034 7034
f 7032 7033 7032
f 7032 7033 7033
f 7031 7032 7031
f 7031 7032 7032
f 7030 7031 7030
f 7030 7031 7031
f 7029 7030 7030
f 7014 7004 7003
f 7111 7133 7134
f 7112 7134 7135
f 7215 7217 7216
f 7216 7217 7217
f 7213 7215 7214
f 7214 7215 7216
f 7212 7213 7212
f 7212 7213 7214
f 7217 7218 7218
f 7212 7212 7212
f 7210 7199 7198
f 7198 7199 7199
f 6877 7198 6864
f 6877 7210 7198
f 6877 7209 7210
f 7209 7211 7210
f 7199 7199 7199
f 7217 7218 7217
f 7218 7219 7220
f 7218 7219 7218
f 6878 7204 7230
f 6878 6878 7204
f 7202 7229 7230
f 7201 7229 7202
f 7227 7229 7201
f 7228 7227 7201
f 7228 7201 7201
f 7225 7227 7226
f 7226 7227 7228
f 7223 7225 7224
f 7224 7225 7226
f 7221 7223 7222
f 7222 7223 7224
f 7219 7221 7220
f 7220 7221 7222
f 7209 6877 7208
f 6877 6876 7208
f 6876 6875 7208
f 7197 6871 6854
f 7201 7202 7203
f 7201 7201 7201
f 7189 7189 7189
f 7200 7189 7188
f 7188 7189 7189
f 7188 7187 7199
f 7200 7188 7199
f 7200 7199 7199
f 7187 7198 7199
f 6853 7198 7187
f 6853 6863 7198
f 6863 6864 7198
f 7186 6855 6844
f 6855 7186 6854
f 7186 7185 6854
f 7201 7202 7201
f 7230 7204 7202
f 7203 7190 7190
f 7202 7204 7190
f 6871 7197 6869
f 7197 7196 6869
f 6869 7196 6867
f 7196 7195 6867
f 6867 7195 6865
f 7195 7194 6865
f 7207 7194 7193
f 6865 7194 7207
f 6865 6865 7194
f 7193 7206 7207
f 7192 7206 7193
f 7192 7205 7206
f 7191 7205 7192
f 7191 7204 7205
f 7190 7204 7191
f 7203 7202 7190
f 7197 7185 7184
f 7205 7204 6878
f 7206 7205 6880
f 7231 7251 7252
f 6889 7251 7231
f 6889 6889 7251
f 7251 6889 7250
f 6889 6899 7250
f 6899 6900 7250
f 7253 7252 7252
f 7230 6894 6878
f 7230 7229 6892
f 6892 7229 6890
f 7229 7227 6890
f 7249 7227 7225
f 6890 7227 7249
f 6890 6890 7227
f 6894 7230 6892
f 7253 7232 7252
f 7232 7231 7252
f 7232 7253 7234
f 7239 7263 7264
f 7239 7239 7264
f 7239 7264 7265
f 7239 7262 7263
f 7238 7262 7239
f 7238 7261 7262
f 7235 7261 7238
f 7259 7261 7235
f 7260 7259 7235
f 7260 7235 7237
f 7257 7259 7258
f 7258 7259 7260
f 7254 7257 7255
f 7255 7257 7258
f 7256 7254 7255
f 7225 7248 7249
f 7223 7248 7225
f 7223 7247 7248
f 7221 7247 7223
f 7235 7238 7236
f 7236 7238 7238
f 7237 7235 7236
f 7209 7233 7211
f 7209 7208 7232
f 7233 7209 7232
f 7233 7232 7234
f 7208 7231 7232
f 6875 7231 7208
f 6875 6875 7231
f 6875 6889 7231
f 7207 6884 6865
f 6884 7207 6882
f 7207 7206 6882
f 6882 7206 6880
f 7238 7239 7239
f 6880 7205 6878
f 7238 7239 7238
f 7240 7240 7240
f 7221 7246 7247
f 7219 7246 7221
f 7219 7245 7246
f 7218 7245 7219
f 7218 7244 7245
f 7217 7244 7218
f 7217 7243 7244
f 7215 7243 7217
f 7215 7242 7243
f 7213 7242 7215
f 7213 7241 7242
f 7212 7241 7213
f 7240 7241 7212
f 7240 7240 7212
f 7240 7212 7212
f 7239 7239 7239
f 6854 7185 7197
f 6854 6854 7185
f 7184 7196 7197
f 6828 7143 7159
f 6828 6827 7143
f 7142 7158 7159
f 7141 7158 7142
f 7141 7157 7158
f 7140 7157 7141
f 7159 7143 7142
f 7140 7156 7157
f 7139 7155 7156
f 7138 7155 7139
f 7138 7154 7155
f 7137 7154 7138
f 7137 7153 7154
f 7136 7153 7137
f 7139 7156 7140
f 7143 6827 6819
f 6833 6832 7160
f 6834 6833 7160
f 7150 7166 7151
f 7150 7165 7166
f 7148 7165 7150
f 7164 7165 7148
f 7164 7164 7148
f 7164 7148 7149
f 7164 7164 7164
f 7145 7163 7147
f 7145 7144 7162
f 7163 7145 7162
f 7163 7162 7162
f 7144 7161 7162
f 6825 7161 7144
f 6825 6834 7161
f 7161 6834 7160
f 7136 7152 7153
f 7135 7152 7136
f 7135 7151 7152
f 7134 7151 7135
f 7119 7142 7120
f 7119 7141 7142
f 7118 7141 7119
f 7118 7140 7141
f 7117 7140 7118
f 7117 7139 7140
f 7116 7139 7117
f 7116 7138 7139
f 7115 7138 7116
f 7115 7137 7138
f 7114 7137 7115
f 7114 7136 7137
f 7113 7136 7114
f 7113 7135 7136
f 7112 7135 7113
f 7120 7142 7143
f 7151 7166 7167
f 7120 7143 6819
f 6824 6825 7144
f 7134 7150 7151
f 7133 7150 7134
f 7133 7148 7150
f 7131 7148 7133
f 7148 7131 7149
f 7149 7131 7132
f 7122 7122 7122
f 7146 7122 7121
f 7121 7122 7122
f 6816 7121 6816
f 6816 7146 7121
f 6816 7145 7146
f 7145 7147 7146
f 7145 6816 7144
f 6816 6824 7144
f 6810 7120 6819
f 7151 7167 7152
f 7152 7167 7168
f 7152 7168 7153
f 7173 7187 7188
f 6843 7187 7173
f 6843 6843 7187
f 6843 6853 7187
f 7172 6846 6835
f 6846 7172 6844
f 7172 7171 6844
f 7186 7171 7170
f 6844 7171 7186
f 6844 6844 7171
f 7170 7185 7186
f 7169 7185 7170
f 7169 7184 7185
f 7168 7184 7169
f 7168 7183 7184
f 7173 7188 7174
f 7167 7183 7168
f 7174 7188 7189
f 7174 7189 7176
f 7183 7196 7184
f 7183 7195 7196
f 7182 7195 7183
f 7182 7194 7195
f 7181 7194 7182
f 7181 7193 7194
f 7180 7193 7181
f 7180 7192 7193
f 7178 7192 7180
f 7178 7191 7192
f 7177 7191 7178
f 7190 7191 7177
f 7190 7190 7177
f 7190 7177 7177
f 7190 7190 7190
f 7176 7189 7189
f 7111 7134 7112
f 7167 7182 7183
f 7166 7181 7182
f 7159 6839 6828
f 6839 7159 6837
f 7159 7158 6837
f 6837 7158 6835
f 7158 7157 6835
f 7172 7157 7156
f 6835 7157 7172
f 6835 6835 7157
f 7156 7171 7172
f 7155 7171 7156
f 7155 7170 7171
f 7154 7170 7155
f 7154 7169 7170
f 7153 7169 7154
f 7153 7168 7169
f 6832 6843 7173
f 7166 7182 7167
f 6832 6832 7173
f 7160 7173 7174
f 7165 7181 7166
f 7165 7180 7181
f 7164 7180 7165
f 7178 7180 7164
f 7179 7178 7164
f 7179 7164 7164
f 7177 7178 7177
f 7177 7178 7179
f 7177 7177 7177
f 7162 7162 7162
f 7175 7162 7161
f 7161 7162 7162
f 7161 7160 7174
f 7175 7161 7174
f 7175 7174 7176
f 6832 7173 7160
f 6689 7004 7014
f 7002 7014 7003
f 6688 7014 7002
f 6847 6857 6858
f 6845 6857 6847
f 6845 6856 6857
f 6844 6856 6845
f 6855 6856 6844
f 6855 6855 6844
f 6847 6858 6848
f 6855 6844 6844
f 6854 6855 6855
f 6854 6854 6854
f 6843 6843 6843
f 6547 6843 6547
f 6547 6843 6843
f 6547 6852 6843
f 6854 6855 6854
f 6848 6858 6859
f 6848 6859 6849
f 6849 6859 6860
f 6865 6866 6865
f 6865 6866 6867
f 6865 6865 6865
f 6852 6863 6853
f 6559 6852 6554
f 6559 6863 6852
f 6559 6862 6863
f 6862 6864 6863
f 6559 6558 6862
f 6851 6555 6551
f 6861 6851 6850
f 6555 6851 6861
f 6555 6555 6851
f 6850 6860 6861
f 6849 6860 6850
f 6852 6853 6843
f 6547 6554 6852
f 6842 6550 6542
f 6851 6842 6841
f 6548 6843 6832
f 6843 6843 6832
f 6548 6547 6843
f 6831 6541 6530
f 6842 6831 6830
f 6542 6831 6842
f 6542 6541 6831
f 6830 6841 6842
f 6829 6841 6830
f 6829 6840 6841
f 6826 6840 6829
f 6838 6840 6826
f 6839 6838 6826
f 6839 6826 6828
f 6836 6838 6837
f 6548 6832 6832
f 6867 6868 6869
f 6548 6832 6538
f 6844 6844 6844
f 6551 6842 6851
f 6551 6550 6842
f 6841 6850 6851
f 6840 6850 6841
f 6840 6849 6850
f 6838 6849 6840
f 6838 6848 6849
f 6836 6848 6838
f 6836 6847 6848
f 6835 6847 6836
f 6845 6847 6835
f 6846 6845 6835
f 6846 6835 6835
f 6844 6845 6844
f 6844 6845 6846
f 6832 6832 6832
f 6837 6838 6839
f 6866 6868 6867
f 6868 6870 6869
f 6584 6585 6888
f 6874 6580 6560
f 6580 6874 6578
f 6874 6873 6578
f 6578 6873 6576
f 6873 6872 6576
f 6586 6584 6888
f 6576 6872 6574
f 6887 6870 6868
f 6574 6870 6887
f 6574 6574 6870
f 6868 6886 6887
f 6866 6886 6868
f 6866 6885 6886
f 6872 6870 6574
f 6889 6586 6888
f 6889 6889 6875
f 6586 6889 6875
f 6881 6896 6897
f 6879 6896 6881
f 6879 6895 6896
f 6878 6895 6879
f 6893 6895 6878
f 6894 6893 6878
f 6894 6878 6878
f 6891 6893 6892
f 6892 6893 6894
f 6890 6891 6890
f 6890 6891 6892
f 6890 6890 6890
f 6875 6875 6875
f 6586 6875 6573
f 6586 6875 6875
f 6865 6885 6866
f 6883 6885 6865
f 6884 6883 6865
f 6884 6865 6865
f 6860 6859 6564
f 6564 6859 6562
f 6859 6858 6562
f 6562 6858 6560
f 6858 6857 6560
f 6874 6857 6856
f 6560 6857 6874
f 6560 6560 6857
f 6856 6873 6874
f 6855 6873 6856
f 6855 6872 6873
f 6854 6872 6855
f 6870 6872 6854
f 6871 6870 6854
f 6871 6854 6854
f 6566 6860 6564
f 6869 6870 6871
f 6861 6860 6566
f 6861 6568 6555
f 6881 6883 6882
f 6882 6883 6884
f 6879 6881 6880
f 6880 6881 6882
f 6878 6879 6878
f 6878 6879 6880
f 6878 6878 6878
f 6862 6877 6864
f 6558 6876 6877
f 6558 6558 6877
f 6558 6877 6862
f 6572 6876 6558
f 6875 6876 6572
f 6875 6875 6876
f 6572 6573 6875
f 6568 6861 6566
f 6835 6836 6835
f 6835 6836 6837
f 6835 6835 6835
f 6778 6779 6778
f 6778 6779 6779
f 6777 6778 6777
f 6777 6778 6778
f 6776 6777 6776
f 6776 6777 6777
f 6779 6780 6780
f 6775 6776 6775
f 6774 6775 6774
f 6774 6775 6775
f 6773 6774 6773
f 6773 6774 6774
f 6772 6773 6772
f 6772 6773 6773
f 6775 6776 6776
f 6779 6780 6779
f 6780 6780 6780
f 6786 6786 6786
f 6795 6802 6803
f 6794 6802 6795
f 6794 6801 6802
f 6793 6801 6794
f 6793 6799 6801
f 6792 6799 6793
f 6799 6792 6791
f 6800 6799 6791
f 6800 6791 6791
f 6791 6791 6791
f 6788 6788 6788
f 6787 6788 6787
f 6787 6788 6788
f 6786 6787 6786
f 6786 6787 6787
f 6771 6772 6771
f 6771 6772 6772
f 6770 6771 6770
f 6770 6771 6771
f 6791 6765 6764
f 6791 6791 6764
f 6791 6764 6790
f 6789 6790 6763
f 6763 6790 6764
f 6763 6762 6788
f 6789 6763 6788
f 6789 6788 6788
f 6762 6787 6788
f 6761 6787 6762
f 6761 6786 6787
f 6760 6786 6761
f 6786 6760 6759
f 6786 6786 6759
f 6786 6759 6785
f 6765 6791 6766
f 6795 6803 6796
f 6766 6791 6792
f 6767 6792 6793
f 6770 6769 6798
f 6770 6770 6798
f 6770 6798 6798
f 6769 6797 6798
f 6486 6797 6769
f 6486 6486 6797
f 6486 6498 6797
f 6489 6796 6490
f 6796 6489 6795
f 6489 6481 6795
f 6795 6768 6794
f 6481 6768 6795
f 6481 6481 6768
f 6768 6793 6794
f 6767 6793 6768
f 6766 6792 6767
f 6796 6803 6804
f 6490 6490 6796
f 6490 6796 6805
f 6828 6826 6827
f 6816 6816 6816
f 6824 6816 6815
f 6815 6816 6816
f 6526 6815 6517
f 6526 6824 6815
f 6526 6823 6824
f 6823 6825 6824
f 6526 6527 6823
f 6814 6518 6508
f 6822 6814 6813
f 6518 6814 6822
f 6518 6518 6814
f 6813 6821 6822
f 6812 6821 6813
f 6827 6818 6819
f 6812 6820 6821
f 6827 6826 6818
f 6818 6829 6820
f 6823 6834 6825
f 6539 6833 6834
f 6527 6539 6834
f 6527 6834 6823
f 6537 6833 6539
f 6832 6833 6537
f 6832 6832 6833
f 6537 6538 6832
f 6822 6529 6518
f 6831 6822 6821
f 6530 6822 6831
f 6530 6529 6822
f 6821 6830 6831
f 6820 6830 6821
f 6820 6829 6830
f 6826 6829 6818
f 6589 6588 6883
f 6811 6820 6812
f 6809 6818 6811
f 6801 6811 6802
f 6801 6809 6811
f 6799 6809 6801
f 6809 6799 6810
f 6810 6799 6800
f 6798 6798 6798
f 6807 6798 6797
f 6797 6798 6798
f 6507 6797 6498
f 6507 6807 6797
f 6507 6806 6807
f 6806 6808 6807
f 6507 6506 6806
f 6490 6805 6500
f 6805 6796 6804
f 6802 6811 6812
f 6811 6818 6820
f 6802 6812 6803
f 6803 6813 6804
f 6818 6809 6819
f 6819 6809 6810
f 6806 6817 6808
f 6506 6806 6506
f 6506 6817 6806
f 6506 6816 6817
f 6816 6816 6817
f 6816 6506 6815
f 6506 6516 6815
f 6516 6517 6815
f 6805 6508 6500
f 6814 6805 6804
f 6508 6805 6814
f 6508 6508 6805
f 6804 6813 6814
f 6803 6812 6813
f 6589 6883 6897
f 6897 6883 6881
f 6885 6883 6588
f 6663 6965 6660
f 6965 6964 6660
f 6974 6964 6962
f 6661 6964 6974
f 6661 6660 6964
f 6962 6973 6974
f 6965 6663 6636
f 6961 6973 6962
f 6972 6971 6961
f 6972 6961 6961
f 6969 6971 6970
f 6970 6971 6972
f 6968 6969 6968
f 6968 6969 6970
f 6971 6973 6961
f 6975 6966 6658
f 6667 6975 6658
f 6967 6976 6976
f 6668 6971 6983
f 6668 6668 6971
f 6969 6982 6983
f 6968 6982 6969
f 6980 6982 6968
f 6981 6980 6968
f 6981 6968 6968
f 6978 6980 6979
f 6979 6980 6981
f 6977 6978 6977
f 6977 6978 6979
f 6977 6977 6977
f 6976 6976 6976
f 6966 6975 6976
f 6967 6966 6976
f 6968 6968 6968
f 6959 6966 6960
f 6960 6966 6967
f 6658 6966 6635
f 6950 6948 6636
f 6965 6948 6946
f 6636 6948 6965
f 6636 6636 6948
f 6946 6964 6965
f 6943 6964 6946
f 6962 6964 6943
f 6963 6962 6943
f 6963 6943 6945
f 6961 6962 6961
f 6961 6962 6963
f 6961 6961 6961
f 6941 6959 6942
f 6942 6959 6960
f 6635 6959 6626
f 6638 6950 6636
f 6983 6971 6969
f 6951 6950 6638
f 6952 6951 6640
f 6966 6959 6635
f 6958 6654 6627
f 6654 6958 6652
f 6958 6957 6652
f 6652 6957 6650
f 6957 6956 6650
f 6650 6956 6648
f 6956 6955 6648
f 6648 6955 6646
f 6955 6954 6646
f 6646 6954 6644
f 6954 6953 6644
f 6644 6953 6642
f 6953 6952 6642
f 6642 6952 6640
f 6640 6951 6638
f 6973 6971 6668
f 6670 6973 6668
f 6974 6973 6670
f 6990 7006 6991
f 6990 7005 7006
f 6989 7005 6990
f 6989 7004 7005
f 6988 7004 6989
f 6988 7003 7004
f 6986 7003 6988
f 6986 7002 7003
f 6985 7002 6986
f 6984 7002 6985
f 6682 7002 6984
f 6682 6682 7002
f 6984 6674 6682
f 6983 6679 6668
f 6679 6983 6677
f 6991 7006 7007
f 6983 6982 6677
f 6991 7007 6992
f 6992 7008 6993
f 6688 6688 7014
f 7002 6682 6688
f 7001 6683 6675
f 7013 7001 7000
f 6683 7001 7013
f 6683 6683 7001
f 7000 7012 7013
f 6998 7012 7000
f 6998 7011 7012
f 6996 7011 6998
f 6996 7010 7011
f 6994 7010 6996
f 6994 7009 7010
f 6993 7009 6994
f 6993 7008 7009
f 6992 7007 7008
f 6959 6941 6626
f 6677 6982 6675
f 7001 6980 6978
f 6989 6990 6989
f 6989 6990 6990
f 6988 6989 6988
f 6988 6989 6989
f 6986 6988 6987
f 6987 6988 6988
f 6976 6985 6986
f 6976 6976 6986
f 6976 6986 6987
f 6976 6984 6985
f 6975 6984 6976
f 6674 6984 6667
f 6984 6975 6667
f 6974 6672 6661
f 6672 6974 6670
f 6990 6991 6991
f 6982 6980 6675
f 6990 6991 6990
f 6991 6992 6991
f 6675 6980 7001
f 6675 6675 6980
f 6978 7000 7001
f 6977 7000 6978
f 6998 7000 6977
f 6999 6998 6977
f 6999 6977 6977
f 6996 6998 6997
f 6997 6998 6999
f 6994 6996 6995
f 6995 6996 6997
f 6993 6994 6993
f 6993 6994 6995
f 6992 6993 6992
f 6992 6993 6993
f 6991 6992 6992
f 7265 7266 7267
f 6940 6633 6621
f 6940 6939 6631
f 6920 6921 6922
f 6917 6919 6918
f 6918 6919 6920
f 6915 6917 6916
f 6916 6917 6918
f 6914 6915 6914
f 6919 6921 6920
f 6914 6915 6916
f 6913 6913 6913
f 6913 6913 6913
f 6898 6912 6900
f 6900 6912 6912
f 6610 6912 6598
f 6912 6898 6598
f 6914 6914 6914
f 6922 6901 6901
f 6922 6921 6901
f 6921 6923 6901
f 6610 6620 6925
f 6911 6619 6601
f 6619 6911 6617
f 6911 6910 6617
f 6617 6910 6615
f 6910 6908 6615
f 6615 6908 6613
f 6908 6906 6613
f 6613 6906 6611
f 6906 6904 6611
f 6924 6904 6902
f 6611 6904 6924
f 6611 6611 6904
f 6902 6923 6924
f 6901 6923 6902
f 6897 6607 6589
f 6607 6897 6605
f 6897 6896 6605
f 6605 6896 6603
f 6901 6901 6901
f 6889 6889 6889
f 6899 6889 6888
f 6888 6889 6889
f 6597 6888 6585
f 6597 6899 6888
f 6597 6898 6899
f 6898 6900 6899
f 6597 6598 6898
f 6887 6595 6574
f 6595 6887 6593
f 6887 6886 6593
f 6593 6886 6591
f 6886 6885 6591
f 6591 6885 6588
f 6901 6902 6903
f 6925 6926 6912
f 6901 6902 6901
f 6902 6904 6903
f 6896 6895 6603
f 6603 6895 6600
f 6895 6893 6600
f 6911 6893 6891
f 6601 6893 6911
f 6601 6600 6893
f 6891 6910 6911
f 6890 6910 6891
f 6908 6910 6890
f 6909 6908 6890
f 6909 6890 6890
f 6906 6908 6907
f 6907 6908 6909
f 6904 6906 6905
f 6905 6906 6907
f 6903 6904 6905
f 6610 6925 6912
f 6610 6912 6912
f 6610 6912 6610
f 6930 6952 6953
f 6929 6952 6930
f 6929 6951 6952
f 6928 6951 6929
f 6928 6950 6951
f 6927 6950 6928
f 6948 6950 6927
f 6949 6948 6927
f 6949 6927 6927
f 6946 6948 6947
f 6947 6948 6949
f 6943 6946 6944
f 6944 6946 6947
f 6945 6943 6944
f 6925 6941 6926
f 6930 6953 6931
f 6926 6941 6942
f 6931 6953 6954
f 6932 6954 6955
f 6631 6939 6629
f 6939 6938 6629
f 6629 6938 6628
f 6938 6937 6628
f 6628 6937 6627
f 6937 6936 6627
f 6958 6936 6935
f 6627 6936 6958
f 6627 6627 6936
f 6935 6957 6958
f 6934 6957 6935
f 6934 6956 6957
f 6933 6956 6934
f 6933 6955 6956
f 6932 6955 6933
f 6931 6954 6932
f 6633 6940 6631
f 6626 6941 6620
f 6924 6621 6611
f 6932 6933 6933
f 6931 6932 6931
f 6931 6932 6932
f 6930 6931 6930
f 6930 6931 6931
f 6913 6929 6930
f 6913 6913 6930
f 6913 6930 6930
f 6928 6929 6913
f 6928 6928 6913
f 6928 6913 6913
f 6927 6928 6927
f 6927 6928 6928
f 6927 6927 6927
f 6912 6912 6912
f 6932 6933 6932
f 6941 6925 6620
f 6933 6934 6934
f 6934 6914 6914
f 6940 6924 6923
f 6621 6924 6940
f 6621 6621 6924
f 6923 6939 6940
f 6921 6939 6923
f 6921 6938 6939
f 6919 6938 6921
f 6919 6937 6938
f 6917 6937 6919
f 6917 6936 6937
f 6915 6936 6917
f 6915 6935 6936
f 6914 6935 6915
f 6934 6935 6914
f 6934 6934 6914
f 6933 6934 6933
f 6784 6785 6758
f 7264 7266 7265
f 7266 7268 7267
f 7606 7605 7605
f 7583 7604 7605
f 7582 7604 7583
f 7582 7603 7604
f 7211 7603 7582
f 7211 7233 7603
f 7606 7584 7605
f 7233 7234 7603
f 7228 7581 7226
f 7581 7580 7226
f 7226 7580 7224
f 7580 7579 7224
f 7224 7579 7222
f 7579 7578 7222
f 7581 7228 7201
f 7584 7583 7605
f 7584 7607 7585
f 7606 7607 7584
f 7237 7595 7613
f 7237 7236 7595
f 7594 7612 7613
f 7593 7612 7594
f 7593 7611 7612
f 7592 7611 7593
f 7592 7610 7611
f 7591 7610 7592
f 7591 7609 7610
f 7588 7609 7591
f 7608 7609 7588
f 7608 7608 7588
f 7608 7588 7590
f 7608 7608 7608
f 7585 7607 7587
f 7222 7578 7220
f 7578 7577 7220
f 7220 7577 7218
f 7577 7576 7218
f 7567 7597 7598
f 7566 7597 7567
f 7566 7596 7597
f 7565 7596 7566
f 7565 7595 7596
f 7564 7595 7565
f 7564 7594 7595
f 7563 7594 7564
f 7563 7593 7594
f 7562 7593 7563
f 7562 7592 7593
f 7561 7592 7562
f 7561 7591 7592
f 7559 7591 7561
f 7588 7591 7559
f 7567 7598 7568
f 7613 7595 7594
f 7568 7598 7599
f 7569 7599 7600
f 7218 7576 7217
f 7576 7575 7217
f 7217 7575 7216
f 7575 7574 7216
f 7216 7574 7214
f 7574 7573 7214
f 7214 7573 7212
f 7573 7572 7212
f 7602 7572 7571
f 7212 7572 7602
f 7212 7212 7572
f 7571 7601 7602
f 7570 7601 7571
f 7570 7600 7601
f 7569 7600 7570
f 7568 7599 7569
f 7589 7588 7559
f 7596 7595 7236
f 7597 7596 7238
f 7618 7628 7629
f 7252 7628 7618
f 7252 7252 7628
f 7252 7278 7628
f 7617 7271 7240
f 7271 7617 7269
f 7618 7629 7619
f 7617 7616 7269
f 7616 7615 7267
f 7267 7615 7265
f 7615 7614 7265
f 7614 7239 7265
f 7613 7260 7237
f 7260 7613 7258
f 7269 7616 7267
f 7619 7629 7630
f 7619 7630 7620
f 7620 7630 7631
f 7639 7626 7625
f 7279 7626 7639
f 7279 7279 7626
f 7625 7638 7639
f 7622 7638 7625
f 7636 7638 7622
f 7637 7636 7622
f 7637 7622 7624
f 7634 7636 7635
f 7635 7636 7637
f 7633 7634 7633
f 7633 7634 7635
f 7633 7633 7633
f 7620 7631 7621
f 7621 7631 7632
f 7613 7612 7258
f 7258 7612 7255
f 7612 7611 7255
f 7627 7611 7610
f 7253 7252 7618
f 7602 7240 7212
f 7617 7602 7601
f 7240 7602 7617
f 7240 7240 7602
f 7601 7616 7617
f 7600 7616 7601
f 7600 7615 7616
f 7599 7615 7600
f 7599 7614 7615
f 7598 7614 7599
f 7597 7614 7598
f 7239 7614 7597
f 7239 7239 7614
f 7239 7597 7238
f 7234 7253 7618
f 7238 7596 7236
f 7234 7618 7603
f 7603 7619 7604
f 7256 7611 7627
f 7256 7255 7611
f 7610 7626 7627
f 7609 7626 7610
f 7609 7625 7626
f 7608 7625 7609
f 7622 7625 7608
f 7623 7622 7608
f 7623 7608 7608
f 7624 7622 7623
f 7605 7605 7605
f 7605 7604 7620
f 7605 7605 7620
f 7605 7620 7621
f 7604 7619 7620
f 7603 7618 7619
f 7589 7559 7560
f 7590 7588 7589
f 7556 7586 7558
f 7514 7542 7543
f 7513 7542 7514
f 7513 7541 7542
f 7512 7541 7513
f 7512 7540 7541
f 7511 7540 7512
f 7514 7543 7515
f 7511 7539 7540
f 7510 7538 7539
f 7509 7538 7510
f 7509 7537 7538
f 7508 7537 7509
f 7508 7536 7537
f 7507 7536 7508
f 7510 7539 7511
f 7515 7543 7544
f 7515 7544 7516
f 7516 7544 7545
f 7523 7552 7524
f 7523 7551 7552
f 7522 7551 7523
f 7522 7550 7551
f 7521 7550 7522
f 7521 7549 7550
f 7520 7549 7521
f 7520 7548 7549
f 7519 7548 7520
f 7519 7547 7548
f 7518 7547 7519
f 7518 7546 7547
f 7517 7546 7518
f 7517 7545 7546
f 7516 7545 7517
f 7507 7535 7536
f 7506 7535 7507
f 7506 7534 7535
f 7505 7534 7506
f 7497 7496 7177
f 7525 7496 7495
f 7177 7496 7525
f 7177 7177 7496
f 7495 7524 7525
f 7494 7524 7495
f 7494 7523 7524
f 7493 7523 7494
f 7493 7522 7523
f 7491 7522 7493
f 7491 7521 7522
f 7489 7521 7491
f 7489 7520 7521
f 7487 7520 7489
f 7487 7519 7520
f 7179 7497 7177
f 7524 7552 7553
f 7497 7179 7164
f 7189 7526 7176
f 7505 7533 7534
f 7504 7533 7505
f 7504 7532 7533
f 7503 7532 7504
f 7503 7531 7532
f 7502 7531 7503
f 7502 7529 7531
f 7501 7529 7502
f 7529 7501 7530
f 7500 7500 7500
f 7500 7499 7527
f 7500 7500 7527
f 7500 7527 7528
f 7499 7526 7527
f 7498 7526 7499
f 7526 7498 7176
f 7190 7190 7525
f 7190 7525 7553
f 7553 7525 7524
f 7550 7579 7580
f 7549 7579 7550
f 7549 7578 7579
f 7548 7578 7549
f 7548 7577 7578
f 7547 7577 7548
f 7547 7576 7577
f 7546 7576 7547
f 7546 7575 7576
f 7545 7575 7546
f 7545 7574 7575
f 7544 7574 7545
f 7544 7573 7574
f 7543 7573 7544
f 7543 7572 7573
f 7550 7580 7551
f 7542 7572 7543
f 7551 7580 7581
f 7201 7552 7581
f 7556 7555 7585
f 7586 7556 7585
f 7586 7585 7587
f 7555 7584 7585
f 7554 7584 7555
f 7554 7583 7584
f 7199 7583 7554
f 7199 7199 7583
f 7583 7199 7582
f 7199 7210 7582
f 7210 7211 7582
f 7553 7203 7190
f 7203 7553 7201
f 7553 7552 7201
f 7581 7552 7551
f 7201 7201 7552
f 7627 7626 7279
f 7542 7571 7572
f 7541 7570 7571
f 7531 7559 7561
f 7529 7559 7531
f 7559 7529 7560
f 7560 7529 7530
f 7527 7557 7528
f 7527 7526 7556
f 7557 7527 7556
f 7557 7556 7558
f 7526 7555 7556
f 7189 7555 7526
f 7189 7189 7555
f 7555 7189 7554
f 7189 7200 7554
f 7200 7199 7554
f 7525 7190 7177
f 7531 7561 7532
f 7541 7571 7542
f 7532 7561 7562
f 7533 7562 7563
f 7540 7570 7541
f 7540 7569 7570
f 7539 7569 7540
f 7539 7568 7569
f 7538 7568 7539
f 7538 7567 7568
f 7537 7567 7538
f 7537 7566 7567
f 7536 7566 7537
f 7536 7565 7566
f 7535 7565 7536
f 7535 7564 7565
f 7534 7564 7535
f 7534 7563 7564
f 7533 7563 7534
f 7532 7562 7533
f 7486 7519 7487
f 7281 7627 7279
f 7278 7293 7640
f 7705 7713 7714
f 7704 7713 7705
f 7704 7712 7713
f 7703 7712 7704
f 7703 7711 7712
f 7702 7711 7703
f 7705 7714 7706
f 7702 7710 7711
f 7558 7586 7710
f 7586 7587 7710
f 7530 7701 7560
f 7701 7709 7560
f 7701 7708 7709
f 7700 7708 7701
f 7558 7710 7702
f 7706 7714 7715
f 7706 7715 7707
f 7707 7715 7716
f 7711 7721 7712
f 7711 7720 7721
f 7710 7720 7711
f 7710 7719 7720
f 7587 7719 7710
f 7587 7607 7719
f 7719 7607 7718
f 7607 7606 7718
f 7606 7605 7718
f 7709 7589 7560
f 7717 7709 7708
f 7590 7709 7717
f 7590 7589 7709
f 7708 7716 7717
f 7707 7716 7708
f 7700 7707 7708
f 7699 7707 7700
f 7699 7706 7707
f 7698 7706 7699
f 7690 7697 7691
f 7690 7696 7697
f 7689 7696 7690
f 7689 7695 7696
f 7500 7695 7689
f 7500 7500 7695
f 7500 7528 7695
f 7468 7688 7501
f 7688 7694 7501
f 7688 7693 7694
f 7687 7693 7688
f 7687 7692 7693
f 7686 7692 7687
f 7686 7691 7692
f 7685 7691 7686
f 7691 7697 7698
f 7712 7721 7722
f 7691 7698 7692
f 7692 7699 7693
f 7698 7705 7706
f 7697 7705 7698
f 7697 7704 7705
f 7696 7704 7697
f 7696 7703 7704
f 7695 7703 7696
f 7695 7702 7703
f 7528 7702 7695
f 7528 7557 7702
f 7557 7558 7702
f 7501 7694 7530
f 7694 7701 7530
f 7694 7700 7701
f 7693 7700 7694
f 7693 7699 7700
f 7692 7698 7699
f 7685 7690 7691
f 7712 7722 7713
f 7713 7723 7714
f 7736 7632 7645
f 7735 7637 7624
f 7637 7735 7635
f 7735 7734 7635
f 7635 7734 7633
f 7734 7733 7633
f 7645 7645 7742
f 7741 7733 7732
f 7633 7633 7733
f 7732 7740 7741
f 7731 7740 7732
f 7731 7739 7740
f 7730 7739 7731
f 7730 7738 7739
f 7633 7733 7741
f 7645 7742 7736
f 7736 7742 7737
f 7737 7742 7738
f 7745 7744 7662
f 7662 7744 7660
f 7744 7743 7660
f 7660 7743 7658
f 7743 7742 7658
f 7742 7645 7658
f 7741 7646 7633
f 7745 7741 7740
f 7646 7741 7745
f 7646 7646 7741
f 7740 7744 7745
f 7739 7744 7740
f 7739 7743 7744
f 7738 7743 7739
f 7738 7742 7743
f 7729 7738 7730
f 7729 7737 7738
f 7728 7737 7729
f 7728 7736 7737
f 7719 7728 7729
f 7718 7728 7719
f 7718 7727 7728
f 7605 7727 7718
f 7605 7605 7727
f 7605 7621 7727
f 7717 7608 7590
f 7726 7717 7716
f 7608 7717 7726
f 7608 7608 7717
f 7716 7725 7726
f 7715 7725 7716
f 7715 7724 7725
f 7714 7724 7715
f 7714 7723 7724
f 7719 7729 7720
f 7713 7722 7723
f 7720 7729 7730
f 7721 7730 7731
f 7727 7736 7728
f 7632 7736 7621
f 7736 7727 7621
f 7726 7623 7608
f 7735 7726 7725
f 7624 7726 7735
f 7624 7623 7726
f 7725 7734 7735
f 7724 7734 7725
f 7724 7733 7734
f 7723 7733 7724
f 7723 7732 7733
f 7722 7732 7723
f 7722 7731 7732
f 7721 7731 7722
f 7720 7730 7721
f 7684 7690 7685
f 7684 7689 7690
f 7464 7689 7684
f 7646 7665 7647
f 7663 7665 7646
f 7664 7663 7646
f 7664 7646 7646
f 7661 7663 7662
f 7662 7663 7664
f 7647 7665 7666
f 7659 7661 7660
f 7657 7659 7658
f 7658 7659 7660
f 7645 7656 7657
f 7645 7645 7657
f 7645 7657 7658
f 7645 7655 7656
f 7660 7661 7662
f 7647 7666 7648
f 7648 7666 7667
f 7302 7302 7649
f 7655 7670 7671
f 7654 7670 7655
f 7654 7669 7670
f 7653 7669 7654
f 7653 7668 7669
f 7652 7668 7653
f 7651 7668 7652
f 7309 7668 7651
f 7309 7309 7668
f 7651 7301 7309
f 7650 7304 7294
f 7304 7650 7302
f 7650 7649 7302
f 7667 7649 7648
f 7302 7649 7667
f 7644 7655 7645
f 7644 7654 7655
f 7643 7654 7644
f 7643 7653 7654
f 7646 7633 7633
f 7646 7646 7646
f 7645 7645 7645
f 7631 7644 7645
f 7632 7631 7645
f 7632 7645 7645
f 7631 7643 7644
f 7630 7643 7631
f 7630 7642 7643
f 7629 7642 7630
f 7629 7641 7642
f 7628 7641 7629
f 7628 7640 7641
f 7278 7640 7628
f 7278 7278 7640
f 7646 7646 7633
f 7655 7671 7656
f 7646 7647 7633
f 7634 7647 7648
f 7642 7653 7643
f 7642 7652 7653
f 7641 7652 7642
f 7641 7651 7652
f 7640 7651 7641
f 7301 7651 7293
f 7651 7640 7293
f 7639 7294 7279
f 7650 7639 7638
f 7294 7639 7650
f 7294 7294 7639
f 7638 7649 7650
f 7636 7649 7638
f 7636 7648 7649
f 7634 7648 7636
f 7633 7647 7634
f 7656 7671 7672
f 7656 7672 7657
f 7657 7672 7673
f 7465 7464 7684
f 7679 7457 7425
f 7683 7679 7678
f 7457 7679 7683
f 7457 7457 7679
f 7678 7682 7683
f 7423 7682 7678
f 7423 7423 7682
f 7682 7423 7681
f 7423 7455 7681
f 7455 7456 7681
f 7434 7680 7435
f 7434 7433 7680
f 7394 7679 7425
f 7679 7394 7678
f 7466 7465 7684
f 7394 7424 7678
f 7685 7466 7684
f 7686 7433 7685
f 7464 7464 7689
f 7464 7500 7689
f 7683 7492 7457
f 7492 7683 7490
f 7683 7682 7490
f 7490 7682 7488
f 7682 7681 7488
f 7681 7456 7488
f 7435 7688 7468
f 7688 7680 7687
f 7435 7680 7688
f 7435 7435 7680
f 7680 7686 7687
f 7433 7686 7680
f 7433 7433 7686
f 7433 7466 7685
f 7627 7281 7256
f 7424 7423 7678
f 7677 7322 7344
f 7668 7309 7322
f 7667 7316 7302
f 7316 7667 7314
f 7667 7666 7314
f 7314 7666 7311
f 7666 7665 7311
f 7676 7665 7663
f 7312 7665 7676
f 7312 7311 7665
f 7663 7675 7676
f 7661 7675 7663
f 7661 7674 7675
f 7659 7674 7661
f 7659 7673 7674
f 7657 7673 7659
f 7322 7322 7677
f 7677 7344 7325
f 7322 7677 7668
f 7325 7324 7670
f 7676 7337 7312
f 7337 7676 7335
f 7676 7675 7335
f 7335 7675 7333
f 7675 7674 7333
f 7333 7674 7331
f 7674 7673 7331
f 7331 7673 7329
f 7673 7672 7329
f 7329 7672 7327
f 7672 7671 7327
f 7327 7671 7324
f 7671 7670 7324
f 7677 7670 7669
f 7325 7670 7677
f 7668 7677 7669
f 7486 7518 7519
f 7485 7518 7486
f 7485 7517 7518
f 7326 7345 7346
f 7323 7345 7326
f 7343 7345 7323
f 7344 7343 7323
f 7344 7323 7325
f 7322 7342 7343
f 7326 7346 7328
f 7322 7322 7343
f 7322 7341 7342
f 7321 7341 7322
f 7321 7340 7341
f 7320 7340 7321
f 7319 7340 7320
f 6976 7340 7319
f 7322 7343 7344
f 7328 7346 7347
f 7328 7347 7330
f 7330 7347 7348
f 6988 7341 6987
f 7341 7340 6987
f 7340 6976 6987
f 7339 6981 6968
f 6981 7339 6979
f 7339 7338 6979
f 6979 7338 6977
f 7338 7336 6977
f 7350 7336 7334
f 6977 7336 7350
f 6977 6977 7336
f 7334 7349 7350
f 7332 7349 7334
f 7332 7348 7349
f 7330 7348 7332
f 6976 6976 7340
f 7319 6967 6976
f 7318 6972 6961
f 6972 7318 6970
f 7326 7328 7327
f 7327 7328 7329
f 7323 7326 7324
f 7324 7326 7327
f 7325 7323 7324
f 7322 7322 7322
f 7309 7321 7322
f 7309 7309 7322
f 7309 7322 7322
f 7309 7320 7321
f 7308 7320 7309
f 7308 7319 7320
f 7307 7319 7308
f 6967 7319 6960
f 7319 7307 6960
f 7329 7330 7331
f 7342 7341 6988
f 7328 7330 7329
f 7330 7332 7331
f 7318 7317 6970
f 6970 7317 6968
f 7317 7315 6968
f 7339 7315 7313
f 6968 7315 7339
f 6968 6968 7315
f 7313 7338 7339
f 7310 7338 7313
f 7336 7338 7310
f 7337 7336 7310
f 7337 7310 7312
f 7334 7336 7335
f 7335 7336 7337
f 7332 7334 7333
f 7333 7334 7335
f 7331 7332 7333
f 7306 6963 6945
f 6989 7342 6988
f 6990 7343 6989
f 7355 7369 7356
f 7355 7368 7369
f 7354 7368 7355
f 7354 7367 7368
f 7353 7367 7354
f 7353 7366 7367
f 7356 7369 7370
f 7352 7366 7353
f 7351 7365 7352
f 7351 7364 7365
f 7042 7364 7351
f 7042 7042 7364
f 7042 7074 7364
f 7047 7363 7049
f 7352 7365 7366
f 7356 7370 7357
f 7357 7370 7371
f 7357 7371 7358
f 7095 7093 7378
f 7093 7094 7378
f 7049 7363 7075
f 7363 7377 7075
f 7363 7376 7377
f 7362 7376 7363
f 7362 7375 7376
f 7361 7375 7362
f 7361 7374 7375
f 7360 7374 7361
f 7360 7373 7374
f 7359 7373 7360
f 7359 7372 7373
f 7358 7372 7359
f 7358 7371 7372
f 7363 7047 7362
f 7047 7035 7362
f 7362 7035 7361
f 7035 7034 7361
f 7044 7043 7351
f 7043 7042 7351
f 7350 6999 6977
f 6999 7350 6997
f 7350 7349 6997
f 6997 7349 6995
f 7349 7348 6995
f 6995 7348 6993
f 7348 7347 6993
f 6993 7347 6992
f 7347 7346 6992
f 6992 7346 6991
f 7346 7345 6991
f 6991 7345 6990
f 7345 7343 6990
f 7352 7044 7351
f 7343 7342 6989
f 7045 7044 7352
f 7046 7045 7353
f 7361 7034 7360
f 7034 7033 7360
f 7360 7033 7359
f 7033 7032 7359
f 7359 7032 7358
f 7032 7031 7358
f 7358 7031 7357
f 7031 7030 7357
f 7357 7030 7356
f 7030 7029 7356
f 7356 7029 7355
f 7029 7028 7355
f 7355 7028 7354
f 7028 7046 7354
f 7354 7046 7353
f 7353 7045 7352
f 6963 7306 6961
f 7306 7305 6961
f 7318 7305 7303
f 7263 7286 7264
f 7262 7286 7263
f 6913 7286 7262
f 6913 6913 7286
f 7285 7262 7261
f 6913 7262 7285
f 7264 7286 7287
f 6913 6913 7262
f 7259 7284 7261
f 7259 7283 7284
f 7257 7283 7259
f 7257 7282 7283
f 7254 7282 7257
f 7280 7282 7254
f 7261 7284 7285
f 7264 7287 7266
f 7266 7287 7288
f 7266 7288 7268
f 7276 6922 6901
f 6922 7276 6920
f 7276 7275 6920
f 6920 7275 6918
f 7275 7274 6918
f 6918 7274 6916
f 7274 7273 6916
f 6916 7273 6914
f 7273 7272 6914
f 7290 7272 7270
f 6914 7272 7290
f 6914 6914 7272
f 7270 7289 7290
f 7268 7289 7270
f 7268 7288 7289
f 7281 7280 7254
f 7281 7254 7256
f 7279 7280 7279
f 7279 7280 7281
f 6901 7245 7276
f 6901 6901 7245
f 7244 7275 7276
f 7243 7275 7244
f 7243 7274 7275
f 7242 7274 7243
f 7242 7273 7274
f 7241 7273 7242
f 7241 7272 7273
f 7240 7272 7241
f 7270 7272 7240
f 7271 7270 7240
f 7271 7240 7240
f 7268 7270 7269
f 7269 7270 7271
f 7276 7245 7244
f 6912 6926 7291
f 7246 7245 6901
f 7247 7246 6903
f 7279 7279 7279
f 7252 7252 7252
f 7252 7251 7278
f 7252 7252 7278
f 7252 7278 7278
f 7251 7277 7278
f 7250 7277 7251
f 6912 7277 6900
f 7277 7250 6900
f 7249 6909 6890
f 6909 7249 6907
f 7249 7248 6907
f 6907 7248 6905
f 7248 7247 6905
f 6905 7247 6903
f 6903 7246 6901
f 6912 6912 7291
f 6912 7291 7277
f 7277 7291 7292
f 7307 7299 6942
f 7298 6949 6927
f 6949 7298 6947
f 7298 7297 6947
f 6947 7297 6944
f 7297 7296 6944
f 7306 7296 7295
f 6945 7296 7306
f 6945 6944 7296
f 7295 7305 7306
f 7294 7305 7295
f 7303 7305 7294
f 7304 7303 7294
f 7304 7294 7294
f 7302 7303 7302
f 6960 7307 6942
f 7302 7303 7304
f 7299 7307 7300
f 7301 7309 7309
f 6961 7305 7318
f 6961 6961 7305
f 7303 7317 7318
f 7302 7317 7303
f 7315 7317 7302
f 7316 7315 7302
f 7316 7302 7302
f 7313 7315 7314
f 7314 7315 7316
f 7310 7313 7311
f 7311 7313 7314
f 7312 7310 7311
f 7309 7309 7309
f 7300 7308 7309
f 7301 7300 7309
f 7300 7307 7308
f 7379 7095 7378
f 7302 7302 7302
f 7293 7300 7301
f 6927 6927 7284
f 7283 7297 7298
f 7282 7297 7283
f 7282 7296 7297
f 7280 7296 7282
f 7280 7295 7296
f 7279 7295 7280
f 7294 7295 7279
f 7294 7294 7279
f 7294 7279 7279
f 7294 7294 7294
f 7278 7278 7278
f 7278 7277 7292
f 7278 7278 7292
f 7278 7292 7293
f 6927 7284 7298
f 7292 7300 7293
f 7298 7284 7283
f 6928 7285 6927
f 7292 7299 7300
f 7291 7299 7292
f 6942 7299 6926
f 7299 7291 6926
f 7290 6934 6914
f 6934 7290 6933
f 7290 7289 6933
f 6933 7289 6932
f 7289 7288 6932
f 6932 7288 6931
f 7288 7287 6931
f 6931 7287 6930
f 7287 7286 6930
f 7286 6913 6930
f 7285 6928 6913
f 7285 7284 6927
f 7096 7095 7379
f 7380 7096 7379
f 7097 7096 7380
f 7439 7471 7440
f 7439 7470 7471
f 7438 7470 7439
f 7438 7469 7470
f 7437 7469 7438
f 7437 7467 7469
f 7440 7471 7472
f 7436 7467 7437
f 7468 7467 7435
f 7468 7435 7435
f 7435 7435 7435
f 7433 7433 7433
f 7466 7433 7432
f 7432 7433 7433
f 7467 7436 7435
f 7440 7472 7441
f 7441 7472 7473
f 7441 7473 7442
f 7449 7480 7481
f 7448 7480 7449
f 7448 7479 7480
f 7447 7479 7448
f 7447 7478 7479
f 7446 7478 7447
f 7446 7477 7478
f 7445 7477 7446
f 7445 7476 7477
f 7444 7476 7445
f 7444 7475 7476
f 7443 7475 7444
f 7443 7474 7475
f 7442 7474 7443
f 7442 7473 7474
f 7465 7466 7431
f 7431 7466 7432
f 7431 7430 7464
f 7465 7431 7464
f 7423 7423 7423
f 7455 7423 7422
f 7422 7423 7423
f 7422 7421 7454
f 7455 7422 7454
f 7455 7454 7456
f 7421 7453 7454
f 7420 7453 7421
f 7420 7452 7453
f 7419 7452 7420
f 7419 7451 7452
f 7418 7451 7419
f 7418 7450 7451
f 7417 7450 7418
f 7417 7449 7450
f 7457 7457 7457
f 7449 7481 7450
f 7457 7425 7425
f 7457 7458 7425
f 7465 7464 7464
f 7430 7463 7464
f 7147 7463 7430
f 7147 7163 7463
f 7163 7162 7463
f 7132 7429 7149
f 7429 7462 7149
f 7429 7461 7462
f 7428 7461 7429
f 7428 7460 7461
f 7427 7460 7428
f 7427 7459 7460
f 7426 7459 7427
f 7426 7458 7459
f 7425 7458 7426
f 7457 7457 7425
f 7450 7481 7482
f 7450 7482 7451
f 7451 7482 7483
f 7475 7507 7508
f 7474 7507 7475
f 7474 7506 7507
f 7473 7506 7474
f 7473 7505 7506
f 7472 7505 7473
f 7472 7504 7505
f 7471 7504 7472
f 7471 7503 7504
f 7470 7503 7471
f 7470 7502 7503
f 7469 7502 7470
f 7469 7501 7502
f 7467 7501 7469
f 7501 7467 7468
f 7475 7508 7476
f 7464 7464 7464
f 7476 7508 7509
f 7477 7509 7510
f 7484 7517 7485
f 7484 7516 7517
f 7483 7516 7484
f 7483 7515 7516
f 7482 7515 7483
f 7482 7514 7515
f 7481 7514 7482
f 7481 7513 7514
f 7480 7513 7481
f 7480 7512 7513
f 7479 7512 7480
f 7479 7511 7512
f 7478 7511 7479
f 7478 7510 7511
f 7477 7510 7478
f 7476 7509 7477
f 7416 7449 7417
f 7464 7463 7500
f 7464 7500 7500
f 7492 7491 7457
f 7492 7457 7457
f 7489 7491 7490
f 7490 7491 7492
f 7487 7489 7488
f 7488 7489 7490
f 7454 7486 7487
f 7456 7454 7487
f 7456 7487 7488
f 7454 7485 7486
f 7453 7485 7454
f 7453 7484 7485
f 7452 7484 7453
f 7452 7483 7484
f 7451 7483 7452
f 7491 7493 7457
f 7464 7464 7500
f 7457 7493 7458
f 7458 7494 7459
f 7463 7499 7500
f 7162 7499 7463
f 7162 7162 7499
f 7499 7162 7498
f 7162 7175 7498
f 7175 7176 7498
f 7462 7164 7149
f 7497 7462 7461
f 7164 7462 7497
f 7164 7164 7462
f 7461 7496 7497
f 7460 7496 7461
f 7460 7495 7496
f 7459 7495 7460
f 7459 7494 7495
f 7458 7493 7494
f 7267 7268 7269
f 7416 7448 7449
f 7415 7447 7448
f 7098 7381 7405
f 7098 7098 7381
f 7381 7403 7404
f 7380 7403 7381
f 7380 7402 7403
f 7379 7402 7380
f 7405 7381 7404
f 7379 7401 7402
f 7378 7400 7401
f 7094 7400 7378
f 7094 7124 7400
f 7400 7124 7399
f 7124 7123 7399
f 7123 7122 7399
f 7378 7401 7379
f 7125 7098 7405
f 7406 7125 7405
f 7126 7125 7406
f 7382 7413 7383
f 7382 7412 7413
f 7105 7412 7382
f 7105 7105 7412
f 7412 7105 7411
f 7105 7130 7411
f 7411 7130 7410
f 7130 7129 7410
f 7410 7129 7409
f 7129 7128 7409
f 7409 7128 7408
f 7128 7127 7408
f 7408 7127 7407
f 7127 7126 7407
f 7407 7126 7406
f 7107 7398 7108
f 7398 7107 7397
f 7107 7075 7397
f 7397 7377 7396
f 7368 7387 7369
f 7368 7386 7387
f 7367 7386 7368
f 7367 7385 7386
f 7366 7385 7367
f 7366 7384 7385
f 7365 7384 7366
f 7365 7383 7384
f 7364 7383 7365
f 7364 7382 7383
f 7074 7382 7364
f 7074 7106 7382
f 7106 7105 7382
f 7097 7381 7098
f 7381 7097 7380
f 7369 7387 7388
f 7383 7413 7414
f 7369 7388 7370
f 7370 7389 7371
f 7075 7377 7397
f 7075 7075 7377
f 7377 7395 7396
f 7376 7395 7377
f 7376 7394 7395
f 7375 7394 7376
f 7375 7393 7394
f 7374 7393 7375
f 7374 7392 7393
f 7373 7392 7374
f 7373 7391 7392
f 7372 7391 7373
f 7372 7390 7391
f 7371 7390 7372
f 7371 7389 7390
f 7370 7388 7389
f 7383 7414 7384
f 7384 7414 7415
f 7384 7415 7385
f 7405 7437 7438
f 7404 7437 7405
f 7404 7436 7437
f 7403 7436 7404
f 7403 7435 7436
f 7402 7435 7403
f 7435 7402 7401
f 7435 7435 7401
f 7435 7401 7434
f 7401 7400 7433
f 7434 7401 7433
f 7434 7433 7433
f 7400 7432 7433
f 7399 7432 7400
f 7399 7431 7432
f 7405 7438 7406
f 7122 7431 7399
f 7406 7438 7439
f 7407 7439 7440
f 7414 7447 7415
f 7414 7446 7447
f 7413 7446 7414
f 7413 7445 7446
f 7412 7445 7413
f 7412 7444 7445
f 7411 7444 7412
f 7411 7443 7444
f 7410 7443 7411
f 7410 7442 7443
f 7409 7442 7410
f 7409 7441 7442
f 7408 7441 7409
f 7408 7440 7441
f 7407 7440 7408
f 7406 7439 7407
f 7415 7448 7416
f 7122 7122 7431
f 7122 7146 7430
f 7392 7422 7423
f 7391 7422 7392
f 7391 7421 7422
f 7390 7421 7391
f 7390 7420 7421
f 7389 7420 7390
f 7389 7419 7420
f 7388 7419 7389
f 7388 7418 7419
f 7387 7418 7388
f 7387 7417 7418
f 7386 7417 7387
f 7386 7416 7417
f 7385 7416 7386
f 7385 7415 7416
f 7424 7423 7423
f 7431 7122 7430
f 7424 7393 7423
f 7393 7394 7394
f 7146 7147 7430
f 7108 7429 7132
f 7429 7398 7428
f 7108 7398 7429
f 7108 7108 7398
f 7398 7427 7428
f 7397 7427 7398
f 7397 7426 7427
f 7396 7426 7397
f 7396 7425 7426
f 7395 7425 7396
f 7425 7395 7394
f 7425 7425 7394
f 7425 7394 7394
f 7424 7394 7393
f 7393 7392 7423
f 6758 6785 6759
f 6783 6784 6757
f 6757 6784 6758
f 6163 5984 6162
f 5984 5983 6162
f 6162 5983 6161
f 5983 5982 6161
f 6161 5982 6160
f 5982 5981 6160
f 5985 5984 6163
f 6160 5981 6159
f 5980 5979 6159
f 5977 6158 5978
f 6158 5977 6157
f 5977 5976 6157
f 6157 5976 6156
f 5976 5975 6156
f 5981 5980 6159
f 6164 5985 6163
f 5986 5985 6164
f 6165 5986 6164
f 5992 6172 5947
f 6171 6172 5992
f 5991 6171 5992
f 6170 6171 5991
f 5990 6170 5991
f 6169 6170 5990
f 5989 6169 5990
f 6168 6169 5989
f 6168 6168 6169
f 6168 5989 6167
f 5989 5988 6167
f 6167 5988 6166
f 5988 5987 6166
f 6166 5987 6165
f 5987 5986 6165
f 6156 5975 6155
f 5975 5974 6155
f 6155 5974 6154
f 5974 5973 6154
f 6145 5962 6144
f 6145 6145 5962
f 5960 6144 5961
f 6143 6144 5960
f 5959 6143 5960
f 6142 6143 5959
f 5958 6142 5959
f 6141 6142 5958
f 5957 6141 5958
f 6140 6141 5957
f 5956 6140 5957
f 6139 6140 5956
f 5955 6139 5956
f 6138 6139 5955
f 5954 6138 5955
f 6144 5962 5961
f 5947 6131 6131
f 5963 5962 6145
f 5964 5963 6146
f 6154 5973 6153
f 5973 5972 6153
f 6153 5972 6152
f 5972 5971 6152
f 6152 5971 6151
f 5971 5970 6151
f 6151 5970 6150
f 5970 5969 6150
f 5969 5968 6150
f 5966 6149 5967
f 6149 5966 6148
f 5966 5965 6148
f 6148 5965 6147
f 5965 5964 6147
f 6147 5964 6146
f 6146 5963 6145
f 6137 6138 5954
f 5947 5947 6131
f 6131 6131 6131
f 6000 5999 6188
f 6188 5999 6187
f 5999 5998 6187
f 6187 5998 6186
f 5998 5997 6186
f 6186 5997 6185
f 6189 6000 6188
f 5997 5996 6185
f 5996 5995 6184
f 6183 5995 5994
f 6184 5995 6183
f 6184 6184 5995
f 5993 6183 5994
f 6182 6183 5993
f 6185 5996 6184
f 6001 6000 6189
f 6190 6001 6189
f 6001 6190 6002
f 6161 6162 6161
f 6161 6162 6162
f 6160 6161 6160
f 6160 6161 6161
f 6194 6160 6159
f 6159 6160 6160
f 5979 6193 6194
f 5979 5979 6194
f 5979 6194 6159
f 6005 6193 5979
f 6192 6193 6005
f 6192 6192 6193
f 6192 6005 6191
f 6005 6003 6191
f 6003 6004 6191
f 5978 6182 5993
f 6181 6182 5978
f 6180 6181 5978
f 6158 6180 5978
f 5968 6177 6150
f 5967 6176 5968
f 6175 6176 5967
f 6174 6175 5967
f 6149 6174 5967
f 6149 5967 5967
f 6173 6174 6148
f 6148 6174 6149
f 6147 6173 6147
f 6147 6173 6148
f 6146 6147 6146
f 6146 6147 6147
f 6145 6146 6145
f 6145 6146 6146
f 6145 6145 6145
f 5968 5968 6177
f 5947 6172 6131
f 5968 6176 6177
f 6177 6178 6150
f 6158 5978 5978
f 6157 6180 6157
f 6157 6180 6158
f 6156 6157 6156
f 6156 6157 6157
f 6155 6156 6155
f 6155 6156 6156
f 6154 6155 6154
f 6154 6155 6155
f 6153 6154 6153
f 6153 6154 6154
f 6179 6153 6152
f 6152 6153 6153
f 6178 6179 6151
f 6151 6179 6152
f 6150 6178 6151
f 5953 6137 5954
f 6136 6137 5953
f 5952 6136 5953
f 6103 5902 5892
f 6107 5902 6103
f 6107 6107 5902
f 6107 6107 6107
f 6106 5891 5900
f 6101 5891 6106
f 6108 6108 6106
f 6095 5899 5882
f 6095 6094 5898
f 5898 6094 5897
f 6094 6093 5897
f 5897 6105 5895
f 6093 6105 5897
f 6093 6093 6105
f 5899 6095 5898
f 6108 6106 5905
f 5905 6106 5900
f 6108 6108 6108
f 6113 5913 5913
f 6112 5912 5913
f 6108 5912 6112
f 6108 6108 5912
f 6108 5905 5912
f 6107 5910 5902
f 5910 6111 5908
f 6107 6111 5910
f 6107 6107 6111
f 5906 5908 6111
f 6110 5906 6111
f 5906 6110 6109
f 5906 5906 6109
f 5906 6109 6109
f 6109 6109 6109
f 5893 5895 6105
f 6104 5893 6105
f 5892 5893 6104
f 6102 5892 6104
f 5882 5882 6095
f 5882 6095 6095
f 6094 6095 6094
f 6094 6095 6095
f 6093 6094 6093
f 6093 6094 6094
f 6093 6093 6093
f 6084 5870 6092
f 6092 5870 5870
f 5880 6092 5870
f 6091 6092 5880
f 6091 6091 6092
f 5880 5881 6091
f 6080 5879 5863
f 5879 6090 5878
f 5882 6096 6095
f 6113 6113 5913
f 6096 5882 6097
f 6097 5883 6098
f 5892 6102 5892
f 5892 6102 6103
f 6091 6091 6091
f 6101 5881 5891
f 6091 5881 6101
f 6091 6091 5881
f 6085 5890 5871
f 5890 6100 5888
f 6085 6100 5890
f 6085 6085 6100
f 5886 5888 6100
f 6099 5886 6100
f 5884 5886 6099
f 6098 5884 6099
f 5883 5884 6098
f 5882 5883 6097
f 6113 6112 5913
f 6113 6113 6113
f 6114 6114 6114
f 5938 5940 6128
f 6127 5938 6128
f 6127 5936 5938
f 6123 5936 6127
f 6123 6123 5936
f 5936 6123 5934
f 6123 6122 5934
f 5934 6122 5932
f 6122 6121 5932
f 5932 6121 5930
f 6121 6120 5930
f 5930 6120 5929
f 6120 6119 5929
f 5929 6119 5928
f 6119 6118 5928
f 6128 5940 6129
f 6118 5922 5928
f 5940 5942 6129
f 5942 5944 6130
f 6135 6136 5952
f 5951 6135 5952
f 6134 6135 5951
f 5950 6134 5951
f 6133 6134 5950
f 5949 6133 5950
f 6132 6133 5949
f 5948 6132 5949
f 6131 6132 5948
f 6131 6131 6132
f 5948 5947 6131
f 6124 5946 5923
f 5946 6130 5944
f 6124 6130 5946
f 6124 6124 6130
f 6129 5942 6130
f 6162 6163 6163
f 6114 5927 5914
f 6114 6126 5927
f 6118 6118 5922
f 6118 5922 5922
f 6117 5921 5922
f 6113 5921 6117
f 6113 6113 5921
f 6113 5913 5921
f 6109 5918 5906
f 5918 6116 5916
f 6109 6116 5918
f 6109 6109 6116
f 5914 5916 6116
f 6115 5914 6116
f 5914 6115 6114
f 5914 5914 6114
f 5914 6114 6114
f 6118 6117 5922
f 5927 6126 5925
f 6118 6119 6119
f 6119 6120 6120
f 6114 6114 6126
f 5923 5925 6126
f 6125 5923 6126
f 5923 6125 6124
f 5923 5923 6124
f 5923 6124 6124
f 6124 6124 6124
f 6123 6123 6123
f 6122 6123 6122
f 6122 6123 6123
f 6121 6122 6121
f 6121 6122 6122
f 6120 6121 6120
f 6120 6121 6121
f 6119 6120 6119
f 6118 6119 6118
f 6080 6090 5879
f 6162 6163 6162
f 6163 6164 6163
f 6260 6268 6269
f 6258 6268 6260
f 6258 6267 6268
f 6256 6267 6258
f 6256 6266 6267
f 6255 6266 6256
f 6260 6269 6261
f 6265 6266 6255
f 6265 6255 6255
f 6265 6265 6265
f 6264 6254 6031
f 6264 6264 6031
f 6264 6031 6031
f 6031 6034 6264
f 6265 6265 6255
f 6261 6269 6270
f 6035 6035 6262
f 6035 6262 6270
f 6274 6273 6265
f 6274 6265 6265
f 6275 6273 6274
f 6264 6264 6264
f 6039 6272 6264
f 6034 6039 6264
f 6034 6264 6264
f 6037 6272 6039
f 6271 6272 6037
f 6271 6271 6272
f 6037 6038 6271
f 6263 6036 6033
f 6036 6263 6035
f 6263 6262 6035
f 6270 6262 6261
f 6252 6032 6029
f 6263 6252 6251
f 6033 6252 6263
f 6033 6032 6252
f 6030 6244 6029
f 6244 6243 6029
f 6252 6243 6242
f 6029 6243 6252
f 6029 6029 6243
f 6242 6251 6252
f 6240 6251 6242
f 6240 6250 6251
f 6239 6250 6240
f 6248 6250 6239
f 6249 6248 6239
f 6249 6239 6239
f 6247 6248 6247
f 6247 6248 6249
f 6247 6247 6247
f 6244 6030 6027
f 6273 6276 6265
f 6031 6254 6253
f 6253 6028 6028
f 6251 6262 6263
f 6250 6262 6251
f 6250 6261 6262
f 6248 6261 6250
f 6248 6260 6261
f 6247 6260 6248
f 6258 6260 6247
f 6259 6258 6247
f 6259 6247 6247
f 6256 6258 6257
f 6257 6258 6259
f 6255 6256 6255
f 6255 6256 6257
f 6255 6255 6255
f 6246 6028 6253
f 6028 6031 6253
f 6237 6237 6237
f 6265 6276 6266
f 6266 6277 6267
f 6300 6302 6301
f 6301 6302 6303
f 6298 6300 6299
f 6299 6300 6301
f 6296 6298 6297
f 6297 6298 6299
f 6303 6282 6282
f 6294 6296 6295
f 6291 6294 6292
f 6292 6294 6295
f 6293 6291 6292
f 6281 6043 6290
f 6290 6043 6050
f 6048 6290 6050
f 6295 6296 6297
f 6303 6302 6282
f 6302 6304 6282
f 6282 6304 6283
f 6289 6289 6289
f 6054 6289 6049
f 6054 6289 6289
f 6054 6306 6289
f 6306 6306 6289
f 6054 6055 6306
f 6288 6053 6044
f 6053 6288 6052
f 6288 6286 6052
f 6052 6286 6051
f 6286 6284 6051
f 6305 6284 6283
f 6051 6284 6305
f 6051 6051 6284
f 6283 6304 6305
f 6289 6290 6048
f 6289 6289 6290
f 6048 6049 6289
f 6279 6047 6040
f 6271 6271 6271
f 6042 6280 6271
f 6038 6042 6271
f 6038 6271 6271
f 6042 6043 6280
f 6043 6281 6280
f 6270 6041 6035
f 6041 6270 6040
f 6270 6269 6040
f 6279 6269 6268
f 6040 6269 6279
f 6040 6040 6269
f 6268 6278 6279
f 6267 6278 6268
f 6267 6277 6278
f 6282 6282 6282
f 6266 6276 6277
f 6282 6283 6283
f 6283 6284 6285
f 6047 6279 6046
f 6279 6278 6046
f 6046 6278 6045
f 6278 6277 6045
f 6045 6277 6044
f 6277 6276 6044
f 6288 6276 6273
f 6044 6276 6288
f 6044 6044 6276
f 6286 6288 6273
f 6287 6286 6273
f 6287 6273 6275
f 6284 6286 6285
f 6285 6286 6287
f 6283 6284 6283
f 6282 6283 6282
f 6024 6245 6237
f 6024 6024 6237
f 6024 6237 6237
f 6208 6202 6207
f 6007 6202 6208
f 6007 6007 6202
f 6202 6205 6207
f 6201 6205 6202
f 6205 6201 6200
f 6010 6007 6208
f 6206 6205 6200
f 6199 6200 6199
f 6199 6200 6200
f 6198 6199 6198
f 6198 6199 6199
f 6197 6198 6197
f 6197 6198 6198
f 6206 6200 6200
f 6209 6010 6208
f 6011 6010 6209
f 6210 6011 6209
f 6208 6215 6216
f 6207 6215 6208
f 6207 6214 6215
f 6205 6214 6207
f 6214 6205 6214
f 6214 6205 6206
f 6203 6203 6203
f 6008 6203 6008
f 6008 6203 6203
f 6008 6212 6203
f 6212 6213 6203
f 6008 6014 6212
f 6012 6211 6013
f 6211 6012 6210
f 6012 6011 6210
f 6197 6197 6197
f 6192 6192 6192
f 6204 6192 6191
f 6191 6192 6192
f 6197 6186 6196
f 6195 6196 6185
f 6185 6196 6186
f 6184 6195 6184
f 6184 6195 6185
f 6184 6184 6184
f 6168 6168 6168
f 6167 6168 6167
f 6167 6168 6168
f 6166 6167 6166
f 6166 6167 6167
f 6165 6166 6165
f 6165 6166 6166
f 6164 6165 6164
f 6164 6165 6165
f 6197 6197 6186
f 6208 6216 6209
f 6197 6187 6186
f 6188 6197 6198
f 6009 6191 6004
f 6009 6204 6191
f 6009 6203 6204
f 6203 6203 6204
f 6009 6008 6203
f 6006 6202 6007
f 6202 6006 6201
f 6006 6002 6201
f 6201 6190 6200
f 6002 6190 6201
f 6002 6002 6190
f 6190 6199 6200
f 6189 6199 6190
f 6189 6198 6199
f 6188 6198 6189
f 6187 6197 6188
f 6209 6216 6217
f 6209 6217 6210
f 6210 6217 6218
f 6237 6238 6025
f 6237 6237 6238
f 6025 6024 6237
f 6229 6023 6018
f 6023 6229 6022
f 6229 6228 6022
f 6022 6228 6021
f 6228 6227 6021
f 6236 6227 6226
f 6021 6227 6236
f 6021 6021 6227
f 6226 6235 6236
f 6225 6235 6226
f 6225 6234 6235
f 6224 6234 6225
f 6025 6238 6026
f 6233 6234 6224
f 6238 6020 6026
f 6239 6239 6239
f 6024 6028 6245
f 6028 6246 6245
f 6236 6027 6021
f 6244 6236 6235
f 6027 6236 6244
f 6027 6027 6236
f 6235 6243 6244
f 6234 6243 6235
f 6234 6242 6243
f 6233 6242 6234
f 6240 6242 6233
f 6241 6240 6233
f 6241 6233 6233
f 6239 6240 6239
f 6239 6240 6241
f 6231 6020 6238
f 6163 6164 6164
f 6233 6233 6224
f 6233 6233 6233
f 6214 6224 6215
f 6224 6214 6224
f 6224 6214 6214
f 6212 6222 6213
f 6016 6212 6014
f 6016 6222 6212
f 6016 6221 6222
f 6221 6223 6222
f 6016 6017 6221
f 6013 6220 6015
f 6220 6211 6219
f 6013 6211 6220
f 6013 6013 6211
f 6211 6218 6219
f 6210 6218 6211
f 6215 6224 6225
f 6233 6224 6224
f 6215 6225 6216
f 6216 6226 6217
f 6221 6232 6223
f 6019 6230 6232
f 6017 6019 6232
f 6017 6232 6221
f 6019 6020 6230
f 6020 6231 6230
f 6220 6018 6015
f 6229 6220 6219
f 6018 6220 6229
f 6018 6018 6220
f 6219 6228 6229
f 6218 6228 6219
f 6218 6227 6228
f 6217 6227 6218
f 6217 6226 6227
f 6216 6225 6226
f 6080 6080 6090
f 5876 5878 6090
f 6089 5876 6090
f 5945 5943 5652
f 5652 5943 5650
f 5943 5941 5650
f 5650 5941 5648
f 5941 5939 5648
f 5648 5939 5647
f 5653 5945 5652
f 5939 5937 5647
f 5937 5935 5646
f 5646 5935 5645
f 5935 5933 5645
f 5645 5933 5644
f 5933 5931 5644
f 5931 5636 5644
f 5647 5937 5646
f 5945 5653 5637
f 5658 5659 5947
f 5947 5947 5948
f 5954 5955 5666
f 5665 5954 5666
f 5953 5954 5665
f 5664 5953 5665
f 5952 5953 5664
f 5663 5952 5664
f 5951 5952 5663
f 5662 5951 5663
f 5950 5951 5662
f 5661 5950 5662
f 5949 5950 5661
f 5660 5949 5661
f 5948 5949 5660
f 5658 5948 5660
f 5947 5948 5658
f 5926 5641 5623
f 5641 5926 5639
f 5926 5924 5639
f 5639 5924 5637
f 5932 5930 5636
f 5931 5932 5636
f 5931 5636 5636
f 5635 5636 5930
f 5929 5635 5930
f 5633 5635 5929
f 5928 5633 5929
f 5928 5631 5633
f 5922 5631 5928
f 5922 5922 5631
f 5631 5922 5630
f 5922 5920 5630
f 5920 5622 5630
f 5919 5629 5616
f 5629 5919 5627
f 5932 5933 5934
f 5666 5955 5667
f 5931 5933 5932
f 5933 5935 5934
f 5924 5923 5637
f 5923 5946 5945
f 5923 5945 5637
f 5923 5637 5923
f 5923 5637 5637
f 5943 5945 5944
f 5944 5945 5946
f 5941 5943 5942
f 5942 5943 5944
f 5939 5941 5940
f 5940 5941 5942
f 5937 5939 5938
f 5938 5939 5940
f 5935 5937 5936
f 5936 5937 5938
f 5934 5935 5936
f 5919 5917 5627
f 5955 5956 5667
f 5956 5957 5668
f 5980 5981 5697
f 5695 5980 5697
f 5979 5980 5695
f 5979 5979 5980
f 5695 5696 5979
f 5690 5978 5691
f 5697 5981 5698
f 5977 5690 5689
f 5978 5978 5690
f 5688 5977 5689
f 5976 5977 5688
f 5687 5976 5688
f 5975 5976 5687
f 5686 5975 5687
f 5978 5690 5977
f 5981 5982 5698
f 5698 5982 5699
f 5982 5983 5699
f 5706 5990 5707
f 5989 5990 5706
f 5705 5989 5706
f 5988 5989 5705
f 5704 5988 5705
f 5987 5988 5704
f 5703 5987 5704
f 5986 5987 5703
f 5702 5986 5703
f 5985 5986 5702
f 5701 5985 5702
f 5984 5985 5701
f 5700 5984 5701
f 5983 5984 5700
f 5699 5983 5700
f 5974 5975 5686
f 5685 5974 5686
f 5973 5974 5685
f 5684 5973 5685
f 5675 5964 5676
f 5963 5964 5675
f 5674 5963 5675
f 5962 5963 5674
f 5673 5962 5674
f 5961 5962 5673
f 5672 5961 5673
f 5960 5961 5672
f 5671 5960 5672
f 5959 5960 5671
f 5670 5959 5671
f 5958 5959 5670
f 5669 5958 5670
f 5957 5958 5669
f 5668 5957 5669
f 5964 5965 5676
f 5667 5956 5668
f 5676 5965 5677
f 5677 5966 5678
f 5972 5973 5684
f 5683 5972 5684
f 5971 5972 5683
f 5682 5971 5683
f 5970 5971 5682
f 5681 5970 5682
f 5969 5970 5681
f 5680 5969 5681
f 5968 5969 5680
f 5968 5968 5969
f 5968 5680 5967
f 5680 5679 5967
f 5966 5679 5678
f 5967 5679 5966
f 5967 5967 5679
f 5965 5966 5677
f 5627 5917 5625
f 5917 5915 5625
f 5625 5915 5623
f 5881 5573 5891
f 5877 5582 5564
f 5582 5877 5580
f 5877 5875 5580
f 5580 5875 5578
f 5875 5873 5578
f 5891 5573 5584
f 5578 5873 5576
f 5576 5872 5574
f 5872 5871 5574
f 5871 5890 5889
f 5871 5889 5574
f 5871 5574 5871
f 5871 5574 5574
f 5873 5872 5576
f 5892 5892 5892
f 5892 5893 5893
f 5892 5893 5892
f 5884 5883 5589
f 5589 5883 5587
f 5883 5882 5587
f 5587 5899 5586
f 5882 5899 5587
f 5882 5882 5899
f 5585 5586 5899
f 5898 5585 5899
f 5585 5898 5897
f 5585 5585 5897
f 5585 5897 5896
f 5894 5896 5895
f 5895 5896 5897
f 5893 5894 5893
f 5893 5894 5895
f 5887 5889 5888
f 5888 5889 5890
f 5885 5887 5886
f 5886 5887 5888
f 5864 5863 5566
f 5566 5879 5564
f 5863 5879 5566
f 5863 5863 5879
f 5564 5879 5878
f 5564 5564 5878
f 5564 5878 5877
f 5875 5877 5876
f 5876 5877 5878
f 5873 5875 5874
f 5874 5875 5876
f 5872 5873 5872
f 5872 5873 5874
f 5871 5872 5871
f 5871 5872 5872
f 5568 5864 5566
f 5591 5884 5589
f 5866 5864 5568
f 5868 5866 5570
f 5884 5885 5884
f 5884 5885 5886
f 5883 5884 5883
f 5883 5884 5884
f 5882 5883 5882
f 5882 5883 5883
f 5882 5882 5882
f 5870 5870 5870
f 5563 5880 5870
f 5563 5563 5870
f 5563 5870 5870
f 5563 5573 5880
f 5573 5881 5880
f 5868 5571 5550
f 5571 5868 5570
f 5570 5866 5568
f 5885 5884 5591
f 5593 5885 5591
f 5887 5885 5593
f 5911 5613 5619
f 5909 5618 5608
f 5618 5909 5615
f 5909 5907 5615
f 5919 5907 5906
f 5616 5907 5919
f 5616 5615 5907
f 5917 5919 5906
f 5918 5917 5906
f 5918 5906 5906
f 5915 5917 5916
f 5916 5917 5918
f 5914 5915 5914
f 5914 5915 5916
f 5914 5914 5914
f 5913 5911 5619
f 5913 5913 5913
f 5621 5913 5619
f 5913 5621 5920
f 5915 5914 5623
f 5914 5927 5926
f 5914 5926 5623
f 5914 5623 5914
f 5914 5623 5623
f 5924 5926 5925
f 5925 5926 5927
f 5923 5924 5923
f 5923 5924 5925
f 5923 5923 5923
f 5922 5922 5922
f 5920 5922 5921
f 5921 5922 5922
f 5913 5921 5913
f 5913 5920 5921
f 5621 5622 5920
f 5990 5991 5707
f 5911 5913 5912
f 5613 5905 5605
f 5904 5896 5894
f 5598 5896 5904
f 5598 5598 5896
f 5894 5903 5904
f 5893 5903 5894
f 5893 5901 5903
f 5892 5901 5893
f 5901 5892 5902
f 5902 5892 5892
f 5900 5584 5597
f 5891 5584 5900
f 5889 5596 5574
f 5596 5889 5595
f 5889 5887 5595
f 5595 5887 5593
f 5896 5598 5585
f 5912 5913 5913
f 5900 5597 5905
f 5906 5906 5906
f 5911 5905 5613
f 5911 5912 5905
f 5904 5612 5598
f 5612 5904 5610
f 5904 5903 5610
f 5610 5903 5607
f 5903 5901 5607
f 5902 5910 5909
f 5902 5909 5608
f 5902 5608 5901
f 5901 5608 5607
f 5907 5909 5908
f 5908 5909 5910
f 5906 5907 5906
f 5906 5907 5908
f 5905 5597 5605
f 5707 5991 5708
f 5991 5992 5708
f 5708 5992 5709
f 6056 6056 6056
f 6049 5807 6054
f 6054 5807 5818
f 5818 5819 6054
f 5819 6055 6054
f 6046 5816 5802
f 6056 6057 6057
f 5816 6046 5814
f 5814 6045 5812
f 6045 6044 5812
f 5812 6053 5810
f 6044 6053 5812
f 6044 6044 6053
f 5808 5810 6053
f 6046 6045 5814
f 6056 6057 6056
f 6057 6058 6058
f 6057 6058 6057
f 6063 5819 5830
f 6055 5819 6063
f 6051 5828 5808
f 5828 6062 5826
f 6051 6062 5828
f 6051 6051 6062
f 5824 5826 6062
f 6061 5824 6062
f 5822 5824 6061
f 6060 5822 6061
f 5820 5822 6060
f 6059 5820 6060
f 5820 6059 6058
f 5820 5820 6058
f 5820 6058 6058
f 6052 5808 6053
f 5808 6052 6051
f 5808 5808 6051
f 5808 6051 6051
f 6038 5792 6042
f 6042 5792 5801
f 5801 5800 6042
f 5800 6043 6042
f 6036 5798 5786
f 5798 6036 5796
f 6036 6035 5796
f 5796 6041 5794
f 6035 6041 5796
f 6035 6035 6041
f 5794 6041 6040
f 5794 5794 6040
f 5794 6040 6040
f 6040 6040 6040
f 6034 5784 6039
f 6044 6044 6044
f 5831 6064 6065
f 6044 6045 6045
f 6045 6046 6046
f 6051 6051 6051
f 6043 5800 6050
f 6050 5800 5800
f 5806 6050 5800
f 6048 6050 5806
f 5806 5807 6048
f 5807 6049 6048
f 6040 5804 5794
f 5804 6047 5802
f 6040 6047 5804
f 6040 6040 6047
f 5802 6047 6046
f 5802 5802 6046
f 5802 6046 6046
f 6045 6046 6045
f 6044 6045 6044
f 5831 6064 5831
f 6064 5831 6066
f 5831 5832 6066
f 6081 5863 6082
f 5863 6081 6080
f 5863 5863 6080
f 5863 6080 6080
f 6080 6080 6080
f 6079 5848 5862
f 6075 5848 6079
f 6073 5861 5842
f 5861 6073 5859
f 6073 6072 5859
f 5859 6072 5857
f 6072 6071 5857
f 5857 6071 5855
f 6071 6070 5855
f 5855 6070 5853
f 5863 5865 6082
f 6070 6069 5853
f 6082 5865 6083
f 6076 6076 6083
f 5874 5876 6089
f 6088 5874 6089
f 5872 5874 6088
f 6087 5872 6088
f 5871 5872 6087
f 6086 5871 6087
f 5871 6086 6085
f 5871 5871 6085
f 5871 6085 6085
f 6085 6085 6085
f 6084 5862 5870
f 6079 5862 6084
f 6076 5869 5849
f 5869 6083 5867
f 6076 6083 5869
f 5865 5867 6083
f 6039 5784 5793
f 5853 6078 5851
f 6069 6069 6078
f 6069 6070 6069
f 6069 6070 6070
f 6069 6069 6069
f 6068 5830 5840
f 6063 5830 6068
f 6058 5838 5820
f 5838 6058 5836
f 6058 6057 5836
f 5836 6057 5834
f 6057 6056 5834
f 5834 6067 5833
f 6056 6067 5834
f 6056 6056 6067
f 5832 5833 6067
f 6066 5832 6067
f 6070 6071 6071
f 6069 6078 5853
f 6070 6071 6070
f 6071 6072 6071
f 5849 5851 6078
f 6077 5849 6078
f 5849 6077 6076
f 5849 5849 6076
f 5849 6076 6076
f 6076 6076 6076
f 6068 5840 6074
f 6074 5840 5840
f 5840 5848 6074
f 5848 6075 6074
f 6065 5842 5831
f 6073 5842 6065
f 6073 6073 5842
f 6072 6073 6072
f 6072 6073 6073
f 6071 6072 6072
f 6309 6307 6308
f 5791 6039 5793
f 5791 5792 6037
f 5733 6009 5735
f 6008 6009 5733
f 6008 6008 6009
f 5733 5734 6008
f 5725 6007 5726
f 6006 5725 5719
f 6009 5723 5735
f 6007 5725 6006
f 6002 6006 5719
f 6002 6002 5719
f 6002 5719 5719
f 6002 6002 6002
f 5979 5979 5979
f 5724 6005 5979
f 6007 6007 5725
f 6004 5723 6009
f 6007 6007 6007
f 6007 5726 5726
f 6013 6013 6013
f 6008 6008 6008
f 6014 5734 5741
f 6008 5734 6014
f 6008 6008 5734
f 5736 6013 5737
f 6012 5736 5728
f 6013 5736 6012
f 6013 6013 5736
f 5727 6012 5728
f 6011 6012 5727
f 5726 6011 5727
f 6010 6011 5726
f 6007 6010 5726
f 6007 6007 5726
f 5696 5724 5979
f 5696 5979 5979
f 5722 6005 5724
f 6003 6005 5722
f 5994 5995 5710
f 5691 5994 5710
f 5993 5994 5691
f 5978 5993 5691
f 5978 5978 5691
f 5978 5691 5691
f 5978 5978 5978
f 5968 5968 5968
f 5967 5968 5967
f 5967 5968 5968
f 5967 5967 5967
f 5947 5947 5947
f 5709 5992 5947
f 5659 5709 5947
f 5659 5947 5947
f 5710 5995 5711
f 6013 6013 6015
f 5995 5996 5711
f 5996 5997 5712
f 5722 5723 6003
f 5723 6004 6003
f 5718 6002 5719
f 6001 5718 5717
f 6002 5718 6001
f 6002 6002 5718
f 5716 6001 5717
f 6000 6001 5716
f 5715 6000 5716
f 5999 6000 5715
f 5714 5999 5715
f 5998 5999 5714
f 5713 5998 5714
f 5997 5998 5713
f 5712 5997 5713
f 5711 5996 5712
f 6013 6015 5737
f 5737 6015 5742
f 5747 6017 6016
f 5776 6028 6028
f 5776 6031 6028
f 6031 6031 6028
f 5776 5777 6031
f 6027 5772 5764
f 5772 6030 5770
f 6027 6030 5772
f 6027 6027 6030
f 5770 6030 6029
f 5770 5770 6029
f 5770 6029 6029
f 6029 6029 6029
f 6024 6024 6024
f 5768 6024 5762
f 5768 6024 6024
f 5776 6028 5769
f 5768 6028 6024
f 6028 6028 6028
f 5778 6032 5778
f 5792 6038 6037
f 6033 5786 5778
f 6036 5786 6033
f 6036 6036 5786
f 6035 6036 6035
f 6035 6036 6036
f 6035 6035 6035
f 6031 6031 6031
f 6034 5777 5784
f 6031 5777 6034
f 6031 6031 5777
f 6029 5780 5770
f 5780 6032 5778
f 6029 6032 5780
f 6029 6029 6032
f 5778 6032 6033
f 6037 6039 5791
f 6028 6028 6024
f 6021 5764 5754
f 5754 6022 6021
f 5754 5754 6021
f 5754 6021 6021
f 6021 6021 6021
f 6017 5747 6019
f 6019 5747 5753
f 5753 5752 6019
f 5752 6020 6019
f 6015 5748 5742
f 6018 5748 6015
f 6018 6018 5748
f 6018 6018 6018
f 6014 5741 6016
f 6016 5741 5741
f 5741 5747 6016
f 6022 5754 6023
f 5768 5769 6028
f 5754 5755 6023
f 6018 6023 5757
f 6021 6027 6027
f 6021 6027 5764
f 6021 5764 6021
f 6021 5764 5764
f 6027 6027 6027
f 6020 5752 6026
f 6026 5752 5752
f 5763 6026 5752
f 6025 6026 5763
f 5761 6025 5763
f 6024 6025 5761
f 6024 6024 6025
f 5761 5762 6024
f 6018 5757 5748
f 5757 6023 5755
f 6018 6018 6023
f 6308 6310 6311
f 6307 6310 6308
f 6311 6312 6313
f 6633 6621 6621
f 6630 6632 6631
f 6631 6632 6633
f 6629 6630 6629
f 6629 6630 6631
f 6628 6629 6628
f 6633 6632 6621
f 6628 6629 6629
f 6627 6628 6628
f 6627 6627 6627
f 6626 6328 6333
f 6620 6328 6626
f 6618 6329 6316
f 6625 6618 6616
f 6627 6628 6627
f 6632 6634 6621
f 6336 6335 6622
f 6336 6622 6634
f 6637 6639 6638
f 6638 6639 6640
f 6636 6637 6636
f 6636 6637 6638
f 6636 6636 6636
f 6635 6333 6344
f 6626 6333 6635
f 6625 6342 6329
f 6342 6625 6340
f 6625 6624 6340
f 6340 6624 6338
f 6624 6623 6338
f 6338 6623 6335
f 6623 6622 6335
f 6634 6622 6621
f 6329 6618 6625
f 6329 6329 6618
f 6616 6624 6625
f 6614 6624 6616
f 6320 6604 6318
f 6604 6602 6318
f 6318 6602 6316
f 6602 6599 6316
f 6601 6619 6618
f 6601 6618 6316
f 6601 6316 6599
f 6599 6316 6316
f 6616 6618 6617
f 6617 6618 6619
f 6614 6616 6615
f 6615 6616 6617
f 6612 6614 6613
f 6613 6614 6615
f 6611 6612 6611
f 6606 6604 6320
f 6640 6641 6642
f 6322 6606 6320
f 6324 6608 6322
f 6614 6623 6624
f 6612 6623 6614
f 6612 6622 6623
f 6611 6622 6612
f 6621 6622 6611
f 6621 6621 6611
f 6621 6611 6611
f 6621 6621 6621
f 6610 6610 6610
f 6620 6315 6328
f 6610 6315 6620
f 6610 6610 6315
f 6609 6326 6309
f 6326 6609 6324
f 6609 6608 6324
f 6608 6606 6322
f 6611 6612 6613
f 6639 6641 6640
f 6641 6643 6642
f 6362 6651 6360
f 6651 6649 6360
f 6360 6649 6358
f 6649 6647 6358
f 6358 6647 6357
f 6647 6645 6357
f 6653 6651 6362
f 6357 6645 6356
f 6356 6643 6355
f 6643 6641 6355
f 6355 6641 6354
f 6641 6639 6354
f 6665 6639 6637
f 6354 6639 6665
f 6645 6643 6356
f 6364 6653 6362
f 6655 6653 6364
f 6365 6655 6364
f 6661 6671 6371
f 6661 6371 6659
f 6659 6371 6370
f 6669 6671 6670
f 6670 6671 6672
f 6668 6669 6668
f 6668 6669 6670
f 6668 6668 6668
f 6657 6666 6658
f 6658 6666 6667
f 6368 6666 6353
f 6666 6657 6353
f 6656 6366 6345
f 6366 6656 6365
f 6656 6655 6365
f 6354 6354 6639
f 6637 6664 6665
f 6636 6664 6637
f 6662 6664 6636
f 6628 6655 6656
f 6627 6655 6628
f 6653 6655 6627
f 6654 6653 6627
f 6654 6627 6627
f 6651 6653 6652
f 6652 6653 6654
f 6649 6651 6650
f 6650 6651 6652
f 6647 6649 6648
f 6648 6649 6650
f 6645 6647 6646
f 6646 6647 6648
f 6643 6645 6644
f 6644 6645 6646
f 6345 6345 6629
f 6642 6643 6644
f 6345 6629 6656
f 6630 6629 6345
f 6663 6662 6636
f 6663 6636 6636
f 6659 6662 6660
f 6660 6662 6663
f 6661 6659 6660
f 6658 6635 6344
f 6657 6658 6344
f 6657 6344 6352
f 6352 6353 6657
f 6634 6351 6336
f 6351 6634 6349
f 6634 6632 6349
f 6349 6632 6347
f 6632 6630 6347
f 6347 6630 6345
f 6656 6629 6628
f 6611 6611 6611
f 6610 6598 6306
f 6610 6610 6306
f 6568 6567 6555
f 6568 6555 6555
f 6565 6567 6566
f 6566 6567 6568
f 6563 6565 6564
f 6564 6565 6566
f 6567 6569 6555
f 6561 6563 6562
f 6560 6561 6560
f 6560 6561 6562
f 6560 6560 6560
f 6554 6264 6559
f 6559 6264 6264
f 6272 6559 6264
f 6562 6563 6564
f 6555 6569 6556
f 6556 6569 6570
f 6275 6274 6557
f 6576 6577 6578
f 6574 6575 6574
f 6574 6575 6576
f 6574 6574 6574
f 6558 6558 6558
f 6271 6572 6558
f 6271 6271 6558
f 6271 6558 6558
f 6280 6572 6271
f 6571 6572 6280
f 6571 6573 6572
f 6280 6281 6571
f 6557 6274 6265
f 6570 6557 6556
f 6275 6557 6570
f 6558 6559 6272
f 6558 6558 6559
f 6272 6271 6558
f 6553 6265 6255
f 6255 6544 6553
f 6255 6255 6544
f 6543 6552 6553
f 6540 6552 6543
f 6549 6552 6540
f 6550 6549 6540
f 6550 6540 6542
f 6551 6549 6550
f 6536 6548 6538
f 6253 6536 6246
f 6253 6548 6536
f 6253 6547 6548
f 6547 6547 6548
f 6253 6254 6547
f 6535 6249 6239
f 6553 6544 6543
f 6575 6577 6576
f 6545 6544 6255
f 6546 6545 6257
f 6557 6553 6552
f 6265 6553 6557
f 6265 6265 6553
f 6552 6556 6557
f 6549 6556 6552
f 6555 6556 6549
f 6555 6555 6549
f 6555 6549 6551
f 6555 6555 6555
f 6547 6547 6547
f 6554 6254 6264
f 6547 6254 6554
f 6547 6547 6254
f 6546 6259 6247
f 6259 6546 6257
f 6257 6545 6255
f 6578 6579 6580
f 6577 6579 6578
f 6580 6560 6560
f 6599 6602 6600
f 6600 6602 6603
f 6601 6599 6600
f 6585 6289 6597
f 6597 6289 6289
f 6289 6306 6597
f 6306 6598 6597
f 6583 6303 6282
f 6303 6583 6301
f 6583 6582 6301
f 6301 6582 6299
f 6582 6581 6299
f 6299 6581 6297
f 6581 6579 6297
f 6297 6579 6295
f 6603 6604 6605
f 6579 6577 6295
f 6602 6604 6603
f 6604 6606 6605
f 6610 6306 6306
f 6306 6315 6610
f 6596 6313 6293
f 6313 6596 6311
f 6596 6594 6311
f 6311 6594 6308
f 6594 6592 6308
f 6609 6592 6590
f 6309 6592 6609
f 6309 6308 6592
f 6590 6608 6609
f 6587 6608 6590
f 6606 6608 6587
f 6607 6606 6587
f 6607 6587 6589
f 6605 6606 6607
f 6661 6672 6671
f 6295 6577 6292
f 6596 6575 6574
f 6287 6570 6285
f 6570 6569 6285
f 6285 6569 6283
f 6569 6567 6283
f 6283 6567 6282
f 6567 6565 6282
f 6583 6565 6563
f 6282 6565 6583
f 6282 6282 6565
f 6563 6582 6583
f 6561 6582 6563
f 6561 6581 6582
f 6560 6581 6561
f 6579 6581 6560
f 6580 6579 6560
f 6570 6287 6275
f 6577 6575 6292
f 6289 6585 6584
f 6281 6586 6571
f 6293 6575 6596
f 6293 6292 6575
f 6594 6596 6574
f 6595 6594 6574
f 6595 6574 6574
f 6592 6594 6593
f 6593 6594 6595
f 6590 6592 6591
f 6591 6592 6593
f 6587 6590 6588
f 6588 6590 6591
f 6589 6587 6588
f 6571 6586 6573
f 6290 6584 6586
f 6281 6290 6586
f 6290 6289 6584
f 6662 6659 6370
f 6373 6662 6370
f 6664 6662 6373
f 6748 6748 6749
f 6748 6435 6747
f 6435 6476 6747
f 6747 6476 6746
f 6476 6475 6746
f 6746 6475 6745
f 6435 6748 6749
f 6475 6474 6745
f 6474 6473 6744
f 6744 6473 6743
f 6473 6472 6743
f 6743 6472 6742
f 6472 6471 6742
f 6742 6471 6741
f 6745 6474 6744
f 6435 6749 6713
f 6435 6713 6435
f 6713 6750 6714
f 6753 6753 6728
f 6753 6728 6752
f 6751 6752 6727
f 6727 6752 6728
f 6726 6751 6726
f 6726 6751 6727
f 6726 6726 6726
f 6717 6717 6717
f 6716 6717 6716
f 6716 6717 6717
f 6715 6716 6715
f 6715 6716 6716
f 6750 6715 6714
f 6714 6715 6715
f 6749 6750 6713
f 6471 6470 6741
f 6741 6470 6740
f 6470 6469 6740
f 6740 6469 6739
f 6730 6447 6729
f 6447 6446 6729
f 6729 6446 6728
f 6446 6445 6728
f 6728 6445 6727
f 6445 6444 6727
f 6727 6444 6726
f 6444 6443 6726
f 6725 6443 6430
f 6726 6443 6725
f 6726 6726 6443
f 6429 6725 6430
f 6724 6725 6429
f 6428 6724 6429
f 6723 6724 6428
f 6448 6447 6730
f 6753 6729 6728
f 6731 6448 6730
f 6732 6449 6731
f 6469 6468 6739
f 6739 6468 6738
f 6468 6467 6738
f 6738 6467 6737
f 6467 6466 6737
f 6466 6465 6737
f 6458 6736 6459
f 6736 6458 6735
f 6458 6457 6735
f 6735 6457 6734
f 6457 6456 6734
f 6734 6456 6733
f 6456 6455 6733
f 6455 6454 6733
f 6449 6732 6450
f 6449 6448 6731
f 6729 6753 6730
f 6730 6753 6754
f 6730 6754 6731
f 6744 6778 6779
f 6743 6778 6744
f 6743 6777 6778
f 6742 6777 6743
f 6742 6776 6777
f 6741 6776 6742
f 6741 6775 6776
f 6740 6775 6741
f 6740 6774 6775
f 6739 6774 6740
f 6739 6773 6774
f 6738 6773 6739
f 6738 6772 6773
f 6737 6772 6738
f 6737 6771 6772
f 6744 6779 6745
f 6465 6771 6737
f 6745 6779 6780
f 6781 6746 6780
f 6756 6783 6756
f 6756 6783 6757
f 6755 6756 6755
f 6755 6756 6756
f 6754 6755 6754
f 6754 6755 6755
f 6753 6754 6753
f 6753 6754 6754
f 6753 6753 6753
f 6748 6748 6748
f 6782 6748 6747
f 6747 6748 6748
f 6781 6782 6746
f 6746 6782 6747
f 6746 6745 6780
f 6781 6780 6780
f 6427 6723 6428
f 6465 6465 6771
f 6465 6488 6770
f 6454 6454 6761
f 6761 6454 6760
f 6454 6453 6760
f 6760 6453 6759
f 6453 6478 6759
f 6759 6478 6758
f 6478 6477 6758
f 6758 6477 6757
f 6477 6450 6757
f 6757 6732 6756
f 6450 6732 6757
f 6450 6450 6732
f 6732 6755 6756
f 6731 6755 6732
f 6731 6754 6755
f 6454 6761 6733
f 6771 6465 6770
f 6733 6761 6762
f 6734 6762 6763
f 6770 6488 6769
f 6488 6487 6769
f 6487 6486 6769
f 6480 6768 6481
f 6768 6480 6767
f 6480 6479 6767
f 6767 6479 6766
f 6479 6459 6766
f 6766 6736 6765
f 6459 6736 6766
f 6459 6459 6736
f 6736 6764 6765
f 6735 6764 6736
f 6735 6763 6764
f 6734 6763 6735
f 6733 6762 6734
f 6249 6535 6247
f 6722 6723 6427
f 6721 6722 6426
f 6690 6691 6690
f 6690 6691 6691
f 6689 6690 6689
f 6689 6690 6690
f 6688 6688 6688
f 6682 6687 6688
f 6691 6692 6692
f 6682 6682 6688
f 6681 6687 6682
f 6392 6687 6681
f 6392 6392 6687
f 6681 6387 6392
f 6680 6388 6381
f 6686 6680 6678
f 6682 6688 6688
f 6691 6692 6691
f 6692 6693 6693
f 6692 6693 6692
f 6393 6684 6701
f 6393 6393 6684
f 6699 6701 6683
f 6700 6699 6683
f 6700 6683 6683
f 6697 6699 6698
f 6698 6699 6700
f 6696 6697 6696
f 6696 6697 6698
f 6695 6696 6695
f 6695 6696 6696
f 6694 6695 6694
f 6694 6695 6695
f 6693 6694 6693
f 6693 6694 6694
f 6388 6680 6686
f 6388 6388 6680
f 6678 6685 6686
f 6676 6685 6678
f 6679 6678 6668
f 6679 6668 6668
f 6676 6678 6677
f 6677 6678 6679
f 6675 6676 6675
f 6675 6676 6677
f 6675 6675 6675
f 6666 6673 6667
f 6667 6673 6674
f 6380 6673 6368
f 6673 6666 6368
f 6665 6377 6354
f 6377 6665 6375
f 6665 6664 6375
f 6375 6664 6373
f 6678 6680 6668
f 6701 6684 6683
f 6381 6381 6669
f 6680 6669 6668
f 6676 6684 6685
f 6675 6684 6676
f 6683 6684 6675
f 6683 6683 6675
f 6683 6675 6675
f 6683 6683 6683
f 6682 6682 6682
f 6673 6681 6682
f 6674 6673 6682
f 6674 6682 6682
f 6387 6681 6380
f 6681 6673 6380
f 6671 6383 6371
f 6383 6671 6381
f 6671 6669 6381
f 6381 6669 6680
f 6685 6684 6393
f 6395 6685 6393
f 6686 6685 6395
f 6419 6712 6417
f 6712 6711 6417
f 6417 6711 6415
f 6711 6710 6415
f 6415 6710 6413
f 6710 6709 6413
f 6413 6709 6411
f 6709 6708 6411
f 6411 6708 6410
f 6708 6707 6410
f 6410 6707 6409
f 6707 6706 6409
f 6409 6706 6408
f 6706 6705 6408
f 6408 6705 6407
f 6712 6419 6401
f 6705 6703 6407
f 6436 6435 6713
f 6714 6437 6713
f 6425 6721 6426
f 6720 6721 6425
f 6442 6720 6425
f 6719 6720 6442
f 6441 6719 6442
f 6718 6719 6441
f 6440 6718 6441
f 6717 6718 6440
f 6717 6717 6718
f 6717 6440 6716
f 6440 6439 6716
f 6716 6439 6715
f 6439 6438 6715
f 6715 6438 6714
f 6438 6437 6714
f 6437 6436 6713
f 6426 6722 6427
f 6407 6703 6406
f 6702 6400 6406
f 6690 6706 6691
f 6690 6705 6706
f 6689 6705 6690
f 6703 6705 6689
f 6704 6703 6689
f 6704 6689 6689
f 6688 6702 6703
f 6688 6688 6703
f 6688 6703 6704
f 6687 6702 6688
f 6399 6702 6687
f 6399 6400 6702
f 6687 6392 6399
f 6686 6397 6388
f 6397 6686 6395
f 6691 6706 6707
f 6703 6702 6406
f 6691 6707 6692
f 6692 6708 6693
f 6701 6405 6393
f 6405 6701 6403
f 6701 6699 6403
f 6403 6699 6401
f 6699 6697 6401
f 6712 6697 6696
f 6401 6697 6712
f 6401 6401 6697
f 6696 6711 6712
f 6695 6711 6696
f 6695 6710 6711
f 6694 6710 6695
f 6694 6709 6710
f 6693 6709 6694
f 6693 6708 6709
f 6692 6707 6708
f 5870 5862 5549
f 6535 6534 6247
f 6247 6534 6546
f 6381 6389 6382
f 6388 6389 6381
f 6388 6388 6381
f 6388 6381 6381
f 6388 6388 6388
f 6379 6386 6380
f 6382 6389 6390
f 6380 6386 6387
f 6378 6385 6379
f 6106 6385 6101
f 6385 6378 6101
f 6376 6105 6093
f 6105 6376 6104
f 6376 6374 6104
f 6379 6385 6386
f 6107 6107 6384
f 6107 6384 6390
f 6390 6384 6382
f 6388 6109 6109
f 6394 6396 6395
f 6395 6396 6397
f 6393 6394 6393
f 6393 6394 6395
f 6393 6393 6393
f 6392 6392 6392
f 6386 6391 6392
f 6387 6386 6392
f 6387 6392 6392
f 6385 6391 6386
f 6108 6391 6385
f 6108 6108 6391
f 6385 6106 6108
f 6384 6107 6103
f 6104 6374 6102
f 6374 6372 6102
f 6384 6372 6369
f 6103 6372 6384
f 6359 6358 6097
f 6097 6358 6096
f 6358 6357 6096
f 6096 6357 6095
f 6357 6356 6095
f 6095 6356 6094
f 6356 6355 6094
f 6094 6355 6093
f 6355 6354 6093
f 6354 6377 6376
f 6354 6376 6093
f 6354 6093 6354
f 6354 6093 6093
f 6374 6376 6375
f 6375 6376 6377
f 6098 6359 6097
f 6388 6109 6388
f 6361 6359 6098
f 6363 6361 6099
f 6103 6102 6372
f 6382 6384 6369
f 6383 6382 6369
f 6383 6369 6371
f 6381 6382 6381
f 6381 6382 6383
f 6381 6381 6381
f 6367 6379 6368
f 6368 6379 6380
f 6367 6378 6379
f 6091 6378 6367
f 6091 6091 6378
f 6091 6101 6378
f 6363 6100 6085
f 6100 6363 6099
f 6099 6361 6098
f 6372 6374 6373
f 6388 6396 6109
f 6389 6388 6109
f 6401 6418 6124
f 6401 6124 6401
f 6401 6124 6124
f 6416 6418 6417
f 6417 6418 6419
f 6414 6416 6415
f 6401 6419 6418
f 6415 6416 6417
f 6413 6414 6415
f 6413 6411 6123
f 6412 6413 6123
f 6412 6123 6123
f 6122 6123 6411
f 6410 6122 6411
f 6412 6414 6413
f 6402 6401 6124
f 6125 6402 6124
f 6404 6402 6125
f 6422 6134 6421
f 6134 6133 6421
f 6421 6133 6420
f 6133 6132 6420
f 6132 6131 6420
f 6418 6130 6124
f 6130 6418 6129
f 6418 6416 6129
f 6129 6416 6128
f 6416 6414 6128
f 6128 6414 6127
f 6414 6412 6127
f 6412 6123 6127
f 6404 6126 6114
f 6126 6404 6125
f 6121 6122 6410
f 6409 6121 6410
f 6120 6121 6409
f 6408 6120 6409
f 6401 6402 6401
f 6401 6402 6403
f 6401 6401 6401
f 6399 6398 6400
f 6392 6399 6392
f 6392 6398 6399
f 6392 6113 6398
f 6113 6113 6398
f 6113 6392 6112
f 6392 6391 6112
f 6391 6108 6112
f 6390 6111 6107
f 6111 6390 6110
f 6390 6389 6110
f 6110 6389 6109
f 6403 6404 6405
f 6388 6397 6396
f 6402 6404 6403
f 6393 6114 6393
f 6119 6120 6408
f 6407 6119 6408
f 6118 6119 6407
f 6406 6118 6407
f 6406 6117 6118
f 6400 6117 6406
f 6400 6398 6117
f 6398 6113 6117
f 6396 6116 6109
f 6116 6396 6115
f 6396 6394 6115
f 6115 6394 6114
f 6394 6393 6114
f 6393 6405 6404
f 6393 6404 6114
f 6393 6114 6114
f 6373 6374 6375
f 6369 6372 6370
f 6370 6372 6373
f 6329 6330 6316
f 6329 6329 6316
f 6329 6316 6316
f 6329 6329 6329
f 6328 6063 6068
f 6315 6063 6328
f 6316 6330 6317
f 6314 6067 6056
f 6314 6312 6066
f 6066 6312 6064
f 6312 6310 6064
f 6327 6310 6307
f 6065 6310 6327
f 6065 6064 6310
f 6067 6314 6066
f 6317 6330 6331
f 6069 6069 6319
f 6069 6319 6331
f 6336 6334 6335
f 6333 6328 6068
f 6332 6333 6068
f 6332 6068 6074
f 6074 6075 6332
f 6327 6073 6065
f 6073 6327 6072
f 6327 6325 6072
f 6072 6325 6071
f 6325 6323 6071
f 6071 6323 6070
f 6323 6321 6070
f 6070 6321 6069
f 6321 6319 6069
f 6331 6319 6317
f 6325 6327 6307
f 6326 6325 6307
f 6326 6307 6309
f 6323 6325 6324
f 6060 6302 6059
f 6302 6300 6059
f 6059 6300 6058
f 6300 6298 6058
f 6058 6298 6057
f 6298 6296 6057
f 6057 6296 6056
f 6296 6294 6056
f 6314 6294 6291
f 6056 6294 6314
f 6056 6056 6294
f 6312 6314 6291
f 6313 6312 6291
f 6313 6291 6293
f 6310 6312 6311
f 6304 6302 6060
f 6335 6337 6338
f 6061 6304 6060
f 6062 6305 6061
f 6324 6325 6326
f 6321 6323 6322
f 6322 6323 6324
f 6319 6321 6320
f 6320 6321 6322
f 6317 6319 6318
f 6318 6319 6320
f 6316 6317 6316
f 6316 6317 6318
f 6316 6316 6316
f 6306 6306 6306
f 6315 6055 6063
f 6306 6055 6315
f 6306 6306 6055
f 6305 6062 6051
f 6305 6304 6061
f 6334 6337 6335
f 6338 6339 6340
f 6337 6339 6338
f 6085 6364 6363
f 6361 6363 6362
f 6362 6363 6364
f 6359 6361 6360
f 6360 6361 6362
f 6358 6359 6358
f 6358 6359 6360
f 6357 6358 6357
f 6357 6358 6358
f 6356 6357 6356
f 6356 6357 6357
f 6355 6356 6355
f 6355 6356 6356
f 6354 6355 6354
f 6354 6355 6355
f 6085 6085 6364
f 6354 6354 6354
f 6085 6365 6364
f 6085 6086 6366
f 6371 6369 6370
f 6368 6353 6084
f 6367 6368 6084
f 6367 6084 6092
f 6092 6091 6367
f 6350 6090 6080
f 6090 6350 6089
f 6350 6348 6089
f 6089 6348 6088
f 6348 6346 6088
f 6088 6346 6087
f 6346 6345 6087
f 6087 6366 6086
f 6345 6366 6087
f 6345 6345 6366
f 6365 6085 6366
f 6135 6134 6422
f 6343 6352 6344
f 6352 6079 6353
f 6332 6343 6333
f 6333 6343 6344
f 6079 6343 6075
f 6343 6332 6075
f 6331 6078 6069
f 6078 6331 6077
f 6331 6330 6077
f 6077 6330 6076
f 6330 6329 6076
f 6329 6342 6341
f 6329 6341 6076
f 6329 6076 6329
f 6329 6076 6076
f 6339 6341 6340
f 6340 6341 6342
f 6345 6345 6345
f 6353 6079 6084
f 6345 6346 6347
f 6347 6348 6349
f 6352 6343 6079
f 6341 6083 6076
f 6083 6341 6082
f 6341 6339 6082
f 6082 6339 6081
f 6339 6337 6081
f 6081 6337 6080
f 6337 6334 6080
f 6336 6351 6350
f 6336 6350 6080
f 6336 6080 6334
f 6334 6080 6080
f 6348 6350 6349
f 6349 6350 6351
f 6346 6348 6347
f 6345 6346 6345
f 6423 6135 6422
f 6136 6135 6423
f 6424 6136 6423
f 6495 6503 6504
f 6494 6503 6495
f 6494 6502 6503
f 6493 6502 6494
f 6493 6501 6502
f 6492 6501 6493
f 6495 6504 6496
f 6492 6499 6501
f 6499 6491 6490
f 6500 6499 6490
f 6500 6490 6490
f 6490 6490 6490
f 6486 6486 6486
f 6203 6486 6203
f 6491 6499 6492
f 6496 6504 6505
f 6496 6505 6214
f 6206 6496 6214
f 6502 6511 6503
f 6502 6510 6511
f 6501 6510 6502
f 6501 6509 6510
f 6499 6509 6501
f 6508 6509 6499
f 6508 6508 6499
f 6508 6499 6500
f 6508 6508 6508
f 6497 6507 6498
f 6222 6497 6213
f 6222 6507 6497
f 6222 6506 6507
f 6506 6506 6507
f 6222 6223 6506
f 6203 6486 6486
f 6203 6497 6486
f 6497 6498 6486
f 6203 6213 6497
f 6481 6481 6481
f 6465 6465 6465
f 6488 6465 6464
f 6464 6465 6465
f 6192 6487 6488
f 6192 6192 6488
f 6192 6488 6464
f 6204 6487 6192
f 6486 6487 6204
f 6486 6486 6487
f 6204 6203 6486
f 6196 6485 6197
f 6485 6196 6484
f 6196 6195 6484
f 6484 6195 6483
f 6481 6489 6482
f 6503 6511 6512
f 6481 6489 6481
f 6490 6490 6482
f 6200 6496 6206
f 6496 6200 6495
f 6200 6199 6495
f 6495 6199 6494
f 6199 6198 6494
f 6494 6198 6493
f 6198 6197 6493
f 6493 6485 6492
f 6197 6485 6493
f 6197 6197 6485
f 6485 6491 6492
f 6484 6491 6485
f 6484 6490 6491
f 6483 6490 6484
f 6490 6483 6482
f 6490 6482 6489
f 6503 6512 6504
f 6504 6512 6513
f 6504 6513 6505
f 6524 6241 6233
f 6241 6524 6239
f 6524 6523 6239
f 6535 6523 6522
f 6239 6523 6535
f 6239 6239 6523
f 6522 6534 6535
f 6521 6534 6522
f 6521 6533 6534
f 6520 6533 6521
f 6520 6532 6533
f 6519 6532 6520
f 6519 6531 6532
f 6518 6531 6519
f 6528 6531 6518
f 6245 6246 6536
f 6529 6528 6518
f 6536 6538 6537
f 6245 6537 6237
f 6247 6247 6534
f 6533 6545 6546
f 6532 6545 6533
f 6532 6544 6545
f 6531 6544 6532
f 6531 6543 6544
f 6528 6543 6531
f 6540 6543 6528
f 6541 6540 6528
f 6541 6528 6530
f 6542 6540 6541
f 6525 6539 6527
f 6237 6537 6539
f 6237 6237 6539
f 6237 6539 6525
f 6536 6537 6245
f 6195 6184 6483
f 6529 6518 6518
f 6515 6526 6517
f 6518 6519 6508
f 6518 6518 6508
f 6518 6508 6508
f 6518 6518 6518
f 6506 6506 6506
f 6232 6516 6506
f 6223 6232 6506
f 6223 6506 6506
f 6230 6516 6232
f 6515 6516 6230
f 6515 6517 6516
f 6230 6231 6515
f 6214 6505 6224
f 6505 6514 6224
f 6505 6513 6514
f 6508 6519 6509
f 6530 6528 6529
f 6509 6519 6520
f 6510 6520 6521
f 6238 6515 6231
f 6238 6526 6515
f 6238 6525 6526
f 6525 6527 6526
f 6238 6237 6525
f 6514 6233 6224
f 6524 6514 6513
f 6233 6514 6524
f 6233 6233 6514
f 6513 6523 6524
f 6512 6523 6513
f 6512 6522 6523
f 6511 6522 6512
f 6511 6521 6522
f 6510 6521 6511
f 6509 6520 6510
f 6546 6534 6533
f 6483 6463 6482
f 6184 6184 6463
f 6430 6443 6430
f 6430 6443 6431
f 6429 6430 6429
f 6429 6430 6430
f 6428 6429 6428
f 6428 6429 6429
f 6431 6444 6432
f 6427 6428 6427
f 6426 6427 6426
f 6426 6427 6427
f 6425 6426 6425
f 6425 6426 6426
f 6442 6425 6424
f 6424 6425 6425
f 6427 6428 6428
f 6443 6444 6431
f 6432 6145 6145
f 6432 6444 6145
f 6177 6176 6451
f 6451 6176 6450
f 6176 6175 6450
f 6449 6175 6174
f 6450 6175 6449
f 6450 6450 6175
f 6173 6449 6174
f 6448 6449 6173
f 6147 6448 6173
f 6447 6448 6147
f 6146 6447 6147
f 6446 6447 6146
f 6145 6446 6146
f 6445 6446 6145
f 6444 6445 6145
f 6441 6442 6423
f 6423 6442 6424
f 6440 6441 6422
f 6422 6441 6423
f 6144 6143 6431
f 6431 6143 6430
f 6143 6142 6430
f 6430 6142 6429
f 6142 6141 6429
f 6429 6141 6428
f 6141 6140 6428
f 6428 6140 6427
f 6140 6139 6427
f 6427 6139 6426
f 6139 6138 6426
f 6426 6138 6425
f 6138 6137 6425
f 6425 6137 6424
f 6137 6136 6424
f 6432 6144 6431
f 6452 6177 6451
f 6144 6432 6145
f 6170 6169 6433
f 6439 6440 6421
f 6421 6440 6422
f 6438 6439 6420
f 6420 6439 6421
f 6131 6437 6438
f 6131 6131 6438
f 6131 6438 6420
f 6172 6437 6131
f 6436 6437 6172
f 6171 6436 6172
f 6435 6436 6171
f 6435 6435 6436
f 6435 6171 6434
f 6171 6170 6434
f 6434 6170 6433
f 6169 6168 6433
f 6178 6177 6452
f 6453 6178 6452
f 6179 6178 6453
f 6450 6450 6450
f 6435 6435 6435
f 6476 6435 6434
f 6434 6435 6435
f 6475 6476 6433
f 6433 6476 6434
f 6168 6474 6475
f 6168 6168 6475
f 6168 6475 6433
f 6167 6474 6168
f 6473 6474 6167
f 6166 6473 6167
f 6472 6473 6166
f 6165 6472 6166
f 6471 6472 6165
f 6450 6477 6451
f 6164 6471 6165
f 6450 6477 6450
f 6477 6478 6451
f 6463 6481 6482
f 6462 6481 6463
f 6481 6462 6461
f 6481 6481 6461
f 6481 6461 6480
f 6479 6480 6460
f 6460 6480 6461
f 6459 6479 6459
f 6459 6479 6460
f 6459 6459 6459
f 6454 6454 6454
f 6453 6454 6453
f 6453 6454 6454
f 6478 6453 6452
f 6452 6453 6453
f 6451 6478 6452
f 6184 6463 6483
f 6470 6471 6164
f 6469 6470 6163
f 6460 6180 6459
f 6180 6157 6459
f 6458 6157 6156
f 6459 6157 6458
f 6459 6459 6157
f 6155 6458 6156
f 6457 6458 6155
f 6154 6457 6155
f 6456 6457 6154
f 6153 6456 6154
f 6455 6456 6153
f 6179 6455 6153
f 6454 6455 6179
f 6454 6454 6455
f 6454 6179 6453
f 6181 6180 6460
f 6163 6470 6164
f 6461 6181 6460
f 6462 6182 6461
f 6162 6469 6163
f 6468 6469 6162
f 6161 6468 6162
f 6467 6468 6161
f 6160 6467 6161
f 6466 6467 6160
f 6194 6466 6160
f 6465 6466 6194
f 6465 6465 6466
f 6465 6194 6464
f 6194 6193 6464
f 6193 6192 6464
f 6183 6463 6184
f 6463 6183 6462
f 6183 6182 6462
f 6182 6181 6461
f 3935 3935 3935
f 3657 3931 3936
f 3656 3934 3934
f 1440 1441 1190
f 1188 1439 1190
f 1439 1440 1190
f 1186 1438 1188
f 1438 1439 1188
f 1184 1437 1186
f 1156 1156 1166
f 1437 1438 1186
f 1436 1437 1184
f 1180 1435 1182
f 1435 1436 1182
f 1178 1434 1180
f 1434 1435 1180
f 1176 1433 1178
f 1182 1436 1184
f 1156 1166 1427
f 1427 1166 1442
f 1156 1156 1156
f 1182 1180 1182
f 1182 1180 1180
f 1180 1178 1180
f 1180 1178 1178
f 1178 1176 1178
f 1178 1176 1176
f 1176 1174 1176
f 1176 1174 1174
f 1174 1172 1174
f 1174 1172 1172
f 1172 1170 1172
f 1172 1170 1170
f 1170 1164 1170
f 1170 1164 1164
f 1164 1164 1164
f 1433 1434 1178
f 1174 1432 1176
f 1432 1433 1176
f 1172 1431 1174
f 1155 1155 1155
f 1147 1147 1147
f 1416 1156 1426
f 1416 1156 1156
f 1416 1147 1156
f 1147 1147 1156
f 1427 1426 1156
f 1424 1425 1159
f 1158 1423 1159
f 1423 1424 1159
f 1157 1422 1158
f 1422 1423 1158
f 1155 1421 1157
f 1421 1422 1157
f 1421 1154 1420
f 1157 1155 1155
f 1184 1182 1182
f 1157 1155 1157
f 1158 1157 1158
f 1431 1432 1174
f 1170 1430 1172
f 1430 1431 1172
f 1164 1429 1170
f 1429 1430 1170
f 1429 1163 1428
f 1164 1163 1429
f 1164 1164 1163
f 1161 1428 1163
f 1425 1428 1161
f 1425 1161 1159
f 1425 1425 1159
f 1425 1159 1159
f 1159 1158 1159
f 1159 1158 1158
f 1158 1157 1157
f 1155 1154 1421
f 1184 1182 1184
f 1186 1184 1186
f 1201 1457 1452
f 1217 1457 1201
f 1217 1217 1457
f 1455 1456 1227
f 1225 1454 1227
f 1454 1455 1227
f 1217 1217 1217
f 1216 1453 1225
f 1453 1215 1451
f 1216 1215 1453
f 1216 1216 1215
f 1451 1215 1213
f 1451 1451 1213
f 1451 1213 1213
f 1453 1454 1225
f 1216 1216 1216
f 1225 1216 1216
f 1225 1216 1225
f 1228 1458 1236
f 1458 1461 1236
f 1236 1228 1236
f 1236 1228 1228
f 1217 1229 1460
f 1217 1217 1460
f 1217 1460 1459
f 1457 1217 1459
f 1456 1458 1228
f 1227 1456 1456
f 1227 1456 1228
f 1227 1228 1227
f 1227 1228 1228
f 1227 1225 1227
f 1227 1225 1225
f 1213 1211 1213
f 1213 1211 1211
f 1211 1209 1211
f 1211 1209 1209
f 1445 1446 1205
f 1445 1198 1443
f 1199 1198 1445
f 1199 1199 1198
f 1443 1198 1443
f 1443 1198 1191
f 1444 1166 1193
f 1442 1166 1444
f 1191 1441 1443
f 1190 1441 1191
f 1190 1190 1441
f 1190 1188 1190
f 1190 1188 1188
f 1188 1186 1188
f 1188 1186 1186
f 1199 1445 1205
f 1186 1184 1184
f 1446 1447 1207
f 1447 1448 1209
f 1209 1207 1209
f 1209 1207 1207
f 1207 1205 1207
f 1207 1205 1205
f 1205 1199 1205
f 1205 1199 1199
f 1199 1199 1199
f 1452 1193 1201
f 1444 1193 1452
f 1450 1451 1213
f 1211 1449 1213
f 1449 1450 1213
f 1209 1448 1211
f 1448 1449 1211
f 1207 1447 1209
f 1205 1446 1207
f 1155 1155 1154
f 1152 1420 1154
f 1419 1420 1152
f 1104 1102 1382
f 1104 1104 1382
f 1104 1382 1382
f 1101 1382 1102
f 1390 1382 1101
f 1099 1390 1101
f 1106 1104 1104
f 1389 1390 1099
f 1388 1389 1096
f 1096 1386 1388
f 1097 1386 1096
f 1097 1097 1386
f 1387 1386 1097
f 1384 1385 1107
f 1096 1389 1099
f 1106 1104 1106
f 1107 1106 1106
f 1107 1106 1107
f 1395 1396 1122
f 1120 1394 1122
f 1394 1395 1122
f 1118 1393 1120
f 1393 1394 1120
f 1112 1392 1118
f 1392 1393 1118
f 1392 1111 1391
f 1112 1111 1392
f 1112 1112 1111
f 1109 1391 1111
f 1385 1391 1109
f 1385 1109 1107
f 1385 1385 1107
f 1385 1107 1107
f 1106 1383 1107
f 1383 1384 1107
f 1104 1381 1106
f 1381 1383 1106
f 1084 1353 1372
f 1094 1371 1370
f 1084 1371 1094
f 1084 1084 1371
f 1093 1094 1370
f 1369 1093 1370
f 1369 1370 1370
f 1369 1368 1093
f 1093 1368 1092
f 1368 1367 1092
f 1092 1367 1091
f 1367 1366 1091
f 1091 1366 1090
f 1366 1365 1078
f 1090 1366 1078
f 1371 1084 1372
f 1097 1097 1114
f 1353 1354 1373
f 1354 1355 1374
f 1382 1381 1104
f 1369 1370 1380
f 1379 1368 1380
f 1368 1369 1380
f 1378 1367 1379
f 1367 1368 1379
f 1377 1366 1378
f 1366 1367 1378
f 1376 1365 1377
f 1365 1366 1377
f 1364 1365 1376
f 1356 1357 1375
f 1374 1355 1375
f 1355 1356 1375
f 1373 1354 1374
f 1372 1353 1373
f 1097 1114 1387
f 1387 1114 1397
f 1097 1097 1097
f 1145 1145 1144
f 1142 1412 1144
f 1409 1412 1142
f 1409 1142 1138
f 1409 1409 1138
f 1409 1138 1138
f 1138 1138 1138
f 1132 1132 1132
f 1132 1139 1410
f 1132 1132 1410
f 1132 1410 1404
f 1139 1140 1410
f 1140 1411 1410
f 1408 1409 1138
f 1408 1137 1407
f 1145 1144 1413
f 1138 1137 1408
f 1413 1144 1412
f 1416 1415 1147
f 1150 1419 1152
f 1418 1419 1150
f 1149 1418 1150
f 1414 1418 1149
f 1414 1149 1145
f 1414 1414 1145
f 1414 1145 1145
f 1145 1145 1145
f 1411 1140 1411
f 1411 1140 1148
f 1146 1411 1148
f 1417 1411 1146
f 1146 1415 1417
f 1147 1415 1146
f 1147 1147 1415
f 1413 1414 1145
f 1460 1229 1462
f 1138 1138 1137
f 1406 1407 1135
f 1397 1114 1127
f 1125 1397 1127
f 1399 1397 1125
f 1125 1126 1399
f 1126 1400 1399
f 1123 1396 1398
f 1122 1396 1123
f 1122 1122 1396
f 1122 1120 1122
f 1122 1120 1120
f 1120 1118 1120
f 1120 1118 1118
f 1118 1112 1118
f 1118 1112 1112
f 1112 1112 1112
f 1397 1114 1397
f 1135 1407 1137
f 1398 1129 1123
f 1130 1130 1129
f 1133 1406 1135
f 1402 1406 1133
f 1402 1133 1130
f 1402 1402 1130
f 1402 1130 1130
f 1130 1130 1130
f 1400 1126 1405
f 1405 1126 1131
f 1131 1403 1405
f 1132 1403 1131
f 1132 1132 1403
f 1404 1403 1132
f 1401 1402 1130
f 1401 1129 1398
f 1130 1129 1401
f 1398 1129 1398
f 1462 1229 1238
f 1463 1236 1236
f 1463 1463 1236
f 1522 1364 1529
f 1357 1515 1528
f 1375 1528 1527
f 1357 1528 1375
f 1357 1357 1528
f 1374 1375 1527
f 1364 1364 1376
f 1526 1374 1527
f 1525 1373 1526
f 1372 1373 1525
f 1524 1372 1525
f 1371 1372 1524
f 1523 1371 1524
f 1370 1371 1523
f 1373 1374 1526
f 1364 1376 1529
f 1529 1376 1530
f 1530 1376 1531
f 1382 1382 1539
f 1536 1537 1382
f 1537 1539 1382
f 1538 1537 1536
f 1370 1523 1535
f 1380 1535 1534
f 1370 1535 1380
f 1370 1370 1535
f 1379 1380 1534
f 1533 1379 1534
f 1378 1379 1533
f 1532 1378 1533
f 1377 1378 1532
f 1531 1377 1532
f 1376 1377 1531
f 1370 1370 1523
f 1370 1523 1523
f 1370 1370 1370
f 1364 1364 1364
f 1357 1358 1514
f 1357 1357 1514
f 1357 1514 1515
f 1357 1357 1357
f 1346 1346 1346
f 1513 1345 1346
f 1513 1513 1346
f 1513 1346 1346
f 1344 1345 1513
f 1512 1344 1513
f 1343 1344 1512
f 1511 1343 1512
f 1510 1343 1511
f 1333 1343 1510
f 1333 1333 1343
f 1339 1339 1516
f 1382 1539 1381
f 1339 1516 1358
f 1339 1505 1516
f 1522 1363 1364
f 1522 1522 1364
f 1522 1364 1364
f 1362 1363 1522
f 1521 1362 1522
f 1361 1362 1521
f 1520 1361 1521
f 1360 1361 1520
f 1519 1360 1520
f 1359 1360 1519
f 1518 1359 1519
f 1517 1359 1518
f 1346 1359 1517
f 1346 1346 1359
f 1513 1346 1517
f 1358 1516 1514
f 1381 1539 1540
f 1540 1541 1381
f 1381 1541 1383
f 1556 1397 1397
f 1399 1556 1397
f 1559 1556 1399
f 1559 1559 1556
f 1399 1400 1559
f 1555 1558 1557
f 1553 1557 1398
f 1555 1557 1553
f 1555 1555 1557
f 1398 1396 1398
f 1398 1396 1553
f 1549 1549 1549
f 1556 1387 1397
f 1549 1387 1556
f 1549 1549 1387
f 1556 1397 1556
f 1554 1555 1553
f 1398 1398 1398
f 1401 1398 1557
f 1400 1405 1559
f 1400 1559 1559
f 1403 1567 1405
f 1566 1567 1403
f 1566 1568 1567
f 1403 1404 1566
f 1564 1565 1563
f 1561 1562 1563
f 1562 1564 1563
f 1402 1560 1561
f 1560 1562 1561
f 1557 1558 1560
f 1557 1560 1402
f 1557 1402 1401
f 1401 1402 1402
f 1557 1398 1398
f 1503 1333 1510
f 1554 1395 1552
f 1553 1396 1395
f 1550 1538 1388
f 1386 1550 1388
f 1549 1550 1386
f 1549 1549 1550
f 1386 1387 1549
f 1547 1548 1546
f 1544 1545 1546
f 1545 1547 1546
f 1385 1543 1544
f 1543 1545 1544
f 1543 1384 1542
f 1385 1384 1543
f 1385 1385 1384
f 1383 1542 1384
f 1541 1542 1383
f 1388 1538 1389
f 1553 1395 1554
f 1536 1538 1538
f 1390 1389 1538
f 1394 1552 1395
f 1551 1552 1394
f 1393 1551 1394
f 1548 1551 1393
f 1548 1393 1392
f 1548 1548 1392
f 1548 1392 1546
f 1392 1391 1546
f 1546 1391 1544
f 1391 1385 1544
f 1544 1385 1385
f 1385 1385 1385
f 1382 1382 1382
f 1382 1390 1382
f 1382 1390 1536
f 1536 1390 1538
f 1090 1078 1078
f 1328 1495 1509
f 1327 1328 1509
f 1273 1273 1282
f 1474 1273 1478
f 1270 1471 1477
f 1281 1477 1476
f 1270 1477 1281
f 1270 1270 1477
f 1273 1282 1478
f 1280 1281 1476
f 1279 1280 1475
f 1279 1279 1475
f 1279 1475 1475
f 1279 1279 1279
f 1273 1273 1273
f 1265 1474 1470
f 1475 1280 1476
f 1478 1282 1479
f 1479 1282 1480
f 1282 1283 1480
f 1480 1285 1293
f 1279 1475 1484
f 1292 1484 1483
f 1279 1484 1292
f 1279 1279 1484
f 1291 1292 1483
f 1482 1291 1483
f 1290 1291 1482
f 1481 1290 1482
f 1289 1290 1481
f 1289 1289 1481
f 1289 1481 1481
f 1289 1289 1289
f 1285 1480 1283
f 1283 1480 1480
f 1273 1474 1265
f 1273 1273 1474
f 1261 1467 1473
f 1272 1473 1472
f 1261 1261 1467
f 1261 1467 1467
f 1261 1261 1261
f 1254 1254 1254
f 1247 1466 1464
f 1254 1466 1247
f 1254 1254 1466
f 1465 1245 1463
f 1253 1245 1465
f 1253 1253 1245
f 1253 1253 1253
f 1464 1238 1247
f 1462 1238 1464
f 1236 1461 1463
f 1463 1245 1236
f 1261 1262 1467
f 1485 1480 1293
f 1467 1262 1468
f 1253 1253 1469
f 1261 1473 1272
f 1261 1261 1473
f 1271 1272 1472
f 1471 1271 1472
f 1270 1271 1471
f 1270 1270 1471
f 1270 1471 1471
f 1270 1270 1270
f 1254 1265 1470
f 1254 1254 1470
f 1254 1470 1470
f 1466 1254 1470
f 1253 1465 1469
f 1263 1469 1468
f 1253 1469 1263
f 1262 1263 1468
f 1293 1485 1485
f 1295 1485 1293
f 1305 1486 1486
f 1321 1321 1331
f 1494 1321 1501
f 1318 1491 1500
f 1499 1317 1500
f 1317 1318 1500
f 1498 1316 1499
f 1316 1317 1499
f 1497 1315 1498
f 1315 1316 1498
f 1330 1497 1496
f 1315 1497 1330
f 1315 1315 1497
f 1329 1330 1496
f 1495 1329 1496
f 1328 1329 1495
f 1321 1331 1501
f 1328 1328 1495
f 1501 1331 1502
f 1331 1332 1503
f 1342 1508 1507
f 1327 1508 1342
f 1327 1327 1508
f 1341 1342 1507
f 1506 1341 1507
f 1340 1341 1506
f 1504 1340 1506
f 1339 1340 1504
f 1339 1339 1504
f 1339 1504 1505
f 1339 1339 1339
f 1333 1333 1333
f 1503 1332 1333
f 1503 1503 1333
f 1503 1333 1333
f 1502 1331 1503
f 1508 1327 1509
f 1328 1495 1495
f 1328 1327 1327
f 1316 1315 1315
f 1315 1315 1315
f 1308 1308 1308
f 1295 1490 1485
f 1308 1490 1295
f 1308 1308 1490
f 1289 1481 1489
f 1307 1489 1488
f 1289 1489 1307
f 1289 1289 1489
f 1306 1307 1488
f 1487 1306 1488
f 1304 1306 1487
f 1486 1304 1487
f 1304 1486 1305
f 1316 1315 1316
f 1328 1327 1328
f 1317 1316 1316
f 1318 1317 1317
f 1327 1327 1327
f 1321 1321 1321
f 1494 1320 1321
f 1494 1494 1321
f 1494 1321 1321
f 1319 1320 1494
f 1493 1319 1494
f 1492 1319 1493
f 1308 1319 1492
f 1308 1308 1319
f 1490 1308 1492
f 1491 1305 1486
f 1318 1305 1491
f 1318 1318 1305
f 1318 1317 1318
f 1317 1316 1317
f 1405 1567 1559
f 1365 1352 1078
f 1364 1364 1352
f 922 920 1195
f 1195 920 1194
f 920 908 1194
f 1194 908 908
f 908 908 908
f 886 910 1192
f 922 923 923
f 1192 910 1200
f 1201 1193 1192
f 1198 1199 1197
f 1189 1197 1196
f 1191 1197 1189
f 1191 1198 1197
f 1189 1196 1195
f 1200 1201 1192
f 922 1195 923
f 1195 1196 923
f 1196 1197 923
f 1213 1215 1214
f 1210 1211 1212
f 1211 1213 1212
f 1208 1209 1210
f 1209 1211 1210
f 1206 1207 1208
f 1207 1209 1208
f 1204 1205 1206
f 1205 1207 1206
f 1203 1199 1204
f 1199 1205 1204
f 1197 1203 1202
f 1199 1203 1197
f 1199 1199 1203
f 1197 1202 923
f 1187 1189 1195
f 1187 1195 1194
f 1185 1187 1194
f 1185 1194 908
f 1168 891 1167
f 891 884 1167
f 1167 884 884
f 884 884 884
f 873 886 1165
f 1165 886 1192
f 1192 1193 1165
f 1193 1166 1165
f 1190 1191 1189
f 1187 1188 1189
f 1188 1190 1189
f 1185 1186 1187
f 1186 1188 1187
f 1183 1184 1185
f 1184 1186 1185
f 893 891 1168
f 1212 1213 1214
f 1169 893 1168
f 1171 895 1169
f 1183 1185 908
f 1181 1183 908
f 907 1181 908
f 907 908 908
f 907 905 1181
f 1181 905 1179
f 905 903 1179
f 1179 903 1177
f 903 901 1177
f 1177 901 1175
f 901 899 1175
f 1175 899 1173
f 899 897 1173
f 1173 897 1171
f 897 895 1171
f 895 893 1169
f 1181 1182 1183
f 1215 1216 1214
f 1200 1217 1217
f 1226 1228 1235
f 1228 1236 1235
f 1226 1235 1234
f 1224 1226 1234
f 1224 1234 1233
f 1223 1224 1233
f 1238 1229 935
f 1223 1233 1232
f 1222 1232 1231
f 1221 1222 1231
f 1221 1231 1230
f 1220 1221 1230
f 1220 1230 944
f 1219 1220 944
f 1222 1223 1232
f 1237 1238 935
f 935 946 1237
f 935 946 935
f 1236 1245 1244
f 1235 1244 1243
f 1234 1235 1243
f 1234 1243 1242
f 1233 1234 1242
f 1233 1242 1241
f 1232 1233 1241
f 1232 1241 1240
f 1231 1232 1240
f 1231 1240 1239
f 1230 1231 1239
f 944 1230 1239
f 944 944 1239
f 944 1239 955
f 944 944 944
f 1218 1219 944
f 943 1218 944
f 943 944 944
f 943 934 1218
f 1208 1210 1219
f 1208 1219 1218
f 1206 1208 1218
f 1206 1218 934
f 1204 1206 934
f 1203 1204 934
f 933 1203 934
f 933 934 934
f 933 931 1203
f 1203 931 1202
f 931 923 1202
f 1202 923 923
f 923 923 923
f 910 925 1217
f 1200 910 1217
f 1210 1220 1219
f 1201 1200 1217
f 1210 1212 1220
f 1212 1214 1221
f 1218 934 934
f 934 934 934
f 935 935 935
f 925 1229 1217
f 935 1229 925
f 935 935 1229
f 1227 1228 1226
f 1224 1225 1226
f 1225 1227 1226
f 1223 1216 1224
f 1216 1225 1224
f 1214 1223 1222
f 1216 1223 1214
f 1216 1216 1223
f 1214 1222 1221
f 1212 1221 1220
f 1182 1184 1183
f 1179 1180 1181
f 1180 1182 1181
f 1132 833 1132
f 1132 833 843
f 841 1132 843
f 1139 1132 841
f 841 842 1139
f 842 1140 1139
f 839 839 839
f 1137 1138 1136
f 1135 1137 1136
f 839 1133 1134
f 1133 1135 1134
f 1133 838 1130
f 839 838 1133
f 839 839 838
f 1134 1135 1136
f 1134 839 839
f 845 839 1134
f 1136 845 1134
f 1148 842 852
f 852 1146 1148
f 853 1146 852
f 853 853 1146
f 1147 1146 853
f 1144 1145 1143
f 1141 1142 1143
f 1142 1144 1143
f 1142 849 1138
f 1141 849 1142
f 1141 850 849
f 1138 849 847
f 1138 1138 847
f 1138 847 1136
f 847 845 1136
f 1130 838 836
f 1130 1130 836
f 1130 836 1128
f 1128 836 830
f 821 805 821
f 821 805 805
f 805 805 805
f 804 804 804
f 804 801 804
f 804 801 801
f 801 801 801
f 800 800 800
f 800 814 800
f 800 814 814
f 814 812 814
f 814 812 1115
f 812 810 1115
f 1115 810 1113
f 810 807 1127
f 1116 821 821
f 1140 842 1148
f 823 821 1116
f 825 823 1117
f 1124 808 834
f 834 832 1131
f 1124 834 1131
f 1124 1131 1126
f 832 833 1131
f 833 1132 1131
f 1129 1130 1128
f 1121 1123 1129
f 1121 1129 1128
f 1121 1128 829
f 829 1128 830
f 829 827 1121
f 1121 827 1119
f 827 825 1119
f 1119 825 1117
f 1117 823 1116
f 1141 855 850
f 1143 855 1141
f 857 855 1143
f 883 884 884
f 883 881 883
f 883 881 881
f 881 879 881
f 881 879 879
f 879 871 879
f 879 871 871
f 871 871 871
f 1156 863 873
f 1156 1156 873
f 1156 873 1165
f 1166 1156 1165
f 1163 1164 1162
f 1160 1161 1162
f 1161 1163 1162
f 883 883 884
f 883 1159 1160
f 883 1160 884
f 1162 1167 884
f 1177 1178 1179
f 1178 1180 1179
f 1175 1176 1177
f 1176 1178 1177
f 1173 1174 1175
f 1174 1176 1175
f 1171 1172 1173
f 1172 1174 1173
f 1169 1170 1171
f 1170 1172 1171
f 1168 1164 1169
f 1164 1170 1169
f 1162 1168 1167
f 1164 1168 1162
f 1164 1164 1168
f 1160 1162 884
f 1235 1236 1244
f 1159 1161 1160
f 1158 1159 883
f 862 863 1147
f 863 1156 1147
f 1154 1155 1153
f 1151 1152 1153
f 1152 1154 1153
f 866 1150 1151
f 1150 1152 1151
f 860 1149 866
f 1149 1150 866
f 1149 859 1145
f 860 859 1149
f 860 860 859
f 1145 859 857
f 1145 1145 857
f 1145 857 1143
f 853 1147 1147
f 881 1158 883
f 853 853 1147
f 853 853 853
f 879 1157 881
f 1157 1158 881
f 871 1155 879
f 1155 1157 879
f 1153 1155 1155
f 1153 1155 871
f 1153 871 870
f 870 871 871
f 870 868 1153
f 1153 868 1151
f 868 866 1151
f 1151 866 866
f 866 860 866
f 866 860 860
f 860 860 860
f 853 862 1147
f 1247 1238 1237
f 1246 1247 1237
f 956 1237 946
f 1050 1049 1049
f 1049 1049 1049
f 1041 1041 1041
f 1041 1324 1041
f 1041 1324 1040
f 1324 1323 1031
f 1325 1049 1050
f 1040 1324 1031
f 1031 1323 1322
f 1312 1031 1322
f 1322 1311 1312
f 1321 1311 1322
f 1321 1321 1311
f 1320 1310 1321
f 1040 1031 1031
f 1051 1325 1050
f 1326 1325 1051
f 1326 1327 1327
f 1332 1323 1333
f 1323 1324 1333
f 1331 1322 1332
f 1322 1323 1332
f 1321 1322 1331
f 1314 1315 1330
f 1329 1313 1330
f 1313 1314 1330
f 1328 1039 1329
f 1039 1313 1329
f 1052 1328 1327
f 1039 1328 1052
f 1039 1039 1328
f 1051 1052 1327
f 1326 1051 1327
f 1310 1311 1321
f 1319 1309 1320
f 1309 1310 1320
f 1308 1309 1319
f 1031 1017 1017
f 1017 1312 1311
f 1298 1017 1311
f 1298 1311 1310
f 1297 1298 1310
f 1297 1310 1309
f 1296 1297 1309
f 1309 1294 1296
f 1308 1294 1309
f 1308 1308 1294
f 1295 1294 1308
f 1288 1289 1307
f 1306 1287 1307
f 1287 1288 1307
f 1304 1012 1306
f 1031 1031 1017
f 1333 1333 1324
f 1031 1312 1017
f 1039 1039 1039
f 1303 1305 1318
f 1317 1302 1318
f 1302 1303 1318
f 1316 1301 1317
f 1301 1302 1317
f 1315 1300 1316
f 1300 1301 1316
f 1300 1314 1299
f 1315 1314 1300
f 1315 1315 1314
f 1299 1314 1313
f 1025 1299 1313
f 1025 1313 1039
f 1025 1025 1039
f 1025 1039 1039
f 1031 1031 1031
f 1333 1324 1334
f 1334 1324 1041
f 1053 1041 1041
f 1088 1355 1087
f 1355 1354 1087
f 1087 1354 1086
f 1354 1353 1086
f 1086 1353 1085
f 1353 1084 1085
f 1085 1084 1084
f 1084 1084 1084
f 1078 1078 1078
f 1078 1352 1078
f 1078 1352 1077
f 1352 1351 1077
f 1077 1351 1076
f 1351 1350 1076
f 1076 1350 1075
f 1356 1355 1088
f 1350 1349 1075
f 1356 1357 1357
f 1088 1089 1357
f 1363 1351 1364
f 1351 1352 1364
f 1362 1350 1363
f 1350 1351 1363
f 1361 1349 1362
f 1349 1350 1362
f 1360 1348 1361
f 1348 1349 1361
f 1359 1347 1360
f 1347 1348 1360
f 1346 1347 1359
f 1338 1339 1358
f 1089 1358 1357
f 1071 1358 1089
f 1071 1338 1358
f 1356 1088 1357
f 1012 1287 1306
f 1075 1349 1074
f 1074 1348 1073
f 1049 1340 1072
f 1049 1049 1340
f 1070 1072 1339
f 1338 1070 1339
f 1338 1339 1339
f 1070 1338 1071
f 1056 1056 1056
f 1056 1337 1056
f 1056 1337 1055
f 1337 1336 1055
f 1055 1336 1054
f 1336 1335 1054
f 1054 1335 1053
f 1335 1334 1041
f 1053 1335 1041
f 1072 1340 1339
f 1349 1348 1074
f 1049 1325 1341
f 1325 1326 1342
f 1348 1347 1056
f 1073 1348 1056
f 1073 1056 1056
f 1347 1337 1056
f 1346 1337 1347
f 1346 1346 1337
f 1345 1336 1346
f 1336 1337 1346
f 1344 1335 1345
f 1335 1336 1345
f 1343 1334 1344
f 1334 1335 1344
f 1333 1334 1343
f 1326 1327 1342
f 1341 1325 1342
f 1340 1049 1341
f 1364 1352 1365
f 1030 1012 1012
f 1030 1304 1303
f 986 986 986
f 965 978 965
f 965 978 1266
f 965 1266 1264
f 1255 965 1264
f 1264 1265 1255
f 987 986 986
f 1265 1254 1255
f 1262 1251 1263
f 1251 1252 1263
f 1261 1250 1262
f 1250 1251 1262
f 1250 1260 1249
f 1261 1260 1250
f 1252 1253 1263
f 1267 986 987
f 975 1267 987
f 975 1256 1267
f 1274 1264 1266
f 1273 1264 1274
f 1273 1273 1264
f 1265 1264 1273
f 1260 1261 1272
f 1271 1259 1272
f 1259 1260 1272
f 1270 1258 1271
f 1258 1259 1271
f 1258 1269 1257
f 1270 1269 1258
f 1270 1270 1269
f 1257 1269 1268
f 1256 1257 1268
f 1256 1268 1267
f 1261 1261 1260
f 1249 1260 1259
f 1248 1249 1259
f 1248 1259 1258
f 1243 1252 1251
f 1242 1243 1251
f 1242 1251 1250
f 1241 1242 1250
f 1241 1250 1249
f 1240 1241 1249
f 1240 1249 1248
f 1239 1240 1248
f 1239 1248 964
f 955 1239 964
f 955 964 964
f 964 964 964
f 956 956 956
f 956 1246 1237
f 956 956 1237
f 1253 1253 1252
f 988 1266 978
f 1253 1252 1244
f 1244 1245 1253
f 964 1248 1258
f 964 1258 1257
f 964 964 1257
f 964 1257 976
f 1257 1256 976
f 976 1256 974
f 974 1256 975
f 965 965 965
f 965 1255 956
f 965 965 956
f 965 956 956
f 1255 1246 956
f 1254 1246 1255
f 1254 1254 1246
f 1247 1246 1254
f 1244 1252 1243
f 988 1275 1266
f 1275 1274 1266
f 989 1275 988
f 1015 1002 1002
f 1002 1296 1294
f 1286 1002 1294
f 1294 1284 1286
f 1295 1284 1294
f 1295 1293 1284
f 1285 1284 1293
f 1278 1279 1292
f 1291 1277 1292
f 1277 1278 1292
f 1290 1276 1291
f 1276 1277 1291
f 1289 998 1290
f 998 1276 1290
f 1014 998 998
f 1015 1297 1002
f 1014 998 1289
f 1297 1296 1002
f 1298 1297 1016
f 1303 1304 1305
f 1303 1302 1030
f 1030 1302 1029
f 1302 1301 1029
f 1029 1301 1028
f 1301 1300 1028
f 1028 1300 1027
f 1300 1299 1027
f 1027 1299 1026
f 1299 1025 1026
f 1026 1025 1025
f 1025 1025 1025
f 1017 1017 1017
f 1017 1298 1017
f 1017 1298 1016
f 1016 1297 1015
f 1030 1012 1304
f 1014 1289 1288
f 1288 1287 1014
f 1279 1267 1280
f 1267 1268 1280
f 1267 1278 986
f 1279 1278 1267
f 1279 1279 1278
f 986 1278 1277
f 986 986 1277
f 986 1277 1000
f 1277 1276 1000
f 1000 1276 999
f 1276 998 999
f 999 998 998
f 998 998 998
f 989 989 989
f 989 1275 989
f 1268 1269 1281
f 1288 1289 1289
f 1280 1268 1281
f 1273 1274 1282
f 1014 1287 1013
f 1287 1012 1013
f 1013 1012 1012
f 1012 1012 1012
f 1002 1002 1002
f 1002 1286 1002
f 1002 1286 1001
f 1286 1284 989
f 1001 1286 989
f 1001 989 989
f 1284 1275 989
f 1285 1275 1284
f 1285 1283 1275
f 1282 1274 1283
f 1274 1275 1283
f 1269 1270 1281
f 1113 810 1127
f 1559 1559 1559
f 1561 1402 1402
f 1888 1890 1635
f 1634 1888 1635
f 1634 1635 1635
f 1634 1632 1888
f 1888 1632 1886
f 1632 1630 1886
f 1890 1892 1635
f 1886 1630 1884
f 1884 1628 1882
f 1628 1626 1882
f 1882 1626 1626
f 1626 1621 1626
f 1626 1621 1621
f 1621 1621 1621
f 1630 1628 1884
f 1892 1640 1635
f 1892 1894 1640
f 1894 1642 1640
f 1635 1635 1635
f 1906 1897 1622
f 1906 1906 1622
f 1906 1622 1622
f 1622 1636 1906
f 1904 1905 1903
f 1901 1902 1903
f 1902 1904 1903
f 1899 1900 1901
f 1900 1902 1901
f 1898 1896 1899
f 1896 1900 1899
f 1894 1898 1642
f 1896 1898 1894
f 1896 1896 1898
f 1878 1878 1878
f 1897 1589 1622
f 1878 1589 1897
f 1878 1878 1589
f 1875 1621 1620
f 1620 1621 1621
f 1620 1618 1875
f 1875 1618 1873
f 1618 1616 1873
f 1873 1616 1871
f 1616 1614 1871
f 1871 1614 1869
f 1614 1612 1869
f 1869 1612 1867
f 1612 1610 1867
f 1867 1610 1865
f 1610 1608 1865
f 1865 1608 1863
f 1608 1606 1863
f 1875 1877 1621
f 1640 1635 1635
f 1875 1877 1877
f 1621 1877 1626
f 1895 1896 1894
f 1892 1893 1894
f 1893 1895 1894
f 1890 1891 1892
f 1891 1893 1892
f 1888 1889 1890
f 1889 1891 1890
f 1886 1887 1888
f 1887 1889 1888
f 1884 1885 1886
f 1885 1887 1886
f 1882 1883 1884
f 1883 1885 1884
f 1626 1881 1882
f 1881 1883 1882
f 1877 1881 1626
f 1863 1606 1861
f 1640 1635 1640
f 1642 1640 1642
f 1919 1921 1933
f 1919 1933 1932
f 1917 1919 1932
f 1917 1932 1931
f 1915 1917 1931
f 1915 1931 1930
f 1921 1934 1933
f 1913 1915 1930
f 1911 1913 1929
f 1911 1929 1928
f 1910 1911 1928
f 1910 1928 1927
f 1909 1910 1927
f 1909 1927 1648
f 1913 1930 1929
f 1921 1923 1934
f 1923 1935 1934
f 1925 1936 1935
f 1931 1940 1939
f 1930 1931 1939
f 1930 1939 1938
f 1929 1930 1938
f 1929 1938 1653
f 1928 1929 1653
f 1927 1928 1653
f 1652 1927 1653
f 1652 1653 1653
f 1652 1648 1927
f 1927 1648 1648
f 1648 1648 1648
f 1937 1644 1649
f 1926 1644 1937
f 1923 1925 1935
f 1908 1909 1648
f 1907 1908 1648
f 1647 1907 1648
f 1647 1648 1648
f 1912 1914 1913
f 1910 1905 1911
f 1905 1912 1911
f 1903 1910 1909
f 1905 1910 1903
f 1905 1905 1910
f 1903 1909 1908
f 1901 1903 1908
f 1901 1908 1907
f 1899 1901 1907
f 1899 1907 1643
f 1898 1899 1643
f 1642 1898 1643
f 1642 1642 1643
f 1642 1643 1643
f 1911 1912 1913
f 1642 1640 1640
f 1914 1916 1915
f 1916 1918 1917
f 1647 1643 1907
f 1907 1643 1643
f 1643 1643 1643
f 1906 1906 1906
f 1926 1636 1644
f 1906 1636 1926
f 1906 1906 1636
f 1924 1925 1923
f 1921 1922 1923
f 1922 1924 1923
f 1919 1920 1921
f 1920 1922 1921
f 1917 1918 1919
f 1918 1920 1919
f 1915 1916 1917
f 1913 1914 1915
f 1606 1604 1861
f 1861 1604 1859
f 1604 1602 1859
f 1569 1565 1824
f 1824 1565 1565
f 1565 1565 1565
f 1821 1559 1821
f 1821 1559 1559
f 1567 1821 1559
f 1826 1569 1824
f 1827 1821 1567
f 1568 1828 1827
f 1825 1826 1824
f 1565 1823 1824
f 1823 1825 1824
f 1823 1564 1822
f 1565 1564 1823
f 1567 1568 1827
f 1826 1826 1569
f 1826 1571 1569
f 1572 1572 1571
f 1573 1841 1575
f 1839 1841 1573
f 1573 1574 1839
f 1574 1840 1839
f 1837 1838 1836
f 1834 1835 1836
f 1835 1837 1836
f 1832 1833 1834
f 1833 1835 1834
f 1830 1831 1832
f 1831 1833 1832
f 1572 1829 1830
f 1829 1831 1830
f 1829 1571 1826
f 1572 1571 1829
f 1565 1565 1564
f 1562 1822 1564
f 1820 1822 1562
f 1820 1562 1560
f 1555 1554 1816
f 1555 1555 1554
f 1813 1554 1552
f 1813 1813 1552
f 1813 1552 1811
f 1552 1551 1811
f 1811 1551 1809
f 1551 1548 1809
f 1809 1548 1548
f 1548 1548 1548
f 1806 1538 1806
f 1806 1538 1538
f 1550 1806 1538
f 1814 1806 1550
f 1550 1549 1814
f 1816 1554 1813
f 1841 1568 1575
f 1816 1817 1555
f 1549 1556 1815
f 1820 1820 1560
f 1820 1560 1819
f 1819 1560 1558
f 1818 1556 1818
f 1818 1556 1556
f 1556 1559 1818
f 1559 1821 1818
f 1817 1820 1819
f 1555 1817 1817
f 1555 1817 1819
f 1555 1819 1555
f 1555 1819 1558
f 1555 1555 1555
f 1815 1549 1815
f 1815 1549 1549
f 1556 1818 1815
f 1828 1568 1841
f 1572 1572 1572
f 1830 1572 1572
f 1879 1880 1590
f 1588 1879 1590
f 1878 1879 1588
f 1878 1878 1879
f 1588 1589 1878
f 1876 1877 1875
f 1873 1874 1875
f 1874 1876 1875
f 1871 1872 1873
f 1872 1874 1873
f 1869 1870 1871
f 1870 1872 1871
f 1867 1868 1869
f 1868 1870 1869
f 1865 1866 1867
f 1590 1880 1574
f 1866 1868 1867
f 1880 1574 1574
f 1587 1587 1587
f 1859 1602 1857
f 1602 1600 1857
f 1857 1600 1855
f 1600 1598 1855
f 1855 1598 1853
f 1598 1596 1853
f 1853 1596 1851
f 1596 1594 1851
f 1851 1594 1849
f 1594 1592 1849
f 1849 1592 1847
f 1592 1591 1847
f 1847 1591 1845
f 1591 1587 1845
f 1845 1587 1587
f 1840 1574 1880
f 1931 1932 1940
f 1863 1864 1865
f 1861 1862 1863
f 1844 1586 1843
f 1587 1586 1844
f 1587 1587 1586
f 1584 1843 1586
f 1842 1843 1584
f 1842 1584 1582
f 1838 1842 1582
f 1838 1582 1836
f 1582 1580 1836
f 1836 1580 1834
f 1580 1578 1834
f 1834 1578 1832
f 1578 1576 1832
f 1832 1576 1830
f 1576 1572 1830
f 1844 1846 1845
f 1864 1866 1865
f 1587 1844 1845
f 1845 1846 1847
f 1862 1864 1863
f 1859 1860 1861
f 1860 1862 1861
f 1857 1858 1859
f 1858 1860 1859
f 1855 1856 1857
f 1856 1858 1857
f 1853 1854 1855
f 1854 1856 1855
f 1851 1852 1853
f 1852 1854 1853
f 1849 1850 1851
f 1850 1852 1851
f 1847 1848 1849
f 1848 1850 1849
f 1846 1848 1847
f 1932 1941 1940
f 1932 1933 1941
f 1933 1942 1941
f 2022 2022 2021
f 1717 2021 1726
f 1717 1717 1726
f 1717 1726 1726
f 1726 1726 1726
f 1723 1723 1723
f 2022 2021 1718
f 1723 2020 1714
f 1723 1714 1714
f 2020 2010 1714
f 2019 2010 2020
f 2019 2019 2010
f 2011 2010 2019
f 2001 2003 2018
f 1723 1723 1714
f 1718 2021 1717
f 1718 2012 2023
f 2022 1718 2023
f 2030 2031 2031
f 2030 2029 1736
f 1736 2029 1734
f 1734 2029 1735
f 1727 1729 2027
f 2026 1723 1723
f 2026 1723 1727
f 2026 1727 2028
f 2028 1727 2027
f 2025 2020 2026
f 2020 1723 2026
f 2019 2020 2025
f 2013 2014 2024
f 2023 2012 2024
f 2012 2013 2024
f 2017 2000 2018
f 2000 2001 2018
f 2016 1999 2017
f 1999 2000 2017
f 2009 1703 1713
f 2009 1713 2011
f 2011 1713 2010
f 1998 1997 2009
f 1992 1993 2008
f 2007 1991 2008
f 1991 1992 2008
f 2006 1990 2007
f 1990 1991 2007
f 2005 1989 2006
f 1989 1990 2006
f 2004 1696 2005
f 1696 1989 2005
f 1712 2004 2002
f 1696 2004 1712
f 2009 1997 1703
f 2030 1736 2031
f 1714 2010 1713
f 1714 1714 1714
f 1722 2016 2015
f 1709 2016 1722
f 1709 1999 2016
f 1721 1722 2015
f 2014 1721 2015
f 1720 1721 2014
f 2013 1720 2014
f 2013 2014 2014
f 2013 2012 1720
f 1720 2012 1719
f 2012 1718 1719
f 1719 1718 1718
f 1718 1717 1718
f 1718 1717 1717
f 1717 1717 1717
f 1714 2010 1714
f 1736 1737 2031
f 1726 1726 2032
f 1726 2032 1737
f 1761 1762 2055
f 2053 1761 2055
f 1760 1761 2053
f 1760 1760 2053
f 1760 2053 2054
f 1760 1760 1760
f 1755 1757 2052
f 2052 2051 1755
f 1755 2051 1754
f 2050 1753 1754
f 2050 1754 2051
f 2049 1753 2050
f 2038 1753 2049
f 2038 1742 1753
f 2048 2036 2049
f 1745 1745 2056
f 2036 2038 2049
f 1745 2056 1762
f 1745 2039 2057
f 3656 3934 3656
f 1765 2063 1764
f 2063 2061 1764
f 1764 2061 1763
f 2060 2052 1757
f 2060 1757 1763
f 2060 1763 2062
f 2062 1763 2061
f 2059 2051 2060
f 2051 2052 2060
f 2050 2051 2059
f 2040 2041 2058
f 2057 2039 2058
f 2039 2040 2058
f 2056 1745 2057
f 1762 2056 2055
f 1696 1696 2004
f 2037 2036 2048
f 2046 2029 2047
f 1745 1745 1745
f 1740 1742 2038
f 2038 2036 1740
f 1740 2036 1739
f 2035 1738 1739
f 2037 2035 1739
f 2037 1739 2036
f 2034 1738 2035
f 2027 1738 2034
f 2027 1729 1738
f 2028 2027 2034
f 2021 2022 2033
f 2032 1726 2033
f 1726 2021 2033
f 1737 2032 2031
f 1746 1745 1745
f 2030 2031 2047
f 2039 1745 1746
f 2040 2039 1747
f 2029 2030 2047
f 1752 2046 2045
f 1735 2046 1752
f 1735 2029 2046
f 1751 1752 2045
f 2044 1751 2045
f 1750 1751 2044
f 2043 1750 2044
f 1749 1750 2043
f 2042 1749 2043
f 1748 1749 2042
f 2041 1748 2042
f 1747 1748 2041
f 2040 1747 2041
f 2040 2041 2041
f 1747 2039 1746
f 1549 1815 1814
f 1711 1712 2002
f 2001 2002 2003
f 1954 1961 1960
f 1666 1954 1960
f 1666 1960 1671
f 1666 1666 1671
f 1666 1671 1671
f 1671 1671 1671
f 1954 1955 1961
f 1667 1667 1667
f 1667 1959 1662
f 1667 1667 1959
f 1951 1952 1958
f 1951 1957 1950
f 1958 1957 1951
f 1958 1958 1957
f 1662 1959 1953
f 1955 1962 1961
f 1955 1956 1962
f 1956 1963 1962
f 1960 1961 1968
f 1960 1968 1967
f 1671 1960 1967
f 1671 1967 1676
f 1671 1671 1676
f 1671 1676 1676
f 1676 1676 1676
f 1667 1672 1667
f 1667 1672 1965
f 1965 1966 1667
f 1966 1959 1667
f 1957 1958 1964
f 1957 1963 1956
f 1964 1963 1957
f 1964 1964 1963
f 1950 1957 1956
f 1949 1950 1956
f 1949 1956 1955
f 1948 1949 1955
f 1939 1940 1660
f 1938 1939 1660
f 1659 1938 1660
f 1659 1660 1660
f 1659 1653 1938
f 1938 1653 1653
f 1653 1653 1653
f 1946 1649 1654
f 1937 1649 1946
f 1935 1936 1944
f 1936 1945 1944
f 1935 1944 1943
f 1934 1935 1943
f 1934 1943 1942
f 1933 1934 1942
f 1940 1947 1660
f 1961 1969 1968
f 1940 1941 1947
f 1941 1942 1948
f 1948 1955 1954
f 1947 1948 1954
f 1947 1954 1666
f 1660 1947 1666
f 1666 1660 1666
f 1666 1660 1660
f 1953 1654 1662
f 1946 1654 1953
f 1944 1945 1951
f 1945 1952 1951
f 1944 1951 1950
f 1943 1944 1950
f 1943 1950 1949
f 1942 1943 1949
f 1942 1949 1948
f 1941 1948 1947
f 1961 1962 1969
f 1962 1970 1969
f 1971 1971 1970
f 1992 1993 1993
f 1992 1991 1700
f 1700 1991 1699
f 1991 1990 1699
f 1699 1990 1698
f 1990 1989 1698
f 1698 1989 1697
f 1989 1696 1697
f 1697 1696 1696
f 1696 1696 1696
f 1683 1692 1980
f 1980 1692 1987
f 1987 1988 1980
f 1988 1981 1980
f 1977 1978 1986
f 1700 1993 1992
f 1985 1976 1986
f 1700 1689 1993
f 1689 1982 1994
f 2001 2000 1711
f 1711 2000 1710
f 2000 1999 1710
f 1710 1999 1708
f 1708 1999 1709
f 1701 1703 1997
f 1996 1987 1692
f 1996 1692 1701
f 1996 1701 1998
f 1998 1701 1997
f 1988 1987 1996
f 1983 1984 1995
f 1994 1982 1995
f 1982 1983 1995
f 1993 1689 1994
f 1700 1689 1689
f 2001 1711 2002
f 1976 1977 1986
f 1975 1976 1985
f 1968 1977 1976
f 1967 1968 1976
f 1967 1976 1975
f 1676 1967 1975
f 1676 1975 1974
f 1676 1676 1974
f 1676 1974 1681
f 1681 1974 1682
f 1672 1677 1965
f 1965 1677 1972
f 1972 1973 1965
f 1973 1966 1965
f 1963 1964 1971
f 1963 1970 1962
f 1971 1970 1963
f 1978 1978 1977
f 1984 1975 1985
f 1978 1977 1969
f 1969 1970 1979
f 1975 1983 1974
f 1984 1983 1975
f 1984 1984 1983
f 1974 1983 1982
f 1682 1974 1982
f 1682 1982 1690
f 1982 1689 1690
f 1690 1689 1689
f 1689 1689 1689
f 1677 1683 1972
f 1972 1683 1980
f 1980 1981 1972
f 1981 1973 1972
f 1970 1971 1979
f 1978 1969 1979
f 1969 1977 1968
f 1402 1402 1402
f 1812 1813 1811
f 1810 1812 1811
f 1454 1453 1454
f 1454 1453 1453
f 1453 1451 1453
f 1453 1451 1451
f 1451 1451 1451
f 1649 1444 1452
f 1645 1454 1454
f 1644 1444 1649
f 1645 1643 1646
f 1643 1647 1646
f 1641 1645 1454
f 1643 1645 1641
f 1643 1643 1645
f 1641 1454 1453
f 1647 1648 1646
f 1455 1454 1645
f 1455 1456 1456
f 1455 1645 1456
f 1651 1656 1655
f 1650 1651 1655
f 1456 1650 1655
f 1456 1456 1655
f 1456 1655 1458
f 1456 1456 1456
f 1654 1452 1457
f 1649 1452 1654
f 1652 1653 1651
f 1650 1648 1651
f 1648 1652 1651
f 1646 1650 1456
f 1648 1650 1646
f 1648 1648 1650
f 1645 1646 1456
f 1639 1641 1453
f 1639 1453 1451
f 1638 1639 1451
f 1637 1638 1451
f 1640 1642 1641
f 1638 1635 1639
f 1635 1640 1639
f 1633 1638 1637
f 1635 1638 1633
f 1635 1635 1638
f 1633 1637 1449
f 1631 1633 1449
f 1631 1449 1448
f 1629 1631 1448
f 1629 1448 1447
f 1627 1629 1447
f 1627 1447 1446
f 1625 1627 1446
f 1625 1446 1445
f 1639 1640 1641
f 1653 1653 1657
f 1642 1643 1641
f 1644 1442 1444
f 1450 1637 1451
f 1450 1451 1451
f 1450 1449 1637
f 1637 1449 1449
f 1449 1448 1449
f 1449 1448 1448
f 1448 1447 1448
f 1448 1447 1447
f 1447 1446 1447
f 1447 1446 1446
f 1446 1445 1446
f 1446 1445 1445
f 1445 1443 1445
f 1445 1443 1443
f 1443 1443 1443
f 1636 1442 1644
f 1624 1625 1445
f 1653 1657 1651
f 1653 1659 1658
f 1465 1678 1469
f 1678 1468 1469
f 1469 1468 1468
f 1468 1467 1468
f 1468 1467 1467
f 1467 1467 1467
f 1465 1673 1678
f 1677 1464 1466
f 1670 1671 1676
f 1670 1675 1669
f 1676 1675 1670
f 1676 1676 1675
f 1669 1675 1674
f 1668 1669 1674
f 1672 1464 1677
f 1673 1679 1678
f 1673 1674 1679
f 1674 1680 1679
f 1467 1467 1685
f 1467 1685 1473
f 1685 1684 1473
f 1473 1684 1472
f 1684 1471 1472
f 1472 1471 1471
f 1471 1471 1471
f 1470 1470 1470
f 1466 1683 1677
f 1470 1683 1466
f 1470 1470 1683
f 1675 1676 1681
f 1675 1680 1674
f 1681 1680 1675
f 1681 1682 1680
f 1668 1674 1673
f 1463 1668 1673
f 1465 1463 1673
f 1673 1463 1463
f 1660 1666 1665
f 1658 1665 1664
f 1657 1658 1664
f 1657 1664 1663
f 1656 1657 1663
f 1656 1663 1461
f 1655 1656 1461
f 1461 1458 1461
f 1461 1458 1655
f 1459 1460 1661
f 1457 1662 1654
f 1459 1662 1457
f 1459 1661 1662
f 1659 1660 1658
f 1657 1653 1658
f 1658 1660 1665
f 1651 1657 1656
f 1662 1661 1667
f 1661 1460 1667
f 1672 1462 1464
f 1667 1462 1672
f 1665 1666 1671
f 1665 1670 1664
f 1671 1670 1665
f 1671 1671 1670
f 1664 1670 1669
f 1663 1664 1669
f 1663 1669 1668
f 1461 1663 1668
f 1461 1668 1463
f 1461 1461 1463
f 1461 1463 1463
f 1463 1463 1463
f 1460 1462 1667
f 1661 1667 1667
f 1624 1445 1443
f 1623 1624 1443
f 1443 1441 1443
f 1581 1419 1579
f 1419 1418 1579
f 1579 1418 1577
f 1418 1414 1577
f 1577 1414 1414
f 1414 1414 1414
f 1420 1419 1581
f 1574 1411 1574
f 1417 1574 1411
f 1590 1574 1417
f 1415 1590 1417
f 1588 1590 1415
f 1415 1416 1588
f 1416 1589 1588
f 1574 1411 1411
f 1583 1420 1581
f 1421 1420 1583
f 1585 1421 1583
f 1595 1596 1597
f 1596 1598 1597
f 1593 1594 1595
f 1594 1596 1595
f 1425 1592 1593
f 1592 1594 1593
f 1592 1424 1591
f 1425 1424 1592
f 1425 1425 1424
f 1423 1591 1424
f 1587 1591 1423
f 1587 1423 1422
f 1587 1587 1422
f 1587 1422 1585
f 1422 1421 1585
f 1586 1587 1585
f 1583 1584 1585
f 1584 1586 1585
f 1581 1582 1583
f 1404 1575 1566
f 1410 1411 1573
f 1411 1574 1573
f 1571 1572 1570
f 1409 1569 1570
f 1569 1571 1570
f 1569 1408 1565
f 1409 1408 1569
f 1409 1409 1408
f 1565 1408 1407
f 1565 1565 1407
f 1565 1407 1563
f 1407 1406 1563
f 1563 1406 1561
f 1406 1402 1561
f 1404 1410 1575
f 1598 1600 1599
f 1410 1573 1575
f 1409 1409 1409
f 1582 1584 1583
f 1579 1580 1581
f 1580 1582 1581
f 1577 1578 1579
f 1578 1580 1579
f 1414 1576 1577
f 1576 1578 1577
f 1576 1413 1572
f 1414 1413 1576
f 1414 1414 1413
f 1572 1413 1412
f 1572 1572 1412
f 1572 1412 1570
f 1412 1409 1570
f 1570 1409 1409
f 1566 1575 1568
f 1597 1598 1599
f 1600 1602 1601
f 1599 1600 1601
f 1617 1619 1623
f 1440 1617 1623
f 1440 1623 1441
f 1440 1439 1617
f 1617 1439 1615
f 1439 1438 1615
f 1615 1438 1613
f 1438 1437 1613
f 1613 1437 1611
f 1437 1436 1611
f 1611 1436 1609
f 1436 1435 1609
f 1609 1435 1607
f 1435 1434 1607
f 1607 1434 1605
f 1621 1621 1624
f 1434 1433 1605
f 1621 1624 1619
f 1621 1626 1625
f 1443 1441 1623
f 1622 1622 1622
f 1636 1427 1442
f 1622 1427 1636
f 1622 1622 1427
f 1634 1635 1633
f 1631 1632 1633
f 1632 1634 1633
f 1629 1630 1631
f 1630 1632 1631
f 1627 1628 1629
f 1628 1630 1629
f 1625 1626 1627
f 1626 1628 1627
f 1624 1621 1625
f 1619 1624 1623
f 1467 1686 1685
f 1605 1433 1603
f 1603 1432 1601
f 1616 1618 1617
f 1613 1614 1615
f 1614 1616 1615
f 1611 1612 1613
f 1612 1614 1613
f 1609 1610 1611
f 1610 1612 1611
f 1607 1608 1609
f 1608 1610 1609
f 1605 1606 1607
f 1606 1608 1607
f 1603 1604 1605
f 1604 1606 1605
f 1601 1602 1603
f 1602 1604 1603
f 1615 1616 1617
f 1433 1432 1603
f 1618 1620 1619
f 1620 1621 1619
f 1432 1431 1601
f 1601 1431 1599
f 1431 1430 1599
f 1599 1430 1597
f 1430 1429 1597
f 1597 1429 1595
f 1429 1428 1595
f 1595 1428 1593
f 1428 1425 1593
f 1593 1425 1425
f 1425 1425 1425
f 1622 1589 1416
f 1622 1622 1416
f 1622 1416 1426
f 1426 1427 1622
f 1617 1618 1619
f 1467 1468 1686
f 1468 1687 1686
f 1468 1678 1687
f 1522 1770 1521
f 1770 1520 1521
f 1521 1520 1520
f 1520 1769 1520
f 1520 1769 1519
f 1769 1768 1519
f 1522 1770 1522
f 1519 1768 1518
f 1518 1767 1517
f 1766 1513 1513
f 1766 1513 1517
f 1766 1517 1766
f 1766 1517 1767
f 1765 1759 1766
f 1768 1767 1518
f 1522 1522 1522
f 1523 1523 1523
f 1524 1523 1523
f 1776 1767 1777
f 1767 1768 1777
f 1766 1767 1776
f 1760 1775 1515
f 1775 1528 1515
f 1527 1528 1775
f 1774 1527 1775
f 1526 1527 1774
f 1773 1526 1774
f 1525 1526 1773
f 1772 1525 1773
f 1772 1773 1773
f 1772 1771 1525
f 1525 1771 1524
f 1771 1523 1524
f 1759 1513 1766
f 1764 1758 1765
f 1758 1759 1765
f 1763 1756 1764
f 1755 1510 1757
f 1757 1510 1756
f 1754 1743 1755
f 1743 1503 1755
f 1753 1741 1754
f 1741 1743 1754
f 1742 1741 1753
f 1733 1735 1752
f 1751 1732 1752
f 1732 1733 1752
f 1750 1731 1751
f 1731 1732 1751
f 1749 1495 1750
f 1495 1731 1750
f 1509 1749 1748
f 1755 1503 1510
f 1768 1769 1778
f 1755 1503 1503
f 1758 1756 1511
f 1756 1758 1764
f 1757 1756 1763
f 1744 1745 1762
f 1516 1762 1761
f 1505 1762 1516
f 1505 1744 1762
f 1514 1516 1761
f 1760 1514 1761
f 1514 1760 1515
f 1515 1760 1760
f 1513 1513 1513
f 1513 1759 1513
f 1513 1759 1512
f 1759 1758 1512
f 1512 1758 1511
f 1511 1756 1510
f 1777 1768 1778
f 1769 1520 1779
f 1778 1769 1779
f 1537 1797 1539
f 1805 1797 1537
f 1537 1538 1805
f 1538 1806 1805
f 1803 1804 1802
f 1800 1801 1802
f 1801 1803 1802
f 1798 1799 1800
f 1799 1801 1800
f 1795 1796 1798
f 1796 1799 1798
f 1797 1796 1795
f 1784 1785 1794
f 1793 1533 1794
f 1533 1784 1794
f 1795 1797 1797
f 1792 1532 1793
f 1795 1540 1797
f 1798 1540 1795
f 1548 1808 1809
f 1808 1810 1809
f 1808 1547 1807
f 1548 1547 1808
f 1548 1548 1547
f 1545 1807 1547
f 1804 1807 1545
f 1804 1545 1543
f 1804 1804 1543
f 1804 1543 1802
f 1543 1542 1802
f 1802 1542 1800
f 1542 1541 1800
f 1800 1541 1798
f 1541 1540 1798
f 1540 1539 1797
f 1495 1749 1509
f 1532 1533 1793
f 1531 1532 1792
f 1533 1532 1532
f 1532 1531 1532
f 1532 1531 1531
f 1531 1783 1531
f 1531 1783 1530
f 1783 1782 1530
f 1530 1782 1529
f 1781 1522 1522
f 1781 1522 1529
f 1781 1529 1781
f 1781 1529 1782
f 1780 1770 1781
f 1770 1522 1781
f 1779 1520 1780
f 1520 1770 1780
f 1533 1532 1533
f 1791 1531 1792
f 1534 1533 1533
f 1784 1785 1785
f 1790 1783 1791
f 1783 1531 1791
f 1789 1782 1790
f 1782 1783 1790
f 1781 1782 1789
f 1772 1773 1788
f 1787 1771 1788
f 1771 1772 1788
f 1786 1523 1787
f 1523 1771 1787
f 1535 1786 1785
f 1523 1786 1535
f 1523 1523 1786
f 1534 1535 1785
f 1784 1534 1785
f 1784 1533 1534
f 1809 1810 1811
f 1495 1495 1749
f 1747 1508 1748
f 1484 1475 1475
f 1484 1475 1708
f 1484 1708 1707
f 1707 1708 1709
f 1707 1706 1484
f 1484 1706 1483
f 1475 1693 1710
f 1706 1705 1483
f 1705 1481 1482
f 1482 1481 1481
f 1481 1481 1481
f 1480 1480 1480
f 1480 1704 1480
f 1480 1704 1479
f 1483 1705 1482
f 1708 1475 1710
f 1693 1694 1711
f 1710 1693 1711
f 1487 1486 1486
f 1486 1486 1486
f 1485 1485 1485
f 1485 1715 1480
f 1485 1485 1480
f 1485 1480 1480
f 1715 1704 1480
f 1714 1704 1715
f 1714 1714 1704
f 1713 1702 1714
f 1702 1704 1714
f 1703 1702 1713
f 1695 1696 1712
f 1711 1694 1712
f 1694 1695 1712
f 1704 1702 1479
f 1479 1702 1478
f 1701 1691 1474
f 1701 1474 1478
f 1477 1693 1476
f 1693 1475 1476
f 1476 1475 1475
f 1475 1475 1475
f 1470 1474 1470
f 1470 1474 1691
f 1691 1692 1470
f 1692 1683 1470
f 1680 1682 1690
f 1689 1679 1690
f 1679 1680 1690
f 1679 1688 1678
f 1689 1688 1679
f 1689 1689 1688
f 1678 1688 1687
f 1694 1693 1477
f 1716 1486 1487
f 1471 1694 1477
f 1471 1695 1694
f 1701 1478 1703
f 1703 1478 1702
f 1692 1691 1701
f 1688 1689 1700
f 1699 1687 1700
f 1687 1688 1700
f 1698 1686 1699
f 1686 1687 1699
f 1697 1685 1698
f 1685 1686 1698
f 1696 1684 1697
f 1684 1685 1697
f 1684 1695 1471
f 1696 1695 1684
f 1696 1696 1695
f 1471 1471 1694
f 1716 1717 1717
f 1716 1487 1717
f 1487 1488 1717
f 1738 1728 1739
f 1728 1730 1739
f 1729 1728 1738
f 1725 1726 1737
f 1500 1737 1736
f 1491 1737 1500
f 1491 1725 1737
f 1499 1500 1736
f 1734 1499 1736
f 1498 1499 1734
f 1733 1498 1734
f 1733 1734 1735
f 1733 1732 1498
f 1498 1732 1497
f 1732 1731 1497
f 1730 1494 1740
f 1497 1731 1496
f 1739 1730 1740
f 1740 1501 1742
f 1507 1508 1747
f 1746 1507 1747
f 1506 1507 1746
f 1745 1506 1746
f 1504 1506 1745
f 1744 1504 1745
f 1744 1745 1745
f 1504 1744 1505
f 1503 1503 1503
f 1503 1743 1503
f 1503 1743 1502
f 1743 1741 1502
f 1502 1741 1501
f 1740 1494 1494
f 1740 1494 1501
f 1742 1501 1741
f 1508 1509 1748
f 1731 1495 1496
f 1495 1495 1495
f 1723 1715 1724
f 1723 1723 1715
f 1714 1715 1723
f 1707 1709 1722
f 1721 1706 1722
f 1706 1707 1722
f 1720 1705 1721
f 1705 1706 1721
f 1719 1481 1720
f 1481 1705 1720
f 1489 1719 1718
f 1481 1719 1489
f 1481 1481 1719
f 1488 1489 1718
f 1717 1488 1718
f 1724 1715 1485
f 1496 1495 1495
f 1485 1490 1724
f 1725 1486 1486
f 1494 1494 1494
f 1494 1730 1494
f 1494 1730 1493
f 1730 1728 1493
f 1493 1728 1492
f 1727 1724 1490
f 1727 1490 1492
f 1727 1492 1729
f 1729 1492 1728
f 1723 1724 1727
f 1716 1717 1726
f 1716 1725 1486
f 1726 1725 1716
f 1726 1726 1725
f 1491 1486 1725
f 1485 1490 1485
f 1113 1127 1114
f 807 1125 1127
f 808 1125 807
f 205 186 186
f 186 410 409
f 392 186 409
f 392 409 408
f 391 392 408
f 391 408 407
f 205 411 186
f 390 391 407
f 389 390 406
f 406 388 389
f 405 388 406
f 405 405 388
f 404 387 405
f 387 388 405
f 390 407 406
f 411 410 186
f 206 411 205
f 412 411 206
f 393 418 417
f 204 393 417
f 222 204 417
f 417 204 204
f 211 211 211
f 211 416 211
f 211 416 210
f 416 415 210
f 210 415 209
f 415 414 209
f 209 414 208
f 414 413 208
f 208 413 207
f 413 412 207
f 207 412 206
f 403 386 404
f 386 387 404
f 385 386 403
f 401 402 400
f 186 186 186
f 186 392 186
f 186 392 185
f 392 391 185
f 185 391 184
f 391 390 161
f 184 391 161
f 184 161 161
f 161 390 389
f 375 161 389
f 375 389 388
f 374 375 388
f 374 388 387
f 373 374 387
f 373 387 386
f 204 204 204
f 393 394 418
f 183 204 204
f 376 393 204
f 382 400 399
f 383 400 382
f 383 401 400
f 382 399 398
f 381 382 398
f 381 398 397
f 380 381 397
f 380 397 396
f 379 380 396
f 379 396 395
f 378 379 395
f 378 395 394
f 377 378 394
f 377 394 393
f 376 377 393
f 183 376 204
f 372 373 386
f 394 419 418
f 395 420 419
f 230 229 229
f 229 443 229
f 229 443 228
f 443 442 228
f 228 442 227
f 442 441 227
f 444 229 230
f 227 441 226
f 226 440 225
f 440 439 225
f 225 439 224
f 439 438 224
f 224 438 223
f 438 437 211
f 441 440 226
f 231 444 230
f 445 444 231
f 232 445 231
f 422 451 421
f 452 451 422
f 452 452 451
f 421 451 450
f 420 421 450
f 420 450 449
f 419 420 449
f 419 449 448
f 418 419 448
f 418 448 447
f 417 418 447
f 417 447 446
f 222 417 446
f 222 446 232
f 446 445 232
f 223 438 211
f 223 211 211
f 211 437 436
f 416 211 436
f 426 406 427
f 406 407 427
f 405 406 426
f 400 402 425
f 400 424 399
f 425 424 400
f 425 425 424
f 399 424 423
f 398 399 423
f 398 423 422
f 397 398 422
f 397 422 421
f 396 397 421
f 396 421 420
f 395 396 420
f 427 427 407
f 394 395 419
f 427 407 428
f 408 409 428
f 416 436 435
f 415 416 435
f 415 435 434
f 414 415 434
f 414 434 433
f 413 414 433
f 413 433 432
f 412 413 432
f 412 432 431
f 411 412 431
f 411 431 430
f 410 411 430
f 410 430 429
f 409 410 429
f 409 429 428
f 428 407 408
f 386 371 372
f 385 371 386
f 385 385 371
f 110 346 332
f 110 332 87
f 332 345 344
f 331 332 344
f 331 344 343
f 330 331 343
f 346 345 332
f 343 328 330
f 342 342 328
f 329 328 342
f 340 341 339
f 337 338 339
f 338 340 339
f 336 327 337
f 342 328 343
f 111 346 110
f 111 346 111
f 111 111 111
f 341 351 350
f 339 349 348
f 337 339 348
f 337 348 347
f 336 337 347
f 336 347 136
f 335 336 136
f 334 335 136
f 135 334 136
f 135 136 136
f 135 133 334
f 334 133 333
f 133 109 333
f 333 109 109
f 109 109 109
f 327 338 337
f 325 336 335
f 327 336 325
f 327 327 336
f 315 317 328
f 328 329 315
f 329 316 315
f 326 327 325
f 323 324 325
f 324 326 325
f 321 322 323
f 322 324 323
f 312 321 320
f 314 321 312
f 314 322 321
f 312 320 319
f 310 312 319
f 310 319 85
f 309 310 85
f 317 330 328
f 341 350 339
f 317 318 330
f 318 62 331
f 325 335 334
f 323 325 334
f 323 334 333
f 321 323 333
f 321 333 109
f 320 321 109
f 319 320 109
f 108 319 109
f 108 109 109
f 108 85 319
f 319 85 85
f 85 85 85
f 62 87 62
f 62 87 332
f 62 332 331
f 318 331 330
f 339 350 349
f 351 353 352
f 350 351 352
f 160 376 183
f 160 160 160
f 161 161 161
f 161 375 138
f 161 161 138
f 161 138 138
f 138 375 374
f 360 138 374
f 360 374 373
f 359 360 373
f 359 373 372
f 358 359 372
f 358 372 371
f 357 358 371
f 357 371 369
f 160 160 376
f 356 357 369
f 160 361 376
f 362 377 376
f 384 369 385
f 369 371 385
f 370 369 384
f 368 383 382
f 366 382 381
f 368 382 366
f 368 368 382
f 366 381 380
f 365 366 380
f 365 380 379
f 364 365 379
f 364 379 378
f 363 364 378
f 363 378 377
f 362 363 377
f 361 362 376
f 422 423 453
f 369 370 356
f 367 368 366
f 138 360 137
f 360 359 111
f 137 360 111
f 137 111 111
f 111 359 358
f 346 111 358
f 346 358 357
f 345 346 357
f 345 357 356
f 344 345 356
f 356 343 344
f 355 343 356
f 355 355 343
f 342 343 355
f 353 354 352
f 138 360 138
f 370 355 356
f 138 138 138
f 136 160 160
f 365 354 366
f 354 367 366
f 352 365 364
f 354 365 352
f 354 354 365
f 352 364 363
f 350 352 363
f 350 363 362
f 349 350 362
f 349 362 361
f 348 349 361
f 348 361 160
f 347 348 160
f 136 347 160
f 136 136 160
f 136 136 136
f 452 422 453
f 423 424 454
f 453 423 454
f 276 554 277
f 276 262 545
f 545 262 262
f 262 262 262
f 235 235 235
f 235 264 235
f 276 545 554
f 235 264 542
f 544 265 553
f 544 542 265
f 542 264 265
f 550 551 553
f 551 544 553
f 552 551 550
f 544 553 544
f 545 547 554
f 549 549 555
f 549 555 547
f 554 285 277
f 265 279 553
f 553 279 279
f 553 279 564
f 550 553 564
f 561 550 564
f 562 550 561
f 562 552 550
f 563 562 561
f 559 560 558
f 556 557 558
f 557 559 558
f 555 549 556
f 549 557 556
f 547 555 554
f 548 549 547
f 545 546 547
f 546 548 547
f 539 545 262
f 247 245 524
f 524 245 522
f 245 243 522
f 522 243 520
f 243 241 520
f 520 241 518
f 241 239 518
f 518 239 516
f 239 237 516
f 516 237 514
f 237 234 514
f 514 234 511
f 513 235 513
f 513 235 235
f 513 511 235
f 526 247 524
f 555 285 554
f 249 247 526
f 251 249 251
f 541 545 539
f 541 546 545
f 537 539 262
f 261 537 262
f 261 262 262
f 261 259 537
f 537 259 535
f 259 257 535
f 535 257 533
f 257 255 533
f 533 255 531
f 255 253 531
f 531 253 529
f 253 251 529
f 529 251 251
f 251 249 526
f 287 285 555
f 556 287 555
f 289 287 556
f 578 586 585
f 577 584 583
f 578 584 577
f 578 578 584
f 576 577 583
f 313 576 583
f 313 583 314
f 313 311 576
f 576 311 575
f 311 301 575
f 575 301 301
f 301 301 301
f 292 303 574
f 574 303 582
f 574 582 581
f 584 578 585
f 573 574 581
f 586 588 587
f 588 590 589
f 583 322 314
f 303 316 582
f 582 316 599
f 582 599 598
f 581 582 598
f 581 598 596
f 579 581 596
f 596 597 579
f 597 580 579
f 594 595 593
f 591 592 593
f 592 594 593
f 589 590 591
f 590 592 591
f 587 588 589
f 585 586 587
f 511 234 235
f 573 581 579
f 579 580 571
f 571 561 573
f 563 561 571
f 563 563 561
f 572 563 571
f 569 570 568
f 566 567 568
f 567 569 568
f 565 560 566
f 560 567 566
f 558 565 290
f 560 565 558
f 560 560 565
f 556 558 290
f 289 556 290
f 289 290 290
f 561 564 573
f 571 573 579
f 564 574 573
f 292 574 279
f 580 572 571
f 570 578 577
f 568 577 576
f 570 577 568
f 570 570 577
f 568 576 575
f 566 568 575
f 566 575 301
f 565 566 301
f 290 565 301
f 290 290 301
f 290 301 301
f 290 290 290
f 279 279 279
f 574 564 279
f 292 279 279
f 308 309 85
f 542 543 235
f 544 543 542
f 479 450 480
f 450 451 480
f 478 449 479
f 449 450 479
f 449 477 448
f 478 477 449
f 451 452 480
f 478 478 477
f 447 448 476
f 447 476 475
f 446 447 475
f 446 475 474
f 445 446 474
f 445 474 473
f 448 477 476
f 460 459 481
f 459 461 482
f 481 459 482
f 489 467 468
f 488 467 489
f 488 488 467
f 487 466 488
f 466 467 488
f 486 465 487
f 465 466 487
f 485 464 486
f 464 465 486
f 484 463 485
f 463 464 485
f 483 462 484
f 462 463 484
f 482 461 483
f 461 462 483
f 444 445 473
f 444 473 472
f 229 444 472
f 229 472 471
f 434 462 461
f 433 434 461
f 433 461 459
f 432 433 459
f 459 431 432
f 460 431 459
f 460 458 431
f 457 430 458
f 430 431 458
f 456 429 457
f 429 430 457
f 455 428 456
f 428 429 456
f 427 428 455
f 424 425 454
f 434 435 462
f 468 469 489
f 435 463 462
f 436 464 463
f 443 229 471
f 443 471 470
f 442 443 470
f 442 470 469
f 441 442 469
f 441 469 468
f 440 441 468
f 440 468 467
f 439 440 467
f 439 467 466
f 438 439 466
f 438 466 465
f 437 438 465
f 437 465 464
f 436 437 464
f 435 436 463
f 469 490 489
f 469 470 490
f 470 491 490
f 520 521 522
f 521 523 522
f 518 519 520
f 519 521 520
f 516 517 518
f 517 519 518
f 514 515 516
f 515 517 516
f 511 512 514
f 512 515 514
f 513 512 511
f 502 503 510
f 509 501 510
f 501 502 510
f 508 500 509
f 523 525 524
f 500 501 509
f 522 523 524
f 524 525 526
f 540 541 539
f 537 538 539
f 538 540 539
f 535 536 537
f 536 538 537
f 533 534 535
f 534 536 535
f 531 532 533
f 532 534 533
f 529 530 531
f 530 532 531
f 251 528 529
f 528 530 529
f 526 527 251
f 527 528 251
f 525 527 526
f 543 513 235
f 499 500 508
f 506 496 507
f 477 497 476
f 498 497 477
f 498 498 497
f 476 497 496
f 475 476 496
f 475 496 495
f 474 475 495
f 474 495 494
f 473 474 494
f 473 494 493
f 472 473 493
f 472 493 492
f 471 472 492
f 471 492 491
f 470 471 491
f 477 478 498
f 497 498 507
f 488 489 499
f 499 489 500
f 496 497 507
f 505 495 506
f 495 496 506
f 504 494 505
f 494 495 505
f 503 493 504
f 493 494 504
f 493 502 492
f 503 502 493
f 503 503 502
f 492 502 501
f 491 492 501
f 491 501 500
f 490 491 500
f 500 489 490
f 499 499 489
f 584 322 583
f 84 308 85
f 84 82 308
f 102 125 124
f 101 102 124
f 101 124 123
f 100 101 123
f 100 123 122
f 99 100 122
f 102 103 125
f 99 122 121
f 98 121 120
f 97 98 120
f 97 120 119
f 96 97 119
f 96 119 118
f 95 96 118
f 98 99 121
f 103 126 125
f 103 104 126
f 104 127 126
f 111 112 137
f 135 136 134
f 132 133 134
f 133 135 134
f 131 109 132
f 109 133 132
f 107 131 130
f 109 131 107
f 109 109 131
f 107 130 129
f 106 107 129
f 106 129 128
f 105 106 128
f 105 128 127
f 104 105 127
f 95 118 117
f 94 95 117
f 94 117 116
f 93 94 116
f 85 85 106
f 83 105 104
f 81 83 104
f 81 104 103
f 79 81 103
f 79 103 102
f 78 79 102
f 78 102 101
f 77 78 101
f 77 101 100
f 76 77 100
f 76 100 99
f 75 76 99
f 75 99 98
f 74 75 98
f 85 106 83
f 112 113 138
f 83 106 105
f 106 85 107
f 93 116 115
f 92 93 115
f 92 115 114
f 91 92 114
f 91 114 113
f 90 91 113
f 90 113 112
f 89 90 112
f 112 88 89
f 111 88 112
f 111 111 88
f 110 86 111
f 86 88 111
f 87 86 110
f 108 109 107
f 85 108 107
f 74 98 97
f 137 112 138
f 138 113 139
f 142 143 164
f 142 164 163
f 141 142 163
f 141 163 162
f 140 141 162
f 162 139 140
f 143 165 164
f 161 139 162
f 138 139 161
f 136 160 159
f 134 159 158
f 136 159 134
f 136 136 159
f 134 158 157
f 161 161 139
f 143 144 165
f 144 166 165
f 144 145 166
f 152 174 173
f 151 152 173
f 151 173 172
f 150 151 172
f 150 172 171
f 149 150 171
f 149 171 170
f 148 149 170
f 148 170 169
f 147 148 169
f 147 169 168
f 146 147 168
f 146 168 167
f 145 146 167
f 145 167 166
f 132 134 157
f 132 157 156
f 131 132 156
f 131 156 155
f 121 146 145
f 120 121 145
f 120 145 144
f 119 120 144
f 119 144 143
f 118 119 143
f 118 143 142
f 117 118 142
f 117 142 141
f 116 117 141
f 116 141 140
f 115 116 140
f 115 140 139
f 114 115 139
f 139 113 114
f 121 122 146
f 138 138 113
f 122 147 146
f 123 148 147
f 130 131 155
f 130 155 154
f 129 130 154
f 129 154 153
f 128 129 153
f 128 153 152
f 127 128 152
f 127 152 151
f 126 127 151
f 126 151 150
f 125 126 150
f 125 150 149
f 124 125 149
f 124 149 148
f 123 124 148
f 122 123 147
f 73 74 97
f 73 97 96
f 72 73 96
f 41 25 40
f 41 26 25
f 42 41 40
f 24 39 38
f 22 38 37
f 24 38 22
f 40 25 43
f 24 24 38
f 20 22 36
f 20 36 35
f 18 20 35
f 18 35 34
f 16 18 34
f 16 34 33
f 22 37 36
f 25 27 43
f 27 44 43
f 27 28 44
f 35 52 51
f 34 35 51
f 34 51 50
f 33 34 50
f 33 50 49
f 32 33 49
f 32 49 48
f 31 32 48
f 31 48 47
f 30 31 47
f 30 47 46
f 29 30 46
f 29 46 45
f 28 29 45
f 28 45 44
f 14 16 33
f 14 33 32
f 12 14 32
f 12 32 31
f 17 19 18
f 14 15 16
f 15 17 16
f 12 13 14
f 13 15 14
f 10 11 12
f 11 13 12
f 8 9 10
f 9 11 10
f 6 7 8
f 7 9 8
f 4 5 6
f 5 7 6
f 1 2 4
f 2 5 4
f 16 17 18
f 35 36 52
f 19 21 20
f 21 23 22
f 10 12 31
f 10 31 30
f 8 10 30
f 8 30 29
f 6 8 29
f 6 29 28
f 4 6 28
f 4 28 27
f 1 4 27
f 25 1 27
f 3 1 25
f 3 3 1
f 26 3 25
f 23 24 22
f 20 21 22
f 18 19 20
f 36 53 52
f 36 37 53
f 37 54 53
f 87 62 63
f 84 85 83
f 81 82 83
f 82 84 83
f 79 80 81
f 80 82 81
f 59 79 78
f 61 79 59
f 61 80 79
f 59 78 77
f 57 59 77
f 57 77 76
f 56 57 76
f 56 76 75
f 55 56 75
f 86 87 63
f 55 75 74
f 63 64 86
f 64 65 88
f 72 96 95
f 71 72 95
f 71 95 94
f 70 71 94
f 70 94 93
f 69 70 93
f 69 93 92
f 68 69 92
f 68 92 91
f 67 68 91
f 67 91 90
f 66 67 90
f 66 90 89
f 65 66 89
f 65 89 88
f 64 88 86
f 152 153 174
f 54 55 74
f 53 54 73
f 43 44 63
f 63 40 43
f 62 40 63
f 62 62 40
f 42 40 62
f 60 61 59
f 57 58 59
f 58 60 59
f 56 39 57
f 39 58 57
f 38 56 55
f 39 56 38
f 39 39 56
f 38 55 54
f 37 38 54
f 44 64 63
f 54 74 73
f 44 45 64
f 45 46 65
f 53 73 72
f 52 53 72
f 52 72 71
f 51 52 71
f 51 71 70
f 50 51 70
f 50 70 69
f 49 50 69
f 49 69 68
f 48 49 68
f 48 68 67
f 47 48 67
f 47 67 66
f 46 47 66
f 46 66 65
f 45 65 64
f 153 175 174
f 153 154 175
f 154 176 175
f 15 13 15
f 15 13 13
f 13 11 13
f 13 11 11
f 11 9 11
f 11 9 9
f 17 15 15
f 9 7 9
f 7 5 7
f 7 5 5
f 5 2 5
f 5 2 269
f 3 268 269
f 3 3 269
f 9 7 7
f 17 15 17
f 270 17 17
f 19 17 270
f 285 287 286
f 275 284 283
f 277 284 275
f 277 285 284
f 275 283 282
f 274 275 282
f 274 282 24
f 273 274 24
f 272 273 24
f 23 272 24
f 23 24 24
f 23 21 272
f 272 21 271
f 21 19 271
f 271 19 270
f 3 269 2
f 268 3 281
f 267 268 281
f 267 281 280
f 252 17 15
f 250 252 15
f 250 15 13
f 248 250 13
f 248 13 11
f 246 248 11
f 246 11 9
f 244 246 9
f 244 9 7
f 242 244 7
f 242 7 5
f 240 242 5
f 240 5 269
f 238 240 269
f 238 269 268
f 252 254 17
f 284 285 286
f 254 270 17
f 256 271 270
f 266 267 280
f 266 280 278
f 263 266 278
f 278 279 263
f 279 265 263
f 276 277 275
f 274 262 275
f 262 276 275
f 260 274 273
f 262 274 260
f 262 262 274
f 260 273 272
f 258 260 272
f 258 272 271
f 256 258 271
f 254 256 270
f 287 289 288
f 286 287 288
f 289 290 288
f 300 309 308
f 301 309 300
f 301 301 309
f 300 308 307
f 299 300 307
f 299 307 306
f 298 299 306
f 297 298 306
f 60 297 306
f 60 306 61
f 60 58 297
f 297 58 296
f 58 39 296
f 296 39 39
f 39 39 39
f 301 311 310
f 295 26 41
f 309 301 310
f 310 311 312
f 308 82 307
f 82 80 307
f 307 80 306
f 306 80 61
f 62 62 62
f 62 318 305
f 62 62 305
f 62 305 42
f 305 318 317
f 304 305 317
f 304 317 315
f 302 304 315
f 315 316 302
f 316 303 302
f 313 314 312
f 311 313 312
f 236 238 268
f 305 294 295
f 42 295 41
f 24 24 39
f 24 39 39
f 24 24 24
f 3 3 3
f 295 281 3
f 26 295 3
f 26 3 3
f 281 295 294
f 280 281 294
f 280 294 293
f 278 280 293
f 291 278 293
f 279 278 291
f 279 279 278
f 292 279 291
f 24 282 39
f 42 305 295
f 282 283 39
f 283 284 296
f 294 305 304
f 293 294 304
f 293 304 302
f 291 293 302
f 302 303 291
f 303 292 291
f 290 301 300
f 288 300 299
f 290 300 288
f 290 290 300
f 288 299 298
f 286 288 298
f 286 298 297
f 284 286 297
f 284 297 296
f 283 296 39
f 84 85 85
f 236 268 267
f 266 233 267
f 180 202 201
f 179 180 201
f 179 201 200
f 178 179 200
f 178 200 199
f 177 178 199
f 180 181 202
f 177 199 198
f 176 198 197
f 175 176 197
f 175 197 196
f 174 175 196
f 174 196 195
f 173 174 195
f 176 177 198
f 181 203 202
f 204 204 203
f 204 203 182
f 210 192 211
f 192 193 211
f 209 191 210
f 191 192 210
f 208 190 209
f 190 191 209
f 207 189 208
f 189 190 208
f 206 188 207
f 188 189 207
f 205 187 206
f 187 188 206
f 186 187 205
f 182 183 204
f 182 203 181
f 173 195 194
f 172 173 194
f 172 194 193
f 171 172 193
f 161 162 184
f 160 183 182
f 159 182 181
f 160 182 159
f 160 160 182
f 159 181 180
f 158 159 180
f 158 180 179
f 157 158 179
f 157 179 178
f 156 157 178
f 156 178 177
f 155 156 177
f 155 177 176
f 154 155 176
f 162 163 185
f 211 211 193
f 184 162 185
f 185 163 186
f 171 193 192
f 170 171 192
f 170 192 191
f 169 170 191
f 169 191 190
f 168 169 190
f 168 190 189
f 167 168 189
f 167 189 188
f 166 167 188
f 166 188 187
f 165 166 187
f 187 164 165
f 186 164 187
f 186 186 164
f 163 164 186
f 211 193 212
f 212 193 194
f 194 195 212
f 247 249 248
f 244 245 246
f 245 247 246
f 242 243 244
f 243 245 244
f 240 241 242
f 241 243 242
f 238 239 240
f 239 241 240
f 236 237 238
f 237 239 238
f 233 234 236
f 234 237 236
f 235 234 233
f 221 222 232
f 246 247 248
f 231 220 232
f 249 251 250
f 251 253 252
f 235 233 266
f 235 235 233
f 263 264 266
f 264 235 266
f 265 264 263
f 261 262 260
f 258 259 260
f 259 261 260
f 256 257 258
f 257 259 258
f 254 255 256
f 255 257 256
f 252 253 254
f 253 255 254
f 250 251 252
f 248 249 250
f 233 236 267
f 220 221 232
f 219 220 231
f 202 220 219
f 201 202 219
f 201 219 218
f 200 201 218
f 200 218 217
f 199 200 217
f 199 217 216
f 198 199 216
f 198 216 215
f 197 198 215
f 197 215 214
f 196 197 214
f 196 214 213
f 195 196 213
f 195 213 212
f 202 203 220
f 230 219 231
f 203 221 220
f 203 204 221
f 229 218 230
f 218 219 230
f 228 217 229
f 217 218 229
f 227 216 228
f 216 217 228
f 226 215 227
f 215 216 227
f 225 214 226
f 214 215 226
f 224 213 225
f 213 214 225
f 223 212 224
f 212 213 224
f 211 212 223
f 204 222 221
f 324 322 584
f 585 324 584
f 326 324 585
f 956 956 945
f 946 945 956
f 944 955 954
f 942 954 953
f 944 954 942
f 944 944 954
f 956 945 957
f 942 953 952
f 941 952 951
f 940 941 951
f 940 951 950
f 939 940 950
f 939 950 949
f 938 939 949
f 941 942 952
f 957 945 947
f 663 947 650
f 663 663 947
f 952 953 962
f 952 962 961
f 951 952 961
f 951 961 960
f 950 951 960
f 950 960 959
f 949 950 959
f 949 959 958
f 948 949 958
f 948 958 675
f 662 948 675
f 662 675 675
f 675 675 675
f 663 663 663
f 663 957 947
f 938 949 948
f 937 938 948
f 648 937 948
f 648 648 948
f 928 929 937
f 928 937 648
f 927 928 648
f 926 927 648
f 647 926 648
f 647 648 648
f 647 633 926
f 926 633 633
f 633 633 633
f 634 634 634
f 634 936 612
f 634 634 612
f 634 612 612
f 936 924 612
f 935 924 936
f 929 938 937
f 953 963 962
f 929 930 938
f 930 932 939
f 648 948 662
f 648 648 648
f 634 650 634
f 634 650 947
f 634 947 945
f 936 634 945
f 945 946 936
f 946 935 936
f 943 944 942
f 941 934 942
f 934 943 942
f 932 941 940
f 934 941 932
f 934 934 941
f 932 940 939
f 930 939 938
f 935 935 924
f 964 964 963
f 954 963 953
f 972 985 971
f 986 985 972
f 986 986 985
f 971 985 984
f 970 971 984
f 970 984 983
f 972 973 987
f 969 970 983
f 968 969 982
f 968 982 981
f 967 968 981
f 967 981 980
f 687 967 980
f 687 980 700
f 969 983 982
f 986 972 987
f 973 975 987
f 978 977 988
f 699 993 714
f 993 713 714
f 714 713 713
f 713 713 713
f 702 704 992
f 992 991 702
f 702 991 701
f 991 990 690
f 701 991 690
f 701 690 690
f 990 979 690
f 989 979 990
f 989 989 979
f 988 977 989
f 977 979 989
f 980 699 700
f 700 699 699
f 699 699 699
f 690 690 690
f 958 970 969
f 675 958 969
f 675 969 968
f 675 675 968
f 675 968 688
f 968 967 688
f 688 967 686
f 686 967 687
f 663 677 663
f 663 677 966
f 966 957 663
f 965 957 966
f 965 965 957
f 956 957 965
f 954 955 964
f 958 959 970
f 964 963 954
f 959 971 970
f 960 972 971
f 690 979 690
f 690 979 689
f 979 977 966
f 689 979 966
f 689 966 677
f 977 978 966
f 978 965 966
f 963 964 976
f 974 962 976
f 962 963 976
f 962 973 961
f 974 973 962
f 974 975 973
f 961 973 972
f 960 961 972
f 959 960 971
f 925 924 935
f 933 934 932
f 930 931 932
f 594 878 887
f 594 887 595
f 594 592 878
f 878 592 877
f 592 590 877
f 877 590 876
f 878 880 887
f 590 588 876
f 588 586 875
f 875 586 874
f 586 578 874
f 874 578 578
f 578 578 578
f 572 580 872
f 876 588 875
f 880 882 887
f 882 888 887
f 884 884 889
f 901 903 902
f 898 899 900
f 899 901 900
f 896 897 898
f 897 899 898
f 894 895 896
f 895 897 896
f 892 893 894
f 893 895 894
f 890 891 892
f 891 893 892
f 889 884 890
f 884 891 890
f 882 889 888
f 884 889 882
f 872 580 885
f 885 886 872
f 886 873 872
f 883 884 882
f 563 563 563
f 872 861 563
f 572 872 563
f 572 563 563
f 872 873 861
f 873 863 861
f 870 871 869
f 867 868 869
f 868 870 869
f 865 866 867
f 866 868 867
f 864 860 865
f 860 866 865
f 858 864 570
f 860 864 858
f 570 570 570
f 900 901 902
f 570 578 578
f 570 864 578
f 880 881 882
f 881 883 882
f 878 879 880
f 879 881 880
f 877 871 878
f 871 879 878
f 869 877 876
f 871 877 869
f 871 871 877
f 869 876 875
f 867 869 875
f 867 875 874
f 865 867 874
f 865 874 578
f 864 865 578
f 570 570 578
f 903 905 904
f 902 903 904
f 905 907 906
f 628 626 914
f 914 626 913
f 626 624 913
f 913 624 912
f 624 622 912
f 912 622 911
f 622 611 911
f 911 611 611
f 611 611 611
f 612 612 612
f 612 924 909
f 612 612 909
f 612 909 597
f 924 925 909
f 925 910 909
f 915 628 914
f 922 923 921
f 630 628 915
f 632 630 916
f 931 933 932
f 929 923 930
f 923 931 930
f 921 929 928
f 923 929 921
f 923 923 929
f 921 928 927
f 919 921 927
f 919 927 926
f 918 919 926
f 918 926 633
f 917 918 633
f 916 917 633
f 632 916 633
f 632 633 633
f 916 630 915
f 699 699 993
f 919 920 921
f 918 908 919
f 610 890 611
f 610 611 611
f 610 608 890
f 890 608 889
f 608 606 889
f 889 606 888
f 606 604 888
f 888 604 887
f 887 604 595
f 580 597 885
f 885 597 909
f 909 910 885
f 910 886 885
f 907 908 906
f 904 905 906
f 890 892 611
f 920 922 921
f 892 894 611
f 894 896 911
f 908 920 919
f 906 918 917
f 908 918 906
f 908 908 918
f 906 917 916
f 904 906 916
f 904 916 915
f 902 904 915
f 902 915 914
f 900 902 914
f 900 914 913
f 898 900 913
f 898 913 912
f 896 898 912
f 896 912 911
f 894 911 611
f 699 994 993
f 699 980 994
f 980 995 994
f 1074 1058 1075
f 1058 1059 1075
f 1073 1057 1074
f 1057 1058 1074
f 1056 1057 1073
f 1048 1049 1072
f 1059 1060 1076
f 1070 783 1072
f 797 783 783
f 797 783 1070
f 797 1070 1069
f 1069 1070 1071
f 1069 1068 797
f 797 1068 796
f 783 1048 1072
f 1075 1059 1076
f 1060 1061 1077
f 1076 1060 1077
f 1084 1083 792
f 1084 1084 1083
f 791 1083 1082
f 790 791 1082
f 790 1082 1081
f 789 790 1081
f 789 1081 1080
f 1064 789 1080
f 1064 1080 1079
f 1063 1064 1079
f 1079 1062 1063
f 1078 1062 1079
f 1078 1078 1062
f 1077 1061 1078
f 1061 1062 1078
f 1068 1067 796
f 796 1067 795
f 1067 1066 795
f 795 1066 794
f 785 1061 769
f 785 769 769
f 769 1060 1059
f 768 769 1059
f 768 1059 1058
f 1047 768 1058
f 1047 1058 1057
f 1046 1047 1057
f 1057 1045 1046
f 1056 1045 1057
f 1056 1056 1045
f 1055 1044 1056
f 1044 1045 1056
f 1054 1043 1055
f 1043 1044 1055
f 1061 1060 769
f 792 1083 791
f 786 1061 785
f 787 1062 786
f 1066 1065 794
f 794 1065 793
f 1065 792 793
f 793 792 792
f 792 791 792
f 792 791 791
f 791 790 791
f 791 790 790
f 790 789 790
f 790 789 789
f 789 1064 789
f 789 1064 788
f 1064 1063 788
f 788 1063 787
f 1063 1062 787
f 1062 1061 786
f 792 1065 1085
f 1084 792 1085
f 1065 1066 1086
f 804 803 803
f 1105 804 801
f 1103 1105 801
f 799 1103 801
f 799 799 801
f 799 801 801
f 800 1100 799
f 800 800 799
f 800 799 799
f 1100 800 814
f 1098 1100 814
f 1098 814 1115
f 1095 1098 1115
f 1113 1095 1115
f 1097 1095 1113
f 804 804 803
f 1097 1097 1095
f 804 1105 803
f 803 803 805
f 808 1124 1125
f 1126 1125 1124
f 1122 1123 1121
f 1119 1120 1121
f 1120 1122 1121
f 1117 1118 1119
f 1118 1120 1119
f 1116 1112 1117
f 1112 1118 1117
f 1110 1116 821
f 1112 1116 1110
f 1112 1112 1116
f 1110 821 805
f 1108 1110 805
f 803 1108 805
f 803 805 805
f 1053 1042 1054
f 1114 1097 1113
f 1108 1109 1110
f 1092 1081 1093
f 1081 1082 1093
f 1091 1080 1092
f 1080 1081 1092
f 1090 1079 1091
f 1079 1080 1091
f 1078 1079 1090
f 1069 1071 1089
f 1088 1068 1089
f 1068 1069 1089
f 1087 1067 1088
f 1067 1068 1088
f 1086 1066 1087
f 1066 1067 1087
f 1085 1065 1086
f 1082 1083 1094
f 1111 1112 1110
f 1093 1082 1094
f 1097 1096 1095
f 1109 1111 1110
f 803 1107 1108
f 1107 1109 1108
f 1105 1106 803
f 1106 1107 803
f 1103 1104 1105
f 1104 1106 1105
f 799 1102 1103
f 1102 1104 1103
f 1100 1101 799
f 1101 1102 799
f 1098 1099 1100
f 1099 1101 1100
f 1095 1096 1098
f 1096 1099 1098
f 1083 1084 1094
f 860 860 864
f 1042 1043 1054
f 1038 1039 1052
f 1017 1017 1005
f 1016 1004 1017
f 1004 1005 1017
f 1015 1003 1016
f 1003 1004 1016
f 1002 1003 1015
f 1017 1005 1018
f 997 998 1014
f 996 997 1014
f 1012 995 1013
f 995 996 1013
f 995 1011 994
f 1012 1011 995
f 1012 1012 1011
f 1013 996 1014
f 1018 1005 1006
f 733 1006 719
f 733 1019 1006
f 1024 1023 751
f 751 1023 750
f 1023 1022 750
f 750 1022 749
f 1022 748 749
f 749 748 748
f 748 748 748
f 736 736 736
f 736 1021 736
f 736 1021 735
f 1021 1020 735
f 735 1020 734
f 1020 1019 734
f 734 1019 733
f 1019 1018 1006
f 994 1011 1010
f 993 994 1010
f 993 1010 1009
f 713 993 1009
f 1001 990 1002
f 990 991 1002
f 989 990 1001
f 985 986 1000
f 999 984 1000
f 984 985 1000
f 998 983 999
f 983 984 999
f 983 997 982
f 998 997 983
f 998 998 997
f 982 997 996
f 981 982 996
f 981 996 995
f 980 981 995
f 1002 1002 991
f 1024 1025 1025
f 1002 991 1003
f 715 992 704
f 713 1009 1008
f 713 713 1008
f 713 1008 732
f 1008 1007 732
f 732 1007 731
f 1007 730 731
f 731 730 730
f 730 730 730
f 717 719 1006
f 1006 1005 717
f 717 1005 716
f 1005 1004 716
f 716 1004 715
f 1004 1003 992
f 715 1004 992
f 1003 991 992
f 751 1025 1024
f 751 730 1025
f 751 730 730
f 767 1046 766
f 1046 1045 766
f 766 1045 765
f 1045 1044 752
f 765 1045 752
f 765 752 752
f 752 1044 1043
f 1035 752 1043
f 1035 1043 1042
f 1034 1035 1042
f 1042 1033 1034
f 1041 1033 1042
f 1041 1041 1033
f 1040 1032 1041
f 1032 1033 1041
f 1047 1046 767
f 1031 1032 1040
f 768 1047 767
f 769 768 768
f 1051 1037 1052
f 1037 1038 1052
f 1050 1036 1051
f 1036 1037 1051
f 1049 764 1050
f 764 1036 1050
f 784 764 764
f 784 764 1049
f 784 1049 1048
f 1048 1049 1049
f 1048 783 784
f 784 783 783
f 783 783 783
f 769 769 769
f 769 768 769
f 768 1047 768
f 1041 1042 1053
f 1024 1025 1039
f 1039 1038 1024
f 1032 1018 1019
f 1031 1018 1032
f 1031 1031 1018
f 1017 1018 1031
f 1011 1012 1030
f 1029 1010 1030
f 1010 1011 1030
f 1028 1009 1029
f 1009 1010 1029
f 1027 1008 1028
f 1008 1009 1028
f 1026 1007 1027
f 1007 1008 1027
f 1025 730 1026
f 730 1007 1026
f 1019 1020 1032
f 1024 1038 1023
f 1020 1033 1032
f 1021 1034 1033
f 1039 1039 1038
f 1023 1038 1037
f 1022 1023 1037
f 1022 1037 1036
f 748 1022 1036
f 748 1036 764
f 748 748 764
f 748 764 764
f 764 764 764
f 752 752 752
f 752 1035 736
f 752 752 736
f 752 736 736
f 736 1035 1034
f 1021 736 1034
f 1020 1021 1033
f 856 858 570
f 569 856 570
f 569 570 570
f 385 692 691
f 679 385 691
f 691 678 679
f 690 678 691
f 690 690 678
f 689 676 690
f 403 385 385
f 676 678 690
f 674 675 688
f 686 673 688
f 673 674 688
f 673 685 672
f 686 685 673
f 686 687 685
f 677 676 689
f 403 693 385
f 693 692 385
f 404 693 403
f 699 699 698
f 683 698 697
f 682 683 697
f 682 697 696
f 681 682 696
f 681 696 695
f 680 681 695
f 680 695 425
f 402 680 425
f 402 425 425
f 425 425 425
f 405 405 405
f 405 694 405
f 405 694 404
f 694 693 404
f 672 685 684
f 671 672 684
f 671 684 683
f 670 671 683
f 677 663 664
f 661 662 675
f 661 674 660
f 675 674 661
f 675 675 674
f 660 674 673
f 659 660 673
f 659 673 672
f 658 659 672
f 658 672 671
f 657 658 671
f 657 671 670
f 656 657 670
f 656 670 669
f 655 656 669
f 676 677 664
f 699 698 684
f 664 665 676
f 384 665 370
f 670 683 682
f 669 670 682
f 669 682 681
f 668 669 681
f 668 681 680
f 667 668 680
f 666 667 680
f 401 666 680
f 401 680 402
f 666 401 383
f 385 385 385
f 385 679 385
f 385 679 384
f 679 678 665
f 384 679 665
f 665 678 676
f 684 698 683
f 684 685 700
f 699 684 700
f 458 723 457
f 723 722 457
f 457 722 456
f 722 721 456
f 456 721 455
f 721 720 427
f 455 721 427
f 455 427 427
f 427 720 718
f 707 427 718
f 718 706 707
f 719 706 718
f 719 717 706
f 716 705 717
f 705 706 717
f 724 723 458
f 715 703 716
f 458 460 724
f 479 478 478
f 730 710 731
f 710 711 731
f 710 729 709
f 730 729 710
f 730 730 729
f 709 729 728
f 708 709 728
f 708 728 727
f 452 708 727
f 452 727 726
f 452 452 726
f 452 726 480
f 726 725 480
f 480 725 479
f 725 478 479
f 478 478 478
f 655 669 668
f 703 705 716
f 698 699 714
f 427 707 426
f 707 706 405
f 426 707 405
f 426 405 405
f 405 706 705
f 694 405 705
f 694 705 703
f 693 694 703
f 703 692 693
f 704 692 703
f 704 702 692
f 701 691 702
f 691 692 702
f 690 691 701
f 685 687 700
f 427 707 427
f 704 703 715
f 427 427 427
f 453 452 452
f 713 697 714
f 697 698 714
f 697 712 696
f 713 712 697
f 713 713 712
f 696 712 711
f 695 696 711
f 695 711 710
f 425 695 710
f 425 710 709
f 425 425 709
f 425 709 454
f 709 708 454
f 454 708 453
f 708 452 453
f 452 452 452
f 711 712 732
f 654 655 668
f 653 654 667
f 623 624 625
f 624 626 625
f 621 622 623
f 622 624 623
f 620 611 621
f 611 622 621
f 626 628 627
f 609 620 619
f 611 611 620
f 609 619 618
f 607 609 618
f 607 618 617
f 605 607 617
f 605 617 616
f 611 620 609
f 625 626 627
f 628 630 629
f 627 628 629
f 353 354 354
f 353 351 616
f 616 351 615
f 615 351 341
f 342 342 342
f 342 635 614
f 342 342 614
f 342 614 329
f 635 613 614
f 634 613 635
f 634 634 613
f 612 613 634
f 632 633 631
f 629 630 631
f 630 632 631
f 603 605 616
f 603 616 615
f 602 603 615
f 601 602 615
f 606 608 607
f 603 604 605
f 604 606 605
f 593 603 602
f 595 603 593
f 595 604 603
f 593 602 601
f 591 593 601
f 591 601 600
f 589 591 600
f 589 600 327
f 587 589 327
f 585 587 327
f 326 585 327
f 326 327 327
f 605 606 607
f 353 616 354
f 608 610 609
f 610 611 609
f 340 601 615
f 340 615 341
f 340 338 601
f 601 338 600
f 338 327 600
f 600 327 327
f 327 327 327
f 316 329 599
f 599 329 614
f 599 614 613
f 598 599 613
f 613 596 598
f 612 596 613
f 612 612 596
f 597 596 612
f 607 608 609
f 616 617 354
f 617 618 354
f 618 636 354
f 645 646 659
f 645 659 658
f 644 645 658
f 644 658 657
f 643 644 657
f 643 657 656
f 642 643 656
f 642 656 655
f 641 642 655
f 641 655 654
f 640 641 654
f 640 654 653
f 639 640 653
f 639 653 652
f 638 639 652
f 646 660 659
f 638 652 368
f 648 648 661
f 646 661 660
f 653 667 666
f 652 653 666
f 368 652 666
f 368 368 666
f 368 666 383
f 368 368 368
f 355 370 355
f 355 370 665
f 355 665 664
f 651 355 664
f 664 649 651
f 663 649 664
f 663 663 649
f 650 649 663
f 648 662 661
f 648 661 646
f 654 668 667
f 637 638 368
f 367 636 368
f 629 631 643
f 629 643 642
f 627 629 642
f 627 642 641
f 625 627 641
f 625 641 640
f 623 625 640
f 623 640 639
f 621 623 639
f 621 639 638
f 620 621 638
f 620 638 637
f 619 620 637
f 619 637 636
f 618 619 636
f 631 644 643
f 636 637 368
f 633 633 645
f 631 645 644
f 367 368 368
f 367 354 636
f 636 354 354
f 354 354 354
f 355 355 355
f 355 651 342
f 355 355 342
f 355 342 342
f 342 651 649
f 635 342 649
f 649 650 635
f 650 634 635
f 647 648 646
f 645 633 646
f 633 647 646
f 633 645 631
f 1766 2064 1765
f 731 711 732
f 719 718 733
f 809 512 806
f 808 513 834
f 808 513 513
f 808 806 513
f 806 512 513
f 831 832 513
f 515 512 809
f 832 834 513
f 829 830 828
f 826 827 828
f 827 829 828
f 824 825 826
f 825 827 826
f 822 823 824
f 833 832 831
f 811 515 809
f 517 515 811
f 813 517 811
f 532 530 820
f 820 530 819
f 530 528 819
f 819 528 818
f 528 527 818
f 818 527 817
f 527 525 817
f 817 525 816
f 525 523 816
f 816 523 815
f 523 521 815
f 815 521 521
f 521 519 521
f 521 519 813
f 519 517 813
f 823 825 824
f 820 821 822
f 821 823 822
f 819 805 820
f 809 810 811
f 810 812 811
f 806 807 809
f 807 810 809
f 808 807 806
f 803 805 802
f 804 803 802
f 799 801 798
f 800 799 798
f 782 783 797
f 796 781 797
f 781 782 797
f 795 780 796
f 780 781 796
f 794 779 795
f 812 814 813
f 822 532 820
f 811 812 813
f 813 814 521
f 805 821 820
f 802 819 818
f 805 819 802
f 805 805 819
f 817 802 818
f 804 802 817
f 804 804 802
f 816 801 817
f 801 804 817
f 798 816 815
f 801 816 798
f 801 801 816
f 521 798 815
f 800 798 521
f 800 800 798
f 814 800 521
f 534 532 822
f 824 534 822
f 536 534 824
f 850 854 848
f 850 855 854
f 846 848 560
f 559 846 560
f 559 560 560
f 559 557 846
f 846 557 844
f 557 549 844
f 844 549 549
f 549 549 549
f 544 544 544
f 544 551 544
f 544 551 840
f 842 851 852
f 842 552 851
f 848 854 560
f 842 840 552
f 855 857 856
f 857 859 858
f 569 567 856
f 856 567 854
f 567 560 854
f 854 560 560
f 560 560 560
f 851 552 562
f 853 563 853
f 853 563 563
f 853 851 563
f 851 562 563
f 861 862 563
f 862 853 563
f 863 862 861
f 859 860 858
f 856 857 858
f 854 855 856
f 779 780 795
f 840 551 552
f 849 850 848
f 831 543 544
f 840 841 544
f 841 843 544
f 842 841 840
f 838 839 837
f 835 836 837
f 836 838 837
f 828 830 836
f 828 836 835
f 828 835 540
f 540 835 541
f 540 538 828
f 828 538 826
f 538 536 826
f 826 536 824
f 833 831 544
f 853 852 851
f 833 544 544
f 513 543 831
f 846 847 848
f 847 849 848
f 844 845 846
f 845 847 846
f 549 839 844
f 839 845 844
f 837 839 839
f 837 839 549
f 837 549 548
f 548 549 549
f 548 546 837
f 837 546 835
f 835 546 541
f 513 513 513
f 513 543 513
f 833 544 843
f 712 713 732
f 793 778 794
f 792 777 793
f 739 740 754
f 739 754 753
f 738 739 753
f 753 737 738
f 752 737 753
f 752 752 737
f 740 755 754
f 736 737 752
f 750 728 751
f 728 729 751
f 749 727 750
f 727 728 750
f 748 726 749
f 726 727 749
f 729 730 751
f 740 741 755
f 741 756 755
f 741 742 756
f 504 503 503
f 503 503 503
f 499 499 499
f 499 761 488
f 499 499 488
f 499 488 488
f 488 761 760
f 745 488 760
f 745 760 759
f 744 745 759
f 744 759 758
f 743 744 758
f 743 758 757
f 742 743 757
f 742 757 756
f 726 747 725
f 748 747 726
f 748 748 747
f 725 747 746
f 482 739 481
f 739 738 724
f 481 739 724
f 481 724 460
f 724 738 737
f 723 724 737
f 737 722 723
f 736 722 737
f 736 736 722
f 735 721 736
f 721 722 736
f 734 720 735
f 720 721 735
f 733 718 734
f 718 720 734
f 740 739 482
f 504 503 504
f 483 740 482
f 484 741 483
f 478 725 746
f 478 746 498
f 478 478 498
f 478 498 498
f 498 498 498
f 488 488 488
f 488 745 488
f 488 745 487
f 745 744 487
f 487 744 486
f 744 743 486
f 486 743 485
f 743 742 485
f 485 742 484
f 742 741 484
f 741 740 483
f 505 504 504
f 505 504 505
f 506 505 505
f 762 782 507
f 783 782 762
f 783 783 782
f 507 782 781
f 506 507 781
f 506 781 780
f 505 506 780
f 505 780 779
f 504 505 779
f 504 779 778
f 503 504 778
f 503 778 777
f 503 503 777
f 503 777 510
f 777 776 510
f 762 763 784
f 510 776 509
f 783 762 784
f 769 770 785
f 777 778 793
f 791 776 792
f 776 777 792
f 790 775 791
f 775 776 791
f 789 774 790
f 774 775 790
f 788 773 789
f 773 774 789
f 787 772 788
f 772 773 788
f 786 771 787
f 771 772 787
f 785 770 786
f 770 771 786
f 763 764 784
f 778 779 794
f 776 775 509
f 775 774 499
f 765 753 766
f 753 754 766
f 752 753 765
f 747 748 764
f 747 763 746
f 764 763 747
f 764 764 763
f 746 763 762
f 498 746 762
f 498 762 507
f 498 498 507
f 498 507 507
f 507 506 507
f 507 506 506
f 506 505 506
f 754 755 767
f 509 775 508
f 766 754 767
f 767 755 768
f 508 775 499
f 508 499 499
f 499 774 773
f 761 499 773
f 761 773 772
f 760 761 772
f 760 772 771
f 759 760 771
f 759 771 770
f 758 759 770
f 770 757 758
f 769 757 770
f 769 769 757
f 768 756 769
f 756 757 769
f 755 756 768
f 1766 2064 1766
f 2064 2063 1765
f 1773 1773 1773
f 3327 3327 3065
f 3327 3327 3327
f 3326 3057 3064
f 3318 3057 3326
f 3052 3314 3325
f 3063 3325 3324
f 3327 3065 3319
f 3052 3325 3063
f 3062 3063 3324
f 3323 3062 3324
f 3061 3062 3323
f 3322 3061 3323
f 3060 3061 3322
f 3321 3060 3322
f 3052 3052 3325
f 3319 3065 3058
f 3326 3064 3066
f 3328 3326 3066
f 3335 3073 3336
f 3072 3073 3335
f 3334 3072 3335
f 3071 3072 3334
f 3333 3071 3334
f 3070 3071 3333
f 3332 3070 3333
f 3068 3070 3332
f 3331 3068 3332
f 3068 3331 3330
f 3069 3068 3330
f 3069 3330 3330
f 3330 3330 3330
f 3067 3329 3066
f 3066 3329 3328
f 3059 3060 3321
f 3320 3059 3321
f 3058 3059 3320
f 3319 3058 3320
f 3051 3312 3311
f 3043 3302 3310
f 3050 3310 3309
f 3043 3310 3050
f 3043 3043 3310
f 3049 3050 3309
f 3308 3049 3309
f 3047 3049 3308
f 3306 3047 3308
f 3047 3306 3048
f 3048 3306 3307
f 3305 3042 3046
f 3301 3042 3305
f 3297 3299 3304
f 3045 3304 3303
f 3046 3051 3311
f 3073 3074 3336
f 3311 3046 3046
f 3052 3052 3052
f 3058 3319 3058
f 3058 3319 3319
f 3318 3051 3057
f 3312 3051 3318
f 3307 3317 3048
f 3317 3056 3048
f 3055 3056 3317
f 3316 3055 3317
f 3054 3055 3316
f 3315 3054 3316
f 3053 3054 3315
f 3313 3053 3315
f 3052 3053 3313
f 3052 3052 3313
f 3052 3313 3314
f 3305 3046 3311
f 3039 3304 3045
f 3336 3074 3337
f 3337 3075 3338
f 3343 3343 3357
f 3096 3097 3357
f 3356 3096 3357
f 3095 3096 3356
f 3355 3095 3356
f 3094 3095 3355
f 3343 3357 3098
f 3354 3094 3355
f 3353 3093 3354
f 3092 3093 3353
f 3352 3092 3353
f 3091 3092 3352
f 3351 3091 3352
f 3090 3091 3351
f 3093 3094 3354
f 3098 3357 3097
f 3343 3098 3083
f 3348 3088 3358
f 3089 3366 3105
f 3089 3089 3366
f 3104 3105 3365
f 3364 3104 3365
f 3102 3104 3364
f 3362 3102 3364
f 3102 3362 3103
f 3103 3362 3363
f 3100 3101 3360
f 3359 3099 3100
f 3361 3359 3100
f 3361 3100 3360
f 3358 3099 3359
f 3088 3099 3358
f 3088 3088 3099
f 3349 3090 3351
f 3089 3090 3349
f 3089 3089 3349
f 3089 3349 3350
f 3083 3343 3343
f 3343 3343 3343
f 3080 3081 3341
f 3340 3079 3080
f 3342 3340 3080
f 3342 3080 3341
f 3340 3329 3079
f 3329 3067 3079
f 3327 3078 3065
f 3078 3339 3077
f 3327 3339 3078
f 3327 3327 3339
f 3076 3077 3339
f 3338 3076 3339
f 3075 3076 3338
f 3083 3082 3343
f 3074 3075 3337
f 3082 3344 3343
f 3082 3084 3345
f 3089 3089 3089
f 3088 3088 3088
f 3348 3087 3088
f 3348 3348 3088
f 3348 3088 3088
f 3086 3087 3348
f 3347 3086 3348
f 3346 3086 3347
f 3341 3086 3346
f 3341 3081 3086
f 3342 3341 3346
f 3330 3085 3069
f 3085 3345 3084
f 3330 3345 3085
f 3330 3330 3345
f 3344 3082 3345
f 3105 3366 3365
f 3039 3297 3304
f 3302 3044 3303
f 3014 3267 3010
f 3266 3267 3014
f 3266 3268 3267
f 3014 3013 3266
f 3012 3260 3265
f 3009 3260 3012
f 3010 3269 3261
f 3009 3009 3260
f 3257 3264 3259
f 3000 3262 3264
f 3000 3000 3264
f 3000 3264 3257
f 3011 3262 3000
f 3261 3262 3011
f 3009 3009 3009
f 3010 3010 3269
f 3010 3267 3269
f 3261 3269 3263
f 3274 3271 3016
f 3015 3270 3273
f 3273 3017 3015
f 3273 3273 3015
f 3273 3015 3015
f 3266 3272 3268
f 3268 3272 3272
f 3266 3271 3272
f 3013 3271 3266
f 3013 3013 3271
f 3013 3016 3271
f 3270 3012 3265
f 3015 3012 3270
f 3015 3015 3012
f 3015 3015 3015
f 3261 3263 3262
f 3011 3010 3261
f 3255 3256 3009
f 3256 3260 3009
f 3001 3251 2984
f 3001 3258 3251
f 3001 3257 3258
f 3257 3259 3258
f 3001 3000 3257
f 3250 3256 3255
f 3248 3255 3254
f 3250 3255 3248
f 3250 3250 3255
f 3248 3254 3007
f 3246 3248 3007
f 3246 3007 3006
f 3244 3246 3006
f 3005 3244 3006
f 3243 3244 3005
f 3251 3258 3253
f 3274 3016 3275
f 2999 2999 2999
f 3002 2999 3002
f 3254 3255 3009
f 3008 3254 3009
f 3008 3009 3009
f 3008 3007 3254
f 3254 3007 3007
f 3007 3006 3007
f 3007 3006 3006
f 3006 3005 3006
f 3006 3005 3005
f 3005 3004 3005
f 3005 3004 3004
f 3004 3003 3004
f 3004 3003 3003
f 3003 3002 3003
f 3003 3002 3002
f 3002 2999 2999
f 3044 3045 3303
f 3275 3016 3018
f 3274 3272 3271
f 3295 3033 3033
f 3294 3032 3035
f 3290 3032 3294
f 3029 3287 3293
f 3034 3293 3291
f 3029 3293 3034
f 3295 3295 3033
f 3029 3029 3293
f 3033 3033 3291
f 3033 3291 3292
f 3033 3033 3033
f 3285 3289 3286
f 3290 3028 3032
f 3289 3028 3290
f 3033 3034 3291
f 3295 3036 3033
f 3033 3292 3295
f 3294 3035 3296
f 3043 3044 3302
f 3043 3043 3302
f 3043 3302 3302
f 3043 3043 3043
f 3296 3037 3300
f 3300 3037 3041
f 3041 3042 3300
f 3042 3301 3300
f 3295 3298 3036
f 3298 3040 3036
f 3038 3040 3298
f 3297 3038 3298
f 3297 3298 3299
f 3038 3297 3039
f 3296 3035 3037
f 3289 3285 3028
f 3284 3288 3027
f 3288 3031 3027
f 3030 3031 3288
f 3023 3281 3280
f 3024 3023 3280
f 3024 3280 3280
f 3280 3280 3280
f 3279 3275 3018
f 3278 3279 3018
f 3278 3018 3018
f 3018 3022 3278
f 3273 3277 3017
f 3277 3021 3017
f 3019 3021 3277
f 3276 3019 3277
f 3019 3276 3020
f 3020 3276 3276
f 3272 3272 3272
f 3281 3023 3020
f 3271 3272 3272
f 3276 3281 3020
f 3025 3282 3022
f 3287 3030 3288
f 3029 3030 3287
f 3029 3029 3287
f 3029 3287 3287
f 3029 3029 3029
f 3282 3285 3283
f 3283 3285 3286
f 3028 3285 3025
f 3285 3282 3025
f 3280 3026 3024
f 3280 3284 3027
f 3280 3280 3027
f 3280 3027 3026
f 3278 3282 3279
f 3279 3282 3283
f 3282 3278 3022
f 3089 3350 3366
f 3361 3360 3367
f 3360 3101 3106
f 3460 3462 3461
f 3189 3459 3192
f 3459 3460 3192
f 3457 3458 3189
f 3458 3459 3189
f 3454 3455 3457
f 3192 3460 3461
f 3455 3458 3457
f 3452 3453 3451
f 3449 3450 3451
f 3450 3452 3451
f 3447 3448 3449
f 3448 3450 3449
f 3186 3446 3447
f 3456 3455 3454
f 3462 3464 3463
f 3461 3462 3463
f 3464 3466 3465
f 3166 3181 3484
f 3482 3483 3481
f 3479 3480 3481
f 3480 3482 3481
f 3477 3478 3479
f 3478 3480 3479
f 3474 3475 3477
f 3475 3478 3477
f 3476 3475 3474
f 3472 3473 3471
f 3468 3469 3471
f 3469 3472 3471
f 3470 3469 3468
f 3466 3467 3465
f 3463 3464 3465
f 3446 3448 3447
f 3184 3445 3186
f 3445 3446 3186
f 3180 3444 3184
f 3434 3437 3171
f 3434 3171 3169
f 3434 3434 3169
f 3434 3169 3432
f 3169 3168 3432
f 3432 3168 3430
f 3168 3167 3430
f 3430 3167 3428
f 3167 3165 3428
f 3428 3165 3165
f 3165 3165 3165
f 3423 3435 3425
f 3436 3160 3166
f 3435 3160 3436
f 3435 3423 3160
f 3171 3437 3173
f 3484 3166 3166
f 3174 3174 3173
f 3438 3173 3437
f 3444 3445 3184
f 3444 3179 3443
f 3180 3179 3444
f 3180 3180 3179
f 3176 3443 3179
f 3442 3443 3176
f 3176 3441 3442
f 3177 3441 3176
f 3177 3177 3441
f 3183 3440 3177
f 3440 3441 3177
f 3182 3439 3183
f 3439 3440 3183
f 3174 3438 3182
f 3438 3439 3182
f 3174 3173 3438
f 3433 3434 3432
f 3484 3485 3166
f 3174 3174 3174
f 3490 3492 3491
f 3205 3489 3206
f 3489 3490 3206
f 3204 3488 3205
f 3488 3489 3205
f 3203 3467 3204
f 3206 3490 3491
f 3467 3488 3204
f 3467 3203 3465
f 3467 3467 3203
f 3465 3202 3487
f 3463 3465 3487
f 3463 3487 3193
f 3461 3463 3193
f 3465 3203 3202
f 3492 3494 3493
f 3491 3492 3493
f 3494 3496 3495
f 3508 3509 3511
f 3509 3512 3511
f 3510 3509 3508
f 3506 3507 3505
f 3503 3504 3505
f 3504 3506 3505
f 3501 3502 3503
f 3502 3504 3503
f 3499 3500 3501
f 3500 3502 3501
f 3497 3498 3499
f 3498 3500 3499
f 3495 3496 3497
f 3496 3498 3497
f 3493 3494 3495
f 3192 3461 3193
f 3192 3192 3193
f 3192 3193 3193
f 3192 3189 3192
f 3186 3447 3187
f 3186 3186 3187
f 3186 3187 3187
f 3186 3184 3186
f 3186 3184 3184
f 3184 3180 3184
f 3184 3180 3180
f 3180 3180 3180
f 3177 3177 3177
f 3177 3183 3177
f 3177 3183 3183
f 3183 3182 3183
f 3183 3182 3182
f 3182 3174 3182
f 3182 3174 3174
f 3447 3449 3187
f 3485 3436 3166
f 3449 3195 3187
f 3451 3196 3195
f 3192 3189 3189
f 3190 3457 3189
f 3190 3190 3189
f 3190 3189 3189
f 3457 3190 3200
f 3454 3457 3200
f 3199 3454 3200
f 3456 3454 3199
f 3456 3456 3454
f 3198 3486 3199
f 3486 3456 3199
f 3197 3453 3198
f 3453 3486 3198
f 3451 3197 3196
f 3453 3197 3451
f 3449 3451 3195
f 3430 3431 3432
f 3431 3433 3432
f 3428 3429 3430
f 3122 3123 3386
f 3385 3122 3386
f 3384 3122 3385
f 3380 3122 3384
f 3380 3118 3122
f 3381 3380 3384
f 3386 3123 3387
f 3376 3121 3114
f 3376 3383 3121
f 3376 3376 3383
f 3119 3383 3382
f 3120 3119 3382
f 3120 3382 3382
f 3382 3382 3382
f 3121 3383 3119
f 3123 3124 3387
f 3387 3124 3388
f 3124 3125 3388
f 3395 3132 3396
f 3131 3132 3395
f 3394 3131 3395
f 3130 3131 3394
f 3393 3130 3394
f 3129 3130 3393
f 3392 3129 3393
f 3128 3129 3392
f 3391 3128 3392
f 3127 3128 3391
f 3390 3127 3391
f 3126 3127 3390
f 3389 3126 3390
f 3125 3126 3389
f 3388 3125 3389
f 3117 3118 3380
f 3379 3116 3117
f 3381 3379 3117
f 3381 3117 3380
f 3372 3111 3373
f 3110 3111 3372
f 3371 3110 3372
f 3110 3371 3110
f 3110 3371 3371
f 3109 3109 3109
f 3109 3370 3109
f 3109 3370 3108
f 3369 3107 3108
f 3369 3369 3108
f 3369 3108 3370
f 3106 3107 3369
f 3368 3106 3369
f 3367 3106 3368
f 3360 3106 3367
f 3111 3112 3373
f 3132 3133 3396
f 3373 3112 3103
f 3369 3370 3374
f 3115 3116 3379
f 3378 3115 3379
f 3377 3115 3378
f 3375 3115 3377
f 3375 3113 3115
f 3374 3375 3377
f 3371 3114 3110
f 3376 3114 3371
f 3376 3376 3114
f 3376 3376 3376
f 3109 3113 3109
f 3109 3113 3375
f 3375 3370 3109
f 3374 3370 3375
f 3374 3374 3370
f 3363 3373 3103
f 3396 3133 3397
f 3133 3134 3397
f 3397 3134 3398
f 3421 3422 3420
f 3158 3419 3420
f 3419 3421 3420
f 3419 3157 3418
f 3158 3157 3419
f 3158 3158 3157
f 3155 3418 3157
f 3417 3418 3155
f 3154 3417 3155
f 3416 3417 3154
f 3416 3154 3153
f 3411 3416 3153
f 3411 3153 3409
f 3153 3152 3409
f 3409 3152 3407
f 3159 3160 3423
f 3407 3152 3149
f 3423 3425 3424
f 3159 3424 3412
f 3429 3431 3430
f 3165 3427 3428
f 3427 3429 3428
f 3427 3164 3426
f 3165 3164 3427
f 3165 3165 3164
f 3162 3426 3164
f 3422 3426 3162
f 3422 3162 3161
f 3422 3422 3161
f 3422 3161 3420
f 3161 3158 3420
f 3420 3158 3158
f 3412 3424 3414
f 3159 3412 3151
f 3159 3423 3424
f 3243 3243 3244
f 3400 3400 3400
f 3399 3400 3400
f 3141 3403 3142
f 3402 3403 3141
f 3140 3402 3141
f 3401 3402 3140
f 3139 3401 3140
f 3400 3401 3139
f 3400 3400 3401
f 3400 3139 3399
f 3139 3138 3399
f 3138 3137 3399
f 3382 3136 3120
f 3136 3398 3135
f 3382 3398 3136
f 3382 3382 3398
f 3134 3135 3398
f 3403 3404 3142
f 3415 3400 3399
f 3142 3404 3144
f 3144 3405 3146
f 3137 3413 3415
f 3137 3137 3415
f 3137 3415 3399
f 3150 3413 3137
f 3412 3413 3150
f 3412 3414 3413
f 3150 3151 3412
f 3410 3411 3409
f 3407 3408 3409
f 3408 3410 3409
f 3408 3148 3406
f 3407 3148 3408
f 3407 3149 3148
f 3146 3406 3148
f 3405 3406 3146
f 3404 3405 3144
f 3512 3514 3513
f 3241 3005 3004
f 3243 3243 3005
f 2864 2864 2870
f 3081 2864 3086
f 3069 3085 2854
f 3085 2869 2854
f 2868 2869 3085
f 3084 2868 3085
f 2864 2870 3086
f 2867 2868 3084
f 2866 2867 3082
f 2866 2866 3082
f 2866 3082 3083
f 2866 2866 2866
f 2864 2864 2864
f 3080 2863 2864
f 3082 2867 3084
f 3086 2870 3087
f 3087 2870 3088
f 2870 2871 3088
f 3094 2880 3095
f 2879 2880 3094
f 3093 2879 3094
f 2878 2879 3093
f 3092 2878 3093
f 2877 2878 3092
f 3091 2877 3092
f 2876 2877 3091
f 3090 2876 3091
f 2874 2876 3090
f 3089 2874 3090
f 2874 3089 2875
f 2875 3089 3089
f 2873 3088 2871
f 2871 3088 3088
f 3081 3080 2864
f 3081 2864 2864
f 3079 2863 3080
f 2852 2863 3079
f 3070 2855 3071
f 2853 2855 3070
f 3068 2853 3070
f 2853 3068 2854
f 2854 3068 3069
f 2852 2852 2852
f 3066 2850 2850
f 3066 2850 2852
f 3066 2852 3067
f 3067 2852 2852
f 3064 2850 3066
f 3065 2844 3058
f 2851 2844 3065
f 2851 2851 2844
f 2851 2851 2851
f 2855 2856 3071
f 2880 2881 3095
f 3071 2856 3072
f 3072 2857 3073
f 2852 2852 2863
f 3067 2852 3079
f 2851 3065 3078
f 2862 3078 3077
f 2851 3078 2862
f 2851 2851 3078
f 2861 2862 3077
f 3076 2861 3077
f 2860 2861 3076
f 3075 2860 3076
f 2859 2860 3075
f 3074 2859 3075
f 2858 2859 3074
f 3073 2858 3074
f 2857 2858 3073
f 2856 2857 3072
f 2850 2850 2850
f 3095 2881 3096
f 3096 2882 3097
f 3118 2902 2902
f 2900 2901 3117
f 3116 2900 3117
f 3115 2900 3116
f 2898 2900 3115
f 2898 2898 2900
f 3118 3117 2902
f 3113 2898 3115
f 3110 3114 2895
f 2898 2898 2898
f 2894 3113 3109
f 2898 3113 2894
f 2898 2898 3113
f 3103 3112 2888
f 3114 2899 2895
f 3117 2901 2902
f 2902 2902 2902
f 2905 3119 3120
f 2909 2910 3126
f 3125 2909 3126
f 2908 2909 3125
f 3124 2908 3125
f 2907 2908 3124
f 3123 2907 3124
f 3122 2907 3123
f 2902 2907 3122
f 2902 2902 2907
f 3118 2902 3122
f 3114 3121 2899
f 3121 2906 2899
f 2904 2906 3121
f 3119 2904 3121
f 2904 3119 2905
f 3112 2897 2888
f 2896 2897 3112
f 3111 2896 3112
f 2895 2896 3111
f 2887 3102 2888
f 2888 3102 3103
f 2886 2886 2886
f 3100 2885 2886
f 3101 3100 2886
f 3101 2886 2886
f 2884 2885 3100
f 3099 2884 3100
f 3099 3088 2884
f 3088 2873 2884
f 2866 3083 3098
f 2883 3098 3097
f 2866 3098 2883
f 2866 2866 3098
f 2882 2883 3097
f 3102 2887 3104
f 2881 2882 3096
f 2887 2889 3104
f 2889 2890 3105
f 3110 2895 3111
f 2895 3110 2895
f 2895 3110 3110
f 2894 3109 2893
f 2893 3109 3109
f 2892 2893 3109
f 3108 2892 3109
f 2891 2892 3108
f 3107 2891 3108
f 3106 2891 3107
f 2886 2891 3106
f 2886 2886 2891
f 3101 2886 3106
f 3089 3105 2875
f 3105 2890 2875
f 3104 2889 3105
f 3126 2910 3127
f 2843 3064 3057
f 2850 2850 3064
f 3025 2804 2806
f 3022 2804 3025
f 2802 3020 3023
f 2805 2802 2802
f 2805 2802 3023
f 2805 3023 2805
f 2807 2807 2807
f 2805 3023 3024
f 3018 3018 3018
f 3022 2800 2804
f 3018 2800 3022
f 3018 3018 2800
f 2799 3017 3021
f 2803 3021 3019
f 2805 2805 2805
f 2807 3026 3027
f 2807 3026 2807
f 2807 2805 3026
f 2816 3033 3033
f 3032 2808 2813
f 3028 2808 3032
f 2807 3027 3031
f 2812 3031 3030
f 2807 3031 2812
f 2807 2807 3031
f 2810 2812 3030
f 3029 2810 3030
f 2810 3029 2811
f 2811 3029 3029
f 3028 2806 2808
f 3025 2806 3028
f 2805 3024 3026
f 2807 2805 2805
f 2799 3021 2803
f 2799 2799 3021
f 2802 2803 3019
f 2802 2802 3019
f 2780 3014 3010
f 2780 2780 3010
f 2780 3010 3010
f 2788 3014 2780
f 3013 3014 2788
f 3013 3013 3014
f 1766 1766 1766
f 3009 3012 2787
f 2779 3009 3009
f 2779 3009 2787
f 2779 2787 2779
f 2779 2787 2787
f 2779 2779 2779
f 2776 2776 2776
f 2776 2776 2776
f 3010 3010 3010
f 2815 3033 2816
f 3015 2787 2787
f 3015 2794 2787
f 2802 3019 3020
f 2802 2802 2802
f 3018 3016 2795
f 3018 3018 2795
f 3018 2795 2795
f 2795 2800 3018
f 3017 2794 3015
f 2799 2794 3017
f 2799 2799 2794
f 2799 2799 2799
f 3013 3013 3013
f 3016 2789 2795
f 3013 2789 3016
f 3013 3013 2789
f 2787 3012 3015
f 3015 3015 2787
f 2850 3064 2843
f 3033 2815 3034
f 3034 2817 2811
f 2832 2832 3056
f 2840 2841 3055
f 3054 2840 3055
f 2839 2840 3054
f 3053 2839 3054
f 2837 2839 3053
f 2832 3056 2841
f 3052 2837 3053
f 2838 3052 3052
f 3046 2830 3046
f 3046 2830 2830
f 2830 2836 3046
f 2836 3051 3046
f 3043 3050 2827
f 2837 3052 2838
f 2841 3056 3055
f 2832 3048 3056
f 3051 2836 3057
f 3052 3063 2838
f 3063 2849 2838
f 2848 2849 3063
f 3062 2848 3063
f 2847 2848 3062
f 3061 2847 3062
f 2846 2847 3061
f 3060 2846 3061
f 2845 2846 3060
f 3059 2845 3060
f 2844 2845 3059
f 3058 2844 3059
f 2844 3058 2844
f 2844 3058 3058
f 3057 2836 2843
f 3050 2835 2827
f 2834 2835 3050
f 3049 2834 3050
f 2833 2834 3049
f 2819 3036 3040
f 2822 3040 3038
f 2819 3040 2822
f 2819 2819 3040
f 2822 3038 2823
f 2823 3038 3039
f 3037 2818 2820
f 3035 2818 3037
f 3036 2816 3033
f 2819 2816 3036
f 2819 2819 2816
f 2819 2819 2819
f 3035 2813 2818
f 3032 2813 3035
f 3029 3034 2811
f 2824 3042 3041
f 2815 2817 3034
f 2820 2824 3041
f 3037 2820 3041
f 3047 2833 3049
f 2832 2833 3047
f 2832 2832 3047
f 2832 3047 3048
f 2832 2832 2832
f 3046 2824 2830
f 3042 2824 3046
f 3039 3045 2823
f 3045 2829 2823
f 2828 2829 3045
f 3044 2828 3045
f 2826 2828 3044
f 3043 2826 3044
f 2826 3043 2827
f 2827 3043 3043
f 3041 2820 2820
f 2910 2911 3127
f 3127 2911 3128
f 2911 2912 3128
f 2979 3206 2980
f 3205 3206 2979
f 2978 3205 2979
f 3204 3205 2978
f 2977 3204 2978
f 3203 3204 2977
f 3206 3207 2980
f 2976 3203 2977
f 2975 3202 2976
f 3201 3202 2975
f 2974 3201 2975
f 3193 3201 2974
f 3193 2974 2973
f 3193 3193 2973
f 3202 3203 2976
f 2980 3207 2981
f 2982 2982 2981
f 2982 2981 3208
f 3217 3218 3219
f 3218 3220 3219
f 3215 3216 3217
f 3216 3218 3217
f 2988 3214 3215
f 3214 3216 3215
f 2987 3213 2988
f 3213 3214 2988
f 3211 3212 2987
f 3212 3213 2987
f 3209 3210 3211
f 3210 3212 3211
f 2982 3208 3209
f 3208 3210 3209
f 3208 2981 3207
f 3193 2973 3191
f 2973 2972 3191
f 3191 2972 3188
f 2972 2971 3190
f 2963 2962 3185
f 3185 2962 2962
f 2962 2961 2962
f 2962 2961 2961
f 2961 2960 2961
f 2961 2960 2960
f 2960 2959 2960
f 2960 2959 2959
f 2959 2958 2959
f 2959 2958 2958
f 2958 2957 2958
f 2958 2957 2957
f 2957 2956 2957
f 2957 2956 2956
f 2956 2955 2956
f 3187 2963 3185
f 3220 3222 3221
f 3187 3187 2963
f 3187 3195 2964
f 3188 2972 3190
f 3188 3190 3190
f 2970 3190 2971
f 3200 3190 2970
f 2969 3200 2970
f 3199 3200 2969
f 2968 3199 2969
f 3198 3199 2968
f 2967 3198 2968
f 3197 3198 2967
f 2966 3197 2967
f 3196 3197 2966
f 2965 3196 2966
f 3195 3196 2965
f 2964 3195 2965
f 3187 2964 2963
f 2956 2955 2955
f 3219 3220 3221
f 3221 3222 3223
f 2993 2992 3223
f 3223 2992 3221
f 2992 2991 3221
f 3221 2991 3219
f 2991 2990 3219
f 3219 2990 3217
f 3225 2993 3223
f 2990 2989 3217
f 2989 2988 3215
f 3215 2988 2988
f 2988 2987 2988
f 2988 2987 2987
f 2987 2986 2987
f 2987 2986 3211
f 3217 2989 3215
f 2994 2993 3225
f 3227 2994 3225
f 2995 2994 3227
f 3241 3004 3003
f 3239 3241 3003
f 3239 3003 3002
f 3237 3239 3002
f 3237 3002 2999
f 3235 3237 2999
f 3233 3235 2999
f 2998 3233 2999
f 2998 2999 2999
f 2998 2997 3233
f 3233 2997 3231
f 2997 2996 3231
f 3231 2996 3229
f 2996 2995 3229
f 3229 2995 3227
f 2986 2985 3211
f 3211 2985 3209
f 2985 2982 3209
f 3209 2982 2982
f 3238 3240 3239
f 3235 3236 3237
f 3236 3238 3237
f 3233 3234 3235
f 3234 3236 3235
f 3231 3232 3233
f 3232 3234 3233
f 3229 3230 3231
f 3230 3232 3231
f 3227 3228 3229
f 3228 3230 3229
f 3225 3226 3227
f 3226 3228 3227
f 3223 3224 3225
f 3224 3226 3225
f 3237 3238 3239
f 3222 3224 3223
f 3240 3242 3241
f 3242 3243 3241
f 2982 2982 2982
f 3194 3194 3194
f 2952 3252 3194
f 2952 2952 3194
f 2952 3194 3194
f 2983 3252 2952
f 3251 3252 2983
f 3251 3253 3252
f 2983 2984 3251
f 3249 3250 3248
f 3246 3247 3248
f 3247 3249 3248
f 3244 3245 3246
f 3245 3247 3246
f 3243 3245 3244
f 3239 3240 3241
f 2955 2954 2955
f 2955 2954 2954
f 2954 2951 2954
f 3149 2932 3147
f 2932 2931 3147
f 3147 2931 3145
f 2931 2930 3145
f 3145 2930 3143
f 2930 2927 3143
f 3149 3152 2932
f 3143 2927 2927
f 3137 3137 3137
f 2929 3150 3137
f 2922 2929 3137
f 2922 3137 3137
f 2929 2928 3150
f 2928 3151 3150
f 2927 2927 2927
f 3152 2933 2932
f 3152 3153 2933
f 2933 3153 2934
f 2938 2936 3156
f 3156 2936 2936
f 2936 2936 2936
f 3151 2928 3159
f 3159 2928 2928
f 2928 2937 3159
f 2937 3160 3159
f 3157 3158 3156
f 2936 3155 3156
f 3155 3157 3156
f 3155 2935 3154
f 2936 2935 3155
f 2936 2936 2935
f 2934 3154 2935
f 3153 3154 2934
f 3148 3149 3147
f 3145 3146 3147
f 3146 3148 3147
f 3143 3144 3145
f 3135 2919 3136
f 2918 2919 3135
f 3134 2918 3135
f 2917 2918 3134
f 3133 2917 3134
f 2916 2917 3133
f 3132 2916 3133
f 2915 2916 3132
f 3131 2915 3132
f 2914 2915 3131
f 3130 2914 3131
f 2913 2914 3130
f 3129 2913 3130
f 2912 2913 3129
f 3128 2912 3129
f 2919 2920 3136
f 3158 2938 3156
f 3136 2920 2905
f 2921 2922 3137
f 3144 3146 3145
f 2927 3142 3143
f 3142 3144 3143
f 3142 2926 3141
f 2927 2926 3142
f 2927 2927 2926
f 2925 3141 2926
f 3140 3141 2925
f 2924 3140 2925
f 3139 3140 2924
f 2923 3139 2924
f 3138 3139 2923
f 2921 3138 2923
f 3137 3138 2921
f 3137 3137 3138
f 3120 3136 2905
f 3158 2939 2938
f 3158 3161 2939
f 2939 3161 2940
f 3175 3178 2959
f 2958 3175 2959
f 3177 3175 2958
f 3177 3177 3175
f 2957 3183 2958
f 3183 3177 2958
f 2956 3182 2957
f 3182 3183 2957
f 2955 3174 2956
f 3174 3182 2956
f 3172 2955 2954
f 3174 2955 3172
f 3174 3174 2955
f 3172 2954 2951
f 3170 3172 2951
f 3178 2960 2959
f 2951 2949 2951
f 3180 3180 2961
f 3178 2961 2960
f 2954 2951 2951
f 2951 2951 2951
f 3194 3181 2950
f 3194 3194 2950
f 3194 2950 2953
f 2953 2952 3194
f 3192 3193 3191
f 3188 3189 3191
f 3189 3192 3191
f 3190 3189 3188
f 3186 3187 3185
f 2962 3184 3185
f 3184 3186 3185
f 2961 3180 2962
f 3180 3184 2962
f 3180 2961 3178
f 3243 3005 3241
f 2951 2949 3170
f 3181 2943 2950
f 3165 3165 2944
f 3165 2944 3163
f 2944 2941 3163
f 3163 2941 2941
f 2941 2941 2941
f 3166 3160 2937
f 3166 3166 2937
f 3166 2937 2942
f 2942 2943 3166
f 3164 3165 3163
f 2941 3162 3163
f 3162 3164 3163
f 3162 2940 3161
f 2941 2940 3162
f 2941 2941 2940
f 3165 2945 2944
f 3166 3166 3166
f 3165 3167 2945
f 3167 3168 2946
f 3166 2943 3181
f 3166 3166 2943
f 3179 3180 3178
f 3175 3176 3178
f 3176 3179 3178
f 3177 3176 3175
f 3173 3174 3172
f 3170 3171 3172
f 3171 3173 3172
f 3171 2948 3169
f 3170 2948 3171
f 3170 2949 2948
f 2947 3169 2948
f 3168 3169 2947
f 2946 3168 2947
f 2945 3167 2946
f 3000 3000 3000
f 3511 3512 3513
f 3513 3514 3515
f 3489 3488 3489
f 3489 3488 3488
f 3488 3467 3488
f 3488 3467 3467
f 3467 3467 3467
f 3456 3456 3456
f 3490 3489 3489
f 3456 3486 3456
f 3784 3806 3785
f 3785 3806 3806
f 3485 3806 3436
f 3806 3784 3436
f 3783 3805 3804
f 3781 3804 3483
f 3486 3453 3453
f 3490 3489 3490
f 3492 3490 3490
f 3492 3490 3492
f 3506 3507 3507
f 3506 3504 3506
f 3506 3504 3504
f 3504 3502 3504
f 3504 3502 3502
f 3502 3500 3502
f 3502 3500 3500
f 3500 3498 3500
f 3500 3498 3498
f 3498 3496 3498
f 3498 3496 3496
f 3496 3494 3496
f 3496 3494 3494
f 3494 3492 3494
f 3494 3492 3492
f 3783 3804 3781
f 3783 3783 3804
f 3779 3781 3483
f 3482 3779 3483
f 3800 3472 3799
f 3473 3472 3800
f 3473 3473 3472
f 3469 3799 3472
f 3798 3799 3469
f 3469 3797 3798
f 3470 3797 3469
f 3470 3470 3797
f 3518 3796 3470
f 3796 3797 3470
f 3516 3795 3518
f 3795 3796 3518
f 3514 3794 3516
f 3794 3795 3516
f 3512 3793 3514
f 3800 3801 3524
f 3506 3506 3507
f 3473 3800 3524
f 3524 3801 3526
f 3482 3483 3483
f 3482 3480 3779
f 3779 3480 3777
f 3480 3478 3777
f 3777 3478 3775
f 3478 3475 3775
f 3775 3475 3772
f 3774 3476 3774
f 3774 3476 3476
f 3774 3772 3476
f 3772 3475 3476
f 3528 3803 3476
f 3803 3774 3476
f 3526 3802 3528
f 3802 3803 3528
f 3801 3802 3526
f 3793 3794 3514
f 3506 3788 3507
f 3790 3510 3507
f 3543 3815 3544
f 3544 3815 3815
f 3809 3813 3810
f 3814 3536 3541
f 3813 3536 3814
f 3813 3809 3536
f 3539 3811 3816
f 3807 3808 3812
f 3812 3811 3807
f 3812 3812 3811
f 3539 3534 3811
f 3811 3534 3534
f 3510 3510 3510
f 3510 3507 3510
f 3807 3811 3534
f 3539 3816 3543
f 3543 3816 3815
f 3811 3812 3816
f 3552 3821 3817
f 3547 3552 3817
f 3547 3817 3817
f 3550 3821 3552
f 3820 3821 3550
f 3820 3822 3821
f 3550 3551 3820
f 3819 3548 3544
f 3815 3819 3544
f 3814 3541 3818
f 3818 3541 3541
f 3546 3818 3541
f 3817 3818 3546
f 3817 3817 3818
f 3546 3547 3817
f 3510 3507 3507
f 3507 3507 3507
f 3806 3806 3806
f 3535 3806 3485
f 3473 3473 3473
f 3470 3470 3470
f 3470 3518 3470
f 3470 3518 3518
f 3518 3516 3518
f 3518 3516 3516
f 3516 3514 3516
f 3516 3514 3514
f 3514 3512 3514
f 3514 3512 3512
f 3512 3509 3512
f 3512 3509 3509
f 3510 3790 3509
f 3510 3510 3509
f 3510 3509 3509
f 3524 3473 3473
f 3788 3790 3507
f 3524 3473 3524
f 3526 3524 3526
f 3535 3806 3806
f 3535 3809 3806
f 3809 3810 3806
f 3535 3536 3809
f 3804 3805 3807
f 3805 3808 3807
f 3804 3807 3534
f 3483 3804 3534
f 3534 3483 3534
f 3534 3483 3483
f 3476 3476 3476
f 3476 3528 3476
f 3476 3528 3528
f 3528 3526 3528
f 3528 3526 3526
f 3526 3524 3524
f 3817 3817 3817
f 3509 3792 3512
f 3790 3791 3509
f 3778 3780 3779
f 3775 3776 3777
f 3776 3778 3777
f 3772 3773 3775
f 3773 3776 3775
f 3774 3773 3772
f 3777 3778 3779
f 3770 3771 3769
f 3768 3770 3769
f 3765 3766 3767
f 3766 3768 3767
f 3763 3764 3765
f 3764 3766 3765
f 3761 3762 3763
f 3767 3768 3769
f 3780 3782 3781
f 3779 3780 3781
f 3782 3783 3781
f 3440 3439 3717
f 3717 3439 3715
f 3439 3438 3715
f 3715 3438 3713
f 3438 3437 3713
f 3713 3437 3711
f 3437 3434 3711
f 3711 3434 3434
f 3434 3434 3434
f 3706 3706 3706
f 3435 3706 3425
f 3435 3706 3706
f 3435 3784 3706
f 3784 3785 3706
f 3435 3436 3784
f 3762 3764 3763
f 3759 3760 3761
f 3760 3762 3761
f 3757 3758 3759
f 3733 3734 3735
f 3734 3736 3735
f 3731 3732 3733
f 3732 3734 3733
f 3729 3730 3731
f 3730 3732 3731
f 3727 3728 3729
f 3728 3730 3729
f 3725 3726 3727
f 3726 3728 3727
f 3723 3724 3725
f 3724 3726 3725
f 3443 3722 3723
f 3722 3724 3723
f 3442 3721 3443
f 3736 3737 3735
f 3719 3440 3717
f 3740 3739 3738
f 3738 3739 3741
f 3758 3760 3759
f 3755 3756 3757
f 3756 3758 3757
f 3753 3754 3755
f 3754 3756 3755
f 3750 3751 3753
f 3751 3754 3753
f 3752 3751 3750
f 3748 3749 3747
f 3745 3746 3747
f 3746 3748 3747
f 3743 3744 3745
f 3744 3746 3745
f 3741 3742 3743
f 3742 3744 3743
f 3739 3742 3741
f 3792 3793 3512
f 3441 3440 3719
f 3442 3441 3442
f 3757 3759 3492
f 3757 3492 3490
f 3755 3757 3490
f 3755 3490 3489
f 3753 3755 3489
f 3753 3489 3488
f 3759 3494 3492
f 3750 3753 3488
f 3752 3750 3467
f 3752 3752 3750
f 3752 3466 3749
f 3467 3466 3752
f 3467 3467 3466
f 3749 3466 3464
f 3467 3750 3488
f 3759 3761 3494
f 3761 3496 3494
f 3761 3763 3496
f 3791 3792 3509
f 3788 3789 3790
f 3789 3791 3790
f 3506 3787 3788
f 3787 3789 3788
f 3769 3506 3504
f 3771 3506 3769
f 3771 3787 3506
f 3769 3504 3502
f 3767 3769 3502
f 3767 3502 3500
f 3765 3767 3500
f 3765 3500 3498
f 3763 3765 3498
f 3763 3498 3496
f 3749 3749 3464
f 3749 3464 3747
f 3464 3462 3747
f 3747 3462 3745
f 3452 3453 3453
f 3452 3450 3733
f 3733 3450 3731
f 3450 3448 3731
f 3731 3448 3729
f 3448 3446 3729
f 3729 3446 3727
f 3446 3445 3727
f 3727 3445 3725
f 3445 3444 3725
f 3725 3444 3723
f 3444 3443 3723
f 3723 3443 3443
f 3443 3442 3443
f 3443 3442 3442
f 3452 3733 3453
f 3442 3441 3719
f 3733 3735 3453
f 3737 3486 3735
f 3462 3460 3745
f 3745 3460 3743
f 3460 3459 3743
f 3743 3459 3741
f 3459 3458 3741
f 3741 3458 3738
f 3458 3455 3740
f 3738 3458 3740
f 3738 3740 3740
f 3455 3786 3740
f 3456 3786 3455
f 3456 3456 3786
f 3486 3737 3456
f 3737 3786 3456
f 3735 3486 3453
f 3737 3737 3486
f 3553 3819 3819
f 3553 3553 3819
f 3553 3548 3819
f 3619 3901 3900
f 3620 3619 3900
f 3620 3900 3899
f 3898 3899 3898
f 3898 3899 3900
f 3898 3898 3898
f 3893 3893 3901
f 3897 3610 3617
f 3884 3616 3603
f 3616 3884 3615
f 3884 3883 3615
f 3615 3883 3614
f 3883 3882 3614
f 3614 3882 3613
f 3892 3610 3897
f 3893 3901 3621
f 3621 3901 3619
f 3894 3893 3621
f 3629 3628 3906
f 3629 3906 3905
f 3904 3905 3904
f 3904 3905 3906
f 3904 3904 3904
f 3626 3903 3625
f 3625 3903 3902
f 3902 3897 3625
f 3897 3617 3625
f 3896 3624 3611
f 3624 3896 3623
f 3896 3895 3623
f 3623 3895 3622
f 3895 3894 3622
f 3622 3894 3621
f 3882 3881 3613
f 3613 3881 3612
f 3881 3880 3612
f 3612 3880 3611
f 3872 3872 3891
f 3607 3608 3891
f 3890 3607 3891
f 3606 3607 3890
f 3889 3606 3890
f 3605 3606 3889
f 3888 3605 3889
f 3604 3605 3888
f 3887 3604 3888
f 3603 3604 3887
f 3886 3603 3887
f 3603 3886 3885
f 3603 3603 3885
f 3603 3885 3884
f 3883 3884 3883
f 3872 3891 3609
f 3628 3907 3906
f 3609 3891 3608
f 3876 3602 3610
f 3880 3879 3611
f 3896 3879 3878
f 3611 3879 3896
f 3611 3611 3879
f 3895 3896 3878
f 3895 3895 3878
f 3895 3878 3878
f 3894 3895 3894
f 3894 3895 3895
f 3893 3894 3893
f 3893 3894 3894
f 3893 3893 3893
f 3610 3892 3877
f 3610 3610 3877
f 3610 3877 3876
f 3872 3609 3596
f 3883 3884 3885
f 3907 3628 3908
f 3898 3898 3908
f 3920 3645 3927
f 3911 3649 3636
f 3649 3926 3648
f 3911 3926 3649
f 3911 3911 3926
f 3647 3648 3926
f 3645 3645 3650
f 3925 3647 3926
f 3924 3646 3925
f 3646 3924 3922
f 3646 3646 3922
f 3646 3922 3921
f 3923 3921 3922
f 3645 3645 3645
f 3646 3647 3925
f 3645 3650 3927
f 3927 3650 3928
f 3928 3650 3929
f 3934 3929 3656
f 3929 3652 3656
f 3921 3655 3646
f 3655 3933 3653
f 3921 3933 3655
f 3921 3923 3933
f 3653 3933 3932
f 3654 3653 3932
f 3654 3932 3931
f 3930 3931 3930
f 3930 3931 3932
f 3930 3930 3930
f 3652 3929 3651
f 3651 3929 3929
f 3650 3651 3929
f 3919 3644 3645
f 3920 3919 3645
f 3920 3645 3645
f 3643 3644 3919
f 3636 3912 3911
f 3636 3636 3911
f 3636 3911 3911
f 3911 3911 3911
f 3635 3635 3635
f 3909 3634 3635
f 3910 3909 3635
f 3910 3635 3635
f 3909 3903 3634
f 3903 3626 3634
f 3899 3633 3620
f 3633 3899 3632
f 3899 3898 3632
f 3632 3908 3631
f 3898 3908 3632
f 3912 3636 3913
f 3628 3631 3908
f 3636 3637 3913
f 3637 3638 3914
f 3918 3643 3919
f 3917 3643 3918
f 3635 3643 3917
f 3635 3635 3643
f 3910 3635 3917
f 3905 3642 3629
f 3642 3905 3641
f 3905 3904 3641
f 3641 3916 3640
f 3904 3916 3641
f 3904 3904 3916
f 3639 3640 3916
f 3915 3639 3916
f 3638 3639 3915
f 3914 3638 3915
f 3913 3637 3914
f 3882 3883 3882
f 3882 3883 3883
f 3881 3882 3881
f 3838 3571 3570
f 3566 3837 3566
f 3566 3840 3837
f 3840 3840 3837
f 3566 3569 3840
f 3833 3839 3563
f 3838 3838 3571
f 3839 3567 3563
f 3568 3567 3838
f 3568 3838 3838
f 3838 3838 3838
f 3562 3831 3831
f 3562 3837 3831
f 3837 3837 3831
f 3567 3839 3838
f 3838 3841 3571
f 3838 3570 3568
f 3840 3840 3569
f 3578 3579 3847
f 3846 3578 3847
f 3577 3578 3846
f 3845 3577 3846
f 3577 3845 3577
f 3577 3845 3845
f 3844 3572 3576
f 3842 3572 3844
f 3841 3843 3571
f 3843 3573 3571
f 3573 3843 3574
f 3574 3843 3843
f 3840 3840 3840
f 3842 3569 3572
f 3840 3569 3842
f 3562 3566 3837
f 3560 3830 3836
f 3565 3836 3835
f 3560 3836 3565
f 3555 3824 3824
f 3555 3828 3824
f 3828 3829 3824
f 3555 3559 3828
f 3553 3823 3826
f 3823 3827 3826
f 3558 3553 3826
f 3826 3553 3553
f 3820 3825 3822
f 3556 3820 3551
f 3556 3825 3820
f 3556 3824 3825
f 3824 3824 3825
f 3556 3555 3824
f 3819 3823 3553
f 3555 3824 3555
f 3847 3579 3574
f 3824 3824 3824
f 3560 3830 3830
f 3560 3560 3836
f 3564 3565 3835
f 3834 3564 3835
f 3563 3564 3834
f 3833 3563 3834
f 3563 3833 3563
f 3563 3833 3833
f 3828 3832 3829
f 3559 3832 3828
f 3559 3831 3832
f 3559 3562 3831
f 3826 3827 3830
f 3560 3558 3826
f 3560 3826 3830
f 3560 3830 3560
f 3560 3560 3560
f 3843 3847 3574
f 3844 3576 3848
f 3848 3576 3580
f 3874 3597 3875
f 3596 3597 3874
f 3873 3596 3874
f 3596 3873 3872
f 3596 3596 3872
f 3596 3872 3872
f 3872 3872 3872
f 3871 3589 3595
f 3862 3589 3871
f 3856 3593 3587
f 3593 3870 3592
f 3856 3870 3593
f 3856 3858 3870
f 3591 3592 3870
f 3869 3591 3870
f 3597 3598 3875
f 3590 3591 3869
f 3863 3865 3875
f 3599 3875 3598
f 3881 3882 3882
f 3880 3881 3880
f 3880 3881 3881
f 3879 3880 3879
f 3879 3880 3880
f 3878 3879 3878
f 3878 3879 3879
f 3878 3878 3878
f 3877 3871 3595
f 3876 3877 3595
f 3876 3595 3601
f 3601 3602 3876
f 3866 3600 3590
f 3600 3866 3599
f 3866 3863 3599
f 3863 3875 3599
f 3721 3722 3443
f 3868 3590 3869
f 3590 3590 3867
f 3585 3854 3584
f 3849 3854 3585
f 3849 3849 3854
f 3583 3584 3854
f 3852 3583 3854
f 3583 3852 3583
f 3583 3852 3853
f 3848 3580 3850
f 3850 3580 3580
f 3580 3582 3850
f 3582 3851 3850
f 3845 3581 3577
f 3849 3581 3845
f 3849 3849 3581
f 3849 3849 3849
f 3849 3585 3581
f 3590 3868 3867
f 3851 3582 3855
f 3858 3856 3857
f 3590 3867 3866
f 3863 3866 3864
f 3864 3866 3867
f 3865 3863 3864
f 3855 3586 3861
f 3861 3586 3586
f 3586 3589 3861
f 3589 3862 3861
f 3853 3860 3583
f 3860 3588 3583
f 3587 3588 3860
f 3859 3587 3860
f 3587 3859 3857
f 3587 3587 3857
f 3587 3857 3856
f 3855 3582 3586
f 3514 3516 3515
f 3719 3720 3442
f 3717 3718 3719
f 3273 3565 3277
f 3273 3273 3565
f 3276 3277 3564
f 3563 3276 3564
f 3276 3563 3276
f 3276 3563 3563
f 3277 3565 3564
f 3272 3559 3272
f 3272 3562 3559
f 3562 3562 3559
f 3562 3272 3561
f 3272 3274 3561
f 3274 3275 3561
f 3557 3558 3560
f 3272 3559 3559
f 3273 3560 3565
f 3566 3561 3275
f 3279 3566 3275
f 3570 3571 3280
f 3570 3280 3280
f 3566 3566 3566
f 3569 3279 3283
f 3566 3279 3569
f 3566 3566 3279
f 3563 3567 3276
f 3567 3281 3276
f 3280 3281 3567
f 3280 3280 3567
f 3280 3567 3568
f 3280 3280 3280
f 3562 3561 3566
f 3562 3562 3566
f 3562 3566 3566
f 3273 3270 3557
f 3273 3557 3560
f 3273 3560 3273
f 3273 3560 3560
f 3260 3548 3265
f 3548 3553 3265
f 3265 3260 3265
f 3265 3260 3260
f 3545 3552 3547
f 3264 3550 3552
f 3259 3264 3552
f 3259 3552 3545
f 3262 3550 3264
f 3549 3550 3262
f 3549 3551 3550
f 3262 3263 3549
f 3542 3544 3260
f 3544 3548 3260
f 3260 3256 3260
f 3267 3268 3554
f 3571 3284 3280
f 3269 3267 3554
f 3555 3555 3556
f 3273 3273 3273
f 3555 3555 3555
f 3555 3554 3559
f 3555 3555 3559
f 3555 3559 3559
f 3272 3559 3268
f 3559 3554 3268
f 3265 3553 3557
f 3553 3558 3557
f 3270 3265 3557
f 3557 3265 3265
f 3549 3556 3551
f 3269 3549 3263
f 3269 3556 3549
f 3269 3555 3556
f 3555 3269 3554
f 3260 3256 3542
f 3280 3568 3570
f 3572 3283 3286
f 3586 3301 3589
f 3586 3586 3301
f 3583 3304 3299
f 3304 3588 3303
f 3583 3588 3304
f 3583 3583 3588
f 3589 3301 3305
f 3302 3303 3588
f 3302 3587 3302
f 3302 3587 3587
f 3586 3582 3296
f 3586 3586 3296
f 3586 3296 3300
f 3300 3301 3586
f 3587 3302 3588
f 3586 3586 3586
f 3307 3590 3590
f 3306 3590 3307
f 3314 3313 3596
f 3314 3596 3596
f 3596 3596 3596
f 3595 3589 3305
f 3594 3595 3305
f 3594 3305 3311
f 3311 3312 3594
f 3587 3593 3302
f 3593 3310 3302
f 3309 3310 3593
f 3592 3309 3593
f 3308 3309 3592
f 3591 3308 3592
f 3306 3308 3591
f 3590 3306 3591
f 3295 3581 3585
f 3298 3585 3584
f 3295 3585 3298
f 3295 3295 3585
f 3287 3287 3579
f 3291 3293 3578
f 3577 3291 3578
f 3291 3577 3292
f 3292 3577 3577
f 3576 3572 3286
f 3575 3576 3286
f 3575 3286 3289
f 3289 3290 3575
f 3571 3573 3284
f 3573 3288 3284
f 3287 3288 3573
f 3287 3287 3573
f 3287 3573 3574
f 3287 3287 3287
f 3287 3579 3293
f 3569 3283 3572
f 3293 3579 3578
f 3580 3575 3290
f 3298 3584 3583
f 3299 3298 3583
f 3299 3583 3583
f 3583 3583 3583
f 3580 3580 3580
f 3582 3294 3296
f 3580 3294 3582
f 3580 3580 3294
f 3581 3292 3577
f 3295 3292 3581
f 3295 3295 3292
f 3295 3295 3295
f 3575 3580 3576
f 3576 3580 3580
f 3294 3580 3290
f 3287 3574 3579
f 3313 3597 3596
f 3541 3541 3541
f 3540 3541 3541
f 3193 3193 3193
f 3190 3190 3190
f 3190 3200 3190
f 3190 3200 3200
f 3200 3199 3200
f 3200 3199 3199
f 3487 3193 3193
f 3199 3198 3199
f 3198 3197 3198
f 3198 3197 3197
f 3197 3196 3197
f 3197 3196 3196
f 3196 3195 3196
f 3196 3195 3195
f 3199 3198 3198
f 3201 3193 3487
f 3202 3201 3487
f 3202 3201 3202
f 3497 3210 3495
f 3210 3208 3495
f 3495 3208 3493
f 3208 3207 3493
f 3493 3207 3491
f 3207 3206 3491
f 3491 3206 3206
f 3206 3205 3206
f 3206 3205 3205
f 3205 3204 3205
f 3205 3204 3204
f 3204 3203 3204
f 3204 3203 3203
f 3203 3202 3203
f 3203 3202 3202
f 3195 3187 3195
f 3195 3187 3187
f 3187 3187 3187
f 3484 3535 3485
f 3524 3526 3525
f 3522 3473 3523
f 3473 3524 3523
f 3471 3522 3521
f 3473 3522 3471
f 3473 3473 3522
f 3471 3521 3520
f 3468 3471 3520
f 3519 3468 3520
f 3470 3468 3519
f 3470 3470 3468
f 3517 3518 3519
f 3518 3470 3519
f 3515 3516 3517
f 3516 3518 3517
f 3523 3524 3525
f 3212 3210 3497
f 3526 3528 3527
f 3528 3476 3529
f 3536 3181 3194
f 3535 3181 3536
f 3535 3484 3181
f 3481 3483 3533
f 3483 3534 3533
f 3481 3533 3532
f 3479 3481 3532
f 3479 3532 3531
f 3477 3479 3531
f 3477 3531 3530
f 3474 3477 3530
f 3529 3474 3530
f 3476 3474 3529
f 3476 3476 3474
f 3527 3528 3529
f 3525 3526 3527
f 3546 3541 3540
f 3499 3212 3497
f 3501 3213 3499
f 3194 3252 3540
f 3252 3253 3540
f 3533 3534 3538
f 3534 3539 3538
f 3533 3538 3537
f 3532 3533 3537
f 3541 3194 3540
f 3532 3537 3250
f 3530 3531 3250
f 3249 3530 3250
f 3249 3250 3250
f 3249 3247 3530
f 3530 3247 3529
f 3247 3245 3529
f 3531 3532 3250
f 3541 3194 3194
f 3541 3541 3194
f 3541 3536 3194
f 3258 3540 3253
f 3258 3546 3540
f 3258 3545 3546
f 3545 3547 3546
f 3258 3259 3545
f 3538 3539 3543
f 3538 3542 3537
f 3543 3542 3538
f 3543 3544 3542
f 3250 3537 3542
f 3250 3250 3542
f 3250 3542 3256
f 3250 3250 3250
f 3243 3243 3243
f 3243 3243 3243
f 3529 3245 3527
f 3243 3525 3527
f 3243 3243 3527
f 3243 3527 3245
f 3226 3224 3511
f 3511 3224 3508
f 3224 3222 3510
f 3508 3224 3510
f 3508 3510 3510
f 3220 3510 3222
f 3507 3510 3220
f 3507 3220 3218
f 3507 3507 3218
f 3507 3218 3505
f 3218 3216 3505
f 3505 3216 3503
f 3216 3214 3503
f 3503 3214 3501
f 3214 3213 3501
f 3513 3226 3511
f 3213 3212 3499
f 3228 3226 3513
f 3230 3228 3515
f 3523 3525 3243
f 3242 3523 3243
f 3242 3243 3243
f 3242 3240 3523
f 3523 3240 3522
f 3240 3238 3522
f 3522 3238 3521
f 3238 3236 3521
f 3521 3236 3520
f 3236 3234 3520
f 3520 3234 3519
f 3234 3232 3519
f 3519 3232 3517
f 3232 3230 3517
f 3517 3230 3515
f 3515 3228 3513
f 3597 3313 3598
f 3313 3315 3598
f 3598 3315 3599
f 3392 3393 3675
f 3674 3392 3675
f 3391 3392 3674
f 3673 3391 3674
f 3390 3391 3673
f 3672 3390 3673
f 3675 3393 3676
f 3389 3390 3672
f 3388 3389 3671
f 3670 3388 3671
f 3387 3388 3670
f 3669 3387 3670
f 3386 3387 3669
f 3668 3386 3669
f 3671 3389 3672
f 3393 3394 3676
f 3676 3394 3677
f 3394 3395 3677
f 3683 3684 3403
f 3402 3683 3403
f 3681 3683 3402
f 3401 3681 3402
f 3680 3681 3401
f 3680 3682 3681
f 3401 3400 3680
f 3663 3398 3382
f 3398 3679 3397
f 3663 3679 3398
f 3663 3663 3679
f 3396 3397 3679
f 3678 3396 3679
f 3395 3396 3678
f 3677 3395 3678
f 3385 3386 3668
f 3667 3385 3668
f 3384 3385 3667
f 3666 3384 3667
f 3656 3374 3658
f 3654 3657 3371
f 3657 3376 3371
f 3376 3657 3376
f 3376 3657 3657
f 3374 3374 3374
f 3656 3369 3369
f 3656 3369 3374
f 3656 3374 3656
f 3656 3374 3374
f 3652 3369 3656
f 3646 3373 3363
f 3373 3655 3372
f 3646 3655 3373
f 3646 3646 3655
f 3374 3374 3377
f 3403 3684 3404
f 3374 3377 3658
f 3659 3377 3660
f 3666 3662 3384
f 3662 3381 3384
f 3657 3665 3376
f 3665 3383 3376
f 3382 3383 3665
f 3664 3382 3665
f 3382 3664 3663
f 3382 3382 3663
f 3382 3663 3663
f 3663 3663 3663
f 3381 3662 3379
f 3379 3662 3661
f 3378 3379 3661
f 3660 3378 3661
f 3377 3378 3660
f 3658 3377 3659
f 3371 3372 3655
f 3684 3685 3404
f 3685 3686 3405
f 3427 3426 3703
f 3703 3426 3701
f 3426 3422 3701
f 3701 3422 3422
f 3422 3422 3422
f 3695 3695 3695
f 3705 3427 3703
f 3707 3695 3694
f 3424 3694 3414
f 3424 3707 3694
f 3424 3706 3707
f 3706 3706 3707
f 3424 3425 3706
f 3704 3705 3703
f 3694 3695 3695
f 3705 3705 3427
f 3705 3429 3427
f 3705 3708 3429
f 3718 3720 3719
f 3715 3716 3717
f 3716 3718 3717
f 3713 3714 3715
f 3714 3716 3715
f 3711 3712 3713
f 3712 3714 3713
f 3434 3710 3711
f 3710 3712 3711
f 3710 3433 3709
f 3434 3433 3710
f 3434 3434 3433
f 3431 3709 3433
f 3708 3709 3431
f 3429 3708 3431
f 3701 3702 3703
f 3702 3704 3703
f 3422 3700 3701
f 3700 3702 3701
f 3695 3695 3696
f 3695 3415 3694
f 3415 3413 3694
f 3413 3414 3694
f 3692 3693 3691
f 3689 3690 3691
f 3690 3692 3691
f 3690 3410 3688
f 3689 3410 3690
f 3689 3411 3410
f 3408 3688 3410
f 3687 3688 3408
f 3406 3687 3408
f 3686 3687 3406
f 3405 3686 3406
f 3695 3696 3415
f 3404 3685 3405
f 3415 3696 3400
f 3400 3400 3697
f 3700 3421 3699
f 3422 3421 3700
f 3422 3422 3421
f 3419 3699 3421
f 3698 3699 3419
f 3418 3698 3419
f 3693 3698 3418
f 3693 3418 3417
f 3693 3693 3417
f 3693 3417 3691
f 3417 3416 3691
f 3691 3416 3689
f 3689 3416 3411
f 3680 3697 3682
f 3400 3696 3697
f 3400 3697 3680
f 3653 3371 3655
f 3371 3653 3371
f 3371 3653 3654
f 3620 3618 3619
f 3329 3617 3610
f 3328 3329 3610
f 3328 3610 3610
f 3610 3326 3328
f 3603 3327 3319
f 3330 3619 3618
f 3603 3616 3616
f 3603 3327 3603
f 3603 3327 3327
f 3615 3616 3615
f 3615 3616 3616
f 3614 3615 3614
f 3614 3615 3615
f 3603 3616 3327
f 3330 3330 3619
f 3330 3621 3619
f 3621 3330 3622
f 3615 3614 3337
f 3337 3614 3336
f 3614 3613 3336
f 3336 3613 3335
f 3613 3612 3335
f 3335 3612 3334
f 3612 3611 3334
f 3334 3624 3333
f 3611 3624 3334
f 3611 3611 3624
f 3332 3333 3624
f 3623 3332 3624
f 3331 3332 3623
f 3622 3331 3623
f 3330 3331 3622
f 3613 3614 3613
f 3613 3614 3614
f 3612 3613 3612
f 3612 3613 3613
f 3319 3320 3605
f 3604 3319 3605
f 3319 3604 3603
f 3319 3319 3603
f 3319 3603 3603
f 3603 3603 3603
f 3594 3601 3595
f 3602 3312 3318
f 3601 3312 3602
f 3601 3594 3312
f 3590 3600 3307
f 3600 3317 3307
f 3316 3317 3600
f 3599 3316 3600
f 3315 3316 3599
f 3605 3320 3606
f 3338 3615 3337
f 3320 3321 3606
f 3321 3322 3607
f 3611 3612 3611
f 3611 3612 3612
f 3611 3611 3611
f 3610 3610 3610
f 3326 3602 3318
f 3610 3602 3326
f 3610 3610 3602
f 3596 3325 3314
f 3325 3609 3324
f 3596 3609 3325
f 3596 3596 3609
f 3323 3324 3609
f 3608 3323 3609
f 3322 3323 3608
f 3607 3322 3608
f 3606 3321 3607
f 3616 3615 3338
f 3339 3616 3338
f 3616 3339 3327
f 3646 3646 3646
f 3361 3645 3359
f 3359 3645 3645
f 3358 3359 3645
f 3644 3358 3645
f 3643 3358 3644
f 3348 3358 3643
f 3348 3348 3358
f 3635 3348 3643
f 3630 3357 3343
f 3357 3630 3356
f 3630 3627 3356
f 3356 3642 3355
f 3627 3642 3356
f 3627 3629 3642
f 3363 3646 3646
f 3354 3355 3642
f 3363 3362 3646
f 3647 3362 3648
f 3369 3369 3369
f 3651 3368 3369
f 3652 3651 3369
f 3652 3369 3369
f 3367 3368 3651
f 3650 3367 3651
f 3650 3645 3367
f 3645 3361 3367
f 3636 3366 3350
f 3366 3649 3365
f 3636 3649 3366
f 3636 3636 3649
f 3364 3365 3649
f 3648 3364 3649
f 3362 3364 3648
f 3362 3647 3646
f 3720 3721 3442
f 3641 3354 3642
f 3640 3353 3641
f 3345 3633 3344
f 3618 3633 3345
f 3618 3620 3633
f 3343 3344 3633
f 3632 3343 3633
f 3343 3632 3631
f 3343 3343 3631
f 3343 3631 3630
f 3627 3630 3628
f 3628 3630 3631
f 3629 3627 3628
f 3342 3626 3340
f 3340 3626 3625
f 3625 3617 3340
f 3617 3329 3340
f 3618 3345 3330
f 3353 3354 3641
f 3626 3342 3346
f 3634 3346 3635
f 3352 3353 3640
f 3639 3352 3640
f 3351 3352 3639
f 3638 3351 3639
f 3349 3351 3638
f 3637 3349 3638
f 3349 3637 3636
f 3350 3349 3636
f 3350 3636 3636
f 3636 3636 3636
f 3348 3348 3348
f 3635 3347 3348
f 3635 3635 3348
f 3635 3348 3348
f 3346 3347 3635
f 3634 3626 3346
f 2782 3011 3000
f 2788 2789 3013
f 2763 3000 3000
f 2101 2101 2101
f 2101 2112 2387
f 2101 2101 2387
f 2101 2387 2374
f 2112 2113 2387
f 2113 2388 2387
f 2111 2111 2111
f 2385 2386 2384
f 2383 2385 2384
f 2383 2110 2382
f 2111 2110 2383
f 2111 2111 2110
f 2108 2382 2110
f 2381 2382 2108
f 2111 2383 2384
f 2384 2111 2111
f 2114 2111 2384
f 2386 2114 2384
f 2118 2118 2118
f 2388 2113 2394
f 2394 2113 2119
f 2119 2120 2394
f 2120 2395 2394
f 2392 2393 2391
f 2118 2390 2391
f 2390 2392 2391
f 2390 2117 2389
f 2118 2117 2390
f 2118 2118 2117
f 2115 2389 2117
f 2386 2389 2115
f 2386 2115 2114
f 2386 2386 2114
f 2106 2381 2108
f 2380 2381 2106
f 2105 2380 2106
f 2379 2380 2105
f 2369 2098 2370
f 2097 2098 2369
f 2368 2097 2369
f 2096 2097 2368
f 2367 2096 2368
f 2095 2096 2367
f 2366 2095 2367
f 2366 2367 2367
f 2365 2094 2095
f 2365 2365 2095
f 2365 2095 2366
f 2093 2094 2365
f 2364 2093 2365
f 2092 2093 2364
f 2363 2092 2364
f 2098 2099 2370
f 2391 2118 2118
f 2087 2087 2371
f 2099 2371 2370
f 2104 2379 2105
f 2378 2379 2104
f 2103 2378 2104
f 2377 2378 2103
f 2102 2377 2103
f 2376 2377 2102
f 2100 2376 2102
f 2375 2376 2100
f 2100 2373 2375
f 2101 2373 2100
f 2101 2101 2373
f 2374 2373 2101
f 2366 2367 2372
f 2365 2366 2372
f 2087 2355 2371
f 2087 2371 2099
f 2091 2092 2363
f 2122 2118 2391
f 2393 2393 2122
f 2142 2141 2408
f 2408 2141 2406
f 2141 2140 2406
f 2406 2140 2404
f 2140 2136 2404
f 2404 2136 2136
f 2410 2142 2408
f 2136 2136 2136
f 2416 2133 2139
f 2137 2416 2139
f 2415 2416 2137
f 2415 2417 2416
f 2137 2138 2415
f 2413 2414 2412
f 2402 2133 2416
f 2144 2142 2410
f 2412 2144 2410
f 2146 2144 2412
f 2423 2425 2424
f 2155 2421 2422
f 2421 2423 2422
f 2421 2154 2420
f 2155 2154 2421
f 2155 2155 2154
f 2152 2420 2154
f 2419 2420 2152
f 2150 2419 2152
f 2418 2419 2150
f 2148 2418 2150
f 2414 2418 2148
f 2414 2148 2146
f 2414 2414 2146
f 2414 2146 2412
f 2410 2411 2412
f 2411 2413 2412
f 2408 2409 2410
f 2409 2411 2410
f 2127 2398 2131
f 2127 2131 2127
f 2127 2131 2131
f 2127 2127 2127
f 2395 2120 2395
f 2395 2120 2120
f 2120 2128 2395
f 2128 2399 2395
f 2397 2398 2127
f 2397 2126 2396
f 2127 2126 2397
f 2127 2127 2126
f 2124 2396 2126
f 2393 2396 2124
f 2393 2124 2122
f 2127 2398 2398
f 2393 2122 2391
f 2398 2400 2131
f 2132 2133 2401
f 2406 2407 2408
f 2407 2409 2408
f 2404 2405 2406
f 2405 2407 2406
f 2136 2403 2404
f 2403 2405 2404
f 2403 2135 2400
f 2136 2135 2403
f 2136 2136 2135
f 2400 2135 2131
f 2400 2400 2131
f 2400 2131 2131
f 2131 2131 2131
f 2399 2128 2401
f 2401 2128 2132
f 2133 2402 2401
f 2422 2423 2424
f 2362 2091 2363
f 2361 2090 2362
f 2314 2048 2324
f 2314 2037 2048
f 2323 2312 2324
f 2312 2314 2324
f 2313 2312 2323
f 2031 2304 2322
f 2324 2048 2325
f 2047 2322 2321
f 2031 2031 2322
f 2046 2047 2321
f 2320 2046 2321
f 2045 2046 2320
f 2319 2045 2320
f 2044 2045 2319
f 2031 2322 2047
f 2325 2049 2326
f 2325 2325 2049
f 2325 2048 2049
f 2058 2333 2332
f 2041 2333 2058
f 2041 2041 2333
f 2057 2058 2332
f 2331 2057 2332
f 2056 2057 2331
f 2330 2056 2331
f 2055 2056 2330
f 2328 2055 2330
f 2053 2055 2328
f 2327 2053 2328
f 2327 2328 2329
f 2053 2327 2054
f 2050 2326 2050
f 2050 2326 2049
f 2317 2044 2319
f 2043 2044 2317
f 2316 2043 2317
f 2316 2317 2318
f 2023 2024 2308
f 2306 2022 2307
f 2022 2023 2307
f 2033 2306 2305
f 2022 2306 2033
f 2022 2022 2306
f 2032 2033 2305
f 2303 2032 2305
f 2031 2032 2303
f 2031 2031 2303
f 2031 2303 2304
f 2031 2031 2031
f 2026 2028 2302
f 2302 2301 2026
f 2026 2301 2025
f 2307 2023 2308
f 2041 2315 2334
f 2024 2297 2309
f 2297 2298 2309
f 2316 2315 2043
f 2043 2315 2042
f 2315 2041 2042
f 2042 2041 2041
f 2041 2041 2041
f 2035 2037 2314
f 2314 2312 2035
f 2035 2312 2034
f 2311 2302 2028
f 2311 2028 2034
f 2311 2034 2313
f 2313 2034 2312
f 2310 2301 2311
f 2301 2302 2311
f 2300 2301 2310
f 2308 2024 2309
f 2090 2091 2362
f 2333 2041 2334
f 2334 2315 2335
f 2080 2354 2071
f 2080 2080 2071
f 2080 2071 2071
f 2071 2354 2353
f 2348 2071 2353
f 2353 2347 2348
f 2080 2080 2080
f 2352 2347 2353
f 2346 2347 2352
f 2065 2342 2351
f 2079 2351 2350
f 2065 2351 2079
f 2065 2065 2351
f 2078 2079 2350
f 2352 2352 2347
f 2087 2087 2087
f 2087 2355 2355
f 2087 2355 2087
f 2089 2090 2361
f 2360 2089 2361
f 2088 2089 2360
f 2359 2088 2360
f 2358 2088 2359
f 2080 2088 2358
f 2080 2080 2088
f 2357 2354 2358
f 2354 2080 2358
f 2356 2353 2357
f 2353 2354 2357
f 2352 2353 2356
f 2077 2349 2355
f 2087 2077 2077
f 2087 2077 2355
f 2349 2078 2350
f 2077 2078 2349
f 2077 2077 2349
f 2077 2349 2349
f 2065 2066 2341
f 2065 2065 2341
f 2065 2341 2342
f 2065 2065 2065
f 2060 2062 2339
f 2338 2059 2060
f 2340 2338 2060
f 2340 2060 2339
f 2337 2059 2338
f 2050 2059 2337
f 2050 2050 2059
f 2336 2326 2337
f 2326 2050 2337
f 2325 2326 2336
f 2316 2318 2335
f 2341 2066 2343
f 2315 2316 2335
f 2066 2067 2343
f 2054 2344 2067
f 2077 2077 2077
f 2071 2071 2071
f 2071 2348 2071
f 2071 2348 2070
f 2348 2347 2070
f 2070 2347 2069
f 2346 2068 2069
f 2346 2346 2069
f 2346 2069 2347
f 2345 2068 2346
f 2339 2068 2345
f 2339 2062 2068
f 2340 2339 2345
f 2327 2329 2344
f 2067 2344 2343
f 2054 2327 2344
f 2300 2019 2019
f 2425 2427 2426
f 2427 2429 2428
f 2230 2224 2502
f 2507 2219 2226
f 2501 2219 2507
f 2498 2500 2505
f 2500 2506 2505
f 2498 2505 2504
f 2230 2224 2230
f 2497 2498 2504
f 2496 2497 2503
f 2496 2503 2502
f 2495 2496 2502
f 2218 2495 2502
f 2218 2218 2502
f 2218 2502 2224
f 2497 2504 2503
f 2502 2503 2230
f 2503 2508 2230
f 2503 2504 2508
f 2516 2515 2510
f 2516 2516 2515
f 2509 2515 2514
f 2508 2509 2514
f 2508 2514 2513
f 2230 2508 2513
f 2236 2230 2513
f 2513 2230 2230
f 2512 2226 2232
f 2507 2226 2512
f 2505 2506 2510
f 2506 2511 2510
f 2505 2510 2509
f 2504 2505 2509
f 2504 2509 2508
f 2218 2218 2218
f 2494 2494 2494
f 2501 2212 2219
f 2494 2212 2501
f 2481 2481 2481
f 2211 2481 2186
f 2211 2481 2481
f 2211 2494 2481
f 2494 2494 2481
f 2211 2212 2494
f 2492 2493 2491
f 2489 2490 2491
f 2490 2492 2491
f 2487 2488 2489
f 2488 2490 2489
f 2485 2486 2487
f 2486 2488 2487
f 2484 2480 2485
f 2480 2486 2485
f 2210 2210 2210
f 2510 2515 2509
f 2484 2210 2210
f 2485 2215 2484
f 2494 2494 2212
f 2499 2500 2498
f 2497 2493 2498
f 2493 2499 2498
f 2491 2497 2496
f 2493 2497 2491
f 2493 2493 2497
f 2491 2496 2495
f 2489 2491 2495
f 2489 2495 2218
f 2487 2489 2218
f 2485 2487 2218
f 2217 2485 2218
f 2217 2218 2218
f 2217 2215 2485
f 2215 2210 2484
f 2478 2484 2210
f 2510 2511 2516
f 2517 2232 2237
f 2261 2262 2537
f 2536 2261 2537
f 2536 2537 2537
f 2536 2535 2261
f 2261 2535 2259
f 2259 2535 2260
f 2256 2256 2538
f 2532 2532 2532
f 2532 2253 2534
f 2532 2532 2253
f 2529 2531 2533
f 2256 2252 2529
f 2256 2529 2533
f 2256 2533 2256
f 2534 2253 2257
f 2256 2538 2262
f 2262 2538 2537
f 2256 2533 2538
f 2544 2539 2269
f 2544 2269 2269
f 2545 2544 2269
f 2536 2537 2543
f 2542 2535 2543
f 2535 2536 2543
f 2268 2542 2541
f 2260 2542 2268
f 2260 2535 2542
f 2763 2782 3000
f 2540 2266 2541
f 2540 2541 2541
f 2266 2540 2267
f 2539 2257 2263
f 2534 2257 2539
f 2256 2533 2533
f 2256 2256 2256
f 2527 2532 2528
f 2528 2532 2532
f 2246 2524 2523
f 2523 2524 2524
f 2246 2523 2247
f 2522 2237 2243
f 2517 2237 2522
f 2515 2516 2521
f 2515 2520 2514
f 2521 2520 2515
f 2521 2521 2520
f 2514 2520 2519
f 2513 2514 2519
f 2513 2519 2518
f 2236 2513 2518
f 2236 2518 2241
f 2241 2518 2242
f 2246 2518 2524
f 2512 2232 2517
f 2246 2242 2518
f 2524 2518 2525
f 2253 2532 2248
f 2532 2527 2248
f 2523 2524 2530
f 2251 2247 2523
f 2251 2523 2530
f 2251 2530 2529
f 2529 2530 2531
f 2251 2529 2252
f 2528 2522 2243
f 2527 2528 2243
f 2527 2243 2243
f 2243 2248 2527
f 2520 2521 2526
f 2525 2519 2526
f 2519 2520 2526
f 2518 2519 2525
f 2424 2425 2426
f 2480 2484 2478
f 2476 2478 2210
f 2162 2161 2430
f 2430 2161 2428
f 2161 2160 2428
f 2428 2160 2426
f 2160 2159 2426
f 2426 2159 2424
f 2163 2162 2430
f 2159 2158 2424
f 2158 2155 2422
f 2422 2155 2155
f 2415 2461 2417
f 2157 2459 2461
f 2138 2157 2461
f 2138 2461 2415
f 2424 2158 2422
f 2163 2162 2163
f 2164 2163 2163
f 2164 2163 2164
f 2444 2171 2442
f 2171 2170 2442
f 2442 2170 2440
f 2170 2169 2440
f 2440 2169 2438
f 2169 2168 2438
f 2438 2168 2168
f 2168 2167 2168
f 2168 2167 2167
f 2167 2166 2167
f 2167 2166 2166
f 2166 2165 2166
f 2166 2165 2165
f 2165 2164 2165
f 2165 2164 2164
f 2157 2156 2459
f 2156 2460 2459
f 2457 2458 2456
f 2454 2455 2456
f 2167 2436 2168
f 2436 2437 2168
f 2166 2435 2167
f 2435 2436 2167
f 2165 2434 2166
f 2434 2435 2166
f 2164 2433 2165
f 2433 2434 2165
f 2163 2432 2164
f 2432 2433 2164
f 2430 2431 2163
f 2431 2432 2163
f 2428 2429 2430
f 2429 2431 2430
f 2426 2427 2428
f 2437 2439 2438
f 2172 2171 2444
f 2168 2437 2438
f 2438 2439 2440
f 2455 2457 2456
f 2452 2453 2454
f 2453 2455 2454
f 2450 2451 2452
f 2451 2453 2452
f 2448 2449 2450
f 2449 2451 2450
f 2446 2447 2448
f 2447 2449 2448
f 2444 2445 2446
f 2445 2447 2446
f 2442 2443 2444
f 2443 2445 2444
f 2440 2441 2442
f 2441 2443 2442
f 2439 2441 2440
f 2480 2480 2484
f 2446 2172 2444
f 2448 2173 2446
f 2193 2191 2191
f 2191 2189 2191
f 2191 2189 2189
f 2189 2184 2189
f 2189 2184 2184
f 2184 2184 2184
f 2193 2191 2193
f 2460 2156 2483
f 2187 2483 2156
f 2482 2483 2187
f 2185 2482 2187
f 2481 2482 2185
f 2481 2481 2482
f 2185 2186 2481
f 2483 2156 2156
f 2195 2193 2193
f 2195 2193 2195
f 2197 2195 2195
f 2209 2476 2210
f 2209 2210 2210
f 2209 2207 2476
f 2476 2207 2474
f 2207 2205 2474
f 2474 2205 2472
f 2205 2203 2472
f 2472 2203 2470
f 2203 2201 2470
f 2470 2201 2201
f 2201 2199 2201
f 2201 2199 2199
f 2199 2197 2199
f 2199 2197 2197
f 2197 2195 2197
f 2479 2480 2478
f 2476 2477 2478
f 2477 2479 2478
f 2474 2475 2476
f 2184 2462 2189
f 2462 2463 2189
f 2456 2458 2462
f 2456 2462 2184
f 2456 2184 2183
f 2183 2184 2184
f 2183 2181 2456
f 2456 2181 2454
f 2181 2179 2454
f 2454 2179 2452
f 2179 2177 2452
f 2452 2177 2450
f 2177 2175 2450
f 2450 2175 2448
f 2175 2173 2448
f 2463 2464 2191
f 2173 2172 2446
f 2189 2463 2191
f 2191 2464 2193
f 2475 2477 2476
f 2472 2473 2474
f 2473 2475 2474
f 2470 2471 2472
f 2471 2473 2472
f 2201 2469 2470
f 2469 2471 2470
f 2199 2468 2201
f 2468 2469 2201
f 2197 2467 2199
f 2467 2468 2199
f 2195 2466 2197
f 2466 2467 2197
f 2193 2465 2195
f 2465 2466 2195
f 2464 2465 2193
f 2300 2019 2025
f 2300 2025 2300
f 2300 2025 2301
f 1826 1826 1826
f 2133 1821 2139
f 2139 1821 1821
f 1827 2139 1821
f 2137 2139 1827
f 1827 1828 2137
f 2134 1826 1826
f 1828 2138 2137
f 1826 2131 2134
f 2131 2135 2134
f 2130 2131 2131
f 2130 2131 1826
f 2130 1826 1825
f 1825 1826 1826
f 2135 2136 2134
f 1829 1826 2134
f 2136 1829 2134
f 2136 2136 1829
f 2148 2150 2149
f 2145 2146 2147
f 2146 2148 2147
f 2143 2144 2145
f 2144 2146 2145
f 2144 1837 2142
f 2143 1837 2144
f 2143 1838 1837
f 1835 2142 1837
f 2141 2142 1835
f 1833 2141 1835
f 2140 2141 1833
f 1831 2140 1833
f 2136 2140 1831
f 2136 1831 1829
f 1825 1823 2130
f 2130 1823 2129
f 1823 1822 2129
f 2129 1822 1822
f 2120 1815 2120
f 2120 1815 1815
f 1815 1818 2120
f 1818 2128 2120
f 2126 2127 2125
f 2123 2124 2125
f 2124 2126 2125
f 2121 2122 2123
f 2122 2124 2123
f 1817 2118 2121
f 2118 2122 2121
f 2116 2118 2118
f 2116 2118 1817
f 2116 1817 1816
f 1816 1817 1817
f 1817 1817 1817
f 2147 2148 2149
f 1817 1820 1820
f 1817 2121 1820
f 1822 1820 1822
f 1822 1820 1820
f 1820 1820 1820
f 2128 1818 2132
f 2132 1818 1818
f 1818 1821 2132
f 1821 2133 2132
f 2127 2131 2130
f 2125 2130 2129
f 2127 2130 2125
f 2127 2127 2130
f 2125 2129 1822
f 2123 2125 1822
f 2123 1822 1820
f 2121 2123 1820
f 1817 1817 1820
f 1816 1813 2116
f 2150 2152 2151
f 2152 2154 2153
f 1881 2171 1883
f 2171 2172 1883
f 1877 2170 1881
f 2170 2171 1881
f 2170 1876 2169
f 1877 1876 2170
f 2172 2173 1885
f 1877 1877 1876
f 2168 2169 1874
f 1872 2168 1874
f 2167 2168 1872
f 1870 2167 1872
f 2166 2167 1870
f 1868 2166 1870
f 1874 2169 1876
f 1883 2172 1885
f 2173 2175 2174
f 1885 2173 2174
f 1840 1880 2156
f 1840 2156 2156
f 1879 2187 1880
f 2185 2187 1879
f 1879 1878 2185
f 1878 2186 2185
f 2183 2184 2182
f 2180 2181 2182
f 2181 2183 2182
f 2178 2179 2180
f 2179 2181 2180
f 2176 2177 2178
f 2177 2179 2178
f 2174 2175 2176
f 2175 2177 2176
f 2165 2166 1868
f 1866 2165 1868
f 2164 2165 1866
f 1864 2164 1866
f 1846 1844 2149
f 2149 1844 2147
f 1844 1843 2147
f 2147 1843 2145
f 1843 1842 2145
f 2145 1842 2143
f 2143 1842 1838
f 2138 1828 2157
f 2157 1828 1841
f 1839 2157 1841
f 2156 2157 1839
f 2156 2156 2157
f 1839 1840 2156
f 2154 2155 2153
f 2151 2152 2153
f 2151 1846 2149
f 2149 2150 2151
f 1848 1846 2151
f 1850 1848 2153
f 2163 2164 1864
f 1862 2163 1864
f 2162 2163 1862
f 1860 2162 1862
f 2161 2162 1860
f 1858 2161 1860
f 2160 2161 1858
f 1856 2160 1858
f 2159 2160 1856
f 1854 2159 1856
f 2158 2159 1854
f 1852 2158 1854
f 2155 2158 1852
f 2155 1852 1850
f 2155 1850 2153
f 2153 1848 2151
f 1880 2187 2156
f 2116 1813 1813
f 1806 1806 1806
f 1779 2075 2083
f 1779 2083 2082
f 2074 1779 2082
f 2074 2082 2081
f 2073 2074 2081
f 2081 2072 2073
f 2075 2084 2083
f 2080 2072 2081
f 2071 2072 2080
f 1773 2065 2079
f 1788 2079 2078
f 1773 2079 1788
f 1773 1773 2079
f 1787 1788 2078
f 2080 2080 2072
f 2075 1781 2084
f 1781 2085 2084
f 1789 1781 1781
f 1785 2086 1794
f 1785 1785 1794
f 1785 1794 1794
f 1794 1793 1794
f 1794 1793 1793
f 1793 1792 1793
f 1793 1792 1792
f 1792 1791 1792
f 1792 1791 1791
f 1791 1790 1791
f 1791 1790 1790
f 1790 1789 1790
f 1790 1789 1789
f 1789 2085 1781
f 1789 1789 1781
f 2077 1787 2078
f 1786 1787 2077
f 2076 1786 2077
f 2076 2077 2077
f 2064 1766 2071
f 2069 2063 2070
f 2063 2064 2070
f 2068 2061 2069
f 2061 2063 2069
f 2062 2061 2068
f 1760 2054 2067
f 1775 2067 2066
f 1760 2067 1775
f 1760 1760 2067
f 1774 1775 2066
f 2065 1774 2066
f 1773 1774 2065
f 1773 1773 2065
f 1773 2065 2065
f 2070 2064 2071
f 2087 2087 2086
f 2071 1776 2072
f 2071 1766 1776
f 2076 1785 1786
f 1786 1785 1785
f 1785 1785 1785
f 1781 1781 1781
f 1781 2075 1781
f 1781 2075 1780
f 2075 1779 1780
f 1780 1779 1779
f 1779 2074 1779
f 1779 2074 1778
f 2074 2073 1778
f 1778 2073 1777
f 2073 2072 1777
f 1777 2072 1776
f 2071 1766 1766
f 2071 1776 2071
f 1813 1813 1813
f 2087 2086 2076
f 2076 2077 2087
f 2107 1804 1804
f 1804 1804 1804
f 1797 1797 1797
f 1797 1805 2101
f 1797 1797 2101
f 1797 2101 2101
f 1807 1804 2107
f 1805 2112 2101
f 1806 1806 2112
f 2113 2112 1806
f 2110 2111 2109
f 2107 2108 2109
f 2108 2110 2109
f 1804 2106 2107
f 1806 2112 1805
f 2109 1807 2107
f 1808 1807 2109
f 2111 1808 2109
f 1806 1814 2119
f 1806 1806 2119
f 1806 2119 2113
f 1814 1815 2119
f 1815 2120 2119
f 2117 2118 2116
f 1813 2115 2116
f 2115 2117 2116
f 2115 1812 2114
f 1813 1812 2115
f 1813 1813 1812
f 1810 2114 1812
f 2111 2114 1810
f 2111 1810 1808
f 2111 2111 1808
f 2106 2108 2107
f 2106 1803 2105
f 1804 1803 2106
f 1804 1804 1803
f 2094 1790 2095
f 1790 1791 2095
f 2093 1789 2094
f 1789 1790 2094
f 2092 2085 2093
f 2085 1789 2093
f 2091 2084 2092
f 2084 2085 2092
f 2090 2083 2091
f 2083 2084 2091
f 2089 2082 2090
f 2082 2083 2090
f 2088 2081 2089
f 2081 2082 2089
f 2080 2081 2088
f 1791 1792 2096
f 2076 2086 1785
f 2095 1791 2096
f 2096 1792 2097
f 1801 2105 1803
f 2104 2105 1801
f 1799 2104 1801
f 2103 2104 1799
f 1796 2103 1799
f 2102 2103 1796
f 1796 2100 2102
f 1797 2100 1796
f 1797 1797 2100
f 2101 2100 1797
f 2086 2087 2099
f 2098 1794 2099
f 1794 2086 2099
f 2097 1793 2098
f 1793 1794 2098
f 1792 1793 2097
f 2156 2156 2156
f 1877 1877 1877
f 1881 1877 1877
f 2257 1973 2263
f 2255 2256 2262
f 2261 2254 2262
f 2254 2255 2262
f 2259 1971 2261
f 1971 2254 2261
f 2263 1973 1981
f 1979 1971 1971
f 1979 2259 2258
f 2258 2259 2260
f 2258 1978 1979
f 1979 1978 1978
f 1978 1978 1978
f 2257 1966 1973
f 1979 1971 2259
f 1984 1984 1984
f 1985 1984 1984
f 2264 1984 1985
f 2270 2271 2272
f 2270 1993 1994
f 1994 1993 1993
f 1993 1993 1993
f 2269 1981 1988
f 2263 1981 2269
f 2258 2260 2268
f 2266 1978 2268
f 1978 2258 2268
f 1986 1978 1978
f 1986 1978 2266
f 1986 2266 2265
f 2265 2266 2267
f 2265 2264 1986
f 1986 2264 1985
f 2253 1966 2257
f 2250 2252 2256
f 2250 2255 2249
f 2256 2255 2250
f 2243 2243 2243
f 2248 1953 1959
f 2243 1953 2248
f 2243 2243 1953
f 2240 2242 2246
f 2240 2245 2239
f 2246 2245 2240
f 2246 2247 2245
f 2239 2245 2244
f 2238 2239 2244
f 2238 2244 1958
f 1952 2238 1958
f 1952 1958 1958
f 1958 1958 1958
f 2237 2243 2237
f 1964 1964 1964
f 2270 1994 2271
f 1958 1964 1964
f 1958 2249 1964
f 2256 2256 2255
f 2249 2255 2254
f 1964 2249 2254
f 1964 2254 1971
f 1964 1964 1971
f 1964 1971 1971
f 1971 1971 1971
f 2253 1959 1966
f 2248 1959 2253
f 2245 2247 2251
f 2245 2250 2244
f 2251 2250 2245
f 2251 2252 2250
f 2244 2250 2249
f 1958 2244 2249
f 1958 1958 1964
f 2237 2243 2243
f 1994 1995 2271
f 1984 2273 1995
f 2295 2296 2287
f 2296 2288 2287
f 2279 2280 2294
f 2293 2278 2294
f 2278 2279 2294
f 2018 2293 2292
f 2019 2287 2011
f 2003 2293 2018
f 2017 2018 2292
f 2291 2017 2292
f 2016 2017 2291
f 2290 2016 2291
f 2015 2016 2290
f 2289 2015 2290
f 2003 2278 2293
f 2019 2019 2287
f 2019 2295 2287
f 2019 2019 2019
f 2299 2295 2300
f 2295 2019 2300
f 2296 2295 2299
f 2289 2290 2298
f 2289 2297 2014
f 2298 2297 2289
f 2298 2298 2297
f 2014 2297 2024
f 2014 2014 2024
f 2014 2024 2024
f 2024 2023 2024
f 2024 2023 2023
f 2023 2022 2023
f 2023 2022 2022
f 2022 2022 2022
f 2289 2290 2290
f 2289 2014 2015
f 2015 2014 2014
f 2014 2014 2014
f 2279 2004 2280
f 2279 2280 2280
f 2279 2278 2004
f 2004 2278 2002
f 2002 2278 2003
f 1996 1998 2276
f 1988 2277 2269
f 1996 2277 1988
f 1996 2276 2277
f 2265 2267 2275
f 2274 2264 2275
f 2264 2265 2275
f 2273 1984 2274
f 1984 2264 2274
f 1995 2273 2271
f 2004 2005 2280
f 1984 1984 2273
f 2280 2005 2281
f 2281 2006 2282
f 2009 2011 2287
f 2286 2276 1998
f 2286 1998 2009
f 2286 2009 2288
f 2288 2009 2287
f 2277 2276 2286
f 2270 2272 2285
f 2284 1993 2285
f 1993 2270 2285
f 2008 2284 2283
f 1993 2284 2008
f 1993 1993 2284
f 2007 2008 2283
f 2282 2007 2283
f 2006 2007 2282
f 2005 2006 2281
f 1953 2243 1946
f 2243 2237 1946
f 2235 2236 2241
f 2192 1902 2190
f 1902 1900 2190
f 2190 1900 2188
f 1900 1896 2188
f 2188 1896 1896
f 1896 1896 1896
f 1904 1902 2192
f 2186 1878 2211
f 1878 1897 2211
f 1897 2212 2211
f 2209 2210 2208
f 2206 2207 2208
f 2207 2209 2208
f 2204 2205 2206
f 2211 1878 1878
f 1904 1905 1905
f 1904 2192 1905
f 2192 2194 1905
f 2210 2210 2213
f 2208 1924 1922
f 2206 2208 1922
f 2206 1922 1920
f 2204 2206 1920
f 2204 1920 1918
f 2202 2204 1918
f 2202 1918 1916
f 2200 2202 1916
f 2200 1916 1914
f 2198 2200 1914
f 2198 1914 1912
f 2196 2198 1912
f 2196 1912 1905
f 2194 2196 1905
f 2205 2207 2206
f 2202 2203 2204
f 2203 2205 2204
f 2200 2201 2202
f 1895 1893 2182
f 2182 1893 2180
f 1893 1891 2180
f 2180 1891 2178
f 1891 1889 2178
f 2178 1889 2176
f 1889 1887 2176
f 2176 1887 2174
f 1887 1885 2174
f 2174 1885 1885
f 1885 1883 1885
f 1885 1883 1883
f 1883 1881 1883
f 1883 1881 1881
f 1881 1877 1881
f 1895 1896 1896
f 2210 2213 2208
f 2182 1896 1895
f 2182 2184 2184
f 2201 2203 2202
f 2198 2199 2200
f 2199 2201 2200
f 2196 2197 2198
f 2197 2199 2198
f 2194 2195 2196
f 2195 2197 2196
f 2192 2193 2194
f 2193 2195 2194
f 2190 2191 2192
f 2191 2193 2192
f 2188 2189 2190
f 2189 2191 2190
f 1896 2184 2188
f 2184 2189 2188
f 2182 2184 1896
f 2208 2213 1924
f 2210 2215 2214
f 2213 2210 2214
f 2227 2233 1945
f 1936 2227 1945
f 1945 1936 1945
f 1945 1936 1936
f 2225 2231 2226
f 2226 2231 2232
f 1937 2231 1926
f 2231 2225 1926
f 2223 2224 2229
f 2224 2230 2229
f 2223 2229 2228
f 2222 2223 2228
f 2222 2228 2227
f 2221 2222 2227
f 2221 2227 1936
f 2227 2228 2233
f 2220 2221 1936
f 2228 2234 2233
f 2229 2235 2234
f 2235 2240 2234
f 2241 2240 2235
f 2241 2242 2240
f 2234 2240 2239
f 2233 2234 2239
f 2233 2239 2238
f 1945 2233 2238
f 1952 1945 2238
f 2238 1945 1945
f 2231 2237 2232
f 2232 2237 2237
f 1946 2237 1937
f 2237 2231 1937
f 2229 2230 2235
f 2230 2236 2235
f 2228 2229 2234
f 2539 2263 2269
f 1936 1925 1936
f 2226 2219 1906
f 1920 1918 1918
f 1918 1916 1918
f 1918 1916 1916
f 1916 1914 1916
f 1916 1914 1914
f 1914 1912 1914
f 1914 1912 1912
f 1912 1905 1912
f 1912 1905 1905
f 1905 1905 1905
f 2219 1897 1906
f 2212 1897 2219
f 2217 2218 2216
f 2214 2215 2216
f 2215 2217 2216
f 1920 1918 1920
f 1936 1925 2220
f 1922 1920 1920
f 1924 1922 1922
f 2225 2226 1906
f 2225 1906 1906
f 1906 1926 2225
f 2218 2224 2223
f 2216 2223 2222
f 2218 2223 2216
f 2218 2218 2223
f 2216 2222 2221
f 2214 2216 2221
f 2214 2221 2220
f 2213 2214 2220
f 1924 2213 2220
f 1924 1924 2220
f 1924 2220 1925
f 1924 1922 1924
f 1922 1920 1922
f 2271 2546 2272
f 2266 2268 2541
f 2547 2546 2273
f 2861 2572 2862
f 2572 2573 2862
f 2585 2861 2860
f 2572 2861 2585
f 2572 2572 2861
f 2584 2585 2860
f 2573 2851 2862
f 2859 2584 2860
f 2858 2583 2859
f 2582 2583 2858
f 2857 2582 2858
f 2581 2582 2857
f 2856 2581 2857
f 2580 2581 2856
f 2583 2584 2859
f 2852 2576 2586
f 2863 2852 2586
f 2863 2586 2864
f 2854 2869 2579
f 2869 2597 2579
f 2596 2597 2869
f 2868 2596 2869
f 2595 2596 2868
f 2867 2595 2868
f 2593 2595 2867
f 2866 2593 2867
f 2593 2866 2594
f 2594 2866 2866
f 2588 2590 2865
f 2864 2587 2588
f 2864 2864 2588
f 2864 2588 2865
f 2586 2587 2864
f 2855 2580 2856
f 2578 2580 2855
f 2853 2578 2855
f 2578 2853 2579
f 2556 2849 2568
f 2556 2556 2849
f 2567 2568 2848
f 2847 2567 2848
f 2566 2567 2847
f 2846 2566 2847
f 2565 2566 2846
f 2845 2565 2846
f 2564 2565 2845
f 2844 2564 2845
f 2563 2564 2844
f 2563 2563 2844
f 2563 2844 2844
f 2563 2563 2563
f 2552 2561 2552
f 2568 2849 2848
f 2864 2865 2870
f 2556 2838 2849
f 2842 2850 2850
f 2579 2853 2854
f 2576 2852 2574
f 2574 2852 2852
f 2852 2850 2574
f 2850 2570 2574
f 2563 2844 2851
f 2573 2563 2563
f 2573 2563 2851
f 2573 2851 2573
f 2573 2851 2851
f 2573 2572 2573
f 2573 2572 2572
f 2572 2572 2572
f 2561 2570 2850
f 2842 2561 2850
f 2843 2842 2850
f 2552 2561 2842
f 2865 2590 2598
f 2870 2598 2871
f 2623 2623 2623
f 2893 2622 2623
f 2894 2893 2623
f 2894 2623 2623
f 2621 2622 2893
f 2892 2621 2893
f 2895 2895 2895
f 2891 2621 2892
f 2614 2614 2621
f 2886 2614 2891
f 2875 2890 2603
f 2890 2620 2603
f 2619 2620 2890
f 2889 2619 2890
f 2614 2621 2891
f 2625 2895 2895
f 2625 2624 2895
f 2624 2896 2895
f 2898 2627 2900
f 2895 2628 2625
f 2895 2899 2628
f 2895 2895 2628
f 2895 2628 2628
f 2627 2627 2627
f 2898 2623 2623
f 2898 2623 2627
f 2898 2627 2898
f 2898 2627 2627
f 2894 2623 2898
f 2888 2897 2618
f 2897 2626 2618
f 2624 2626 2897
f 2896 2624 2897
f 2617 2619 2889
f 2887 2617 2889
f 2617 2887 2618
f 2618 2887 2888
f 2879 2607 2880
f 2606 2607 2879
f 2878 2606 2879
f 2605 2606 2878
f 2877 2605 2878
f 2604 2605 2877
f 2876 2604 2877
f 2602 2604 2876
f 2874 2602 2876
f 2602 2874 2603
f 2603 2874 2875
f 2599 2601 2872
f 2871 2598 2599
f 2873 2871 2599
f 2873 2599 2872
f 2607 2608 2880
f 2865 2598 2870
f 2880 2608 2881
f 2881 2609 2882
f 2614 2614 2614
f 2886 2613 2614
f 2886 2886 2614
f 2886 2614 2614
f 2612 2613 2886
f 2885 2612 2886
f 2884 2612 2885
f 2872 2612 2884
f 2872 2601 2612
f 2873 2872 2884
f 2866 2883 2594
f 2883 2611 2594
f 2610 2611 2883
f 2882 2610 2883
f 2609 2610 2882
f 2608 2609 2881
f 2842 2843 2552
f 2843 2836 2552
f 2831 2832 2841
f 2521 2807 2807
f 2521 2521 2521
f 2806 2512 2517
f 2804 2512 2806
f 2801 2802 2805
f 2516 2511 2801
f 2521 2807 2521
f 2516 2801 2805
f 2516 2805 2805
f 2516 2516 2516
f 2804 2507 2512
f 2800 2507 2804
f 2798 2799 2803
f 2802 2797 2803
f 2516 2805 2516
f 2521 2516 2807
f 2521 2516 2516
f 2516 2805 2807
f 2530 2814 2531
f 2813 2522 2528
f 2808 2522 2813
f 2521 2807 2812
f 2526 2812 2810
f 2521 2812 2526
f 2521 2521 2812
f 2525 2526 2810
f 2809 2525 2810
f 2809 2810 2811
f 2809 2524 2525
f 2525 2524 2524
f 2524 2524 2524
f 2808 2517 2522
f 2806 2517 2808
f 2797 2798 2803
f 2797 2801 2796
f 2802 2801 2797
f 2802 2802 2801
f 2494 2501 2795
f 2786 2787 2793
f 2787 2794 2793
f 2786 2793 2792
f 2785 2786 2792
f 2785 2792 2791
f 2784 2785 2791
f 2273 2546 2271
f 2783 2784 2790
f 2499 2783 2790
f 2499 2499 2790
f 2499 2790 2500
f 2499 2493 2499
f 2499 2493 2493
f 2493 2493 2493
f 2795 2494 2494
f 2814 2815 2816
f 2795 2795 2494
f 2796 2500 2790
f 2511 2506 2801
f 2801 2506 2796
f 2795 2795 2795
f 2800 2501 2507
f 2795 2501 2800
f 2795 2795 2501
f 2793 2794 2799
f 2793 2798 2792
f 2799 2798 2793
f 2799 2799 2798
f 2792 2798 2797
f 2791 2792 2797
f 2791 2797 2796
f 2790 2791 2796
f 2506 2500 2796
f 2795 2789 2494
f 2530 2815 2814
f 2530 2524 2815
f 2530 2524 2524
f 2541 2825 2835
f 2551 2834 2833
f 2541 2834 2551
f 2541 2541 2834
f 2550 2551 2833
f 2832 2550 2833
f 2548 2550 2832
f 2831 2548 2832
f 2831 2832 2832
f 2548 2831 2549
f 2830 2824 2539
f 2830 2830 2539
f 2830 2539 2544
f 2544 2545 2830
f 2821 2823 2829
f 2834 2541 2835
f 2828 2537 2829
f 2825 2827 2835
f 2552 2836 2545
f 2559 2841 2840
f 2549 2841 2559
f 2549 2831 2841
f 2558 2559 2840
f 2839 2558 2840
f 2557 2558 2839
f 2837 2557 2839
f 2556 2557 2837
f 2556 2556 2837
f 2556 2837 2838
f 2556 2556 2556
f 2552 2552 2552
f 2830 2830 2830
f 2830 2545 2836
f 2830 2830 2836
f 2552 2552 2836
f 2627 2627 2629
f 2537 2821 2829
f 2537 2828 2543
f 2820 2818 2532
f 2820 2820 2532
f 2820 2532 2532
f 2532 2534 2820
f 2814 2816 2819
f 2533 2531 2814
f 2533 2814 2819
f 2533 2819 2533
f 2533 2819 2819
f 2533 2533 2533
f 2818 2528 2532
f 2813 2528 2818
f 2809 2811 2817
f 2815 2524 2817
f 2524 2809 2817
f 2537 2537 2537
f 2543 2828 2826
f 2538 2537 2537
f 2821 2822 2823
f 2537 2537 2828
f 2542 2543 2826
f 2825 2542 2826
f 2825 2826 2827
f 2825 2541 2542
f 2542 2541 2541
f 2541 2541 2541
f 2820 2820 2820
f 2824 2534 2539
f 2820 2534 2824
f 2820 2820 2534
f 2533 2819 2822
f 2538 2533 2533
f 2538 2533 2822
f 2538 2822 2821
f 2821 2537 2538
f 2780 2780 2780
f 2627 2629 2900
f 2901 2629 2902
f 2693 2725 2952
f 2693 2952 2952
f 2725 2724 2983
f 2724 2984 2983
f 2981 2982 2737
f 2735 2980 2737
f 2725 2983 2952
f 2980 2981 2737
f 2979 2980 2735
f 2733 2978 2734
f 2978 2979 2734
f 2732 2977 2733
f 2977 2978 2733
f 2731 2976 2732
f 2734 2979 2735
f 2952 2952 2952
f 2716 2716 2716
f 2716 2716 2716
f 2732 2731 2732
f 2732 2731 2731
f 2731 2730 2731
f 2731 2730 2730
f 2730 2729 2730
f 2730 2729 2729
f 2729 2728 2729
f 2729 2728 2728
f 2728 2727 2728
f 2728 2727 2727
f 2727 2726 2727
f 2727 2726 2726
f 2726 2723 2726
f 2726 2723 2723
f 2723 2723 2723
f 2976 2977 2732
f 2730 2975 2731
f 2975 2976 2731
f 2729 2974 2730
f 2966 2715 2965
f 2716 2715 2966
f 2716 2716 2715
f 2713 2965 2715
f 2964 2965 2713
f 2711 2964 2713
f 2963 2964 2711
f 2709 2963 2711
f 2962 2963 2709
f 2707 2962 2709
f 2961 2962 2707
f 2705 2961 2707
f 2960 2961 2705
f 2703 2960 2705
f 2959 2960 2703
f 2716 2716 2966
f 2733 2732 2732
f 2716 2966 2718
f 2967 2968 2718
f 2974 2975 2730
f 2728 2973 2729
f 2973 2974 2729
f 2727 2972 2728
f 2972 2973 2728
f 2726 2971 2727
f 2971 2972 2727
f 2723 2970 2726
f 2970 2971 2726
f 2970 2722 2969
f 2723 2722 2970
f 2723 2723 2722
f 2720 2969 2722
f 2968 2969 2720
f 2718 2968 2720
f 2718 2966 2967
f 2701 2959 2703
f 2733 2732 2733
f 2734 2733 2734
f 3002 3003 2769
f 2767 3002 2769
f 2999 3002 2767
f 2999 2767 2760
f 2999 2999 2760
f 2999 2760 2760
f 2769 3003 2771
f 2760 2760 2760
f 2984 2724 3001
f 3001 2724 2724
f 2762 3001 2724
f 3000 3001 2762
f 3000 3000 3001
f 2762 2763 3000
f 2753 2753 2753
f 3003 3004 2771
f 2771 3004 2773
f 3004 3005 2773
f 2781 3011 2782
f 3010 3011 2781
f 3010 3010 3011
f 2781 2780 3010
f 3008 3009 2779
f 3008 2778 3007
f 2779 2778 3008
f 2779 2779 2778
f 2778 3006 3007
f 2776 3006 2778
f 2776 2776 3006
f 3006 2775 3005
f 2776 2775 3006
f 2776 2776 2775
f 2773 3005 2775
f 2998 2999 2760
f 2998 2759 2997
f 2760 2759 2998
f 2760 2760 2759
f 2743 2988 2744
f 2987 2988 2743
f 2742 2987 2743
f 2986 2987 2742
f 2741 2986 2742
f 2985 2986 2741
f 2739 2985 2741
f 2982 2985 2739
f 2982 2739 2737
f 2982 2982 2737
f 2982 2737 2737
f 2737 2735 2737
f 2737 2735 2735
f 2735 2734 2735
f 2735 2734 2734
f 2988 2989 2744
f 2734 2733 2733
f 2744 2989 2745
f 2745 2990 2746
f 2757 2997 2759
f 2996 2997 2757
f 2755 2996 2757
f 2995 2996 2755
f 2755 2994 2995
f 2753 2994 2755
f 2753 2753 2994
f 2994 2752 2993
f 2753 2752 2994
f 2750 2993 2752
f 2992 2993 2750
f 2748 2992 2750
f 2991 2992 2748
f 2746 2991 2748
f 2990 2991 2746
f 2989 2990 2745
f 2958 2959 2701
f 2699 2958 2701
f 2957 2958 2699
f 2924 2925 2654
f 2651 2924 2654
f 2923 2924 2651
f 2651 2921 2923
f 2652 2921 2651
f 2652 2652 2921
f 2654 2925 2656
f 2922 2921 2652
f 2649 2920 2919
f 2636 2920 2649
f 2636 2636 2920
f 2648 2649 2919
f 2918 2648 2919
f 2647 2648 2918
f 2636 2905 2920
f 2657 2657 2656
f 2657 2656 2926
f 2926 2656 2925
f 2661 2930 2662
f 2927 2930 2661
f 2927 2661 2657
f 2927 2927 2657
f 2927 2657 2657
f 2657 2657 2657
f 2652 2652 2652
f 2652 2660 2929
f 2652 2652 2929
f 2652 2929 2922
f 2658 2929 2660
f 2928 2929 2658
f 2928 2928 2929
f 2658 2659 2928
f 2926 2927 2657
f 2917 2647 2918
f 2646 2647 2917
f 2916 2646 2917
f 2645 2646 2916
f 2899 2906 2628
f 2906 2638 2628
f 2637 2638 2906
f 2904 2637 2906
f 2636 2637 2904
f 2636 2636 2904
f 2636 2904 2905
f 2636 2636 2636
f 2632 2632 2632
f 2632 2903 2632
f 2632 2903 2631
f 2902 2630 2631
f 2902 2902 2631
f 2902 2631 2903
f 2629 2630 2902
f 2902 2903 2907
f 2930 2931 2662
f 2903 2632 2908
f 2632 2632 2639
f 2915 2645 2916
f 2644 2645 2915
f 2914 2644 2915
f 2643 2644 2914
f 2913 2643 2914
f 2642 2643 2913
f 2912 2642 2913
f 2641 2642 2912
f 2911 2641 2912
f 2640 2641 2911
f 2910 2640 2911
f 2639 2640 2910
f 2909 2639 2910
f 2908 2639 2909
f 2632 2639 2908
f 2907 2903 2908
f 2662 2931 2663
f 2931 2932 2663
f 2663 2932 2664
f 2689 2687 2689
f 2689 2687 2687
f 2687 2685 2687
f 2687 2685 2685
f 2685 2680 2685
f 2685 2680 2680
f 2680 2680 2680
f 2950 2676 2682
f 2943 2676 2950
f 2948 2949 2689
f 2687 2947 2689
f 2947 2948 2689
f 2685 2946 2687
f 2946 2947 2687
f 2680 2945 2685
f 2689 2689 2949
f 2945 2946 2685
f 2689 2949 2690
f 2692 2693 2952
f 2697 2957 2699
f 2956 2957 2697
f 2696 2956 2697
f 2955 2956 2696
f 2695 2955 2696
f 2954 2955 2695
f 2694 2954 2695
f 2951 2954 2694
f 2951 2694 2951
f 2951 2694 2690
f 2950 2682 2953
f 2953 2682 2682
f 2692 2953 2682
f 2952 2953 2692
f 2952 2952 2953
f 2690 2949 2951
f 2900 2629 2901
f 2945 2679 2944
f 2680 2680 2679
f 2936 2936 2668
f 2936 2668 2668
f 2668 2668 2668
f 2928 2928 2928
f 2937 2659 2669
f 2928 2659 2937
f 2928 2928 2659
f 2935 2936 2668
f 2935 2667 2934
f 2668 2667 2935
f 2668 2668 2667
f 2665 2934 2667
f 2933 2934 2665
f 2664 2933 2665
f 2932 2933 2664
f 2936 2670 2668
f 2680 2679 2945
f 2936 2938 2670
f 2938 2939 2671
f 2677 2944 2679
f 2941 2944 2677
f 2941 2677 2674
f 2941 2941 2674
f 2941 2674 2674
f 2674 2674 2674
f 2937 2669 2942
f 2942 2669 2669
f 2669 2676 2942
f 2676 2943 2942
f 2940 2941 2674
f 2940 2673 2939
f 2674 2673 2940
f 2674 2674 2673
f 2671 2939 2673
f 2670 2938 2671
f 2481 2788 2780
f 2784 2791 2790
f 2481 2780 2780
f 2630 2356 2631
f 2629 2356 2630
f 2352 2356 2629
f 2352 2352 2356
f 2627 2352 2629
f 2349 2625 2628
f 2356 2357 2631
f 2355 2349 2349
f 2355 2628 2355
f 2355 2628 2628
f 2355 2355 2355
f 2352 2352 2352
f 2627 2346 2346
f 2627 2346 2352
f 2355 2349 2628
f 2631 2357 2632
f 2357 2358 2632
f 2632 2359 2633
f 2365 2365 2365
f 2365 2364 2365
f 2365 2364 2364
f 2364 2363 2364
f 2364 2363 2363
f 2363 2362 2363
f 2363 2362 2362
f 2362 2361 2362
f 2362 2361 2361
f 2361 2360 2361
f 2361 2360 2360
f 2360 2633 2360
f 2360 2633 2359
f 2632 2358 2359
f 2632 2632 2359
f 2627 2352 2627
f 2627 2352 2352
f 2623 2346 2627
f 2618 2626 2342
f 2343 2344 2620
f 2619 2343 2620
f 2341 2343 2619
f 2617 2341 2619
f 2341 2617 2342
f 2342 2617 2618
f 2338 2340 2616
f 2616 2615 2338
f 2338 2615 2337
f 2614 2336 2337
f 2614 2614 2337
f 2614 2337 2615
f 2613 2336 2614
f 2325 2336 2613
f 2325 2325 2336
f 2620 2344 2329
f 2367 2367 2367
f 2603 2620 2329
f 2615 2616 2622
f 2626 2351 2342
f 2350 2351 2626
f 2624 2350 2626
f 2349 2350 2624
f 2349 2349 2624
f 2349 2624 2625
f 2349 2349 2349
f 2346 2346 2346
f 2623 2345 2346
f 2623 2623 2346
f 2623 2346 2346
f 2622 2345 2623
f 2616 2345 2622
f 2616 2340 2345
f 2621 2615 2622
f 2614 2615 2621
f 2368 2367 2367
f 2634 2367 2368
f 2369 2634 2368
f 2379 2378 2655
f 2655 2378 2653
f 2378 2377 2653
f 2653 2377 2650
f 2377 2376 2652
f 2650 2377 2652
f 2650 2652 2652
f 2375 2652 2376
f 2660 2652 2375
f 2373 2660 2375
f 2658 2660 2373
f 2373 2374 2658
f 2374 2659 2658
f 2656 2657 2655
f 2653 2654 2655
f 2657 2379 2655
f 2654 2656 2655
f 2657 2657 2379
f 2657 2661 2380
f 2669 2374 2387
f 2387 2388 2669
f 2667 2668 2666
f 2386 2665 2666
f 2665 2667 2666
f 2481 2481 2780
f 2386 2385 2665
f 2386 2386 2385
f 2383 2664 2385
f 2663 2664 2383
f 2382 2663 2383
f 2662 2663 2382
f 2381 2662 2382
f 2661 2662 2381
f 2380 2661 2381
f 2657 2380 2379
f 2612 2600 2613
f 2650 2651 2653
f 2652 2651 2650
f 2640 2360 2641
f 2360 2361 2641
f 2639 2633 2640
f 2633 2360 2640
f 2632 2633 2639
f 2355 2628 2638
f 2371 2638 2637
f 2355 2638 2371
f 2355 2355 2638
f 2370 2371 2637
f 2636 2370 2637
f 2369 2370 2636
f 2635 2369 2636
f 2635 2636 2636
f 2635 2634 2369
f 2361 2362 2642
f 2651 2654 2653
f 2641 2361 2642
f 2642 2362 2643
f 2635 2636 2649
f 2648 2634 2649
f 2634 2635 2649
f 2647 2367 2648
f 2367 2634 2648
f 2372 2647 2646
f 2367 2647 2372
f 2367 2367 2647
f 2645 2372 2646
f 2365 2372 2645
f 2365 2365 2372
f 2644 2364 2645
f 2364 2365 2645
f 2643 2363 2644
f 2363 2364 2644
f 2362 2363 2643
f 2600 2325 2613
f 2601 2600 2612
f 2592 2594 2611
f 2554 2555 2568
f 2566 2553 2567
f 2553 2554 2567
f 2565 2280 2566
f 2280 2553 2566
f 2294 2565 2564
f 2280 2565 2294
f 2280 2280 2565
f 2293 2294 2564
f 2563 2293 2564
f 2292 2293 2563
f 2562 2292 2563
f 2562 2563 2563
f 2562 2291 2292
f 2292 2291 2291
f 2567 2554 2568
f 2291 2290 2291
f 2555 2556 2568
f 2569 2570 2560
f 2574 2299 2576
f 2576 2299 2575
f 2570 2569 2574
f 2562 2563 2573
f 2572 2291 2573
f 2291 2562 2573
f 2291 2571 2290
f 2572 2571 2291
f 2572 2572 2571
f 2290 2571 2298
f 2290 2290 2298
f 2290 2298 2298
f 2298 2298 2298
f 2288 2296 2560
f 2560 2296 2569
f 2570 2561 2560
f 2574 2296 2299
f 2291 2290 2290
f 2286 2288 2560
f 2281 2280 2280
f 2280 2280 2280
f 2269 2277 2552
f 2269 2269 2552
f 2269 2552 2552
f 2545 2269 2552
f 2540 2541 2551
f 2275 2551 2550
f 2267 2551 2275
f 2267 2540 2551
f 2274 2275 2550
f 2548 2274 2550
f 2273 2274 2548
f 2547 2273 2548
f 2547 2548 2549
f 2553 2280 2281
f 2290 2290 2290
f 2282 2553 2281
f 2283 2554 2282
f 2277 2561 2552
f 2286 2561 2277
f 2286 2560 2561
f 2547 2549 2559
f 2558 2546 2559
f 2546 2547 2559
f 2285 2558 2557
f 2272 2558 2285
f 2272 2546 2558
f 2284 2285 2557
f 2556 2284 2557
f 2283 2284 2556
f 2555 2283 2556
f 2555 2556 2556
f 2555 2554 2283
f 2554 2553 2282
f 2669 2669 2374
f 2574 2569 2296
f 2300 2575 2300
f 2325 2325 2325
f 2325 2600 2325
f 2325 2600 2324
f 2599 2323 2324
f 2601 2599 2324
f 2601 2324 2600
f 2598 2323 2599
f 2589 2323 2598
f 2589 2313 2323
f 2590 2589 2598
f 2577 2579 2597
f 2322 2597 2596
f 2304 2597 2322
f 2304 2577 2597
f 2321 2322 2596
f 2329 2602 2603
f 2595 2321 2596
f 2328 2602 2329
f 2328 2330 2604
f 2610 2591 2611
f 2591 2592 2611
f 2335 2610 2609
f 2318 2610 2335
f 2318 2591 2610
f 2334 2335 2609
f 2608 2334 2609
f 2333 2334 2608
f 2607 2333 2608
f 2332 2333 2607
f 2606 2332 2607
f 2331 2332 2606
f 2605 2331 2606
f 2330 2331 2605
f 2604 2330 2605
f 2602 2328 2604
f 2300 2575 2299
f 2320 2321 2595
f 2319 2320 2593
f 2298 2584 2309
f 2298 2298 2584
f 2308 2309 2583
f 2582 2308 2583
f 2307 2308 2582
f 2581 2307 2582
f 2306 2307 2581
f 2580 2306 2581
f 2305 2306 2580
f 2578 2305 2580
f 2303 2305 2578
f 2577 2303 2578
f 2577 2578 2579
f 2303 2577 2304
f 2300 2300 2300
f 2309 2584 2583
f 2593 2320 2595
f 2298 2571 2585
f 2571 2572 2585
f 2592 2319 2593
f 2592 2593 2594
f 2592 2591 2319
f 2319 2591 2317
f 2317 2591 2318
f 2311 2313 2589
f 2588 2310 2311
f 2590 2588 2311
f 2590 2311 2589
f 2587 2310 2588
f 2300 2310 2587
f 2300 2300 2310
f 2586 2575 2587
f 2575 2300 2587
f 2576 2575 2586
f 2584 2298 2585
f 2669 2659 2374
f 2665 2385 2664
f 2666 2386 2386
f 2753 2755 2754
f 2752 2753 2751
f 2749 2750 2751
f 2750 2752 2751
f 2747 2748 2749
f 2748 2750 2749
f 2469 2746 2747
f 2746 2748 2747
f 2468 2745 2469
f 2745 2746 2469
f 2467 2744 2468
f 2744 2745 2468
f 2466 2743 2467
f 2743 2744 2467
f 2465 2742 2466
f 2755 2757 2756
f 2742 2743 2466
f 2754 2755 2756
f 2756 2757 2758
f 2465 2464 2740
f 2464 2463 2740
f 2740 2463 2738
f 2463 2462 2738
f 2738 2462 2736
f 2736 2462 2458
f 2724 2724 2724
f 2461 2762 2724
f 2417 2461 2724
f 2417 2724 2724
f 2459 2762 2461
f 2761 2762 2459
f 2761 2763 2762
f 2459 2460 2761
f 2759 2760 2758
f 2757 2759 2758
f 2740 2741 2465
f 2741 2742 2465
f 2738 2739 2740
f 2441 2728 2443
f 2727 2728 2441
f 2439 2727 2441
f 2726 2727 2439
f 2437 2726 2439
f 2723 2726 2437
f 2723 2437 2436
f 2723 2723 2436
f 2723 2436 2721
f 2436 2435 2721
f 2721 2435 2719
f 2435 2434 2719
f 2386 2386 2386
f 2719 2434 2717
f 2434 2433 2716
f 2728 2729 2443
f 2443 2729 2445
f 2729 2730 2445
f 2445 2730 2447
f 2739 2741 2740
f 2736 2737 2738
f 2737 2739 2738
f 2737 2457 2735
f 2736 2457 2737
f 2736 2458 2457
f 2455 2735 2457
f 2465 2464 2465
f 2734 2735 2455
f 2733 2734 2453
f 2451 2733 2453
f 2732 2733 2451
f 2449 2732 2451
f 2731 2732 2449
f 2447 2731 2449
f 2730 2731 2447
f 2453 2734 2455
f 2466 2465 2465
f 2466 2465 2466
f 2467 2466 2466
f 2768 2490 2766
f 2490 2488 2766
f 2766 2488 2765
f 2488 2486 2765
f 2765 2486 2764
f 2486 2480 2764
f 2764 2480 2480
f 2480 2480 2480
f 2761 2782 2763
f 2483 2781 2782
f 2460 2483 2782
f 2460 2782 2761
f 2482 2781 2483
f 2780 2781 2482
f 2780 2780 2781
f 2492 2490 2768
f 2492 2493 2493
f 2492 2768 2493
f 2768 2770 2493
f 2481 2494 2788
f 2494 2789 2788
f 2779 2787 2786
f 2777 2786 2785
f 2779 2786 2777
f 2779 2779 2786
f 2784 2777 2785
f 2482 2481 2780
f 2776 2777 2784
f 2774 2784 2783
f 2776 2784 2774
f 2776 2776 2784
f 2774 2783 2499
f 2772 2774 2499
f 2772 2499 2493
f 2770 2772 2493
f 2776 2776 2777
f 2717 2434 2716
f 2778 2779 2777
f 2775 2776 2774
f 2754 2753 2753
f 2753 2477 2475
f 2753 2753 2475
f 2753 2475 2751
f 2475 2473 2751
f 2751 2473 2749
f 2473 2471 2749
f 2749 2471 2747
f 2471 2469 2747
f 2747 2469 2469
f 2469 2468 2469
f 2469 2468 2468
f 2468 2467 2468
f 2468 2467 2467
f 2467 2466 2467
f 2754 2479 2753
f 2479 2477 2753
f 2479 2480 2480
f 2479 2754 2480
f 2772 2773 2774
f 2773 2775 2774
f 2770 2771 2772
f 2771 2773 2772
f 2768 2769 2770
f 2769 2771 2770
f 2766 2767 2768
f 2776 2778 2777
f 2767 2769 2768
f 2760 2767 2766
f 2758 2765 2764
f 2760 2765 2758
f 2760 2760 2765
f 2758 2764 2480
f 2756 2758 2480
f 2754 2756 2480
f 2765 2760 2766
f 2717 2716 2716
f 7745 7664 7646
f 2716 2433 2432
f 2689 2690 2688
f 2686 2687 2688
f 2687 2689 2688
f 2684 2685 2686
f 2685 2687 2686
f 2683 2680 2684
f 2401 2402 2691
f 2680 2685 2684
f 2680 2683 2678
f 2680 2680 2683
f 2398 2678 2400
f 2398 2398 2400
f 2398 2400 2400
f 2398 2398 2398
f 2678 2683 2400
f 2675 2682 2676
f 2691 2693 2692
f 2401 2692 2681
f 2690 2694 2409
f 2690 2409 2688
f 2409 2407 2688
f 2688 2407 2686
f 2407 2405 2686
f 2686 2405 2684
f 2401 2691 2692
f 2684 2403 2683
f 2683 2400 2400
f 2400 2400 2400
f 2682 2682 2682
f 2692 2682 2681
f 2681 2682 2682
f 2401 2681 2399
f 2403 2400 2683
f 2694 2411 2409
f 2676 2682 2682
f 2395 2681 2675
f 2675 2676 2669
f 2394 2395 2675
f 2673 2674 2672
f 2393 2671 2672
f 2671 2673 2672
f 2671 2392 2670
f 2394 2675 2669
f 2393 2392 2671
f 2390 2670 2392
f 2668 2670 2390
f 2668 2390 2389
f 2668 2668 2389
f 2668 2389 2666
f 2389 2386 2666
f 2393 2393 2392
f 2675 2681 2682
f 2394 2669 2669
f 2669 2669 2669
f 2395 2395 2681
f 2395 2399 2681
f 2679 2680 2678
f 2398 2677 2678
f 2677 2679 2678
f 2677 2397 2674
f 2394 2669 2388
f 2398 2397 2677
f 2674 2397 2396
f 2674 2674 2396
f 2674 2396 2672
f 2396 2393 2672
f 2672 2393 2393
f 2393 2393 2393
f 2398 2398 2397
f 2694 2695 2411
f 2405 2403 2684
f 2414 2414 2413
f 2709 2711 2710
f 2708 2709 2710
f 2711 2713 2712
f 2423 2421 2704
f 2710 2711 2712
f 2704 2421 2702
f 2713 2715 2714
f 2712 2713 2714
f 2411 2695 2413
f 2421 2420 2702
f 2715 2716 2714
f 2702 2420 2700
f 2420 2419 2700
f 2716 2718 2717
f 2718 2720 2719
f 2717 2718 2719
f 2720 2722 2721
f 2719 2720 2721
f 2722 2723 2721
f 2416 2417 2724
f 2724 2724 2725
f 2416 2724 2725
f 2416 2725 2691
f 2416 2691 2402
f 2691 2725 2693
f 2414 2414 2414
f 2418 2414 2414
f 2418 2414 2418
f 2698 2418 2418
f 2419 2418 2698
f 2706 2423 2704
f 2706 2707 2708
f 2698 2699 2700
f 2414 2413 2696
f 2696 2413 2695
f 2716 2716 2432
f 2696 2697 2418
f 2716 2432 2714
f 2414 2696 2418
f 2697 2699 2698
f 2418 2697 2698
f 2699 2701 2700
f 2432 2431 2714
f 2714 2431 2712
f 2701 2703 2702
f 2700 2701 2702
f 2703 2705 2704
f 2700 2419 2698
f 2702 2703 2704
f 2707 2709 2708
f 2425 2423 2706
f 2708 2425 2706
f 2427 2425 2708
f 2431 2429 2712
f 2710 2427 2708
f 2704 2705 2706
f 2705 2707 2706
f 2712 2429 2710
f 2429 2427 2710

