# https://github.com/mikedh/trimesh

o DBT1_0002_FDI_47.obj
v -2.89173632 7.50000000 24.00000000
v -3.00000000 7.20000000 24.00000000
v -3.00000000 7.50000000 23.70000000
v -2.84904733 7.50000000 24.30000000
v -3.00000000 7.20000000 24.30000000
v -2.84767704 7.50000000 24.60000000
v -3.00000000 7.20000000 24.60000000
v -2.88834783 7.50000000 24.90000000
v -3.00000000 7.20000000 24.90000000
v -3.00000000 7.50000000 25.20000000
v -2.97689641 7.80000000 23.70000000
v -3.00000000 7.80000000 23.66657704
v -2.85643542 7.80000000 24.00000000
v -2.80172718 7.80000000 24.30000000
v -2.79552318 7.80000000 24.60000000
v -2.83060447 7.80000000 24.90000000
v -2.90149983 7.80000000 25.20000000
v -3.00000000 7.80000000 25.50000000
v -2.98424240 8.10000000 23.70000000
v -3.00000000 8.10000000 23.67704831
v -2.86030210 8.10000000 24.00000000
v -2.80188578 8.10000000 24.30000000
v -2.78807338 8.10000000 24.60000000
v -2.80801993 8.10000000 24.90000000
v -2.85312528 8.10000000 25.20000000
v -2.91924132 8.10000000 25.50000000
v -3.00000000 8.10000000 25.77055191
v -3.00000000 8.40000000 23.70000000
v -2.88865817 8.40000000 24.00000000
v -2.82686757 8.40000000 24.30000000
v -2.80341680 8.40000000 24.60000000
v -2.80793246 8.40000000 24.90000000
v -2.83271344 8.40000000 25.20000000
v -2.87382324 8.40000000 25.50000000
v -2.92952312 8.40000000 25.80000000
v -3.00000000 8.13343350 25.80000000
v -3.00000000 8.40000000 26.10000000
v -2.93989800 8.70000000 24.00000000
v -3.00000000 8.70000000 23.85977955
v -2.86760642 8.70000000 24.30000000
v -2.83248938 8.70000000 24.60000000
v -2.82187021 8.70000000 24.90000000
v -2.82888036 8.70000000 25.20000000
v -2.84997338 8.70000000 25.50000000
v -2.88392257 8.70000000 25.80000000
v -2.93155457 8.70000000 26.10000000
v -3.00000000 8.70000000 26.40000000
v -3.00000000 9.00000000 24.00000000
v -2.92286943 9.00000000 24.30000000
v -2.87404651 9.00000000 24.60000000
v -2.84708379 9.00000000 24.90000000
v -2.83734903 9.00000000 25.20000000
v -2.84220823 9.00000000 25.50000000
v -2.86122104 9.00000000 25.80000000
v -2.89728243 9.00000000 26.10000000
v -2.95993989 9.00000000 26.40000000
v -3.00000000 9.00000000 26.51004881
v -3.00000000 9.30000000 24.30000000
v -2.92938659 9.30000000 24.60000000
v -2.88399515 9.30000000 24.90000000
v -2.85780647 9.30000000 25.20000000
v -2.84881370 9.30000000 25.50000000
v -2.85707204 9.30000000 25.80000000
v -2.88410184 9.30000000 26.10000000
v -2.93186099 9.30000000 26.40000000
v -3.00000000 9.30000000 26.70000000
v -3.00000000 9.58935590 24.60000000
v -2.93458635 9.60000000 24.90000000
v -3.00000000 9.60000000 24.61154554
v -2.89118048 9.60000000 25.20000000
v -2.86955805 9.60000000 25.50000000
v -2.86845165 9.60000000 25.80000000
v -2.88674431 9.60000000 26.10000000
v -2.92357591 9.60000000 26.40000000
v -2.98068032 9.60000000 26.70000000
v -3.00000000 9.60000000 26.77242547
v -3.00000000 9.90000000 24.90000000
v -2.93758645 9.90000000 25.20000000
v -2.90552398 9.90000000 25.50000000
v -2.89572573 9.90000000 25.80000000
v -2.90477122 9.90000000 26.10000000
v -2.93094848 9.90000000 26.40000000
v -2.97287473 9.90000000 26.70000000
v -3.00000000 9.90000000 26.84943749
v -3.00000000 10.20000000 25.20000000
v -2.96140165 10.20000000 25.50000000
v -2.94002777 10.20000000 25.80000000
v -2.93693086 10.20000000 26.10000000
v -2.95070563 10.20000000 26.40000000
v -2.97877549 10.20000000 26.70000000
v -3.00000000 10.20000000 26.86319694
v -3.00000000 10.33545574 25.50000000
v -3.00000000 10.50000000 25.80000000
v -2.98081616 10.50000000 26.10000000
v -2.98085800 10.50000000 26.40000000
v -3.00000000 10.50000000 26.70000000
v -3.00000000 10.60563822 26.10000000
v -3.00000000 10.65473968 26.40000000
v -3.30000000 7.09694011 24.00000000
v -3.30000000 7.20000000 23.70000000
v -3.30000000 7.05809481 24.30000000
v -3.30000000 7.05864056 24.60000000
v -3.30000000 7.09864586 24.90000000
v -3.30000000 7.20000000 25.20000000
v -3.30000000 7.50000000 23.40000000
v -3.23801154 7.50000000 25.50000000
v -3.30000000 7.44726637 25.50000000
v -3.30000000 7.50000000 25.57460051
v -3.25941175 7.80000000 23.40000000
v -3.30000000 7.80000000 23.36895288
v -3.16860035 7.80000000 25.80000000
v -3.30000000 7.66295161 25.80000000
v -3.30000000 7.80000000 26.10000000
v -3.26159488 8.10000000 23.40000000
v -3.30000000 8.10000000 23.36874037
v -3.01094595 8.10000000 25.80000000
v -3.15872819 8.10000000 26.10000000
v -3.30000000 8.10000000 26.27119040
v -3.27705662 8.40000000 23.40000000
v -3.30000000 8.40000000 23.38070279
v -3.15567933 8.40000000 26.40000000
v -3.30000000 8.22970239 26.40000000
v -3.30000000 8.40000000 26.70000000
v -3.30000000 8.70000000 23.40000000
v -3.08534649 8.70000000 23.70000000
v -3.19560721 8.70000000 26.70000000
v -3.30000000 8.70000000 26.81135712
v -3.19491631 9.00000000 23.70000000
v -3.30000000 9.00000000 23.58785840
v -3.08942209 9.00000000 26.70000000
v -3.29785079 9.00000000 27.00000000
v -3.30000000 8.99652525 27.00000000
v -3.30000000 9.00000000 27.00273659
v -3.30000000 9.30000000 23.70000000
v -3.11706305 9.30000000 24.00000000
v -3.14871242 9.30000000 27.00000000
v -3.30000000 9.30000000 27.30000000
v -3.22695881 9.60000000 24.00000000
v -3.30000000 9.60000000 23.90738861
v -3.09674910 9.60000000 24.30000000
v -3.00298924 9.60000000 24.60000000
v -3.06792280 9.60000000 27.00000000
v -3.16565220 9.60000000 27.30000000
v -3.25061741 9.60000000 27.60000000
v -3.30000000 9.52487705 27.60000000
v -3.30000000 9.60000000 27.90000000
v -3.30000000 9.90000000 24.00000000
v -3.23472772 9.90000000 24.30000000
v -3.12265922 9.90000000 24.60000000
v -3.02857751 9.90000000 27.00000000
v -3.09598570 9.90000000 27.30000000
v -3.17467229 9.90000000 27.60000000
v -3.30000000 9.90000000 27.90000000
v -3.30000000 9.98377806 24.30000000
v -3.30000000 10.20000000 24.60000000
v -3.13304817 10.20000000 24.90000000
v -3.01782142 10.20000000 27.00000000
v -3.07450367 10.20000000 27.30000000
v -3.15995340 10.20000000 27.60000000
v -3.30000000 10.20000000 27.90000000
v -3.30000000 10.50000000 24.90000000
v -3.14633109 10.50000000 25.20000000
v -3.05345759 10.50000000 25.50000000
v -3.02590927 10.50000000 27.00000000
v -3.07671016 10.50000000 27.30000000
v -3.16301877 10.50000000 27.60000000
v -3.30000000 10.50000000 27.90000000
v -3.30000000 10.80000000 25.20000000
v -3.17040097 10.80000000 25.50000000
v -3.08537683 10.80000000 25.80000000
v -3.03655996 10.80000000 26.10000000
v -3.01784276 10.80000000 26.40000000
v -3.02208009 10.80000000 26.70000000
v -3.04385688 10.80000000 27.00000000
v -3.08901752 10.80000000 27.30000000
v -3.16890118 10.80000000 27.60000000
v -3.30000000 10.80000000 27.90000000
v -3.30000000 11.10000000 25.50000000
v -3.17745473 11.10000000 25.80000000
v -3.09910449 11.10000000 26.10000000
v -3.06445306 11.10000000 26.40000000
v -3.05799277 11.10000000 26.70000000
v -3.07299564 11.10000000 27.00000000
v -3.10972757 11.10000000 27.30000000
v -3.17652630 11.10000000 27.60000000
v -3.30000000 11.10000000 27.90000000
v -3.26244274 11.40000000 25.80000000
v -3.30000000 11.40000000 25.74223017
v -3.16681858 11.40000000 26.10000000
v -3.12506740 11.40000000 26.40000000
v -3.10996851 11.40000000 26.70000000
v -3.11816603 11.40000000 27.00000000
v -3.14788488 11.40000000 27.30000000
v -3.19860419 11.40000000 27.60000000
v -3.30000000 11.40000000 27.90000000
v -3.30000000 11.70000000 25.80000000
v -3.26454453 11.70000000 26.10000000
v -3.20736386 11.70000000 26.40000000
v -3.18359255 11.70000000 26.70000000
v -3.18679857 11.70000000 27.00000000
v -3.21629732 11.70000000 27.30000000
v -3.27487995 11.70000000 27.60000000
v -3.30000000 11.70000000 27.90000000
v -3.30000000 11.75972764 26.10000000
v -3.30000000 12.00000000 26.40000000
v -3.30000000 12.00000000 26.70000000
v -3.30000000 12.00000000 27.00000000
v -3.30000000 12.00000000 27.30000000
v -3.30000000 11.74376240 27.60000000
v -3.60000000 7.17760138 23.70000000
v -3.60000000 7.20000000 23.66426535
v -3.60000000 7.07108695 24.00000000
v -3.60000000 7.02328855 24.30000000
v -3.60000000 7.02370874 24.60000000
v -3.60000000 7.06878840 24.90000000
v -3.60000000 7.15789725 25.20000000
v -3.60000000 7.20000000 25.29244394
v -3.60000000 7.43524194 23.40000000
v -3.60000000 7.50000000 23.34747003
v -3.60000000 7.31345269 25.50000000
v -3.60000000 7.50000000 25.80000000
v -3.60000000 7.80000000 23.22710734
v -3.60000000 7.67705842 26.10000000
v -3.60000000 7.80000000 26.22388513
v -3.30000000 8.10000000 21.60000000
v -3.60000000 7.80000000 21.60000000
v -3.60000000 8.10000000 21.30000000
v -3.60000000 8.10000000 21.69276843
v -3.60000000 8.10000000 23.19607475
v -3.60000000 8.10000000 26.40000000
v -3.30000000 8.40000000 21.30000000
v -3.60000000 8.40000000 21.15476504
v -3.30000000 8.40000000 21.60000000
v -3.60000000 8.40000000 21.70615397
v -3.60000000 8.40000000 23.20848600
v -3.60000000 8.31277094 26.70000000
v -3.60000000 8.40000000 26.78470328
v -3.30000000 8.70000000 21.30000000
v -3.60000000 8.70000000 21.16714056
v -3.30000000 8.70000000 21.60000000
v -3.60000000 8.70000000 21.69302381
v -3.60000000 8.70000000 23.26350094
v -3.60000000 8.70000000 27.00000000
v -3.60000000 8.94158334 21.30000000
v -3.30000000 9.00000000 21.60000000
v -3.60000000 9.00000000 21.52220994
v -3.60000000 9.00000000 21.61048905
v -3.60000000 9.00000000 23.40000000
v -3.60000000 9.00000000 27.30000000
v -3.60000000 9.01156684 21.60000000
v -3.60000000 9.30000000 23.54081581
v -3.60000000 9.30000000 27.60000000
v -3.60000000 9.60000000 23.70000000
v -3.60000000 9.44884485 27.90000000
v -3.60000000 9.60000000 28.05062655
v -3.60000000 9.90000000 23.86453005
v -3.60000000 9.90000000 28.17560578
v -3.60000000 10.05842322 24.00000000
v -3.60000000 10.20000000 24.30000000
v -3.60000000 10.20000000 28.20000000
v -3.60000000 10.50000000 24.60000000
v -3.60000000 10.50000000 28.20000000
v -3.60000000 10.80000000 24.90000000
v -3.60000000 10.80000000 28.20000000
v -3.60000000 11.10000000 25.20000000
v -3.60000000 11.10000000 28.20000000
v -3.60000000 11.40000000 25.50000000
v -3.60000000 11.40000000 28.20000000
v -3.60000000 11.70000000 25.57406458
v -3.60000000 11.70000000 28.20000000
v -3.60000000 11.95299653 25.80000000
v -3.60000000 12.00000000 26.10000000
v -3.60000000 12.00000000 27.60000000
v -3.60000000 12.00000000 27.90000000
v -3.60000000 12.28236255 26.40000000
v -3.60000000 12.30000000 26.70000000
v -3.60000000 12.30000000 27.00000000
v -3.60000000 12.30000000 27.30000000
v -3.90000000 7.20000000 23.70000000
v -3.90000000 7.09149146 24.00000000
v -3.90000000 7.04367866 24.30000000
v -3.90000000 7.04565572 24.60000000
v -3.90000000 7.08723438 24.90000000
v -3.90000000 7.16045484 25.20000000
v -3.90000000 7.20000000 25.31984473
v -3.90000000 7.43808940 23.40000000
v -3.90000000 7.50000000 23.33542678
v -3.90000000 7.26505754 25.50000000
v -3.90000000 7.38677379 25.80000000
v -3.90000000 7.50000000 26.10000000
v -3.90000000 7.74952549 21.60000000
v -3.90000000 7.80000000 21.30000000
v -3.90000000 7.80000000 21.66496242
v -3.90000000 7.80000000 23.10000000
v -3.90000000 7.80000000 26.40000000
v -3.90000000 8.10000000 21.14794022
v -3.90000000 8.10000000 21.76926705
v -3.85661295 8.10000000 23.10000000
v -3.90000000 8.10000000 23.08332872
v -3.90000000 8.10000000 26.61486234
v -3.90000000 8.40000000 21.00000000
v -3.90000000 8.40000000 21.76821010
v -3.86447008 8.40000000 23.10000000
v -3.90000000 8.40000000 23.08492964
v -3.90000000 8.19025731 26.70000000
v -3.90000000 8.40000000 26.91484193
v -3.90000000 8.70000000 21.03600999
v -3.90000000 8.70000000 21.75010196
v -3.90000000 8.70000000 23.10000000
v -3.90000000 8.48469430 27.00000000
v -3.90000000 8.70000000 27.22848811
v -3.67204333 9.00000000 21.30000000
v -3.90000000 9.00000000 21.17562105
v -3.90000000 9.00000000 21.70188558
v -3.90000000 9.00000000 23.23597769
v -3.90000000 8.76468818 27.30000000
v -3.90000000 9.00000000 27.58961692
v -3.90000000 9.17377619 21.30000000
v -3.90000000 9.30000000 21.60000000
v -3.90000000 9.30000000 23.40000000
v -3.90000000 9.00843089 27.60000000
v -3.79871571 9.30000000 27.90000000
v -3.90000000 9.22454791 27.90000000
v -3.90000000 9.30000000 27.99662602
v -3.90000000 9.60000000 23.53880118
v -3.79614125 9.60000000 28.20000000
v -3.90000000 9.50039044 28.20000000
v -3.90000000 9.60000000 28.28031199
v -3.86770800 9.90000000 23.70000000
v -3.90000000 9.90000000 23.68212566
v -3.62916279 9.90000000 28.20000000
v -3.90000000 9.90000000 28.43959604
v -3.90000000 9.93627483 23.70000000
v -3.73914645 10.20000000 24.00000000
v -3.90000000 10.20000000 23.85228806
v -3.85877396 10.20000000 28.50000000
v -3.90000000 10.07363662 28.50000000
v -3.90000000 10.20000000 28.54753802
v -3.90000000 10.50000000 24.00000000
v -3.76875004 10.50000000 24.30000000
v -3.79862095 10.50000000 28.50000000
v -3.90000000 10.50000000 28.65306551
v -3.90000000 10.67719749 24.30000000
v -3.81627426 10.80000000 24.60000000
v -3.90000000 10.80000000 24.46561199
v -3.76257994 10.80000000 28.50000000
v -3.90000000 10.80000000 28.80000000
v -3.90000000 10.90934314 24.60000000
v -3.81202506 11.10000000 24.90000000
v -3.90000000 11.10000000 24.78622221
v -3.74736036 11.10000000 28.50000000
v -3.87226033 11.10000000 28.80000000
v -3.90000000 11.10000000 28.86718625
v -3.90000000 11.25385405 24.90000000
v -3.76060404 11.40000000 25.20000000
v -3.90000000 11.40000000 25.00346061
v -3.73680555 11.40000000 28.50000000
v -3.84806889 11.40000000 28.80000000
v -3.90000000 11.40000000 28.95594696
v -3.86775319 11.70000000 25.20000000
v -3.90000000 11.70000000 25.15721719
v -3.65712456 11.70000000 25.50000000
v -3.72779202 11.70000000 28.50000000
v -3.82901436 11.70000000 28.80000000
v -3.90000000 11.70000000 29.03736884
v -3.90000000 11.78867153 25.20000000
v -3.77241048 12.00000000 25.50000000
v -3.90000000 12.00000000 25.31468124
v -3.63102195 12.00000000 25.80000000
v -3.64957736 12.00000000 28.20000000
v -3.73321626 12.00000000 28.50000000
v -3.81986751 12.00000000 28.80000000
v -3.90000000 12.00000000 29.08625153
v -3.90000000 12.30000000 25.50000000
v -3.77255392 12.30000000 25.80000000
v -3.69408575 12.30000000 26.10000000
v -3.61206790 12.30000000 26.40000000
v -3.65329331 12.30000000 27.60000000
v -3.68263470 12.30000000 27.90000000
v -3.70690912 12.30000000 28.20000000
v -3.75376838 12.30000000 28.50000000
v -3.82036745 12.30000000 28.80000000
v -3.90000000 12.30000000 29.10000000
v -3.90000000 12.60000000 25.80000000
v -3.83847167 12.60000000 26.10000000
v -3.78577892 12.60000000 26.40000000
v -3.75065842 12.60000000 26.70000000
v -3.72893086 12.60000000 27.00000000
v -3.71515949 12.60000000 27.30000000
v -3.71735221 12.60000000 27.60000000
v -3.73099368 12.60000000 27.90000000
v -3.74779715 12.60000000 28.20000000
v -3.77682071 12.60000000 28.50000000
v -3.82255429 12.60000000 28.80000000
v -3.88020816 12.60000000 29.10000000
v -3.90000000 12.60000000 29.19852987
v -3.90000000 12.69766767 26.10000000
v -3.90000000 12.81657080 26.40000000
v -3.87483165 12.90000000 26.70000000
v -3.90000000 12.90000000 26.58539007
v -3.82469061 12.90000000 27.00000000
v -3.79680469 12.90000000 27.30000000
v -3.78212209 12.90000000 27.60000000
v -3.77835825 12.90000000 27.90000000
v -3.78319690 12.90000000 28.20000000
v -3.79822017 12.90000000 28.50000000
v -3.82706313 12.90000000 28.80000000
v -3.86914593 12.90000000 29.10000000
v -3.90000000 12.90000000 29.27529083
v -3.90000000 12.96711400 26.70000000
v -3.90000000 13.20000000 27.00000000
v -3.86834225 13.20000000 27.30000000
v -3.84742644 13.20000000 27.60000000
v -3.83315759 13.20000000 27.90000000
v -3.82096345 13.20000000 28.20000000
v -3.81970253 13.20000000 28.50000000
v -3.83443984 13.20000000 28.80000000
v -3.86577886 13.20000000 29.10000000
v -3.90000000 13.20000000 29.32437896
v -3.90000000 13.32168567 27.30000000
v -3.90000000 13.42749648 27.60000000
v -3.90000000 13.50000000 27.90000000
v -3.86156496 13.50000000 28.20000000
v -3.84414278 13.50000000 28.50000000
v -3.84680825 13.50000000 28.80000000
v -3.86953100 13.50000000 29.10000000
v -3.90000000 13.50000000 29.33100759
v -3.90000000 13.80000000 28.20000000
v -3.87715278 13.80000000 28.50000000
v -3.86886349 13.80000000 28.80000000
v -3.88103047 13.80000000 29.10000000
v -3.90000000 13.80000000 29.26877106
v -3.90000000 13.94637468 28.50000000
v -3.90000000 14.10000000 28.80000000
v -3.90000000 14.10000000 29.10000000
v -4.20000000 7.14014190 24.00000000
v -4.20000000 7.20000000 23.85720495
v -4.20000000 7.10082343 24.30000000
v -4.20000000 7.11007024 24.60000000
v -4.20000000 7.14628262 24.90000000
v -4.20000000 7.20000000 25.20000000
v -4.14061326 7.50000000 23.40000000
v -4.20000000 7.28769145 23.70000000
v -4.20000000 7.50000000 23.41952914
v -4.20000000 7.27325371 25.50000000
v -4.20000000 7.36251959 25.80000000
v -4.20000000 7.48080028 26.10000000
v -4.20000000 7.50000000 26.13377775
v -4.20000000 7.76665167 21.30000000
v -4.20000000 7.80000000 21.27101764
v -4.20000000 7.50000000 21.60000000
v -4.20000000 7.80000000 21.90000000
v -4.20000000 7.51926465 23.40000000
v -4.20000000 7.80000000 23.10000000
v -4.20000000 7.69512584 26.40000000
v -4.20000000 7.80000000 26.51108015
v -4.20000000 8.10000000 21.10841092
v -4.15326623 8.10000000 21.90000000
v -4.20000000 8.10000000 21.91772733
v -4.20000000 8.10000000 23.04414505
v -4.20000000 8.10000000 26.70000000
v -4.20000000 8.34545928 21.00000000
v -4.20000000 8.40000000 20.98425366
v -4.20000000 8.40000000 21.90000000
v -4.20000000 8.40000000 23.01585342
v -4.07552544 8.40000000 27.00000000
v -4.20000000 8.34286725 27.00000000
v -4.20000000 8.40000000 27.06462881
v -4.01347877 8.70000000 21.00000000
v -4.20000000 8.70000000 20.96899532
v -4.20000000 8.70000000 21.90000000
v -4.20000000 8.70000000 23.00231275
v -4.00881199 8.70000000 27.30000000
v -4.20000000 8.59464181 27.30000000
v -4.20000000 8.70000000 27.43656598
v -4.20000000 9.00000000 21.00000000
v -4.18142370 9.00000000 21.90000000
v -4.20000000 9.00000000 21.91114880
v -4.16125203 9.00000000 23.10000000
v -4.20000000 9.00000000 23.07394358
v -3.91140057 9.00000000 27.60000000
v -4.20000000 8.81673047 27.60000000
v -4.20000000 9.00000000 27.90000000
v -3.99981945 9.30000000 21.30000000
v -4.20000000 9.30000000 21.14865770
v -4.20000000 9.08482894 21.90000000
v -4.20000000 9.30000000 21.86140345
v -4.20000000 9.04193725 23.10000000
v -4.20000000 9.30000000 23.23394349
v -4.10882752 9.30000000 28.20000000
v -4.20000000 9.22782461 28.20000000
v -4.20000000 9.30000000 28.27805804
v -4.20000000 9.59182448 21.30000000
v -4.11930920 9.60000000 21.60000000
v -4.20000000 9.60000000 21.31227268
v -4.20000000 9.60000000 21.73033231
v -4.20000000 9.60000000 23.40000000
v -4.15493270 9.60000000 28.50000000
v -4.20000000 9.55133271 28.50000000
v -4.20000000 9.60000000 28.53893649
v -4.20000000 9.90000000 21.60000000
v -4.20000000 9.90000000 23.52605829
v -3.96720959 9.90000000 28.50000000
v -4.20000000 9.90000000 28.71128441
v -4.12311184 10.20000000 23.70000000
v -4.20000000 10.20000000 23.65637818
v -4.14272988 10.20000000 28.80000000
v -4.20000000 10.08438751 28.80000000
v -4.20000000 10.20000000 28.85778989
v -4.20000000 10.29019961 23.70000000
v -4.20000000 10.50000000 23.81037209
v -4.01026614 10.50000000 28.80000000
v -4.20000000 10.50000000 29.04114931
v -4.20000000 10.80000000 24.00000000
v -4.01595375 10.80000000 24.30000000
v -4.09321720 10.80000000 29.10000000
v -4.20000000 10.58455401 29.10000000
v -4.20000000 10.80000000 29.29390927
v -4.20000000 10.95836625 24.30000000
v -4.06928126 11.10000000 24.60000000
v -4.20000000 11.10000000 24.46952181
v -4.00071863 11.10000000 29.10000000
v -4.11332580 11.10000000 29.40000000
v -4.20000000 10.91023240 29.40000000
v -4.20000000 11.10000000 29.70000000
v -4.20000000 11.26948683 24.60000000
v -3.98367558 11.40000000 24.90000000
v -4.20000000 11.40000000 24.68514823
v -3.94812684 11.40000000 29.10000000
v -4.04581511 11.40000000 29.40000000
v -4.15277988 11.40000000 29.70000000
v -4.20000000 11.40000000 29.79505696
v -4.10911920 11.70000000 24.90000000
v -4.20000000 11.70000000 24.81373043
v -3.91848258 11.70000000 29.10000000
v -4.00819069 11.70000000 29.40000000
v -4.10955868 11.70000000 29.70000000
v -4.20000000 11.70000000 29.92234289
v -4.20000000 12.00000000 24.90000000
v -3.98118591 12.00000000 25.20000000
v -3.90374165 12.00000000 29.10000000
v -3.98259388 12.00000000 29.40000000
v -4.06863803 12.00000000 29.70000000
v -4.16859986 12.00000000 30.00000000
v -4.20000000 11.85038245 30.00000000
v -4.20000000 12.00000000 30.07691017
v -4.16364628 12.30000000 25.20000000
v -4.20000000 12.30000000 25.16130878
v -3.96183141 12.30000000 29.40000000
v -4.03324987 12.30000000 29.70000000
v -4.11301604 12.30000000 30.00000000
v -4.20000000 12.30000000 30.30000000
v -4.20000000 12.34411185 25.20000000
v -4.14162843 12.60000000 25.50000000
v -4.20000000 12.60000000 25.43710419
v -3.93975992 12.60000000 29.40000000
v -4.00434448 12.60000000 29.70000000
v -4.07636014 12.60000000 30.00000000
v -4.16014584 12.60000000 30.30000000
v -4.20000000 12.60000000 30.40983320
v -4.20000000 12.66307085 25.50000000
v -4.18816832 12.90000000 25.80000000
v -4.20000000 12.90000000 25.78345417
v -4.04009430 12.90000000 26.10000000
v -3.94456986 12.90000000 26.40000000
v -3.92199718 12.90000000 29.40000000
v -3.98283056 12.90000000 29.70000000
v -4.05086590 12.90000000 30.00000000
v -4.12433868 12.90000000 30.30000000
v -4.20000000 12.90000000 30.60000000
v -4.20000000 12.91350540 25.80000000
v -4.20000000 13.12087446 26.10000000
v -4.10605005 13.20000000 26.40000000
v -4.20000000 13.20000000 26.20767797
v -3.99046171 13.20000000 26.70000000
v -3.91165148 13.20000000 29.40000000
v -3.96887896 13.20000000 29.70000000
v -4.03367430 13.20000000 30.00000000
v -4.10265074 13.20000000 30.30000000
v -4.17600477 13.20000000 30.60000000
v -4.20000000 13.20000000 30.68446496
v -4.20000000 13.38201927 26.40000000
v -4.10365406 13.50000000 26.70000000
v -4.20000000 13.50000000 26.51043139
v -4.00477408 13.50000000 27.00000000
v -3.94812926 13.50000000 27.30000000
v -3.91682849 13.50000000 27.60000000
v -3.90922214 13.50000000 29.40000000
v -3.96251253 13.50000000 29.70000000
v -4.02393301 13.50000000 30.00000000
v -4.08924124 13.50000000 30.30000000
v -4.15700409 13.50000000 30.60000000
v -4.20000000 13.50000000 30.78260544
v -4.20000000 13.80000000 26.70000000
v -4.10041693 13.80000000 27.00000000
v -4.03583316 13.80000000 27.30000000
v -3.98893054 13.80000000 27.60000000
v -3.94699060 13.80000000 27.90000000
v -3.91495586 13.80000000 29.40000000
v -3.96373545 13.80000000 29.70000000
v -4.02065975 13.80000000 30.00000000
v -4.08138632 13.80000000 30.30000000
v -4.14370433 13.80000000 30.60000000
v -4.20000000 13.80000000 30.86343426
v -4.20000000 14.10000000 27.00000000
v -4.13586506 14.10000000 27.30000000
v -4.07581526 14.10000000 27.60000000
v -4.01697767 14.10000000 27.90000000
v -3.96384326 14.10000000 28.20000000
v -3.92456241 14.10000000 28.50000000
v -3.93044433 14.10000000 29.40000000
v -3.97287380 14.10000000 29.70000000
v -4.02335509 14.10000000 30.00000000
v -4.07893963 14.10000000 30.30000000
v -4.13763893 14.10000000 30.60000000
v -4.19945863 14.10000000 30.90000000
v -4.20000000 14.08078387 30.90000000
v -4.20000000 14.10000000 30.90249394
v -4.20000000 14.25227423 27.30000000
v -4.17862587 14.40000000 27.60000000
v -4.20000000 14.40000000 27.52421015
v -4.10302205 14.40000000 27.90000000
v -4.03617274 14.40000000 28.20000000
v -3.98431848 14.40000000 28.50000000
v -3.95163501 14.40000000 28.80000000
v -3.94266658 14.40000000 29.10000000
v -3.95785265 14.40000000 29.40000000
v -3.98944112 14.40000000 29.70000000
v -4.03187426 14.40000000 30.00000000
v -4.08187483 14.40000000 30.30000000
v -4.13779452 14.40000000 30.60000000
v -4.20000000 14.40000000 30.90000000
v -4.20000000 14.45847117 27.60000000
v -4.20000000 14.70000000 27.90000000
v -4.11490909 14.70000000 28.20000000
v -4.05114158 14.70000000 28.50000000
v -4.00932155 14.70000000 28.80000000
v -3.99027025 14.70000000 29.10000000
v -3.99304814 14.70000000 29.40000000
v -4.01347927 14.70000000 29.70000000
v -4.04705375 14.70000000 30.00000000
v -4.09043006 14.70000000 30.30000000
v -4.14160104 14.70000000 30.60000000
v -4.20000000 14.70000000 30.90000000
v -4.20000000 15.00000000 28.20000000
v -4.12228600 15.00000000 28.50000000
v -4.07017030 15.00000000 28.80000000
v -4.04239513 15.00000000 29.10000000
v -4.03600581 15.00000000 29.40000000
v -4.04641997 15.00000000 29.70000000
v -4.07042443 15.00000000 30.00000000
v -4.10552197 15.00000000 30.30000000
v -4.15026559 15.00000000 30.60000000
v -4.20000000 15.00000000 30.88038518
v -4.20000000 15.30000000 28.50000000
v -4.13251598 15.30000000 28.80000000
v -4.10290842 15.30000000 29.10000000
v -4.09139182 15.30000000 29.40000000
v -4.09116201 15.30000000 29.70000000
v -4.10353576 15.30000000 30.00000000
v -4.12930250 15.30000000 30.30000000
v -4.16782392 15.30000000 30.60000000
v -4.20000000 15.30000000 30.79186220
v -4.20000000 15.60000000 28.80000000
v -4.18466829 15.60000000 29.10000000
v -4.16829993 15.60000000 29.40000000
v -4.15172515 15.60000000 29.70000000
v -4.14650926 15.60000000 30.00000000
v -4.16639439 15.60000000 30.30000000
v -4.20000000 15.60000000 30.60000000
v -4.20000000 15.63621164 29.10000000
v -4.20000000 15.69111115 29.40000000
v -4.20000000 15.77421557 29.70000000
v -4.20000000 15.90000000 30.00000000
v -4.20000000 15.76593825 30.30000000
v -4.50000000 7.20000000 24.00000000
v -4.50000000 7.20000000 24.30000000
v -4.44620053 7.20000000 24.60000000
v -4.36284578 7.20000000 24.90000000
v -4.50000000 7.45249207 23.70000000
v -4.50000000 7.50000000 23.64193507
v -4.50000000 7.22292439 24.60000000
v -4.50000000 7.24863773 24.90000000
v -4.50000000 7.28191412 25.20000000
v -4.50000000 7.32684648 25.50000000
v -4.50000000 7.38821773 25.80000000
v -4.50000000 7.47924529 26.10000000
v -4.50000000 7.50000000 26.14691723
v -4.50000000 7.80000000 21.30000000
v -4.50000000 7.68887656 21.60000000
v -4.50000000 7.76473713 21.90000000
v -4.50000000 7.80000000 21.95992042
v -4.50000000 7.74476864 23.40000000
v -4.50000000 7.80000000 23.33248945
v -4.50000000 7.63360237 26.40000000
v -4.50000000 7.80000000 26.70000000
v -4.50000000 8.10000000 21.16487443
v -4.50000000 8.10000000 22.10214074
v -4.49077475 8.10000000 23.10000000
v -4.50000000 8.10000000 23.10292869
v -4.50000000 8.10000000 26.88292395
v -4.50000000 8.40000000 21.00000000
v -4.50000000 8.40000000 22.11193489
v -4.50000000 8.10618981 23.10000000
v -4.50000000 8.40000000 22.96022157
v -4.50000000 8.22248853 27.00000000
v -4.50000000 8.40000000 27.19949939
v -4.50000000 8.70000000 20.96494020
v -4.50000000 8.70000000 22.12479143
v -4.50000000 8.70000000 22.86353736
v -4.50000000 8.47686068 27.30000000
v -4.50000000 8.70000000 27.60000000
v -4.50000000 9.00000000 20.96974224
v -4.50000000 9.00000000 22.11514827
v -4.50000000 9.00000000 22.80000000
v -4.50000000 8.83592210 27.90000000
v -4.50000000 9.00000000 28.20000000
v -4.50000000 9.18936998 21.00000000
v -4.50000000 9.30000000 21.02221673
v -4.23890543 9.30000000 21.90000000
v -4.50000000 9.30000000 22.06103823
v -4.49760559 9.30000000 23.10000000
v -4.50000000 9.30000000 23.09851663
v -4.50000000 9.30000000 28.50000000
v -4.20478733 9.60000000 21.30000000
v -4.50000000 9.60000000 21.11182904
v -4.34453965 9.60000000 21.90000000
v -4.50000000 9.60000000 21.99450752
v -4.50000000 9.30180766 23.10000000
v -4.50000000 9.60000000 23.26525396
v -4.50000000 9.60000000 28.80000000
v -4.40909067 9.90000000 21.30000000
v -4.50000000 9.90000000 21.23514406
v -4.48242005 9.90000000 21.90000000
v -4.50000000 9.90000000 21.91276587
v -4.49230236 9.90000000 23.40000000
v -4.50000000 9.90000000 23.39662081
v -4.31572136 9.90000000 28.80000000
v -4.50000000 9.90000000 28.92684629
v -4.50000000 9.98961463 21.30000000
v -4.50000000 10.20000000 21.60000000
v -4.50000000 9.92037122 21.90000000
v -4.50000000 9.90837009 23.40000000
v -4.50000000 10.20000000 23.51403259
v -4.50000000 10.20000000 29.10000000
v -4.41402212 10.50000000 23.70000000
v -4.50000000 10.50000000 23.65911982
v -4.25257584 10.50000000 29.10000000
v -4.50000000 10.50000000 29.40000000
v -4.50000000 10.56854994 23.70000000
v -4.50000000 10.80000000 23.86899070
v -4.26514686 10.80000000 29.40000000
v -4.46400542 10.80000000 29.70000000
v -4.50000000 10.76001112 29.70000000
v -4.50000000 10.80000000 29.74326281
v -4.50000000 10.92389629 24.00000000
v -4.50000000 11.10000000 24.30000000
v -4.47111993 11.10000000 30.00000000
v -4.50000000 11.06240305 30.00000000
v -4.50000000 11.10000000 30.03469761
v -4.31097215 11.40000000 24.60000000
v -4.50000000 11.40000000 24.46953643
v -4.32019462 11.40000000 30.00000000
v -4.50000000 11.40000000 30.30000000
v -4.50000000 11.70000000 24.60000000
v -4.23516626 11.70000000 30.00000000
v -4.40082211 11.70000000 30.30000000
v -4.50000000 11.70000000 30.44266243
v -4.50000000 12.00000000 24.73215021
v -4.30423975 12.00000000 30.30000000
v -4.49055959 12.00000000 30.60000000
v -4.50000000 11.97733367 30.60000000
v -4.50000000 12.00000000 30.61367650
v -4.50000000 12.30000000 24.90000000
v -4.37358455 12.30000000 30.60000000
v -4.50000000 12.30000000 30.81057615
v -4.45940976 12.60000000 25.20000000
v -4.50000000 12.60000000 25.16794218
v -4.27887819 12.60000000 30.60000000
v -4.42382696 12.60000000 30.90000000
v -4.50000000 12.42169563 30.90000000
v -4.50000000 12.60000000 31.06226677
v -4.50000000 12.63882212 25.20000000
v -4.43567449 12.90000000 25.50000000
v -4.50000000 12.90000000 25.43840271
v -4.32471676 12.90000000 30.90000000
v -4.43788425 12.90000000 31.20000000
v -4.50000000 12.74786141 31.20000000
v -4.50000000 12.90000000 31.38798899
v -4.50000000 12.96879530 25.50000000
v -4.45195589 13.20000000 25.80000000
v -4.50000000 13.20000000 25.73858609
v -4.26076010 13.20000000 26.10000000
v -4.26405354 13.20000000 30.90000000
v -4.35298027 13.20000000 31.20000000
v -4.43290465 13.20000000 31.50000000
v -4.50000000 13.00180031 31.50000000
v -4.50000000 13.20000000 31.80000000
v -4.50000000 13.26394794 25.80000000
v -4.50000000 13.50000000 26.10000000
v -4.26691701 13.50000000 26.40000000
v -4.22812668 13.50000000 30.90000000
v -4.30236407 13.50000000 31.20000000
v -4.37864469 13.50000000 31.50000000
v -4.46084581 13.50000000 31.80000000
v -4.50000000 13.50000000 31.91282151
v -4.42671572 13.80000000 26.40000000
v -4.50000000 13.80000000 26.29881477
v -4.20791901 13.80000000 30.90000000
v -4.27586878 13.80000000 31.20000000
v -4.35000230 13.80000000 31.50000000
v -4.43261259 13.80000000 31.80000000
v -4.50000000 13.80000000 32.01797154
v -4.50000000 13.92029827 26.40000000
v -4.39126492 14.10000000 26.70000000
v -4.50000000 14.10000000 26.55183141
v -4.26407763 14.10000000 31.20000000
v -4.33546134 14.10000000 31.50000000
v -4.41457671 14.10000000 31.80000000
v -4.50000000 14.10000000 32.10000000
v -4.50000000 14.26577788 26.70000000
v -4.39925647 14.40000000 27.00000000
v -4.50000000 14.40000000 26.83451323
v -4.27096316 14.40000000 27.30000000
v -4.26037913 14.40000000 31.20000000
v -4.32914108 14.40000000 31.50000000
v -4.40803494 14.40000000 31.80000000
v -4.50000000 14.40000000 32.10000000
v -4.50000000 14.56589539 27.00000000
v -4.41869750 14.70000000 27.30000000
v -4.50000000 14.70000000 27.14501952
v -4.29384979 14.70000000 27.60000000
v -4.26016083 14.70000000 31.20000000
v -4.32802723 14.70000000 31.50000000
v -4.40562812 14.70000000 31.80000000
v -4.49410585 14.70000000 32.10000000
v -4.50000000 14.70000000 32.11839460
v -4.50000000 14.86570573 27.30000000
v -4.40216762 15.00000000 27.60000000
v -4.50000000 15.00000000 27.41545092
v -4.29363766 15.00000000 27.90000000
v -4.20351072 15.00000000 30.90000000
v -4.26390904 15.00000000 31.20000000
v -4.33116404 15.00000000 31.50000000
v -4.40626626 15.00000000 31.80000000
v -4.49072013 15.00000000 32.10000000
v -4.50000000 15.00000000 32.12990886
v -4.50000000 15.30000000 27.60000000
v -4.41414986 15.30000000 27.90000000
v -4.31252806 15.30000000 28.20000000
v -4.21825254 15.30000000 30.90000000
v -4.27655590 15.30000000 31.20000000
v -4.34063904 15.30000000 31.50000000
v -4.41089840 15.30000000 31.80000000
v -4.48996607 15.30000000 32.10000000
v -4.50000000 15.30000000 32.13383973
v -4.50000000 15.44129076 27.90000000
v -4.47432076 15.60000000 28.20000000
v -4.50000000 15.60000000 28.14096413
v -4.33960319 15.60000000 28.50000000
v -4.24912731 15.60000000 30.90000000
v -4.30248808 15.60000000 31.20000000
v -4.35991800 15.60000000 31.50000000
v -4.42194022 15.60000000 31.80000000
v -4.49209099 15.60000000 32.10000000
v -4.50000000 15.60000000 32.12790040
v -4.50000000 15.63738076 28.20000000
v -4.50000000 15.84231289 28.50000000
v -4.40937791 15.90000000 28.80000000
v -4.50000000 15.90000000 28.58951009
v -4.32813359 15.90000000 29.10000000
v -4.27907866 15.90000000 29.40000000
v -4.23821516 15.90000000 29.70000000
v -4.22886154 15.90000000 30.30000000
v -4.26139471 15.90000000 30.60000000
v -4.29967446 15.90000000 30.90000000
v -4.34337829 15.90000000 31.20000000
v -4.39180523 15.90000000 31.50000000
v -4.44403509 15.90000000 31.80000000
v -4.50000000 15.90000000 32.10000000
v -4.50000000 16.02701514 28.80000000
v -4.50000000 16.20000000 29.10000000
v -4.42641985 16.20000000 29.40000000
v -4.37019886 16.20000000 29.70000000
v -4.33440927 16.20000000 30.00000000
v -4.32934572 16.20000000 30.30000000
v -4.34267816 16.20000000 30.60000000
v -4.36672775 16.20000000 30.90000000
v -4.39876812 16.20000000 31.20000000
v -4.43798175 16.20000000 31.50000000
v -4.48495646 16.20000000 31.80000000
v -4.50000000 16.20000000 31.87900043
v -4.50000000 16.32713607 29.40000000
v -4.50000000 16.45140973 29.70000000
v -4.47502184 16.50000000 30.00000000
v -4.50000000 16.50000000 29.84878150
v -4.44757917 16.50000000 30.30000000
v -4.43978578 16.50000000 30.60000000
v -4.44821606 16.50000000 30.90000000
v -4.46927251 16.50000000 31.20000000
v -4.50000000 16.49685176 31.50000000
v -4.50000000 16.50000000 31.49357305
v -4.50000000 16.27964613 31.80000000
v -4.50000000 16.55149946 30.00000000
v -4.50000000 16.62667562 30.30000000
v -4.50000000 16.67019929 30.60000000
v -4.50000000 16.66409907 30.90000000
v -4.50000000 16.60627206 31.20000000
v -4.55159402 7.50000000 23.70000000
v -4.80000000 7.50000000 24.00000000
v -4.80000000 7.43513075 24.30000000
v -4.80000000 7.40221790 24.60000000
v -4.80000000 7.39144928 24.90000000
v -4.80000000 7.39976868 25.20000000
v -4.80000000 7.42244925 25.50000000
v -4.80000000 7.45549031 25.80000000
v -4.80000000 7.50000000 26.10000000
v -4.80000000 7.80000000 21.60000000
v -4.80000000 7.80000000 21.90000000
v -4.54781573 7.80000000 23.40000000
v -4.80000000 7.80000000 23.70000000
v -4.80000000 7.64813506 26.40000000
v -4.80000000 7.80000000 26.70000000
v -4.75256820 8.10000000 21.30000000
v -4.80000000 8.10000000 21.34354748
v -4.61754799 8.10000000 22.20000000
v -4.80000000 7.80000000 22.20000000
v -4.79089016 8.10000000 22.50000000
v -4.80000000 7.80000000 22.50000000
v -4.80000000 8.10000000 22.51409592
v -4.74497460 8.10000000 23.40000000
v -4.80000000 8.10000000 23.47778259
v -4.80000000 8.10000000 26.90193649
v -4.80000000 8.14062985 21.30000000
v -4.80000000 8.40000000 21.14083618
v -4.60015797 8.40000000 22.20000000
v -4.78022775 8.40000000 22.50000000
v -4.80000000 8.40000000 22.58723674
v -4.80000000 8.40000000 23.10000000
v -4.80000000 8.17661817 23.40000000
v -4.80000000 8.18762021 27.00000000
v -4.80000000 8.40000000 27.28682197
v -4.73718148 8.70000000 21.00000000
v -4.80000000 8.70000000 21.01146863
v -4.61179124 8.70000000 22.20000000
v -4.80000000 8.70000000 22.50000000
v -4.69728294 8.70000000 22.80000000
v -4.80000000 8.57706384 22.80000000
v -4.80000000 8.40829206 27.30000000
v -4.80000000 8.57488453 27.60000000
v -4.80000000 8.70000000 27.90000000
v -4.80000000 8.77579643 21.00000000
v -4.80000000 9.00000000 20.97519181
v -4.80000000 9.00000000 22.20000000
v -4.80000000 9.00000000 22.80000000
v -4.80000000 8.93314511 28.20000000
v -4.80000000 9.00000000 28.27763300
v -4.80000000 9.30000000 21.00000000
v -4.80000000 9.30000000 22.13172482
v -4.80000000 9.30000000 23.03719754
v -4.80000000 9.21559200 28.50000000
v -4.80000000 9.30000000 28.58131932
v -4.80000000 9.60000000 21.03851384
v -4.80000000 9.60000000 22.07594282
v -4.80000000 9.39733985 23.10000000
v -4.80000000 9.60000000 23.19415584
v -4.80000000 9.55370901 28.80000000
v -4.80000000 9.60000000 28.83703009
v -4.80000000 9.90000000 21.12711634
v -4.80000000 9.90000000 22.02897570
v -4.80000000 9.90000000 23.30815624
v -4.80000000 9.90000000 29.05125566
v -4.80000000 10.20000000 21.30000000
v -4.80000000 10.20000000 21.90000000
v -4.80000000 10.20000000 23.40000000
v -4.80000000 9.96025486 29.10000000
v -4.80000000 10.20000000 29.36338246
v -4.80000000 10.27142498 21.60000000
v -4.80000000 10.50000000 23.55285377
v -4.80000000 10.23034219 29.40000000
v -4.76109309 10.50000000 29.70000000
v -4.80000000 10.46357741 29.70000000
v -4.80000000 10.50000000 29.74037180
v -4.80000000 10.80000000 23.70000000
v -4.74388196 10.80000000 30.00000000
v -4.80000000 10.74607333 30.00000000
v -4.80000000 10.80000000 30.05367656
v -4.76691637 11.10000000 24.00000000
v -4.80000000 11.10000000 23.97532341
v -4.75583132 11.10000000 30.30000000
v -4.80000000 11.05442720 30.30000000
v -4.80000000 11.10000000 30.34295601
v -4.80000000 11.13143006 24.00000000
v -4.80000000 11.40000000 24.30000000
v -4.80000000 11.40000000 30.60000000
v -4.80000000 11.70000000 24.39089842
v -4.63076018 11.70000000 30.60000000
v -4.80000000 11.70000000 30.78572020
v -4.75114702 12.00000000 24.60000000
v -4.80000000 12.00000000 24.57097689
v -4.73118208 12.00000000 30.90000000
v -4.80000000 11.88297769 30.90000000
v -4.80000000 12.00000000 30.98350031
v -4.80000000 12.03962911 24.60000000
v -4.80000000 12.30000000 24.77364782
v -4.56068473 12.30000000 30.90000000
v -4.75681877 12.30000000 31.20000000
v -4.80000000 12.23992355 31.20000000
v -4.80000000 12.30000000 31.27877448
v -4.80000000 12.47362638 24.90000000
v -4.80000000 12.60000000 24.99469620
v -4.56977673 12.60000000 31.20000000
v -4.69801818 12.60000000 31.50000000
v -4.80000000 12.45329592 31.50000000
v -4.80000000 12.60000000 31.80000000
v -4.80000000 12.90000000 25.20000000
v -4.53935324 12.90000000 31.50000000
v -4.64279751 12.90000000 31.80000000
v -4.77072085 12.90000000 32.10000000
v -4.80000000 12.84215010 32.10000000
v -4.80000000 12.90000000 32.16163328
v -4.72526617 13.20000000 25.50000000
v -4.80000000 13.20000000 25.44004512
v -4.64699276 13.20000000 32.10000000
v -4.78173638 13.20000000 32.40000000
v -4.80000000 13.15728905 32.40000000
v -4.80000000 13.20000000 32.44327950
v -4.80000000 13.29954586 25.50000000
v -4.66110171 13.50000000 25.80000000
v -4.80000000 13.50000000 25.63475447
v -4.57048536 13.50000000 32.10000000
v -4.68804312 13.50000000 32.40000000
v -4.80000000 13.50000000 32.70000000
v -4.80000000 13.80000000 25.80000000
v -4.63931806 13.80000000 26.10000000
v -4.52646314 13.80000000 32.10000000
v -4.63483352 13.80000000 32.40000000
v -4.75150066 13.80000000 32.70000000
v -4.80000000 13.80000000 32.80784206
v -4.80000000 14.02702601 26.10000000
v -4.62588834 14.10000000 26.40000000
v -4.80000000 14.10000000 26.17820043
v -4.60808713 14.10000000 32.40000000
v -4.72534110 14.10000000 32.70000000
v -4.80000000 14.10000000 32.86795350
v -4.80000000 14.30702935 26.40000000
v -4.59914313 14.40000000 26.70000000
v -4.80000000 14.40000000 26.48386284
v -4.59743473 14.40000000 32.40000000
v -4.70935596 14.40000000 32.70000000
v -4.80000000 14.40000000 32.91752758
v -4.80000000 14.70000000 26.70000000
v -4.59181708 14.70000000 27.00000000
v -4.59044346 14.70000000 32.40000000
v -4.69751036 14.70000000 32.70000000
v -4.80000000 14.70000000 32.96061003
v -4.80000000 14.97444902 27.00000000
v -4.57786264 15.00000000 27.30000000
v -4.80000000 15.00000000 27.02361154
v -4.58450239 15.00000000 32.40000000
v -4.68857535 15.00000000 32.70000000
v -4.80000000 15.00000000 32.98913793
v -4.78353988 15.30000000 27.30000000
v -4.80000000 15.30000000 27.28262227
v -4.58004455 15.30000000 32.40000000
v -4.68295612 15.30000000 32.70000000
v -4.80000000 15.30000000 33.00000000
v -4.80000000 15.31837421 27.30000000
v -4.79908999 15.60000000 27.60000000
v -4.80000000 15.60000000 27.59889952
v -4.61971785 15.60000000 27.90000000
v -4.57907194 15.60000000 32.40000000
v -4.67920118 15.60000000 32.70000000
v -4.80000000 15.60000000 33.00000000
v -4.80000000 15.60093136 27.60000000
v -4.80000000 15.80133003 27.90000000
v -4.71267764 15.90000000 28.20000000
v -4.80000000 15.90000000 28.05325038
v -4.54377009 15.90000000 28.50000000
v -4.58775342 15.90000000 32.40000000
v -4.67471698 15.90000000 32.70000000
v -4.75006218 15.90000000 33.00000000
v -4.80000000 15.90000000 33.30000000
v -4.80000000 15.99283803 28.20000000
v -4.80000000 16.20000000 28.50000000
v -4.63832043 16.20000000 28.80000000
v -4.54246397 16.20000000 32.10000000
v -4.61333070 16.20000000 32.40000000
v -4.68688879 16.20000000 32.70000000
v -4.75088621 16.20000000 33.00000000
v -4.80000000 16.20000000 33.30000000
v -4.80000000 16.38402837 28.80000000
v -4.74224290 16.50000000 29.10000000
v -4.80000000 16.50000000 28.99170004
v -4.61303970 16.50000000 29.40000000
v -4.52712306 16.50000000 29.70000000
v -4.50067140 16.50000000 31.50000000
v -4.54163582 16.50000000 31.80000000
v -4.59207526 16.50000000 32.10000000
v -4.65082580 16.50000000 32.40000000
v -4.71784408 16.50000000 32.70000000
v -4.80000000 16.50000000 33.00000000
v -4.80000000 16.57236490 29.10000000
v -4.80000000 16.80000000 29.40000000
v -4.69657268 16.80000000 29.70000000
v -4.62702372 16.80000000 30.00000000
v -4.57476248 16.80000000 30.30000000
v -4.54757430 16.80000000 30.60000000
v -4.54440279 16.80000000 30.90000000
v -4.55755315 16.80000000 31.20000000
v -4.58069786 16.80000000 31.50000000
v -4.61155020 16.80000000 31.80000000
v -4.65009197 16.80000000 32.10000000
v -4.69725156 16.80000000 32.40000000
v -4.75421884 16.80000000 32.70000000
v -4.80000000 16.80000000 32.91077952
v -4.80000000 16.98363406 29.70000000
v -4.80000000 17.10000000 30.00000000
v -4.69965529 17.10000000 30.30000000
v -4.66373839 17.10000000 30.60000000
v -4.65840631 17.10000000 30.90000000
v -4.66564962 17.10000000 31.20000000
v -4.67826999 17.10000000 31.50000000
v -4.69543028 17.10000000 31.80000000
v -4.71750449 17.10000000 32.10000000
v -4.74849155 17.10000000 32.40000000
v -4.80000000 17.10000000 32.70000000
v -4.80000000 17.40000000 30.30000000
v -4.80000000 17.40000000 30.60000000
v -4.80000000 17.40000000 30.90000000
v -4.79590841 17.40000000 31.20000000
v -4.79267371 17.40000000 31.50000000
v -4.79445794 17.40000000 31.80000000
v -4.79780537 17.40000000 32.10000000
v -4.80000000 17.40000000 32.40000000
v -4.80000000 17.40857557 31.20000000
v -4.80000000 17.41753089 31.50000000
v -4.80000000 17.41504494 31.80000000
v -4.80000000 17.40670939 32.10000000
v -4.86574969 7.50000000 24.30000000
v -4.94033934 7.50000000 24.60000000
v -4.98884817 7.50000000 24.90000000
v -4.99120506 7.50000000 25.20000000
v -4.96303552 7.50000000 25.50000000
v -4.90757415 7.50000000 25.80000000
v -4.92346831 7.80000000 24.00000000
v -5.04837868 7.80000000 24.30000000
v -5.10000000 7.63387943 24.60000000
v -5.10000000 7.80000000 24.37778849
v -5.10000000 7.57114820 24.90000000
v -5.10000000 7.56308305 25.20000000
v -5.10000000 7.57190741 25.50000000
v -5.10000000 7.58878342 25.80000000
v -5.10000000 7.62725194 26.10000000
v -5.10000000 7.73136930 26.40000000
v -5.10000000 7.80000000 26.49738380
v -5.00456425 8.10000000 21.60000000
v -5.10000000 8.10000000 21.90000000
v -5.10000000 8.10000000 22.20000000
v -4.82822153 8.10000000 22.50000000
v -4.92436307 8.10000000 23.70000000
v -5.05110694 8.10000000 24.00000000
v -5.10000000 8.10000000 24.30000000
v -5.10000000 8.10000000 26.70000000
v -5.09078189 8.40000000 21.30000000
v -5.10000000 8.18046898 21.60000000
v -5.10000000 8.40000000 21.30788692
v -5.10000000 8.24039599 22.50000000
v -5.10000000 8.40000000 22.64627567
v -4.97245651 8.40000000 23.40000000
v -5.10000000 8.40000000 23.70000000
v -5.10000000 8.16523309 24.00000000
v -5.10000000 8.23449239 27.00000000
v -5.10000000 8.40000000 27.30000000
v -5.10000000 8.40644475 21.30000000
v -5.10000000 8.70000000 21.11318951
v -4.99273850 8.70000000 22.80000000
v -5.10000000 8.70000000 22.73619071
v -5.10000000 8.70000000 23.10000000
v -5.10000000 8.51913128 23.40000000
v -5.10000000 8.54513915 27.60000000
v -5.10000000 8.68882960 27.90000000
v -5.10000000 8.70000000 27.91745413
v -4.98992004 9.00000000 21.00000000
v -5.10000000 9.00000000 21.01576719
v -5.10000000 9.00000000 22.20000000
v -5.10000000 8.77392670 22.50000000
v -5.10000000 9.00000000 22.94246354
v -5.10000000 8.91036630 28.20000000
v -5.10000000 9.00000000 28.30621137
v -5.10000000 9.30000000 21.00000000
v -5.10000000 9.30000000 22.12409882
v -5.10000000 9.30000000 23.05682459
v -5.10000000 9.18026875 28.50000000
v -5.10000000 9.30000000 28.61865933
v -5.10000000 9.60000000 21.02760881
v -5.10000000 9.60000000 22.08761264
v -5.10000000 9.39593464 23.10000000
v -5.10000000 9.60000000 23.17593820
v -5.10000000 9.51492101 28.80000000
v -5.10000000 9.60000000 28.86876652
v -5.10000000 9.90000000 21.12230461
v -5.10000000 9.90000000 22.04577003
v -5.10000000 9.90000000 23.27901762
v -5.10000000 9.90000000 29.10000000
v -5.10000000 10.15978244 21.30000000
v -5.10000000 10.20000000 21.37976864
v -5.10000000 10.20000000 21.90000000
v -5.10000000 10.20000000 23.38180865
v -4.84942586 10.20000000 29.40000000
v -5.10000000 10.08036520 29.40000000
v -5.10000000 10.20000000 29.70000000
v -5.10000000 10.27712071 21.60000000
v -5.10000000 10.24259476 23.40000000
v -5.10000000 10.50000000 23.50705480
v -5.10000000 10.50000000 30.00000000
v -5.10000000 10.80000000 23.64606418
v -5.10000000 10.80000000 30.30000000
v -5.10000000 10.90708034 23.70000000
v -5.10000000 11.10000000 23.80750237
v -5.10000000 11.10000000 30.60000000
v -5.01704326 11.40000000 24.00000000
v -5.10000000 11.40000000 23.93952986
v -5.10000000 11.40000000 30.90000000
v -5.10000000 11.70000000 24.00000000
v -4.90768160 11.70000000 24.30000000
v -4.92598333 11.70000000 30.90000000
v -5.10000000 11.70000000 31.03979013
v -5.10000000 11.88097074 24.30000000
v -5.10000000 12.00000000 24.41377396
v -5.02901634 12.00000000 31.20000000
v -5.10000000 11.92647163 31.20000000
v -5.10000000 12.00000000 31.27562197
v -5.10000000 12.20493344 24.60000000
v -5.10000000 12.30000000 24.67057217
v -4.93956678 12.30000000 31.50000000
v -5.10000000 12.15966281 31.50000000
v -5.05080516 12.30000000 31.80000000
v -5.10000000 12.25503147 31.80000000
v -5.10000000 12.30000000 32.10000000
v -5.04079365 12.60000000 24.90000000
v -5.10000000 12.60000000 24.87847202
v -4.93271177 12.60000000 32.10000000
v -5.10000000 12.60000000 32.40000000
v -5.10000000 12.63126328 24.90000000
v -5.10000000 12.90000000 25.08632845
v -4.92577214 12.90000000 32.40000000
v -5.10000000 12.90000000 32.70000000
v -5.10000000 13.07191321 25.20000000
v -5.10000000 13.20000000 25.28273209
v -4.91922579 13.20000000 32.70000000
v -5.03529785 13.20000000 33.00000000
v -5.10000000 13.11262261 33.00000000
v -5.10000000 13.20000000 33.30000000
v -4.95872812 13.50000000 25.50000000
v -5.10000000 13.50000000 25.41370022
v -4.93569680 13.50000000 33.00000000
v -5.10000000 13.50000000 33.30000000
v -5.10000000 13.80000000 25.50000000
v -4.89399856 13.80000000 33.00000000
v -5.09350147 13.80000000 33.30000000
v -5.10000000 13.80000000 33.30772018
v -5.10000000 14.10000000 25.80000000
v -4.87114204 14.10000000 26.10000000
v -4.86425151 14.10000000 33.00000000
v -5.04596827 14.10000000 33.30000000
v -5.10000000 14.10000000 33.37232617
v -5.10000000 14.27370987 26.10000000
v -4.90863179 14.40000000 26.40000000
v -5.10000000 14.40000000 26.25310913
v -4.83716166 14.40000000 33.00000000
v -4.97760582 14.40000000 33.30000000
v -5.10000000 14.40000000 33.60000000
v -5.10000000 14.54084966 26.40000000
v -5.10000000 14.70000000 26.54516050
v -4.81646816 14.70000000 33.00000000
v -4.94921282 14.70000000 33.30000000
v -5.10000000 14.70000000 33.60000000
v -5.10000000 14.87284178 26.70000000
v -4.82584407 15.00000000 27.00000000
v -5.10000000 15.00000000 26.80662299
v -4.80441808 15.00000000 33.00000000
v -4.93883907 15.00000000 33.30000000
v -5.10000000 15.00000000 33.60000000
v -5.10000000 15.30000000 27.00000000
v -4.92651141 15.30000000 33.30000000
v -5.10000000 15.30000000 33.60000000
v -5.10000000 15.60000000 27.30000000
v -4.88848181 15.60000000 33.30000000
v -5.05341316 15.60000000 33.60000000
v -5.10000000 15.60000000 33.66458070
v -5.10000000 15.90000000 27.60000000
v -4.90673467 15.90000000 27.90000000
v -4.98669076 15.90000000 33.60000000
v -5.10000000 15.90000000 33.90000000
v -5.10000000 16.04816995 27.90000000
v -5.04082543 16.20000000 28.20000000
v -5.10000000 16.20000000 28.13383174
v -5.00657140 16.20000000 33.60000000
v -5.10000000 16.20000000 33.71517871
v -5.10000000 16.24722309 28.20000000
v -5.10000000 16.50000000 28.50000000
v -4.92367022 16.50000000 28.80000000
v -4.87041613 16.50000000 33.30000000
v -5.02422116 16.50000000 33.60000000
v -5.10000000 16.50000000 33.70028928
v -5.10000000 16.64289824 28.80000000
v -5.02665169 16.80000000 29.10000000
v -5.10000000 16.80000000 29.01947661
v -4.81971113 16.80000000 33.00000000
v -4.89479849 16.80000000 33.30000000
v -4.99333175 16.80000000 33.60000000
v -5.10000000 16.80000000 33.90000000
v -5.10000000 16.87955694 29.10000000
v -4.99585440 17.10000000 29.40000000
v -5.10000000 17.10000000 29.28049234
v -4.86912048 17.10000000 29.70000000
v -4.84636323 17.10000000 33.00000000
v -4.90472160 17.10000000 33.30000000
v -4.98049980 17.10000000 33.60000000
v -5.10000000 17.10000000 33.90000000
v -5.10000000 17.40000000 29.40000000
v -5.06121473 17.40000000 29.70000000
v -4.97146073 17.40000000 30.00000000
v -4.84846054 17.40000000 32.70000000
v -4.88761734 17.40000000 33.00000000
v -4.92835453 17.40000000 33.30000000
v -4.98822179 17.40000000 33.60000000
v -5.10000000 17.40000000 33.90000000
v -5.10000000 17.43980777 29.70000000
v -5.10000000 17.52900816 30.00000000
v -5.10000000 17.70000000 30.30000000
v -5.06258875 17.70000000 30.60000000
v -5.01270727 17.70000000 30.90000000
v -4.95302032 17.70000000 31.20000000
v -4.92833776 17.70000000 31.50000000
v -4.91441251 17.70000000 31.80000000
v -4.90628046 17.70000000 32.10000000
v -4.91311769 17.70000000 32.40000000
v -4.93933492 17.70000000 32.70000000
v -4.96319755 17.70000000 33.00000000
v -4.98472621 17.70000000 33.30000000
v -5.02310001 17.70000000 33.60000000
v -5.10000000 17.70000000 33.90000000
v -5.10000000 17.73470594 30.60000000
v -5.10000000 17.79937093 30.90000000
v -5.10000000 18.00000000 31.20000000
v -5.10000000 18.00000000 31.50000000
v -5.07151211 18.00000000 31.80000000
v -5.01700922 18.00000000 32.10000000
v -5.02165053 18.00000000 32.40000000
v -5.08135558 18.00000000 32.70000000
v -5.10000000 18.00000000 33.00000000
v -5.10000000 18.00000000 33.30000000
v -5.10000000 18.00000000 33.60000000
v -5.10000000 18.04283350 31.80000000
v -5.10000000 18.30000000 32.10000000
v -5.10000000 18.30000000 32.40000000
v -5.10000000 18.02876088 32.70000000
v -5.40000000 7.80000000 24.60000000
v -5.40000000 7.80000000 24.90000000
v -5.40000000 7.80000000 25.20000000
v -5.40000000 7.79737852 25.50000000
v -5.40000000 7.79450322 25.80000000
v -5.40000000 7.79131571 26.10000000
v -5.40000000 7.80000000 26.40000000
v -5.40000000 8.10000000 24.49202606
v -5.40000000 8.10000000 26.67441925
v -5.40000000 8.40000000 21.60000000
v -5.40000000 8.35972227 21.90000000
v -5.40000000 8.37462724 22.20000000
v -5.40000000 8.40000000 22.50000000
v -5.40000000 8.40000000 24.00000000
v -5.40000000 8.28454973 24.30000000
v -5.40000000 8.11763258 26.70000000
v -5.40000000 8.28994271 27.00000000
v -5.40000000 8.40000000 27.20954220
v -5.40000000 8.65361997 21.30000000
v -5.40000000 8.70000000 21.26512380
v -5.40000000 8.70000000 22.50000000
v -5.40000000 8.70000000 23.40000000
v -5.40000000 8.59404116 23.70000000
v -5.40000000 8.44428966 27.30000000
v -5.40000000 8.58429488 27.60000000
v -5.40000000 8.70000000 27.90000000
v -5.40000000 9.00000000 21.11418262
v -5.40000000 8.91420460 22.20000000
v -5.40000000 9.00000000 22.16840726
v -5.40000000 9.00000000 23.10000000
v -5.40000000 8.92501368 28.20000000
v -5.40000000 9.00000000 28.29614310
v -5.40000000 9.30000000 21.06084236
v -5.40000000 9.30000000 22.08990857
v -5.40000000 9.30000000 23.10000000
v -5.40000000 9.16957632 28.50000000
v -5.40000000 9.30000000 28.64731574
v -5.40000000 9.60000000 21.07983678
v -5.40000000 9.60000000 22.07148436
v -5.40000000 9.60000000 23.20577838
v -5.40000000 9.45730813 28.80000000
v -5.40000000 9.60000000 28.93108670
v -5.40000000 9.90000000 21.18147936
v -5.40000000 9.90000000 22.04001408
v -5.40000000 9.90000000 23.29099902
v -5.40000000 9.90000000 29.10000000
v -5.40000000 10.07513123 21.30000000
v -5.40000000 10.20000000 21.47413781
v -5.40000000 10.20000000 21.93750284
v -5.40000000 10.20000000 23.38192805
v -5.40000000 10.00752284 29.40000000
v -5.40000000 10.15044848 29.70000000
v -5.40000000 10.20000000 29.77562078
v -5.40000000 10.27445959 21.60000000
v -5.40000000 10.24537532 21.90000000
v -5.40000000 10.24540917 23.40000000
v -5.40000000 10.50000000 23.49587339
v -5.40000000 10.36701476 30.00000000
v -5.40000000 10.50000000 30.16148506
v -5.40000000 10.80000000 23.61364870
v -5.40000000 10.62194380 30.30000000
v -5.40000000 10.80000000 30.50063825
v -5.40000000 11.02446367 23.70000000
v -5.40000000 11.10000000 23.72897076
v -5.40000000 10.89472315 30.60000000
v -5.40000000 11.10000000 30.80992670
v -5.40000000 11.40000000 23.84123165
v -5.40000000 11.20395192 30.90000000
v -5.40000000 11.40000000 31.04943831
v -5.40000000 11.70000000 23.99010090
v -5.40000000 11.70000000 31.20000000
v -5.40000000 11.71218264 24.00000000
v -5.40000000 11.97574258 24.30000000
v -5.40000000 12.00000000 24.32468790
v -5.40000000 12.00000000 31.50000000
v -5.40000000 12.30000000 24.60000000
v -5.40000000 12.04660870 31.80000000
v -5.40000000 12.12665572 32.10000000
v -5.40000000 12.30000000 32.38281722
v -5.40000000 12.60000000 24.77886645
v -5.40000000 12.31305957 32.40000000
v -5.40000000 12.60000000 32.70000000
v -5.40000000 12.78325747 24.90000000
v -5.40000000 12.90000000 24.97959483
v -5.40000000 12.90000000 33.00000000
v -5.40000000 13.20000000 25.20000000
v -5.40000000 13.06247078 33.30000000
v -5.40000000 13.20000000 33.43124936
v -5.40000000 13.50000000 25.30499184
v -5.40000000 13.50000000 33.55336484
v -5.40000000 13.80000000 25.43085879
v -5.40000000 13.80000000 33.59230227
v -5.40000000 13.90588350 25.50000000
v -5.40000000 14.10000000 25.66650975
v -5.40000000 14.10000000 33.60000000
v -5.40000000 14.21997144 25.80000000
v -5.40000000 14.40000000 26.10000000
v -5.40000000 14.40000000 33.82672539
v -5.40000000 14.70000000 26.40000000
v -5.40000000 14.70000000 33.90000000
v -5.40000000 15.00000000 26.70000000
v -5.40000000 15.00000000 33.90000000
v -5.40000000 15.30000000 26.87061145
v -5.40000000 15.30000000 33.90000000
v -5.40000000 15.46374850 27.00000000
v -5.40000000 15.60000000 27.12193204
v -5.40000000 15.60000000 33.90000000
v -5.40000000 15.77955327 27.30000000
v -5.40000000 15.90000000 27.43306570
v -5.40000000 15.90000000 34.04069030
v -5.40000000 16.03067325 27.60000000
v -5.40000000 16.20000000 27.90000000
v -5.40000000 16.20000000 33.90000000
v -5.40000000 16.42869792 28.20000000
v -5.40000000 16.50000000 28.29971083
v -5.40000000 16.50000000 33.90000000
v -5.40000000 16.63471595 28.50000000
v -5.40000000 16.80000000 28.80000000
v -5.40000000 16.80000000 34.18539752
v -5.40000000 17.10000000 29.10000000
v -5.40000000 17.10000000 34.20000000
v -5.40000000 17.40000000 29.28084033
v -5.40000000 17.40000000 34.20000000
v -5.40000000 17.51142689 29.40000000
v -5.40000000 17.64463187 29.70000000
v -5.40000000 17.70000000 30.00000000
v -5.40000000 17.70000000 34.20000000
v -5.40000000 17.87791550 30.30000000
v -5.40000000 17.96380944 30.60000000
v -5.40000000 18.00000000 30.90000000
v -5.40000000 18.00000000 33.90000000
v -5.40000000 18.21915233 31.20000000
v -5.40000000 18.29592959 31.50000000
v -5.40000000 18.30000000 31.80000000
v -5.40000000 18.30000000 32.70000000
v -5.40000000 18.30000000 33.00000000
v -5.40000000 18.30000000 33.30000000
v -5.40000000 18.30000000 33.60000000
v -5.40000000 18.56924615 32.10000000
v -5.40000000 18.57639384 32.40000000
v -5.40283672 7.80000000 25.50000000
v -5.40635005 7.80000000 25.80000000
v -5.41077897 7.80000000 26.10000000
v -5.47308425 8.10000000 24.60000000
v -5.57915236 8.10000000 24.90000000
v -5.63891129 8.10000000 25.20000000
v -5.68111993 8.10000000 25.50000000
v -5.70000000 8.10000000 25.80000000
v -5.70000000 8.10000000 26.10000000
v -5.66325046 8.10000000 26.40000000
v -5.43832548 8.40000000 21.90000000
v -5.41983089 8.40000000 22.20000000
v -5.49149896 8.40000000 24.30000000
v -5.63094535 8.40000000 24.60000000
v -5.70000000 8.31835031 24.90000000
v -5.70000000 8.40000000 24.77203108
v -5.70000000 8.19337566 25.20000000
v -5.70000000 8.12364000 25.50000000
v -5.70000000 8.12844194 26.40000000
v -5.70000000 8.23757640 26.70000000
v -5.70000000 8.38505165 27.00000000
v -5.70000000 8.40000000 27.02807674
v -5.44547019 8.70000000 21.30000000
v -5.70000000 8.70000000 21.60000000
v -5.70000000 8.70000000 21.90000000
v -5.49618511 8.70000000 22.20000000
v -5.52205406 8.70000000 23.70000000
v -5.63454185 8.70000000 24.00000000
v -5.70000000 8.70000000 24.30000000
v -5.70000000 8.50052526 24.60000000
v -5.70000000 8.53811922 27.30000000
v -5.70000000 8.70000000 27.60000000
v -5.70000000 9.00000000 21.30000000
v -5.70000000 9.00000000 21.96069740
v -5.70000000 9.00000000 23.40000000
v -5.70000000 8.86442351 23.70000000
v -5.70000000 8.76845772 24.00000000
v -5.70000000 8.80892384 27.90000000
v -5.70000000 8.97168681 28.20000000
v -5.70000000 9.00000000 28.24380818
v -5.70000000 9.30000000 21.22971939
v -5.70000000 9.30000000 21.98583670
v -5.70000000 9.30000000 23.30536717
v -5.70000000 9.17395620 28.50000000
v -5.70000000 9.30000000 28.67317460
v -5.70000000 9.60000000 21.22594692
v -5.70000000 9.60000000 22.01865514
v -5.70000000 9.60000000 23.31644564
v -5.70000000 9.39868472 28.80000000
v -5.70000000 9.60000000 29.10000000
v -5.70000000 9.90000000 21.30000000
v -5.70000000 9.90000000 22.01608473
v -5.70000000 9.90000000 23.35468749
v -5.70000000 9.90000000 29.36313887
v -5.70000000 10.20000000 21.56278950
v -5.70000000 10.20000000 21.98775778
v -5.70000000 10.20000000 23.40000000
v -5.70000000 9.92583110 29.40000000
v -5.70000000 10.10021542 29.70000000
v -5.70000000 10.20000000 29.87414947
v -5.70000000 10.23593539 21.60000000
v -5.70000000 10.50000000 21.90000000
v -5.70000000 10.50000000 23.51236371
v -5.70000000 10.27718612 30.00000000
v -5.67707806 10.50000000 30.30000000
v -5.70000000 10.49099282 30.30000000
v -5.70000000 10.50000000 30.31224842
v -5.70000000 10.80000000 23.60722661
v -5.55977329 10.80000000 30.60000000
v -5.70000000 10.72615147 30.60000000
v -5.70000000 10.80000000 30.69501196
v -5.70000000 11.10000000 23.70000000
v -5.53051693 11.10000000 30.90000000
v -5.70000000 10.98318725 30.90000000
v -5.70000000 11.10000000 31.03093302
v -5.70000000 11.40000000 23.79627511
v -5.60446842 11.40000000 31.20000000
v -5.70000000 11.29614751 31.20000000
v -5.70000000 11.40000000 31.30003534
v -5.70000000 11.70000000 23.94821509
v -5.70000000 11.70000000 31.50000000
v -5.70000000 11.77150176 24.00000000
v -5.70000000 12.00000000 24.30000000
v -5.45715335 12.00000000 31.80000000
v -5.70000000 11.75540460 31.80000000
v -5.55720769 12.00000000 32.10000000
v -5.70000000 11.85587733 32.10000000
v -5.70000000 12.00000000 32.32488482
v -5.70000000 12.30000000 24.47153110
v -5.41476178 12.30000000 32.40000000
v -5.70000000 12.04764980 32.40000000
v -5.70000000 12.30000000 32.68960310
v -5.70000000 12.48868229 24.60000000
v -5.70000000 12.60000000 24.67043401
v -5.70000000 12.30925989 32.70000000
v -5.70000000 12.60000000 33.00000000
v -5.60143561 12.90000000 24.90000000
v -5.70000000 12.90000000 24.86220224
v -5.60956284 12.90000000 33.30000000
v -5.70000000 12.82593053 33.30000000
v -5.70000000 12.90000000 33.38755513
v -5.70000000 12.96126814 24.90000000
v -5.70000000 13.20000000 25.04483884
v -5.62467426 13.20000000 33.60000000
v -5.70000000 13.12247498 33.60000000
v -5.70000000 13.20000000 33.66197134
v -5.70000000 13.50000000 25.20000000
v -5.45778696 13.50000000 33.60000000
v -5.70000000 13.50000000 33.81916729
v -5.70000000 13.80000000 25.33666322
v -5.40817894 13.80000000 33.60000000
v -5.70000000 13.80000000 33.90000000
v -5.70000000 14.04777676 25.50000000
v -5.70000000 14.10000000 25.54034550
v -5.58327507 14.10000000 33.90000000
v -5.70000000 14.10000000 34.05865090
v -5.70000000 14.40000000 25.80000000
v -5.46463935 14.40000000 33.90000000
v -5.70000000 14.40000000 34.20000000
v -5.70000000 14.58654189 26.10000000
v -5.70000000 14.70000000 26.23476830
v -5.64304701 14.70000000 34.20000000
v -5.70000000 14.70000000 34.27918251
v -5.70000000 14.86378423 26.40000000
v -5.70000000 15.00000000 26.51483746
v -5.60739202 15.00000000 34.20000000
v -5.70000000 15.00000000 34.34619336
v -5.70000000 15.30000000 26.70000000
v -5.58039278 15.30000000 34.20000000
v -5.70000000 15.30000000 34.41190870
v -5.63751482 15.60000000 27.00000000
v -5.70000000 15.60000000 26.96920569
v -5.54927611 15.60000000 34.20000000
v -5.70000000 15.60000000 34.48726277
v -5.70000000 15.63258049 27.00000000
v -5.63290344 15.90000000 27.30000000
v -5.70000000 15.90000000 27.26532260
v -5.50926695 15.90000000 34.20000000
v -5.66396172 15.90000000 34.50000000
v -5.70000000 15.64565969 34.50000000
v -5.70000000 15.90000000 34.57867579
v -5.70000000 15.93298278 27.30000000
v -5.70000000 16.20000000 27.60000000
v -5.50257818 16.20000000 34.20000000
v -5.62276314 16.20000000 34.50000000
v -5.70000000 16.20000000 34.68685004
v -5.70000000 16.37655173 27.90000000
v -5.53498737 16.50000000 28.20000000
v -5.70000000 16.50000000 28.08091910
v -5.47406910 16.50000000 34.20000000
v -5.58537187 16.50000000 34.50000000
v -5.70000000 16.50000000 34.78470726
v -5.70000000 16.58895799 28.20000000
v -5.70000000 16.80000000 28.50000000
v -5.40922689 16.80000000 34.20000000
v -5.55772295 16.80000000 34.50000000
v -5.68146182 16.80000000 34.80000000
v -5.70000000 16.57125230 34.80000000
v -5.70000000 16.80000000 34.84639981
v -5.70000000 17.10000000 28.80000000
v -5.54472075 17.10000000 34.50000000
v -5.66589145 17.10000000 34.80000000
v -5.70000000 17.10000000 34.88894689
v -5.64734480 17.40000000 29.10000000
v -5.70000000 17.40000000 29.05869605
v -5.53862639 17.40000000 34.50000000
v -5.65524471 17.40000000 34.80000000
v -5.70000000 17.40000000 34.92209752
v -5.70000000 17.44494870 29.10000000
v -5.67202902 17.70000000 29.40000000
v -5.70000000 17.70000000 29.37399209
v -5.47647758 17.70000000 29.70000000
v -5.53850996 17.70000000 34.50000000
v -5.64999518 17.70000000 34.80000000
v -5.70000000 17.70000000 34.94365841
v -5.70000000 17.72061848 29.40000000
v -5.70000000 17.88021243 29.70000000
v -5.70000000 18.00000000 30.00000000
v -5.54278562 18.00000000 30.30000000
v -5.43997538 18.00000000 30.60000000
v -5.46363843 18.00000000 34.20000000
v -5.55671682 18.00000000 34.50000000
v -5.65398788 18.00000000 34.80000000
v -5.70000000 18.00000000 34.94333234
v -5.70000000 18.15933665 30.30000000
v -5.70000000 18.30000000 30.60000000
v -5.58408204 18.30000000 30.90000000
v -5.47021728 18.30000000 31.20000000
v -5.40340347 18.30000000 31.50000000
v -5.45956801 18.30000000 33.90000000
v -5.52050299 18.30000000 34.20000000
v -5.59162217 18.30000000 34.50000000
v -5.67121418 18.30000000 34.80000000
v -5.70000000 18.30000000 34.90348271
v -5.70000000 18.48468737 30.90000000
v -5.70000000 18.60000000 31.20000000
v -5.58097387 18.60000000 31.50000000
v -5.50326330 18.60000000 31.80000000
v -5.42005113 18.60000000 32.10000000
v -5.41458691 18.60000000 32.40000000
v -5.47859383 18.60000000 32.70000000
v -5.51018920 18.60000000 33.00000000
v -5.51711203 18.60000000 33.30000000
v -5.52000356 18.60000000 33.60000000
v -5.54009681 18.60000000 33.90000000
v -5.58080216 18.60000000 34.20000000
v -5.63495320 18.60000000 34.50000000
v -5.70000000 18.60000000 34.80000000
v -5.70000000 18.90000000 31.50000000
v -5.63640054 18.90000000 31.80000000
v -5.58921552 18.90000000 32.10000000
v -5.57093617 18.90000000 32.40000000
v -5.58053170 18.90000000 32.70000000
v -5.59684957 18.90000000 33.00000000
v -5.60508072 18.90000000 33.30000000
v -5.60975048 18.90000000 33.60000000
v -5.62061570 18.90000000 33.90000000
v -5.64532380 18.90000000 34.20000000
v -5.68299942 18.90000000 34.50000000
v -5.70000000 18.90000000 34.60631365
v -5.70000000 19.02890262 31.80000000
v -5.70000000 19.12505379 32.10000000
v -5.70000000 19.20000000 32.40000000
v -5.69153498 19.20000000 32.70000000
v -5.68926565 19.20000000 33.00000000
v -5.68895219 19.20000000 33.30000000
v -5.69071892 19.20000000 33.60000000
v -5.69728414 19.20000000 33.90000000
v -5.70000000 19.14548722 34.20000000
v -5.70000000 19.20000000 33.95507524
v -5.70000000 18.99519405 34.50000000
v -5.70000000 19.22120809 32.70000000
v -5.70000000 19.23219599 33.00000000
v -5.70000000 19.23752442 33.30000000
v -5.70000000 19.23361673 33.60000000
v -5.70000000 19.21041389 33.90000000
v -5.74601129 8.40000000 24.90000000
v -5.82931206 8.40000000 25.20000000
v -5.91178148 8.40000000 25.50000000
v -6.00000000 8.40000000 25.80000000
v -6.00000000 8.38338666 26.10000000
v -6.00000000 8.38021478 26.40000000
v -6.00000000 8.40000000 26.70000000
v -5.73055327 8.40000000 27.00000000
v -5.84216548 8.70000000 24.60000000
v -5.94176482 8.70000000 24.90000000
v -6.00000000 8.70000000 25.20000000
v -6.00000000 8.52904990 25.50000000
v -6.00000000 8.53957531 27.00000000
v -6.00000000 8.66717454 27.30000000
v -6.00000000 8.70000000 27.37728352
v -5.80330372 9.00000000 21.60000000
v -5.74052289 9.00000000 21.90000000
v -5.81822099 9.00000000 23.70000000
v -5.91572630 9.00000000 24.00000000
v -6.00000000 9.00000000 24.30000000
v -6.00000000 8.87773858 24.60000000
v -6.00000000 8.77172650 24.90000000
v -6.00000000 8.78508932 27.60000000
v -6.00000000 8.89499114 27.90000000
v -5.85038021 9.00000000 28.20000000
v -6.00000000 9.00000000 28.14013165
v -5.77110912 9.30000000 21.30000000
v -5.89517047 9.30000000 21.60000000
v -5.80384642 9.30000000 21.90000000
v -5.79751844 9.30000000 23.40000000
v -6.00000000 9.25476363 23.70000000
v -6.00000000 9.30000000 23.65356815
v -6.00000000 9.09520074 24.00000000
v -6.00000000 9.02697854 28.20000000
v -6.00000000 9.18970642 28.50000000
v -6.00000000 9.30000000 28.67745410
v -5.78881474 9.60000000 21.30000000
v -6.00000000 9.60000000 21.60000000
v -6.00000000 9.60000000 21.90000000
v -5.83914020 9.60000000 23.40000000
v -6.00000000 9.60000000 23.50604404
v -6.00000000 9.38108470 28.80000000
v -6.00000000 9.60000000 29.10000000
v -6.00000000 9.90000000 21.60000000
v -6.00000000 9.90000000 21.90000000
v -5.80409107 9.90000000 23.40000000
v -6.00000000 9.90000000 23.48856693
v -6.00000000 9.90000000 29.40000000
v -5.75054454 10.20000000 21.60000000
v -6.00000000 10.20000000 21.90000000
v -6.00000000 10.20000000 23.51664844
v -6.00000000 10.06236407 29.70000000
v -6.00000000 10.20000000 30.00000000
v -6.00000000 10.50000000 23.56864168
v -6.00000000 10.40146520 30.30000000
v -6.00000000 10.50000000 30.45323054
v -6.00000000 10.80000000 23.62308775
v -6.00000000 10.59932920 30.60000000
v -5.98673103 10.80000000 30.90000000
v -6.00000000 10.79299873 30.90000000
v -6.00000000 10.80000000 30.91166571
v -6.00000000 11.10000000 23.68591594
v -5.88103974 11.10000000 31.20000000
v -6.00000000 11.00366237 31.20000000
v -6.00000000 11.10000000 31.35113736
v -6.00000000 11.15221523 23.70000000
v -6.00000000 11.40000000 23.76772633
v -5.84462357 11.40000000 31.50000000
v -6.00000000 11.20881930 31.50000000
v -5.94754575 11.40000000 31.80000000
v -6.00000000 11.34096015 31.80000000
v -6.00000000 11.40000000 32.10000000
v -6.00000000 11.70000000 23.88047474
v -5.74528079 11.70000000 31.80000000
v -5.82708851 11.70000000 32.10000000
v -6.00000000 11.70000000 32.37552264
v -6.00000000 12.00000000 24.00000000
v -5.75003529 12.00000000 32.40000000
v -6.00000000 11.72179564 32.40000000
v -6.00000000 12.00000000 32.67511515
v -6.00000000 12.23902596 24.30000000
v -6.00000000 12.30000000 24.34950902
v -5.70972136 12.30000000 32.70000000
v -6.00000000 12.02211828 32.70000000
v -6.00000000 12.30000000 33.00000000
v -5.90458949 12.60000000 24.60000000
v -6.00000000 12.60000000 24.56643208
v -5.93888979 12.60000000 33.30000000
v -6.00000000 12.54201446 33.30000000
v -6.00000000 12.60000000 33.36814125
v -6.00000000 12.65123052 24.60000000
v -6.00000000 12.90000000 24.75360594
v -5.90372973 12.90000000 33.60000000
v -6.00000000 12.80951854 33.60000000
v -6.00000000 12.90000000 33.69144417
v -6.00000000 13.15489286 24.90000000
v -6.00000000 13.20000000 24.92543412
v -5.94432588 13.20000000 33.90000000
v -6.00000000 13.13382787 33.90000000
v -6.00000000 13.20000000 33.95726474
v -6.00000000 13.50000000 25.07659839
v -5.77605843 13.50000000 33.90000000
v -6.00000000 13.50000000 34.20000000
v -6.00000000 13.80000000 25.20000000
v -5.90635398 13.80000000 34.20000000
v -6.00000000 13.80000000 34.31289986
v -5.80959090 14.10000000 25.50000000
v -6.00000000 14.10000000 25.43734900
v -5.80655578 14.10000000 34.20000000
v -6.00000000 14.10000000 34.43185833
v -6.00000000 14.17947638 25.50000000
v -6.00000000 14.40000000 25.69382552
v -5.94832026 14.40000000 34.50000000
v -6.00000000 14.25658017 34.50000000
v -6.00000000 14.40000000 34.56929526
v -6.00000000 14.50498824 25.80000000
v -6.00000000 14.70000000 26.10000000
v -5.85920123 14.70000000 34.50000000
v -6.00000000 14.70000000 34.72624168
v -6.00000000 15.00000000 26.40000000
v -5.79525858 15.00000000 34.50000000
v -5.95910641 15.00000000 34.80000000
v -6.00000000 14.85109348 34.80000000
v -6.00000000 15.00000000 34.88611237
v -6.00000000 15.30000000 26.57868002
v -5.74756175 15.30000000 34.50000000
v -5.89993737 15.30000000 34.80000000
v -6.00000000 15.30000000 35.01139349
v -6.00000000 15.44854977 26.70000000
v -6.00000000 15.60000000 26.83243539
v -5.70608699 15.60000000 34.50000000
v -5.84912019 15.60000000 34.80000000
v -6.00000000 15.60000000 35.10000000
v -6.00000000 15.77517617 27.00000000
v -6.00000000 15.90000000 27.12386999
v -5.79290695 15.90000000 34.80000000
v -5.91002484 15.90000000 35.10000000
v -6.00000000 15.90000000 35.40000000
v -6.00000000 16.07021448 27.30000000
v -6.00000000 16.20000000 27.44685598
v -5.74284923 16.20000000 34.80000000
v -5.85679080 16.20000000 35.10000000
v -5.97103349 16.20000000 35.40000000
v -6.00000000 16.20000000 35.46639212
v -6.00000000 16.32480750 27.60000000
v -6.00000000 16.50000000 27.90000000
v -5.70570432 16.50000000 34.80000000
v -5.82198836 16.50000000 35.10000000
v -5.94140354 16.50000000 35.40000000
v -6.00000000 16.50000000 35.54218406
v -6.00000000 16.76173218 28.20000000
v -6.00000000 16.80000000 28.24330662
v -5.79687409 16.80000000 35.10000000
v -5.91271823 16.80000000 35.40000000
v -6.00000000 16.80000000 35.62223963
v -6.00000000 17.07605023 28.50000000
v -6.00000000 17.10000000 28.52176228
v -5.77758910 17.10000000 35.10000000
v -5.88786461 17.10000000 35.40000000
v -6.00000000 17.10000000 35.70000000
v -5.99033256 17.40000000 28.80000000
v -6.00000000 17.40000000 28.79126939
v -5.76267137 17.40000000 35.10000000
v -5.86793212 17.40000000 35.40000000
v -5.97549765 17.40000000 35.70000000
v -6.00000000 17.40000000 35.76662785
v -6.00000000 17.40844647 28.80000000
v -6.00000000 17.70000000 29.10000000
v -5.75252451 17.70000000 35.10000000
v -5.85260589 17.70000000 35.40000000
v -5.95423280 17.70000000 35.70000000
v -6.00000000 17.70000000 35.83069453
v -6.00000000 18.00000000 29.40000000
v -5.84337097 18.00000000 29.70000000
v -5.74874712 18.00000000 35.10000000
v -5.84190321 18.00000000 35.40000000
v -5.93582373 18.00000000 35.70000000
v -6.00000000 18.00000000 35.89906252
v -6.00000000 18.12330603 29.70000000
v -6.00000000 18.29441277 30.00000000
v -5.82359778 18.30000000 30.30000000
v -6.00000000 18.30000000 30.00854564
v -5.75321059 18.30000000 35.10000000
v -5.83619621 18.30000000 35.40000000
v -5.92043342 18.30000000 35.70000000
v -6.00000000 18.30000000 35.97527358
v -6.00000000 18.54066374 30.30000000
v -5.86814111 18.60000000 30.60000000
v -6.00000000 18.60000000 30.36560334
v -5.76409633 18.60000000 30.90000000
v -5.76546831 18.60000000 35.10000000
v -5.83592652 18.60000000 35.40000000
v -5.90976438 18.60000000 35.70000000
v -5.98750814 18.60000000 36.00000000
v -6.00000000 18.40946592 36.00000000
v -6.00000000 18.60000000 36.04485346
v -6.00000000 18.90000000 30.60000000
v -5.91147116 18.90000000 30.90000000
v -5.81608392 18.90000000 31.20000000
v -5.73043305 18.90000000 34.80000000
v -5.78323726 18.90000000 35.10000000
v -5.84153274 18.90000000 35.40000000
v -5.90572044 18.90000000 35.70000000
v -5.97700565 18.90000000 36.00000000
v -6.00000000 18.90000000 36.08554280
v -6.00000000 19.04288909 30.90000000
v -5.96989934 19.20000000 31.20000000
v -6.00000000 19.20000000 31.13094960
v -5.85532200 19.20000000 31.50000000
v -5.78399210 19.20000000 31.80000000
v -5.73576628 19.20000000 32.10000000
v -5.71196372 19.20000000 34.20000000
v -5.73586880 19.20000000 34.50000000
v -5.76795862 19.20000000 34.80000000
v -5.80705368 19.20000000 35.10000000
v -5.85353646 19.20000000 35.40000000
v -5.90917536 19.20000000 35.70000000
v -5.97653297 19.20000000 36.00000000
v -6.00000000 19.20000000 36.08750048
v -6.00000000 19.24747274 31.20000000
v -6.00000000 19.50000000 31.50000000
v -5.94692467 19.50000000 31.80000000
v -5.89464975 19.50000000 32.10000000
v -5.84656174 19.50000000 32.40000000
v -5.81130376 19.50000000 32.70000000
v -5.78853925 19.50000000 33.00000000
v -5.77648326 19.50000000 33.30000000
v -5.77270538 19.50000000 33.60000000
v -5.77438055 19.50000000 33.90000000
v -5.78060779 19.50000000 34.20000000
v -5.79231106 19.50000000 34.50000000
v -5.81073478 19.50000000 34.80000000
v -5.83704361 19.50000000 35.10000000
v -5.87298970 19.50000000 35.40000000
v -5.92080899 19.50000000 35.70000000
v -5.98468378 19.50000000 36.00000000
v -6.00000000 19.50000000 36.05362180
v -6.00000000 19.57919165 31.80000000
v -6.00000000 19.67793077 32.10000000
v -6.00000000 19.80000000 32.40000000
v -5.93928367 19.80000000 32.70000000
v -5.89378923 19.80000000 33.00000000
v -5.87233083 19.80000000 33.30000000
v -5.86226177 19.80000000 33.60000000
v -5.85600180 19.80000000 33.90000000
v -5.85176498 19.80000000 34.20000000
v -5.85139325 19.80000000 34.50000000
v -5.85783207 19.80000000 34.80000000
v -5.87381313 19.80000000 35.10000000
v -5.90188133 19.80000000 35.40000000
v -5.94365405 19.80000000 35.70000000
v -6.00000000 19.80000000 36.00000000
v -6.00000000 19.93197360 32.70000000
v -6.00000000 20.10000000 33.00000000
v -5.98230627 20.10000000 33.30000000
v -5.96369250 20.10000000 33.60000000
v -5.94318644 20.10000000 33.90000000
v -5.92500666 20.10000000 34.20000000
v -5.91250489 20.10000000 34.50000000
v -5.90910899 20.10000000 34.80000000
v -5.91781056 20.10000000 35.10000000
v -5.94184259 20.10000000 35.40000000
v -5.98544300 20.10000000 35.70000000
v -6.00000000 20.10000000 35.76430693
v -6.00000000 20.13971846 33.30000000
v -6.00000000 20.19806451 33.60000000
v -6.00000000 20.28886460 33.90000000
v -6.00000000 20.40000000 34.20000000
v -5.97590146 20.40000000 34.50000000
v -5.96516207 20.40000000 34.80000000
v -5.97000585 20.40000000 35.10000000
v -5.99376977 20.40000000 35.40000000
v -6.00000000 20.18046273 35.70000000
v -6.00000000 20.40000000 35.44074256
v -6.00000000 20.50773075 34.50000000
v -6.00000000 20.56614860 34.80000000
v -6.00000000 20.54608814 35.10000000
v -6.00000000 20.43004094 35.40000000
v -6.01567205 8.40000000 26.10000000
v -6.02088637 8.40000000 26.40000000
v -6.12009063 8.70000000 25.50000000
v -6.20105696 8.70000000 25.80000000
v -6.25690078 8.70000000 26.10000000
v -6.30000000 8.70000000 26.40000000
v -6.30000000 8.70000000 26.70000000
v -6.22206876 8.70000000 27.00000000
v -6.06215483 8.70000000 27.30000000
v -6.11876704 9.00000000 24.60000000
v -6.21505172 9.00000000 24.90000000
v -6.28895862 9.00000000 25.20000000
v -6.30000000 8.93556118 25.50000000
v -6.30000000 9.00000000 25.25097953
v -6.30000000 8.84946321 25.80000000
v -6.30000000 8.76328456 26.10000000
v -6.30000000 8.75803749 27.00000000
v -6.30000000 8.82477269 27.30000000
v -6.30000000 8.89382264 27.60000000
v -6.30000000 8.97671135 27.90000000
v -6.30000000 9.00000000 27.96614743
v -6.03499714 9.30000000 23.70000000
v -6.18311563 9.30000000 24.00000000
v -6.30000000 9.30000000 24.30000000
v -6.30000000 9.17750384 24.60000000
v -6.30000000 9.08299424 24.90000000
v -6.30000000 9.01143984 25.20000000
v -6.30000000 9.08224125 28.20000000
v -6.30000000 9.21468174 28.50000000
v -6.30000000 9.30000000 28.65700883
v -6.30000000 9.60000000 23.70000000
v -6.30000000 9.45676342 24.00000000
v -6.30000000 9.38339991 28.80000000
v -6.30000000 9.60000000 29.10000000
v -6.30000000 9.90000000 23.67503635
v -6.30000000 9.90000000 29.40000000
v -6.30000000 10.20000000 23.65902756
v -6.30000000 10.04788461 29.70000000
v -6.30000000 10.18782459 30.00000000
v -6.30000000 10.20000000 30.02385952
v -6.30000000 10.50000000 23.65074949
v -6.30000000 10.34649117 30.30000000
v -6.30000000 10.50000000 30.58246459
v -6.30000000 10.80000000 23.66118389
v -6.30000000 10.50998042 30.60000000
v -6.30000000 10.66886613 30.90000000
v -6.30000000 10.80000000 31.20000000
v -6.30000000 11.10000000 23.69586720
v -6.11959659 11.10000000 31.50000000
v -6.30000000 10.97933297 31.50000000
v -6.30000000 11.10000000 31.80000000
v -6.30000000 11.11959467 23.70000000
v -6.30000000 11.40000000 23.75905874
v -6.30000000 11.23899314 32.10000000
v -6.30000000 11.40000000 32.40000000
v -6.30000000 11.70000000 23.85615711
v -6.02283512 11.70000000 32.40000000
v -6.30000000 11.70000000 32.61086917
v -6.30000000 12.00000000 24.00000000
v -6.02735983 12.00000000 32.70000000
v -6.30000000 11.79251986 32.70000000
v -6.30000000 12.00000000 32.95301522
v -6.30000000 12.30000000 24.30000000
v -6.30000000 12.03599012 33.00000000
v -6.25707926 12.30000000 33.30000000
v -6.30000000 12.26128044 33.30000000
v -6.30000000 12.30000000 33.34439956
v -6.30000000 12.60000000 24.49180880
v -6.22346513 12.60000000 33.60000000
v -6.30000000 12.53246657 33.60000000
v -6.30000000 12.60000000 33.66970977
v -6.30000000 12.78471728 24.60000000
v -6.30000000 12.90000000 24.66596611
v -6.22135322 12.90000000 33.90000000
v -6.30000000 12.82913167 33.90000000
v -6.30000000 12.90000000 33.96760434
v -6.08203929 13.20000000 24.90000000
v -6.30000000 13.20000000 24.83399993
v -6.26026430 13.20000000 34.20000000
v -6.30000000 13.16088125 34.20000000
v -6.30000000 13.20000000 34.23203284
v -6.30000000 13.32206776 24.90000000
v -6.30000000 13.50000000 24.99502481
v -6.30000000 13.50000000 34.50000000
v -6.30000000 13.80000000 25.15487689
v -6.19745670 13.80000000 34.50000000
v -6.30000000 13.80000000 34.57943565
v -6.30000000 13.87361454 25.20000000
v -6.30000000 14.10000000 25.35592620
v -6.06796004 14.10000000 34.50000000
v -6.30000000 14.10000000 34.72034912
v -6.30000000 14.29802838 25.50000000
v -6.30000000 14.40000000 25.58103836
v -6.18601436 14.40000000 34.80000000
v -6.30000000 14.21932927 34.80000000
v -6.30000000 14.40000000 34.96831252
v -6.30000000 14.70000000 25.80000000
v -6.04705609 14.70000000 34.80000000
v -6.19747732 14.70000000 35.10000000
v -6.30000000 14.52386511 35.10000000
v -6.30000000 14.70000000 35.40000000
v -6.30000000 14.89804016 26.10000000
v -6.30000000 15.00000000 26.20103023
v -6.10090945 15.00000000 35.10000000
v -6.23361962 15.00000000 35.40000000
v -6.30000000 15.00000000 35.52230772
v -6.30000000 15.30000000 26.40000000
v -6.04096070 15.30000000 35.10000000
v -6.16961201 15.30000000 35.40000000
v -6.30000000 15.30000000 35.67242084
v -6.29492095 15.60000000 26.70000000
v -6.30000000 15.60000000 26.69770508
v -6.09796490 15.60000000 35.40000000
v -6.23736018 15.60000000 35.70000000
v -6.30000000 15.35360380 35.70000000
v -6.30000000 15.60000000 35.81621264
v -6.30000000 15.60237521 26.70000000
v -6.27675490 15.90000000 27.00000000
v -6.30000000 15.90000000 26.98982967
v -6.16412886 15.90000000 35.70000000
v -6.30000000 15.90000000 35.95392719
v -6.30000000 15.91010450 27.00000000
v -6.29328944 16.20000000 27.30000000
v -6.30000000 16.20000000 27.29694318
v -6.10955989 16.20000000 35.70000000
v -6.25511649 16.20000000 36.00000000
v -6.30000000 16.00551140 36.00000000
v -6.30000000 16.20000000 36.09657327
v -6.30000000 16.20291759 27.30000000
v -6.30000000 16.50000000 27.60000000
v -6.06696963 16.50000000 35.70000000
v -6.19494524 16.50000000 36.00000000
v -6.30000000 16.50000000 36.26003301
v -6.30000000 16.66913794 27.90000000
v -6.07132944 16.80000000 28.20000000
v -6.30000000 16.80000000 28.06369002
v -6.03096790 16.80000000 35.70000000
v -6.14867980 16.80000000 36.00000000
v -6.26096237 16.80000000 36.30000000
v -6.30000000 16.58563040 36.30000000
v -6.30000000 16.80000000 36.40937445
v -6.30000000 16.93789477 28.20000000
v -6.02887760 17.10000000 28.50000000
v -6.30000000 17.10000000 28.33151481
v -6.11387144 17.10000000 36.00000000
v -6.22400043 17.10000000 36.30000000
v -6.30000000 17.10000000 36.51142470
v -6.30000000 17.40000000 28.50000000
v -6.08591299 17.40000000 36.00000000
v -6.19767681 17.40000000 36.30000000
v -6.30000000 17.40000000 36.56958241
v -6.30000000 17.62083914 28.80000000
v -6.30000000 17.70000000 28.89120512
v -6.05960810 17.70000000 36.00000000
v -6.17106587 17.70000000 36.30000000
v -6.30000000 17.70000000 36.60000000
v -6.30000000 17.88428863 29.10000000
v -6.30000000 18.00000000 29.23547296
v -6.03285391 18.00000000 36.00000000
v -6.13205643 18.00000000 36.30000000
v -6.22739844 18.00000000 36.60000000
v -6.30000000 18.00000000 36.90000000
v -6.30000000 18.12696169 29.40000000
v -6.30000000 18.30000000 29.70000000
v -6.00650971 18.30000000 30.00000000
v -6.00723455 18.30000000 36.00000000
v -6.09618207 18.30000000 36.30000000
v -6.18715173 18.30000000 36.60000000
v -6.28674949 18.30000000 36.90000000
v -6.30000000 18.30000000 36.93132746
v -6.30000000 18.58157253 30.00000000
v -6.04693425 18.60000000 30.30000000
v -6.30000000 18.60000000 30.01833026
v -6.07118120 18.60000000 36.30000000
v -6.16505732 18.60000000 36.60000000
v -6.27724911 18.60000000 36.90000000
v -6.30000000 18.60000000 36.95096614
v -6.28375285 18.90000000 30.30000000
v -6.30000000 18.90000000 30.28317627
v -6.05824232 18.90000000 36.30000000
v -6.15464536 18.90000000 36.60000000
v -6.27198693 18.90000000 36.90000000
v -6.30000000 18.90000000 36.96084950
v -6.30000000 18.91744033 30.30000000
v -6.30000000 19.20000000 30.60000000
v -6.11746148 19.20000000 30.90000000
v -6.05803246 19.20000000 36.30000000
v -6.15604902 19.20000000 36.60000000
v -6.27397861 19.20000000 36.90000000
v -6.30000000 19.20000000 36.95686407
v -6.30000000 19.40503996 30.90000000
v -6.19703503 19.50000000 31.20000000
v -6.30000000 19.50000000 31.03922565
v -6.07294776 19.50000000 36.30000000
v -6.17322806 19.50000000 36.60000000
v -6.28347010 19.50000000 36.90000000
v -6.30000000 19.50000000 36.93692659
v -6.30000000 19.60390979 31.20000000
v -6.30000000 19.80000000 31.50000000
v -6.17327380 19.80000000 31.80000000
v -6.08056129 19.80000000 32.10000000
v -6.10744775 19.80000000 36.30000000
v -6.21595752 19.80000000 36.60000000
v -6.30000000 19.80000000 36.90000000
v -6.30000000 19.94722812 31.80000000
v -6.30000000 20.10000000 32.10000000
v -6.18346540 20.10000000 32.40000000
v -6.08555596 20.10000000 32.70000000
v -6.05515026 20.10000000 36.00000000
v -6.15952047 20.10000000 36.30000000
v -6.30000000 20.10000000 36.60000000
v -6.30000000 20.29539073 32.40000000
v -6.24731486 20.40000000 32.70000000
v -6.30000000 20.40000000 32.55811828
v -6.17359543 20.40000000 33.00000000
v -6.12659405 20.40000000 33.30000000
v -6.07786378 20.40000000 33.60000000
v -6.03416978 20.40000000 33.90000000
v -6.03978024 20.40000000 35.70000000
v -6.10971391 20.40000000 36.00000000
v -6.20225479 20.40000000 36.30000000
v -6.30000000 20.40000000 36.56467847
v -6.30000000 20.50793773 32.70000000
v -6.30000000 20.64000118 33.00000000
v -6.30000000 20.70000000 33.30000000
v -6.19667898 20.70000000 33.60000000
v -6.12496301 20.70000000 33.90000000
v -6.07546252 20.70000000 34.20000000
v -6.04355400 20.70000000 34.50000000
v -6.02842484 20.70000000 34.80000000
v -6.03184912 20.70000000 35.10000000
v -6.05579603 20.70000000 35.40000000
v -6.10069093 20.70000000 35.70000000
v -6.16453519 20.70000000 36.00000000
v -6.24370364 20.70000000 36.30000000
v -6.30000000 20.70000000 36.48277756
v -6.30000000 21.00000000 33.60000000
v -6.21389720 21.00000000 33.90000000
v -6.15520653 21.00000000 34.20000000
v -6.11849779 21.00000000 34.50000000
v -6.10141212 21.00000000 34.80000000
v -6.10431533 21.00000000 35.10000000
v -6.12733606 21.00000000 35.40000000
v -6.16884152 21.00000000 35.70000000
v -6.22551969 21.00000000 36.00000000
v -6.29485543 21.00000000 36.30000000
v -6.30000000 21.00000000 36.31902976
v -6.30000000 21.30000000 33.90000000
v -6.24402557 21.30000000 34.20000000
v -6.20333454 21.30000000 34.50000000
v -6.18775879 21.30000000 34.80000000
v -6.18977761 21.30000000 35.10000000
v -6.20885411 21.30000000 35.40000000
v -6.24797044 21.30000000 35.70000000
v -6.30000000 21.30000000 36.00000000
v -6.30000000 21.02266931 36.30000000
v -6.30000000 21.44365756 34.20000000
v -6.30000000 21.60000000 34.50000000
v -6.29408999 21.60000000 34.80000000
v -6.29238998 21.60000000 35.10000000
v -6.30000000 21.60000000 35.40000000
v -6.30000000 21.46458790 35.70000000
v -6.30000000 21.61306131 34.80000000
v -6.30000000 21.61823932 35.10000000
v -6.35085006 9.00000000 25.50000000
v -6.40116917 9.00000000 25.80000000
v -6.45602970 9.00000000 26.10000000
v -6.54399111 9.00000000 26.40000000
v -6.60000000 9.00000000 26.70000000
v -6.60000000 9.00000000 27.00000000
v -6.60000000 9.00000000 27.30000000
v -6.56592767 9.00000000 27.60000000
v -6.38079027 9.00000000 27.90000000
v -6.44110919 9.30000000 24.60000000
v -6.54828363 9.30000000 24.90000000
v -6.59483384 9.30000000 25.20000000
v -6.60000000 9.30000000 25.50000000
v -6.60000000 9.30000000 25.80000000
v -6.60000000 9.30000000 26.10000000
v -6.60000000 9.06554005 26.40000000
v -6.60000000 9.01349293 27.60000000
v -6.60000000 9.06312647 27.90000000
v -6.60000000 9.14196803 28.20000000
v -6.60000000 9.24921447 28.50000000
v -6.60000000 9.30000000 28.60727600
v -6.39590766 9.60000000 24.00000000
v -6.52360778 9.60000000 24.30000000
v -6.60000000 9.44285933 24.60000000
v -6.60000000 9.60000000 24.40196453
v -6.60000000 9.34390711 24.90000000
v -6.60000000 9.30492792 25.20000000
v -6.60000000 9.39848362 28.80000000
v -6.60000000 9.60000000 29.10000000
v -6.32980630 9.90000000 23.70000000
v -6.53500608 9.90000000 24.00000000
v -6.60000000 9.90000000 24.30000000
v -6.60000000 9.90000000 29.40000000
v -6.37796461 10.20000000 23.70000000
v -6.60000000 9.99528885 24.00000000
v -6.60000000 10.20000000 23.84492308
v -6.60000000 10.04177664 29.70000000
v -6.60000000 10.17634519 30.00000000
v -6.60000000 10.20000000 30.05149222
v -6.45330181 10.50000000 23.70000000
v -6.60000000 10.50000000 23.75083047
v -6.60000000 10.31356248 30.30000000
v -6.35096950 10.50000000 30.60000000
v -6.60000000 10.45549101 30.60000000
v -6.60000000 10.50000000 30.69481869
v -6.48630383 10.80000000 23.70000000
v -6.60000000 10.80000000 23.72422721
v -6.60000000 10.59759278 30.90000000
v -6.60000000 10.73119526 31.20000000
v -6.60000000 10.80000000 31.35548806
v -6.32923443 11.10000000 23.70000000
v -6.60000000 11.10000000 23.73818844
v -6.60000000 10.86807373 31.50000000
v -6.60000000 10.99120748 31.80000000
v -6.60000000 11.10000000 32.10000000
v -6.60000000 11.40000000 23.78298143
v -6.60000000 11.35558720 32.40000000
v -6.60000000 11.40000000 32.44489444
v -6.60000000 11.70000000 23.86125381
v -6.60000000 11.70000000 32.70000000
v -6.60000000 12.00000000 24.00000000
v -6.35774028 12.00000000 33.00000000
v -6.60000000 11.87989724 33.00000000
v -6.60000000 12.00000000 33.30000000
v -6.60000000 12.30000000 24.30000000
v -6.60000000 12.30000000 33.60000000
v -6.60000000 12.60000000 24.45344066
v -6.60000000 12.60000000 33.90000000
v -6.60000000 12.90000000 24.60000000
v -6.60000000 12.90000000 34.20000000
v -6.60000000 13.20000000 24.76914631
v -6.60000000 13.20000000 34.39369153
v -6.60000000 13.43187918 24.90000000
v -6.60000000 13.50000000 24.93752728
v -6.60000000 13.36747564 34.50000000
v -6.60000000 13.50000000 34.57694564
v -6.60000000 13.80000000 25.09697632
v -6.60000000 13.80000000 34.71479761
v -6.60000000 13.97362973 25.20000000
v -6.60000000 14.10000000 25.28071764
v -6.41436200 14.10000000 34.80000000
v -6.60000000 13.93682465 34.80000000
v -6.60000000 14.10000000 34.93888654
v -6.55941156 14.40000000 25.50000000
v -6.60000000 14.40000000 25.48816608
v -6.40547098 14.40000000 35.10000000
v -6.60000000 14.23887078 35.10000000
v -6.60000000 14.40000000 35.40000000
v -6.60000000 14.41562355 25.50000000
v -6.60000000 14.70000000 25.75010193
v -6.60000000 14.70000000 35.70000000
v -6.60000000 14.74670834 25.80000000
v -6.60000000 14.98246111 26.10000000
v -6.60000000 15.00000000 26.11683397
v -6.41568689 15.00000000 35.70000000
v -6.60000000 15.00000000 36.00000000
v -6.60000000 15.30000000 26.32752747
v -6.31519830 15.30000000 35.70000000
v -6.51443849 15.30000000 36.00000000
v -6.60000000 15.30000000 36.09610914
v -6.60000000 15.39371589 26.40000000
v -6.60000000 15.60000000 26.57379375
v -6.41238479 15.60000000 36.00000000
v -6.60000000 15.60000000 36.30000000
v -6.60000000 15.73393381 26.70000000
v -6.60000000 15.90000000 26.86023052
v -6.32733054 15.90000000 36.00000000
v -6.51872611 15.90000000 36.30000000
v -6.60000000 15.90000000 36.40762095
v -6.60000000 16.03723249 27.00000000
v -6.60000000 16.20000000 27.17135818
v -6.40647794 16.20000000 36.30000000
v -6.53658454 16.20000000 36.60000000
v -6.60000000 16.10247676 36.60000000
v -6.60000000 16.20000000 36.90000000
v -6.60000000 16.31586068 27.30000000
v -6.60000000 16.50000000 27.52304206
v -6.31716325 16.50000000 36.30000000
v -6.43100294 16.50000000 36.60000000
v -6.55532559 16.50000000 36.90000000
v -6.60000000 16.50000000 36.96629807
v -6.60000000 16.55725148 27.60000000
v -6.60000000 16.75474946 27.90000000
v -6.60000000 16.80000000 27.95660694
v -6.37156691 16.80000000 36.60000000
v -6.48883051 16.80000000 36.90000000
v -6.60000000 16.80000000 37.20000000
v -6.60000000 17.04540382 28.20000000
v -6.60000000 17.10000000 28.24440669
v -6.33317472 17.10000000 36.60000000
v -6.45147419 17.10000000 36.90000000
v -6.60000000 17.10000000 37.20000000
v -6.60000000 17.40000000 28.44827866
v -6.31163151 17.40000000 36.60000000
v -6.42048498 17.40000000 36.90000000
v -6.56690943 17.40000000 37.20000000
v -6.60000000 17.40000000 37.24979188
v -6.60000000 17.46293726 28.50000000
v -6.46460909 17.70000000 28.80000000
v -6.60000000 17.70000000 28.73336228
v -6.37462342 17.70000000 36.90000000
v -6.48766199 17.70000000 37.20000000
v -6.60000000 17.70000000 37.50000000
v -6.60000000 17.76324478 28.80000000
v -6.53333257 18.00000000 29.10000000
v -6.60000000 18.00000000 29.06469389
v -6.44091010 18.00000000 37.20000000
v -6.60000000 18.00000000 37.50000000
v -6.60000000 18.03242253 29.10000000
v -6.60000000 18.30000000 29.40000000
v -6.42386733 18.30000000 37.20000000
v -6.60000000 18.30000000 37.50000000
v -6.60000000 18.49911426 29.70000000
v -6.32164512 18.60000000 30.00000000
v -6.60000000 18.60000000 29.80223704
v -6.41848744 18.60000000 37.20000000
v -6.60000000 18.60000000 37.50000000
v -6.60000000 18.90000000 30.00000000
v -6.41683295 18.90000000 37.20000000
v -6.60000000 18.90000000 37.50000000
v -6.60000000 19.20000000 30.30000000
v -6.41863107 19.20000000 37.20000000
v -6.60000000 19.20000000 37.50000000
v -6.60000000 19.50000000 30.60000000
v -6.40388084 19.50000000 30.90000000
v -6.42905682 19.50000000 37.20000000
v -6.60000000 19.50000000 37.50000000
v -6.60000000 19.64699069 30.90000000
v -6.53460892 19.80000000 31.20000000
v -6.60000000 19.80000000 31.12917014
v -6.46484973 19.80000000 37.20000000
v -6.60000000 19.80000000 37.50000000
v -6.60000000 19.85221584 31.20000000
v -6.60000000 20.10000000 31.50000000
v -6.45495402 20.10000000 31.80000000
v -6.38799134 20.10000000 36.90000000
v -6.55125257 20.10000000 37.20000000
v -6.60000000 20.10000000 37.26576055
v -6.60000000 20.22557375 31.80000000
v -6.56996440 20.40000000 32.10000000
v -6.60000000 20.40000000 32.06178970
v -6.36976091 20.40000000 32.40000000
v -6.31321628 20.40000000 36.60000000
v -6.43054874 20.40000000 36.90000000
v -6.60000000 20.40000000 37.20000000
v -6.60000000 20.43719936 32.10000000
v -6.52356356 20.70000000 32.40000000
v -6.60000000 20.70000000 32.30650038
v -6.39605282 20.70000000 32.70000000
v -6.33123954 20.70000000 33.00000000
v -6.33776341 20.70000000 36.60000000
v -6.45239302 20.70000000 36.90000000
v -6.60000000 20.70000000 37.20000000
v -6.60000000 21.00000000 32.40000000
v -6.54484274 21.00000000 32.70000000
v -6.46660100 21.00000000 33.00000000
v -6.39722108 21.00000000 33.30000000
v -6.37980787 21.00000000 36.60000000
v -6.48640393 21.00000000 36.90000000
v -6.60000000 21.00000000 37.20000000
v -6.60000000 21.07409621 32.70000000
v -6.60000000 21.30000000 33.00000000
v -6.54616590 21.30000000 33.30000000
v -6.43101616 21.30000000 33.60000000
v -6.36674891 21.30000000 36.30000000
v -6.44352384 21.30000000 36.60000000
v -6.55325339 21.30000000 36.90000000
v -6.60000000 21.30000000 36.97038191
v -6.60000000 21.36960102 33.30000000
v -6.60000000 21.60000000 33.60000000
v -6.45704366 21.60000000 33.90000000
v -6.37246110 21.60000000 34.20000000
v -6.34699191 21.60000000 35.70000000
v -6.40447234 21.60000000 36.00000000
v -6.47189977 21.60000000 36.30000000
v -6.55294565 21.60000000 36.60000000
v -6.60000000 21.60000000 36.90000000
v -6.60000000 21.90000000 33.90000000
v -6.57292759 21.90000000 34.20000000
v -6.51384812 21.90000000 34.50000000
v -6.44858834 21.90000000 34.80000000
v -6.42917222 21.90000000 35.10000000
v -6.43657887 21.90000000 35.40000000
v -6.47411857 21.90000000 35.70000000
v -6.54971159 21.90000000 36.00000000
v -6.60000000 21.90000000 36.30000000
v -6.60000000 21.66967109 36.60000000
v -6.60000000 21.92906189 34.20000000
v -6.60000000 21.99998632 34.50000000
v -6.60000000 22.20000000 34.80000000
v -6.60000000 22.20000000 35.10000000
v -6.60000000 22.20000000 35.40000000
v -6.60000000 22.20000000 35.70000000
v -6.60000000 21.97041398 36.00000000
v -6.90000000 9.30000000 26.40000000
v -6.90000000 9.21934573 26.70000000
v -6.90000000 9.15317720 27.00000000
v -6.90000000 9.13372061 27.30000000
v -6.90000000 9.13951250 27.60000000
v -6.90000000 9.16450277 27.90000000
v -6.90000000 9.21242311 28.20000000
v -6.90000000 9.30000000 28.50000000
v -6.90000000 9.60000000 24.60000000
v -6.90000000 9.60000000 24.90000000
v -6.90000000 9.60000000 25.20000000
v -6.90000000 9.60000000 25.50000000
v -6.90000000 9.60000000 25.80000000
v -6.90000000 9.55495367 26.10000000
v -6.90000000 9.43718246 28.80000000
v -6.90000000 9.60000000 29.10000000
v -6.90000000 9.90000000 24.44298966
v -6.90000000 9.90000000 29.40000000
v -6.90000000 10.20000000 24.00000000
v -6.90000000 10.02108311 24.30000000
v -6.90000000 10.03893591 29.70000000
v -6.90000000 10.16827838 30.00000000
v -6.90000000 10.20000000 30.07298534
v -6.90000000 10.50000000 23.86563486
v -6.90000000 10.29632931 30.30000000
v -6.90000000 10.42720997 30.60000000
v -6.90000000 10.50000000 30.76442159
v -6.90000000 10.80000000 23.82564471
v -6.90000000 10.56040854 30.90000000
v -6.90000000 10.69047408 31.20000000
v -6.90000000 10.80000000 31.46065284
v -6.90000000 11.10000000 23.83013673
v -6.90000000 10.81703800 31.50000000
v -6.90000000 10.94534684 31.80000000
v -6.90000000 11.08484565 32.10000000
v -6.90000000 11.10000000 32.12602658
v -6.90000000 11.40000000 23.85378118
v -6.90000000 11.30347541 32.40000000
v -6.90000000 11.40000000 32.50839077
v -6.90000000 11.70000000 23.89744953
v -6.90000000 11.70000000 32.70000000
v -6.90000000 12.00000000 24.00000000
v -6.90000000 11.80544738 33.00000000
v -6.90000000 11.95717768 33.30000000
v -6.90000000 12.00000000 33.36089103
v -6.90000000 12.30000000 24.30000000
v -6.90000000 12.18878663 33.60000000
v -6.90000000 12.30000000 33.72533639
v -6.90000000 12.60000000 24.44158484
v -6.90000000 12.46511264 33.90000000
v -6.90000000 12.60000000 34.03614442
v -6.90000000 12.90000000 24.57809650
v -6.90000000 12.77815297 34.20000000
v -6.90000000 12.90000000 34.30304590
v -6.90000000 12.94473291 24.60000000
v -6.90000000 13.20000000 24.72688009
v -6.90000000 13.20000000 34.50000000
v -6.90000000 13.50000000 24.90000000
v -6.90000000 13.50000000 34.68408334
v -6.90000000 13.80000000 25.01776050
v -6.90000000 13.80000000 34.80000000
v -6.90000000 14.10000000 25.20000000
v -6.90000000 14.10000000 35.10000000
v -6.90000000 14.40000000 25.38993333
v -6.90000000 14.24235337 35.40000000
v -6.90000000 14.40000000 35.62362627
v -6.90000000 14.55303084 25.50000000
v -6.90000000 14.70000000 25.63301579
v -6.90000000 14.46292410 35.70000000
v -6.90000000 14.70000000 35.94752255
v -6.90000000 14.86308549 25.80000000
v -6.90000000 15.00000000 26.10000000
v -6.90000000 14.76005991 36.00000000
v -6.90000000 15.00000000 36.17207462
v -6.90000000 15.30000000 26.20751541
v -6.90000000 15.30000000 36.30000000
v -6.90000000 15.54971897 26.40000000
v -6.90000000 15.60000000 26.43966285
v -6.90000000 15.60000000 36.49724953
v -6.90000000 15.87726672 26.70000000
v -6.90000000 15.90000000 26.72167500
v -6.90000000 15.90000000 36.60000000
v -6.90000000 16.17078458 27.00000000
v -6.90000000 16.20000000 27.03166104
v -6.90000000 16.02373668 36.90000000
v -6.90000000 16.20000000 37.07416262
v -6.90000000 16.43104363 27.30000000
v -6.90000000 16.50000000 27.39210793
v -6.90000000 16.50000000 37.20000000
v -6.90000000 16.64446677 27.60000000
v -6.90000000 16.80000000 27.90000000
v -6.90000000 16.80000000 37.43208209
v -6.90000000 17.10000000 28.20000000
v -6.90000000 17.10000000 37.50000000
v -6.90000000 17.40000000 28.36290960
v -6.90000000 17.40000000 37.50000000
v -6.90000000 17.58099825 28.50000000
v -6.90000000 17.70000000 28.60212776
v -6.90000000 17.70000000 37.72534014
v -6.90000000 17.89782212 28.80000000
v -6.90000000 18.00000000 28.91322655
v -6.90000000 18.00000000 37.78633265
v -6.90000000 18.16864921 29.10000000
v -6.90000000 18.30000000 29.25071231
v -6.90000000 18.30000000 37.80000000
v -6.90000000 18.44095937 29.40000000
v -6.90000000 18.60000000 29.70000000
v -6.90000000 18.60000000 37.80000000
v -6.90000000 18.90000000 29.85393041
v -6.90000000 18.90000000 37.80000000
v -6.90000000 19.05009692 30.00000000
v -6.90000000 19.20000000 30.14287713
v -6.90000000 19.20000000 37.79899070
v -6.90000000 19.35134066 30.30000000
v -6.90000000 19.50000000 30.46038158
v -6.90000000 19.50000000 37.78160784
v -6.90000000 19.61322397 30.60000000
v -6.90000000 19.80000000 30.90000000
v -6.90000000 19.80000000 37.71567874
v -6.90000000 20.06146558 31.20000000
v -6.90000000 20.10000000 31.25193362
v -6.90000000 20.10000000 37.50000000
v -6.90000000 20.26520075 31.50000000
v -6.90000000 20.40000000 31.80000000
v -6.90000000 20.40000000 37.50000000
v -6.90000000 20.70000000 32.10000000
v -6.90000000 20.70000000 37.48474889
v -6.90000000 21.00000000 32.26483516
v -6.90000000 21.00000000 37.41226916
v -6.90000000 21.13895438 32.40000000
v -6.90000000 21.30000000 32.70000000
v -6.90000000 21.30000000 37.20000000
v -6.90000000 21.50874766 33.00000000
v -6.90000000 21.60000000 33.30000000
v -6.90000000 21.60000000 37.10738081
v -6.90000000 21.90000000 33.60000000
v -6.90000000 21.90000000 36.60000000
v -6.90000000 21.81700007 36.90000000
v -6.90000000 22.09021644 33.90000000
v -6.90000000 22.17220868 34.20000000
v -6.90000000 22.20000000 34.50000000
v -6.90000000 22.20000000 36.00000000
v -6.90000000 22.14690914 36.30000000
v -6.90000000 22.44556865 34.80000000
v -6.90000000 22.50000000 35.10000000
v -6.90000000 22.50000000 35.40000000
v -6.90000000 22.46315353 35.70000000
v -6.99323422 9.30000000 26.70000000
v -7.20000000 9.30000000 27.00000000
v -7.20000000 9.29683436 27.30000000
v -7.20000000 9.30000000 27.60000000
v -7.20000000 9.30000000 27.90000000
v -7.20000000 9.30000000 28.20000000
v -6.93233172 9.60000000 26.10000000
v -7.05070157 9.60000000 26.40000000
v -7.20000000 9.59351086 26.70000000
v -7.20000000 9.60000000 26.69262690
v -7.20000000 9.42093210 28.50000000
v -7.20000000 9.53663392 28.80000000
v -7.20000000 9.60000000 29.10000000
v -7.00911189 9.90000000 24.60000000
v -7.08252121 9.90000000 24.90000000
v -7.09010700 9.90000000 25.20000000
v -7.07442899 9.90000000 25.50000000
v -7.06304410 9.90000000 25.80000000
v -7.09023681 9.90000000 26.10000000
v -7.18196456 9.90000000 26.40000000
v -7.20000000 9.90000000 26.43961839
v -7.20000000 9.90000000 29.40000000
v -7.08561517 10.20000000 24.30000000
v -7.20000000 10.18756384 24.60000000
v -7.20000000 10.20000000 24.57491796
v -7.20000000 10.09977346 24.90000000
v -7.20000000 10.08528718 25.20000000
v -7.20000000 10.12294666 25.50000000
v -7.20000000 10.20000000 25.80000000
v -7.20000000 10.20000000 26.10000000
v -7.20000000 9.94964040 26.40000000
v -7.20000000 10.04849429 29.70000000
v -7.20000000 10.17269221 30.00000000
v -7.20000000 10.20000000 30.06466422
v -7.20000000 10.50000000 24.00000000
v -7.20000000 10.33120170 24.30000000
v -7.20000000 10.29670567 30.30000000
v -7.20000000 10.42184963 30.60000000
v -7.20000000 10.50000000 30.78461835
v -7.20000000 10.80000000 23.99922097
v -7.20000000 10.54873666 30.90000000
v -7.20000000 10.67391073 31.20000000
v -7.20000000 10.80000000 31.50000000
v -7.20000000 11.10000000 24.00000000
v -7.20000000 10.92957935 31.80000000
v -7.20000000 11.07361838 32.10000000
v -7.20000000 11.10000000 32.15100985
v -7.20000000 11.40000000 24.00000000
v -7.20000000 11.24317491 32.40000000
v -7.20000000 11.40000000 32.70000000
v -7.20000000 11.70000000 24.00000000
v -7.20000000 11.70000000 32.96491262
v -7.20000000 12.00000000 24.00000000
v -7.20000000 11.72470701 33.00000000
v -7.20000000 11.91497659 33.30000000
v -7.20000000 12.00000000 33.42741820
v -7.20000000 12.30000000 24.30000000
v -7.20000000 12.12033573 33.60000000
v -7.20000000 12.30000000 33.82264722
v -7.20000000 12.60000000 24.45432585
v -7.20000000 12.36847975 33.90000000
v -7.20000000 12.60000000 34.14092828
v -7.20000000 12.90000000 24.57606809
v -7.20000000 12.66323980 34.20000000
v -7.20000000 12.90000000 34.41539073
v -7.20000000 12.95819699 24.60000000
v -7.20000000 13.20000000 24.69838468
v -7.20000000 13.00692061 34.50000000
v -7.20000000 13.20000000 34.66450497
v -7.20000000 13.50000000 24.81353292
v -7.08586841 13.50000000 34.80000000
v -7.20000000 13.38519007 34.80000000
v -7.20000000 13.50000000 34.90016640
v -7.20000000 13.80000000 24.90000000
v -7.20000000 13.80000000 35.10000000
v -7.20000000 14.10000000 25.09188431
v -7.09590337 14.10000000 35.40000000
v -7.20000000 14.00069191 35.40000000
v -7.20000000 14.10000000 35.51558054
v -7.20000000 14.28000129 25.20000000
v -7.20000000 14.40000000 25.27617990
v -6.98524072 14.40000000 35.70000000
v -7.20000000 14.24124985 35.70000000
v -7.20000000 14.40000000 35.88223402
v -7.13279486 14.70000000 25.50000000
v -7.20000000 14.70000000 25.46880109
v -6.96543530 14.70000000 36.00000000
v -7.20000000 14.50874816 36.00000000
v -7.20000000 14.70000000 36.19216267
v -7.20000000 14.75134898 25.50000000
v -7.05112486 15.00000000 25.80000000
v -7.20000000 15.00000000 25.67214809
v -7.06279017 15.00000000 36.30000000
v -7.20000000 14.83366524 36.30000000
v -7.20000000 15.00000000 36.43487985
v -7.20000000 15.30000000 25.80000000
v -7.03326721 15.30000000 26.10000000
v -7.20000000 15.30000000 36.60000000
v -7.20000000 15.44912794 26.10000000
v -6.97601549 15.60000000 26.40000000
v -7.20000000 15.60000000 26.26311769
v -7.20000000 15.60000000 36.90000000
v -7.20000000 15.72817135 26.40000000
v -6.94291930 15.90000000 26.70000000
v -7.20000000 15.90000000 26.56519432
v -7.00785088 15.90000000 36.90000000
v -7.20000000 15.90000000 37.18567741
v -7.20000000 16.03244214 26.70000000
v -6.95936306 16.20000000 27.00000000
v -7.20000000 16.20000000 26.87230573
v -7.01546768 16.20000000 37.20000000
v -7.20000000 15.91545203 37.20000000
v -7.20000000 16.20000000 37.43591271
v -7.20000000 16.31915989 27.00000000
v -7.04737409 16.50000000 27.30000000
v -7.20000000 16.50000000 27.21040388
v -7.09272917 16.50000000 37.50000000
v -7.20000000 16.28808850 37.50000000
v -7.20000000 16.50000000 37.65697306
v -7.20000000 16.57523146 27.30000000
v -7.20000000 16.80000000 27.60000000
v -6.95828980 16.80000000 37.50000000
v -7.17247653 16.80000000 37.80000000
v -7.20000000 16.72979852 37.80000000
v -7.20000000 16.80000000 37.84608234
v -7.20000000 16.98377767 27.90000000
v -7.20000000 17.10000000 28.01671104
v -7.09330507 17.10000000 37.80000000
v -7.20000000 17.10000000 37.99587318
v -7.20000000 17.40000000 28.20000000
v -7.03787885 17.40000000 37.80000000
v -7.20000000 17.40000000 38.08902744
v -7.09673562 17.70000000 28.50000000
v -7.20000000 17.70000000 28.44501313
v -6.96356784 17.70000000 37.80000000
v -7.20000000 17.70000000 38.10000000
v -7.20000000 17.76047087 28.50000000
v -7.09453943 18.00000000 28.80000000
v -7.20000000 18.00000000 28.73791941
v -6.91373513 18.00000000 37.80000000
v -7.20000000 18.00000000 38.10000000
v -7.20000000 18.05862389 28.80000000
v -7.20000000 18.30000000 29.10000000
v -7.20000000 18.30000000 38.10000000
v -7.07404315 18.60000000 29.40000000
v -7.20000000 18.60000000 29.29265538
v -7.20000000 18.60000000 38.10000000
v -7.20000000 18.90000000 29.40000000
v -7.06954103 18.90000000 29.70000000
v -7.20000000 18.90000000 38.10000000
v -7.20000000 19.00958259 29.70000000
v -7.20000000 19.20000000 30.00000000
v -6.90104041 19.20000000 37.80000000
v -7.20000000 19.20000000 38.10000000
v -7.20000000 19.50000000 30.30000000
v -6.91864919 19.50000000 37.80000000
v -7.20000000 19.50000000 38.10000000
v -7.20000000 19.77959514 30.60000000
v -7.20000000 19.80000000 30.62421921
v -6.97389993 19.80000000 37.80000000
v -7.20000000 19.80000000 38.10000000
v -7.20000000 20.04207402 30.90000000
v -6.95112387 20.10000000 31.20000000
v -7.20000000 20.10000000 30.96775623
v -7.05765038 20.10000000 37.80000000
v -7.20000000 20.10000000 38.02855631
v -7.20000000 20.30149926 31.20000000
v -7.07323234 20.40000000 31.50000000
v -7.20000000 20.40000000 31.33645485
v -7.12108761 20.40000000 37.80000000
v -7.20000000 20.40000000 37.92016674
v -7.20000000 20.52561720 31.50000000
v -7.20000000 20.70000000 31.80000000
v -6.91527553 20.70000000 37.50000000
v -7.20000000 20.70000000 37.80000000
v -7.09415886 21.00000000 32.10000000
v -7.20000000 21.00000000 31.99274193
v -6.98489851 21.00000000 37.50000000
v -7.20000000 21.00000000 37.74614459
v -7.20000000 21.12326667 32.10000000
v -7.08354435 21.30000000 32.40000000
v -7.20000000 21.30000000 32.26934732
v -7.09493820 21.30000000 37.50000000
v -7.20000000 21.30000000 37.64177235
v -7.20000000 21.41650400 32.40000000
v -7.15344500 21.60000000 32.70000000
v -7.20000000 21.60000000 32.63122542
v -6.98680567 21.60000000 33.00000000
v -6.97622166 21.60000000 37.20000000
v -7.19653705 21.60000000 37.50000000
v -7.20000000 21.60000000 37.50481969
v -7.20000000 21.65619187 32.70000000
v -7.20000000 21.90000000 33.00000000
v -7.07832446 21.90000000 33.30000000
v -6.96207384 21.90000000 36.90000000
v -7.11617823 21.90000000 37.20000000
v -7.20000000 21.60924649 37.50000000
v -7.20000000 21.90000000 37.32857352
v -7.20000000 22.06166715 33.30000000
v -7.20000000 22.20000000 33.60000000
v -7.02128198 22.20000000 33.90000000
v -6.92902793 22.20000000 34.20000000
v -6.93835307 22.20000000 36.30000000
v -7.03697494 22.20000000 36.60000000
v -7.13206018 22.20000000 36.90000000
v -7.20000000 22.07442254 37.20000000
v -7.20000000 22.20000000 37.06633202
v -7.20000000 22.40645989 33.90000000
v -7.20000000 22.50000000 34.20000000
v -7.05279743 22.50000000 34.50000000
v -6.94204173 22.50000000 34.80000000
v -6.92637448 22.50000000 35.70000000
v -7.01006277 22.50000000 36.00000000
v -7.08735064 22.50000000 36.30000000
v -7.20000000 22.50000000 36.60000000
v -7.20000000 22.34810422 36.90000000
v -7.20000000 22.80000000 34.50000000
v -7.14479922 22.80000000 34.80000000
v -7.11119547 22.80000000 35.10000000
v -7.10255351 22.80000000 35.40000000
v -7.11748099 22.80000000 35.70000000
v -7.15324992 22.80000000 36.00000000
v -7.20000000 22.80000000 36.30000000
v -7.20000000 22.88141482 34.80000000
v -7.20000000 22.93304902 35.10000000
v -7.20000000 22.95138253 35.40000000
v -7.20000000 22.93563055 35.70000000
v -7.20000000 22.88431815 36.00000000
v -7.20399085 9.30000000 27.30000000
v -7.20352342 9.60000000 26.70000000
v -7.35544951 9.60000000 27.00000000
v -7.50000000 9.60000000 27.30000000
v -7.50000000 9.58013299 27.60000000
v -7.50000000 9.56881148 27.90000000
v -7.50000000 9.57008717 28.20000000
v -7.50000000 9.60000000 28.50000000
v -7.29045765 9.60000000 28.80000000
v -7.31611683 9.90000000 26.70000000
v -7.46572449 9.90000000 27.00000000
v -7.50000000 9.90000000 27.07276043
v -7.50000000 9.90000000 28.80000000
v -7.48786391 9.90000000 29.10000000
v -7.20746561 10.20000000 24.60000000
v -7.25799959 10.20000000 24.90000000
v -7.26758813 10.20000000 25.20000000
v -7.24433043 10.20000000 25.50000000
v -7.28680109 10.20000000 26.40000000
v -7.40006637 10.20000000 26.70000000
v -7.50000000 10.02988051 27.00000000
v -7.50000000 10.20000000 26.91121621
v -7.50000000 9.90755478 29.10000000
v -7.50000000 9.98927625 29.40000000
v -7.50000000 10.09652565 29.70000000
v -7.50000000 10.20000000 30.00000000
v -7.30064232 10.50000000 24.30000000
v -7.38457044 10.50000000 24.60000000
v -7.43972762 10.50000000 24.90000000
v -7.45685048 10.50000000 25.20000000
v -7.44064611 10.50000000 25.50000000
v -7.40568111 10.50000000 25.80000000
v -7.37999746 10.50000000 26.10000000
v -7.39118422 10.50000000 26.40000000
v -7.45815441 10.50000000 26.70000000
v -7.50000000 10.50000000 26.78773292
v -7.50000000 10.32111935 30.30000000
v -7.50000000 10.43985824 30.60000000
v -7.50000000 10.50000000 30.75031271
v -7.20081913 10.80000000 24.00000000
v -7.40318791 10.80000000 24.30000000
v -7.50000000 10.72640684 24.60000000
v -7.50000000 10.80000000 24.51717366
v -7.50000000 10.59803504 24.90000000
v -7.50000000 10.56355297 25.20000000
v -7.50000000 10.58216013 25.50000000
v -7.50000000 10.62930286 25.80000000
v -7.50000000 10.69160697 26.10000000
v -7.50000000 10.80000000 26.40000000
v -7.50000000 10.80000000 26.70000000
v -7.50000000 10.55924692 30.90000000
v -7.50000000 10.67774620 31.20000000
v -7.50000000 10.80000000 31.50000000
v -7.46667709 11.10000000 24.30000000
v -7.50000000 11.10000000 24.35111164
v -7.50000000 10.92782476 31.80000000
v -7.50000000 11.06626972 32.10000000
v -7.50000000 11.10000000 32.16879232
v -7.50000000 11.40000000 24.30000000
v -7.50000000 11.22134685 32.40000000
v -7.50000000 11.40000000 32.70000000
v -7.50000000 11.70000000 24.30000000
v -7.50000000 11.70000000 33.00000000
v -7.46788956 12.00000000 24.30000000
v -7.50000000 12.00000000 24.32709051
v -7.50000000 11.87773608 33.30000000
v -7.50000000 12.00000000 33.50305986
v -7.50000000 12.30000000 24.42316394
v -7.50000000 12.06262387 33.60000000
v -7.48395082 12.30000000 33.90000000
v -7.50000000 12.29640042 33.90000000
v -7.50000000 12.30000000 33.90419795
v -7.50000000 12.60000000 24.52095106
v -7.39768318 12.60000000 34.20000000
v -7.50000000 12.57082499 34.20000000
v -7.50000000 12.60000000 34.23156171
v -7.50000000 12.90000000 24.60000000
v -7.40851758 12.90000000 34.50000000
v -7.50000000 12.86165013 34.50000000
v -7.50000000 12.90000000 34.54244207
v -7.50000000 13.20000000 24.70104948
v -7.41044619 13.20000000 34.80000000
v -7.50000000 13.14237870 34.80000000
v -7.50000000 13.20000000 34.87466082
v -7.50000000 13.50000000 24.79095236
v -7.37045508 13.50000000 35.10000000
v -7.50000000 13.37322355 35.10000000
v -7.50000000 13.50000000 35.40000000
v -7.50000000 13.80000000 24.88674447
v -7.37010507 13.80000000 35.40000000
v -7.50000000 13.80000000 35.53153523
v -7.50000000 13.83144147 24.90000000
v -7.50000000 14.10000000 25.02351712
v -7.37984713 14.10000000 35.70000000
v -7.50000000 13.99488827 35.70000000
v -7.50000000 14.10000000 35.80619760
v -7.42337094 14.40000000 25.20000000
v -7.50000000 14.40000000 25.17644090
v -7.33294111 14.40000000 36.00000000
v -7.50000000 14.27156550 36.00000000
v -7.50000000 14.40000000 36.14863909
v -7.50000000 14.44590105 25.20000000
v -7.50000000 14.70000000 25.33934744
v -7.31589255 14.70000000 36.30000000
v -7.50000000 14.53481905 36.30000000
v -7.50000000 14.70000000 36.50464718
v -7.50000000 15.00000000 25.50000000
v -7.33431547 15.00000000 36.60000000
v -7.50000000 14.78477432 36.60000000
v -7.50000000 15.00000000 36.90000000
v -7.50000000 15.30000000 25.68238660
v -7.36538828 15.30000000 36.90000000
v -7.50000000 15.30000000 37.09461377
v -7.50000000 15.41674066 25.80000000
v -7.50000000 15.60000000 26.10000000
v -7.39730612 15.60000000 37.20000000
v -7.50000000 15.43032005 37.20000000
v -7.50000000 15.60000000 37.33948898
v -7.49792232 15.90000000 26.40000000
v -7.50000000 15.90000000 26.39879694
v -7.20928798 15.90000000 37.20000000
v -7.42304399 15.90000000 37.50000000
v -7.50000000 15.78276727 37.50000000
v -7.50000000 15.90000000 37.60479410
v -7.50000000 15.90115722 26.40000000
v -7.50000000 16.20000000 26.70000000
v -7.24466970 16.20000000 37.50000000
v -7.44916832 16.20000000 37.80000000
v -7.50000000 16.11827213 37.80000000
v -7.50000000 16.20000000 37.87647900
v -7.50000000 16.49085037 27.00000000
v -7.50000000 16.50000000 27.01024141
v -7.29151414 16.50000000 37.80000000
v -7.47234891 16.50000000 38.10000000
v -7.50000000 16.44996644 38.10000000
v -7.50000000 16.50000000 38.14844723
v -7.50000000 16.75958899 27.30000000
v -7.50000000 16.80000000 27.35378151
v -7.34279315 16.80000000 38.10000000
v -7.50000000 16.80000000 38.40000000
v -7.50000000 16.97964321 27.60000000
v -7.50000000 17.10000000 27.90000000
v -7.25348268 17.10000000 38.10000000
v -7.39010916 17.10000000 38.40000000
v -7.50000000 17.10000000 38.70000000
v -7.50000000 17.40000000 28.02230051
v -7.20567017 17.40000000 38.10000000
v -7.34970060 17.40000000 38.40000000
v -7.50000000 17.40000000 38.70000000
v -7.50000000 17.63995483 28.20000000
v -7.50000000 17.70000000 28.24750495
v -7.34353167 17.70000000 38.40000000
v -7.50000000 17.70000000 38.70000000
v -7.50000000 17.97158930 28.50000000
v -7.50000000 18.00000000 28.52736831
v -7.34725540 18.00000000 38.40000000
v -7.50000000 18.00000000 38.70000000
v -7.50000000 18.27476782 28.80000000
v -7.50000000 18.30000000 28.82556262
v -7.34978115 18.30000000 38.40000000
v -7.49445621 18.30000000 38.70000000
v -7.50000000 18.30000000 38.71053975
v -7.50000000 18.60000000 29.10000000
v -7.34924396 18.60000000 38.40000000
v -7.48559750 18.60000000 38.70000000
v -7.50000000 18.60000000 38.73070665
v -7.50000000 18.90000000 29.28785576
v -7.34675258 18.90000000 38.40000000
v -7.47861091 18.90000000 38.70000000
v -7.50000000 18.90000000 38.74737470
v -7.50000000 19.01103891 29.40000000
v -7.50000000 19.20000000 29.70000000
v -7.34391193 19.20000000 38.40000000
v -7.47659051 19.20000000 38.70000000
v -7.50000000 19.20000000 38.75098280
v -7.50000000 19.43426811 30.00000000
v -7.50000000 19.50000000 30.07430602
v -7.34288181 19.50000000 38.40000000
v -7.48041456 19.50000000 38.70000000
v -7.50000000 19.50000000 38.74033986
v -7.50000000 19.70603837 30.30000000
v -7.22962046 19.80000000 30.60000000
v -7.50000000 19.80000000 30.39635943
v -7.35199830 19.80000000 38.40000000
v -7.48812549 19.80000000 38.70000000
v -7.50000000 19.80000000 38.72197498
v -7.50000000 20.00632558 30.60000000
v -7.26897810 20.10000000 30.90000000
v -7.50000000 20.10000000 30.69369088
v -7.24145141 20.10000000 38.10000000
v -7.39495056 20.10000000 38.40000000
v -7.50000000 20.10000000 38.70000000
v -7.50000000 20.31571443 30.90000000
v -7.30168822 20.40000000 31.20000000
v -7.50000000 20.40000000 30.98578723
v -7.30839570 20.40000000 38.10000000
v -7.50000000 20.40000000 38.40000000
v -7.50000000 20.62941989 31.20000000
v -7.33811854 20.70000000 31.50000000
v -7.50000000 20.70000000 31.27058377
v -7.36861138 20.70000000 38.10000000
v -7.50000000 20.70000000 38.33273314
v -7.50000000 21.00000000 31.50000000
v -7.34278859 21.00000000 31.80000000
v -7.23889402 21.00000000 37.80000000
v -7.42472117 21.00000000 38.10000000
v -7.50000000 21.00000000 38.23503460
v -7.50000000 21.22205759 31.80000000
v -7.33421536 21.30000000 32.10000000
v -7.50000000 21.30000000 31.88450289
v -7.30760129 21.30000000 37.80000000
v -7.50000000 21.30000000 38.10000000
v -7.50000000 21.49206221 32.10000000
v -7.35935524 21.60000000 32.40000000
v -7.50000000 21.60000000 32.21788136
v -7.39859209 21.60000000 37.80000000
v -7.50000000 21.60000000 37.95009691
v -7.50000000 21.76429709 32.40000000
v -7.39448055 21.90000000 32.70000000
v -7.50000000 21.90000000 32.55302053
v -7.30260743 21.90000000 37.50000000
v -7.50000000 21.90000000 37.80000000
v -7.50000000 22.03365131 32.70000000
v -7.43920855 22.20000000 33.00000000
v -7.50000000 22.20000000 32.90082860
v -7.29962809 22.20000000 33.30000000
v -7.25294988 22.20000000 37.20000000
v -7.41183410 22.20000000 37.50000000
v -7.50000000 22.20000000 37.63912629
v -7.50000000 22.28678721 33.00000000
v -7.50000000 22.50000000 33.30000000
v -7.35867528 22.50000000 33.60000000
v -7.26071997 22.50000000 33.90000000
v -7.26112738 22.50000000 36.90000000
v -7.36234967 22.50000000 37.20000000
v -7.50000000 22.47099398 37.50000000
v -7.50000000 22.50000000 37.48199293
v -7.50000000 22.80000000 33.60000000
v -7.42397122 22.80000000 33.90000000
v -7.32732465 22.80000000 34.20000000
v -7.28534312 22.80000000 36.60000000
v -7.35606023 22.80000000 36.90000000
v -7.44308919 22.80000000 37.20000000
v -7.50000000 22.80000000 37.31850037
v -7.50000000 22.91566249 33.90000000
v -7.50000000 23.10000000 34.20000000
v -7.41469830 23.10000000 34.50000000
v -7.34882338 23.10000000 34.80000000
v -7.30775407 23.10000000 35.10000000
v -7.29168801 23.10000000 35.40000000
v -7.29533651 23.10000000 35.70000000
v -7.31613390 23.10000000 36.00000000
v -7.35409534 23.10000000 36.30000000
v -7.40679691 23.10000000 36.60000000
v -7.45683343 23.10000000 36.90000000
v -7.50000000 23.10000000 37.20000000
v -7.50000000 23.21287063 34.50000000
v -7.50000000 23.31341913 34.80000000
v -7.50000000 23.40000000 35.10000000
v -7.48105280 23.40000000 35.40000000
v -7.47812698 23.40000000 35.70000000
v -7.49078045 23.40000000 36.00000000
v -7.50000000 23.36623772 36.30000000
v -7.50000000 23.40000000 36.09978653
v -7.50000000 23.28529955 36.60000000
v -7.50000000 23.18740756 36.90000000
v -7.50000000 23.42800465 35.40000000
v -7.50000000 23.43378057 35.70000000
v -7.50000000 23.41482228 36.00000000
v -7.51579258 9.60000000 27.60000000
v -7.52776008 9.60000000 27.90000000
v -7.52872230 9.60000000 28.20000000
v -7.59708820 9.90000000 27.30000000
v -7.68490821 9.90000000 27.60000000
v -7.74674730 9.90000000 27.90000000
v -7.77376449 9.90000000 28.20000000
v -7.73301236 9.90000000 28.50000000
v -7.54273262 10.20000000 27.00000000
v -7.69312760 10.20000000 27.30000000
v -7.80000000 10.14601579 27.60000000
v -7.80000000 10.20000000 27.54283007
v -7.80000000 9.98596986 27.90000000
v -7.80000000 9.93297145 28.20000000
v -7.80000000 9.95971010 28.50000000
v -7.80000000 10.02637239 28.80000000
v -7.80000000 10.06699364 29.10000000
v -7.80000000 10.11749660 29.40000000
v -7.80000000 10.18946343 29.70000000
v -7.80000000 10.20000000 29.73472922
v -7.61837285 10.50000000 27.00000000
v -7.80000000 10.50000000 27.30000000
v -7.80000000 10.27639861 30.00000000
v -7.80000000 10.37614130 30.30000000
v -7.80000000 10.48214010 30.60000000
v -7.80000000 10.50000000 30.64852073
v -7.53540188 10.80000000 24.60000000
v -7.62277442 10.80000000 24.90000000
v -7.66455979 10.80000000 25.20000000
v -7.66329102 10.80000000 25.50000000
v -7.62991064 10.80000000 25.80000000
v -7.57572789 10.80000000 26.10000000
v -7.72739537 10.80000000 27.00000000
v -7.80000000 10.80000000 27.11331016
v -7.80000000 10.59060393 30.90000000
v -7.80000000 10.70011076 31.20000000
v -7.80000000 10.80000000 31.46179773
v -7.64950850 11.10000000 24.60000000
v -7.80000000 11.10000000 24.90000000
v -7.80000000 10.99095781 25.20000000
v -7.80000000 10.97766482 25.50000000
v -7.80000000 11.01265830 25.80000000
v -7.80000000 11.06660604 26.10000000
v -7.79154594 11.10000000 26.40000000
v -7.80000000 11.10000000 26.33525459
v -7.80000000 11.10000000 26.70000000
v -7.80000000 10.93320593 27.00000000
v -7.80000000 10.81483355 31.50000000
v -7.80000000 10.93671632 31.80000000
v -7.80000000 11.06824987 32.10000000
v -7.80000000 11.10000000 32.16664687
v -7.72730333 11.40000000 24.60000000
v -7.80000000 11.40000000 24.71008958
v -7.80000000 11.10855719 26.40000000
v -7.80000000 11.21816537 32.40000000
v -7.80000000 11.40000000 32.70000000
v -7.77092500 11.70000000 24.60000000
v -7.80000000 11.70000000 24.63553379
v -7.80000000 11.70000000 33.00000000
v -7.78508486 12.00000000 24.60000000
v -7.80000000 12.00000000 24.61437379
v -7.80000000 11.85512932 33.30000000
v -7.80000000 12.00000000 33.60000000
v -7.76291290 12.30000000 24.60000000
v -7.80000000 12.30000000 24.62550106
v -7.80000000 12.25011446 33.90000000
v -7.80000000 12.30000000 33.95919467
v -7.68097624 12.60000000 24.60000000
v -7.80000000 12.60000000 24.65439327
v -7.80000000 12.50774618 34.20000000
v -7.80000000 12.60000000 34.30985433
v -7.80000000 12.90000000 24.69367496
v -7.80000000 12.76204217 34.50000000
v -7.80000000 12.90000000 34.67739648
v -7.80000000 13.20000000 24.74578653
v -7.80000000 12.99602874 34.80000000
v -7.80000000 13.20000000 35.10000000
v -7.80000000 13.50000000 24.80713797
v -7.80000000 13.38433506 35.40000000
v -7.80000000 13.50000000 35.51842775
v -7.80000000 13.80000000 24.88543897
v -7.80000000 13.80000000 35.70000000
v -7.80000000 13.84257022 24.90000000
v -7.80000000 14.10000000 24.99212329
v -7.73143265 14.10000000 36.00000000
v -7.80000000 14.04887219 36.00000000
v -7.80000000 14.10000000 36.05615230
v -7.80000000 14.40000000 25.11544762
v -7.67808057 14.40000000 36.30000000
v -7.80000000 14.31342533 36.30000000
v -7.80000000 14.40000000 36.40674884
v -7.80000000 14.59712304 25.20000000
v -7.80000000 14.70000000 25.24699161
v -7.58595687 14.70000000 36.60000000
v -7.80000000 14.53973357 36.60000000
v -7.80000000 14.70000000 36.90000000
v -7.80000000 15.00000000 25.38053576
v -7.80000000 15.00000000 37.20000000
v -7.80000000 15.30000000 25.50000000
v -7.58288824 15.30000000 37.20000000
v -7.80000000 15.30000000 37.45726276
v -7.80000000 15.60000000 25.80000000
v -7.62235753 15.60000000 37.50000000
v -7.80000000 15.35000860 37.50000000
v -7.80000000 15.60000000 37.72259382
v -7.80000000 15.79324836 26.10000000
v -7.80000000 15.90000000 26.22408869
v -7.64318792 15.90000000 37.80000000
v -7.80000000 15.68352364 37.80000000
v -7.80000000 15.90000000 38.01259541
v -7.80000000 16.07198719 26.40000000
v -7.80000000 16.20000000 26.52566825
v -7.64894678 16.20000000 38.10000000
v -7.80000000 15.98658342 38.10000000
v -7.80000000 16.20000000 38.33510593
v -7.80000000 16.38092814 26.70000000
v -7.51466701 16.50000000 27.00000000
v -7.80000000 16.50000000 26.81786716
v -7.64305454 16.50000000 38.40000000
v -7.80000000 16.25913308 38.40000000
v -7.80000000 16.50000000 38.70000000
v -7.80000000 16.69357219 27.00000000
v -7.55476238 16.80000000 27.30000000
v -7.80000000 16.80000000 27.10548342
v -7.65965438 16.80000000 38.70000000
v -7.80000000 16.80000000 38.87995328
v -7.80000000 17.02458707 27.30000000
v -7.62053037 17.10000000 27.60000000
v -7.80000000 17.10000000 27.37430858
v -7.78809943 17.10000000 39.00000000
v -7.80000000 17.06722976 39.00000000
v -7.80000000 17.10000000 39.01269983
v -7.80000000 17.40000000 27.60000000
v -7.62129227 17.40000000 27.90000000
v -7.73566869 17.40000000 39.00000000
v -7.80000000 17.40000000 39.07229449
v -7.80000000 17.62599328 27.90000000
v -7.56079987 17.70000000 28.20000000
v -7.80000000 17.70000000 27.97566795
v -7.71253118 17.70000000 39.00000000
v -7.80000000 17.70000000 39.10311714
v -7.80000000 17.89878698 28.20000000
v -7.53673333 18.00000000 28.50000000
v -7.80000000 18.00000000 28.30035619
v -7.69228997 18.00000000 39.00000000
v -7.80000000 18.00000000 39.13312749
v -7.80000000 18.20438681 28.50000000
v -7.53020349 18.30000000 28.80000000
v -7.80000000 18.30000000 28.58727963
v -7.66292039 18.30000000 39.00000000
v -7.80000000 18.30000000 39.18835540
v -7.80000000 18.55933529 28.80000000
v -7.80000000 18.60000000 28.83303626
v -7.63171719 18.60000000 39.00000000
v -7.80000000 18.60000000 39.30000000
v -7.75567854 18.90000000 29.10000000
v -7.80000000 18.90000000 29.06614310
v -7.61944076 18.90000000 39.00000000
v -7.80000000 18.90000000 39.30000000
v -7.80000000 18.93799833 29.10000000
v -7.76150005 19.20000000 29.40000000
v -7.80000000 19.20000000 29.36663468
v -7.61955708 19.20000000 39.00000000
v -7.80000000 19.20000000 39.30000000
v -7.80000000 19.22834876 29.40000000
v -7.80000000 19.43508972 29.70000000
v -7.59096063 19.50000000 30.00000000
v -7.80000000 19.50000000 29.79383615
v -7.63173425 19.50000000 39.00000000
v -7.80000000 19.50000000 39.30000000
v -7.80000000 19.64203026 30.00000000
v -7.63363790 19.80000000 30.30000000
v -7.80000000 19.80000000 30.17914573
v -7.66613460 19.80000000 39.00000000
v -7.80000000 19.80000000 39.19327872
v -7.80000000 19.92567622 30.30000000
v -7.61191555 20.10000000 30.60000000
v -7.80000000 20.10000000 30.45513181
v -7.72290450 20.10000000 39.00000000
v -7.80000000 20.10000000 39.09742706
v -7.80000000 20.27615658 30.60000000
v -7.58316826 20.40000000 30.90000000
v -7.80000000 20.40000000 30.70349974
v -7.61692173 20.40000000 38.70000000
v -7.80000000 20.40000000 39.00000000
v -7.80000000 20.64683082 30.90000000
v -7.55756072 20.70000000 31.20000000
v -7.80000000 20.70000000 30.94436978
v -7.53625963 20.70000000 38.40000000
v -7.69318445 20.70000000 38.70000000
v -7.80000000 20.70000000 38.87031859
v -7.79419527 21.00000000 31.20000000
v -7.80000000 21.00000000 31.19398818
v -7.58832295 21.00000000 38.40000000
v -7.74985924 21.00000000 38.70000000
v -7.80000000 21.00000000 38.77717380
v -7.80000000 21.00664108 31.20000000
v -7.79363732 21.30000000 31.50000000
v -7.80000000 21.30000000 31.49274530
v -7.56243734 21.30000000 31.80000000
v -7.66671024 21.30000000 38.40000000
v -7.80000000 21.30000000 38.70000000
v -7.80000000 21.30675291 31.50000000
v -7.80000000 21.56696596 31.80000000
v -7.59121146 21.60000000 32.10000000
v -7.80000000 21.60000000 31.83764976
v -7.60062820 21.60000000 38.10000000
v -7.80000000 21.60000000 38.40000000
v -7.80000000 21.83559417 32.10000000
v -7.61423184 21.90000000 32.40000000
v -7.80000000 21.90000000 32.16950631
v -7.71231672 21.90000000 38.10000000
v -7.80000000 21.90000000 38.22580843
v -7.80000000 22.12249122 32.40000000
v -7.62998728 22.20000000 32.70000000
v -7.80000000 22.20000000 32.47978691
v -7.60462274 22.20000000 37.80000000
v -7.80000000 22.13457924 38.10000000
v -7.80000000 22.20000000 38.06720252
v -7.80000000 22.43394922 32.70000000
v -7.64051082 22.50000000 33.00000000
v -7.80000000 22.50000000 32.76343714
v -7.50947092 22.50000000 37.50000000
v -7.70235053 22.50000000 37.80000000
v -7.80000000 22.50000000 37.93593965
v -7.80000000 22.80000000 33.00000000
v -7.67374596 22.80000000 33.30000000
v -7.60241057 22.80000000 37.50000000
v -7.80000000 22.80000000 37.80000000
v -7.80000000 22.95462275 33.30000000
v -7.80000000 23.10000000 33.60000000
v -7.64112030 23.10000000 33.90000000
v -7.71724282 23.10000000 37.50000000
v -7.80000000 23.10000000 37.61767349
v -7.80000000 23.28587778 33.90000000
v -7.75811493 23.40000000 34.20000000
v -7.80000000 23.40000000 34.10874875
v -7.64814459 23.40000000 34.50000000
v -7.56400972 23.40000000 34.80000000
v -7.51850517 23.40000000 36.30000000
v -7.55960604 23.40000000 36.60000000
v -7.61859650 23.40000000 36.90000000
v -7.71845493 23.40000000 37.20000000
v -7.80000000 23.25091370 37.50000000
v -7.80000000 23.40000000 37.35163584
v -7.80000000 23.44842575 34.20000000
v -7.80000000 23.58567459 34.50000000
v -7.79689509 23.70000000 34.80000000
v -7.80000000 23.70000000 34.79001373
v -7.72822204 23.70000000 35.10000000
v -7.68953789 23.70000000 35.40000000
v -7.67459543 23.70000000 35.70000000
v -7.67806442 23.70000000 36.00000000
v -7.69797347 23.70000000 36.30000000
v -7.73617768 23.70000000 36.60000000
v -7.80000000 23.70000000 36.90000000
v -7.80000000 23.52279601 37.20000000
v -7.80000000 23.70400952 34.80000000
v -7.80000000 23.79557666 35.10000000
v -7.80000000 23.85264556 35.40000000
v -7.80000000 23.87935676 35.70000000
v -7.80000000 23.88067204 36.00000000
v -7.80000000 23.85660871 36.30000000
v -7.80000000 23.80001609 36.60000000
v -7.82561999 10.20000000 27.60000000
v -7.93174165 10.20000000 27.90000000
v -8.02015252 10.20000000 28.20000000
v -8.10000000 10.20000000 28.50000000
v -8.10000000 10.20000000 28.80000000
v -8.06051296 10.20000000 29.10000000
v -7.97836771 10.20000000 29.40000000
v -7.82611933 10.20000000 29.70000000
v -7.96182883 10.50000000 27.60000000
v -8.10000000 10.50000000 27.90000000
v -8.10000000 10.30369706 28.20000000
v -8.10000000 10.21997587 29.10000000
v -8.10000000 10.25426393 29.40000000
v -8.10000000 10.30698850 29.70000000
v -8.10000000 10.37685449 30.00000000
v -8.10000000 10.45669395 30.30000000
v -7.88284211 10.50000000 30.60000000
v -8.10000000 10.50000000 30.44329728
v -7.91332315 10.80000000 27.30000000
v -8.10000000 10.80000000 27.60000000
v -8.10000000 10.54645140 30.60000000
v -8.10000000 10.64158100 30.90000000
v -8.10000000 10.74072043 31.20000000
v -8.10000000 10.80000000 31.37031650
v -7.87836945 11.10000000 25.20000000
v -7.89599991 11.10000000 25.50000000
v -7.87248111 11.10000000 25.80000000
v -7.82978897 11.10000000 26.10000000
v -7.89226600 11.10000000 27.00000000
v -8.01703310 11.10000000 27.30000000
v -8.10000000 11.10000000 27.46018344
v -8.10000000 10.84543207 31.50000000
v -8.10000000 10.95708437 31.80000000
v -8.10000000 11.07970273 32.10000000
v -8.10000000 11.10000000 32.14374399
v -7.92319643 11.40000000 24.90000000
v -8.10000000 11.40000000 25.20000000
v -8.10000000 11.37239741 25.50000000
v -8.10000000 11.37649334 25.80000000
v -8.10000000 11.39106575 26.10000000
v -8.10000000 11.40000000 26.40000000
v -8.10000000 11.40000000 26.70000000
v -8.03550924 11.40000000 27.00000000
v -8.10000000 11.40000000 27.30000000
v -8.10000000 11.22819829 32.40000000
v -8.10000000 11.40000000 32.70000000
v -8.00458842 11.70000000 24.90000000
v -8.10000000 11.70000000 25.05063069
v -8.10000000 11.70000000 27.00000000
v -8.10000000 11.70000000 33.00000000
v -8.06477505 12.00000000 24.90000000
v -8.10000000 12.00000000 24.94497993
v -8.10000000 11.85859398 33.30000000
v -8.10000000 12.00000000 33.60000000
v -8.10000000 12.17670330 24.90000000
v -8.10000000 12.30000000 24.87554803
v -8.10000000 12.23827978 33.90000000
v -8.10000000 12.30000000 33.97876546
v -8.10000000 12.60000000 24.83081619
v -8.10000000 12.47218527 34.20000000
v -8.10000000 12.60000000 34.37164592
v -8.10000000 12.90000000 24.81284072
v -8.10000000 12.69507190 34.50000000
v -8.10000000 12.90000000 34.80000000
v -8.10000000 13.20000000 24.82066821
v -8.10000000 13.06752459 35.10000000
v -8.10000000 13.20000000 35.40000000
v -8.10000000 13.50000000 24.85086175
v -8.06978295 13.50000000 35.70000000
v -8.10000000 13.47957047 35.70000000
v -8.10000000 13.50000000 35.72335135
v -8.10000000 13.80000000 24.90000000
v -8.10000000 13.80000000 36.00000000
v -8.10000000 14.10000000 24.99522400
v -8.10000000 14.10000000 36.27937250
v -8.10000000 14.40000000 25.09703838
v -8.10000000 14.11978839 36.30000000
v -8.10000000 14.40000000 36.60000000
v -8.10000000 14.70000000 25.20000000
v -8.10000000 14.55026558 36.90000000
v -8.10000000 14.70000000 37.15018649
v -8.10000000 15.00000000 25.32984229
v -8.10000000 14.73641618 37.20000000
v -8.09101894 15.00000000 37.50000000
v -8.10000000 14.99079869 37.50000000
v -8.10000000 15.00000000 37.50948735
v -8.10000000 15.30000000 25.46969362
v -7.83835178 15.30000000 37.50000000
v -8.10000000 15.30000000 37.79221533
v -8.10000000 15.34972819 25.50000000
v -8.10000000 15.60000000 25.69173587
v -7.86463230 15.60000000 37.80000000
v -8.10000000 15.30837255 37.80000000
v -8.10000000 15.60000000 38.08015305
v -8.10000000 15.71134321 25.80000000
v -8.10000000 15.90000000 26.10000000
v -7.86749483 15.90000000 38.10000000
v -8.10000000 15.61970039 38.10000000
v -8.10000000 15.90000000 38.40000000
v -8.03442139 16.20000000 26.40000000
v -8.10000000 16.20000000 26.36464857
v -7.84499817 16.20000000 38.40000000
v -8.06616549 16.20000000 38.70000000
v -8.10000000 16.16268548 38.70000000
v -8.10000000 16.20000000 38.73925336
v -8.10000000 16.23662363 26.40000000
v -8.00254301 16.50000000 26.70000000
v -8.10000000 16.50000000 26.64623302
v -8.08357086 16.50000000 39.00000000
v -8.10000000 16.47942444 39.00000000
v -8.10000000 16.50000000 39.01687080
v -8.10000000 16.55959898 26.70000000
v -7.95376213 16.80000000 27.00000000
v -8.10000000 16.80000000 26.91181689
v -7.90616388 16.80000000 39.00000000
v -8.10000000 16.80000000 39.20066722
v -8.10000000 16.91240418 27.00000000
v -7.87442930 17.10000000 27.30000000
v -8.10000000 17.10000000 27.13747079
v -8.07716536 17.10000000 39.30000000
v -8.10000000 17.03944837 39.30000000
v -8.10000000 17.10000000 39.32252527
v -8.10000000 17.40000000 27.30000000
v -8.01949364 17.40000000 39.30000000
v -8.10000000 17.40000000 39.37534820
v -8.10000000 17.70000000 27.60000000
v -7.87429693 17.70000000 27.90000000
v -7.99040100 17.70000000 39.30000000
v -8.10000000 17.70000000 39.39718307
v -8.10000000 17.86473401 27.90000000
v -7.93777247 18.00000000 28.20000000
v -8.10000000 18.00000000 28.07517692
v -7.96260813 18.00000000 39.30000000
v -8.10000000 18.00000000 39.41507197
v -8.10000000 18.11021354 28.20000000
v -7.92890679 18.30000000 28.50000000
v -8.10000000 18.30000000 28.38643108
v -7.90948366 18.30000000 39.30000000
v -8.10000000 18.30000000 39.44232488
v -8.10000000 18.43044823 28.50000000
v -7.84254407 18.60000000 28.80000000
v -8.10000000 18.60000000 28.62817296
v -8.10000000 18.60000000 39.47667904
v -8.10000000 18.90000000 28.80000000
v -8.10000000 18.90000000 39.50407308
v -8.10000000 19.20000000 29.10000000
v -8.10000000 19.20000000 39.54174633
v -8.10000000 19.50000000 29.40000000
v -7.88825019 19.50000000 29.70000000
v -8.10000000 19.50000000 39.60000000
v -8.10000000 19.63686094 29.70000000
v -8.10000000 19.80000000 30.00000000
v -7.89002960 19.80000000 39.30000000
v -8.10000000 19.80000000 39.49425219
v -8.02416428 20.10000000 30.30000000
v -8.10000000 20.10000000 30.24798001
v -7.98188855 20.10000000 39.30000000
v -8.10000000 20.10000000 39.41036865
v -8.10000000 20.16630030 30.30000000
v -7.92779466 20.40000000 30.60000000
v -8.10000000 20.40000000 30.47222832
v -8.06814200 20.40000000 39.30000000
v -8.10000000 20.40000000 39.33133832
v -8.10000000 20.59428522 30.60000000
v -7.84537036 20.70000000 30.90000000
v -8.10000000 20.70000000 30.67263326
v -7.89276700 20.70000000 39.00000000
v -8.10000000 20.50412393 39.30000000
v -8.10000000 20.70000000 39.23566359
v -8.08926999 21.00000000 30.90000000
v -8.10000000 21.00000000 30.88953923
v -7.96732246 21.00000000 39.00000000
v -8.10000000 21.00000000 39.14467263
v -8.10000000 21.01224460 30.90000000
v -8.06528409 21.30000000 31.20000000
v -8.10000000 21.30000000 31.16417615
v -8.03316616 21.30000000 39.00000000
v -8.10000000 21.30000000 39.06869981
v -8.10000000 21.33653195 31.20000000
v -8.08069056 21.60000000 31.50000000
v -8.10000000 21.60000000 31.47817939
v -7.83049536 21.60000000 31.80000000
v -7.93925207 21.60000000 38.70000000
v -8.10000000 21.60000000 39.00000000
v -8.10000000 21.61992359 31.50000000
v -8.10000000 21.88427887 31.80000000
v -7.85864448 21.90000000 32.10000000
v -8.10000000 21.90000000 31.81760434
v -7.92340268 21.90000000 38.40000000
v -8.10000000 21.90000000 38.70000000
v -8.10000000 22.16235773 32.10000000
v -7.86669832 22.20000000 32.40000000
v -8.10000000 22.20000000 32.13824934
v -7.82554128 22.20000000 38.10000000
v -8.10000000 22.20000000 38.40000000
v -8.10000000 22.47614576 32.40000000
v -7.85036885 22.50000000 32.70000000
v -8.10000000 22.50000000 32.42176865
v -7.92450096 22.50000000 38.10000000
v -8.10000000 22.50000000 38.33625982
v -8.08666345 22.80000000 32.70000000
v -8.10000000 22.80000000 32.68603682
v -8.03542427 22.80000000 38.10000000
v -8.10000000 22.80000000 38.19248659
v -8.10000000 22.81492699 32.70000000
v -8.10000000 23.10000000 33.00000000
v -7.92943896 23.10000000 33.30000000
v -7.94256366 23.10000000 37.80000000
v -8.10000000 22.92568345 38.10000000
v -8.10000000 23.10000000 37.98684006
v -8.10000000 23.28376289 33.30000000
v -8.05198802 23.40000000 33.60000000
v -8.10000000 23.40000000 33.50699333
v -7.89997700 23.40000000 33.90000000
v -7.89074106 23.40000000 37.50000000
v -8.10000000 23.40000000 37.80000000
v -8.10000000 23.45242824 33.60000000
v -8.10000000 23.62023385 33.90000000
v -8.02451053 23.70000000 34.20000000
v -8.10000000 23.70000000 34.04607382
v -7.89720837 23.70000000 34.50000000
v -7.92316759 23.70000000 37.20000000
v -8.10000000 23.70000000 37.50000000
v -8.10000000 23.78662133 34.20000000
v -8.10000000 23.94436104 34.50000000
v -8.03135313 24.00000000 34.80000000
v -8.10000000 24.00000000 34.61592419
v -7.95324296 24.00000000 35.10000000
v -7.90754424 24.00000000 35.40000000
v -7.88601302 24.00000000 35.70000000
v -7.88261399 24.00000000 36.00000000
v -7.89591888 24.00000000 36.30000000
v -7.93053059 24.00000000 36.60000000
v -7.99751680 24.00000000 36.90000000
v -8.10000000 23.97574138 37.20000000
v -8.10000000 24.00000000 37.16444252
v -8.10000000 24.09586147 34.80000000
v -8.10000000 24.20505607 35.10000000
v -8.10000000 24.25980785 35.40000000
v -8.10000000 24.28389178 35.70000000
v -8.10000000 24.29165521 36.00000000
v -8.10000000 24.28485348 36.30000000
v -8.10000000 24.25347855 36.60000000
v -8.10000000 24.16775535 36.90000000
v -8.25302792 10.50000000 28.20000000
v -8.40000000 10.49702156 28.50000000
v -8.40000000 10.50000000 28.49427167
v -8.40000000 10.40951856 28.80000000
v -8.40000000 10.38584364 29.10000000
v -8.40000000 10.39958296 29.40000000
v -8.40000000 10.43897445 29.70000000
v -8.40000000 10.50000000 30.00000000
v -8.23231105 10.50000000 30.30000000
v -8.25575596 10.80000000 27.90000000
v -8.40000000 10.71984062 28.20000000
v -8.40000000 10.80000000 28.12507126
v -8.40000000 10.55425657 30.30000000
v -8.40000000 10.62639031 30.60000000
v -8.40000000 10.71104050 30.90000000
v -8.40000000 10.80000000 31.20000000
v -8.17040834 11.10000000 27.60000000
v -8.35275136 11.10000000 27.90000000
v -8.40000000 11.10000000 27.96509577
v -8.40000000 10.89101760 31.50000000
v -8.40000000 10.99026657 31.80000000
v -8.40000000 11.10000000 32.10000000
v -8.11961456 11.40000000 25.50000000
v -8.11950246 11.40000000 25.80000000
v -8.10816272 11.40000000 26.10000000
v -8.22252250 11.40000000 27.60000000
v -8.39652254 11.40000000 27.90000000
v -8.40000000 11.40000000 27.90466369
v -8.40000000 11.26211689 32.40000000
v -8.40000000 11.40000000 32.70000000
v -8.18688878 11.70000000 25.20000000
v -8.29586538 11.70000000 25.50000000
v -8.36295881 11.70000000 25.80000000
v -8.38406860 11.70000000 26.10000000
v -8.35067221 11.70000000 26.40000000
v -8.26092101 11.70000000 26.70000000
v -8.17913195 11.70000000 27.30000000
v -8.26627903 11.70000000 27.60000000
v -8.40000000 11.70000000 27.90000000
v -8.40000000 11.70000000 32.96920617
v -8.28782410 12.00000000 25.20000000
v -8.40000000 11.87986187 25.50000000
v -8.40000000 12.00000000 25.38091749
v -8.40000000 11.74623783 25.80000000
v -8.40000000 11.71706345 26.10000000
v -8.40000000 11.75255888 26.40000000
v -8.40000000 11.85377073 26.70000000
v -8.40000000 12.00000000 27.00000000
v -8.32445810 12.00000000 27.30000000
v -8.31936190 12.00000000 27.60000000
v -8.39610794 12.00000000 27.90000000
v -8.40000000 12.00000000 27.90669898
v -8.40000000 11.72073856 33.00000000
v -8.40000000 11.89092781 33.30000000
v -8.40000000 12.00000000 33.49622453
v -8.12726297 12.30000000 24.90000000
v -8.40000000 12.30000000 25.20000000
v -8.40000000 12.11615452 27.30000000
v -8.40000000 12.30000000 27.60000000
v -8.40000000 12.30000000 27.90000000
v -8.40000000 12.05951743 33.60000000
v -8.40000000 12.26027644 33.90000000
v -8.40000000 12.30000000 33.95787389
v -8.20943852 12.60000000 24.90000000
v -8.40000000 12.60000000 25.03143328
v -8.40000000 12.46113325 34.20000000
v -8.40000000 12.60000000 34.41509156
v -8.29976668 12.90000000 24.90000000
v -8.40000000 12.90000000 24.94630525
v -8.40000000 12.65411628 34.50000000
v -8.40000000 12.83279571 34.80000000
v -8.40000000 12.90000000 34.92380977
v -8.35020058 13.20000000 24.90000000
v -8.40000000 13.20000000 24.91659211
v -8.40000000 12.99621252 35.10000000
v -8.40000000 13.15377205 35.40000000
v -8.40000000 13.20000000 35.47997585
v -8.29750383 13.50000000 24.90000000
v -8.40000000 13.50000000 24.92674711
v -8.40000000 13.34239355 35.70000000
v -8.40000000 13.50000000 36.00000000
v -8.40000000 13.80000000 24.96761062
v -8.40000000 13.80000000 36.18082880
v -8.40000000 14.10000000 25.03799177
v -8.13543490 14.10000000 36.30000000
v -8.40000000 13.94427442 36.30000000
v -8.40000000 14.10000000 36.45510058
v -8.40000000 14.40000000 25.12575074
v -8.40000000 14.22016614 36.60000000
v -8.39652525 14.40000000 36.90000000
v -8.40000000 14.39828167 36.90000000
v -8.40000000 14.40000000 36.90345229
v -8.40000000 14.63933545 25.20000000
v -8.40000000 14.70000000 25.21948949
v -8.14891552 14.70000000 37.20000000
v -8.40000000 14.54912448 37.20000000
v -8.40000000 14.70000000 37.50000000
v -8.40000000 15.00000000 25.32773364
v -8.39203282 15.00000000 37.80000000
v -8.40000000 14.99291580 37.80000000
v -8.40000000 15.00000000 37.80788338
v -8.40000000 15.30000000 25.45405201
v -8.10747105 15.30000000 37.80000000
v -8.40000000 15.30000000 38.10000000
v -8.40000000 15.39213632 25.50000000
v -8.40000000 15.60000000 25.61650084
v -8.11849515 15.60000000 38.10000000
v -8.40000000 15.60000000 38.40000000
v -8.40000000 15.90000000 25.80000000
v -8.35802059 15.90000000 38.70000000
v -8.40000000 15.85917253 38.70000000
v -8.40000000 15.90000000 38.74291104
v -8.40000000 16.10126223 26.10000000
v -8.40000000 16.20000000 26.21224952
v -8.36096836 16.20000000 39.00000000
v -8.40000000 16.16205850 39.00000000
v -8.40000000 16.20000000 39.03265026
v -8.40000000 16.38072072 26.40000000
v -8.40000000 16.50000000 26.51043986
v -8.40000000 16.50000000 39.30000000
v -8.40000000 16.72256312 26.70000000
v -8.40000000 16.80000000 26.76362410
v -8.20817342 16.80000000 39.30000000
v -8.40000000 16.80000000 39.45203485
v -8.40000000 17.10000000 27.00000000
v -8.40000000 17.10000000 39.60000000
v -8.40000000 17.40000000 27.16898222
v -8.40000000 17.40000000 39.60000000
v -8.40000000 17.56030695 27.30000000
v -8.40000000 17.70000000 27.44169951
v -8.40000000 17.70000000 39.60000000
v -8.40000000 17.82861545 27.60000000
v -8.40000000 18.00000000 27.90000000
v -8.40000000 18.00000000 39.60000000
v -8.40000000 18.28413653 28.20000000
v -8.40000000 18.30000000 28.21574955
v -8.40000000 18.30000000 39.60000000
v -8.40000000 18.60000000 28.50000000
v -8.37274577 18.60000000 39.60000000
v -8.40000000 18.60000000 39.61107295
v -8.40000000 18.90000000 28.67222203
v -8.31641762 18.90000000 39.60000000
v -8.40000000 18.90000000 39.63220243
v -8.40000000 19.05889862 28.80000000
v -8.40000000 19.20000000 28.92779341
v -8.23313650 19.20000000 39.60000000
v -8.40000000 19.20000000 39.65770750
v -8.40000000 19.37267992 29.10000000
v -8.40000000 19.50000000 29.24101629
v -8.40000000 19.50000000 39.67207475
v -8.40000000 19.62556059 29.40000000
v -8.40000000 19.80000000 29.70000000
v -8.28673908 19.80000000 39.60000000
v -8.40000000 19.80000000 39.64950286
v -8.40000000 20.05157871 30.00000000
v -8.40000000 20.10000000 30.04658887
v -8.36562560 20.10000000 39.60000000
v -8.40000000 20.10000000 39.61973685
v -8.38577440 20.40000000 30.30000000
v -8.40000000 20.40000000 30.29150403
v -8.40000000 20.40000000 39.60000000
v -8.40000000 20.41246796 30.30000000
v -8.19782162 20.70000000 30.60000000
v -8.40000000 20.70000000 30.47373637
v -8.16620553 20.70000000 39.30000000
v -8.40000000 20.70000000 39.49495359
v -8.40000000 21.00000000 30.60000000
v -8.27182439 21.00000000 39.30000000
v -8.40000000 21.00000000 39.40047335
v -8.38068113 21.30000000 30.90000000
v -8.40000000 21.30000000 30.88421299
v -8.40000000 21.30000000 39.30000000
v -8.40000000 21.31886406 30.90000000
v -8.36078400 21.60000000 31.20000000
v -8.40000000 21.60000000 31.16238164
v -8.40000000 21.60000000 39.16312475
v -8.40000000 21.63804379 31.20000000
v -8.38246475 21.90000000 31.50000000
v -8.40000000 21.90000000 31.48139669
v -8.11587528 21.90000000 31.80000000
v -8.40000000 21.90000000 39.00000000
v -8.40000000 21.91705961 31.50000000
v -8.40000000 22.17400361 31.80000000
v -8.13774868 22.20000000 32.10000000
v -8.40000000 22.20000000 31.82880032
v -8.28763428 22.20000000 38.70000000
v -8.40000000 22.20000000 38.80684516
v -8.40000000 22.46837204 32.10000000
v -8.12140198 22.50000000 32.40000000
v -8.40000000 22.50000000 32.12884992
v -8.14586004 22.50000000 38.40000000
v -8.37290748 22.50000000 38.70000000
v -8.40000000 22.50000000 38.72290146
v -8.38875418 22.80000000 32.40000000
v -8.40000000 22.80000000 32.38901373
v -8.25314977 22.80000000 38.40000000
v -8.40000000 22.80000000 38.70000000
v -8.40000000 22.81195312 32.40000000
v -8.37309718 23.10000000 32.70000000
v -8.40000000 23.10000000 32.67326017
v -8.22562976 23.10000000 38.10000000
v -8.40000000 22.96802023 38.40000000
v -8.40000000 23.10000000 38.25975531
v -8.40000000 23.12659080 32.70000000
v -8.40000000 23.40000000 33.00000000
v -8.21280751 23.40000000 33.30000000
v -8.40000000 23.27496324 38.10000000
v -8.40000000 23.40000000 38.00427678
v -8.40000000 23.58574350 33.30000000
v -8.34613787 23.70000000 33.60000000
v -8.40000000 23.70000000 33.50620493
v -8.17822575 23.70000000 33.90000000
v -8.40000000 23.70000000 37.80000000
v -8.40000000 23.75194711 33.60000000
v -8.40000000 23.92466692 33.90000000
v -8.29791109 24.00000000 34.20000000
v -8.40000000 24.00000000 34.02455720
v -8.14846121 24.00000000 34.50000000
v -8.11624292 24.00000000 37.20000000
v -8.33767382 24.00000000 37.50000000
v -8.40000000 24.00000000 37.55827847
v -8.40000000 24.12297130 34.20000000
v -8.40000000 24.30000000 34.50000000
v -8.24298744 24.30000000 34.80000000
v -8.16778901 24.30000000 35.10000000
v -8.13048448 24.30000000 35.40000000
v -8.11258655 24.30000000 35.70000000
v -8.10647056 24.30000000 36.00000000
v -8.11123530 24.30000000 36.30000000
v -8.13169092 24.30000000 36.60000000
v -8.18001637 24.30000000 36.90000000
v -8.28252939 24.30000000 37.20000000
v -8.40000000 24.10027569 37.50000000
v -8.40000000 24.30000000 37.36635074
v -8.40000000 24.60000000 34.80000000
v -8.38170741 24.60000000 35.10000000
v -8.37277641 24.60000000 35.40000000
v -8.36437861 24.60000000 35.70000000
v -8.35736252 24.60000000 36.00000000
v -8.35295541 24.60000000 36.30000000
v -8.35365939 24.60000000 36.60000000
v -8.36390851 24.60000000 36.90000000
v -8.40000000 24.60000000 37.20000000
v -8.40000000 24.62164019 35.10000000
v -8.40000000 24.63058466 35.40000000
v -8.40000000 24.63911170 35.70000000
v -8.40000000 24.64687810 36.00000000
v -8.40000000 24.65284735 36.30000000
v -8.40000000 24.65448819 36.60000000
v -8.40000000 24.64533603 36.90000000
v -8.40323337 10.50000000 28.50000000
v -8.53038789 10.50000000 28.80000000
v -8.59512086 10.50000000 29.10000000
v -8.58993668 10.50000000 29.40000000
v -8.52879404 10.50000000 29.70000000
v -8.45618408 10.80000000 28.20000000
v -8.70000000 10.80000000 28.50000000
v -8.70000000 10.62190584 28.80000000
v -8.70000000 10.56462502 29.10000000
v -8.70000000 10.56088543 29.40000000
v -8.70000000 10.58239155 29.70000000
v -8.70000000 10.61649505 30.00000000
v -8.70000000 10.65777724 30.30000000
v -8.70000000 10.71457372 30.60000000
v -8.70000000 10.80000000 30.90000000
v -8.60546375 11.10000000 28.20000000
v -8.70000000 11.10000000 28.29104528
v -8.70000000 10.87390975 31.20000000
v -8.70000000 10.95160226 31.50000000
v -8.70000000 11.03909543 31.80000000
v -8.70000000 11.10000000 31.95995515
v -8.66485411 11.40000000 28.20000000
v -8.70000000 11.40000000 28.23262763
v -8.70000000 11.16079135 32.10000000
v -8.70000000 11.34313480 32.40000000
v -8.70000000 11.40000000 32.47376375
v -8.65850113 11.70000000 28.20000000
v -8.70000000 11.70000000 28.23821461
v -8.70000000 11.70000000 32.70000000
v -8.47997636 12.00000000 25.50000000
v -8.63099939 12.00000000 25.80000000
v -8.69356415 12.00000000 26.10000000
v -8.66573109 12.00000000 26.40000000
v -8.55436892 12.00000000 26.70000000
v -8.62633756 12.00000000 28.20000000
v -8.70000000 12.00000000 28.26833796
v -8.70000000 11.79686585 33.00000000
v -8.70000000 11.93691334 33.30000000
v -8.70000000 12.00000000 33.41246162
v -8.70000000 12.30000000 25.50000000
v -8.70000000 12.06976112 25.80000000
v -8.70000000 12.00596291 26.10000000
v -8.70000000 12.02934221 26.40000000
v -8.70000000 12.11730793 26.70000000
v -8.70000000 12.30000000 27.00000000
v -8.54997372 12.30000000 27.30000000
v -8.60439015 12.30000000 28.20000000
v -8.70000000 12.30000000 28.30882252
v -8.70000000 12.10559009 33.60000000
v -8.70000000 12.30000000 33.90000000
v -8.66190983 12.60000000 25.20000000
v -8.70000000 12.60000000 25.22895876
v -8.70000000 12.42845074 27.30000000
v -8.70000000 12.60000000 27.60000000
v -8.64008758 12.60000000 27.90000000
v -8.65195897 12.60000000 28.20000000
v -8.70000000 12.60000000 28.50000000
v -8.70000000 12.46591023 34.20000000
v -8.70000000 12.60000000 34.43771830
v -8.70000000 12.64459619 25.20000000
v -8.70000000 12.90000000 25.08166912
v -8.70000000 12.65585333 27.90000000
v -8.70000000 12.68488299 28.20000000
v -8.70000000 12.90000000 28.50000000
v -8.70000000 12.63487839 34.50000000
v -8.70000000 12.79735452 34.80000000
v -8.70000000 12.90000000 34.99560309
v -8.70000000 13.20000000 25.03693558
v -8.70000000 12.95607486 35.10000000
v -8.70000000 13.11778856 35.40000000
v -8.70000000 13.20000000 35.54658001
v -8.70000000 13.50000000 25.03721788
v -8.70000000 13.29378118 35.70000000
v -8.70000000 13.50000000 36.00000000
v -8.70000000 13.80000000 25.06202304
v -8.70000000 13.80000000 36.25719372
v -8.70000000 14.10000000 25.11076094
v -8.70000000 13.84799362 36.30000000
v -8.70000000 14.10000000 36.56311854
v -8.70000000 14.40000000 25.20000000
v -8.70000000 14.12769361 36.60000000
v -8.70000000 14.28149153 36.90000000
v -8.70000000 14.40000000 37.20000000
v -8.70000000 14.70000000 25.27647264
v -8.70000000 14.59041530 37.50000000
v -8.70000000 14.70000000 37.65942325
v -8.70000000 15.00000000 25.36232003
v -8.70000000 14.80576759 37.80000000
v -8.70000000 15.00000000 38.10000000
v -8.70000000 15.30000000 25.45999626
v -8.70000000 15.30000000 38.31849764
v -8.70000000 15.39116068 25.50000000
v -8.70000000 15.60000000 25.60335553
v -8.70000000 15.38135475 38.40000000
v -8.70000000 15.60000000 38.70000000
v -8.70000000 15.90000000 25.78661838
v -8.70000000 15.90000000 39.00000000
v -8.70000000 15.91502820 25.80000000
v -8.70000000 16.17308019 26.10000000
v -8.70000000 16.20000000 26.13003328
v -8.70000000 16.20000000 39.20099670
v -8.70000000 16.46970394 26.40000000
v -8.70000000 16.50000000 26.42584525
v -8.70000000 16.33467129 39.30000000
v -8.70000000 16.50000000 39.41134457
v -8.56462887 16.80000000 26.70000000
v -8.70000000 16.80000000 26.65192388
v -8.70000000 16.80000000 39.60000000
v -8.70000000 16.87225685 26.70000000
v -8.70000000 17.10000000 26.84560652
v -8.70000000 17.10000000 39.66497585
v -8.70000000 17.40000000 27.00000000
v -8.70000000 17.40000000 39.69001484
v -8.65989805 17.70000000 27.30000000
v -8.70000000 17.70000000 27.28098746
v -8.70000000 17.70000000 39.69685664
v -8.70000000 17.71916183 27.30000000
v -8.70000000 18.00000000 27.60000000
v -8.70000000 18.00000000 39.69653791
v -8.70000000 18.17432920 27.90000000
v -8.43144534 18.30000000 28.20000000
v -8.70000000 18.30000000 28.05528074
v -8.70000000 18.30000000 39.69523357
v -8.70000000 18.44289873 28.20000000
v -8.70000000 18.60000000 28.32856211
v -8.70000000 18.60000000 39.69917947
v -8.70000000 18.90000000 28.50000000
v -8.70000000 18.90000000 39.71030036
v -8.65754937 19.20000000 28.80000000
v -8.70000000 19.20000000 28.78031460
v -8.70000000 19.20000000 39.72443302
v -8.70000000 19.22117147 28.80000000
v -8.64735181 19.50000000 29.10000000
v -8.70000000 19.50000000 29.07336807
v -8.70000000 19.50000000 39.73473583
v -8.70000000 19.52577988 29.10000000
v -8.70000000 19.80000000 29.40000000
v -8.70000000 19.80000000 39.73811763
v -8.70000000 19.98089123 29.70000000
v -8.47564073 20.10000000 30.00000000
v -8.70000000 20.10000000 29.84990823
v -8.70000000 20.10000000 39.73223694
v -8.70000000 20.24182063 30.00000000
v -8.70000000 20.40000000 30.14373418
v -8.70000000 20.40000000 39.71215073
v -8.70000000 20.60165787 30.30000000
v -8.70000000 20.70000000 30.36481858
v -8.57227349 20.70000000 39.60000000
v -8.70000000 20.70000000 39.66408341
v -8.70000000 21.00000000 30.52320634
v -8.70000000 21.00000000 39.60000000
v -8.70000000 21.12823782 30.60000000
v -8.70000000 21.30000000 30.71336853
v -8.70000000 21.30000000 39.45262738
v -8.70000000 21.60000000 30.90000000
v -8.70000000 21.60000000 39.30000000
v -8.70000000 21.90000000 31.20000000
v -8.70000000 21.90000000 39.11957467
v -8.70000000 22.20000000 31.50000000
v -8.43245686 22.20000000 31.80000000
v -8.70000000 22.11544588 39.00000000
v -8.70000000 22.20000000 38.95489573
v -8.70000000 22.39398174 31.80000000
v -8.43538201 22.50000000 32.10000000
v -8.70000000 22.50000000 31.90554909
v -8.70000000 22.50000000 38.84312983
v -8.70000000 22.80000000 32.10000000
v -8.70000000 22.80000000 38.71183039
v -8.69706151 23.10000000 32.40000000
v -8.70000000 23.10000000 32.39735694
v -8.70000000 23.08590998 38.40000000
v -8.70000000 23.10000000 38.38534180
v -8.70000000 22.81565974 38.70000000
v -8.70000000 23.10262759 32.40000000
v -8.69911949 23.40000000 32.70000000
v -8.70000000 23.40000000 32.69920840
v -8.61303983 23.40000000 38.10000000
v -8.70000000 23.40000000 38.13661384
v -8.70000000 23.40075445 32.70000000
v -8.70000000 23.70000000 33.00000000
v -8.53007077 23.70000000 33.30000000
v -8.70000000 23.44893922 38.10000000
v -8.70000000 23.70000000 37.92017523
v -8.70000000 23.83036123 33.30000000
v -8.70000000 24.00000000 33.60000000
v -8.48973350 24.00000000 33.90000000
v -8.70000000 23.88297189 37.80000000
v -8.70000000 24.00000000 37.72647639
v -8.70000000 24.17332908 33.90000000
v -8.55020746 24.30000000 34.20000000
v -8.70000000 24.30000000 34.03756283
v -8.54382651 24.30000000 37.50000000
v -8.70000000 24.30000000 37.59814246
v -8.70000000 24.60000000 34.20000000
v -8.57806984 24.60000000 34.50000000
v -8.70000000 24.60000000 37.50000000
v -8.70000000 24.72106750 34.50000000
v -8.70000000 24.90000000 34.80000000
v -8.67892287 24.90000000 35.10000000
v -8.66987539 24.90000000 35.40000000
v -8.66024106 24.90000000 35.70000000
v -8.65094012 24.90000000 36.00000000
v -8.64344167 24.90000000 36.30000000
v -8.64062232 24.90000000 36.60000000
v -8.65021165 24.90000000 36.90000000
v -8.70000000 24.90000000 37.20000000
v -8.70000000 24.91762990 35.10000000
v -8.70000000 24.92665637 35.40000000
v -8.70000000 24.93629768 35.70000000
v -8.70000000 24.94520698 36.00000000
v -8.70000000 24.95156738 36.30000000
v -8.70000000 24.95216639 36.60000000
v -8.70000000 24.94088787 36.90000000
v -9.00000000 10.80000000 28.80000000
v -9.00000000 10.76383319 29.10000000
v -9.00000000 10.74956879 29.40000000
v -9.00000000 10.74827669 29.70000000
v -9.00000000 10.75757735 30.00000000
v -9.00000000 10.77495424 30.30000000
v -9.00000000 10.80000000 30.60000000
v -9.00000000 11.10000000 28.50000000
v -9.00000000 10.89061789 30.90000000
v -9.00000000 10.96680064 31.20000000
v -9.00000000 11.03396726 31.50000000
v -9.00000000 11.10000000 31.80000000
v -9.00000000 11.40000000 28.48119191
v -9.00000000 11.22342298 32.10000000
v -9.00000000 11.39293145 32.40000000
v -9.00000000 11.40000000 32.40860122
v -9.00000000 11.70000000 28.48885359
v -9.00000000 11.70000000 32.70000000
v -9.00000000 12.00000000 28.50000000
v -9.00000000 11.84373620 33.00000000
v -9.00000000 11.97490675 33.30000000
v -9.00000000 12.00000000 33.34670895
v -9.00000000 12.30000000 25.80000000
v -9.00000000 12.28439844 26.10000000
v -9.00000000 12.28807777 26.40000000
v -9.00000000 12.30000000 26.70000000
v -9.00000000 12.30000000 28.50000000
v -9.00000000 12.14075608 33.60000000
v -9.00000000 12.30000000 33.87126313
v -9.00000000 12.60000000 25.50000000
v -9.00000000 12.48823793 27.00000000
v -9.00000000 12.60000000 27.30000000
v -9.00000000 12.60000000 28.62201703
v -9.00000000 12.31618909 33.90000000
v -9.00000000 12.47720725 34.20000000
v -9.00000000 12.60000000 34.43558137
v -9.00000000 12.90000000 25.20000000
v -9.00000000 12.76211436 27.60000000
v -9.00000000 12.85359813 27.90000000
v -9.00000000 12.90000000 28.20000000
v -9.00000000 12.90000000 28.58026943
v -9.00000000 12.63323975 34.50000000
v -9.00000000 12.78463485 34.80000000
v -9.00000000 12.90000000 35.02988379
v -9.00000000 13.20000000 25.19247981
v -9.00000000 12.96368989 28.50000000
v -9.00000000 12.93606130 35.10000000
v -9.00000000 13.09263801 35.40000000
v -9.00000000 13.20000000 35.59215925
v -9.00000000 13.50000000 25.19469760
v -9.00000000 13.26667587 35.70000000
v -9.00000000 13.49312349 36.00000000
v -9.00000000 13.50000000 36.00772811
v -9.00000000 13.80000000 25.19618892
v -9.00000000 13.80000000 36.28435907
v -9.00000000 14.10000000 25.20000000
v -9.00000000 13.81602181 36.30000000
v -9.00000000 14.10000000 36.60000000
v -9.00000000 14.40000000 25.29399784
v -9.00000000 14.20003400 36.90000000
v -9.00000000 14.33028794 37.20000000
v -9.00000000 14.40000000 37.32744112
v -9.00000000 14.70000000 25.36838008
v -9.00000000 14.50160558 37.50000000
v -9.00000000 14.70000000 37.80000000
v -9.00000000 15.00000000 25.44191383
v -9.00000000 14.94083187 38.10000000
v -9.00000000 15.00000000 38.15861339
v -9.00000000 15.30000000 25.50000000
v -9.00000000 15.30000000 38.39885619
v -9.00000000 15.60000000 25.65717017
v -9.00000000 15.30111469 38.40000000
v -9.00000000 15.52361244 38.70000000
v -9.00000000 15.60000000 38.78867631
v -9.00000000 15.90000000 25.80000000
v -9.00000000 15.80931316 39.00000000
v -9.00000000 15.90000000 39.07390374
v -9.00000000 16.14362348 26.10000000
v -9.00000000 16.20000000 26.14946697
v -9.00000000 16.20000000 39.28484891
v -9.00000000 16.50000000 26.40000000
v -9.00000000 16.22333959 39.30000000
v -9.00000000 16.50000000 39.46460534
v -9.00000000 16.80000000 26.58648778
v -9.00000000 16.77809857 39.60000000
v -9.00000000 16.80000000 39.60942347
v -9.00000000 16.99496686 26.70000000
v -9.00000000 17.10000000 26.76059005
v -9.00000000 17.10000000 39.68725510
v -9.00000000 17.40000000 26.93476999
v -9.00000000 17.40000000 39.72928774
v -9.00000000 17.49621097 27.00000000
v -9.00000000 17.70000000 27.16311873
v -9.00000000 17.70000000 39.74763294
v -9.00000000 17.84814947 27.30000000
v -9.00000000 18.00000000 27.48164250
v -9.00000000 18.00000000 39.75248392
v -9.00000000 18.08151144 27.60000000
v -9.00000000 18.26119548 27.90000000
v -9.00000000 18.30000000 27.95007483
v -9.00000000 18.30000000 39.75216469
v -9.00000000 18.54488572 28.20000000
v -9.00000000 18.60000000 28.24388337
v -9.00000000 18.60000000 39.75305168
v -9.00000000 18.90000000 28.43446637
v -9.00000000 18.90000000 39.75878008
v -9.00000000 18.99281931 28.50000000
v -9.00000000 19.20000000 28.66117351
v -9.00000000 19.20000000 39.76966222
v -9.00000000 19.36008888 28.80000000
v -9.00000000 19.50000000 28.93110428
v -9.00000000 19.50000000 39.78434085
v -9.00000000 19.66832321 29.10000000
v -9.00000000 19.80000000 29.24793986
v -9.00000000 19.80000000 39.80030745
v -9.00000000 19.92166442 29.40000000
v -9.00000000 20.10000000 29.70000000
v -9.00000000 20.10000000 39.81037793
v -9.00000000 20.39296616 30.00000000
v -9.00000000 20.40000000 30.00692840
v -9.00000000 20.40000000 39.80505447
v -9.00000000 20.70000000 30.30000000
v -9.00000000 20.70000000 39.77267033
v -9.00000000 21.00000000 30.43343668
v -9.00000000 21.00000000 39.69966220
v -9.00000000 21.30000000 30.60000000
v -9.00000000 21.23295976 39.60000000
v -9.00000000 21.30000000 39.56816282
v -9.00000000 21.60000000 30.79014597
v -9.00000000 21.60000000 39.39351891
v -9.00000000 21.74254172 30.90000000
v -9.00000000 21.90000000 31.03798827
v -9.00000000 21.74750319 39.30000000
v -9.00000000 21.90000000 39.20089975
v -9.00000000 22.08099395 31.20000000
v -9.00000000 22.20000000 31.32576888
v -9.00000000 22.20000000 39.00000000
v -9.00000000 22.35816051 31.50000000
v -9.00000000 22.50000000 31.80000000
v -9.00000000 22.50000000 38.89733985
v -9.00000000 22.80000000 31.90948656
v -9.00000000 22.80000000 38.74835070
v -9.00000000 23.04367970 32.10000000
v -9.00000000 23.10000000 32.14905167
v -9.00000000 23.10000000 38.40000000
v -9.00000000 22.87013190 38.70000000
v -9.00000000 23.34271513 32.40000000
v -9.00000000 23.40000000 32.45989763
v -9.00000000 23.40000000 38.23046366
v -9.00000000 23.61287938 32.70000000
v -9.00000000 23.70000000 32.80647701
v -9.00000000 23.57973883 38.10000000
v -9.00000000 23.70000000 38.01527768
v -9.00000000 23.83526235 33.00000000
v -9.00000000 23.99535807 33.30000000
v -9.00000000 24.00000000 33.30921471
v -9.00000000 24.00000000 37.80000000
v -9.00000000 24.14614480 33.60000000
v -9.00000000 24.30000000 33.90000000
v -9.00000000 24.30000000 37.70573952
v -9.00000000 24.60000000 34.08357348
v -9.00000000 24.60000000 37.58794688
v -9.00000000 24.71734150 34.20000000
v -9.00000000 24.90000000 34.50000000
v -9.00000000 24.73953729 37.50000000
v -9.00000000 24.90000000 37.35713173
v -9.00000000 25.05010191 34.80000000
v -9.00000000 25.12434824 35.10000000
v -9.00000000 25.16445749 35.40000000
v -9.00000000 25.18765170 35.70000000
v -9.00000000 25.19969551 36.00000000
v -9.00000000 25.20000000 36.30000000
v -9.00000000 25.18304478 36.60000000
v -9.00000000 25.13461038 36.90000000
v -9.00000000 25.02264060 37.20000000
v -9.04360059 10.80000000 29.10000000
v -9.06873491 10.80000000 29.40000000
v -9.08004258 10.80000000 29.70000000
v -9.07675993 10.80000000 30.00000000
v -9.05261051 10.80000000 30.30000000
v -9.18486061 11.10000000 28.80000000
v -9.30000000 11.06221325 29.10000000
v -9.30000000 11.10000000 29.03058432
v -9.30000000 10.99481702 29.40000000
v -9.30000000 10.96418112 29.70000000
v -9.30000000 10.94150480 30.00000000
v -9.30000000 10.93251021 30.30000000
v -9.30000000 10.96278627 30.60000000
v -9.30000000 11.02281140 30.90000000
v -9.30000000 11.08956964 31.20000000
v -9.17013699 11.10000000 31.50000000
v -9.30000000 11.10000000 31.24856557
v -9.02072376 11.40000000 28.50000000
v -9.30000000 11.36725515 28.80000000
v -9.30000000 11.40000000 28.78518676
v -9.30000000 11.15704099 31.50000000
v -9.30000000 11.22210591 31.80000000
v -9.30000000 11.29700537 32.10000000
v -9.30000000 11.40000000 32.40000000
v -9.01325345 11.70000000 28.50000000
v -9.30000000 11.70000000 28.74805079
v -9.30000000 11.70000000 32.65848884
v -9.30000000 12.00000000 28.75863312
v -9.30000000 11.73032970 32.70000000
v -9.30000000 11.89529666 33.00000000
v -9.30000000 12.00000000 33.30000000
v -9.01411184 12.30000000 26.10000000
v -9.01147397 12.30000000 26.40000000
v -9.30000000 12.30000000 28.79761125
v -9.30000000 12.17993960 33.60000000
v -9.30000000 12.30000000 33.81682468
v -9.15738193 12.60000000 25.80000000
v -9.22867037 12.60000000 26.10000000
v -9.24770124 12.60000000 26.40000000
v -9.21815847 12.60000000 26.70000000
v -9.12291641 12.60000000 27.00000000
v -9.22782106 12.60000000 28.80000000
v -9.30000000 12.31281958 28.80000000
v -9.30000000 12.60000000 28.84978205
v -9.30000000 12.34404321 33.90000000
v -9.30000000 12.49802175 34.20000000
v -9.30000000 12.60000000 34.40510995
v -9.17865427 12.90000000 25.50000000
v -9.30000000 12.85107045 25.80000000
v -9.30000000 12.90000000 25.74174215
v -9.30000000 12.71157135 26.10000000
v -9.30000000 12.67253711 26.40000000
v -9.30000000 12.70076417 26.70000000
v -9.30000000 12.77565358 27.00000000
v -9.30000000 12.86482201 27.30000000
v -9.21548072 12.90000000 27.60000000
v -9.30000000 12.90000000 27.41240349
v -9.07627345 12.90000000 27.90000000
v -9.20745692 12.90000000 28.80000000
v -9.30000000 12.90000000 28.86952927
v -9.30000000 12.64657787 34.50000000
v -9.30000000 12.78930275 34.80000000
v -9.30000000 12.90000000 35.03464122
v -9.00978443 13.20000000 25.20000000
v -9.30000000 13.20000000 25.50000000
v -9.30000000 12.95586903 27.60000000
v -9.30000000 13.03344008 27.90000000
v -9.30000000 13.12082209 28.20000000
v -9.28596714 13.20000000 28.50000000
v -9.30000000 13.20000000 28.46453513
v -9.30000000 13.20000000 28.80000000
v -9.30000000 12.93147749 35.10000000
v -9.30000000 13.07669884 35.40000000
v -9.30000000 13.20000000 35.63915909
v -9.00768259 13.50000000 25.20000000
v -9.30000000 13.50000000 25.44162857
v -9.30000000 13.20973606 28.50000000
v -9.30000000 13.23501390 35.70000000
v -9.30000000 13.43794031 36.00000000
v -9.30000000 13.50000000 36.07828253
v -9.00597397 13.80000000 25.20000000
v -9.30000000 13.80000000 25.42838455
v -9.30000000 13.80000000 36.30000000
v -9.30000000 14.10000000 25.44031626
v -9.30000000 13.95491011 36.60000000
v -9.30000000 14.10000000 36.90000000
v -9.30000000 14.40000000 25.47078263
v -9.30000000 14.25844558 37.20000000
v -9.30000000 14.40000000 37.45566211
v -9.30000000 14.70000000 25.50000000
v -9.30000000 14.42549620 37.50000000
v -9.30000000 14.61145321 37.80000000
v -9.30000000 14.70000000 37.93385874
v -9.11268526 15.00000000 25.50000000
v -9.30000000 15.00000000 25.63770462
v -9.30000000 14.83720206 38.10000000
v -9.30000000 15.00000000 38.27042200
v -9.30000000 15.30000000 25.73369131
v -9.30000000 15.30000000 38.40000000
v -9.30000000 15.60000000 25.80000000
v -9.30000000 15.41549913 38.70000000
v -9.30000000 15.60000000 38.89092978
v -9.30000000 15.90000000 26.10000000
v -9.30000000 15.71768713 39.00000000
v -9.30000000 15.90000000 39.13221622
v -9.30000000 16.20000000 26.23174836
v -9.10176472 16.20000000 39.30000000
v -9.30000000 16.15502316 39.30000000
v -9.30000000 16.20000000 39.32678285
v -9.30000000 16.50000000 26.40000000
v -9.30000000 16.50000000 39.48406385
v -9.30000000 16.80000000 26.55920529
v -9.30000000 16.78360546 39.60000000
v -9.30000000 16.80000000 39.60629498
v -9.30000000 17.07066943 26.70000000
v -9.30000000 17.10000000 26.71539942
v -9.30000000 17.10000000 39.68953760
v -9.30000000 17.40000000 26.87992278
v -9.30000000 17.40000000 39.74057919
v -9.30000000 17.60064766 27.00000000
v -9.30000000 17.70000000 27.06849130
v -9.30000000 17.70000000 39.76677310
v -9.30000000 18.00000000 27.30000000
v -9.30000000 18.00000000 39.77619818
v -9.30000000 18.17270287 27.60000000
v -9.30000000 18.30000000 27.90000000
v -9.30000000 18.30000000 39.77712787
v -9.30000000 18.60000000 28.20000000
v -9.30000000 18.60000000 39.77700476
v -9.30000000 18.90000000 28.34570366
v -9.30000000 18.90000000 39.78161871
v -9.30000000 19.13635976 28.50000000
v -9.30000000 19.20000000 28.54489499
v -9.30000000 19.20000000 39.79429228
v -9.28326057 19.50000000 28.80000000
v -9.30000000 19.50000000 28.79252986
v -9.30000000 19.50000000 39.81547823
v -9.30000000 19.50815661 28.80000000
v -9.26521543 19.80000000 29.10000000
v -9.30000000 19.80000000 29.08234987
v -9.30000000 19.80000000 39.84186690
v -9.30000000 19.81726908 29.10000000
v -9.30000000 20.10000000 29.40000000
v -9.30000000 20.10000000 39.86618499
v -9.30000000 20.28346936 29.70000000
v -9.01393904 20.40000000 30.00000000
v -9.30000000 20.40000000 29.84142477
v -9.30000000 20.40000000 39.87807768
v -9.30000000 20.55638784 30.00000000
v -9.30000000 20.70000000 30.12078684
v -9.30000000 20.70000000 39.86276418
v -9.30000000 21.00000000 30.30000000
v -9.30000000 21.00000000 39.79831703
v -9.30000000 21.30000000 30.46653736
v -9.09892144 21.30000000 39.60000000
v -9.30000000 21.30000000 39.66229486
v -9.30000000 21.50543235 30.60000000
v -9.30000000 21.60000000 30.66478377
v -9.30000000 21.40171354 39.60000000
v -9.30000000 21.60000000 39.47160783
v -9.30000000 21.90000000 30.90000000
v -9.30000000 21.84581514 39.30000000
v -9.30000000 21.90000000 39.26369504
v -9.19215389 22.20000000 31.20000000
v -9.30000000 22.20000000 31.13950723
v -9.30000000 22.20000000 39.08878450
v -9.30000000 22.27979517 31.20000000
v -9.15548319 22.50000000 31.50000000
v -9.30000000 22.50000000 31.37186488
v -9.30000000 22.38899641 39.00000000
v -9.30000000 22.50000000 38.94907889
v -9.30000000 22.80000000 31.50000000
v -9.11072627 22.80000000 31.80000000
v -9.30000000 22.80000000 38.81660983
v -9.30000000 23.03666231 31.80000000
v -9.05894699 23.10000000 32.10000000
v -9.30000000 23.10000000 31.86528958
v -9.30000000 23.10000000 38.70000000
v -9.30000000 23.29260786 32.10000000
v -9.07752918 23.40000000 32.40000000
v -9.30000000 23.40000000 32.21906604
v -9.30000000 23.32962196 38.40000000
v -9.30000000 23.40000000 38.33901180
v -9.30000000 23.55423040 32.40000000
v -9.13697417 23.70000000 32.70000000
v -9.30000000 23.70000000 32.57442625
v -9.30000000 23.70000000 38.10000000
v -9.30000000 23.79942803 32.70000000
v -9.30000000 24.00000000 33.00000000
v -9.00923131 24.00000000 33.30000000
v -9.30000000 24.00000000 37.93402761
v -9.30000000 24.14522862 33.30000000
v -9.30000000 24.30000000 33.60000000
v -9.30000000 24.30000000 37.80000000
v -9.25415514 24.60000000 33.90000000
v -9.30000000 24.60000000 33.86158919
v -9.30000000 24.60000000 37.68291972
v -9.30000000 24.64231958 33.90000000
v -9.25340719 24.90000000 34.20000000
v -9.30000000 24.90000000 34.15745069
v -9.30000000 24.90000000 37.50000000
v -9.30000000 24.93417800 34.20000000
v -9.30000000 25.11334509 34.50000000
v -9.24119857 25.20000000 34.80000000
v -9.30000000 25.20000000 34.70311283
v -9.11469274 25.20000000 35.10000000
v -9.04885598 25.20000000 35.40000000
v -9.01597343 25.20000000 35.70000000
v -9.00038768 25.20000000 36.00000000
v -9.02407569 25.20000000 36.60000000
v -9.10427044 25.20000000 36.90000000
v -9.30000000 25.20000000 37.20000000
v -9.30000000 25.23638531 34.80000000
v -9.30000000 25.31977242 35.10000000
v -9.30000000 25.37605184 35.40000000
v -9.30000000 25.41030206 35.70000000
v -9.30000000 25.42533025 36.00000000
v -9.30000000 25.42031344 36.30000000
v -9.30000000 25.38911065 36.60000000
v -9.30000000 25.32024536 36.90000000
v -9.33425417 11.10000000 29.10000000
v -9.40480705 11.10000000 29.40000000
v -9.44405467 11.10000000 29.70000000
v -9.49708570 11.10000000 30.00000000
v -9.60000000 11.10000000 30.30000000
v -9.53422398 11.10000000 30.60000000
v -9.44462516 11.10000000 30.90000000
v -9.32140001 11.10000000 31.20000000
v -9.31405861 11.40000000 28.80000000
v -9.60000000 11.40000000 29.10000000
v -9.60000000 11.35207093 29.40000000
v -9.60000000 11.30167644 29.70000000
v -9.60000000 11.22254953 30.00000000
v -9.60000000 11.14740239 30.60000000
v -9.60000000 11.19061541 30.90000000
v -9.60000000 11.24817665 31.20000000
v -9.60000000 11.33775930 31.50000000
v -9.60000000 11.39034177 31.80000000
v -9.60000000 11.40000000 32.10000000
v -9.35434085 11.70000000 28.80000000
v -9.60000000 11.70000000 29.08149250
v -9.60000000 11.70000000 32.40000000
v -9.34363404 12.00000000 28.80000000
v -9.60000000 12.00000000 29.07546737
v -9.60000000 11.85244027 32.70000000
v -9.60000000 12.00000000 33.00000000
v -9.30242915 12.30000000 28.80000000
v -9.60000000 12.30000000 29.07726334
v -9.60000000 12.10265711 33.30000000
v -9.60000000 12.23764394 33.60000000
v -9.60000000 12.30000000 33.72603203
v -9.60000000 12.60000000 29.10000000
v -9.60000000 12.38364453 33.90000000
v -9.60000000 12.52977179 34.20000000
v -9.60000000 12.60000000 34.34536452
v -9.32612761 12.90000000 25.80000000
v -9.41344536 12.90000000 26.10000000
v -9.45557643 12.90000000 26.40000000
v -9.45562345 12.90000000 26.70000000
v -9.41587841 12.90000000 27.00000000
v -9.33908892 12.90000000 27.30000000
v -9.56757100 12.90000000 29.10000000
v -9.60000000 12.90000000 29.12622586
v -9.60000000 12.67360707 34.50000000
v -9.60000000 12.80942029 34.80000000
v -9.60000000 12.90000000 35.00750849
v -9.46879557 13.20000000 25.80000000
v -9.57729517 13.20000000 26.10000000
v -9.60000000 13.12765034 26.40000000
v -9.60000000 13.20000000 26.19948171
v -9.60000000 13.08974073 26.70000000
v -9.60000000 13.10538655 27.00000000
v -9.60000000 13.14321031 27.30000000
v -9.60000000 13.17740303 27.60000000
v -9.60000000 13.20000000 27.90000000
v -9.41287683 13.20000000 28.20000000
v -9.60000000 13.20000000 29.10000000
v -9.60000000 12.94073361 35.10000000
v -9.60000000 13.06969983 35.40000000
v -9.60000000 13.20000000 35.70000000
v -9.35601342 13.50000000 25.50000000
v -9.60000000 13.50000000 25.80000000
v -9.60000000 13.25329473 26.10000000
v -9.60000000 13.31946791 28.20000000
v -9.60000000 13.43410995 28.50000000
v -9.60000000 13.45982177 28.80000000
v -9.60000000 13.36269877 36.00000000
v -9.60000000 13.50000000 36.30000000
v -9.37317045 13.80000000 25.50000000
v -9.60000000 13.80000000 25.78134116
v -9.60000000 13.80000000 36.54473105
v -9.36359380 14.10000000 25.50000000
v -9.60000000 14.10000000 25.77696546
v -9.60000000 13.84169337 36.60000000
v -9.60000000 14.02824790 36.90000000
v -9.60000000 14.10000000 37.02737014
v -9.33508063 14.40000000 25.50000000
v -9.60000000 14.40000000 25.77873225
v -9.60000000 14.19376623 37.20000000
v -9.40758089 14.40000000 37.50000000
v -9.60000000 14.35667117 37.50000000
v -9.60000000 14.40000000 37.57851287
v -9.60000000 14.70000000 25.80000000
v -9.60000000 14.52834603 37.80000000
v -9.60000000 14.70000000 38.10000000
v -9.44459794 15.00000000 25.80000000
v -9.60000000 15.00000000 26.10000000
v -9.45318260 15.00000000 38.40000000
v -9.60000000 14.89626738 38.40000000
v -9.60000000 15.00000000 38.70000000
v -9.36321009 15.30000000 25.80000000
v -9.60000000 15.30000000 26.10000000
v -9.44677290 15.30000000 38.70000000
v -9.60000000 15.30000000 38.80537042
v -9.57110857 15.60000000 26.10000000
v -9.60000000 15.60000000 26.12039670
v -9.60000000 15.60000000 39.00000000
v -9.60000000 15.90000000 26.21171560
v -9.60000000 15.90000000 39.18224019
v -9.60000000 16.20000000 26.31546813
v -9.60000000 16.10209316 39.30000000
v -9.60000000 16.20000000 39.35232703
v -9.60000000 16.40724199 26.40000000
v -9.60000000 16.50000000 26.43549373
v -9.60000000 16.50000000 39.49225088
v -9.60000000 16.80000000 26.56386675
v -9.60000000 16.79382927 39.60000000
v -9.60000000 16.80000000 39.60218054
v -9.60000000 17.10000000 26.70000000
v -9.60000000 17.10000000 39.68258702
v -9.60000000 17.40000000 26.84478049
v -9.60000000 17.40000000 39.73447969
v -9.60000000 17.70000000 27.00000000
v -9.60000000 17.70000000 39.76238930
v -9.60000000 18.00000000 27.24309613
v -9.60000000 18.00000000 39.77290817
v -9.60000000 18.06063932 27.30000000
v -9.60000000 18.30000000 27.60000000
v -9.60000000 18.30000000 39.77384803
v -9.60000000 18.48991625 27.90000000
v -9.60000000 18.60000000 28.00965117
v -9.60000000 18.60000000 39.77335233
v -9.60000000 18.90000000 28.20000000
v -9.60000000 18.90000000 39.77896482
v -9.40255532 19.20000000 28.50000000
v -9.60000000 19.20000000 28.40946196
v -9.60000000 19.20000000 39.79569752
v -9.60000000 19.31081171 28.50000000
v -9.60000000 19.50000000 28.65702896
v -9.60000000 19.50000000 39.82472847
v -9.60000000 19.65614107 28.80000000
v -9.60000000 19.80000000 28.93753809
v -9.60000000 19.80000000 39.86240403
v -9.60000000 19.96108071 29.10000000
v -9.60000000 20.10000000 29.25347937
v -9.60000000 20.10000000 39.90000000
v -9.60000000 20.22114071 29.40000000
v -9.60000000 20.40000000 29.70000000
v -9.43170016 20.40000000 39.90000000
v -9.60000000 20.40000000 39.92729079
v -9.60000000 20.70000000 30.00000000
v -9.45904414 20.70000000 39.90000000
v -9.60000000 20.70000000 39.93059110
v -9.60000000 21.00000000 30.15072463
v -9.60000000 21.00000000 39.90000000
v -9.60000000 21.30000000 30.30000000
v -9.60000000 21.30000000 39.74017573
v -9.43536209 21.60000000 30.60000000
v -9.60000000 21.60000000 30.52118513
v -9.60000000 21.51454245 39.60000000
v -9.60000000 21.60000000 39.54019961
v -9.60000000 21.70793542 30.60000000
v -9.60000000 21.90000000 30.74399152
v -9.60000000 21.90000000 39.30000000
v -9.60000000 22.11400047 30.90000000
v -9.60000000 22.20000000 30.96563133
v -9.60000000 22.20000000 39.14019764
v -9.60000000 22.50000000 31.20000000
v -9.60000000 22.47625129 39.00000000
v -9.60000000 22.50000000 38.98791839
v -9.60000000 22.80000000 31.33005305
v -9.60000000 22.80000000 38.84843932
v -9.60000000 23.10000000 31.50000000
v -9.36498998 23.10000000 31.80000000
v -9.60000000 23.10000000 38.70000000
v -9.60000000 23.26596190 31.80000000
v -9.45493776 23.40000000 32.10000000
v -9.60000000 23.40000000 31.98263999
v -9.60000000 23.40000000 38.40000000
v -9.60000000 23.49356833 32.10000000
v -9.52218444 23.70000000 32.40000000
v -9.60000000 23.70000000 32.34125034
v -9.60000000 23.70000000 38.18478475
v -9.60000000 23.75209648 32.40000000
v -9.60000000 24.00000000 32.70000000
v -9.60000000 23.85220826 38.10000000
v -9.60000000 24.00000000 38.02454916
v -9.60000000 24.19759319 33.00000000
v -9.60000000 24.30000000 33.30000000
v -9.60000000 24.30000000 37.89911434
v -9.55399945 24.60000000 33.60000000
v -9.60000000 24.60000000 33.54405942
v -9.60000000 24.60000000 37.80000000
v -9.60000000 24.65330521 33.60000000
v -9.54792633 24.90000000 33.90000000
v -9.60000000 24.90000000 33.84508763
v -9.60000000 24.90000000 37.60026425
v -9.60000000 24.94722157 33.90000000
v -9.60000000 25.20000000 34.20000000
v -9.41871641 25.20000000 34.50000000
v -9.60000000 25.04080571 37.50000000
v -9.60000000 25.20000000 37.35897937
v -9.60000000 25.31974668 34.50000000
v -9.60000000 25.42629248 34.80000000
v -9.58064565 25.50000000 35.10000000
v -9.60000000 25.50000000 35.05527900
v -9.48633620 25.50000000 35.40000000
v -9.43068553 25.50000000 35.70000000
v -9.40823376 25.50000000 36.00000000
v -9.41683281 25.50000000 36.30000000
v -9.46686288 25.50000000 36.60000000
v -9.58728140 25.50000000 36.90000000
v -9.60000000 25.34386326 37.20000000
v -9.60000000 25.50000000 36.91698916
v -9.60000000 25.51230138 35.10000000
v -9.60000000 25.57421785 35.40000000
v -9.60000000 25.61356705 35.70000000
v -9.60000000 25.62844504 36.00000000
v -9.60000000 25.62168123 36.30000000
v -9.60000000 25.58754415 36.60000000
v -9.60000000 25.50816370 36.90000000
v -9.62937113 11.40000000 29.40000000
v -9.66406134 11.40000000 29.70000000
v -9.71616781 11.40000000 30.00000000
v -9.78539322 11.40000000 30.30000000
v -9.90000000 11.40000000 30.60000000
v -9.90000000 11.39089432 30.90000000
v -9.90000000 11.40000000 31.20000000
v -9.67986005 11.40000000 31.50000000
v -9.61180378 11.40000000 31.80000000
v -9.61275244 11.70000000 29.10000000
v -9.72958559 11.70000000 29.40000000
v -9.80273555 11.70000000 29.70000000
v -9.86240591 11.70000000 30.00000000
v -9.90000000 11.70000000 30.30000000
v -9.90000000 11.70000000 31.50000000
v -9.90000000 11.70000000 31.80000000
v -9.83278028 11.70000000 32.10000000
v -9.61988531 12.00000000 29.10000000
v -9.80324190 12.00000000 29.40000000
v -9.90000000 12.00000000 29.70000000
v -9.90000000 11.77429932 30.00000000
v -9.90000000 11.75759708 32.10000000
v -9.90000000 11.87315699 32.40000000
v -9.90000000 12.00000000 32.70000000
v -9.62189691 12.30000000 29.10000000
v -9.90000000 12.30000000 29.40000000
v -9.90000000 12.08239276 33.00000000
v -9.90000000 12.18023668 33.30000000
v -9.90000000 12.30000000 33.60000000
v -9.90000000 12.60000000 29.40000000
v -9.90000000 12.43128154 33.90000000
v -9.90000000 12.57150627 34.20000000
v -9.90000000 12.60000000 34.25992204
v -9.90000000 12.90000000 29.40000000
v -9.90000000 12.71265321 34.50000000
v -9.90000000 12.84584278 34.80000000
v -9.90000000 12.90000000 34.93784823
v -9.64469812 13.20000000 26.40000000
v -9.68307914 13.20000000 26.70000000
v -9.68166018 13.20000000 27.00000000
v -9.65581767 13.20000000 27.30000000
v -9.62518160 13.20000000 27.60000000
v -9.90000000 13.20000000 29.40000000
v -9.90000000 12.96220355 35.10000000
v -9.90000000 13.07414524 35.40000000
v -9.90000000 13.19300006 35.70000000
v -9.90000000 13.20000000 35.71599188
v -9.69635013 13.50000000 26.10000000
v -9.79261590 13.50000000 26.40000000
v -9.90000000 13.50000000 26.70000000
v -9.90000000 13.48540819 27.00000000
v -9.90000000 13.47720004 27.30000000
v -9.90000000 13.47638864 27.60000000
v -9.90000000 13.48465210 27.90000000
v -9.90000000 13.50000000 28.20000000
v -9.67120824 13.50000000 28.50000000
v -9.63015769 13.50000000 28.80000000
v -9.73427684 13.50000000 29.10000000
v -9.90000000 13.50000000 29.35042510
v -9.90000000 13.33412436 36.00000000
v -9.90000000 13.50000000 36.30000000
v -9.61276066 13.80000000 25.80000000
v -9.75761490 13.80000000 26.10000000
v -9.87340799 13.80000000 26.40000000
v -9.90000000 13.80000000 26.46917536
v -9.90000000 13.80000000 28.50000000
v -9.86587789 13.80000000 28.80000000
v -9.90000000 13.80000000 29.10000000
v -9.90000000 13.80000000 36.60000000
v -9.61730126 14.10000000 25.80000000
v -9.79020252 14.10000000 26.10000000
v -9.90000000 14.10000000 26.40000000
v -9.90000000 13.83628450 28.80000000
v -9.90000000 13.98111317 36.90000000
v -9.90000000 14.10000000 37.12221468
v -9.61715647 14.40000000 25.80000000
v -9.81673353 14.40000000 26.10000000
v -9.90000000 14.40000000 26.22358875
v -9.90000000 14.14049112 37.20000000
v -9.90000000 14.29696912 37.50000000
v -9.90000000 14.40000000 37.69585539
v -9.78781889 14.70000000 26.10000000
v -9.90000000 14.70000000 26.21001565
v -9.90000000 14.45753005 37.80000000
v -9.90000000 14.62721500 38.10000000
v -9.90000000 14.70000000 38.22707058
v -9.90000000 15.00000000 26.25209911
v -9.90000000 14.80296755 38.40000000
v -9.90000000 15.00000000 38.70000000
v -9.90000000 15.30000000 26.27714397
v -9.90000000 15.30000000 38.89045498
v -9.90000000 15.60000000 26.30238952
v -9.90000000 15.49289099 39.00000000
v -9.90000000 15.60000000 39.05846316
v -9.90000000 15.90000000 26.34742632
v -9.90000000 15.90000000 39.22097280
v -9.85501656 16.20000000 26.40000000
v -9.90000000 16.13435983 26.40000000
v -9.90000000 16.20000000 26.41384144
v -9.90000000 16.05191974 39.30000000
v -9.90000000 16.20000000 39.37255766
v -9.90000000 16.50000000 26.49540888
v -9.90000000 16.50000000 39.49959428
v -9.90000000 16.80000000 26.59242379
v -9.90000000 16.80000000 39.60000000
v -9.90000000 17.08637634 26.70000000
v -9.90000000 17.10000000 26.70523127
v -9.90000000 17.10000000 39.67201736
v -9.90000000 17.40000000 26.83656449
v -9.90000000 17.40000000 39.71709099
v -9.90000000 17.70000000 26.98892759
v -9.90000000 17.70000000 39.73938630
v -9.90000000 17.71881825 27.00000000
v -9.90000000 18.00000000 27.19347474
v -9.90000000 18.00000000 39.74571997
v -9.90000000 18.14027524 27.30000000
v -9.90000000 18.30000000 27.45232632
v -9.90000000 18.30000000 39.74416557
v -9.90000000 18.44878743 27.60000000
v -9.90000000 18.60000000 27.90000000
v -9.90000000 18.60000000 39.74276713
v -9.90000000 18.90000000 28.01461790
v -9.90000000 18.90000000 39.74933533
v -9.90000000 19.13589921 28.20000000
v -9.90000000 19.20000000 28.24933270
v -9.90000000 19.20000000 39.77007989
v -9.90000000 19.47740555 28.50000000
v -9.90000000 19.50000000 28.51986834
v -9.90000000 19.50000000 39.80755990
v -9.90000000 19.80000000 28.80000000
v -9.90000000 19.80000000 39.85798297
v -9.90000000 20.10000000 29.10000000
v -9.90000000 20.03985026 39.90000000
v -9.90000000 20.10000000 39.91056882
v -9.90000000 20.40000000 29.40000000
v -9.90000000 20.40000000 39.94961188
v -9.90000000 20.59344738 29.70000000
v -9.90000000 20.70000000 29.80558346
v -9.90000000 20.70000000 39.95713992
v -9.90000000 21.00000000 30.00000000
v -9.90000000 21.00000000 39.91002085
v -9.90000000 21.30000000 30.16862857
v -9.90000000 21.02609584 39.90000000
v -9.90000000 21.30000000 39.78151460
v -9.90000000 21.48959184 30.30000000
v -9.90000000 21.60000000 30.38050443
v -9.90000000 21.60000000 39.60000000
v -9.90000000 21.90000000 30.60000000
v -9.90000000 21.90000000 39.37404729
v -9.71229521 22.20000000 30.90000000
v -9.90000000 22.20000000 30.80062100
v -9.90000000 22.00798744 39.30000000
v -9.90000000 22.20000000 39.17679754
v -9.90000000 22.37915224 30.90000000
v -9.90000000 22.50000000 30.97043891
v -9.90000000 22.50000000 39.00000000
v -9.80532485 22.80000000 31.20000000
v -9.90000000 22.80000000 31.13685868
v -9.90000000 22.80000000 38.85739587
v -9.90000000 22.88694408 31.20000000
v -9.90000000 23.10000000 31.37141075
v -9.90000000 23.10000000 38.70000000
v -9.90000000 23.21660349 31.50000000
v -9.90000000 23.40000000 31.80000000
v -9.90000000 23.40000000 38.40000000
v -9.90000000 23.66713176 32.10000000
v -9.90000000 23.70000000 32.13697095
v -9.90000000 23.70000000 38.22614139
v -9.90000000 23.94869398 32.40000000
v -9.90000000 24.00000000 32.45556873
v -9.90000000 23.95383509 38.10000000
v -9.90000000 24.00000000 38.07803041
v -9.90000000 24.25763368 32.70000000
v -9.70469008 24.30000000 33.00000000
v -9.90000000 24.30000000 32.74563540
v -9.90000000 24.30000000 37.95006708
v -9.90000000 24.60000000 33.00000000
v -9.76420988 24.60000000 33.30000000
v -9.90000000 24.60000000 37.82695913
v -9.90000000 24.77100961 33.30000000
v -9.81370170 24.90000000 33.60000000
v -9.90000000 24.90000000 33.47785491
v -9.90000000 24.65677999 37.80000000
v -9.90000000 24.90000000 37.67109782
v -9.90000000 24.97862328 33.60000000
v -9.90000000 25.20000000 33.90000000
v -9.90000000 25.20000000 37.50000000
v -9.90000000 25.36164046 34.20000000
v -9.90000000 25.50000000 34.50000000
v -9.71721973 25.50000000 34.80000000
v -9.84185277 25.50000000 37.20000000
v -9.90000000 25.50000000 37.24036637
v -9.90000000 25.61213193 34.80000000
v -9.90000000 25.69313563 35.10000000
v -9.90000000 25.75335757 35.40000000
v -9.90000000 25.80000000 35.70000000
v -9.88975447 25.80000000 36.00000000
v -9.90000000 25.80000000 36.30000000
v -9.90000000 25.77329406 36.60000000
v -9.90000000 25.70443307 36.90000000
v -9.90000000 25.54000247 37.20000000
v -9.90000000 25.80593234 36.00000000
v -9.91031400 11.40000000 30.90000000
v -10.11941979 11.70000000 30.60000000
v -10.19963892 11.70000000 30.90000000
v -10.15961939 11.70000000 31.20000000
v -10.03599506 12.00000000 30.00000000
v -10.20000000 12.00000000 30.30000000
v -10.20000000 11.78066595 30.60000000
v -10.20000000 11.70034999 30.90000000
v -10.20000000 11.73155578 31.20000000
v -10.20000000 11.81459057 31.50000000
v -10.20000000 11.88126810 31.80000000
v -10.20000000 12.00000000 32.10000000
v -10.12298616 12.00000000 32.40000000
v -10.04089378 12.30000000 29.70000000
v -10.20000000 12.30000000 30.00000000
v -10.20000000 12.03533979 32.40000000
v -10.20000000 12.09448976 32.70000000
v -10.20000000 12.16191447 33.00000000
v -10.20000000 12.24354482 33.30000000
v -10.20000000 12.30000000 33.45222663
v -10.14297080 12.60000000 29.70000000
v -10.20000000 12.60000000 29.76494931
v -10.20000000 12.35620663 33.60000000
v -10.20000000 12.48463579 33.90000000
v -10.07197675 12.60000000 34.20000000
v -10.20000000 12.60000000 34.15366450
v -10.19378190 12.90000000 29.70000000
v -10.20000000 12.90000000 29.70579668
v -10.20000000 12.62116466 34.20000000
v -10.20000000 12.75912145 34.50000000
v -10.20000000 12.90000000 34.80000000
v -10.19776967 13.20000000 29.70000000
v -10.20000000 13.20000000 29.70194524
v -10.20000000 12.99098025 35.10000000
v -10.20000000 13.08716966 35.40000000
v -10.20000000 13.19335459 35.70000000
v -10.20000000 13.20000000 35.71552553
v -9.91047125 13.50000000 27.00000000
v -9.91918885 13.50000000 27.30000000
v -9.92199406 13.50000000 27.60000000
v -9.91470615 13.50000000 27.90000000
v -9.93189387 13.50000000 29.40000000
v -10.18652135 13.50000000 29.70000000
v -10.20000000 13.50000000 29.71174302
v -10.20000000 13.33400083 36.00000000
v -10.20000000 13.50000000 36.30000000
v -9.99553147 13.80000000 26.70000000
v -10.07567563 13.80000000 27.00000000
v -10.16004736 13.80000000 27.30000000
v -10.20000000 13.80000000 27.60000000
v -10.18643629 13.80000000 27.90000000
v -10.08890595 13.80000000 28.20000000
v -10.06119093 13.80000000 29.40000000
v -10.20000000 13.80000000 29.70000000
v -10.20000000 13.80000000 36.60000000
v -10.12817124 14.10000000 26.70000000
v -10.20000000 14.10000000 27.00000000
v -10.20000000 13.84881394 27.30000000
v -10.20000000 13.81346170 27.90000000
v -10.20000000 13.90903785 28.20000000
v -10.20000000 14.10000000 28.50000000
v -10.18761122 14.10000000 28.80000000
v -10.20000000 14.10000000 29.10000000
v -10.20000000 13.94015007 29.40000000
v -10.20000000 13.96042757 36.90000000
v -10.20000000 14.10000000 37.20000000
v -10.05915012 14.40000000 26.40000000
v -10.20000000 14.19453170 26.70000000
v -10.20000000 14.40000000 26.53041322
v -10.20000000 14.10862464 28.80000000
v -10.20000000 14.25258264 37.50000000
v -10.20000000 14.40000000 37.80000000
v -10.13187384 14.70000000 26.40000000
v -10.20000000 14.70000000 26.45058418
v -10.20000000 14.57887619 38.10000000
v -10.20000000 14.70000000 38.29481603
v -10.13514018 15.00000000 26.40000000
v -10.20000000 15.00000000 26.44137450
v -10.20000000 14.76876943 38.40000000
v -10.20000000 15.00000000 38.70000000
v -10.11117269 15.30000000 26.40000000
v -10.20000000 15.30000000 26.45240947
v -10.20000000 15.30000000 38.91778510
v -10.07529213 15.60000000 26.40000000
v -10.20000000 15.60000000 26.46789697
v -10.20000000 15.43691439 39.00000000
v -10.20000000 15.60000000 39.09213072
v -10.00731103 15.90000000 26.40000000
v -10.20000000 15.90000000 26.49050130
v -10.20000000 15.90000000 39.24931418
v -10.20000000 16.20000000 26.52533098
v -10.20000000 16.00374286 39.30000000
v -10.20000000 16.20000000 39.39191666
v -10.20000000 16.50000000 26.57349207
v -10.20000000 16.50000000 39.51068329
v -10.20000000 16.80000000 26.63871826
v -10.20000000 16.79492336 39.60000000
v -10.20000000 16.80000000 39.60150938
v -10.20000000 16.99342954 26.70000000
v -10.20000000 17.10000000 26.73534100
v -10.20000000 17.10000000 39.66197127
v -10.20000000 17.40000000 26.85315760
v -10.20000000 17.40000000 39.69315989
v -10.20000000 17.70000000 26.98781743
v -10.20000000 17.70000000 39.70127948
v -10.20000000 17.72340144 27.00000000
v -10.20000000 18.00000000 27.16143205
v -10.20000000 18.00000000 39.69568684
v -10.20000000 18.23336732 27.30000000
v -10.20000000 18.30000000 27.34419259
v -10.20000000 18.30000000 39.68778542
v -10.07123856 18.60000000 27.60000000
v -10.20000000 18.60000000 27.51081923
v -10.20000000 18.60000000 39.68537213
v -10.20000000 18.90000000 27.60000000
v -10.02665471 18.90000000 27.90000000
v -10.20000000 18.90000000 39.69082295
v -10.20000000 19.05703619 27.90000000
v -9.99039613 19.20000000 28.20000000
v -10.20000000 19.20000000 28.06502824
v -10.20000000 19.20000000 39.71345672
v -10.20000000 19.31512367 28.20000000
v -9.94702743 19.50000000 28.50000000
v -10.20000000 19.50000000 28.38775015
v -10.20000000 19.50000000 39.75943792
v -10.20000000 19.61006295 28.50000000
v -10.20000000 19.80000000 28.68509075
v -10.20000000 19.80000000 39.82293549
v -10.20000000 19.91669930 28.80000000
v -10.20000000 20.10000000 28.98580555
v -10.05488101 20.10000000 39.90000000
v -10.20000000 20.10000000 39.88989282
v -10.20000000 20.20954907 29.10000000
v -10.20000000 20.40000000 29.32286874
v -10.20000000 20.15773109 39.90000000
v -10.20000000 20.40000000 39.94089369
v -10.20000000 20.46050020 29.40000000
v -10.20000000 20.68310709 29.70000000
v -10.20000000 20.70000000 29.71557946
v -10.20000000 20.70000000 39.95416329
v -10.20000000 21.00000000 29.87922525
v -10.20000000 21.00000000 39.91084982
v -10.20000000 21.30000000 30.00000000
v -10.20000000 21.02973560 39.90000000
v -10.20000000 21.30000000 39.79042843
v -10.08058812 21.60000000 30.30000000
v -10.20000000 21.60000000 30.24595414
v -10.20000000 21.60000000 39.61667220
v -10.20000000 21.66772654 30.30000000
v -10.20000000 21.90000000 30.47957302
v -10.20000000 21.62480793 39.60000000
v -10.20000000 21.90000000 39.40851020
v -10.20000000 22.07376974 30.60000000
v -10.20000000 22.20000000 30.67875729
v -10.20000000 22.05391236 39.30000000
v -10.20000000 22.20000000 39.19815081
v -10.01719541 22.50000000 30.90000000
v -10.20000000 22.50000000 30.80881711
v -10.20000000 22.50000000 39.00000000
v -10.20000000 22.80000000 30.90000000
v -10.20000000 22.80000000 38.85786712
v -10.18931548 23.10000000 31.20000000
v -10.20000000 23.10000000 31.19402169
v -10.20000000 23.10000000 38.70000000
v -10.20000000 23.10617523 31.20000000
v -10.20000000 23.40000000 31.50000000
v -10.20000000 23.40000000 38.40000000
v -10.20000000 23.58066293 31.80000000
v -9.95967208 23.70000000 32.10000000
v -10.20000000 23.70000000 31.95051908
v -10.20000000 23.70000000 38.23948738
v -10.20000000 23.83400099 32.10000000
v -9.98296105 24.00000000 32.40000000
v -10.20000000 24.00000000 32.26952746
v -10.20000000 23.99626207 38.10000000
v -10.20000000 24.00000000 38.09829138
v -10.20000000 24.14447151 32.40000000
v -9.94665648 24.30000000 32.70000000
v -10.20000000 24.30000000 32.52528165
v -10.20000000 24.30000000 37.97088163
v -10.20000000 24.60000000 32.70000000
v -10.20000000 24.60000000 37.84707775
v -10.20000000 24.90000000 33.00000000
v -10.02570393 24.90000000 33.30000000
v -10.20000000 24.71140830 37.80000000
v -10.20000000 24.90000000 37.71554700
v -10.20000000 25.03476902 33.30000000
v -10.20000000 25.20000000 33.60000000
v -10.20000000 25.20000000 37.56965857
v -10.20000000 25.36033615 33.90000000
v -10.16553256 25.50000000 34.20000000
v -10.20000000 25.50000000 34.16593449
v -10.20000000 25.32668215 37.50000000
v -10.20000000 25.50000000 37.38942259
v -10.20000000 25.51741065 34.20000000
v -10.20000000 25.66137189 34.50000000
v -10.20000000 25.80000000 34.80000000
v -10.09713219 25.80000000 35.10000000
v -9.99146694 25.80000000 35.40000000
v -9.94927514 25.80000000 36.60000000
v -10.05473220 25.80000000 36.90000000
v -10.20000000 25.80000000 37.20000000
v -10.20000000 25.85270215 35.10000000
v -10.20000000 25.90405838 35.40000000
v -10.20000000 25.94368592 35.70000000
v -10.20000000 25.95667297 36.00000000
v -10.20000000 25.95555460 36.30000000
v -10.20000000 25.93058478 36.60000000
v -10.20000000 25.87548004 36.90000000
v -10.50000000 12.00000000 30.60000000
v -10.50000000 11.96284302 30.90000000
v -10.50000000 11.96010003 31.20000000
v -10.50000000 11.97613579 31.50000000
v -10.50000000 12.00000000 31.80000000
v -10.50000000 12.27204627 30.30000000
v -10.50000000 12.30000000 30.27178298
v -10.50000000 12.09449794 32.10000000
v -10.50000000 12.15155983 32.40000000
v -10.50000000 12.19988158 32.70000000
v -10.50000000 12.24851057 33.00000000
v -10.50000000 12.30000000 33.30000000
v -10.50000000 12.60000000 30.00000000
v -10.50000000 12.42202259 33.60000000
v -10.50000000 12.54658745 33.90000000
v -10.50000000 12.60000000 34.02295405
v -10.50000000 12.90000000 29.95706416
v -10.50000000 12.67675097 34.20000000
v -10.50000000 12.80433258 34.50000000
v -10.50000000 12.90000000 34.73986448
v -10.50000000 13.20000000 29.93831727
v -10.50000000 12.92327698 34.80000000
v -10.50000000 13.02008708 35.10000000
v -10.50000000 13.11064809 35.40000000
v -10.50000000 13.20000000 35.70000000
v -10.50000000 13.50000000 29.90592312
v -10.50000000 13.36603300 36.00000000
v -10.50000000 13.50000000 36.30000000
v -10.50000000 13.80000000 29.80730782
v -10.50000000 13.80000000 36.57908072
v -10.50000000 14.10000000 27.30000000
v -10.50000000 14.09586163 27.60000000
v -10.50000000 14.09627126 27.90000000
v -10.50000000 14.10000000 28.20000000
v -10.50000000 14.10000000 29.40000000
v -10.50000000 13.92789317 29.70000000
v -10.50000000 13.81317138 36.60000000
v -10.50000000 13.96298281 36.90000000
v -10.50000000 14.09457708 37.20000000
v -10.50000000 14.10000000 37.21184490
v -10.50000000 14.40000000 26.70000000
v -10.50000000 14.30372808 27.00000000
v -10.50000000 14.21952404 28.50000000
v -10.50000000 14.25099944 28.80000000
v -10.50000000 14.22316801 29.10000000
v -10.50000000 14.23026501 37.50000000
v -10.50000000 14.37671127 37.80000000
v -10.50000000 14.40000000 37.84225340
v -10.50000000 14.70000000 26.68348647
v -10.50000000 14.55000555 38.10000000
v -10.50000000 14.70000000 38.32716580
v -10.50000000 15.00000000 26.67005753
v -10.50000000 14.75183744 38.40000000
v -10.50000000 15.00000000 38.70000000
v -10.50000000 15.30000000 26.65592757
v -10.50000000 15.30000000 38.92911054
v -10.50000000 15.60000000 26.64587939
v -10.50000000 15.41105408 39.00000000
v -10.50000000 15.60000000 39.11111550
v -10.50000000 15.90000000 26.64387910
v -10.50000000 15.90000000 39.27044140
v -10.50000000 16.20000000 26.65300074
v -10.50000000 15.96047790 39.30000000
v -10.50000000 16.20000000 39.41293500
v -10.50000000 16.50000000 26.67199550
v -10.50000000 16.50000000 39.52886679
v -10.50000000 16.80000000 26.70000000
v -10.50000000 16.75933578 39.60000000
v -10.50000000 16.80000000 39.61089640
v -10.50000000 17.10000000 26.79824697
v -10.50000000 17.10000000 39.65601032
v -10.50000000 17.40000000 26.89941852
v -10.50000000 17.40000000 39.66712200
v -10.50000000 17.70000000 27.00000000
v -10.50000000 17.70000000 39.65246170
v -10.50000000 18.00000000 27.16060268
v -10.50000000 18.00000000 39.62234805
v -10.50000000 18.29088612 27.30000000
v -10.50000000 18.30000000 27.30446712
v -10.50000000 18.30000000 39.60000000
v -10.50000000 18.60000000 27.43776567
v -10.50000000 18.60000000 39.60000000
v -10.50000000 18.90000000 27.59550596
v -10.50000000 18.90000000 39.60000000
v -10.50000000 18.90542767 27.60000000
v -10.50000000 19.16875171 27.90000000
v -10.50000000 19.20000000 27.93845438
v -10.50000000 19.20000000 39.62222793
v -10.50000000 19.41887840 28.20000000
v -10.50000000 19.50000000 28.28620774
v -10.50000000 19.50000000 39.67889072
v -10.50000000 19.70956560 28.50000000
v -10.50000000 19.80000000 28.58819192
v -10.50000000 19.80000000 39.75575720
v -10.50000000 20.02079828 28.80000000
v -10.50000000 20.10000000 28.87909323
v -10.50000000 20.10000000 39.83516041
v -10.50000000 20.32168946 29.10000000
v -10.50000000 20.40000000 29.19351518
v -10.50000000 20.40000000 39.90000000
v -10.50000000 20.57151927 29.40000000
v -10.50000000 20.70000000 29.70000000
v -10.50000000 20.70000000 39.91857959
v -10.50000000 21.00000000 29.76340437
v -10.50000000 21.00000000 39.90000000
v -10.50000000 21.30000000 29.91080425
v -10.50000000 21.30000000 39.76827107
v -10.50000000 21.42524183 30.00000000
v -10.50000000 21.60000000 30.12573611
v -10.50000000 21.60000000 39.60335118
v -10.50000000 21.82155779 30.30000000
v -10.50000000 21.90000000 30.36056215
v -10.50000000 21.60535817 39.60000000
v -10.50000000 21.90000000 39.40970053
v -10.50000000 22.20000000 30.60000000
v -10.50000000 22.06028704 39.30000000
v -10.50000000 22.20000000 39.20310031
v -10.50000000 22.50000000 30.71000233
v -10.50000000 22.50000000 39.00000000
v -10.50000000 22.80000000 30.83808678
v -10.50000000 22.80000000 38.85822897
v -10.50000000 22.89778186 30.90000000
v -10.50000000 23.10000000 31.05815083
v -10.50000000 23.10000000 38.70000000
v -10.50000000 23.25381821 31.20000000
v -10.50000000 23.40000000 31.35542881
v -10.50000000 23.40000000 38.40000000
v -10.50000000 23.51889357 31.50000000
v -10.50000000 23.70000000 31.80000000
v -10.50000000 23.70000000 38.23135888
v -10.50000000 23.98987114 32.10000000
v -10.50000000 24.00000000 32.11021478
v -10.50000000 23.97750821 38.10000000
v -10.50000000 24.00000000 38.08992441
v -10.50000000 24.30000000 32.40000000
v -10.50000000 24.30000000 37.97011334
v -10.50000000 24.60000000 32.57142995
v -10.50000000 24.60000000 37.85722458
v -10.50000000 24.76109356 32.70000000
v -10.50000000 24.90000000 32.83503000
v -10.50000000 24.75261761 37.80000000
v -10.50000000 24.90000000 37.74278749
v -10.50000000 25.03329948 33.00000000
v -10.50000000 25.20000000 33.30000000
v -10.50000000 25.20000000 37.61592392
v -10.50000000 25.34981285 33.60000000
v -10.50000000 25.50000000 33.90000000
v -10.50000000 25.42775656 37.50000000
v -10.50000000 25.50000000 37.45606904
v -10.50000000 25.65895662 34.20000000
v -10.50000000 25.80000000 34.50000000
v -10.50000000 25.80000000 37.20083551
v -10.50000000 25.91985160 34.80000000
v -10.50000000 25.97442280 35.10000000
v -10.50000000 26.02515435 35.40000000
v -10.50000000 26.09966654 35.70000000
v -10.50000000 26.10000000 36.00000000
v -10.50000000 26.10000000 36.30000000
v -10.50000000 26.04824354 36.60000000
v -10.50000000 25.94985537 36.90000000
v -10.50000000 25.80068586 37.20000000
v -10.54092130 12.00000000 30.90000000
v -10.55098330 12.00000000 31.20000000
v -10.53618946 12.00000000 31.50000000
v -10.52532205 12.30000000 30.30000000
v -10.72304078 12.30000000 30.60000000
v -10.80000000 12.26189637 30.90000000
v -10.80000000 12.30000000 30.80061914
v -10.80000000 12.20177421 31.20000000
v -10.80000000 12.18105219 31.50000000
v -10.80000000 12.19243489 31.80000000
v -10.80000000 12.23181618 32.10000000
v -10.80000000 12.27576534 32.40000000
v -10.75658498 12.30000000 32.70000000
v -10.80000000 12.30000000 32.57480171
v -10.63947537 12.30000000 33.00000000
v -10.80000000 12.60000000 30.30000000
v -10.80000000 12.39831710 30.60000000
v -10.80000000 12.31689053 32.70000000
v -10.80000000 12.36047300 33.00000000
v -10.80000000 12.41938101 33.30000000
v -10.80000000 12.50769405 33.60000000
v -10.72166904 12.60000000 33.90000000
v -10.80000000 12.60000000 33.84932844
v -10.55106600 12.90000000 30.00000000
v -10.80000000 12.90000000 30.22970872
v -10.80000000 12.61909002 33.90000000
v -10.80000000 12.73909288 34.20000000
v -10.80000000 12.85622256 34.50000000
v -10.80000000 12.90000000 34.62028685
v -10.58367445 13.20000000 30.00000000
v -10.80000000 13.20000000 30.16855884
v -10.80000000 12.96441693 34.80000000
v -10.80000000 13.06013264 35.10000000
v -10.80000000 13.15204864 35.40000000
v -10.80000000 13.20000000 35.53117928
v -10.64949980 13.50000000 30.00000000
v -10.80000000 13.50000000 30.09737968
v -10.80000000 13.27104262 35.70000000
v -10.80000000 13.45221195 36.00000000
v -10.80000000 13.50000000 36.06274190
v -10.80000000 13.80000000 30.00000000
v -10.80000000 13.80000000 36.30000000
v -10.50368695 14.10000000 27.60000000
v -10.50367999 14.10000000 27.90000000
v -10.74351191 14.10000000 29.70000000
v -10.80000000 14.10000000 29.74615276
v -10.80000000 13.87969549 36.60000000
v -10.80000000 13.98183270 36.90000000
v -10.80000000 14.09655701 37.20000000
v -10.80000000 14.10000000 37.20822717
v -10.57000789 14.40000000 27.00000000
v -10.66225114 14.40000000 27.30000000
v -10.72508497 14.40000000 27.60000000
v -10.77018396 14.40000000 27.90000000
v -10.80000000 14.40000000 28.20000000
v -10.80000000 14.40000000 28.50000000
v -10.80000000 14.40000000 28.80000000
v -10.80000000 14.38395208 29.10000000
v -10.80000000 14.30245366 29.40000000
v -10.80000000 14.13929210 29.70000000
v -10.80000000 14.22068439 37.50000000
v -10.80000000 14.36149794 37.80000000
v -10.80000000 14.40000000 37.87254552
v -10.51538763 14.70000000 26.70000000
v -10.69765042 14.70000000 27.00000000
v -10.80000000 14.65424402 27.30000000
v -10.80000000 14.70000000 27.24236142
v -10.80000000 14.51096302 27.60000000
v -10.80000000 14.43549360 27.90000000
v -10.80000000 14.52912111 38.10000000
v -10.80000000 14.70000000 38.35500250
v -10.53264340 15.00000000 26.70000000
v -10.80000000 15.00000000 27.00000000
v -10.80000000 14.73283483 38.40000000
v -10.80000000 14.98831117 38.70000000
v -10.80000000 15.00000000 38.71105313
v -10.55646610 15.30000000 26.70000000
v -10.80000000 15.30000000 26.92204311
v -10.80000000 15.30000000 38.94337842
v -10.58250737 15.60000000 26.70000000
v -10.80000000 15.60000000 26.85894120
v -10.80000000 15.38746201 39.00000000
v -10.80000000 15.60000000 39.12519674
v -10.60169903 15.90000000 26.70000000
v -10.80000000 15.90000000 26.81634276
v -10.80000000 15.90000000 39.28642925
v -10.59656500 16.20000000 26.70000000
v -10.80000000 16.20000000 26.80522332
v -10.80000000 15.92627652 39.30000000
v -10.80000000 16.20000000 39.43793001
v -10.56322394 16.50000000 26.70000000
v -10.80000000 16.50000000 26.81338486
v -10.80000000 16.50000000 39.55785873
v -10.80000000 16.80000000 26.84276037
v -10.80000000 16.67592355 39.60000000
v -10.80000000 16.80000000 39.62828700
v -10.80000000 17.10000000 26.90504651
v -10.80000000 17.10000000 39.65431311
v -10.80000000 17.40000000 26.98644842
v -10.80000000 17.40000000 39.64141057
v -10.80000000 17.44252969 27.00000000
v -10.80000000 17.70000000 27.08566317
v -10.80000000 17.70000000 39.60000000
v -10.80000000 18.00000000 27.20457832
v -10.57401360 18.00000000 39.60000000
v -10.80000000 18.00000000 39.52796971
v -10.80000000 18.23639908 27.30000000
v -10.80000000 18.30000000 27.32657949
v -10.80000000 18.30000000 39.46439749
v -10.80000000 18.60000000 27.44630776
v -10.80000000 18.60000000 39.44275512
v -10.80000000 18.90000000 27.59535589
v -10.80000000 18.90000000 39.45257130
v -10.80000000 18.90588989 27.60000000
v -10.80000000 19.19079040 27.90000000
v -10.80000000 19.20000000 27.91032870
v -10.55479864 19.20000000 39.60000000
v -10.80000000 19.20000000 39.49634485
v -10.80000000 19.46437469 28.20000000
v -10.80000000 19.50000000 28.23506283
v -10.71722748 19.50000000 39.60000000
v -10.80000000 19.50000000 39.56869755
v -10.80000000 19.77916816 28.50000000
v -10.80000000 19.80000000 28.51904338
v -10.80000000 19.60176144 39.60000000
v -10.80000000 19.80000000 39.65968830
v -10.75478361 20.10000000 28.80000000
v -10.80000000 20.10000000 28.78710096
v -10.80000000 20.10000000 39.74822348
v -10.80000000 20.11528763 28.80000000
v -10.68206690 20.40000000 29.10000000
v -10.80000000 20.40000000 29.05139173
v -10.80000000 20.40000000 39.81325211
v -10.80000000 20.46414581 29.10000000
v -10.66022448 20.70000000 29.40000000
v -10.80000000 20.70000000 29.28681886
v -10.57095362 20.70000000 39.90000000
v -10.80000000 20.70000000 39.83577408
v -10.80000000 21.00000000 29.40000000
v -10.59635102 21.00000000 29.70000000
v -10.80000000 21.00000000 39.80422751
v -10.80000000 21.18856021 29.70000000
v -10.80000000 21.30000000 29.79072292
v -10.80000000 21.30000000 39.70622750
v -10.80000000 21.57644750 30.00000000
v -10.80000000 21.60000000 30.01611608
v -10.52330704 21.60000000 39.60000000
v -10.80000000 21.52065244 39.60000000
v -10.80000000 21.60000000 39.56020387
v -10.64011990 21.90000000 30.30000000
v -10.80000000 21.90000000 30.23137202
v -10.80000000 21.90000000 39.38444513
v -10.80000000 21.99832349 30.30000000
v -10.80000000 22.20000000 30.43347523
v -10.80000000 22.03364430 39.30000000
v -10.80000000 22.20000000 39.19264492
v -10.80000000 22.50000000 30.60000000
v -10.80000000 22.50000000 39.00000000
v -10.80000000 22.80000000 30.74108770
v -10.80000000 22.80000000 38.85970671
v -10.80000000 23.05364596 30.90000000
v -10.80000000 23.10000000 30.93328225
v -10.80000000 23.10000000 38.70000000
v -10.78386072 23.40000000 31.20000000
v -10.80000000 23.40000000 31.19212965
v -10.80000000 23.40000000 38.40000000
v -10.80000000 23.40813705 31.20000000
v -10.80000000 23.70000000 31.50000000
v -10.80000000 23.70000000 38.19336550
v -10.80000000 23.88255457 31.80000000
v -10.51929469 24.00000000 32.10000000
v -10.80000000 24.00000000 31.94125657
v -10.80000000 23.89454536 38.10000000
v -10.80000000 24.00000000 38.05648646
v -10.80000000 24.15865462 32.10000000
v -10.80000000 24.30000000 32.21740420
v -10.80000000 24.30000000 37.95229423
v -10.80000000 24.60000000 32.40000000
v -10.80000000 24.60000000 37.85342797
v -10.74303648 24.90000000 32.70000000
v -10.80000000 24.90000000 32.67122918
v -10.80000000 24.76100010 37.80000000
v -10.80000000 24.90000000 37.75264973
v -10.80000000 24.92830493 32.70000000
v -10.80000000 25.20000000 33.00000000
v -10.80000000 25.20000000 37.63996056
v -10.80000000 25.33265677 33.30000000
v -10.80000000 25.47369497 33.60000000
v -10.80000000 25.50000000 33.65264113
v -10.80000000 25.50000000 37.50000000
v -10.80000000 25.62581320 33.90000000
v -10.80000000 25.79010489 34.20000000
v -10.80000000 25.80000000 34.21871749
v -10.80000000 25.80000000 37.20000000
v -10.80000000 25.95997596 34.50000000
v -10.80000000 26.08864777 34.80000000
v -10.80000000 26.10000000 35.10000000
v -10.80000000 26.10000000 35.40000000
v -10.50052183 26.10000000 35.70000000
v -10.80000000 26.10000000 36.60000000
v -10.80000000 25.96876524 36.90000000
v -10.80000000 26.40000000 35.70000000
v -10.79424021 26.40000000 36.00000000
v -10.80000000 26.40000000 36.30000000
v -10.80000000 26.40385687 36.00000000
v -10.83648633 12.30000000 30.90000000
v -10.91536806 12.30000000 31.20000000
v -10.96607605 12.30000000 31.50000000
v -10.96844018 12.30000000 31.80000000
v -10.92426800 12.30000000 32.10000000
v -10.85035411 12.30000000 32.40000000
v -10.93962911 12.60000000 30.60000000
v -11.10000000 12.60000000 30.90000000
v -11.10000000 12.46827248 31.20000000
v -11.10000000 12.39811215 31.50000000
v -11.10000000 12.38537964 31.80000000
v -11.10000000 12.39884247 32.10000000
v -11.10000000 12.42180927 32.40000000
v -11.10000000 12.44984086 32.70000000
v -11.10000000 12.48622702 33.00000000
v -11.10000000 12.53566896 33.30000000
v -11.10000000 12.60000000 33.60000000
v -10.86745910 12.90000000 30.30000000
v -11.10000000 12.90000000 30.60000000
v -11.10000000 12.70382901 33.90000000
v -11.10000000 12.81249667 34.20000000
v -11.00379101 12.90000000 34.50000000
v -11.10000000 12.90000000 34.44233014
v -10.95617583 13.20000000 30.30000000
v -11.10000000 13.20000000 30.44171650
v -11.10000000 12.92064769 34.50000000
v -11.10000000 13.02309933 34.80000000
v -11.10000000 13.11811404 35.10000000
v -11.10000000 13.20000000 35.40000000
v -11.10000000 13.50000000 30.30000000
v -11.10000000 13.33223421 35.70000000
v -11.10000000 13.50000000 36.00000000
v -11.10000000 13.80000000 30.19755639
v -11.10000000 13.80000000 36.30000000
v -11.07376781 14.10000000 30.00000000
v -11.10000000 14.10000000 30.02123983
v -11.10000000 13.91225046 36.60000000
v -11.10000000 14.00134210 36.90000000
v -11.10000000 14.10000000 37.20000000
v -10.82375716 14.40000000 29.10000000
v -10.92839609 14.40000000 29.40000000
v -11.10000000 14.40000000 29.70000000
v -11.10000000 14.12590018 30.00000000
v -11.10000000 14.21695937 37.50000000
v -11.10000000 14.35193577 37.80000000
v -11.10000000 14.40000000 37.89718888
v -10.82313797 14.70000000 27.30000000
v -10.91962521 14.70000000 27.60000000
v -11.00502895 14.70000000 27.90000000
v -11.10000000 14.70000000 28.20000000
v -11.10000000 14.66211728 28.50000000
v -11.10000000 14.63737394 28.80000000
v -11.10000000 14.60215990 29.10000000
v -11.10000000 14.53287584 29.40000000
v -11.10000000 14.50876679 38.10000000
v -11.10000000 14.70000000 38.40000000
v -10.95928025 15.00000000 27.30000000
v -11.10000000 15.00000000 27.60000000
v -11.10000000 14.84549186 27.90000000
v -11.10000000 14.92086763 38.70000000
v -11.10000000 15.00000000 38.76409169
v -10.87201034 15.30000000 27.00000000
v -11.08817043 15.30000000 27.30000000
v -11.10000000 15.30000000 27.32141073
v -11.10000000 15.30000000 38.96782346
v -10.96694730 15.60000000 27.00000000
v -11.10000000 15.32723706 27.30000000
v -11.10000000 15.60000000 27.14596714
v -11.10000000 15.35136511 39.00000000
v -11.10000000 15.60000000 39.14200556
v -11.10000000 15.90000000 27.00000000
v -11.10000000 15.90000000 39.30000000
v -11.10000000 16.20000000 26.99164564
v -11.10000000 16.20000000 39.46909320
v -11.10000000 16.50000000 26.99050505
v -11.10000000 16.50000000 39.60000000
v -11.10000000 16.80000000 27.00000000
v -11.10000000 16.80000000 39.64902993
v -11.00731720 17.10000000 27.00000000
v -11.10000000 17.10000000 27.04512997
v -11.10000000 17.10000000 39.65524860
v -10.83485633 17.40000000 27.00000000
v -11.10000000 17.40000000 27.10645204
v -11.10000000 17.40000000 39.61637757
v -11.10000000 17.70000000 27.18515294
v -11.10000000 17.46499095 39.60000000
v -11.10000000 17.70000000 39.53829459
v -11.10000000 18.00000000 27.28311995
v -11.10000000 18.00000000 39.42944198
v -11.10000000 18.04493373 27.30000000
v -11.10000000 18.30000000 27.40731536
v -11.10000000 18.30000000 39.30000000
v -11.10000000 18.60000000 27.53170831
v -11.08915014 18.60000000 39.30000000
v -11.10000000 18.60000000 39.29527915
v -11.10000000 18.90000000 27.60000000
v -11.10000000 18.90000000 39.30000000
v -11.10000000 19.12186316 27.90000000
v -11.10000000 19.20000000 27.96757912
v -11.10000000 19.20000000 39.36241654
v -11.10000000 19.45593450 28.20000000
v -11.10000000 19.50000000 28.23565044
v -11.10000000 19.50000000 39.43959760
v -10.95805686 19.80000000 28.50000000
v -11.10000000 19.80000000 28.48384910
v -10.95147616 19.80000000 39.60000000
v -11.10000000 19.80000000 39.53990627
v -11.10000000 19.82002129 28.50000000
v -11.10000000 20.10000000 28.72436983
v -11.10000000 19.97936511 39.60000000
v -11.10000000 20.10000000 39.63948796
v -11.10000000 20.19910748 28.80000000
v -11.10000000 20.40000000 28.95566923
v -11.10000000 20.40000000 39.70982630
v -11.10000000 20.61145200 29.10000000
v -11.10000000 20.70000000 29.15924229
v -11.10000000 20.70000000 39.73239480
v -11.10000000 21.00000000 29.33459616
v -11.10000000 21.00000000 39.70400300
v -11.10000000 21.08085205 29.40000000
v -11.10000000 21.30000000 29.70000000
v -11.10000000 21.30000000 39.62058917
v -10.84470029 21.60000000 30.00000000
v -11.10000000 21.60000000 29.90321530
v -11.10000000 21.34923151 39.60000000
v -11.10000000 21.60000000 39.49189395
v -11.10000000 21.73454363 30.00000000
v -11.10000000 21.90000000 30.10875741
v -11.10000000 21.90000000 39.33610729
v -11.10000000 22.20000000 30.30000000
v -11.10000000 21.96445158 39.30000000
v -11.10000000 22.20000000 39.16569071
v -11.10000000 22.50000000 30.44663648
v -11.10000000 22.50000000 39.00000000
v -11.10000000 22.80000000 30.60000000
v -11.10000000 22.80000000 38.85602035
v -10.87374132 23.10000000 30.90000000
v -11.10000000 23.10000000 30.80314046
v -11.10000000 23.10000000 38.70000000
v -11.10000000 23.22619534 30.90000000
v -11.10000000 23.40000000 31.04730608
v -11.10000000 23.38421614 38.40000000
v -11.10000000 23.40000000 38.38427332
v -11.10000000 23.55973369 31.20000000
v -11.10000000 23.70000000 31.35210689
v -11.10000000 23.70000000 38.10000000
v -11.10000000 23.82014805 31.50000000
v -11.10000000 24.00000000 31.80000000
v -11.10000000 24.00000000 38.00881744
v -11.10000000 24.30000000 32.10000000
v -11.10000000 24.30000000 37.92057589
v -11.10000000 24.60000000 32.27745557
v -11.10000000 24.60000000 37.83456592
v -11.10000000 24.75467933 32.40000000
v -11.10000000 24.90000000 32.52874576
v -11.10000000 24.71407744 37.80000000
v -11.10000000 24.90000000 37.74177937
v -11.10000000 25.06331586 32.70000000
v -11.10000000 25.20000000 32.87285917
v -11.10000000 25.20000000 37.63778937
v -11.10000000 25.28080199 33.00000000
v -11.10000000 25.42750144 33.30000000
v -10.87789050 25.50000000 33.60000000
v -11.10000000 25.50000000 33.45046780
v -11.10000000 25.50000000 37.50040363
v -11.10000000 25.57314707 33.60000000
v -11.10000000 25.72523706 33.90000000
v -10.82934851 25.80000000 34.20000000
v -11.10000000 25.80000000 34.04011438
v -11.10000000 25.50056628 37.50000000
v -11.10000000 25.80000000 37.20306873
v -11.10000000 25.88911617 34.20000000
v -11.10000000 26.08254997 34.50000000
v -10.81730453 26.10000000 34.80000000
v -11.10000000 26.10000000 34.52529610
v -11.10000000 26.10000000 36.60000000
v -11.10000000 25.96251647 36.90000000
v -11.10000000 25.80233531 37.20000000
v -11.10000000 26.40000000 34.80000000
v -11.10000000 26.40000000 35.10000000
v -11.05574962 26.40000000 35.40000000
v -11.10000000 26.40000000 36.30000000
v -11.10000000 26.42727860 35.40000000
v -11.10000000 26.48836654 35.70000000
v -11.10000000 26.49015151 36.00000000
v -11.24029204 12.60000000 31.20000000
v -11.40000000 12.60000000 31.50000000
v -11.40000000 12.59762718 31.80000000
v -11.40000000 12.59148802 32.10000000
v -11.40000000 12.58747857 32.40000000
v -11.40000000 12.59604289 32.70000000
v -11.35566817 12.60000000 33.00000000
v -11.40000000 12.60000000 32.74870647
v -11.25579823 12.60000000 33.30000000
v -11.30817402 12.90000000 30.90000000
v -11.40000000 12.78219968 31.20000000
v -11.40000000 12.90000000 31.04727193
v -11.40000000 12.62009187 33.00000000
v -11.40000000 12.66049485 33.30000000
v -11.40000000 12.72007481 33.60000000
v -11.40000000 12.80242401 33.90000000
v -11.40000000 12.90000000 34.20000000
v -11.24853936 13.20000000 30.60000000
v -11.40000000 13.04456869 30.90000000
v -11.40000000 13.20000000 30.77983776
v -11.40000000 12.99369602 34.50000000
v -11.40000000 13.09117092 34.80000000
v -11.40000000 13.20000000 35.10000000
v -11.40000000 13.50000000 30.60000000
v -11.40000000 13.28245874 35.40000000
v -11.40000000 13.39458542 35.70000000
v -11.40000000 13.50000000 36.00000000
v -11.22007670 13.80000000 30.30000000
v -11.40000000 13.80000000 30.46144029
v -11.40000000 13.80000000 36.29015955
v -11.40000000 14.10000000 30.30000000
v -11.40000000 13.80556011 36.30000000
v -11.40000000 13.92487757 36.60000000
v -11.40000000 14.01157707 36.90000000
v -11.40000000 14.10000000 37.20000000
v -11.35282581 14.40000000 30.00000000
v -11.40000000 14.40000000 30.04646508
v -11.40000000 14.21515999 37.50000000
v -11.40000000 14.34713708 37.80000000
v -11.40000000 14.40000000 37.91653008
v -11.13700132 14.70000000 28.50000000
v -11.16736613 14.70000000 28.80000000
v -11.21502031 14.70000000 29.10000000
v -11.29839854 14.70000000 29.40000000
v -11.40000000 14.70000000 29.70000000
v -11.40000000 14.44634898 30.00000000
v -11.40000000 14.48929610 38.10000000
v -11.40000000 14.61403129 38.40000000
v -11.40000000 14.70000000 38.70000000
v -11.18898493 15.00000000 27.90000000
v -11.27845508 15.00000000 28.20000000
v -11.40000000 15.00000000 28.50000000
v -11.40000000 14.95408529 28.80000000
v -11.40000000 14.87836409 29.10000000
v -11.40000000 14.78448853 29.40000000
v -11.40000000 15.00000000 38.83009464
v -11.24059266 15.30000000 27.60000000
v -11.33891049 15.30000000 27.90000000
v -11.40000000 15.30000000 28.20000000
v -11.40000000 15.30000000 38.99268298
v -11.21719541 15.60000000 27.30000000
v -11.40000000 15.60000000 27.60000000
v -11.40000000 15.41220426 27.90000000
v -11.40000000 15.31179643 39.00000000
v -11.40000000 15.60000000 39.16813028
v -11.33642664 15.90000000 27.30000000
v -11.40000000 15.90000000 27.39134780
v -11.40000000 15.81925035 39.30000000
v -11.40000000 15.90000000 39.34706657
v -11.11068560 16.20000000 27.00000000
v -11.40000000 16.11209292 27.30000000
v -11.40000000 16.20000000 27.27223599
v -11.40000000 16.20000000 39.50562330
v -11.11367834 16.50000000 27.00000000
v -11.40000000 16.50000000 27.22617869
v -11.40000000 16.45207224 39.60000000
v -11.40000000 16.50000000 39.61657785
v -11.40000000 16.80000000 27.20874914
v -11.40000000 16.80000000 39.66395514
v -11.40000000 17.10000000 27.21511800
v -11.40000000 17.10000000 39.65867895
v -11.40000000 17.40000000 27.24525086
v -11.40000000 17.40000000 39.60014937
v -11.40000000 17.70000000 27.30000000
v -11.40000000 17.40043195 39.60000000
v -11.40000000 17.70000000 39.49129389
v -11.14978849 18.00000000 27.30000000
v -11.40000000 18.00000000 27.39128123
v -11.40000000 18.00000000 39.35964477
v -11.40000000 18.30000000 27.52347795
v -11.40000000 18.17196528 39.30000000
v -11.40000000 18.30000000 39.26105781
v -11.20743736 18.60000000 27.60000000
v -11.40000000 18.41146848 27.60000000
v -11.40000000 18.60000000 27.90000000
v -11.40000000 18.60000000 39.22606584
v -11.34272668 18.90000000 27.90000000
v -11.40000000 18.90000000 27.93719319
v -11.40000000 18.90000000 39.22827308
v -11.40000000 19.20000000 28.07795673
v -11.27244536 19.20000000 39.30000000
v -11.40000000 19.20000000 39.25834362
v -11.40000000 19.38332058 28.20000000
v -11.40000000 19.50000000 28.27294160
v -11.40000000 19.50000000 39.30000000
v -11.40000000 19.80000000 28.48026364
v -11.40000000 19.80000000 39.41302272
v -11.40000000 19.82806465 28.50000000
v -11.40000000 20.10000000 28.69080706
v -11.19777008 20.10000000 39.60000000
v -11.40000000 20.10000000 39.51655788
v -11.40000000 20.26018814 28.80000000
v -11.40000000 20.40000000 28.89664461
v -11.40000000 20.40000000 39.60000000
v -11.40000000 20.70000000 29.10000000
v -11.40000000 20.70000000 39.61706492
v -11.40000000 21.00000000 29.22607931
v -11.40000000 21.00000000 39.60000000
v -11.40000000 21.30000000 29.40000000
v -11.16001031 21.30000000 39.60000000
v -11.40000000 21.30000000 39.51585956
v -11.40000000 21.51067374 29.70000000
v -11.40000000 21.60000000 29.78125881
v -11.40000000 21.60000000 39.40380780
v -11.40000000 21.90000000 30.00000000
v -11.25469658 21.90000000 39.30000000
v -11.40000000 21.82743856 39.30000000
v -11.40000000 21.90000000 39.26520910
v -11.40000000 22.20000000 30.15820957
v -11.40000000 22.20000000 39.11546133
v -11.40000000 22.50000000 30.30000000
v -11.40000000 22.44132815 39.00000000
v -11.40000000 22.50000000 38.97095504
v -11.40000000 22.80000000 30.45917980
v -11.40000000 22.80000000 38.82795938
v -11.40000000 23.00259055 30.60000000
v -11.40000000 23.10000000 30.67116389
v -11.40000000 23.10000000 38.70000000
v -11.40000000 23.40000000 30.90000000
v -11.40000000 23.31300076 38.40000000
v -11.40000000 23.40000000 38.31708706
v -11.37253236 23.70000000 31.20000000
v -11.40000000 23.70000000 31.18625442
v -11.40000000 23.67781165 38.10000000
v -11.40000000 23.70000000 38.08683670
v -11.40000000 23.71440011 31.20000000
v -11.40000000 24.00000000 31.50000000
v -11.40000000 24.00000000 37.96390594
v -11.40000000 24.19698298 31.80000000
v -11.40000000 24.30000000 31.90314658
v -11.40000000 24.30000000 37.87243198
v -11.40000000 24.60000000 32.10000000
v -11.40000000 24.60000000 37.80000000
v -11.36704621 24.90000000 32.40000000
v -11.40000000 24.90000000 32.38366048
v -11.40000000 24.90000000 37.70423243
v -11.40000000 24.91566475 32.40000000
v -11.40000000 25.20000000 32.70000000
v -11.40000000 25.20000000 37.60649608
v -11.40000000 25.37817797 33.00000000
v -11.40000000 25.50000000 33.30000000
v -11.40000000 25.50000000 37.50000000
v -11.40000000 25.65366520 33.60000000
v -11.40000000 25.80000000 33.90000000
v -11.40000000 25.80000000 37.20000000
v -11.40000000 25.94531495 34.20000000
v -11.40000000 26.10000000 34.50000000
v -11.40000000 26.10000000 36.60000000
v -11.40000000 25.93563160 36.90000000
v -11.40000000 26.40000000 34.80000000
v -11.40000000 26.40000000 36.30000000
v -11.40000000 26.49516813 35.10000000
v -11.40000000 26.52719258 35.40000000
v -11.40000000 26.53698245 35.70000000
v -11.40000000 26.50982181 36.00000000
v -11.40288555 12.60000000 31.80000000
v -11.41246924 12.60000000 32.10000000
v -11.42182052 12.60000000 32.40000000
v -11.40785059 12.60000000 32.70000000
v -11.49902871 12.90000000 31.20000000
v -11.63954457 12.90000000 31.50000000
v -11.70000000 12.90000000 31.80000000
v -11.70000000 12.80547592 32.10000000
v -11.70000000 12.76198625 32.40000000
v -11.70000000 12.74867842 32.70000000
v -11.70000000 12.75818232 33.00000000
v -11.70000000 12.78659124 33.30000000
v -11.70000000 12.83621545 33.60000000
v -11.68107084 12.90000000 33.90000000
v -11.70000000 12.90000000 33.87220931
v -11.50513126 13.20000000 30.90000000
v -11.70000000 13.14800192 31.20000000
v -11.70000000 13.20000000 31.14561446
v -11.70000000 12.96364878 31.50000000
v -11.70000000 12.90658191 33.90000000
v -11.70000000 12.98824366 34.20000000
v -11.70000000 13.07146361 34.50000000
v -11.70000000 13.15680175 34.80000000
v -11.70000000 13.20000000 34.94389542
v -11.70000000 13.50000000 30.90000000
v -11.70000000 13.24772658 35.10000000
v -11.70000000 13.34455931 35.40000000
v -11.70000000 13.47245851 35.70000000
v -11.70000000 13.50000000 35.74247645
v -11.54946049 13.80000000 30.60000000
v -11.70000000 13.80000000 30.73150131
v -11.70000000 13.80000000 36.00000000
v -11.70000000 14.10000000 30.60000000
v -11.70000000 13.86770750 36.30000000
v -11.70000000 13.94445635 36.60000000
v -11.70000000 14.01946231 36.90000000
v -11.70000000 14.10000000 37.20000000
v -11.66870250 14.40000000 30.30000000
v -11.70000000 14.40000000 30.32648210
v -11.70000000 14.21440587 37.50000000
v -11.70000000 14.34523582 37.80000000
v -11.70000000 14.40000000 37.92166011
v -11.67344389 14.70000000 30.00000000
v -11.70000000 14.43034137 30.30000000
v -11.70000000 14.70000000 30.02580066
v -11.70000000 14.48695671 38.10000000
v -11.70000000 14.61624984 38.40000000
v -11.70000000 14.70000000 38.70000000
v -11.43562195 15.00000000 28.80000000
v -11.51191464 15.00000000 29.10000000
v -11.70000000 15.00000000 29.40000000
v -11.70000000 14.91496955 29.70000000
v -11.70000000 14.72299172 30.00000000
v -11.70000000 15.00000000 38.85364828
v -11.53247570 15.30000000 28.50000000
v -11.62305102 15.30000000 28.80000000
v -11.70000000 15.30000000 29.10000000
v -11.70000000 15.30000000 39.00000000
v -11.50772844 15.60000000 27.90000000
v -11.60317089 15.60000000 28.20000000
v -11.70000000 15.60000000 28.50000000
v -11.70000000 15.41666421 28.80000000
v -11.70000000 15.60000000 39.19880460
v -11.53623567 15.90000000 27.60000000
v -11.67607942 15.90000000 27.90000000
v -11.70000000 15.75428107 28.20000000
v -11.70000000 15.90000000 27.96203315
v -11.70000000 15.75106897 39.30000000
v -11.70000000 15.90000000 39.39294412
v -11.42686457 16.20000000 27.30000000
v -11.70000000 16.20000000 27.60000000
v -11.70000000 15.94714727 27.90000000
v -11.70000000 16.20000000 39.54951214
v -11.48199344 16.50000000 27.30000000
v -11.70000000 16.50000000 27.53678334
v -11.70000000 16.35991347 39.60000000
v -11.70000000 16.50000000 39.64006182
v -11.51929774 16.80000000 27.30000000
v -11.70000000 16.80000000 27.46508386
v -11.70000000 16.80000000 39.67617923
v -11.53790297 17.10000000 27.30000000
v -11.70000000 17.10000000 27.40905485
v -11.70000000 17.10000000 39.66392432
v -11.50607241 17.40000000 27.30000000
v -11.70000000 17.40000000 27.40695201
v -11.70000000 17.40000000 39.60000000
v -11.70000000 17.70000000 27.44899842
v -11.70000000 17.70000000 39.46285829
v -11.70000000 18.00000000 27.53524632
v -11.70000000 18.00000000 39.30000000
v -11.70000000 18.30000000 27.60000000
v -11.70000000 18.30000000 39.23241953
v -11.70000000 18.54357934 27.90000000
v -11.70000000 18.60000000 27.93420998
v -11.70000000 18.60000000 39.19293730
v -11.70000000 18.90000000 28.05684046
v -11.70000000 18.90000000 39.18337862
v -11.70000000 19.20000000 28.17855304
v -11.70000000 19.20000000 39.19850238
v -11.70000000 19.24243341 28.20000000
v -11.70000000 19.50000000 28.32704397
v -11.70000000 19.50000000 39.23582970
v -11.70000000 19.80000000 28.49972163
v -11.70000000 19.80000000 39.30000000
v -11.70000000 19.80045463 28.50000000
v -11.70000000 20.10000000 28.68467739
v -11.70000000 20.10000000 39.38796729
v -11.70000000 20.29120230 28.80000000
v -11.70000000 20.40000000 28.86552729
v -11.70000000 20.40000000 39.45214852
v -11.70000000 20.70000000 29.01145647
v -11.43727336 20.70000000 39.60000000
v -11.70000000 20.70000000 39.47472577
v -11.70000000 21.00000000 29.10000000
v -11.70000000 21.00000000 39.45425359
v -11.70000000 21.30000000 29.32169885
v -11.70000000 21.30000000 39.39130980
v -11.70000000 21.39117645 29.40000000
v -11.70000000 21.60000000 29.70000000
v -11.70000000 21.60000000 39.30000000
v -11.70000000 21.90000000 29.88069489
v -11.70000000 21.90000000 39.16956784
v -11.70000000 22.09778245 30.00000000
v -11.70000000 22.20000000 30.05506752
v -11.70000000 22.20000000 39.03590784
v -11.70000000 22.50000000 30.19306529
v -11.70000000 22.28383593 39.00000000
v -11.70000000 22.50000000 38.90226616
v -11.70000000 22.80000000 30.30000000
v -11.70000000 22.80000000 38.75607455
v -11.59315787 23.10000000 30.60000000
v -11.70000000 23.10000000 30.56202983
v -11.70000000 23.10000000 38.40000000
v -11.70000000 22.87666941 38.70000000
v -11.70000000 23.14752024 30.60000000
v -11.70000000 23.40000000 30.80359291
v -11.70000000 23.40000000 38.20178787
v -11.70000000 23.51987757 30.90000000
v -11.70000000 23.70000000 31.05652269
v -11.70000000 23.56237335 38.10000000
v -11.70000000 23.70000000 38.02679194
v -11.70000000 23.86813321 31.20000000
v -11.70000000 24.00000000 31.33275110
v -11.70000000 24.00000000 37.89717093
v -11.70000000 24.16163094 31.50000000
v -11.70000000 24.30000000 31.80000000
v -11.70000000 24.30000000 37.80000000
v -11.70000000 24.60000000 31.94363832
v -11.70000000 24.60000000 37.72574847
v -11.70000000 24.75792777 32.10000000
v -11.70000000 24.90000000 32.24246832
v -11.70000000 24.90000000 37.63570025
v -11.70000000 25.03417612 32.40000000
v -11.70000000 25.20000000 32.59535403
v -11.70000000 25.20000000 37.52580823
v -11.70000000 25.27933053 32.70000000
v -11.70000000 25.50000000 33.00000000
v -11.70000000 25.25243995 37.50000000
v -11.70000000 25.50000000 37.34383758
v -11.70000000 25.59710250 33.30000000
v -11.70000000 25.71911179 33.60000000
v -11.70000000 25.80000000 33.78582452
v -11.70000000 25.64200256 37.20000000
v -11.70000000 25.80000000 36.95788087
v -11.70000000 25.85203975 33.90000000
v -11.70000000 25.98769995 34.20000000
v -11.70000000 26.10000000 34.50000000
v -11.70000000 26.04426795 36.60000000
v -11.70000000 26.10000000 36.54124215
v -11.70000000 25.83509061 36.90000000
v -11.70000000 26.40000000 34.76069957
v -11.70000000 26.40000000 36.30000000
v -11.70000000 26.42230252 34.80000000
v -11.70000000 26.51856290 35.10000000
v -11.70000000 26.54310231 35.40000000
v -11.70000000 26.52969051 35.70000000
v -11.70000000 26.48725684 36.00000000
v -11.84368876 12.90000000 32.10000000
v -11.94316675 12.90000000 32.40000000
v -12.00000000 12.90000000 32.70000000
v -12.00000000 12.90000000 33.00000000
v -11.97042342 12.90000000 33.30000000
v -11.86801771 12.90000000 33.60000000
v -11.74958075 13.20000000 31.20000000
v -12.00000000 13.20000000 31.50000000
v -12.00000000 13.08497563 31.80000000
v -12.00000000 13.00008284 32.10000000
v -12.00000000 12.93286939 32.40000000
v -12.00000000 12.91266317 33.30000000
v -12.00000000 12.95070751 33.60000000
v -12.00000000 13.01130072 33.90000000
v -12.00000000 13.08571686 34.20000000
v -12.00000000 13.15825186 34.50000000
v -11.88056107 13.20000000 34.80000000
v -12.00000000 13.20000000 34.67734104
v -12.00000000 13.46814658 31.20000000
v -12.00000000 13.50000000 31.17331928
v -12.00000000 13.22887817 34.80000000
v -12.00000000 13.30534687 35.10000000
v -12.00000000 13.40103517 35.40000000
v -12.00000000 13.50000000 35.70000000
v -11.92133166 13.80000000 30.90000000
v -12.00000000 13.80000000 30.96227328
v -12.00000000 13.80000000 35.97556687
v -12.00000000 13.88905278 30.90000000
v -12.00000000 14.10000000 30.76074808
v -12.00000000 13.81385848 36.00000000
v -12.00000000 13.90909942 36.30000000
v -12.00000000 13.97348465 36.60000000
v -12.00000000 14.03505931 36.90000000
v -12.00000000 14.10000000 37.20000000
v -12.00000000 14.31596175 30.60000000
v -12.00000000 14.40000000 30.53209653
v -12.00000000 14.21841520 37.50000000
v -12.00000000 14.34511820 37.80000000
v -12.00000000 14.40000000 37.92012645
v -12.00000000 14.70000000 30.30000000
v -12.00000000 14.49164994 38.10000000
v -12.00000000 14.70000000 38.40000000
v -11.78687896 15.00000000 29.70000000
v -12.00000000 14.98551362 30.00000000
v -12.00000000 15.00000000 29.98325769
v -12.00000000 14.79387653 38.70000000
v -12.00000000 15.00000000 38.88049466
v -11.87308329 15.30000000 29.40000000
v -12.00000000 15.30000000 29.70000000
v -12.00000000 15.30000000 39.00000000
v -11.84343551 15.60000000 28.80000000
v -11.98224898 15.60000000 29.10000000
v -12.00000000 15.45232376 29.40000000
v -12.00000000 15.60000000 29.13558772
v -12.00000000 15.60000000 39.23549847
v -11.79594739 15.90000000 28.20000000
v -11.93635067 15.90000000 28.50000000
v -12.00000000 15.78313071 28.80000000
v -12.00000000 15.90000000 28.61776628
v -12.00000000 15.61874641 29.10000000
v -12.00000000 15.69354127 39.30000000
v -12.00000000 15.90000000 39.43067091
v -11.82295753 16.20000000 27.90000000
v -11.96377741 16.20000000 28.20000000
v -12.00000000 15.99320148 28.50000000
v -12.00000000 16.20000000 28.26653503
v -12.00000000 16.20000000 39.60000000
v -11.74965665 16.50000000 27.60000000
v -11.92414920 16.50000000 27.90000000
v -12.00000000 16.27779032 28.20000000
v -12.00000000 16.50000000 28.03026127
v -12.00000000 16.50000000 39.65925766
v -11.82987726 16.80000000 27.60000000
v -12.00000000 16.80000000 27.90000000
v -12.00000000 16.80000000 39.68416478
v -12.00000000 17.10000000 27.60000000
v -12.00000000 17.10000000 39.66754485
v -12.00000000 17.40000000 27.59230120
v -12.00000000 17.40000000 39.60000000
v -12.00000000 17.70000000 27.60000000
v -12.00000000 17.70000000 39.45562587
v -11.78701916 18.00000000 27.60000000
v -12.00000000 18.00000000 27.90000000
v -12.00000000 18.00000000 39.30000000
v -11.94387161 18.30000000 27.90000000
v -12.00000000 18.30000000 27.93569835
v -12.00000000 18.30000000 39.22243880
v -12.00000000 18.60000000 28.04273732
v -12.00000000 18.60000000 39.17712841
v -12.00000000 18.90000000 28.15354140
v -12.00000000 18.90000000 39.15670492
v -11.77416564 19.20000000 28.20000000
v -12.00000000 19.02653344 28.20000000
v -12.00000000 19.20000000 28.25971038
v -12.00000000 19.20000000 39.15792913
v -12.00000000 19.50000000 28.38383392
v -12.00000000 19.50000000 39.17887343
v -11.70236167 19.80000000 28.50000000
v -12.00000000 19.73408452 28.50000000
v -12.00000000 19.80000000 28.53351149
v -12.00000000 19.80000000 39.21645073
v -12.00000000 20.10000000 28.70176207
v -11.91528411 20.10000000 39.30000000
v -12.00000000 20.10000000 39.26591472
v -12.00000000 20.27253384 28.80000000
v -12.00000000 20.40000000 28.87313125
v -12.00000000 20.33826109 39.30000000
v -12.00000000 20.40000000 39.30907921
v -12.00000000 20.70000000 29.01561967
v -12.00000000 20.70000000 39.32677452
v -12.00000000 21.00000000 29.10000000
v -12.00000000 21.00000000 39.30902129
v -12.00000000 21.30000000 29.25780845
v -11.89918821 21.30000000 39.30000000
v -12.00000000 21.04915454 39.30000000
v -12.00000000 21.30000000 39.25171259
v -12.00000000 21.60000000 29.40000000
v -12.00000000 21.60000000 39.15906043
v -12.00000000 21.82677199 29.70000000
v -12.00000000 21.90000000 29.76664330
v -12.00000000 21.90000000 39.04887757
v -12.00000000 22.20000000 30.00000000
v -11.80099299 22.20000000 39.00000000
v -12.00000000 22.02119231 39.00000000
v -12.00000000 22.20000000 38.91838687
v -12.00000000 22.50000000 30.15258764
v -12.00000000 22.50000000 38.78127557
v -12.00000000 22.80000000 30.29880706
v -12.00000000 22.80000000 38.70000000
v -12.00000000 22.80193920 30.30000000
v -12.00000000 23.10000000 30.50449516
v -12.00000000 22.97176262 38.40000000
v -12.00000000 23.10000000 38.28449209
v -12.00000000 23.23052348 30.60000000
v -12.00000000 23.40000000 30.72772369
v -11.94629697 23.40000000 38.10000000
v -12.00000000 23.36389005 38.10000000
v -12.00000000 23.40000000 38.07970611
v -12.00000000 23.63062828 30.90000000
v -12.00000000 23.70000000 30.95473286
v -12.00000000 23.70000000 37.92677009
v -11.95218280 24.00000000 31.20000000
v -12.00000000 24.00000000 31.18013795
v -12.00000000 24.00000000 37.80000000
v -12.00000000 24.02986706 31.20000000
v -11.85367785 24.30000000 31.50000000
v -12.00000000 24.30000000 31.38764026
v -12.00000000 24.30000000 37.72824739
v -12.00000000 24.60000000 31.50000000
v -11.85987864 24.60000000 31.80000000
v -12.00000000 24.60000000 37.64824855
v -12.00000000 24.70466128 31.80000000
v -12.00000000 24.90000000 32.10000000
v -12.00000000 24.90000000 37.54377866
v -12.00000000 25.12775436 32.40000000
v -12.00000000 25.20000000 32.49783861
v -11.76630747 25.20000000 37.50000000
v -12.00000000 24.99671095 37.50000000
v -12.00000000 25.20000000 37.38945239
v -12.00000000 25.33408164 32.70000000
v -12.00000000 25.50000000 32.97675055
v -12.00000000 25.50000000 37.20000000
v -12.00000000 25.51232309 33.00000000
v -12.00000000 25.63891104 33.30000000
v -12.00000000 25.75738768 33.60000000
v -12.00000000 25.80000000 33.70760040
v -12.00000000 25.80000000 36.60000000
v -11.75761510 25.80000000 36.90000000
v -12.00000000 25.64354317 36.90000000
v -12.00000000 25.88105760 33.90000000
v -12.00000000 26.02534430 34.20000000
v -12.00000000 26.10000000 34.32205469
v -12.00000000 26.10000000 36.30000000
v -12.00000000 26.40000000 34.50000000
v -12.00000000 26.40000000 36.00000000
v -12.00000000 26.46549391 34.80000000
v -12.00000000 26.51990670 35.10000000
v -12.00000000 26.50935185 35.40000000
v -12.00000000 26.45183342 35.70000000
v -12.18942082 13.20000000 31.80000000
v -12.30000000 13.20000000 32.10000000
v -12.30000000 13.08688359 32.40000000
v -12.30000000 13.04506489 32.70000000
v -12.30000000 13.03673378 33.00000000
v -12.30000000 13.04392278 33.30000000
v -12.30000000 13.06606762 33.60000000
v -12.30000000 13.11131804 33.90000000
v -12.30000000 13.20000000 34.20000000
v -12.12405994 13.20000000 34.50000000
v -12.03604647 13.50000000 31.20000000
v -12.30000000 13.39822096 31.50000000
v -12.30000000 13.50000000 31.38804409
v -12.30000000 13.26787173 31.80000000
v -12.30000000 13.26219248 34.50000000
v -12.30000000 13.32126731 34.80000000
v -12.30000000 13.37773100 35.10000000
v -12.30000000 13.47029966 35.40000000
v -12.30000000 13.50000000 35.44908397
v -12.30000000 13.80000000 31.20000000
v -12.30000000 13.80000000 35.70000000
v -12.22603753 14.10000000 30.90000000
v -12.30000000 14.10000000 30.94973553
v -12.30000000 13.87186743 36.00000000
v -12.30000000 13.94456374 36.30000000
v -12.30000000 14.00581990 36.60000000
v -12.30000000 14.06485050 36.90000000
v -12.30000000 14.10000000 37.04629459
v -12.12078763 14.40000000 30.60000000
v -12.30000000 14.15954841 30.90000000
v -12.30000000 14.40000000 30.70058908
v -12.30000000 14.13823163 37.20000000
v -12.30000000 14.23529560 37.50000000
v -12.30000000 14.34680196 37.80000000
v -12.30000000 14.40000000 37.93201837
v -12.30000000 14.51572563 30.60000000
v -12.30000000 14.70000000 30.43916968
v -12.30000000 14.47223792 38.10000000
v -12.30000000 14.60328038 38.40000000
v -12.30000000 14.70000000 38.70000000
v -12.01770705 15.00000000 30.00000000
v -12.30000000 14.85967934 30.30000000
v -12.30000000 15.00000000 30.18447382
v -12.30000000 15.00000000 39.00000000
v -12.30000000 15.30000000 30.00000000
v -12.30000000 15.30000000 39.11591686
v -12.14754331 15.60000000 29.40000000
v -12.30000000 15.60000000 29.70000000
v -12.30000000 15.60000000 39.27860525
v -12.12192746 15.90000000 28.80000000
v -12.30000000 15.90000000 29.10000000
v -12.30000000 15.72387078 29.40000000
v -12.30000000 15.63659997 39.30000000
v -12.30000000 15.90000000 39.44537542
v -12.15866041 16.20000000 28.50000000
v -12.30000000 16.05832601 28.80000000
v -12.30000000 16.20000000 28.64828674
v -12.30000000 16.20000000 39.58062370
v -12.11511352 16.50000000 28.20000000
v -12.30000000 16.50000000 28.50000000
v -12.30000000 16.27302921 39.60000000
v -12.30000000 16.50000000 39.65517502
v -12.30000000 16.80000000 28.20000000
v -12.30000000 16.80000000 39.68399429
v -12.22034807 17.10000000 27.90000000
v -12.30000000 17.10000000 27.97973402
v -12.30000000 17.10000000 39.66882504
v -12.00904154 17.40000000 27.60000000
v -12.30000000 17.40000000 27.90000000
v -12.30000000 17.40000000 39.60000000
v -12.26444062 17.70000000 27.90000000
v -12.30000000 17.70000000 27.92775458
v -12.30000000 17.70000000 39.45728603
v -12.30000000 18.00000000 28.01116200
v -12.30000000 18.00000000 39.30000000
v -12.30000000 18.30000000 28.08266053
v -12.30000000 18.30000000 39.22126616
v -12.30000000 18.60000000 28.20000000
v -12.30000000 18.60000000 39.17065855
v -12.13046931 18.90000000 28.20000000
v -12.30000000 18.90000000 28.25534925
v -12.30000000 18.90000000 39.13958124
v -12.30000000 19.20000000 28.33504559
v -12.30000000 19.20000000 39.12492062
v -12.30000000 19.50000000 28.44014229
v -12.30000000 19.50000000 39.12357185
v -12.30000000 19.63117815 28.50000000
v -12.30000000 19.80000000 28.58021445
v -12.30000000 19.80000000 39.13126504
v -12.30000000 20.10000000 28.73978246
v -12.30000000 20.10000000 39.14552322
v -12.30000000 20.20700185 28.80000000
v -12.30000000 20.40000000 28.91201465
v -12.01893389 20.40000000 39.30000000
v -12.30000000 20.40000000 39.16251847
v -12.30000000 20.70000000 29.10000000
v -12.05322536 20.70000000 39.30000000
v -12.30000000 20.70000000 39.17241925
v -12.30000000 21.00000000 29.15919843
v -12.01860434 21.00000000 39.30000000
v -12.30000000 21.00000000 39.16112074
v -12.30000000 21.30000000 29.25473056
v -12.30000000 21.30000000 39.11326074
v -12.30000000 21.60000000 29.40000000
v -12.30000000 21.60000000 39.00000000
v -12.30000000 21.89809612 29.70000000
v -12.30000000 21.90000000 29.70196376
v -12.11183772 21.90000000 39.00000000
v -12.30000000 21.90000000 38.91458273
v -12.30000000 22.20000000 30.00000000
v -12.30000000 22.20000000 38.78424999
v -12.30000000 22.50000000 30.14613511
v -12.30000000 22.50000000 38.40000000
v -12.11902250 22.50000000 38.70000000
v -12.30000000 22.32148727 38.70000000
v -12.30000000 22.80000000 30.30000000
v -12.18680868 22.80000000 38.40000000
v -12.30000000 22.80000000 38.31165256
v -12.30000000 23.10000000 30.47801491
v -12.30000000 23.10000000 38.10000000
v -12.30000000 23.28584325 30.60000000
v -12.30000000 23.40000000 30.67703381
v -12.30000000 23.40000000 37.95527289
v -12.22356319 23.70000000 30.90000000
v -12.30000000 23.70000000 30.88314161
v -12.30000000 23.70000000 37.80000000
v -12.30000000 23.72468484 30.90000000
v -12.30000000 24.00000000 31.09099370
v -12.30000000 24.00000000 37.71501975
v -12.30000000 24.16672350 31.20000000
v -12.30000000 24.30000000 31.28873332
v -12.30000000 24.30000000 37.64846909
v -12.30000000 24.60000000 31.50000000
v -12.30000000 24.60000000 37.57208356
v -12.30000000 24.80307158 31.80000000
v -12.30000000 24.90000000 31.95132023
v -12.11954150 24.90000000 37.50000000
v -12.30000000 24.76042355 37.50000000
v -12.30000000 24.90000000 37.41722542
v -12.30000000 24.99482061 32.10000000
v -12.30000000 25.20000000 32.40000000
v -12.28494917 25.20000000 37.20000000
v -12.30000000 25.18625143 37.20000000
v -12.30000000 25.20000000 37.18502529
v -12.30000000 25.36788848 32.70000000
v -12.30000000 25.50000000 32.95738155
v -12.30000000 25.50000000 36.60000000
v -12.17615153 25.50000000 36.90000000
v -12.30000000 25.39777523 36.90000000
v -12.30000000 25.52071609 33.00000000
v -12.30000000 25.65140673 33.30000000
v -12.30000000 25.76779452 33.60000000
v -12.30000000 25.80000000 33.68833885
v -12.29701352 25.80000000 36.30000000
v -12.30000000 25.79711577 36.30000000
v -12.30000000 25.80000000 36.29662145
v -12.30000000 25.88165250 33.90000000
v -12.30000000 25.99818358 34.20000000
v -12.30000000 26.10000000 34.50000000
v -12.30000000 26.10000000 35.70000000
v -12.22078009 26.10000000 36.00000000
v -12.30000000 26.02108231 36.00000000
v -12.30000000 26.40000000 34.72114443
v -12.09518213 26.40000000 35.70000000
v -12.30000000 26.40000000 35.50268119
v -12.30000000 26.44448090 34.80000000
v -12.30000000 26.50402076 35.10000000
v -12.30000000 26.45494271 35.40000000
v -12.60000000 13.20000000 32.40000000
v -12.60000000 13.20000000 32.70000000
v -12.60000000 13.20000000 33.00000000
v -12.60000000 13.20000000 33.30000000
v -12.60000000 13.20000000 33.60000000
v -12.60000000 13.20000000 33.90000000
v -12.60000000 13.50000000 31.50000000
v -12.60000000 13.45990257 31.80000000
v -12.60000000 13.36936800 32.10000000
v -12.60000000 13.30945390 34.20000000
v -12.60000000 13.38227538 34.50000000
v -12.60000000 13.46619916 34.80000000
v -12.60000000 13.50000000 35.10000000
v -12.60000000 13.50000000 35.40000000
v -12.60000000 13.80000000 31.38455442
v -12.60000000 13.80000000 35.69294749
v -12.60000000 14.05861678 31.20000000
v -12.60000000 14.10000000 31.16890795
v -12.60000000 13.80392739 35.70000000
v -12.60000000 13.91541268 36.00000000
v -12.60000000 13.98796067 36.30000000
v -12.60000000 14.04704494 36.60000000
v -12.60000000 14.10000000 36.90000000
v -12.60000000 14.40000000 30.90000000
v -12.60000000 14.17448862 37.20000000
v -12.60000000 14.25822515 37.50000000
v -12.60000000 14.35188392 37.80000000
v -12.60000000 14.40000000 37.94337527
v -12.60000000 14.70000000 30.60000000
v -12.60000000 14.45434700 38.10000000
v -12.60000000 14.56531844 38.40000000
v -12.60000000 14.70000000 38.70000000
v -12.60000000 15.00000000 30.30000000
v -12.60000000 15.00000000 39.00000000
v -12.60000000 15.30000000 30.18643965
v -12.60000000 15.30000000 39.16154028
v -12.60000000 15.52328386 30.00000000
v -12.60000000 15.60000000 29.92038962
v -12.60000000 15.60000000 39.30000000
v -12.60000000 15.90000000 29.40000000
v -12.60000000 15.75608033 29.70000000
v -12.60000000 15.90000000 39.44391162
v -12.60000000 16.20000000 28.80000000
v -12.60000000 16.06767597 29.10000000
v -12.60000000 16.20000000 39.55812577
v -12.60000000 16.50000000 28.62205431
v -12.60000000 16.35954352 39.60000000
v -12.60000000 16.50000000 39.63544938
v -12.60000000 16.68620145 28.50000000
v -12.60000000 16.80000000 28.41625487
v -12.60000000 16.80000000 39.67112859
v -12.60000000 17.10000000 28.20000000
v -12.60000000 17.10000000 39.66372189
v -12.60000000 17.40000000 28.16170886
v -12.60000000 17.40000000 39.60000000
v -12.60000000 17.70000000 28.16174185
v -12.60000000 17.70000000 39.45873107
v -12.60000000 18.00000000 28.17924247
v -12.60000000 18.00000000 39.30000000
v -12.60000000 18.30000000 28.20000000
v -12.60000000 18.30000000 39.22187987
v -12.60000000 18.60000000 28.29466491
v -12.60000000 18.60000000 39.16625659
v -12.60000000 18.90000000 28.35422499
v -12.60000000 18.90000000 39.12426002
v -12.60000000 19.20000000 28.41221319
v -12.60000000 19.20000000 39.09272028
v -12.60000000 19.50000000 28.50000000
v -12.60000000 19.50000000 39.06616829
v -12.60000000 19.80000000 28.65010332
v -12.60000000 19.80000000 39.03903726
v -12.60000000 20.10000000 28.80000000
v -12.60000000 20.10000000 39.01476464
v -12.60000000 20.40000000 28.95556151
v -12.60000000 20.40000000 39.00000000
v -12.60000000 20.70000000 29.10000000
v -12.60000000 20.70000000 39.00000000
v -12.60000000 21.00000000 29.18730311
v -12.60000000 21.00000000 39.00000000
v -12.60000000 21.30000000 29.27306880
v -12.60000000 21.30000000 39.00000000
v -12.60000000 21.60000000 29.40000000
v -12.60000000 21.60000000 38.87593872
v -12.60000000 21.90000000 29.70000000
v -12.60000000 21.90000000 38.76969729
v -12.60000000 22.20000000 30.00000000
v -12.60000000 22.20000000 38.70000000
v -12.60000000 22.50000000 30.14607414
v -12.60000000 22.41678109 38.40000000
v -12.60000000 22.50000000 38.33933693
v -12.60000000 22.80000000 30.29804099
v -12.60000000 22.80000000 38.18557723
v -12.60000000 22.80356421 30.30000000
v -12.60000000 23.10000000 30.46388256
v -12.60000000 22.94395857 38.10000000
v -12.60000000 23.10000000 38.00601314
v -12.60000000 23.32380579 30.60000000
v -12.60000000 23.40000000 30.64707528
v -12.60000000 23.40000000 37.83635687
v -12.60000000 23.70000000 30.83956772
v -12.60000000 23.47376082 37.80000000
v -12.60000000 23.70000000 37.69112137
v -12.60000000 23.79140746 30.90000000
v -12.60000000 24.00000000 31.04051512
v -12.60000000 24.00000000 37.59277549
v -12.60000000 24.22983527 31.20000000
v -12.60000000 24.30000000 31.25104312
v -12.60000000 24.30000000 37.53709354
v -12.60000000 24.60000000 31.50000000
v -12.60000000 24.60000000 37.50000000
v -12.60000000 24.84049306 31.80000000
v -12.60000000 24.90000000 31.88529553
v -12.60000000 24.90000000 37.21678824
v -12.60000000 25.04304303 32.10000000
v -12.60000000 25.20000000 32.35216213
v -12.60000000 25.20000000 36.90000000
v -12.60000000 24.91742824 37.20000000
v -12.60000000 25.22833546 32.40000000
v -12.60000000 25.38592239 32.70000000
v -12.60000000 25.50000000 32.94407453
v -12.60000000 25.30388989 36.60000000
v -12.60000000 25.50000000 36.30802860
v -12.60000000 25.52533515 33.00000000
v -12.60000000 25.64770441 33.30000000
v -12.60000000 25.75444330 33.60000000
v -12.60000000 25.80000000 33.74165721
v -12.60000000 25.80000000 36.00000000
v -12.60000000 25.50647232 36.30000000
v -12.60000000 25.85368584 33.90000000
v -12.60000000 25.95963158 34.20000000
v -12.60000000 26.09948606 34.50000000
v -12.60000000 26.10000000 34.50080551
v -12.60000000 25.99960791 35.70000000
v -12.60000000 26.10000000 35.59761299
v -12.60000000 26.40000000 34.80000000
v -12.60000000 26.40000000 35.40000000
v -12.60000000 26.41643484 35.10000000
v -12.64053844 13.50000000 31.80000000
v -12.73129296 13.50000000 32.10000000
v -12.90000000 13.50000000 32.40000000
v -12.90000000 13.47920844 32.70000000
v -12.90000000 13.47297783 33.00000000
v -12.90000000 13.47122937 33.30000000
v -12.90000000 13.47413327 33.60000000
v -12.90000000 13.48390108 33.90000000
v -12.90000000 13.49733893 34.20000000
v -12.90000000 13.50000000 34.50000000
v -12.65012350 13.50000000 34.80000000
v -12.70511090 13.80000000 31.50000000
v -12.83474758 13.80000000 31.80000000
v -12.90000000 13.80000000 32.10000000
v -12.90000000 13.80000000 34.80000000
v -12.90000000 13.80000000 35.10000000
v -12.88989774 13.80000000 35.40000000
v -12.63405796 14.10000000 31.20000000
v -12.90000000 14.10000000 31.50000000
v -12.90000000 13.90448465 31.80000000
v -12.90000000 13.80598424 35.40000000
v -12.90000000 13.88304186 35.70000000
v -12.90000000 13.96881327 36.00000000
v -12.90000000 14.03916629 36.30000000
v -12.90000000 14.10000000 36.60000000
v -12.90000000 14.40000000 31.20000000
v -12.90000000 14.14958195 36.90000000
v -12.90000000 14.21177031 37.20000000
v -12.90000000 14.28410976 37.50000000
v -12.90000000 14.36433896 37.80000000
v -12.90000000 14.40000000 37.92256526
v -12.89904406 14.70000000 30.90000000
v -12.90000000 14.70000000 30.90104372
v -12.90000000 14.45289733 38.10000000
v -12.90000000 14.55699379 38.40000000
v -12.90000000 14.70000000 38.70000000
v -12.81381509 15.00000000 30.60000000
v -12.90000000 14.70112594 30.90000000
v -12.90000000 15.00000000 30.68558907
v -12.90000000 15.00000000 39.00000000
v -12.71692871 15.30000000 30.30000000
v -12.90000000 15.30000000 30.60000000
v -12.90000000 15.30000000 39.17571240
v -12.68317176 15.60000000 30.00000000
v -12.90000000 15.52570974 30.30000000
v -12.90000000 15.60000000 30.22215166
v -12.90000000 15.56844716 39.30000000
v -12.90000000 15.60000000 39.31389653
v -12.80216487 15.90000000 29.70000000
v -12.90000000 15.77467789 30.00000000
v -12.90000000 15.90000000 29.81932823
v -12.90000000 15.90000000 39.42868883
v -12.77719656 16.20000000 29.10000000
v -12.90000000 16.14217291 29.40000000
v -12.90000000 16.20000000 29.29053835
v -12.90000000 15.97585401 29.70000000
v -12.90000000 16.20000000 39.52612888
v -12.90000000 16.50000000 28.80000000
v -12.90000000 16.31038140 29.10000000
v -12.90000000 16.49451374 39.60000000
v -12.90000000 16.50000000 39.60135661
v -12.70682273 16.80000000 28.50000000
v -12.90000000 16.80000000 28.64822406
v -12.90000000 16.80000000 39.64255917
v -12.90000000 17.10000000 28.50000000
v -12.90000000 17.10000000 39.63820727
v -12.64315065 17.40000000 28.20000000
v -12.90000000 17.40000000 28.43896034
v -12.90000000 17.40000000 39.60000000
v -12.64626121 17.70000000 28.20000000
v -12.90000000 17.70000000 28.41748286
v -12.90000000 17.70000000 39.44799847
v -12.62818578 18.00000000 28.20000000
v -12.90000000 18.00000000 28.41642482
v -12.90000000 18.00000000 39.30000000
v -12.90000000 18.30000000 28.43172678
v -12.90000000 18.30000000 39.21757707
v -12.90000000 18.60000000 28.46240510
v -12.90000000 18.60000000 39.15475730
v -12.90000000 18.90000000 28.48595307
v -12.90000000 18.90000000 39.10307036
v -12.90000000 19.20000000 28.50000000
v -12.90000000 19.20000000 39.05504641
v -12.90000000 19.50000000 28.62813788
v -12.90000000 19.50000000 39.00000000
v -12.90000000 19.80000000 28.75948230
v -12.71180571 19.80000000 39.00000000
v -12.90000000 19.80000000 38.92529483
v -12.90000000 19.89076970 28.80000000
v -12.90000000 20.10000000 28.89195234
v -12.63114349 20.10000000 39.00000000
v -12.90000000 20.10000000 38.85875155
v -12.90000000 20.40000000 29.01362901
v -12.90000000 20.40000000 38.77848028
v -12.90000000 20.64093029 29.10000000
v -12.90000000 20.70000000 29.12047819
v -12.90000000 20.70000000 38.72294193
v -12.90000000 21.00000000 29.21458272
v -12.90000000 21.00000000 38.70257447
v -12.90000000 21.30000000 29.30662758
v -12.90000000 21.30000000 38.70195859
v -12.90000000 21.60000000 29.40000000
v -12.90000000 21.60000000 38.70000000
v -12.90000000 21.83689639 29.70000000
v -12.90000000 21.90000000 29.75509791
v -12.90000000 21.90000000 38.40000000
v -12.68979939 21.90000000 38.70000000
v -12.90000000 22.20000000 30.00000000
v -12.79093489 22.20000000 38.40000000
v -12.90000000 22.20000000 38.29506178
v -12.90000000 22.50000000 30.14623596
v -12.90000000 22.50000000 38.17757992
v -12.90000000 22.80000000 30.29527691
v -12.90000000 22.80000000 38.10000000
v -12.90000000 22.80882608 30.30000000
v -12.90000000 23.10000000 30.45638490
v -12.90000000 23.10000000 37.87008813
v -12.90000000 23.34549119 30.60000000
v -12.90000000 23.40000000 30.63208427
v -12.67918357 23.40000000 37.80000000
v -12.90000000 23.21648843 37.80000000
v -12.90000000 23.40000000 37.69070065
v -12.90000000 23.70000000 30.81673855
v -12.90000000 23.70000000 37.52487129
v -12.90000000 23.82782787 30.90000000
v -12.90000000 24.00000000 31.01572843
v -12.75054553 24.00000000 37.50000000
v -12.90000000 23.75717712 37.50000000
v -12.90000000 24.00000000 37.37374071
v -12.90000000 24.25276849 31.20000000
v -12.90000000 24.30000000 31.23676572
v -12.65748237 24.30000000 37.50000000
v -12.90000000 24.30000000 37.27195749
v -12.90000000 24.60000000 31.50000000
v -12.90000000 24.60000000 37.20000000
v -12.90000000 24.85274056 31.80000000
v -12.90000000 24.90000000 31.86423240
v -12.90000000 24.90000000 36.60000000
v -12.79260786 24.90000000 36.90000000
v -12.90000000 24.72353386 36.90000000
v -12.61612430 24.90000000 37.20000000
v -12.90000000 25.06228375 32.10000000
v -12.90000000 25.20000000 32.32760583
v -12.85129181 25.20000000 36.30000000
v -12.90000000 25.12184608 36.30000000
v -12.90000000 25.20000000 36.22177266
v -12.69953125 25.20000000 36.60000000
v -12.90000000 25.24168400 32.40000000
v -12.90000000 25.39304101 32.70000000
v -12.90000000 25.50000000 32.94554168
v -12.83511681 25.50000000 36.00000000
v -12.90000000 25.40702976 36.00000000
v -12.90000000 25.50000000 35.90665337
v -12.60594556 25.50000000 36.30000000
v -12.90000000 25.52307311 33.00000000
v -12.90000000 25.63284931 33.30000000
v -12.90000000 25.72414449 33.60000000
v -12.90000000 25.80000000 33.90000000
v -12.80671743 25.80000000 35.70000000
v -12.90000000 25.68909887 35.70000000
v -12.90000000 25.80000000 35.56280877
v -12.90000000 25.89294884 34.20000000
v -12.90000000 25.98525826 34.50000000
v -12.86515971 26.10000000 34.80000000
v -12.90000000 26.06845101 34.80000000
v -12.87777082 26.10000000 35.10000000
v -12.90000000 26.06982908 35.10000000
v -12.77628386 26.10000000 35.40000000
v -12.90000000 25.93203474 35.40000000
v -12.62247331 26.40000000 35.10000000
v -12.91862273 13.50000000 32.70000000
v -12.92584968 13.50000000 33.00000000
v -12.92806156 13.50000000 33.30000000
v -12.92517390 13.50000000 33.60000000
v -12.91615992 13.50000000 33.90000000
v -12.90305464 13.50000000 34.20000000
v -13.06286463 13.80000000 32.40000000
v -13.14851143 13.80000000 32.70000000
v -13.18946794 13.80000000 33.00000000
v -13.20000000 13.80000000 33.30000000
v -13.20000000 13.80000000 33.60000000
v -13.20000000 13.80000000 33.90000000
v -13.20000000 13.80000000 34.20000000
v -13.14945883 13.80000000 34.50000000
v -13.02334435 14.10000000 31.80000000
v -13.14987822 14.10000000 32.10000000
v -13.20000000 13.98624096 32.40000000
v -13.20000000 14.10000000 32.20959136
v -13.20000000 13.86484704 32.70000000
v -13.20000000 13.81197124 33.00000000
v -13.20000000 13.83709923 34.50000000
v -13.20000000 13.90923889 34.80000000
v -13.20000000 13.94184970 35.10000000
v -13.20000000 13.95969548 35.40000000
v -13.20000000 13.99285344 35.70000000
v -13.20000000 14.04230328 36.00000000
v -13.20000000 14.10000000 36.30000000
v -13.07315254 14.40000000 31.50000000
v -13.20000000 14.40000000 31.80000000
v -13.20000000 14.16763450 32.10000000
v -13.20000000 14.14440382 36.60000000
v -13.20000000 14.19212160 36.90000000
v -13.20000000 14.24800483 37.20000000
v -13.20000000 14.31305720 37.50000000
v -13.20000000 14.38711338 37.80000000
v -13.20000000 14.40000000 37.84696250
v -13.12123669 14.70000000 31.20000000
v -13.20000000 14.58170526 31.50000000
v -13.20000000 14.70000000 31.33734629
v -13.20000000 14.47104531 38.10000000
v -13.20000000 14.56892218 38.40000000
v -13.20000000 14.70000000 38.70000000
v -13.20000000 15.00000000 30.90000000
v -13.20000000 14.80144442 31.20000000
v -13.20000000 14.99738401 39.00000000
v -13.20000000 15.00000000 39.00197678
v -13.20000000 15.30000000 30.79396827
v -13.20000000 15.30000000 39.16306686
v -12.96835930 15.60000000 30.30000000
v -13.20000000 15.55465985 30.60000000
v -13.20000000 15.60000000 30.55650590
v -13.20000000 15.60000000 39.30000000
v -13.03659529 15.90000000 30.00000000
v -13.20000000 15.82101706 30.30000000
v -13.20000000 15.90000000 30.20074526
v -13.20000000 15.90000000 39.39146146
v -12.96404954 16.20000000 29.40000000
v -13.14915103 16.20000000 29.70000000
v -13.20000000 16.05083031 30.00000000
v -13.20000000 16.20000000 29.77556159
v -13.20000000 16.20000000 39.47466508
v -13.07385111 16.50000000 29.10000000
v -13.20000000 16.43667722 29.40000000
v -13.20000000 16.50000000 29.30629161
v -13.20000000 16.25041542 29.70000000
v -12.90749587 16.50000000 39.60000000
v -13.20000000 16.50000000 39.54572335
v -13.04812890 16.80000000 28.80000000
v -13.20000000 16.68238506 29.10000000
v -13.20000000 16.80000000 28.99480124
v -13.20000000 16.80000000 39.60000000
v -13.20000000 17.10000000 28.80000000
v -13.07561058 17.10000000 39.60000000
v -13.20000000 17.10000000 39.57005940
v -12.96151119 17.40000000 28.50000000
v -13.20000000 17.40000000 28.75443691
v -13.20000000 17.40000000 39.50615429
v -12.98565593 17.70000000 28.50000000
v -13.20000000 17.70000000 28.72482161
v -13.20000000 17.70000000 39.40330705
v -12.99075058 18.00000000 28.50000000
v -13.20000000 18.00000000 28.70633146
v -13.20000000 18.00000000 39.30000000
v -12.98006234 18.30000000 28.50000000
v -13.20000000 18.30000000 28.69826666
v -13.20000000 18.30000000 39.19306597
v -12.95150952 18.60000000 28.50000000
v -13.20000000 18.60000000 28.69888315
v -13.20000000 18.60000000 39.12113763
v -12.92194915 18.90000000 28.50000000
v -13.20000000 18.90000000 28.70906884
v -13.20000000 18.90000000 39.06671863
v -13.20000000 19.20000000 28.73867411
v -13.20000000 19.20000000 39.00000000
v -13.20000000 19.50000000 28.80000000
v -13.20000000 19.50000000 38.87435090
v -12.98471225 19.80000000 28.80000000
v -13.20000000 19.80000000 28.91133977
v -13.20000000 19.80000000 38.76293784
v -13.20000000 20.10000000 29.01199722
v -13.20000000 20.10000000 38.70000000
v -13.20000000 20.40000000 29.10000000
v -13.20000000 20.40000000 38.40000000
v -12.98712308 20.40000000 38.70000000
v -13.20000000 20.70000000 29.17439856
v -13.16625808 20.70000000 38.40000000
v -13.20000000 20.70000000 38.35972731
v -12.92130158 20.70000000 38.70000000
v -13.20000000 21.00000000 29.25531533
v -13.14216821 21.00000000 38.40000000
v -13.20000000 21.00000000 38.32604605
v -12.90225345 21.00000000 38.70000000
v -13.20000000 21.30000000 29.36783670
v -13.11224634 21.30000000 38.40000000
v -13.20000000 21.30000000 38.27776066
v -12.90168871 21.30000000 38.70000000
v -13.20000000 21.35138321 29.40000000
v -13.20000000 21.60000000 29.70000000
v -13.05124596 21.60000000 38.40000000
v -13.20000000 21.60000000 38.19122800
v -13.20000000 21.90000000 29.84193986
v -13.18420060 21.90000000 38.10000000
v -13.20000000 21.84808056 38.10000000
v -13.20000000 21.90000000 38.08286502
v -13.20000000 22.17498260 30.00000000
v -13.20000000 22.20000000 30.01309352
v -13.09062046 22.20000000 38.10000000
v -13.20000000 22.20000000 37.99268402
v -13.20000000 22.50000000 30.15735824
v -12.99071757 22.50000000 38.10000000
v -13.20000000 22.50000000 37.90619991
v -13.20000000 22.80000000 30.29424060
v -13.20000000 22.80000000 37.80029623
v -13.20000000 22.81098588 30.30000000
v -13.20000000 23.10000000 30.45649944
v -12.99944356 23.10000000 37.80000000
v -13.20000000 22.80058674 37.80000000
v -13.20000000 23.10000000 37.64644109
v -13.20000000 23.34875549 30.60000000
v -13.20000000 23.40000000 30.62951599
v -13.20000000 23.40000000 37.50000000
v -13.20000000 23.70000000 30.80987564
v -12.93284174 23.70000000 37.50000000
v -13.20000000 23.70000000 37.20870195
v -13.20000000 23.83995307 30.90000000
v -13.20000000 24.00000000 31.00730031
v -13.20000000 24.00000000 36.90000000
v -13.04579527 24.00000000 37.20000000
v -13.20000000 23.71134843 37.20000000
v -13.20000000 24.25978809 31.20000000
v -13.20000000 24.30000000 31.23204961
v -13.20000000 24.30000000 36.30000000
v -13.13836793 24.30000000 36.60000000
v -13.20000000 24.15084824 36.60000000
v -13.07076023 24.30000000 36.90000000
v -12.95287169 24.30000000 37.20000000
v -13.20000000 24.60000000 31.50000000
v -13.13393871 24.60000000 36.30000000
v -13.20000000 24.60000000 36.18375287
v -13.03193302 24.60000000 36.60000000
v -12.96229050 24.60000000 36.90000000
v -13.20000000 24.85406131 31.80000000
v -13.20000000 24.90000000 31.86198912
v -13.20000000 24.90000000 36.00000000
v -13.02261010 24.90000000 36.30000000
v -13.20000000 25.06431112 32.10000000
v -13.20000000 25.20000000 32.32727920
v -13.03875205 25.20000000 36.00000000
v -13.20000000 25.20000000 35.77362192
v -13.20000000 25.24126607 32.40000000
v -13.20000000 25.38966728 32.70000000
v -13.20000000 25.50000000 32.96353388
v -13.04238126 25.50000000 35.70000000
v -13.20000000 25.27668828 35.70000000
v -13.20000000 25.50000000 35.45682083
v -13.20000000 25.51459123 33.00000000
v -13.20000000 25.60696361 33.30000000
v -13.20000000 25.68191637 33.60000000
v -13.20000000 25.74525412 33.90000000
v -13.20000000 25.80000000 34.20000000
v -13.20000000 25.80000000 34.80000000
v -13.12184630 25.80000000 35.10000000
v -13.20000000 25.71718540 35.10000000
v -12.99662326 25.80000000 35.40000000
v -13.20000000 25.54502166 35.40000000
v -13.20000000 25.82486720 34.50000000
v -13.29073683 14.10000000 32.40000000
v -13.40388876 14.10000000 32.70000000
v -13.47367078 14.10000000 33.00000000
v -13.50000000 14.10000000 33.30000000
v -13.50000000 14.04834363 33.60000000
v -13.50000000 14.02612634 33.90000000
v -13.50000000 14.02263796 34.20000000
v -13.50000000 14.03292987 34.50000000
v -13.50000000 14.04915102 34.80000000
v -13.50000000 14.06305664 35.10000000
v -13.50000000 14.07677160 35.40000000
v -13.50000000 14.10000000 35.70000000
v -13.41577686 14.10000000 36.00000000
v -13.38418540 14.40000000 32.10000000
v -13.50000000 14.34050137 32.40000000
v -13.50000000 14.40000000 32.30563745
v -13.50000000 14.20048378 32.70000000
v -13.50000000 14.12462532 33.00000000
v -13.50000000 14.12134230 36.00000000
v -13.50000000 14.15383381 36.30000000
v -13.50000000 14.18999785 36.60000000
v -13.50000000 14.23221370 36.90000000
v -13.50000000 14.28332814 37.20000000
v -13.50000000 14.34516313 37.50000000
v -13.31749820 14.40000000 37.80000000
v -13.50000000 14.40000000 37.72064426
v -13.28431265 14.70000000 31.50000000
v -13.44303925 14.70000000 31.80000000
v -13.50000000 14.54301275 32.10000000
v -13.50000000 14.70000000 31.89458127
v -13.50000000 14.42047230 37.80000000
v -13.50000000 14.50992581 38.10000000
v -13.50000000 14.60787788 38.40000000
v -13.50000000 14.70000000 38.70000000
v -13.33278145 15.00000000 31.20000000
v -13.50000000 15.00000000 31.50000000
v -13.50000000 14.77994264 31.80000000
v -13.50000000 15.00000000 39.00000000
v -13.30019290 15.30000000 30.90000000
v -13.50000000 15.30000000 31.20000000
v -13.50000000 15.30000000 39.11105345
v -13.23858027 15.60000000 30.60000000
v -13.50000000 15.60000000 30.90000000
v -13.50000000 15.60000000 39.22982851
v -13.27734475 15.90000000 30.30000000
v -13.50000000 15.87402596 30.60000000
v -13.50000000 15.90000000 30.57128134
v -13.50000000 15.81598094 39.30000000
v -13.50000000 15.90000000 39.32577577
v -13.34451520 16.20000000 30.00000000
v -13.50000000 16.13443259 30.30000000
v -13.50000000 16.20000000 30.21832143
v -13.50000000 16.20000000 39.39966197
v -13.25714470 16.50000000 29.40000000
v -13.42440663 16.50000000 29.70000000
v -13.50000000 16.37904667 30.00000000
v -13.50000000 16.50000000 29.83074444
v -13.50000000 16.50000000 39.45744246
v -13.27324753 16.80000000 29.10000000
v -13.50000000 16.80000000 29.40000000
v -13.50000000 16.60425849 29.70000000
v -13.50000000 16.80000000 39.48559096
v -13.38645560 17.10000000 29.10000000
v -13.50000000 17.10000000 29.28289847
v -13.50000000 17.10000000 39.46638137
v -13.23806072 17.40000000 28.80000000
v -13.44843182 17.40000000 29.10000000
v -13.50000000 17.40000000 29.18614926
v -13.50000000 17.40000000 39.40899842
v -13.26598260 17.70000000 28.80000000
v -13.50000000 17.70000000 29.10000000
v -13.50000000 17.70000000 39.32526041
v -13.28759047 18.00000000 28.80000000
v -13.50000000 18.00000000 29.04481032
v -13.50000000 17.77868407 39.30000000
v -13.50000000 18.00000000 39.22416487
v -13.30195197 18.30000000 28.80000000
v -13.50000000 18.30000000 29.01244645
v -13.50000000 18.30000000 39.11935427
v -13.30839476 18.60000000 28.80000000
v -13.50000000 18.60000000 28.99498911
v -13.50000000 18.60000000 39.04097730
v -13.30313573 18.90000000 28.80000000
v -13.50000000 18.90000000 28.99099800
v -13.50000000 18.90000000 39.00000000
v -13.27415556 19.20000000 28.80000000
v -13.50000000 19.20000000 29.00647885
v -13.50000000 19.20000000 38.81520301
v -13.50000000 19.50000000 29.04545392
v -13.50000000 19.50000000 38.70000000
v -13.50000000 19.80000000 29.10000000
v -13.50000000 19.80000000 38.40000000
v -13.27697828 19.80000000 38.70000000
v -13.37170511 20.10000000 29.10000000
v -13.50000000 20.10000000 29.17170354
v -13.37493865 20.10000000 38.40000000
v -13.50000000 20.10000000 38.24303850
v -13.50000000 20.40000000 29.22227328
v -13.50000000 20.40000000 38.10000000
v -13.50000000 20.70000000 29.26193846
v -13.42788455 20.70000000 38.10000000
v -13.50000000 20.70000000 38.01867928
v -13.50000000 21.00000000 29.31255307
v -13.37910391 21.00000000 38.10000000
v -13.50000000 21.00000000 37.95456634
v -13.50000000 21.30000000 29.40000000
v -13.33046186 21.30000000 38.10000000
v -13.50000000 21.30000000 37.88690636
v -13.50000000 21.55079077 29.70000000
v -13.50000000 21.60000000 29.73535311
v -13.26687253 21.60000000 38.10000000
v -13.50000000 21.60000000 37.81020746
v -13.50000000 21.90000000 29.90484169
v -13.44179171 21.90000000 37.80000000
v -13.50000000 21.63859365 37.80000000
v -13.50000000 21.90000000 37.72964015
v -13.50000000 22.07986240 30.00000000
v -13.50000000 22.20000000 30.06017437
v -13.37317190 22.20000000 37.80000000
v -13.50000000 22.20000000 37.64826290
v -13.50000000 22.50000000 30.20027882
v -13.29926978 22.50000000 37.80000000
v -13.50000000 22.50000000 37.57073575
v -13.50000000 22.80000000 30.30000000
v -13.50000000 22.80000000 37.50000000
v -13.20029235 22.80000000 37.80000000
v -13.50000000 23.10000000 30.47104286
v -13.34371722 23.10000000 37.50000000
v -13.50000000 23.10000000 37.29620574
v -13.50000000 23.32978215 30.60000000
v -13.50000000 23.40000000 30.63920906
v -13.39381168 23.40000000 37.20000000
v -13.50000000 23.22012773 37.20000000
v -13.50000000 23.40000000 36.99207011
v -13.50000000 23.70000000 30.81577244
v -13.50000000 23.70000000 36.30000000
v -13.43000193 23.70000000 36.60000000
v -13.50000000 23.59643814 36.60000000
v -13.34738823 23.70000000 36.90000000
v -13.50000000 23.46579984 36.90000000
v -13.20608343 23.70000000 37.20000000
v -13.50000000 23.83264412 30.90000000
v -13.50000000 24.00000000 31.01095671
v -13.50000000 24.00000000 36.00000000
v -13.34997764 24.00000000 36.30000000
v -13.26972248 24.00000000 36.60000000
v -13.50000000 24.25806334 31.20000000
v -13.50000000 24.30000000 31.23296735
v -13.44021534 24.30000000 36.00000000
v -13.50000000 24.30000000 35.95152804
v -13.50000000 24.60000000 31.50000000
v -13.34547216 24.60000000 36.00000000
v -13.50000000 24.60000000 35.86339906
v -13.50000000 24.84922418 31.80000000
v -13.50000000 24.90000000 31.87080527
v -13.49517255 24.90000000 35.70000000
v -13.50000000 24.89320197 35.70000000
v -13.50000000 24.90000000 35.69554263
v -13.50000000 25.05353024 32.10000000
v -13.50000000 25.20000000 32.35119077
v -13.26126023 25.20000000 35.70000000
v -13.50000000 25.20000000 35.41923529
v -13.50000000 25.22703806 32.40000000
v -13.50000000 25.37171850 32.70000000
v -13.50000000 25.50000000 33.00000000
v -13.44635132 25.50000000 35.10000000
v -13.50000000 25.45140291 35.10000000
v -13.50000000 25.50000000 35.02363174
v -13.24048390 25.50000000 35.40000000
v -13.50000000 25.21730511 35.40000000
v -13.50000000 25.56560130 33.30000000
v -13.50000000 25.62373708 33.60000000
v -13.50000000 25.66839698 33.90000000
v -13.50000000 25.69119570 34.20000000
v -13.24856389 25.80000000 34.50000000
v -13.50000000 25.67849072 34.50000000
v -13.50000000 25.61051989 34.80000000
v -13.57203760 14.10000000 33.60000000
v -13.60669296 14.10000000 33.90000000
v -13.61505115 14.10000000 34.20000000
v -13.61057614 14.10000000 34.50000000
v -13.60452331 14.10000000 34.80000000
v -13.59385810 14.10000000 35.10000000
v -13.56644509 14.10000000 35.40000000
v -13.55788925 14.40000000 32.40000000
v -13.71940811 14.40000000 32.70000000
v -13.80000000 14.35761756 33.00000000
v -13.80000000 14.40000000 32.87903730
v -13.80000000 14.29168061 33.30000000
v -13.80000000 14.24954069 33.60000000
v -13.80000000 14.22709713 33.90000000
v -13.80000000 14.21908057 34.20000000
v -13.80000000 14.21124714 34.50000000
v -13.80000000 14.19101645 34.80000000
v -13.80000000 14.17803275 35.10000000
v -13.80000000 14.17800225 35.40000000
v -13.80000000 14.18686138 35.70000000
v -13.80000000 14.19960003 36.00000000
v -13.80000000 14.21766569 36.30000000
v -13.80000000 14.24182746 36.60000000
v -13.80000000 14.27436184 36.90000000
v -13.80000000 14.31952543 37.20000000
v -13.80000000 14.38096417 37.50000000
v -13.80000000 14.40000000 37.57227590
v -13.63813285 14.70000000 32.10000000
v -13.80000000 14.63963791 32.40000000
v -13.80000000 14.70000000 32.31805300
v -13.80000000 14.46995285 32.70000000
v -13.80000000 14.46278397 37.80000000
v -13.80000000 14.56577373 38.10000000
v -13.80000000 14.70000000 38.40000000
v -13.64891778 15.00000000 31.80000000
v -13.80000000 14.90407891 32.10000000
v -13.80000000 15.00000000 32.01003405
v -13.80000000 14.85548217 38.70000000
v -13.80000000 15.00000000 38.84549588
v -13.67159969 15.30000000 31.50000000
v -13.80000000 15.30000000 31.80000000
v -13.80000000 15.30000000 39.00000000
v -13.73233804 15.60000000 31.20000000
v -13.80000000 15.46472518 31.50000000
v -13.80000000 15.60000000 31.30501404
v -13.80000000 15.60000000 39.14704382
v -13.52363412 15.90000000 30.60000000
v -13.78186911 15.90000000 30.90000000
v -13.80000000 15.67078166 31.20000000
v -13.80000000 15.90000000 30.92106571
v -13.59345495 15.90000000 39.30000000
v -13.80000000 15.90000000 39.24207103
v -13.55859003 16.20000000 30.30000000
v -13.80000000 16.19332347 30.60000000
v -13.80000000 16.20000000 30.59283985
v -13.80000000 15.91790774 30.90000000
v -13.80000000 16.20000000 39.30000000
v -13.59764254 16.50000000 30.00000000
v -13.80000000 16.50000000 30.30000000
v -13.80000000 16.50000000 39.35362516
v -13.62367435 16.80000000 29.70000000
v -13.80000000 16.80000000 30.00000000
v -13.80000000 16.80000000 39.37316095
v -13.56883127 17.10000000 29.40000000
v -13.73761786 17.10000000 29.70000000
v -13.80000000 17.10000000 29.79249432
v -13.80000000 17.10000000 39.35674382
v -13.62268395 17.40000000 29.40000000
v -13.78874175 17.40000000 29.70000000
v -13.80000000 17.40000000 29.71556522
v -13.80000000 17.40000000 39.30578175
v -13.68441188 17.70000000 29.40000000
v -13.80000000 17.70000000 29.70000000
v -13.57706563 17.70000000 39.30000000
v -13.80000000 17.42234627 39.30000000
v -13.80000000 17.70000000 39.22481557
v -13.54653646 18.00000000 29.10000000
v -13.80000000 18.00000000 29.40000000
v -13.80000000 18.00000000 39.11947447
v -13.57703403 18.30000000 29.10000000
v -13.80000000 18.30000000 29.36544175
v -13.80000000 18.30000000 39.00000000
v -13.59566631 18.60000000 29.10000000
v -13.80000000 18.60000000 29.34346332
v -13.58062754 18.60000000 39.00000000
v -13.80000000 18.60000000 38.83924719
v -13.60778919 18.90000000 29.10000000
v -13.80000000 18.90000000 29.31936052
v -13.80000000 18.90000000 38.70000000
v -13.60729535 19.20000000 29.10000000
v -13.80000000 19.20000000 29.29302542
v -13.80000000 19.20000000 38.40000000
v -13.61308945 19.20000000 38.70000000
v -13.57316727 19.50000000 29.10000000
v -13.80000000 19.50000000 29.29092753
v -13.68083387 19.50000000 38.40000000
v -13.80000000 19.50000000 38.24939781
v -13.80000000 19.80000000 29.34674133
v -13.76662679 19.80000000 38.10000000
v -13.80000000 19.73724017 38.10000000
v -13.80000000 19.80000000 38.06286161
v -13.80000000 20.10000000 29.39707532
v -13.61983575 20.10000000 38.10000000
v -13.80000000 20.10000000 37.88743682
v -13.80000000 20.40000000 29.40000000
v -13.77250937 20.40000000 37.80000000
v -13.80000000 20.31524036 37.80000000
v -13.80000000 20.40000000 37.77089184
v -13.80000000 20.70000000 29.40000000
v -13.70193952 20.70000000 37.80000000
v -13.80000000 20.70000000 37.70069149
v -13.80000000 21.00000000 29.40000000
v -13.63764699 21.00000000 37.80000000
v -13.80000000 21.00000000 37.62766596
v -13.80000000 21.30000000 29.70000000
v -13.57370183 21.30000000 37.80000000
v -13.80000000 21.30000000 37.53970202
v -13.80000000 21.60000000 29.82108058
v -13.76096963 21.60000000 37.50000000
v -13.80000000 21.44134884 37.50000000
v -13.80000000 21.60000000 37.45452723
v -13.50846963 21.60000000 37.80000000
v -13.80000000 21.90000000 29.97006462
v -13.68918476 21.90000000 37.50000000
v -13.80000000 21.90000000 37.36060997
v -13.80000000 21.95648620 30.00000000
v -13.80000000 22.20000000 30.12550096
v -13.61791337 22.20000000 37.50000000
v -13.80000000 22.20000000 37.24021390
v -13.80000000 22.50000000 30.30000000
v -13.74607963 22.50000000 37.20000000
v -13.80000000 22.29798539 37.20000000
v -13.80000000 22.50000000 37.10065187
v -13.55511249 22.50000000 37.50000000
v -13.80000000 22.80000000 30.38256129
v -13.67548731 22.80000000 37.20000000
v -13.80000000 22.80000000 36.98887351
v -13.80000000 23.10000000 30.50854860
v -13.80000000 23.10000000 36.90000000
v -13.56714213 23.10000000 37.20000000
v -13.80000000 23.28169724 30.60000000
v -13.80000000 23.40000000 30.66114840
v -13.80000000 23.40000000 36.30000000
v -13.66091157 23.40000000 36.60000000
v -13.80000000 23.21989650 36.60000000
v -13.54824331 23.40000000 36.90000000
v -13.80000000 23.70000000 30.83320717
v -13.80000000 23.70000000 36.11824087
v -13.80000000 23.80619093 30.90000000
v -13.80000000 24.00000000 31.02823063
v -13.80000000 23.88654553 36.00000000
v -13.80000000 24.00000000 35.94653554
v -13.80000000 24.24210311 31.20000000
v -13.80000000 24.30000000 31.24337089
v -13.80000000 24.30000000 35.84486130
v -13.80000000 24.60000000 31.50000000
v -13.80000000 24.60000000 35.72754474
v -13.80000000 24.83536847 31.80000000
v -13.80000000 24.90000000 31.89706491
v -13.80000000 24.64716014 35.70000000
v -13.80000000 24.90000000 35.51197289
v -13.80000000 25.02797207 32.10000000
v -13.80000000 25.20000000 32.40000000
v -13.80000000 25.20000000 35.10000000
v -13.52133956 25.20000000 35.40000000
v -13.80000000 25.00773664 35.40000000
v -13.80000000 25.33289299 32.70000000
v -13.80000000 25.43752234 33.00000000
v -13.80000000 25.50000000 33.30000000
v -13.80000000 25.50000000 34.80000000
v -13.80000000 25.55461910 33.60000000
v -13.80000000 25.58265134 33.90000000
v -13.80000000 25.58800209 34.20000000
v -13.80000000 25.56805755 34.50000000
v -13.86405975 14.40000000 33.00000000
v -13.98096473 14.40000000 33.30000000
v -14.05522685 14.40000000 33.60000000
v -14.09441293 14.40000000 33.90000000
v -14.10000000 14.40000000 34.20000000
v -14.10000000 14.40000000 34.50000000
v -14.10000000 14.31680283 34.80000000
v -14.10000000 14.28616754 35.10000000
v -14.10000000 14.27951263 35.40000000
v -14.10000000 14.28121515 35.70000000
v -14.10000000 14.28596536 36.00000000
v -14.10000000 14.29327180 36.30000000
v -14.10000000 14.30481066 36.60000000
v -14.10000000 14.32360124 36.90000000
v -14.10000000 14.35762205 37.20000000
v -13.93422767 14.40000000 37.50000000
v -14.10000000 14.40000000 37.39470845
v -13.87444241 14.70000000 32.40000000
v -14.10000000 14.70000000 32.70000000
v -14.10000000 14.55012365 33.00000000
v -14.10000000 14.47120772 33.30000000
v -14.10000000 14.42639377 33.60000000
v -14.10000000 14.40319560 33.90000000
v -14.10000000 14.42499034 37.50000000
v -14.10000000 14.51727783 37.80000000
v -14.10000000 14.62710105 38.10000000
v -14.10000000 14.70000000 38.26490198
v -13.88774004 15.00000000 32.10000000
v -14.10000000 14.87360878 32.40000000
v -14.10000000 15.00000000 32.27350406
v -14.10000000 14.76704002 38.40000000
v -14.10000000 14.94932302 38.70000000
v -14.10000000 15.00000000 38.75095125
v -14.10000000 15.30000000 32.10000000
v -14.10000000 15.30000000 38.93662202
v -13.93427569 15.60000000 31.50000000
v -14.10000000 15.60000000 31.80000000
v -14.10000000 15.42833928 39.00000000
v -14.10000000 15.60000000 39.07315940
v -14.05802946 15.90000000 31.20000000
v -14.10000000 15.73282594 31.50000000
v -14.10000000 15.90000000 31.24632820
v -14.10000000 15.90000000 39.15275478
v -13.80645465 16.20000000 30.60000000
v -14.10000000 16.20000000 30.90000000
v -14.10000000 15.93558220 31.20000000
v -14.10000000 16.20000000 39.20700037
v -14.10000000 16.50000000 30.60000000
v -13.94937029 16.50000000 39.30000000
v -14.10000000 16.50000000 39.24559502
v -14.09132423 16.80000000 30.30000000
v -14.10000000 16.80000000 30.30808512
v -13.99680862 16.80000000 39.30000000
v -14.10000000 16.80000000 39.26131238
v -13.97664511 17.10000000 30.00000000
v -14.10000000 16.81055830 30.30000000
v -14.10000000 17.10000000 30.11173937
v -13.95605083 17.10000000 39.30000000
v -14.10000000 17.10000000 39.24736399
v -14.06556326 17.40000000 30.00000000
v -14.10000000 17.40000000 30.02940552
v -13.81642381 17.40000000 39.30000000
v -14.10000000 17.40000000 39.19951101
v -14.10000000 17.70000000 30.00000000
v -14.10000000 17.70000000 39.11702987
v -13.99348607 18.00000000 29.70000000
v -14.10000000 18.00000000 29.80696729
v -14.10000000 18.00000000 39.00000000
v -13.82834036 18.30000000 29.40000000
v -14.08359924 18.30000000 29.70000000
v -14.10000000 18.30000000 29.71631670
v -14.10000000 18.30000000 38.82312499
v -13.84593053 18.60000000 29.40000000
v -14.10000000 18.60000000 29.70000000
v -14.10000000 18.60000000 38.40000000
v -13.94309734 18.60000000 38.70000000
v -14.10000000 18.44099968 38.70000000
v -13.86712280 18.90000000 29.40000000
v -14.10000000 18.90000000 29.70000000
v -13.99688580 18.90000000 38.40000000
v -14.10000000 18.90000000 38.30701102
v -13.92267412 19.20000000 29.40000000
v -14.10000000 19.20000000 29.70000000
v -14.10000000 19.20000000 38.10000000
v -14.10000000 19.50000000 29.40000000
v -13.94303077 19.50000000 38.10000000
v -14.10000000 19.50000000 37.97012910
v -13.87193029 19.80000000 29.40000000
v -14.10000000 19.80000000 29.70000000
v -14.06632289 19.80000000 37.80000000
v -14.10000000 19.75757886 37.80000000
v -14.10000000 19.80000000 37.76993391
v -13.80316288 20.10000000 29.40000000
v -14.10000000 20.10000000 29.70000000
v -14.10000000 20.10000000 37.50000000
v -13.87630549 20.10000000 37.80000000
v -14.10000000 20.40000000 29.70000000
v -14.08641564 20.40000000 37.50000000
v -14.10000000 20.40000000 37.48993014
v -14.10000000 20.70000000 29.70000000
v -14.03566787 20.70000000 37.50000000
v -14.10000000 20.70000000 37.45181209
v -14.10000000 21.00000000 29.70000000
v -13.93995122 21.00000000 37.50000000
v -14.10000000 21.00000000 37.36524504
v -14.10000000 21.30000000 29.79023833
v -14.10000000 21.30000000 37.20000000
v -13.83786818 21.30000000 37.50000000
v -14.10000000 21.60000000 29.90644472
v -14.05103685 21.60000000 37.20000000
v -14.10000000 21.60000000 37.15703662
v -13.91780261 21.90000000 30.00000000
v -14.10000000 21.80184764 30.00000000
v -14.10000000 21.90000000 30.04412506
v -13.94961339 21.90000000 37.20000000
v -14.10000000 21.90000000 37.04287898
v -14.10000000 22.20000000 30.18944081
v -14.10000000 22.20000000 36.60000000
v -14.00583309 22.20000000 36.90000000
v -14.10000000 22.06355847 36.90000000
v -13.82976726 22.20000000 37.20000000
v -14.10000000 22.43227347 30.30000000
v -14.10000000 22.50000000 30.32998215
v -14.08888890 22.50000000 36.60000000
v -14.10000000 22.50000000 36.58871576
v -13.90585669 22.50000000 36.90000000
v -14.10000000 22.80000000 30.43929086
v -14.02790496 22.80000000 36.60000000
v -14.10000000 22.80000000 36.51744920
v -13.85041935 22.80000000 36.90000000
v -14.10000000 23.10000000 30.55298233
v -14.10000000 23.10000000 36.30000000
v -13.89147922 23.10000000 36.60000000
v -14.10000000 23.20240785 30.60000000
v -14.10000000 23.40000000 30.69667729
v -14.10000000 23.40000000 36.18555459
v -14.10000000 23.70000000 30.86133611
v -14.10000000 23.70000000 36.05513088
v -14.10000000 23.76079231 30.90000000
v -14.10000000 24.00000000 31.06803022
v -14.10000000 23.82530919 36.00000000
v -14.10000000 24.00000000 35.93403193
v -14.10000000 24.19024880 31.20000000
v -14.10000000 24.30000000 31.27797806
v -14.10000000 24.30000000 35.82416320
v -14.10000000 24.60000000 31.50000000
v -14.10000000 24.60000000 35.70000000
v -14.10000000 24.79934675 31.80000000
v -14.10000000 24.90000000 31.96477986
v -14.10000000 24.90000000 35.43128008
v -14.10000000 24.97942808 32.10000000
v -14.10000000 25.14780885 32.40000000
v -14.10000000 25.20000000 32.50759356
v -14.10000000 25.16856164 35.10000000
v -14.10000000 25.20000000 35.05820169
v -14.10000000 24.92912039 35.40000000
v -14.10000000 25.28414756 32.70000000
v -14.10000000 25.38270078 33.00000000
v -14.10000000 25.44848981 33.30000000
v -14.04603981 25.50000000 33.60000000
v -14.10000000 25.48852988 33.60000000
v -14.10000000 25.50000000 33.90000000
v -14.10000000 25.50000000 34.20000000
v -14.10000000 25.50000000 34.50000000
v -14.10000000 25.38970062 34.80000000
v -14.40000000 14.40000000 34.80000000
v -14.40000000 14.39625283 35.10000000
v -14.40000000 14.39356047 35.40000000
v -14.40000000 14.38987725 35.70000000
v -14.40000000 14.38654875 36.00000000
v -14.40000000 14.38467676 36.30000000
v -14.40000000 14.38571917 36.60000000
v -14.40000000 14.38973881 36.90000000
v -14.40000000 14.40000000 37.20000000
v -14.40000000 14.70000000 33.00000000
v -14.40000000 14.64837978 33.30000000
v -14.40000000 14.59908439 33.60000000
v -14.40000000 14.55842600 33.90000000
v -14.40000000 14.52877194 34.20000000
v -14.40000000 14.48510322 34.50000000
v -14.40000000 14.48963098 37.50000000
v -14.40000000 14.59091008 37.80000000
v -14.40000000 14.70000000 38.10000000
v -14.40000000 15.00000000 32.40000000
v -14.40000000 14.88497136 32.70000000
v -14.40000000 14.88031472 38.40000000
v -14.40000000 15.00000000 38.70000000
v -14.40000000 15.30000000 32.27238521
v -14.40000000 15.30000000 38.80968861
v -14.40000000 15.51009523 32.10000000
v -14.40000000 15.60000000 32.00807070
v -14.40000000 15.60000000 39.00000000
v -14.40000000 15.90000000 31.50000000
v -14.40000000 15.75180192 31.80000000
v -14.40000000 15.90000000 39.04514963
v -14.40000000 16.18236145 31.20000000
v -14.40000000 16.20000000 31.18079056
v -14.40000000 16.20000000 39.09193015
v -14.40000000 16.47017984 30.90000000
v -14.40000000 16.50000000 30.86953890
v -14.40000000 16.50000000 39.12902412
v -14.40000000 16.76999712 30.60000000
v -14.40000000 16.80000000 30.57093194
v -14.40000000 16.80000000 39.14728561
v -14.40000000 17.10000000 30.30000000
v -14.40000000 17.10000000 39.13927772
v -14.40000000 17.40000000 30.23311390
v -14.40000000 17.40000000 39.09625945
v -14.40000000 17.70000000 30.15081846
v -14.40000000 17.70000000 39.00549717
v -14.40000000 18.00000000 30.00000000
v -14.40000000 17.71323628 39.00000000
v -14.40000000 18.00000000 38.86522213
v -14.40000000 18.30000000 29.96387020
v -14.40000000 18.30000000 38.70000000
v -14.40000000 18.60000000 29.92870095
v -14.40000000 18.53133034 38.40000000
v -14.40000000 18.60000000 38.34473054
v -14.40000000 18.90000000 29.88286028
v -14.40000000 18.90000000 38.17449861
v -14.40000000 19.20000000 29.79636011
v -14.40000000 19.01661320 38.10000000
v -14.40000000 19.20000000 37.98282004
v -14.40000000 19.43438071 29.70000000
v -14.40000000 19.50000000 29.40000000
v -14.40000000 19.50000000 37.80000000
v -14.40000000 19.59046880 29.70000000
v -14.40000000 19.80000000 29.75608018
v -14.40000000 19.80000000 37.59146893
v -14.40000000 20.10000000 29.80701068
v -14.40000000 19.94899780 37.50000000
v -14.40000000 20.10000000 37.42327970
v -14.40000000 20.40000000 29.81357325
v -14.40000000 20.40000000 37.34007174
v -14.40000000 20.70000000 29.81402522
v -14.40000000 20.70000000 37.27396319
v -14.40000000 21.00000000 29.83173719
v -14.40000000 21.00000000 37.20000000
v -14.40000000 21.30000000 29.89433024
v -14.40000000 21.30000000 37.06241395
v -14.40000000 21.60000000 30.00000000
v -14.40000000 21.60000000 36.95655722
v -14.40000000 21.90000000 30.13154390
v -14.40000000 21.90000000 36.90000000
v -14.40000000 22.20000000 30.26598991
v -14.40000000 22.07794077 36.60000000
v -14.40000000 22.20000000 36.51803442
v -14.40000000 22.27972851 30.30000000
v -14.40000000 22.50000000 30.39061056
v -14.40000000 22.50000000 36.40779782
v -14.40000000 22.80000000 30.50119929
v -14.40000000 22.80000000 36.31675444
v -14.40000000 23.10000000 30.60000000
v -14.40000000 22.84634244 36.30000000
v -14.40000000 23.10000000 36.22024247
v -14.40000000 23.40000000 30.75383906
v -14.40000000 23.40000000 36.13180115
v -14.40000000 23.70000000 30.90000000
v -14.40000000 23.70000000 36.03768962
v -14.40000000 24.00000000 31.14865670
v -14.40000000 23.81126849 36.00000000
v -14.40000000 24.00000000 35.93958588
v -14.40000000 24.07100992 31.20000000
v -14.40000000 24.30000000 31.37619065
v -14.40000000 24.30000000 35.83155941
v -14.40000000 24.60000000 31.50000000
v -14.40000000 24.60000000 35.70000000
v -14.40000000 24.70361553 31.80000000
v -14.40000000 24.90000000 32.10000000
v -14.40000000 24.90000000 35.40594301
v -14.40000000 25.08457247 32.40000000
v -14.40000000 25.20000000 32.61574288
v -14.40000000 25.14592822 35.10000000
v -14.40000000 25.20000000 35.02460455
v -14.40000000 24.90534289 35.40000000
v -14.40000000 25.23844031 32.70000000
v -14.40000000 25.33109283 33.00000000
v -14.40000000 25.39276076 33.30000000
v -14.40000000 25.43154955 33.60000000
v -14.40000000 25.45688080 33.90000000
v -14.40000000 25.48681762 34.20000000
v -14.40000000 25.50000000 34.50000000
v -14.40000000 25.35216701 34.80000000
v -14.40833769 14.40000000 35.10000000
v -14.41504491 14.40000000 35.40000000
v -14.42474227 14.40000000 35.70000000
v -14.43485633 14.40000000 36.00000000
v -14.44235520 14.40000000 36.30000000
v -14.44193440 14.40000000 36.60000000
v -14.43086206 14.40000000 36.90000000
v -14.47434951 14.70000000 33.30000000
v -14.57181825 14.70000000 33.60000000
v -14.70000000 14.70000000 33.90000000
v -14.70000000 14.66517829 34.20000000
v -14.70000000 14.62064449 34.50000000
v -14.70000000 14.57132754 34.80000000
v -14.70000000 14.54081065 35.10000000
v -14.70000000 14.52754294 35.40000000
v -14.70000000 14.51687187 35.70000000
v -14.70000000 14.50523806 36.00000000
v -14.70000000 14.49526508 36.30000000
v -14.70000000 14.49019100 36.60000000
v -14.70000000 14.49474926 36.90000000
v -14.70000000 14.52085392 37.20000000
v -14.70000000 14.58738730 37.50000000
v -14.70000000 14.69075595 37.80000000
v -14.70000000 14.70000000 37.82070171
v -14.51453838 15.00000000 32.70000000
v -14.70000000 15.00000000 33.00000000
v -14.70000000 14.89201421 33.30000000
v -14.70000000 14.78657751 33.60000000
v -14.70000000 14.86270131 38.10000000
v -14.55681261 15.00000000 38.40000000
v -14.70000000 15.00000000 38.26057410
v -14.52940482 15.30000000 32.40000000
v -14.70000000 15.30000000 32.70000000
v -14.70000000 15.30000000 38.40000000
v -14.52183585 15.30000000 38.70000000
v -14.49802207 15.60000000 32.10000000
v -14.70000000 15.51180690 32.40000000
v -14.70000000 15.60000000 32.30535905
v -14.70000000 15.56715243 38.70000000
v -14.70000000 15.60000000 38.72219194
v -14.59834741 15.90000000 31.80000000
v -14.70000000 15.76828802 32.10000000
v -14.70000000 15.90000000 31.92375770
v -14.49090068 15.90000000 39.00000000
v -14.70000000 15.90000000 38.87487596
v -14.41969038 16.20000000 31.20000000
v -14.70000000 16.20000000 31.50000000
v -14.70000000 15.98870504 31.80000000
v -14.60493669 16.20000000 39.00000000
v -14.70000000 16.20000000 38.95222804
v -14.43206535 16.50000000 30.90000000
v -14.70000000 16.46656717 31.20000000
v -14.70000000 16.50000000 31.16491373
v -14.70000000 16.49680911 39.00000000
v -14.70000000 16.50000000 39.00045927
v -14.43022627 16.80000000 30.60000000
v -14.70000000 16.77727813 30.90000000
v -14.70000000 16.80000000 30.87828701
v -14.70000000 16.80000000 39.02503849
v -14.70000000 17.10000000 30.60000000
v -14.70000000 17.10000000 39.02659169
v -14.48425026 17.40000000 30.30000000
v -14.70000000 17.40000000 30.50218627
v -14.70000000 17.40000000 39.00000000
v -14.58867869 17.70000000 30.30000000
v -14.70000000 17.70000000 30.39904893
v -14.41354945 17.70000000 39.00000000
v -14.70000000 17.70000000 38.86832252
v -14.70000000 17.98205457 30.30000000
v -14.70000000 18.00000000 30.29404554
v -14.70000000 18.00000000 38.70000000
v -14.44523393 18.30000000 30.00000000
v -14.70000000 18.30000000 30.21339682
v -14.70000000 18.30000000 38.40000000
v -14.49963593 18.60000000 30.00000000
v -14.70000000 18.60000000 30.14739900
v -14.70000000 18.60000000 38.22283319
v -14.58250004 18.90000000 30.00000000
v -14.70000000 18.90000000 30.07812335
v -14.70000000 18.90000000 38.10000000
v -14.70000000 19.20000000 30.00000000
v -14.70000000 19.20000000 37.84436844
v -14.43540637 19.50000000 29.70000000
v -14.70000000 19.50000000 29.92153960
v -14.70000000 19.26282930 37.80000000
v -14.70000000 19.50000000 37.64037172
v -14.70000000 19.80000000 29.90008409
v -14.60651595 19.80000000 37.50000000
v -14.70000000 19.73353739 37.50000000
v -14.70000000 19.80000000 37.46181250
v -14.70000000 20.10000000 29.90405791
v -14.70000000 20.10000000 37.32070182
v -14.70000000 20.40000000 29.90046953
v -14.70000000 20.40000000 37.20145358
v -14.70000000 20.70000000 29.90176835
v -14.53910651 20.70000000 37.20000000
v -14.70000000 20.40490525 37.20000000
v -14.70000000 20.70000000 37.10928798
v -14.70000000 21.00000000 29.92353635
v -14.70000000 21.00000000 37.02946820
v -14.70000000 21.30000000 29.99813061
v -14.70000000 21.30000000 36.90000000
v -14.70000000 21.30507550 30.00000000
v -14.70000000 21.60000000 30.11308172
v -14.70000000 21.60000000 36.60000000
v -14.46874172 21.60000000 36.90000000
v -14.70000000 21.90000000 30.24042140
v -14.56939606 21.90000000 36.60000000
v -14.70000000 21.90000000 36.49804902
v -14.50106276 22.20000000 30.30000000
v -14.70000000 22.04008047 30.30000000
v -14.70000000 22.20000000 30.36632636
v -14.70000000 22.20000000 36.37690060
v -14.70000000 22.50000000 30.48186858
v -14.65869752 22.50000000 36.30000000
v -14.70000000 22.44091883 36.30000000
v -14.70000000 22.50000000 36.28430147
v -14.70000000 22.80000000 30.58994455
v -14.44354311 22.80000000 36.30000000
v -14.70000000 22.80000000 36.21869724
v -14.70000000 22.82727191 30.60000000
v -14.70000000 23.10000000 30.70635262
v -14.70000000 23.10000000 36.16085941
v -14.70000000 23.40000000 30.84916286
v -14.70000000 23.40000000 36.10191569
v -14.70000000 23.49139965 30.90000000
v -14.70000000 23.70000000 31.03645883
v -14.70000000 23.70000000 36.03576131
v -14.52410800 24.00000000 31.20000000
v -14.70000000 23.90785354 31.20000000
v -14.70000000 24.00000000 31.29157079
v -14.70000000 23.83094777 36.00000000
v -14.70000000 24.00000000 35.95341552
v -14.56332514 24.30000000 31.50000000
v -14.70000000 24.18893644 31.50000000
v -14.70000000 24.30000000 31.80000000
v -14.70000000 24.30000000 35.84472549
v -14.54587291 24.60000000 31.80000000
v -14.70000000 24.60000000 31.92928772
v -14.70000000 24.60000000 35.70000000
v -14.70000000 24.76783149 32.10000000
v -14.70000000 24.90000000 32.25111111
v -14.70000000 24.90000000 35.40000000
v -14.70000000 25.00382856 32.40000000
v -14.70000000 25.20000000 32.70000000
v -14.70000000 25.12523250 35.10000000
v -14.70000000 25.20000000 34.98732880
v -14.70000000 25.27597521 33.00000000
v -14.70000000 25.33117308 33.30000000
v -14.70000000 25.37420726 33.60000000
v -14.70000000 25.41216702 33.90000000
v -14.70000000 25.45615224 34.20000000
v -14.70000000 25.50000000 34.50000000
v -14.70000000 25.32092560 34.80000000
v -14.76578101 14.70000000 34.20000000
v -14.84323574 14.70000000 34.50000000
v -14.91644339 14.70000000 34.80000000
v -15.00000000 14.70000000 35.10000000
v -15.00000000 14.68811780 35.40000000
v -15.00000000 14.66653587 35.70000000
v -15.00000000 14.64452594 36.00000000
v -15.00000000 14.62921229 36.30000000
v -15.00000000 14.62220649 36.60000000
v -15.00000000 14.62671942 36.90000000
v -15.00000000 14.64969060 37.20000000
v -15.00000000 14.70000000 37.50000000
v -14.72286087 14.70000000 37.80000000
v -14.80580892 15.00000000 33.30000000
v -15.00000000 15.00000000 33.60000000
v -15.00000000 14.91819861 33.90000000
v -15.00000000 14.83769586 34.20000000
v -15.00000000 14.79429077 34.50000000
v -15.00000000 14.75521545 34.80000000
v -15.00000000 14.82849115 37.80000000
v -15.00000000 15.00000000 38.10000000
v -14.88852709 15.30000000 33.00000000
v -15.00000000 15.30000000 33.30000000
v -15.00000000 15.30000000 38.24583218
v -14.77742038 15.60000000 32.40000000
v -15.00000000 15.60000000 32.70000000
v -15.00000000 15.43364039 33.00000000
v -15.00000000 15.60000000 38.40000000
v -14.72476160 15.60000000 38.70000000
v -14.83598886 15.90000000 32.10000000
v -15.00000000 15.82877224 32.40000000
v -15.00000000 15.90000000 32.30876567
v -15.00000000 15.90000000 38.70000000
v -14.91160062 16.20000000 31.80000000
v -15.00000000 16.06559725 32.10000000
v -15.00000000 16.20000000 31.92495604
v -15.00000000 16.20000000 38.77227854
v -14.73367256 16.50000000 31.20000000
v -15.00000000 16.50000000 31.50000000
v -15.00000000 16.30375683 31.80000000
v -14.70098768 16.50000000 39.00000000
v -15.00000000 16.50000000 38.84801550
v -14.71935423 16.80000000 30.90000000
v -15.00000000 16.80000000 31.20000000
v -14.75563862 16.80000000 39.00000000
v -15.00000000 16.80000000 38.88016517
v -14.90018490 17.10000000 30.90000000
v -15.00000000 17.10000000 31.02314865
v -14.75958960 17.10000000 39.00000000
v -15.00000000 17.10000000 38.88119761
v -14.78791179 17.40000000 30.60000000
v -15.00000000 17.40000000 30.90000000
v -15.00000000 17.40000000 38.83678272
v -14.89980786 17.70000000 30.60000000
v -15.00000000 17.70000000 30.70884808
v -15.00000000 17.70000000 38.70000000
v -14.70655444 18.00000000 30.30000000
v -15.00000000 17.92350120 30.60000000
v -15.00000000 18.00000000 30.56732181
v -15.00000000 18.00000000 38.40000000
v -14.80574751 18.30000000 30.30000000
v -15.00000000 18.30000000 30.45957852
v -15.00000000 18.30000000 38.20478872
v -14.90238971 18.60000000 30.30000000
v -15.00000000 18.60000000 30.37398886
v -14.89360901 18.60000000 38.10000000
v -15.00000000 18.47747177 38.10000000
v -15.00000000 18.60000000 38.02889906
v -15.00000000 18.90000000 30.30000000
v -15.00000000 18.90000000 37.85873083
v -15.00000000 19.20000000 30.21756178
v -14.77546716 19.20000000 37.80000000
v -15.00000000 18.99090948 37.80000000
v -15.00000000 19.20000000 37.67141738
v -14.79280490 19.50000000 30.00000000
v -15.00000000 19.50000000 30.14305914
v -14.97677788 19.50000000 37.50000000
v -15.00000000 19.48031688 37.50000000
v -15.00000000 19.50000000 37.48810716
v -14.85600870 19.80000000 30.00000000
v -15.00000000 19.80000000 30.08502132
v -15.00000000 19.80000000 37.32331461
v -14.91347742 20.10000000 30.00000000
v -15.00000000 20.10000000 30.04129958
v -15.00000000 20.10000000 37.20000000
v -15.00000000 20.40000000 30.00000000
v -14.70268391 20.40000000 37.20000000
v -15.00000000 20.40000000 36.99428322
v -15.00000000 20.70000000 30.00000000
v -15.00000000 20.70000000 36.90952707
v -15.00000000 21.00000000 30.00000000
v -15.00000000 21.00000000 36.90000000
v -14.70477605 21.30000000 30.00000000
v -15.00000000 21.30000000 30.12537307
v -15.00000000 21.30000000 36.60000000
v -15.00000000 21.60000000 30.24918481
v -15.00000000 21.60000000 36.42744214
v -14.83418901 21.90000000 30.30000000
v -15.00000000 21.72079013 30.30000000
v -15.00000000 21.90000000 30.37444380
v -15.00000000 21.90000000 36.30000000
v -15.00000000 22.20000000 30.49165057
v -14.84810305 22.20000000 36.30000000
v -15.00000000 22.20000000 36.23272593
v -15.00000000 22.50000000 30.60000000
v -15.00000000 22.50000000 36.18020992
v -14.72793498 22.80000000 30.60000000
v -15.00000000 22.80000000 30.70015954
v -15.00000000 22.80000000 36.14073841
v -15.00000000 23.10000000 30.80944269
v -15.00000000 23.10000000 36.10887983
v -14.83986330 23.40000000 30.90000000
v -15.00000000 23.28628904 30.90000000
v -15.00000000 23.40000000 30.96416148
v -15.00000000 23.40000000 36.07692707
v -15.00000000 23.70000000 31.16408945
v -15.00000000 23.70000000 36.03727932
v -15.00000000 23.74727640 31.20000000
v -15.00000000 24.00000000 31.42325168
v -15.00000000 23.88193533 36.00000000
v -15.00000000 24.00000000 35.97402170
v -15.00000000 24.06965015 31.50000000
v -15.00000000 24.29662257 31.80000000
v -15.00000000 24.30000000 31.80344848
v -15.00000000 24.30000000 35.85920364
v -15.00000000 24.60000000 32.04209124
v -15.00000000 24.60000000 35.70000000
v -15.00000000 24.65967348 32.10000000
v -15.00000000 24.90000000 32.40000000
v -15.00000000 24.90000000 35.40000000
v -15.00000000 25.07002889 32.70000000
v -15.00000000 25.20000000 33.00000000
v -15.00000000 25.10790435 35.10000000
v -15.00000000 25.20000000 34.93004319
v -15.00000000 25.25450926 33.30000000
v -15.00000000 25.30312460 33.60000000
v -15.00000000 25.34613897 33.90000000
v -15.00000000 25.37568600 34.20000000
v -15.00000000 25.36346693 34.50000000
v -15.00000000 25.26671215 34.80000000
v -15.01854387 14.70000000 35.40000000
v -15.06083060 14.70000000 35.70000000
v -15.10543749 14.70000000 36.00000000
v -15.13295395 14.70000000 36.30000000
v -15.14468936 14.70000000 36.60000000
v -15.13915759 14.70000000 36.90000000
v -15.10135968 14.70000000 37.20000000
v -15.09380017 15.00000000 33.90000000
v -15.30000000 15.00000000 34.20000000
v -15.30000000 15.00000000 34.50000000
v -15.30000000 15.00000000 34.80000000
v -15.30000000 14.97840719 35.10000000
v -15.30000000 14.91769692 35.40000000
v -15.30000000 14.84235938 35.70000000
v -15.30000000 14.80909749 36.00000000
v -15.30000000 14.79504003 36.30000000
v -15.30000000 14.78963146 36.60000000
v -15.30000000 14.79140087 36.90000000
v -15.30000000 14.80715364 37.20000000
v -15.30000000 14.85932644 37.50000000
v -15.30000000 15.00000000 37.80000000
v -15.19105439 15.30000000 33.60000000
v -15.30000000 15.30000000 33.90000000
v -15.22594403 15.30000000 38.10000000
v -15.30000000 15.30000000 38.04518653
v -15.15051248 15.60000000 33.00000000
v -15.30000000 15.60000000 33.30000000
v -15.30000000 15.42367115 33.60000000
v -15.30000000 15.39396067 38.10000000
v -15.30000000 15.60000000 38.20843843
v -15.06764518 15.90000000 32.40000000
v -15.27192851 15.90000000 32.70000000
v -15.30000000 15.75623464 33.00000000
v -15.30000000 15.90000000 32.74830065
v -15.23029624 15.90000000 38.40000000
v -15.30000000 15.90000000 38.33941559
v -15.12731915 16.20000000 32.10000000
v -15.30000000 16.13772373 32.40000000
v -15.30000000 16.20000000 32.32103701
v -15.30000000 15.92817650 32.70000000
v -15.30000000 16.20000000 38.40000000
v -15.09081734 16.20000000 38.70000000
v -15.15328546 16.50000000 31.80000000
v -15.30000000 16.39890708 32.10000000
v -15.30000000 16.50000000 31.99564246
v -15.30000000 16.50000000 38.70000000
v -15.19766598 16.80000000 31.50000000
v -15.30000000 16.80000000 31.80000000
v -15.30000000 16.80000000 38.70000000
v -15.16682217 17.10000000 31.20000000
v -15.30000000 16.92156193 31.50000000
v -15.30000000 17.10000000 31.33698262
v -15.30000000 17.10000000 38.70203868
v -15.30000000 17.40000000 31.20000000
v -15.30000000 17.40000000 38.70000000
v -15.18815836 17.70000000 30.90000000
v -15.30000000 17.70000000 31.01213930
v -15.30000000 17.70000000 38.40000000
v -15.03774551 18.00000000 30.60000000
v -15.30000000 17.88019435 30.90000000
v -15.30000000 18.00000000 30.83222730
v -15.30000000 18.00000000 38.20184056
v -15.18124418 18.30000000 30.60000000
v -15.30000000 18.30000000 30.69341711
v -15.15171227 18.30000000 38.10000000
v -15.30000000 18.14913328 38.10000000
v -15.30000000 18.30000000 37.99926250
v -15.30000000 18.58544495 30.60000000
v -15.30000000 18.60000000 30.59549410
v -15.30000000 18.60000000 37.80000000
v -15.30000000 18.90000000 30.51753241
v -15.08358093 18.90000000 37.80000000
v -15.30000000 18.90000000 37.66431019
v -15.10682597 19.20000000 30.30000000
v -15.30000000 19.20000000 30.44287015
v -15.30000000 19.20000000 37.50861204
v -15.20928886 19.50000000 30.30000000
v -15.30000000 19.50000000 30.36625432
v -15.30000000 19.21535565 37.50000000
v -15.30000000 19.50000000 37.33542747
v -15.30000000 19.75582360 30.30000000
v -15.30000000 19.80000000 30.28877187
v -15.21016984 19.80000000 37.20000000
v -15.30000000 19.71423387 37.20000000
v -15.30000000 19.80000000 37.13650169
v -15.30000000 20.10000000 30.22626801
v -15.30000000 20.10000000 36.90000000
v -15.30000000 20.40000000 30.18781087
v -15.30000000 20.40000000 36.60000000
v -15.09419293 20.40000000 36.90000000
v -15.30000000 20.70000000 30.18243146
v -15.25852498 20.70000000 36.60000000
v -15.30000000 20.70000000 36.55740442
v -15.01038638 20.70000000 36.90000000
v -15.30000000 21.00000000 30.21575769
v -15.18909227 21.00000000 36.60000000
v -15.30000000 21.00000000 36.48678200
v -15.30000000 21.30000000 30.30000000
v -15.30000000 21.30000000 36.36920729
v -15.09439406 21.60000000 30.30000000
v -15.30000000 21.60000000 30.41473230
v -15.20961093 21.60000000 36.30000000
v -15.30000000 21.46380485 36.30000000
v -15.30000000 21.60000000 36.25075802
v -15.30000000 21.90000000 30.53077195
v -15.30000000 21.90000000 36.15691478
v -15.21976536 22.20000000 30.60000000
v -15.30000000 22.08771359 30.60000000
v -15.30000000 22.20000000 30.64055612
v -15.30000000 22.20000000 36.10890981
v -15.30000000 22.50000000 30.73894084
v -15.30000000 22.50000000 36.08387291
v -15.30000000 22.80000000 30.82118745
v -15.30000000 22.80000000 36.06811809
v -15.30000000 23.10000000 30.90000000
v -15.30000000 23.10000000 36.05681417
v -15.30000000 23.40000000 31.09176300
v -15.30000000 23.40000000 36.04781988
v -15.08242769 23.70000000 31.20000000
v -15.30000000 23.56060424 31.20000000
v -15.30000000 23.70000000 31.30173182
v -15.30000000 23.70000000 36.03204163
v -15.30000000 24.00000000 31.50000000
v -15.30000000 24.00000000 36.00000000
v -15.30000000 24.21771967 31.80000000
v -15.30000000 24.30000000 31.88272254
v -15.30000000 24.30000000 35.86908286
v -15.30000000 24.60000000 32.10000000
v -15.30000000 24.60000000 35.70000000
v -15.30000000 24.76715731 32.40000000
v -15.30000000 24.90000000 32.63542292
v -15.30000000 24.90000000 35.40478362
v -15.30000000 24.93304168 32.70000000
v -15.30000000 25.05721644 33.00000000
v -15.15252624 25.20000000 33.30000000
v -15.30000000 25.14240663 33.30000000
v -15.30000000 25.20000000 33.56717789
v -15.30000000 25.09815900 35.10000000
v -15.30000000 25.20000000 34.85722104
v -15.30000000 24.90402985 35.40000000
v -15.30000000 25.20673269 33.60000000
v -15.30000000 25.25721423 33.90000000
v -15.30000000 25.28640748 34.20000000
v -15.30000000 25.28057540 34.50000000
v -15.30000000 25.22237313 34.80000000
v -15.32154652 15.00000000 35.10000000
v -15.39167443 15.00000000 35.40000000
v -15.60000000 15.00000000 35.70000000
v -15.60000000 15.00000000 36.00000000
v -15.60000000 15.00000000 36.30000000
v -15.60000000 15.00000000 36.60000000
v -15.60000000 15.00000000 36.90000000
v -15.60000000 14.99838644 37.20000000
v -15.60000000 15.00000000 37.50000000
v -15.50384539 15.30000000 34.20000000
v -15.58090603 15.30000000 34.50000000
v -15.60000000 15.30000000 34.80000000
v -15.60000000 15.30000000 35.10000000
v -15.60000000 15.30000000 35.40000000
v -15.60000000 15.30000000 37.80000000
v -15.48591292 15.60000000 33.60000000
v -15.60000000 15.53676129 33.90000000
v -15.60000000 15.60000000 33.78377180
v -15.60000000 15.39735087 34.20000000
v -15.60000000 15.31906839 34.50000000
v -15.46031791 15.60000000 38.10000000
v -15.60000000 15.60000000 38.00152589
v -15.44152636 15.90000000 33.00000000
v -15.60000000 15.90000000 33.30000000
v -15.60000000 15.70138755 33.60000000
v -15.60000000 15.80256089 38.10000000
v -15.60000000 15.90000000 38.14251857
v -15.36455632 16.20000000 32.40000000
v -15.60000000 16.20000000 32.70000000
v -15.60000000 16.05381409 33.00000000
v -15.60000000 16.20000000 38.24058210
v -15.40371396 16.50000000 32.10000000
v -15.60000000 16.42113612 32.40000000
v -15.60000000 16.50000000 32.30228423
v -15.53121529 16.50000000 38.40000000
v -15.60000000 16.50000000 38.33864757
v -15.60000000 16.67654748 32.10000000
v -15.60000000 16.80000000 31.96620771
v -15.59603873 16.80000000 38.40000000
v -15.60000000 16.80000000 38.39596430
v -15.60000000 17.10000000 31.50000000
v -15.60000000 16.94938574 31.80000000
v -15.59758270 17.10000000 38.40000000
v -15.60000000 17.10000000 38.39752560
v -15.30250580 17.10000000 38.70000000
v -15.60000000 17.40000000 31.44629384
v -15.52987606 17.40000000 38.40000000
v -15.60000000 17.40000000 38.33436526
v -15.50129782 17.70000000 31.20000000
v -15.60000000 17.70000000 31.30537314
v -15.60000000 17.70000000 38.19765905
v -15.38209560 18.00000000 30.90000000
v -15.60000000 17.84713676 31.20000000
v -15.60000000 18.00000000 31.10221400
v -15.46542632 18.00000000 38.10000000
v -15.60000000 17.86396915 38.10000000
v -15.60000000 18.00000000 38.02229886
v -15.60000000 18.30000000 30.90000000
v -15.60000000 18.30000000 37.80000000
v -15.30621231 18.60000000 30.60000000
v -15.60000000 18.60000000 30.81487134
v -15.60000000 18.60000000 37.64959062
v -15.41181981 18.90000000 30.60000000
v -15.60000000 18.90000000 30.73924244
v -15.60000000 18.90000000 37.51482146
v -15.50716950 19.20000000 30.60000000
v -15.60000000 19.20000000 30.66928783
v -15.31849090 19.20000000 37.50000000
v -15.60000000 18.93191584 37.50000000
v -15.60000000 19.20000000 37.37344620
v -15.60000000 19.50000000 30.60000000
v -15.60000000 19.50000000 37.20000000
v -15.31565124 19.80000000 30.30000000
v -15.60000000 19.80000000 30.50086254
v -15.60000000 19.80000000 36.90131672
v -15.40619693 20.10000000 30.30000000
v -15.60000000 20.10000000 30.43508705
v -15.60000000 20.10000000 36.60000000
v -15.60000000 19.80135620 36.90000000
v -15.45998384 20.40000000 30.30000000
v -15.60000000 20.40000000 30.40015163
v -15.60000000 20.40000000 36.43900637
v -15.46601540 20.70000000 30.30000000
v -15.60000000 20.70000000 30.39716532
v -15.60000000 20.70000000 36.30000000
v -15.41812175 21.00000000 30.30000000
v -15.60000000 21.00000000 30.42944585
v -15.53604282 21.00000000 36.30000000
v -15.60000000 21.00000000 36.26218008
v -15.60000000 21.30000000 30.49794555
v -15.40586434 21.30000000 36.30000000
v -15.60000000 21.30000000 36.19564487
v -15.60000000 21.60000000 30.60000000
v -15.60000000 21.60000000 36.10342727
v -15.42035930 21.90000000 30.60000000
v -15.60000000 21.90000000 30.70532417
v -15.60000000 21.90000000 36.00000000
v -15.60000000 22.20000000 30.80316598
v -15.60000000 22.20000000 36.00152641
v -15.60000000 22.50000000 30.90000000
v -15.60000000 22.50000000 36.00000000
v -15.47183486 22.80000000 30.90000000
v -15.60000000 22.80000000 30.96213474
v -15.60000000 22.80000000 36.00000000
v -15.60000000 23.10000000 31.06594337
v -15.60000000 23.10000000 36.00000000
v -15.52716087 23.40000000 31.20000000
v -15.60000000 23.34115905 31.20000000
v -15.60000000 23.40000000 31.23948855
v -15.60000000 23.40000000 36.01142579
v -15.60000000 23.70000000 31.48655418
v -15.60000000 23.70000000 36.00463087
v -15.60000000 23.71526510 31.50000000
v -15.60000000 24.00000000 31.80000000
v -15.60000000 23.73540601 36.00000000
v -15.60000000 24.00000000 35.96314560
v -15.60000000 24.30000000 32.10000000
v -15.60000000 24.30000000 35.86228408
v -15.60000000 24.60000000 32.40000000
v -15.60000000 24.60000000 35.70000000
v -15.37268352 24.90000000 32.70000000
v -15.60000000 24.78758137 32.70000000
v -15.60000000 24.90000000 32.95236963
v -15.60000000 24.90000000 35.42016659
v -15.60000000 24.91840554 33.00000000
v -15.60000000 25.00351073 33.30000000
v -15.31674045 25.20000000 33.60000000
v -15.60000000 25.07693719 33.60000000
v -15.46548166 25.20000000 33.90000000
v -15.60000000 25.15130689 33.90000000
v -15.60000000 25.20000000 34.20000000
v -15.60000000 25.09954823 35.10000000
v -15.60000000 25.20000000 34.80439507
v -15.60000000 24.91689941 35.40000000
v -15.60000000 25.23021934 34.50000000
v -15.60000000 25.20137743 34.80000000
v -15.60192336 15.00000000 37.20000000
v -15.84175425 15.30000000 35.70000000
v -15.90000000 15.30000000 36.00000000
v -15.90000000 15.30000000 36.30000000
v -15.90000000 15.30000000 36.60000000
v -15.90000000 15.30000000 36.90000000
v -15.90000000 15.30000000 37.20000000
v -15.83055920 15.30000000 37.50000000
v -15.68351164 15.60000000 33.90000000
v -15.83863504 15.60000000 34.20000000
v -15.90000000 15.60000000 34.50000000
v -15.90000000 15.48847037 34.80000000
v -15.90000000 15.45251741 35.10000000
v -15.90000000 15.41905001 35.40000000
v -15.90000000 15.34520859 35.70000000
v -15.90000000 15.36981528 37.50000000
v -15.88200712 15.60000000 37.80000000
v -15.90000000 15.60000000 37.78311127
v -15.85167299 15.90000000 33.60000000
v -15.90000000 15.74655226 33.90000000
v -15.90000000 15.90000000 33.65392138
v -15.90000000 15.64240181 34.20000000
v -15.90000000 15.61953009 37.80000000
v -15.67141632 15.90000000 38.10000000
v -15.90000000 15.90000000 37.96473592
v -15.76031592 16.20000000 33.00000000
v -15.90000000 16.20000000 33.30000000
v -15.90000000 15.93868579 33.60000000
v -15.83509837 16.20000000 38.10000000
v -15.90000000 16.20000000 38.06277798
v -15.69619193 16.50000000 32.40000000
v -15.90000000 16.50000000 32.70000000
v -15.90000000 16.31675287 33.00000000
v -15.90000000 16.50000000 38.10000000
v -15.78237135 16.80000000 32.10000000
v -15.90000000 16.64609021 32.40000000
v -15.90000000 16.80000000 32.18847580
v -15.90000000 16.80000000 38.10000000
v -15.76285247 17.10000000 31.80000000
v -15.90000000 16.88747963 32.10000000
v -15.90000000 17.10000000 31.92069893
v -15.90000000 17.10000000 38.10000000
v -15.64995838 17.40000000 31.50000000
v -15.87897892 17.40000000 31.80000000
v -15.90000000 17.40000000 31.82020715
v -15.89959880 17.40000000 38.10000000
v -15.90000000 17.40000000 38.09974654
v -15.77144121 17.70000000 31.50000000
v -15.90000000 17.70000000 31.80000000
v -15.76262829 17.70000000 38.10000000
v -15.90000000 17.70000000 38.02782695
v -15.71385815 18.00000000 31.20000000
v -15.90000000 17.84686141 31.50000000
v -15.90000000 18.00000000 31.36213546
v -15.90000000 18.00000000 37.89111860
v -15.90000000 18.30000000 31.20000000
v -15.90000000 18.14512082 37.80000000
v -15.90000000 18.30000000 37.70300171
v -15.71799759 18.60000000 30.90000000
v -15.90000000 18.60000000 31.03358361
v -15.90000000 18.60000000 37.50000000
v -15.82445650 18.90000000 30.90000000
v -15.90000000 18.90000000 30.95174398
v -15.63674573 18.90000000 37.50000000
v -15.90000000 18.90000000 37.40099809
v -15.90000000 19.20000000 30.90000000
v -15.90000000 19.20000000 37.26972616
v -15.90000000 19.50000000 30.76950150
v -15.90000000 19.30625919 37.20000000
v -15.90000000 19.50000000 37.02978715
v -15.74909186 19.80000000 30.60000000
v -15.90000000 19.80000000 30.69684287
v -15.90000000 19.80000000 36.60000000
v -15.60170333 19.80000000 36.90000000
v -15.90000000 19.61300995 36.90000000
v -15.82965008 20.10000000 30.60000000
v -15.90000000 20.10000000 30.65118727
v -15.90000000 20.10000000 36.43907832
v -15.86532020 20.40000000 30.60000000
v -15.90000000 20.40000000 30.62675317
v -15.90000000 20.40000000 36.30000000
v -15.86896807 20.70000000 30.60000000
v -15.90000000 20.70000000 30.62385571
v -15.90000000 20.70000000 36.20751077
v -15.83884431 21.00000000 30.60000000
v -15.90000000 21.00000000 30.64399086
v -15.90000000 21.00000000 36.14320258
v -15.75844592 21.30000000 30.60000000
v -15.90000000 21.30000000 30.68945450
v -15.90000000 21.30000000 36.07750975
v -15.90000000 21.60000000 30.76716108
v -15.90000000 21.60000000 36.00000000
v -15.90000000 21.90000000 30.90000000
v -15.90000000 21.90000000 35.95136954
v -15.77744778 22.20000000 30.90000000
v -15.90000000 22.20000000 30.96614312
v -15.60640466 22.20000000 36.00000000
v -15.90000000 22.20000000 35.93653252
v -15.90000000 22.50000000 31.02687419
v -15.90000000 22.50000000 35.93696285
v -15.90000000 22.80000000 31.08882079
v -15.90000000 22.80000000 35.94472574
v -15.90000000 23.10000000 31.20000000
v -15.90000000 23.10000000 35.95678126
v -15.90000000 23.40000000 31.39196577
v -15.67845396 23.40000000 36.00000000
v -15.90000000 23.40000000 35.96802528
v -15.61942567 23.70000000 31.50000000
v -15.90000000 23.51319135 31.50000000
v -15.90000000 23.70000000 31.80000000
v -15.63347838 23.70000000 36.00000000
v -15.90000000 23.70000000 35.96287826
v -15.90000000 24.00000000 32.10000000
v -15.90000000 24.00000000 35.92697551
v -15.90000000 24.30000000 32.40000000
v -15.90000000 24.30000000 35.84897758
v -15.90000000 24.60000000 32.61254104
v -15.90000000 24.60000000 35.70846115
v -15.90000000 24.66599262 32.70000000
v -15.64041852 24.90000000 33.00000000
v -15.90000000 24.77880151 33.00000000
v -15.79870458 24.90000000 33.30000000
v -15.90000000 24.84545585 33.30000000
v -15.90000000 24.90000000 33.60000000
v -15.90000000 24.61225864 35.70000000
v -15.90000000 24.90000000 35.43942802
v -15.90000000 25.03565342 33.90000000
v -15.90000000 25.14159405 34.20000000
v -15.90000000 25.20000000 34.44691679
v -15.90000000 25.10388063 35.10000000
v -15.90000000 25.20000000 34.80624517
v -15.90000000 24.93216830 35.40000000
v -15.90000000 25.21132577 34.50000000
v -15.90000000 25.20181393 34.80000000
v -16.20000000 15.60000000 34.80000000
v -16.20000000 15.59999397 35.10000000
v -16.20000000 15.58786325 35.40000000
v -16.20000000 15.56276794 35.70000000
v -16.20000000 15.54007904 36.00000000
v -16.20000000 15.52807262 36.30000000
v -16.20000000 15.52281838 36.60000000
v -16.20000000 15.52361259 36.90000000
v -16.20000000 15.53982107 37.20000000
v -16.20000000 15.60000000 37.50000000
v -16.20000000 15.90000000 33.90000000
v -16.20000000 15.81289615 34.20000000
v -16.20000000 15.72222149 34.50000000
v -16.20000000 15.90000000 37.80000000
v -16.20000000 16.15954323 33.60000000
v -16.20000000 16.20000000 33.54633679
v -16.20000000 16.20000000 37.89440153
v -16.20000000 16.50000000 33.00000000
v -16.20000000 16.36498029 33.30000000
v -16.20000000 16.50000000 37.94612650
v -16.20000000 16.80000000 32.40000000
v -16.20000000 16.68413268 32.70000000
v -16.20000000 16.80000000 37.96048991
v -16.20000000 17.10000000 32.10000000
v -16.20000000 17.10000000 37.96182128
v -16.20000000 17.40000000 32.04193028
v -16.20000000 17.40000000 37.95002792
v -16.20000000 17.70000000 31.91129767
v -16.20000000 17.70000000 37.90110698
v -16.20000000 18.00000000 31.50000000
v -16.20000000 17.81610991 31.80000000
v -16.20000000 18.00000000 37.80000000
v -16.20000000 18.30000000 31.34087180
v -16.20000000 18.30000000 37.61521880
v -16.20000000 18.60000000 31.20000000
v -16.20000000 18.49666465 37.50000000
v -16.20000000 18.60000000 37.44286768
v -16.20000000 18.90000000 31.14816118
v -16.20000000 18.90000000 37.31400207
v -16.20000000 19.20000000 31.06497150
v -16.20000000 19.20000000 37.20000000
v -16.20000000 19.50000000 30.90000000
v -16.20000000 19.50000000 36.90000000
v -16.20000000 19.80000000 30.89430039
v -16.20000000 19.68385257 36.60000000
v -16.20000000 19.80000000 36.48655757
v -16.20000000 20.10000000 30.88292443
v -16.20000000 20.10000000 36.30399370
v -16.20000000 20.40000000 30.87030484
v -16.20000000 20.10965716 36.30000000
v -16.20000000 20.40000000 36.19831660
v -16.20000000 20.70000000 30.86578984
v -16.20000000 20.70000000 36.12164607
v -16.20000000 21.00000000 30.87122939
v -16.20000000 21.00000000 36.06072630
v -16.20000000 21.30000000 30.88290575
v -16.20000000 21.30000000 36.00000000
v -16.20000000 21.60000000 30.90000000
v -16.20000000 21.60000000 35.93456370
v -16.20000000 21.90000000 31.05486413
v -16.20000000 21.90000000 35.89444226
v -16.20000000 22.20000000 31.14484727
v -16.20000000 22.20000000 35.87698369
v -16.20000000 22.50000000 31.18504532
v -16.20000000 22.50000000 35.87661570
v -16.20000000 22.80000000 31.20000000
v -16.20000000 22.80000000 35.88595463
v -16.20000000 23.10000000 31.37565269
v -16.20000000 23.10000000 35.89936543
v -16.20000000 23.40000000 31.50000000
v -16.20000000 23.40000000 35.90957769
v -16.20000000 23.53089493 31.80000000
v -16.20000000 23.70000000 32.02057792
v -16.20000000 23.70000000 35.90696457
v -16.20000000 23.76975415 32.10000000
v -16.20000000 24.00000000 32.32435830
v -16.20000000 24.00000000 35.88150845
v -16.20000000 24.09039249 32.40000000
v -16.20000000 24.30000000 32.56269049
v -16.20000000 24.30000000 35.82471898
v -16.20000000 24.60000000 32.70000000
v -16.20000000 24.60000000 35.71600647
v -16.20000000 24.61248528 33.00000000
v -16.20000000 24.66150480 33.30000000
v -16.20000000 24.77219855 33.60000000
v -16.20000000 24.90000000 33.87205318
v -16.20000000 24.62416949 35.70000000
v -16.20000000 24.90000000 35.44511022
v -16.20000000 24.91268727 33.90000000
v -16.20000000 25.05399648 34.20000000
v -16.20000000 25.20000000 34.50000000
v -16.20000000 25.20000000 34.80000000
v -16.20000000 25.08451046 35.10000000
v -16.20000000 24.93466853 35.40000000
v -16.20000950 15.60000000 35.10000000
v -16.21825055 15.60000000 35.40000000
v -16.25165592 15.60000000 35.70000000
v -16.27874400 15.60000000 36.00000000
v -16.29367682 15.60000000 36.30000000
v -16.29974697 15.60000000 36.60000000
v -16.29596127 15.60000000 36.90000000
v -16.27161157 15.60000000 37.20000000
v -16.32923941 15.90000000 34.20000000
v -16.50000000 15.90000000 34.50000000
v -16.50000000 15.84186170 34.80000000
v -16.50000000 15.80857588 35.10000000
v -16.50000000 15.78881311 35.40000000
v -16.50000000 15.77425205 35.70000000
v -16.50000000 15.76354387 36.00000000
v -16.50000000 15.75770860 36.30000000
v -16.50000000 15.75876687 36.60000000
v -16.50000000 15.77172660 36.90000000
v -16.50000000 15.80941513 37.20000000
v -16.50000000 15.90000000 37.50000000
v -16.24926636 16.20000000 33.60000000
v -16.50000000 16.20000000 33.90000000
v -16.50000000 16.03892427 34.20000000
v -16.34561753 16.20000000 37.80000000
v -16.50000000 16.20000000 37.67228999
v -16.37814698 16.50000000 33.30000000
v -16.50000000 16.41306123 33.60000000
v -16.50000000 16.50000000 33.46591481
v -16.50000000 16.50000000 37.80000000
v -16.33065440 16.80000000 32.70000000
v -16.50000000 16.78227014 33.00000000
v -16.50000000 16.80000000 32.97079510
v -16.50000000 16.60950742 33.30000000
v -16.50000000 16.80000000 37.81894332
v -16.37157115 17.10000000 32.40000000
v -16.50000000 17.00764130 32.70000000
v -16.50000000 17.10000000 32.59975888
v -16.50000000 17.10000000 37.82716472
v -16.26232530 17.40000000 32.10000000
v -16.50000000 17.40000000 32.40000000
v -16.50000000 17.40000000 37.82383432
v -16.41192018 17.70000000 32.10000000
v -16.50000000 17.70000000 32.19503344
v -16.50000000 17.70000000 37.80000000
v -16.40658080 18.00000000 31.80000000
v -16.50000000 17.81901346 32.10000000
v -16.50000000 18.00000000 31.92017924
v -16.50000000 18.00000000 37.67202546
v -16.50000000 18.30000000 31.50000000
v -16.50000000 18.10754355 31.80000000
v -16.50000000 18.30000000 37.51320547
v -16.50000000 18.60000000 31.48138322
v -16.50000000 18.32427009 37.50000000
v -16.50000000 18.60000000 37.34699571
v -16.26290904 18.90000000 31.20000000
v -16.50000000 18.90000000 31.44801645
v -16.50000000 18.90000000 37.20000000
v -16.34711308 19.20000000 31.20000000
v -16.50000000 19.20000000 31.37662637
v -16.50000000 19.20000000 36.92955807
v -16.44571598 19.50000000 31.20000000
v -16.50000000 19.50000000 31.26810723
v -16.45611928 19.50000000 36.60000000
v -16.50000000 19.46524797 36.60000000
v -16.50000000 19.50000000 36.56298230
v -16.50000000 19.22782222 36.90000000
v -16.20695817 19.80000000 30.90000000
v -16.50000000 19.73865719 31.20000000
v -16.50000000 19.80000000 31.18605858
v -16.50000000 19.80000000 36.30000000
v -16.22037246 20.10000000 30.90000000
v -16.50000000 20.10000000 31.15797644
v -16.20899998 20.10000000 36.30000000
v -16.50000000 20.10000000 36.18707459
v -16.23471144 20.40000000 30.90000000
v -16.50000000 20.40000000 31.14803551
v -16.50000000 20.40000000 36.09928652
v -16.24011648 20.70000000 30.90000000
v -16.50000000 20.70000000 31.14339405
v -16.50000000 20.70000000 36.04051489
v -16.23485318 21.00000000 30.90000000
v -16.50000000 21.00000000 31.14289109
v -16.50000000 21.00000000 36.00000000
v -16.22175774 21.30000000 30.90000000
v -16.50000000 21.30000000 31.15533870
v -16.50000000 21.30000000 35.92367671
v -16.50000000 21.60000000 31.20000000
v -16.50000000 21.60000000 35.86102675
v -16.37170146 21.90000000 31.20000000
v -16.50000000 21.90000000 31.34196799
v -16.50000000 21.90000000 35.82073374
v -16.27026816 22.20000000 31.20000000
v -16.50000000 22.20000000 31.42697424
v -16.50000000 22.20000000 35.80498179
v -16.22001762 22.50000000 31.20000000
v -16.50000000 22.50000000 31.46840037
v -16.50000000 22.50000000 35.80502209
v -16.50000000 22.80000000 31.50000000
v -16.50000000 22.80000000 35.81099133
v -16.32499664 23.10000000 31.50000000
v -16.50000000 23.10000000 31.80000000
v -16.50000000 23.10000000 35.81938807
v -16.33008025 23.40000000 31.80000000
v -16.50000000 23.40000000 32.03560993
v -16.50000000 23.40000000 35.82640165
v -16.27608791 23.70000000 32.10000000
v -16.50000000 23.46205304 32.10000000
v -16.50000000 23.70000000 32.32338219
v -16.50000000 23.70000000 35.82613915
v -16.28558898 24.00000000 32.40000000
v -16.50000000 23.77974437 32.40000000
v -16.50000000 24.00000000 32.61631571
v -16.50000000 24.00000000 35.80995042
v -16.33401092 24.30000000 32.70000000
v -16.50000000 24.08568227 32.70000000
v -16.46274308 24.30000000 33.00000000
v -16.50000000 24.25849717 33.00000000
v -16.50000000 24.30000000 33.30000000
v -16.50000000 24.30000000 35.76477319
v -16.21456249 24.60000000 33.00000000
v -16.27652822 24.60000000 33.30000000
v -16.50000000 24.60000000 33.60000000
v -16.50000000 24.60000000 35.70000000
v -16.22761500 24.90000000 33.90000000
v -16.50000000 24.76699019 33.90000000
v -16.50000000 24.90000000 34.20000000
v -16.50000000 24.90000000 35.40000000
v -16.50000000 25.03945324 34.50000000
v -16.50000000 25.06349362 34.80000000
v -16.50000000 24.99997501 35.10000000
v -16.57008678 15.90000000 34.80000000
v -16.61674349 15.90000000 35.10000000
v -16.64802149 15.90000000 35.40000000
v -16.66856385 15.90000000 35.70000000
v -16.67991916 15.90000000 36.00000000
v -16.68173684 15.90000000 36.30000000
v -16.67099954 15.90000000 36.60000000
v -16.64191640 15.90000000 36.90000000
v -16.58799175 15.90000000 37.20000000
v -16.67162282 16.20000000 34.20000000
v -16.80000000 16.19156466 34.50000000
v -16.80000000 16.20000000 34.48003777
v -16.80000000 16.10228808 34.80000000
v -16.80000000 16.04784297 35.10000000
v -16.80000000 16.01630044 35.40000000
v -16.80000000 15.99918642 35.70000000
v -16.80000000 15.99179988 36.00000000
v -16.80000000 15.99360430 36.30000000
v -16.80000000 16.00942562 36.60000000
v -16.80000000 16.05282369 36.90000000
v -16.80000000 16.15699467 37.20000000
v -16.65866581 16.20000000 37.50000000
v -16.80000000 16.20000000 37.26324027
v -16.58997119 16.50000000 33.60000000
v -16.80000000 16.50000000 33.90000000
v -16.80000000 16.33166650 34.20000000
v -16.80000000 16.44947640 37.50000000
v -16.80000000 16.50000000 37.52947424
v -16.51738878 16.80000000 33.00000000
v -16.67855637 16.80000000 33.30000000
v -16.80000000 16.74279663 33.60000000
v -16.80000000 16.80000000 33.51807425
v -16.53421176 16.80000000 37.80000000
v -16.80000000 16.80000000 37.63449604
v -16.56561222 17.10000000 32.70000000
v -16.80000000 17.10000000 33.00000000
v -16.80000000 16.96519169 33.30000000
v -16.55773196 17.10000000 37.80000000
v -16.80000000 17.10000000 37.68121732
v -16.71282350 17.40000000 32.70000000
v -16.80000000 17.40000000 32.84479444
v -16.55367182 17.40000000 37.80000000
v -16.80000000 17.40000000 37.68678437
v -16.64962261 17.70000000 32.40000000
v -16.80000000 17.60453682 32.70000000
v -16.80000000 17.70000000 32.63366799
v -16.80000000 17.70000000 37.64564155
v -16.60855682 18.00000000 32.10000000
v -16.80000000 17.99600367 32.40000000
v -16.80000000 18.00000000 32.39676160
v -16.80000000 18.00000000 37.54311388
v -16.60959133 18.30000000 31.80000000
v -16.76010690 18.30000000 32.10000000
v -16.80000000 18.30000000 32.16759095
v -16.53329539 18.30000000 37.50000000
v -16.80000000 18.08908695 37.50000000
v -16.80000000 18.30000000 37.38804952
v -16.51545966 18.60000000 31.50000000
v -16.69287498 18.60000000 31.80000000
v -16.80000000 18.41557722 32.10000000
v -16.80000000 18.60000000 31.99621697
v -16.80000000 18.60000000 37.20000000
v -16.54074761 18.90000000 31.50000000
v -16.74013930 18.90000000 31.80000000
v -16.80000000 18.90000000 31.89979774
v -16.80000000 18.90000000 37.00799000
v -16.58868941 19.20000000 31.50000000
v -16.77396748 19.20000000 31.80000000
v -16.80000000 19.20000000 31.84103300
v -16.80000000 19.20000000 36.60000000
v -16.53548499 19.20000000 36.90000000
v -16.80000000 19.00952081 36.90000000
v -16.66418451 19.50000000 31.50000000
v -16.80000000 19.50000000 31.80000000
v -16.80000000 19.50000000 36.30000000
v -16.51332288 19.80000000 31.20000000
v -16.80000000 19.80000000 31.50000000
v -16.80000000 19.80000000 36.18392823
v -16.54128388 20.10000000 31.20000000
v -16.80000000 20.10000000 31.50000000
v -16.80000000 20.10000000 36.08425907
v -16.55047750 20.40000000 31.20000000
v -16.80000000 20.40000000 31.50000000
v -16.80000000 20.40000000 36.00000000
v -16.55452259 20.70000000 31.20000000
v -16.80000000 20.70000000 31.50000000
v -16.64774313 20.70000000 36.00000000
v -16.80000000 20.70000000 35.95864983
v -16.55502796 21.00000000 31.20000000
v -16.80000000 21.00000000 31.50000000
v -16.80000000 21.00000000 35.90925842
v -16.54224068 21.30000000 31.20000000
v -16.80000000 21.30000000 31.50000000
v -16.80000000 21.30000000 35.84480789
v -16.68514285 21.60000000 31.50000000
v -16.80000000 21.60000000 31.80000000
v -16.80000000 21.60000000 35.77972432
v -16.61125397 21.90000000 31.50000000
v -16.78667238 21.90000000 31.80000000
v -16.80000000 21.90000000 31.82233686
v -16.80000000 21.90000000 35.72113538
v -16.55821806 22.20000000 31.50000000
v -16.75987781 22.20000000 31.80000000
v -16.80000000 22.20000000 31.86726509
v -16.80000000 22.20000000 35.70000000
v -16.52563025 22.50000000 31.50000000
v -16.71614277 22.50000000 31.80000000
v -16.80000000 22.50000000 31.94530114
v -16.80000000 22.50000000 35.70000000
v -16.64309446 22.80000000 31.80000000
v -16.80000000 22.80000000 32.07075613
v -16.80000000 22.80000000 35.70000000
v -16.70778453 23.10000000 32.10000000
v -16.80000000 22.85126409 32.10000000
v -16.80000000 23.10000000 32.22976250
v -16.80000000 23.10000000 35.70000000
v -16.54614845 23.40000000 32.10000000
v -16.80000000 23.40000000 32.40000000
v -16.80000000 23.40000000 35.70000000
v -16.56553653 23.70000000 32.40000000
v -16.80000000 23.70000000 32.70000000
v -16.80000000 23.70000000 35.70000000
v -16.56842934 24.00000000 32.70000000
v -16.80000000 24.00000000 33.00000000
v -16.80000000 24.00000000 35.70000000
v -16.80000000 24.08412884 33.30000000
v -16.77845098 24.30000000 33.60000000
v -16.80000000 24.27477851 33.60000000
v -16.80000000 24.30000000 33.62810833
v -16.63317761 24.30000000 35.70000000
v -16.80000000 24.30000000 35.58019933
v -16.80000000 24.60000000 33.90000000
v -16.80000000 24.60000000 35.40000000
v -16.80000000 24.73440398 34.20000000
v -16.80000000 24.90000000 34.50000000
v -16.80000000 24.90000000 34.80000000
v -16.66826947 24.90000000 35.10000000
v -16.80000000 24.79026220 35.10000000
v -16.80883743 16.20000000 34.50000000
v -16.91022832 16.20000000 34.80000000
v -16.98357567 16.20000000 35.10000000
v -17.02932456 16.20000000 35.40000000
v -17.05235956 16.20000000 35.70000000
v -17.06015129 16.20000000 36.00000000
v -17.05423992 16.20000000 36.30000000
v -17.02466064 16.20000000 36.60000000
v -16.95559456 16.20000000 36.90000000
v -16.83774921 16.20000000 37.20000000
v -16.96198265 16.50000000 34.20000000
v -17.10000000 16.48925832 34.50000000
v -17.10000000 16.50000000 34.47776176
v -17.10000000 16.37135135 34.80000000
v -17.10000000 16.29778339 35.10000000
v -17.10000000 16.25804863 35.40000000
v -17.10000000 16.23938608 35.70000000
v -17.10000000 16.23323357 36.00000000
v -17.10000000 16.23828944 36.30000000
v -17.10000000 16.26473528 36.60000000
v -17.10000000 16.33725086 36.90000000
v -17.10000000 16.50000000 37.20000000
v -16.83228917 16.50000000 37.50000000
v -16.84417956 16.80000000 33.60000000
v -17.03524368 16.80000000 33.90000000
v -17.10000000 16.65478157 34.20000000
v -17.10000000 16.80000000 33.99916805
v -17.00277742 16.80000000 37.50000000
v -17.10000000 16.80000000 37.42523479
v -16.88020589 17.10000000 33.30000000
v -17.01079737 17.10000000 33.60000000
v -17.10000000 16.89944307 33.90000000
v -17.10000000 17.10000000 33.73262062
v -17.10000000 17.00167774 37.50000000
v -17.10000000 17.10000000 37.52841627
v -16.88095270 17.40000000 33.00000000
v -16.99245142 17.40000000 33.30000000
v -17.10000000 17.40000000 33.60000000
v -17.10000000 17.40000000 37.55278759
v -16.83862388 17.70000000 32.70000000
v -16.98293811 17.70000000 33.00000000
v -17.10000000 17.70000000 33.30000000
v -17.10000000 17.70000000 37.51686962
v -16.80195803 18.00000000 32.40000000
v -16.97523941 18.00000000 32.70000000
v -17.10000000 17.96108088 33.00000000
v -17.10000000 18.00000000 32.95995032
v -16.90452922 18.00000000 37.50000000
v -17.10000000 17.75503342 37.50000000
v -17.10000000 18.00000000 37.41514571
v -16.93800075 18.30000000 32.40000000
v -17.10000000 18.24621124 32.70000000
v -17.10000000 18.30000000 32.65610170
v -17.10000000 18.30000000 37.25154562
v -16.85746103 18.60000000 32.10000000
v -17.04199683 18.60000000 32.40000000
v -17.10000000 18.60000000 32.48118312
v -17.10000000 18.38111403 37.20000000
v -17.10000000 18.60000000 37.03845563
v -16.91941635 18.90000000 32.10000000
v -17.10000000 18.90000000 32.40000000
v -17.10000000 18.90000000 36.90000000
v -16.97177979 19.20000000 32.10000000
v -17.10000000 19.20000000 32.29376113
v -17.10000000 19.04885746 36.60000000
v -17.10000000 19.20000000 36.44851955
v -17.02515168 19.50000000 32.10000000
v -17.10000000 19.50000000 32.20967735
v -17.10000000 19.37840207 36.30000000
v -17.10000000 19.50000000 36.22600087
v -16.91157223 19.80000000 31.80000000
v -17.07832936 19.80000000 32.10000000
v -17.10000000 19.80000000 32.13336199
v -17.10000000 19.80000000 36.09059825
v -16.95244068 20.10000000 31.80000000
v -17.10000000 20.10000000 32.10000000
v -17.10000000 20.10000000 36.00000000
v -16.96292127 20.40000000 31.80000000
v -17.10000000 20.40000000 32.10000000
v -17.10000000 20.40000000 35.94329963
v -16.96184668 20.70000000 31.80000000
v -17.09994063 20.70000000 32.10000000
v -17.10000000 20.70000000 32.10012976
v -17.10000000 20.70000000 35.89309886
v -16.94773862 21.00000000 31.80000000
v -17.08494253 21.00000000 32.10000000
v -17.10000000 21.00000000 32.13213009
v -17.10000000 21.00000000 35.83517322
v -16.90561401 21.30000000 31.80000000
v -17.05365107 21.30000000 32.10000000
v -17.10000000 21.30000000 32.18814254
v -17.10000000 21.30000000 35.76798269
v -17.00946884 21.60000000 32.10000000
v -17.10000000 21.60000000 32.25338212
v -17.10000000 21.60000000 35.70000000
v -16.97307923 21.90000000 32.10000000
v -17.10000000 21.90000000 32.32144219
v -16.84729486 21.90000000 35.70000000
v -17.10000000 21.90000000 35.54410554
v -16.93611394 22.20000000 32.10000000
v -17.10000000 22.20000000 32.40000000
v -17.10000000 22.20000000 35.45782020
v -16.88668664 22.50000000 32.10000000
v -17.04343275 22.50000000 32.40000000
v -17.10000000 22.50000000 32.52476322
v -17.10000000 22.50000000 35.42623495
v -16.81664348 22.80000000 32.10000000
v -16.98497355 22.80000000 32.40000000
v -17.10000000 22.80000000 32.62320473
v -17.10000000 22.80000000 35.41277921
v -16.90981167 23.10000000 32.40000000
v -17.10000000 23.10000000 32.70000000
v -17.10000000 23.10000000 35.40246103
v -16.96380149 23.40000000 32.70000000
v -17.10000000 23.40000000 33.00000000
v -17.10000000 23.40000000 35.40000000
v -16.95230208 23.70000000 33.00000000
v -17.05641258 23.70000000 33.30000000
v -17.10000000 23.61055542 33.30000000
v -17.10000000 23.70000000 33.44834912
v -17.10000000 23.70000000 35.40151865
v -16.87156055 24.00000000 33.30000000
v -16.98412700 24.00000000 33.60000000
v -17.10000000 23.78731469 33.60000000
v -17.10000000 24.00000000 33.90000000
v -17.10000000 24.00000000 35.40000000
v -16.95975528 24.30000000 33.90000000
v -17.09074049 24.30000000 34.20000000
v -17.10000000 24.27329553 34.20000000
v -17.10000000 24.30000000 34.23015676
v -17.10000000 24.30000000 35.10000000
v -16.95768538 24.30000000 35.40000000
v -16.93197183 24.60000000 34.20000000
v -17.10000000 24.60000000 34.50000000
v -17.10000000 24.60000000 34.80000000
v -16.95787691 24.60000000 35.10000000
v -17.11151808 16.50000000 34.50000000
v -17.25655791 16.50000000 34.80000000
v -17.35171463 16.50000000 35.10000000
v -17.39035593 16.50000000 35.40000000
v -17.40000000 16.50000000 35.70000000
v -17.40000000 16.50000000 36.00000000
v -17.40000000 16.50000000 36.30000000
v -17.38344484 16.50000000 36.60000000
v -17.29202883 16.50000000 36.90000000
v -17.24747054 16.80000000 34.20000000
v -17.40000000 16.80000000 34.50000000
v -17.40000000 16.61710054 34.80000000
v -17.40000000 16.54031461 35.10000000
v -17.40000000 16.50864841 35.40000000
v -17.40000000 16.51448485 36.60000000
v -17.40000000 16.59113155 36.90000000
v -17.40000000 16.80000000 37.20000000
v -17.24796810 17.10000000 33.90000000
v -17.40000000 16.94017025 34.20000000
v -17.40000000 17.10000000 34.03936586
v -17.15438307 17.10000000 37.50000000
v -17.40000000 17.10000000 37.36309646
v -17.40000000 17.40000000 33.90000000
v -17.21555671 17.40000000 37.50000000
v -17.40000000 17.40000000 37.41007626
v -17.29605108 17.70000000 33.60000000
v -17.40000000 17.70000000 33.70422576
v -17.14017900 17.70000000 37.50000000
v -17.40000000 17.70000000 37.38669947
v -17.11965459 18.00000000 33.00000000
v -17.25105159 18.00000000 33.30000000
v -17.40000000 18.00000000 33.60000000
v -17.40000000 18.00000000 37.29801192
v -17.13096536 18.30000000 32.70000000
v -17.31300358 18.30000000 33.00000000
v -17.40000000 18.30000000 33.30000000
v -17.21125960 18.30000000 37.20000000
v -17.40000000 18.16727554 37.20000000
v -17.40000000 18.30000000 37.08534380
v -17.29309218 18.60000000 32.70000000
v -17.40000000 18.40209866 33.00000000
v -17.40000000 18.60000000 32.81148640
v -17.40000000 18.60000000 36.60000000
v -17.25841816 18.60000000 36.90000000
v -17.40000000 18.47106064 36.90000000
v -17.38431556 18.90000000 32.70000000
v -17.40000000 18.90000000 32.71526774
v -17.27332696 18.90000000 36.60000000
v -17.40000000 18.90000000 36.50697958
v -17.17529966 19.20000000 32.40000000
v -17.40000000 19.20000000 32.70000000
v -17.40000000 19.20000000 36.30000000
v -17.23422778 19.50000000 32.40000000
v -17.40000000 19.50000000 32.70000000
v -17.40000000 19.50000000 36.15789239
v -17.30538894 19.80000000 32.40000000
v -17.40000000 19.80000000 32.50509181
v -17.40000000 19.80000000 36.00000000
v -17.31453698 20.10000000 32.40000000
v -17.40000000 20.10000000 32.49985248
v -17.40000000 20.10000000 35.94454211
v -17.26535595 20.40000000 32.40000000
v -17.40000000 20.40000000 32.70000000
v -17.40000000 20.40000000 35.89200636
v -17.24198531 20.70000000 32.40000000
v -17.40000000 20.70000000 32.70000000
v -17.40000000 20.70000000 35.83616633
v -17.23075171 21.00000000 32.40000000
v -17.40000000 21.00000000 32.70000000
v -17.40000000 21.00000000 35.77028358
v -17.21809371 21.30000000 32.40000000
v -17.39829871 21.30000000 32.70000000
v -17.40000000 21.30000000 32.70300972
v -17.34054647 21.30000000 35.70000000
v -17.40000000 21.24415166 35.70000000
v -17.40000000 21.30000000 35.67990333
v -17.19110714 21.60000000 32.40000000
v -17.35479223 21.60000000 32.70000000
v -17.40000000 21.60000000 33.00000000
v -17.40000000 21.60000000 33.30000000
v -17.40000000 21.60000000 35.52052215
v -17.14734044 21.90000000 32.40000000
v -17.30988147 21.90000000 32.70000000
v -17.40000000 21.90000000 32.89921024
v -17.40000000 21.90000000 35.10000000
v -17.25785117 21.90000000 35.40000000
v -17.40000000 21.74527455 35.40000000
v -17.23882891 22.20000000 32.70000000
v -17.34870733 22.20000000 33.00000000
v -17.40000000 22.03103379 33.00000000
v -17.40000000 22.20000000 33.30000000
v -17.40000000 22.20000000 35.10000000
v -17.15583748 22.20000000 35.40000000
v -17.17694904 22.50000000 32.70000000
v -17.28456762 22.50000000 33.00000000
v -17.40000000 22.50000000 33.30000000
v -17.40000000 22.50000000 35.10000000
v -17.12486267 22.50000000 35.40000000
v -17.13608472 22.80000000 32.70000000
v -17.25516740 22.80000000 33.00000000
v -17.40000000 22.80000000 33.30000000
v -17.36568119 22.80000000 35.10000000
v -17.40000000 22.80000000 35.05841734
v -17.11167624 22.80000000 35.40000000
v -17.20378922 23.10000000 33.00000000
v -17.31771225 23.10000000 33.30000000
v -17.40000000 23.10000000 33.60000000
v -17.40000000 23.10000000 33.90000000
v -17.40000000 23.10000000 34.80000000
v -17.29218846 23.10000000 35.10000000
v -17.10207726 23.10000000 35.40000000
v -17.19623795 23.40000000 33.30000000
v -17.26677105 23.40000000 33.60000000
v -17.32583922 23.40000000 33.90000000
v -17.40000000 23.40000000 34.20000000
v -17.40000000 23.40000000 34.50000000
v -17.34253627 23.40000000 34.80000000
v -17.25295496 23.40000000 35.10000000
v -17.14189323 23.70000000 33.60000000
v -17.21843905 23.70000000 33.90000000
v -17.27351708 23.70000000 34.20000000
v -17.29371559 23.70000000 34.50000000
v -17.28200303 23.70000000 34.80000000
v -17.22370645 23.70000000 35.10000000
v -17.10109276 23.70000000 35.40000000
v -17.18095485 24.00000000 34.20000000
v -17.22378351 24.00000000 34.50000000
v -17.22594668 24.00000000 34.80000000
v -17.18338166 24.00000000 35.10000000
v -17.16636971 24.30000000 34.50000000
v -17.17013722 24.30000000 34.80000000
v -17.70000000 16.80000000 34.80000000
v -17.70000000 16.80000000 35.10000000
v -17.70000000 16.79836436 35.40000000
v -17.70000000 16.77823049 35.70000000
v -17.70000000 16.77259075 36.00000000
v -17.70000000 16.78344957 36.30000000
v -17.70000000 16.79071540 36.60000000
v -17.70000000 16.80000000 36.90000000
v -17.70000000 17.10000000 34.20000000
v -17.70000000 17.01731658 34.50000000
v -17.70000000 17.10000000 37.20000000
v -17.70000000 17.40000000 34.11171399
v -17.70000000 17.40000000 37.22260086
v -17.70000000 17.70000000 33.90000000
v -17.70000000 17.70000000 37.22721848
v -17.70000000 18.00000000 33.80779689
v -17.70000000 18.00000000 37.20000000
v -17.70000000 18.30000000 33.60000000
v -17.70000000 18.30000000 36.90000000
v -17.70000000 18.60000000 33.00000000
v -17.70000000 18.52948183 33.30000000
v -17.70000000 18.53478543 36.60000000
v -17.70000000 18.60000000 36.54961374
v -17.70000000 18.90000000 33.00000000
v -17.70000000 18.90000000 36.39747412
v -17.70000000 19.20000000 33.00000000
v -17.70000000 19.09898807 36.30000000
v -17.70000000 19.20000000 36.25338670
v -17.70000000 19.50000000 32.94567636
v -17.70000000 19.50000000 36.11874839
v -17.70000000 19.80000000 32.70000000
v -17.70000000 19.78005141 36.00000000
v -17.70000000 19.80000000 35.99172530
v -17.70000000 20.10000000 32.70000000
v -17.70000000 20.10000000 35.90185888
v -17.70000000 20.40000000 32.95776233
v -17.70000000 20.40000000 35.83347213
v -17.70000000 20.70000000 33.00000000
v -17.70000000 20.70000000 35.77095589
v -17.70000000 21.00000000 33.00000000
v -17.70000000 21.00000000 35.70000000
v -17.70000000 21.30000000 33.00000000
v -17.70000000 21.30000000 35.56878908
v -17.70000000 21.47947426 33.30000000
v -17.70000000 21.60000000 33.40752003
v -17.70000000 21.60000000 35.40000000
v -17.70000000 21.90000000 33.00000000
v -17.70000000 21.90000000 33.30000000
v -17.70000000 21.73564917 35.10000000
v -17.70000000 21.90000000 34.88886333
v -17.70000000 22.20000000 33.60000000
v -17.70000000 22.20000000 34.80000000
v -17.70000000 22.50000000 33.60000000
v -17.70000000 22.50000000 34.80000000
v -17.70000000 22.80000000 33.60000000
v -17.70000000 22.80000000 34.80000000
v -17.70000000 22.85106417 33.90000000
v -17.70000000 23.10000000 34.20000000
v -17.70000000 23.10000000 34.50000000
v -17.70149903 16.80000000 35.40000000
v -17.72224799 16.80000000 35.70000000
v -17.72814163 16.80000000 36.00000000
v -17.71534091 16.80000000 36.30000000
v -17.70801898 16.80000000 36.60000000
v -17.75999539 17.10000000 34.50000000
v -17.83033697 17.10000000 34.80000000
v -17.86558873 17.10000000 35.10000000
v -17.90255246 17.10000000 35.40000000
v -18.00000000 17.10000000 35.70000000
v -18.00000000 17.10000000 36.00000000
v -17.91521385 17.10000000 36.30000000
v -17.87563869 17.10000000 36.60000000
v -17.82069163 17.10000000 36.90000000
v -17.76711262 17.40000000 34.20000000
v -17.89152315 17.40000000 34.50000000
v -17.96569444 17.40000000 34.80000000
v -18.00000000 17.40000000 35.10000000
v -18.00000000 17.40000000 35.40000000
v -18.00000000 17.40000000 36.30000000
v -17.98719759 17.40000000 36.60000000
v -17.91222571 17.40000000 36.90000000
v -17.72397688 17.40000000 37.20000000
v -17.87529569 17.70000000 34.20000000
v -18.00000000 17.70000000 34.50000000
v -18.00000000 17.47808664 34.80000000
v -18.00000000 17.44490214 36.60000000
v -18.00000000 17.70000000 36.90000000
v -17.73408720 17.70000000 37.20000000
v -17.78441146 18.00000000 33.90000000
v -18.00000000 18.00000000 34.20000000
v -18.00000000 18.00000000 36.90000000
v -17.90691193 18.30000000 33.90000000
v -18.00000000 18.30000000 34.04616941
v -17.97015858 18.30000000 36.60000000
v -18.00000000 18.24731843 36.60000000
v -18.00000000 18.30000000 36.56790409
v -17.74836086 18.60000000 33.30000000
v -17.86443378 18.60000000 33.60000000
v -18.00000000 18.54370638 33.90000000
v -18.00000000 18.60000000 33.86133680
v -18.00000000 18.60000000 36.39867540
v -17.84058224 18.90000000 33.30000000
v -17.96058628 18.90000000 33.60000000
v -18.00000000 18.90000000 33.68342986
v -18.00000000 18.90000000 36.30000000
v -17.87713979 19.20000000 33.30000000
v -18.00000000 19.20000000 33.60000000
v -18.00000000 19.20000000 36.18148122
v -17.73764837 19.50000000 33.00000000
v -17.90679125 19.50000000 33.30000000
v -18.00000000 19.50000000 33.49226355
v -18.00000000 19.50000000 36.07615644
v -17.79448906 19.80000000 33.00000000
v -17.92214479 19.80000000 33.30000000
v -18.00000000 19.80000000 33.46078654
v -18.00000000 19.69136525 36.00000000
v -18.00000000 19.80000000 35.95014056
v -17.78985316 20.10000000 33.00000000
v -17.91143587 20.10000000 33.30000000
v -18.00000000 20.10000000 33.49637464
v -18.00000000 20.10000000 35.83352663
v -17.72830890 20.40000000 33.00000000
v -17.88346803 20.40000000 33.30000000
v -18.00000000 20.40000000 33.60000000
v -18.00000000 20.40000000 35.74194626
v -17.85804387 20.70000000 33.30000000
v -17.97377205 20.70000000 33.60000000
v -18.00000000 20.70000000 33.66929548
v -17.91242083 20.70000000 35.70000000
v -18.00000000 20.57057888 35.70000000
v -18.00000000 20.70000000 35.66452983
v -17.82605283 21.00000000 33.30000000
v -17.92454225 21.00000000 33.60000000
v -18.00000000 21.00000000 33.83670070
v -18.00000000 21.00000000 35.57188803
v -17.75708471 21.30000000 33.30000000
v -17.85049655 21.30000000 33.60000000
v -17.94062373 21.30000000 33.90000000
v -18.00000000 21.07851056 33.90000000
v -18.00000000 21.30000000 34.12932455
v -18.00000000 21.30000000 35.40000000
v -17.77245162 21.60000000 33.60000000
v -17.86919714 21.60000000 33.90000000
v -17.92903515 21.60000000 34.20000000
v -18.00000000 21.36026139 34.20000000
v -17.95228041 21.60000000 34.50000000
v -18.00000000 21.49366176 34.50000000
v -17.92825950 21.60000000 34.80000000
v -18.00000000 21.50228894 34.80000000
v -17.83775177 21.60000000 35.10000000
v -18.00000000 21.44466233 35.10000000
v -17.73339975 21.90000000 33.60000000
v -17.82444278 21.90000000 33.90000000
v -17.87166728 21.90000000 34.20000000
v -17.85850113 21.90000000 34.50000000
v -17.75803095 21.90000000 34.80000000
v -17.81004916 22.20000000 33.90000000
v -17.84569317 22.20000000 34.20000000
v -17.81752977 22.20000000 34.50000000
v -17.79697303 22.50000000 33.90000000
v -17.82310921 22.50000000 34.20000000
v -17.80043304 22.50000000 34.50000000
v -17.72865151 22.80000000 33.90000000
v -17.77230893 22.80000000 34.20000000
v -17.76808895 22.80000000 34.50000000
v -18.08319478 17.40000000 35.70000000
v -18.08093838 17.40000000 36.00000000
v -18.09341597 17.70000000 34.80000000
v -18.15280378 17.70000000 35.10000000
v -18.18100032 17.70000000 35.40000000
v -18.19804939 17.70000000 35.70000000
v -18.18228671 17.70000000 36.00000000
v -18.12351152 17.70000000 36.30000000
v -18.06945260 17.70000000 36.60000000
v -18.11578644 18.00000000 34.50000000
v -18.21616668 18.00000000 34.80000000
v -18.30000000 18.00000000 35.10000000
v -18.30000000 17.96668990 35.40000000
v -18.30000000 17.96195954 35.70000000
v -18.30000000 18.00000000 36.00000000
v -18.18234488 18.00000000 36.30000000
v -18.08022929 18.00000000 36.60000000
v -18.08247176 18.30000000 34.20000000
v -18.21372867 18.30000000 34.50000000
v -18.30000000 18.25656850 34.80000000
v -18.30000000 18.30000000 34.75766521
v -18.17108011 18.30000000 36.30000000
v -18.30000000 18.30000000 36.05110511
v -18.01855525 18.60000000 33.90000000
v -18.16806376 18.60000000 34.20000000
v -18.30000000 18.60000000 34.50000000
v -18.10566257 18.60000000 36.30000000
v -18.30000000 18.60000000 36.05639366
v -18.10192651 18.90000000 33.90000000
v -18.24185784 18.90000000 34.20000000
v -18.30000000 18.90000000 34.34692059
v -18.30000000 18.90000000 36.05307842
v -18.15896362 19.20000000 33.90000000
v -18.30000000 19.20000000 34.20000000
v -18.30000000 19.20000000 36.03782972
v -18.04997267 19.50000000 33.60000000
v -18.19261614 19.50000000 33.90000000
v -18.30000000 19.50000000 34.14829529
v -18.30000000 19.50000000 36.00000000
v -18.06299148 19.80000000 33.60000000
v -18.19993142 19.80000000 33.90000000
v -18.30000000 19.80000000 34.13822843
v -18.30000000 19.80000000 35.82412550
v -18.04456754 20.10000000 33.60000000
v -18.18153741 20.10000000 33.90000000
v -18.30000000 20.10000000 34.18024217
v -18.30000000 20.10000000 35.70000000
v -18.14135037 20.40000000 33.90000000
v -18.26587821 20.40000000 34.20000000
v -18.30000000 20.15909132 34.20000000
v -18.30000000 20.40000000 34.29366234
v -18.07960026 20.40000000 35.70000000
v -18.30000000 20.40000000 35.52017257
v -18.08813608 20.70000000 33.90000000
v -18.19884394 20.70000000 34.20000000
v -18.30000000 20.70000000 34.50000000
v -18.30000000 20.70000000 35.43854156
v -18.01987725 21.00000000 33.90000000
v -18.11405385 21.00000000 34.20000000
v -18.20829995 21.00000000 34.50000000
v -18.30000000 21.00000000 34.80000000
v -18.30000000 21.00000000 35.40000000
v -18.01786652 21.30000000 34.20000000
v -18.08283805 21.30000000 34.50000000
v -18.12644254 21.30000000 34.80000000
v -18.11768965 21.30000000 35.10000000
v -18.30000000 21.04371921 35.10000000
v -18.31335363 18.00000000 35.40000000
v -18.31339923 18.00000000 35.70000000
v -18.31328814 18.30000000 34.80000000
v -18.37749298 18.30000000 35.10000000
v -18.39954779 18.30000000 35.40000000
v -18.38414889 18.30000000 35.70000000
v -18.32022915 18.30000000 36.00000000
v -18.38584040 18.60000000 34.80000000
v -18.44348174 18.60000000 35.10000000
v -18.46549139 18.60000000 35.40000000
v -18.43482297 18.60000000 35.70000000
v -18.33220364 18.60000000 36.00000000
v -18.35629792 18.90000000 34.50000000
v -18.43881876 18.90000000 34.80000000
v -18.49746627 18.90000000 35.10000000
v -18.52920677 18.90000000 35.40000000
v -18.49866036 18.90000000 35.70000000
v -18.34500201 18.90000000 36.00000000
v -18.39976176 19.20000000 34.50000000
v -18.47868752 19.20000000 34.80000000
v -18.53832319 19.20000000 35.10000000
v -18.58648725 19.20000000 35.40000000
v -18.60000000 19.20000000 35.70000000
v -18.34711546 19.20000000 36.00000000
v -18.32176012 19.50000000 34.20000000
v -18.42582113 19.50000000 34.50000000
v -18.50968580 19.50000000 34.80000000
v -18.57347709 19.50000000 35.10000000
v -18.60000000 19.50000000 35.40000000
v -18.60000000 19.50000000 35.70000000
v -18.32568443 19.80000000 34.20000000
v -18.43287167 19.80000000 34.50000000
v -18.52161817 19.80000000 34.80000000
v -18.60000000 19.80000000 35.10000000
v -18.60000000 19.80000000 35.40000000
v -18.43693688 19.80000000 35.70000000
v -18.30833533 20.10000000 34.20000000
v -18.41766736 20.10000000 34.50000000
v -18.49869762 20.10000000 34.80000000
v -18.53574195 20.10000000 35.10000000
v -18.48388710 20.10000000 35.40000000
v -18.37507378 20.40000000 34.50000000
v -18.45230250 20.40000000 34.80000000
v -18.46921019 20.40000000 35.10000000
v -18.38564978 20.40000000 35.40000000
v -18.38839497 20.70000000 34.80000000
v -18.40992504 20.70000000 35.10000000
v -18.32913455 20.70000000 35.40000000
v -18.32347382 21.00000000 35.10000000
f 3 2 1
f 5620 5804 5623
f 5804 5808 5623
f 5808 5804 5805
f 5622 5807 5621
f 5621 5807 5806
f 5806 5803 5621
f 5803 5618 5621
f 5619 5804 5620
f 5616 5801 5805
f 5619 5616 5805
f 5619 5805 5804
f 5618 5803 5617
f 5617 5803 5802
f 5802 5800 5617
f 5800 5614 5617
f 5807 5622 5624
f 5809 5807 5624
f 5625 5809 5624
f 5808 5810 5623
f 5814 5815 5635
f 5814 5635 5634
f 5630 5633 5817
f 5630 5817 5816
f 5813 5630 5816
f 5628 5812 5631
f 5812 5814 5631
f 5612 5801 5616
f 5814 5812 5815
f 5813 5811 5629
f 5811 5627 5629
f 5810 5628 5626
f 5812 5628 5810
f 5811 5625 5627
f 5809 5625 5811
f 5623 5810 5626
f 5813 5629 5630
f 5799 5801 5612
f 5800 5611 5614
f 5798 5611 5800
f 5790 5604 5601
f 5786 5790 5601
f 5787 5789 5788
f 5602 5784 5600
f 5787 5784 5602
f 5787 5788 5784
f 5783 5785 5598
f 5787 5602 5605
f 5785 5601 5598
f 5600 5784 5782
f 5599 5600 5782
f 5599 5782 5781
f 5781 5597 5599
f 5783 5598 5596
f 5780 5783 5596
f 5778 5781 5782
f 5601 5785 5786
f 5815 5818 5635
f 5605 5791 5787
f 5789 5791 5792
f 5609 5795 5612
f 5795 5799 5612
f 5799 5795 5796
f 5611 5798 5610
f 5610 5798 5797
f 5797 5794 5610
f 5794 5608 5610
f 5787 5791 5789
f 5606 5795 5609
f 5606 5796 5795
f 5608 5794 5792
f 5607 5608 5792
f 5607 5792 5791
f 5791 5605 5607
f 5793 5606 5604
f 5790 5793 5604
f 5606 5793 5796
f 5597 5781 5594
f 5814 5634 5631
f 5819 5817 5636
f 5663 5848 5849
f 5845 5662 5660
f 5847 5662 5845
f 5659 5661 5846
f 5844 5659 5846
f 5845 5660 5658
f 5842 5845 5658
f 5843 5657 5659
f 5843 5659 5844
f 5842 5658 5655
f 5839 5842 5655
f 5841 5656 5657
f 5840 5656 5841
f 5836 5656 5840
f 5836 5654 5656
f 5663 5849 5661
f 5661 5849 5846
f 5663 5664 5848
f 5847 5666 5665
f 5853 5674 5669
f 5856 5674 5853
f 5673 5855 5671
f 5670 5671 5855
f 5854 5670 5855
f 5854 5852 5670
f 5852 5668 5670
f 5837 5836 5840
f 5853 5669 5666
f 5668 5852 5667
f 5851 5667 5852
f 5848 5667 5851
f 5848 5664 5667
f 5849 5848 5851
f 5847 5665 5662
f 5847 5850 5666
f 5850 5853 5666
f 5835 5838 5652
f 5838 5655 5652
f 5655 5838 5839
f 5824 5826 5641
f 5826 5643 5641
f 5643 5826 5827
f 5639 5642 5825
f 5823 5639 5825
f 5820 5640 5638
f 5822 5824 5641
f 5644 5828 5642
f 5820 5822 5641
f 5637 5823 5819
f 5639 5823 5637
f 5818 5638 5635
f 5821 5638 5818
f 5821 5820 5638
f 5822 5820 5821
f 5637 5819 5636
f 5820 5641 5640
f 5817 5633 5636
f 5642 5828 5825
f 5829 5645 5643
f 5653 5654 5836
f 5650 5837 5833
f 5653 5837 5650
f 5653 5836 5837
f 5832 5834 5648
f 5834 5651 5648
f 5651 5834 5652
f 5827 5829 5643
f 5652 5834 5835
f 5833 5831 5649
f 5831 5647 5649
f 5829 5832 5645
f 5832 5648 5645
f 5644 5647 5831
f 5644 5831 5830
f 5828 5644 5830
f 5650 5833 5649
f 5781 5778 5594
f 5777 5779 5593
f 5779 5595 5593
f 5547 5728 5729
f 5546 5728 5547
f 5727 5728 5546
f 5543 5727 5546
f 5726 5727 5543
f 5726 5543 5724
f 5722 5725 5723
f 5545 5725 5542
f 5725 5722 5542
f 5543 5541 5724
f 5541 5721 5724
f 5539 5722 5718
f 5722 5723 5718
f 5539 5542 5722
f 5541 5540 5721
f 5548 5547 5729
f 5552 5551 5730
f 5730 5731 5725
f 5552 5730 5725
f 5739 5551 5738
f 5551 5563 5738
f 5738 5563 5737
f 5563 5562 5737
f 5737 5562 5736
f 5562 5561 5736
f 5736 5561 5735
f 5540 5720 5721
f 5561 5560 5735
f 5555 5554 5734
f 5554 5733 5734
f 5553 5733 5554
f 5732 5733 5553
f 5548 5732 5553
f 5729 5732 5548
f 5552 5725 5545
f 5560 5559 5735
f 5538 5720 5540
f 5719 5720 5538
f 5717 5719 5538
f 5708 5709 5526
f 5703 5708 5526
f 5707 5708 5701
f 5701 5708 5703
f 5702 5707 5701
f 5705 5696 5695
f 5517 5705 5695
f 5709 5710 5526
f 5517 5704 5705
f 5517 5528 5704
f 5525 5703 5526
f 5703 5525 5701
f 5525 5524 5701
f 5700 5524 5523
f 5702 5524 5700
f 5702 5701 5524
f 5704 5706 5705
f 5551 5739 5740
f 5526 5710 5529
f 5710 5530 5529
f 5712 5718 5714
f 5539 5718 5534
f 5718 5712 5534
f 5537 5717 5538
f 5716 5537 5536
f 5717 5537 5716
f 5535 5716 5536
f 5711 5530 5710
f 5715 5716 5535
f 5711 5535 5532
f 5704 5713 5706
f 5528 5713 5704
f 5528 5712 5713
f 5712 5714 5713
f 5528 5534 5712
f 5530 5711 5532
f 5711 5715 5535
f 5551 5740 5730
f 5730 5740 5731
f 5734 5564 5555
f 5764 5768 5766
f 5766 5768 5769
f 5584 5768 5582
f 5768 5764 5582
f 5583 5763 5767
f 5581 5763 5583
f 5760 5765 5761
f 5585 5767 5770
f 5580 5765 5760
f 5764 5766 5765
f 5580 5582 5764
f 5762 5763 5581
f 5581 5579 5759
f 5581 5759 5762
f 5756 5755 5760
f 5756 5760 5761
f 5580 5764 5765
f 5580 5760 5577
f 5585 5583 5767
f 5768 5584 5586
f 5595 5779 5596
f 5596 5779 5780
f 5594 5776 5592
f 5778 5776 5594
f 5777 5593 5590
f 5775 5777 5590
f 5776 5589 5592
f 5770 5771 5585
f 5774 5589 5776
f 5773 5775 5587
f 5774 5586 5589
f 5772 5586 5774
f 5587 5771 5773
f 5585 5771 5587
f 5586 5772 5769
f 5586 5769 5768
f 5775 5590 5587
f 5855 5673 5675
f 5760 5755 5577
f 5578 5758 5759
f 5749 5739 5738
f 5748 5749 5737
f 5737 5749 5738
f 5747 5748 5736
f 5736 5748 5737
f 5736 5735 5746
f 5747 5736 5746
f 5743 5569 5565
f 5735 5745 5746
f 5745 5559 5744
f 5559 5568 5744
f 5568 5567 5744
f 5742 5743 5565
f 5742 5564 5741
f 5565 5564 5742
f 5741 5564 5734
f 5559 5745 5735
f 5579 5578 5759
f 5569 5743 5750
f 5567 5573 5751
f 5758 5578 5754
f 5754 5578 5574
f 5757 5753 5752
f 5752 5751 5756
f 5757 5752 5756
f 5751 5755 5756
f 5573 5755 5751
f 5570 5569 5750
f 5573 5576 5755
f 5754 5574 5570
f 5750 5754 5570
f 5746 5745 5753
f 5745 5752 5753
f 5744 5752 5745
f 5744 5751 5752
f 5567 5751 5744
f 5576 5577 5755
f 5857 5855 5675
f 5857 5675 5858
f 5675 5676 5858
f 5959 5785 5783
f 5959 5961 5786
f 5959 5786 5785
f 5784 5958 5782
f 5960 5958 5784
f 5957 5783 5780
f 5959 5783 5957
f 5958 5778 5782
f 5956 5778 5958
f 5955 5779 5777
f 5955 5957 5780
f 5955 5780 5779
f 5778 5956 5954
f 5778 5954 5953
f 5953 5776 5778
f 5960 5784 5788
f 5960 5788 5962
f 5962 5788 5789
f 5789 5963 5962
f 5971 5799 5796
f 5968 5971 5796
f 5798 5970 5797
f 5797 5970 5969
f 5969 5967 5797
f 5967 5794 5797
f 5968 5796 5793
f 5952 5777 5775
f 5966 5968 5793
f 5965 5792 5967
f 5966 5793 5790
f 5964 5966 5790
f 5965 5789 5792
f 5963 5789 5965
f 5964 5790 5786
f 5961 5964 5786
f 5967 5792 5794
f 5955 5777 5952
f 5950 5953 5951
f 5951 5953 5954
f 5769 5943 5766
f 5943 5939 5766
f 5942 5767 5763
f 5938 5942 5763
f 5934 5941 5936
f 5934 5933 5940
f 5941 5934 5940
f 5940 5943 5944
f 5933 5939 5940
f 5761 5765 5939
f 5765 5766 5939
f 5763 5762 5938
f 5762 5937 5938
f 5937 5762 5932
f 5932 5762 5759
f 5935 5930 5929
f 5761 5939 5933
f 5970 5798 5972
f 5940 5939 5943
f 5945 5770 5942
f 5776 5953 5774
f 5953 5950 5774
f 5952 5775 5773
f 5949 5952 5773
f 5947 5950 5948
f 5948 5950 5951
f 5774 5950 5772
f 5942 5770 5767
f 5950 5947 5772
f 5946 5949 5771
f 5943 5947 5944
f 5944 5947 5948
f 5772 5947 5769
f 5947 5943 5769
f 5771 5770 5946
f 5770 5945 5946
f 5949 5773 5771
f 5972 5798 5800
f 5799 5971 5973
f 5799 5973 5801
f 5830 5831 6000
f 5828 6001 5998
f 5830 6001 5828
f 5830 6000 6001
f 5999 5829 5827
f 5997 5999 5827
f 5825 5828 5998
f 5832 6003 6002
f 5995 5825 5998
f 5996 5826 5824
f 5826 5996 5827
f 5827 5996 5997
f 5823 5995 5993
f 5825 5995 5823
f 5994 5824 5822
f 5991 5994 5822
f 5994 5996 5824
f 5819 5823 5993
f 6003 5832 5829
f 6001 6000 6004
f 6012 6011 5841
f 6011 6008 5840
f 6008 5837 5840
f 6006 6009 5835
f 6009 5838 5835
f 5838 6009 5839
f 5839 6009 6010
f 5999 6003 5829
f 5833 5837 6008
f 6005 5833 6007
f 6002 5834 5832
f 6002 6006 5835
f 6002 5835 5834
f 6004 6000 5831
f 6004 5831 5833
f 6004 5833 6005
f 5833 6008 6007
f 5929 5928 5934
f 5819 5993 5992
f 5989 5821 5818
f 5808 5979 5982
f 5808 5982 5981
f 5807 5980 5978
f 5809 5980 5807
f 5979 5808 5805
f 5976 5979 5805
f 5807 5978 5806
f 5808 5981 5810
f 5806 5978 5977
f 5975 5803 5806
f 5801 5976 5805
f 5973 5976 5801
f 5803 5975 5802
f 5802 5975 5974
f 5974 5972 5802
f 5972 5800 5802
f 5977 5975 5806
f 5990 5819 5992
f 5980 5809 5983
f 5981 5982 5812
f 5989 5991 5822
f 5989 5822 5821
f 5817 5990 5988
f 5819 5990 5817
f 5986 5818 5815
f 5989 5818 5986
f 5817 5988 5816
f 5809 5811 5983
f 5987 5816 5988
f 5985 5813 5987
f 5986 5815 5812
f 5984 5986 5812
f 5811 5985 5983
f 5813 5985 5811
f 5981 5812 5810
f 5982 5984 5812
f 5813 5816 5987
f 5522 5700 5523
f 5935 5929 5934
f 5928 5933 5934
f 5884 5883 5710
f 5708 5882 5709
f 5881 5882 5708
f 5707 5881 5708
f 5880 5881 5707
f 5879 5880 5707
f 5873 5879 5707
f 5873 5707 5702
f 5878 5879 5872
f 5872 5879 5873
f 5877 5878 5871
f 5871 5878 5872
f 5871 5870 5876
f 5877 5871 5876
f 5870 5875 5876
f 5884 5710 5882
f 5882 5710 5709
f 5710 5883 5711
f 5713 5714 5885
f 5717 5716 5893
f 5716 5892 5893
f 5715 5892 5716
f 5891 5892 5715
f 5711 5891 5715
f 5890 5891 5711
f 5889 5890 5711
f 5696 5875 5870
f 5883 5889 5711
f 5888 5876 5875
f 5886 5888 5874
f 5874 5888 5875
f 5713 5874 5706
f 5713 5886 5874
f 5713 5885 5886
f 5885 5887 5886
f 5884 5889 5883
f 5875 5696 5874
f 5696 5705 5874
f 5705 5706 5874
f 5864 5861 5688
f 5861 5684 5688
f 5859 5687 5680
f 5687 5863 5686
f 5859 5863 5687
f 5685 5686 5863
f 5862 5685 5863
f 5864 5688 5689
f 5684 5861 5682
f 5860 5681 5861
f 5860 5858 5681
f 5858 5678 5681
f 5856 5679 5674
f 5856 5859 5680
f 5856 5680 5679
f 5678 5858 5676
f 5681 5682 5861
f 5894 5885 5714
f 5865 5691 5685
f 5864 5689 5866
f 5700 5873 5702
f 5873 5700 5872
f 5700 5699 5872
f 5872 5699 5871
f 5699 5698 5871
f 5871 5698 5870
f 5698 5697 5870
f 5862 5865 5685
f 5697 5696 5870
f 5869 5694 5691
f 5693 5694 5869
f 5868 5693 5869
f 5692 5693 5868
f 5867 5692 5868
f 5866 5692 5867
f 5689 5692 5866
f 5865 5869 5691
f 5718 5894 5714
f 5885 5894 5887
f 5895 5717 5893
f 5746 5753 5924
f 5750 5743 5923
f 5743 5917 5923
f 5912 5922 5914
f 5739 5921 5922
f 5739 5922 5912
f 5749 5921 5739
f 5746 5924 5918
f 5920 5921 5749
f 5749 5748 5919
f 5919 5748 5918
f 5748 5747 5918
f 5747 5746 5918
f 5743 5742 5917
f 5742 5916 5917
f 5741 5916 5742
f 5920 5749 5919
f 5915 5916 5741
f 5918 5924 5925
f 5919 5925 5926
f 5756 5933 5928
f 5756 5761 5933
f 5759 5758 5932
f 5758 5927 5932
f 5927 5758 5754
f 5931 5926 5925
f 5925 5924 5930
f 5918 5925 5919
f 5931 5925 5930
f 5753 5929 5924
f 5929 5753 5928
f 5753 5757 5928
f 5757 5756 5928
f 5927 5754 5750
f 5923 5927 5750
f 5920 5919 5926
f 5924 5929 5930
f 5935 5934 5936
f 5915 5741 5911
f 5907 5913 5908
f 5901 5903 5726
f 5901 5726 5724
f 5899 5902 5900
f 5725 5902 5723
f 5902 5899 5723
f 5721 5901 5724
f 5721 5898 5901
f 5903 5904 5726
f 5718 5899 5894
f 5718 5723 5899
f 5721 5720 5898
f 5720 5897 5898
f 5719 5897 5720
f 5896 5897 5719
f 5717 5896 5719
f 5895 5896 5717
f 5899 5900 5894
f 5911 5741 5734
f 5726 5904 5727
f 5727 5905 5728
f 5740 5907 5731
f 5740 5913 5907
f 5740 5912 5913
f 5912 5914 5913
f 5740 5739 5912
f 5734 5733 5911
f 5733 5910 5911
f 5904 5905 5727
f 5732 5910 5733
f 5729 5909 5732
f 5906 5909 5729
f 5725 5907 5902
f 5907 5908 5902
f 5725 5731 5907
f 5729 5728 5906
f 5728 5905 5906
f 5909 5910 5732
f 5699 5700 5522
f 5521 5699 5522
f 5698 5699 5521
f 5490 5494 5288
f 5494 5291 5288
f 5291 5494 5292
f 5492 5289 5290
f 5493 5492 5290
f 5491 5289 5492
f 5287 5289 5491
f 5489 5287 5491
f 5490 5288 5285
f 5487 5490 5285
f 5489 5286 5287
f 5488 5286 5489
f 5484 5286 5488
f 5484 5283 5286
f 5485 5484 5488
f 5493 5290 5495
f 5290 5293 5495
f 5495 5293 5496
f 5497 5496 5294
f 5302 5303 5505
f 5504 5302 5505
f 5301 5302 5504
f 5300 5503 5299
f 5502 5298 5299
f 5502 5299 5503
f 5297 5298 5502
f 5483 5486 5281
f 5501 5297 5502
f 5500 5296 5501
f 5499 5296 5500
f 5294 5296 5499
f 5497 5294 5499
f 5494 5295 5292
f 5498 5295 5494
f 5496 5293 5294
f 5296 5297 5501
f 5486 5284 5281
f 5284 5486 5285
f 5285 5486 5487
f 5474 5274 5476
f 5476 5274 5475
f 5473 5273 5270
f 5470 5473 5270
f 5472 5271 5272
f 5471 5271 5472
f 5468 5271 5471
f 5474 5272 5274
f 5468 5269 5271
f 5467 5470 5267
f 5470 5270 5267
f 5268 5269 5468
f 5266 5469 5466
f 5268 5469 5266
f 5268 5468 5469
f 5464 5467 5264
f 5469 5468 5471
f 5498 5505 5304
f 5274 5275 5475
f 5276 5477 5277
f 5282 5283 5484
f 5280 5485 5482
f 5282 5485 5280
f 5282 5484 5485
f 5483 5281 5279
f 5481 5483 5279
f 5278 5280 5482
f 5277 5477 5478
f 5480 5278 5482
f 5478 5481 5277
f 5479 5475 5275
f 5479 5275 5278
f 5479 5278 5480
f 5476 5475 5479
f 5473 5477 5273
f 5477 5276 5273
f 5481 5279 5277
f 5304 5505 5303
f 5498 5304 5295
f 5502 5503 5506
f 5533 5527 5329
f 5332 5531 5333
f 5530 5332 5331
f 5532 5332 5530
f 5532 5531 5332
f 5330 5530 5331
f 5529 5530 5330
f 5335 5533 5329
f 5526 5529 5330
f 5517 5516 5528
f 5516 5527 5528
f 5320 5527 5516
f 5320 5329 5527
f 5325 5526 5327
f 5525 5325 5324
f 5526 5325 5525
f 5526 5330 5327
f 5323 5525 5324
f 5528 5533 5534
f 5532 5535 5531
f 5343 5541 5344
f 5540 5343 5342
f 5541 5343 5540
f 5538 5540 5342
f 5538 5342 5339
f 5533 5539 5534
f 5341 5539 5335
f 5528 5527 5533
f 5539 5533 5335
f 5537 5338 5337
f 5538 5338 5537
f 5336 5537 5337
f 5536 5537 5336
f 5535 5536 5336
f 5531 5535 5336
f 5531 5336 5333
f 5338 5538 5339
f 5467 5267 5264
f 5524 5525 5323
f 5523 5524 5322
f 5514 5315 5513
f 5315 5314 5513
f 5513 5314 5512
f 5314 5313 5512
f 5512 5313 5511
f 5313 5312 5511
f 5511 5312 5510
f 5316 5315 5514
f 5312 5310 5510
f 5507 5508 5509
f 5506 5507 5509
f 5301 5504 5508
f 5301 5507 5300
f 5508 5507 5301
f 5507 5503 5300
f 5506 5503 5507
f 5310 5311 5510
f 5322 5524 5323
f 5515 5316 5514
f 5321 5320 5516
f 5522 5523 5322
f 5515 5522 5322
f 5515 5322 5318
f 5521 5522 5514
f 5514 5522 5515
f 5520 5521 5513
f 5513 5521 5514
f 5316 5515 5318
f 5519 5520 5512
f 5518 5519 5511
f 5511 5519 5512
f 5511 5510 5517
f 5518 5511 5517
f 5510 5516 5517
f 5311 5516 5510
f 5311 5321 5516
f 5512 5520 5513
f 5539 5341 5542
f 5266 5466 5265
f 5465 5463 5265
f 5414 5222 5224
f 5412 5222 5414
f 5409 5223 5220
f 5410 5413 5223
f 5409 5410 5223
f 5222 5412 5221
f 5221 5412 5411
f 5411 5408 5221
f 5408 5219 5221
f 5218 5407 5220
f 5407 5409 5220
f 5409 5407 5410
f 5408 5217 5219
f 5406 5217 5408
f 5404 5218 5216
f 5413 5415 5223
f 5415 5225 5223
f 5414 5224 5416
f 5416 5224 5226
f 5426 5421 5422
f 5233 5424 5232
f 5232 5424 5423
f 5423 5420 5232
f 5420 5230 5232
f 5227 5421 5231
f 5227 5417 5422
f 5407 5218 5404
f 5227 5422 5421
f 5229 5420 5419
f 5228 5229 5419
f 5418 5228 5419
f 5418 5416 5228
f 5416 5226 5228
f 5417 5227 5225
f 5415 5417 5225
f 5230 5420 5229
f 5217 5406 5405
f 5405 5403 5217
f 5403 5215 5217
f 5395 5391 5205
f 5207 5206 5394
f 5206 5393 5394
f 5393 5206 5390
f 5390 5206 5204
f 5388 5391 5389
f 5389 5391 5392
f 5208 5395 5205
f 5205 5391 5203
f 5390 5204 5202
f 5387 5390 5202
f 5384 5388 5385
f 5385 5388 5389
f 5203 5388 5200
f 5388 5384 5200
f 5202 5201 5387
f 5391 5388 5203
f 5425 5421 5426
f 5392 5395 5396
f 5394 5397 5207
f 5404 5216 5214
f 5402 5404 5214
f 5403 5213 5215
f 5401 5213 5403
f 5402 5214 5212
f 5400 5402 5212
f 5401 5210 5213
f 5391 5395 5392
f 5398 5210 5401
f 5211 5399 5400
f 5399 5211 5397
f 5397 5211 5209
f 5210 5398 5396
f 5210 5396 5395
f 5395 5208 5210
f 5397 5209 5207
f 5212 5211 5400
f 5421 5425 5234
f 5231 5421 5234
f 5424 5233 5235
f 5451 5257 5256
f 5254 5255 5454
f 5252 5455 5450
f 5254 5455 5252
f 5254 5454 5455
f 5448 5253 5250
f 5452 5253 5448
f 5451 5453 5257
f 5452 5451 5253
f 5252 5450 5251
f 5251 5450 5449
f 5449 5447 5251
f 5447 5249 5251
f 5448 5250 5248
f 5445 5448 5248
f 5247 5249 5447
f 5453 5451 5452
f 5444 5247 5447
f 5453 5456 5257
f 5455 5454 5457
f 5463 5263 5265
f 5464 5264 5262
f 5462 5464 5262
f 5463 5261 5263
f 5461 5261 5463
f 5460 5462 5260
f 5462 5262 5260
f 5451 5256 5253
f 5258 5261 5461
f 5456 5459 5257
f 5459 5259 5257
f 5259 5459 5260
f 5260 5459 5460
f 5457 5454 5255
f 5457 5255 5258
f 5457 5258 5458
f 5458 5258 5461
f 5265 5466 5465
f 5444 5447 5446
f 5441 5248 5246
f 5434 5241 5436
f 5436 5241 5435
f 5432 5431 5434
f 5433 5240 5237
f 5430 5433 5237
f 5238 5239 5431
f 5236 5432 5428
f 5434 5239 5241
f 5238 5432 5236
f 5234 5430 5237
f 5425 5430 5234
f 5425 5429 5430
f 5426 5429 5425
f 5236 5428 5235
f 5235 5428 5427
f 5427 5424 5235
f 5238 5431 5432
f 5443 5444 5446
f 5434 5431 5239
f 5433 5437 5240
f 5442 5445 5248
f 5441 5442 5248
f 5245 5247 5444
f 5444 5439 5245
f 5443 5439 5444
f 5440 5439 5443
f 5243 5441 5246
f 5241 5242 5435
f 5243 5437 5442
f 5245 5439 5244
f 5438 5435 5242
f 5438 5242 5244
f 5438 5244 5440
f 5440 5244 5439
f 5436 5435 5438
f 5437 5243 5240
f 5243 5442 5441
f 6011 5840 5841
f 5542 5341 5345
f 5344 5543 5346
f 5463 5647 5644
f 5465 5647 5463
f 5465 5646 5647
f 5645 5464 5462
f 5643 5645 5462
f 5461 5463 5644
f 5642 5461 5644
f 5641 5643 5460
f 5643 5462 5460
f 5458 5642 5639
f 5461 5642 5458
f 5638 5640 5456
f 5640 5459 5456
f 5459 5640 5460
f 5460 5640 5641
f 5465 5466 5646
f 5648 5467 5464
f 5645 5648 5464
f 5647 5646 5649
f 5476 5657 5474
f 5656 5474 5657
f 5472 5474 5656
f 5654 5472 5656
f 5652 5473 5470
f 5655 5473 5652
f 5653 5471 5472
f 5458 5639 5457
f 5654 5653 5472
f 5650 5469 5471
f 5648 5651 5467
f 5651 5470 5467
f 5470 5651 5652
f 5466 5469 5650
f 5646 5466 5650
f 5646 5650 5649
f 5653 5650 5471
f 5639 5637 5457
f 5637 5455 5457
f 5638 5456 5453
f 5626 5628 5442
f 5440 5627 5625
f 5443 5627 5440
f 5626 5442 5437
f 5623 5626 5437
f 5440 5625 5438
f 5438 5625 5624
f 5628 5445 5442
f 5624 5622 5438
f 5623 5437 5433
f 5620 5623 5433
f 5436 5622 5434
f 5434 5622 5621
f 5621 5618 5434
f 5618 5432 5434
f 5430 5620 5433
f 5622 5436 5438
f 5655 5478 5477
f 5627 5443 5629
f 5629 5446 5630
f 5635 5638 5453
f 5450 5455 5637
f 5632 5450 5637
f 5632 5637 5636
f 5633 5632 5636
f 5631 5634 5448
f 5634 5452 5448
f 5443 5446 5629
f 5452 5634 5453
f 5449 5450 5632
f 5447 5633 5630
f 5449 5633 5447
f 5449 5632 5633
f 5631 5448 5445
f 5628 5631 5445
f 5447 5630 5446
f 5453 5634 5635
f 5655 5658 5478
f 5655 5477 5473
f 5657 5476 5479
f 5683 5501 5689
f 5684 5683 5688
f 5498 5680 5687
f 5505 5687 5686
f 5498 5687 5505
f 5504 5505 5686
f 5685 5504 5686
f 5688 5683 5689
f 5501 5683 5500
f 5684 5682 5500
f 5684 5500 5683
f 5681 5499 5682
f 5677 5499 5681
f 5677 5497 5499
f 5678 5677 5681
f 5494 5674 5679
f 5682 5499 5500
f 5498 5494 5679
f 5689 5501 5690
f 5506 5690 5502
f 5520 5698 5521
f 5697 5698 5520
f 5519 5697 5520
f 5696 5697 5519
f 5696 5519 5695
f 5519 5518 5695
f 5518 5517 5695
f 5690 5501 5502
f 5691 5694 5508
f 5693 5509 5694
f 5506 5509 5693
f 5692 5690 5693
f 5690 5506 5693
f 5689 5690 5692
f 5685 5691 5504
f 5691 5508 5504
f 5694 5509 5508
f 5615 5620 5430
f 5498 5679 5680
f 5676 5495 5496
f 5664 5485 5488
f 5662 5665 5483
f 5665 5486 5483
f 5486 5665 5487
f 5487 5665 5666
f 5482 5485 5664
f 5482 5664 5663
f 5667 5664 5488
f 5661 5482 5663
f 5660 5662 5481
f 5480 5661 5659
f 5482 5661 5480
f 5660 5481 5478
f 5658 5660 5478
f 5480 5659 5479
f 5659 5657 5479
f 5662 5483 5481
f 5496 5497 5677
f 5668 5667 5489
f 5666 5669 5487
f 5678 5676 5496
f 5678 5496 5677
f 5675 5495 5676
f 5672 5495 5675
f 5672 5493 5495
f 5673 5672 5675
f 5674 5490 5669
f 5667 5488 5489
f 5494 5490 5674
f 5671 5491 5492
f 5673 5671 5492
f 5673 5492 5672
f 5670 5491 5671
f 5489 5491 5670
f 5668 5489 5670
f 5669 5490 5487
f 5492 5493 5672
f 5541 5543 5344
f 5615 5619 5620
f 5428 5432 5618
f 5378 5569 5379
f 5565 5569 5378
f 5565 5378 5375
f 5568 5559 5558
f 5558 5557 5567
f 5568 5558 5567
f 5557 5566 5567
f 5556 5566 5557
f 5377 5566 5371
f 5566 5556 5371
f 5375 5374 5565
f 5374 5564 5565
f 5564 5374 5555
f 5555 5374 5367
f 5563 5551 5550
f 5379 5569 5570
f 5380 5379 5570
f 5377 5382 5571
f 5377 5571 5566
f 5580 5575 5385
f 5387 5386 5579
f 5386 5578 5579
f 5578 5386 5574
f 5574 5386 5383
f 5572 5576 5573
f 5572 5571 5575
f 5562 5563 5549
f 5576 5572 5575
f 5385 5575 5382
f 5575 5571 5382
f 5574 5383 5380
f 5570 5574 5380
f 5567 5566 5572
f 5567 5572 5573
f 5566 5571 5572
f 5576 5575 5577
f 5549 5563 5550
f 5361 5561 5562
f 5361 5562 5549
f 5364 5551 5552
f 5551 5364 5550
f 5364 5363 5550
f 5550 5363 5549
f 5363 5362 5549
f 5362 5361 5549
f 5353 5548 5354
f 5364 5552 5544
f 5547 5353 5352
f 5351 5547 5352
f 5546 5547 5351
f 5346 5546 5351
f 5543 5546 5346
f 5545 5542 5345
f 5544 5545 5345
f 5345 5350 5544
f 5548 5353 5547
f 5389 5580 5385
f 5364 5544 5350
f 5548 5365 5354
f 5360 5561 5361
f 5560 5561 5360
f 5359 5560 5360
f 5559 5560 5359
f 5559 5359 5558
f 5359 5373 5558
f 5558 5373 5557
f 5544 5552 5545
f 5373 5372 5557
f 5372 5370 5556
f 5370 5371 5556
f 5367 5366 5555
f 5366 5554 5555
f 5365 5554 5366
f 5553 5554 5365
f 5548 5553 5365
f 5557 5372 5556
f 5575 5580 5577
f 5579 5581 5387
f 5581 5390 5387
f 5419 5608 5607
f 5607 5418 5419
f 5605 5418 5607
f 5605 5416 5418
f 5415 5603 5417
f 5603 5606 5417
f 5606 5603 5604
f 5420 5608 5419
f 5416 5602 5414
f 5413 5601 5415
f 5601 5603 5415
f 5603 5601 5604
f 5602 5412 5414
f 5600 5412 5602
f 5598 5413 5410
f 5601 5413 5598
f 5605 5602 5416
f 5412 5600 5411
f 5606 5609 5417
f 5608 5420 5423
f 5613 5428 5618
f 5613 5618 5617
f 5614 5613 5617
f 5429 5615 5430
f 5426 5612 5616
f 5429 5426 5616
f 5429 5616 5615
f 5417 5609 5422
f 5427 5428 5613
f 5427 5614 5424
f 5427 5613 5614
f 5612 5426 5422
f 5609 5612 5422
f 5424 5611 5423
f 5423 5611 5610
f 5610 5608 5423
f 5424 5614 5611
f 5616 5619 5615
f 5411 5600 5599
f 5597 5408 5411
f 5401 5588 5398
f 5588 5586 5398
f 5400 5399 5587
f 5399 5585 5587
f 5585 5399 5397
f 5398 5584 5396
f 5586 5584 5398
f 5586 5588 5589
f 5585 5397 5394
f 5584 5392 5396
f 5582 5392 5584
f 5394 5393 5583
f 5393 5581 5583
f 5581 5393 5390
f 5582 5389 5392
f 5580 5389 5582
f 5583 5585 5394
f 5599 5597 5411
f 5587 5590 5400
f 5591 5588 5401
f 5598 5410 5407
f 5596 5598 5407
f 5597 5406 5408
f 5594 5406 5597
f 5593 5595 5404
f 5595 5407 5404
f 5407 5595 5596
f 5590 5402 5400
f 5406 5594 5592
f 5405 5592 5591
f 5591 5403 5405
f 5593 5404 5402
f 5590 5593 5402
f 5588 5591 5589
f 5589 5591 5592
f 5403 5591 5401
f 5405 5406 5592
f 5201 5386 5387
f 6010 6013 5839
f 6012 5841 6014
f 6281 6282 6436
f 6279 6278 6435
f 6278 6432 6435
f 6432 6278 6274
f 6431 6273 6434
f 6277 6434 6273
f 6433 6434 6277
f 6277 6276 6433
f 6432 6274 6271
f 6429 6432 6271
f 6428 6270 6430
f 6270 6273 6430
f 6273 6431 6430
f 6271 6269 6429
f 6269 6427 6429
f 6436 6437 6281
f 6281 6437 6276
f 6276 6437 6433
f 6435 6438 6279
f 6446 6292 6289
f 6444 6446 6289
f 6445 6443 6288
f 6288 6291 6445
f 6444 6289 6287
f 6441 6444 6287
f 6439 6285 6442
f 6428 6268 6270
f 6285 6288 6442
f 6287 6286 6441
f 6286 6440 6441
f 6440 6286 6438
f 6438 6286 6283
f 6439 6282 6285
f 6436 6282 6439
f 6438 6283 6279
f 6288 6443 6442
f 6426 6268 6428
f 6269 6265 6427
f 6265 6425 6427
f 6417 6411 6248
f 6417 6248 6255
f 6255 6256 6417
f 6252 6416 6253
f 6415 6252 6251
f 6416 6252 6415
f 6250 6415 6251
f 6416 6257 6253
f 6414 6415 6250
f 6413 6414 6249
f 6246 6413 6249
f 6412 6413 6246
f 6412 6246 6409
f 6408 6245 6410
f 6245 6248 6410
f 6248 6411 6410
f 6249 6414 6250
f 6445 6291 6447
f 6416 6418 6257
f 6257 6419 6258
f 6267 6422 6262
f 6267 6426 6422
f 6267 6268 6426
f 6265 6264 6425
f 6264 6424 6425
f 6263 6424 6264
f 6423 6424 6263
f 6418 6419 6257
f 6423 6263 6421
f 6261 6417 6256
f 6261 6422 6417
f 6261 6262 6422
f 6260 6259 6421
f 6259 6420 6421
f 6258 6420 6259
f 6419 6420 6258
f 6421 6263 6260
f 6244 6409 6246
f 6447 6291 6294
f 6446 6448 6292
f 6473 6327 6329
f 6326 6472 6328
f 6472 6474 6328
f 6473 6324 6327
f 6471 6324 6473
f 6323 6470 6326
f 6470 6472 6326
f 6471 6321 6324
f 6469 6321 6471
f 6320 6468 6323
f 6468 6470 6323
f 6469 6467 6321
f 6467 6318 6321
f 6466 6320 6316
f 6468 6320 6466
f 6475 6473 6329
f 6474 6476 6330
f 6474 6330 6328
f 6475 6329 6331
f 6337 6484 6481
f 6341 6484 6337
f 6480 6340 6336
f 6340 6482 6338
f 6480 6482 6340
f 6338 6482 6483
f 6481 6335 6337
f 6318 6467 6465
f 6479 6335 6481
f 6480 6336 6478
f 6479 6477 6335
f 6477 6332 6335
f 6478 6334 6330
f 6476 6478 6330
f 6332 6477 6331
f 6477 6475 6331
f 6478 6336 6334
f 6317 6318 6465
f 6465 6315 6317
f 6466 6316 6314
f 6456 6304 6302
f 6454 6456 6302
f 6303 6455 6453
f 6453 6301 6303
f 6454 6302 6300
f 6452 6454 6300
f 6301 6451 6299
f 6455 6303 6457
f 6453 6451 6301
f 6452 6300 6298
f 6451 6297 6299
f 6449 6297 6451
f 6450 6298 6295
f 6448 6450 6295
f 6449 6294 6297
f 6447 6294 6449
f 6450 6452 6298
f 6448 6295 6292
f 6457 6303 6306
f 6458 6307 6304
f 6464 6466 6314
f 6315 6463 6313
f 6465 6463 6315
f 6464 6314 6311
f 6462 6464 6311
f 6313 6463 6461
f 6312 6313 6461
f 6456 6458 6304
f 6461 6310 6312
f 6460 6462 6309
f 6310 6459 6308
f 6461 6459 6310
f 6460 6309 6307
f 6458 6460 6307
f 6459 6306 6308
f 6457 6306 6459
f 6462 6311 6309
f 6407 6409 6244
f 6408 6238 6245
f 6400 6238 6408
f 6357 6194 6190
f 6354 6357 6190
f 6193 6356 6191
f 6191 6356 6355
f 6355 6353 6191
f 6353 6189 6191
f 6351 6190 6187
f 6351 6354 6190
f 6186 6189 6353
f 6349 6186 6353
f 6349 6353 6352
f 6350 6349 6352
f 6348 6187 6184
f 6351 6187 6348
f 6185 6186 6349
f 6356 6193 6195
f 6358 6356 6195
f 6357 6359 6194
f 6359 6197 6194
f 6364 6367 6205
f 6364 6205 6362
f 6362 6205 6204
f 6369 6367 6368
f 6202 6366 6201
f 6365 6201 6366
f 6199 6201 6365
f 6181 6350 6347
f 6361 6199 6365
f 6363 6200 6359
f 6363 6362 6200
f 6364 6362 6363
f 6360 6198 6199
f 6361 6360 6199
f 6360 6358 6198
f 6358 6195 6198
f 6359 6200 6197
f 6185 6350 6181
f 6185 6349 6350
f 6345 6183 6179
f 6340 6173 6336
f 6340 6339 6173
f 6338 6339 6340
f 6337 6168 6172
f 6335 6168 6337
f 6333 6170 6167
f 6334 6336 6171
f 6336 6173 6171
f 6333 6334 6171
f 6335 6332 6168
f 6332 6166 6168
f 6164 6330 6167
f 6330 6333 6167
f 6333 6330 6334
f 6166 6332 6165
f 6165 6332 6331
f 6333 6171 6170
f 6364 6368 6367
f 6341 6337 6174
f 6342 6338 6343
f 6345 6348 6184
f 6345 6184 6183
f 6181 6347 6180
f 6180 6347 6346
f 6346 6344 6180
f 6344 6177 6180
f 6342 6178 6175
f 6174 6337 6172
f 6343 6345 6179
f 6342 6179 6178
f 6177 6344 6341
f 6176 6177 6341
f 6341 6174 6176
f 6339 6175 6173
f 6342 6339 6338
f 6175 6339 6342
f 6343 6179 6342
f 6362 6204 6200
f 6366 6202 6206
f 6370 6366 6206
f 6232 6231 6397
f 6397 6231 6396
f 6231 6230 6396
f 6396 6230 6395
f 6230 6229 6395
f 6395 6229 6394
f 6229 6228 6394
f 6398 6232 6397
f 6228 6227 6394
f 6225 6393 6224
f 6389 6393 6225
f 6389 6390 6393
f 6223 6224 6393
f 6392 6223 6393
f 6222 6223 6392
f 6391 6222 6392
f 6389 6225 6221
f 6391 6388 6222
f 6233 6232 6398
f 6233 6399 6234
f 6243 6407 6244
f 6407 6243 6406
f 6243 6242 6406
f 6405 6242 6241
f 6406 6242 6405
f 6240 6405 6241
f 6404 6405 6240
f 6399 6233 6398
f 6234 6404 6240
f 6399 6403 6234
f 6227 6402 6394
f 6239 6402 6227
f 6401 6402 6239
f 6237 6401 6239
f 6400 6401 6237
f 6237 6238 6400
f 6403 6404 6234
f 6483 6485 6338
f 6388 6220 6222
f 6389 6386 6385
f 6381 6379 6380
f 6212 6378 6211
f 6211 6378 6377
f 6210 6211 6377
f 6376 6210 6377
f 6209 6210 6376
f 6375 6209 6376
f 6372 6379 6213
f 6375 6371 6209
f 6367 6208 6205
f 6369 6374 6373
f 6369 6373 6208
f 6369 6208 6367
f 6372 6373 6374
f 6207 6371 6206
f 6206 6371 6370
f 6371 6207 6209
f 6386 6221 6219
f 6372 6380 6379
f 6215 6373 6213
f 6221 6386 6389
f 6389 6385 6390
f 6220 6388 6384
f 6384 6218 6220
f 6379 6219 6213
f 6381 6387 6386
f 6381 6386 6219
f 6373 6372 6213
f 6381 6219 6379
f 6384 6383 6217
f 6384 6217 6218
f 6216 6217 6383
f 6382 6216 6383
f 6382 6378 6216
f 6378 6212 6216
f 6373 6215 6208
f 6385 6386 6387
f 6485 6343 6338
f 6484 6341 6486
f 6341 6487 6486
f 6594 6444 6441
f 6591 6594 6441
f 6442 6588 6439
f 6442 6592 6588
f 6592 6593 6588
f 6442 6443 6592
f 6441 6440 6591
f 6440 6590 6591
f 6590 6440 6587
f 6587 6440 6438
f 6583 6589 6585
f 6436 6589 6583
f 6436 6588 6589
f 6436 6439 6588
f 6587 6438 6435
f 6595 6592 6443
f 6445 6595 6443
f 6592 6595 6593
f 6594 6596 6444
f 6600 6603 6601
f 6601 6603 6604
f 6451 6603 6449
f 6603 6600 6449
f 6602 6450 6448
f 6599 6602 6448
f 6597 6600 6598
f 6582 6587 6435
f 6598 6600 6601
f 6600 6597 6447
f 6596 6599 6446
f 6599 6448 6446
f 6445 6597 6595
f 6597 6598 6595
f 6445 6447 6597
f 6596 6446 6444
f 6449 6600 6447
f 6579 6586 6581
f 6433 6584 6586
f 6433 6586 6579
f 6430 6431 6574
f 6429 6427 6573
f 6427 6570 6573
f 6567 6572 6569
f 6567 6571 6572
f 6426 6571 6567
f 6426 6428 6571
f 6574 6576 6575
f 6427 6425 6570
f 6562 6568 6563
f 6422 6568 6562
f 6422 6567 6568
f 6567 6569 6568
f 6422 6426 6567
f 6425 6424 6566
f 6424 6565 6566
f 6425 6566 6570
f 6605 6452 6450
f 6430 6574 6575
f 6430 6571 6428
f 6437 6584 6433
f 6583 6584 6437
f 6583 6585 6584
f 6437 6436 6583
f 6435 6578 6582
f 6432 6578 6435
f 6574 6580 6576
f 6430 6575 6571
f 6434 6574 6431
f 6434 6579 6580
f 6579 6581 6580
f 6434 6433 6579
f 6577 6578 6432
f 6432 6429 6573
f 6432 6573 6577
f 6575 6572 6571
f 6434 6580 6574
f 6602 6605 6450
f 6603 6451 6453
f 6453 6604 6603
f 6477 6635 6634
f 6634 6632 6477
f 6632 6475 6477
f 6631 6476 6474
f 6633 6476 6631
f 6632 6630 6475
f 6630 6473 6475
f 6636 6637 6633
f 6631 6474 6472
f 6630 6471 6473
f 6628 6471 6630
f 6629 6472 6470
f 6627 6629 6470
f 6628 6469 6471
f 6626 6469 6628
f 6627 6470 6468
f 6629 6631 6472
f 6624 6627 6468
f 6633 6637 6478
f 6635 6477 6479
f 6643 6484 6486
f 6642 6485 6483
f 6644 6485 6642
f 6643 6481 6484
f 6641 6481 6643
f 6639 6482 6480
f 6640 6642 6483
f 6476 6633 6478
f 6639 6640 6483
f 6641 6479 6481
f 6638 6479 6641
f 6637 6480 6478
f 6639 6637 6636
f 6480 6637 6639
f 6639 6636 6640
f 6638 6635 6479
f 6639 6483 6482
f 6423 6565 6424
f 6469 6626 6625
f 6623 6467 6469
f 6612 6459 6461
f 6613 6460 6458
f 6611 6613 6458
f 6459 6610 6457
f 6612 6610 6459
f 6611 6458 6456
f 6609 6611 6456
f 6461 6614 6612
f 6610 6455 6457
f 6609 6456 6454
f 6607 6609 6454
f 6608 6453 6455
f 6606 6453 6608
f 6607 6454 6452
f 6605 6607 6452
f 6453 6606 6604
f 6608 6455 6610
f 6625 6623 6469
f 6615 6462 6613
f 6614 6461 6616
f 6621 6468 6466
f 6622 6624 6468
f 6621 6622 6468
f 6623 6465 6467
f 6620 6465 6623
f 6464 6617 6466
f 6617 6621 6466
f 6613 6462 6460
f 6621 6617 6622
f 6465 6620 6619
f 6619 6616 6465
f 6616 6463 6465
f 6462 6615 6464
f 6615 6617 6464
f 6617 6615 6618
f 6616 6461 6463
f 6622 6617 6618
f 6331 6329 6165
f 6564 6565 6423
f 6561 6423 6421
f 6509 6374 6369
f 6374 6514 6372
f 6509 6514 6374
f 6372 6514 6515
f 6371 6513 6370
f 6370 6513 6512
f 6511 6370 6512
f 6366 6370 6511
f 6508 6366 6511
f 6506 6510 6364
f 6510 6368 6364
f 6368 6510 6509
f 6369 6368 6509
f 6507 6365 6366
f 6508 6507 6366
f 6513 6371 6375
f 6516 6513 6375
f 6516 6375 6517
f 6375 6376 6517
f 6385 6526 6527
f 6384 6525 6524
f 6383 6384 6524
f 6523 6383 6524
f 6382 6383 6523
f 6522 6382 6523
f 6522 6519 6382
f 6507 6505 6365
f 6519 6378 6382
f 6521 6380 6372
f 6380 6521 6520
f 6381 6380 6520
f 6378 6519 6377
f 6377 6519 6518
f 6376 6377 6518
f 6517 6376 6518
f 6515 6521 6372
f 6505 6361 6365
f 6503 6363 6359
f 6503 6506 6364
f 6493 6350 6352
f 6492 6494 6348
f 6494 6351 6348
f 6351 6494 6495
f 6493 6347 6350
f 6491 6347 6493
f 6492 6348 6345
f 6496 6493 6352
f 6489 6492 6345
f 6346 6491 6490
f 6490 6487 6346
f 6487 6344 6346
f 6485 6488 6343
f 6488 6345 6343
f 6345 6488 6489
f 6341 6344 6487
f 6347 6491 6346
f 6520 6526 6387
f 6352 6497 6496
f 6495 6498 6351
f 6503 6364 6363
f 6361 6505 6360
f 6360 6505 6504
f 6504 6502 6360
f 6502 6358 6360
f 6501 6359 6357
f 6503 6359 6501
f 6353 6497 6352
f 6502 6500 6358
f 6501 6357 6354
f 6498 6501 6354
f 6356 6500 6355
f 6355 6500 6499
f 6499 6497 6355
f 6497 6353 6355
f 6498 6354 6351
f 6500 6356 6358
f 6387 6526 6385
f 6520 6387 6381
f 6528 6525 6388
f 6412 6553 6413
f 6552 6553 6412
f 6551 6552 6412
f 6547 6551 6412
f 6547 6412 6409
f 6546 6551 6547
f 6550 6544 6543
f 6553 6554 6413
f 6543 6542 6549
f 6542 6548 6549
f 6408 6548 6542
f 6408 6410 6548
f 6410 6411 6548
f 6407 6547 6409
f 6547 6407 6546
f 6407 6406 6546
f 6550 6543 6549
f 6546 6541 6545
f 6413 6554 6414
f 6554 6415 6414
f 6417 6562 6556
f 6562 6563 6556
f 6417 6422 6562
f 6421 6420 6561
f 6420 6560 6561
f 6419 6560 6420
f 6559 6560 6419
f 6555 6415 6554
f 6418 6559 6419
f 6416 6558 6418
f 6557 6558 6416
f 6555 6557 6416
f 6549 6548 6556
f 6417 6556 6411
f 6556 6548 6411
f 6415 6555 6416
f 6558 6559 6418
f 6564 6423 6561
f 6406 6541 6546
f 6533 6532 6544
f 6394 6534 6395
f 6533 6534 6394
f 6533 6394 6532
f 6394 6402 6532
f 6532 6402 6531
f 6402 6401 6531
f 6401 6400 6531
f 6534 6535 6395
f 6529 6393 6390
f 6529 6530 6393
f 6530 6391 6392
f 6528 6391 6530
f 6528 6388 6391
f 6527 6390 6385
f 6529 6390 6527
f 6388 6525 6384
f 6393 6530 6392
f 6545 6541 6540
f 6395 6535 6396
f 6396 6536 6397
f 6532 6543 6544
f 6531 6543 6532
f 6531 6542 6543
f 6400 6542 6531
f 6400 6408 6542
f 6405 6541 6406
f 6541 6405 6540
f 6535 6536 6396
f 6405 6404 6540
f 6540 6404 6539
f 6399 6539 6403
f 6538 6539 6399
f 6398 6538 6399
f 6537 6538 6398
f 6397 6537 6398
f 6536 6537 6397
f 6539 6404 6403
f 6329 6163 6165
f 6328 6164 6162
f 6330 6164 6328
f 6124 5951 5954
f 6122 5951 6124
f 6123 5952 5949
f 6121 6123 5949
f 6120 6119 6122
f 5951 6122 5948
f 6122 6119 5948
f 6121 5949 5946
f 6118 6121 5946
f 6115 6120 6117
f 6115 6119 6120
f 6114 6119 6115
f 5948 6119 5944
f 6119 6114 5944
f 5946 5945 6118
f 6125 5955 5952
f 6123 6125 5952
f 6126 6124 5956
f 5956 6124 5954
f 5962 5963 6132
f 5962 6132 6131
f 6131 5960 5962
f 6133 5961 5959
f 6130 6133 5959
f 6129 6131 6132
f 6128 6131 6129
f 5945 6113 6118
f 5960 6131 6128
f 6127 6130 5957
f 6130 5959 5957
f 6126 6128 6129
f 5958 6128 5956
f 6128 6126 5956
f 6127 5957 5955
f 6125 6127 5955
f 6128 5958 5960
f 6113 5945 5942
f 6110 6116 6112
f 6110 6109 6115
f 6104 6106 6097
f 6097 6106 6098
f 5930 6104 6097
f 5930 6103 6104
f 6103 6105 6104
f 6103 5930 6102
f 5930 5935 6102
f 6098 6106 6100
f 5935 5936 6102
f 5927 6096 6101
f 6099 6095 6094
f 5926 6099 6094
f 5926 6098 6099
f 6098 6100 6099
f 6098 5926 6097
f 5926 5931 6097
f 5932 5927 6101
f 5963 6134 6132
f 6101 5937 5932
f 5937 6107 6108
f 6116 6110 6115
f 6116 6115 6117
f 6109 6114 6115
f 5940 6114 6109
f 5940 5944 6114
f 6113 5942 5938
f 6108 6113 5938
f 6107 5937 6101
f 6103 6111 6105
f 6111 6103 6110
f 6111 6110 6112
f 6102 6109 6110
f 5936 6109 6102
f 5936 5941 6109
f 5941 5940 6109
f 5938 5937 6108
f 6103 6102 6110
f 6133 6135 5961
f 6135 5964 5961
f 6134 5963 6136
f 6160 5989 5986
f 6162 6164 5989
f 6160 6162 5989
f 6163 5987 5988
f 6163 6159 5987
f 6159 5985 5987
f 6158 5986 5984
f 6163 5988 6165
f 6161 5986 6158
f 6162 6160 6161
f 6159 5983 5985
f 6157 5983 6159
f 6158 5984 5982
f 6156 6158 5982
f 6157 6155 5983
f 6155 5980 5983
f 6161 6160 5986
f 6156 5982 5979
f 5988 6166 6165
f 6164 6167 5989
f 5995 6174 6172
f 5998 6174 5995
f 6169 5996 5994
f 6171 6173 5997
f 6169 6171 5997
f 6169 5997 5996
f 6172 5993 5995
f 5988 5990 6166
f 6168 5993 6172
f 6170 5994 6167
f 6170 6169 5994
f 6171 6169 6170
f 5993 6168 5992
f 6168 6166 5992
f 6166 5990 5992
f 6167 5991 5989
f 6167 5994 5991
f 5931 5930 6097
f 6154 6156 5979
f 6152 5978 6155
f 6144 6145 6142
f 6143 5971 5968
f 6141 6143 5968
f 5970 6142 6140
f 5969 5970 6140
f 5969 6140 6138
f 6138 5967 5969
f 6144 6142 5972
f 6141 5968 5966
f 6139 6138 6140
f 5967 6136 5965
f 6138 6136 5967
f 6138 6139 6136
f 6137 5966 5964
f 6135 6137 5964
f 6136 5963 5965
f 6137 6141 5966
f 6155 5978 5980
f 5972 6142 5970
f 6143 6147 5971
f 5976 6154 5979
f 6149 6154 5976
f 6149 6153 6154
f 6150 6153 6149
f 5978 6152 5977
f 5977 6152 6151
f 6151 6148 5977
f 6145 6144 6146
f 6148 5975 5977
f 5973 6147 6150
f 5973 6150 6149
f 5975 6148 6146
f 5974 5975 6146
f 5974 6146 6144
f 6144 5972 5974
f 6147 5973 5971
f 5973 6149 5976
f 6175 5999 6173
f 6096 5927 5923
f 6089 6095 6091
f 6044 5867 6045
f 5866 5867 6044
f 6043 5866 6044
f 6042 5866 6043
f 5864 5866 6042
f 6040 5864 6042
f 6038 6041 5862
f 6041 5865 5862
f 5861 6040 6036
f 5864 6040 5861
f 6033 6039 5859
f 6039 5863 5859
f 5862 5863 6039
f 6037 5862 6039
f 5862 6037 6038
f 5867 5868 6045
f 6045 5868 6046
f 5868 5869 6046
f 6046 5869 5865
f 6054 5888 6053
f 5888 5886 6053
f 5886 5887 6053
f 5882 6052 5884
f 6052 5882 6051
f 5882 5881 6051
f 6051 5881 6050
f 5860 5861 6036
f 5881 5880 6050
f 5880 5879 6049
f 6049 5879 6048
f 5879 5878 6048
f 6048 5878 6047
f 5878 5877 6047
f 5877 5876 6047
f 6041 6046 5865
f 6050 5880 6049
f 6035 5860 6036
f 6034 5860 6035
f 5858 5860 6034
f 6022 6020 5851
f 6020 5849 5851
f 6021 5850 5847
f 6018 6021 5847
f 5846 5849 6020
f 5846 6020 6019
f 6017 5846 6019
f 6023 6022 5852
f 6016 5847 5845
f 5844 6017 6015
f 5846 6017 5844
f 6013 5845 5842
f 6016 5845 6013
f 5844 6015 5843
f 6014 5843 6015
f 5841 5843 6014
f 6016 6018 5847
f 6054 6055 5888
f 6022 5851 5852
f 6024 5853 5850
f 6031 5858 6034
f 6028 6032 5856
f 6032 5859 5856
f 5859 6032 6033
f 6030 5857 5858
f 6031 6030 5858
f 6029 5857 6030
f 6021 6024 5850
f 5855 5857 6029
f 6024 6027 5853
f 6027 5856 5853
f 5856 6027 6028
f 6026 5854 5855
f 6025 5854 6026
f 5852 5854 6025
f 6023 5852 6025
f 6026 5855 6029
f 5888 6055 5876
f 5876 6056 6047
f 5876 6055 6056
f 5910 6084 6085
f 5909 6084 5910
f 6083 6084 5909
f 5906 6083 5909
f 6080 6083 5906
f 6075 5902 6081
f 5902 5908 6081
f 5911 5910 6085
f 5908 6082 6081
f 5905 6079 6080
f 5904 6079 5905
f 6078 6079 5904
f 5903 6078 5904
f 6077 6078 5903
f 5901 6077 5903
f 6076 6077 5901
f 5906 5905 6080
f 6076 5901 6073
f 5913 5914 6086
f 6086 6082 5908
f 6089 6094 6095
f 5920 6094 6089
f 5923 5917 6093
f 5917 6092 6093
f 6088 6092 5917
f 5922 6090 6086
f 5914 5922 6086
f 6086 5908 5913
f 5921 6090 5922
f 6089 6091 6090
f 5921 5920 6089
f 5916 6088 5917
f 6087 5916 5915
f 6088 5916 6087
f 6087 5915 6085
f 6085 5915 5911
f 6089 6090 5921
f 6093 6096 5923
f 6071 6074 6072
f 6074 5900 6075
f 6062 5892 5891
f 6064 5892 6062
f 6064 6063 5892
f 5890 6062 5891
f 6061 6062 5890
f 5889 6061 5890
f 6060 6061 5889
f 5892 6063 5893
f 6059 6060 5889
f 6052 5889 5884
f 6058 6059 6051
f 6051 6059 6052
f 6050 6058 6051
f 6057 6049 6048
f 6056 6057 6047
f 6047 6057 6048
f 6052 6059 5889
f 6075 5900 5902
f 6065 6053 5887
f 6066 5887 5894
f 6074 6071 5900
f 5898 6073 5901
f 6070 6073 5898
f 6072 6066 5894
f 6071 6072 5894
f 5894 5900 6071
f 5897 6070 5898
f 6065 5887 6066
f 6069 5897 5896
f 5895 6069 5896
f 6068 6069 5895
f 6067 6068 5895
f 6063 6067 5895
f 6063 5895 5893
f 6064 6067 6063
f 6065 6054 6053
f 6070 5897 6069
f 6013 5842 5839
f 6173 5999 5997
f 5998 6177 6176
f 6111 6281 6275
f 6111 6280 6281
f 6280 6282 6281
f 6111 6112 6280
f 6108 6107 6279
f 6107 6278 6279
f 6278 6107 6274
f 6274 6107 6101
f 6277 6273 6272
f 6106 6272 6100
f 6106 6277 6272
f 6106 6276 6277
f 6276 6106 6275
f 6106 6104 6275
f 6104 6105 6275
f 6111 6275 6105
f 6281 6276 6275
f 6279 6283 6108
f 6283 6113 6108
f 6120 6290 6288
f 6290 6291 6288
f 6120 6122 6290
f 6289 6121 6118
f 6287 6289 6118
f 6285 6284 6288
f 6120 6288 6117
f 6101 6271 6274
f 6288 6284 6117
f 6113 6286 6287
f 6286 6113 6283
f 6280 6285 6282
f 6280 6284 6285
f 6112 6284 6280
f 6112 6116 6284
f 6116 6117 6284
f 6118 6113 6287
f 6096 6271 6101
f 6095 6273 6270
f 6273 6095 6272
f 6254 6261 6256
f 6262 6082 6086
f 6261 6082 6262
f 6261 6254 6082
f 6085 6084 6260
f 6084 6259 6260
f 6083 6259 6084
f 6260 6087 6085
f 6258 6259 6083
f 6257 6258 6080
f 6257 6080 6253
f 6247 6255 6248
f 6081 6247 6075
f 6081 6255 6247
f 6081 6254 6255
f 6254 6256 6255
f 6080 6258 6083
f 6289 6292 6121
f 6263 6087 6260
f 6264 6087 6263
f 6095 6099 6272
f 6099 6100 6272
f 6269 6271 6096
f 6096 6093 6269
f 6266 6270 6268
f 6095 6270 6091
f 6270 6266 6091
f 6088 6087 6264
f 6093 6092 6269
f 6265 6092 6088
f 6262 6086 6267
f 6090 6267 6086
f 6266 6267 6090
f 6266 6268 6267
f 6090 6091 6266
f 6264 6265 6088
f 6092 6265 6269
f 6292 6123 6121
f 6122 6124 6293
f 6122 6293 6290
f 6153 6319 6154
f 6150 6316 6320
f 6153 6150 6320
f 6153 6320 6319
f 6152 6318 6151
f 6151 6318 6317
f 6317 6315 6151
f 6321 6318 6155
f 6315 6148 6151
f 6314 6316 6147
f 6315 6146 6148
f 6313 6146 6315
f 6314 6147 6143
f 6311 6314 6143
f 6146 6313 6145
f 6145 6313 6312
f 6316 6150 6147
f 6312 6310 6145
f 6155 6318 6152
f 6322 6319 6323
f 6329 6327 6163
f 6327 6159 6163
f 6325 6161 6158
f 6326 6328 6162
f 6325 6326 6162
f 6325 6162 6161
f 6327 6157 6159
f 6323 6319 6320
f 6324 6157 6327
f 6322 6325 6158
f 6325 6322 6326
f 6326 6322 6323
f 6157 6324 6321
f 6321 6155 6157
f 6154 6319 6156
f 6319 6322 6156
f 6156 6322 6158
f 6081 6082 6254
f 6310 6142 6145
f 6309 6311 6141
f 6299 6129 6301
f 6298 6300 6127
f 6300 6130 6127
f 6129 6299 6297
f 6129 6297 6296
f 6296 6126 6129
f 6298 6127 6125
f 6301 6129 6132
f 6295 6298 6125
f 6293 6296 6294
f 6126 6296 6293
f 6293 6124 6126
f 6292 6295 6123
f 6295 6125 6123
f 6290 6294 6291
f 6290 6293 6294
f 6294 6296 6297
f 6311 6143 6141
f 6300 6302 6130
f 6303 6301 6134
f 6310 6140 6142
f 6308 6140 6310
f 6309 6141 6137
f 6307 6309 6137
f 6140 6308 6306
f 6139 6140 6306
f 6139 6306 6305
f 6302 6133 6130
f 6305 6136 6139
f 6304 6307 6135
f 6303 6305 6306
f 6136 6305 6134
f 6305 6303 6134
f 6304 6135 6133
f 6302 6304 6133
f 6134 6301 6132
f 6307 6137 6135
f 6174 5998 6176
f 6080 6079 6253
f 6078 6252 6079
f 6204 6024 6200
f 6204 6203 6024
f 6205 6203 6204
f 6023 6202 6022
f 6022 6202 6201
f 6201 6199 6022
f 6199 6020 6022
f 6200 6021 6018
f 6197 6200 6018
f 6020 6199 6019
f 6198 6019 6199
f 6196 6019 6198
f 6196 6017 6019
f 6195 6196 6198
f 6197 6018 6016
f 6200 6024 6021
f 6202 6023 6025
f 6206 6202 6025
f 6207 6206 6026
f 6208 6215 6214
f 6208 6214 6033
f 6208 6033 6032
f 6213 6214 6215
f 6031 6212 6030
f 6030 6212 6211
f 6029 6030 6211
f 6194 6197 6016
f 6210 6029 6211
f 6026 6029 6209
f 6207 6026 6209
f 6203 6027 6024
f 6205 6208 6028
f 6205 6028 6203
f 6203 6028 6027
f 6206 6025 6026
f 6209 6029 6210
f 6015 6017 6196
f 6196 6192 6015
f 6195 6192 6196
f 6007 6186 6185
f 6185 6181 6007
f 6181 6005 6007
f 6179 6006 6002
f 6183 6006 6179
f 6183 6182 6006
f 6184 6182 6183
f 6008 6186 6007
f 6005 6181 6004
f 6180 6177 6004
f 6177 6001 6004
f 6175 6003 5999
f 6003 6178 6002
f 6175 6178 6003
f 6002 6178 6179
f 5998 6001 6177
f 6004 6181 6180
f 6208 6032 6028
f 6182 6010 6009
f 6184 6187 6010
f 6193 6192 6195
f 6190 6016 6013
f 6190 6194 6016
f 6015 6192 6014
f 6191 6188 6012
f 6191 6012 6014
f 6191 6014 6193
f 6182 6184 6010
f 6193 6014 6192
f 6187 6013 6010
f 6190 6013 6187
f 6011 6012 6188
f 6008 6189 6186
f 6011 6189 6008
f 6011 6188 6189
f 6182 6009 6006
f 6189 6188 6191
f 6212 6031 6034
f 6216 6212 6034
f 6216 6034 6217
f 6067 6242 6068
f 6241 6242 6067
f 6240 6241 6067
f 6235 6240 6067
f 6235 6067 6064
f 6234 6240 6235
f 6239 6227 6226
f 6242 6243 6068
f 6054 6237 6239
f 6065 6237 6054
f 6236 6237 6065
f 6236 6238 6237
f 6065 6066 6236
f 6062 6235 6064
f 6235 6062 6234
f 6062 6061 6234
f 6054 6239 6226
f 6233 6061 6060
f 6068 6243 6069
f 6070 6069 6244
f 6251 6252 6078
f 6077 6251 6078
f 6250 6251 6077
f 6076 6250 6077
f 6249 6250 6076
f 6246 6249 6076
f 6246 6076 6073
f 6069 6243 6244
f 6074 6245 6072
f 6247 6248 6245
f 6074 6075 6247
f 6070 6246 6073
f 6070 6244 6246
f 6236 6245 6238
f 6072 6245 6066
f 6245 6236 6066
f 6074 6247 6245
f 6079 6252 6253
f 6234 6061 6233
f 6232 6233 6059
f 6042 6043 6223
f 6222 6042 6223
f 6222 6220 6042
f 6220 6040 6042
f 6219 6041 6038
f 6219 6221 6041
f 6036 6040 6220
f 6223 6043 6224
f 6218 6036 6220
f 6039 6214 6037
f 6214 6213 6037
f 6213 6219 6038
f 6213 6038 6037
f 6217 6035 6036
f 6218 6217 6036
f 6034 6035 6217
f 6214 6039 6033
f 6059 6233 6060
f 6043 6044 6224
f 6044 6045 6225
f 6058 6232 6059
f 6231 6232 6058
f 6050 6231 6058
f 6230 6231 6050
f 6049 6230 6050
f 6229 6230 6049
f 6057 6229 6049
f 6224 6044 6225
f 6228 6229 6057
f 6227 6228 6056
f 6227 6056 6226
f 6056 6055 6226
f 6055 6054 6226
f 6221 6046 6041
f 6046 6225 6045
f 6221 6225 6046
f 6056 6228 6057
f 6645 6643 6486
f 5386 5201 5383
f 5381 5384 5382
f 4324 4540 4325
f 4539 4324 4323
f 4540 4324 4539
f 4322 4539 4323
f 4538 4539 4322
f 4537 4538 4322
f 4529 4537 4322
f 4529 4322 4318
f 4536 4537 4528
f 4528 4537 4529
f 4535 4536 4527
f 4527 4536 4528
f 4526 4535 4527
f 4534 4526 4525
f 4533 4534 4524
f 4541 4530 4321
f 4327 4541 4321
f 4531 4541 4542
f 4531 4530 4541
f 4547 4550 4332
f 4544 4548 4545
f 4545 4548 4549
f 4335 4548 4329
f 4548 4544 4329
f 4331 4547 4332
f 4546 4331 4330
f 4524 4534 4525
f 4547 4331 4546
f 4543 4330 4328
f 4541 4544 4542
f 4542 4544 4545
f 4329 4544 4327
f 4544 4541 4327
f 4325 4543 4328
f 4540 4543 4325
f 4543 4546 4330
f 4532 4533 4523
f 4523 4533 4524
f 4523 4522 4531
f 4308 4309 4522
f 4512 4513 4521
f 4520 4511 4521
f 4511 4512 4521
f 4519 4298 4520
f 4298 4511 4520
f 4518 4510 4519
f 4310 4308 4522
f 4510 4298 4519
f 4509 4510 4518
f 4516 4508 4517
f 4508 4509 4517
f 4515 4507 4516
f 4507 4508 4516
f 4514 4505 4515
f 4505 4507 4515
f 4517 4509 4518
f 4550 4551 4332
f 4523 4310 4522
f 4524 4311 4523
f 4532 4523 4531
f 4522 4530 4531
f 4309 4530 4522
f 4309 4320 4530
f 4320 4321 4530
f 4316 4529 4318
f 4529 4316 4528
f 4311 4310 4523
f 4316 4315 4528
f 4315 4314 4527
f 4527 4314 4526
f 4314 4313 4526
f 4526 4313 4525
f 4313 4312 4525
f 4525 4312 4524
f 4312 4311 4524
f 4528 4315 4527
f 4506 4505 4514
f 4332 4551 4336
f 4337 4336 4552
f 4563 4578 4564
f 4372 4578 4361
f 4578 4563 4361
f 4369 4577 4371
f 4577 4369 4576
f 4369 4368 4576
f 4575 4368 4367
f 4576 4368 4575
f 4574 4575 4367
f 4562 4574 4367
f 4562 4367 4358
f 4573 4574 4561
f 4561 4574 4562
f 4572 4573 4560
f 4560 4573 4561
f 4567 4373 4364
f 4579 4373 4567
f 4579 4580 4373
f 4373 4580 4374
f 4581 4379 4375
f 4372 4587 4578
f 4378 4587 4372
f 4586 4587 4378
f 4585 4586 4378
f 4577 4585 4378
f 4577 4378 4371
f 4570 4572 4559
f 4576 4585 4577
f 4569 4568 4583
f 4584 4569 4583
f 4568 4582 4583
f 4366 4582 4568
f 4366 4377 4582
f 4375 4374 4581
f 4374 4580 4581
f 4569 4584 4571
f 4559 4572 4560
f 4559 4558 4569
f 4570 4559 4569
f 4354 4353 4559
f 4559 4353 4558
f 4353 4352 4558
f 4558 4352 4557
f 4352 4350 4557
f 4350 4351 4557
f 4348 4347 4556
f 4560 4354 4559
f 4347 4555 4556
f 4554 4555 4346
f 4554 4346 4552
f 4552 4346 4337
f 4548 4553 4549
f 4548 4344 4553
f 4344 4345 4553
f 4548 4335 4344
f 4346 4555 4347
f 4336 4551 4552
f 4355 4354 4560
f 4356 4355 4561
f 4570 4569 4571
f 4558 4568 4569
f 4557 4568 4558
f 4366 4568 4351
f 4568 4557 4351
f 4364 4363 4567
f 4363 4566 4567
f 4561 4355 4560
f 4362 4566 4363
f 4565 4362 4556
f 4556 4362 4348
f 4553 4563 4564
f 4361 4563 4345
f 4563 4553 4345
f 4356 4562 4358
f 4562 4356 4561
f 4565 4566 4362
f 4502 4513 4292
f 4513 4301 4292
f 4300 4301 4513
f 4260 4463 4464
f 4258 4462 4257
f 4462 4459 4257
f 4459 4255 4257
f 4456 4457 4460
f 4461 4256 4254
f 4460 4461 4254
f 4460 4254 4456
f 4252 4255 4459
f 4252 4459 4458
f 4455 4252 4458
f 4457 4251 4454
f 4456 4251 4457
f 4456 4253 4251
f 4253 4456 4254
f 4259 4463 4260
f 4463 4259 4256
f 4461 4463 4256
f 4261 4465 4466
f 4473 4469 4474
f 4470 4469 4473
f 4263 4467 4471
f 4472 4266 4263
f 4471 4472 4263
f 4265 4469 4264
f 4468 4465 4262
f 4250 4455 4453
f 4468 4262 4264
f 4470 4264 4469
f 4466 4465 4468
f 4467 4260 4464
f 4263 4260 4467
f 4261 4262 4465
f 4258 4466 4462
f 4261 4466 4258
f 4468 4264 4470
f 4252 4455 4250
f 4454 4251 4249
f 4452 4454 4249
f 4441 4440 4443
f 4442 4241 4238
f 4438 4442 4238
f 4239 4240 4440
f 4439 4436 4237
f 4439 4237 4239
f 4439 4239 4441
f 4440 4240 4242
f 4441 4239 4440
f 4438 4238 4235
f 4435 4438 4235
f 4236 4237 4436
f 4234 4437 4434
f 4236 4437 4234
f 4236 4436 4437
f 4435 4235 4232
f 4437 4436 4439
f 4474 4469 4265
f 4440 4242 4443
f 4444 4242 4243
f 4248 4250 4453
f 4451 4248 4453
f 4452 4249 4247
f 4449 4452 4247
f 4450 4447 4246
f 4450 4246 4248
f 4450 4248 4451
f 4443 4242 4444
f 4448 4447 4450
f 4445 4449 4244
f 4245 4246 4447
f 4446 4243 4245
f 4446 4245 4448
f 4448 4245 4447
f 4445 4244 4241
f 4442 4445 4241
f 4449 4247 4244
f 4265 4267 4474
f 4472 4475 4266
f 4475 4268 4266
f 4502 4291 4288
f 4291 4502 4292
f 4290 4500 4289
f 4499 4496 4287
f 4499 4287 4289
f 4499 4289 4501
f 4501 4289 4500
f 4498 4502 4288
f 4497 4496 4499
f 4495 4498 4286
f 4285 4287 4496
f 4496 4497 4285
f 4497 4494 4285
f 4283 4492 4495
f 4495 4286 4283
f 4494 4284 4285
f 4498 4288 4286
f 4493 4284 4494
f 4501 4500 4503
f 4503 4500 4504
f 4512 4300 4513
f 4512 4511 4300
f 4300 4511 4299
f 4511 4298 4299
f 4298 4510 4297
f 4510 4509 4297
f 4297 4509 4296
f 4500 4290 4504
f 4509 4508 4296
f 4508 4507 4295
f 4295 4507 4294
f 4507 4505 4294
f 4294 4505 4293
f 4504 4290 4293
f 4504 4293 4506
f 4506 4293 4505
f 4296 4508 4295
f 4581 4588 4379
f 4491 4284 4493
f 4490 4491 4493
f 4483 4484 4271
f 4273 4274 4481
f 4480 4477 4270
f 4480 4270 4273
f 4480 4273 4482
f 4482 4273 4481
f 4478 4477 4480
f 4484 4275 4271
f 4475 4479 4268
f 4271 4272 4479
f 4269 4270 4477
f 4476 4474 4267
f 4476 4267 4269
f 4476 4269 4478
f 4478 4269 4477
f 4473 4474 4476
f 4479 4272 4268
f 4491 4282 4284
f 4271 4479 4483
f 4487 4276 4486
f 4492 4279 4488
f 4283 4279 4492
f 4281 4282 4491
f 4490 4280 4281
f 4490 4281 4491
f 4489 4280 4490
f 4486 4280 4489
f 4482 4481 4485
f 4486 4277 4280
f 4484 4488 4275
f 4488 4278 4275
f 4278 4488 4279
f 4276 4277 4486
f 4485 4481 4274
f 4485 4274 4276
f 4485 4276 4487
f 4487 4486 4489
f 4379 4588 4380
f 4380 4588 4589
f 4381 4380 4589
f 4694 4484 4690
f 4488 4484 4694
f 4485 4487 4692
f 4691 4688 4482
f 4691 4482 4485
f 4691 4485 4693
f 4693 4485 4692
f 4689 4688 4691
f 4686 4690 4479
f 4690 4483 4479
f 4483 4690 4484
f 4480 4482 4688
f 4687 4685 4478
f 4687 4478 4480
f 4687 4480 4689
f 4693 4692 4695
f 9139 9084 9090
f 4692 4489 4695
f 4695 4489 4696
f 4703 4702 4705
f 4495 4701 4704
f 4704 4498 4495
f 4494 4497 4702
f 4702 4703 4494
f 4703 4700 4494
f 4701 4492 4698
f 4689 4480 4688
f 4495 4492 4701
f 4699 4493 4700
f 4490 4493 4699
f 4696 4490 4699
f 4488 4694 4697
f 4698 4492 4488
f 4697 4698 4488
f 4696 4489 4490
f 4700 4493 4494
f 4684 4685 4687
f 4683 4686 4475
f 4686 4479 4475
f 4672 4675 4461
f 4675 4463 4461
f 4463 4675 4464
f 4673 4669 4459
f 4673 4459 4462
f 4673 4462 4674
f 4670 4669 4673
f 4674 4462 4676
f 4668 4671 4457
f 4460 4671 4461
f 4461 4671 4672
f 4458 4459 4669
f 4455 4670 4667
f 4458 4670 4455
f 4458 4669 4670
f 4668 4457 4454
f 4671 4460 4457
f 4707 4499 4706
f 4462 4677 4676
f 4675 4678 4464
f 4476 4478 4685
f 4684 4473 4476
f 4684 4476 4685
f 4682 4473 4684
f 4683 4475 4472
f 4681 4683 4472
f 4470 4682 4679
f 4462 4466 4677
f 4473 4682 4470
f 4680 4471 4467
f 4471 4680 4472
f 4472 4680 4681
f 4470 4679 4468
f 4679 4677 4468
f 4677 4466 4468
f 4678 4467 4464
f 4678 4680 4467
f 4705 4499 4707
f 4705 4497 4499
f 4705 4702 4497
f 4526 4534 4735
f 4735 4534 4734
f 4534 4533 4734
f 4734 4533 4733
f 4533 4532 4733
f 4532 4531 4733
f 4723 4725 4732
f 4736 4526 4735
f 4731 4722 4732
f 4730 4721 4731
f 4721 4722 4731
f 4729 4720 4730
f 4720 4721 4730
f 4728 4719 4729
f 4719 4720 4729
f 4727 4718 4728
f 4722 4723 4732
f 4718 4719 4728
f 4535 4526 4736
f 4737 4738 4535
f 4735 4745 4736
f 4735 4744 4745
f 4734 4744 4735
f 4734 4743 4744
f 4733 4743 4734
f 4733 4742 4743
f 4531 4742 4733
f 4737 4535 4736
f 4531 4542 4742
f 4741 4539 4740
f 4539 4538 4740
f 4740 4538 4739
f 4538 4537 4739
f 4738 4537 4536
f 4739 4537 4738
f 4535 4738 4536
f 4539 4741 4540
f 4666 4668 4454
f 4726 4716 4727
f 4717 4716 4726
f 4711 4514 4714
f 4711 4506 4514
f 4710 4711 4714
f 4502 4708 4712
f 4513 4502 4712
f 4513 4712 4713
f 4504 4506 4711
f 4714 4514 4715
f 4710 4503 4504
f 4709 4503 4710
f 4706 4503 4709
f 4706 4501 4503
f 4707 4706 4709
f 4708 4498 4704
f 4502 4498 4708
f 4499 4501 4706
f 4710 4504 4711
f 4716 4718 4727
f 4717 4515 4716
f 4715 4514 4515
f 4513 4713 4724
f 4521 4513 4724
f 4521 4724 4723
f 4723 4724 4725
f 4723 4722 4521
f 4521 4722 4520
f 4722 4721 4520
f 4717 4715 4515
f 4520 4721 4519
f 4519 4720 4518
f 4720 4719 4518
f 4518 4719 4517
f 4719 4718 4517
f 4517 4718 4516
f 4718 4716 4516
f 4516 4716 4515
f 4721 4720 4519
f 4432 4435 4232
f 4453 4455 4667
f 4663 4664 4666
f 4402 4400 4614
f 4613 4616 4617
f 4612 4616 4613
f 4401 4616 4612
f 4612 4399 4401
f 4611 4615 4614
f 4609 4614 4400
f 4611 4614 4609
f 4400 4398 4609
f 4608 4612 4613
f 4607 4612 4608
f 4399 4612 4396
f 4612 4607 4396
f 4610 4611 4609
f 4610 4397 4606
f 4402 4614 4615
f 4402 4615 4403
f 4403 4615 4618
f 4616 4401 4404
f 4626 4412 4410
f 4623 4626 4410
f 4411 4625 4624
f 4624 4621 4411
f 4621 4407 4411
f 4410 4409 4623
f 4409 4622 4623
f 4609 4397 4610
f 4622 4409 4620
f 4621 4404 4407
f 4619 4404 4621
f 4406 4405 4620
f 4405 4618 4620
f 4618 4405 4403
f 4404 4619 4617
f 4404 4617 4616
f 4620 4409 4406
f 4609 4398 4397
f 4606 4397 4394
f 4604 4607 4608
f 4598 4593 4385
f 4596 4597 4387
f 4596 4386 4595
f 4387 4386 4596
f 4595 4386 4384
f 4592 4595 4384
f 4590 4593 4591
f 4388 4598 4385
f 4591 4593 4594
f 4593 4590 4383
f 4589 4592 4384
f 4384 4381 4589
f 4583 4582 4590
f 4583 4590 4591
f 4383 4590 4377
f 4590 4582 4377
f 4385 4593 4383
f 4625 4411 4627
f 4594 4598 4599
f 4597 4600 4387
f 4396 4607 4391
f 4607 4604 4391
f 4394 4393 4606
f 4393 4605 4606
f 4605 4393 4392
f 4603 4605 4392
f 4603 4392 4601
f 4593 4598 4594
f 4601 4392 4390
f 4598 4391 4604
f 4598 4388 4391
f 4602 4603 4601
f 4602 4389 4600
f 4601 4389 4602
f 4601 4390 4389
f 4600 4389 4387
f 4598 4604 4599
f 4627 4411 4413
f 4626 4414 4412
f 4628 4414 4626
f 4655 4443 4444
f 4656 4655 4444
f 4655 4653 4443
f 4653 4441 4443
f 4654 4442 4438
f 4651 4654 4438
f 4441 4653 4439
f 4654 4657 4442
f 4439 4653 4652
f 4650 4437 4439
f 4651 4438 4435
f 4648 4651 4435
f 4434 4437 4650
f 4646 4434 4650
f 4646 4650 4649
f 4647 4646 4649
f 4652 4650 4439
f 4648 4435 4432
f 4657 4445 4442
f 4444 4446 4658
f 4666 4454 4452
f 4666 4452 4663
f 4451 4665 4662
f 4453 4665 4451
f 4660 4661 4663
f 4661 4664 4663
f 4452 4449 4663
f 4656 4444 4658
f 4663 4449 4660
f 4662 4659 4450
f 4659 4448 4450
f 4657 4661 4660
f 4449 4445 4657
f 4660 4449 4657
f 4448 4659 4446
f 4658 4446 4659
f 4451 4662 4450
f 4665 4453 4667
f 4645 4648 4432
f 4431 4647 4644
f 4635 4423 4420
f 4633 4635 4420
f 4422 4634 4421
f 4634 4632 4421
f 4632 4419 4421
f 4633 4420 4418
f 4631 4633 4418
f 4424 4636 4422
f 4632 4417 4419
f 4631 4418 4415
f 4629 4631 4415
f 4417 4630 4416
f 4630 4627 4416
f 4627 4413 4416
f 4415 4414 4629
f 4414 4628 4629
f 4630 4417 4632
f 4433 4434 4646
f 4422 4636 4634
f 4637 4425 4423
f 4433 4647 4431
f 4433 4646 4647
f 4645 4432 4430
f 4643 4645 4430
f 4429 4431 4644
f 4642 4429 4644
f 4643 4430 4428
f 4635 4637 4423
f 4640 4643 4428
f 4641 4429 4642
f 4640 4428 4425
f 4637 4640 4425
f 4639 4426 4427
f 4638 4426 4639
f 4424 4426 4638
f 4636 4424 4638
f 4641 4427 4429
f 4234 4434 4233
f 4233 4434 4433
f 4433 4431 4233
f 4221 4219 4030
f 4219 4028 4030
f 4220 4029 4026
f 4217 4220 4026
f 4025 4028 4219
f 4025 4219 4218
f 4216 4025 4218
f 4217 4026 4024
f 4215 4217 4024
f 4023 4216 4214
f 4025 4216 4023
f 4024 4212 4215
f 4021 4212 4024
f 4023 4214 4022
f 4022 4214 4213
f 4222 4221 4031
f 4221 4030 4031
f 4220 4223 4029
f 4223 4032 4029
f 4230 4232 4039
f 4038 4231 4229
f 4040 4231 4038
f 4230 4039 4036
f 4227 4230 4036
f 4038 4229 4037
f 4037 4229 4228
f 4213 4210 4022
f 4228 4226 4037
f 4227 4036 4032
f 4223 4227 4032
f 4035 4226 4033
f 4033 4226 4225
f 4224 4033 4225
f 4031 4033 4224
f 4222 4031 4224
f 4226 4035 4037
f 4210 4020 4022
f 4211 4212 4021
f 4021 4018 4209
f 4009 4197 4006
f 4201 4197 4009
f 4199 4200 4008
f 4199 4007 4198
f 4008 4007 4199
f 4198 4007 4196
f 4196 4007 4004
f 4008 4202 4010
f 4006 4197 4195
f 4195 4003 4005
f 4004 4194 4196
f 4002 4194 4004
f 4003 4192 4000
f 4195 4192 4003
f 4193 4194 4002
f 4193 4001 4191
f 4005 4006 4195
f 4232 4041 4039
f 4008 4200 4202
f 4201 4009 4011
f 4021 4209 4211
f 4210 4016 4020
f 4207 4016 4210
f 4018 4017 4209
f 4017 4208 4209
f 4208 4017 4206
f 4206 4017 4014
f 4202 4203 4010
f 4016 4207 4015
f 4205 4013 4015
f 4014 4203 4206
f 4010 4203 4014
f 4013 4205 4012
f 4012 4205 4204
f 4204 4011 4012
f 4201 4011 4204
f 4207 4205 4015
f 4231 4040 4233
f 4040 4234 4233
f 4040 4043 4234
f 4263 4074 4071
f 4074 4263 4075
f 4261 4070 4072
f 4261 4072 4262
f 4258 4070 4261
f 4069 4256 4259
f 4260 4071 4069
f 4260 4263 4071
f 4259 4260 4069
f 4257 4070 4258
f 4255 4068 4257
f 4256 4067 4254
f 4069 4067 4256
f 4066 4255 4252
f 4068 4255 4066
f 4064 4251 4253
f 4257 4068 4070
f 4254 4067 4064
f 4262 4072 4264
f 4264 4076 4265
f 4270 4083 4087
f 4268 4272 4081
f 4272 4086 4081
f 4084 4086 4272
f 4271 4084 4272
f 4084 4271 4085
f 4080 4083 4270
f 4072 4076 4264
f 4080 4270 4269
f 4268 4081 4079
f 4266 4268 4079
f 4078 4267 4265
f 4080 4267 4078
f 4266 4079 4075
f 4263 4266 4075
f 4078 4265 4076
f 4267 4080 4269
f 4002 4001 4193
f 4253 4254 4064
f 4252 4250 4065
f 4050 4052 4242
f 4240 4050 4242
f 4241 4051 4048
f 4238 4241 4048
f 4239 4049 4050
f 4240 4239 4050
f 4239 4237 4049
f 4242 4052 4243
f 4237 4047 4049
f 4235 4238 4044
f 4047 4237 4045
f 4045 4237 4236
f 4236 4234 4045
f 4234 4043 4045
f 4235 4044 4041
f 4232 4235 4041
f 4238 4048 4044
f 4066 4252 4065
f 4054 4243 4052
f 4244 4055 4051
f 4250 4063 4065
f 4251 4062 4249
f 4064 4062 4251
f 4250 4060 4063
f 4248 4060 4250
f 4249 4062 4058
f 4247 4249 4058
f 4241 4244 4051
f 4060 4248 4059
f 4246 4057 4059
f 4247 4058 4055
f 4244 4247 4055
f 4057 4246 4056
f 4056 4246 4245
f 4245 4243 4056
f 4243 4054 4056
f 4248 4246 4059
f 4273 4270 4087
f 4191 4001 3999
f 4189 3997 4192
f 4138 3937 3934
f 4139 3930 3936
f 4134 3930 4139
f 3933 4138 3934
f 4137 3933 3932
f 4138 3933 4137
f 3931 4137 3932
f 4136 4137 3931
f 3928 4136 3931
f 4135 4136 3928
f 4133 4135 3928
f 3920 4134 4127
f 3920 3930 4134
f 3927 4133 3928
f 4132 3927 3926
f 4138 4140 3937
f 4140 4141 3937
f 3937 4141 3938
f 3938 4141 4142
f 3954 4150 3955
f 4149 4150 3954
f 3954 3953 4149
f 3952 3951 4148
f 3951 4147 4148
f 3950 4147 3951
f 4146 4147 3950
f 4133 3927 4132
f 3942 4146 3950
f 3949 4143 3941
f 4145 4143 3949
f 4144 3942 3939
f 4142 4144 3939
f 4143 3936 3941
f 4139 3936 4143
f 3939 3938 4142
f 4144 4146 3942
f 3925 4132 3926
f 4131 4132 3925
f 3924 4131 3925
f 4112 4113 4121
f 4111 4112 4120
f 3906 4109 4119
f 3913 3906 4119
f 3913 4119 4118
f 4118 4117 3913
f 3913 4117 3912
f 4120 4112 4121
f 4117 4116 3912
f 4116 4115 3911
f 3911 4115 3910
f 4115 4114 3910
f 3910 4114 3909
f 4114 4113 3909
f 3909 4113 3908
f 4113 4112 3908
f 3912 4116 3911
f 4150 4151 3955
f 4113 4114 4122
f 4114 4115 4123
f 4130 4131 3924
f 3923 4130 3924
f 4129 4130 3923
f 3922 4129 3923
f 4128 4129 3922
f 3921 4128 3922
f 4127 4128 3921
f 4121 4113 4122
f 3921 3920 4127
f 4125 4117 4126
f 4117 4118 4126
f 4124 4116 4125
f 4116 4117 4125
f 4123 4115 4124
f 4115 4116 4124
f 4122 4114 4123
f 4118 4119 4126
f 3955 4151 3956
f 4152 3957 4151
f 4151 3957 3956
f 3989 4179 4181
f 3987 4179 3989
f 4180 3985 3988
f 4176 3985 4180
f 4178 4179 3987
f 4178 3986 4177
f 3987 3986 4178
f 4182 4180 3990
f 4177 3986 4175
f 4176 3981 3985
f 4171 3981 4176
f 3984 3983 4175
f 3983 4174 4175
f 3982 4174 3983
f 4173 4174 3982
f 4173 3982 4170
f 4175 3986 3984
f 4170 3982 3980
f 3990 4180 3988
f 4183 3991 4181
f 3999 3998 4191
f 3998 4190 4191
f 4190 3998 3996
f 4188 4190 3996
f 4189 3993 3997
f 4185 3993 4189
f 4187 4188 3996
f 4181 3991 3989
f 4187 3995 4186
f 3994 4186 3995
f 4184 4186 3994
f 4184 3994 3992
f 3993 4185 4182
f 4182 3990 3993
f 3992 3991 4184
f 3991 4183 4184
f 3996 3995 4187
f 4192 3997 4000
f 4167 3977 4172
f 4171 3974 3981
f 3963 4161 3971
f 4160 4161 3963
f 4160 3963 4155
f 3970 4159 4153
f 4153 3961 3970
f 4157 3966 3958
f 4158 3966 4157
f 3971 4161 4162
f 4152 4157 3958
f 3953 3965 4156
f 3963 3962 4155
f 3962 4154 4155
f 4154 3962 4148
f 4148 3962 3952
f 3961 4153 3949
f 4153 4145 3949
f 3953 4156 4149
f 4166 4172 3977
f 3972 3971 4162
f 3973 4163 4156
f 4163 3974 4171
f 3980 3979 4170
f 3979 4169 4170
f 3978 4169 3979
f 4168 4169 3978
f 4168 3978 4162
f 4162 3978 3972
f 3973 3974 4163
f 4167 3970 3977
f 3976 4166 3977
f 4165 3976 3975
f 4166 3976 4165
f 3967 4165 3975
f 4164 4165 3967
f 4158 4164 3967
f 3973 4156 3965
f 4159 3970 4167
f 4736 4745 4746
f 4087 4274 4273
f 4271 4275 4085
f 4182 4385 4383
f 4182 4383 4382
f 4382 4180 4182
f 4384 4181 4179
f 4381 4384 4179
f 4376 4382 4377
f 4377 4382 4383
f 4180 4382 4176
f 4382 4376 4176
f 4179 4178 4381
f 4178 4380 4381
f 4177 4380 4178
f 4379 4380 4177
f 4379 4177 4375
f 4375 4177 4175
f 4384 4183 4181
f 4184 4183 4386
f 4386 4183 4384
f 4386 4387 4184
f 4192 4395 4189
f 4395 4391 4189
f 4393 4394 4191
f 4393 4190 4392
f 4191 4190 4393
f 4392 4190 4390
f 4390 4190 4188
f 4378 4372 4370
f 4189 4388 4185
f 4188 4187 4390
f 4187 4389 4390
f 4186 4389 4187
f 4387 4389 4186
f 4387 4186 4184
f 4388 4182 4185
f 4385 4182 4388
f 4391 4388 4189
f 4371 4378 4370
f 4366 4365 4376
f 4366 4376 4377
f 4349 4366 4351
f 4349 4365 4366
f 4163 4365 4349
f 4163 4171 4365
f 4170 4169 4364
f 4169 4363 4364
f 4168 4363 4169
f 4358 4367 4357
f 4362 4363 4168
f 4348 4168 4162
f 4343 4360 4345
f 4345 4360 4361
f 4167 4360 4159
f 4360 4343 4159
f 4165 4359 4166
f 4359 4165 4357
f 4362 4168 4348
f 4391 4395 4396
f 4357 4368 4359
f 4359 4368 4166
f 4176 4376 4171
f 4376 4365 4171
f 4175 4174 4375
f 4174 4374 4375
f 4173 4374 4174
f 4373 4374 4173
f 4373 4173 4364
f 4367 4368 4357
f 4364 4173 4170
f 4360 4370 4372
f 4167 4370 4360
f 4167 4172 4370
f 4369 4172 4166
f 4371 4172 4369
f 4371 4370 4172
f 4368 4369 4166
f 4360 4372 4361
f 4394 4397 4191
f 4397 4193 4191
f 4193 4397 4398
f 4424 4422 4221
f 4422 4219 4221
f 4423 4220 4217
f 4420 4423 4217
f 4219 4422 4218
f 4218 4422 4421
f 4421 4419 4218
f 4222 4424 4221
f 4419 4216 4218
f 4418 4420 4215
f 4419 4214 4216
f 4417 4214 4419
f 4418 4215 4212
f 4415 4418 4212
f 4214 4417 4213
f 4213 4417 4416
f 4420 4217 4215
f 4416 4413 4213
f 4423 4425 4220
f 4424 4222 4224
f 4431 4231 4233
f 4432 4232 4230
f 4430 4432 4230
f 4431 4229 4231
f 4429 4229 4431
f 4430 4230 4227
f 4428 4430 4227
f 4425 4223 4220
f 4229 4429 4228
f 4427 4226 4228
f 4428 4227 4223
f 4425 4428 4223
f 4226 4427 4225
f 4224 4225 4427
f 4426 4224 4427
f 4426 4424 4224
f 4429 4427 4228
f 4165 4164 4357
f 4413 4210 4213
f 4211 4414 4415
f 4403 4202 4200
f 4401 4201 4404
f 4401 4197 4201
f 4200 4199 4403
f 4199 4402 4403
f 4198 4402 4199
f 4400 4402 4198
f 4405 4202 4403
f 4400 4198 4196
f 4401 4399 4197
f 4400 4196 4194
f 4398 4400 4194
f 4195 4399 4396
f 4195 4396 4395
f 4395 4192 4195
f 4194 4193 4398
f 4197 4399 4195
f 4212 4211 4415
f 4202 4405 4406
f 4404 4201 4204
f 4414 4211 4412
f 4412 4211 4209
f 4413 4207 4210
f 4411 4207 4413
f 4209 4410 4412
f 4208 4410 4209
f 4208 4408 4410
f 4203 4202 4406
f 4408 4208 4206
f 4407 4205 4207
f 4409 4410 4408
f 4206 4203 4406
f 4408 4206 4406
f 4408 4406 4409
f 4205 4407 4404
f 4204 4205 4404
f 4411 4407 4207
f 4089 4274 4087
f 4356 4164 4158
f 4358 4357 4164
f 4303 4129 4302
f 4129 4128 4302
f 4128 4127 4302
f 4119 4292 4301
f 4126 4301 4300
f 4119 4301 4126
f 4125 4126 4300
f 4299 4125 4300
f 4124 4125 4299
f 4298 4124 4299
f 4123 4124 4298
f 4297 4123 4298
f 4122 4123 4297
f 4296 4122 4297
f 4121 4122 4296
f 4130 4129 4303
f 4304 4130 4303
f 4131 4130 4304
f 4305 4131 4304
f 4306 4313 4133
f 4312 4313 4305
f 4305 4313 4306
f 4311 4312 4304
f 4304 4312 4305
f 4310 4311 4303
f 4303 4311 4304
f 4295 4121 4296
f 4308 4310 4302
f 4127 4308 4302
f 4127 4307 4308
f 4307 4309 4308
f 4127 4134 4307
f 4132 4306 4133
f 4306 4132 4305
f 4132 4131 4305
f 4302 4310 4303
f 4120 4121 4295
f 4294 4120 4295
f 4293 4120 4294
f 4283 4100 4096
f 4100 4283 4101
f 4281 4097 4098
f 4282 4281 4098
f 4280 4097 4281
f 4093 4097 4280
f 4277 4093 4280
f 4279 4283 4096
f 4275 4278 4091
f 4095 4278 4096
f 4096 4278 4279
f 4276 4092 4093
f 4277 4276 4093
f 4276 4274 4092
f 4274 4089 4092
f 4275 4091 4085
f 4278 4095 4091
f 4313 4314 4133
f 4282 4098 4284
f 4284 4102 4285
f 4111 4120 4293
f 4290 4111 4293
f 4109 4288 4291
f 4119 4109 4291
f 4119 4291 4292
f 4290 4110 4111
f 4289 4110 4290
f 4098 4102 4284
f 4107 4110 4289
f 4288 4106 4286
f 4109 4106 4288
f 4104 4287 4285
f 4107 4287 4104
f 4286 4106 4101
f 4283 4286 4101
f 4104 4285 4102
f 4287 4107 4289
f 4314 4315 4133
f 4133 4315 4135
f 4315 4316 4135
f 4344 4343 4345
f 4159 4335 4153
f 4343 4335 4159
f 4343 4344 4335
f 4157 4342 4158
f 4342 4157 4341
f 4157 4152 4341
f 4337 4160 4155
f 4341 4334 4340
f 4334 4339 4340
f 4333 4339 4334
f 4333 4338 4339
f 4149 4338 4333
f 4155 4154 4337
f 4154 4336 4337
f 4332 4336 4154
f 4152 4334 4341
f 4332 4154 4148
f 4346 4160 4337
f 4160 4347 4161
f 4355 4356 4158
f 4342 4355 4158
f 4354 4355 4341
f 4341 4355 4342
f 4353 4354 4340
f 4340 4354 4341
f 4352 4353 4339
f 4346 4347 4160
f 4339 4353 4340
f 4338 4352 4339
f 4156 4350 4338
f 4156 4349 4350
f 4349 4351 4350
f 4156 4163 4349
f 4162 4161 4348
f 4161 4347 4348
f 4350 4352 4338
f 4358 4164 4356
f 4335 4145 4153
f 4151 4334 4152
f 4325 4141 4324
f 4138 4324 4140
f 4323 4324 4138
f 4322 4323 4138
f 4317 4322 4138
f 4318 4322 4317
f 4307 4320 4309
f 4324 4141 4140
f 4134 4320 4307
f 4319 4321 4320
f 4134 4139 4319
f 4137 4317 4138
f 4316 4137 4136
f 4318 4137 4316
f 4318 4317 4137
f 4135 4316 4136
f 4134 4319 4320
f 4329 4145 4335
f 4141 4325 4142
f 4143 4326 4139
f 4334 4151 4333
f 4151 4150 4333
f 4150 4149 4333
f 4147 4332 4148
f 4331 4147 4146
f 4332 4147 4331
f 4144 4331 4146
f 4326 4319 4139
f 4330 4331 4144
f 4145 4329 4327
f 4145 4327 4326
f 4326 4143 4145
f 4142 4328 4144
f 4325 4328 4142
f 4319 4326 4321
f 4321 4326 4327
f 4330 4144 4328
f 5383 5201 5199
f 4737 4736 4746
f 4740 4747 4741
f 5174 5175 4992
f 4992 4991 5174
f 4989 4980 5173
f 4980 5171 5173
f 5172 4978 4988
f 5169 4978 5172
f 4980 4979 5171
f 4979 5170 5171
f 5168 5170 4979
f 5168 4979 4971
f 5169 4967 4978
f 5164 4967 5169
f 4970 5168 4971
f 5167 4970 4969
f 5168 4970 5167
f 4992 5175 4984
f 5175 5176 4984
f 4984 5176 4993
f 5177 4994 5176
f 5177 5186 4995
f 4991 5185 5174
f 5002 5185 4991
f 5184 5185 5002
f 5002 5003 5184
f 5182 5183 5000
f 5182 4999 5181
f 4968 5167 4969
f 5000 4999 5182
f 5180 5181 4989
f 5180 4989 5173
f 5172 4988 5179
f 4998 5179 4988
f 5178 5179 4998
f 4998 4997 5178
f 5176 4994 4993
f 4989 5181 4999
f 5166 5167 4968
f 4965 5166 4968
f 5165 5166 4965
f 5154 4953 4952
f 5155 4953 5154
f 4951 5154 4952
f 5153 5154 4951
f 4950 5153 4951
f 5152 5153 4950
f 4946 5152 4950
f 4953 5155 4954
f 5151 5152 4946
f 4940 5149 5144
f 4940 4949 5149
f 4949 5150 5149
f 4945 5148 4946
f 5147 4945 4944
f 5148 4945 5147
f 4943 5147 4944
f 5148 5151 4946
f 5186 5187 4995
f 4949 4956 5156
f 5155 4957 4954
f 5165 4965 5163
f 5164 4962 4967
f 5160 4962 5164
f 4965 4964 5163
f 4964 5162 5163
f 4963 5162 4964
f 5161 5162 4963
f 5156 5150 4949
f 5161 4963 5159
f 5160 4956 4962
f 5156 4956 5160
f 4960 4958 5159
f 4958 5158 5159
f 4957 5158 4958
f 5157 5158 4957
f 5155 5157 4957
f 5159 4963 4960
f 5146 5147 4943
f 4995 5187 5004
f 5004 5188 4997
f 5215 5034 5036
f 5213 5034 5215
f 5214 5035 5032
f 5212 5214 5032
f 5034 5213 5210
f 5033 5034 5210
f 5210 5030 5033
f 5032 5031 5212
f 5031 5211 5212
f 5211 5031 5209
f 5209 5031 5029
f 5030 5208 5028
f 5210 5208 5030
f 5209 5029 5027
f 5207 5209 5027
f 5214 5216 5035
f 5216 5037 5035
f 5217 5215 5038
f 5038 5215 5036
f 5223 5225 5048
f 5224 5044 5047
f 5222 5044 5224
f 5220 5045 5042
f 5223 5045 5220
f 5044 5222 5043
f 5043 5222 5221
f 5208 5025 5028
f 5221 5219 5043
f 5220 5042 5039
f 5218 5220 5039
f 5041 5219 5217
f 5040 5041 5217
f 5217 5038 5040
f 5218 5039 5037
f 5216 5218 5037
f 5219 5041 5043
f 5205 5025 5208
f 5027 5026 5207
f 5026 5206 5207
f 5196 5013 5194
f 5194 5013 5010
f 5195 5008 5012
f 5192 5008 5195
f 5010 5009 5194
f 5009 5193 5194
f 5193 5009 5006
f 5013 5196 5197
f 5191 5193 5006
f 5184 5003 5192
f 5190 5191 5006
f 5190 5005 5189
f 5006 5005 5190
f 5189 5005 5000
f 5183 5189 5000
f 4997 5188 5178
f 5192 5003 5008
f 5187 5188 5004
f 5014 5013 5197
f 5198 5012 5016
f 5206 5026 5204
f 5204 5026 5024
f 5205 5023 5025
f 5203 5023 5205
f 5204 5024 5021
f 5202 5204 5021
f 5203 5019 5023
f 5195 5012 5198
f 5200 5019 5203
f 5020 5201 5202
f 5201 5020 5199
f 5199 5020 5017
f 5200 5016 5019
f 5198 5016 5200
f 5017 5014 5199
f 5014 5197 5199
f 5021 5020 5202
f 4942 5146 4943
f 5145 5146 4942
f 4941 5145 4942
f 5091 4887 5094
f 5092 5091 5094
f 5090 5093 4885
f 5093 4888 4885
f 4886 4887 5091
f 4883 5092 5088
f 4886 5092 4883
f 4886 5091 5092
f 5086 5089 4881
f 5089 4884 4881
f 4884 5089 4885
f 4885 5089 5090
f 4880 4883 5088
f 4880 5088 5087
f 5084 4880 5087
f 4887 4890 5094
f 5093 5095 4888
f 5095 4891 4888
f 4892 5096 5097
f 4898 4899 5103
f 5102 4896 4898
f 5102 4898 5104
f 5104 4898 5103
f 5098 5101 4894
f 5101 4897 4894
f 5100 4895 4896
f 4879 5082 5085
f 5099 4895 5100
f 5096 4893 4895
f 5097 5096 5099
f 5095 5098 4891
f 5098 4894 4891
f 4892 4893 5096
f 4890 5097 5094
f 4892 5097 4890
f 5096 4895 5099
f 5086 4881 4879
f 5085 5086 4879
f 5083 5080 4878
f 5070 5074 4868
f 4870 5073 4869
f 4869 5073 5072
f 5071 4869 5072
f 4867 4869 5071
f 5068 4867 5071
f 4866 5070 4868
f 5074 4871 4868
f 5065 5070 4866
f 5066 5069 5065
f 5067 4864 4867
f 5067 4867 5068
f 5064 4864 5067
f 4865 5065 4866
f 4863 5062 5066
f 4865 4863 5066
f 5065 5069 5070
f 5101 5105 4897
f 4872 5075 4870
f 5074 5076 4871
f 5083 4878 4880
f 5083 4880 5084
f 5081 5080 5083
f 5082 4876 5079
f 4879 4876 5082
f 4877 4878 5080
f 4874 5081 5077
f 4870 5075 5073
f 4877 5081 4874
f 5076 5078 4873
f 5078 4875 4873
f 4875 5078 4876
f 4876 5078 5079
f 4872 4874 5077
f 5075 4872 5077
f 5076 4873 4871
f 4877 5080 5081
f 5105 4900 4897
f 5104 5103 5106
f 5108 4901 5107
f 5135 5134 4932
f 4932 5134 4931
f 5134 4930 4931
f 4928 5133 4927
f 5133 5132 4927
f 4927 5132 4926
f 5131 4925 4926
f 5135 4932 5136
f 5131 4926 5132
f 4921 4925 5130
f 5129 5125 5130
f 5125 4921 5130
f 5126 5125 5129
f 4919 5123 5127
f 5128 4924 4919
f 5127 5128 4919
f 5130 4925 5131
f 4921 5125 4920
f 4932 4933 5136
f 5128 5136 4924
f 5144 5145 4941
f 4941 4940 5144
f 5135 5136 5143
f 5142 5134 5143
f 5134 5135 5143
f 5141 4930 5142
f 4930 5134 5142
f 5136 4933 4924
f 4934 5141 5140
f 5139 4934 5140
f 4928 4934 5139
f 5138 5133 5139
f 5133 4928 5139
f 5137 5132 5138
f 5132 5133 5138
f 5131 5132 5137
f 4930 5141 4934
f 5045 5223 5048
f 5124 4918 4920
f 5126 4920 5125
f 5114 4908 4904
f 5110 5114 4904
f 4905 4907 5112
f 5111 5107 4902
f 5111 4902 4905
f 5111 4905 5113
f 5113 4905 5112
f 5113 5112 5115
f 5108 5107 5111
f 5109 4903 4900
f 4903 5109 4904
f 4904 5109 5110
f 4901 4902 5107
f 5106 5103 4899
f 5106 4899 4901
f 5106 4901 5108
f 5105 5109 4900
f 5124 4920 5126
f 5115 4907 4909
f 5114 5116 4908
f 5123 4916 5120
f 4919 4916 5123
f 5122 4917 4918
f 5121 4917 5122
f 5118 4917 5121
f 5118 4914 4917
f 5117 5118 5121
f 5115 5112 4907
f 5116 5119 4911
f 4915 5119 4916
f 4916 5119 5120
f 4912 4914 5118
f 5117 4909 4912
f 5117 4912 5118
f 5115 4909 5117
f 5116 4911 4908
f 5119 4915 4911
f 5049 5226 5047
f 5047 5226 5224
f 5225 5227 5051
f 5164 5334 5160
f 5334 5328 5160
f 5163 5162 5333
f 5162 5332 5333
f 5161 5332 5162
f 5331 5332 5161
f 5330 5331 5161
f 5326 5330 5161
f 5326 5161 5159
f 5327 5330 5326
f 5156 5328 5320
f 5328 5329 5320
f 5156 5160 5328
f 5158 5326 5159
f 5325 5158 5157
f 5329 5334 5335
f 5328 5334 5329
f 5333 5165 5163
f 5336 5165 5333
f 5345 5340 5169
f 5171 5170 5344
f 5170 5343 5344
f 5168 5343 5170
f 5342 5343 5168
f 5342 5168 5339
f 5334 5340 5335
f 5327 5158 5325
f 5335 5340 5341
f 5340 5334 5164
f 5168 5167 5339
f 5167 5338 5339
f 5166 5338 5167
f 5337 5338 5166
f 5165 5337 5166
f 5336 5337 5165
f 5169 5340 5164
f 5327 5326 5158
f 5155 5325 5157
f 5324 5325 5155
f 5313 5314 5148
f 5307 5313 5148
f 5312 5313 5306
f 5306 5313 5307
f 5310 5312 5305
f 5305 5312 5306
f 5144 5310 5305
f 5314 5315 5148
f 5144 5309 5310
f 5309 5144 5308
f 5144 5149 5308
f 5149 5150 5308
f 5147 5307 5148
f 5307 5147 5306
f 5147 5146 5306
f 5306 5146 5305
f 5309 5311 5310
f 5172 5345 5169
f 5148 5315 5151
f 5151 5316 5152
f 5323 5324 5155
f 5319 5323 5155
f 5322 5323 5317
f 5317 5323 5319
f 5318 5322 5317
f 5309 5321 5311
f 5309 5308 5320
f 5315 5316 5151
f 5321 5309 5320
f 5320 5308 5150
f 5154 5319 5155
f 5319 5154 5317
f 5154 5153 5317
f 5316 5153 5152
f 5318 5153 5316
f 5318 5317 5153
f 5156 5320 5150
f 5340 5345 5341
f 5171 5344 5346
f 5171 5346 5173
f 5193 5374 5375
f 5374 5193 5367
f 5367 5193 5191
f 5373 5359 5358
f 5372 5373 5357
f 5357 5373 5358
f 5370 5372 5356
f 5194 5193 5375
f 5356 5372 5357
f 5370 5356 5369
f 5370 5369 5371
f 5355 5368 5369
f 5184 5368 5355
f 5184 5192 5368
f 5191 5190 5367
f 5190 5366 5367
f 5356 5355 5369
f 5189 5366 5190
f 5376 5368 5192
f 5368 5376 5369
f 5382 5384 5385
f 5200 5384 5198
f 5384 5381 5198
f 5199 5380 5383
f 5197 5380 5199
f 5377 5376 5381
f 5377 5381 5382
f 5195 5376 5192
f 5198 5381 5195
f 5379 5380 5197
f 5379 5196 5378
f 5197 5196 5379
f 5378 5196 5375
f 5375 5196 5194
f 5369 5377 5371
f 5369 5376 5377
f 5381 5376 5195
f 5146 5145 5305
f 5365 5366 5189
f 5354 5189 5183
f 5183 5182 5354
f 5182 5353 5354
f 5181 5353 5182
f 5352 5353 5181
f 5180 5352 5181
f 5351 5352 5180
f 5346 5351 5180
f 5185 5184 5355
f 5346 5180 5173
f 5179 5349 5345
f 5349 5350 5345
f 5179 5178 5349
f 5176 5348 5177
f 5348 5176 5347
f 5176 5175 5347
f 5175 5174 5347
f 5179 5345 5172
f 5365 5189 5354
f 5174 5185 5355
f 5174 5356 5347
f 5349 5364 5350
f 5178 5363 5364
f 5178 5364 5349
f 5188 5363 5178
f 5362 5363 5188
f 5187 5362 5188
f 5361 5362 5187
f 5356 5174 5355
f 5361 5187 5360
f 5360 5186 5359
f 5186 5177 5359
f 5359 5348 5358
f 5177 5348 5359
f 5348 5357 5358
f 5347 5357 5348
f 5347 5356 5357
f 5187 5186 5360
f 4865 5066 5065
f 5145 5144 5305
f 5143 5304 5303
f 5252 5081 5083
f 5253 5082 5079
f 5250 5253 5079
f 5077 5081 5252
f 5077 5252 5251
f 5249 5077 5251
f 5248 5078 5076
f 5248 5250 5079
f 5248 5079 5078
f 5075 5249 5247
f 5077 5249 5075
f 5246 5076 5074
f 5248 5076 5246
f 5247 5073 5075
f 5245 5073 5247
f 5254 5252 5083
f 5083 5255 5254
f 5084 5255 5083
f 5086 5256 5257
f 5092 5263 5261
f 5094 5263 5092
f 5260 5262 5090
f 5262 5093 5090
f 5261 5088 5092
f 5258 5088 5261
f 5257 5259 5086
f 5070 5246 5074
f 5259 5089 5086
f 5090 5259 5260
f 5088 5258 5087
f 5258 5255 5087
f 5255 5084 5087
f 5253 5256 5082
f 5256 5085 5082
f 5085 5256 5086
f 5089 5259 5090
f 5243 5246 5070
f 5073 5245 5072
f 5071 5072 5245
f 5235 5233 5060
f 5233 5058 5060
f 5234 5059 5055
f 5231 5234 5055
f 5058 5233 5056
f 5056 5233 5232
f 5232 5230 5056
f 5060 5236 5235
f 5230 5054 5056
f 5227 5231 5051
f 5054 5230 5052
f 5052 5230 5229
f 5228 5052 5229
f 5049 5052 5228
f 5226 5049 5228
f 5048 5225 5051
f 5051 5231 5055
f 5262 5264 5093
f 5061 5236 5060
f 5237 5062 5059
f 5244 5071 5245
f 5244 5242 5071
f 5242 5068 5071
f 5069 5243 5070
f 5066 5240 5243
f 5069 5066 5243
f 5068 5242 5067
f 5234 5237 5059
f 5067 5242 5241
f 5239 5064 5067
f 5240 5066 5062
f 5237 5240 5062
f 5064 5239 5063
f 5063 5239 5238
f 5238 5236 5063
f 5236 5061 5063
f 5241 5239 5067
f 5264 5095 5093
f 5263 5094 5265
f 5094 5266 5265
f 5293 5129 5294
f 5293 5290 5129
f 5290 5126 5129
f 5288 5291 5123
f 5291 5127 5123
f 5127 5291 5128
f 5128 5291 5292
f 5129 5130 5294
f 5126 5290 5124
f 5122 5124 5289
f 5287 5122 5289
f 5288 5123 5120
f 5285 5288 5120
f 5287 5121 5122
f 5286 5121 5287
f 5117 5121 5286
f 5289 5124 5290
f 5283 5117 5286
f 5294 5130 5131
f 5295 5128 5292
f 5136 5304 5143
f 5142 5143 5303
f 5302 5142 5303
f 5141 5142 5302
f 5301 5141 5302
f 5140 5141 5301
f 5300 5140 5301
f 5136 5128 5295
f 5139 5140 5300
f 5138 5139 5299
f 5298 5138 5299
f 5137 5138 5298
f 5297 5137 5298
f 5296 5137 5297
f 5131 5137 5296
f 5294 5131 5296
f 5299 5139 5300
f 5136 5295 5304
f 5281 5284 5116
f 5119 5284 5120
f 5272 5104 5106
f 5273 5105 5101
f 5270 5273 5101
f 5104 5272 5102
f 5271 5102 5272
f 5100 5102 5271
f 5269 5100 5271
f 5274 5272 5106
f 5267 5270 5098
f 5268 5099 5100
f 5269 5268 5100
f 5268 5266 5099
f 5266 5097 5099
f 5264 5267 5095
f 5267 5098 5095
f 5094 5097 5266
f 5270 5101 5098
f 5284 5119 5116
f 5106 5275 5274
f 5110 5276 5277
f 5120 5284 5285
f 5282 5115 5117
f 5282 5117 5283
f 5280 5115 5282
f 5281 5116 5114
f 5279 5281 5114
f 5113 5280 5278
f 5108 5275 5106
f 5115 5280 5113
f 5277 5279 5110
f 5113 5278 5111
f 5278 5275 5111
f 5275 5108 5111
f 5273 5276 5105
f 5276 5109 5105
f 5109 5276 5110
f 5279 5114 5110
f 5063 4862 4864
f 5063 4864 5064
f 5061 4862 5063
f 4853 4643 4640
f 4850 4853 4640
f 4642 4852 4641
f 4851 4641 4852
f 4639 4641 4851
f 4849 4639 4851
f 4850 4640 4637
f 4847 4850 4637
f 4848 4638 4639
f 4849 4848 4639
f 4848 4846 4638
f 4846 4636 4638
f 4847 4637 4635
f 4844 4847 4635
f 4634 4636 4846
f 4644 4854 4642
f 4642 4854 4852
f 4853 4855 4643
f 4855 4645 4643
f 4863 4654 4651
f 4861 4863 4651
f 4653 4862 4652
f 4862 4860 4652
f 4860 4650 4652
f 4861 4651 4648
f 4858 4861 4648
f 4634 4846 4845
f 4650 4860 4649
f 4859 4857 4649
f 4857 4647 4649
f 4858 4648 4645
f 4855 4858 4645
f 4644 4647 4857
f 4644 4857 4856
f 4854 4644 4856
f 4649 4860 4859
f 4843 4634 4845
f 4844 4635 4633
f 4842 4844 4633
f 4624 4831 4829
f 4829 4621 4624
f 4623 4622 4833
f 4622 4832 4833
f 4832 4622 4828
f 4828 4622 4620
f 4830 4829 4831
f 4624 4625 4831
f 4621 4827 4619
f 4829 4830 4827
f 4620 4826 4828
f 4618 4826 4620
f 4827 4617 4619
f 4824 4617 4827
f 4825 4826 4618
f 4618 4615 4823
f 4829 4827 4621
f 4862 4653 4655
f 4625 4834 4831
f 4835 4626 4623
f 4632 4843 4841
f 4634 4843 4632
f 4842 4633 4631
f 4840 4842 4631
f 4841 4630 4632
f 4839 4630 4841
f 4629 4840 4631
f 4833 4835 4623
f 4837 4840 4629
f 4838 4836 4630
f 4836 4627 4630
f 4628 4837 4629
f 4626 4835 4837
f 4628 4626 4837
f 4836 4625 4627
f 4834 4625 4836
f 4630 4839 4838
f 4864 4862 4655
f 4656 4864 4655
f 4657 4863 4865
f 4891 4894 4683
f 4894 4686 4683
f 4892 4889 4682
f 4892 4682 4684
f 4892 4684 4893
f 4890 4889 4892
f 4891 4683 4681
f 4893 4684 4895
f 4888 4891 4681
f 4889 4890 4679
f 4890 4887 4679
f 4885 4888 4678
f 4888 4680 4678
f 4680 4888 4681
f 4886 4882 4677
f 4886 4677 4679
f 4679 4682 4889
f 4886 4679 4887
f 4684 4687 4895
f 4689 4896 4687
f 4900 4903 4694
f 4903 4697 4694
f 4697 4903 4698
f 4698 4903 4904
f 4901 4695 4696
f 4902 4901 4696
f 4901 4899 4695
f 4895 4687 4896
f 4899 4693 4695
f 4897 4900 4690
f 4693 4899 4691
f 4691 4899 4898
f 4898 4896 4691
f 4896 4689 4691
f 4894 4897 4686
f 4897 4690 4686
f 4900 4694 4690
f 4618 4823 4825
f 4883 4882 4886
f 4885 4678 4675
f 4667 4874 4665
f 4873 4664 4871
f 4666 4664 4873
f 4662 4665 4872
f 4870 4662 4872
f 4871 4664 4661
f 4868 4871 4661
f 4665 4874 4872
f 4869 4659 4662
f 4661 4866 4868
f 4657 4866 4661
f 4867 4658 4659
f 4867 4864 4658
f 4864 4656 4658
f 4865 4866 4657
f 4657 4654 4863
f 4869 4662 4870
f 4675 4881 4884
f 4875 4876 4666
f 4666 4873 4875
f 4884 4885 4675
f 4676 4677 4882
f 4674 4883 4880
f 4676 4883 4674
f 4676 4882 4883
f 4881 4672 4879
f 4675 4672 4881
f 4876 4668 4666
f 4674 4880 4673
f 4878 4670 4673
f 4876 4879 4668
f 4879 4671 4668
f 4671 4879 4672
f 4667 4670 4878
f 4667 4878 4877
f 4874 4667 4877
f 4880 4878 4673
f 4902 4696 4905
f 4824 4613 4617
f 4615 4611 4823
f 4575 4574 4773
f 4773 4574 4772
f 4574 4573 4772
f 4772 4573 4771
f 4573 4572 4771
f 4771 4572 4770
f 4572 4570 4770
f 4570 4571 4770
f 4567 4566 4769
f 4566 4768 4769
f 4565 4768 4566
f 4767 4768 4565
f 4767 4565 4765
f 4765 4565 4556
f 4564 4766 4553
f 4774 4575 4773
f 4575 4774 4576
f 4775 4766 4564
f 4578 4775 4564
f 4772 4784 4773
f 4772 4771 4782
f 4783 4772 4782
f 4771 4781 4782
f 4770 4781 4771
f 4770 4780 4781
f 4571 4780 4770
f 4766 4762 4553
f 4571 4584 4780
f 4778 4779 4581
f 4778 4580 4777
f 4581 4580 4778
f 4579 4777 4580
f 4776 4777 4579
f 4776 4579 4769
f 4769 4579 4567
f 4584 4583 4780
f 4556 4555 4765
f 4555 4764 4765
f 4554 4764 4555
f 4754 4755 4543
f 4749 4754 4543
f 4748 4754 4749
f 4753 4746 4745
f 4745 4744 4752
f 4753 4745 4752
f 4744 4751 4752
f 4756 4546 4755
f 4743 4751 4744
f 4742 4750 4743
f 4545 4750 4542
f 4750 4742 4542
f 4540 4749 4543
f 4749 4741 4748
f 4540 4741 4749
f 4741 4747 4748
f 4743 4750 4751
f 4783 4784 4772
f 4755 4546 4543
f 4757 4750 4545
f 4763 4764 4554
f 4761 4763 4554
f 4761 4554 4552
f 4757 4762 4758
f 4553 4762 4757
f 4757 4549 4553
f 4551 4761 4552
f 4546 4756 4547
f 4760 4551 4550
f 4547 4760 4550
f 4759 4760 4547
f 4756 4759 4547
f 4752 4751 4758
f 4751 4757 4758
f 4750 4757 4751
f 4549 4757 4545
f 4761 4551 4760
f 4773 4785 4774
f 4784 4785 4773
f 4774 4785 4576
f 4603 4602 4813
f 4602 4812 4813
f 4600 4812 4602
f 4811 4812 4600
f 4811 4600 4807
f 4807 4600 4597
f 4804 4803 4809
f 4808 4599 4604
f 4804 4809 4810
f 4802 4808 4803
f 4599 4808 4594
f 4808 4802 4594
f 4597 4596 4807
f 4596 4806 4807
f 4595 4806 4596
f 4801 4806 4595
f 4803 4808 4809
f 4801 4595 4592
f 4604 4814 4808
f 4810 4814 4815
f 4611 4821 4823
f 4822 4608 4613
f 4819 4608 4822
f 4611 4610 4821
f 4610 4820 4821
f 4820 4610 4606
f 4818 4820 4606
f 4808 4814 4809
f 4608 4819 4815
f 4814 4604 4608
f 4817 4818 4606
f 4817 4605 4816
f 4606 4605 4817
f 4816 4605 4813
f 4813 4605 4603
f 4809 4814 4810
f 4608 4815 4814
f 4822 4613 4824
f 4805 4800 4799
f 4796 4804 4797
f 4583 4591 4794
f 4589 4588 4793
f 4588 4792 4793
f 4792 4588 4581
f 4779 4792 4581
f 4578 4790 4775
f 4790 4791 4775
f 4583 4794 4780
f 4790 4578 4789
f 4789 4587 4788
f 4587 4586 4788
f 4788 4586 4787
f 4586 4585 4787
f 4786 4585 4576
f 4787 4585 4786
f 4785 4786 4576
f 4578 4587 4789
f 4798 4805 4799
f 4780 4794 4795
f 4781 4795 4796
f 4796 4803 4804
f 4795 4803 4796
f 4795 4802 4803
f 4794 4802 4795
f 4594 4802 4591
f 4802 4794 4591
f 4592 4589 4801
f 4780 4795 4781
f 4589 4793 4801
f 4790 4799 4800
f 4789 4799 4790
f 4789 4798 4799
f 4788 4798 4789
f 4798 4788 4787
f 4782 4781 4796
f 4782 4796 4797
f 4790 4800 4791
f 4747 4740 4739
f 4907 4699 4906
f 4905 4696 4699
f 5010 4820 4818
f 5007 5011 5008
f 5008 5011 5012
f 4819 5011 4815
f 5011 5007 4815
f 4818 4817 5010
f 4817 5009 5010
f 4816 5009 4817
f 5006 5009 4816
f 5006 4816 4813
f 5001 5007 5003
f 5003 5007 5008
f 4815 5007 4810
f 5007 5001 4810
f 4813 4812 5006
f 5013 4820 5010
f 4820 5013 5014
f 4821 4820 5014
f 5015 5011 4819
f 5019 5022 5023
f 4827 5022 4824
f 5022 5018 4824
f 4826 4825 5021
f 4825 5020 5021
f 5020 4825 5017
f 5017 4825 4823
f 4812 5005 5006
f 5015 5018 5016
f 4824 5018 4822
f 5018 5015 4822
f 4823 4821 5017
f 4821 5014 5017
f 5011 5015 5012
f 5012 5015 5016
f 4822 5015 4819
f 5016 5018 5019
f 4811 5005 4812
f 5000 5005 4811
f 5000 4811 4807
f 4985 4994 4986
f 4984 4993 4985
f 4992 4984 4983
f 4983 4982 4991
f 4992 4983 4991
f 4982 4990 4991
f 4981 4990 4982
f 4993 4994 4985
f 4804 4990 4797
f 4801 4793 4989
f 4793 4980 4989
f 4977 4988 4978
f 4977 4987 4988
f 4976 4987 4977
f 4800 4987 4791
f 4987 4976 4791
f 4990 4981 4797
f 5018 5022 5019
f 4994 4798 4986
f 4996 4805 4995
f 5004 4997 4996
f 4995 5004 4996
f 5002 4991 4990
f 4804 5002 4990
f 4804 5001 5002
f 5001 5003 5002
f 4804 4810 5001
f 4805 4798 4995
f 4807 4806 5000
f 4801 4999 4806
f 4989 4999 4801
f 4998 4988 4987
f 4800 4998 4987
f 4800 4997 4998
f 4997 4800 4996
f 4800 4805 4996
f 4806 4999 5000
f 5021 5024 4826
f 5024 4828 4826
f 5022 4827 4830
f 5054 4856 5053
f 5049 5050 5052
f 5051 4855 4853
f 5048 5051 4853
f 4852 4854 5050
f 5050 5046 4852
f 5049 5046 5050
f 5052 4856 5054
f 5047 5046 5049
f 5045 5048 4850
f 4852 5046 4851
f 4849 5047 5044
f 4851 5047 4849
f 4851 5046 5047
f 5045 4850 4847
f 5042 5045 4847
f 5048 4853 4850
f 4849 5044 4848
f 5052 4854 4856
f 4856 4857 5053
f 5062 4863 4861
f 5059 5062 4861
f 5060 5057 4860
f 5060 4860 4862
f 5060 4862 5061
f 5058 5057 5060
f 5059 4861 4858
f 5052 5050 4854
f 5055 5059 4858
f 5056 5053 4857
f 5056 4857 4859
f 5056 4859 5058
f 5058 4859 5057
f 5054 5053 5056
f 5055 4858 4855
f 5051 5055 4855
f 4859 4860 5057
f 4787 4986 4798
f 4848 5044 5043
f 5041 4846 4848
f 5031 5032 4837
f 4837 4835 5029
f 4837 5029 5031
f 5030 4834 4836
f 5028 4834 5030
f 5029 4835 4833
f 5027 5029 4833
f 5030 4836 4838
f 5028 4831 4834
f 4833 4832 5027
f 4832 5026 5027
f 5026 4832 5024
f 5024 4832 4828
f 4831 5025 5023
f 4830 4831 5023
f 4830 5023 5022
f 5025 4831 5028
f 5043 5041 4848
f 5033 5030 4838
f 4839 5034 4838
f 5042 4847 4844
f 5039 5042 4844
f 4846 5041 4845
f 4845 5041 5040
f 5040 5038 4845
f 5038 4843 4845
f 5039 4844 4842
f 4838 5034 5033
f 5037 5039 4842
f 5036 4841 5038
f 5037 4842 4840
f 5035 5037 4840
f 5036 4839 4841
f 5034 4839 5036
f 4840 5032 5035
f 4837 5032 4840
f 5038 4841 4843
f 4905 4699 4907
f 4986 4975 4985
f 4975 4984 4985
f 4732 4933 4932
f 4725 4933 4732
f 4725 4923 4933
f 4731 4732 4932
f 4931 4731 4932
f 4730 4731 4931
f 4930 4730 4931
f 4729 4730 4930
f 4929 4729 4930
f 4928 4728 4729
f 4928 4729 4929
f 4727 4728 4928
f 4927 4727 4928
f 4726 4727 4927
f 4926 4726 4927
f 4923 4924 4933
f 4928 4929 4934
f 4929 4930 4934
f 4738 4737 4935
f 4938 4943 4747
f 4942 4943 4937
f 4937 4943 4938
f 4941 4942 4936
f 4936 4942 4937
f 4746 4941 4936
f 4746 4940 4941
f 4925 4726 4926
f 4940 4746 4939
f 4753 4752 4939
f 4739 4938 4747
f 4938 4935 4937
f 4739 4935 4938
f 4935 4936 4937
f 4737 4936 4935
f 4738 4935 4739
f 4746 4753 4939
f 4922 4726 4925
f 4922 4717 4726
f 4921 4922 4925
f 4915 4916 4704
f 4705 4707 4913
f 4912 4910 4703
f 4912 4703 4705
f 4912 4705 4914
f 4914 4705 4913
f 4909 4910 4912
f 4916 4708 4704
f 4911 4701 4908
f 4700 4703 4910
f 4910 4906 4700
f 4909 4906 4910
f 4907 4906 4909
f 4908 4701 4698
f 4904 4908 4698
f 4700 4906 4699
f 4704 4701 4911
f 4943 4944 4747
f 4704 4911 4915
f 4913 4707 4709
f 4924 4713 4919
f 4923 4713 4924
f 4923 4724 4713
f 4724 4923 4725
f 4715 4717 4922
f 4921 4714 4715
f 4921 4715 4922
f 4914 4913 4917
f 4920 4714 4921
f 4918 4710 4920
f 4916 4919 4708
f 4919 4712 4708
f 4712 4919 4713
f 4918 4709 4710
f 4917 4709 4918
f 4913 4709 4917
f 4710 4714 4920
f 4944 4945 4747
f 4747 4945 4748
f 4946 4754 4945
f 4974 4785 4973
f 4785 4784 4973
f 4973 4784 4972
f 4784 4783 4972
f 4783 4782 4972
f 4779 4778 4971
f 4778 4970 4971
f 4786 4785 4974
f 4777 4970 4778
f 4776 4969 4777
f 4968 4969 4776
f 4965 4968 4776
f 4965 4776 4769
f 4961 4966 4962
f 4962 4966 4967
f 4775 4966 4766
f 4969 4970 4777
f 4966 4961 4766
f 4975 4786 4974
f 4775 4791 4976
f 4974 4984 4975
f 4974 4983 4984
f 4973 4983 4974
f 4973 4982 4983
f 4972 4982 4973
f 4972 4981 4982
f 4782 4981 4972
f 4786 4975 4787
f 4782 4797 4981
f 4792 4979 4980
f 4979 4792 4971
f 4971 4792 4779
f 4966 4977 4967
f 4967 4977 4978
f 4966 4976 4977
f 4775 4976 4966
f 4793 4792 4980
f 4787 4975 4986
f 4768 4965 4769
f 4965 4768 4964
f 4760 4953 4954
f 4759 4953 4760
f 4952 4953 4759
f 4756 4952 4759
f 4951 4952 4756
f 4950 4951 4756
f 4947 4950 4756
f 4761 4760 4954
f 4946 4950 4947
f 4939 4948 4949
f 4752 4948 4939
f 4752 4758 4948
f 4755 4947 4756
f 4947 4755 4946
f 4755 4754 4946
f 4945 4754 4748
f 4940 4939 4949
f 4964 4768 4767
f 4955 4948 4758
f 4949 4955 4956
f 4963 4964 4767
f 4959 4963 4767
f 4959 4767 4765
f 4960 4963 4959
f 4955 4961 4956
f 4956 4961 4962
f 4766 4961 4762
f 4762 4955 4758
f 4961 4955 4762
f 4958 4764 4763
f 4960 4764 4958
f 4960 4959 4764
f 4761 4958 4763
f 4957 4958 4761
f 4957 4761 4954
f 4949 4948 4955
f 4764 4959 4765
f 3908 4112 3907
f 6486 6646 6645
f 6644 6489 6488
f 8331 8238 8330
f 8238 8237 8330
f 8330 8237 8329
f 8237 8236 8329
f 8329 8236 8328
f 8236 8235 8328
f 8328 8235 8327
f 8235 8234 8327
f 8327 8234 8326
f 8234 8233 8326
f 8326 8233 8325
f 8233 8232 8325
f 8325 8232 8324
f 8232 8231 8324
f 8231 8230 8324
f 8238 8331 8239
f 8241 8240 8332
f 8242 8241 8332
f 8333 8242 8332
f 8340 8341 8329
f 8329 8341 8330
f 8339 8340 8328
f 8328 8340 8329
f 8338 8339 8327
f 8327 8339 8328
f 8337 8338 8326
f 8321 8229 8226
f 8326 8338 8327
f 8325 8337 8326
f 8335 8336 8324
f 8324 8336 8325
f 8230 8334 8335
f 8230 8335 8324
f 8242 8334 8230
f 8333 8334 8242
f 8336 8337 8325
f 8229 8321 8228
f 8321 8320 8228
f 8320 8224 8228
f 8312 8216 8313
f 8312 8214 8216
f 8310 8214 8312
f 8310 8212 8214
f 8311 8213 8211
f 8309 8311 8211
f 8212 8308 8210
f 8216 8218 8313
f 8310 8308 8212
f 8306 8309 8209
f 8210 8308 8307
f 8307 8305 8210
f 8305 8208 8210
f 8306 8209 8207
f 8303 8306 8207
f 8208 8305 8304
f 8309 8211 8209
f 8330 8342 8331
f 8313 8218 8314
f 8219 8315 8314
f 8317 8323 8221
f 8323 8227 8221
f 8225 8227 8323
f 8322 8225 8323
f 8225 8322 8321
f 8226 8225 8321
f 8320 8319 8223
f 8218 8219 8314
f 8320 8223 8224
f 8318 8222 8319
f 8318 8315 8222
f 8315 8219 8222
f 8311 8316 8213
f 8316 8220 8213
f 8220 8316 8221
f 8221 8316 8317
f 8222 8223 8319
f 8304 8302 8208
f 8341 8342 8330
f 8342 8239 8331
f 8367 8261 8258
f 8367 8371 8261
f 8365 8369 8366
f 8260 8365 8257
f 8260 8369 8365
f 8260 8368 8369
f 8368 8370 8369
f 8260 8259 8368
f 8364 8258 8256
f 8367 8258 8364
f 8363 8362 8365
f 8363 8365 8366
f 8257 8365 8255
f 8365 8362 8255
f 8364 8256 8254
f 8259 8262 8372
f 8259 8372 8373
f 8259 8373 8368
f 8368 8373 8370
f 8379 8381 8382
f 8269 8381 8267
f 8381 8378 8267
f 8377 8268 8266
f 8380 8268 8377
f 8379 8375 8264
f 8378 8379 8264
f 8361 8364 8254
f 8264 8267 8378
f 8376 8265 8263
f 8265 8376 8266
f 8266 8376 8377
f 8375 8262 8264
f 8372 8262 8375
f 8374 8263 8261
f 8371 8374 8261
f 8374 8376 8263
f 8358 8363 8360
f 8358 8362 8363
f 8253 8362 8358
f 8350 8345 8344
f 8248 8344 8245
f 8248 8350 8344
f 8248 8349 8350
f 8349 8351 8350
f 8248 8247 8349
f 8243 8347 8246
f 8352 8347 8348
f 8343 8348 8243
f 8346 8333 8332
f 8240 8346 8332
f 8240 8345 8346
f 8345 8240 8344
f 8240 8244 8344
f 8244 8245 8344
f 8239 8343 8243
f 8348 8347 8243
f 8342 8343 8239
f 8347 8352 8249
f 8251 8250 8353
f 8253 8255 8362
f 8361 8254 8252
f 8357 8361 8252
f 8353 8359 8355
f 8250 8359 8353
f 8250 8358 8359
f 8358 8360 8359
f 8246 8347 8249
f 8250 8253 8358
f 8352 8357 8249
f 8349 8356 8351
f 8247 8354 8356
f 8247 8356 8349
f 8251 8354 8247
f 8353 8354 8251
f 8353 8355 8354
f 8249 8357 8252
f 8302 8205 8208
f 8303 8207 8202
f 8300 8303 8202
f 8135 8136 8253
f 8252 8133 8129
f 8249 8252 8129
f 8127 8251 8247
f 8131 8251 8127
f 8250 8251 8131
f 8131 8132 8250
f 8249 8129 8125
f 8246 8249 8125
f 8245 8122 8248
f 8128 8248 8122
f 8247 8248 8128
f 8128 8127 8247
f 8120 8246 8125
f 8243 8246 8120
f 8135 8253 8250
f 8135 8250 8132
f 8252 8254 8133
f 8254 8137 8133
f 8262 8149 8151
f 8259 8149 8262
f 8258 8150 8146
f 8261 8150 8258
f 8257 8144 8260
f 8148 8260 8144
f 8259 8260 8148
f 8123 8244 8240
f 8148 8149 8259
f 8256 8258 8142
f 8257 8140 8144
f 8255 8140 8257
f 8256 8142 8137
f 8254 8256 8137
f 8255 8136 8140
f 8253 8136 8255
f 8258 8146 8142
f 8116 8123 8240
f 8123 8122 8244
f 8122 8245 8244
f 8110 8234 8098
f 8233 8234 8110
f 8109 8233 8110
f 8232 8233 8109
f 8108 8232 8109
f 8231 8232 8108
f 8107 8231 8108
f 8234 8235 8098
f 8230 8231 8107
f 8226 8229 8092
f 8229 8095 8092
f 8094 8095 8229
f 8228 8094 8229
f 8228 8224 8094
f 8224 8090 8094
f 8221 8227 8083
f 8107 8106 8230
f 8261 8153 8152
f 8098 8235 8099
f 8099 8236 8100
f 8118 8243 8120
f 8239 8118 8113
f 8239 8243 8118
f 8106 8242 8230
f 8117 8242 8106
f 8241 8242 8117
f 8115 8241 8117
f 8235 8236 8099
f 8240 8241 8115
f 8111 8239 8113
f 8238 8111 8102
f 8239 8111 8238
f 8101 8238 8102
f 8237 8238 8101
f 8100 8237 8101
f 8236 8237 8100
f 8115 8116 8240
f 8261 8263 8153
f 8261 8152 8150
f 8151 8155 8264
f 8292 8193 8189
f 8290 8292 8189
f 8291 8188 8191
f 8289 8188 8291
f 8290 8189 8187
f 8288 8290 8187
f 8188 8289 8287
f 8291 8191 8293
f 8287 8186 8188
f 8286 8288 8187
f 8186 8285 8184
f 8287 8285 8186
f 8284 8185 8182
f 8286 8185 8284
f 8285 8181 8184
f 8283 8181 8285
f 8286 8187 8185
f 8284 8182 8179
f 8293 8191 8194
f 8294 8195 8193
f 8205 8302 8301
f 8301 8204 8205
f 8299 8204 8301
f 8299 8200 8204
f 8300 8202 8199
f 8298 8300 8199
f 8200 8297 8198
f 8292 8294 8193
f 8299 8297 8200
f 8296 8298 8197
f 8198 8297 8295
f 8295 8196 8198
f 8296 8197 8195
f 8294 8296 8195
f 8196 8293 8194
f 8295 8293 8196
f 8298 8199 8197
f 8378 8381 8379
f 8282 8284 8179
f 8281 8178 8283
f 8270 8272 8165
f 8270 8165 8164
f 8271 8269 8161
f 8161 8163 8271
f 8268 8162 8160
f 8270 8162 8268
f 8269 8158 8161
f 8270 8164 8162
f 8267 8158 8269
f 8266 8268 8156
f 8267 8155 8158
f 8264 8155 8267
f 8263 8265 8153
f 8265 8156 8153
f 8156 8265 8266
f 8264 8262 8151
f 8268 8160 8156
f 8283 8178 8181
f 8271 8163 8273
f 8168 8274 8275
f 8282 8179 8176
f 8280 8282 8176
f 8281 8175 8178
f 8278 8175 8281
f 8277 8279 8173
f 8279 8176 8173
f 8176 8279 8280
f 8273 8163 8167
f 8278 8172 8175
f 8277 8173 8168
f 8275 8277 8168
f 8276 8167 8172
f 8273 8167 8276
f 8272 8170 8165
f 8170 8274 8168
f 8272 8274 8170
f 8276 8172 8278
f 8380 8383 8270
f 8380 8270 8268
f 8384 8381 8269
f 8355 8488 8482
f 8355 8359 8488
f 8359 8360 8488
f 8352 8486 8357
f 8352 8481 8487
f 8352 8487 8486
f 8484 8478 8477
f 8356 8477 8351
f 8356 8484 8477
f 8356 8483 8484
f 8483 8485 8484
f 8483 8356 8482
f 8356 8354 8482
f 8354 8355 8482
f 8348 8481 8352
f 8482 8488 8489
f 8490 8483 8489
f 8483 8482 8489
f 8483 8490 8485
f 8363 8498 8493
f 8363 8497 8498
f 8497 8499 8498
f 8363 8366 8497
f 8361 8491 8364
f 8491 8495 8364
f 8495 8491 8496
f 8475 8481 8348
f 8496 8491 8492
f 8489 8493 8494
f 8363 8493 8360
f 8493 8488 8360
f 8357 8486 8361
f 8486 8491 8361
f 8491 8486 8492
f 8492 8486 8487
f 8489 8488 8493
f 8475 8480 8481
f 8476 8480 8475
f 8463 8479 8465
f 8456 8469 8457
f 8467 8468 8455
f 8455 8468 8456
f 8466 8467 8454
f 8454 8467 8455
f 8333 8464 8466
f 8333 8466 8454
f 8468 8469 8456
f 8346 8464 8333
f 8463 8465 8464
f 8346 8345 8463
f 8342 8462 8343
f 8462 8342 8461
f 8342 8341 8461
f 8461 8341 8460
f 8341 8340 8460
f 8463 8464 8346
f 8493 8498 8494
f 8457 8470 8458
f 8458 8471 8459
f 8345 8479 8463
f 8345 8478 8479
f 8478 8345 8477
f 8345 8350 8477
f 8350 8351 8477
f 8343 8475 8348
f 8474 8343 8462
f 8469 8470 8457
f 8474 8476 8343
f 8473 8474 8461
f 8461 8474 8462
f 8472 8473 8460
f 8460 8473 8461
f 8471 8472 8459
f 8459 8472 8460
f 8470 8471 8458
f 8476 8475 8343
f 8495 8496 8367
f 8496 8500 8367
f 8495 8367 8364
f 8524 8389 8383
f 8389 8524 8387
f 8524 8523 8387
f 8523 8388 8387
f 8521 8527 8522
f 8521 8526 8527
f 8520 8526 8521
f 8391 8392 8529
f 8385 8526 8382
f 8519 8383 8380
f 8525 8383 8519
f 8525 8524 8383
f 8523 8524 8525
f 8517 8521 8518
f 8518 8521 8522
f 8517 8520 8521
f 8526 8520 8382
f 8516 8520 8517
f 8385 8391 8529
f 8526 8529 8530
f 8402 8538 8399
f 8538 8535 8399
f 8534 8400 8397
f 8537 8400 8534
f 8533 8535 8536
f 8532 8535 8533
f 8399 8535 8395
f 8385 8529 8526
f 8535 8532 8395
f 8531 8534 8393
f 8530 8532 8533
f 8529 8532 8530
f 8395 8532 8392
f 8532 8529 8392
f 8528 8531 8393
f 8527 8526 8530
f 8534 8397 8393
f 8460 8340 8459
f 8382 8520 8379
f 8515 8380 8377
f 8509 8508 8374
f 8510 8508 8509
f 8501 8506 8503
f 8503 8506 8507
f 8501 8505 8506
f 8370 8505 8501
f 8370 8373 8505
f 8509 8374 8504
f 8373 8372 8505
f 8500 8504 8367
f 8497 8502 8499
f 8369 8497 8366
f 8369 8502 8497
f 8369 8501 8502
f 8501 8503 8502
f 8369 8370 8501
f 8504 8371 8367
f 8520 8516 8379
f 8504 8374 8371
f 8372 8511 8505
f 8515 8519 8380
f 8512 8517 8514
f 8514 8517 8518
f 8512 8516 8517
f 8511 8516 8512
f 8379 8516 8375
f 8516 8511 8375
f 8372 8375 8511
f 8508 8376 8374
f 8510 8377 8508
f 8508 8377 8376
f 8506 8513 8507
f 8506 8505 8512
f 8513 8506 8512
f 8513 8512 8514
f 8505 8511 8512
f 8510 8515 8377
f 8227 8093 8083
f 8340 8339 8459
f 8339 8338 8458
f 8411 8288 8286
f 8409 8411 8286
f 8407 8410 8408
f 8407 8287 8410
f 8407 8285 8287
f 8406 8286 8284
f 8406 8409 8286
f 8404 8407 8405
f 8405 8407 8408
f 8285 8407 8283
f 8407 8404 8283
f 8403 8284 8282
f 8406 8284 8403
f 8401 8404 8402
f 8402 8404 8405
f 8412 8410 8287
f 8289 8412 8287
f 8410 8412 8413
f 8411 8414 8288
f 8418 8421 8419
f 8418 8295 8421
f 8418 8293 8295
f 8420 8294 8292
f 8417 8420 8292
f 8415 8418 8416
f 8416 8418 8419
f 8283 8404 8281
f 8293 8418 8291
f 8417 8292 8290
f 8414 8417 8290
f 8412 8415 8413
f 8413 8415 8416
f 8291 8415 8289
f 8415 8412 8289
f 8414 8290 8288
f 8418 8415 8291
f 8404 8401 8281
f 8403 8282 8280
f 8400 8403 8280
f 8388 8393 8275
f 8388 8275 8386
f 8386 8275 8274
f 8384 8391 8385
f 8271 8391 8384
f 8271 8390 8391
f 8390 8392 8391
f 8386 8274 8272
f 8271 8273 8390
f 8389 8272 8270
f 8272 8389 8387
f 8272 8387 8386
f 8388 8386 8387
f 8381 8384 8382
f 8382 8384 8385
f 8271 8384 8269
f 8383 8389 8270
f 8420 8422 8294
f 8394 8390 8273
f 8392 8394 8395
f 8398 8401 8399
f 8399 8401 8402
f 8281 8401 8278
f 8401 8398 8278
f 8396 8279 8277
f 8397 8400 8280
f 8396 8397 8280
f 8276 8394 8273
f 8396 8280 8279
f 8395 8398 8399
f 8278 8398 8276
f 8398 8394 8276
f 8275 8393 8277
f 8393 8396 8277
f 8396 8393 8397
f 8390 8394 8392
f 8394 8398 8395
f 8422 8296 8294
f 8423 8421 8295
f 8297 8423 8295
f 8447 8315 8318
f 8446 8316 8311
f 8446 8450 8317
f 8446 8317 8316
f 8447 8449 8448
f 8445 8447 8448
f 8445 8314 8447
f 8449 8447 8318
f 8314 8315 8447
f 8445 8444 8313
f 8313 8444 8312
f 8444 8443 8312
f 8443 8310 8312
f 8442 8311 8309
f 8446 8311 8442
f 8441 8444 8445
f 8314 8445 8313
f 8441 8443 8444
f 8319 8449 8318
f 8451 8319 8320
f 8458 8338 8457
f 8338 8337 8457
f 8457 8337 8456
f 8337 8336 8456
f 8456 8336 8455
f 8336 8335 8455
f 8455 8335 8454
f 8449 8319 8451
f 8335 8334 8454
f 8450 8323 8317
f 8323 8453 8322
f 8450 8453 8323
f 8321 8322 8453
f 8452 8321 8453
f 8320 8321 8452
f 8451 8320 8452
f 8334 8333 8454
f 8459 8339 8458
f 8439 8443 8441
f 8310 8443 8437
f 8428 8432 8300
f 8430 8429 8431
f 8426 8430 8427
f 8426 8429 8430
f 8426 8301 8429
f 8301 8302 8429
f 8426 8299 8301
f 8432 8303 8300
f 8428 8300 8298
f 8424 8426 8427
f 8423 8426 8424
f 8299 8426 8423
f 8423 8297 8299
f 8425 8298 8296
f 8422 8425 8296
f 8421 8423 8424
f 8425 8428 8298
f 8437 8443 8439
f 8429 8302 8304
f 8429 8304 8433
f 8437 8308 8310
f 8442 8309 8306
f 8436 8442 8306
f 8439 8441 8440
f 8437 8439 8438
f 8438 8439 8440
f 8433 8438 8435
f 8304 8305 8433
f 8433 8437 8438
f 8307 8308 8437
f 8433 8305 8307
f 8436 8306 8303
f 8432 8436 8303
f 8434 8433 8435
f 8429 8434 8431
f 8429 8433 8434
f 8433 8307 8437
f 8091 8093 8227
f 8225 8091 8227
f 8091 8225 8092
f 8014 7880 7876
f 8016 8018 7881
f 8016 7881 8014
f 8014 7881 7880
f 8011 8017 8013
f 7878 8017 7875
f 8017 8011 7875
f 8010 7876 7872
f 8015 7876 8010
f 8015 8014 7876
f 8016 8014 8015
f 8008 8012 8009
f 7874 8008 7871
f 7874 8012 8008
f 7874 8011 8012
f 7882 7883 8019
f 8019 8020 8017
f 7882 8019 8017
f 7882 8017 7878
f 8024 7890 7887
f 8028 7890 8024
f 8028 8027 7890
f 8029 8027 8028
f 8022 8025 8023
f 8023 8025 8026
f 7889 8025 7885
f 8011 8013 8012
f 8025 8022 7885
f 8021 8024 7884
f 8019 8022 8020
f 8020 8022 8023
f 7885 8022 7883
f 8022 8019 7883
f 8018 7884 7881
f 8018 8021 7884
f 8024 7887 7884
f 7874 7875 8011
f 8006 7872 7869
f 8007 8010 7872
f 7860 7994 7863
f 7994 7998 7863
f 7998 7994 7999
f 7999 7994 7995
f 7991 7996 7993
f 7997 7859 7862
f 7996 7859 7997
f 7865 7866 8000
f 7996 7991 7859
f 7855 7990 7995
f 7855 7995 7994
f 7992 7988 7987
f 7858 7987 7853
f 7858 7992 7987
f 7858 7991 7992
f 7991 7993 7992
f 7855 7994 7860
f 8030 8025 7889
f 8000 8001 7865
f 7997 7862 8001
f 8006 8007 7872
f 8009 8005 7868
f 8008 8009 7868
f 7868 7871 8008
f 8004 7869 7867
f 8006 8004 8002
f 7869 8004 8006
f 7865 8001 7862
f 8006 8002 8007
f 8005 7866 7868
f 8000 7866 8005
f 7863 8004 7867
f 8004 7998 8002
f 7863 7998 8004
f 8002 7998 8003
f 8003 7998 7999
f 8007 8002 8003
f 7892 8030 7889
f 8025 8030 8026
f 8027 7894 7893
f 7922 7923 8055
f 7922 8055 8054
f 8054 7919 7922
f 8053 7920 7918
f 8056 7920 8053
f 8052 8054 8055
f 7919 8054 7915
f 7923 8057 8055
f 8054 8052 7915
f 8051 8053 7918
f 8050 8051 7918
f 8050 7918 7917
f 7915 8049 7912
f 8052 8049 7915
f 7911 8047 7913
f 8047 8050 7913
f 8050 7917 7913
f 8050 8047 8051
f 8056 8058 7920
f 8059 8057 7925
f 7931 8064 7929
f 8066 8064 7931
f 8066 8067 8064
f 7928 8063 7930
f 8063 8065 7930
f 7929 8064 8062
f 7929 8062 8061
f 7920 8058 7924
f 8061 7927 7929
f 8060 8063 7928
f 8059 8061 8062
f 7927 8061 7925
f 8061 8059 7925
f 8058 7926 7924
f 8060 7926 8058
f 7925 8057 7923
f 7926 8060 7928
f 7858 7859 7991
f 8051 8047 8048
f 7912 8046 8045
f 8038 7901 7899
f 7901 8038 8037
f 8032 8035 8033
f 8033 8035 8036
f 7900 8035 7896
f 8035 8032 7896
f 8031 7898 7894
f 8034 8038 7899
f 8031 8034 7899
f 7895 8030 7892
f 7895 8032 8030
f 8032 8033 8030
f 7895 7896 8032
f 8027 7893 7890
f 8029 8031 7894
f 8029 7894 8027
f 8031 7899 7898
f 7912 8049 8046
f 8039 8035 7900
f 8036 8039 8040
f 8045 7909 7912
f 7907 8044 7911
f 8044 8047 7911
f 8047 8044 8048
f 8042 8045 8043
f 8043 8045 8046
f 7909 8045 7905
f 7902 8039 7900
f 8045 8042 7905
f 8044 7907 8041
f 8039 8042 8040
f 8040 8042 8043
f 7905 8042 7902
f 8042 8039 7902
f 8037 8041 7903
f 8035 8039 8036
f 8041 7907 7903
f 8067 8066 8068
f 7990 7855 7850
f 7989 7983 7982
f 7937 7796 7939
f 7937 7793 7796
f 7936 7938 7791
f 7938 7794 7791
f 7794 7938 7795
f 7933 7937 7935
f 7933 7792 7937
f 7792 7793 7937
f 7933 7790 7792
f 7936 7791 7789
f 7932 7936 7789
f 7934 7933 7935
f 7790 7931 7788
f 7933 7931 7790
f 7933 7934 7931
f 7939 7796 7797
f 7797 7940 7939
f 7798 7940 7797
f 7938 7941 7795
f 7949 7950 7806
f 7805 7806 7948
f 7947 7805 7948
f 7947 7945 7805
f 7945 7803 7805
f 7946 7801 7943
f 7804 7801 7946
f 7932 7789 7785
f 7803 7945 7944
f 7942 7802 7944
f 7942 7800 7802
f 7941 7943 7799
f 7943 7801 7799
f 7800 7940 7798
f 7942 7940 7800
f 7941 7799 7795
f 7944 7802 7803
f 7930 7932 7785
f 7788 7931 7929
f 7787 7788 7929
f 7916 7775 7771
f 7918 7920 7775
f 7916 7918 7775
f 7774 7919 7915
f 7773 7774 7915
f 7773 7915 7914
f 7914 7770 7773
f 7921 7922 7919
f 7913 7771 7769
f 7917 7916 7771
f 7918 7916 7917
f 7912 7914 7915
f 7770 7914 7768
f 7914 7912 7768
f 7910 7769 7766
f 7911 7913 7769
f 7917 7771 7913
f 7950 7948 7806
f 7921 7919 7776
f 7922 7921 7923
f 7929 7784 7787
f 7930 7785 7783
f 7928 7930 7783
f 7784 7927 7782
f 7929 7927 7784
f 7928 7783 7780
f 7926 7928 7780
f 7776 7919 7774
f 7927 7779 7782
f 7926 7780 7778
f 7924 7926 7778
f 7779 7925 7923
f 7779 7923 7921
f 7921 7776 7779
f 7924 7778 7775
f 7920 7924 7775
f 7925 7779 7927
f 7950 7949 7951
f 7808 7952 7953
f 7807 7952 7808
f 7979 7971 7970
f 7978 7979 7969
f 7969 7979 7970
f 7837 7976 7978
f 7837 7978 7969
f 7842 7976 7837
f 7975 7976 7842
f 7981 7980 7843
f 7975 7977 7976
f 7835 7974 7839
f 7968 7974 7835
f 7962 7961 7973
f 7961 7972 7973
f 7960 7972 7961
f 7960 7971 7972
f 7825 7971 7960
f 7842 7841 7975
f 7971 7825 7970
f 7974 7981 7843
f 7843 7980 7844
f 7854 7982 7848
f 7854 7989 7982
f 7854 7988 7989
f 7988 7854 7987
f 7854 7852 7987
f 7852 7853 7987
f 7844 7986 7850
f 7974 7843 7839
f 7980 7986 7844
f 7981 7985 7980
f 7975 7984 7977
f 7841 7984 7975
f 7841 7983 7984
f 7983 7841 7982
f 7841 7847 7982
f 7847 7848 7982
f 7980 7985 7986
f 7986 7990 7850
f 7825 7824 7970
f 7824 7823 7969
f 7959 7814 7808
f 7813 7814 7959
f 7958 7813 7959
f 7812 7813 7958
f 7957 7812 7958
f 7811 7812 7957
f 7956 7811 7957
f 7953 7959 7808
f 7810 7811 7956
f 7955 7809 7810
f 7951 7809 7955
f 7951 7949 7809
f 7949 7806 7809
f 7804 7946 7954
f 7807 7954 7952
f 7804 7954 7807
f 7955 7810 7956
f 7970 7824 7969
f 7826 7825 7960
f 7961 7827 7960
f 7823 7837 7969
f 7834 7968 7835
f 7967 7834 7833
f 7968 7834 7967
f 7832 7967 7833
f 7966 7967 7832
f 7966 7832 7965
f 7827 7826 7960
f 7832 7831 7965
f 7831 7830 7964
f 7964 7830 7963
f 7830 7829 7963
f 7963 7829 7962
f 7829 7828 7962
f 7962 7828 7961
f 7828 7827 7961
f 7965 7831 7964
f 8535 8538 8536
f 8065 8069 7930
f 8066 7931 7934
f 8040 8174 8036
f 8174 8171 8036
f 8169 8038 8034
f 8038 8169 8037
f 8169 8168 8037
f 8168 8173 8037
f 8166 8171 8167
f 8167 8171 8172
f 8036 8171 8033
f 8171 8166 8033
f 8165 8034 8031
f 8170 8034 8165
f 8170 8169 8034
f 8168 8169 8170
f 8167 8163 8030
f 8172 8174 8175
f 8171 8174 8172
f 8176 8041 8173
f 8173 8041 8037
f 8180 8183 8181
f 8181 8183 8184
f 8049 8183 8046
f 8183 8180 8046
f 8182 8048 8044
f 8179 8182 8044
f 8177 8180 8178
f 8166 8167 8030
f 8178 8180 8181
f 8180 8177 8043
f 8176 8044 8041
f 8176 8179 8044
f 8174 8177 8175
f 8175 8177 8178
f 8043 8177 8040
f 8177 8174 8040
f 8046 8180 8043
f 8030 8033 8166
f 8162 8164 8029
f 8164 8031 8029
f 8154 8155 8151
f 8017 8020 8154
f 8150 8152 8016
f 8152 8018 8016
f 8018 8152 8153
f 8147 8151 8149
f 8017 8151 8013
f 8017 8154 8151
f 8151 8147 8013
f 8146 8150 8016
f 8145 8146 8016
f 8145 8016 8015
f 8148 8144 8143
f 8012 8143 8009
f 8012 8148 8143
f 8012 8147 8148
f 8145 8015 8010
f 8182 8185 8048
f 8156 8021 8153
f 8157 8154 8020
f 8031 8164 8165
f 8163 8026 8030
f 8161 8026 8163
f 8159 8028 8024
f 8160 8162 8029
f 8159 8160 8029
f 8159 8029 8028
f 8153 8021 8018
f 8157 8161 8158
f 8161 8157 8023
f 8021 8156 8024
f 8156 8159 8024
f 8159 8156 8160
f 8154 8157 8155
f 8155 8157 8158
f 8023 8157 8020
f 8026 8161 8023
f 8185 8051 8048
f 8183 8049 8052
f 8052 8184 8183
f 8214 8212 8081
f 8212 8078 8081
f 8213 8077 8211
f 8079 8077 8213
f 8078 8212 8210
f 8211 8077 8075
f 8209 8211 8075
f 8215 8081 8082
f 8206 8074 8071
f 8206 8207 8075
f 8206 8075 8074
f 8205 8073 8208
f 8073 8205 8072
f 8205 8203 8072
f 8203 8070 8072
f 8069 8201 8071
f 8207 8209 8075
f 8201 8206 8071
f 8215 8216 8081
f 8216 8217 8218
f 8092 8225 8226
f 8090 8224 8223
f 8089 8090 8223
f 8222 8089 8223
f 8222 8087 8089
f 8219 8087 8222
f 8087 8219 8085
f 8216 8214 8081
f 8219 8217 8085
f 8217 8215 8084
f 8215 8082 8084
f 8079 8213 8220
f 8221 8083 8079
f 8220 8221 8079
f 8217 8219 8218
f 8215 8217 8216
f 8085 8217 8084
f 8147 8149 8148
f 8206 8201 8207
f 8203 8205 8204
f 8059 8194 8191
f 8059 8191 8190
f 8190 8057 8059
f 8056 8192 8058
f 8056 8189 8193
f 8056 8193 8192
f 8188 8190 8191
f 8192 8193 8060
f 8057 8190 8055
f 8187 8056 8053
f 8187 8189 8056
f 8055 8186 8052
f 8188 8186 8055
f 8185 8053 8051
f 8187 8053 8185
f 8052 8186 8184
f 8190 8188 8055
f 8207 8201 8202
f 8193 8195 8060
f 8194 8059 8196
f 8070 8200 8068
f 8203 8200 8070
f 8203 8204 8200
f 8065 8201 8069
f 8065 8199 8202
f 8065 8202 8201
f 8068 8200 8198
f 8192 8060 8058
f 8067 8068 8198
f 8199 8065 8063
f 8197 8199 8063
f 8064 8196 8062
f 8198 8196 8064
f 8197 8063 8060
f 8195 8197 8060
f 8196 8059 8062
f 8198 8064 8067
f 7930 8069 7932
f 8012 8013 8147
f 8141 8145 8010
f 8095 7959 7953
f 7958 7959 8095
f 8094 7958 8095
f 8094 7957 7958
f 8090 7957 8094
f 7957 8090 7956
f 8090 8088 7956
f 7956 8088 7955
f 8088 8086 7955
f 8086 7951 7955
f 8083 8093 7946
f 8093 7954 7946
f 7952 7954 8093
f 8091 7952 8093
f 7952 8091 7953
f 8092 8095 7953
f 7967 7966 8096
f 7967 8096 7968
f 7962 7973 8097
f 8105 7978 8104
f 7978 7976 8104
f 7976 7977 8104
f 7968 8103 7974
f 8103 8096 8102
f 7968 8096 8103
f 8096 8101 8102
f 7953 8091 8092
f 7966 8101 8096
f 7966 7965 8100
f 8100 7965 8099
f 7965 7964 8099
f 8099 7964 8098
f 7964 7963 8098
f 8098 7963 8097
f 7963 7962 8097
f 8101 7966 8100
f 8088 8090 8089
f 8086 8088 8087
f 8087 8088 8089
f 8077 7941 7938
f 8075 8077 7938
f 8073 7939 8076
f 7939 7940 8076
f 8073 7937 7939
f 8071 8074 7936
f 8074 7938 7936
f 8076 7940 7942
f 7938 8074 8075
f 8072 8070 7937
f 8070 7935 7937
f 8071 7936 7932
f 8069 8071 7932
f 7935 8070 8068
f 7934 7935 8068
f 7934 8068 8066
f 8073 8072 7937
f 7979 7978 8105
f 8076 7942 8078
f 8077 8079 7941
f 8087 8085 7950
f 8086 8087 7950
f 8086 7950 7951
f 7948 7950 8085
f 8084 7948 8085
f 8084 7947 7948
f 8082 7947 8084
f 8079 7943 7941
f 8082 8080 7947
f 8083 7946 7943
f 8079 8083 7943
f 8081 8080 8082
f 8078 8080 8081
f 8078 7944 8080
f 7944 7945 8080
f 8078 7942 7944
f 8080 7945 7947
f 8106 7979 8105
f 8106 8107 7979
f 7979 8107 7971
f 8001 8134 8135
f 8134 8136 8135
f 8001 8000 8134
f 7995 8129 7999
f 8129 8133 7999
f 8131 8127 8126
f 7996 8126 7993
f 8001 8135 8130
f 7996 8131 8126
f 8130 8132 8131
f 7996 7997 8130
f 7990 8124 7995
f 8124 8129 7995
f 8129 8124 8125
f 8128 8122 8121
f 7988 8128 8121
f 7996 8130 8131
f 7988 8127 8128
f 8001 8130 7997
f 8133 8137 8003
f 8145 8141 8146
f 8146 8141 8142
f 8139 8144 8140
f 8139 8143 8144
f 8138 8143 8139
f 8009 8143 8005
f 8143 8138 8005
f 8130 8135 8132
f 8003 8137 8007
f 8141 8137 8142
f 8134 8139 8136
f 8136 8139 8140
f 8134 8138 8139
f 8000 8138 8134
f 8000 8005 8138
f 7999 8133 8003
f 8137 8141 8007
f 8007 8141 8010
f 8127 7988 8126
f 7992 7993 8126
f 7984 8115 8104
f 7984 8114 8115
f 8114 8116 8115
f 7984 7983 8114
f 7974 8112 7981
f 8111 7974 8103
f 8111 8113 7974
f 7984 8104 7977
f 8113 8112 7974
f 8110 8098 8097
f 7973 8109 8110
f 7973 8110 8097
f 7972 8109 7973
f 8108 8109 7972
f 7971 8108 7972
f 8107 8108 7971
f 8102 8111 8103
f 7988 7992 8126
f 8104 8117 8105
f 8117 8106 8105
f 7986 8119 7990
f 8119 8124 7990
f 8124 8119 8125
f 8125 8119 8120
f 8114 8123 8116
f 7983 8123 8114
f 7983 8122 8123
f 8115 8117 8104
f 8122 7983 8121
f 7989 7988 8121
f 7985 8119 7986
f 8118 7981 8112
f 8118 7985 7981
f 8118 8120 7985
f 8120 8119 7985
f 8113 8118 8112
f 7983 7989 8121
f 7910 7911 7769
f 8536 8538 8539
f 8537 8540 8403
f 8876 8957 8950
f 8876 8956 8957
f 8956 8958 8957
f 8956 8876 8955
f 8876 8879 8955
f 8879 8878 8955
f 8949 8877 8875
f 8949 8953 8952
f 8949 8952 8877
f 8954 8952 8953
f 8948 8947 8950
f 8948 8950 8951
f 8876 8950 8874
f 8950 8947 8874
f 8946 8875 8873
f 8950 8957 8951
f 8952 8881 8880
f 8952 8954 8881
f 8954 8959 8881
f 8963 8966 8886
f 8963 8886 8885
f 8961 8965 8962
f 8961 8964 8965
f 8960 8964 8961
f 8884 8964 8882
f 8964 8960 8882
f 8949 8946 8945
f 8959 8883 8881
f 8956 8961 8958
f 8958 8961 8962
f 8956 8960 8961
f 8955 8960 8956
f 8882 8960 8878
f 8960 8955 8878
f 8952 8880 8877
f 8963 8883 8959
f 8875 8946 8949
f 8942 8941 8948
f 8941 8947 8948
f 8930 8938 8931
f 8930 8937 8938
f 8929 8937 8930
f 8937 8929 8928
f 8927 8926 8936
f 8926 8935 8936
f 8925 8935 8926
f 8931 8938 8939
f 8925 8934 8935
f 8924 8933 8934
f 8923 8933 8924
f 8923 8932 8933
f 8867 8932 8923
f 8867 8870 8932
f 8866 8931 8869
f 8931 8922 8930
f 8924 8934 8925
f 8963 8885 8883
f 8869 8931 8940
f 8869 8940 8871
f 8872 8947 8941
f 8872 8874 8947
f 8871 8940 8873
f 8940 8946 8873
f 8940 8945 8946
f 8939 8945 8940
f 8945 8939 8938
f 8940 8931 8939
f 8945 8938 8944
f 8943 8935 8934
f 8934 8933 8942
f 8943 8934 8942
f 8933 8941 8942
f 8932 8941 8933
f 8872 8941 8870
f 8941 8932 8870
f 8937 8944 8938
f 8866 8922 8931
f 8884 8887 8967
f 8964 8967 8968
f 8992 8991 8996
f 8992 8996 8997
f 8991 8994 8995
f 8990 8994 8991
f 8900 8994 8898
f 8994 8990 8898
f 8987 8899 8897
f 8989 8993 8899
f 8987 8989 8899
f 8985 8991 8986
f 8986 8991 8992
f 8985 8990 8991
f 8984 8990 8985
f 8898 8990 8896
f 8990 8984 8896
f 8991 8995 8996
f 8997 8996 8998
f 8999 8901 8993
f 8993 8901 8899
f 8999 9008 8904
f 9006 9008 9007
f 9007 9008 9009
f 9004 9006 9005
f 9005 9006 9007
f 9002 9004 9003
f 9003 9004 9005
f 8983 8897 8895
f 8996 9001 9002
f 8998 9002 9003
f 8996 9000 9001
f 8995 9000 8996
f 8994 9000 8995
f 8902 9000 8994
f 8902 8903 9000
f 8994 8900 8902
f 8998 8996 9002
f 8988 8897 8983
f 8988 8987 8897
f 8989 8987 8988
f 8892 8976 8889
f 8976 8971 8889
f 8970 8974 8888
f 8974 8890 8888
f 8890 8974 8891
f 8891 8974 8975
f 8968 8972 8969
f 8971 8976 8972
f 8969 8972 8973
f 8967 8971 8968
f 8889 8971 8887
f 8971 8967 8887
f 8970 8888 8886
f 8966 8970 8886
f 8965 8964 8968
f 8965 8968 8969
f 8968 8971 8972
f 8884 8967 8964
f 8972 8976 8977
f 8972 8977 8973
f 8982 8985 8986
f 8982 8984 8985
f 8981 8984 8982
f 8980 8984 8981
f 8896 8984 8980
f 8980 8894 8896
f 8983 8895 8893
f 8973 8977 8978
f 8979 8983 8893
f 8978 8977 8982
f 8977 8980 8981
f 8976 8980 8977
f 8894 8980 8892
f 8980 8976 8892
f 8979 8893 8891
f 8975 8979 8891
f 8977 8981 8982
f 8922 8929 8930
f 8921 8929 8922
f 8921 8928 8929
f 8876 8874 8759
f 8873 8760 8756
f 8875 8760 8873
f 8874 8754 8759
f 8872 8754 8874
f 8873 8756 8752
f 8871 8873 8752
f 8872 8870 8750
f 8750 8754 8872
f 8749 8871 8752
f 8869 8871 8749
f 8870 8747 8750
f 8867 8747 8870
f 8744 8869 8749
f 8866 8869 8744
f 8875 8766 8765
f 8875 8877 8766
f 8875 8765 8760
f 8768 8769 8878
f 8883 8885 8776
f 8885 8779 8776
f 8779 8885 8886
f 8778 8884 8774
f 8884 8882 8774
f 8883 8776 8770
f 8881 8883 8770
f 8738 8868 8859
f 8774 8882 8769
f 8877 8772 8766
f 8772 8880 8770
f 8877 8880 8772
f 8770 8880 8881
f 8763 8879 8876
f 8768 8879 8763
f 8878 8879 8768
f 8882 8878 8769
f 8746 8868 8738
f 8867 8868 8746
f 8746 8747 8867
f 8858 8856 8855
f 8722 8856 8858
f 8855 8857 8858
f 8854 8857 8855
f 8853 8857 8854
f 8720 8857 8853
f 8720 8721 8857
f 8856 8722 8717
f 8853 8716 8720
f 8856 8852 8851
f 8717 8852 8856
f 8851 8855 8856
f 8850 8855 8851
f 8850 8854 8855
f 8849 8854 8850
f 8849 8853 8854
f 8852 8717 8712
f 8884 8778 8887
f 8857 8721 8725
f 8726 8858 8725
f 8865 8743 8742
f 8866 8743 8865
f 8734 8865 8742
f 8864 8865 8734
f 8733 8864 8734
f 8863 8864 8733
f 8732 8863 8733
f 8858 8857 8725
f 8862 8863 8732
f 8861 8862 8741
f 8740 8861 8741
f 8860 8861 8740
f 8860 8740 8859
f 8740 8739 8859
f 8739 8738 8859
f 8858 8726 8722
f 8741 8862 8732
f 8887 8778 8781
f 8886 8888 8779
f 8888 8782 8779
f 8862 8861 8918
f 8861 8860 8918
f 8914 8836 8830
f 8916 8915 8835
f 8915 8834 8835
f 8913 8834 8915
f 8824 8912 8830
f 8919 8862 8918
f 8912 8914 8830
f 8910 8912 8824
f 8908 8819 8812
f 8910 8819 8908
f 8906 8818 8909
f 8818 8906 8817
f 8906 8905 8817
f 8905 8811 8817
f 8819 8910 8824
f 8904 8814 8808
f 8863 8862 8919
f 8864 8863 8920
f 8920 8928 8921
f 8920 8927 8928
f 8919 8927 8920
f 8919 8926 8927
f 8918 8926 8919
f 8918 8925 8926
f 8860 8925 8918
f 8920 8863 8919
f 8925 8860 8924
f 8924 8859 8923
f 8859 8868 8923
f 8868 8867 8923
f 8865 8922 8866
f 8922 8865 8921
f 8865 8864 8921
f 8921 8864 8920
f 8860 8859 8924
f 8999 9009 9008
f 8814 8907 8812
f 8812 8907 8908
f 8895 8897 8791
f 8793 8894 8790
f 8896 8894 8793
f 8895 8791 8788
f 8893 8895 8788
f 8790 8894 8892
f 8892 8787 8790
f 8897 8794 8791
f 8893 8788 8785
f 8787 8892 8784
f 8892 8889 8784
f 8888 8890 8782
f 8890 8785 8782
f 8785 8890 8891
f 8889 8887 8781
f 8781 8784 8889
f 8891 8893 8785
f 8904 8907 8814
f 8898 8896 8793
f 8899 8797 8897
f 8906 8903 8807
f 8906 8807 8905
f 8807 8806 8905
f 8806 8811 8905
f 8901 8808 8803
f 8904 8808 8901
f 8807 8903 8902
f 8796 8898 8793
f 8902 8806 8807
f 8900 8800 8806
f 8899 8802 8797
f 8899 8901 8803
f 8899 8803 8802
f 8800 8900 8796
f 8900 8898 8796
f 8897 8797 8794
f 8900 8806 8902
f 8999 8904 8901
f 9010 9000 8903
f 8906 9010 8903
f 9095 9100 9096
f 9095 9099 9100
f 9094 9099 9095
f 9094 9098 9099
f 9093 9098 9094
f 9049 9098 9044
f 9098 9093 9044
f 9038 9097 9046
f 9097 9092 9096
f 9038 9092 9097
f 9092 9095 9096
f 9091 9095 9092
f 9091 9094 9095
f 9035 9094 9091
f 9094 9035 9093
f 9096 9100 9101
f 9096 9101 9097
f 9097 9101 9102
f 9097 9102 9051
f 9057 9109 9054
f 9109 9103 9054
f 9051 9102 9055
f 9102 9108 9055
f 9102 9107 9108
f 9101 9107 9102
f 9101 9106 9107
f 9035 9043 9093
f 9100 9106 9101
f 9099 9105 9100
f 9099 9104 9105
f 9098 9104 9099
f 9098 9103 9104
f 9049 9103 9098
f 9049 9054 9103
f 9046 9097 9051
f 9100 9105 9106
f 9043 9044 9093
f 9037 9092 9038
f 9092 9037 9091
f 8997 9086 9081
f 8997 8998 9086
f 9081 8992 8997
f 9080 8993 8989
f 9085 8993 9080
f 9079 9083 9084
f 9079 9082 9083
f 9081 9086 9082
f 9078 9082 9079
f 9077 9081 9078
f 8992 9081 8986
f 9081 9077 8986
f 9075 8988 8983
f 9076 9080 8989
f 9075 9076 8989
f 9075 8989 8988
f 9078 9081 9082
f 9103 9109 9104
f 9082 9086 9083
f 9083 9087 9084
f 9037 9036 9091
f 9036 9035 9091
f 9089 9009 8999
f 9009 9089 9007
f 9089 9088 9007
f 9007 9088 9005
f 9088 9087 9005
f 9083 9086 9087
f 9005 9087 9003
f 9086 8998 9003
f 9085 8999 8993
f 9085 9090 9089
f 9085 9089 8999
f 9084 9088 9089
f 9084 9089 9090
f 9084 9087 9088
f 9087 9086 9003
f 9104 9109 9110
f 9104 9110 9105
f 9105 9110 9111
f 9129 9133 9130
f 9129 9132 9133
f 9128 9132 9129
f 9127 9132 9128
f 9073 9132 9127
f 9073 9074 9132
f 9127 9069 9073
f 9130 9133 9134
f 9126 9070 9066
f 9070 9126 9131
f 9125 9130 9131
f 9124 9130 9125
f 9124 9129 9130
f 9123 9129 9124
f 9123 9128 9129
f 9122 9128 9123
f 9131 9126 9125
f 9122 9127 9128
f 9130 9134 9131
f 9131 9135 9076
f 9138 9085 9080
f 9139 9138 9137
f 9085 9138 9139
f 9136 9139 9137
f 9084 9139 9136
f 9136 9079 9084
f 9076 9135 9080
f 9131 9134 9135
f 9135 9138 9080
f 9134 9137 9135
f 9134 9136 9137
f 9133 9136 9134
f 9132 9136 9133
f 9079 9136 9132
f 9132 9074 9079
f 9070 9131 9076
f 9135 9137 9138
f 9072 9078 9079
f 9121 9127 9122
f 9127 9121 9065
f 9111 9118 9112
f 9111 9117 9118
f 9110 9117 9111
f 9110 9116 9117
f 9109 9116 9110
f 9109 9115 9116
f 9057 9115 9109
f 9112 9118 9119
f 9057 9061 9115
f 9108 9114 9058
f 9108 9113 9114
f 9107 9113 9108
f 9107 9112 9113
f 9106 9112 9107
f 9106 9111 9112
f 9105 9111 9106
f 9055 9108 9058
f 9069 9127 9065
f 9112 9119 9113
f 9062 9114 9120
f 9062 9120 9066
f 9120 9126 9066
f 9120 9125 9126
f 9119 9125 9120
f 9119 9124 9125
f 9118 9124 9119
f 9118 9123 9124
f 9113 9119 9120
f 9117 9123 9118
f 9116 9122 9117
f 9116 9121 9122
f 9115 9121 9116
f 9065 9121 9061
f 9121 9115 9061
f 9114 9062 9058
f 9120 9114 9113
f 9117 9122 9123
f 8848 8853 8849
f 9074 9072 9079
f 9071 9077 9072
f 9024 9028 9029
f 8936 9028 9024
f 9028 8936 9027
f 8936 8935 9027
f 9027 8935 9026
f 8935 8943 9026
f 8943 8942 9026
f 8928 9025 8937
f 9025 8928 9024
f 8928 8927 9024
f 8927 8936 9024
f 9023 8917 8914
f 8917 9023 8916
f 9023 9022 8916
f 8916 9022 8915
f 9024 9029 9025
f 9025 9029 9030
f 8937 9025 9031
f 9031 9025 9030
f 9031 9038 9039
f 9030 9038 9031
f 9038 9030 9029
f 9038 9029 9037
f 9036 9037 9028
f 9028 9037 9029
f 9028 9027 9035
f 9022 9021 8915
f 9036 9028 9035
f 9026 9034 9027
f 9026 9033 9034
f 8942 9033 9026
f 8942 8948 9033
f 8944 9032 8945
f 9032 8944 9031
f 8944 8937 9031
f 9027 9034 9035
f 9021 8913 8915
f 8912 9020 8914
f 9020 9023 8914
f 9011 9015 9012
f 9010 9015 9011
f 8909 9015 9010
f 9010 8906 8909
f 9008 8907 8904
f 9014 9008 9006
f 8908 9008 9014
f 9012 9015 9016
f 8908 8907 9008
f 9004 9013 9006
f 9004 9012 9013
f 9002 9012 9004
f 9002 9011 9012
f 9001 9011 9002
f 9001 9010 9011
f 9000 9010 9001
f 9006 9013 9014
f 9031 9039 9032
f 9012 9016 9013
f 8910 9014 9017
f 9020 9022 9023
f 9019 9022 9020
f 9019 9021 9022
f 9018 9021 9019
f 8913 9021 8911
f 9021 9018 8911
f 8910 9017 8912
f 9013 9016 9017
f 9017 9020 8912
f 9016 9019 9017
f 9016 9018 9019
f 9015 9018 9016
f 8911 9018 8909
f 9018 9015 8909
f 9014 8910 8908
f 9017 9014 9013
f 9017 9019 9020
f 9032 9039 9040
f 9032 9040 8949
f 8945 9032 8949
f 9062 8974 8970
f 9062 9066 8975
f 9062 8975 8974
f 9060 9064 9061
f 9061 9064 9065
f 9060 9063 9064
f 9059 9063 9060
f 9067 9063 8973
f 8973 9063 8969
f 9058 8970 8966
f 9062 8970 9058
f 9057 9056 9060
f 9057 9060 9061
f 9056 9059 9060
f 8965 9059 9056
f 8965 8969 9059
f 9063 9059 8969
f 9058 8966 8963
f 8978 9067 8973
f 9064 9067 9068
f 8986 9077 8982
f 9077 9071 8982
f 8979 9070 8983
f 9070 9075 8983
f 9075 9070 9076
f 9073 9072 9074
f 9068 9071 9072
f 9063 9067 9064
f 9069 9068 9072
f 9067 9071 9068
f 8982 9071 9067
f 9067 8978 8982
f 9066 8979 8975
f 9070 8979 9066
f 9064 9068 9065
f 9065 9068 9069
f 9069 9072 9073
f 9072 9077 9078
f 9055 9058 8963
f 9053 9056 9057
f 8951 9047 9041
f 8951 8957 9047
f 8957 8958 9047
f 9040 8953 8949
f 9045 9040 9039
f 8954 9040 9045
f 8954 8953 9040
f 9041 9047 9048
f 9045 9039 9038
f 9043 9035 9034
f 9034 9033 9042
f 9043 9034 9042
f 9043 9042 9044
f 9033 9041 9042
f 8948 9041 9033
f 8948 8951 9041
f 9046 9045 9038
f 9053 9057 9054
f 9041 9048 9042
f 9042 9049 9044
f 9052 9056 9053
f 8965 9056 8962
f 9056 9052 8962
f 9050 8963 8959
f 9051 9055 8963
f 9050 9051 8963
f 9049 9048 9053
f 9042 9048 9049
f 9049 9053 9054
f 9047 9052 9048
f 8962 9052 8958
f 9052 9047 8958
f 8954 9045 8959
f 9045 9050 8959
f 9050 9045 9051
f 9051 9045 9046
f 9048 9052 9053
f 8847 8853 8848
f 8716 8853 8847
f 8716 8847 8715
f 8639 8509 8504
f 8641 8645 8510
f 8639 8641 8510
f 8639 8510 8509
f 8636 8643 8638
f 8636 8635 8642
f 8643 8636 8642
f 8643 8642 8644
f 8507 8642 8503
f 8642 8635 8503
f 8634 8504 8500
f 8640 8504 8634
f 8640 8639 8504
f 8641 8639 8640
f 8637 8633 8632
f 8513 8514 8646
f 8507 8513 8646
f 8507 8646 8642
f 8642 8646 8647
f 8652 8651 8654
f 8652 8654 8655
f 8522 8654 8518
f 8654 8651 8518
f 8650 8519 8515
f 8653 8519 8650
f 8647 8652 8648
f 8632 8631 8636
f 8647 8651 8652
f 8518 8651 8514
f 8651 8646 8514
f 8645 8649 8510
f 8649 8515 8510
f 8515 8649 8650
f 8642 8647 8644
f 8644 8647 8648
f 8646 8651 8647
f 8637 8632 8636
f 8637 8636 8638
f 8631 8635 8636
f 8487 8626 8492
f 8619 8626 8487
f 8619 8625 8626
f 8620 8625 8619
f 8616 8623 8618
f 8616 8615 8622
f 8623 8616 8622
f 8489 8494 8627
f 8623 8622 8624
f 8485 8621 8615
f 8485 8490 8621
f 8490 8489 8621
f 8481 8614 8487
f 8614 8619 8487
f 8619 8614 8613
f 8620 8619 8613
f 8615 8621 8622
f 8523 8656 8657
f 8489 8627 8621
f 8621 8628 8622
f 8499 8635 8631
f 8499 8502 8635
f 8502 8503 8635
f 8634 8500 8496
f 8630 8634 8496
f 8629 8628 8633
f 8628 8632 8633
f 8621 8627 8628
f 8627 8632 8628
f 8494 8631 8627
f 8494 8498 8631
f 8498 8499 8631
f 8630 8496 8492
f 8626 8630 8492
f 8622 8629 8624
f 8622 8628 8629
f 8627 8631 8632
f 8653 8656 8525
f 8525 8656 8523
f 8653 8525 8519
f 8686 8550 8683
f 8681 8684 8682
f 8682 8684 8685
f 8680 8684 8681
f 8549 8684 8680
f 8680 8546 8549
f 8683 8547 8544
f 8683 8550 8547
f 8679 8683 8544
f 8678 8681 8682
f 8677 8680 8681
f 8676 8680 8677
f 8546 8680 8543
f 8680 8676 8543
f 8679 8544 8541
f 8675 8679 8541
f 8677 8681 8678
f 8673 8677 8674
f 8687 8684 8549
f 8685 8687 8688
f 8692 8695 8696
f 8692 8694 8695
f 8691 8694 8692
f 8561 8694 8557
f 8694 8691 8557
f 8689 8558 8554
f 8690 8693 8558
f 8553 8687 8549
f 8689 8690 8558
f 8688 8687 8692
f 8557 8691 8553
f 8691 8687 8553
f 8550 8686 8554
f 8686 8689 8554
f 8689 8686 8690
f 8684 8687 8685
f 8687 8691 8692
f 8602 8617 8604
f 8674 8677 8678
f 8672 8676 8673
f 8533 8666 8530
f 8666 8662 8530
f 8665 8531 8528
f 8661 8665 8528
f 8658 8663 8659
f 8659 8663 8664
f 8658 8662 8663
f 8662 8666 8663
f 8527 8662 8658
f 8657 8660 8523
f 8660 8528 8523
f 8528 8660 8661
f 8654 8658 8655
f 8655 8658 8659
f 8527 8658 8522
f 8658 8654 8522
f 8527 8530 8662
f 8673 8676 8677
f 8663 8666 8667
f 8668 8534 8665
f 8543 8676 8539
f 8676 8672 8539
f 8675 8541 8537
f 8671 8675 8537
f 8670 8673 8674
f 8670 8672 8673
f 8669 8672 8670
f 8663 8667 8664
f 8539 8672 8536
f 8668 8537 8534
f 8668 8671 8537
f 8667 8669 8670
f 8666 8669 8667
f 8536 8669 8533
f 8669 8666 8533
f 8665 8534 8531
f 8672 8669 8536
f 8693 8697 8558
f 8478 8617 8602
f 8616 8618 8617
f 8567 8566 8568
f 8563 8567 8564
f 8563 8566 8567
f 8563 8424 8566
f 8563 8421 8424
f 8420 8562 8422
f 8562 8565 8422
f 8560 8563 8561
f 8561 8563 8564
f 8559 8563 8560
f 8421 8563 8559
f 8559 8419 8421
f 8417 8558 8420
f 8558 8562 8420
f 8556 8560 8557
f 8565 8569 8425
f 8422 8565 8425
f 8570 8566 8424
f 8427 8570 8424
f 8574 8576 8577
f 8573 8576 8574
f 8434 8576 8573
f 8434 8435 8576
f 8573 8431 8434
f 8428 8572 8432
f 8572 8575 8432
f 8557 8560 8561
f 8571 8573 8574
f 8430 8573 8570
f 8430 8431 8573
f 8570 8427 8430
f 8425 8569 8428
f 8569 8572 8428
f 8566 8570 8571
f 8568 8566 8571
f 8570 8573 8571
f 8556 8559 8560
f 8555 8559 8556
f 8419 8559 8416
f 8410 8548 8545
f 8545 8408 8410
f 8547 8409 8406
f 8544 8547 8406
f 8543 8545 8546
f 8542 8545 8543
f 8408 8545 8405
f 8545 8548 8546
f 8545 8542 8405
f 8541 8544 8406
f 8540 8541 8406
f 8539 8542 8543
f 8538 8542 8539
f 8405 8542 8402
f 8542 8538 8402
f 8400 8537 8403
f 8540 8406 8403
f 8575 8578 8436
f 8546 8548 8549
f 8550 8411 8409
f 8559 8555 8416
f 8554 8417 8414
f 8558 8417 8554
f 8552 8556 8553
f 8553 8556 8557
f 8552 8555 8556
f 8551 8555 8552
f 8547 8550 8409
f 8416 8555 8413
f 8554 8414 8411
f 8550 8554 8411
f 8549 8552 8553
f 8549 8551 8552
f 8548 8551 8549
f 8413 8551 8410
f 8551 8548 8410
f 8555 8551 8413
f 8432 8575 8436
f 8576 8435 8438
f 8577 8576 8438
f 8594 8607 8595
f 8605 8606 8593
f 8593 8606 8594
f 8603 8605 8592
f 8592 8605 8593
f 8479 8592 8465
f 8479 8603 8592
f 8606 8607 8594
f 8479 8602 8603
f 8479 8478 8602
f 8474 8601 8476
f 8601 8474 8600
f 8474 8473 8600
f 8600 8473 8599
f 8473 8472 8599
f 8599 8472 8598
f 8602 8604 8603
f 8472 8471 8598
f 8595 8608 8596
f 8596 8609 8597
f 8616 8478 8615
f 8478 8484 8615
f 8484 8485 8615
f 8480 8614 8481
f 8614 8601 8613
f 8480 8601 8614
f 8480 8476 8601
f 8607 8608 8595
f 8613 8601 8600
f 8611 8612 8599
f 8599 8612 8600
f 8610 8611 8598
f 8598 8611 8599
f 8609 8610 8597
f 8597 8610 8598
f 8608 8609 8596
f 8613 8600 8612
f 8478 8616 8617
f 8598 8471 8597
f 8597 8470 8596
f 8588 8587 8449
f 8587 8448 8449
f 8585 8448 8587
f 8583 8446 8442
f 8584 8586 8446
f 8584 8446 8583
f 8580 8585 8582
f 8589 8590 8591
f 8436 8578 8442
f 8583 8578 8584
f 8581 8580 8582
f 8581 8579 8441
f 8580 8581 8441
f 8579 8440 8441
f 8577 8440 8579
f 8440 8577 8438
f 8578 8583 8442
f 8471 8470 8597
f 8586 8590 8450
f 8586 8450 8446
f 8470 8469 8596
f 8596 8469 8595
f 8469 8468 8595
f 8595 8468 8594
f 8468 8467 8594
f 8594 8467 8593
f 8467 8466 8593
f 8586 8591 8590
f 8593 8466 8592
f 8464 8465 8592
f 8590 8453 8450
f 8453 8590 8452
f 8590 8589 8452
f 8452 8589 8451
f 8589 8588 8451
f 8588 8449 8451
f 8466 8464 8592
f 8540 8537 8541
f 8697 8562 8558
f 8564 8698 8561
f 8796 8799 8800
f 8796 8798 8799
f 8795 8798 8796
f 8682 8798 8678
f 8798 8795 8678
f 8797 8679 8675
f 8794 8797 8675
f 8793 8795 8796
f 8792 8795 8793
f 8678 8795 8674
f 8795 8792 8674
f 8794 8675 8671
f 8791 8794 8671
f 8790 8792 8793
f 8789 8792 8790
f 8803 8801 8802
f 8802 8801 8683
f 8802 8683 8797
f 8797 8683 8679
f 8812 8813 8814
f 8806 8805 8810
f 8806 8810 8811
f 8805 8809 8810
f 8804 8809 8805
f 8688 8809 8685
f 8809 8804 8685
f 8674 8792 8670
f 8801 8686 8683
f 8801 8803 8686
f 8799 8805 8806
f 8800 8799 8806
f 8799 8804 8805
f 8798 8804 8799
f 8685 8804 8682
f 8804 8798 8682
f 8803 8808 8686
f 8792 8789 8670
f 8791 8671 8668
f 8788 8791 8668
f 8777 8780 8778
f 8659 8780 8655
f 8780 8777 8655
f 8775 8656 8653
f 8776 8779 8657
f 8776 8657 8775
f 8775 8657 8656
f 8778 8780 8781
f 8773 8778 8774
f 8652 8777 8773
f 8652 8655 8777
f 8771 8653 8650
f 8775 8771 8770
f 8653 8771 8775
f 8775 8770 8776
f 8767 8773 8769
f 8773 8777 8778
f 8814 8813 8690
f 8779 8661 8660
f 8779 8660 8657
f 8786 8789 8790
f 8787 8786 8790
f 8670 8789 8667
f 8789 8786 8667
f 8785 8668 8665
f 8785 8788 8668
f 8783 8786 8784
f 8779 8782 8661
f 8784 8786 8787
f 8786 8783 8664
f 8782 8665 8661
f 8785 8665 8782
f 8781 8780 8783
f 8781 8783 8784
f 8664 8783 8659
f 8783 8780 8659
f 8667 8786 8664
f 8814 8690 8808
f 8808 8690 8686
f 8809 8688 8692
f 8845 8838 8837
f 8707 8838 8845
f 8837 8844 8845
f 8836 8844 8837
f 8843 8844 8836
f 8835 8841 8842
f 8835 8840 8841
f 8838 8707 8704
f 8834 8840 8835
f 8833 8839 8834
f 8832 8839 8833
f 8706 8839 8832
f 8832 8703 8706
f 8701 8831 8704
f 8831 8838 8704
f 8831 8837 8838
f 8834 8839 8840
f 8829 8837 8831
f 8839 8706 8710
f 8710 8846 8839
f 8847 8846 8715
f 8846 8711 8715
f 8707 8852 8712
f 8852 8845 8851
f 8707 8845 8852
f 8845 8850 8851
f 8844 8850 8845
f 8710 8711 8846
f 8844 8849 8850
f 8843 8848 8849
f 8842 8848 8843
f 8842 8847 8848
f 8841 8847 8842
f 8841 8846 8847
f 8840 8846 8841
f 8839 8846 8840
f 8843 8849 8844
f 8769 8773 8774
f 8836 8837 8829
f 8828 8833 8834
f 8818 8822 8823
f 8816 8822 8818
f 8816 8821 8822
f 8815 8821 8816
f 8696 8821 8692
f 8821 8815 8692
f 8690 8813 8693
f 8819 8824 8820
f 8813 8820 8693
f 8812 8819 8813
f 8816 8818 8817
f 8810 8815 8816
f 8811 8810 8816
f 8811 8816 8817
f 8809 8815 8810
f 8692 8815 8809
f 8813 8819 8820
f 8836 8829 8830
f 8820 8824 8825
f 8693 8820 8697
f 8828 8832 8833
f 8827 8832 8828
f 8826 8832 8827
f 8703 8832 8826
f 8826 8700 8703
f 8697 8825 8701
f 8825 8831 8701
f 8820 8825 8697
f 8825 8829 8831
f 8829 8824 8830
f 8823 8827 8828
f 8822 8827 8823
f 8822 8826 8827
f 8821 8826 8822
f 8700 8826 8696
f 8826 8821 8696
f 8824 8829 8825
f 8698 8694 8561
f 8652 8773 8648
f 8764 8649 8645
f 8726 8727 8722
f 8719 8724 8725
f 8721 8719 8725
f 8718 8724 8719
f 8585 8724 8718
f 8718 8582 8585
f 8578 8717 8584
f 8717 8723 8584
f 8722 8723 8717
f 8720 8719 8721
f 8716 8718 8719
f 8716 8719 8720
f 8714 8718 8716
f 8581 8718 8714
f 8581 8582 8718
f 8586 8723 8727
f 8727 8723 8722
f 8723 8586 8584
f 8724 8585 8587
f 8732 8608 8731
f 8608 8607 8731
f 8731 8607 8730
f 8607 8606 8730
f 8730 8606 8729
f 8606 8605 8729
f 8729 8605 8728
f 8581 8714 8579
f 8605 8603 8728
f 8727 8591 8586
f 8591 8727 8589
f 8727 8726 8589
f 8589 8726 8588
f 8726 8725 8588
f 8588 8725 8587
f 8725 8724 8587
f 8603 8604 8728
f 8714 8713 8579
f 8713 8577 8579
f 8712 8578 8575
f 8571 8705 8702
f 8702 8568 8571
f 8704 8569 8565
f 8701 8704 8565
f 8699 8702 8703
f 8700 8699 8703
f 8698 8702 8699
f 8702 8705 8703
f 8567 8702 8698
f 8698 8564 8567
f 8701 8565 8562
f 8697 8701 8562
f 8695 8699 8696
f 8696 8699 8700
f 8695 8698 8699
f 8694 8698 8695
f 8567 8568 8702
f 8609 8608 8732
f 8703 8705 8706
f 8704 8572 8569
f 8717 8578 8712
f 8714 8716 8715
f 8709 8713 8714
f 8711 8709 8714
f 8711 8714 8715
f 8708 8713 8709
f 8577 8713 8708
f 8707 8572 8704
f 8708 8574 8577
f 8707 8712 8572
f 8710 8709 8711
f 8706 8708 8709
f 8706 8709 8710
f 8705 8708 8706
f 8574 8708 8705
f 8705 8571 8574
f 8572 8712 8575
f 8733 8609 8732
f 8610 8609 8733
f 8734 8610 8733
f 8638 8643 8761
f 8643 8644 8761
f 8755 8640 8634
f 8756 8760 8641
f 8755 8756 8641
f 8755 8641 8640
f 8753 8759 8754
f 8638 8761 8757
f 8753 8758 8759
f 8758 8633 8757
f 8633 8637 8757
f 8637 8638 8757
f 8630 8751 8634
f 8751 8755 8634
f 8755 8751 8756
f 8756 8751 8752
f 8633 8758 8753
f 8629 8753 8750
f 8757 8761 8762
f 8758 8762 8763
f 8766 8772 8771
f 8766 8771 8650
f 8766 8650 8764
f 8764 8650 8649
f 8770 8771 8772
f 8768 8763 8762
f 8762 8761 8767
f 8757 8762 8758
f 8768 8762 8767
f 8648 8767 8644
f 8767 8761 8644
f 8760 8645 8641
f 8765 8645 8760
f 8765 8764 8645
f 8766 8764 8765
f 8759 8758 8763
f 8768 8767 8769
f 8773 8767 8648
f 8753 8754 8750
f 8626 8748 8630
f 8741 8732 8731
f 8740 8741 8730
f 8730 8741 8731
f 8739 8740 8729
f 8729 8740 8730
f 8729 8728 8738
f 8739 8729 8738
f 8734 8742 8735
f 8728 8737 8738
f 8604 8617 8737
f 8617 8618 8737
f 8612 8736 8613
f 8736 8612 8735
f 8612 8611 8735
f 8735 8611 8734
f 8611 8610 8734
f 8604 8737 8728
f 8629 8633 8753
f 8735 8743 8736
f 8743 8613 8736
f 8748 8751 8630
f 8751 8748 8752
f 8752 8748 8749
f 8745 8750 8747
f 8629 8750 8624
f 8750 8745 8624
f 8625 8748 8626
f 8742 8743 8735
f 8744 8625 8620
f 8749 8748 8625
f 8746 8738 8737
f 8623 8737 8618
f 8623 8746 8737
f 8623 8745 8746
f 8745 8747 8746
f 8623 8624 8745
f 8744 8749 8625
f 6487 6646 6486
f 7768 7909 7765
f 7908 7766 7764
f 6894 6893 7066
f 7066 6893 7065
f 6893 6892 7065
f 7065 6892 7064
f 6892 6891 7064
f 6891 6890 7064
f 7061 6886 6881
f 7061 6880 6886
f 7055 6885 6875
f 6885 7055 6883
f 7055 7052 6883
f 6883 7063 6881
f 7052 7063 6883
f 7052 7054 7063
f 6881 7063 7062
f 7067 6894 7066
f 6895 6894 7067
f 7068 6895 7067
f 6896 6895 7068
f 7076 7077 7064
f 7064 7077 7065
f 6890 7075 7076
f 6890 7076 7064
f 6904 7075 6890
f 7073 7075 6904
f 6903 7073 6904
f 6881 7062 7061
f 7072 7073 6903
f 7072 6903 7071
f 6903 6901 7071
f 6901 6902 7071
f 6897 7070 6898
f 7070 6897 7069
f 6897 6896 7069
f 7069 6896 7068
f 7072 7074 7073
f 7062 7060 6880
f 7061 7062 6880
f 6879 6880 7060
f 7049 7046 6870
f 7046 6867 6870
f 6864 7042 6869
f 7042 7047 6869
f 7047 7042 7048
f 7048 7042 7044
f 6867 7046 6866
f 7049 6870 7050
f 6866 7046 7045
f 7041 6863 6866
f 7038 6864 6859
f 7039 7043 7042
f 7039 7042 6864
f 7039 6864 7038
f 7044 7042 7043
f 6863 7041 6862
f 7045 7041 6866
f 7065 7078 7066
f 6870 6871 7050
f 7051 7050 6871
f 7059 6879 7060
f 6878 6879 7059
f 7058 6878 7059
f 6877 6878 7058
f 7057 6877 7058
f 7057 6876 6877
f 7051 6876 7057
f 7051 6871 6872
f 7051 6872 6876
f 7048 7056 7055
f 7048 7055 6875
f 7048 6875 7047
f 7047 6875 6874
f 7052 7055 7053
f 7053 7055 7056
f 7054 7052 7053
f 7047 6874 6869
f 6862 7041 7040
f 7077 7078 7065
f 7078 7079 7066
f 6926 7107 7103
f 6926 7106 7107
f 7106 7108 7107
f 6926 6929 7106
f 6924 7105 6927
f 6924 7102 7105
f 7098 7104 7100
f 7098 7103 7104
f 6922 7103 7098
f 6924 6920 7102
f 6920 7101 7102
f 7097 7101 6920
f 7091 7099 7093
f 6923 7091 6916
f 6923 7099 7091
f 7107 7104 7103
f 7105 7109 6927
f 6927 7109 6930
f 6932 6933 7110
f 7110 7119 7111
f 6937 7110 6933
f 6937 7117 7110
f 6937 7116 7117
f 7116 7118 7117
f 6937 6938 7116
f 6934 7114 6935
f 6923 7098 7099
f 6930 7109 7115
f 6934 7115 7114
f 7106 7112 7108
f 6929 7112 7106
f 6929 7111 7112
f 7111 7113 7112
f 7111 6929 7110
f 6929 6932 7110
f 6934 6930 7115
f 7098 7100 7099
f 6923 6922 7098
f 6919 7097 6920
f 6907 7087 6908
f 7086 7087 6907
f 6906 7086 6907
f 7085 7086 6906
f 6905 7085 6906
f 7084 7085 6905
f 6898 7084 6905
f 7087 7088 6908
f 7083 7084 6898
f 7070 7082 6898
f 7081 7082 7069
f 7069 7082 7070
f 7080 7081 7068
f 7068 7081 7069
f 7079 7080 7067
f 7067 7080 7068
f 7082 7083 6898
f 7066 7079 7067
f 6908 7088 6909
f 6909 7089 6910
f 7096 6919 6918
f 7097 6919 7096
f 6917 7096 6918
f 7095 7096 6917
f 7095 6917 7090
f 7090 6917 6912
f 7072 7094 7074
f 7088 7089 6909
f 7092 7094 7071
f 6915 7071 6902
f 6915 7092 7071
f 6915 7091 7092
f 7091 7093 7092
f 6915 6916 7091
f 6912 6910 7090
f 6910 7089 7090
f 7071 7094 7072
f 7040 7037 6862
f 7037 6857 6862
f 6852 7035 6859
f 6989 6805 6809
f 6986 6805 6989
f 6803 6985 6807
f 6985 6987 6807
f 6987 6985 6988
f 6986 6802 6805
f 6984 6802 6986
f 6982 6803 6801
f 6983 6985 6803
f 6983 6803 6982
f 6802 6984 6981
f 6802 6981 6980
f 6980 6800 6802
f 6979 6801 6799
f 6982 6979 6978
f 6991 6987 6988
f 6990 6987 6991
f 6987 6990 6811
f 6807 6987 6811
f 6999 6818 6821
f 6996 6818 6999
f 6815 6993 6820
f 6993 6997 6820
f 6997 6993 6998
f 6998 6993 6994
f 6818 6996 6995
f 6801 6979 6982
f 6995 6817 6818
f 6992 6813 6817
f 6811 6990 6815
f 6990 6993 6815
f 6993 6990 6994
f 6994 6990 6991
f 6813 6989 6809
f 6992 6989 6813
f 6992 6817 6995
f 6982 6978 6983
f 6977 6980 6981
f 6800 6980 6798
f 6967 6969 6970
f 6791 6969 6788
f 6969 6966 6788
f 6968 6789 6786
f 6965 6968 6786
f 6963 6966 6964
f 6964 6966 6967
f 6966 6969 6967
f 6788 6966 6785
f 6965 6786 6783
f 6962 6965 6783
f 6959 6963 6960
f 6960 6963 6964
f 6785 6963 6782
f 6963 6959 6782
f 6958 6961 6780
f 6966 6963 6785
f 7002 7000 7001
f 6971 6792 6968
f 6972 6969 6791
f 6980 6977 6798
f 6796 6976 6799
f 6976 6979 6799
f 6978 6979 6976
f 6798 6975 6795
f 6977 6975 6798
f 6974 6796 6794
f 6968 6792 6789
f 6976 6796 6974
f 6795 6973 6972
f 6972 6793 6795
f 6971 6794 6792
f 6971 6974 6794
f 6969 6972 6970
f 6970 6972 6973
f 6793 6972 6791
f 6795 6975 6973
f 6997 6824 6823
f 6998 6824 6997
f 6998 7000 6824
f 7023 7031 7032
f 7022 7031 7023
f 7030 7031 7022
f 6846 7029 6845
f 6845 7029 7028
f 7028 7021 6845
f 7021 6842 6845
f 6847 7025 7032
f 6841 7018 6844
f 7025 7027 7018
f 7026 7025 7018
f 7026 7018 7020
f 7023 7025 7024
f 7024 7025 7026
f 7022 7023 7024
f 7021 6840 6842
f 7018 7027 6844
f 7017 6840 7021
f 7032 7025 7023
f 6849 7027 6847
f 7035 7038 6859
f 7038 7035 7039
f 7039 7035 7036
f 7037 7034 6857
f 7034 6851 6857
f 7032 6854 6847
f 6854 7032 6852
f 7027 7025 6847
f 7032 7031 6852
f 6852 7031 7035
f 7035 7030 7036
f 6851 7034 6850
f 6850 7034 7033
f 7033 7029 6850
f 7029 6846 6850
f 7027 6849 6844
f 7035 7031 7030
f 7117 7119 7110
f 7014 6841 6838
f 7015 7018 6841
f 6828 7005 6831
f 7005 7008 6831
f 7008 7005 7009
f 7009 7005 7006
f 7007 6826 6829
f 7004 6826 7007
f 6824 7000 6828
f 7010 7007 6832
f 7000 7005 6828
f 7006 7000 7002
f 6826 7004 6825
f 6825 7004 7003
f 7003 6999 6825
f 6999 6821 6825
f 6997 6823 6820
f 6998 7001 7000
f 7005 7000 7006
f 7015 7019 7018
f 6832 7007 6829
f 7011 7012 7008
f 7015 6841 7014
f 7020 7018 7019
f 6840 7017 6839
f 6839 7017 7016
f 7016 7013 6839
f 7013 6835 6839
f 7012 6837 6833
f 7011 7008 7009
f 7014 7012 7011
f 6838 6837 7012
f 7014 7011 7015
f 6835 7013 7010
f 6834 6835 7010
f 7010 6832 6834
f 6831 7008 6833
f 7008 7012 6833
f 6838 7012 7014
f 7111 7119 7113
f 7120 7114 7115
f 7114 7120 6939
f 7226 7045 7046
f 7225 7222 7045
f 7222 7041 7045
f 7220 7223 7039
f 7223 7043 7039
f 7043 7223 7044
f 7044 7223 7224
f 7041 7222 7040
f 7040 7222 7221
f 7221 7219 7040
f 7219 7037 7040
f 7220 7039 7036
f 7218 7220 7036
f 7219 7217 7037
f 7217 7034 7037
f 7226 7225 7045
f 7227 7228 7229
f 7229 7228 7048
f 7229 7048 7224
f 7234 7058 7235
f 7234 7057 7058
f 7232 7057 7234
f 7232 7051 7057
f 7228 7056 7048
f 7056 7228 7053
f 7228 7227 7053
f 7218 7036 7030
f 7227 7233 7054
f 7232 7231 7051
f 7050 7051 7231
f 7230 7050 7231
f 7230 7049 7050
f 7226 7049 7230
f 7226 7046 7049
f 7224 7048 7044
f 7227 7054 7053
f 7215 7218 7030
f 7034 7217 7033
f 7033 7217 7216
f 7020 7019 7203
f 7207 7209 7202
f 7208 7207 7202
f 7206 7207 7208
f 7017 7205 7016
f 7016 7205 7204
f 7204 7201 7016
f 7020 7203 7209
f 7201 7013 7016
f 7199 7203 7015
f 7202 7203 7199
f 7202 7199 7200
f 7201 7010 7013
f 7198 7010 7201
f 7197 7011 7009
f 7199 7197 7194
f 7011 7199 7015
f 7058 7059 7235
f 7209 7203 7202
f 7205 7017 7210
f 7216 7213 7033
f 7213 7029 7033
f 7211 7214 7022
f 7214 7030 7022
f 7030 7214 7215
f 7029 7213 7028
f 7028 7213 7212
f 7203 7019 7015
f 7212 7210 7028
f 7209 7026 7020
f 7026 7209 7024
f 7209 7207 7024
f 7024 7207 7022
f 7207 7206 7022
f 7206 7211 7022
f 7210 7017 7021
f 7210 7021 7028
f 7235 7059 7236
f 7059 7060 7236
f 7236 7060 7237
f 7095 7263 7096
f 7262 7263 7095
f 7261 7262 7095
f 7253 7261 7095
f 7253 7095 7090
f 7254 7261 7253
f 7260 7242 7241
f 7096 7263 7264
f 7259 7260 7240
f 7258 7259 7239
f 7239 7259 7240
f 7257 7258 7238
f 7238 7258 7239
f 7094 7238 7074
f 7094 7257 7238
f 7094 7256 7257
f 7240 7260 7241
f 7256 7094 7255
f 7097 7096 7264
f 7265 7267 7266
f 7104 7107 7273
f 7107 7108 7273
f 7272 7105 7102
f 7270 7272 7102
f 7265 7271 7267
f 7104 7271 7100
f 7271 7265 7100
f 7099 7100 7265
f 7102 7101 7270
f 7097 7269 7101
f 7268 7269 7097
f 7268 7097 7264
f 7266 7256 7255
f 7099 7255 7093
f 7099 7266 7255
f 7099 7265 7266
f 7101 7269 7270
f 7011 7197 7199
f 7094 7092 7255
f 7089 7253 7090
f 7243 7244 7079
f 7243 7079 7242
f 7079 7078 7242
f 7242 7078 7241
f 7078 7077 7241
f 7241 7077 7240
f 7077 7076 7240
f 7079 7244 7080
f 7240 7076 7239
f 7239 7075 7238
f 7075 7073 7238
f 7073 7074 7238
f 7233 7063 7054
f 7063 7237 7062
f 7233 7237 7063
f 7060 7062 7237
f 7076 7075 7239
f 7092 7093 7255
f 7244 7245 7080
f 7245 7246 7081
f 7252 7089 7088
f 7254 7089 7252
f 7254 7253 7089
f 7087 7252 7088
f 7251 7252 7087
f 7086 7251 7087
f 7250 7251 7086
f 7080 7245 7081
f 7085 7250 7086
f 7084 7249 7085
f 7248 7249 7084
f 7083 7248 7084
f 7247 7248 7083
f 7082 7247 7083
f 7246 7247 7082
f 7081 7246 7082
f 7249 7250 7085
f 6961 6783 6780
f 7199 7194 7200
f 7010 7198 7193
f 6967 7146 6964
f 7146 7143 6964
f 7142 6965 6962
f 7145 6965 7142
f 7141 7140 7143
f 7141 7143 7144
f 6964 7143 6960
f 7143 7140 6960
f 7137 6961 6958
f 7139 7142 6962
f 7137 7139 6962
f 7137 6962 6961
f 7136 7135 7141
f 7135 7140 7141
f 6957 7140 7135
f 7144 7146 7147
f 7143 7146 7144
f 7148 7145 7149
f 7145 7148 6968
f 7157 7153 6973
f 6971 7152 6974
f 7152 7156 6974
f 7155 7156 7152
f 7150 7153 7151
f 7151 7153 7154
f 6973 7153 6970
f 6957 6960 7140
f 7153 7150 6970
f 7149 7152 6971
f 7149 6971 7148
f 7146 7150 7147
f 7147 7150 7151
f 6970 7150 6967
f 7150 7146 6967
f 6965 7145 6968
f 7148 6971 6968
f 7134 6958 6955
f 7138 6958 7134
f 7138 7137 6958
f 6946 6950 7127
f 7126 6948 6944
f 7123 7126 6944
f 7122 7121 7125
f 7121 7124 7125
f 6943 7124 7121
f 6943 6947 7124
f 6946 7127 7124
f 6947 6946 7124
f 7120 7123 6939
f 7116 7122 7118
f 7116 7121 7122
f 6938 7121 7116
f 6938 6942 7121
f 6942 6943 7121
f 6935 7114 6939
f 6939 7123 6944
f 6975 7157 6973
f 7124 7127 7128
f 7125 7124 7128
f 7139 7137 7138
f 7132 7136 7133
f 7132 7135 7136
f 7131 7135 7132
f 6957 7135 6954
f 7135 7131 6954
f 7134 6955 6951
f 7125 7128 7129
f 7130 7134 6951
f 7129 7132 7133
f 7128 7131 7132
f 7127 7131 7128
f 6954 7131 6950
f 7131 7127 6950
f 7130 6951 6948
f 7126 7130 6948
f 7128 7132 7129
f 7154 7157 7158
f 7153 7157 7154
f 7159 7155 7160
f 7002 7001 7185
f 7187 7182 7188
f 7188 7182 7184
f 7186 6996 6999
f 7181 6996 7186
f 6994 7179 6998
f 7179 7185 6998
f 7002 7185 7187
f 7182 7185 7179
f 7183 7179 7180
f 7184 7182 7183
f 6996 7181 7178
f 6995 6996 7178
f 7178 6992 6995
f 6991 7176 6994
f 7176 7179 6994
f 7183 7182 7179
f 7179 7176 7180
f 7187 7185 7182
f 7186 6999 7003
f 7193 7007 7010
f 7006 7191 7009
f 7191 7197 7009
f 7194 7197 7191
f 7195 7194 7191
f 7195 7191 7192
f 7196 7194 7195
f 7185 7001 6998
f 7007 7190 7004
f 7002 7187 7006
f 7187 7191 7006
f 7191 7187 7192
f 7192 7187 7188
f 7004 7190 7003
f 7003 7190 7189
f 7189 7186 7003
f 7193 7190 7007
f 7200 7194 7196
f 7180 7176 7177
f 7175 6989 6992
f 7162 7166 6983
f 7166 7162 7167
f 7167 7162 7164
f 7165 6977 6981
f 7161 6977 7165
f 7159 6978 6976
f 7160 7163 7162
f 6978 7162 6983
f 7160 7162 6978
f 7164 7162 7163
f 6977 7161 7158
f 6977 7158 7157
f 7157 6975 6977
f 7156 6976 6974
f 7159 7156 7155
f 6976 7156 7159
f 7160 6978 7159
f 7175 6992 7178
f 7168 7165 6984
f 7171 7169 7170
f 6988 7173 6991
f 7173 7176 6991
f 7176 7173 7177
f 7177 7173 7174
f 6989 7175 6986
f 7175 7172 6986
f 6985 7169 6988
f 6984 7165 6981
f 7169 7173 6988
f 7174 7169 7171
f 6986 7172 6984
f 7172 7168 6984
f 7166 6985 6983
f 7167 7170 7169
f 7167 7169 6985
f 7167 6985 7166
f 7173 7169 7174
f 6783 6961 6962
f 6957 6956 6959
f 6957 6959 6960
f 6580 6753 6754
f 6753 6755 6754
f 6580 6581 6753
f 6577 6752 6578
f 6573 6748 6752
f 6577 6573 6752
f 6747 6572 6750
f 6575 6750 6572
f 6749 6750 6575
f 6749 6751 6750
f 6575 6576 6749
f 6573 6746 6748
f 6570 6746 6573
f 6747 6569 6572
f 6743 6569 6747
f 6580 6754 6749
f 6580 6749 6576
f 6749 6754 6751
f 6752 6756 6578
f 6589 6757 6585
f 6589 6763 6757
f 6589 6762 6763
f 6762 6764 6763
f 6589 6588 6762
f 6761 6587 6582
f 6756 6761 6582
f 6745 6746 6570
f 6753 6759 6755
f 6586 6759 6753
f 6586 6758 6759
f 6758 6760 6759
f 6758 6586 6757
f 6586 6584 6757
f 6584 6585 6757
f 6578 6756 6582
f 6586 6753 6581
f 6745 6566 6742
f 6570 6566 6745
f 6737 6744 6739
f 6733 6734 6558
f 6557 6733 6558
f 6732 6733 6557
f 6555 6732 6557
f 6731 6732 6555
f 6727 6731 6555
f 6716 6730 6718
f 6558 6734 6559
f 6716 6715 6729
f 6715 6728 6729
f 6549 6728 6715
f 6554 6727 6555
f 6726 6554 6553
f 6727 6554 6726
f 6552 6726 6553
f 6725 6726 6552
f 6730 6716 6729
f 6757 6765 6758
f 6734 6735 6559
f 6560 6735 6736
f 6568 6737 6563
f 6568 6744 6737
f 6568 6743 6744
f 6568 6569 6743
f 6566 6565 6742
f 6565 6741 6742
f 6564 6741 6565
f 6559 6735 6560
f 6740 6741 6564
f 6736 6564 6561
f 6738 6729 6728
f 6556 6738 6728
f 6556 6737 6738
f 6737 6739 6738
f 6556 6563 6737
f 6561 6560 6736
f 6740 6564 6736
f 6763 6765 6757
f 6758 6765 6760
f 6590 6767 6766
f 6612 6793 6791
f 6612 6791 6790
f 6790 6610 6612
f 6792 6611 6609
f 6789 6792 6609
f 6787 6790 6788
f 6788 6790 6791
f 6794 6613 6792
f 6610 6790 6608
f 6789 6609 6607
f 6786 6789 6607
f 6784 6787 6785
f 6785 6787 6788
f 6608 6787 6606
f 6787 6784 6606
f 6786 6607 6605
f 6790 6787 6608
f 6783 6786 6605
f 6792 6613 6611
f 6614 6793 6612
f 6803 6804 6801
f 6623 6800 6620
f 6802 6800 6623
f 6799 6622 6618
f 6801 6622 6799
f 6620 6800 6798
f 6619 6620 6798
f 6795 6793 6614
f 6619 6798 6797
f 6799 6618 6615
f 6796 6799 6615
f 6795 6797 6798
f 6616 6797 6614
f 6797 6795 6614
f 6794 6615 6613
f 6794 6796 6615
f 6797 6616 6619
f 6551 6725 6552
f 6781 6784 6782
f 6606 6784 6604
f 6771 6773 6596
f 6773 6771 6774
f 6768 6772 6770
f 6595 6772 6593
f 6772 6768 6593
f 6591 6766 6594
f 6766 6771 6594
f 6594 6771 6596
f 6771 6766 6767
f 6588 6769 6762
f 6588 6768 6769
f 6768 6770 6769
f 6588 6593 6768
f 6590 6766 6591
f 6587 6761 6767
f 6590 6587 6767
f 6762 6769 6764
f 6782 6784 6785
f 6595 6598 6775
f 6595 6775 6772
f 6784 6781 6604
f 6780 6783 6602
f 6783 6605 6602
f 6778 6781 6779
f 6779 6781 6782
f 6604 6781 6601
f 6781 6778 6601
f 6775 6776 6772
f 6780 6602 6599
f 6775 6778 6776
f 6776 6778 6779
f 6601 6778 6598
f 6778 6775 6598
f 6773 6599 6596
f 6774 6777 6599
f 6773 6774 6599
f 6777 6780 6599
f 6801 6804 6624
f 6724 6725 6551
f 6723 6724 6546
f 6677 6669 6668
f 6509 6669 6677
f 6674 6677 6668
f 6675 6674 6668
f 6676 6674 6675
f 6508 6673 6507
f 6507 6673 6672
f 6672 6667 6507
f 6667 6505 6507
f 6503 6665 6506
f 6665 6671 6506
f 6669 6671 6665
f 6670 6669 6665
f 6668 6669 6670
f 6505 6667 6504
f 6671 6669 6509
f 6510 6671 6509
f 6671 6510 6506
f 6673 6508 6511
f 6685 6516 6686
f 6685 6680 6516
f 6680 6513 6516
f 6677 6514 6509
f 6684 6677 6674
f 6515 6677 6684
f 6515 6514 6677
f 6504 6667 6666
f 6681 6684 6674
f 6682 6674 6676
f 6683 6681 6682
f 6513 6680 6512
f 6512 6680 6679
f 6511 6512 6679
f 6678 6511 6679
f 6678 6673 6511
f 6682 6681 6674
f 6666 6664 6504
f 6664 6502 6504
f 6662 6503 6501
f 6650 6494 6492
f 6652 6654 6495
f 6650 6652 6495
f 6650 6495 6494
f 6653 6491 6493
f 6649 6491 6653
f 6647 6492 6489
f 6653 6493 6496
f 6651 6492 6647
f 6652 6650 6651
f 6491 6649 6490
f 6490 6649 6648
f 6648 6646 6490
f 6646 6487 6490
f 6644 6488 6485
f 6644 6647 6489
f 6651 6650 6492
f 6516 6517 6686
f 6655 6653 6496
f 6497 6656 6496
f 6663 6665 6503
f 6663 6503 6662
f 6664 6661 6502
f 6661 6500 6502
f 6498 6657 6501
f 6657 6662 6501
f 6662 6657 6663
f 6496 6656 6655
f 6663 6657 6659
f 6499 6661 6660
f 6660 6656 6499
f 6656 6497 6499
f 6654 6498 6495
f 6658 6498 6654
f 6658 6657 6498
f 6659 6657 6658
f 6500 6661 6499
f 6686 6517 6687
f 6517 6518 6687
f 6688 6518 6519
f 6705 6712 6706
f 6705 6711 6712
f 6704 6711 6705
f 6704 6710 6711
f 6703 6710 6704
f 6703 6709 6710
f 6702 6709 6703
f 6706 6712 6713
f 6702 6708 6709
f 6701 6707 6708
f 6533 6707 6701
f 6539 6706 6540
f 6706 6539 6705
f 6539 6538 6705
f 6705 6538 6704
f 6538 6537 6704
f 6701 6708 6702
f 6704 6537 6703
f 6540 6706 6714
f 6540 6714 6545
f 6545 6723 6546
f 6722 6723 6545
f 6721 6722 6545
f 6714 6721 6545
f 6713 6721 6714
f 6720 6710 6709
f 6719 6720 6708
f 6714 6706 6713
f 6708 6720 6709
f 6707 6719 6708
f 6544 6717 6707
f 6544 6716 6717
f 6716 6718 6717
f 6716 6544 6715
f 6544 6550 6715
f 6550 6549 6715
f 6717 6719 6707
f 6546 6724 6551
f 6537 6536 6703
f 6536 6535 6702
f 6695 6693 6524
f 6694 6695 6524
f 6694 6524 6525
f 6523 6524 6693
f 6692 6523 6693
f 6692 6522 6523
f 6688 6522 6692
f 6695 6696 6697
f 6688 6519 6522
f 6521 6684 6520
f 6684 6681 6520
f 6683 6690 6689
f 6683 6689 6520
f 6683 6520 6681
f 6691 6689 6690
f 6688 6687 6518
f 6684 6521 6515
f 6703 6536 6702
f 6694 6696 6695
f 6696 6698 6697
f 6702 6535 6701
f 6535 6534 6701
f 6534 6533 6701
f 6700 6530 6529
f 6700 6528 6530
f 6698 6529 6527
f 6700 6698 6696
f 6697 6698 6699
f 6529 6698 6700
f 6528 6700 6694
f 6694 6525 6528
f 6689 6526 6520
f 6691 6699 6698
f 6691 6698 6527
f 6691 6527 6689
f 6689 6527 6526
f 6694 6700 6696
f 7274 7104 7273
f 6622 6801 6624
f 6625 6626 6802
f 6733 6910 6734
f 6909 6910 6733
f 6732 6909 6733
f 6908 6909 6732
f 6731 6908 6732
f 6907 6908 6731
f 6727 6907 6731
f 6906 6907 6727
f 6905 6906 6727
f 6899 6905 6727
f 6898 6905 6899
f 6904 6890 6889
f 6903 6904 6888
f 6888 6904 6889
f 6901 6903 6887
f 6912 6911 6735
f 6912 6735 6910
f 6910 6735 6734
f 6735 6911 6736
f 6744 6743 6921
f 6742 6741 6920
f 6741 6919 6920
f 6740 6919 6741
f 6918 6919 6740
f 6917 6918 6740
f 6911 6917 6740
f 6887 6903 6888
f 6911 6740 6736
f 6900 6915 6902
f 6729 6915 6900
f 6729 6914 6915
f 6914 6916 6915
f 6914 6729 6913
f 6729 6738 6913
f 6738 6739 6913
f 6912 6917 6911
f 6730 6887 6718
f 6730 6901 6887
f 6730 6900 6901
f 6890 6891 6710
f 6890 6710 6889
f 6710 6720 6889
f 6889 6720 6888
f 6720 6719 6888
f 6888 6719 6887
f 6719 6717 6887
f 6710 6891 6711
f 6717 6718 6887
f 6699 6884 6697
f 6884 6882 6697
f 6697 6882 6695
f 6882 6881 6695
f 6695 6886 6693
f 6881 6886 6695
f 6886 6692 6693
f 6884 6699 6691
f 6739 6744 6921
f 6891 6892 6711
f 6892 6893 6712
f 6900 6902 6901
f 6730 6729 6900
f 6726 6899 6727
f 6899 6726 6898
f 6726 6725 6898
f 6897 6725 6724
f 6898 6725 6897
f 6711 6892 6712
f 6723 6897 6724
f 6722 6896 6723
f 6895 6896 6722
f 6721 6895 6722
f 6894 6895 6721
f 6713 6894 6721
f 6893 6894 6713
f 6712 6893 6713
f 6896 6897 6723
f 6739 6921 6913
f 6913 6921 6922
f 6923 6914 6922
f 6772 6949 6770
f 6949 6945 6770
f 6948 6771 6767
f 6944 6948 6767
f 6941 6947 6943
f 6941 6940 6946
f 6947 6941 6946
f 6946 6949 6950
f 6940 6945 6946
f 6764 6769 6945
f 6769 6770 6945
f 6944 6767 6761
f 6939 6944 6761
f 6936 6942 6938
f 6765 6936 6760
f 6765 6942 6936
f 6764 6945 6940
f 6765 6941 6942
f 6946 6945 6949
f 6951 6774 6771
f 6782 6959 6779
f 6959 6956 6779
f 6958 6780 6777
f 6955 6958 6777
f 6953 6957 6954
f 6953 6956 6957
f 6952 6956 6953
f 6948 6951 6771
f 6779 6956 6776
f 6955 6777 6774
f 6951 6955 6774
f 6949 6953 6950
f 6950 6953 6954
f 6949 6952 6953
f 6772 6952 6949
f 6772 6776 6952
f 6956 6952 6776
f 6880 6692 6886
f 6941 6943 6942
f 6765 6763 6940
f 6926 6925 6929
f 6925 6928 6929
f 6747 6928 6925
f 6747 6750 6928
f 6750 6751 6928
f 6746 6927 6748
f 6924 6927 6746
f 6927 6930 6748
f 6922 6921 6926
f 6743 6925 6921
f 6743 6747 6925
f 6745 6924 6746
f 6920 6745 6742
f 6924 6745 6920
f 6914 6923 6916
f 6914 6913 6922
f 6921 6925 6926
f 6941 6765 6940
f 6930 6752 6748
f 6931 6933 6932
f 6763 6764 6940
f 6939 6761 6756
f 6935 6939 6756
f 6931 6937 6933
f 6759 6931 6755
f 6759 6937 6931
f 6759 6936 6937
f 6754 6755 6931
f 6936 6938 6937
f 6756 6752 6935
f 6752 6934 6935
f 6934 6752 6930
f 6932 6929 6928
f 6754 6928 6751
f 6754 6932 6928
f 6754 6931 6932
f 6759 6760 6936
f 6802 6623 6625
f 6880 6688 6692
f 6875 6885 6884
f 6831 6833 6644
f 6830 6831 6644
f 6832 6641 6643
f 6829 6641 6832
f 6640 6827 6642
f 6827 6830 6642
f 6830 6827 6831
f 6831 6827 6828
f 6829 6638 6641
f 6826 6638 6829
f 6636 6822 6640
f 6822 6827 6640
f 6827 6822 6828
f 6828 6822 6824
f 6638 6826 6825
f 6830 6644 6642
f 6832 6643 6645
f 6834 6832 6645
f 6645 6835 6834
f 6843 6841 6844
f 6842 6649 6653
f 6840 6649 6842
f 6836 6651 6647
f 6838 6841 6652
f 6838 6652 6836
f 6836 6652 6651
f 6825 6821 6638
f 6649 6840 6648
f 6839 6835 6648
f 6835 6646 6648
f 6833 6647 6644
f 6837 6647 6833
f 6837 6836 6647
f 6838 6836 6837
f 6646 6835 6645
f 6648 6840 6839
f 6821 6635 6638
f 6819 6636 6633
f 6820 6823 6822
f 6813 6628 6630
f 6809 6628 6813
f 6627 6808 6629
f 6808 6812 6629
f 6808 6810 6812
f 6806 6810 6808
f 6810 6806 6811
f 6815 6810 6811
f 6811 6806 6807
f 6805 6626 6809
f 6624 6804 6627
f 6804 6808 6627
f 6804 6806 6808
f 6803 6806 6804
f 6806 6803 6807
f 6626 6805 6802
f 6809 6626 6628
f 6841 6843 6654
f 6814 6810 6815
f 6812 6814 6816
f 6820 6822 6636
f 6820 6636 6819
f 6824 6822 6823
f 6635 6821 6818
f 6634 6635 6818
f 6818 6632 6634
f 6816 6633 6631
f 6810 6814 6812
f 6819 6816 6814
f 6819 6814 6820
f 6820 6814 6815
f 6818 6817 6632
f 6817 6813 6632
f 6813 6630 6632
f 6629 6812 6631
f 6812 6816 6631
f 6633 6816 6819
f 6652 6841 6654
f 6842 6653 6655
f 6845 6842 6655
f 6875 6873 6874
f 6680 6872 6679
f 6679 6872 6871
f 6678 6679 6871
f 6870 6678 6871
f 6870 6867 6678
f 6867 6673 6678
f 6868 6683 6682
f 6865 6675 6668
f 6676 6865 6868
f 6676 6675 6865
f 6868 6864 6869
f 6673 6867 6672
f 6672 6867 6866
f 6866 6863 6672
f 6863 6667 6672
f 6868 6865 6864
f 6861 6670 6665
f 6869 6683 6868
f 6869 6874 6873
f 6875 6884 6691
f 6875 6691 6873
f 6873 6691 6690
f 6882 6884 6883
f 6883 6884 6885
f 6881 6882 6883
f 6880 6879 6688
f 6869 6873 6683
f 6687 6688 6879
f 6686 6687 6878
f 6877 6686 6878
f 6685 6686 6877
f 6876 6685 6877
f 6876 6872 6685
f 6872 6680 6685
f 6868 6682 6676
f 6878 6687 6879
f 6873 6690 6683
f 6670 6861 6668
f 6865 6860 6858
f 6847 6855 6848
f 6853 6855 6847
f 6854 6853 6847
f 6852 6853 6854
f 6661 6851 6660
f 6660 6851 6850
f 6850 6846 6660
f 6848 6855 6856
f 6846 6656 6660
f 6844 6849 6848
f 6844 6848 6659
f 6844 6659 6843
f 6843 6659 6658
f 6847 6848 6849
f 6656 6846 6655
f 6655 6846 6845
f 6843 6658 6654
f 6861 6860 6668
f 6848 6856 6663
f 6851 6661 6664
f 6668 6860 6865
f 6864 6865 6858
f 6864 6858 6859
f 6667 6863 6666
f 6666 6863 6862
f 6862 6857 6666
f 6857 6664 6666
f 6659 6848 6663
f 6856 6665 6663
f 6665 6856 6861
f 6855 6860 6861
f 6853 6860 6855
f 6853 6858 6860
f 6852 6858 6853
f 6858 6852 6859
f 6857 6851 6664
f 6861 6856 6855
f 7912 7909 7768
f 7104 7274 7271
f 7105 7275 7276
f 7700 7553 7699
f 7553 7557 7699
f 7557 7558 7699
f 7551 7698 7554
f 7695 7698 7551
f 7689 7688 7697
f 7688 7696 7697
f 7546 7696 7688
f 7549 7695 7551
f 7694 7544 7687
f 7694 7549 7544
f 7694 7695 7549
f 7686 7694 7687
f 7693 7678 7677
f 7692 7693 7676
f 7553 7700 7701
f 7553 7701 7696
f 7701 7697 7696
f 7554 7698 7702
f 7568 7709 7704
f 7568 7708 7709
f 7708 7710 7709
f 7568 7567 7708
f 7560 7703 7565
f 7703 7707 7565
f 7707 7703 7702
f 7676 7693 7677
f 7705 7700 7699
f 7562 7705 7699
f 7562 7704 7705
f 7704 7706 7705
f 7562 7563 7704
f 7559 7703 7560
f 7703 7559 7702
f 7559 7554 7702
f 7562 7699 7558
f 7691 7692 7675
f 7675 7692 7676
f 7530 7690 7691
f 7680 7681 7536
f 7535 7680 7536
f 7679 7680 7535
f 7534 7679 7535
f 7678 7679 7534
f 7678 7534 7677
f 7534 7533 7677
f 7536 7681 7537
f 7677 7533 7676
f 7676 7532 7675
f 7532 7531 7675
f 7531 7530 7675
f 7667 7674 7511
f 7674 7520 7511
f 7519 7520 7674
f 7673 7519 7674
f 7533 7532 7676
f 7568 7704 7563
f 7681 7682 7537
f 7682 7683 7538
f 7530 7691 7675
f 7548 7690 7530
f 7689 7690 7548
f 7689 7548 7688
f 7548 7547 7688
f 7547 7546 7688
f 7543 7687 7544
f 7537 7682 7538
f 7687 7543 7686
f 7685 7542 7541
f 7686 7542 7685
f 7540 7685 7541
f 7684 7685 7540
f 7539 7684 7540
f 7683 7684 7539
f 7538 7683 7539
f 7543 7542 7686
f 7518 7519 7673
f 7704 7709 7706
f 7565 7711 7570
f 7735 7738 7736
f 7736 7738 7739
f 7596 7738 7593
f 7738 7735 7593
f 7734 7737 7594
f 7731 7735 7733
f 7733 7735 7736
f 7593 7735 7590
f 7735 7731 7590
f 7728 7732 7729
f 7589 7728 7586
f 7589 7732 7728
f 7589 7731 7732
f 7731 7733 7732
f 7589 7590 7731
f 7742 7740 7741
f 7741 7740 7597
f 7741 7597 7737
f 7737 7597 7594
f 7753 7751 7752
f 7750 7745 7601
f 7749 7750 7601
f 7601 7604 7749
f 7744 7602 7600
f 7747 7602 7744
f 7747 7746 7602
f 7727 7588 7584
f 7748 7746 7747
f 7743 7599 7745
f 7740 7600 7597
f 7742 7744 7600
f 7740 7742 7600
f 7738 7743 7739
f 7599 7743 7596
f 7743 7738 7596
f 7745 7599 7601
f 7730 7588 7727
f 7726 7725 7728
f 7726 7728 7729
f 7720 7715 7716
f 7713 7712 7718
f 7712 7717 7718
f 7573 7717 7712
f 7573 7577 7717
f 7577 7578 7717
f 7574 7715 7575
f 7719 7715 7720
f 7570 7711 7716
f 7574 7716 7715
f 7708 7714 7710
f 7567 7714 7708
f 7567 7713 7714
f 7713 7567 7712
f 7567 7572 7712
f 7572 7573 7712
f 7574 7570 7716
f 7707 7711 7565
f 7715 7719 7579
f 7721 7717 7578
f 7586 7728 7583
f 7728 7725 7583
f 7723 7584 7581
f 7724 7727 7584
f 7723 7724 7584
f 7721 7726 7722
f 7721 7725 7726
f 7575 7715 7579
f 7580 7725 7721
f 7579 7719 7581
f 7719 7723 7581
f 7723 7719 7724
f 7724 7719 7720
f 7718 7717 7721
f 7718 7721 7722
f 7580 7721 7578
f 7580 7583 7725
f 7672 7518 7673
f 7517 7518 7672
f 7671 7517 7672
f 7619 7474 7621
f 7616 7475 7473
f 7618 7620 7475
f 7616 7618 7475
f 7619 7472 7474
f 7615 7472 7619
f 7614 7473 7471
f 7617 7473 7614
f 7617 7616 7473
f 7618 7616 7617
f 7615 7470 7472
f 7613 7470 7615
f 7614 7471 7469
f 7612 7614 7469
f 7613 7467 7470
f 7621 7474 7476
f 7622 7477 7620
f 7620 7477 7475
f 7621 7476 7478
f 7628 7484 7483
f 7631 7630 7632
f 7482 7627 7480
f 7630 7627 7482
f 7630 7631 7627
f 7626 7481 7479
f 7628 7626 7625
f 7611 7467 7613
f 7481 7626 7628
f 7627 7478 7480
f 7624 7478 7627
f 7477 7622 7479
f 7622 7626 7479
f 7625 7626 7622
f 7478 7624 7623
f 7623 7621 7478
f 7628 7625 7629
f 7608 7468 7466
f 7610 7612 7469
f 7608 7610 7469
f 7600 7460 7459
f 7598 7601 7599
f 7458 7601 7456
f 7601 7598 7456
f 7597 7457 7455
f 7600 7457 7597
f 7595 7598 7596
f 7600 7602 7460
f 7596 7598 7599
f 7598 7595 7453
f 7594 7454 7452
f 7594 7597 7455
f 7594 7455 7454
f 7592 7595 7593
f 7593 7595 7596
f 7453 7595 7451
f 7456 7598 7453
f 7628 7629 7484
f 7600 7459 7457
f 7603 7604 7601
f 7608 7469 7468
f 7611 7465 7467
f 7607 7465 7611
f 7606 7466 7463
f 7609 7466 7606
f 7609 7608 7466
f 7610 7608 7609
f 7461 7462 7603
f 7465 7607 7604
f 7464 7604 7603
f 7603 7462 7464
f 7602 7605 7460
f 7605 7463 7460
f 7463 7605 7606
f 7461 7601 7458
f 7461 7603 7601
f 7464 7465 7604
f 7629 7633 7484
f 7628 7483 7481
f 7630 7482 7485
f 7506 7662 7661
f 7661 7505 7506
f 7659 7505 7661
f 7659 7658 7505
f 7658 7503 7505
f 7657 7660 7502
f 7660 7504 7502
f 7663 7507 7660
f 7656 7658 7659
f 7503 7658 7654
f 7654 7501 7503
f 7657 7502 7499
f 7653 7657 7499
f 7654 7656 7655
f 7649 7655 7651
f 7649 7654 7655
f 7654 7658 7656
f 7649 7500 7654
f 7660 7507 7504
f 7664 7662 7508
f 7516 7517 7671
f 7670 7516 7671
f 7515 7516 7670
f 7669 7515 7670
f 7514 7515 7669
f 7668 7514 7669
f 7668 7513 7514
f 7662 7506 7508
f 7665 7513 7668
f 7663 7512 7507
f 7512 7666 7510
f 7663 7666 7512
f 7510 7666 7511
f 7511 7666 7667
f 7665 7664 7508
f 7665 7508 7509
f 7665 7509 7513
f 7746 7606 7605
f 7500 7501 7654
f 7648 7652 7496
f 7490 7642 7641
f 7641 7638 7490
f 7638 7488 7490
f 7487 7635 7489
f 7635 7639 7489
f 7639 7635 7640
f 7640 7635 7637
f 7639 7492 7491
f 7638 7486 7488
f 7633 7487 7484
f 7636 7487 7633
f 7636 7635 7487
f 7637 7635 7636
f 7486 7634 7632
f 7485 7486 7632
f 7485 7632 7630
f 7634 7486 7638
f 7649 7497 7500
f 7639 7640 7492
f 7639 7491 7489
f 7652 7498 7496
f 7498 7652 7499
f 7499 7652 7653
f 7650 7649 7651
f 7497 7647 7495
f 7649 7647 7497
f 7649 7650 7647
f 7640 7643 7492
f 7648 7496 7494
f 7495 7647 7646
f 7646 7644 7495
f 7644 7493 7495
f 7645 7494 7492
f 7643 7645 7492
f 7644 7490 7493
f 7642 7490 7644
f 7645 7648 7494
f 7748 7606 7746
f 7748 7751 7606
f 7748 7752 7751
f 7714 7858 7851
f 7714 7857 7858
f 7857 7859 7858
f 7714 7713 7857
f 7707 7856 7711
f 7856 7849 7855
f 7707 7849 7856
f 7855 7849 7850
f 7846 7854 7848
f 7852 7854 7845
f 7845 7854 7846
f 7709 7845 7706
f 7709 7852 7845
f 7709 7851 7852
f 7851 7853 7852
f 7714 7851 7710
f 7851 7858 7853
f 7860 7856 7855
f 7856 7860 7716
f 7864 7868 7866
f 7726 7868 7722
f 7868 7864 7722
f 7720 7867 7724
f 7863 7867 7720
f 7865 7862 7861
f 7718 7865 7861
f 7709 7710 7851
f 7718 7864 7865
f 7718 7722 7864
f 7716 7860 7720
f 7860 7863 7720
f 7857 7862 7859
f 7857 7861 7862
f 7713 7861 7857
f 7711 7856 7716
f 7864 7866 7865
f 7702 7849 7707
f 7702 7844 7850
f 7702 7850 7849
f 7823 7822 7837
f 7822 7836 7837
f 7689 7836 7822
f 7694 7835 7695
f 7834 7694 7686
f 7835 7694 7834
f 7833 7834 7686
f 7839 7838 7695
f 7821 7833 7686
f 7820 7833 7821
f 7831 7832 7819
f 7819 7832 7820
f 7830 7831 7818
f 7818 7831 7819
f 7829 7830 7817
f 7817 7830 7818
f 7832 7833 7820
f 7869 7727 7867
f 7835 7839 7695
f 7701 7700 7840
f 7847 7841 7840
f 7700 7847 7840
f 7700 7846 7847
f 7846 7848 7847
f 7846 7700 7845
f 7700 7705 7845
f 7705 7706 7845
f 7695 7838 7698
f 7698 7844 7702
f 7838 7843 7844
f 7839 7843 7838
f 7842 7837 7836
f 7697 7842 7836
f 7697 7841 7842
f 7841 7697 7840
f 7697 7701 7840
f 7838 7844 7698
f 7867 7727 7724
f 7726 7729 7870
f 7870 7871 7868
f 7899 7759 7897
f 7900 7755 7758
f 7896 7755 7900
f 7894 7756 7753
f 7898 7756 7894
f 7898 7897 7756
f 7899 7897 7898
f 7899 7901 7759
f 7891 7895 7892
f 7895 7750 7896
f 7895 7891 7750
f 7890 7893 7748
f 7893 7752 7748
f 7752 7893 7753
f 7753 7893 7894
f 7888 7891 7889
f 7896 7750 7755
f 7889 7891 7892
f 7897 7759 7756
f 7902 7758 7760
f 7910 7908 7906
f 7766 7908 7910
f 7910 7906 7911
f 7911 7906 7907
f 7909 7763 7765
f 7905 7763 7909
f 7762 7904 7764
f 7900 7758 7902
f 7904 7908 7764
f 7903 7906 7904
f 7906 7903 7907
f 7905 7760 7763
f 7902 7760 7905
f 7759 7901 7762
f 7901 7904 7762
f 7903 7904 7901
f 7904 7906 7908
f 7828 7829 7816
f 7750 7891 7745
f 7886 7747 7744
f 7880 7737 7876
f 7880 7879 7737
f 7881 7879 7880
f 7873 7877 7875
f 7875 7877 7878
f 7736 7877 7733
f 7877 7873 7733
f 7876 7737 7734
f 7872 7876 7734
f 7732 7870 7729
f 7732 7874 7870
f 7732 7873 7874
f 7873 7875 7874
f 7732 7733 7873
f 7869 7730 7727
f 7726 7870 7868
f 7870 7874 7871
f 7891 7888 7745
f 7882 7877 7736
f 7883 7736 7739
f 7887 7890 7748
f 7886 7887 7748
f 7886 7748 7747
f 7889 7885 7743
f 7888 7889 7743
f 7743 7745 7888
f 7742 7884 7744
f 7882 7736 7883
f 7884 7886 7744
f 7885 7739 7743
f 7883 7739 7885
f 7879 7741 7737
f 7881 7884 7742
f 7881 7742 7879
f 7879 7742 7741
f 7877 7882 7878
f 7886 7884 7887
f 7595 7592 7451
f 7816 7829 7817
f 7815 7828 7816
f 7634 7776 7632
f 7779 7776 7634
f 7629 7775 7633
f 7775 7777 7633
f 7777 7775 7778
f 7632 7776 7774
f 7631 7632 7774
f 7631 7774 7772
f 7772 7627 7631
f 7771 7629 7625
f 7775 7629 7771
f 7773 7772 7774
f 7627 7770 7624
f 7772 7770 7627
f 7772 7773 7770
f 7777 7637 7636
f 7777 7778 7637
f 7778 7780 7637
f 7777 7636 7633
f 7785 7789 7643
f 7787 7786 7788
f 7644 7784 7642
f 7786 7784 7644
f 7786 7787 7784
f 7785 7643 7640
f 7783 7785 7640
f 7769 7771 7625
f 7642 7784 7782
f 7641 7782 7781
f 7781 7638 7641
f 7783 7640 7637
f 7780 7783 7637
f 7779 7781 7782
f 7638 7781 7634
f 7781 7779 7634
f 7641 7642 7782
f 7624 7770 7768
f 7623 7624 7768
f 7623 7768 7767
f 7760 7757 7611
f 7756 7612 7610
f 7759 7612 7756
f 7754 7757 7755
f 7755 7757 7758
f 7611 7757 7607
f 7757 7754 7607
f 7613 7760 7611
f 7751 7609 7606
f 7751 7753 7610
f 7751 7610 7609
f 7749 7754 7750
f 7750 7754 7755
f 7607 7754 7604
f 7754 7749 7604
f 7746 7605 7602
f 7753 7756 7610
f 7789 7645 7643
f 7757 7760 7758
f 7759 7761 7614
f 7767 7621 7623
f 7766 7622 7620
f 7765 7767 7768
f 7621 7767 7619
f 7767 7765 7619
f 7764 7620 7618
f 7766 7620 7764
f 7761 7759 7762
f 7619 7765 7615
f 7761 7617 7614
f 7762 7764 7618
f 7761 7762 7618
f 7761 7618 7617
f 7615 7763 7613
f 7763 7760 7613
f 7612 7759 7614
f 7765 7763 7615
f 7786 7644 7646
f 7646 7788 7786
f 7646 7647 7788
f 7817 7681 7816
f 7681 7680 7816
f 7816 7680 7815
f 7680 7679 7815
f 7679 7678 7815
f 7808 7814 7667
f 7814 7674 7667
f 7682 7681 7817
f 7673 7674 7814
f 7672 7673 7813
f 7812 7672 7813
f 7671 7672 7812
f 7811 7671 7812
f 7670 7671 7811
f 7810 7670 7811
f 7669 7670 7810
f 7813 7673 7814
f 7809 7669 7810
f 7818 7682 7817
f 7819 7683 7818
f 7678 7826 7827
f 7678 7827 7815
f 7693 7826 7678
f 7825 7826 7693
f 7825 7693 7824
f 7693 7692 7824
f 7824 7692 7823
f 7683 7682 7818
f 7692 7691 7823
f 7691 7690 7822
f 7690 7689 7822
f 7685 7821 7686
f 7821 7685 7820
f 7685 7684 7820
f 7820 7684 7819
f 7684 7683 7819
f 7823 7691 7822
f 7827 7828 7815
f 7809 7668 7669
f 7806 7665 7668
f 7656 7798 7797
f 7655 7656 7797
f 7796 7655 7797
f 7796 7793 7655
f 7793 7651 7655
f 7791 7794 7648
f 7794 7652 7648
f 7795 7799 7653
f 7652 7794 7653
f 7651 7793 7650
f 7650 7793 7792
f 7792 7790 7650
f 7790 7647 7650
f 7791 7648 7645
f 7789 7791 7645
f 7647 7790 7788
f 7653 7794 7795
f 7806 7668 7809
f 7799 7657 7653
f 7800 7656 7659
f 7804 7807 7663
f 7807 7666 7663
f 7666 7807 7667
f 7667 7807 7808
f 7806 7805 7665
f 7805 7664 7665
f 7803 7664 7805
f 7798 7656 7800
f 7803 7662 7664
f 7804 7663 7660
f 7803 7802 7661
f 7803 7661 7662
f 7802 7800 7661
f 7800 7659 7661
f 7799 7801 7657
f 7801 7660 7657
f 7801 7804 7660
f 7591 7452 7450
f 7591 7594 7452
f 7593 7590 7448
f 7384 7220 7382
f 7383 7381 7219
f 7381 7217 7219
f 7382 7218 7215
f 7379 7382 7215
f 7217 7381 7216
f 7216 7381 7380
f 7380 7377 7216
f 7377 7213 7216
f 7375 7378 7211
f 7378 7214 7211
f 7214 7378 7215
f 7215 7378 7379
f 7213 7377 7212
f 7212 7377 7376
f 7382 7220 7218
f 7383 7219 7221
f 7385 7383 7221
f 7221 7386 7385
f 7394 7390 7230
f 7390 7226 7230
f 7387 7393 7224
f 7393 7229 7224
f 7227 7229 7393
f 7391 7227 7393
f 7227 7391 7392
f 7376 7374 7212
f 7226 7390 7389
f 7388 7225 7389
f 7388 7386 7225
f 7386 7222 7225
f 7384 7223 7220
f 7384 7387 7224
f 7384 7224 7223
f 7222 7386 7221
f 7225 7226 7389
f 7374 7210 7212
f 7375 7211 7206
f 7373 7375 7206
f 7361 7365 7363
f 7365 7361 7366
f 7366 7361 7362
f 7364 7193 7198
f 7360 7193 7364
f 7358 7195 7192
f 7363 7358 7356
f 7363 7365 7367
f 7196 7358 7363
f 7356 7361 7363
f 7355 7361 7356
f 7361 7355 7362
f 7193 7360 7359
f 7359 7354 7193
f 7354 7190 7193
f 7188 7352 7192
f 7196 7195 7358
f 7394 7230 7395
f 7363 7367 7200
f 7364 7198 7368
f 7374 7205 7210
f 7372 7205 7374
f 7370 7208 7202
f 7208 7370 7206
f 7370 7369 7206
f 7369 7373 7206
f 7205 7372 7204
f 7196 7363 7200
f 7204 7372 7371
f 7368 7201 7204
f 7367 7202 7200
f 7370 7367 7365
f 7202 7367 7370
f 7369 7370 7365
f 7369 7365 7366
f 7368 7198 7201
f 7371 7368 7204
f 7230 7231 7395
f 7395 7231 7396
f 7231 7232 7396
f 7420 7268 7264
f 7256 7422 7412
f 7266 7422 7256
f 7421 7422 7266
f 7266 7267 7421
f 7263 7420 7264
f 7419 7263 7262
f 7420 7423 7268
f 7420 7263 7419
f 7418 7419 7261
f 7411 7418 7261
f 7411 7261 7254
f 7243 7417 7403
f 7242 7417 7243
f 7416 7417 7242
f 7260 7416 7242
f 7261 7419 7262
f 7415 7416 7260
f 7424 7269 7423
f 7269 7424 7270
f 7276 7432 7280
f 7429 7432 7276
f 7428 7274 7431
f 7278 7431 7274
f 7430 7431 7278
f 7278 7279 7430
f 7275 7429 7276
f 7423 7269 7268
f 7272 7426 7429
f 7425 7271 7427
f 7271 7274 7427
f 7274 7428 7427
f 7270 7426 7272
f 7424 7426 7270
f 7425 7267 7271
f 7421 7267 7425
f 7275 7272 7429
f 7352 7358 7192
f 7259 7415 7260
f 7258 7414 7259
f 7403 7404 7244
f 7244 7243 7403
f 7401 7237 7233
f 7237 7401 7236
f 7401 7400 7236
f 7236 7400 7235
f 7400 7399 7235
f 7244 7404 7245
f 7235 7399 7234
f 7397 7232 7234
f 7392 7402 7227
f 7402 7233 7227
f 7233 7402 7401
f 7397 7399 7398
f 7398 7396 7232
f 7397 7398 7232
f 7399 7397 7234
f 7414 7415 7259
f 7404 7405 7245
f 7405 7406 7246
f 7413 7414 7258
f 7257 7413 7258
f 7412 7413 7257
f 7257 7256 7412
f 7252 7411 7254
f 7410 7252 7251
f 7411 7252 7410
f 7245 7405 7246
f 7250 7410 7251
f 7249 7409 7250
f 7408 7409 7249
f 7248 7408 7249
f 7407 7408 7248
f 7247 7407 7248
f 7406 7407 7247
f 7246 7406 7247
f 7409 7410 7250
f 7282 7434 7433
f 7356 7358 7352
f 7357 7352 7353
f 7299 7138 7134
f 7300 7302 7139
f 7299 7300 7139
f 7299 7139 7138
f 7297 7301 7298
f 7136 7301 7133
f 7301 7297 7133
f 7130 7295 7134
f 7295 7299 7134
f 7299 7295 7300
f 7300 7295 7296
f 7292 7297 7294
f 7294 7297 7298
f 7133 7297 7129
f 7297 7292 7129
f 7136 7141 7303
f 7303 7304 7301
f 7136 7303 7301
f 7305 7142 7302
f 7314 7149 7309
f 7314 7313 7149
f 7312 7313 7314
f 7307 7311 7308
f 7307 7310 7311
f 7306 7310 7307
f 7147 7310 7144
f 7126 7290 7130
f 7310 7306 7144
f 7305 7309 7145
f 7303 7307 7304
f 7304 7307 7308
f 7303 7306 7307
f 7141 7306 7303
f 7141 7144 7306
f 7302 7142 7139
f 7305 7145 7142
f 7290 7295 7130
f 7295 7290 7296
f 7296 7290 7291
f 7277 7283 7279
f 7119 7277 7113
f 7119 7283 7277
f 7119 7282 7283
f 7282 7119 7281
f 7119 7117 7281
f 7117 7118 7281
f 7280 7284 7115
f 7280 7115 7109
f 7278 7274 7273
f 7112 7273 7108
f 7112 7278 7273
f 7112 7277 7278
f 7277 7279 7278
f 7112 7113 7277
f 7109 7105 7276
f 7276 7280 7109
f 7309 7149 7145
f 7284 7120 7115
f 7122 7285 7118
f 7288 7293 7289
f 7125 7293 7288
f 7125 7292 7293
f 7292 7294 7293
f 7125 7129 7292
f 7123 7286 7126
f 7286 7290 7126
f 7285 7281 7118
f 7290 7286 7291
f 7122 7288 7285
f 7288 7289 7285
f 7122 7125 7288
f 7120 7286 7123
f 7120 7284 7287
f 7120 7287 7286
f 7282 7281 7285
f 7291 7286 7287
f 7315 7310 7147
f 7151 7315 7147
f 7310 7315 7311
f 7177 7341 7180
f 7341 7345 7180
f 7344 7345 7341
f 7344 7341 7342
f 7178 7343 7340
f 7174 7338 7177
f 7338 7341 7177
f 7343 7178 7346
f 7341 7338 7342
f 7171 7335 7174
f 7335 7338 7174
f 7338 7335 7339
f 7339 7335 7336
f 7333 7170 7167
f 7335 7333 7332
f 7171 7333 7335
f 7342 7338 7339
f 7171 7170 7333
f 7346 7178 7181
f 7184 7183 7345
f 7355 7356 7357
f 7190 7354 7351
f 7189 7190 7351
f 7189 7351 7349
f 7349 7186 7189
f 7184 7347 7188
f 7347 7352 7188
f 7347 7344 7348
f 7352 7347 7353
f 7350 7349 7351
f 7186 7346 7181
f 7349 7346 7186
f 7349 7350 7346
f 7345 7183 7180
f 7347 7345 7344
f 7184 7345 7347
f 7353 7347 7348
f 7357 7356 7352
f 7335 7332 7336
f 7168 7334 7330
f 7323 7321 7324
f 7320 7319 7322
f 7158 7322 7154
f 7322 7319 7154
f 7317 7155 7152
f 7318 7321 7155
f 7318 7155 7317
f 7321 7323 7160
f 7316 7319 7320
f 7154 7319 7151
f 7319 7315 7151
f 7313 7152 7149
f 7317 7313 7312
f 7152 7313 7317
f 7317 7312 7318
f 7311 7315 7316
f 7315 7319 7316
f 7330 7334 7331
f 7155 7321 7160
f 7161 7325 7158
f 7330 7165 7168
f 7164 7327 7167
f 7327 7333 7167
f 7332 7333 7327
f 7332 7327 7329
f 7326 7330 7331
f 7325 7330 7326
f 7325 7322 7158
f 7165 7330 7161
f 7323 7163 7160
f 7324 7328 7327
f 7324 7327 7164
f 7324 7164 7323
f 7323 7164 7163
f 7329 7327 7328
f 7322 7325 7326
f 7330 7325 7161
f 7275 7105 7272
f 7283 7282 7433
f 7283 7433 7430
f 7541 7542 7411
f 7540 7541 7411
f 7527 7540 7411
f 7539 7540 7526
f 7526 7540 7527
f 7538 7539 7525
f 7525 7539 7526
f 7537 7538 7524
f 7524 7538 7525
f 7536 7537 7523
f 7523 7537 7524
f 7535 7536 7522
f 7522 7536 7523
f 7534 7535 7521
f 7521 7535 7522
f 7411 7542 7418
f 7542 7543 7418
f 7418 7543 7419
f 7419 7543 7544
f 7421 7552 7545
f 7421 7425 7552
f 7423 7550 7424
f 7549 7423 7420
f 7551 7423 7549
f 7551 7550 7423
f 7549 7420 7544
f 7403 7533 7534
f 7548 7530 7529
f 7528 7548 7529
f 7412 7547 7528
f 7412 7546 7547
f 7546 7412 7545
f 7412 7422 7545
f 7422 7421 7545
f 7420 7419 7544
f 7547 7548 7528
f 7403 7534 7521
f 7417 7533 7403
f 7532 7533 7417
f 7522 7405 7521
f 7405 7404 7521
f 7404 7403 7521
f 7511 7520 7392
f 7520 7402 7392
f 7401 7402 7520
f 7519 7401 7520
f 7406 7405 7522
f 7400 7401 7519
f 7399 7400 7518
f 7517 7399 7518
f 7398 7399 7517
f 7516 7398 7517
f 7396 7398 7516
f 7515 7396 7516
f 7395 7396 7515
f 7518 7400 7519
f 7545 7552 7553
f 7523 7406 7522
f 7524 7407 7523
f 7416 7532 7417
f 7531 7532 7416
f 7415 7531 7416
f 7530 7531 7415
f 7530 7415 7529
f 7415 7414 7529
f 7529 7414 7528
f 7407 7406 7523
f 7414 7413 7528
f 7410 7527 7411
f 7527 7410 7526
f 7410 7409 7526
f 7526 7409 7525
f 7409 7408 7525
f 7525 7408 7524
f 7408 7407 7524
f 7413 7412 7528
f 7546 7545 7553
f 7554 7550 7551
f 7424 7550 7555
f 7582 7583 7580
f 7442 7444 7582
f 7581 7443 7441
f 7579 7581 7441
f 7576 7580 7578
f 7442 7580 7440
f 7580 7576 7440
f 7442 7582 7580
f 7579 7441 7438
f 7571 7577 7573
f 7439 7571 7437
f 7439 7577 7571
f 7439 7576 7577
f 7576 7578 7577
f 7439 7440 7576
f 7435 7575 7438
f 7575 7579 7438
f 7569 7575 7435
f 7584 7445 7581
f 7585 7582 7444
f 7592 7593 7448
f 7448 7451 7592
f 7587 7449 7447
f 7588 7591 7450
f 7588 7450 7587
f 7587 7450 7449
f 7585 7589 7586
f 7581 7445 7443
f 7590 7446 7448
f 7589 7585 7446
f 7445 7584 7447
f 7584 7587 7447
f 7587 7584 7588
f 7582 7585 7583
f 7583 7585 7586
f 7446 7585 7444
f 7589 7446 7590
f 7514 7395 7515
f 7569 7574 7575
f 7572 7567 7566
f 7431 7562 7556
f 7431 7561 7562
f 7561 7563 7562
f 7431 7430 7561
f 7426 7560 7429
f 7555 7560 7426
f 7555 7559 7560
f 7431 7556 7428
f 7554 7559 7555
f 7427 7552 7425
f 7427 7557 7552
f 7427 7556 7557
f 7556 7558 7557
f 7427 7428 7556
f 7424 7555 7426
f 7555 7550 7554
f 7557 7553 7552
f 7570 7574 7569
f 7556 7562 7558
f 7429 7560 7565
f 7436 7566 7434
f 7436 7572 7566
f 7436 7571 7572
f 7571 7573 7572
f 7436 7437 7571
f 7432 7564 7435
f 7564 7569 7435
f 7429 7565 7564
f 7569 7564 7570
f 7561 7568 7563
f 7430 7568 7561
f 7430 7567 7568
f 7567 7430 7566
f 7430 7433 7566
f 7433 7434 7566
f 7429 7564 7432
f 7570 7564 7565
f 7279 7283 7430
f 7394 7395 7514
f 7513 7509 7394
f 7462 7322 7326
f 7460 7324 7321
f 7463 7324 7460
f 7458 7320 7461
f 7320 7322 7461
f 7322 7462 7461
f 7457 7459 7318
f 7459 7321 7318
f 7321 7459 7460
f 7458 7316 7320
f 7456 7316 7458
f 7457 7318 7312
f 7455 7457 7312
f 7456 7311 7316
f 7453 7311 7456
f 7464 7462 7326
f 7326 7465 7464
f 7463 7329 7328
f 7463 7466 7329
f 7474 7337 7340
f 7472 7337 7474
f 7473 7339 7336
f 7471 7473 7336
f 7472 7334 7337
f 7470 7334 7472
f 7471 7336 7332
f 7452 7314 7309
f 7469 7471 7332
f 7467 7331 7470
f 7466 7468 7329
f 7468 7332 7329
f 7332 7468 7469
f 7467 7326 7331
f 7465 7326 7467
f 7463 7328 7324
f 7470 7331 7334
f 7314 7454 7312
f 7452 7454 7314
f 7312 7454 7455
f 7441 7443 7291
f 7442 7440 7289
f 7442 7289 7293
f 7293 7294 7442
f 7441 7291 7287
f 7438 7441 7287
f 7437 7285 7439
f 7443 7296 7291
f 7285 7289 7439
f 7438 7287 7284
f 7435 7438 7284
f 7434 7282 7436
f 7282 7285 7436
f 7285 7437 7436
f 7435 7284 7280
f 7432 7435 7280
f 7289 7440 7439
f 7475 7342 7473
f 7442 7294 7444
f 7443 7445 7296
f 7453 7308 7311
f 7451 7308 7453
f 7450 7309 7305
f 7452 7309 7450
f 7451 7304 7308
f 7448 7304 7451
f 7447 7449 7302
f 7444 7294 7298
f 7449 7305 7302
f 7448 7446 7301
f 7301 7304 7448
f 7447 7302 7300
f 7445 7447 7300
f 7446 7298 7301
f 7444 7298 7446
f 7445 7300 7296
f 7305 7449 7450
f 7473 7342 7339
f 7474 7340 7476
f 7476 7340 7343
f 7503 7501 7383
f 7501 7381 7383
f 7502 7382 7379
f 7499 7502 7379
f 7381 7501 7380
f 7380 7501 7500
f 7500 7497 7380
f 7504 7384 7382
f 7497 7377 7380
f 7498 7378 7375
f 7378 7498 7379
f 7379 7498 7499
f 7377 7497 7495
f 7376 7377 7495
f 7495 7374 7376
f 7496 7375 7373
f 7496 7498 7375
f 7494 7496 7373
f 7502 7504 7382
f 7505 7503 7385
f 7509 7390 7394
f 7507 7512 7387
f 7512 7393 7387
f 7391 7393 7512
f 7510 7391 7512
f 7391 7510 7392
f 7392 7510 7511
f 7503 7383 7385
f 7390 7509 7389
f 7508 7388 7389
f 7506 7388 7508
f 7506 7386 7388
f 7507 7387 7384
f 7504 7507 7384
f 7506 7505 7385
f 7506 7385 7386
f 7389 7509 7508
f 7513 7394 7514
f 7374 7493 7372
f 7494 7373 7369
f 7357 7483 7355
f 7481 7483 7357
f 7355 7483 7484
f 7482 7351 7354
f 7480 7351 7482
f 7479 7353 7348
f 7481 7353 7479
f 7481 7357 7353
f 7351 7480 7478
f 7478 7346 7350
f 7479 7348 7344
f 7477 7479 7344
f 7346 7476 7343
f 7478 7476 7346
f 7475 7344 7342
f 7475 7477 7344
f 7350 7351 7478
f 7495 7493 7374
f 7482 7354 7359
f 7359 7486 7485
f 7492 7494 7369
f 7372 7493 7490
f 7371 7372 7490
f 7490 7368 7371
f 7489 7491 7366
f 7491 7369 7366
f 7369 7491 7492
f 7485 7482 7359
f 7368 7488 7364
f 7489 7366 7362
f 7487 7489 7362
f 7488 7360 7364
f 7486 7360 7488
f 7487 7362 7355
f 7484 7487 7355
f 7360 7486 7359
f 7490 7488 7368
f 4111 3898 3907
f 4692 4487 4489
f 9139 9090 9085
f 2363 2113 2109
f 970 735 728
f 2363 2114 2113
f 2363 2365 2114
f 964 970 728
f 2365 2368 2114
f 2367 2110 2369
f 969 726 733
f 2110 2115 2369
f 2369 2115 2370
f 2115 2371 2370
f 2116 2371 2115
f 963 726 969
f 966 730 971
f 2114 2372 2119
f 2114 2368 2372
f 724 962 967
f 2368 2373 2372
f 724 967 731
f 2120 2374 2116
f 2116 2374 2371
f 2375 2119 2372
f 2123 2119 2375
f 2373 2376 2372
f 2372 2376 2375
f 2373 2377 2376
f 2374 2120 2378
f 2120 2379 2378
f 967 968 731
f 2366 2361 2106
f 971 730 737
f 2366 2106 2110
f 2351 2096 2354
f 2354 2096 2098
f 973 740 741
f 2097 2353 2100
f 2100 2353 2355
f 2354 2098 2101
f 2356 2354 2101
f 973 969 740
f 969 733 740
f 2101 2357 2356
f 2102 2357 2101
f 2358 2355 2359
f 2358 2104 2355
f 2104 2100 2355
f 2359 2360 2358
f 2105 2361 2362
f 2105 2362 2102
f 2102 2362 2357
f 2105 2106 2361
f 2358 2108 2104
f 2108 2363 2109
f 2358 2363 2108
f 739 968 972
f 731 968 739
f 2358 2364 2363
f 2358 2360 2364
f 2364 2365 2363
f 2362 2361 2366
f 2366 2110 2367
f 730 966 729
f 2352 2353 2097
f 2120 2125 2379
f 729 966 965
f 960 715 723
f 955 715 960
f 2385 2390 2389
f 2391 2392 2390
f 2388 2137 2142
f 2393 2388 2142
f 959 721 714
f 954 959 714
f 2394 2393 2143
f 719 958 718
f 2393 2142 2143
f 958 953 718
f 2395 2141 2389
f 2386 2390 2385
f 2146 2141 2395
f 953 713 718
f 2390 2396 2395
f 956 957 717
f 956 716 951
f 2392 2397 2390
f 2390 2397 2396
f 2392 2398 2397
f 2394 2143 2399
f 717 716 956
f 2143 2147 2399
f 951 716 712
f 2399 2147 2400
f 2147 2401 2400
f 2389 2390 2395
f 2386 2391 2390
f 2384 2385 2389
f 2140 2384 2389
f 2128 2380 2129
f 2128 2375 2380
f 965 960 729
f 2375 2376 2380
f 2377 2381 2380
f 2376 2377 2380
f 2379 2125 2130
f 2382 2379 2130
f 2130 2383 2382
f 960 723 729
f 964 728 721
f 2132 2383 2130
f 959 964 721
f 2384 2129 2380
f 2134 2129 2384
f 963 719 726
f 2381 2385 2380
f 958 719 963
f 2380 2385 2384
f 2381 2386 2385
f 2383 2132 2135
f 961 962 724
f 2387 2383 2135
f 2135 2388 2387
f 2137 2388 2135
f 717 957 961
f 717 961 724
f 2384 2140 2134
f 2140 2389 2141
f 2375 2128 2123
f 2149 2401 2147
f 2097 2094 2349
f 974 742 735
f 2322 2325 2058
f 2325 2059 2058
f 985 990 759
f 2060 2059 2326
f 2326 2059 2325
f 2326 2327 2060
f 759 990 760
f 985 759 755
f 2328 2323 2057
f 2061 2328 2057
f 2324 2328 2329
f 2323 2328 2324
f 757 988 756
f 2322 2058 2320
f 2327 2330 2060
f 751 989 984
f 2064 2063 2331
f 2331 2063 2330
f 2331 2332 2064
f 756 989 751
f 2328 2061 2065
f 2065 2329 2328
f 756 988 989
f 2065 2066 2329
f 2066 2333 2329
f 986 987 985
f 981 983 986
f 981 986 985
f 2330 2063 2060
f 2320 2058 2056
f 2317 2323 2318
f 2318 2323 2324
f 990 992 764
f 2312 2309 2308
f 992 995 764
f 764 760 990
f 757 762 994
f 2310 2314 2049
f 2049 2314 2051
f 2314 2315 2051
f 993 988 994
f 2051 2315 2052
f 988 757 994
f 989 988 993
f 2052 2315 2316
f 991 992 990
f 2053 2052 2316
f 2317 2311 2050
f 2054 2317 2050
f 2313 2317 2318
f 2311 2317 2313
f 2316 2055 2053
f 2319 2055 2316
f 2320 2056 2055
f 2320 2055 2321
f 2321 2055 2319
f 985 987 991
f 985 991 990
f 2321 2322 2320
f 2323 2317 2054
f 2057 2323 2054
f 981 985 754
f 741 742 974
f 2332 2067 2064
f 754 749 981
f 2083 2343 2345
f 2084 2083 2345
f 975 744 979
f 2344 2081 2085
f 2346 2344 2085
f 741 974 978
f 973 741 978
f 2086 2346 2085
f 2345 2088 2084
f 976 977 745
f 745 739 972
f 2088 2345 2347
f 745 972 976
f 979 744 747
f 2089 2088 2347
f 744 975 743
f 2348 2086 2091
f 2347 2093 2089
f 975 971 743
f 2093 2347 2349
f 971 737 743
f 2094 2093 2349
f 2348 2091 2095
f 2350 2348 2095
f 2095 2351 2350
f 2096 2351 2095
f 2097 2349 2352
f 970 974 735
f 2346 2086 2348
f 2343 2083 2080
f 2344 2076 2081
f 2342 2076 2344
f 2068 2067 2334
f 2334 2067 2332
f 2334 2335 2068
f 2333 2066 2336
f 2336 2066 2069
f 751 984 750
f 2068 2335 2071
f 2071 2335 2337
f 2336 2069 2072
f 2338 2336 2072
f 984 979 750
f 2337 2074 2071
f 979 747 750
f 982 983 981
f 749 980 981
f 2339 2075 2074
f 2339 2074 2340
f 2340 2074 2337
f 2340 2341 2339
f 2338 2072 2076
f 980 982 981
f 745 977 980
f 2342 2338 2076
f 745 980 749
f 2339 2077 2075
f 2341 2077 2339
f 2341 2079 2077
f 2079 2341 2343
f 2080 2079 2343
f 754 985 755
f 2395 2153 2146
f 2153 2402 2154
f 2153 2395 2402
f 2449 2455 2454
f 2448 2449 2454
f 2451 2452 2456
f 2458 2456 2452
f 2458 2452 2457
f 2457 2452 2219
f 689 924 918
f 2225 2459 2219
f 2459 2457 2219
f 924 925 918
f 2225 2227 2459
f 689 697 924
f 2235 2224 2460
f 2448 2454 2453
f 696 695 923
f 2224 2453 2460
f 2453 2461 2460
f 917 922 695
f 2462 2461 2454
f 2454 2461 2453
f 2454 2455 2462
f 2458 2457 2463
f 2465 2463 2457
f 2465 2457 2464
f 2464 2457 2459
f 2236 2459 2227
f 2236 2466 2459
f 2466 2464 2459
f 695 922 923
f 2217 2448 2453
f 2217 2453 2224
f 919 698 692
f 2445 2206 2211
f 2445 2442 2206
f 2212 2446 2211
f 936 698 926
f 924 934 925
f 935 697 702
f 934 697 935
f 2210 2443 2217
f 2443 2448 2217
f 934 924 697
f 2444 2449 2448
f 701 696 933
f 696 923 933
f 2443 2444 2448
f 2447 2446 2450
f 2446 2212 2451
f 2450 2446 2451
f 2451 2218 2452
f 921 920 931
f 921 931 932
f 2451 2212 2218
f 700 931 694
f 931 920 694
f 929 930 928
f 2219 2452 2218
f 926 927 928
f 927 929 928
f 927 926 698
f 919 927 698
f 2237 2466 2236
f 703 698 936
f 2467 2466 2237
f 2238 2467 2237
f 916 687 686
f 2479 2473 2480
f 2480 2473 2474
f 2474 2250 2480
f 2250 2481 2480
f 917 687 916
f 2261 2481 2250
f 685 916 686
f 915 916 685
f 684 915 685
f 2482 2268 2269
f 2260 2482 2269
f 914 915 684
f 2478 2472 2479
f 683 914 684
f 2475 2483 2482
f 913 914 683
f 2475 2476 2483
f 2476 2484 2483
f 2477 2485 2484
f 2476 2477 2484
f 682 913 683
f 912 913 682
f 677 912 682
f 2479 2480 2486
f 2480 2481 2487
f 911 912 677
f 2486 2480 2487
f 2260 2475 2482
f 2472 2473 2479
f 2471 2472 2478
f 2469 2470 2476
f 2468 2235 2460
f 2249 2235 2468
f 2460 2461 2468
f 910 909 921
f 2461 2469 2468
f 2462 2470 2469
f 2461 2462 2469
f 2465 2464 2471
f 2471 2464 2472
f 909 920 921
f 681 920 909
f 681 693 920
f 693 694 920
f 2472 2464 2466
f 2466 2467 2472
f 2467 2473 2472
f 2467 2238 2473
f 2238 2474 2473
f 691 919 692
f 919 691 918
f 2250 2474 2238
f 691 690 918
f 690 689 918
f 687 917 688
f 2475 2249 2468
f 2260 2249 2475
f 2468 2469 2475
f 2469 2476 2475
f 2470 2477 2476
f 917 695 688
f 2445 2211 2447
f 2447 2211 2446
f 2441 2442 2445
f 712 711 950
f 2409 2413 2408
f 2408 2413 2412
f 2409 2414 2413
f 2410 2161 2415
f 2417 2165 2416
f 2415 2165 2417
f 2415 2161 2165
f 949 711 942
f 942 711 707
f 2165 2166 2416
f 2169 2164 2411
f 2411 2412 2169
f 950 711 949
f 2412 2418 2169
f 2413 2419 2418
f 2414 2420 2419
f 2413 2414 2419
f 2417 2416 2421
f 2423 2170 2422
f 2421 2170 2423
f 2421 2166 2170
f 2421 2416 2166
f 2170 2171 2422
f 947 705 710
f 947 939 705
f 947 948 939
f 2169 2418 2175
f 2412 2413 2418
f 950 951 712
f 952 943 708
f 2408 2412 2411
f 2395 2396 2402
f 2396 2397 2402
f 2397 2403 2402
f 2398 2404 2403
f 2397 2398 2403
f 2401 2149 2155
f 2405 2401 2155
f 2155 2406 2405
f 2157 2406 2155
f 2407 2154 2402
f 2160 2154 2407
f 2402 2403 2407
f 710 715 955
f 947 710 955
f 946 947 955
f 945 946 954
f 2403 2408 2407
f 954 714 709
f 2404 2409 2408
f 2403 2404 2408
f 2161 2410 2157
f 2157 2410 2406
f 954 709 945
f 943 952 944
f 953 708 713
f 952 708 953
f 2411 2160 2407
f 2164 2160 2411
f 2407 2408 2411
f 2418 2419 2175
f 2419 2424 2175
f 2420 2425 2424
f 2419 2420 2424
f 704 931 700
f 2431 2186 2435
f 704 940 931
f 2186 2192 2435
f 2436 2190 2433
f 2196 2190 2436
f 2434 2437 2436
f 2433 2434 2436
f 2435 2192 2197
f 2438 2435 2197
f 704 939 940
f 2438 2197 2198
f 704 705 939
f 928 930 937
f 2439 2196 2436
f 2203 2196 2439
f 2437 2440 2439
f 2436 2437 2439
f 2438 2198 2441
f 2441 2204 2442
f 930 938 937
f 2441 2198 2204
f 928 937 936
f 2204 2206 2442
f 2443 2203 2439
f 926 928 936
f 2210 2203 2443
f 2440 2444 2443
f 2439 2440 2443
f 931 940 932
f 2308 2307 2311
f 933 706 701
f 2432 2431 2435
f 2423 2422 2426
f 2422 2171 2176
f 2422 2176 2426
f 2426 2176 2427
f 948 947 937
f 938 948 937
f 946 937 947
f 937 945 936
f 2427 2176 2177
f 946 945 937
f 709 703 945
f 2175 2428 2183
f 945 703 936
f 2175 2424 2428
f 944 935 702
f 943 944 702
f 2425 2429 2428
f 2424 2425 2428
f 702 708 943
f 2432 2184 2431
f 2430 2184 2432
f 2430 2177 2184
f 707 706 942
f 2184 2186 2431
f 2433 2183 2428
f 2190 2183 2433
f 2429 2434 2433
f 2428 2429 2433
f 706 941 942
f 941 706 933
f 676 911 677
f 2312 2308 2311
f 2050 2311 2048
f 2198 1941 2199
f 1055 1061 1060
f 2198 1932 1941
f 1054 1055 1060
f 1941 1943 2199
f 2200 1940 2193
f 1954 1940 2200
f 2193 2194 2200
f 2194 2201 2200
f 847 837 1060
f 1060 837 1054
f 2194 2195 2201
f 2195 2202 2201
f 2197 2191 2198
f 2196 2203 2202
f 2198 2199 2204
f 2206 1955 2205
f 2204 1955 2206
f 2204 1943 1955
f 2204 2199 1943
f 1956 2205 1955
f 838 840 1058
f 1057 1053 831
f 1057 831 838
f 1057 838 1059
f 2207 1954 2200
f 1972 1954 2207
f 2200 2201 2207
f 2195 2196 2202
f 2191 1932 2198
f 1056 1062 1061
f 2192 2191 2197
f 1930 2179 2187
f 2179 2180 2187
f 2180 2181 2187
f 2181 2188 2187
f 1061 1066 1065
f 2181 2182 2188
f 2182 2189 2188
f 2183 2190 2189
f 2182 2183 2189
f 2192 2186 2185
f 2191 2192 2185
f 1932 2185 1924
f 1060 1061 1065
f 856 847 1065
f 1932 2191 2185
f 1065 847 1060
f 2193 1931 2187
f 1940 1931 2193
f 2187 2188 2193
f 848 1063 1058
f 848 1058 840
f 2188 2194 2193
f 2188 2189 2194
f 1063 1064 1058
f 2189 2195 2194
f 2190 2196 2195
f 2189 2190 2195
f 1064 1059 1058
f 1055 1056 1061
f 2201 2208 2207
f 1930 2187 1931
f 1059 838 1058
f 2202 2209 2208
f 1045 1051 1050
f 2219 2214 2220
f 2220 2214 1975
f 1044 1050 1049
f 1988 2221 1975
f 1043 1044 1049
f 2221 2220 1975
f 1989 2221 1988
f 1043 1049 828
f 820 1043 828
f 1999 1987 2222
f 1987 2215 2222
f 2215 2223 2222
f 2218 2213 2219
f 2224 2223 2216
f 821 823 1047
f 2216 2217 2224
f 2219 2220 2225
f 1046 1041 816
f 2227 2225 2220
f 2227 2220 2226
f 2226 2220 2221
f 2221 1989 2226
f 1046 816 821
f 1989 2228 2226
f 1046 821 1048
f 1048 821 1047
f 2000 2229 1989
f 2216 2223 2215
f 2213 2214 2219
f 2212 2213 2218
f 2209 2210 2217
f 2203 2210 2209
f 2202 2203 2209
f 2206 2205 2211
f 1052 1053 1057
f 1050 1051 1055
f 1051 1056 1055
f 2205 1956 2212
f 2211 2205 2212
f 1050 1055 1054
f 2212 1973 2213
f 1049 1050 1054
f 2212 1956 1973
f 828 1049 1054
f 1974 2213 1973
f 2214 2213 1974
f 1975 2214 1974
f 828 1054 837
f 829 831 1053
f 1052 1047 823
f 1052 823 829
f 1052 829 1053
f 1048 1047 1052
f 1972 2207 1987
f 2207 2215 1987
f 2207 2208 2215
f 2208 2216 2215
f 1044 1045 1050
f 2217 2216 2209
f 2209 2216 2208
f 2201 2202 2208
f 2229 2228 1989
f 2179 1930 1921
f 2184 2178 1917
f 1085 1079 870
f 1895 1890 2150
f 1085 870 881
f 2150 2151 1895
f 1085 881 1086
f 2151 2158 1895
f 1084 1077 1085
f 2151 2152 2158
f 2152 2159 2158
f 2154 2160 2159
f 2152 2154 2159
f 2157 2156 2161
f 1077 1079 1085
f 1891 1892 2156
f 2156 1892 2161
f 1078 1077 1084
f 1895 2162 1901
f 1074 1083 1082
f 1073 1082 1081
f 1074 1082 1073
f 1895 2158 2162
f 2158 2159 2162
f 2159 2163 2162
f 2160 2164 2163
f 2159 2160 2163
f 2161 1897 1902
f 2165 2161 1902
f 1073 1081 1080
f 1892 1897 2161
f 2155 2148 1887
f 882 1086 881
f 2155 1887 1891
f 1083 1091 1090
f 1082 1090 1089
f 2144 1879 2138
f 1885 1879 2144
f 2138 2139 2144
f 2139 2145 2144
f 2141 2146 2145
f 2139 2141 2145
f 1081 1082 1089
f 1081 1089 1088
f 1080 1081 1088
f 2149 1886 2148
f 2147 1886 2149
f 2147 1881 1886
f 1080 1088 1087
f 1886 1887 2148
f 2150 1885 2144
f 1890 1885 2150
f 880 1080 1087
f 2144 2145 2150
f 892 880 1087
f 2145 2151 2150
f 2146 2153 2152
f 2146 2152 2145
f 2145 2152 2151
f 2153 2154 2152
f 2149 2148 2155
f 2157 1891 2156
f 2155 1891 2157
f 2166 2165 1903
f 1922 1924 2185
f 2165 1902 1903
f 1072 1080 880
f 1908 1914 2176
f 2176 1914 2177
f 2177 1915 2178
f 1072 856 1065
f 857 859 1071
f 2177 1914 1915
f 1071 1069 848
f 857 1071 848
f 1069 1063 848
f 1915 1917 2178
f 1070 1063 1069
f 1070 1068 1063
f 2179 1913 2172
f 866 856 1072
f 1921 1913 2179
f 2173 2180 2179
f 1064 1063 1068
f 2173 2174 2180
f 2174 2181 2180
f 1061 1062 1066
f 2175 2182 2174
f 2174 2182 2181
f 2175 2183 2182
f 1062 1067 1066
f 2177 2178 2184
f 2186 1922 2185
f 2184 1922 2186
f 2184 1917 1922
f 2172 2173 2179
f 2171 1908 2176
f 2169 2175 2174
f 2168 2174 2173
f 866 1072 880
f 2167 1901 2162
f 868 870 1079
f 1079 1077 868
f 1907 1901 2167
f 2162 2163 2167
f 2163 2168 2167
f 2164 2169 2168
f 2163 2164 2168
f 868 1077 867
f 2166 1903 2170
f 1076 1071 859
f 2170 1908 2171
f 2170 1903 1908
f 1076 859 867
f 1076 867 1078
f 2172 1907 2167
f 1078 867 1077
f 1913 1907 2172
f 1075 1069 1076
f 1069 1071 1076
f 1070 1069 1075
f 1066 1067 1073
f 2167 2168 2172
f 1067 1074 1073
f 2168 2173 2172
f 1066 1073 1072
f 1065 1066 1072
f 2169 2174 2168
f 1072 1073 1080
f 2001 2229 2000
f 1042 1041 1046
f 1038 1039 1044
f 2032 2031 2284
f 2285 2032 2284
f 2033 2032 2285
f 2286 2033 2285
f 2033 2286 2034
f 1012 788 782
f 2038 2037 2287
f 785 1016 783
f 2039 2038 2287
f 2288 2039 2287
f 2040 2039 2288
f 2289 2040 2288
f 2027 2040 2289
f 2284 2031 2283
f 2027 2289 2278
f 2278 2290 2279
f 2279 2290 2291
f 1016 1011 783
f 2279 2291 2280
f 1011 778 783
f 2280 2291 2292
f 1014 1015 1013
f 1007 1013 1012
f 2293 2281 2292
f 2281 2280 2292
f 1009 1013 1007
f 2293 2282 2281
f 1009 1014 1013
f 2278 2289 2290
f 2031 2030 2283
f 788 1017 789
f 2283 2030 2282
f 2266 2273 2265
f 790 792 1022
f 2266 2267 2275
f 2274 2266 2275
f 785 1023 1016
f 2267 2268 2275
f 2271 2272 2276
f 790 1023 785
f 2272 2273 2277
f 2276 2272 2277
f 2273 2274 2277
f 2026 2027 2278
f 790 1022 1023
f 2028 2026 2278
f 2279 2028 2278
f 2029 2028 2279
f 2280 2029 2279
f 1020 1021 1019
f 1018 1015 1019
f 1015 1020 1019
f 2019 2029 2280
f 2281 2019 2280
f 1013 1018 1017
f 2020 2019 2281
f 2282 2020 2281
f 1015 1018 1013
f 1012 1013 1017
f 2030 2020 2282
f 788 1012 1017
f 1006 1007 1012
f 2274 2273 2266
f 781 1006 1012
f 1006 781 776
f 997 1002 1001
f 997 1001 772
f 772 1001 773
f 997 772 768
f 2288 2304 2289
f 765 769 999
f 999 1000 765
f 2303 2304 2288
f 1000 996 765
f 2304 2290 2289
f 995 998 997
f 764 995 997
f 764 997 768
f 997 998 1002
f 2298 2046 2043
f 2046 2305 2306
f 2047 2046 2306
f 2044 2048 2307
f 2044 2307 2299
f 2299 2307 2308
f 2299 2308 2300
f 2300 2308 2309
f 762 996 994
f 2300 2309 2302
f 765 996 762
f 2047 2306 2310
f 2049 2047 2310
f 2311 2307 2048
f 2305 2046 2298
f 1002 1003 1001
f 1000 999 1004
f 1004 774 1005
f 2284 2294 2285
f 774 778 1011
f 2285 2295 2286
f 2294 2295 2285
f 774 1011 1010
f 2286 2041 2034
f 2286 2295 2041
f 2295 2296 2041
f 2296 2297 2041
f 1005 774 1010
f 1008 1009 1007
f 1001 1007 1006
f 1003 1007 1001
f 1003 1008 1007
f 2041 2297 2042
f 2042 2297 2298
f 776 773 1006
f 2043 2042 2298
f 2045 2044 2299
f 2037 2045 2299
f 2300 2037 2299
f 2300 2302 2301
f 1006 773 1001
f 2037 2300 2301
f 2037 2301 2287
f 2287 2303 2288
f 2301 2303 2287
f 1004 999 769
f 1004 769 774
f 781 1012 782
f 1017 797 789
f 2265 2273 2272
f 2264 2265 2272
f 1033 1038 1032
f 2230 2231 2239
f 2231 2240 2239
f 2231 2003 2240
f 2003 2241 2240
f 1032 1037 1036
f 1031 1032 1036
f 813 806 1036
f 1036 806 1031
f 2010 2242 2003
f 2242 2241 2003
f 2011 2242 2010
f 800 808 1035
f 1032 1038 1037
f 2243 2242 2011
f 1035 1029 800
f 2244 2243 2012
f 2013 2244 2012
f 2245 2244 2013
f 1034 1029 1035
f 2009 2245 2013
f 2009 2232 2245
f 2232 2246 2245
f 2232 2233 2246
f 2233 2247 2246
f 2233 2234 2247
f 1030 1029 1034
f 2234 2248 2247
f 2012 2243 2011
f 2239 2229 2230
f 2238 2229 2239
f 1033 1039 1038
f 2230 2229 2001
f 2002 2230 2001
f 2231 2230 2002
f 2003 2231 2002
f 1039 1045 1044
f 1038 1044 1043
f 1037 1038 1043
f 1037 1043 820
f 1036 1037 820
f 2008 2232 2009
f 1999 2232 2008
f 1999 2222 2232
f 2222 2233 2232
f 820 813 1036
f 2222 2223 2233
f 2223 2234 2233
f 2224 2235 2234
f 2223 2224 2234
f 814 816 1041
f 1040 1035 808
f 1040 808 814
f 1040 814 1042
f 2227 2226 2236
f 2226 2228 2237
f 2236 2226 2237
f 2228 2229 2238
f 1042 814 1041
f 1034 1035 1040
f 2237 2228 2238
f 2235 2249 2248
f 2234 2235 2248
f 1025 1027 1032
f 2238 2239 2250
f 2253 2254 2263
f 2254 2264 2263
f 1028 799 1030
f 2254 2255 2264
f 2255 2265 2264
f 2255 2256 2265
f 1030 799 1029
f 1023 1022 1028
f 2256 2266 2265
f 2256 2257 2266
f 2257 2267 2266
f 1026 1027 1025
f 1019 1025 1024
f 2268 2267 2258
f 2258 2267 2257
f 2258 2259 2269
f 2268 2258 2269
f 2259 2260 2269
f 2261 2262 2270
f 1021 1025 1019
f 2262 2263 2271
f 2270 2262 2271
f 1021 1026 1025
f 1019 1024 798
f 2271 2263 2272
f 1018 1019 798
f 2272 2263 2264
f 1017 1018 798
f 797 1017 798
f 1028 792 799
f 2312 2311 2313
f 1028 1022 792
f 2253 2263 2262
f 1027 1033 1032
f 1025 1032 1031
f 2250 2239 2251
f 2251 2239 2240
f 2240 2241 2251
f 2241 2252 2251
f 2241 2242 2252
f 2242 2253 2252
f 2242 2243 2253
f 2243 2254 2253
f 2243 2244 2254
f 2244 2255 2254
f 2244 2245 2255
f 1024 1025 1031
f 798 1024 1031
f 2245 2256 2255
f 2245 2246 2256
f 2246 2257 2256
f 2246 2247 2257
f 2247 2258 2257
f 798 1031 806
f 2247 2248 2258
f 2248 2259 2258
f 2249 2260 2259
f 2248 2249 2259
f 2250 2251 2261
f 2261 2251 2262
f 2262 2251 2252
f 2252 2253 2262
f 800 1029 799
f 2487 2481 2488
f 2488 2481 2261
f 910 911 676
f 2672 2684 2673
f 2682 2684 2672
f 2673 2685 2674
f 2684 2685 2673
f 2674 2686 2675
f 2685 2686 2674
f 2687 2675 2686
f 748 752 517
f 2687 2676 2675
f 2676 2687 2677
f 2677 2687 2688
f 517 752 518
f 2689 2678 2688
f 2531 2672 2528
f 2678 2677 2688
f 748 517 513
f 750 746 511
f 2680 2690 2529
f 750 511 514
f 2529 2690 2532
f 2690 2691 2532
f 2532 2691 2533
f 2533 2691 2692
f 2534 2533 2692
f 750 514 751
f 2530 2693 2694
f 2530 2694 2681
f 2681 2694 2683
f 2678 2689 2679
f 2531 2682 2672
f 2531 2681 2682
f 2681 2683 2682
f 2664 2669 2519
f 2669 2670 2519
f 2519 2670 2526
f 2526 2670 2671
f 2527 2526 2671
f 2520 2528 2672
f 2521 2520 2672
f 2673 2521 2672
f 2522 2521 2673
f 514 519 756
f 2674 2522 2673
f 2523 2522 2674
f 2675 2523 2674
f 2524 2523 2675
f 2676 2524 2675
f 751 514 756
f 2524 2676 2665
f 2665 2676 2677
f 2665 2677 2666
f 2666 2677 2678
f 2668 2678 2679
f 754 755 753
f 2666 2678 2668
f 752 749 753
f 749 754 753
f 748 749 752
f 2527 2671 2680
f 2529 2527 2680
f 2531 2530 2681
f 747 746 750
f 756 519 757
f 513 509 745
f 2692 2536 2534
f 732 501 741
f 2544 2703 2545
f 733 732 740
f 2703 2704 2545
f 2545 2704 2546
f 2546 2704 2705
f 2547 2546 2705
f 2706 2702 2543
f 2548 2706 2543
f 731 739 738
f 504 500 731
f 738 504 731
f 2705 2549 2547
f 2701 2703 2544
f 2707 2549 2705
f 2550 2549 2708
f 2709 2706 2548
f 2551 2709 2548
f 497 502 736
f 736 737 497
f 737 730 497
f 727 728 734
f 728 735 734
f 2552 2550 2708
f 2708 2710 2552
f 727 734 501
f 2709 2551 2553
f 496 727 501
f 2549 2707 2708
f 740 732 741
f 501 734 742
f 741 501 742
f 2695 2536 2692
f 2695 2696 2536
f 2536 2696 2537
f 2537 2696 2697
f 2538 2537 2697
f 510 511 746
f 506 747 744
f 510 747 506
f 510 746 747
f 2693 2535 2698
f 509 739 745
f 508 739 509
f 2698 2535 2539
f 508 738 739
f 2697 2540 2538
f 2699 2540 2697
f 2699 2700 2540
f 738 508 504
f 2540 2700 2541
f 2541 2700 2701
f 502 506 744
f 736 502 744
f 2542 2541 2701
f 736 744 743
f 737 736 743
f 2702 2698 2543
f 2543 2698 2539
f 734 735 742
f 2701 2544 2542
f 748 513 745
f 2553 2711 2709
f 521 757 519
f 524 752 525
f 2645 2486 2487
f 781 782 780
f 775 780 779
f 776 780 775
f 2494 2485 2646
f 2646 2485 2643
f 776 781 780
f 552 775 779
f 552 779 560
f 2647 2487 2495
f 553 555 777
f 548 778 774
f 553 778 548
f 778 777 783
f 553 777 778
f 773 776 775
f 2503 2504 2648
f 771 775 552
f 770 771 552
f 2494 2649 2504
f 2504 2649 2648
f 552 546 770
f 2494 2646 2649
f 2647 2495 2650
f 539 548 774
f 2495 2505 2650
f 2650 2505 2651
f 2651 2505 2652
f 771 773 775
f 785 561 784
f 783 561 785
f 2644 2486 2645
f 790 784 563
f 790 563 571
f 790 571 792
f 2636 2638 2470
f 2462 2636 2470
f 792 571 791
f 2471 2639 2465
f 2465 2639 2637
f 785 784 790
f 788 789 787
f 780 787 786
f 2638 2640 2477
f 2470 2638 2477
f 2639 2471 2641
f 782 787 780
f 2471 2478 2641
f 2641 2478 2642
f 782 788 787
f 780 786 570
f 2642 2478 2479
f 779 780 570
f 570 560 779
f 561 563 784
f 783 777 555
f 2643 2485 2477
f 2477 2640 2643
f 2642 2479 2644
f 783 555 561
f 2479 2486 2644
f 2505 2506 2652
f 752 524 518
f 769 539 774
f 767 771 770
f 2662 2516 2661
f 2661 2516 2515
f 2517 2516 2662
f 2663 2517 2662
f 2518 2517 2663
f 2664 2518 2663
f 2518 2664 2519
f 762 761 765
f 758 760 763
f 760 764 763
f 525 758 763
f 2525 2524 2665
f 2512 2525 2665
f 761 528 765
f 2666 2512 2665
f 2512 2666 2667
f 2512 2667 2659
f 525 763 532
f 2667 2660 2659
f 526 528 761
f 521 762 757
f 526 762 521
f 526 761 762
f 759 760 758
f 753 758 525
f 755 758 753
f 755 759 758
f 752 753 525
f 2666 2668 2667
f 2514 2661 2515
f 2660 2661 2514
f 528 534 765
f 2652 2506 2507
f 768 771 767
f 768 772 771
f 766 767 770
f 545 766 770
f 545 770 546
f 766 545 538
f 534 769 765
f 539 769 534
f 764 768 767
f 763 767 766
f 764 767 763
f 2510 2511 2653
f 538 532 766
f 2503 2654 2511
f 2511 2654 2653
f 766 532 763
f 2503 2648 2654
f 2652 2507 2655
f 2507 2508 2656
f 2655 2507 2656
f 2508 2509 2657
f 2656 2508 2657
f 2509 2510 2658
f 2657 2509 2658
f 2510 2653 2658
f 2513 2512 2659
f 2514 2513 2659
f 2660 2514 2659
f 772 773 771
f 501 732 725
f 2710 2712 2552
f 501 725 495
f 2594 2595 2767
f 702 697 457
f 2596 2593 2764
f 2596 2769 2597
f 2764 2769 2596
f 2764 2770 2769
f 2764 2765 2770
f 2770 2771 2769
f 2768 2767 2772
f 2774 2598 2773
f 702 457 462
f 2772 2598 2774
f 462 463 702
f 2766 2762 2592
f 2772 2595 2598
f 2598 2599 2773
f 2600 2597 2769
f 696 701 461
f 461 456 696
f 2771 2776 2775
f 2771 2775 2769
f 2769 2775 2600
f 2776 2777 2775
f 2774 2773 2778
f 2773 2599 2601
f 2773 2601 2778
f 700 694 454
f 2778 2601 2779
f 2772 2767 2595
f 464 459 703
f 2766 2592 2594
f 2766 2594 2768
f 703 709 471
f 2753 2756 2587
f 2751 2753 2587
f 2754 2755 2757
f 2759 2588 2758
f 2757 2588 2759
f 2757 2586 2588
f 2757 2755 2586
f 2588 2589 2758
f 708 463 470
f 702 463 708
f 468 467 707
f 467 706 707
f 706 467 461
f 701 706 461
f 2759 2758 2761
f 2763 2591 2762
f 2761 2591 2763
f 2761 2589 2591
f 2761 2758 2589
f 2591 2592 2762
f 699 704 700
f 705 460 465
f 704 460 705
f 704 699 460
f 703 459 698
f 2760 2765 2764
f 2763 2762 2766
f 2768 2594 2767
f 699 700 454
f 2587 2585 2751
f 2779 2601 2602
f 459 692 698
f 449 450 689
f 448 447 688
f 2787 2790 2789
f 447 687 688
f 2786 2787 2789
f 2608 2791 2792
f 2608 2792 2606
f 2606 2792 2788
f 2608 2609 2791
f 446 687 447
f 686 687 446
f 2607 2793 2610
f 445 686 446
f 689 690 449
f 685 686 445
f 2790 2794 2793
f 2789 2790 2793
f 2792 2791 2795
f 2797 2611 2796
f 2795 2611 2797
f 441 685 445
f 2795 2609 2611
f 2795 2791 2609
f 2611 2612 2796
f 684 685 441
f 2798 2610 2793
f 2613 2610 2798
f 683 684 441
f 2607 2789 2793
f 2786 2789 2607
f 2605 2786 2607
f 449 690 451
f 452 692 459
f 2600 2780 2603
f 2600 2775 2780
f 2777 2782 2781
f 2777 2781 2775
f 2775 2781 2780
f 2782 2783 2781
f 697 450 457
f 689 450 697
f 2784 2604 2785
f 456 455 696
f 2784 2602 2604
f 455 695 696
f 695 455 688
f 688 455 448
f 2605 2603 2780
f 681 444 693
f 2780 2781 2605
f 2781 2786 2605
f 2783 2787 2786
f 693 444 453
f 2781 2783 2786
f 453 454 693
f 454 694 693
f 2785 2604 2788
f 691 692 452
f 691 451 690
f 2604 2606 2788
f 452 451 691
f 454 460 699
f 464 703 471
f 705 465 710
f 2583 2586 2755
f 721 728 727
f 2721 2563 2566
f 2724 2721 2566
f 2566 2725 2724
f 2567 2725 2566
f 496 487 727
f 727 487 720
f 2568 2723 2726
f 493 495 725
f 485 726 719
f 2568 2565 2723
f 2726 2727 2568
f 493 726 485
f 2565 2564 2723
f 493 725 726
f 2567 2728 2725
f 492 491 724
f 491 717 724
f 717 491 483
f 2568 2729 2570
f 488 489 722
f 2568 2730 2729
f 2568 2727 2730
f 2730 2731 2729
f 2728 2569 2732
f 480 723 715
f 488 723 480
f 488 722 723
f 2569 2728 2567
f 2564 2722 2723
f 2722 2564 2720
f 2720 2564 2562
f 732 733 725
f 2712 2554 2552
f 733 726 725
f 500 499 731
f 2712 2713 2554
f 2554 2713 2555
f 2555 2713 2714
f 499 724 731
f 2556 2555 2714
f 2711 2553 2557
f 724 499 492
f 2715 2711 2557
f 729 722 489
f 729 489 497
f 729 497 730
f 723 722 729
f 2714 2558 2556
f 2716 2558 2714
f 2558 2716 2717
f 2559 2558 2717
f 2715 2557 2718
f 2718 2557 2560
f 720 721 727
f 2717 2561 2559
f 2719 2561 2717
f 2561 2719 2720
f 2562 2561 2720
f 2718 2560 2721
f 2721 2560 2563
f 2569 2571 2732
f 721 478 714
f 2572 2570 2729
f 720 478 721
f 2575 2744 2739
f 476 713 470
f 2578 2579 2743
f 2740 2580 2577
f 2580 2745 2581
f 2740 2745 2580
f 2740 2746 2745
f 2740 2742 2746
f 2746 2747 2745
f 2744 2743 2748
f 2750 2582 2749
f 2748 2582 2750
f 2748 2579 2582
f 2748 2743 2579
f 2583 2749 2582
f 475 474 712
f 474 711 712
f 711 474 707
f 2745 2584 2581
f 2584 2751 2585
f 2745 2751 2584
f 2745 2752 2751
f 707 474 468
f 2745 2747 2752
f 2752 2753 2751
f 2750 2749 2754
f 710 465 472
f 2754 2749 2755
f 2755 2749 2583
f 2578 2744 2575
f 572 791 571
f 2578 2743 2744
f 470 713 708
f 2731 2733 2572
f 2729 2731 2572
f 720 486 478
f 486 720 487
f 2573 2734 2571
f 2571 2734 2732
f 476 485 719
f 476 719 718
f 713 476 718
f 2572 2733 2574
f 716 717 483
f 716 482 712
f 2733 2736 2735
f 2574 2733 2735
f 2736 2737 2735
f 2734 2573 2738
f 483 482 716
f 2573 2739 2738
f 712 482 475
f 715 472 480
f 2573 2575 2739
f 710 472 715
f 478 709 714
f 471 709 478
f 2576 2574 2735
f 2576 2740 2577
f 2735 2740 2576
f 2735 2741 2740
f 2735 2737 2741
f 2741 2742 2740
f 2465 2637 2463
f 793 791 572
f 2637 2635 2463
f 2539 2318 2324
f 2538 2325 2322
f 2540 2325 2538
f 2540 2541 2325
f 862 863 877
f 862 877 876
f 861 862 876
f 2325 2541 2326
f 861 876 875
f 670 861 875
f 2326 2541 2542
f 2327 2326 2542
f 2539 2324 2543
f 2535 2318 2539
f 2543 2324 2329
f 2544 2330 2542
f 2544 2545 2330
f 2330 2545 2331
f 670 875 874
f 2332 2331 2546
f 2546 2331 2545
f 670 874 675
f 874 674 675
f 2546 2547 2332
f 2543 2329 2548
f 2548 2329 2333
f 674 873 673
f 873 872 673
f 2542 2330 2327
f 2322 2321 2538
f 2321 2537 2538
f 2319 2537 2321
f 872 873 883
f 883 871 872
f 882 871 883
f 881 869 882
f 869 871 882
f 2306 2527 2529
f 2310 2306 2529
f 2312 2313 2530
f 870 869 881
f 2530 2531 2312
f 865 866 880
f 2312 2531 2309
f 865 879 864
f 2528 2309 2531
f 880 879 865
f 2529 2532 2310
f 2310 2532 2314
f 2532 2533 2314
f 2314 2533 2315
f 2315 2533 2534
f 2316 2315 2534
f 864 879 878
f 2530 2313 2535
f 2535 2313 2318
f 863 864 878
f 2534 2319 2316
f 2536 2319 2534
f 2536 2537 2319
f 863 878 877
f 673 872 672
f 873 884 883
f 872 871 672
f 2547 2549 2332
f 853 863 862
f 2557 2342 2560
f 2560 2342 2344
f 852 853 862
f 852 862 861
f 851 852 861
f 2343 2561 2345
f 851 861 670
f 663 851 670
f 2343 2559 2561
f 2561 2562 2345
f 2346 2563 2344
f 2344 2563 2560
f 2558 2559 2343
f 664 860 655
f 2345 2564 2347
f 2345 2562 2564
f 2564 2565 2347
f 850 655 858
f 2563 2346 2566
f 858 849 850
f 2346 2567 2566
f 859 849 858
f 2346 2348 2567
f 859 857 849
f 848 849 857
f 2347 2565 2349
f 2349 2565 2568
f 655 860 858
f 2341 2556 2558
f 2341 2558 2343
f 853 854 863
f 2549 2334 2332
f 2334 2549 2550
f 2335 2334 2550
f 2548 2333 2551
f 2551 2333 2336
f 2550 2552 2335
f 871 869 664
f 2552 2337 2335
f 2551 2336 2338
f 2553 2551 2338
f 671 871 664
f 869 860 664
f 870 860 869
f 870 868 860
f 2552 2554 2337
f 2337 2554 2340
f 867 858 868
f 2341 2340 2555
f 858 860 868
f 859 858 867
f 2555 2340 2554
f 855 856 865
f 2555 2556 2341
f 2553 2338 2342
f 2557 2553 2342
f 856 866 865
f 855 865 864
f 854 855 864
f 854 864 863
f 672 871 671
f 873 674 884
f 674 885 884
f 674 874 885
f 901 890 903
f 2498 2497 2271
f 2277 2498 2276
f 2499 2498 2277
f 2274 2499 2277
f 890 891 903
f 2274 2500 2499
f 2274 2490 2500
f 2490 2501 2500
f 2490 2491 2501
f 2491 2502 2501
f 890 900 889
f 2503 2502 2492
f 891 892 903
f 2492 2502 2491
f 2503 2492 2504
f 2493 2494 2504
f 901 900 890
f 2495 2496 2505
f 2496 2497 2506
f 2505 2496 2506
f 2497 2498 2507
f 2506 2497 2507
f 2498 2499 2508
f 2507 2498 2508
f 2499 2500 2509
f 2508 2499 2509
f 2500 2501 2510
f 2492 2493 2504
f 2276 2498 2271
f 896 895 904
f 2271 2497 2496
f 2270 2489 2261
f 2489 2488 2261
f 2271 2489 2270
f 910 676 909
f 676 680 909
f 680 681 909
f 900 902 908
f 2490 2274 2275
f 2268 2490 2275
f 907 899 908
f 2268 2491 2490
f 899 900 908
f 2268 2482 2491
f 2482 2492 2491
f 2482 2483 2492
f 2483 2493 2492
f 906 898 907
f 898 899 907
f 905 897 906
f 2494 2493 2484
f 897 898 906
f 904 895 905
f 2484 2493 2483
f 2484 2485 2494
f 2487 2488 2495
f 895 897 905
f 2495 2488 2496
f 2496 2488 2489
f 2489 2271 2496
f 2509 2500 2510
f 2501 2502 2511
f 2510 2501 2511
f 2502 2503 2511
f 885 886 895
f 895 884 885
f 2524 2525 2291
f 2291 2525 2292
f 896 884 895
f 896 894 884
f 893 883 894
f 2292 2525 2512
f 883 884 894
f 882 883 893
f 879 880 891
f 2519 2305 2298
f 880 892 891
f 879 891 890
f 878 879 890
f 878 890 889
f 2519 2526 2305
f 877 878 889
f 2305 2526 2527
f 2306 2305 2527
f 877 889 888
f 876 877 888
f 876 888 887
f 875 876 887
f 2520 2302 2528
f 2528 2302 2309
f 875 887 886
f 874 875 886
f 874 886 885
f 886 897 895
f 2567 2348 2350
f 886 887 897
f 887 888 898
f 2293 2292 2512
f 901 902 900
f 2512 2513 2293
f 2293 2513 2282
f 2513 2514 2282
f 2282 2514 2283
f 2514 2515 2283
f 2283 2515 2284
f 2515 2516 2284
f 2284 2516 2294
f 2516 2517 2294
f 2294 2517 2295
f 2517 2518 2295
f 2295 2518 2296
f 889 900 899
f 2519 2297 2518
f 2518 2297 2296
f 2297 2519 2298
f 2301 2302 2520
f 2303 2301 2520
f 2521 2303 2520
f 888 889 899
f 2304 2303 2521
f 2522 2304 2521
f 2290 2304 2522
f 888 899 898
f 2523 2290 2522
f 2291 2290 2523
f 2524 2291 2523
f 887 898 897
f 2143 1880 1881
f 2569 2567 2350
f 2351 2569 2350
f 812 819 818
f 811 812 818
f 811 818 817
f 810 811 817
f 809 810 817
f 2613 2616 2429
f 2425 2613 2429
f 617 809 817
f 2615 2427 2617
f 617 817 618
f 809 617 604
f 2427 2430 2617
f 605 815 594
f 2614 2426 2427
f 2617 2430 2618
f 815 807 594
f 816 807 815
f 816 814 807
f 2616 2619 2434
f 2429 2616 2434
f 808 807 814
f 805 806 812
f 2435 2620 2432
f 2432 2620 2618
f 806 813 812
f 805 812 811
f 804 805 811
f 804 811 810
f 2432 2618 2430
f 2615 2614 2427
f 813 820 819
f 812 813 819
f 818 819 826
f 2606 2406 2410
f 818 826 825
f 817 818 825
f 817 825 632
f 2409 2605 2414
f 2414 2605 2607
f 2606 2410 2415
f 2608 2606 2415
f 618 817 632
f 2415 2609 2608
f 2417 2609 2415
f 619 621 824
f 824 822 605
f 2420 2414 2607
f 2607 2610 2420
f 2609 2417 2421
f 619 824 605
f 2611 2609 2421
f 2421 2612 2611
f 2423 2612 2421
f 822 815 605
f 823 815 822
f 823 821 815
f 2610 2613 2425
f 2420 2610 2425
f 816 815 821
f 2612 2423 2426
f 2614 2612 2426
f 803 804 810
f 2604 2406 2606
f 803 810 809
f 802 803 809
f 2444 2627 2449
f 2629 2447 2450
f 2631 2629 2450
f 800 574 582
f 2632 2631 2451
f 2631 2450 2451
f 800 582 801
f 799 791 800
f 791 793 800
f 792 791 799
f 2633 2455 2449
f 2449 2630 2633
f 797 798 796
f 2627 2630 2449
f 2632 2451 2634
f 789 796 787
f 2451 2456 2634
f 789 797 796
f 2634 2456 2635
f 787 795 794
f 786 787 794
f 570 786 794
f 2458 2635 2456
f 570 794 581
f 2462 2455 2636
f 2636 2455 2633
f 2635 2458 2463
f 572 574 793
f 787 796 795
f 800 793 574
f 582 584 801
f 2447 2629 2445
f 2434 2619 2437
f 604 593 809
f 2620 2435 2622
f 809 593 802
f 2622 2438 2623
f 2622 2435 2438
f 594 807 801
f 594 801 584
f 807 808 801
f 2621 2624 2440
f 2437 2621 2440
f 808 800 801
f 798 806 805
f 2623 2438 2625
f 796 805 804
f 2625 2441 2626
f 2625 2438 2441
f 798 805 796
f 796 804 803
f 795 796 803
f 795 803 802
f 794 795 802
f 2624 2627 2444
f 2440 2624 2444
f 2626 2441 2628
f 593 581 802
f 2441 2445 2628
f 2628 2445 2629
f 802 581 794
f 2619 2621 2437
f 819 827 826
f 2404 2603 2409
f 2603 2605 2409
f 2367 2579 2366
f 655 850 645
f 2365 2580 2368
f 2365 2577 2580
f 2580 2581 2368
f 2579 2367 2369
f 2582 2579 2369
f 2582 2369 2583
f 2369 2370 2583
f 645 850 849
f 2371 2583 2370
f 841 645 849
f 849 839 841
f 2366 2579 2578
f 848 839 849
f 836 837 846
f 837 847 846
f 2368 2584 2373
f 2368 2581 2584
f 2584 2585 2373
f 2583 2371 2586
f 836 846 845
f 2586 2371 2374
f 835 836 845
f 835 845 844
f 834 835 844
f 834 844 843
f 2373 2585 2377
f 840 839 848
f 2578 2575 2366
f 2575 2362 2366
f 2576 2577 2365
f 2568 2352 2349
f 847 856 855
f 2352 2568 2570
f 2353 2352 2570
f 2569 2351 2571
f 846 855 854
f 2571 2351 2354
f 845 846 854
f 845 854 853
f 2570 2572 2353
f 844 845 853
f 2572 2355 2353
f 2571 2354 2356
f 2573 2571 2356
f 844 853 852
f 843 844 852
f 2357 2573 2356
f 2572 2359 2355
f 843 852 851
f 842 843 851
f 2359 2572 2574
f 2360 2359 2574
f 2573 2357 2575
f 2575 2357 2362
f 2574 2364 2360
f 663 654 851
f 851 654 842
f 2365 2364 2576
f 2576 2364 2574
f 2377 2585 2587
f 833 834 843
f 2586 2374 2378
f 2588 2586 2378
f 2393 2599 2598
f 826 827 834
f 826 834 833
f 825 826 833
f 2394 2599 2393
f 825 833 644
f 632 825 644
f 2392 2597 2398
f 2398 2597 2600
f 2599 2394 2399
f 2601 2599 2399
f 634 832 633
f 2601 2399 2602
f 2399 2400 2602
f 832 830 824
f 633 832 824
f 2401 2602 2400
f 633 824 621
f 830 822 824
f 831 822 830
f 2404 2398 2600
f 2600 2603 2404
f 2602 2401 2405
f 2604 2602 2405
f 831 829 822
f 2406 2604 2405
f 823 822 829
f 819 820 827
f 820 828 827
f 2598 2595 2393
f 846 847 855
f 2595 2388 2393
f 827 835 834
f 2378 2589 2588
f 833 843 842
f 2379 2589 2378
f 644 833 842
f 654 644 842
f 2381 2377 2587
f 645 841 634
f 2589 2379 2382
f 2591 2589 2382
f 2382 2592 2591
f 2383 2592 2382
f 634 841 839
f 832 634 839
f 839 830 832
f 840 830 839
f 840 838 830
f 2381 2590 2386
f 831 830 838
f 2386 2590 2593
f 2592 2383 2387
f 2594 2592 2387
f 828 837 836
f 2387 2595 2594
f 2388 2595 2387
f 827 836 835
f 2593 2391 2386
f 828 836 827
f 2392 2391 2596
f 2596 2391 2593
f 2596 2597 2392
f 1082 1083 1090
f 1085 1086 1092
f 2142 1880 2143
f 1573 1574 1572
f 1571 1423 1575
f 1575 1423 1426
f 1572 1427 1425
f 1427 1576 1428
f 1572 1576 1427
f 1572 1577 1576
f 1572 1574 1577
f 1577 1578 1576
f 1575 1426 1579
f 1579 1426 1429
f 1430 1428 1576
f 995 1224 1227
f 1224 1228 1227
f 1578 1580 1430
f 1576 1578 1430
f 1579 1429 1431
f 1581 1579 1431
f 1581 1431 1582
f 1431 1432 1582
f 1433 1582 1432
f 1430 1580 1434
f 1580 1584 1583
f 1434 1580 1583
f 1584 1586 1585
f 1583 1584 1585
f 1586 1587 1585
f 1435 1588 1433
f 995 1227 998
f 1568 1570 1573
f 1225 1226 1229
f 1226 1230 1229
f 1416 1562 1556
f 1227 1228 1232
f 1559 1417 1412
f 1563 1417 1559
f 1564 1418 1417
f 1564 1417 1565
f 1565 1417 1563
f 1565 1566 1564
f 1562 1416 1567
f 1567 1416 1419
f 1227 1232 1231
f 1227 1231 1002
f 1002 1231 1003
f 1227 1002 998
f 1564 1420 1418
f 996 1000 1230
f 1420 1568 1421
f 1564 1568 1420
f 1564 1569 1568
f 1564 1566 1569
f 1569 1570 1568
f 1567 1419 1422
f 1226 996 1230
f 1571 1567 1422
f 1423 1571 1422
f 1568 1424 1421
f 1424 1572 1425
f 1568 1572 1424
f 1568 1573 1572
f 1433 1588 1582
f 1232 1233 1231
f 1436 1434 1583
f 1437 1436 1585
f 1598 1604 1603
f 1598 1600 1604
f 1604 1605 1603
f 1602 1445 1606
f 1445 1448 1606
f 1607 1447 1603
f 994 1222 993
f 1449 1447 1607
f 989 1223 1220
f 1605 1608 1607
f 1603 1605 1607
f 1606 1448 1609
f 1609 1448 1450
f 1598 1603 1446
f 1610 1449 1607
f 1608 1611 1610
f 1607 1608 1610
f 1609 1450 1452
f 1612 1609 1452
f 1452 1613 1612
f 1453 1613 1452
f 1454 1451 1610
f 993 1223 989
f 993 1222 1223
f 1611 1614 1610
f 1610 1614 1454
f 1611 1615 1614
f 1613 1453 1455
f 1451 1449 1610
f 995 992 1221
f 1446 1603 1447
f 1223 1222 1225
f 1437 1589 1438
f 1585 1589 1437
f 1585 1590 1589
f 1585 1587 1590
f 1590 1591 1589
f 1588 1435 1592
f 1435 1593 1592
f 1435 1439 1593
f 1589 1440 1438
f 1589 1441 1440
f 1589 1594 1441
f 1589 1591 1594
f 1594 1595 1441
f 1442 1596 1597
f 1442 1597 1439
f 1439 1597 1593
f 1442 1443 1596
f 994 996 1226
f 1441 1595 1444
f 1595 1599 1598
f 1444 1595 1598
f 1599 1600 1598
f 1597 1596 1601
f 1601 1445 1602
f 1226 1222 994
f 1601 1443 1445
f 1601 1596 1443
f 1225 1222 1226
f 1446 1444 1598
f 1585 1436 1583
f 1616 1613 1455
f 1415 1416 1556
f 1555 1561 1408
f 1532 1522 1379
f 1243 1244 1247
f 1243 1247 1020
f 1386 1532 1379
f 1523 1522 1532
f 1020 1247 1021
f 1020 1015 1243
f 1524 1533 1388
f 1524 1388 1525
f 1387 1525 1388
f 1525 1387 1380
f 1245 1241 1011
f 1245 1011 1016
f 1384 1531 1385
f 1245 1016 1246
f 1381 1534 1535
f 1381 1535 1526
f 1526 1536 1527
f 1535 1536 1526
f 1242 1241 1245
f 1238 1243 1015
f 1240 1243 1238
f 1536 1528 1527
f 1531 1537 1385
f 1537 1538 1385
f 1385 1538 1390
f 1236 1238 1015
f 1390 1538 1539
f 1381 1389 1534
f 1530 1384 1383
f 1531 1384 1530
f 1530 1383 1521
f 1253 1254 1252
f 1378 1379 1522
f 1369 1378 1522
f 1523 1369 1522
f 1251 1248 1252
f 1248 1253 1252
f 1247 1248 1251
f 1369 1523 1510
f 1510 1523 1524
f 1510 1524 1511
f 1511 1524 1525
f 1511 1525 1380
f 1247 1251 1026
f 1026 1251 1027
f 1247 1026 1021
f 1372 1511 1380
f 1382 1381 1526
f 1016 1023 1250
f 1373 1382 1526
f 1527 1373 1526
f 1373 1527 1512
f 1512 1527 1528
f 1016 1250 1249
f 1246 1016 1249
f 1244 1248 1247
f 1529 1513 1528
f 1513 1512 1528
f 1513 1529 1515
f 1521 1383 1377
f 1014 1236 1015
f 1556 1409 1415
f 1391 1390 1539
f 1540 1386 1392
f 1231 1233 1237
f 1549 1553 1405
f 1550 1402 1406
f 1406 1407 1550
f 1407 1554 1550
f 1551 1555 1403
f 1555 1408 1403
f 1231 1237 1236
f 1231 1236 1008
f 1008 1236 1009
f 1556 1552 1409
f 1409 1552 1404
f 1231 1008 1003
f 1405 1401 1549
f 1553 1557 1405
f 1557 1410 1405
f 1004 1235 1234
f 1234 1230 1004
f 1557 1558 1410
f 1410 1558 1411
f 1411 1558 1559
f 1412 1411 1559
f 1554 1407 1413
f 1560 1554 1413
f 1560 1413 1561
f 1413 1414 1561
f 1230 1000 1004
f 1561 1414 1408
f 1005 1235 1004
f 1552 1399 1404
f 1547 1399 1552
f 1551 1403 1398
f 1533 1541 1388
f 1236 1014 1009
f 1541 1393 1388
f 1534 1389 1542
f 1542 1389 1394
f 1010 1011 1241
f 1539 1395 1391
f 1543 1395 1539
f 1005 1242 1235
f 1010 1242 1005
f 1010 1241 1242
f 1239 1240 1238
f 1236 1237 1238
f 1395 1543 1544
f 1396 1395 1544
f 1540 1392 1545
f 1545 1392 1397
f 1541 1546 1393
f 1546 1398 1393
f 1542 1394 1547
f 1547 1394 1399
f 1237 1239 1238
f 1544 1400 1396
f 1548 1400 1544
f 1400 1548 1549
f 1401 1400 1549
f 1550 1545 1402
f 1402 1545 1397
f 1546 1551 1398
f 1532 1386 1540
f 1616 1455 1456
f 992 991 1221
f 1454 1617 1457
f 1684 1678 1685
f 1199 966 1204
f 1203 970 964
f 1685 1679 1686
f 1197 1203 964
f 1686 1679 1489
f 1491 1687 1489
f 1687 1686 1489
f 1492 1687 1491
f 1688 1687 1492
f 1202 963 969
f 1493 1688 1492
f 1490 1689 1497
f 1678 1679 1685
f 1490 1680 1689
f 1680 1690 1689
f 1680 1681 1690
f 1681 1691 1690
f 1681 1682 1691
f 1682 1692 1691
f 1683 1693 1692
f 1682 1683 1692
f 1685 1686 1694
f 968 967 1201
f 967 1200 1201
f 1200 967 1195
f 1686 1687 1695
f 1195 967 962
f 1196 963 1202
f 1677 1678 1684
f 1673 1674 1682
f 1674 1683 1682
f 1203 1208 970
f 1208 974 970
f 1482 1665 1486
f 1665 1672 1486
f 1665 1666 1672
f 1666 1673 1672
f 1667 1674 1673
f 1666 1667 1673
f 1670 1669 1675
f 1669 1671 1676
f 1675 1669 1676
f 1671 1485 1677
f 1676 1671 1677
f 1677 1487 1678
f 1677 1485 1487
f 1488 1678 1487
f 1679 1678 1488
f 1489 1679 1488
f 973 1207 1206
f 1206 1202 973
f 1486 1680 1490
f 1202 969 973
f 1486 1672 1680
f 1672 1681 1680
f 1672 1673 1681
f 1205 972 968
f 1673 1682 1681
f 1201 1205 968
f 1204 966 971
f 966 1199 965
f 1485 1671 1484
f 1694 1686 1695
f 1696 1687 1688
f 1708 1696 1709
f 1709 1696 1697
f 1697 1698 1709
f 1698 1710 1709
f 1698 1699 1710
f 1699 1711 1710
f 1699 1700 1711
f 1700 1712 1711
f 1700 1701 1712
f 1701 1713 1712
f 1701 1702 1713
f 1702 1714 1713
f 1702 1703 1714
f 1695 1696 1708
f 1703 1715 1714
f 1704 1716 1715
f 1704 1705 1716
f 1194 961 1190
f 1705 1717 1716
f 1705 1706 1717
f 1706 1718 1717
f 1707 1719 1718
f 1706 1707 1718
f 1708 1709 1720
f 1709 1710 1721
f 1720 1709 1721
f 1710 1711 1722
f 1721 1710 1722
f 1703 1704 1715
f 1692 1693 1707
f 1692 1706 1691
f 1707 1706 1692
f 1688 1493 1696
f 1493 1697 1696
f 965 1199 1198
f 1198 1193 965
f 1193 960 965
f 1498 1698 1493
f 1698 1697 1493
f 1197 964 959
f 1192 1197 959
f 1499 1698 1498
f 1699 1698 1499
f 1494 1699 1499
f 1196 958 963
f 1191 958 1196
f 962 961 1195
f 1494 1700 1699
f 1494 1495 1700
f 1495 1701 1700
f 1495 1496 1701
f 1496 1702 1701
f 1496 1497 1702
f 1497 1703 1702
f 1497 1689 1703
f 961 1194 1195
f 1689 1704 1703
f 1689 1690 1704
f 1690 1705 1704
f 1690 1691 1705
f 1691 1706 1705
f 1695 1687 1696
f 1671 1669 1484
f 1484 1669 1483
f 1668 1663 1481
f 1464 1465 1630
f 1463 1628 1466
f 1628 1632 1466
f 1629 1633 1632
f 1628 1629 1632
f 1631 1630 1634
f 1636 1467 1635
f 1634 1467 1636
f 1634 1465 1467
f 1634 1630 1465
f 1467 1468 1635
f 1466 1637 1469
f 1466 1632 1637
f 1462 1631 1627
f 1633 1639 1638
f 1632 1638 1637
f 1639 1640 1638
f 1636 1635 1641
f 1635 1468 1470
f 1635 1470 1641
f 1641 1470 1642
f 979 1217 1215
f 1642 1470 1471
f 984 1217 979
f 983 982 1216
f 982 1212 1216
f 1469 1637 1472
f 1637 1643 1472
f 1633 1638 1632
f 1216 986 983
f 1464 1631 1462
f 1464 1630 1631
f 1454 1614 1617
f 1615 1618 1617
f 1614 1615 1617
f 1619 1458 1620
f 1619 1456 1458
f 991 1218 1221
f 1459 1457 1617
f 1618 1621 1617
f 1617 1621 1459
f 1618 1622 1621
f 1218 991 987
f 984 989 1220
f 1620 1458 1623
f 1623 1460 1624
f 1623 1458 1460
f 984 1220 1219
f 1459 1621 1461
f 1217 984 1219
f 1621 1625 1461
f 1622 1626 1625
f 1621 1622 1625
f 1624 1460 1627
f 987 986 1218
f 1460 1462 1627
f 986 1216 1218
f 1461 1625 1463
f 1625 1628 1463
f 1626 1629 1628
f 1625 1626 1628
f 1637 1638 1643
f 1638 1644 1643
f 1640 1645 1644
f 1212 982 980
f 1659 1477 1479
f 1480 1478 1654
f 1207 973 978
f 1211 1212 1210
f 1211 976 1205
f 1654 1655 1480
f 1655 1660 1480
f 1655 1656 1660
f 1656 1661 1660
f 1210 976 1211
f 1658 1662 1661
f 1656 1658 1661
f 1210 977 976
f 1664 1659 1479
f 1663 1664 1479
f 1479 1481 1663
f 1480 1660 1482
f 1205 976 972
f 1660 1665 1482
f 1660 1661 1665
f 1661 1666 1665
f 1662 1667 1666
f 1661 1662 1666
f 1664 1663 1668
f 971 1209 1204
f 975 1209 971
f 1670 1483 1669
f 1668 1483 1670
f 1668 1481 1483
f 1653 1477 1659
f 1028 1255 1256
f 1213 1207 978
f 1213 978 974
f 1638 1640 1644
f 1648 1473 1647
f 1646 1473 1648
f 1646 1471 1473
f 1212 980 1210
f 1210 980 977
f 1473 1474 1647
f 1472 1643 1475
f 1643 1649 1475
f 1643 1644 1649
f 975 979 1215
f 1644 1650 1649
f 1645 1651 1650
f 1644 1645 1650
f 975 1215 1214
f 1648 1647 1652
f 1647 1474 1476
f 1647 1476 1652
f 1652 1476 1653
f 1653 1476 1477
f 1475 1654 1478
f 1209 975 1214
f 1475 1649 1654
f 1208 1213 974
f 1649 1650 1654
f 1650 1655 1654
f 1651 1657 1656
f 1651 1656 1650
f 1650 1656 1655
f 1657 1658 1656
f 1028 1256 1023
f 1023 1256 1250
f 1377 1376 1521
f 1171 1382 1373
f 1383 1174 1377
f 1383 1384 1174
f 1174 1384 1181
f 1385 1182 1384
f 1384 1182 1181
f 1182 1385 1183
f 1379 1176 1386
f 1298 1084 1297
f 1386 1176 1185
f 1186 1387 1388
f 1380 1387 1187
f 1187 1387 1186
f 1296 1084 1298
f 1380 1187 1178
f 1179 1389 1381
f 1292 1293 1296
f 1385 1189 1183
f 1385 1390 1189
f 1189 1390 1391
f 1190 1189 1391
f 1386 1185 1392
f 1290 1291 1294
f 1392 1185 1191
f 1388 1393 1186
f 1393 1192 1186
f 1394 1389 1188
f 1193 1394 1188
f 1179 1188 1389
f 1296 1078 1084
f 1180 1382 1171
f 1381 1382 1180
f 1158 1371 1159
f 1372 1168 1371
f 1371 1168 1159
f 1168 1372 1169
f 1172 1171 1373
f 1373 1374 1172
f 1301 1297 1302
f 1172 1374 1163
f 1297 1085 1302
f 1298 1297 1301
f 1294 1295 1299
f 1367 1163 1374
f 1375 1164 1368
f 1375 1376 1164
f 1164 1376 1173
f 1173 1376 1377
f 1174 1173 1377
f 1176 1379 1378
f 1295 1300 1299
f 1294 1299 1091
f 1175 1176 1378
f 1083 1294 1091
f 1167 1175 1369
f 1175 1378 1369
f 1372 1380 1178
f 1169 1372 1178
f 1180 1179 1381
f 1085 1297 1084
f 1296 1293 1078
f 1391 1194 1190
f 1370 1371 1158
f 1395 1194 1391
f 1195 1194 1396
f 1407 1207 1213
f 1290 1294 1083
f 1413 1407 1213
f 1289 1290 1083
f 1208 1414 1213
f 1213 1414 1413
f 1208 1408 1414
f 1409 1209 1214
f 1074 1289 1083
f 1415 1409 1214
f 1214 1416 1415
f 1215 1416 1214
f 1212 1417 1216
f 1411 1412 1212
f 1212 1412 1417
f 1416 1215 1419
f 1419 1215 1217
f 1076 1078 1293
f 1216 1420 1218
f 1216 1418 1420
f 1420 1421 1218
f 1292 1075 1076
f 1419 1217 1219
f 1422 1419 1219
f 1219 1423 1422
f 1220 1423 1219
f 1292 1076 1293
f 1218 1424 1221
f 1417 1418 1216
f 1411 1211 1410
f 1291 1295 1294
f 1212 1211 1411
f 1392 1191 1397
f 1397 1191 1196
f 1393 1398 1192
f 1398 1197 1192
f 1394 1193 1198
f 1198 1199 1394
f 1199 1399 1394
f 1396 1200 1195
f 1400 1200 1396
f 1200 1400 1401
f 1201 1200 1401
f 1397 1196 1402
f 1402 1196 1202
f 1398 1403 1197
f 1403 1203 1197
f 1399 1199 1404
f 1404 1199 1204
f 1401 1405 1201
f 1405 1205 1201
f 1402 1202 1206
f 1406 1402 1206
f 1206 1407 1406
f 1207 1407 1206
f 1208 1203 1408
f 1408 1203 1403
f 1404 1204 1409
f 1409 1204 1209
f 1405 1410 1205
f 1205 1410 1211
f 1194 1395 1396
f 1166 1370 1158
f 1302 1092 1303
f 1369 1370 1166
f 1330 1323 1331
f 1324 1128 1332
f 1331 1324 1332
f 1332 1128 1333
f 1333 1128 1129
f 1129 1130 1333
f 1130 1334 1333
f 1305 1312 1311
f 1136 1335 1130
f 1304 1305 1311
f 1335 1334 1130
f 1304 1311 1310
f 1137 1335 1136
f 1323 1324 1331
f 1336 1335 1137
f 1337 1336 1138
f 1139 1337 1138
f 1102 1304 1310
f 1338 1337 1139
f 1135 1338 1139
f 1116 1102 1310
f 1135 1339 1338
f 1135 1325 1339
f 1325 1340 1339
f 1325 1326 1340
f 1326 1341 1340
f 1326 1327 1341
f 1327 1342 1341
f 1138 1336 1137
f 1322 1323 1330
f 1320 1321 1328
f 1321 1329 1328
f 1116 1310 1127
f 1317 1315 1104
f 1310 1318 1127
f 1117 1317 1104
f 1310 1311 1318
f 1311 1319 1318
f 1311 1312 1319
f 1312 1320 1319
f 1313 1321 1320
f 1315 1308 1104
f 1316 1308 1315
f 1316 1314 1308
f 1312 1313 1320
f 1316 1315 1322
f 1322 1315 1323
f 1323 1315 1317
f 1309 1308 1314
f 1305 1306 1312
f 1317 1118 1323
f 1118 1324 1323
f 1128 1324 1118
f 1306 1313 1312
f 1127 1325 1135
f 1127 1318 1325
f 1318 1326 1325
f 1318 1319 1326
f 1319 1327 1326
f 1319 1320 1327
f 1320 1328 1327
f 1327 1328 1342
f 1328 1343 1342
f 1329 1344 1343
f 1328 1329 1343
f 1091 1304 1102
f 1349 1350 1357
f 1356 1349 1357
f 1350 1351 1358
f 1357 1350 1358
f 1351 1352 1359
f 1358 1351 1359
f 1352 1353 1359
f 1148 1149 1360
f 1150 1148 1360
f 1361 1150 1360
f 1151 1150 1361
f 1362 1151 1361
f 1362 1363 1151
f 1151 1363 1152
f 1363 1364 1152
f 1152 1364 1153
f 1364 1365 1153
f 1153 1365 1154
f 1092 1094 1303
f 1366 1155 1365
f 1365 1155 1154
f 1155 1366 1156
f 1360 1149 1367
f 1367 1149 1163
f 1302 1085 1092
f 1366 1368 1156
f 1156 1368 1164
f 1166 1167 1369
f 1091 1299 1304
f 1218 1421 1424
f 1299 1305 1304
f 1343 1344 1355
f 1332 1333 1345
f 1333 1334 1346
f 1345 1333 1346
f 1334 1335 1347
f 1104 1308 1103
f 1346 1334 1347
f 1307 1303 1094
f 1307 1094 1103
f 1307 1103 1309
f 1335 1336 1348
f 1347 1335 1348
f 1309 1103 1308
f 1348 1336 1349
f 1302 1303 1307
f 1349 1336 1337
f 1337 1338 1349
f 1338 1350 1349
f 1299 1300 1305
f 1338 1339 1350
f 1339 1351 1350
f 1339 1340 1351
f 1340 1352 1351
f 1353 1352 1341
f 1341 1352 1340
f 1300 1306 1305
f 1341 1342 1354
f 1353 1341 1354
f 1342 1343 1355
f 1354 1342 1355
f 1348 1349 1356
f 1722 1711 1723
f 1292 1288 1075
f 1288 1070 1075
f 1265 1039 1260
f 1040 1042 1264
f 1263 1034 1040
f 1480 1482 1329
f 1321 1480 1329
f 1263 1040 1264
f 1481 1322 1483
f 1322 1330 1483
f 1483 1330 1484
f 1484 1330 1485
f 1330 1331 1485
f 1485 1331 1332
f 1259 1034 1263
f 1045 1039 1265
f 1258 1262 1261
f 1329 1482 1344
f 1485 1332 1487
f 1332 1345 1487
f 1487 1345 1488
f 1257 1261 1260
f 1488 1345 1489
f 1345 1346 1489
f 1489 1346 1347
f 1258 1261 1257
f 1033 1257 1260
f 1355 1344 1490
f 1344 1486 1490
f 1489 1347 1491
f 1482 1486 1344
f 1260 1261 1265
f 1316 1481 1479
f 1322 1481 1316
f 1268 1046 1270
f 1468 1292 1470
f 1270 1046 1269
f 1263 1264 1268
f 1292 1296 1470
f 1470 1296 1471
f 1298 1471 1296
f 1472 1300 1295
f 1295 1469 1472
f 1471 1298 1301
f 1261 1262 1266
f 1473 1471 1301
f 1474 1473 1302
f 1473 1301 1302
f 1262 1267 1266
f 1472 1475 1300
f 1475 1306 1300
f 1474 1302 1476
f 1302 1307 1476
f 1476 1307 1477
f 1309 1477 1307
f 1313 1306 1475
f 1475 1478 1313
f 1477 1309 1314
f 1261 1266 1265
f 1479 1477 1314
f 1316 1479 1314
f 1478 1480 1321
f 1313 1478 1321
f 1347 1348 1492
f 1268 1042 1046
f 1491 1347 1492
f 1492 1356 1493
f 1370 1369 1510
f 1371 1370 1510
f 1511 1371 1510
f 1371 1511 1372
f 1374 1373 1512
f 1367 1374 1512
f 1367 1512 1503
f 1503 1512 1513
f 1514 1513 1515
f 1514 1504 1513
f 1504 1503 1513
f 1504 1516 1505
f 1514 1516 1504
f 1252 1254 1257
f 1505 1517 1506
f 1517 1507 1506
f 1254 1258 1257
f 1508 1518 1509
f 1509 1375 1368
f 1252 1257 1033
f 1509 1518 1375
f 1251 1252 1033
f 1518 1519 1375
f 1033 1027 1251
f 1028 1030 1255
f 1519 1520 1375
f 1375 1520 1376
f 1376 1520 1521
f 1516 1517 1505
f 1366 1509 1368
f 1256 1255 1259
f 1509 1502 1508
f 1493 1356 1357
f 1033 1260 1039
f 1358 1359 1494
f 1353 1495 1359
f 1359 1495 1494
f 1259 1255 1030
f 1259 1030 1034
f 1493 1357 1498
f 1357 1358 1499
f 1498 1357 1499
f 1358 1494 1499
f 1363 1362 1500
f 1364 1363 1500
f 1501 1364 1500
f 1365 1364 1501
f 1502 1365 1501
f 1365 1502 1366
f 1360 1367 1503
f 1361 1360 1503
f 1504 1361 1503
f 1362 1361 1504
f 1505 1362 1504
f 1362 1505 1500
f 1500 1505 1506
f 1500 1506 1501
f 1501 1506 1507
f 1501 1507 1502
f 1502 1507 1508
f 1366 1502 1509
f 1348 1356 1492
f 1466 1469 1295
f 1268 1264 1042
f 1295 1291 1466
f 1437 1438 1240
f 1435 1235 1439
f 1439 1235 1242
f 1240 1440 1244
f 1240 1438 1440
f 1283 1284 1286
f 1440 1441 1244
f 1439 1242 1245
f 1442 1439 1245
f 1245 1443 1442
f 1246 1443 1245
f 1284 1287 1286
f 1283 1286 1067
f 1437 1239 1436
f 1282 1283 1067
f 1067 1062 1282
f 1445 1443 1249
f 1250 1445 1249
f 1059 1064 1285
f 1444 1253 1248
f 1254 1253 1446
f 1446 1253 1444
f 1446 1447 1254
f 1445 1250 1448
f 1448 1250 1256
f 1280 1059 1285
f 1447 1449 1258
f 1254 1447 1258
f 1443 1246 1249
f 1240 1239 1437
f 1237 1436 1239
f 1285 1064 1068
f 1423 1220 1426
f 1426 1220 1223
f 1287 1291 1290
f 1221 1427 1224
f 1221 1425 1427
f 1427 1428 1224
f 1225 1429 1223
f 1223 1429 1426
f 1224 1428 1228
f 1286 1290 1289
f 1287 1290 1286
f 1228 1428 1430
f 1429 1225 1431
f 1225 1229 1431
f 1431 1229 1432
f 1286 1289 1074
f 1229 1433 1432
f 1230 1433 1229
f 1067 1286 1074
f 1430 1232 1228
f 1232 1430 1434
f 1233 1232 1434
f 1433 1230 1234
f 1435 1433 1234
f 1070 1288 1068
f 1235 1435 1234
f 1434 1237 1233
f 1434 1436 1237
f 1288 1285 1068
f 1259 1450 1256
f 1281 1280 1285
f 1277 1278 1283
f 1278 1284 1283
f 1272 1277 1276
f 1459 1461 1284
f 1271 1272 1276
f 1278 1459 1284
f 1056 1051 1276
f 1285 1462 1281
f 1281 1462 1460
f 1276 1051 1271
f 1461 1463 1287
f 1284 1461 1287
f 1462 1285 1464
f 1274 1269 1048
f 1274 1048 1052
f 1274 1052 1275
f 1464 1288 1465
f 1464 1285 1288
f 1270 1269 1274
f 1266 1267 1272
f 1287 1463 1291
f 1267 1273 1272
f 1266 1272 1271
f 1291 1463 1466
f 1265 1266 1271
f 1051 1045 1271
f 1465 1288 1467
f 1271 1045 1265
f 1467 1292 1468
f 1467 1288 1292
f 1046 1048 1269
f 1273 1278 1277
f 1424 1425 1221
f 1281 1460 1279
f 1460 1458 1279
f 1256 1450 1448
f 1277 1283 1282
f 1276 1277 1282
f 1258 1449 1262
f 1262 1449 1451
f 1062 1056 1282
f 1282 1056 1276
f 1450 1259 1452
f 1452 1263 1453
f 1452 1259 1263
f 1451 1454 1262
f 1057 1059 1280
f 1454 1267 1262
f 1453 1263 1455
f 1263 1268 1455
f 1455 1268 1456
f 1279 1052 1057
f 1270 1456 1268
f 1273 1267 1454
f 1279 1057 1281
f 1454 1457 1273
f 1456 1270 1274
f 1458 1456 1274
f 1275 1458 1274
f 1281 1057 1280
f 1457 1459 1278
f 1273 1457 1278
f 1275 1052 1279
f 1458 1275 1279
f 1272 1273 1277
f 2794 2799 2798
f 1723 1711 1712
f 1712 1713 1723
f 2004 2005 2011
f 2010 2004 2011
f 1137 1132 1138
f 1132 1133 1138
f 1136 1131 1137
f 2005 2006 2012
f 2011 2005 2012
f 2006 2007 2013
f 2012 2006 2013
f 1131 1132 1137
f 2007 2009 2013
f 1740 1739 2014
f 1741 1740 2014
f 2003 2004 2010
f 2015 1741 2014
f 1747 1746 2016
f 1739 1747 2016
f 1130 1131 1136
f 2017 1739 2016
f 1126 1127 1135
f 1126 1134 1125
f 1739 2017 2014
f 2014 2017 2018
f 2014 2018 2015
f 2015 2018 2019
f 1742 2015 2020
f 2020 2015 2019
f 1748 1742 2020
f 1741 2015 1742
f 1133 1134 1139
f 1998 1999 2008
f 1998 2007 1997
f 1985 1997 1996
f 1985 1986 1997
f 1986 1998 1997
f 1987 1999 1998
f 1986 1987 1998
f 1989 1990 2000
f 1990 1991 2001
f 1142 913 1141
f 913 912 1141
f 2000 1990 2001
f 1991 1992 2002
f 2001 1991 2002
f 1992 1993 2003
f 2002 1992 2003
f 2003 1993 2004
f 2004 1993 1994
f 1994 1995 2004
f 1141 912 1140
f 1995 2005 2004
f 912 911 1140
f 1995 1996 2005
f 1996 2006 2005
f 1996 1997 2006
f 1997 2007 2006
f 2008 2009 2007
f 2008 2007 1998
f 911 910 1140
f 1134 1135 1139
f 1138 1133 1139
f 2021 1748 2020
f 1984 1985 1996
f 1749 1748 2021
f 1749 2022 1750
f 2032 2033 1758
f 1758 2033 1759
f 1115 1116 1127
f 1759 2033 2034
f 1761 1759 2034
f 1766 1767 2035
f 1768 1766 2035
f 2036 1768 2035
f 1755 1768 2036
f 2037 1755 2036
f 1755 2037 2038
f 1115 1126 1114
f 1755 2038 2023
f 2031 2032 1758
f 2023 2039 2024
f 2024 2040 2025
f 2039 2040 2024
f 2025 2040 2027
f 2034 1769 1761
f 2041 1769 2034
f 2041 2042 1769
f 1769 2042 1770
f 1770 2042 2043
f 1127 1126 1115
f 1771 1770 2043
f 2044 2035 1767
f 1776 2044 1767
f 2045 2036 2044
f 2038 2039 2023
f 2022 2031 1758
f 1118 1119 1128
f 2022 1758 1750
f 1756 1755 2023
f 1757 1756 2023
f 1135 1134 1126
f 1125 1134 1133
f 2024 1757 2023
f 1746 1757 2024
f 2025 1746 2024
f 1124 1125 1133
f 2025 2027 2026
f 1746 2025 2026
f 1124 1133 1132
f 1123 1124 1132
f 1746 2026 2016
f 2016 2028 2017
f 1123 1132 1131
f 2026 2028 2016
f 2017 2029 2018
f 2028 2029 2017
f 2029 2019 2018
f 2020 2030 2021
f 2021 2031 2022
f 1122 1123 1131
f 1131 1121 1122
f 2030 2031 2021
f 1130 1121 1131
f 1129 1120 1130
f 1120 1121 1130
f 1128 1119 1129
f 1119 1120 1129
f 2022 1749 2021
f 2036 2035 2044
f 1984 1996 1995
f 1983 1995 1994
f 1957 1944 1945
f 1945 1946 1957
f 1946 1958 1957
f 1946 1722 1958
f 1722 1959 1958
f 1150 1151 1142
f 1731 1960 1722
f 1960 1959 1722
f 1732 1960 1731
f 1961 1960 1732
f 1142 1151 1143
f 1148 1150 1141
f 1141 1150 1142
f 1956 1944 1957
f 1733 1961 1732
f 1141 1140 1147
f 1734 1962 1733
f 1963 1962 1734
f 1148 1141 1147
f 1148 1147 1149
f 1735 1963 1734
f 1140 1146 1147
f 1964 1963 1735
f 1729 1964 1735
f 1729 1947 1964
f 1947 1965 1964
f 1947 1948 1965
f 1948 1966 1965
f 1962 1961 1733
f 1143 1152 1144
f 1151 1152 1143
f 1955 1942 1956
f 1720 1945 1708
f 1945 1944 1708
f 1721 1945 1720
f 1946 1945 1721
f 1722 1946 1721
f 1728 1947 1729
f 1730 1947 1728
f 1948 1947 1730
f 1719 1948 1730
f 1719 1935 1948
f 1935 1949 1948
f 1935 1936 1949
f 1936 1950 1949
f 1936 1937 1950
f 1937 1951 1950
f 917 1155 922
f 1937 1938 1951
f 1938 1952 1951
f 1154 1155 917
f 1938 1939 1952
f 1939 1953 1952
f 1940 1954 1953
f 1939 1940 1953
f 1153 1154 917
f 1145 1153 917
f 1152 1153 1144
f 1943 1942 1955
f 1942 1944 1956
f 1144 1153 1145
f 1948 1949 1966
f 1983 1984 1995
f 1949 1967 1966
f 1950 1968 1967
f 1967 1983 1982
f 1967 1968 1983
f 1144 915 1143
f 1968 1984 1983
f 915 914 1143
f 1968 1969 1984
f 1969 1985 1984
f 1969 1970 1985
f 1970 1986 1985
f 1143 914 1142
f 1987 1986 1971
f 914 913 1142
f 1971 1986 1970
f 1966 1967 1982
f 1971 1972 1987
f 1976 1977 1989
f 1988 1976 1989
f 1989 1977 1990
f 1990 1977 1978
f 1978 1979 1990
f 1979 1991 1990
f 1979 1980 1991
f 1980 1992 1991
f 1980 1981 1992
f 1981 1993 1992
f 1981 1982 1993
f 1982 1994 1993
f 1982 1983 1994
f 1975 1976 1988
f 1966 1982 1981
f 1965 1966 1981
f 1965 1981 1980
f 1950 1951 1968
f 1951 1969 1968
f 1951 1952 1969
f 1952 1970 1969
f 1952 1953 1970
f 1953 1971 1970
f 1954 1972 1971
f 1953 1954 1971
f 1956 1957 1973
f 1957 1958 1974
f 1973 1957 1974
f 1958 1959 1975
f 910 1146 1140
f 1974 1958 1975
f 1975 1959 1976
f 1976 1959 1960
f 1960 1961 1976
f 1961 1977 1976
f 1961 1962 1977
f 1962 1978 1977
f 1962 1963 1978
f 1963 1979 1978
f 1963 1964 1979
f 1964 1980 1979
f 1964 1965 1980
f 910 921 1146
f 916 1145 917
f 1145 916 1144
f 916 915 1144
f 1949 1950 1967
f 2045 2037 2036
f 2043 1777 1771
f 2046 1777 2043
f 1108 1107 906
f 2111 1850 2107
f 1854 1850 2111
f 906 1107 905
f 2109 2113 2112
f 2109 2112 2107
f 2107 2112 2111
f 2113 2114 2112
f 1107 1106 905
f 905 1106 904
f 1106 1105 1096
f 2115 1855 2116
f 2115 1852 1855
f 2110 1851 1852
f 904 1106 1096
f 2111 1858 1854
f 1858 2117 1859
f 1105 1095 1096
f 1858 2111 2117
f 2111 2112 2117
f 1104 1095 1105
f 2114 2118 2112
f 1103 1093 1104
f 2112 2118 2117
f 1093 1095 1104
f 1094 1093 1103
f 2114 2119 2118
f 2116 1855 2120
f 904 1096 896
f 907 1108 906
f 1109 1108 907
f 908 1109 907
f 2097 2100 2099
f 2098 1839 2101
f 1839 2102 2101
f 1099 1100 1113
f 1099 1113 1112
f 1098 1099 1112
f 1098 1112 1111
f 1097 1098 1111
f 1839 1843 2102
f 2103 1841 2099
f 1845 1841 2103
f 2100 2104 2103
f 2099 2100 2103
f 1097 1111 1110
f 902 1097 1110
f 902 1110 908
f 1110 1109 908
f 2102 1843 1846
f 2105 2102 1846
f 1846 2106 2105
f 1847 2106 1846
f 2103 1849 1845
f 1849 2107 1850
f 2103 2107 1849
f 2103 2108 2107
f 2103 2104 2108
f 2108 2109 2107
f 2106 1847 1851
f 2110 2106 1851
f 1090 1091 1102
f 1100 1114 1113
f 1090 1101 1089
f 1855 1860 2120
f 894 896 1096
f 1096 1095 894
f 1868 2126 1873
f 2126 2127 1873
f 2127 2133 1873
f 2129 2134 2133
f 2127 2129 2133
f 2132 2131 2135
f 894 1095 893
f 2137 1874 2136
f 2135 1874 2137
f 2135 1870 1874
f 2135 2131 1870
f 901 1097 902
f 1095 1093 882
f 893 1095 882
f 1873 2138 1879
f 1093 1086 882
f 1873 2133 2138
f 2134 2140 2139
f 2134 2139 2133
f 2133 2139 2138
f 2140 2141 2139
f 1094 1086 1093
f 2137 2136 2142
f 2136 1875 1880
f 1094 1092 1086
f 2136 1880 2142
f 1874 1875 2136
f 903 1097 901
f 1098 1097 903
f 892 1098 903
f 2121 1859 2117
f 1863 1859 2121
f 2117 2118 2121
f 2118 2122 2121
f 2119 2123 2122
f 2118 2119 2122
f 1864 2124 2125
f 1864 2125 1860
f 1860 2125 2120
f 1864 1865 2124
f 1868 1863 2121
f 1089 1101 1100
f 1088 1089 1100
f 2121 2122 1868
f 2122 2126 1868
f 2123 2128 2127
f 1088 1100 1099
f 1087 1088 1099
f 2123 2127 2122
f 2122 2127 2126
f 2128 2129 2127
f 2125 2124 2130
f 2132 1869 2131
f 2130 1869 2132
f 2130 1865 1869
f 2130 2124 1865
f 1869 1870 2131
f 1087 1099 1098
f 892 1087 1098
f 1102 1101 1090
f 1100 1101 1114
f 1101 1115 1114
f 1102 1116 1115
f 2057 1792 2061
f 2061 1792 1797
f 2060 1799 1796
f 2062 1800 1799
f 2062 1799 2063
f 2063 1799 2060
f 2063 2064 2062
f 2061 1797 1801
f 2065 2061 1801
f 1801 2066 2065
f 1802 2066 1801
f 2062 1804 1800
f 2064 1804 2062
f 1796 1795 2060
f 2064 1806 1804
f 2067 1806 2064
f 2067 2068 1807
f 2066 1802 2069
f 2069 1802 1808
f 1807 2070 1811
f 1111 1123 1122
f 1807 2068 2070
f 1110 1111 1122
f 2068 2071 2070
f 2069 1808 1812
f 2072 2069 1812
f 2070 1814 1811
f 1814 2073 1815
f 1807 1806 2067
f 1795 2059 2060
f 1111 1112 1123
f 1793 2059 1795
f 1777 2046 2047
f 1778 1777 2047
f 2044 1776 2048
f 2048 1776 1782
f 1114 1126 1125
f 1113 1114 1125
f 1778 2047 2049
f 1783 1778 2049
f 2048 1782 2050
f 2050 1782 1786
f 2049 2051 1783
f 1783 2051 1787
f 1788 1787 2052
f 2052 1787 2051
f 2052 2053 1788
f 2050 1786 2054
f 2054 1786 1789
f 2053 2055 1788
f 1113 1125 1124
f 2055 1790 1788
f 1790 2055 2056
f 1791 1790 2056
f 2054 1789 2057
f 2057 1789 1792
f 2056 1793 1791
f 2058 1793 2056
f 1112 1113 1124
f 2058 2059 1793
f 1112 1124 1123
f 2070 2073 1814
f 1110 1122 1121
f 1109 1110 1121
f 2070 2074 2073
f 2082 2088 2087
f 2082 2084 2088
f 2088 2089 2087
f 1831 2090 2091
f 1831 2091 1827
f 1827 2091 2086
f 1831 1832 2090
f 2087 1834 1830
f 1834 2092 1835
f 2087 2092 1834
f 2087 2093 2092
f 2087 2089 2093
f 2093 2094 2092
f 2091 2090 2095
f 2090 2096 2095
f 2090 1832 2096
f 1832 1836 2096
f 1117 1105 1118
f 1105 1106 1118
f 1838 1835 2092
f 2094 2097 1838
f 2092 2094 1838
f 1839 2098 1836
f 1836 2098 2096
f 4111 3907 4112
f 1838 2099 1841
f 1104 1105 1117
f 1101 1102 1115
f 1838 2097 2099
f 2082 2087 1829
f 1708 1944 1942
f 1829 2087 1830
f 1827 2086 1826
f 1109 1121 1120
f 2070 2071 2074
f 2074 2075 2073
f 2072 1812 1816
f 2076 2072 1816
f 1108 1109 1120
f 1817 2076 1816
f 2073 1819 1815
f 1108 1120 1119
f 1107 1108 1119
f 1119 1106 1107
f 1118 1106 1119
f 2073 1820 1819
f 2073 2077 1820
f 2073 2075 2077
f 2077 2079 2078
f 1820 2077 2078
f 2079 2080 2078
f 2076 1817 2081
f 2081 1817 1822
f 1824 1820 2078
f 1824 2082 1825
f 2078 2082 1824
f 2078 2083 2082
f 2078 2080 2083
f 2083 2084 2082
f 2081 1822 1826
f 2085 2081 1826
f 1826 2086 2085
f 2082 1829 1825
f 1934 1708 1942
f 1942 1933 1934
f 1943 1933 1942
f 1563 1790 1565
f 1565 1790 1791
f 1566 1565 1791
f 1789 1562 1792
f 1792 1562 1567
f 1791 1569 1566
f 1793 1569 1791
f 1794 1570 1569
f 1794 1569 1795
f 1795 1569 1793
f 1795 1796 1794
f 1571 1797 1567
f 1567 1797 1792
f 1788 1790 1563
f 1185 1176 944
f 1573 1798 1574
f 1184 1185 944
f 1184 944 952
f 1794 1798 1573
f 952 953 1184
f 1794 1799 1798
f 1794 1796 1799
f 1799 1800 1798
f 1797 1571 1801
f 1571 1802 1801
f 1182 1183 951
f 1182 950 1181
f 951 950 1182
f 1794 1573 1570
f 1788 1563 1559
f 1789 1556 1562
f 946 1187 954
f 1774 1780 1551
f 1546 1774 1551
f 1177 1178 1187
f 1781 1775 1547
f 1552 1781 1547
f 1776 1781 1782
f 1775 1781 1776
f 1549 1778 1783
f 1553 1549 1783
f 1784 1779 1550
f 1554 1784 1550
f 1779 1784 1780
f 1780 1784 1785
f 1780 1785 1555
f 1551 1780 1555
f 1781 1552 1556
f 1556 1782 1781
f 1556 1786 1782
f 1783 1557 1553
f 1783 1787 1557
f 1557 1787 1558
f 1558 1787 1788
f 1559 1558 1788
f 1784 1554 1560
f 1785 1784 1560
f 954 1187 1186
f 1561 1785 1560
f 1785 1561 1555
f 1786 1556 1789
f 1571 1575 1802
f 1177 1187 955
f 1798 1577 1574
f 1798 1803 1577
f 1179 939 1177
f 1813 1590 1587
f 939 948 1177
f 1590 1818 1591
f 938 1177 948
f 1813 1818 1590
f 1813 1819 1818
f 1813 1815 1819
f 1819 1820 1818
f 1592 1821 1822
f 1592 1822 1588
f 1178 938 1169
f 1588 1822 1817
f 1582 1588 1817
f 1592 1593 1821
f 1818 1595 1594
f 1818 1820 1595
f 1820 1824 1823
f 1595 1820 1823
f 1824 1825 1823
f 1178 1177 938
f 1822 1821 1826
f 1821 1827 1826
f 1821 1593 1827
f 1593 1597 1827
f 1599 1595 1823
f 1599 1828 1600
f 1823 1828 1599
f 1818 1594 1591
f 1582 1817 1816
f 1812 1582 1816
f 1814 1815 1813
f 1798 1804 1803
f 1798 1800 1804
f 949 1181 950
f 1174 1181 949
f 1804 1806 1805
f 1803 1804 1805
f 1174 949 942
f 1806 1807 1805
f 1802 1575 1808
f 1180 1171 1170
f 1808 1575 1579
f 1580 1578 1803
f 1803 1805 1580
f 1805 1809 1580
f 939 1180 1170
f 1807 1810 1805
f 1805 1810 1809
f 1807 1811 1810
f 1808 1579 1581
f 1812 1808 1581
f 939 1179 1180
f 1812 1581 1582
f 1584 1580 1809
f 1810 1584 1809
f 1586 1584 1810
f 1586 1813 1587
f 1810 1813 1586
f 1810 1814 1813
f 1810 1811 1814
f 1577 1803 1578
f 1774 1779 1780
f 946 955 1187
f 1773 1779 1774
f 1740 1741 1508
f 1188 955 1193
f 1508 1741 1518
f 1742 1519 1741
f 1741 1519 1518
f 1520 1519 1742
f 1743 1520 1742
f 1520 1743 1521
f 1529 1528 1744
f 1192 959 954
f 1515 1529 1744
f 1515 1744 1736
f 1736 1744 1745
f 1507 1740 1508
f 1736 1745 1737
f 1747 1738 1746
f 1738 1737 1746
f 1186 1192 954
f 1747 1739 1738
f 958 1191 1185
f 1742 1748 1743
f 1743 1530 1521
f 1743 1748 1530
f 1748 1749 1530
f 1530 1749 1750
f 1531 1530 1750
f 1523 1532 1751
f 1524 1523 1751
f 1737 1745 1746
f 1739 1740 1507
f 1193 955 960
f 1739 1507 1738
f 1713 1724 1723
f 1713 1714 1724
f 1714 1725 1724
f 1714 1715 1725
f 1715 1726 1725
f 1715 1716 1726
f 1716 1727 1726
f 1728 1729 1727
f 1728 1727 1717
f 1717 1727 1716
f 1717 1718 1730
f 1728 1717 1730
f 1718 1719 1730
f 1722 1723 1731
f 1723 1724 1732
f 1731 1723 1732
f 1724 1725 1733
f 1732 1724 1733
f 1725 1726 1734
f 1733 1725 1734
f 1726 1727 1735
f 1734 1726 1735
f 1727 1729 1735
f 1514 1515 1736
f 1516 1514 1736
f 1737 1516 1736
f 1517 1516 1737
f 1738 1517 1737
f 1507 1517 1738
f 1752 1524 1751
f 1524 1752 1533
f 1535 1534 1753
f 1536 1535 1753
f 1766 1768 1753
f 1768 1755 1754
f 1761 1769 1760
f 1760 1543 1539
f 1760 1769 1543
f 1769 1770 1543
f 1543 1770 1771
f 1544 1543 1771
f 1772 1762 1540
f 1545 1772 1540
f 1762 1772 1763
f 1763 1772 1773
f 1763 1773 1764
f 1179 955 1188
f 1764 1773 1774
f 1764 1774 1546
f 1541 1764 1546
f 1775 1765 1542
f 1547 1775 1542
f 1767 1775 1776
f 1765 1775 1767
f 1771 1548 1544
f 1777 1548 1771
f 1548 1777 1778
f 1179 1177 955
f 1549 1548 1778
f 1772 1545 1550
f 1550 1779 1772
f 1772 1779 1773
f 1753 1768 1754
f 1823 1829 1828
f 1534 1766 1753
f 1534 1765 1766
f 1754 1536 1753
f 1528 1536 1754
f 1755 1528 1754
f 1528 1755 1756
f 1528 1756 1744
f 1744 1757 1745
f 1756 1757 1744
f 1757 1746 1745
f 958 1185 1184
f 1184 953 958
f 1758 1531 1750
f 1758 1759 1531
f 1531 1759 1537
f 1761 1760 1538
f 1761 1538 1759
f 957 956 1190
f 1759 1538 1537
f 956 1189 1190
f 1538 1760 1539
f 1532 1540 1762
f 1532 1762 1751
f 1751 1762 1763
f 1751 1763 1752
f 1752 1763 1764
f 1752 1764 1541
f 1533 1752 1541
f 1189 956 951
f 1534 1542 1765
f 1765 1767 1766
f 1183 1189 951
f 1190 961 957
f 1823 1825 1829
f 1165 1175 1167
f 934 935 1165
f 1902 1668 1903
f 923 1164 933
f 923 1156 1164
f 1670 1903 1668
f 1904 1667 1898
f 1674 1667 1904
f 1898 1899 1904
f 1899 1905 1904
f 1899 1900 1905
f 1900 1906 1905
f 1901 1907 1906
f 1900 1901 1906
f 1896 1668 1902
f 1903 1670 1675
f 1908 1676 1909
f 1147 1163 1149
f 1908 1675 1676
f 1677 1909 1676
f 1910 1674 1904
f 1683 1674 1910
f 1904 1905 1910
f 1147 1162 1163
f 1146 1162 1147
f 1905 1911 1910
f 1146 1161 1162
f 1905 1906 1911
f 1906 1912 1911
f 1908 1903 1675
f 1896 1664 1668
f 1897 1896 1902
f 1895 1901 1900
f 1882 1657 1651
f 934 1166 1157
f 934 1165 1166
f 1657 1888 1658
f 1657 1882 1888
f 1882 1883 1888
f 1883 1884 1888
f 1884 1889 1888
f 1885 1890 1889
f 1884 1885 1889
f 1887 1653 1891
f 1891 1659 1892
f 1891 1653 1659
f 1893 1658 1888
f 1662 1658 1893
f 1888 1889 1893
f 1889 1894 1893
f 1890 1895 1894
f 1889 1890 1894
f 1897 1892 1659
f 1896 1897 1659
f 1659 1664 1896
f 1898 1662 1893
f 1667 1662 1898
f 1165 1167 1166
f 1893 1894 1898
f 1894 1899 1898
f 1895 1900 1894
f 1894 1900 1899
f 1907 1913 1912
f 934 1157 925
f 1906 1907 1912
f 1909 1677 1915
f 1920 1929 1928
f 1930 1931 1929
f 1924 1923 1932
f 1932 1923 1933
f 1933 1923 1925
f 1925 1695 1933
f 1695 1934 1933
f 1159 927 1158
f 1708 1934 1695
f 1719 1707 1935
f 1707 1926 1935
f 927 919 1158
f 1926 1936 1935
f 1921 1929 1920
f 1926 1927 1936
f 1158 919 1157
f 1927 1928 1937
f 1928 1938 1937
f 1928 1929 1938
f 1929 1939 1938
f 919 918 1157
f 1931 1940 1939
f 1929 1931 1939
f 918 925 1157
f 1932 1933 1941
f 923 922 1156
f 922 1155 1156
f 1943 1941 1933
f 1927 1937 1936
f 1921 1930 1929
f 1920 1928 1927
f 1919 1920 1927
f 1914 1909 1915
f 1917 1684 1916
f 1915 1684 1917
f 921 1161 1146
f 1915 1677 1684
f 1685 1916 1684
f 1918 1683 1910
f 1693 1683 1918
f 1910 1911 1918
f 921 932 1161
f 1911 1919 1918
f 1911 1912 1919
f 1912 1920 1919
f 929 1160 930
f 1913 1921 1920
f 1912 1913 1920
f 1917 1916 1922
f 1160 929 1159
f 1924 1922 1916
f 1924 1916 1923
f 1923 1916 1685
f 1694 1925 1685
f 1925 1923 1685
f 1695 1925 1694
f 1693 1918 1707
f 1918 1926 1707
f 1918 1919 1926
f 1919 1927 1926
f 929 927 1159
f 1908 1909 1914
f 1166 1158 1157
f 1886 1652 1653
f 1887 1886 1653
f 1611 1840 1844
f 1841 1845 1844
f 1840 1841 1844
f 1843 1842 1846
f 1164 941 933
f 1846 1616 1847
f 1172 1163 1162
f 1846 1613 1616
f 1846 1842 1613
f 1618 1615 1844
f 1845 1849 1848
f 1162 1161 1171
f 1172 1162 1171
f 1164 1173 941
f 1845 1848 1844
f 1849 1850 1848
f 1161 1170 1171
f 1847 1616 1851
f 1616 1619 1851
f 1851 1619 1852
f 1620 1852 1619
f 1618 1853 1622
f 1618 1848 1853
f 1850 1854 1853
f 1848 1850 1853
f 1852 1620 1623
f 932 1170 1161
f 1855 1852 1623
f 1844 1848 1618
f 941 1173 1174
f 1611 1844 1615
f 942 941 1174
f 1827 1597 1601
f 1831 1827 1601
f 1601 1832 1831
f 1602 1832 1601
f 1828 1604 1600
f 1604 1833 1605
f 1828 1833 1604
f 1828 1834 1833
f 1828 1830 1834
f 1834 1835 1833
f 1606 1836 1602
f 1602 1836 1832
f 1837 1605 1833
f 1608 1605 1837
f 1835 1838 1837
f 1833 1835 1837
f 1836 1606 1839
f 1606 1609 1839
f 1611 1608 1837
f 1176 935 944
f 1175 935 1176
f 1838 1840 1837
f 1175 1165 935
f 1837 1840 1611
f 1838 1841 1840
f 1612 1842 1843
f 1612 1843 1609
f 1609 1843 1839
f 1612 1613 1842
f 1624 1855 1623
f 1856 1622 1853
f 1626 1622 1856
f 1854 1858 1857
f 1868 1872 1867
f 1867 1872 1871
f 1868 1873 1872
f 1870 1636 1641
f 1874 1870 1641
f 1875 1874 1642
f 1874 1641 1642
f 1876 1640 1871
f 1645 1640 1876
f 1871 1872 1876
f 1159 1168 1160
f 1872 1877 1876
f 1873 1878 1872
f 1872 1878 1877
f 1873 1879 1878
f 1875 1642 1880
f 1642 1646 1880
f 1880 1646 1881
f 1648 1881 1646
f 1882 1645 1876
f 1651 1645 1882
f 1876 1877 1882
f 1877 1883 1882
f 1877 1878 1883
f 1878 1884 1883
f 1879 1885 1884
f 1878 1879 1884
f 1881 1648 1652
f 1886 1881 1652
f 1866 1867 1871
f 1829 1830 1828
f 1639 1866 1871
f 1866 1639 1633
f 1854 1857 1853
f 1853 1857 1856
f 1858 1859 1857
f 1627 1860 1624
f 1624 1860 1855
f 1861 1626 1856
f 1629 1626 1861
f 1856 1857 1861
f 1857 1862 1861
f 1859 1863 1862
f 1857 1859 1862
f 1860 1627 1864
f 932 940 1170
f 940 939 1170
f 1627 1865 1864
f 930 1169 938
f 1160 1169 930
f 1160 1168 1169
f 1627 1631 1865
f 1866 1629 1861
f 1633 1629 1866
f 1861 1862 1866
f 1862 1867 1866
f 1863 1868 1867
f 1862 1863 1867
f 1865 1631 1634
f 1869 1865 1634
f 1634 1870 1869
f 1636 1870 1634
f 1639 1871 1640
f 2793 2794 2798
f 2530 2535 2693
f 2796 2612 2614
f 3412 3634 3642
f 3412 3400 3634
f 3634 3635 3642
f 3639 3638 3643
f 3638 3640 3644
f 3643 3638 3644
f 3646 3413 3645
f 153 257 160
f 3644 3413 3646
f 3644 3404 3413
f 3644 3640 3404
f 3414 3645 3413
f 3647 3645 3414
f 261 155 161
f 3415 3647 3414
f 3416 3648 3415
f 3649 3648 3416
f 257 260 160
f 3417 3649 3416
f 3650 3649 3417
f 3418 3650 3417
f 3651 3650 3418
f 3419 3651 3418
f 3652 3651 3419
f 3411 3652 3419
f 3411 3653 3652
f 259 154 155
f 3654 3655 3653
f 3648 3647 3415
f 3654 3653 3641
f 3412 3642 3641
f 260 262 167
f 265 168 178
f 3622 3623 3628
f 3625 3626 3630
f 3632 3630 3626
f 3632 3626 3631
f 3631 3626 3386
f 3390 3633 3386
f 3633 3631 3386
f 3390 3392 3633
f 3399 3634 3400
f 167 262 177
f 262 264 177
f 3399 3635 3634
f 3641 3411 3412
f 3399 3627 3635
f 3627 3629 3635
f 3632 3631 3636
f 3631 3633 3637
f 3636 3631 3637
f 3639 3401 3638
f 3637 3401 3639
f 3637 3392 3401
f 3637 3633 3392
f 3402 3638 3401
f 263 161 168
f 3640 3638 3402
f 160 260 167
f 3402 3404 3640
f 3399 3389 3627
f 3622 3627 3384
f 3641 3653 3411
f 3646 3645 3656
f 3671 3434 3670
f 3670 3434 3433
f 3435 3434 3671
f 3672 3435 3671
f 3435 3672 3437
f 3429 3439 3673
f 3673 3675 3674
f 139 256 253
f 3429 3673 3674
f 147 256 139
f 3429 3674 3664
f 254 255 146
f 3664 3674 3666
f 3432 3670 3433
f 254 145 252
f 146 145 254
f 3672 3440 3437
f 3672 3676 3440
f 3676 3677 3440
f 3677 3678 3440
f 3440 3678 3441
f 252 145 137
f 3679 3442 3678
f 3678 3442 3441
f 3442 3679 3443
f 3439 3450 3680
f 134 139 253
f 3439 3680 3673
f 3671 3676 3672
f 3641 3642 3654
f 3669 3670 3432
f 3668 3669 3431
f 3645 3647 3657
f 3656 3645 3657
f 258 154 259
f 3647 3648 3658
f 3657 3647 3658
f 3648 3649 3659
f 3658 3648 3659
f 3649 3650 3660
f 147 154 258
f 3659 3649 3660
f 3650 3651 3661
f 3660 3650 3661
f 3651 3652 3662
f 3431 3669 3432
f 3661 3651 3662
f 3662 3652 3663
f 3653 3655 3663
f 3430 3429 3664
f 3664 3666 3665
f 256 147 258
f 146 255 153
f 3664 3665 3430
f 3430 3665 3423
f 3665 3667 3423
f 255 257 153
f 3423 3667 3424
f 3667 3668 3424
f 3424 3668 3431
f 3652 3653 3663
f 3628 3627 3622
f 3628 3629 3627
f 3389 3384 3627
f 3591 3346 3586
f 3351 3346 3591
f 275 205 276
f 205 206 276
f 272 205 275
f 203 270 274
f 3588 3592 3591
f 209 274 273
f 203 274 209
f 3586 3588 3591
f 3590 3589 3593
f 3595 3352 3594
f 3593 3352 3595
f 3343 3348 3584
f 3593 3348 3352
f 3352 3354 3594
f 208 209 273
f 3351 3591 3357
f 3591 3596 3357
f 3592 3597 3596
f 3591 3592 3596
f 272 204 205
f 3595 3594 3598
f 3600 3358 3599
f 3598 3358 3600
f 3598 3354 3358
f 3598 3594 3354
f 3359 3599 3358
f 3593 3589 3348
f 3601 3599 3359
f 206 207 277
f 3589 3590 3584
f 3578 3333 3336
f 3578 3574 3333
f 3336 3338 3579
f 212 281 213
f 280 281 212
f 3335 3576 3340
f 3576 3581 3340
f 3577 3582 3581
f 3576 3577 3581
f 3580 3579 3583
f 210 280 212
f 279 280 210
f 3585 3341 3584
f 3584 3348 3589
f 3583 3341 3585
f 3583 3579 3338
f 3341 3343 3584
f 3346 3340 3586
f 210 211 279
f 3587 3588 3586
f 208 273 278
f 277 207 278
f 207 208 278
f 3587 3586 3581
f 3581 3586 3340
f 276 206 277
f 3581 3582 3587
f 3590 3585 3584
f 3583 3338 3341
f 3359 3361 3601
f 271 204 272
f 196 204 271
f 3608 3609 3614
f 3612 3611 3615
f 3617 3375 3616
f 3615 3375 3617
f 3615 3371 3375
f 3615 3611 3371
f 3375 3377 3616
f 3618 3374 3613
f 3380 3374 3618
f 3614 3619 3618
f 3613 3614 3618
f 3621 3617 3616
f 3620 3621 3616
f 3373 3368 3608
f 3381 3616 3377
f 3381 3620 3616
f 3380 3618 3384
f 3618 3622 3384
f 3619 3623 3622
f 3618 3619 3622
f 3621 3620 3624
f 3620 3381 3625
f 3624 3620 3625
f 3625 3385 3626
f 177 264 186
f 3625 3381 3385
f 264 266 186
f 3386 3626 3385
f 178 188 267
f 3373 3608 3614
f 3373 3614 3613
f 3373 3613 3374
f 3357 3602 3363
f 269 196 271
f 195 268 203
f 268 270 203
f 3603 3602 3596
f 3596 3602 3357
f 3596 3597 3603
f 3600 3599 3604
f 3599 3601 3605
f 3604 3599 3605
f 3607 3364 3606
f 3605 3364 3607
f 188 269 267
f 3605 3361 3364
f 3605 3601 3361
f 3364 3366 3606
f 196 269 188
f 3368 3363 3608
f 3609 3608 3602
f 3602 3608 3363
f 186 266 195
f 3602 3603 3609
f 3607 3606 3610
f 266 268 195
f 3612 3369 3611
f 3610 3369 3612
f 3610 3366 3369
f 3610 3606 3366
f 3369 3371 3611
f 3673 3680 3681
f 3675 3681 3682
f 3673 3681 3675
f 251 134 253
f 3738 3485 3483
f 3486 3485 3739
f 3739 3485 3738
f 3739 3740 3486
f 211 105 218
f 3741 3736 3484
f 3487 3741 3484
f 3737 3741 3742
f 3736 3741 3737
f 211 100 105
f 219 218 105
f 3740 3743 3486
f 3743 3489 3486
f 3735 3738 3483
f 3489 3743 3744
f 3741 3487 3491
f 3491 3742 3741
f 216 217 104
f 216 103 215
f 3491 3745 3742
f 104 103 216
f 3492 3490 3744
f 3744 3746 3492
f 3745 3491 3747
f 3747 3491 3493
f 102 215 103
f 214 215 102
f 3492 3748 3494
f 3490 3489 3744
f 101 214 102
f 217 220 104
f 107 220 221
f 229 110 115
f 222 110 229
f 226 228 225
f 227 226 225
f 223 224 113
f 3726 3479 3477
f 3729 3479 3726
f 223 112 221
f 3479 3729 3730
f 3480 3479 3730
f 113 112 223
f 3731 3727 3478
f 3481 3731 3478
f 220 107 104
f 3728 3731 3732
f 3730 3482 3480
f 3733 3482 3730
f 221 112 108
f 219 110 222
f 105 110 219
f 3483 3482 3734
f 3734 3482 3733
f 3734 3735 3483
f 3736 3731 3481
f 3484 3736 3481
f 3732 3736 3737
f 3731 3736 3732
f 108 107 221
f 3727 3731 3728
f 3492 3749 3748
f 3492 3746 3749
f 3749 3750 3748
f 3765 3501 3506
f 3766 3505 3762
f 3508 3505 3766
f 3764 3767 3766
f 211 210 100
f 3762 3764 3766
f 202 203 209
f 3765 3506 3509
f 3768 3765 3509
f 3509 3769 3768
f 3510 3769 3509
f 3766 3512 3508
f 3512 3770 3513
f 3761 3501 3765
f 3766 3770 3512
f 208 201 209
f 201 202 209
f 207 200 208
f 200 201 208
f 3767 3771 3770
f 3769 3510 3514
f 3772 3769 3514
f 206 199 207
f 199 200 207
f 3772 3514 3515
f 205 198 206
f 198 199 206
f 204 197 205
f 3766 3767 3770
f 3763 3764 3762
f 3763 3504 3760
f 3762 3504 3763
f 3747 3493 3751
f 3751 3493 3495
f 3748 3496 3494
f 213 214 101
f 3748 3497 3496
f 3748 3752 3497
f 3748 3750 3752
f 3752 3754 3753
f 3497 3752 3753
f 3754 3755 3753
f 3751 3495 3498
f 3756 3751 3498
f 3498 3757 3756
f 99 213 101
f 212 213 99
f 99 210 212
f 100 210 99
f 3499 3497 3753
f 3499 3758 3500
f 3753 3758 3499
f 3753 3759 3758
f 3753 3755 3759
f 3759 3760 3758
f 3757 3498 3761
f 3761 3498 3501
f 3758 3502 3500
f 3760 3502 3758
f 3760 3504 3502
f 3762 3505 3504
f 3720 3719 3727
f 3578 3336 3580
f 113 224 118
f 3478 3727 3475
f 3456 3694 3686
f 3686 3694 3695
f 124 129 248
f 3686 3695 3687
f 3687 3695 3696
f 3687 3696 3688
f 3688 3696 3697
f 242 124 248
f 3460 3688 3698
f 3698 3688 3697
f 3461 3460 3698
f 240 241 245
f 3699 3461 3698
f 243 132 127
f 3461 3699 3468
f 241 247 245
f 3463 3700 3689
f 3689 3700 3701
f 3689 3701 3690
f 3690 3701 3702
f 245 238 240
f 246 238 245
f 3690 3702 3691
f 246 244 238
f 239 238 244
f 3465 3693 3703
f 3469 3465 3703
f 3704 3694 3467
f 3463 3468 3700
f 3471 3704 3467
f 132 243 249
f 3456 3467 3694
f 3679 3451 3443
f 3679 3683 3451
f 3683 3684 3451
f 3451 3684 3452
f 137 133 249
f 3685 3453 3684
f 3684 3453 3452
f 3453 3685 3454
f 3457 3456 3686
f 3458 3457 3686
f 3687 3458 3686
f 3459 3458 3687
f 3688 3459 3687
f 133 132 249
f 3459 3688 3460
f 3463 3689 3450
f 3680 3689 3681
f 3681 3689 3690
f 3682 3690 3691
f 3681 3690 3682
f 3685 3464 3454
f 129 251 248
f 134 251 129
f 3685 3692 3464
f 3464 3692 3693
f 245 247 250
f 246 245 250
f 3465 3464 3693
f 3689 3680 3450
f 3705 3704 3706
f 3705 3695 3704
f 3695 3694 3704
f 236 122 230
f 3474 3475 3719
f 3471 3474 3719
f 3471 3719 3704
f 3704 3719 3720
f 123 122 236
f 3704 3720 3706
f 3711 3721 3712
f 230 122 118
f 235 115 120
f 3722 3712 3721
f 229 115 235
f 225 228 233
f 236 237 123
f 228 234 233
f 3713 3722 3714
f 3714 3722 3723
f 231 225 233
f 3714 3723 3715
f 227 225 231
f 3724 3473 3718
f 3724 3725 3473
f 232 227 231
f 3473 3725 3476
f 118 224 230
f 3476 3725 3726
f 3477 3476 3726
f 3727 3719 3475
f 3722 3713 3712
f 3473 3472 3718
f 239 232 231
f 238 239 231
f 127 237 243
f 3695 3707 3696
f 3705 3707 3695
f 3696 3708 3697
f 3707 3708 3696
f 3697 3709 3698
f 3708 3709 3697
f 3698 3710 3699
f 3709 3710 3698
f 123 237 127
f 3710 3711 3468
f 3710 3468 3699
f 120 242 235
f 3468 3711 3700
f 3700 3711 3712
f 3700 3712 3701
f 3701 3712 3713
f 3701 3713 3702
f 3702 3713 3714
f 124 242 120
f 233 234 240
f 3702 3714 3715
f 234 241 240
f 233 240 238
f 231 233 238
f 3716 3469 3703
f 3716 3717 3469
f 3469 3717 3472
f 3472 3717 3718
f 3720 3727 3728
f 3580 3336 3579
f 3575 3574 3578
f 3572 3573 3576
f 3211 3210 3465
f 345 344 348
f 3466 3455 3208
f 3213 3466 3208
f 3456 3466 3467
f 341 342 346
f 342 347 346
f 3456 3455 3466
f 341 346 264
f 262 341 264
f 263 344 261
f 344 340 261
f 345 340 344
f 3210 3464 3465
f 3468 3462 3461
f 339 340 343
f 3463 3462 3468
f 336 338 341
f 338 342 341
f 336 341 262
f 260 336 262
f 3211 3465 3469
f 3214 3211 3469
f 3470 3466 3213
f 3216 3470 3213
f 3467 3470 3471
f 3466 3470 3467
f 261 340 259
f 345 343 340
f 340 334 259
f 3464 3210 3454
f 3449 3463 3450
f 3203 3452 3204
f 264 346 266
f 3452 3453 3204
f 3204 3453 3205
f 3205 3453 3454
f 3206 3205 3454
f 3194 3208 3455
f 3194 3455 3444
f 3444 3455 3456
f 265 349 263
f 3457 3445 3456
f 3445 3444 3456
f 3445 3458 3446
f 3454 3210 3206
f 3457 3458 3445
f 3458 3459 3446
f 3459 3460 3209
f 349 344 263
f 3459 3209 3200
f 3459 3200 3447
f 3201 3209 3460
f 3461 3201 3460
f 350 344 349
f 3201 3461 3448
f 3448 3461 3462
f 3448 3462 3449
f 3449 3462 3463
f 350 348 344
f 3446 3459 3447
f 339 334 340
f 3469 3472 3214
f 335 334 339
f 333 258 335
f 3483 3231 3229
f 335 258 334
f 330 329 333
f 326 328 331
f 3232 3231 3485
f 3485 3231 3483
f 3485 3486 3232
f 328 332 331
f 3484 3230 3487
f 3487 3230 3233
f 257 255 331
f 331 255 326
f 333 256 258
f 3486 3234 3232
f 329 330 253
f 3488 3235 3234
f 3488 3234 3489
f 3489 3234 3486
f 330 325 253
f 3489 3490 3488
f 327 328 326
f 3491 3487 3236
f 3236 3487 3233
f 322 324 327
f 322 327 326
f 3237 3235 3488
f 322 326 254
f 253 256 329
f 333 329 256
f 3484 3227 3230
f 3481 3227 3484
f 3214 3472 3217
f 337 338 336
f 3217 3472 3473
f 3218 3217 3473
f 3474 3470 3216
f 3474 3216 3475
f 3475 3216 3220
f 3470 3474 3471
f 331 336 260
f 332 336 331
f 332 337 336
f 3473 3476 3218
f 3218 3476 3221
f 3221 3476 3477
f 3222 3221 3477
f 3475 3220 3478
f 3478 3220 3224
f 3477 3225 3222
f 3479 3225 3477
f 3225 3479 3480
f 3226 3225 3480
f 3478 3224 3481
f 3481 3224 3227
f 260 257 331
f 3480 3228 3226
f 3482 3228 3480
f 3228 3482 3483
f 259 334 258
f 3229 3228 3483
f 3451 3452 3203
f 3490 3492 3237
f 3451 3203 3443
f 346 351 266
f 3414 3405 3415
f 3406 3407 3416
f 268 357 270
f 3415 3406 3416
f 3407 3408 3417
f 3416 3407 3417
f 3408 3409 3418
f 3417 3408 3418
f 3409 3410 3419
f 3418 3409 3419
f 3410 3411 3419
f 3166 3167 3420
f 3168 3166 3420
f 3405 3406 3415
f 3421 3168 3420
f 3422 3169 3421
f 3170 3169 3422
f 3423 3170 3422
f 3171 3170 3423
f 3424 3171 3423
f 3172 3171 3424
f 3425 3172 3424
f 3173 3172 3425
f 3426 3173 3425
f 3174 3173 3426
f 3427 3174 3426
f 3174 3427 3175
f 3428 3420 3167
f 3169 3168 3421
f 3177 3428 3167
f 3413 3403 3414
f 3404 3403 3413
f 3403 3393 3394
f 367 360 362
f 3394 3145 3403
f 3145 3405 3403
f 368 360 367
f 368 366 360
f 3153 3406 3145
f 361 360 366
f 3406 3405 3145
f 3154 3406 3153
f 3407 3406 3154
f 3155 3407 3154
f 3408 3407 3155
f 3403 3405 3414
f 3150 3408 3155
f 359 365 364
f 3150 3395 3408
f 358 364 363
f 3395 3409 3408
f 3395 3396 3409
f 3396 3410 3409
f 357 358 363
f 3411 3410 3397
f 3397 3410 3396
f 3397 3398 3412
f 357 363 270
f 3411 3397 3412
f 3398 3400 3412
f 358 359 364
f 3420 3428 3421
f 3421 3428 3429
f 267 269 362
f 267 355 265
f 3436 3440 3190
f 3440 3441 3190
f 355 349 265
f 356 349 355
f 3441 3442 3190
f 3190 3442 3191
f 356 354 349
f 3191 3442 3443
f 3192 3191 3443
f 3195 3194 3444
f 3196 3195 3444
f 3445 3196 3444
f 3436 3190 3181
f 3197 3196 3445
f 3446 3197 3445
f 3198 3197 3446
f 3447 3198 3446
f 3198 3447 3200
f 347 353 352
f 3202 3201 3448
f 3189 3202 3448
f 3189 3448 3438
f 3438 3448 3449
f 346 352 351
f 3439 3449 3450
f 347 352 346
f 3439 3438 3449
f 350 349 354
f 3437 3440 3436
f 3429 3428 3439
f 266 351 268
f 3430 3422 3429
f 3422 3421 3429
f 267 362 360
f 3430 3423 3422
f 355 267 360
f 360 361 355
f 361 356 355
f 3424 3431 3425
f 352 353 358
f 3425 3432 3426
f 3431 3432 3425
f 3426 3433 3427
f 3432 3433 3426
f 3427 3178 3175
f 3427 3433 3178
f 3433 3434 3178
f 3434 3435 3178
f 3178 3435 3179
f 3437 3436 3180
f 3437 3180 3435
f 353 359 358
f 352 358 357
f 3435 3180 3179
f 351 352 357
f 3180 3436 3181
f 3177 3189 3438
f 351 357 268
f 3177 3438 3428
f 3428 3438 3439
f 3443 3203 3192
f 3770 3517 3513
f 3488 3490 3237
f 254 326 255
f 3544 3548 3547
f 294 229 298
f 3543 3544 3547
f 299 294 298
f 3545 3546 3549
f 3551 3297 3550
f 3549 3297 3551
f 3549 3294 3297
f 3549 3546 3294
f 3297 3299 3550
f 3552 3296 3547
f 3301 3296 3552
f 3548 3553 3552
f 3296 3291 3547
f 228 293 297
f 226 293 228
f 3551 3550 3554
f 3556 3302 3555
f 3554 3302 3556
f 292 226 227
f 3554 3299 3302
f 3554 3550 3299
f 3302 3304 3555
f 3557 3301 3552
f 3306 3301 3557
f 3553 3558 3557
f 3552 3553 3557
f 3556 3555 3559
f 3547 3548 3552
f 296 292 227
f 3547 3291 3543
f 3545 3288 3292
f 304 299 298
f 3538 3282 3537
f 3536 3282 3538
f 3536 3279 3282
f 3536 3532 3279
f 3282 3284 3537
f 302 234 228
f 297 302 228
f 3534 3286 3281
f 3286 3539 3287
f 3534 3539 3286
f 3534 3540 3539
f 3534 3535 3540
f 3292 3294 3546
f 3540 3541 3539
f 3538 3537 3542
f 227 232 296
f 295 300 230
f 3542 3284 3288
f 3542 3537 3284
f 230 224 295
f 3543 3287 3539
f 3291 3287 3543
f 3541 3544 3543
f 3539 3541 3543
f 3542 3288 3545
f 3545 3292 3546
f 294 222 229
f 296 232 301
f 3561 3307 3560
f 224 223 295
f 3559 3307 3561
f 219 287 286
f 3567 3320 3321
f 3321 3323 3568
f 217 216 285
f 216 284 285
f 3566 3569 3325
f 3319 3566 3325
f 215 284 216
f 3567 3568 3570
f 3568 3323 3326
f 3568 3326 3570
f 3570 3326 3571
f 283 284 215
f 218 219 286
f 3328 3571 3326
f 3330 3325 3572
f 3569 3573 3572
f 282 283 214
f 3325 3569 3572
f 3331 3574 3575
f 3331 3575 3328
f 3328 3575 3571
f 213 282 214
f 281 282 213
f 3331 3333 3574
f 3576 3330 3572
f 3335 3330 3576
f 3573 3577 3576
f 214 283 215
f 3567 3321 3568
f 3567 3565 3320
f 3565 3317 3320
f 3559 3304 3307
f 3559 3555 3304
f 3307 3308 3560
f 3310 3306 3557
f 223 290 295
f 290 223 221
f 294 219 222
f 3558 3562 3310
f 3557 3558 3310
f 3561 3560 3563
f 287 219 294
f 3560 3308 3563
f 291 293 226
f 3308 3312 3563
f 292 291 226
f 289 290 221
f 3562 3564 3314
f 3310 3562 3314
f 289 220 288
f 221 220 289
f 288 220 285
f 285 220 217
f 3563 3312 3315
f 3565 3563 3315
f 3317 3565 3315
f 218 286 279
f 211 218 279
f 3564 3566 3319
f 3314 3564 3319
f 3533 3532 3536
f 3491 3236 3238
f 3528 3530 3534
f 3276 3528 3534
f 313 312 318
f 3499 3500 3251
f 316 317 249
f 243 311 316
f 3498 3248 3501
f 3501 3248 3252
f 243 316 249
f 3251 3502 3253
f 3251 3500 3502
f 3502 3504 3503
f 3253 3502 3503
f 3504 3505 3503
f 242 315 309
f 312 246 250
f 248 315 242
f 3252 3506 3501
f 314 247 241
f 3253 3507 3256
f 308 314 241
f 3253 3503 3507
f 3505 3508 3507
f 3503 3505 3507
f 3506 3254 3509
f 244 246 312
f 239 313 307
f 3509 3257 3510
f 3509 3254 3257
f 244 313 239
f 3254 3506 3252
f 244 312 313
f 312 250 318
f 3251 3250 3499
f 254 252 322
f 3238 3239 3491
f 3239 3493 3491
f 251 325 320
f 253 325 251
f 3492 3241 3237
f 323 324 322
f 3241 3492 3494
f 3242 3241 3494
f 3493 3239 3495
f 3495 3239 3243
f 3494 3245 3242
f 252 321 322
f 3499 3250 3497
f 321 323 322
f 3245 3496 3497
f 249 317 321
f 3246 3245 3497
f 3495 3243 3247
f 249 321 252
f 3498 3495 3247
f 248 251 320
f 3248 3498 3247
f 3497 3250 3246
f 315 248 320
f 314 319 247
f 319 250 247
f 318 250 319
f 3496 3245 3494
f 310 311 243
f 3507 3259 3256
f 3259 3511 3260
f 237 236 306
f 236 305 306
f 305 236 230
f 3523 3524 3522
f 3520 3519 3525
f 3527 3271 3526
f 3525 3271 3527
f 3525 3267 3271
f 3525 3519 3267
f 300 305 230
f 3271 3273 3526
f 3521 3275 3270
f 3275 3521 3276
f 3521 3518 3522
f 3521 3522 3276
f 3524 3528 3522
f 3522 3528 3276
f 3529 3530 3528
f 3527 3526 3531
f 3533 3277 3532
f 3531 3277 3533
f 3531 3273 3277
f 3531 3526 3273
f 3277 3279 3532
f 3276 3534 3281
f 229 235 298
f 298 235 303
f 303 304 298
f 3524 3529 3528
f 3518 3523 3522
f 301 232 307
f 3516 3518 3521
f 243 237 306
f 3507 3511 3259
f 3507 3512 3511
f 3507 3508 3512
f 3512 3513 3511
f 3510 3257 3514
f 2797 2796 2800
f 235 242 309
f 3257 3261 3514
f 3514 3261 3515
f 303 235 309
f 3262 3515 3261
f 304 303 309
f 3511 3264 3260
f 3264 3516 3265
f 3511 3516 3264
f 3511 3517 3516
f 3511 3513 3517
f 308 241 234
f 3517 3518 3516
f 3266 3519 3520
f 3266 3520 3262
f 3262 3520 3515
f 302 308 234
f 3266 3267 3519
f 3516 3269 3265
f 307 232 239
f 3269 3521 3270
f 3516 3521 3269
f 3530 3535 3534
f 3404 3393 3403
f 197 198 205
f 3770 3518 3517
f 4010 3779 3775
f 89 95 94
f 3779 4010 4014
f 3780 3779 4014
f 4013 3777 3781
f 4015 4013 3781
f 3781 4016 4015
f 3782 4016 3781
f 3783 4014 4017
f 88 89 94
f 94 87 88
f 3783 3780 4014
f 4017 4018 3783
f 3777 4013 3776
f 93 87 94
f 3784 4020 3782
f 3782 4020 4016
f 3784 3785 4019
f 92 86 93
f 86 87 93
f 85 86 92
f 3783 4018 3787
f 3787 4018 4021
f 4020 4019 4022
f 83 84 90
f 4022 3788 4023
f 4022 3785 3788
f 4022 4019 3785
f 3784 4019 4020
f 84 91 90
f 3776 4013 4012
f 3772 3776 4011
f 3768 4006 4005
f 3769 4006 3768
f 100 2 3
f 105 100 3
f 103 104 9
f 3767 4007 3771
f 3767 4004 4007
f 4007 4008 3771
f 7 102 9
f 102 103 9
f 5 101 7
f 101 102 7
f 3772 4009 3769
f 4011 3776 4012
f 2 99 5
f 99 101 5
f 100 99 2
f 95 96 98
f 97 94 98
f 94 95 98
f 93 94 97
f 4008 3774 3771
f 3774 4008 4010
f 3775 3774 4010
f 90 91 96
f 90 95 89
f 4009 3772 4011
f 96 95 90
f 3769 4009 4006
f 4005 4003 3768
f 83 90 89
f 82 89 88
f 72 73 80
f 4029 4032 3797
f 3794 4029 3797
f 72 80 79
f 4035 3798 4034
f 71 72 79
f 4033 3798 4035
f 4033 3796 3798
f 71 79 78
f 70 71 78
f 3798 3799 4034
f 78 68 70
f 77 68 78
f 73 81 80
f 69 68 77
f 3797 4032 3800
f 4035 4034 4037
f 66 76 75
f 65 75 74
f 4037 3801 4038
f 4037 3799 3801
f 4037 4034 3799
f 66 75 65
f 65 74 73
f 3800 4036 3803
f 3803 4036 4039
f 64 65 73
f 4038 3801 4040
f 4032 4036 3800
f 82 83 89
f 73 74 81
f 4031 3795 3796
f 3789 3787 4021
f 4021 4024 3789
f 4023 3788 4025
f 81 82 88
f 81 88 87
f 80 81 87
f 3788 3790 4025
f 80 87 86
f 79 80 86
f 86 78 79
f 4024 4026 3791
f 3789 4024 3791
f 3792 4027 4028
f 74 82 81
f 3792 4028 3790
f 3792 3793 4027
f 85 78 86
f 4026 4029 3794
f 3791 4026 3794
f 77 78 85
f 4028 4027 4030
f 4027 3793 3795
f 4027 3795 4030
f 75 76 83
f 4030 3795 4031
f 76 84 83
f 75 83 82
f 74 75 82
f 3790 4028 4025
f 4003 3765 3768
f 4002 4004 3767
f 3767 3764 4002
f 3729 3971 3972
f 3730 3729 3972
f 3973 3964 3728
f 3973 3728 3974
f 3974 3728 3732
f 3964 3973 3965
f 118 122 121
f 3967 3975 3968
f 116 117 37
f 36 116 37
f 3968 3976 3969
f 3975 3976 3968
f 3977 3969 3976
f 3963 3971 3729
f 3977 3970 3969
f 3972 3733 3730
f 3978 3733 3972
f 3978 3979 3733
f 3733 3979 3734
f 3734 3979 3980
f 3735 3734 3980
f 28 119 114
f 3974 3732 3981
f 3981 3732 3737
f 28 114 20
f 119 120 114
f 120 115 114
f 113 118 117
f 116 36 27
f 111 117 116
f 118 121 117
f 117 121 37
f 3949 3960 3961
f 129 124 125
f 3948 3960 3949
f 3952 3724 3718
f 123 127 126
f 3962 3724 3952
f 121 126 47
f 3963 3725 3962
f 3962 3725 3724
f 3725 3963 3726
f 3720 3728 3964
f 3964 3965 3953
f 3720 3964 3953
f 3963 3729 3726
f 123 126 121
f 3958 3966 3959
f 28 39 125
f 125 119 28
f 3966 3722 3959
f 3723 3722 3967
f 3968 3723 3967
f 124 119 125
f 3723 3968 3960
f 3960 3968 3969
f 120 119 124
f 3961 3960 3970
f 3960 3969 3970
f 122 123 121
f 37 121 47
f 3980 3738 3735
f 113 117 111
f 3982 3738 3980
f 3992 3752 3750
f 3994 3752 3992
f 3994 3995 3752
f 3752 3995 3754
f 3754 3995 3996
f 3755 3754 3996
f 3993 3751 3756
f 3756 3757 3993
f 3757 3997 3993
f 3996 3759 3755
f 105 12 109
f 105 3 12
f 3760 3759 3998
f 3751 3990 3747
f 110 105 109
f 3998 3999 3760
f 3997 3757 4000
f 4000 3757 3761
f 107 108 106
f 10 104 106
f 104 107 106
f 3999 4001 3760
f 4001 3763 3760
f 3763 4001 4002
f 9 104 10
f 3764 3763 4002
f 4000 3761 4003
f 4003 3761 3765
f 3998 3759 3996
f 3993 3990 3751
f 3750 3749 3992
f 3749 3991 3992
f 3982 3983 3738
f 18 111 116
f 3738 3983 3739
f 3739 3983 3984
f 3740 3739 3984
f 18 116 27
f 3981 3737 3985
f 3985 3737 3742
f 12 20 109
f 3984 3743 3740
f 3986 3743 3984
f 3743 3986 3987
f 109 20 114
f 3744 3743 3987
f 3985 3742 3988
f 114 115 109
f 3988 3742 3745
f 115 110 109
f 112 113 111
f 3744 3987 3989
f 106 111 18
f 108 111 106
f 3746 3744 3989
f 3988 3745 3990
f 108 112 111
f 3990 3745 3747
f 3989 3749 3746
f 10 106 18
f 3991 3749 3989
f 64 73 72
f 63 64 72
f 3801 3804 4040
f 63 72 71
f 28 19 29
f 3858 4083 4080
f 3861 3863 4082
f 3866 4084 4085
f 3865 4084 3866
f 3860 4086 3865
f 3865 4086 4084
f 20 19 28
f 18 27 26
f 17 26 25
f 3860 4081 4086
f 4083 4082 4087
f 18 26 17
f 3861 4083 3858
f 4089 3867 4088
f 4087 3863 3867
f 4087 4082 3863
f 3868 4088 3867
f 17 25 24
f 3870 4090 3871
f 4090 3870 3866
f 16 17 24
f 4090 3866 4091
f 16 24 23
f 15 16 23
f 4091 3866 4085
f 4089 4088 4092
f 15 23 22
f 4087 3867 4089
f 4088 3868 4093
f 3861 4082 4083
f 3860 3856 4081
f 38 39 29
f 4072 4073 4076
f 39 28 29
f 4078 3851 4077
f 4076 3851 4078
f 36 37 35
f 4076 3848 3851
f 26 35 34
f 27 35 26
f 27 36 35
f 26 34 33
f 25 26 33
f 25 33 32
f 4081 3856 4079
f 4076 4073 3848
f 3851 3853 4077
f 4075 4079 3850
f 4079 3856 3850
f 4078 4077 4080
f 24 32 31
f 23 24 31
f 23 31 30
f 4077 3853 4080
f 3853 3858 4080
f 22 23 30
f 22 30 29
f 21 22 29
f 29 19 21
f 24 25 32
f 4092 4088 4093
f 4093 3872 4094
f 14 15 22
f 4102 3880 3885
f 4102 4099 3880
f 3886 4103 3885
f 1 4 13
f 11 1 13
f 3896 4105 3897
f 4105 3896 3884
f 4105 3884 4106
f 4106 3884 4101
f 4104 4103 4107
f 3 1 11
f 4107 4103 4108
f 4108 4103 3886
f 4102 3885 4104
f 12 3 11
f 6 7 8
f 3898 4108 3886
f 7 9 8
f 4 5 6
f 5 7 6
f 1 2 4
f 3906 4105 4109
f 3906 3897 4105
f 4105 4106 4109
f 4107 4108 4110
f 4108 3898 4111
f 2 5 4
f 4110 4108 4111
f 9 10 8
f 4104 3885 4103
f 4098 4099 4102
f 3876 4096 4100
f 14 22 21
f 4093 3868 3872
f 13 14 21
f 3872 3874 4094
f 13 21 19
f 11 13 19
f 19 20 11
f 20 12 11
f 10 18 17
f 8 17 16
f 10 17 8
f 3876 4095 4096
f 8 16 15
f 3876 4090 4095
f 3876 3871 4090
f 4090 4091 4095
f 6 8 15
f 4093 4094 4097
f 4094 3874 3877
f 4094 3877 4097
f 4097 3877 4098
f 4098 3878 4099
f 6 15 14
f 4098 3877 3878
f 3878 3880 4099
f 4 6 14
f 4100 4101 3876
f 4 14 13
f 4101 3884 3876
f 29 30 38
f 3723 3960 3715
f 3844 4071 4074
f 4075 3850 3844
f 55 56 64
f 55 64 63
f 54 55 63
f 4050 3814 3815
f 54 63 62
f 4048 4051 3813
f 53 54 62
f 53 62 61
f 4051 3817 3813
f 52 53 61
f 4054 3818 4053
f 4052 3818 4054
f 4052 3815 3818
f 56 65 64
f 52 61 60
f 51 52 60
f 51 60 59
f 4051 4055 3817
f 4055 3821 3817
f 4054 4053 4056
f 4053 4057 4056
f 4053 3819 4057
f 50 51 59
f 3819 3823 4057
f 59 49 50
f 58 49 59
f 3824 3821 4058
f 48 49 58
f 3818 3819 4053
f 47 57 56
f 57 66 65
f 4049 3814 4050
f 62 63 71
f 4039 4041 3803
f 4041 3806 3803
f 3807 4042 4043
f 3807 4043 3804
f 62 71 70
f 3804 4043 4040
f 3807 3808 4042
f 4041 4044 3806
f 4044 3810 3806
f 61 62 70
f 61 70 68
f 60 61 68
f 56 57 65
f 68 59 60
f 4047 3811 4046
f 69 59 68
f 4045 3811 4047
f 4045 3808 3811
f 4045 4042 3808
f 69 67 59
f 3811 3812 4046
f 4044 4048 3810
f 4048 3813 3810
f 4047 4046 4049
f 58 59 67
f 4046 3812 3814
f 4046 3814 4049
f 4043 4042 4045
f 4058 3821 4055
f 4057 3823 3825
f 4059 4057 3825
f 39 38 48
f 3838 4068 3836
f 37 47 46
f 35 46 45
f 4069 3839 3835
f 3835 4067 4069
f 4068 3838 3840
f 4070 4068 3840
f 37 46 35
f 3842 4070 3840
f 35 45 44
f 34 35 44
f 3844 3839 4071
f 4068 4066 3836
f 4071 3839 4069
f 34 44 43
f 33 34 43
f 33 43 42
f 32 33 42
f 4072 4070 3845
f 32 42 41
f 4072 3846 4073
f 31 32 41
f 31 41 40
f 4072 3845 3846
f 3846 3848 4073
f 30 31 40
f 4074 4075 3844
f 4070 3842 3845
f 48 38 49
f 49 38 40
f 40 41 49
f 3825 4060 4059
f 3827 4060 3825
f 46 56 55
f 47 56 46
f 3829 3824 4061
f 4058 4062 4061
f 3824 4058 4061
f 46 55 54
f 45 46 54
f 45 54 53
f 3830 4063 3827
f 3827 4063 4060
f 44 45 53
f 4064 3829 4061
f 44 53 52
f 43 44 52
f 4064 3832 3829
f 4061 4062 4064
f 4063 3830 4065
f 3830 4066 4065
f 43 52 51
f 3830 3834 4066
f 42 43 51
f 42 51 50
f 3835 3832 4067
f 4067 3832 4064
f 41 42 50
f 4066 3834 3836
f 41 50 49
f 30 40 38
f 3960 3948 3715
f 3721 3959 3722
f 128 129 125
f 3825 3583 3827
f 3825 3580 3583
f 96 172 98
f 172 171 98
f 3825 3822 3580
f 3583 3585 3826
f 3587 3828 3588
f 3828 3587 3582
f 3828 3582 3829
f 3829 3582 3824
f 3827 3826 3830
f 98 171 97
f 171 170 93
f 3827 3583 3826
f 3826 3585 3830
f 3831 3588 3828
f 97 171 93
f 3592 3588 3831
f 3829 3832 3831
f 3828 3829 3831
f 3593 3833 3834
f 93 170 169
f 163 93 169
f 3593 3834 3590
f 3590 3834 3830
f 3593 3595 3833
f 3835 3592 3831
f 169 162 163
f 3585 3590 3830
f 3835 3597 3592
f 3823 3822 3825
f 3824 3582 3577
f 3567 3570 3814
f 3814 3570 3815
f 168 169 178
f 166 167 176
f 167 177 176
f 166 176 175
f 3815 3570 3571
f 165 166 175
f 165 175 174
f 3573 3569 3816
f 3813 3817 3816
f 3569 3813 3816
f 3815 3571 3818
f 3820 3821 3824
f 3571 3819 3818
f 164 174 173
f 3571 3575 3819
f 3820 3573 3816
f 3577 3573 3820
f 3817 3821 3820
f 3816 3817 3820
f 3578 3822 3823
f 3578 3823 3575
f 3575 3823 3819
f 96 164 173
f 3578 3580 3822
f 3824 3577 3820
f 96 173 172
f 164 165 174
f 3831 3832 3835
f 3834 3833 3836
f 168 162 169
f 3610 3612 3847
f 93 163 92
f 163 162 85
f 92 163 85
f 3609 3849 3614
f 3844 3850 3849
f 3609 3844 3849
f 162 156 85
f 3848 3847 3851
f 3853 3615 3852
f 3851 3615 3853
f 161 156 162
f 3851 3612 3615
f 3846 3843 3607
f 3851 3847 3612
f 155 156 161
f 152 153 159
f 153 160 159
f 3619 3614 3854
f 3614 3849 3854
f 3849 3855 3854
f 3850 3856 3855
f 3849 3850 3855
f 3858 3853 3852
f 3857 3858 3852
f 3852 3621 3857
f 3617 3621 3852
f 3859 3619 3854
f 3615 3617 3852
f 3846 3607 3610
f 3846 3610 3848
f 3848 3610 3847
f 3838 3598 3837
f 3836 3598 3838
f 3836 3595 3598
f 3836 3833 3595
f 3598 3600 3837
f 161 162 168
f 159 160 166
f 3603 3597 3839
f 3839 3597 3835
f 160 167 166
f 3838 3837 3840
f 3842 3604 3841
f 3840 3604 3842
f 3840 3600 3604
f 3840 3837 3600
f 3605 3841 3604
f 3843 3841 3605
f 159 166 165
f 3605 3607 3843
f 158 159 165
f 158 165 164
f 157 158 164
f 3609 3603 3844
f 157 164 96
f 91 157 96
f 3603 3839 3844
f 3842 3841 3845
f 3841 3843 3846
f 3845 3841 3846
f 178 169 179
f 3623 3619 3859
f 3812 3567 3814
f 3810 3813 3569
f 3529 3780 3530
f 3530 3780 3783
f 3782 3527 3531
f 3784 3782 3531
f 3531 3785 3784
f 196 187 197
f 3533 3785 3531
f 3786 3535 3783
f 3535 3530 3783
f 3783 3787 3786
f 3785 3533 3536
f 3788 3785 3536
f 188 187 196
f 3529 3778 3780
f 3538 3788 3536
f 3540 3786 3787
f 3540 3787 3541
f 3541 3787 3789
f 185 186 194
f 3542 3790 3538
f 3538 3790 3788
f 186 195 194
f 3789 3791 3541
f 3791 3544 3541
f 3790 3542 3792
f 185 194 193
f 3792 3545 3793
f 3792 3542 3545
f 3786 3540 3535
f 184 185 193
f 197 187 189
f 3527 3782 3525
f 3770 3771 3518
f 194 195 202
f 3771 3774 3773
f 195 203 202
f 194 202 201
f 3518 3771 3773
f 193 194 201
f 193 201 200
f 192 193 200
f 3774 3775 3773
f 192 200 199
f 3772 3515 3776
f 3515 3777 3776
f 3778 3529 3524
f 191 192 199
f 191 199 198
f 190 191 198
f 190 198 197
f 3523 3518 3773
f 3523 3778 3524
f 3773 3778 3523
f 3773 3779 3778
f 3773 3775 3779
f 3779 3780 3778
f 3777 3520 3525
f 3781 3777 3525
f 3525 3782 3781
f 189 190 197
f 3515 3520 3777
f 184 193 192
f 3791 3794 3544
f 3794 3548 3544
f 3802 3803 3805
f 3804 3563 3807
f 188 178 179
f 3807 3565 3808
f 3807 3563 3565
f 176 177 185
f 177 186 185
f 176 185 184
f 175 176 184
f 175 184 183
f 3809 3564 3805
f 3566 3564 3809
f 3806 3810 3809
f 3803 3806 3805
f 3805 3806 3809
f 174 175 183
f 174 183 182
f 3811 3567 3812
f 3811 3565 3567
f 173 174 182
f 173 182 181
f 3569 3566 3809
f 172 173 181
f 172 181 180
f 171 172 180
f 171 180 179
f 170 171 179
f 179 169 170
f 3808 3565 3811
f 3564 3562 3805
f 3805 3562 3802
f 187 188 179
f 3793 3545 3795
f 183 184 192
f 3545 3549 3795
f 3795 3549 3796
f 183 192 191
f 3551 3796 3549
f 3794 3797 3548
f 3797 3553 3548
f 3796 3551 3554
f 3798 3796 3554
f 3554 3799 3798
f 3556 3799 3554
f 3797 3800 3553
f 182 183 191
f 3800 3558 3553
f 3799 3556 3559
f 3801 3799 3559
f 182 191 190
f 181 182 190
f 181 190 189
f 3561 3801 3559
f 180 181 189
f 3802 3562 3800
f 3562 3558 3800
f 3800 3803 3802
f 180 189 187
f 3563 3804 3561
f 3561 3804 3801
f 179 180 187
f 3809 3810 3569
f 196 197 204
f 152 159 158
f 3855 3859 3854
f 3916 3923 3917
f 3922 3923 3916
f 3917 3924 3918
f 3923 3924 3917
f 58 140 138
f 3918 3924 3671
f 3924 3925 3671
f 3925 3926 3671
f 135 58 138
f 3671 3926 3676
f 3926 3927 3676
f 138 139 135
f 3676 3927 3677
f 3921 3922 3915
f 139 134 135
f 3927 3678 3677
f 3678 3928 3679
f 3929 3919 3675
f 3682 3929 3675
f 3920 3929 3930
f 131 133 136
f 3920 3919 3929
f 133 137 136
f 131 136 66
f 130 131 66
f 3928 3931 3679
f 3931 3932 3679
f 3679 3932 3683
f 3928 3678 3927
f 3932 3933 3683
f 3915 3922 3916
f 3921 3915 3920
f 3908 3900 3909
f 3901 3902 3910
f 3909 3901 3910
f 3902 3903 3911
f 3910 3902 3911
f 3903 3904 3912
f 3911 3903 3912
f 3904 3905 3913
f 3912 3904 3913
f 3905 3906 3913
f 3665 3666 3914
f 3667 3665 3914
f 3915 3667 3914
f 3915 3914 3920
f 66 142 76
f 3916 3668 3915
f 67 69 141
f 3669 3668 3916
f 3917 3669 3916
f 3670 3669 3917
f 3918 3670 3917
f 3670 3918 3671
f 3674 3675 3919
f 3666 3674 3919
f 3666 3919 3914
f 3914 3919 3920
f 141 140 58
f 67 141 58
f 3668 3667 3915
f 3683 3933 3684
f 66 57 130
f 3684 3933 3934
f 129 128 134
f 132 133 131
f 126 131 130
f 3942 3716 3703
f 127 131 126
f 3942 3950 3716
f 3950 3951 3716
f 3716 3951 3717
f 3717 3951 3952
f 3718 3717 3952
f 3953 3943 3706
f 3720 3953 3706
f 127 132 131
f 3940 3948 3941
f 47 126 130
f 3944 3943 3953
f 3944 3955 3945
f 47 130 57
f 3954 3955 3944
f 3945 3956 3946
f 3955 3956 3945
f 3946 3957 3947
f 3956 3957 3946
f 48 128 125
f 48 125 39
f 3957 3711 3947
f 3721 3711 3958
f 3959 3721 3958
f 3954 3944 3953
f 3941 3948 3949
f 3715 3948 3702
f 134 128 135
f 3685 3684 3934
f 3935 3929 3682
f 3691 3935 3682
f 3930 3935 3936
f 3929 3935 3930
f 3937 3685 3934
f 58 135 48
f 3937 3938 3685
f 3685 3938 3692
f 3692 3938 3939
f 3693 3692 3939
f 3940 3935 3691
f 3702 3940 3691
f 3936 3940 3941
f 3935 3940 3936
f 3693 3939 3942
f 3693 3942 3703
f 3705 3706 3943
f 3707 3705 3943
f 3944 3707 3943
f 3708 3707 3944
f 3945 3708 3944
f 3709 3708 3945
f 3946 3709 3945
f 135 128 48
f 3710 3709 3946
f 3947 3710 3946
f 3710 3947 3711
f 3948 3940 3702
f 3900 3901 3909
f 3860 3859 3855
f 3907 3899 3908
f 3899 3900 3908
f 3872 3632 3636
f 3872 3869 3632
f 3637 3873 3636
f 3875 3873 3637
f 3637 3639 3875
f 156 149 77
f 155 149 156
f 3642 3635 3876
f 154 148 155
f 3635 3871 3876
f 3874 3873 3877
f 3873 3875 3878
f 3877 3873 3878
f 3872 3636 3874
f 3880 3643 3879
f 3878 3639 3643
f 3878 3875 3639
f 3644 3879 3643
f 3881 3879 3644
f 3644 3646 3881
f 3654 3882 3655
f 3642 3882 3654
f 148 149 155
f 147 148 154
f 144 146 152
f 3642 3883 3882
f 3876 3884 3883
f 3642 3876 3883
f 3878 3643 3880
f 3880 3879 3885
f 3874 3636 3873
f 3864 3866 3870
f 3855 3856 3860
f 3858 3857 3861
f 3863 3624 3862
f 3861 3624 3863
f 3861 3621 3624
f 3861 3857 3621
f 3625 3862 3624
f 151 152 158
f 151 158 157
f 3628 3864 3629
f 3864 3865 3866
f 3628 3865 3864
f 3628 3859 3865
f 3868 3869 3872
f 3628 3623 3859
f 3863 3862 3867
f 150 151 157
f 3862 3625 3868
f 3867 3862 3868
f 3868 3630 3869
f 91 84 157
f 3868 3625 3630
f 157 84 150
f 3630 3632 3869
f 85 156 77
f 3635 3870 3871
f 3635 3864 3870
f 3635 3629 3864
f 3859 3860 3865
f 3879 3881 3886
f 3885 3879 3886
f 3886 3656 3887
f 140 141 148
f 3886 3887 3898
f 148 138 140
f 3898 3887 3899
f 3899 3887 3888
f 3888 3889 3899
f 3889 3900 3899
f 147 138 148
f 3889 3890 3900
f 3890 3901 3900
f 3890 3891 3901
f 3891 3902 3901
f 139 138 147
f 141 149 148
f 3891 3892 3902
f 3892 3893 3903
f 3893 3904 3903
f 3893 3894 3904
f 145 146 144
f 143 137 144
f 137 145 144
f 3894 3905 3904
f 136 143 142
f 3906 3905 3895
f 3895 3905 3894
f 3895 3897 3906
f 137 143 136
f 3898 3899 3907
f 3892 3903 3902
f 77 141 69
f 3883 3884 3896
f 3883 3895 3882
f 146 153 152
f 144 152 151
f 3886 3646 3656
f 3886 3881 3646
f 3657 3887 3656
f 3888 3887 3657
f 3658 3888 3657
f 143 144 151
f 143 151 150
f 142 143 150
f 3889 3888 3658
f 84 76 150
f 3659 3889 3658
f 3890 3889 3659
f 3660 3890 3659
f 3891 3890 3660
f 3661 3891 3660
f 150 76 142
f 3892 3891 3661
f 3662 3892 3661
f 3893 3892 3662
f 77 149 141
f 3663 3893 3662
f 3894 3893 3663
f 3655 3894 3663
f 3655 3882 3894
f 3882 3895 3894
f 3896 3897 3895
f 3896 3895 3883
f 66 136 142
f 271 362 269
f 243 306 310
f 369 367 362
f 2785 3028 2784
f 3029 2783 3025
f 2787 2783 3029
f 542 549 383
f 3026 3030 3025
f 3025 3030 3029
f 3026 3031 3030
f 541 542 383
f 2788 3032 2785
f 2785 3032 3028
f 3033 2787 3029
f 2790 2787 3033
f 3029 3030 3033
f 3030 3034 3033
f 3031 3035 3034
f 3030 3031 3034
f 383 373 541
f 3032 2788 3036
f 2788 3037 3036
f 374 547 540
f 2788 2792 3037
f 2794 2790 3033
f 374 540 368
f 547 548 540
f 3033 3034 2794
f 548 539 540
f 545 546 544
f 3034 3038 2794
f 3035 3039 3038
f 542 543 549
f 3027 2784 3028
f 2779 2784 3027
f 543 550 549
f 3017 3012 2772
f 2772 3018 3017
f 2774 3018 2772
f 3013 2776 2771
f 2776 3019 2777
f 2776 3013 3019
f 3013 3014 3019
f 3016 3021 3020
f 3016 3020 3014
f 3014 3020 3019
f 554 547 374
f 555 547 554
f 3021 3022 3020
f 555 553 547
f 3034 3035 3038
f 548 547 553
f 3023 3018 2778
f 544 546 551
f 3024 3023 2779
f 3023 2778 2779
f 546 552 551
f 544 551 550
f 3019 2782 2777
f 2782 3025 2783
f 543 544 550
f 2782 3019 3025
f 3019 3020 3025
f 3022 3026 3025
f 3020 3022 3025
f 3024 2779 3027
f 3018 2774 2778
f 3037 2792 2795
f 3040 3037 2795
f 2795 3041 3040
f 2806 3053 2804
f 2804 3053 3049
f 539 366 540
f 534 533 539
f 531 532 537
f 2805 3050 2808
f 3050 3054 2808
f 3050 3051 3054
f 3051 3055 3054
f 3052 3056 3055
f 3051 3052 3055
f 3053 2806 3057
f 532 538 537
f 2806 2809 3057
f 3047 3048 3051
f 3057 2809 3058
f 530 531 536
f 530 536 535
f 3058 2809 2810
f 529 530 535
f 365 359 535
f 535 359 529
f 2808 3054 2812
f 3054 3059 2812
f 356 361 527
f 3054 3055 3059
f 3055 3060 3059
f 3056 3061 3060
f 3055 3056 3060
f 527 361 533
f 531 537 536
f 3012 2768 2772
f 539 361 366
f 3047 3051 3050
f 2797 3041 2795
f 537 544 543
f 538 544 537
f 2794 3038 2799
f 3038 3042 2799
f 3039 3043 3042
f 3038 3039 3042
f 3041 2797 2800
f 3044 3041 2800
f 538 545 544
f 3045 3044 2801
f 3044 2800 2801
f 537 543 542
f 536 537 542
f 3048 3052 3051
f 536 542 541
f 3042 3046 2802
f 535 536 541
f 3043 3047 3042
f 3042 3047 3046
f 3043 3048 3047
f 3045 2801 3049
f 373 365 541
f 541 365 535
f 2801 2804 3049
f 366 368 540
f 539 533 361
f 2802 3046 2805
f 3046 3050 2805
f 3046 3047 3050
f 2799 3042 2802
f 533 534 527
f 3015 3016 3014
f 3010 3014 3008
f 2741 2985 2742
f 2980 2985 2741
f 2980 2986 2985
f 575 573 565
f 410 575 565
f 410 565 400
f 573 564 565
f 574 564 573
f 2980 2982 2986
f 2986 2987 2985
f 574 572 564
f 2984 2983 2988
f 2983 2989 2988
f 2983 2739 2989
f 2739 2744 2989
f 2985 2746 2742
f 2746 2990 2747
f 2985 2990 2746
f 571 562 572
f 2985 2991 2990
f 2985 2987 2991
f 2991 2992 2990
f 562 564 572
f 563 562 571
f 559 560 569
f 2989 2744 2748
f 2993 2989 2748
f 560 570 569
f 559 569 568
f 411 575 410
f 2980 2741 2737
f 2738 2739 2983
f 2734 2984 2979
f 2730 2972 2731
f 2968 2972 2730
f 2968 2973 2972
f 2968 2970 2973
f 2973 2974 2972
f 569 579 578
f 568 569 578
f 2732 2975 2728
f 2728 2975 2971
f 568 578 577
f 2733 2731 2972
f 567 568 577
f 567 577 576
f 2974 2976 2972
f 2750 2993 2748
f 2972 2976 2733
f 2975 2732 2978
f 2732 2979 2978
f 566 567 576
f 2732 2734 2979
f 419 409 576
f 576 409 566
f 2736 2733 2976
f 2736 2980 2737
f 2976 2980 2736
f 2976 2981 2980
f 2976 2977 2981
f 2981 2982 2980
f 2738 2983 2984
f 2738 2984 2734
f 2974 2977 2976
f 558 559 568
f 2990 2752 2747
f 2752 2994 2753
f 2998 3002 2760
f 3003 3004 3002
f 552 559 551
f 2761 3005 3006
f 2761 3006 2759
f 2759 3006 3001
f 2761 2763 3005
f 551 558 557
f 2760 3007 2765
f 550 551 557
f 2760 3002 3007
f 3004 3009 3008
f 550 557 556
f 3004 3008 3002
f 2999 3002 2998
f 3002 3008 3007
f 549 550 556
f 3006 3005 3011
f 3005 2763 2766
f 383 549 556
f 3005 2766 3011
f 383 556 396
f 3011 2766 3012
f 2768 3012 2766
f 3007 2770 2765
f 2770 3013 2771
f 2770 3007 3013
f 384 554 374
f 3007 3008 3013
f 3010 3015 3014
f 3009 3010 3008
f 3008 3014 3013
f 551 559 558
f 2999 3003 3002
f 2990 2994 2752
f 2990 2995 2994
f 558 568 567
f 557 558 567
f 2990 2992 2995
f 2995 2996 2994
f 557 567 566
f 556 557 566
f 2754 2997 2750
f 409 396 566
f 2750 2997 2993
f 566 396 556
f 2756 2753 2994
f 398 400 565
f 552 560 559
f 565 564 398
f 564 562 384
f 397 564 384
f 2996 2998 2994
f 2994 2998 2756
f 2996 2999 2998
f 2997 2754 3000
f 2754 2757 3000
f 3000 2757 3001
f 562 554 384
f 2759 3001 2757
f 563 554 562
f 563 561 554
f 555 554 561
f 2756 2998 2760
f 398 564 397
f 534 528 527
f 3058 2810 3062
f 525 532 531
f 333 506 330
f 333 505 506
f 3114 3115 3122
f 3117 3118 3124
f 498 500 503
f 3124 3118 3125
f 3125 3118 3119
f 3119 2867 3125
f 2867 3126 3125
f 500 504 503
f 332 328 503
f 2875 3126 2867
f 503 328 498
f 502 325 330
f 497 325 502
f 494 496 501
f 495 494 501
f 2873 3127 2881
f 2873 3120 3127
f 3120 3128 3127
f 499 500 498
f 3120 3121 3128
f 3121 3129 3128
f 3123 3130 3129
f 3121 3123 3129
f 3124 3125 3131
f 3125 3126 3132
f 3131 3125 3132
f 490 492 499
f 330 506 502
f 3114 3121 3113
f 3122 3121 3114
f 3122 3123 3121
f 2857 3112 2851
f 510 339 511
f 3112 3110 2851
f 2858 3112 2857
f 506 505 510
f 2864 3113 2865
f 2856 3113 2864
f 2856 3107 3113
f 508 509 507
f 3107 3114 3113
f 3108 3115 3114
f 3107 3108 3114
f 3111 3110 3116
f 3110 3112 3117
f 3132 3126 3133
f 3116 3110 3117
f 3117 3112 3118
f 3118 3112 2858
f 503 508 507
f 2866 3119 2858
f 3119 3118 2858
f 2867 3119 2866
f 503 507 337
f 337 507 338
f 503 337 332
f 333 335 505
f 3120 2873 2874
f 2865 3120 2874
f 2865 3113 3120
f 3113 3121 3120
f 503 504 508
f 3133 3126 2875
f 490 499 498
f 2882 3134 2875
f 3149 3148 3139
f 3139 3148 3138
f 489 320 497
f 3139 3140 3151
f 3149 3139 3151
f 3140 3141 3152
f 319 487 494
f 487 496 494
f 494 484 319
f 3151 3140 3152
f 495 484 494
f 495 493 484
f 3141 3142 3152
f 3145 3146 3153
f 3149 3150 3148
f 3146 3147 3154
f 3147 3148 3155
f 3154 3147 3155
f 3148 3150 3155
f 2891 2890 3156
f 2892 2891 3156
f 485 484 493
f 3157 2892 3156
f 2893 2892 3157
f 491 492 490
f 3158 2893 3157
f 2893 3158 2894
f 2890 2898 3159
f 491 323 483
f 490 323 491
f 3153 3146 3154
f 510 335 339
f 3138 3148 3147
f 3137 3147 3146
f 3134 3133 2875
f 2883 3134 2882
f 490 498 327
f 3135 3134 2883
f 2884 3135 2883
f 3136 3135 2884
f 2885 3136 2884
f 327 498 328
f 3137 3136 2885
f 2886 3137 2885
f 3138 3137 2886
f 2881 3138 2886
f 490 327 324
f 2881 3139 3138
f 3137 3138 3147
f 2881 3127 3139
f 3127 3128 3140
f 3128 3141 3140
f 320 325 497
f 3142 3141 3129
f 3129 3141 3128
f 3129 3130 3142
f 3132 3133 3143
f 3133 3134 3144
f 3143 3133 3144
f 3134 3135 3145
f 3144 3134 3145
f 3145 3135 3146
f 3146 3135 3136
f 3136 3137 3146
f 3127 3140 3139
f 510 505 335
f 3110 3105 2851
f 3111 3105 3110
f 2819 3070 3076
f 3070 3077 3076
f 526 350 354
f 3078 3077 3071
f 3071 3077 3070
f 3071 3072 3078
f 3075 3074 3079
f 3081 2825 3080
f 3079 2825 3081
f 3079 2822 2825
f 3079 3074 2822
f 2825 2827 3080
f 526 354 528
f 528 354 527
f 2824 2819 3076
f 521 520 526
f 524 525 523
f 2829 2824 3082
f 516 523 522
f 3083 3082 3077
f 3077 3082 3076
f 3077 3078 3083
f 3081 3080 3084
f 518 523 516
f 3086 2830 3085
f 3084 2830 3086
f 3084 2827 2830
f 518 524 523
f 3084 3080 2827
f 2831 3085 2830
f 3082 2824 3076
f 347 516 522
f 526 520 350
f 3073 3068 2817
f 3062 2813 3063
f 3062 2810 2813
f 523 531 530
f 525 531 523
f 523 530 529
f 2812 3059 2815
f 3059 3064 2815
f 3059 3060 3064
f 3060 3065 3064
f 3061 3066 3065
f 3060 3061 3065
f 3063 2813 3067
f 3069 2816 3068
f 522 523 529
f 2820 2822 3074
f 3067 2816 3069
f 359 353 529
f 2816 2817 3068
f 529 353 522
f 354 356 527
f 2815 3064 2819
f 3064 3070 2819
f 3064 3065 3070
f 3065 3071 3070
f 3066 3072 3071
f 271 369 362
f 3069 3068 3073
f 3075 2820 3074
f 3073 2820 3075
f 3073 2817 2820
f 3067 2813 2816
f 2968 2730 2727
f 347 522 353
f 3082 3087 2833
f 3096 3095 3099
f 3101 2843 3100
f 3099 2843 3101
f 3099 2840 2843
f 3099 3095 2840
f 2843 2845 3100
f 3102 2842 3097
f 2849 2842 3102
f 514 339 343
f 3098 3103 3102
f 3097 3098 3102
f 3101 3100 3104
f 3106 2850 3105
f 3104 2850 3106
f 3092 3093 3098
f 3104 2845 2850
f 2851 3105 2850
f 514 343 515
f 511 339 514
f 2855 3107 2856
f 507 509 512
f 509 513 512
f 342 338 512
f 512 338 507
f 2855 3108 3107
f 2855 3102 3108
f 2855 2849 3102
f 3102 3103 3108
f 3106 3105 3109
f 3111 3109 3105
f 3104 3100 2845
f 2829 3082 2833
f 3092 3097 3091
f 3098 3097 3092
f 348 350 520
f 519 515 345
f 519 345 348
f 519 348 521
f 521 348 520
f 3083 3088 3087
f 514 515 519
f 3082 3083 3087
f 3086 3085 3089
f 517 518 516
f 3089 3085 3090
f 3090 3085 2831
f 2831 2835 3090
f 512 516 347
f 343 345 515
f 513 516 512
f 513 517 516
f 2833 3087 3091
f 3087 3092 3091
f 3088 3093 3092
f 3087 3088 3092
f 3089 3090 3094
f 3096 2838 3095
f 3094 2838 3096
f 3094 2835 2838
f 3094 3090 2835
f 2838 2840 3095
f 3097 2837 3091
f 2842 2837 3097
f 347 342 512
f 2837 2833 3091
f 2971 2725 2728
f 2967 2725 2971
f 2969 2970 2968
f 2842 2849 2848
f 2841 2842 2848
f 2845 2844 2850
f 2844 2846 2851
f 2850 2844 2851
f 634 635 645
f 2851 2846 2852
f 2852 2846 2645
f 631 632 643
f 632 644 643
f 631 643 642
f 2647 2852 2645
f 630 631 642
f 630 642 641
f 629 630 641
f 629 641 640
f 2853 2648 2649
f 628 629 640
f 2646 2853 2649
f 2646 2847 2853
f 2847 2854 2853
f 628 640 639
f 2855 2856 2854
f 2855 2854 2848
f 2848 2854 2847
f 2848 2849 2855
f 627 628 639
f 2851 2852 2857
f 2852 2647 2858
f 645 635 646
f 2841 2848 2847
f 2643 2841 2847
f 2646 2643 2847
f 2840 2641 2839
f 2838 2641 2840
f 2838 2639 2641
f 2838 2834 2639
f 2642 2839 2641
f 642 643 652
f 642 652 651
f 641 642 651
f 641 651 650
f 640 641 650
f 640 650 649
f 639 640 649
f 2640 2836 2643
f 2836 2841 2643
f 627 639 638
f 2837 2842 2841
f 2840 2839 2843
f 2845 2843 2839
f 2845 2839 2844
f 2844 2839 2642
f 639 649 648
f 638 639 648
f 638 648 647
f 2644 2846 2642
f 2846 2844 2642
f 2645 2846 2644
f 637 638 647
f 637 647 646
f 636 637 646
f 646 635 636
f 2836 2837 2841
f 2857 2852 2858
f 2858 2650 2859
f 626 627 638
f 614 630 629
f 613 614 629
f 613 629 628
f 2655 2869 2652
f 612 613 628
f 2869 2868 2652
f 2656 2869 2655
f 612 628 627
f 611 612 627
f 611 627 626
f 435 611 626
f 435 626 625
f 2870 2657 2658
f 2653 2870 2658
f 614 615 630
f 434 435 625
f 2653 2861 2871
f 2861 2872 2871
f 434 625 624
f 2873 2872 2862
f 2862 2872 2861
f 2862 2863 2874
f 2873 2862 2874
f 2863 2865 2874
f 2867 2868 2875
f 610 434 624
f 2875 2868 2876
f 2876 2868 2869
f 2869 2656 2876
f 2656 2877 2876
f 2653 2871 2870
f 2835 2834 2838
f 2868 2860 2652
f 615 631 630
f 626 638 637
f 2858 2647 2650
f 625 626 637
f 625 637 636
f 624 625 636
f 624 636 635
f 2651 2859 2650
f 2860 2859 2651
f 623 624 635
f 2652 2860 2651
f 635 622 623
f 634 622 635
f 633 620 634
f 620 622 634
f 2867 2860 2868
f 2861 2653 2654
f 621 620 633
f 2648 2862 2861
f 2648 2853 2862
f 2853 2863 2862
f 616 618 632
f 616 631 615
f 2864 2865 2863
f 2864 2863 2854
f 2854 2863 2853
f 2854 2856 2864
f 2858 2859 2866
f 2859 2860 2867
f 2866 2859 2867
f 632 631 616
f 2648 2861 2654
f 2832 2833 2836
f 2833 2837 2836
f 643 653 652
f 2806 2807 2809
f 2807 2620 2622
f 2807 2622 2809
f 2809 2622 2810
f 669 670 675
f 2623 2810 2622
f 674 668 675
f 668 669 675
f 673 667 674
f 667 668 674
f 2624 2621 2811
f 672 666 673
f 2808 2812 2811
f 2621 2808 2811
f 2619 2805 2621
f 2810 2623 2625
f 666 667 673
f 671 665 672
f 2626 2813 2625
f 2814 2624 2811
f 2627 2624 2814
f 665 666 672
f 2812 2815 2814
f 664 665 671
f 2811 2812 2814
f 662 663 670
f 2813 2626 2628
f 2816 2813 2628
f 662 669 661
f 2817 2816 2629
f 2813 2810 2625
f 2816 2628 2629
f 436 437 676
f 677 438 676
f 2796 2614 2800
f 2800 2614 2801
f 679 683 441
f 2615 2801 2614
f 2616 2613 2798
f 2799 2802 2616
f 2798 2799 2616
f 2617 2803 2804
f 2617 2804 2615
f 2615 2804 2801
f 682 683 678
f 678 683 679
f 2618 2803 2617
f 677 682 678
f 438 436 676
f 443 680 676
f 2802 2805 2619
f 2616 2802 2619
f 2804 2803 2806
f 2806 2803 2807
f 2807 2803 2618
f 443 444 680
f 2618 2620 2807
f 444 681 680
f 440 679 441
f 679 440 678
f 440 439 678
f 2805 2808 2621
f 678 439 677
f 439 438 677
f 437 443 676
f 610 624 623
f 670 669 662
f 2630 2627 2818
f 2830 2826 2831
f 653 654 662
f 654 663 662
f 653 662 661
f 2831 2635 2637
f 652 653 661
f 652 661 660
f 651 652 660
f 651 660 659
f 650 651 659
f 650 659 658
f 2638 2636 2832
f 649 650 658
f 649 658 657
f 2826 2635 2831
f 648 649 657
f 648 657 656
f 2828 2832 2636
f 2828 2829 2833
f 2835 2831 2637
f 2834 2835 2637
f 2637 2639 2834
f 647 648 656
f 656 646 647
f 2836 2638 2832
f 2640 2638 2836
f 655 646 656
f 645 646 655
f 643 644 653
f 644 654 653
f 2833 2832 2828
f 2818 2627 2814
f 2827 2826 2830
f 2824 2829 2828
f 2815 2819 2818
f 2814 2815 2818
f 2817 2629 2820
f 661 669 668
f 2822 2631 2821
f 2820 2631 2822
f 2820 2629 2631
f 660 661 668
f 660 668 667
f 659 660 667
f 659 667 666
f 2631 2632 2821
f 658 659 666
f 658 666 665
f 2823 2824 2828
f 2630 2818 2633
f 2819 2824 2823
f 2818 2819 2823
f 2822 2821 2825
f 2827 2634 2826
f 2825 2634 2827
f 2825 2632 2634
f 2825 2821 2632
f 2635 2826 2634
f 657 658 665
f 665 656 657
f 664 656 665
f 2633 2823 2636
f 655 656 664
f 2823 2828 2636
f 2818 2823 2633
f 490 324 323
f 2656 2657 2877
f 609 610 623
f 2702 2940 2926
f 2926 2940 2927
f 2929 2940 2941
f 2927 2940 2929
f 422 598 597
f 587 422 597
f 587 597 596
f 586 587 596
f 2939 2942 2701
f 586 596 595
f 2701 2942 2703
f 585 586 595
f 2942 2943 2703
f 2703 2943 2704
f 2704 2943 2944
f 2705 2704 2944
f 595 583 585
f 2945 2940 2702
f 2706 2945 2702
f 594 583 595
f 2940 2945 2941
f 2944 2707 2705
f 2946 2707 2944
f 2707 2946 2947
f 2708 2707 2947
f 2948 2945 2706
f 2709 2948 2706
f 584 583 594
f 580 581 592
f 428 598 422
f 2926 2698 2702
f 2701 2700 2939
f 2700 2938 2939
f 2928 2914 2927
f 2914 2913 2927
f 2914 2930 2915
f 2928 2930 2914
f 2915 2931 2916
f 591 592 602
f 2930 2931 2915
f 591 602 601
f 2916 2932 2917
f 590 591 601
f 2931 2932 2916
f 2917 2933 2918
f 590 601 600
f 2932 2933 2917
f 581 593 592
f 2918 2934 2919
f 2935 2919 2934
f 589 590 600
f 2935 2920 2919
f 2920 2935 2921
f 2921 2935 2936
f 589 600 599
f 588 589 599
f 432 427 599
f 2921 2936 2922
f 2925 2699 2697
f 2937 2699 2925
f 599 427 588
f 2937 2938 2699
f 2699 2938 2700
f 2933 2934 2918
f 580 592 591
f 579 580 591
f 579 591 590
f 2719 2960 2720
f 2956 2960 2719
f 2956 2961 2960
f 2956 2958 2961
f 2961 2962 2960
f 411 585 583
f 2963 2959 2721
f 2721 2959 2718
f 575 411 583
f 583 573 575
f 584 573 583
f 584 582 573
f 2960 2722 2720
f 574 573 582
f 2956 2719 2717
f 570 581 580
f 2960 2964 2722
f 569 580 579
f 2960 2965 2964
f 2960 2962 2965
f 2965 2966 2964
f 2963 2721 2724
f 570 580 569
f 2724 2725 2963
f 2725 2967 2963
f 2964 2726 2723
f 2726 2968 2727
f 2964 2968 2726
f 2964 2969 2968
f 2964 2966 2969
f 2722 2964 2723
f 592 603 602
f 2959 2715 2718
f 420 586 411
f 578 579 590
f 2708 2947 2949
f 2710 2708 2949
f 2950 2948 2709
f 578 590 589
f 577 578 589
f 577 589 588
f 2711 2950 2709
f 2948 2950 2951
f 576 577 588
f 427 419 588
f 2949 2712 2710
f 588 419 576
f 2949 2952 2712
f 2954 2715 2959
f 2712 2952 2713
f 2713 2952 2953
f 587 586 421
f 2714 2713 2953
f 2950 2711 2715
f 2715 2951 2950
f 421 586 420
f 2715 2954 2951
f 586 585 411
f 2953 2716 2714
f 2955 2716 2953
f 2956 2717 2716
f 2956 2716 2957
f 2957 2716 2955
f 2957 2958 2956
f 422 587 421
f 2928 2927 2929
f 2913 2926 2927
f 2693 2926 2913
f 2892 2893 2663
f 2663 2893 2664
f 621 619 606
f 2894 2669 2893
f 2893 2669 2664
f 2670 2669 2894
f 2895 2670 2894
f 2670 2895 2671
f 2896 2888 2668
f 605 606 619
f 617 618 616
f 2679 2896 2668
f 2888 2896 2889
f 2889 2896 2897
f 2662 2892 2663
f 2890 2897 2898
f 604 616 603
f 2890 2889 2897
f 604 617 616
f 603 615 614
f 602 603 614
f 602 614 613
f 601 602 613
f 601 613 612
f 600 601 612
f 2899 2895 2894
f 600 612 611
f 2671 2895 2900
f 599 600 611
f 2900 2895 2899
f 603 616 615
f 2671 2900 2680
f 2891 2892 2662
f 620 606 607
f 2657 2870 2878
f 2870 2879 2878
f 2870 2871 2879
f 609 623 622
f 2871 2880 2879
f 608 609 622
f 608 622 620
f 2881 2880 2872
f 2872 2880 2871
f 2872 2873 2881
f 2875 2876 2882
f 2876 2877 2883
f 2882 2876 2883
f 2877 2878 2884
f 621 606 620
f 2883 2877 2884
f 2884 2878 2885
f 2879 2880 2886
f 2885 2879 2886
f 2880 2881 2886
f 2661 2660 2887
f 2661 2887 2662
f 2667 2668 2888
f 2660 2667 2888
f 2889 2660 2888
f 607 608 620
f 2660 2889 2887
f 2887 2889 2890
f 2662 2887 2890
f 2662 2890 2891
f 2878 2879 2885
f 2657 2878 2877
f 2682 2683 2901
f 599 611 435
f 2903 2915 2916
f 2903 2916 2904
f 2904 2916 2917
f 598 428 608
f 598 608 607
f 2687 2904 2918
f 597 598 607
f 2918 2904 2917
f 2688 2687 2918
f 597 607 606
f 2919 2688 2918
f 596 597 606
f 2688 2919 2905
f 606 595 596
f 2902 2915 2903
f 2905 2919 2920
f 2906 2920 2921
f 2908 2921 2922
f 2906 2921 2908
f 605 595 606
f 2912 2695 2692
f 2912 2923 2695
f 2923 2924 2695
f 2695 2924 2696
f 2696 2924 2925
f 2697 2696 2925
f 2693 2698 2926
f 594 595 605
f 592 593 603
f 593 604 603
f 2905 2920 2906
f 2684 2682 2901
f 2902 2914 2915
f 2901 2914 2902
f 432 599 435
f 2902 2684 2901
f 2685 2684 2902
f 2903 2685 2902
f 2686 2685 2903
f 2904 2686 2903
f 2686 2904 2687
f 2689 2688 2905
f 2679 2689 2905
f 2679 2905 2896
f 2896 2905 2906
f 2907 2906 2908
f 2907 2897 2906
f 2897 2896 2906
f 428 609 608
f 2897 2907 2898
f 2900 2909 2680
f 2909 2910 2680
f 2910 2911 2680
f 2680 2911 2690
f 434 610 433
f 610 609 428
f 2912 2691 2911
f 2911 2691 2690
f 2691 2912 2692
f 2694 2693 2913
f 2683 2694 2913
f 433 610 428
f 2683 2913 2901
f 2901 2913 2914
f 2899 2909 2900
f 483 323 321
f 3065 3066 3071
f 1118 1317 1117
f 2977 3235 3237
f 3313 3314 3318
f 3236 2975 2978
f 3238 3236 2978
f 2978 3239 3238
f 3314 3319 3318
f 3061 3056 3318
f 2979 3239 2978
f 3318 3056 3313
f 2974 3235 2977
f 391 404 403
f 391 392 404
f 392 405 404
f 294 299 454
f 392 393 405
f 3058 3316 3057
f 3315 3311 3053
f 3315 3053 3057
f 3315 3057 3317
f 3317 3057 3316
f 3237 2981 2977
f 3240 2982 2981
f 3317 3316 3320
f 390 391 403
f 2970 2969 3232
f 3230 2967 3233
f 3233 2967 2971
f 3232 2973 2970
f 300 456 461
f 3324 3061 3318
f 3062 3063 3322
f 389 402 401
f 295 456 300
f 3316 3058 3321
f 2974 2973 3234
f 3234 3235 2974
f 3233 2971 3236
f 3321 3058 3062
f 389 390 402
f 390 403 402
f 3236 2971 2975
f 3321 3062 3323
f 3323 3062 3322
f 3320 3316 3321
f 3234 2973 3232
f 3240 2981 3241
f 3312 3311 3315
f 3241 2981 3237
f 450 296 457
f 3311 3312 3049
f 3312 3308 3049
f 292 296 450
f 3245 3246 3244
f 3305 3306 3309
f 3306 3310 3309
f 455 456 295
f 3243 2984 2988
f 400 399 410
f 3247 3243 2988
f 2988 3248 3247
f 3309 3048 3305
f 2989 3248 2988
f 3244 2991 2987
f 290 448 455
f 290 455 295
f 399 401 411
f 3307 3303 3045
f 3307 3045 3049
f 3052 3048 3309
f 3049 3053 3311
f 3240 3242 3245
f 3240 3245 3244
f 3241 3242 3240
f 299 460 454
f 393 406 405
f 452 459 458
f 393 394 406
f 3309 3310 3313
f 297 293 452
f 3239 2979 3243
f 394 407 406
f 394 395 407
f 395 408 407
f 3310 3314 3313
f 3243 2979 2984
f 3056 3052 3313
f 458 297 452
f 3240 2986 2982
f 2986 3244 2987
f 3240 3244 2986
f 396 409 408
f 3313 3052 3309
f 395 396 408
f 2969 3231 3232
f 3307 3049 3308
f 3066 3061 3324
f 3319 3325 3324
f 3216 3219 3220
f 3215 3219 3216
f 3218 2955 2953
f 464 302 297
f 3079 3081 3337
f 3218 3221 2955
f 383 395 382
f 3336 3332 3075
f 3336 3075 3079
f 458 459 464
f 382 395 394
f 3338 3079 3337
f 3333 3332 3336
f 383 396 395
f 384 385 397
f 3023 3024 3278
f 3330 3335 3334
f 3329 3334 3078
f 3072 3329 3078
f 464 297 458
f 3336 3079 3338
f 2955 3221 2957
f 382 394 393
f 3078 3339 3083
f 2951 3215 2948
f 380 392 391
f 3343 3084 3342
f 3338 3337 3341
f 3213 3215 3216
f 3334 3335 3340
f 3212 3215 3213
f 3334 3339 3078
f 461 305 300
f 381 382 393
f 465 299 304
f 3214 3217 2949
f 2949 3217 2952
f 2952 3217 3218
f 3340 3339 3334
f 2953 2952 3218
f 380 381 392
f 3219 3215 2951
f 381 393 392
f 2954 3219 2951
f 460 299 465
f 2957 3221 3222
f 385 386 398
f 397 385 398
f 2963 3227 3224
f 463 462 301
f 387 388 399
f 3226 2965 2962
f 388 401 399
f 3329 3066 3324
f 3067 3069 3327
f 3228 2965 3226
f 2965 3228 3229
f 3072 3066 3329
f 3326 3322 3063
f 2966 2965 3229
f 3326 3067 3328
f 3227 2963 3230
f 3230 2963 2967
f 3229 2969 2966
f 388 389 401
f 3328 3067 3327
f 3323 3322 3326
f 3318 3319 3324
f 3326 3063 3067
f 3325 3330 3329
f 3324 3325 3329
f 399 386 387
f 3073 3075 3332
f 2958 2957 3222
f 3223 3219 2954
f 2959 3223 2954
f 3331 3327 3069
f 3220 3223 3224
f 3331 3069 3073
f 3219 3223 3220
f 3222 2961 2958
f 400 398 386
f 457 296 301
f 3225 2961 3222
f 2961 3225 3226
f 2962 2961 3226
f 400 386 399
f 3223 2959 2963
f 2963 3224 3223
f 3331 3073 3333
f 3333 3073 3332
f 462 457 301
f 3328 3327 3331
f 3231 2969 3229
f 3215 3212 2948
f 2991 3249 2992
f 442 453 444
f 416 417 424
f 417 425 424
f 282 440 283
f 417 418 425
f 3267 3266 3012
f 3266 3011 3012
f 439 440 282
f 418 426 425
f 3263 3015 3010
f 416 424 423
f 3284 3283 3288
f 419 427 426
f 3280 3285 3031
f 3281 3285 3280
f 281 439 282
f 3281 3286 3285
f 3015 3268 3016
f 3026 3280 3031
f 418 419 426
f 422 423 428
f 3286 3287 3285
f 428 423 429
f 3288 3283 3289
f 3266 3262 3011
f 3001 3006 3262
f 3258 3009 3004
f 3294 3036 3293
f 3288 3289 3292
f 3009 3263 3010
f 3285 3287 3290
f 3287 3291 3290
f 3258 3263 3009
f 3258 3264 3263
f 3289 3283 3028
f 3285 3290 3035
f 3258 3260 3264
f 3264 3265 3263
f 441 284 440
f 3031 3285 3035
f 3262 3006 3011
f 422 414 423
f 423 414 415
f 415 416 423
f 3028 3032 3289
f 421 413 422
f 429 423 424
f 438 439 281
f 3263 3268 3015
f 3279 3278 3282
f 3276 3281 3280
f 3268 3274 3021
f 3274 3280 3026
f 429 430 434
f 428 429 433
f 3268 3275 3274
f 3268 3270 3275
f 3275 3276 3274
f 433 429 434
f 3273 3272 3277
f 3276 3280 3274
f 426 427 431
f 3277 3023 3279
f 425 426 430
f 3277 3018 3023
f 426 431 430
f 427 432 431
f 2890 3159 3156
f 3026 3022 3274
f 3279 3023 3278
f 430 431 435
f 3284 3027 3283
f 3282 3027 3284
f 280 438 281
f 436 438 280
f 3263 3269 3268
f 424 425 429
f 3263 3265 3269
f 3028 3283 3027
f 3269 3270 3268
f 3282 3278 3024
f 3267 3012 3271
f 280 279 436
f 3273 3017 3272
f 3271 3017 3273
f 3271 3012 3017
f 425 430 429
f 279 437 436
f 3282 3024 3027
f 3017 3018 3272
f 3268 3021 3016
f 3021 3274 3022
f 431 432 435
f 434 430 435
f 440 284 283
f 410 399 411
f 3292 3036 3294
f 3001 3262 3261
f 403 413 412
f 3249 2995 2992
f 3295 3296 3300
f 3296 3301 3300
f 3295 3300 3043
f 291 451 452
f 291 449 451
f 3039 3295 3043
f 292 449 291
f 3299 3298 3302
f 3249 2996 2995
f 403 404 413
f 404 414 413
f 404 405 414
f 405 415 414
f 450 449 292
f 3040 3041 3298
f 447 448 290
f 3251 3253 2996
f 3252 2993 3254
f 3249 3251 2996
f 447 289 446
f 293 291 452
f 453 442 287
f 3304 3303 3307
f 3244 3249 2991
f 3300 3301 3305
f 3301 3306 3305
f 3043 3300 3305
f 3244 3250 3249
f 3043 3305 3048
f 411 401 412
f 3044 3045 3303
f 2989 3252 3248
f 454 287 294
f 3302 3041 3044
f 3302 3044 3304
f 412 401 402
f 3244 3246 3250
f 3250 3251 3249
f 402 403 412
f 3304 3044 3303
f 453 287 454
f 2993 3252 2989
f 3302 3298 3041
f 290 289 447
f 3297 3293 3037
f 3297 3037 3040
f 286 443 279
f 442 443 286
f 3257 3000 3001
f 408 409 418
f 442 444 443
f 3036 3037 3293
f 3255 3003 2999
f 3003 3258 3004
f 3292 3289 3032
f 409 419 418
f 411 412 420
f 412 413 421
f 3255 3258 3003
f 286 287 442
f 3255 3259 3258
f 420 412 421
f 3255 3256 3259
f 3259 3260 3258
f 3257 3001 3261
f 413 414 422
f 3292 3032 3036
f 408 418 417
f 437 279 443
f 3035 3290 3039
f 3297 3040 3299
f 3299 3040 3298
f 2993 2997 3254
f 288 446 289
f 445 446 288
f 2996 3255 2999
f 3294 3293 3297
f 3290 3291 3295
f 3291 3296 3295
f 441 445 288
f 2996 3253 3255
f 405 406 415
f 441 288 285
f 406 416 415
f 3253 3256 3255
f 3254 2997 3000
f 3290 3295 3039
f 3257 3254 3000
f 406 407 416
f 407 417 416
f 407 408 417
f 284 441 285
f 466 306 305
f 3329 3330 3334
f 3277 3272 3018
f 2924 3180 3181
f 2925 2924 3181
f 473 482 481
f 2928 2929 3182
f 3373 3374 3372
f 274 379 378
f 2930 2928 3182
f 3115 3108 3372
f 3373 3372 3367
f 473 481 316
f 3183 2930 3182
f 274 370 379
f 3109 3111 3370
f 2931 2930 3183
f 3184 2931 3183
f 3369 3365 3106
f 2932 2931 3184
f 3185 2932 3184
f 316 481 317
f 3369 3106 3109
f 3367 3372 3108
f 473 475 482
f 273 378 278
f 273 274 378
f 3165 3177 3167
f 313 485 476
f 3117 3376 3116
f 318 485 313
f 3375 3370 3111
f 318 484 485
f 3367 3368 3373
f 3178 2912 3175
f 3375 3111 3116
f 3375 3116 3377
f 3178 3179 2912
f 2912 3179 2923
f 3377 3116 3376
f 3179 3180 2923
f 2923 3180 2924
f 3371 3370 3375
f 482 483 481
f 3369 3109 3371
f 379 380 391
f 370 380 379
f 3364 3360 3101
f 2937 3191 2938
f 3364 3101 3104
f 3364 3104 3366
f 3366 3104 3365
f 479 480 309
f 2938 3191 3192
f 2939 2938 3192
f 3104 3106 3365
f 3193 3182 2929
f 2941 3193 2929
f 3356 3357 3363
f 3356 3362 3098
f 480 472 309
f 3363 3362 3356
f 372 382 381
f 3182 3193 3183
f 3103 3098 3362
f 3361 3360 3364
f 371 372 381
f 3190 3191 2937
f 3190 2937 3181
f 370 371 380
f 2933 2932 3185
f 3186 2933 3185
f 3371 3109 3370
f 473 316 311
f 2934 2933 3186
f 3366 3365 3369
f 3187 2934 3186
f 2934 3187 2935
f 3188 3176 2922
f 2936 3188 2922
f 3177 3188 3189
f 3362 3363 3367
f 3363 3368 3367
f 3103 3362 3108
f 3177 3176 3188
f 371 381 380
f 309 315 479
f 3181 2937 2925
f 319 484 318
f 3165 3176 3177
f 3122 3378 3123
f 3164 3176 3165
f 3159 3164 3165
f 488 320 489
f 3166 3165 3167
f 3392 3387 3391
f 3166 3160 3165
f 3392 3390 3387
f 3386 3387 3390
f 3160 3159 3165
f 3391 3387 3132
f 3383 3384 3388
f 3384 3389 3388
f 3160 3168 3161
f 3166 3168 3160
f 3383 3388 3142
f 3130 3383 3142
f 3163 3158 3162
f 3152 3396 3151
f 369 272 375
f 375 367 369
f 2898 3164 3159
f 488 479 315
f 374 367 375
f 270 363 370
f 363 371 370
f 3149 3395 3150
f 3151 3395 3149
f 363 364 371
f 3396 3395 3151
f 364 372 371
f 365 373 372
f 2894 3163 2899
f 364 365 372
f 3145 3394 3144
f 368 367 374
f 3394 3393 3144
f 2907 2908 3164
f 2898 2907 3164
f 488 315 320
f 3144 3393 3143
f 3393 3391 3132
f 3143 3393 3132
f 272 376 375
f 471 478 477
f 3161 3169 3162
f 3132 3387 3131
f 3381 3376 3382
f 2909 3173 2910
f 477 478 486
f 3377 3376 3381
f 3173 3174 2910
f 2910 3174 2911
f 319 314 477
f 2911 3174 3175
f 3172 3173 2909
f 2912 2911 3175
f 319 477 486
f 3372 3374 3379
f 319 486 487
f 3374 3380 3379
f 3372 3379 3378
f 2922 3176 2908
f 3115 3372 3378
f 3115 3378 3122
f 3176 3164 2908
f 2899 3172 2909
f 3382 3376 3117
f 3171 3172 2899
f 377 376 272
f 3386 3124 3131
f 276 377 275
f 3386 3131 3387
f 3385 3382 3386
f 3168 3169 3161
f 3382 3124 3386
f 3381 3382 3385
f 3379 3380 3384
f 3379 3383 3378
f 3384 3383 3379
f 3162 3170 3163
f 3130 3123 3383
f 3169 3170 3162
f 480 479 488
f 3163 3170 2899
f 3383 3123 3378
f 3124 3382 3117
f 3170 3171 2899
f 275 377 272
f 2894 3158 3163
f 3362 3367 3108
f 3397 3396 3152
f 3345 3346 3350
f 3204 3205 2942
f 2942 3205 2943
f 2943 3205 3206
f 2944 2943 3206
f 3207 3193 2941
f 2945 3207 2941
f 3346 3351 3350
f 3194 3207 3208
f 466 310 306
f 3345 3350 3349
f 3344 3345 3349
f 3093 3088 3349
f 3156 3160 3157
f 3349 3088 3344
f 276 387 386
f 3194 3193 3207
f 276 277 387
f 3200 3209 3199
f 3348 3347 3352
f 2939 3204 2942
f 3203 3204 2939
f 272 369 271
f 2936 2935 3199
f 3201 2936 3199
f 3093 3349 3098
f 466 468 474
f 466 474 473
f 2936 3201 3202
f 376 377 385
f 2936 3202 3188
f 377 386 385
f 304 472 465
f 3094 3096 3355
f 3094 3355 3089
f 466 473 310
f 3188 3202 3189
f 377 276 386
f 3353 3347 3089
f 3354 3347 3353
f 3354 3352 3347
f 310 473 311
f 3203 2939 3192
f 3355 3353 3089
f 3349 3356 3098
f 3209 3201 3199
f 3206 2946 2944
f 378 390 389
f 3083 3339 3344
f 469 470 301
f 470 463 301
f 3088 3083 3344
f 378 379 390
f 3084 3086 3342
f 467 468 466
f 467 305 461
f 3341 3337 3081
f 379 391 390
f 3341 3081 3084
f 2947 3211 3214
f 3391 3393 3402
f 3401 3391 3402
f 3341 3084 3343
f 2949 2947 3214
f 466 305 467
f 3404 3402 3393
f 278 378 389
f 3156 3159 3160
f 301 307 469
f 3339 3345 3344
f 3089 3347 3342
f 277 388 387
f 471 308 302
f 3210 2946 3206
f 3089 3342 3086
f 2946 3210 3211
f 277 278 388
f 3347 3348 3342
f 3348 3343 3342
f 309 472 304
f 3339 3340 3345
f 3212 3207 2945
f 278 389 388
f 464 471 302
f 2948 3212 2945
f 3208 3212 3213
f 3207 3212 3208
f 3388 3389 3399
f 3340 3346 3345
f 3392 3391 3401
f 2947 2946 3211
f 385 375 376
f 270 370 274
f 474 475 473
f 3195 3184 3194
f 3142 3397 3152
f 481 321 317
f 3350 3351 3357
f 3197 3198 3186
f 3158 3161 3162
f 470 469 476
f 3099 3101 3360
f 3142 3398 3397
f 3186 3198 3187
f 3359 3099 3361
f 3354 3353 3358
f 469 307 476
f 3399 3400 3398
f 3196 3197 3185
f 3353 3355 3359
f 3185 3197 3186
f 3184 3183 3194
f 3359 3355 3096
f 3198 2935 3187
f 374 375 384
f 3359 3096 3099
f 372 373 382
f 3358 3353 3359
f 3195 3196 3184
f 3361 3099 3360
f 3184 3196 3185
f 483 321 481
f 307 313 476
f 477 314 471
f 314 308 471
f 3399 3398 3388
f 3183 3193 3194
f 3350 3356 3349
f 3357 3356 3350
f 384 375 385
f 3200 3199 2935
f 3388 3398 3142
f 3157 3161 3158
f 3198 3200 2935
f 373 383 382
f 3157 3160 3161
f 8759 8763 8876
f 8393 8388 8523
f 8523 8528 8393
f 8037 7903 7901
f 7713 7718 7861
f 7689 7697 7836
f 7625 7622 7766
f 7766 7769 7625
f 7546 7553 7696
f 6922 6926 7103
f 6549 6556 6728
f 6533 6544 6707
f 5920 5926 6094
f 5843 5841 5657
f 5474 5472 5272
f 4995 4798 4994
f 4994 5177 4995
f 5124 5122 4918
f 5102 5100 4896
f 4737 4746 4936
f 4869 4867 4659
f 4641 4639 4427
f 4446 4444 4243
f 4149 4156 4338
f 3967 3722 3966
f 3966 4158 3967
f 3958 3711 3957
f 3957 4152 3958
f 4052 4050 3815
f 4033 4031 3796
f 2784 2779 2602
f 2647 2645 2487
f 2430 2427 2177
f 2147 2143 1881
f 2115 2110 1852
f 1646 1642 1471
f 1619 1616 1456
f 1248 1244 1441
f 1441 1444 1248
f 1244 1243 1240
f 995 1221 1224
f 749 748 745
f 267 265 178
f 265 263 168
f 263 261 161
f 261 259 155
f 137 249 252

