# https://github.com/mikedh/trimesh

o DBT1_0003_FDI_32.obj
v -52.48489380 37.79999924 4.50000000
v -52.50000000 37.78094864 4.50000000
v -52.50000000 37.79999924 4.19999886
v -52.49146271 37.79999924 4.80000114
v -52.50000000 37.78962326 4.80000114
v -52.49654388 37.79999924 5.09999943
v -52.50000000 37.79614258 5.09999943
v -52.50000000 37.79999924 5.40000057
v -52.47998428 38.09999847 4.19999886
v -52.50000000 37.79999924 4.19999886
v -52.50000000 38.09999847 4.17178011
v -52.38745880 38.09999847 4.50000000
v -52.35952759 38.09999847 4.80000114
v -52.35731506 38.09999847 5.09999943
v -52.37948227 38.09999847 5.40000057
v -52.50000000 37.79999924 5.40000057
v -52.43846893 38.09999847 5.69999838
v -52.50000000 38.00758362 5.69999838
v -52.50000000 38.09999847 5.99999952
v -52.50000000 38.40000153 4.19999886
v -52.39113617 38.40000153 4.50000000
v -52.50000000 38.40000153 4.19999886
v -52.33600616 38.40000153 4.80000114
v -52.32450104 38.40000153 5.09999943
v -52.33703613 38.40000153 5.40000057
v -52.36121368 38.40000153 5.69999838
v -52.39814758 38.40000153 5.99999952
v -52.50000000 38.09999847 5.99999952
v -52.44930649 38.40000153 6.30000067
v -52.50000000 38.31964874 6.30000067
v -52.47924805 38.40000153 6.59999847
v -52.50000000 38.37232208 6.59999847
v -52.50000000 38.40000153 6.89999962
v -52.45307159 38.70000076 4.50000000
v -52.50000000 38.70000076 4.42215347
v -52.38121033 38.70000076 4.80000114
v -52.36830521 38.70000076 5.09999943
v -52.37313080 38.70000076 5.40000057
v -52.37574005 38.70000076 5.69999838
v -52.37281418 38.70000076 5.99999952
v -52.37023163 38.70000076 6.30000067
v -52.39255142 38.70000076 6.59999847
v -52.48929596 38.70000076 6.89999962
v -52.50000000 38.40000153 6.89999962
v -52.50000000 38.70000076 6.91535616
v -52.50000000 39.00000000 4.50000000
v -52.50000000 39.00000000 4.80000114
v -52.50000000 39.00000000 5.09999943
v -52.50000000 39.00000000 5.40000057
v -52.48068619 39.00000000 5.69999838
v -52.50000000 39.00000000 5.40000057
v -52.41647339 39.00000000 5.99999952
v -52.38780594 39.00000000 6.30000067
v -52.40137863 39.00000000 6.59999847
v -52.49426651 39.00000000 6.89999962
v -52.50000000 39.00000000 6.90853357
v -52.50000000 39.03115082 5.69999838
v -52.50000000 39.29999924 5.99999952
v -52.50000000 39.29999924 6.30000067
v -52.50000000 39.29999924 6.59999847
v -52.50000000 39.29999924 6.89999962
v -52.50000000 37.79999924 4.19999886
v -52.79999924 37.65201950 4.19999886
v -52.79999924 37.79999924 4.01753092
v -52.79999924 37.56560898 4.50000000
v -52.79999924 37.56566620 4.80000114
v -52.79999924 37.60751724 5.09999943
v -52.50000000 37.79999924 5.40000057
v -52.79999924 37.67867279 5.40000057
v -52.79999924 37.79999924 5.69999838
v -52.79999924 38.09999847 3.90000105
v -52.79999924 37.79999924 5.69999838
v -52.50000000 38.09999847 5.99999952
v -52.79999924 37.93650436 5.99999952
v -52.79999924 38.09999847 6.30000067
v -52.50000000 38.40000153 4.19999886
v -52.79999924 38.40000153 3.90000105
v -52.79999924 38.09999847 6.30000067
v -52.79999924 38.14788055 6.59999847
v -52.50000000 38.40000153 6.89999962
v -52.79999924 38.24786758 6.89999962
v -52.79999924 38.40000153 7.08444119
v -52.79999924 38.70000076 4.19999886
v -52.79999924 38.70000076 4.19999886
v -52.79999924 38.70000076 7.20000076
v -52.50000000 39.00000000 4.50000000
v -52.79999924 39.00000000 4.19999886
v -52.50000000 39.00000000 4.80000114
v -52.50000000 39.00000000 5.09999943
v -52.50000000 39.00000000 5.40000057
v -52.79999924 39.00000000 7.20000076
v -52.79999924 39.29565430 4.50000000
v -52.79999924 39.29999924 4.80000114
v -52.79999924 39.29999924 5.09999943
v -52.79999924 39.29999924 5.40000057
v -52.79999924 39.29999924 5.69999838
v -52.50000000 39.29999924 5.99999952
v -52.79999924 39.29999924 5.69999838
v -52.50000000 39.29999924 6.30000067
v -52.50000000 39.29999924 6.59999847
v -52.50000000 39.29999924 6.89999962
v -52.79999924 39.29999924 7.20000076
v -52.79999924 39.59638977 5.99999952
v -52.79999924 39.59999847 6.30000067
v -52.79999924 39.59999847 6.59999847
v -52.79999924 39.59999847 6.89999962
v -53.01280594 37.50000000 4.50000000
v -53.09999847 37.47756958 4.50000000
v -53.09999847 37.50000000 4.37928963
v -53.04006958 37.50000000 4.80000114
v -53.09999847 37.48617172 4.80000114
v -53.09999847 37.50000000 4.87474728
v -52.99520111 37.79999924 3.90000105
v -53.09999847 37.74573898 3.90000105
v -53.09999847 37.79999924 3.84374189
v -53.09999847 37.54275131 4.19999886
v -53.09999847 37.54576492 5.09999943
v -53.09999847 37.62915039 5.40000057
v -52.79999924 37.79999924 5.69999838
v -53.09999847 37.72631073 5.69999838
v -53.09999847 37.79999924 5.91330481
v -52.79999924 38.09999847 3.90000105
v -53.09999847 38.09999847 3.59999990
v -53.09999847 37.83376312 5.99999952
v -52.79999924 38.09999847 6.30000067
v -53.09999847 37.94734573 6.30000067
v -52.90715790 38.09999847 6.59999847
v -53.09999847 38.02475357 6.59999847
v -53.09999847 38.09999847 6.89999962
v -53.07140350 38.40000153 3.59999990
v -53.09999847 38.09999847 3.59999990
v -53.09999847 38.40000153 3.58007193
v -52.79999924 38.40000153 3.90000105
v -53.09999847 38.09999847 6.89999962
v -52.94154739 38.40000153 7.20000076
v -53.09999847 38.27615738 7.20000076
v -53.09999847 38.40000153 7.33606434
v -53.07865524 38.70000076 3.59999990
v -53.09999847 38.70000076 3.58343983
v -52.86826324 38.70000076 3.90000105
v -52.79999924 38.70000076 4.19999886
v -52.79999924 38.70000076 7.20000076
v -53.06481552 38.70000076 7.49999905
v -53.09999847 38.63913727 7.49999905
v -53.09999847 38.70000076 7.54355860
v -53.09999847 39.00000000 3.59999990
v -52.93286896 39.00000000 3.90000105
v -53.09999847 39.00000000 3.59999990
v -52.79999924 39.00000000 4.19999886
v -52.79999924 39.00000000 7.20000076
v -52.97581100 39.00000000 7.49999905
v -53.09999847 39.00000000 7.71003914
v -53.06539154 39.29999924 3.90000105
v -53.09999847 39.29999924 3.85311317
v -52.90910721 39.29999924 4.19999886
v -52.80301285 39.29999924 4.50000000
v -52.79999924 39.29999924 4.80000114
v -52.79999924 39.29999924 5.09999943
v -52.79999924 39.29999924 5.40000057
v -52.79999924 39.29999924 5.69999838
v -52.79999924 39.29999924 7.20000076
v -52.93663788 39.29999924 7.49999905
v -53.05251312 39.29999924 7.80000019
v -53.09999847 39.15338135 7.80000019
v -53.09999847 39.29999924 7.93940067
v -53.09999847 39.35169983 3.90000105
v -53.09276199 39.59999847 4.19999886
v -53.09999847 39.59999847 4.18768740
v -52.99547958 39.59999847 4.50000000
v -52.95838165 39.59999847 4.80000114
v -52.93605423 39.59999847 5.09999943
v -52.91382980 39.59999847 5.40000057
v -52.87237549 39.59999847 5.69999838
v -52.80226517 39.59999847 5.99999952
v -52.79999924 39.59999847 6.30000067
v -52.79999924 39.59999847 6.59999847
v -52.79999924 39.59999847 6.89999962
v -52.85967636 39.59999847 7.20000076
v -52.93793869 39.59999847 7.49999905
v -53.00479126 39.59999847 7.80000019
v -53.05600357 39.59999847 8.10000133
v -53.09999847 39.45743942 8.10000133
v -53.09999847 39.59999847 8.39999962
v -53.09999847 39.61108017 4.19999886
v -53.09999847 39.79325485 4.50000000
v -53.09999847 39.90000153 4.80000114
v -53.04059601 39.90000153 5.09999943
v -53.09999847 39.90000153 4.80000114
v -53.00013733 39.90000153 5.40000057
v -52.96104431 39.90000153 5.69999838
v -52.94379044 39.90000153 5.99999952
v -52.95295715 39.90000153 6.30000067
v -52.95714951 39.90000153 6.59999847
v -52.95862579 39.90000153 6.89999962
v -52.96824265 39.90000153 7.20000076
v -52.98195267 39.90000153 7.49999905
v -53.00811005 39.90000153 7.80000019
v -53.04689789 39.90000153 8.10000133
v -53.09999847 39.90000153 8.39999962
v -53.09999847 40.08398819 5.09999943
v -53.09999847 40.20000076 5.40000057
v -53.04022598 40.20000076 5.69999838
v -53.09999847 40.20000076 5.40000057
v -53.04087448 40.20000076 5.99999952
v -53.09999847 40.20000076 6.30000067
v -53.09999847 40.20000076 6.30000067
v -53.09999847 40.20000076 6.59999847
v -53.09999847 40.20000076 6.89999962
v -53.09999847 40.20000076 7.20000076
v -53.04492950 40.20000076 7.49999905
v -53.09999847 40.20000076 7.20000076
v -53.04611969 40.20000076 7.80000019
v -53.09999847 40.20000076 8.10000133
v -53.09999847 40.50000000 5.69999838
v -53.09999847 40.50000000 5.99999952
v -53.09999847 40.50000000 7.49999905
v -53.09999847 40.50000000 7.80000019
v -53.40000153 37.48719025 4.50000000
v -53.40000153 37.50000000 4.19999886
v -53.40000153 37.50000000 4.80000114
v -53.40000153 37.50000000 4.80000114
v -53.40000153 37.70741653 3.90000105
v -53.40000153 37.79999924 3.79658341
v -53.40000153 37.50000000 4.19999886
v -53.40000153 37.50000000 4.80000114
v -53.40000153 37.57584000 5.09999943
v -53.40000153 37.65300369 5.40000057
v -53.40000153 37.72779846 5.69999838
v -53.40000153 37.79999924 5.99999952
v -53.09999847 38.09999847 3.59999990
v -53.40000153 38.04218674 3.59999990
v -53.40000153 38.09999847 3.56642103
v -53.40000153 37.79999924 5.99999952
v -53.40000153 37.90974808 6.30000067
v -53.40000153 37.98521042 6.59999847
v -53.09999847 38.09999847 6.89999962
v -53.40000153 38.04033661 6.89999962
v -53.40000153 38.09999847 7.20000076
v -53.40000153 38.40000153 3.50050139
v -53.40000153 38.09999847 7.20000076
v -53.30352783 38.40000153 7.49999905
v -53.40000153 38.33378220 7.49999905
v -53.40000153 38.40000153 7.58601904
v -53.40000153 38.70000076 3.49213052
v -53.32824707 38.70000076 7.80000019
v -53.40000153 38.61436462 7.80000019
v -53.40000153 38.70000076 7.89248228
v -53.09999847 39.00000000 3.59999990
v -53.40000153 39.00000000 3.52037692
v -53.16166306 39.00000000 7.80000019
v -53.40000153 39.00000000 8.10000133
v -53.40000153 39.29999924 3.59999990
v -53.40000153 39.29999924 3.59999990
v -53.16178513 39.29999924 8.10000133
v -53.40000153 39.00000000 8.10000133
v -53.26345062 39.29999924 8.39999962
v -53.40000153 39.11188126 8.39999962
v -53.40000153 39.29999924 8.69999981
v -53.34133911 39.59999847 3.90000105
v -53.40000153 39.59999847 3.85557628
v -53.09999847 39.59999847 8.39999962
v -53.28210449 39.59999847 8.69999981
v -53.40000153 39.29999924 8.69999981
v -53.40000153 39.59999847 8.85758305
v -53.40000153 39.65776443 3.90000105
v -53.31317520 39.90000153 4.19999886
v -53.40000153 39.90000153 4.10747671
v -53.15794754 39.90000153 4.50000000
v -53.09999847 39.90000153 4.80000114
v -53.09999847 39.90000153 8.39999962
v -53.23419189 39.90000153 8.69999981
v -53.40000153 39.90000153 9.00000095
v -53.40000153 40.04164505 4.19999886
v -53.28766251 40.20000076 4.50000000
v -53.40000153 40.20000076 4.31901598
v -53.19485092 40.20000076 4.80000114
v -53.13656616 40.20000076 5.09999943
v -53.09999847 40.20000076 5.40000057
v -53.09999847 40.20000076 6.30000067
v -53.09999847 40.20000076 6.59999847
v -53.09999847 40.20000076 6.89999962
v -53.09999847 40.20000076 7.20000076
v -53.09999847 40.20000076 8.10000133
v -53.15449905 40.20000076 8.39999962
v -53.24544525 40.20000076 8.69999981
v -53.36366653 40.20000076 9.00000095
v -53.40000153 39.90000153 9.00000095
v -53.40000153 40.20000076 9.07919312
v -53.40000153 40.50000000 4.50000000
v -53.31603241 40.50000000 4.80000114
v -53.40000153 40.50000000 4.50000000
v -53.24569321 40.50000000 5.09999943
v -53.18033600 40.50000000 5.40000057
v -53.09999847 40.50000000 5.69999838
v -53.09999847 40.50000000 5.99999952
v -53.16117096 40.50000000 6.30000067
v -53.18520737 40.50000000 6.59999847
v -53.18488693 40.50000000 6.89999962
v -53.15979004 40.50000000 7.20000076
v -53.09999847 40.50000000 7.49999905
v -53.09999847 40.50000000 7.80000019
v -53.16357803 40.50000000 8.10000133
v -53.22348404 40.50000000 8.39999962
v -53.28944016 40.50000000 8.69999981
v -53.36704636 40.50000000 9.00000095
v -53.40000153 40.50000000 9.10510349
v -53.40000153 40.63614273 4.80000114
v -53.40000153 40.79999924 5.09999943
v -53.32751465 40.79999924 5.40000057
v -53.40000153 40.79999924 5.09999943
v -53.26818848 40.79999924 5.69999838
v -53.24683380 40.79999924 5.99999952
v -53.26164627 40.79999924 6.30000067
v -53.27700424 40.79999924 6.59999847
v -53.27758026 40.79999924 6.89999962
v -53.26244736 40.79999924 7.20000076
v -53.24272919 40.79999924 7.49999905
v -53.24449921 40.79999924 7.80000019
v -53.27390289 40.79999924 8.10000133
v -53.31480026 40.79999924 8.39999962
v -53.35741425 40.79999924 8.69999981
v -53.40000153 40.79999924 9.00000095
v -53.40000153 40.79999924 9.00000095
v -53.40000153 40.90683365 5.40000057
v -53.40000153 41.01194763 5.69999838
v -53.40000153 41.09999847 5.99999952
v -53.40000153 41.09999847 6.30000067
v -53.40000153 41.09999847 6.59999847
v -53.40000153 41.09999847 6.89999962
v -53.40000153 41.09999847 7.20000076
v -53.39779663 41.09999847 7.49999905
v -53.40000153 41.09999847 7.20000076
v -53.39964294 41.09999847 7.80000019
v -53.40000153 41.07595062 8.10000133
v -53.40000153 41.09999847 7.80925131
v -53.40000153 41.02064133 8.39999962
v -53.40000153 40.93148422 8.69999981
v -53.40000153 41.10393143 7.49999905
v -53.40000153 41.10065842 7.80000019
v -53.43070221 37.50000000 4.50000000
v -53.70000076 37.79999924 3.90000105
v -53.70000076 37.68534851 4.19999886
v -53.70000076 37.79999924 3.90000105
v -53.70000076 37.64710617 4.50000000
v -53.70000076 37.65877533 4.80000114
v -53.70000076 37.69992447 5.09999943
v -53.70000076 37.74921799 5.40000057
v -53.70000076 37.79999924 5.69999838
v -53.70000076 37.79999924 5.69999838
v -53.70000076 38.09999847 3.59999990
v -53.70000076 37.79999924 3.90000105
v -53.70000076 38.09999847 3.59999990
v -53.70000076 37.79999924 5.69999838
v -53.70000076 37.88413620 5.99999952
v -53.70000076 37.96522522 6.30000067
v -53.70000076 38.02037811 6.59999847
v -53.70000076 38.05987930 6.89999962
v -53.70000076 38.09999847 7.20000076
v -53.70000076 38.09999847 3.59999990
v -53.70000076 38.40000153 3.55826879
v -53.70000076 38.09999847 7.20000076
v -53.70000076 38.25976562 7.49999905
v -53.70000076 38.40000153 7.80000019
v -53.70000076 38.70000076 3.54822636
v -53.70000076 38.40000153 7.80000019
v -53.56750488 38.70000076 8.10000133
v -53.70000076 38.59225082 8.10000133
v -53.70000076 38.70000076 8.39999962
v -53.70000076 39.00000000 3.56243133
v -53.40000153 39.00000000 8.10000133
v -53.49916840 39.00000000 8.39999962
v -53.70000076 38.70000076 8.39999962
v -53.70000076 39.00000000 8.61347485
v -53.70000076 39.29999924 3.59999990
v -53.70000076 39.29999924 3.59999990
v -53.40000153 39.29999924 8.69999981
v -53.70000076 39.08710480 8.69999981
v -53.70000076 39.29999924 8.89014625
v -53.70000076 39.59999847 3.77733874
v -53.55191422 39.59999847 9.00000095
v -53.70000076 39.44083405 9.00000095
v -53.70000076 39.59999847 9.13507652
v -53.70000076 39.81879425 3.90000105
v -53.70000076 39.90000153 3.94837260
v -53.40000153 39.90000153 9.00000095
v -53.63642120 39.90000153 9.29999924
v -53.70000076 39.81005859 9.29999924
v -53.70000076 39.90000153 9.38628769
v -53.52220535 40.20000076 4.19999886
v -53.70000076 40.20000076 4.08969450
v -53.51334763 40.20000076 9.29999924
v -53.67122269 40.20000076 9.60000038
v -53.70000076 40.14681625 9.60000038
v -53.70000076 40.20000076 9.65457535
v -53.70000076 40.50000000 4.19999886
v -53.40000153 40.50000000 4.50000000
v -53.70000076 40.50000000 4.19999886
v -53.46505356 40.50000000 9.29999924
v -53.57547760 40.50000000 9.60000038
v -53.70000076 40.50000000 9.89999867
v -53.70000076 40.79999924 4.50000000
v -53.53920746 40.79999924 4.80000114
v -53.70000076 40.79999924 4.50000000
v -53.40000153 40.79999924 5.09999943
v -53.40000153 40.79999924 9.00000095
v -53.46897125 40.79999924 9.29999924
v -53.53974533 40.79999924 9.60000038
v -53.61487961 40.79999924 9.89999867
v -53.70000076 40.50000000 9.89999867
v -53.70000076 40.79999924 10.19999981
v -53.70000076 40.93917084 4.80000114
v -53.69970322 41.09999847 5.09999943
v -53.70000076 41.09999847 5.09952831
v -53.55519104 41.09999847 5.40000057
v -53.46130753 41.09999847 5.69999838
v -53.40000153 41.09999847 5.99999952
v -53.40000153 41.09999847 6.30000067
v -53.40000153 41.09999847 6.59999847
v -53.40000153 41.09999847 6.89999962
v -53.40000153 41.09999847 7.20000076
v -53.41110611 41.09999847 8.10000133
v -53.43070984 41.09999847 8.39999962
v -53.45450974 41.09999847 8.69999981
v -53.48225784 41.09999847 9.00000095
v -53.51735687 41.09999847 9.29999924
v -53.55650330 41.09999847 9.60000038
v -53.60538483 41.09999847 9.89999867
v -53.69087219 41.09999847 10.19999981
v -53.70000076 40.79999924 10.19999981
v -53.70000076 41.09999847 10.21691418
v -53.70000076 41.10027695 5.09999943
v -53.70000076 41.25854874 5.40000057
v -53.70000076 41.40000153 5.69999838
v -53.63845444 41.40000153 5.99999952
v -53.70000076 41.40000153 5.69999838
v -53.60859680 41.40000153 6.30000067
v -53.59437180 41.40000153 6.59999847
v -53.58625793 41.40000153 6.89999962
v -53.57923889 41.40000153 7.20000076
v -53.57119751 41.40000153 7.49999905
v -53.56375885 41.40000153 7.80000019
v -53.56030273 41.40000153 8.10000133
v -53.56290054 41.40000153 8.39999962
v -53.57142258 41.40000153 8.69999981
v -53.58442307 41.40000153 9.00000095
v -53.60026169 41.40000153 9.29999924
v -53.62094116 41.40000153 9.60000038
v -53.65104294 41.40000153 9.89999867
v -53.70000076 41.40000153 10.19999981
v -53.70000076 41.40000153 10.19999981
v -53.70000076 41.47045898 5.99999952
v -53.70000076 41.51138687 6.30000067
v -53.70000076 41.53745270 6.59999847
v -53.70000076 41.55806351 6.89999962
v -53.70000076 41.58079529 7.20000076
v -53.70000076 41.61290741 7.49999905
v -53.70000076 41.64814758 7.80000019
v -53.70000076 41.67598343 8.10000133
v -53.70000076 41.69057846 8.39999962
v -53.70000076 41.69209671 8.69999981
v -53.70000076 41.68368912 9.00000095
v -53.70000076 41.66763306 9.29999924
v -53.70000076 41.62974548 9.60000038
v -53.70000076 41.54817200 9.89999867
v -53.82284164 37.79999924 4.19999886
v -53.86958313 37.79999924 4.50000000
v -53.87514877 37.79999924 4.80000114
v -53.85081482 37.79999924 5.09999943
v -53.79362869 37.79999924 5.40000057
v -53.92185211 38.09999847 3.90000105
v -54.00000000 38.03377914 4.19999886
v -54.00000000 38.09999847 4.08378029
v -54.00000000 37.95819092 4.50000000
v -54.00000000 37.93112564 4.80000114
v -54.00000000 37.91970062 5.09999943
v -54.00000000 37.92784500 5.40000057
v -54.00000000 37.96110153 5.69999838
v -54.00000000 38.02132416 5.99999952
v -54.00000000 38.09999847 6.30000067
v -54.00000000 38.09999847 6.30000067
v -53.95019531 38.09999847 6.59999847
v -53.83617401 38.09999847 6.89999962
v -53.76523972 38.40000153 3.59999990
v -54.00000000 38.28535080 3.90000105
v -54.00000000 38.40000153 3.84008765
v -54.00000000 38.09999847 6.30000067
v -54.00000000 38.11673737 6.59999847
v -54.00000000 38.15517426 6.89999962
v -54.00000000 38.22397232 7.20000076
v -54.00000000 38.31202316 7.49999905
v -54.00000000 38.40000153 7.80000019
v -53.78982162 38.70000076 3.59999990
v -54.00000000 38.70000076 3.77570701
v -54.00000000 38.40000153 7.80000019
v -54.00000000 38.52431870 8.10000133
v -53.70000076 38.70000076 8.39999962
v -54.00000000 38.67908478 8.39999962
v -54.00000000 38.70000076 8.42622280
v -53.77420425 39.00000000 3.59999990
v -54.00000000 39.00000000 3.75776792
v -54.00000000 39.00000000 8.69999981
v -54.00000000 39.29999924 3.77009773
v -54.00000000 39.00000000 8.69999981
v -54.00000000 39.29999924 9.00000095
v -54.00000000 39.59999847 3.83569741
v -54.00000000 39.29999924 9.00000095
v -53.95373917 39.59999847 9.29999924
v -54.00000000 39.57266235 9.29999924
v -54.00000000 39.59999847 9.33527470
v -54.00000000 39.80384064 3.90000105
v -54.00000000 39.90000153 3.93049788
v -53.89035034 39.90000153 9.60000038
v -54.00000000 39.80740738 9.60000038
v -54.00000000 39.90000153 9.75523758
v -54.00000000 40.20000076 4.03283215
v -53.84091187 40.20000076 9.89999867
v -54.00000000 39.99879456 9.89999867
v -54.00000000 40.20000076 10.19999981
v -53.70000076 40.50000000 4.19999886
v -54.00000000 40.50000000 4.14927864
v -53.70000076 40.50000000 9.89999867
v -53.84975052 40.50000000 10.19999981
v -54.00000000 40.20000076 10.19999981
v -54.00000000 40.50000000 10.38260651
v -54.00000000 40.58734131 4.19999886
v -53.70000076 40.79999924 4.50000000
v -54.00000000 40.79999924 4.36146736
v -53.70000076 40.79999924 10.19999981
v -53.98163605 40.79999924 10.50000095
v -54.00000000 40.75641632 10.50000095
v -54.00000000 40.79999924 10.51720428
v -54.00000000 40.93335724 4.50000000
v -54.00000000 41.09999847 4.80000114
v -54.00000000 41.09999847 4.80000114
v -53.90582275 41.09999847 10.50000095
v -54.00000000 41.09999847 10.60668182
v -54.00000000 41.33467865 5.09999943
v -53.85234451 41.40000153 5.40000057
v -54.00000000 41.40000153 5.19831562
v -53.70000076 41.40000153 5.69999838
v -53.70000076 41.40000153 10.19999981
v -53.88867950 41.40000153 10.50000095
v -54.00000000 41.40000153 10.66978168
v -54.00000000 41.53422165 5.40000057
v -54.00000000 41.70000076 5.69999838
v -53.92181778 41.70000076 5.99999952
v -54.00000000 41.70000076 5.69999838
v -53.87540054 41.70000076 6.30000067
v -53.84142303 41.70000076 6.59999847
v -53.81283569 41.70000076 6.89999962
v -53.78509140 41.70000076 7.20000076
v -53.75388718 41.70000076 7.49999905
v -53.72857285 41.70000076 7.80000019
v -53.71222687 41.70000076 8.10000133
v -53.70451355 41.70000076 8.39999962
v -53.70355225 41.70000076 8.69999981
v -53.70683289 41.70000076 9.00000095
v -53.71247101 41.70000076 9.29999924
v -53.72546005 41.70000076 9.60000038
v -53.75511551 41.70000076 9.89999867
v -53.81823349 41.70000076 10.19999981
v -53.92906570 41.70000076 10.50000095
v -54.00000000 41.70000076 10.66989231
v -54.00000000 41.77552414 5.99999952
v -54.00000000 41.82270432 6.30000067
v -54.00000000 41.87371826 6.59999847
v -54.00000000 41.93861771 6.89999962
v -54.00000000 42.00000000 7.20000076
v -53.92362213 42.00000000 7.49999905
v -54.00000000 42.00000000 7.20000076
v -53.88071060 42.00000000 7.80000019
v -53.85920334 42.00000000 8.10000133
v -53.85030365 42.00000000 8.39999962
v -53.84594345 42.00000000 8.69999981
v -53.84111023 42.00000000 9.00000095
v -53.84686279 42.00000000 9.29999924
v -53.85643387 42.00000000 9.60000038
v -53.87981033 42.00000000 9.89999867
v -53.92668533 42.00000000 10.19999981
v -54.00000000 42.00000000 10.50000095
v -54.00000000 42.00000000 10.50000095
v -54.00000000 42.16783905 7.49999905
v -54.00000000 42.26252747 7.80000019
v -54.00000000 42.29999924 8.10000133
v -54.00000000 42.29999924 8.39999962
v -54.00000000 42.29999924 8.69999981
v -53.95518875 42.29999924 9.00000095
v -54.00000000 42.29999924 8.69999981
v -54.00000000 42.29999924 9.29999924
v -54.00000000 42.29999924 9.29999924
v -54.00000000 42.29999924 9.60000038
v -54.00000000 42.28320312 9.89999867
v -54.00000000 42.21017838 10.19999981
v -54.00000000 42.59999847 9.00000095
v -54.04406738 38.09999847 4.19999886
v -54.10274506 38.09999847 4.50000000
v -54.13870239 38.09999847 4.80000114
v -54.20095444 38.09999847 5.09999943
v -54.23776627 38.09999847 5.40000057
v -54.21822357 38.09999847 5.69999838
v -54.14445496 38.09999847 5.99999952
v -54.04377365 38.40000153 3.90000105
v -54.19467163 38.40000153 4.19999886
v -54.28745651 38.40000153 4.50000000
v -54.29999924 38.40000153 4.80000114
v -54.29999924 38.19538116 5.09999943
v -54.29999924 38.40000153 4.80000114
v -54.29999924 38.14797211 5.40000057
v -54.29999924 38.15633392 5.69999838
v -54.29999924 38.18851471 5.99999952
v -54.29999924 38.21973801 6.30000067
v -54.29999924 38.23984146 6.59999847
v -54.29999924 38.28472519 6.89999962
v -54.29999924 38.40000153 7.20000076
v -54.29999924 38.40000153 7.20000076
v -54.19240570 38.40000153 7.49999905
v -54.10363770 38.70000076 3.90000105
v -54.29267502 38.70000076 4.19999886
v -54.29999924 38.41886902 4.50000000
v -54.29999924 38.70000076 4.21131897
v -54.29999924 38.40000153 4.80000114
v -54.29999924 38.40000153 7.20000076
v -54.29999924 38.45275879 7.49999905
v -54.29999924 38.50245667 7.80000019
v -54.29999924 38.56321716 8.10000133
v -54.29999924 38.68102646 8.39999962
v -54.29999924 38.70000076 8.42567158
v -54.13606262 39.00000000 3.90000105
v -54.29999924 39.00000000 4.19999886
v -54.29999924 39.00000000 4.19999886
v -54.29999924 39.00000000 8.69999981
v -54.17736053 39.29999924 3.90000105
v -54.29999924 39.00000000 4.19999886
v -54.29999924 39.29999924 4.00220871
v -54.29999924 39.00000000 8.69999981
v -54.00000000 39.29999924 9.00000095
v -54.29999924 39.26215363 9.00000095
v -54.29999924 39.29999924 9.04743385
v -54.14287949 39.59999847 3.90000105
v -54.29999924 39.59999847 3.97429776
v -54.29999924 39.49406815 9.29999924
v -54.29999924 39.59999847 9.46612930
v -54.29999924 39.90000153 4.00615549
v -54.29999924 39.68391037 9.60000038
v -54.13340378 39.90000153 9.89999867
v -54.29999924 39.81618118 9.89999867
v -54.29999924 39.90000153 10.19999981
v -54.29999924 40.20000076 4.06477261
v -54.00000000 40.20000076 10.19999981
v -54.29999924 39.90000153 10.19999981
v -54.29999924 40.20000076 10.50000095
v -54.29999924 40.50000000 4.14892149
v -54.14032364 40.50000000 10.50000095
v -54.29999924 40.20000076 10.50000095
v -54.29999924 40.50000000 10.59873295
v -54.29999924 40.61459351 4.19999886
v -54.29999924 40.79999924 4.29772711
v -54.29999924 40.79999924 10.70940971
v -54.29999924 41.09999847 4.50000000
v -54.00000000 41.09999847 4.80000114
v -54.29999924 41.09999847 4.50000000
v -54.22041321 41.09999847 10.79999924
v -54.29999924 40.98278427 10.79999924
v -54.29999924 41.09999847 10.87269497
v -54.29999924 41.30443954 4.80000114
v -54.09869003 41.40000153 5.09999943
v -54.29999924 41.40000153 4.92889786
v -54.09560776 41.40000153 10.79999924
v -54.29999924 41.40000153 11.10000038
v -54.29999924 41.53636551 5.09999943
v -54.20808792 41.70000076 5.40000057
v -54.29999924 41.70000076 5.30587387
v -54.00000000 41.70000076 5.69999838
v -54.05657578 41.70000076 10.79999924
v -54.18570709 41.70000076 11.10000038
v -54.29999924 41.40000153 11.10000038
v -54.29999924 41.70000076 11.40000057
v -54.29999924 41.77716446 5.40000057
v -54.29999924 42.00000000 5.69999838
v -54.25545120 42.00000000 5.99999952
v -54.29999924 42.00000000 5.69999838
v -54.21529007 42.00000000 6.30000067
v -54.14034271 42.00000000 6.59999847
v -54.05159760 42.00000000 6.89999962
v -54.00000000 42.00000000 7.20000076
v -54.00000000 42.00000000 10.50000095
v -54.06651688 42.00000000 10.79999924
v -54.15931320 42.00000000 11.10000038
v -54.29999924 42.00000000 11.40000057
v -54.29999924 42.03771591 5.99999952
v -54.29999924 42.06705093 6.30000067
v -54.29999924 42.14688492 6.59999847
v -54.23266602 42.29999924 6.89999962
v -54.29999924 42.29999924 6.80029488
v -54.12600327 42.29999924 7.20000076
v -54.05946350 42.29999924 7.49999905
v -54.01740265 42.29999924 7.80000019
v -54.00000000 42.29999924 8.10000133
v -54.00000000 42.29999924 8.39999962
v -54.00000000 42.29999924 8.69999981
v -54.00000000 42.29999924 9.29999924
v -54.00000000 42.29999924 9.60000038
v -54.00716400 42.29999924 9.89999867
v -54.03060913 42.29999924 10.19999981
v -54.06348801 42.29999924 10.50000095
v -54.10296631 42.29999924 10.79999924
v -54.16969681 42.29999924 11.10000038
v -54.29999924 42.29999924 11.40000057
v -54.29999924 42.59999847 6.89999962
v -54.25427628 42.59999847 7.20000076
v -54.29999924 42.59999847 6.89999962
v -54.18416595 42.59999847 7.49999905
v -54.15061951 42.59999847 7.80000019
v -54.13973999 42.59999847 8.10000133
v -54.13178253 42.59999847 8.39999962
v -54.09927368 42.59999847 8.69999981
v -54.00000000 42.59999847 9.00000095
v -54.09898758 42.59999847 9.29999924
v -54.13235855 42.59999847 9.60000038
v -54.14223099 42.59999847 9.89999867
v -54.14928818 42.59999847 10.19999981
v -54.15819550 42.59999847 10.50000095
v -54.17231369 42.59999847 10.79999924
v -54.20565414 42.59999847 11.10000038
v -54.29999924 42.59999847 11.40000057
v -54.29999924 42.66638947 7.20000076
v -54.29999924 42.90000153 7.49999905
v -54.29999924 42.90000153 7.80000019
v -54.29999924 42.90000153 8.10000133
v -54.29999924 42.90000153 8.39999962
v -54.29999924 42.90000153 8.69999981
v -54.29761505 42.90000153 9.00000095
v -54.29999924 42.90000153 8.69999981
v -54.29999924 42.90000153 9.29999924
v -54.29999924 42.90000153 9.29999924
v -54.29999924 42.90000153 9.60000038
v -54.29999924 42.90000153 9.89999867
v -54.29999924 42.90000153 10.19999981
v -54.29999924 42.90000153 10.50000095
v -54.29999924 42.90000153 10.79999924
v -54.29999924 42.90000153 11.10000038
v -54.29999924 42.90243530 9.00000095
v -54.59999847 38.40000153 5.09999943
v -54.59999847 38.40000153 5.40000057
v -54.59999847 38.40000153 5.69999838
v -54.59999847 38.40000153 5.99999952
v -54.59999847 38.40000153 6.30000067
v -54.59999847 38.40000153 6.59999847
v -54.59999847 38.40000153 6.89999962
v -54.59999847 38.70000076 4.50000000
v -54.59999847 38.61653519 4.80000114
v -54.59999847 38.70000076 4.50000000
v -54.59999847 38.40000153 5.09999943
v -54.59999847 38.40000153 5.40000057
v -54.59999847 38.40000153 5.69999838
v -54.59999847 38.40000153 5.99999952
v -54.59999847 38.40000153 6.30000067
v -54.59999847 38.40000153 6.59999847
v -54.59999847 38.40000153 6.89999962
v -54.59999847 38.59746170 7.20000076
v -54.59999847 38.66963959 7.49999905
v -54.59999847 38.68985748 7.80000019
v -54.59999847 38.69053268 8.10000133
v -54.59999847 38.70000076 8.39999962
v -54.59999847 38.70000076 8.39999962
v -54.59999847 38.70000076 4.50000000
v -54.59999847 39.00000000 4.40195799
v -54.59999847 38.70000076 8.39999962
v -54.59999847 39.00000000 8.63678932
v -54.59999847 39.29999924 4.19999886
v -54.59999847 39.29999924 4.19999886
v -54.59999847 39.05744934 8.69999981
v -54.59999847 39.29999924 9.00000095
v -54.59999847 39.29999924 9.00000095
v -54.59999847 39.29999924 4.19999886
v -54.59999847 39.59999847 4.16956043
v -54.59999847 39.29999924 9.00000095
v -54.59999847 39.50212479 9.29999924
v -54.59999847 39.59999847 9.47182178
v -54.59999847 39.90000153 4.16548729
v -54.59999847 39.67088318 9.60000038
v -54.59999847 39.80270767 9.89999867
v -54.59999847 39.90000153 10.19999981
v -54.59999847 40.20000076 4.17726612
v -54.59999847 39.90000153 10.19999981
v -54.29999924 40.20000076 10.50000095
v -54.59999847 40.16876984 10.50000095
v -54.59999847 40.20000076 10.52613544
v -54.59999847 40.50000000 4.19999886
v -54.59999847 40.50000000 4.19999886
v -54.59999847 40.50000000 4.19999886
v -54.59999847 40.50000000 10.68813324
v -54.59999847 40.79999924 4.32221174
v -54.59999847 40.79999924 10.79999924
v -54.29999924 41.09999847 4.50000000
v -54.59999847 41.09999847 4.47554970
v -54.59999847 40.79999924 10.79999924
v -54.59999847 41.09999847 11.09756184
v -54.59999847 41.13048172 4.50000000
v -54.59999847 41.40000153 4.80000114
v -54.59999847 41.40000153 4.80000114
v -54.29999924 41.40000153 11.10000038
v -54.59999847 41.10256577 11.10000038
v -54.59999847 41.40000153 11.40000057
v -54.59999847 41.69653320 5.09999943
v -54.59999847 41.70000076 5.10347509
v -54.29999924 41.70000076 11.40000057
v -54.59999847 41.40000153 11.40000057
v -54.59999847 41.70000076 11.63652039
v -54.59999847 42.00000000 5.40000057
v -54.29999924 42.00000000 5.69999838
v -54.59999847 42.00000000 5.40000057
v -54.29999924 42.00000000 11.40000057
v -54.59999847 42.00000000 11.69999886
v -54.59999847 42.21820450 5.69999838
v -54.59999847 42.29999924 5.99999952
v -54.59999847 42.29999924 6.30000067
v -54.59999847 42.29999924 6.59999847
v -54.59999847 42.29999924 6.59999847
v -54.29999924 42.29999924 11.40000057
v -54.59999847 42.29999924 11.69999886
v -54.29999924 42.59999847 6.89999962
v -54.59999847 42.59999847 6.69263792
v -54.29999924 42.59999847 11.40000057
v -54.59999847 42.59999847 11.69999886
v -54.59999847 42.79044342 6.89999962
v -54.59999847 42.90000153 7.20000076
v -54.29999924 42.90000153 7.49999905
v -54.59999847 42.90000153 7.20000076
v -54.29999924 42.90000153 7.80000019
v -54.29999924 42.90000153 8.10000133
v -54.29999924 42.90000153 8.39999962
v -54.29999924 42.90000153 8.69999981
v -54.29999924 42.90000153 9.29999924
v -54.29999924 42.90000153 9.60000038
v -54.29999924 42.90000153 9.89999867
v -54.29999924 42.90000153 10.19999981
v -54.29999924 42.90000153 10.50000095
v -54.29999924 42.90000153 10.79999924
v -54.29999924 42.90000153 11.10000038
v -54.29999924 42.90000153 11.40000057
v -54.59999847 42.90000153 11.69999886
v -54.59999847 43.09397888 7.49999905
v -54.59999847 43.16955566 7.80000019
v -54.59999847 43.19690323 8.10000133
v -54.59999847 43.20000076 8.39999962
v -54.59999847 43.19715118 8.69999981
v -54.59999847 43.19264221 9.00000095
v -54.59999847 43.19306183 9.29999924
v -54.59999847 43.19815063 9.60000038
v -54.59999847 43.20000076 9.89999867
v -54.59999847 43.20000076 10.19999981
v -54.59999847 43.20000076 10.50000095
v -54.59999847 43.20000076 10.79999924
v -54.59999847 43.20000076 11.10000038
v -54.59999847 43.20000076 11.40000057
v -54.65851974 38.70000076 4.80000114
v -54.73122025 38.70000076 5.09999943
v -54.76784515 38.70000076 5.40000057
v -54.80313492 38.70000076 5.69999838
v -54.90000153 38.70000076 5.99999952
v -54.90000153 38.70000076 6.30000067
v -54.90000153 38.70000076 6.59999847
v -54.77830887 38.70000076 6.89999962
v -54.68795776 38.70000076 7.20000076
v -54.63126755 38.70000076 7.49999905
v -54.61159897 38.70000076 7.80000019
v -54.61187363 38.70000076 8.10000133
v -54.67221832 39.00000000 4.50000000
v -54.79382324 39.00000000 4.80000114
v -54.86693192 39.00000000 5.09999943
v -54.90000153 39.00000000 5.40000057
v -54.90000153 39.00000000 5.69999838
v -54.90000153 38.70000076 5.99999952
v -54.90000153 39.00000000 5.69999838
v -54.90000153 38.70000076 6.30000067
v -54.90000153 38.70000076 6.59999847
v -54.90000153 39.00000000 6.89999962
v -54.90000153 39.00000000 6.89999962
v -54.90000153 39.00000000 7.20000076
v -54.90000153 39.00000000 7.49999905
v -54.90000153 39.00000000 7.80000019
v -54.89376831 39.00000000 8.10000133
v -54.81419373 39.00000000 8.39999962
v -54.78282547 39.29999924 4.50000000
v -54.90000153 39.29999924 4.80000114
v -54.90000153 39.07728195 5.09999943
v -54.90000153 39.29999924 4.80000114
v -54.90000153 39.00000000 5.40000057
v -54.90000153 39.00000000 5.69999838
v -54.90000153 39.00000000 6.89999962
v -54.90000153 39.00000000 7.20000076
v -54.90000153 39.00000000 7.49999905
v -54.90000153 39.00000000 7.80000019
v -54.90000153 39.00703430 8.10000133
v -54.90000153 39.08832550 8.39999962
v -54.90000153 39.25106812 8.69999981
v -54.90000153 39.29999924 8.77912426
v -54.63417435 39.59999847 4.19999886
v -54.90000153 39.59999847 4.50000000
v -54.90000153 39.29999924 4.80000114
v -54.90000153 39.59999847 4.50000000
v -54.90000153 39.42050552 9.00000095
v -54.90000153 39.58114243 9.29999924
v -54.90000153 39.59999847 9.33600998
v -54.64373016 39.90000153 4.19999886
v -54.90000153 39.59999847 4.50000000
v -54.90000153 39.90000153 4.46176672
v -54.90000153 39.73603058 9.60000038
v -54.90000153 39.90000153 9.89999867
v -54.90000153 39.90000153 9.89999867
v -54.63351822 40.20000076 4.19999886
v -54.90000153 40.20000076 4.43826103
v -54.90000153 39.90000153 9.89999867
v -54.90000153 39.99324417 10.19999981
v -54.90000153 40.18040848 10.50000095
v -54.90000153 40.20000076 10.52002430
v -54.90000153 40.50000000 4.43365240
v -54.90000153 40.50000000 10.73761368
v -54.90000153 40.79999924 4.45710850
v -54.59999847 40.79999924 10.79999924
v -54.90000153 40.59376907 10.79999924
v -54.90000153 40.79999924 10.96634960
v -54.90000153 41.09999847 4.50000000
v -54.90000153 41.09999847 4.50000000
v -54.90000153 41.09999847 4.50000000
v -54.60381699 41.09999847 11.10000038
v -54.90000153 40.92906189 11.10000038
v -54.90000153 41.09999847 11.30517292
v -54.90000153 41.40000153 4.80000114
v -54.90000153 41.40000153 4.80000114
v -54.59999847 41.40000153 11.40000057
v -54.90000153 41.17911530 11.40000057
v -54.90000153 41.40000153 11.68246269
v -54.60921860 41.70000076 5.09999943
v -54.90000153 41.70000076 5.01087284
v -54.66371155 41.70000076 11.69999886
v -54.90000153 41.41710663 11.69999886
v -54.90000153 41.70000076 12.00000000
v -54.90000153 41.83976746 5.09999943
v -54.59999847 42.00000000 5.40000057
v -54.90000153 42.00000000 5.20979595
v -54.59999847 42.00000000 11.69999886
v -54.76734161 42.00000000 12.00000000
v -54.90000153 41.70000076 12.00000000
v -54.90000153 42.00000000 12.30000114
v -54.90000153 42.26810837 5.40000057
v -54.68231583 42.29999924 5.69999838
v -54.90000153 42.29999924 5.42948770
v -54.59999847 42.29999924 5.99999952
v -54.59999847 42.29999924 6.30000067
v -54.59999847 42.29999924 6.59999847
v -54.59999847 42.29999924 11.69999886
v -54.71944427 42.29999924 12.00000000
v -54.80965805 42.29999924 12.30000114
v -54.90000153 42.00000000 12.30000114
v -54.90000153 42.29999924 12.59999943
v -54.90000153 42.59999847 5.69999838
v -54.81037140 42.59999847 5.99999952
v -54.90000153 42.59999847 5.69999838
v -54.75200272 42.59999847 6.30000067
v -54.65853500 42.59999847 6.59999847
v -54.59999847 42.59999847 11.69999886
v -54.70062256 42.59999847 12.00000000
v -54.77314377 42.59999847 12.30000114
v -54.85481644 42.59999847 12.59999943
v -54.90000153 42.29999924 12.59999943
v -54.90000153 42.59999847 12.70666790
v -54.90000153 42.74542618 5.99999952
v -54.90000153 42.90000153 6.30000067
v -54.80619431 42.90000153 6.59999847
v -54.90000153 42.90000153 6.30000067
v -54.68938828 42.90000153 6.89999962
v -54.59999847 42.90000153 7.20000076
v -54.59999847 42.90000153 11.69999886
v -54.69218826 42.90000153 12.00000000
v -54.75931549 42.90000153 12.30000114
v -54.82605743 42.90000153 12.59999943
v -54.90000153 42.90000153 12.90000057
v -54.90000153 43.03361130 6.59999847
v -54.90000153 43.15792847 6.89999962
v -54.83628845 43.20000076 7.20000076
v -54.90000153 43.20000076 7.00604343
v -54.71847153 43.20000076 7.49999905
v -54.63497162 43.20000076 7.80000019
v -54.60334396 43.20000076 8.10000133
v -54.59999847 43.20000076 8.39999962
v -54.60285568 43.20000076 8.69999981
v -54.60733795 43.20000076 9.00000095
v -54.60695648 43.20000076 9.29999924
v -54.60183334 43.20000076 9.60000038
v -54.59999847 43.20000076 9.89999867
v -54.59999847 43.20000076 10.19999981
v -54.59999847 43.20000076 10.50000095
v -54.59999847 43.20000076 10.79999924
v -54.59999847 43.20000076 11.10000038
v -54.59999847 43.20000076 11.40000057
v -54.64100266 43.20000076 11.69999886
v -54.70318222 43.20000076 12.00000000
v -54.76281738 43.20000076 12.30000114
v -54.82356644 43.20000076 12.59999943
v -54.89488602 43.20000076 12.90000057
v -54.90000153 42.90000153 12.90000057
v -54.90000153 43.20000076 12.91648674
v -54.90000153 43.26856995 7.20000076
v -54.90000153 43.36825943 7.49999905
v -54.90000153 43.43507004 7.80000019
v -54.90000153 43.46989822 8.10000133
v -54.90000153 43.48661804 8.39999962
v -54.90000153 43.50000000 8.69999981
v -54.90000153 43.50000000 9.00000095
v -54.90000153 43.50000000 9.29999924
v -54.90000153 43.50000000 9.60000038
v -54.84726334 43.50000000 9.89999867
v -54.90000153 43.50000000 9.60000038
v -54.81331635 43.50000000 10.19999981
v -54.78679276 43.50000000 10.50000095
v -54.76224136 43.50000000 10.79999924
v -54.73997116 43.50000000 11.10000038
v -54.72311401 43.50000000 11.40000057
v -54.72399521 43.50000000 11.69999886
v -54.74951553 43.50000000 12.00000000
v -54.78933716 43.50000000 12.30000114
v -54.83827591 43.50000000 12.59999943
v -54.90000153 43.50000000 12.90000057
v -54.90000153 43.50000000 12.90000057
v -54.90000153 43.57565308 9.89999867
v -54.90000153 43.63131332 10.19999981
v -54.90000153 43.69746399 10.50000095
v -54.90000153 43.78432465 10.79999924
v -54.86528015 43.79999924 11.10000038
v -54.90000153 43.79999924 10.85236073
v -54.83431625 43.79999924 11.40000057
v -54.81792450 43.79999924 11.69999886
v -54.81960297 43.79999924 12.00000000
v -54.83733368 43.79999924 12.30000114
v -54.86563492 43.79999924 12.59999943
v -54.90000153 43.79999924 12.90000057
v -54.90000153 43.88787842 11.10000038
v -54.90000153 43.98222733 11.40000057
v -54.90000153 44.05387878 11.69999886
v -54.90000153 44.09517670 12.00000000
v -54.90000153 44.09461212 12.30000114
v -54.90000153 44.02003479 12.59999943
v -55.01058578 39.00000000 5.99999952
v -55.04423523 39.00000000 6.30000067
v -55.01697922 39.00000000 6.59999847
v -54.98881149 39.29999924 5.09999943
v -55.04907227 39.29999924 5.40000057
v -55.09991837 39.29999924 5.69999838
v -55.15565491 39.29999924 5.99999952
v -55.18820953 39.29999924 6.30000067
v -55.18863297 39.29999924 6.59999847
v -55.17031860 39.29999924 6.89999962
v -55.16486359 39.29999924 7.20000076
v -55.16811371 39.29999924 7.49999905
v -55.16653442 39.29999924 7.80000019
v -55.14652634 39.29999924 8.10000133
v -55.08718491 39.29999924 8.39999962
v -54.95563889 39.29999924 8.69999981
v -55.00845337 39.59999847 4.80000114
v -55.10274124 39.59999847 5.09999943
v -55.18478775 39.59999847 5.40000057
v -55.20000076 39.49264145 5.69999838
v -55.20000076 39.59999847 5.46692991
v -55.20000076 39.38629913 5.99999952
v -55.20000076 39.32198334 6.30000067
v -55.20000076 39.31772995 6.59999847
v -55.20000076 39.33719254 6.89999962
v -55.20000076 39.34111786 7.20000076
v -55.20000076 39.33697891 7.49999905
v -55.20000076 39.33879852 7.80000019
v -55.20000076 39.36031723 8.10000133
v -55.20000076 39.41351318 8.39999962
v -55.20000076 39.49777222 8.69999981
v -55.20000076 39.59999847 9.00000095
v -55.20000076 39.59999847 9.00000095
v -54.94090652 39.59999847 9.29999924
v -54.92798233 39.90000153 4.50000000
v -55.08319092 39.90000153 4.80000114
v -55.20000076 39.90000153 5.09999943
v -55.20000076 39.63814163 5.40000057
v -55.20000076 39.90000153 5.09999943
v -55.20000076 39.59999847 9.00000095
v -55.20000076 39.71845627 9.29999924
v -55.20000076 39.84564590 9.60000038
v -55.20000076 39.90000153 9.72824478
v -54.95112228 40.20000076 4.50000000
v -55.14263916 40.20000076 4.80000114
v -55.20000076 39.90000153 5.09999943
v -55.20000076 40.20000076 4.91434479
v -55.20000076 39.97192001 9.89999867
v -55.20000076 40.07725143 10.19999981
v -55.20000076 40.20000076 10.50000095
v -55.20000076 40.20000076 10.50000095
v -54.96343613 40.50000000 4.50000000
v -55.18682098 40.50000000 4.80000114
v -55.20000076 40.50000000 4.82173348
v -55.20000076 40.20000076 10.50000095
v -55.20000076 40.50000000 10.71555519
v -54.95117188 40.79999924 4.50000000
v -55.20000076 40.79999924 4.80000114
v -55.20000076 40.79999924 4.80000114
v -55.20000076 40.58489609 10.79999924
v -55.20000076 40.79999924 11.03907681
v -55.18721390 41.09999847 4.80000114
v -55.20000076 41.09999847 4.81124449
v -55.20000076 40.84771347 11.10000038
v -55.08065796 41.09999847 11.40000057
v -55.20000076 41.05599976 11.40000057
v -55.20000076 41.09999847 11.47215557
v -55.20000076 41.40000153 4.89370585
v -54.92046738 41.40000153 11.69999886
v -55.20000076 41.24053955 11.69999886
v -55.20000076 41.40000153 12.00000000
v -55.20000076 41.70000076 4.99172354
v -54.90000153 41.70000076 12.00000000
v -55.20000076 41.40000153 12.00000000
v -55.13535309 41.70000076 12.30000114
v -55.20000076 41.63509369 12.30000114
v -55.20000076 41.70000076 12.37129307
v -55.20000076 42.00000000 5.09999943
v -55.20000076 42.00000000 5.09999943
v -54.90000153 42.00000000 12.30000114
v -55.12928772 42.00000000 12.59999943
v -55.20000076 41.92328262 12.59999943
v -55.20000076 42.00000000 12.67673111
v -54.93470383 42.29999924 5.40000057
v -55.20000076 42.29999924 5.24987650
v -54.90000153 42.29999924 12.59999943
v -55.16015244 42.29999924 12.90000057
v -55.20000076 42.24836349 12.90000057
v -55.20000076 42.29999924 12.94653416
v -55.20000076 42.59999847 5.40000057
v -54.90000153 42.59999847 5.69999838
v -55.20000076 42.59999847 5.40000057
v -55.00344086 42.59999847 12.90000057
v -55.20000076 42.59999847 13.17795563
v -55.16599655 42.90000153 5.69999838
v -55.20000076 42.90000153 5.66000080
v -55.00184631 42.90000153 5.99999952
v -54.90000153 42.90000153 6.30000067
v -54.90000153 42.90000153 12.90000057
v -55.07062149 42.90000153 13.19999886
v -55.20000076 42.63063049 13.19999886
v -55.20000076 42.90000153 13.43339920
v -55.20000076 42.93976212 5.69999838
v -55.20000076 43.20000076 5.99999952
v -55.10020065 43.20000076 6.30000067
v -55.20000076 43.20000076 5.99999952
v -55.01634598 43.20000076 6.59999847
v -54.93231583 43.20000076 6.89999962
v -54.99607849 43.20000076 13.19999886
v -55.10332108 43.20000076 13.50000000
v -55.20000076 42.97641754 13.50000000
v -55.20000076 43.20000076 13.80000114
v -55.20000076 43.32012558 6.30000067
v -55.20000076 43.41528702 6.59999847
v -55.20000076 43.50000000 6.89999962
v -55.10894012 43.50000000 7.20000076
v -55.20000076 43.50000000 6.89999962
v -55.02777100 43.50000000 7.49999905
v -54.96641922 43.50000000 7.80000019
v -54.93099976 43.50000000 8.10000133
v -54.91326904 43.50000000 8.39999962
v -54.90000153 43.50000000 8.69999981
v -54.90000153 43.50000000 9.00000095
v -54.90000153 43.50000000 9.29999924
v -54.90000153 43.50000000 9.60000038
v -54.90000153 43.50000000 12.90000057
v -54.96556854 43.50000000 13.19999886
v -55.04620361 43.50000000 13.50000000
v -55.14485931 43.50000000 13.80000114
v -55.20000076 43.20000076 13.80000114
v -55.20000076 43.50000000 13.91929531
v -55.20000076 43.59977341 7.20000076
v -55.20000076 43.68587875 7.49999905
v -55.20000076 43.74869156 7.80000019
v -55.20000076 43.79109573 8.10000133
v -55.20000076 43.79999924 8.39999962
v -55.12554550 43.79999924 8.69999981
v -55.20000076 43.79999924 8.39999962
v -55.08957291 43.79999924 9.00000095
v -55.07331848 43.79999924 9.29999924
v -55.06149292 43.79999924 9.60000038
v -55.04028320 43.79999924 9.89999867
v -55.00790024 43.79999924 10.19999981
v -54.95708084 43.79999924 10.50000095
v -54.90736389 43.79999924 10.79999924
v -54.90000153 43.79999924 12.90000057
v -54.95832062 43.79999924 13.19999886
v -55.02384186 43.79999924 13.50000000
v -55.10263062 43.79999924 13.80000114
v -55.19895554 43.79999924 14.10000134
v -55.20000076 43.79633713 14.10000134
v -55.20000076 43.79999924 14.10272026
v -55.20000076 43.93306732 8.69999981
v -55.20000076 44.00847244 9.00000095
v -55.20000076 44.05166626 9.29999924
v -55.20000076 44.07705307 9.60000038
v -55.20000076 44.09047699 9.89999867
v -55.20000076 44.09999847 10.19999981
v -55.10052109 44.09999847 10.50000095
v -55.20000076 44.09999847 10.19999981
v -55.03220749 44.09999847 10.79999924
v -54.98095322 44.09999847 11.10000038
v -54.94166183 44.09999847 11.40000057
v -54.91478348 44.09999847 11.69999886
v -54.90131760 44.09999847 12.00000000
v -54.90115356 44.09999847 12.30000114
v -54.91258240 44.09999847 12.59999943
v -54.93519211 44.09999847 12.90000057
v -54.97181702 44.09999847 13.19999886
v -55.01780319 44.09999847 13.50000000
v -55.07232285 44.09999847 13.80000114
v -55.13347626 44.09999847 14.10000134
v -55.20000076 44.09999847 14.39999962
v -55.20000076 44.40000153 10.50000095
v -55.14531326 44.40000153 10.79999924
v -55.20000076 44.40000153 10.50000095
v -55.09144592 44.40000153 11.10000038
v -55.04639053 44.40000153 11.40000057
v -55.01245499 44.40000153 11.69999886
v -54.98960876 44.40000153 12.00000000
v -54.97705078 44.40000153 12.30000114
v -54.97404480 44.40000153 12.59999943
v -54.98086166 44.40000153 12.90000057
v -54.99695206 44.40000153 13.19999886
v -55.02161026 44.40000153 13.50000000
v -55.05487061 44.40000153 13.80000114
v -55.09846878 44.40000153 14.10000134
v -55.15936661 44.40000153 14.39999962
v -55.20000076 44.09999847 14.39999962
v -55.20000076 44.40000153 14.53316307
v -55.20000076 44.53918839 10.79999924
v -55.20000076 44.70000076 11.10000038
v -55.15005493 44.70000076 11.40000057
v -55.20000076 44.70000076 11.10000038
v -55.10832977 44.70000076 11.69999886
v -55.07975769 44.70000076 12.00000000
v -55.05910492 44.70000076 12.30000114
v -55.04351425 44.70000076 12.59999943
v -55.03319550 44.70000076 12.90000057
v -55.02933121 44.70000076 13.19999886
v -55.03395844 44.70000076 13.50000000
v -55.04938507 44.70000076 13.80000114
v -55.07868195 44.70000076 14.10000134
v -55.12543106 44.70000076 14.39999962
v -55.19067001 44.70000076 14.70000076
v -55.20000076 44.65407562 14.70000076
v -55.20000076 44.70000076 14.73511314
v -55.20000076 44.83961868 11.40000057
v -55.20000076 45.00000000 11.69999886
v -55.16990280 45.00000000 12.00000000
v -55.20000076 45.00000000 11.69999886
v -55.14358902 45.00000000 12.30000114
v -55.11822510 45.00000000 12.59999943
v -55.09007263 45.00000000 12.90000057
v -55.06728363 45.00000000 13.19999886
v -55.05452347 45.00000000 13.50000000
v -55.05476379 45.00000000 13.80000114
v -55.06985092 45.00000000 14.10000134
v -55.10002518 45.00000000 14.39999962
v -55.14366913 45.00000000 14.70000076
v -55.20000076 45.00000000 14.99999905
v -55.20000076 45.09698868 12.00000000
v -55.20000076 45.20034790 12.30000114
v -55.20000076 45.29999924 12.59999943
v -55.14878082 45.29999924 12.90000057
v -55.20000076 45.29999924 12.59999943
v -55.10927200 45.29999924 13.19999886
v -55.08320618 45.29999924 13.50000000
v -55.07124710 45.29999924 13.80000114
v -55.07314301 45.29999924 14.10000134
v -55.08809280 45.29999924 14.39999962
v -55.11450958 45.29999924 14.70000076
v -55.15134048 45.29999924 14.99999905
v -55.20000076 45.00000000 14.99999905
v -55.20000076 45.29999924 15.30000019
v -55.20000076 45.57223892 12.90000057
v -55.15358353 45.59999847 13.19999886
v -55.20000076 45.59999847 12.93004513
v -55.12059784 45.59999847 13.50000000
v -55.10006714 45.59999847 13.80000114
v -55.09048462 45.59999847 14.10000134
v -55.09249115 45.59999847 14.39999962
v -55.10591507 45.59999847 14.70000076
v -55.12940598 45.59999847 14.99999905
v -55.15987015 45.59999847 15.30000019
v -55.20000076 45.29999924 15.30000019
v -55.20000076 45.59999847 15.60000134
v -55.20000076 45.90000153 13.19999886
v -55.16971207 45.90000153 13.50000000
v -55.20000076 45.90000153 13.19999886
v -55.14277267 45.90000153 13.80000114
v -55.12264633 45.90000153 14.10000134
v -55.11367798 45.90000153 14.39999962
v -55.11783600 45.90000153 14.70000076
v -55.13506317 45.90000153 14.99999905
v -55.16247177 45.90000153 15.30000019
v -55.20000076 45.90000153 15.60000134
v -55.20000076 46.02982712 13.50000000
v -55.20000076 46.19997406 13.80000114
v -55.16899109 46.20000076 14.10000134
v -55.20000076 46.20000076 13.80004692
v -55.15052032 46.20000076 14.39999962
v -55.14760971 46.20000076 14.70000076
v -55.16316986 46.20000076 14.99999905
v -55.20000076 46.20000076 15.30000019
v -55.20000076 46.20000076 15.30000019
v -55.20000076 46.35903931 14.10000134
v -55.20000076 46.50000000 14.39999962
v -55.19011307 46.50000000 14.70000076
v -55.20000076 46.50000000 14.39999962
v -55.20000076 46.50000000 14.99999905
v -55.20000076 46.50000000 14.99999905
v -55.20000076 46.55994797 14.70000076
v -55.25306320 39.59999847 5.69999838
v -55.30658722 39.59999847 5.99999952
v -55.34681702 39.59999847 6.30000067
v -55.37503815 39.59999847 6.59999847
v -55.39389038 39.59999847 6.89999962
v -55.40684891 39.59999847 7.20000076
v -55.41461563 39.59999847 7.49999905
v -55.41444397 39.59999847 7.80000019
v -55.40159988 39.59999847 8.10000133
v -55.36931229 39.59999847 8.39999962
v -55.30734253 39.59999847 8.69999981
v -55.30475235 39.90000153 5.40000057
v -55.38655853 39.90000153 5.69999838
v -55.44961166 39.90000153 5.99999952
v -55.50000000 39.89673996 6.30000067
v -55.50000000 39.90000153 6.29056787
v -55.50000000 39.81176758 6.59999847
v -55.50000000 39.75504303 6.89999962
v -55.50000000 39.72440720 7.20000076
v -55.50000000 39.70978928 7.49999905
v -55.50000000 39.70746613 7.80000019
v -55.50000000 39.71826172 8.10000133
v -55.50000000 39.74399567 8.39999962
v -55.50000000 39.78488159 8.69999981
v -55.50000000 39.83806992 9.00000095
v -55.50000000 39.90000153 9.29999924
v -55.50000000 39.90000153 9.29999924
v -55.30718231 39.90000153 9.60000038
v -55.28917313 40.20000076 5.09999943
v -55.41006851 40.20000076 5.40000057
v -55.50000000 40.16542816 5.69999838
v -55.50000000 40.20000076 5.65628195
v -55.50000000 40.00701523 5.99999952
v -55.50000000 39.90000153 9.29999924
v -55.50000000 40.00554657 9.60000038
v -55.50000000 40.12254333 9.89999867
v -55.50000000 40.20000076 10.19999981
v -55.50000000 40.20000076 10.19999981
v -55.36044312 40.50000000 5.09999943
v -55.50000000 40.50000000 5.40000057
v -55.50000000 40.50000000 5.40000057
v -55.50000000 40.20000076 10.19999981
v -55.50000000 40.50000000 10.50000095
v -55.50000000 40.50000000 10.50000095
v -55.42789459 40.79999924 5.09999943
v -55.50000000 40.50000000 5.40000057
v -55.50000000 40.79999924 5.20185900
v -55.50000000 40.50000000 10.50000095
v -55.50000000 40.66294098 10.79999924
v -55.50000000 40.79999924 11.02135944
v -55.50000000 41.09999847 5.09999943
v -55.50000000 41.09999847 5.09999943
v -55.50000000 40.84562683 11.10000038
v -55.50000000 41.01357651 11.40000057
v -55.50000000 41.09999847 11.57321167
v -55.50000000 41.09999847 5.09999943
v -55.50000000 41.40000153 5.03610516
v -55.50000000 41.16330719 11.69999886
v -55.20000076 41.40000153 12.00000000
v -55.50000000 41.29353714 12.00000000
v -55.50000000 41.40000153 12.30000114
v -55.50000000 41.70000076 5.02683830
v -55.50000000 41.40000153 12.30000114
v -55.50000000 41.70000076 12.59999943
v -55.20000076 42.00000000 5.09999943
v -55.50000000 42.00000000 5.07570553
v -55.50000000 41.70000076 12.59999943
v -55.47106171 42.00000000 12.90000057
v -55.50000000 41.97924805 12.90000057
v -55.50000000 42.00000000 12.92530346
v -55.50000000 42.08036041 5.09999943
v -55.50000000 42.29999924 5.17234135
v -55.44883728 42.29999924 13.19999886
v -55.50000000 42.24981308 13.19999886
v -55.50000000 42.29999924 13.26187611
v -55.20000076 42.59999847 5.40000057
v -55.50000000 42.59999847 5.28408957
v -55.21847534 42.59999847 13.19999886
v -55.50000000 42.59999847 13.50000000
v -55.50000000 42.90000153 5.40000057
v -55.50000000 42.90000153 5.40000057
v -55.24250793 42.90000153 13.50000000
v -55.50000000 42.59999847 13.50000000
v -55.42955780 42.90000153 13.80000114
v -55.50000000 42.80363464 13.80000114
v -55.50000000 42.90000153 13.88946247
v -55.48677826 43.20000076 5.69999838
v -55.50000000 43.20000076 5.68972206
v -55.20000076 43.20000076 5.99999952
v -55.20000076 43.20000076 13.80000114
v -55.45860291 43.20000076 14.10000134
v -55.50000000 43.14069748 14.10000134
v -55.50000000 43.20000076 14.14853668
v -55.50000000 43.21069717 5.69999838
v -55.50000000 43.50000000 5.99999952
v -55.37611008 43.50000000 6.30000067
v -55.50000000 43.50000000 5.99999952
v -55.28109360 43.50000000 6.59999847
v -55.20000076 43.50000000 6.89999962
v -55.30297470 43.50000000 14.10000134
v -55.50000000 43.50000000 14.39999962
v -55.50000000 43.60712433 6.30000067
v -55.50000000 43.70595551 6.59999847
v -55.50000000 43.79999924 6.89999962
v -55.38114548 43.79999924 7.20000076
v -55.50000000 43.79999924 6.89999962
v -55.30072021 43.79999924 7.49999905
v -55.24511719 43.79999924 7.80000019
v -55.20707321 43.79999924 8.10000133
v -55.20000076 43.79999924 8.39999962
v -55.33379745 43.79999924 14.39999962
v -55.50000000 43.50000000 14.39999962
v -55.50000000 43.79999924 14.70000076
v -55.50000000 43.94877243 7.20000076
v -55.50000000 44.05381012 7.49999905
v -55.50000000 44.09999847 7.80000019
v -55.38594437 44.09999847 8.10000133
v -55.50000000 44.09999847 7.80000019
v -55.33118820 44.09999847 8.39999962
v -55.28373718 44.09999847 8.69999981
v -55.24639130 44.09999847 9.00000095
v -55.22369003 44.09999847 9.29999924
v -55.21112823 44.09999847 9.60000038
v -55.20479202 44.09999847 9.89999867
v -55.20000076 44.09999847 10.19999981
v -55.20000076 44.09999847 14.39999962
v -55.35217667 44.09999847 14.70000076
v -55.50000000 43.79999924 14.70000076
v -55.50000000 44.09999847 14.99999905
v -55.50000000 44.40000153 8.10000133
v -55.46581650 44.40000153 8.39999962
v -55.50000000 44.40000153 8.10000133
v -55.42226791 44.40000153 8.69999981
v -55.38114929 44.40000153 9.00000095
v -55.36171722 44.40000153 9.29999924
v -55.34800720 44.40000153 9.60000038
v -55.32696152 44.40000153 9.89999867
v -55.28478241 44.40000153 10.19999981
v -55.20000076 44.40000153 10.50000095
v -55.25625992 44.40000153 14.70000076
v -55.37319946 44.40000153 14.99999905
v -55.50000000 44.09999847 14.99999905
v -55.50000000 44.40000153 15.30000019
v -55.50000000 44.46089172 8.39999962
v -55.50000000 44.55568695 8.69999981
v -55.50000000 44.70000076 9.00000095
v -55.49878311 44.70000076 9.29999924
v -55.50000000 44.70000076 9.00000095
v -55.48268127 44.70000076 9.60000038
v -55.44740295 44.70000076 9.89999867
v -55.39456177 44.70000076 10.19999981
v -55.32933807 44.70000076 10.50000095
v -55.26450348 44.70000076 10.79999924
v -55.20000076 44.70000076 11.10000038
v -55.27356339 44.70000076 14.99999905
v -55.36520767 44.70000076 15.30000019
v -55.50000000 44.40000153 15.30000019
v -55.45684814 44.70000076 15.60000134
v -55.50000000 44.59271240 15.60000134
v -55.50000000 44.70000076 15.71980381
v -55.50000000 44.70236206 9.29999924
v -55.50000000 44.73800278 9.60000038
v -55.50000000 44.82532120 9.89999867
v -55.50000000 44.95807266 10.19999981
v -55.45295334 45.00000000 10.50000095
v -55.50000000 45.00000000 10.28024483
v -55.38589478 45.00000000 10.79999924
v -55.32069778 45.00000000 11.10000038
v -55.25923157 45.00000000 11.40000057
v -55.20000076 45.00000000 11.69999886
v -55.20000076 45.00000000 14.99999905
v -55.26916504 45.00000000 15.30000019
v -55.35390472 45.00000000 15.60000134
v -55.45883942 45.00000000 15.89999962
v -55.50000000 44.88403320 15.89999962
v -55.50000000 45.00000000 15.99229717
v -55.50000000 45.11522675 10.50000095
v -55.50000000 45.28724289 10.79999924
v -55.43960953 45.29999924 11.10000038
v -55.50000000 45.29999924 10.82344532
v -55.37647629 45.29999924 11.40000057
v -55.31336212 45.29999924 11.69999886
v -55.26424026 45.29999924 12.00000000
v -55.22807312 45.29999924 12.30000114
v -55.20000076 45.29999924 12.59999943
v -55.20000076 45.29999924 15.30000019
v -55.26918411 45.29999924 15.60000134
v -55.37303162 45.29999924 15.89999962
v -55.50000000 45.29999924 16.20000076
v -55.50000000 45.45479202 11.10000038
v -55.50000000 45.59999847 11.40000057
v -55.41604996 45.59999847 11.69999886
v -55.50000000 45.59999847 11.40000057
v -55.35630417 45.59999847 12.00000000
v -55.30823517 45.59999847 12.30000114
v -55.26097488 45.59999847 12.59999943
v -55.20534515 45.59999847 12.90000057
v -55.20000076 45.59999847 15.60000134
v -55.32233810 45.59999847 15.89999962
v -55.47428131 45.59999847 16.20000076
v -55.50000000 45.29999924 16.20000076
v -55.50000000 45.59999847 16.23827171
v -55.50000000 45.90000153 11.69999886
v -55.44999695 45.90000153 12.00000000
v -55.50000000 45.90000153 11.69999886
v -55.39703369 45.90000153 12.30000114
v -55.33919525 45.90000153 12.59999943
v -55.27326584 45.90000153 12.90000057
v -55.20000076 45.90000153 13.19999886
v -55.20000076 45.90000153 15.60000134
v -55.30632019 45.90000153 15.89999962
v -55.45197678 45.90000153 16.20000076
v -55.50000000 45.90000153 16.27535248
v -55.50000000 46.03755188 12.00000000
v -55.50000000 46.20000076 12.30000114
v -55.43752670 46.20000076 12.59999943
v -55.50000000 46.20000076 12.30000114
v -55.36570740 46.20000076 12.90000057
v -55.29529190 46.20000076 13.19999886
v -55.24139023 46.20000076 13.50000000
v -55.20000458 46.20000076 13.80000114
v -55.20000076 46.20000076 15.30000019
v -55.23671341 46.20000076 15.60000134
v -55.31198502 46.20000076 15.89999962
v -55.42543793 46.20000076 16.20000076
v -55.50000000 46.20000076 16.34313583
v -55.50000000 46.36161041 12.59999943
v -55.47243500 46.50000000 12.90000057
v -55.50000000 46.50000000 12.79967022
v -55.39339066 46.50000000 13.19999886
v -55.32510757 46.50000000 13.50000000
v -55.26998520 46.50000000 13.80000114
v -55.22781754 46.50000000 14.10000134
v -55.20000076 46.50000000 14.39999962
v -55.20000076 46.50000000 14.99999905
v -55.22634888 46.50000000 15.30000019
v -55.26552963 46.50000000 15.60000134
v -55.32375336 46.50000000 15.89999962
v -55.40260315 46.50000000 16.20000076
v -55.50000000 46.50000000 16.50000191
v -55.50000000 46.57585144 12.90000057
v -55.49301147 46.79999924 13.19999886
v -55.50000000 46.79999924 13.17615795
v -55.41282654 46.79999924 13.50000000
v -55.34599304 46.79999924 13.80000114
v -55.29350281 46.79999924 14.10000134
v -55.25687408 46.79999924 14.39999962
v -55.23910141 46.79999924 14.70000076
v -55.24045181 46.79999924 14.99999905
v -55.25791168 46.79999924 15.30000019
v -55.28986359 46.79999924 15.60000134
v -55.33623886 46.79999924 15.89999962
v -55.40091324 46.79999924 16.20000076
v -55.50000000 46.79999924 16.50000191
v -55.50000000 46.82215881 13.19999886
v -55.49856186 47.09999847 13.50000000
v -55.50000000 47.09999847 13.49505234
v -55.42295837 47.09999847 13.80000114
v -55.36165237 47.09999847 14.10000134
v -55.31736374 47.09999847 14.39999962
v -55.29156113 47.09999847 14.70000076
v -55.28337097 47.09999847 14.99999905
v -55.29043579 47.09999847 15.30000019
v -55.31196976 47.09999847 15.60000134
v -55.34930801 47.09999847 15.89999962
v -55.40801620 47.09999847 16.20000076
v -55.50000000 47.09999847 16.50000191
v -55.50000000 47.10556030 13.50000000
v -55.50000000 47.40000153 13.80000114
v -55.43029404 47.40000153 14.10000134
v -55.50000000 47.40000153 13.80000114
v -55.38137436 47.40000153 14.39999962
v -55.34803009 47.40000153 14.70000076
v -55.32869339 47.40000153 14.99999905
v -55.32316971 47.40000153 15.30000019
v -55.33281708 47.40000153 15.60000134
v -55.36105347 47.40000153 15.89999962
v -55.41381454 47.40000153 16.20000076
v -55.50000000 47.40000153 16.50000191
v -55.50000000 47.70000076 14.10000134
v -55.45322800 47.70000076 14.39999962
v -55.50000000 47.70000076 14.10000134
v -55.41151047 47.70000076 14.70000076
v -55.37844467 47.70000076 14.99999905
v -55.35826492 47.70000076 15.30000019
v -55.35457230 47.70000076 15.60000134
v -55.37150955 47.70000076 15.89999962
v -55.41456604 47.70000076 16.20000076
v -55.49292374 47.70000076 16.50000191
v -55.50000000 47.40000153 16.50000191
v -55.50000000 47.70000076 16.51777840
v -55.50000000 47.85952759 14.39999962
v -55.48635101 48.00000000 14.70000076
v -55.50000000 48.00000000 14.62632942
v -55.43503571 48.00000000 14.99999905
v -55.39850998 48.00000000 15.30000019
v -55.38013458 48.00000000 15.60000134
v -55.38312531 48.00000000 15.89999962
v -55.41096497 48.00000000 16.20000076
v -55.46980286 48.00000000 16.50000191
v -55.50000000 48.00000000 16.59181023
v -55.50000000 48.04731369 14.70000076
v -55.50000000 48.29999924 14.99999905
v -55.44558716 48.29999924 15.30000019
v -55.50000000 48.29999924 14.99999905
v -55.41175461 48.29999924 15.60000134
v -55.39891815 48.29999924 15.89999962
v -55.40860748 48.29999924 16.20000076
v -55.44197464 48.29999924 16.50000191
v -55.50000000 48.29999924 16.79999924
v -55.50000000 48.59999847 15.30000019
v -55.45108795 48.59999847 15.60000134
v -55.50000000 48.59999847 15.30000019
v -55.42156982 48.59999847 15.89999962
v -55.41332245 48.59999847 16.20000076
v -55.43115997 48.59999847 16.50000191
v -55.48923874 48.59999847 16.79999924
v -55.50000000 48.29999924 16.79999924
v -55.50000000 48.59999847 16.82992935
v -55.50000000 48.89339447 15.60000134
v -55.45471191 48.90000153 15.89999962
v -55.50000000 48.90000153 15.60715866
v -55.43042755 48.90000153 16.20000076
v -55.43729782 48.90000153 16.50000191
v -55.48913574 48.90000153 16.79999924
v -55.50000000 48.90000153 16.83387947
v -55.50000000 49.20000076 15.89999962
v -55.45650101 49.20000076 16.20000076
v -55.50000000 49.20000076 15.89999962
v -55.45493317 49.20000076 16.50000191
v -55.49848557 49.20000076 16.79999924
v -55.50000000 49.20000076 16.80544472
v -55.47866058 49.50000000 16.20000076
v -55.50000000 49.50000000 16.08234978
v -55.47481537 49.50000000 16.50000191
v -55.50000000 49.22771072 16.79999924
v -55.50000000 49.50000000 16.69095802
v -55.50000000 49.79999924 16.20000076
v -55.50000000 49.79999924 16.50000191
v -55.50169754 39.90000153 6.30000067
v -55.55165482 39.90000153 6.59999847
v -55.59818649 39.90000153 6.89999962
v -55.62890244 39.90000153 7.20000076
v -55.64488983 39.90000153 7.49999905
v -55.64949417 39.90000153 7.80000019
v -55.64477539 39.90000153 8.10000133
v -55.63087845 39.90000153 8.39999962
v -55.60570145 39.90000153 8.69999981
v -55.56501770 39.90000153 9.00000095
v -55.51633072 40.20000076 5.69999838
v -55.59634399 40.20000076 5.99999952
v -55.64834976 40.20000076 6.30000067
v -55.70131302 40.20000076 6.59999847
v -55.79999924 40.20000076 6.89999962
v -55.79999924 40.13846970 7.20000076
v -55.79999924 40.20000076 6.89999962
v -55.79999924 40.10968781 7.49999905
v -55.79999924 40.10060883 7.80000019
v -55.79999924 40.10269928 8.10000133
v -55.79999924 40.11129761 8.39999962
v -55.79999924 40.12453842 8.69999981
v -55.79999924 40.14221954 9.00000095
v -55.79999924 40.16520309 9.29999924
v -55.79999924 40.20000076 9.60000038
v -55.79999924 40.20000076 9.60000038
v -55.59549332 40.20000076 9.89999867
v -55.67150879 40.50000000 5.69999838
v -55.77166748 40.50000000 5.99999952
v -55.79999924 40.50000000 6.30000067
v -55.79999924 40.50000000 6.59999847
v -55.79999924 40.20000076 6.89999962
v -55.79999924 40.50000000 6.59999847
v -55.79999924 40.20000076 9.60000038
v -55.79999924 40.50000000 9.89999867
v -55.79999924 40.50000000 9.89999867
v -55.75844193 40.50000000 10.19999981
v -55.65414047 40.79999924 5.40000057
v -55.79999924 40.69424057 5.69999838
v -55.79999924 40.79999924 5.59284019
v -55.79999924 40.53915024 5.99999952
v -55.79999924 40.50000000 6.30000067
v -55.79999924 40.50000000 6.59999847
v -55.79999924 40.50000000 9.89999867
v -55.79999924 40.52985764 10.19999981
v -55.79999924 40.63705826 10.50000095
v -55.79999924 40.76327133 10.79999924
v -55.79999924 40.79999924 10.87900925
v -55.79999924 41.09999847 5.40000057
v -55.79999924 41.09999847 5.40000057
v -55.79999924 40.89697647 11.10000038
v -55.79999924 41.03095627 11.40000057
v -55.79999924 41.09999847 11.56211281
v -55.61535263 41.40000153 5.09999943
v -55.79999924 41.09999847 5.40000057
v -55.79999924 41.40000153 5.20966339
v -55.79999924 41.15848541 11.69999886
v -55.79999924 41.28184891 12.00000000
v -55.79999924 41.40000153 12.26507092
v -55.79999924 41.70000076 5.09999943
v -55.79999924 41.70000076 5.09999943
v -55.79999924 41.41847610 12.30000114
v -55.50000000 41.70000076 12.59999943
v -55.79999924 41.63012314 12.59999943
v -55.79999924 41.70000076 12.69595718
v -55.79999924 42.00000000 5.09999943
v -55.79999924 42.00000000 5.09999943
v -55.79999924 41.85724258 12.90000057
v -55.79999924 42.00000000 13.11296272
v -55.79999924 42.29999924 5.16765833
v -55.79999924 42.06026077 13.19999886
v -55.68846130 42.29999924 13.50000000
v -55.79999924 42.21349716 13.50000000
v -55.79999924 42.29999924 13.80000114
v -55.79999924 42.59999847 5.25459623
v -55.50000000 42.59999847 13.50000000
v -55.65058517 42.59999847 13.80000114
v -55.79999924 42.29999924 13.80000114
v -55.79999924 42.59999847 13.94844341
v -55.50000000 42.90000153 5.40000057
v -55.79999924 42.90000153 5.37141848
v -55.71556854 42.90000153 14.10000134
v -55.79999924 42.80970764 14.10000134
v -55.79999924 42.90000153 14.16707897
v -55.79999924 42.94922638 5.40000057
v -55.79999924 43.20000076 5.57289982
v -55.77336884 43.20000076 14.39999962
v -55.79999924 43.17486954 14.39999962
v -55.79999924 43.20000076 14.42363453
v -55.79999924 43.35581589 5.69999838
v -55.50000000 43.50000000 5.99999952
v -55.79999924 43.50000000 5.84059668
v -55.50000000 43.50000000 14.39999962
v -55.76651001 43.50000000 14.70000076
v -55.79999924 43.46860123 14.70000076
v -55.79999924 43.50000000 14.73818207
v -55.79999924 43.63840485 5.99999952
v -55.79920959 43.79999924 6.30000067
v -55.79999924 43.79999924 6.29900598
v -55.62463760 43.79999924 6.59999847
v -55.50000000 43.79999924 6.89999962
v -55.50000000 43.79999924 14.70000076
v -55.71346664 43.79999924 14.99999905
v -55.79999924 43.71009445 14.99999905
v -55.79999924 43.79999924 15.14480305
v -55.79999924 43.80049133 6.30000067
v -55.79999924 43.93203735 6.59999847
v -55.79999924 44.09999847 6.89999962
v -55.61988068 44.09999847 7.20000076
v -55.79999924 44.09999847 6.89999962
v -55.53388596 44.09999847 7.49999905
v -55.50000000 44.09999847 7.80000019
v -55.50000000 44.09999847 14.99999905
v -55.64675522 44.09999847 15.30000019
v -55.79999924 43.90180206 15.30000019
v -55.74116898 44.09999847 15.60000134
v -55.79999924 44.02928543 15.60000134
v -55.79999924 44.09999847 15.89999962
v -55.79999924 44.40000153 7.20000076
v -55.71925735 44.40000153 7.49999905
v -55.79999924 44.40000153 7.20000076
v -55.62523651 44.40000153 7.80000019
v -55.50000000 44.40000153 8.10000133
v -55.50000000 44.40000153 15.30000019
v -55.58261490 44.40000153 15.60000134
v -55.68942642 44.40000153 15.89999962
v -55.79999924 44.09999847 15.89999962
v -55.79999924 44.40000153 16.07713890
v -55.79999924 44.50778961 7.49999905
v -55.79999924 44.70000076 7.80000019
v -55.72474289 44.70000076 8.10000133
v -55.79999924 44.70000076 7.80000019
v -55.65729904 44.70000076 8.39999962
v -55.58425522 44.70000076 8.69999981
v -55.50000000 44.70000076 9.00000095
v -55.57191467 44.70000076 15.89999962
v -55.74122238 44.70000076 16.20000076
v -55.79999924 44.57741928 16.20000076
v -55.79999924 44.70000076 16.27366066
v -55.79999924 44.78815079 8.10000133
v -55.79999924 44.87833786 8.39999962
v -55.79999924 45.00000000 8.69999981
v -55.72783661 45.00000000 9.00000095
v -55.79999924 45.00000000 8.69999981
v -55.67305374 45.00000000 9.29999924
v -55.62534332 45.00000000 9.60000038
v -55.57516479 45.00000000 9.89999867
v -55.51742935 45.00000000 10.19999981
v -55.60537338 45.00000000 16.20000076
v -55.79999924 45.00000000 16.50000191
v -55.79999924 45.09869385 9.00000095
v -55.79999924 45.21857452 9.29999924
v -55.76860428 45.29999924 9.60000038
v -55.79999924 45.29999924 9.47590351
v -55.70829010 45.29999924 9.89999867
v -55.64903641 45.29999924 10.19999981
v -55.57700729 45.29999924 10.50000095
v -55.50519180 45.29999924 10.79999924
v -55.50000000 45.29999924 16.20000076
v -55.74252319 45.29999924 16.50000191
v -55.79999924 45.00000000 16.50000191
v -55.79999924 45.29999924 16.55685997
v -55.79999924 45.37117386 9.60000038
v -55.79999924 45.50619125 9.89999867
v -55.79999924 45.59999847 10.19999981
v -55.69654846 45.59999847 10.50000095
v -55.79999924 45.59999847 10.19999981
v -55.62273788 45.59999847 10.79999924
v -55.55818939 45.59999847 11.10000038
v -55.50000000 45.59999847 11.40000057
v -55.71174240 45.59999847 16.50000191
v -55.79999924 45.59999847 16.58678246
v -55.79999924 45.90000153 10.50000095
v -55.75112534 45.90000153 10.79999924
v -55.79999924 45.90000153 10.50000095
v -55.67422867 45.90000153 11.10000038
v -55.59159470 45.90000153 11.40000057
v -55.50000000 45.90000153 11.69999886
v -55.67540359 45.90000153 16.50000191
v -55.79999924 45.90000153 16.62324905
v -55.79999924 45.98494339 10.79999924
v -55.79999924 46.20000076 11.10000038
v -55.69608688 46.20000076 11.40000057
v -55.79999924 46.20000076 11.10000038
v -55.62318420 46.20000076 11.69999886
v -55.56383133 46.20000076 12.00000000
v -55.50000000 46.20000076 12.30000114
v -55.60739136 46.20000076 16.50000191
v -55.79999924 46.20000076 16.69412422
v -55.79999924 46.50000000 11.40000057
v -55.75367355 46.50000000 11.69999886
v -55.79999924 46.50000000 11.40000057
v -55.70146561 46.50000000 12.00000000
v -55.63690567 46.50000000 12.30000114
v -55.55739212 46.50000000 12.59999943
v -55.50000000 46.50000000 16.50000191
v -55.79890060 46.50000000 16.79999924
v -55.79999924 46.49707031 16.79999924
v -55.79999924 46.50000000 16.80111313
v -55.79999924 46.58367157 11.69999886
v -55.79999924 46.68570328 12.00000000
v -55.79999924 46.79999924 12.30000114
v -55.68643951 46.79999924 12.59999943
v -55.79999924 46.79999924 12.30000114
v -55.58537292 46.79999924 12.90000057
v -55.50000000 46.79999924 16.50000191
v -55.71155548 46.79999924 16.79999924
v -55.79999924 46.79999924 16.92050743
v -55.79999924 47.09999847 12.59999943
v -55.69412994 47.09999847 12.90000057
v -55.79999924 47.09999847 12.59999943
v -55.59006119 47.09999847 13.19999886
v -55.50000000 47.09999847 16.50000191
v -55.66719437 47.09999847 16.79999924
v -55.79999924 47.09999847 17.00886917
v -55.79999924 47.39796066 12.90000057
v -55.67547989 47.40000153 13.19999886
v -55.79999924 47.40000153 12.90167236
v -55.57654572 47.40000153 13.50000000
v -55.50000000 47.40000153 13.80000114
v -55.50000000 47.40000153 16.50000191
v -55.64617157 47.40000153 16.79999924
v -55.79999924 47.40000153 17.04710579
v -55.74533463 47.70000076 13.19999886
v -55.79999924 47.70000076 13.08299446
v -55.64525223 47.70000076 13.50000000
v -55.56854248 47.70000076 13.80000114
v -55.50000000 47.70000076 14.10000134
v -55.62611008 47.70000076 16.79999924
v -55.79999924 47.70000076 17.06587029
v -55.79999924 48.00000000 13.19999886
v -55.71387482 48.00000000 13.50000000
v -55.79999924 48.00000000 13.19999886
v -55.65531540 48.00000000 13.80000114
v -55.60013962 48.00000000 14.10000134
v -55.54384613 48.00000000 14.39999962
v -55.58155823 48.00000000 16.79999924
v -55.79999924 48.00000000 17.10000038
v -55.79999924 48.29999924 13.50000000
v -55.77423859 48.29999924 13.80000114
v -55.79999924 48.29999924 13.50000000
v -55.72574615 48.29999924 14.10000134
v -55.65568161 48.29999924 14.39999962
v -55.57725906 48.29999924 14.70000076
v -55.50000000 48.29999924 14.99999905
v -55.50000000 48.29999924 16.79999924
v -55.66165161 48.29999924 17.10000038
v -55.79999924 48.00000000 17.10000038
v -55.79999924 48.29999924 17.39999771
v -55.79999924 48.34460831 13.80000114
v -55.79999924 48.44459152 14.10000134
v -55.78707504 48.59999847 14.39999962
v -55.79999924 48.59999847 14.35925388
v -55.68305206 48.59999847 14.70000076
v -55.58429337 48.59999847 14.99999905
v -55.50000000 48.59999847 15.30000019
v -55.61185455 48.59999847 17.10000038
v -55.79999924 48.59999847 17.39999771
v -55.79999924 48.62790298 14.39999962
v -55.79722977 48.90000153 14.70000076
v -55.79999924 48.90000153 14.69347763
v -55.67541885 48.90000153 14.99999905
v -55.57398987 48.90000153 15.30000019
v -55.50114059 48.90000153 15.60000134
v -55.59679413 48.90000153 17.10000038
v -55.77665710 48.90000153 17.39999771
v -55.79999924 48.59999847 17.39999771
v -55.79999924 48.90000153 17.42823982
v -55.79999924 48.90749359 14.70000076
v -55.76604080 49.20000076 14.99999905
v -55.79999924 49.20000076 14.92637062
v -55.64775085 49.20000076 15.30000019
v -55.55757523 49.20000076 15.60000134
v -55.50000000 49.20000076 15.89999962
v -55.58988953 49.20000076 17.10000038
v -55.72888947 49.20000076 17.39999771
v -55.79999924 49.20000076 17.51488113
v -55.79999924 49.31890869 14.99999905
v -55.72231674 49.50000000 15.30000019
v -55.79999924 49.50000000 15.11713791
v -55.61838531 49.50000000 15.60000134
v -55.53500748 49.50000000 15.89999962
v -55.51519012 49.50000000 16.79999924
v -55.58930588 49.50000000 17.10000038
v -55.68787766 49.50000000 17.39999771
v -55.79999924 49.50000000 17.69999886
v -55.79999924 49.79999924 15.30000019
v -55.69619370 49.79999924 15.60000134
v -55.79999924 49.79999924 15.30000019
v -55.59357071 49.79999924 15.89999962
v -55.50000000 49.79999924 16.20000076
v -55.50000000 49.79999924 16.50000191
v -55.54048157 49.79999924 16.79999924
v -55.59749222 49.79999924 17.10000038
v -55.67602539 49.79999924 17.39999771
v -55.79121399 49.79999924 17.69999886
v -55.79999924 49.50000000 17.69999886
v -55.79999924 49.79999924 17.71491051
v -55.79999924 50.09999847 15.60000134
v -55.68870926 50.09999847 15.89999962
v -55.79999924 50.09999847 15.60000134
v -55.60396576 50.09999847 16.20000076
v -55.57023621 50.09999847 16.50000191
v -55.57834625 50.09999847 16.79999924
v -55.61346054 50.09999847 17.10000038
v -55.67367172 50.09999847 17.39999771
v -55.76799774 50.09999847 17.69999886
v -55.79999924 50.09999847 17.77408981
v -55.79999924 50.40000153 15.89999962
v -55.70051956 50.40000153 16.20000076
v -55.79999924 50.40000153 15.89999962
v -55.64110565 50.40000153 16.50000191
v -55.62137985 50.40000153 16.79999924
v -55.63396072 50.40000153 17.10000038
v -55.67227173 50.40000153 17.39999771
v -55.73112488 50.40000153 17.69999886
v -55.79999924 50.40000153 18.00000000
v -55.78226089 50.70000076 16.20000076
v -55.79999924 50.70000076 16.14979935
v -55.70343781 50.70000076 16.50000191
v -55.66368103 50.70000076 16.79999924
v -55.65719604 50.70000076 17.10000038
v -55.67383957 50.70000076 17.39999771
v -55.70485306 50.70000076 17.69999886
v -55.74417114 50.70000076 18.00000000
v -55.79999924 50.40000153 18.00000000
v -55.79238129 50.70000076 18.29999924
v -55.79999924 50.67996216 18.29999924
v -55.79999924 50.70000076 18.35181618
v -55.79999924 50.77656555 16.20000076
v -55.75430679 51.00000000 16.50000191
v -55.79999924 51.00000000 16.35389137
v -55.70608521 51.00000000 16.79999924
v -55.68685532 51.00000000 17.10000038
v -55.68485260 51.00000000 17.39999771
v -55.69241333 51.00000000 17.69999886
v -55.70409012 51.00000000 18.00000000
v -55.71689606 51.00000000 18.29999924
v -55.73273849 51.00000000 18.60000038
v -55.79999924 50.80062103 18.60000038
v -55.75669861 51.00000000 18.90000153
v -55.79999924 50.89986801 18.90000153
v -55.79999924 51.00000000 19.20000267
v -55.79999924 51.29999924 16.50000191
v -55.76040268 51.29999924 16.79999924
v -55.79999924 51.29999924 16.50000191
v -55.73122787 51.29999924 17.10000038
v -55.71195984 51.29999924 17.39999771
v -55.69892120 51.29999924 17.69999886
v -55.68925095 51.29999924 18.00000000
v -55.68206406 51.29999924 18.29999924
v -55.68067551 51.29999924 18.60000038
v -55.69530869 51.29999924 18.90000153
v -55.75111389 51.29999924 19.20000267
v -55.79999924 51.00000000 19.20000267
v -55.79999924 51.29999924 19.30350876
v -55.79999924 51.42911148 16.79999924
v -55.79999924 51.59999847 17.10000038
v -55.76528931 51.59999847 17.39999771
v -55.79999924 51.59999847 17.10000038
v -55.73128128 51.59999847 17.69999886
v -55.70543671 51.59999847 18.00000000
v -55.68455124 51.59999847 18.29999924
v -55.67222214 51.59999847 18.60000038
v -55.67763519 51.59999847 18.90000153
v -55.71540833 51.59999847 19.20000267
v -55.79999924 51.59999847 19.50000000
v -55.79999924 51.70755768 17.39999771
v -55.79999924 51.90000153 17.69999886
v -55.76237488 51.90000153 18.00000000
v -55.79999924 51.90000153 17.69999886
v -55.72368622 51.90000153 18.29999924
v -55.70084000 51.90000153 18.60000038
v -55.69297409 51.90000153 18.90000153
v -55.70740128 51.90000153 19.20000267
v -55.76089096 51.90000153 19.50000000
v -55.79999924 51.59999847 19.50000000
v -55.79999924 51.90000153 19.60590172
v -55.79999924 52.00022888 18.00000000
v -55.79999924 52.20000076 18.29999924
v -55.77102280 52.20000076 18.60000038
v -55.79999924 52.20000076 18.29999924
v -55.74662399 52.20000076 18.90000153
v -55.73466492 52.20000076 19.20000267
v -55.74924850 52.20000076 19.50000000
v -55.79999924 52.20000076 19.79999924
v -55.79999924 52.27141190 18.60000038
v -55.79999924 52.36470032 18.90000153
v -55.79999924 52.50000000 19.20000267
v -55.78476334 52.50000000 19.50000000
v -55.79999924 52.50000000 19.20000267
v -55.79999924 52.50000000 19.79999924
v -55.79999924 52.55718231 19.50000000
v -55.84556580 40.20000076 7.20000076
v -55.86825943 40.20000076 7.49999905
v -55.87495041 40.20000076 7.80000019
v -55.87385941 40.20000076 8.10000133
v -55.86904144 40.20000076 8.39999962
v -55.86159134 40.20000076 8.69999981
v -55.85072327 40.20000076 9.00000095
v -55.83356476 40.20000076 9.29999924
v -55.99110031 40.50000000 6.89999962
v -56.08282471 40.50000000 7.20000076
v -56.09999847 40.50000000 7.49999905
v -56.09999847 40.50000000 7.80000019
v -56.09999847 40.50000000 8.10000133
v -56.09999847 40.50000000 8.39999962
v -56.09999847 40.50000000 8.69999981
v -56.09999847 40.50000000 9.00000095
v -56.09999847 40.50000000 9.29999924
v -56.04768753 40.50000000 9.60000038
v -55.89705658 40.79999924 5.69999838
v -56.05105972 40.79999924 5.99999952
v -56.09337234 40.79999924 6.30000067
v -56.09999847 40.79999924 6.59999847
v -56.09999847 40.61060715 6.89999962
v -56.09999847 40.79999924 6.59999847
v -56.09999847 40.51836395 7.20000076
v -56.09999847 40.50000000 7.49999905
v -56.09999847 40.50000000 7.80000019
v -56.09999847 40.50000000 8.10000133
v -56.09999847 40.50000000 8.39999962
v -56.09999847 40.50000000 8.69999981
v -56.09999847 40.50000000 9.00000095
v -56.09999847 40.50000000 9.29999924
v -56.09999847 40.54388809 9.60000038
v -56.09999847 40.61936569 9.89999867
v -56.09999847 40.68149948 10.19999981
v -56.09999847 40.79999924 10.50000095
v -56.09999847 40.79999924 10.50000095
v -55.88420105 40.79999924 10.79999924
v -56.09999847 40.97186661 5.69999838
v -56.09999847 41.09999847 5.57501173
v -56.09999847 40.84128952 5.99999952
v -56.09999847 40.80556870 6.30000067
v -56.09999847 40.79999924 6.59999847
v -56.09999847 40.79999924 10.50000095
v -56.09999847 40.88774109 10.79999924
v -56.09999847 40.98466492 11.10000038
v -56.09999847 41.09999847 11.40000057
v -56.09999847 41.09999847 11.40000057
v -56.09999847 41.40000153 5.40000057
v -56.09999847 41.40000153 5.40000057
v -56.09999847 41.09999847 11.40000057
v -56.09999847 41.21351242 11.69999886
v -56.09999847 41.32353592 12.00000000
v -56.09999847 41.40000153 12.16541195
v -56.09999847 41.40000153 5.40000057
v -56.09999847 41.70000076 5.25764418
v -56.09999847 41.46963882 12.30000114
v -56.09999847 41.63892365 12.59999943
v -56.09999847 41.70000076 12.70117855
v -56.09999847 42.00000000 5.20921707
v -56.09999847 41.82766342 12.90000057
v -56.09999847 42.00000000 13.19999886
v -56.09999847 42.29999924 5.22469044
v -56.09999847 42.00000000 13.19999886
v -56.09999847 42.12943268 13.50000000
v -55.79999924 42.29999924 13.80000114
v -56.09999847 42.28440857 13.80000114
v -56.09999847 42.29999924 13.81889153
v -56.09999847 42.59999847 5.27909279
v -56.09999847 42.59999847 14.07519150
v -56.09999847 42.90000153 5.37331486
v -56.09999847 42.63305664 14.10000134
v -56.09999847 42.90000153 14.31065464
v -56.09999847 42.95369720 5.40000057
v -56.09999847 43.20000076 5.54195356
v -56.09999847 42.99943161 14.39999962
v -56.09999847 43.20000076 14.60520363
v -56.09999847 43.42628860 5.69999838
v -56.09999847 43.50000000 5.76006270
v -56.09999847 43.28298950 14.70000076
v -56.09999847 43.50000000 14.99999905
v -56.09999847 43.79999924 5.99999952
v -56.09999847 43.79999924 5.99999952
v -56.09999847 43.50000000 14.99999905
v -55.91371155 43.79999924 15.30000019
v -56.09999847 43.67353439 15.30000019
v -56.09999847 43.79999924 15.60000134
v -56.09999847 43.92920685 6.30000067
v -56.09999847 44.07631302 6.59999847
v -55.79999924 44.09999847 6.89999962
v -56.09999847 44.09999847 6.63219500
v -56.09999847 43.79999924 15.60000134
v -55.79999924 44.09999847 15.89999962
v -56.09999847 43.94350433 15.89999962
v -56.09999847 44.09999847 16.20000076
v -56.09999847 44.40000153 6.89999962
v -55.79999924 44.40000153 7.20000076
v -56.09999847 44.40000153 6.89999962
v -55.91309357 44.40000153 16.20000076
v -56.09999847 44.09999847 16.20000076
v -56.09999847 44.40000153 16.33865356
v -56.09999847 44.57601166 7.20000076
v -56.00601196 44.70000076 7.49999905
v -56.09999847 44.70000076 7.38861990
v -55.79999924 44.70000076 7.80000019
v -56.08197021 44.70000076 16.50000191
v -56.09999847 44.68021774 16.50000191
v -56.09999847 44.70000076 16.51088715
v -56.09999847 44.77691269 7.49999905
v -56.09999847 45.00000000 7.80000019
v -56.02319336 45.00000000 8.10000133
v -56.09999847 45.00000000 7.80000019
v -55.92481613 45.00000000 8.39999962
v -55.79999924 45.00000000 8.69999981
v -55.79999924 45.00000000 16.50000191
v -56.09999847 45.00000000 16.66686058
v -56.09999847 45.06121063 8.10000133
v -56.09999847 45.14347458 8.39999962
v -56.09999847 45.29999924 8.69999981
v -55.97721100 45.29999924 9.00000095
v -56.09999847 45.29999924 8.69999981
v -55.85361862 45.29999924 9.29999924
v -56.09999847 45.29999924 16.79999924
v -56.09999847 45.43452454 9.00000095
v -56.01713181 45.59999847 9.29999924
v -56.09999847 45.59999847 9.18204784
v -55.90559769 45.59999847 9.60000038
v -55.84294891 45.59999847 9.89999867
v -55.79999924 45.59999847 10.19999981
v -56.08396912 45.59999847 16.79999924
v -56.09999847 45.29999924 16.79999924
v -56.09999847 45.59999847 16.81019211
v -56.09999847 45.90000153 9.29999924
v -56.04601288 45.90000153 9.60000038
v -56.09999847 45.90000153 9.29999924
v -55.97154236 45.90000153 9.89999867
v -55.91014099 45.90000153 10.19999981
v -55.79999924 45.90000153 10.50000095
v -56.04387283 45.90000153 16.79999924
v -56.09999847 45.90000153 16.83598900
v -56.09999847 45.97521210 9.60000038
v -56.09999847 46.20000076 9.89999867
v -56.09999847 46.20000076 10.19999981
v -56.06831360 46.20000076 10.50000095
v -56.09999847 46.20000076 10.19999981
v -55.97179031 46.20000076 10.79999924
v -55.79999924 46.20000076 11.10000038
v -55.94643021 46.20000076 16.79999924
v -56.09999847 46.20000076 16.89791298
v -56.09999847 46.23076630 10.50000095
v -56.09999847 46.32017136 10.79999924
v -56.07220840 46.50000000 11.10000038
v -56.09999847 46.50000000 11.06604290
v -55.79999924 46.50000000 11.40000057
v -56.09999847 46.50000000 17.02020454
v -56.09999847 46.52691650 11.10000038
v -56.09999847 46.79999924 11.40000057
v -55.93976593 46.79999924 11.69999886
v -56.09999847 46.79999924 11.40000057
v -55.86745453 46.79999924 12.00000000
v -55.79999924 46.79999924 12.30000114
v -55.94726562 46.79999924 17.10000038
v -56.09999847 46.60492706 17.10000038
v -56.09999847 46.79999924 17.39999771
v -56.09999847 47.09999847 11.69999886
v -56.07983017 47.09999847 12.00000000
v -56.09999847 47.09999847 11.69999886
v -55.99074554 47.09999847 12.30000114
v -55.79999924 47.09999847 12.59999943
v -55.86211395 47.09999847 17.10000038
v -56.09999847 47.09999847 17.39999771
v -56.09999847 47.12138367 12.00000000
v -56.09999847 47.22275162 12.30000114
v -55.99331665 47.40000153 12.59999943
v -56.09999847 47.40000153 12.47927666
v -55.80083084 47.40000153 12.90000057
v -55.83678055 47.40000153 17.10000038
v -56.09999847 47.40000153 17.39999771
v -56.09999847 47.70000076 12.59999943
v -55.90450287 47.70000076 12.90000057
v -56.09999847 47.70000076 12.59999943
v -55.82515717 47.70000076 17.10000038
v -56.09999847 47.70000076 17.39999771
v -56.01135254 48.00000000 12.90000057
v -56.09999847 48.00000000 12.80260754
v -55.79999924 48.00000000 13.19999886
v -55.79999924 48.00000000 17.10000038
v -56.03684998 48.00000000 17.39999771
v -56.09999847 47.70000076 17.39999771
v -56.09999847 48.00000000 17.44479370
v -56.09999847 48.29999924 12.90000057
v -55.93606186 48.29999924 13.19999886
v -56.09999847 48.29999924 12.90000057
v -55.79999924 48.29999924 13.50000000
v -55.79999924 48.29999924 17.39999771
v -56.09999847 48.29999924 17.52382851
v -56.09999847 48.59999847 13.19999886
v -56.05803299 48.59999847 13.50000000
v -56.09999847 48.59999847 13.19999886
v -55.99520874 48.59999847 13.80000114
v -55.89419174 48.59999847 14.10000134
v -55.79999924 48.59999847 17.39999771
v -56.09999847 48.59999847 17.58743477
v -56.09999847 48.63980103 13.50000000
v -56.09999847 48.70659256 13.80000114
v -56.09999847 48.90000153 14.10000134
v -55.94002151 48.90000153 14.39999962
v -56.09999847 48.90000153 14.10000134
v -56.09999847 48.90000153 17.69999886
v -56.09999847 49.20000076 14.39999962
v -55.92002487 49.20000076 14.70000076
v -56.09999847 49.20000076 14.39999962
v -55.95608902 49.20000076 17.69999886
v -56.09999847 48.90000153 17.69999886
v -56.09999847 49.20000076 17.82062340
v -56.03318405 49.50000000 14.70000076
v -56.09999847 49.50000000 14.61899281
v -55.85631561 49.50000000 14.99999905
v -55.79999924 49.50000000 17.69999886
v -56.09999847 49.50000000 18.00000000
v -56.09999847 49.79999924 14.70000076
v -55.95511246 49.79999924 14.99999905
v -56.09999847 49.79999924 14.70000076
v -55.79999924 49.79999924 15.30000019
v -56.04894638 49.79999924 18.00000000
v -56.09999847 49.50000000 18.00000000
v -56.09999847 49.79999924 18.04134941
v -56.09999847 50.09999847 14.99999905
v -55.92885208 50.09999847 15.30000019
v -56.09999847 50.09999847 14.99999905
v -55.79999924 50.09999847 15.60000134
v -55.94373322 50.09999847 18.00000000
v -56.09999847 50.09999847 18.16729164
v -56.04087067 50.40000153 15.30000019
v -56.09999847 50.40000153 15.22350788
v -55.90308762 50.40000153 15.60000134
v -55.79999924 50.40000153 15.89999962
v -55.79999924 50.40000153 18.00000000
v -55.95430374 50.40000153 18.29999924
v -56.09999847 50.23616791 18.29999924
v -56.05826187 50.40000153 18.60000038
v -56.09999847 50.36281204 18.60000038
v -56.09999847 50.40000153 18.90000153
v -56.09999847 50.70000076 15.30000019
v -56.02848053 50.70000076 15.60000134
v -56.09999847 50.70000076 15.30000019
v -55.90336609 50.70000076 15.89999962
v -55.84254074 50.70000076 18.60000038
v -55.91387177 50.70000076 18.90000153
v -56.09999847 50.40000153 18.90000153
v -56.09999847 50.70000076 19.20000267
v -56.09999847 50.80607605 15.60000134
v -56.01673508 51.00000000 15.89999962
v -56.09999847 51.00000000 15.78566742
v -55.85744095 51.00000000 16.20000076
v -55.79999924 51.00000000 19.20000267
v -56.09999847 50.70000076 19.20000267
v -56.09999847 51.00000000 19.50000000
v -56.09999847 51.29999924 15.89999962
v -55.94798660 51.29999924 16.20000076
v -56.09999847 51.29999924 15.89999962
v -55.79999924 51.29999924 16.50000191
v -55.93682098 51.29999924 19.50000000
v -56.09999847 51.00000000 19.50000000
v -56.09999847 51.29999924 19.64558983
v -56.09999847 51.59999847 16.20000076
v -55.94774246 51.59999847 16.50000191
v -56.09999847 51.59999847 16.20000076
v -55.86219025 51.59999847 16.79999924
v -55.79999924 51.59999847 17.10000038
v -55.79999924 51.59999847 19.50000000
v -56.05633545 51.59999847 19.79999924
v -56.09999847 51.54121017 19.79999924
v -56.09999847 51.59999847 19.84242439
v -56.09999847 51.90000153 16.50000191
v -56.02451324 51.90000153 16.79999924
v -56.09999847 51.90000153 16.50000191
v -55.93806076 51.90000153 17.10000038
v -55.87328720 51.90000153 17.39999771
v -55.79999924 51.90000153 17.69999886
v -55.89399719 51.90000153 19.79999924
v -56.09999847 51.90000153 20.10000038
v -56.09999847 51.99261093 16.79999924
v -56.09999847 52.20000076 17.10000038
v -56.06967163 52.20000076 17.39999771
v -56.09999847 52.20000076 17.10000038
v -55.99556732 52.20000076 17.69999886
v -55.89284897 52.20000076 18.00000000
v -55.79999924 52.20000076 18.29999924
v -55.79999924 52.20000076 19.79999924
v -55.98899078 52.20000076 20.10000038
v -56.09999847 51.90000153 20.10000038
v -56.09999847 52.20000076 20.22377396
v -56.09999847 52.23106384 17.39999771
v -56.09999847 52.31132126 17.69999886
v -56.09999847 52.50000000 18.00000000
v -56.00224304 52.50000000 18.29999924
v -56.09999847 52.50000000 18.00000000
v -55.91226959 52.50000000 18.60000038
v -55.85374069 52.50000000 18.90000153
v -55.79999924 52.50000000 19.20000267
v -55.79999924 52.50000000 19.79999924
v -55.93508911 52.50000000 20.10000038
v -56.09999847 52.50000000 20.39999962
v -56.09999847 52.60435104 18.29999924
v -56.09999847 52.79999924 18.60000038
v -56.06129837 52.79999924 18.90000153
v -56.09999847 52.79999924 18.60000038
v -55.96688080 52.79999924 19.20000267
v -55.87883759 52.79999924 19.50000000
v -55.86825180 52.79999924 19.79999924
v -55.97048187 52.79999924 20.10000038
v -56.09999847 52.79999924 20.26488495
v -56.09999847 52.83670425 18.90000153
v -56.09999847 52.96556854 19.20000267
v -55.99448013 53.09999847 19.50000000
v -56.09999847 53.09999847 19.33757973
v -55.94380951 53.09999847 19.79999924
v -56.02934265 53.09999847 20.10000038
v -56.09999847 53.09999847 20.18275642
v -56.09999847 53.40000153 19.50000000
v -56.07629776 53.40000153 19.79999924
v -56.09999847 53.40000153 19.50000000
v -56.09999847 53.40000153 20.10000038
v -56.09999847 53.40000153 20.10000038
v -56.09999847 53.42540359 19.79999924
v -56.40000153 40.79999924 6.89999962
v -56.40000153 40.79208755 7.20000076
v -56.40000153 40.79999924 6.89999962
v -56.40000153 40.78950119 7.49999905
v -56.40000153 40.78849792 7.80000019
v -56.40000153 40.78892517 8.10000133
v -56.40000153 40.78947830 8.39999962
v -56.40000153 40.78981781 8.69999981
v -56.40000153 40.79071808 9.00000095
v -56.40000153 40.79404068 9.29999924
v -56.40000153 40.79999924 9.60000038
v -56.40000153 40.79999924 9.60000038
v -56.40000153 40.79999924 9.89999867
v -56.40000153 40.79999924 10.19999981
v -56.40000153 41.09999847 5.69999838
v -56.40000153 41.06124496 5.99999952
v -56.40000153 41.09999847 5.69999838
v -56.40000153 41.01966476 6.30000067
v -56.40000153 40.94915390 6.59999847
v -56.40000153 40.79999924 6.89999962
v -56.40000153 40.79999924 9.60000038
v -56.40000153 40.79999924 9.89999867
v -56.40000153 40.79999924 10.19999981
v -56.40000153 40.95966339 10.50000095
v -56.40000153 41.04776382 10.79999924
v -56.40000153 41.09999847 11.10000038
v -56.40000153 41.09999847 11.10000038
v -56.40000153 41.09999847 5.69999838
v -56.40000153 41.40000153 5.56587124
v -56.40000153 41.09999847 11.10000038
v -56.40000153 41.23596191 11.40000057
v -56.40000153 41.33060074 11.69999886
v -56.40000153 41.40000153 12.00000000
v -56.40000153 41.40000153 12.00000000
v -56.40000153 41.70000076 5.40000057
v -56.40000153 41.70000076 5.40000057
v -56.40000153 41.40000153 12.00000000
v -56.40000153 41.56689072 12.30000114
v -56.40000153 41.70000076 12.59999943
v -56.40000153 41.70000076 12.59999943
v -56.40000153 41.70000076 5.40000057
v -56.40000153 42.00000000 5.34116459
v -56.40000153 41.70000076 12.59999943
v -56.40000153 41.87362671 12.90000057
v -56.40000153 42.00000000 13.17080021
v -56.40000153 42.29999924 5.32566976
v -56.40000153 42.01345444 13.19999886
v -56.40000153 42.13505173 13.50000000
v -56.40000153 42.28430176 13.80000114
v -56.40000153 42.29999924 13.81976509
v -56.40000153 42.59999847 5.34775257
v -56.40000153 42.59999847 14.09532833
v -56.40000153 42.90000153 5.40000057
v -56.40000153 42.90000153 5.40000057
v -56.40000153 42.90000153 5.40000057
v -56.40000153 42.60556793 14.10000134
v -56.40000153 42.90000153 14.36078072
v -56.40000153 43.20000076 5.57254887
v -56.40000153 42.93836212 14.39999962
v -56.40000153 43.20000076 14.70000076
v -56.40000153 43.40139008 5.69999838
v -56.40000153 43.50000000 5.77164459
v -56.40000153 43.20000076 14.70000076
v -56.09999847 43.50000000 14.99999905
v -56.40000153 43.39754486 14.99999905
v -56.40000153 43.50000000 15.18585968
v -56.40000153 43.79999924 5.99999952
v -56.40000153 43.79999924 5.99999952
v -56.40000153 43.56096649 15.30000019
v -56.09999847 43.79999924 15.60000134
v -56.40000153 43.70274353 15.60000134
v -56.40000153 43.79999924 15.80307102
v -56.40000153 44.01707077 6.30000067
v -56.40000153 44.09999847 6.59999847
v -56.40000153 44.09999847 6.59999847
v -56.40000153 43.85166550 15.89999962
v -56.09999847 44.09999847 16.20000076
v -56.40000153 44.05424881 16.20000076
v -56.40000153 44.09999847 16.24568176
v -56.09999847 44.40000153 6.89999962
v -56.40000153 44.40000153 6.78143501
v -56.40000153 44.40000153 16.44816971
v -56.40000153 44.49214935 6.89999962
v -56.40000153 44.70000076 7.20000076
v -56.40000153 44.70000076 7.20000076
v -56.40000153 44.48420334 16.50000191
v -56.40000153 44.70000076 16.62822723
v -56.40000153 44.96039963 7.49999905
v -56.09999847 45.00000000 7.80000019
v -56.40000153 45.00000000 7.55655336
v -56.40000153 45.00000000 16.78326035
v -56.40000153 45.14772797 7.80000019
v -56.40000153 45.25036240 8.10000133
v -56.40000153 45.29999924 8.39999962
v -56.09999847 45.29999924 8.69999981
v -56.40000153 45.29999924 8.39999962
v -56.09999847 45.29999924 16.79999924
v -56.40000153 45.04305267 16.79999924
v -56.40000153 45.29999924 16.89175606
v -56.40000153 45.49948120 8.69999981
v -56.40000153 45.59999847 9.00000095
v -56.40000153 45.59999847 9.00000095
v -56.40000153 45.59999847 16.94640350
v -56.09999847 45.90000153 9.29999924
v -56.40000153 45.90000153 9.11112785
v -56.40000153 45.90000153 16.98895645
v -56.40000153 46.07355881 9.29999924
v -56.40000153 46.20000076 9.60000038
v -56.09999847 46.20000076 9.89999867
v -56.40000153 46.20000076 9.60000038
v -56.09999847 46.20000076 10.19999981
v -56.40000153 46.20000076 17.05829811
v -56.40000153 46.37106323 9.89999867
v -56.40000153 46.44888306 10.19999981
v -56.40000153 46.48244476 10.50000095
v -56.40000153 46.50000000 10.79999924
v -56.40000153 46.50000000 10.79999924
v -56.40000153 46.50000000 17.10000038
v -56.40000153 46.79999924 11.10000038
v -56.09999847 46.79999924 11.40000057
v -56.40000153 46.79999924 11.10000038
v -56.40000153 46.50000000 17.10000038
v -56.09999847 46.79999924 17.39999771
v -56.40000153 46.70940018 17.39999771
v -56.40000153 46.79999924 17.45348930
v -56.40000153 47.09999847 11.40000057
v -56.09999847 47.09999847 11.69999886
v -56.40000153 47.09999847 11.40000057
v -56.09999847 47.09999847 17.39999771
v -56.40000153 47.09999847 17.53373528
v -56.40000153 47.29772186 11.69999886
v -56.40000153 47.37821579 12.00000000
v -56.40000153 47.40000153 12.30000114
v -56.40000153 47.40000153 12.30000114
v -56.09999847 47.40000153 17.39999771
v -56.40000153 47.40000153 17.55928421
v -56.09999847 47.70000076 12.59999943
v -56.40000153 47.70000076 12.38189602
v -56.09999847 47.70000076 17.39999771
v -56.40000153 47.70000076 17.57609749
v -56.40000153 48.00000000 12.59999943
v -56.40000153 48.00000000 12.59999943
v -56.40000153 48.00000000 17.61037827
v -56.09999847 48.29999924 12.90000057
v -56.40000153 48.29999924 12.70763493
v -56.40000153 48.29999924 17.65535545
v -56.40000153 48.56603241 12.90000057
v -56.09999847 48.59999847 13.19999886
v -56.40000153 48.59999847 12.93527508
v -56.40000153 48.59999847 17.69999886
v -56.40000153 48.77901459 13.19999886
v -56.40000153 48.86565399 13.50000000
v -56.40000153 48.90000153 13.80000114
v -56.09999847 48.90000153 14.10000134
v -56.40000153 48.90000153 13.80000114
v -56.09999847 48.90000153 17.69999886
v -56.40000153 48.59999847 17.69999886
v -56.40000153 48.90000153 17.84618568
v -56.40000153 49.19872665 14.10000134
v -56.09999847 49.20000076 14.39999962
v -56.40000153 49.20000076 14.10129166
v -56.40000153 49.20000076 17.98287964
v -56.40000153 49.50000000 14.39999962
v -56.40000153 49.50000000 14.39999962
v -56.09999847 49.50000000 18.00000000
v -56.40000153 49.24179077 18.00000000
v -56.40000153 49.50000000 18.09596252
v -56.09999847 49.79999924 14.70000076
v -56.40000153 49.79999924 14.51462078
v -56.40000153 49.79999924 18.17648125
v -56.40000153 50.09725189 14.70000076
v -56.09999847 50.09999847 14.99999905
v -56.40000153 50.09999847 14.70215321
v -56.40000153 50.09999847 18.29999924
v -56.40000153 50.40000153 14.99999905
v -56.40000153 50.40000153 14.99999905
v -56.40000153 50.09999847 18.29999924
v -56.40000153 50.22637939 18.60000038
v -56.09999847 50.40000153 18.90000153
v -56.40000153 50.33139038 18.90000153
v -56.40000153 50.40000153 19.01441002
v -56.09999847 50.70000076 15.30000019
v -56.40000153 50.70000076 15.14579105
v -56.09999847 50.70000076 19.20000267
v -56.40000153 50.53337479 19.20000267
v -56.40000153 50.70000076 19.38353920
v -56.40000153 50.86663818 15.30000019
v -56.40000153 51.00000000 15.60000134
v -56.40000153 51.00000000 15.60000134
v -56.09999847 51.00000000 19.50000000
v -56.40000153 50.82462692 19.50000000
v -56.40000153 51.00000000 19.63471222
v -56.09999847 51.29999924 15.89999962
v -56.40000153 51.29999924 15.68963623
v -56.40000153 51.29999924 19.79999924
v -56.40000153 51.59999847 15.89999962
v -56.09999847 51.59999847 16.20000076
v -56.40000153 51.59999847 15.89999962
v -56.40000153 51.29999924 19.79999924
v -56.40000153 51.59999847 20.04551506
v -56.40000153 51.88606644 16.20000076
v -56.09999847 51.90000153 16.50000191
v -56.40000153 51.90000153 16.21717834
v -56.09999847 51.90000153 20.10000038
v -56.40000153 51.67188263 20.10000038
v -56.40000153 51.90000153 20.26487160
v -56.40000153 52.08403778 16.50000191
v -56.40000153 52.20000076 16.79999924
v -56.09999847 52.20000076 17.10000038
v -56.40000153 52.20000076 16.79999924
v -56.40000153 52.20000076 20.39999962
v -56.40000153 52.38080597 17.10000038
v -56.40000153 52.45977402 17.39999771
v -56.40000153 52.50000000 17.69999886
v -56.09999847 52.50000000 18.00000000
v -56.40000153 52.50000000 17.69999886
v -56.09999847 52.50000000 20.39999962
v -56.40000153 52.20000076 20.39999962
v -56.40000153 52.50000000 20.48066330
v -56.40000153 52.68363190 18.00000000
v -56.40000153 52.79999924 18.29999924
v -56.09999847 52.79999924 18.60000038
v -56.40000153 52.79999924 18.29999924
v -56.40000153 52.79999924 20.39999962
v -56.40000153 52.79999924 20.39999962
v -56.40000153 52.92097855 18.60000038
v -56.40000153 52.99007416 18.90000153
v -56.40000153 53.09999847 19.20000267
v -56.40000153 53.09999847 19.20000267
v -56.40000153 53.09999847 20.34326744
v -56.09999847 53.40000153 19.50000000
v -56.40000153 53.40000153 19.34696770
v -56.09999847 53.40000153 20.10000038
v -56.40000153 53.40000153 20.20286369
v -56.40000153 53.53141403 19.50000000
v -56.40000153 53.59510422 19.79999924
v -56.40000153 53.49856949 20.10000038
v -56.40832138 40.79999924 7.20000076
v -56.41094971 40.79999924 7.49999905
v -56.41211319 40.79999924 7.80000019
v -56.41173553 40.79999924 8.10000133
v -56.41113281 40.79999924 8.39999962
v -56.41068268 40.79999924 8.69999981
v -56.40961075 40.79999924 9.00000095
v -56.40613937 40.79999924 9.29999924
v -56.44211578 41.09999847 5.99999952
v -56.49673462 41.09999847 6.30000067
v -56.57991028 41.09999847 6.59999847
v -56.66031647 41.09999847 6.89999962
v -56.70000076 41.09999847 7.20000076
v -56.70000076 41.08340454 7.49999905
v -56.70000076 41.09999847 7.20000076
v -56.70000076 41.07740021 7.80000019
v -56.70000076 41.07656097 8.10000133
v -56.70000076 41.07821655 8.39999962
v -56.70000076 41.08082581 8.69999981
v -56.70000076 41.08510208 9.00000095
v -56.70000076 41.09252167 9.29999924
v -56.70000076 41.09999847 9.60000038
v -56.70000076 41.09999847 9.60000038
v -56.67433167 41.09999847 9.89999867
v -56.63326645 41.09999847 10.19999981
v -56.55394745 41.09999847 10.50000095
v -56.46652985 41.09999847 10.79999924
v -56.53718185 41.40000153 5.69999838
v -56.70000076 41.40000153 5.99999952
v -56.70000076 41.28860474 6.30000067
v -56.70000076 41.40000153 5.99999952
v -56.70000076 41.20970535 6.59999847
v -56.70000076 41.14092255 6.89999962
v -56.70000076 41.09999847 7.20000076
v -56.70000076 41.09999847 9.60000038
v -56.70000076 41.13056564 9.89999867
v -56.70000076 41.18044662 10.19999981
v -56.70000076 41.25317001 10.50000095
v -56.70000076 41.32393646 10.79999924
v -56.70000076 41.39427185 11.10000038
v -56.61332321 41.40000153 11.40000057
v -56.70000076 41.40000153 11.12094402
v -56.50463486 41.40000153 11.69999886
v -56.70000076 41.63183594 5.69999838
v -56.70000076 41.70000076 5.65154362
v -56.70000076 41.40000153 5.99999952
v -56.70000076 41.47632980 11.40000057
v -56.70000076 41.55470276 11.69999886
v -56.70000076 41.64053345 12.00000000
v -56.62307739 41.70000076 12.30000114
v -56.70000076 41.70000076 12.16318321
v -56.51103592 42.00000000 5.40000057
v -56.70000076 42.00000000 5.51272774
v -56.70000076 41.75123978 12.30000114
v -56.70000076 41.87580490 12.59999943
v -56.70000076 42.00000000 12.90000057
v -56.70000076 42.00000000 12.90000057
v -56.56375885 42.29999924 5.40000057
v -56.70000076 42.29999924 5.46820784
v -56.70000076 42.00000000 12.90000057
v -56.70000076 42.11899567 13.19999886
v -56.70000076 42.22817993 13.50000000
v -56.70000076 42.29999924 13.80000114
v -56.70000076 42.29999924 13.80000114
v -56.52825165 42.59999847 5.40000057
v -56.70000076 42.59999847 5.47867489
v -56.70000076 42.29999924 13.80000114
v -56.70000076 42.59999847 14.00243092
v -56.70000076 42.90000153 5.53967524
v -56.70000076 42.69623947 14.10000134
v -56.70000076 42.90000153 14.31604195
v -56.70000076 43.20000076 5.66615486
v -56.70000076 42.96619034 14.39999962
v -56.40000153 43.20000076 14.70000076
v -56.70000076 43.18605804 14.70000076
v -56.70000076 43.20000076 14.72143459
v -56.70000076 43.26136398 5.69999838
v -56.70000076 43.50000000 5.85140276
v -56.70000076 43.36566544 14.99999905
v -56.70000076 43.50000000 15.26311493
v -56.70000076 43.71352386 5.99999952
v -56.70000076 43.79999924 6.08073664
v -56.70000076 43.51830292 15.30000019
v -56.70000076 43.65821075 15.60000134
v -56.70000076 43.79999924 15.89999962
v -56.67359161 44.09999847 6.30000067
v -56.70000076 44.09999847 6.29201460
v -56.40000153 44.09999847 6.59999847
v -56.70000076 43.79999924 15.89999962
v -56.70000076 43.99323654 16.20000076
v -56.70000076 44.09999847 16.32050133
v -56.70000076 44.40000153 6.30000067
v -56.70000076 44.40000153 6.59999847
v -56.70000076 44.40000153 6.59999847
v -56.70000076 44.40000153 16.50000191
v -56.70000076 44.60617065 6.89999962
v -56.40000153 44.70000076 7.20000076
v -56.70000076 44.70000076 6.99429846
v -56.70000076 44.40000153 16.50000191
v -56.70000076 44.70000076 16.71247292
v -56.70000076 44.87129974 7.20000076
v -56.47330856 45.00000000 7.49999905
v -56.70000076 45.00000000 7.34886837
v -56.45793533 45.00000000 16.79999924
v -56.70000076 44.86359787 16.79999924
v -56.70000076 45.00000000 16.87042999
v -56.70000076 45.11667633 7.49999905
v -56.66083145 45.29999924 7.80000019
v -56.70000076 45.29999924 7.76381969
v -56.47156143 45.29999924 8.10000133
v -56.40000153 45.29999924 8.39999962
v -56.70000076 45.29999924 16.99323082
v -56.70000076 45.32620621 7.80000019
v -56.70000076 45.50002670 8.10000133
v -56.70000076 45.59999847 8.39999962
v -56.49889374 45.59999847 8.69999981
v -56.70000076 45.59999847 8.39999962
v -56.40000153 45.59999847 9.00000095
v -56.70000076 45.59999847 17.08288002
v -56.70000076 45.90000153 8.69999981
v -56.49618149 45.90000153 9.00000095
v -56.70000076 45.90000153 8.69999981
v -56.70000076 45.90000153 17.10000038
v -56.70000076 46.20000076 9.00000095
v -56.53776550 46.20000076 9.29999924
v -56.70000076 46.20000076 9.00000095
v -56.40000153 46.20000076 9.60000038
v -56.45865250 46.20000076 17.10000038
v -56.70000076 45.90000153 17.10000038
v -56.70000076 46.20000076 17.39999771
v -56.70000076 46.32800293 9.29999924
v -56.70000076 46.46840286 9.60000038
v -56.57116318 46.50000000 9.89999867
v -56.70000076 46.50000000 9.66913128
v -56.46235657 46.50000000 10.19999981
v -56.41894531 46.50000000 10.50000095
v -56.40000153 46.50000000 10.79999924
v -56.40000153 46.50000000 17.10000038
v -56.60653687 46.50000000 17.39999771
v -56.70000076 46.20000076 17.39999771
v -56.70000076 46.50000000 17.46256638
v -56.70000076 46.59955978 9.89999867
v -56.70000076 46.70361328 10.19999981
v -56.70000076 46.79986572 10.50000095
v -56.58174896 46.79999924 10.79999924
v -56.70000076 46.79999924 10.50031185
v -56.40000153 46.79999924 11.10000038
v -56.70000076 46.79999924 17.56358147
v -56.70000076 46.96080017 10.79999924
v -56.62349319 47.09999847 11.10000038
v -56.70000076 47.09999847 10.97809505
v -56.40000153 47.09999847 11.40000057
v -56.70000076 47.09999847 17.63670540
v -56.70000076 47.20014572 11.10000038
v -56.70000076 47.40000153 11.40000057
v -56.50117874 47.40000153 11.69999886
v -56.70000076 47.40000153 11.40000057
v -56.41905212 47.40000153 12.00000000
v -56.40000153 47.40000153 12.30000114
v -56.70000076 47.40000153 17.67566299
v -56.70000076 47.70000076 11.69999886
v -56.59126663 47.70000076 12.00000000
v -56.70000076 47.70000076 11.69999886
v -56.46262360 47.70000076 12.30000114
v -56.70000076 47.70000076 17.69999886
v -56.70000076 47.92447662 12.00000000
v -56.58922195 48.00000000 12.30000114
v -56.70000076 48.00000000 12.08058929
v -56.40000153 48.00000000 12.59999943
v -56.59024429 48.00000000 17.69999886
v -56.70000076 47.70000076 17.69999886
v -56.70000076 48.00000000 17.74999428
v -56.70000076 48.20367432 12.30000114
v -56.51931000 48.29999924 12.59999943
v -56.70000076 48.29999924 12.37895298
v -56.48839188 48.29999924 17.69999886
v -56.70000076 48.29999924 17.80875206
v -56.70000076 48.54919815 12.59999943
v -56.43271255 48.59999847 12.90000057
v -56.70000076 48.59999847 12.64262009
v -56.40000153 48.59999847 17.69999886
v -56.70000076 48.59999847 17.88965988
v -56.70000076 48.85221100 12.90000057
v -56.54296875 48.90000153 13.19999886
v -56.70000076 48.90000153 12.96523666
v -56.43722153 48.90000153 13.50000000
v -56.40000153 48.90000153 13.80000114
v -56.70000076 48.90000153 18.00000000
v -56.70000076 49.05892563 13.19999886
v -56.68891525 49.20000076 13.50000000
v -56.70000076 49.20000076 13.47314739
v -56.58017349 49.20000076 13.80000114
v -56.40110397 49.20000076 14.10000134
v -56.43578720 49.20000076 18.00000000
v -56.70000076 48.90000153 18.00000000
v -56.70000076 49.20000076 18.12405396
v -56.70000076 49.21661377 13.50000000
v -56.70000076 49.37724686 13.80000114
v -56.70000076 49.50000000 14.10000134
v -56.40000153 49.50000000 14.39999962
v -56.70000076 49.50000000 14.10000134
v -56.70000076 49.50000000 18.22270584
v -56.53241348 49.79999924 14.39999962
v -56.70000076 49.79999924 14.21481037
v -56.70000076 49.79999924 18.29999924
v -56.70000076 50.09999847 14.39999962
v -56.40205765 50.09999847 14.70000076
v -56.70000076 50.09999847 14.39999962
v -56.40000153 50.09999847 18.29999924
v -56.70000076 49.79999924 18.29999924
v -56.70000076 50.09999847 18.60000038
v -56.62429810 50.40000153 14.70000076
v -56.70000076 50.40000153 14.60954094
v -56.40000153 50.40000153 14.99999905
v -56.70000076 50.09999847 18.60000038
v -56.70000076 50.21678543 18.90000153
v -56.70000076 50.40000153 19.20000267
v -56.70000076 50.51737976 14.70000076
v -56.54907990 50.70000076 14.99999905
v -56.70000076 50.70000076 14.83778858
v -56.70000076 50.40000153 19.20000267
v -56.60454559 50.70000076 19.50000000
v -56.70000076 50.64620972 19.50000000
v -56.70000076 50.70000076 19.55158043
v -56.70000076 50.91319275 14.99999905
v -56.51697922 51.00000000 15.30000019
v -56.70000076 51.00000000 15.07120800
v -56.40000153 51.00000000 15.60000134
v -56.70000076 51.00000000 19.79999924
v -56.70000076 51.29999924 15.30000019
v -56.48870850 51.29999924 15.60000134
v -56.70000076 51.29999924 15.30000019
v -56.40000153 51.29999924 19.79999924
v -56.70000076 51.00000000 19.79999924
v -56.70000076 51.29999924 19.97870064
v -56.70000076 51.59965515 15.60000134
v -56.40000153 51.59999847 15.89999962
v -56.70000076 51.59999847 15.60029411
v -56.49921036 51.59999847 20.10000038
v -56.70000076 51.46646881 20.10000038
v -56.70000076 51.59999847 20.21490860
v -56.70000076 51.88198471 15.89999962
v -56.41617966 51.90000153 16.20000076
v -56.70000076 51.90000153 15.92039204
v -56.62417603 51.90000153 20.39999962
v -56.70000076 51.83624649 20.39999962
v -56.70000076 51.90000153 20.45475769
v -56.70000076 52.11153030 16.20000076
v -56.55884171 52.20000076 16.50000191
v -56.70000076 52.20000076 16.33294296
v -56.40000153 52.20000076 16.79999924
v -56.40000153 52.20000076 20.39999962
v -56.70000076 52.20000076 20.61035919
v -56.70000076 52.30662537 16.50000191
v -56.70000076 52.50000000 16.79999924
v -56.55685806 52.50000000 17.10000038
v -56.70000076 52.50000000 16.79999924
v -56.45293808 52.50000000 17.39999771
v -56.40000153 52.50000000 17.69999886
v -56.70000076 52.50000000 20.60518265
v -56.70000076 52.60533905 17.10000038
v -56.70000076 52.70000839 17.39999771
v -56.70000076 52.79524612 17.69999886
v -56.55894470 52.79999924 18.00000000
v -56.70000076 52.79999924 17.71250916
v -56.40000153 52.79999924 18.29999924
v -56.40000153 52.79999924 20.39999962
v -56.70000076 52.79999924 20.51551819
v -56.70000076 52.90750122 18.00000000
v -56.70000076 53.03097153 18.29999924
v -56.70000076 53.09888458 18.60000038
v -56.70000076 53.09999847 18.90000153
v -56.40000153 53.09999847 19.20000267
v -56.70000076 53.09999847 18.90000153
v -56.70000076 53.09999847 20.39999962
v -56.70000076 53.09999847 20.39999962
v -56.59436035 53.40000153 19.20000267
v -56.70000076 53.40000153 19.09979630
v -56.70000076 53.40000153 20.29488182
v -56.70000076 53.49062347 19.20000267
v -56.70000076 53.70000076 19.50000000
v -56.67530441 53.70000076 19.79999924
v -56.70000076 53.70000076 19.50000000
v -56.70000076 53.59829712 20.10000038
v -56.70000076 53.70000076 19.83057213
v -56.70000076 53.70845795 19.79999924
v -56.71626282 41.09999847 7.49999905
v -56.72283936 41.09999847 7.80000019
v -56.72385025 41.09999847 8.10000133
v -56.72198486 41.09999847 8.39999962
v -56.71915436 41.09999847 8.69999981
v -56.71464157 41.09999847 9.00000095
v -56.70699310 41.09999847 9.29999924
v -56.80167770 41.40000153 6.30000067
v -56.87478638 41.40000153 6.59999847
v -56.92995453 41.40000153 6.89999962
v -56.97102356 41.40000153 7.20000076
v -57.00000000 41.40000153 7.49999905
v -57.00000000 41.38264847 7.80000019
v -57.00000000 41.40000153 7.49999905
v -57.00000000 41.38460159 8.10000133
v -57.00000000 41.39424515 8.39999962
v -57.00000000 41.40000153 8.69999981
v -57.00000000 41.40000153 9.00000095
v -56.96760178 41.40000153 9.29999924
v -56.93861389 41.40000153 9.60000038
v -56.90650558 41.40000153 9.89999867
v -56.86653900 41.40000153 10.19999981
v -56.81845474 41.40000153 10.50000095
v -56.76519012 41.40000153 10.79999924
v -56.70517731 41.40000153 11.10000038
v -56.74919891 41.70000076 5.69999838
v -56.94002914 41.70000076 5.99999952
v -57.00000000 41.64113235 6.30000067
v -57.00000000 41.70000076 6.16195774
v -57.00000000 41.55102158 6.59999847
v -57.00000000 41.48291397 6.89999962
v -57.00000000 41.43331146 7.20000076
v -57.00000000 41.40000153 7.49999905
v -57.00000000 41.40000153 8.69999981
v -57.00000000 41.40000153 9.00000095
v -57.00000000 41.44097519 9.29999924
v -57.00000000 41.48017120 9.60000038
v -57.00000000 41.52436066 9.89999867
v -57.00000000 41.57814789 10.19999981
v -57.00000000 41.64183044 10.50000095
v -56.99507904 41.70000076 10.79999924
v -57.00000000 41.70000076 10.76915359
v -56.94926453 41.70000076 11.10000038
v -56.90163040 41.70000076 11.40000057
v -56.84475708 41.70000076 11.69999886
v -56.76525116 41.70000076 12.00000000
v -57.00000000 42.00000000 5.69999838
v -57.00000000 41.78076935 5.99999952
v -57.00000000 42.00000000 5.69999838
v -57.00000000 41.70693207 10.79999924
v -57.00000000 41.76824188 11.10000038
v -57.00000000 41.82252121 11.40000057
v -57.00000000 41.87454605 11.69999886
v -57.00000000 41.93055344 12.00000000
v -57.00000000 42.00000000 12.30000114
v -57.00000000 42.00000000 12.30000114
v -56.86229706 42.00000000 12.59999943
v -57.00000000 42.00000000 5.69999838
v -57.00000000 42.29999924 5.66394138
v -57.00000000 42.00000000 12.30000114
v -57.00000000 42.12509155 12.59999943
v -57.00000000 42.23395538 12.90000057
v -57.00000000 42.29999924 13.19999886
v -57.00000000 42.29999924 13.19999886
v -56.79594803 42.29999924 13.50000000
v -57.00000000 42.59999847 5.66667843
v -57.00000000 42.29999924 13.19999886
v -57.00000000 42.59999847 13.50000000
v -57.00000000 42.59999847 13.50000000
v -56.89535141 42.59999847 13.80000114
v -57.00000000 42.90000153 5.69999838
v -57.00000000 42.90000153 5.69999838
v -57.00000000 42.90000153 5.69999838
v -57.00000000 42.59999847 13.50000000
v -57.00000000 42.70278931 13.80000114
v -57.00000000 42.87691498 14.10000134
v -57.00000000 42.90000153 14.13357162
v -56.77313995 43.20000076 5.69999838
v -57.00000000 43.20000076 5.81540108
v -57.00000000 43.05963135 14.39999962
v -56.77732086 43.20000076 14.70000076
v -57.00000000 43.20000076 14.63214111
v -57.00000000 43.50000000 5.97556448
v -57.00000000 43.23787308 14.70000076
v -57.00000000 43.39410400 14.99999905
v -57.00000000 43.50000000 15.22947788
v -57.00000000 43.54028320 5.99999952
v -57.00000000 43.79999924 6.18934488
v -57.00000000 43.53154373 15.30000019
v -57.00000000 43.65822983 15.60000134
v -56.70000076 43.79999924 15.89999962
v -57.00000000 43.78336334 15.89999962
v -57.00000000 43.79999924 15.93562794
v -56.71692657 44.09999847 6.30000067
v -57.00000000 43.93729782 6.30000067
v -57.00000000 44.09999847 6.59999847
v -57.00000000 44.09999847 6.59999847
v -57.00000000 44.09999847 6.59999847
v -57.00000000 43.94017792 16.20000076
v -57.00000000 44.09999847 16.50000191
v -57.00000000 44.40000153 6.69791460
v -56.70000076 44.40000153 16.50000191
v -57.00000000 44.09999847 16.50000191
v -57.00000000 44.40000153 16.62280273
v -57.00000000 44.70000076 6.89999962
v -57.00000000 44.70000076 6.89999962
v -57.00000000 44.70000076 16.78400230
v -57.00000000 45.00000000 7.20000076
v -57.00000000 45.00000000 7.20000076
v -57.00000000 44.72838974 16.79999924
v -57.00000000 45.00000000 16.95568848
v -57.00000000 45.23717499 7.49999905
v -57.00000000 45.29999924 7.57580710
v -57.00000000 45.29999924 17.10000038
v -57.00000000 45.50606155 7.80000019
v -56.80375671 45.59999847 8.10000133
v -57.00000000 45.59999847 7.89883041
v -56.70000076 45.59999847 8.39999962
v -56.72628784 45.59999847 17.10000038
v -57.00000000 45.29999924 17.10000038
v -57.00000000 45.59999847 17.39999771
v -57.00000000 45.90000153 8.10000133
v -56.89634323 45.90000153 8.39999962
v -57.00000000 45.90000153 8.10000133
v -56.70000076 45.90000153 8.69999981
v -56.70000076 45.90000153 17.10000038
v -56.93193817 45.90000153 17.39999771
v -57.00000000 45.59999847 17.39999771
v -57.00000000 45.90000153 17.44888496
v -57.00000000 45.98662567 8.39999962
v -57.00000000 46.15774155 8.69999981
v -56.70000076 46.20000076 9.00000095
v -57.00000000 46.20000076 8.75971031
v -56.70000076 46.20000076 17.39999771
v -57.00000000 46.20000076 17.53740692
v -57.00000000 46.34726334 9.00000095
v -56.96840668 46.50000000 9.29999924
v -57.00000000 46.50000000 9.26716232
v -56.74146271 46.50000000 9.60000038
v -57.00000000 46.50000000 17.61784554
v -57.00000000 46.51848221 9.29999924
v -57.00000000 46.68341827 9.60000038
v -56.94437408 46.79999924 9.89999867
v -57.00000000 46.79999924 9.81643200
v -56.80678177 46.79999924 10.19999981
v -56.70013046 46.79999924 10.50000095
v -57.00000000 46.79999924 17.69999886
v -57.00000000 46.84712601 9.89999867
v -57.00000000 46.97877502 10.19999981
v -57.00000000 47.09999847 10.50000095
v -56.80800629 47.09999847 10.79999924
v -57.00000000 47.09999847 10.50000095
v -56.87395477 47.09999847 17.69999886
v -57.00000000 46.79999924 17.69999886
v -57.00000000 47.09999847 17.74361801
v -57.00000000 47.35711670 10.79999924
v -56.83590317 47.40000153 11.10000038
v -57.00000000 47.40000153 10.84570694
v -56.70000076 47.40000153 11.40000057
v -56.76638794 47.40000153 17.69999886
v -57.00000000 47.40000153 17.78418159
v -57.00000000 47.70000076 11.10000038
v -56.85192871 47.70000076 11.40000057
v -57.00000000 47.70000076 11.10000038
v -56.70000076 47.70000076 11.69999886
v -56.70000076 47.70000076 17.69999886
v -57.00000000 47.70000076 17.82716560
v -57.00000000 47.95667267 11.40000057
v -56.86338043 48.00000000 11.69999886
v -57.00000000 48.00000000 11.44438553
v -56.73731995 48.00000000 12.00000000
v -57.00000000 48.00000000 17.88401985
v -57.00000000 48.29999924 11.69999886
v -56.90221786 48.29999924 12.00000000
v -57.00000000 48.29999924 11.69999886
v -56.75567627 48.29999924 12.30000114
v -57.00000000 48.29999924 17.95969772
v -57.00000000 48.43516922 12.00000000
v -57.00000000 48.59999847 12.30000114
v -56.73789597 48.59999847 12.59999943
v -57.00000000 48.59999847 12.30000114
v -56.89553452 48.59999847 18.00000000
v -57.00000000 48.42651367 18.00000000
v -57.00000000 48.59999847 18.05994415
v -56.98742676 48.90000153 12.59999943
v -57.00000000 48.90000153 12.58464622
v -56.74290848 48.90000153 12.90000057
v -56.70000076 48.90000153 18.00000000
v -57.00000000 48.90000153 18.17957878
v -57.00000000 48.91410065 12.59999943
v -57.00000000 49.20000076 12.90000057
v -56.81869507 49.20000076 13.19999886
v -57.00000000 49.20000076 12.90000057
v -57.00000000 49.20000076 18.29999924
v -57.00000000 49.44707108 13.19999886
v -56.87000656 49.50000000 13.50000000
v -57.00000000 49.50000000 13.26099586
v -56.77127457 49.50000000 13.80000114
v -56.70000076 49.50000000 14.10000134
v -56.81837463 49.50000000 18.29999924
v -57.00000000 49.20000076 18.29999924
v -57.00000000 49.50000000 18.45681572
v -57.00000000 49.79999924 13.50000000
v -56.90700912 49.79999924 13.80000114
v -57.00000000 49.79999924 13.50000000
v -56.77916718 49.79999924 14.10000134
v -56.70000076 49.79999924 18.29999924
v -57.00000000 49.79999924 18.60000038
v -57.00000000 49.96566010 13.80000114
v -56.90983582 50.09999847 14.10000134
v -57.00000000 50.09999847 13.94521427
v -56.70000076 50.09999847 14.39999962
v -56.70000076 50.09999847 18.60000038
v -57.00000000 49.79999924 18.60000038
v -56.86969376 50.09999847 18.90000153
v -57.00000000 49.98068237 18.90000153
v -57.00000000 50.09999847 19.06106949
v -57.00000000 50.25239182 14.10000134
v -56.86684799 50.40000153 14.39999962
v -57.00000000 50.40000153 14.22397900
v -56.70000076 50.40000153 19.20000267
v -57.00000000 50.19474792 19.20000267
v -57.00000000 50.40000153 19.44333267
v -57.00000000 50.60198212 14.39999962
v -56.81579590 50.70000076 14.70000076
v -57.00000000 50.70000076 14.47981358
v -57.00000000 50.44963455 19.50000000
v -57.00000000 50.70000076 19.73814583
v -57.00000000 50.96422577 14.70000076
v -56.75809097 51.00000000 14.99999905
v -57.00000000 51.00000000 14.72921371
v -56.70000076 51.00000000 19.79999924
v -57.00000000 50.77631760 19.79999924
v -57.00000000 51.00000000 19.95684624
v -56.98094559 51.29999924 14.99999905
v -57.00000000 51.29999924 14.97975349
v -56.70000076 51.29999924 15.30000019
v -57.00000000 51.29999924 20.10000038
v -57.00000000 51.32254028 14.99999905
v -56.96263123 51.59999847 15.30000019
v -57.00000000 51.59999847 15.25885105
v -56.70026779 51.59999847 15.60000134
v -57.00000000 51.29999924 20.10000038
v -57.00000000 51.59999847 20.39999962
v -57.00000000 51.63920593 15.30000019
v -57.00000000 51.90000153 15.60000134
v -56.71948242 51.90000153 15.89999962
v -57.00000000 51.90000153 15.60000134
v -57.00000000 51.59999847 20.39999962
v -57.00000000 51.90000153 20.70000076
v -57.00000000 52.11817932 15.89999962
v -56.82386398 52.20000076 16.20000076
v -57.00000000 52.20000076 16.01951599
v -56.81922531 52.20000076 20.70000076
v -57.00000000 51.90000153 20.70000076
v -57.00000000 52.20000076 21.00000000
v -57.00000000 52.31238174 16.20000076
v -57.00000000 52.50000000 16.50000191
v -56.70000076 52.50000000 16.79999924
v -57.00000000 52.50000000 16.50000191
v -57.00000000 52.50000000 20.70000076
v -57.00000000 52.50000000 20.70000076
v -57.00000000 52.66368484 16.79999924
v -57.00000000 52.79999924 17.10000038
v -56.83750916 52.79999924 17.39999771
v -57.00000000 52.79999924 17.10000038
v -56.70609283 52.79999924 17.69999886
v -57.00000000 52.79999924 20.56256485
v -57.00000000 52.92252731 17.39999771
v -57.00000000 53.04293060 17.69999886
v -57.00000000 53.09999847 18.00000000
v -56.77870560 53.09999847 18.29999924
v -57.00000000 53.09999847 18.00000000
v -56.70122528 53.09999847 18.60000038
v -56.70000076 53.09999847 18.90000153
v -56.70000076 53.09999847 20.39999962
v -57.00000000 53.09999847 20.45611000
v -57.00000000 53.40000153 18.29999924
v -56.94667816 53.40000153 18.60000038
v -57.00000000 53.40000153 18.29999924
v -56.84818268 53.40000153 18.90000153
v -57.00000000 53.40000153 20.39999962
v -57.00000000 53.40000153 20.39999962
v -57.00000000 53.45986557 18.60000038
v -57.00000000 53.56680679 18.90000153
v -57.00000000 53.70000076 19.20000267
v -56.70000076 53.70000076 19.50000000
v -57.00000000 53.70000076 19.20000267
v -57.00000000 53.70000076 20.10000038
v -57.00000000 53.70000076 20.10000038
v -57.00000000 53.76531219 19.50000000
v -57.00000000 53.76196289 19.79999924
v -57.01650620 41.40000153 7.80000019
v -57.01415634 41.40000153 8.10000133
v -57.00506973 41.40000153 8.39999962
v -57.04436493 41.70000076 6.30000067
v -57.11268234 41.70000076 6.59999847
v -57.17158127 41.70000076 6.89999962
v -57.22084808 41.70000076 7.20000076
v -57.26204300 41.70000076 7.49999905
v -57.29999924 41.70000076 7.80000019
v -57.26966476 41.70000076 8.10000133
v -57.24636841 41.70000076 8.39999962
v -57.23086548 41.70000076 8.69999981
v -57.21622849 41.70000076 9.00000095
v -57.19354248 41.70000076 9.29999924
v -57.16381073 41.70000076 9.60000038
v -57.12899780 41.70000076 9.89999867
v -57.08849335 41.70000076 10.19999981
v -57.04140091 41.70000076 10.50000095
v -57.14341736 42.00000000 5.99999952
v -57.23911667 42.00000000 6.30000067
v -57.29999924 42.00000000 6.59999847
v -57.29999924 41.87806702 6.89999962
v -57.29999924 42.00000000 6.59999847
v -57.29999924 41.80490494 7.20000076
v -57.29999924 41.75068283 7.49999905
v -57.29999924 41.70000076 7.80000019
v -57.29999924 41.74125671 8.10000133
v -57.29999924 41.77360535 8.39999962
v -57.29999924 41.79734421 8.69999981
v -57.29999924 41.82020950 9.00000095
v -57.29999924 41.84972763 9.29999924
v -57.29999924 41.89033890 9.60000038
v -57.29999924 41.94731903 9.89999867
v -57.29999924 42.00000000 10.19999981
v -57.29999924 42.00000000 10.19999981
v -57.23937225 42.00000000 10.50000095
v -57.19503021 42.00000000 10.79999924
v -57.16046524 42.00000000 11.10000038
v -57.13050079 42.00000000 11.40000057
v -57.10065842 42.00000000 11.69999886
v -57.06311035 42.00000000 12.00000000
v -57.03993988 42.29999924 5.69999838
v -57.29999924 42.29999924 5.99999952
v -57.29999924 42.11800385 6.30000067
v -57.29999924 42.29999924 5.99999952
v -57.29999924 42.00000000 6.59999847
v -57.29999924 42.00000000 10.19999981
v -57.29999924 42.10235977 10.50000095
v -57.29999924 42.16833878 10.79999924
v -57.29999924 42.21566772 11.10000038
v -57.29999924 42.25165176 11.40000057
v -57.29999924 42.27856445 11.69999886
v -57.29999924 42.29308319 12.00000000
v -57.29999924 42.29999924 12.30000114
v -57.29999924 42.29999924 12.30000114
v -57.14773178 42.29999924 12.59999943
v -57.05858612 42.29999924 12.90000057
v -57.03990936 42.59999847 5.69999838
v -57.29999924 42.29999924 5.99999952
v -57.29999924 42.59999847 5.98601008
v -57.29999924 42.29999924 12.30000114
v -57.29999924 42.59999847 12.59999943
v -57.29999924 42.59999847 12.59999943
v -57.27223969 42.59999847 12.90000057
v -57.18685532 42.59999847 13.19999886
v -57.29999924 42.90000153 5.99018192
v -57.29999924 42.59999847 12.59999943
v -57.29999924 42.63392258 12.90000057
v -57.29999924 42.73212433 13.19999886
v -57.29999924 42.90000153 13.50000000
v -57.29999924 42.90000153 13.50000000
v -57.21394348 42.90000153 13.80000114
v -57.03203964 42.90000153 14.10000134
v -57.29999924 43.20000076 5.99999952
v -57.29999924 43.20000076 5.99999952
v -57.29999924 43.20000076 5.99999952
v -57.29999924 42.90000153 13.50000000
v -57.29999924 42.96346283 13.80000114
v -57.29999924 43.06741333 14.10000134
v -57.29999924 43.20000076 14.39999962
v -57.29999924 43.20000076 14.39999962
v -57.04077148 43.50000000 5.99999952
v -57.29999924 43.50000000 6.18923140
v -57.29999924 43.20000076 14.39999962
v -57.29999924 43.34535599 14.70000076
v -57.29999924 43.47793198 14.99999905
v -57.29999924 43.50000000 15.05454636
v -57.29999924 43.79999924 6.30000067
v -57.29999924 43.79999924 6.30000067
v -57.29999924 43.79999924 6.30000067
v -57.29999924 43.59525681 15.30000019
v -57.29999924 43.70266724 15.60000134
v -57.29999924 43.79999924 15.89999962
v -57.29999924 43.79999924 15.89999962
v -57.29999924 44.06592178 6.59999847
v -57.29999924 44.09999847 6.62280512
v -57.29999924 43.79999924 15.89999962
v -57.29999924 43.96516800 16.20000076
v -57.29999924 44.09999847 16.50000191
v -57.29999924 44.40000153 6.78418446
v -57.29999924 44.09999847 16.50000191
v -57.29999924 44.40000153 16.63139725
v -57.29999924 44.60381699 6.89999962
v -57.29999924 44.70000076 6.95860481
v -57.14783096 44.70000076 16.79999924
v -57.29999924 44.67368317 16.79999924
v -57.29999924 44.70000076 16.81723404
v -57.29999924 45.00000000 7.20000076
v -57.29999924 45.00000000 7.20000076
v -57.29999924 45.00000000 17.05174065
v -57.29999924 45.29544067 7.49999905
v -57.29999924 45.29999924 7.50467205
v -57.00000000 45.29999924 17.10000038
v -57.29999924 45.05511475 17.10000038
v -57.29999924 45.29999924 17.39999771
v -57.29999924 45.59942245 7.80000019
v -57.29999924 45.59999847 7.80054808
v -57.00000000 45.59999847 17.39999771
v -57.29999924 45.29999924 17.39999771
v -57.29999924 45.59999847 17.51086998
v -57.00000000 45.90000153 8.10000133
v -57.29999924 45.90000153 8.08402920
v -57.29999924 45.90000153 17.59384918
v -57.29999924 45.91355896 8.10000133
v -57.29999924 46.10129166 8.39999962
v -57.09049988 46.20000076 8.69999981
v -57.29999924 46.20000076 8.56594372
v -57.29999924 46.20000076 17.66876030
v -57.29999924 46.27839279 8.69999981
v -57.29999924 46.46094894 9.00000095
v -57.29999924 46.50000000 9.06229496
v -57.19839859 46.50000000 17.69999886
v -57.29999924 46.33040619 17.69999886
v -57.29999924 46.50000000 17.73757172
v -57.29999924 46.64833450 9.29999924
v -57.20726395 46.79999924 9.60000038
v -57.29999924 46.79999924 9.52829552
v -57.00000000 46.79999924 17.69999886
v -57.29999924 46.79999924 17.79734993
v -57.29999924 46.85076141 9.60000038
v -57.29999924 47.09999847 9.89999867
v -57.14550018 47.09999847 10.19999981
v -57.29999924 47.09999847 9.89999867
v -57.00000000 47.09999847 10.50000095
v -57.29999924 47.09999847 17.84577370
v -57.29999924 47.22122574 10.19999981
v -57.29999924 47.40000153 10.50000095
v -57.03425217 47.40000153 10.79999924
v -57.29999924 47.40000153 10.50000095
v -57.29999924 47.40000153 17.89124870
v -57.26966476 47.70000076 10.79999924
v -57.29999924 47.70000076 10.76764584
v -57.00000000 47.70000076 11.10000038
v -57.29999924 47.70000076 17.94145966
v -57.29999924 47.73359299 10.79999924
v -57.26089859 48.00000000 11.10000038
v -57.29999924 48.00000000 11.05705261
v -57.02909470 48.00000000 11.40000057
v -57.28285217 48.00000000 18.00000000
v -57.29999924 47.96890259 18.00000000
v -57.29999924 48.00000000 18.00716209
v -57.29999924 48.04268265 11.10000038
v -57.26184464 48.29999924 11.40000057
v -57.29999924 48.29999924 11.35801792
v -57.00000000 48.29999924 11.69999886
v -57.08769608 48.29999924 18.00000000
v -57.29999924 48.29999924 18.09914207
v -57.29999924 48.34046173 11.40000057
v -57.29999924 48.59999847 11.69999886
v -57.13504410 48.59999847 12.00000000
v -57.29999924 48.59999847 11.69999886
v -57.00000000 48.59999847 12.30000114
v -57.29999924 48.59999847 18.22147751
v -57.29999924 48.78658295 12.00000000
v -57.22027206 48.90000153 12.30000114
v -57.29999924 48.90000153 12.17445469
v -57.18873978 48.90000153 18.29999924
v -57.29999924 48.76048279 18.29999924
v -57.29999924 48.90000153 18.38022232
v -57.29999924 48.98401260 12.30000114
v -57.26678467 49.20000076 12.59999943
v -57.29999924 49.20000076 12.56170368
v -57.00000000 49.20000076 12.90000057
v -57.00000000 49.20000076 18.29999924
v -57.29999924 49.20000076 18.58504486
v -57.29999924 49.23219299 12.59999943
v -57.29999924 49.50000000 12.90000057
v -57.04082489 49.50000000 13.19999886
v -57.29999924 49.50000000 12.90000057
v -57.12417603 49.50000000 18.60000038
v -57.29999924 49.21985626 18.60000038
v -57.29999924 49.50000000 18.90000153
v -57.27109528 49.79999924 13.19999886
v -57.29999924 49.79999924 13.16803646
v -57.00000000 49.79999924 13.50000000
v -57.00000000 49.79999924 18.60000038
v -57.14385605 49.79999924 18.90000153
v -57.29999924 49.50000000 18.90000153
v -57.29999924 49.79999924 19.11674881
v -57.29999924 49.83325577 13.19999886
v -57.28099060 50.09999847 13.50000000
v -57.29999924 50.09999847 13.47618294
v -57.08717346 50.09999847 13.80000114
v -57.10607147 50.09999847 19.20000267
v -57.29999924 49.88576126 19.20000267
v -57.29999924 50.09999847 19.39837837
v -57.29999924 50.12169647 13.50000000
v -57.29999924 50.38271332 13.80000114
v -57.09358215 50.40000153 14.10000134
v -57.29999924 50.40000153 13.81845760
v -57.06369781 50.40000153 19.50000000
v -57.29999924 50.20006180 19.50000000
v -57.29999924 50.40000153 19.69008255
v -57.29999924 50.67459869 14.10000134
v -57.06747437 50.70000076 14.39999962
v -57.29999924 50.70000076 14.12374115
v -57.08419037 50.70000076 19.79999924
v -57.29999924 50.51693344 19.79999924
v -57.29999924 50.70000076 19.96244812
v -57.29999924 51.00000000 14.39999962
v -57.02625656 51.00000000 14.70000076
v -57.29999924 51.00000000 14.39999962
v -57.19233322 51.00000000 20.10000038
v -57.29999924 50.87752151 20.10000038
v -57.29999924 51.00000000 20.19490051
v -57.27080536 51.29999924 14.70000076
v -57.29999924 51.29999924 14.67015076
v -57.00000000 51.29999924 20.10000038
v -57.29999924 51.29999924 20.39999962
v -57.29999924 51.33159637 14.70000076
v -57.25138474 51.59999847 14.99999905
v -57.29999924 51.59999847 14.95249271
v -57.00000000 51.59999847 20.39999962
v -57.29999924 51.29999924 20.39999962
v -57.29999924 51.59999847 20.70000076
v -57.29999924 51.64792252 14.99999905
v -57.26033401 51.90000153 15.30000019
v -57.29999924 51.90000153 15.25898361
v -57.00000000 51.90000153 15.60000134
v -57.00000000 51.90000153 20.70000076
v -57.29999924 51.90000153 21.00000000
v -57.29999924 51.93611145 15.30000019
v -57.29999924 52.14020157 15.60000134
v -57.12302017 52.20000076 15.89999962
v -57.29999924 52.20000076 15.70213223
v -57.29999924 52.20000076 21.00000000
v -57.29999924 52.29950333 15.89999962
v -57.29999924 52.46019745 16.20000076
v -57.00000000 52.50000000 16.50000191
v -57.29999924 52.50000000 16.27065277
v -57.29999924 52.50000000 20.70000076
v -57.29999924 52.50000000 20.70000076
v -57.29999924 52.62493134 16.50000191
v -57.29999924 52.79999924 16.79999924
v -57.00000000 52.79999924 17.10000038
v -57.29999924 52.79999924 16.79999924
v -57.29999924 52.79999924 20.55928421
v -57.29999924 52.91783905 17.10000038
v -57.29999924 53.07807159 17.39999771
v -57.07407379 53.09999847 17.69999886
v -57.29999924 53.09999847 17.43444633
v -57.00000000 53.09999847 18.00000000
v -57.29999924 53.09999847 20.39999962
v -57.29999924 53.09999847 20.39999962
v -57.29999924 53.09999847 20.39999962
v -57.29999924 53.40000153 17.69999886
v -57.21756363 53.40000153 18.00000000
v -57.29999924 53.40000153 17.69999886
v -57.00000000 53.40000153 18.29999924
v -57.29999924 53.40000153 20.28357124
v -57.29999924 53.46435165 18.00000000
v -57.29999924 53.58778000 18.29999924
v -57.29999924 53.70000076 18.60000038
v -57.19377518 53.70000076 18.90000153
v -57.29999924 53.70000076 18.60000038
v -57.00000000 53.70000076 19.20000267
v -57.29999924 53.60655594 20.10000038
v -57.29999924 53.70000076 19.93691063
v -57.29999924 53.75421524 18.90000153
v -57.29999924 53.79664612 19.20000267
v -57.29999924 53.80318451 19.50000000
v -57.29999924 53.75526428 19.79999924
v -57.38868332 42.00000000 6.89999962
v -57.44125366 42.00000000 7.20000076
v -57.47133255 42.00000000 7.49999905
v -57.48501587 42.00000000 7.80000019
v -57.47777176 42.00000000 8.10000133
v -57.46084595 42.00000000 8.39999962
v -57.44223022 42.00000000 8.69999981
v -57.42454147 42.00000000 9.00000095
v -57.40599442 42.00000000 9.29999924
v -57.37838364 42.00000000 9.60000038
v -57.33477783 42.00000000 9.89999867
v -57.38568878 42.29999924 6.30000067
v -57.48079300 42.29999924 6.59999847
v -57.59999847 42.29999924 6.89999962
v -57.59999847 42.26134872 7.20000076
v -57.59999847 42.29999924 6.89999962
v -57.59999847 42.21948624 7.49999905
v -57.59999847 42.18899536 7.80000019
v -57.59999847 42.18538284 8.10000133
v -57.59999847 42.20374298 8.39999962
v -57.59999847 42.23824692 8.69999981
v -57.59999847 42.27866745 9.00000095
v -57.59999847 42.29999924 9.29999924
v -57.59999847 42.29999924 9.29999924
v -57.59999847 42.29999924 9.60000038
v -57.49528885 42.29999924 9.89999867
v -57.44715118 42.29999924 10.19999981
v -57.41251755 42.29999924 10.50000095
v -57.38090897 42.29999924 10.79999924
v -57.35357666 42.29999924 11.10000038
v -57.33155823 42.29999924 11.40000057
v -57.31441498 42.29999924 11.69999886
v -57.30482864 42.29999924 12.00000000
v -57.30979156 42.59999847 5.99999952
v -57.45343018 42.59999847 6.30000067
v -57.57426071 42.59999847 6.59999847
v -57.59999847 42.29999924 6.89999962
v -57.59999847 42.59999847 6.67033005
v -57.59999847 42.29999924 9.29999924
v -57.59999847 42.29999924 9.60000038
v -57.59999847 42.59999847 9.89999867
v -57.59999847 42.59999847 9.89999867
v -57.59999847 42.59999847 10.19999981
v -57.58782578 42.59999847 10.50000095
v -57.55972672 42.59999847 10.79999924
v -57.53404999 42.59999847 11.10000038
v -57.51617050 42.59999847 11.40000057
v -57.50024033 42.59999847 11.69999886
v -57.47487259 42.59999847 12.00000000
v -57.42203140 42.59999847 12.30000114
v -57.30775833 42.90000153 5.99999952
v -57.47132111 42.90000153 6.30000067
v -57.59999847 42.90000153 6.59999847
v -57.59999847 42.90000153 6.59999847
v -57.59999847 42.59999847 9.89999867
v -57.59999847 42.59999847 10.19999981
v -57.59999847 42.61898041 10.50000095
v -57.59999847 42.66952896 10.79999924
v -57.59999847 42.71443558 11.10000038
v -57.59999847 42.74023056 11.40000057
v -57.59999847 42.76351929 11.69999886
v -57.59999847 42.80961227 12.00000000
v -57.59999847 42.90000153 12.30000114
v -57.59999847 42.90000153 12.30000114
v -57.57797241 42.90000153 12.59999943
v -57.54182816 42.90000153 12.90000057
v -57.46388245 42.90000153 13.19999886
v -57.45439148 43.20000076 6.30000067
v -57.59999847 43.20000076 6.59999847
v -57.59999847 43.20000076 6.59999847
v -57.59999847 42.90000153 12.30000114
v -57.59999847 42.92296982 12.59999943
v -57.59999847 42.95616913 12.90000057
v -57.59999847 43.01309204 13.19999886
v -57.59999847 43.08736801 13.50000000
v -57.59999847 43.16824341 13.80000114
v -57.49516678 43.20000076 14.10000134
v -57.59999847 43.20000076 13.89453316
v -57.39383698 43.50000000 6.30000067
v -57.59999847 43.50000000 6.59999847
v -57.59999847 43.50000000 6.59999847
v -57.59999847 43.27019119 14.10000134
v -57.59999847 43.37958145 14.39999962
v -57.59999847 43.50000000 14.70000076
v -57.59999847 43.50000000 14.70000076
v -57.35086823 43.50000000 14.99999905
v -57.54500198 43.79999924 6.59999847
v -57.59999847 43.79999924 6.64345360
v -57.59999847 43.50000000 14.70000076
v -57.59999847 43.61048126 14.99999905
v -57.59999847 43.70654297 15.30000019
v -57.59999847 43.79739380 15.60000134
v -57.59999847 43.79999924 15.60733795
v -57.59999847 44.09999847 6.75193262
v -57.59999847 43.92089462 15.89999962
v -57.59999847 44.09999847 16.20000076
v -57.59999847 44.09999847 16.20000076
v -57.59999847 44.40000153 6.87873268
v -57.59999847 44.09999847 16.20000076
v -57.59999847 44.40000153 16.50000191
v -57.59999847 44.40000153 16.50000191
v -57.59999847 44.44188690 6.89999962
v -57.59999847 44.70000076 7.03410244
v -57.59999847 44.40000153 16.50000191
v -57.58771515 44.70000076 16.79999924
v -57.59999847 44.70000076 16.79912186
v -57.59999847 44.94257355 7.20000076
v -57.59999847 45.00000000 7.24336672
v -57.59999847 44.70085144 16.79999924
v -57.59999847 45.00000000 17.10000038
v -57.59999847 45.28873062 7.49999905
v -57.59999847 45.29999924 7.51049375
v -57.59999847 45.00000000 17.10000038
v -57.29999924 45.29999924 17.39999771
v -57.59999847 45.27766037 17.39999771
v -57.59999847 45.29999924 17.41940117
v -57.59999847 45.59999847 7.80000019
v -57.59999847 45.59999847 7.80000019
v -57.59999847 45.59999847 17.59888840
v -57.59999847 45.90000153 8.08448505
v -57.59999847 45.90000153 17.69999886
v -57.59999847 45.91393661 8.10000133
v -57.59999847 46.14060974 8.39999962
v -57.59999847 46.20000076 8.49098206
v -57.38417053 46.20000076 17.69999886
v -57.59999847 45.90000153 17.69999886
v -57.59999847 46.20000076 17.77304649
v -57.59999847 46.33151627 8.69999981
v -57.48019409 46.50000000 9.00000095
v -57.59999847 46.50000000 8.96185112
v -57.59999847 46.50000000 17.83817291
v -57.59999847 46.52463531 9.00000095
v -57.59999847 46.72499466 9.29999924
v -57.59999847 46.79999924 9.40737915
v -57.59999847 46.79999924 17.89771652
v -57.59999847 46.93811798 9.60000038
v -57.29999924 47.09999847 9.89999867
v -57.59999847 47.09999847 9.82160759
v -57.59999847 47.09999847 17.95010185
v -57.59999847 47.15570068 9.89999867
v -57.59999847 47.36193848 10.19999981
v -57.29999924 47.40000153 10.50000095
v -57.59999847 47.40000153 10.24620342
v -57.59999847 47.40000153 18.00000000
v -57.59999847 47.70000076 10.50000095
v -57.59999847 47.70000076 10.50000095
v -57.46454620 47.70000076 18.00000000
v -57.59999847 47.40000153 18.00000000
v -57.59999847 47.70000076 18.04904747
v -57.59999847 48.00000000 10.79999924
v -57.59999847 48.00000000 10.79999924
v -57.59999847 48.00000000 18.11809158
v -57.59999847 48.29999924 11.10000038
v -57.59999847 48.29999924 11.10000038
v -57.59999847 48.29999924 18.21931458
v -57.59999847 48.59999847 11.40000057
v -57.29999924 48.59999847 11.69999886
v -57.59999847 48.59999847 11.40000057
v -57.46230316 48.59999847 18.29999924
v -57.59999847 48.47054291 18.29999924
v -57.59999847 48.59999847 18.37417603
v -57.59999847 48.90000153 11.69999886
v -57.42399597 48.90000153 12.00000000
v -57.59999847 48.90000153 11.69999886
v -57.59999847 48.90000153 18.60000038
v -57.59999847 49.03128052 12.00000000
v -57.56051636 49.20000076 12.30000114
v -57.59999847 49.20000076 12.26003170
v -57.31547165 49.20000076 18.60000038
v -57.59999847 48.90000153 18.60000038
v -57.59303284 49.20000076 18.90000153
v -57.59999847 49.19289780 18.90000153
v -57.59999847 49.20000076 18.90715027
v -57.59999847 49.23047256 12.30000114
v -57.59999847 49.50000000 12.59999943
v -57.29999924 49.50000000 12.90000057
v -57.59999847 49.50000000 12.59999943
v -57.29999924 49.50000000 18.90000153
v -57.59999847 49.50000000 19.20000267
v -57.56211090 49.79999924 12.90000057
v -57.59999847 49.79999924 12.86289978
v -57.37087631 49.79999924 19.20000267
v -57.59999847 49.50000000 19.20000267
v -57.59999847 49.79999924 19.42635536
v -57.59999847 49.83914566 12.90000057
v -57.54919815 50.09999847 13.19999886
v -57.59999847 50.09999847 13.14949036
v -57.40684128 50.09999847 19.50000000
v -57.59999847 49.89376068 19.50000000
v -57.59999847 50.09999847 19.66166496
v -57.59999847 50.15040207 13.19999886
v -57.56244659 50.40000153 13.50000000
v -57.59999847 50.40000153 13.45933723
v -57.31483078 50.40000153 13.80000114
v -57.43305969 50.40000153 19.79999924
v -57.59999847 50.25487137 19.79999924
v -57.59999847 50.40000153 19.93575287
v -57.59999847 50.43818665 13.50000000
v -57.59999847 50.70000076 13.80000114
v -57.32186127 50.70000076 14.10000134
v -57.59999847 50.70000076 13.80000114
v -57.46104813 50.70000076 20.10000038
v -57.59999847 50.57109070 20.10000038
v -57.59999847 50.70000076 20.22962952
v -57.59999847 51.00000000 14.10000134
v -57.29999924 51.00000000 14.39999962
v -57.59999847 51.00000000 14.10000134
v -57.50498581 51.00000000 20.39999962
v -57.59999847 50.88639069 20.39999962
v -57.59999847 51.00000000 20.51022720
v -57.58255768 51.29999924 14.39999962
v -57.59999847 51.29999924 14.38297462
v -57.29999924 51.29999924 20.39999962
v -57.59999847 51.29999924 20.70000076
v -57.59999847 51.31526947 14.39999962
v -57.59999847 51.59999847 14.70000076
v -57.59999847 51.59999847 14.70000076
v -57.59999847 51.29999924 20.70000076
v -57.59999847 51.59999847 21.00000000
v -57.59999847 51.88200760 14.99999905
v -57.59999847 51.90000153 15.01852894
v -57.29999924 51.90000153 21.00000000
v -57.59999847 51.59999847 21.00000000
v -57.59999847 51.90000153 21.06199455
v -57.59999847 52.20000076 15.30000019
v -57.39947891 52.20000076 15.60000134
v -57.59999847 52.20000076 15.30000019
v -57.59999847 52.20000076 21.00000000
v -57.59999847 52.20000076 21.00000000
v -57.59999847 52.29300308 15.60000134
v -57.59999847 52.41164398 15.89999962
v -57.42774582 52.50000000 16.20000076
v -57.59999847 52.50000000 16.09208107
v -57.59999847 52.50000000 20.70000076
v -57.59999847 52.50000000 20.70000076
v -57.59999847 52.54810715 16.20000076
v -57.59999847 52.68964005 16.50000191
v -57.29999924 52.79999924 16.79999924
v -57.59999847 52.79999924 16.73604965
v -57.59999847 52.79999924 20.55109024
v -57.59999847 52.82933044 16.79999924
v -57.59999847 52.95343399 17.10000038
v -57.59999847 53.09735870 17.39999771
v -57.59999847 53.09999847 17.40460205
v -57.59999847 53.09241486 20.39999962
v -57.59999847 53.09999847 20.39593887
v -57.59999847 53.40000153 17.69999886
v -57.59999847 53.40000153 17.69999886
v -57.59999847 53.40000153 20.21162033
v -57.59999847 53.54080200 18.00000000
v -57.59999847 53.70000076 18.29999924
v -57.29999924 53.70000076 18.60000038
v -57.59999847 53.70000076 18.29999924
v -57.59999847 53.52593613 20.10000038
v -57.59999847 53.70000076 19.85447884
v -57.59999847 53.77351761 18.60000038
v -57.59999847 53.81893539 18.90000153
v -57.59999847 53.83455276 19.20000267
v -57.59999847 53.81180573 19.50000000
v -57.59999847 53.72901917 19.79999924
v -57.62205505 42.29999924 7.20000076
v -57.64745712 42.29999924 7.49999905
v -57.67031097 42.29999924 7.80000019
v -57.67847443 42.29999924 8.10000133
v -57.66824722 42.29999924 8.39999962
v -57.64216614 42.29999924 8.69999981
v -57.61346054 42.29999924 9.00000095
v -57.68327713 42.59999847 6.89999962
v -57.74876785 42.59999847 7.20000076
v -57.79669952 42.59999847 7.49999905
v -57.86858368 42.59999847 7.80000019
v -57.90000153 42.59999847 8.10000133
v -57.90000153 42.59999847 8.39999962
v -57.85237122 42.59999847 8.69999981
v -57.77706909 42.59999847 9.00000095
v -57.74228287 42.59999847 9.29999924
v -57.70559311 42.59999847 9.60000038
v -57.76744843 42.90000153 6.89999962
v -57.88274384 42.90000153 7.20000076
v -57.90000153 42.90000153 7.49999905
v -57.90000153 42.64246368 7.80000019
v -57.90000153 42.90000153 7.49999905
v -57.90000153 42.59999847 8.10000133
v -57.90000153 42.59999847 8.39999962
v -57.90000153 42.66021729 8.69999981
v -57.90000153 42.90000153 9.00000095
v -57.90000153 42.90000153 9.00000095
v -57.90000153 42.90000153 9.29999924
v -57.90000153 42.90000153 9.60000038
v -57.89307404 42.90000153 9.89999867
v -57.86682892 42.90000153 10.19999981
v -57.80990982 42.90000153 10.50000095
v -57.74075317 42.90000153 10.79999924
v -57.71106720 42.90000153 11.10000038
v -57.69873047 42.90000153 11.40000057
v -57.68676376 42.90000153 11.69999886
v -57.65920639 42.90000153 12.00000000
v -57.85478973 43.20000076 6.89999962
v -57.90000153 42.92812729 7.20000076
v -57.90000153 43.20000076 6.95541525
v -57.90000153 42.90000153 7.49999905
v -57.90000153 42.90000153 9.00000095
v -57.90000153 42.90000153 9.29999924
v -57.90000153 42.90000153 9.60000038
v -57.90000153 42.90667725 9.89999867
v -57.90000153 42.93178558 10.19999981
v -57.90000153 43.00004196 10.50000095
v -57.90000153 43.20000076 10.79999924
v -57.90000153 43.20000076 10.79999924
v -57.90000153 43.20000076 11.10000038
v -57.90000153 43.20000076 11.40000057
v -57.90000153 43.20000076 11.69999886
v -57.90000153 43.20000076 12.00000000
v -57.89414978 43.20000076 12.30000114
v -57.88544083 43.20000076 12.59999943
v -57.86941910 43.20000076 12.90000057
v -57.83565521 43.20000076 13.19999886
v -57.76691818 43.20000076 13.50000000
v -57.64880371 43.20000076 13.80000114
v -57.90000153 43.50000000 6.89999962
v -57.90000153 43.50000000 6.89999962
v -57.90000153 43.20000076 10.79999924
v -57.90000153 43.20000076 11.10000038
v -57.90000153 43.20000076 11.40000057
v -57.90000153 43.20000076 11.69999886
v -57.90000153 43.20000076 12.00000000
v -57.90000153 43.20576096 12.30000114
v -57.90000153 43.21352386 12.59999943
v -57.90000153 43.22639465 12.90000057
v -57.90000153 43.24925232 13.19999886
v -57.90000153 43.28797913 13.50000000
v -57.90000153 43.35819626 13.80000114
v -57.90000153 43.50000000 14.10000134
v -57.90000153 43.50000000 14.10000134
v -57.79058456 43.50000000 14.39999962
v -57.90000153 43.79999924 6.89999962
v -57.90000153 43.79999924 6.89999962
v -57.90000153 43.50000000 14.10000134
v -57.90000153 43.56591415 14.39999962
v -57.90000153 43.66011810 14.70000076
v -57.90000153 43.79999924 14.99999905
v -57.90000153 43.79999924 14.99999905
v -57.77955246 43.79999924 15.30000019
v -57.60609436 43.79999924 15.60000134
v -57.84456635 44.09999847 6.89999962
v -57.90000153 44.09999847 6.93171597
v -57.90000153 43.79999924 14.99999905
v -57.90000153 43.86582947 15.30000019
v -57.90000153 43.93163300 15.60000134
v -57.90000153 44.03966904 15.89999962
v -57.90000153 44.09999847 15.98378086
v -57.65015030 44.40000153 6.89999962
v -57.90000153 44.40000153 7.00330973
v -57.90000153 44.40000153 16.20000076
v -57.90000153 44.40000153 16.20000076
v -57.90000153 44.70000076 7.11524582
v -57.90000153 44.40000153 16.20000076
v -57.90000153 44.53984833 16.50000191
v -57.90000153 44.70000076 16.72982407
v -57.90000153 44.83795166 7.20000076
v -57.90000153 45.00000000 7.31845760
v -57.90000153 44.75055313 16.79999924
v -57.90000153 45.00000000 17.10000038
v -57.90000153 45.21319199 7.49999905
v -57.90000153 45.29999924 7.57743597
v -57.90000153 45.00000000 17.10000038
v -57.90000153 45.26509094 17.39999771
v -57.90000153 45.29999924 17.43478203
v -57.90000153 45.55863571 7.80000019
v -57.90000153 45.59999847 7.83481932
v -57.90000153 45.59999847 17.69999886
v -57.90000153 45.90000153 8.08535576
v -57.59999847 45.90000153 17.69999886
v -57.90000153 45.59999847 17.69999886
v -57.90000153 45.90000153 17.78295326
v -57.90000153 45.91382980 8.10000133
v -57.90000153 46.12859344 8.39999962
v -57.90000153 46.20000076 8.50401401
v -57.90000153 46.20000076 17.85662270
v -57.90000153 46.32959366 8.69999981
v -57.90000153 46.50000000 8.94378281
v -57.90000153 46.50000000 17.92600822
v -57.90000153 46.53858185 9.00000095
v -57.90000153 46.75079727 9.29999924
v -57.90000153 46.79999924 9.36810780
v -57.90000153 46.79999924 18.00000000
v -57.90000153 46.96663284 9.60000038
v -57.90000153 47.09999847 9.78896713
v -57.74020386 47.09999847 18.00000000
v -57.90000153 46.79999924 18.00000000
v -57.90000153 47.09999847 18.05880547
v -57.90000153 47.17933273 9.89999867
v -57.90000153 47.40000153 10.19999981
v -57.90000153 47.40000153 10.19999981
v -57.59999847 47.40000153 18.00000000
v -57.90000153 47.40000153 18.11003494
v -57.59999847 47.70000076 10.50000095
v -57.90000153 47.70000076 10.44703293
v -57.90000153 47.70000076 18.15581322
v -57.90000153 47.76221466 10.50000095
v -57.59999847 48.00000000 10.79999924
v -57.90000153 48.00000000 10.70868015
v -57.90000153 48.00000000 18.21346092
v -57.90000153 48.10070801 10.79999924
v -57.59999847 48.29999924 11.10000038
v -57.90000153 48.29999924 10.98541641
v -57.83261871 48.29999924 18.29999924
v -57.90000153 48.24001694 18.29999924
v -57.90000153 48.29999924 18.32682610
v -57.90000153 48.42192459 11.10000038
v -57.59999847 48.59999847 11.40000057
v -57.90000153 48.59999847 11.27345657
v -57.90000153 48.59999847 18.50944519
v -57.90000153 48.72476959 11.40000057
v -57.59999847 48.90000153 11.69999886
v -57.90000153 48.90000153 11.60261822
v -57.59999847 48.90000153 18.60000038
v -57.90000153 48.69940948 18.60000038
v -57.90000153 48.90000153 18.90000153
v -57.90000153 48.97288513 11.69999886
v -57.90000153 49.15029907 12.00000000
v -57.90000153 49.20000076 12.07089233
v -57.90000153 48.90000153 18.90000153
v -57.90000153 49.20000076 19.20000267
v -57.90000153 49.40133286 12.30000114
v -57.59999847 49.50000000 12.59999943
v -57.90000153 49.50000000 12.39272022
v -57.59999847 49.50000000 19.20000267
v -57.90000153 49.20000076 19.20000267
v -57.90000153 49.50000000 19.50000000
v -57.90000153 49.79999924 12.59999943
v -57.90000153 49.79999924 12.59999943
v -57.68754196 49.79999924 19.50000000
v -57.90000153 49.50000000 19.50000000
v -57.90000153 49.79999924 19.65167618
v -57.90000153 50.09999847 12.90000057
v -57.90000153 50.09999847 12.90000057
v -57.78936768 50.09999847 19.79999924
v -57.90000153 50.00501251 19.79999924
v -57.90000153 50.09999847 19.88107300
v -57.90000153 50.40000153 13.19999886
v -57.90000153 50.40000153 13.19999886
v -57.80746078 50.40000153 20.10000038
v -57.90000153 50.32717514 20.10000038
v -57.90000153 50.40000153 20.17605591
v -57.90000153 50.70000076 13.50000000
v -57.59999847 50.70000076 13.80000114
v -57.90000153 50.70000076 13.50000000
v -57.78940582 50.70000076 20.39999962
v -57.90000153 50.60829926 20.39999962
v -57.90000153 50.70000076 20.51110077
v -57.90000153 50.92712784 13.80000114
v -57.59999847 51.00000000 14.10000134
v -57.90000153 51.00000000 13.87335873
v -57.75251770 51.00000000 20.70000076
v -57.90000153 50.84835815 20.70000076
v -57.90000153 51.00000000 21.00000000
v -57.90000153 51.29999924 14.10000134
v -57.90000153 51.29999924 14.10000134
v -57.59999847 51.29999924 20.70000076
v -57.79126740 51.29999924 21.00000000
v -57.90000153 51.00000000 21.00000000
v -57.90000153 51.29999924 21.08879089
v -57.90000153 51.49786377 14.39999962
v -57.59999847 51.59999847 14.70000076
v -57.90000153 51.59999847 14.52615643
v -57.59999847 51.59999847 21.00000000
v -57.90000153 51.59999847 21.14194107
v -57.90000153 51.73923492 14.70000076
v -57.64195251 51.90000153 14.99999905
v -57.90000153 51.90000153 14.88988209
v -57.90000153 51.90000153 21.12072563
v -57.90000153 51.98979187 14.99999905
v -57.59999847 52.20000076 15.30000019
v -57.90000153 52.20000076 15.27873325
v -57.90000153 52.20000076 21.00000000
v -57.90000153 52.20000076 21.00000000
v -57.90000153 52.21326447 15.30000019
v -57.90000153 52.34449387 15.60000134
v -57.90000153 52.46160507 15.89999962
v -57.90000153 52.50000000 15.99467659
v -57.90000153 52.50000000 20.70000076
v -57.90000153 52.50000000 20.70000076
v -57.90000153 52.58147430 16.20000076
v -57.90000153 52.70620728 16.50000191
v -57.90000153 52.79999924 16.73009300
v -57.90000153 52.79999924 20.53460121
v -57.90000153 52.82845688 16.79999924
v -57.90000153 52.93497467 17.10000038
v -57.90000153 53.02867889 17.39999771
v -57.90000153 53.09999847 17.69999886
v -57.90000153 53.09999847 17.69999886
v -57.90000153 53.09999847 17.69999886
v -57.90000153 53.04771805 20.39999962
v -57.90000153 53.09999847 20.37029457
v -57.90000153 53.40000153 17.89657402
v -57.90000153 53.40000153 20.16720390
v -57.90000153 53.48853302 18.00000000
v -57.90000153 53.66905212 18.29999924
v -57.90000153 53.70000076 18.38298416
v -57.90000153 53.47679901 20.10000038
v -57.90000153 53.70000076 19.81896400
v -57.90000153 53.76678085 18.60000038
v -57.90000153 53.80977249 18.90000153
v -57.90000153 53.81985474 19.20000267
v -57.90000153 53.79563141 19.50000000
v -57.90000153 53.71103668 19.79999924
v -58.20000076 42.90000153 7.80000019
v -58.20000076 42.87343979 8.10000133
v -58.20000076 42.90000153 7.80000019
v -58.20000076 42.87400055 8.39999962
v -58.20000076 42.90000153 8.69999981
v -58.20000076 42.90000153 8.69999981
v -58.20000076 43.20000076 7.20000076
v -58.20000076 43.09795761 7.49999905
v -58.20000076 43.20000076 7.20000076
v -58.20000076 42.90000153 7.80000019
v -58.20000076 42.90000153 8.69999981
v -58.20000076 43.07316589 9.00000095
v -58.20000076 43.14578247 9.29999924
v -58.20000076 43.17235184 9.60000038
v -58.20000076 43.17940903 9.89999867
v -58.20000076 43.18448639 10.19999981
v -58.20000076 43.20000076 10.50000095
v -58.20000076 43.20000076 10.50000095
v -58.20000076 43.20000076 7.20000076
v -58.20000076 43.50000000 7.16747808
v -58.20000076 43.20000076 10.50000095
v -58.20000076 43.35961533 10.79999924
v -58.20000076 43.44070053 11.10000038
v -58.20000076 43.48237228 11.40000057
v -58.20000076 43.49858856 11.69999886
v -58.20000076 43.49985123 12.00000000
v -58.20000076 43.49514771 12.30000114
v -58.20000076 43.49017715 12.59999943
v -58.20000076 43.48773956 12.90000057
v -58.20000076 43.48890686 13.19999886
v -58.20000076 43.49187851 13.50000000
v -58.20000076 43.50000000 13.80000114
v -58.20000076 43.50000000 13.80000114
v -58.20000076 43.79999924 7.15039778
v -58.20000076 43.50000000 13.80000114
v -58.20000076 43.65226364 14.10000134
v -58.20000076 43.74309158 14.39999962
v -58.20000076 43.79999924 14.70000076
v -58.20000076 43.79999924 14.70000076
v -58.20000076 44.09999847 7.14839983
v -58.20000076 43.79999924 14.70000076
v -58.20000076 43.99151230 14.99999905
v -58.20000076 44.08294678 15.30000019
v -58.20000076 44.09999847 15.60000134
v -58.20000076 44.09999847 15.60000134
v -58.20000076 44.09999847 15.89999962
v -58.20000076 44.40000153 7.16424227
v -58.20000076 44.09999847 15.60000134
v -58.20000076 44.09999847 15.89999962
v -58.20000076 44.40000153 16.14695930
v -58.20000076 44.70000076 7.20000076
v -58.20000076 44.70000076 7.20000076
v -58.20000076 44.70000076 7.20000076
v -58.20000076 44.43699265 16.20000076
v -58.20000076 44.61825943 16.50000191
v -58.20000076 44.70000076 16.63089371
v -58.20000076 45.00000000 7.45699644
v -58.20000076 44.80511093 16.79999924
v -58.20000076 45.00000000 17.07442093
v -58.20000076 45.05027390 7.49999905
v -58.20000076 45.29999924 7.72243691
v -58.20000076 45.01904297 17.10000038
v -58.20000076 45.26830292 17.39999771
v -58.20000076 45.29999924 17.43369484
v -58.20000076 45.39739990 7.80000019
v -58.20000076 45.59999847 7.96068049
v -58.20000076 45.59999847 17.69999886
v -58.20000076 45.90000153 8.10000133
v -58.20000076 45.90000153 8.10000133
v -58.20000076 45.90000153 8.10000133
v -58.20000076 45.59999847 17.69999886
v -58.20000076 45.90000153 17.83206940
v -58.20000076 46.04112244 8.39999962
v -58.20000076 46.20000076 8.60715485
v -58.20000076 46.20000076 17.92748260
v -58.20000076 46.26608276 8.69999981
v -58.20000076 46.50000000 9.00000095
v -58.20000076 46.50000000 9.00000095
v -58.20000076 46.50000000 9.00000095
v -58.20000076 46.50000000 18.00000000
v -58.20000076 46.72907257 9.29999924
v -58.20000076 46.79999924 9.39131165
v -57.90000153 46.79999924 18.00000000
v -58.20000076 46.50000000 18.00000000
v -58.20000076 46.79999924 18.09967422
v -58.20000076 46.95766449 9.60000038
v -58.20000076 47.09999847 9.79285622
v -58.20000076 47.09999847 18.17543030
v -58.20000076 47.17893600 9.89999867
v -58.20000076 47.40000153 10.19999981
v -58.20000076 47.40000153 10.19999981
v -58.20000076 47.40000153 18.24453163
v -58.20000076 47.70000076 10.43378830
v -58.20000076 47.70000076 18.28600693
v -58.20000076 47.78232574 10.50000095
v -58.20000076 48.00000000 10.67583752
v -58.20000076 48.00000000 18.29999924
v -58.20000076 48.14734650 10.79999924
v -58.20000076 48.29999924 10.93179226
v -58.20000076 48.00000000 18.29999924
v -58.20000076 48.29999924 18.48236275
v -58.20000076 48.49139404 11.10000038
v -58.20000076 48.59999847 11.20043468
v -58.20000076 48.59999847 18.60000038
v -58.20000076 48.80835724 11.40000057
v -58.20000076 48.90000153 11.50376034
v -58.20000076 48.59999847 18.60000038
v -57.90000153 48.90000153 18.90000153
v -58.20000076 48.72238922 18.90000153
v -58.20000076 48.90000153 19.13773727
v -58.20000076 49.05661774 11.69999886
v -58.20000076 49.20000076 12.00000000
v -58.20000076 49.20000076 12.00000000
v -57.90000153 49.20000076 19.20000267
v -58.20000076 48.95350647 19.20000267
v -58.20000076 49.20000076 19.43455696
v -58.20000076 49.48778152 12.30000114
v -58.20000076 49.50000000 12.31089306
v -57.90000153 49.50000000 19.50000000
v -58.20000076 49.27915573 19.50000000
v -58.20000076 49.50000000 19.65338135
v -57.90000153 49.79999924 12.59999943
v -58.20000076 49.79999924 12.51818466
v -58.20000076 49.79999924 19.79999924
v -58.20000076 49.90525055 12.59999943
v -57.90000153 50.09999847 12.90000057
v -58.20000076 50.09999847 12.76564217
v -58.20000076 49.79999924 19.79999924
v -58.20000076 50.09999847 20.09759140
v -58.20000076 50.23776627 12.90000057
v -57.90000153 50.40000153 13.19999886
v -58.20000076 50.40000153 13.06927299
v -58.20000076 50.10251236 20.10000038
v -58.20000076 50.40000153 20.39999962
v -58.20000076 50.51572037 13.19999886
v -57.90000153 50.70000076 13.50000000
v -58.20000076 50.70000076 13.41850185
v -58.20000076 50.40000153 20.39999962
v -58.20000076 50.70000076 20.70000076
v -58.20000076 50.76504517 13.50000000
v -58.20000076 51.00000000 13.80000114
v -58.20000076 51.00000000 13.80000114
v -58.20000076 50.70000076 20.70000076
v -57.90000153 51.00000000 21.00000000
v -58.20000076 50.86306381 21.00000000
v -58.20000076 51.00000000 21.12689018
v -57.90000153 51.29999924 14.10000134
v -58.20000076 51.29999924 14.07334709
v -58.20000076 51.29999924 21.23374748
v -58.20000076 51.32563782 14.10000134
v -58.20000076 51.57787704 14.39999962
v -58.20000076 51.59999847 14.42822742
v -58.20000076 51.59999847 21.23841286
v -58.20000076 51.79876709 14.70000076
v -58.20000076 51.90000153 14.83587074
v -58.20000076 51.90000153 21.15940666
v -58.20000076 52.01824570 14.99999905
v -58.20000076 52.20000076 15.27703667
v -58.20000076 52.20000076 21.00000000
v -58.20000076 52.20000076 21.00000000
v -58.20000076 52.21317673 15.30000019
v -58.20000076 52.34143448 15.60000134
v -58.20000076 52.45318985 15.89999962
v -58.20000076 52.50000000 16.02466011
v -58.20000076 52.50000000 20.70000076
v -58.20000076 52.50000000 20.70000076
v -58.20000076 52.56497955 16.20000076
v -58.20000076 52.68013000 16.50000191
v -58.20000076 52.79999924 16.79999924
v -58.20000076 52.79999924 16.79999924
v -58.20000076 52.79999924 16.79999924
v -58.20000076 52.79999924 20.49579811
v -58.20000076 52.88327408 17.10000038
v -58.20000076 52.96732330 17.39999771
v -58.20000076 53.08471680 17.69999886
v -58.20000076 53.09999847 17.72331810
v -58.20000076 52.96147537 20.39999962
v -58.20000076 53.09999847 20.31914520
v -58.20000076 53.40000153 18.00000000
v -58.20000076 53.40000153 18.00000000
v -58.20000076 53.40000153 18.00000000
v -58.20000076 53.40000153 20.13662338
v -58.20000076 53.56806564 18.29999924
v -58.20000076 53.70000076 18.60000038
v -58.20000076 53.70000076 18.60000038
v -58.20000076 53.70000076 18.60000038
v -58.20000076 53.70000076 19.79999924
v -58.20000076 53.70000076 19.79999924
v -58.20000076 53.70000076 19.79999924
v -58.20000076 53.44292831 20.10000038
v -58.20000076 53.73285675 18.90000153
v -58.20000076 53.74942780 19.20000267
v -58.20000076 53.74359894 19.50000000
v -58.22668839 42.90000153 8.10000133
v -58.22643280 42.90000153 8.39999962
v -58.28035736 43.20000076 7.49999905
v -58.40121460 43.20000076 7.80000019
v -58.50000000 43.20000076 8.10000133
v -58.50000000 43.20000076 8.39999962
v -58.43578339 43.20000076 8.69999981
v -58.33966827 43.20000076 9.00000095
v -58.26284409 43.20000076 9.29999924
v -58.23065186 43.20000076 9.60000038
v -58.22240067 43.20000076 9.89999867
v -58.21729279 43.20000076 10.19999981
v -58.22840118 43.50000000 7.20000076
v -58.41670990 43.50000000 7.49999905
v -58.50000000 43.37471390 7.80000019
v -58.50000000 43.50000000 7.66642380
v -58.50000000 43.20000076 8.10000133
v -58.50000000 43.20000076 8.39999962
v -58.50000000 43.28147507 8.69999981
v -58.50000000 43.36555862 9.00000095
v -58.50000000 43.42221832 9.29999924
v -58.50000000 43.44967651 9.60000038
v -58.50000000 43.45871735 9.89999867
v -58.50000000 43.46660233 10.19999981
v -58.50000000 43.50000000 10.50000095
v -58.50000000 43.50000000 10.50000095
v -58.37764359 43.50000000 10.79999924
v -58.27178192 43.50000000 11.10000038
v -58.21940613 43.50000000 11.40000057
v -58.20147324 43.50000000 11.69999886
v -58.20014954 43.50000000 12.00000000
v -58.20503616 43.50000000 12.30000114
v -58.21051407 43.50000000 12.59999943
v -58.21366882 43.50000000 12.90000057
v -58.21301270 43.50000000 13.19999886
v -58.21006775 43.50000000 13.50000000
v -58.24961853 43.79999924 7.20000076
v -58.50000000 43.79999924 7.49999905
v -58.50000000 43.79999924 7.49999905
v -58.50000000 43.50000000 10.50000095
v -58.50000000 43.60604095 10.79999924
v -58.50000000 43.70034790 11.10000038
v -58.50000000 43.75901794 11.40000057
v -58.50000000 43.78567886 11.69999886
v -58.50000000 43.79172134 12.00000000
v -58.50000000 43.78749466 12.30000114
v -58.50000000 43.77846527 12.59999943
v -58.50000000 43.76852798 12.90000057
v -58.50000000 43.76145554 13.19999886
v -58.50000000 43.76509094 13.50000000
v -58.50000000 43.79999924 13.80000114
v -58.50000000 43.79999924 13.80000114
v -58.38353348 43.79999924 14.10000134
v -58.27346420 43.79999924 14.39999962
v -58.25829315 44.09999847 7.20000076
v -58.50000000 43.79999924 7.49999905
v -58.50000000 44.09999847 7.45742464
v -58.50000000 43.79999924 13.80000114
v -58.50000000 43.91688919 14.10000134
v -58.50000000 44.02393723 14.39999962
v -58.50000000 44.09999847 14.70000076
v -58.50000000 44.09999847 14.70000076
v -58.30851364 44.09999847 14.99999905
v -58.21872711 44.09999847 15.30000019
v -58.24563599 44.40000153 7.20000076
v -58.50000000 44.40000153 7.45428133
v -58.50000000 44.09999847 14.70000076
v -58.50000000 44.40000153 14.99999905
v -58.50000000 44.40000153 14.99999905
v -58.50000000 44.40000153 15.30000019
v -58.50000000 44.40000153 15.60000134
v -58.45022583 44.40000153 15.89999962
v -58.50000000 44.70000076 7.49999905
v -58.50000000 44.70000076 7.49999905
v -58.50000000 44.70000076 7.49999905
v -58.50000000 44.40000153 14.99999905
v -58.50000000 44.40000153 15.30000019
v -58.50000000 44.40000153 15.60000134
v -58.50000000 44.43470764 15.89999962
v -58.50000000 44.55356979 16.20000076
v -58.50000000 44.70000076 16.50000191
v -58.50000000 44.70000076 16.50000191
v -58.25470734 45.00000000 7.49999905
v -58.50000000 45.00000000 7.73233747
v -58.50000000 44.70000076 16.50000191
v -58.50000000 44.86879349 16.79999924
v -58.50000000 45.00000000 17.01229095
v -58.29923248 45.29999924 7.80000019
v -58.50000000 45.08143616 7.80000019
v -58.50000000 45.29999924 7.99836588
v -58.50000000 45.05657578 17.10000038
v -58.50000000 45.28198242 17.39999771
v -58.50000000 45.29999924 17.42044067
v -58.34674454 45.59999847 8.10000133
v -58.50000000 45.40649796 8.10000133
v -58.50000000 45.59999847 8.39999962
v -58.50000000 45.59999847 8.39999962
v -58.50000000 45.59999847 8.39999962
v -58.50000000 45.59999847 17.69999886
v -58.37762451 45.90000153 8.39999962
v -58.50000000 45.90000153 8.50686836
v -58.50000000 45.59999847 17.69999886
v -58.50000000 45.90000153 17.87169266
v -58.35212708 46.20000076 8.69999981
v -58.50000000 46.11521912 8.69999981
v -58.50000000 46.20000076 8.78345585
v -58.50000000 46.20000076 18.00000000
v -58.50000000 46.38705826 9.00000095
v -58.50000000 46.50000000 9.12244511
v -58.20000076 46.50000000 18.00000000
v -58.50000000 46.20000076 18.00000000
v -58.50000000 46.50000000 18.12106133
v -58.50000000 46.65253067 9.29999924
v -58.50000000 46.79999924 9.46861076
v -58.50000000 46.79999924 18.22607231
v -58.50000000 46.91027832 9.60000038
v -58.50000000 47.09999847 9.82799530
v -58.50000000 47.09999847 18.29999924
v -58.50000000 47.15751266 9.89999867
v -58.50000000 47.40000153 10.19999981
v -58.50000000 47.40000153 10.19999981
v -58.29537201 47.40000153 18.29999924
v -58.50000000 47.09999847 18.29999924
v -58.50000000 47.40000153 18.46202087
v -58.50000000 47.70000076 10.44685078
v -58.22108078 47.70000076 18.29999924
v -58.50000000 47.70000076 18.55089951
v -58.50000000 47.76717377 10.50000095
v -58.50000000 48.00000000 10.68111706
v -58.20000076 48.00000000 18.29999924
v -58.50000000 48.00000000 18.60000038
v -58.50000000 48.14937210 10.79999924
v -58.50000000 48.29999924 10.92143536
v -58.32108307 48.29999924 18.60000038
v -58.50000000 48.00000000 18.60000038
v -58.50000000 48.29999924 18.90000153
v -58.50000000 48.51870728 11.10000038
v -58.50000000 48.59999847 11.16911221
v -58.20000076 48.59999847 18.60000038
v -58.32269669 48.59999847 18.90000153
v -58.50000000 48.29999924 18.90000153
v -58.50000000 48.59999847 19.15417290
v -58.50000000 48.87296677 11.40000057
v -58.50000000 48.90000153 11.42584324
v -58.25835800 48.90000153 19.20000267
v -58.50000000 48.64260864 19.20000267
v -58.50000000 48.90000153 19.43332291
v -58.50000000 49.20000076 11.69999886
v -58.20000076 49.20000076 12.00000000
v -58.50000000 49.20000076 11.69999886
v -58.28020859 49.20000076 19.50000000
v -58.50000000 48.97544098 19.50000000
v -58.50000000 49.20000076 19.67585754
v -58.50000000 49.34175873 12.00000000
v -58.50000000 49.50000000 12.30000114
v -58.50000000 49.50000000 12.30000114
v -58.40097427 49.50000000 19.79999924
v -58.50000000 49.37864304 19.79999924
v -58.50000000 49.50000000 19.88429642
v -58.50000000 49.79999924 12.43824768
v -58.20000076 49.79999924 19.79999924
v -58.50000000 49.79999924 20.09478760
v -58.50000000 50.01554871 12.59999943
v -58.50000000 50.09999847 12.66873646
v -58.20310593 50.09999847 20.10000038
v -58.50000000 49.80670166 20.10000038
v -58.50000000 50.09999847 20.34710312
v -58.50000000 50.33474731 12.90000057
v -58.50000000 50.40000153 12.97463322
v -58.20000076 50.40000153 20.39999962
v -58.50000000 50.16277695 20.39999962
v -58.50000000 50.40000153 20.63961220
v -58.50000000 50.56942749 13.19999886
v -58.50000000 50.70000076 13.38407040
v -58.20000076 50.70000076 20.70000076
v -58.50000000 50.45965576 20.70000076
v -58.46896744 50.70000076 21.00000000
v -58.50000000 50.67702484 21.00000000
v -58.50000000 50.70000076 21.02658272
v -58.50000000 50.78143311 13.50000000
v -58.50000000 51.00000000 13.80000114
v -58.50000000 51.00000000 13.80000114
v -58.50000000 51.00000000 21.29999924
v -58.50000000 51.29999924 14.07422733
v -58.46228790 51.29999924 21.29999924
v -58.50000000 51.00000000 21.29999924
v -58.50000000 51.29999924 21.30861664
v -58.50000000 51.32542419 14.10000134
v -58.50000000 51.59999847 14.39999962
v -58.50000000 51.59999847 14.39999962
v -58.50000000 51.59999847 21.29999924
v -58.50000000 51.59999847 21.29999924
v -58.50000000 51.79078674 14.70000076
v -58.50000000 51.90000153 14.86386776
v -58.50000000 51.90000153 21.16789055
v -58.50000000 51.99024200 14.99999905
v -58.50000000 52.20000076 15.30000019
v -58.50000000 52.20000076 15.30000019
v -58.50000000 52.20000076 15.30000019
v -58.20000076 52.20000076 21.00000000
v -58.50000000 52.20000076 21.00048065
v -58.50000000 52.29056168 15.60000134
v -58.50000000 52.39043427 15.89999962
v -58.50000000 52.50000000 16.20000076
v -58.50000000 52.50000000 16.20000076
v -58.50000000 52.50000000 16.20000076
v -58.50000000 52.49419785 20.70000076
v -58.50000000 52.50000000 20.69344902
v -58.50000000 52.20059967 21.00000000
v -58.50000000 52.60860062 16.50000191
v -58.50000000 52.70829010 16.79999924
v -58.50000000 52.79999924 17.10000038
v -58.50000000 52.79999924 17.10000038
v -58.50000000 52.79999924 17.10000038
v -58.50000000 52.79999924 20.39999962
v -58.50000000 52.79999924 20.39999962
v -58.50000000 52.79999924 20.39999962
v -58.50000000 52.87923431 17.39999771
v -58.50000000 52.98021698 17.69999886
v -58.50000000 53.09999847 18.00000000
v -58.50000000 53.09999847 18.00000000
v -58.50000000 53.09999847 18.00000000
v -58.50000000 53.09999847 20.21614456
v -58.50000000 53.40000153 18.29999924
v -58.50000000 53.40000153 18.29999924
v -58.50000000 53.40000153 18.29999924
v -58.50000000 53.40000153 20.10000038
v -58.50000000 53.40000153 20.10000038
v -58.50000000 53.40000153 20.10000038
v -58.50000000 53.47174072 18.60000038
v -58.26497650 53.70000076 18.90000153
v -58.50000000 53.54460144 18.90000153
v -58.31719589 53.70000076 19.20000267
v -58.50000000 53.60706329 19.20000267
v -58.31746292 53.70000076 19.50000000
v -58.50000000 53.61802292 19.50000000
v -58.50000000 53.55967712 19.79999924
v -58.56092072 43.50000000 7.80000019
v -58.65263748 43.50000000 8.10000133
v -58.67289352 43.50000000 8.39999962
v -58.64834595 43.50000000 8.69999981
v -58.60748672 43.50000000 9.00000095
v -58.57035828 43.50000000 9.29999924
v -58.54828644 43.50000000 9.60000038
v -58.54025650 43.50000000 9.89999867
v -58.53274536 43.50000000 10.19999981
v -58.66360855 43.79999924 7.80000019
v -58.79999924 43.79999924 8.10000133
v -58.79999924 43.76802826 8.39999962
v -58.79999924 43.79999924 8.10000133
v -58.79999924 43.77838898 8.69999981
v -58.79999924 43.79428864 9.00000095
v -58.79999924 43.79999924 9.29999924
v -58.79999924 43.79999924 9.29999924
v -58.79999924 43.79999924 9.60000038
v -58.79999924 43.79999924 9.89999867
v -58.79999924 43.79999924 10.19999981
v -58.79999924 43.79999924 10.50000095
v -58.68513489 43.79999924 10.79999924
v -58.59708023 43.79999924 11.10000038
v -58.54073715 43.79999924 11.40000057
v -58.51436234 43.79999924 11.69999886
v -58.50830841 43.79999924 12.00000000
v -58.51248550 43.79999924 12.30000114
v -58.52154160 43.79999924 12.59999943
v -58.53165054 43.79999924 12.90000057
v -58.53882980 43.79999924 13.19999886
v -58.53504944 43.79999924 13.50000000
v -58.53252792 44.09999847 7.49999905
v -58.70973206 44.09999847 7.80000019
v -58.79999924 43.79999924 8.10000133
v -58.79999924 44.09999847 8.01297378
v -58.79999924 43.79999924 9.29999924
v -58.79999924 43.79999924 9.60000038
v -58.79999924 43.79999924 9.89999867
v -58.79999924 43.79999924 10.19999981
v -58.79999924 43.79999924 10.50000095
v -58.79999924 43.94721985 10.79999924
v -58.79999924 44.03587341 11.10000038
v -58.79999924 44.08427048 11.40000057
v -58.79999924 44.09999847 11.69999886
v -58.79999924 44.09999847 11.69999886
v -58.79999924 44.09999847 12.00000000
v -58.79999924 44.09975052 12.30000114
v -58.79999924 44.09999847 12.00000000
v -58.79999924 44.09051132 12.59999943
v -58.79999924 44.08083344 12.90000057
v -58.79999924 44.07799149 13.19999886
v -58.79999924 44.08350754 13.50000000
v -58.79999924 44.09999847 13.80000114
v -58.79999924 44.09999847 13.80000114
v -58.64814758 44.09999847 14.10000134
v -58.56237411 44.09999847 14.39999962
v -58.53611374 44.40000153 7.49999905
v -58.71510696 44.40000153 7.80000019
v -58.79999924 44.40000153 7.98399496
v -58.79999924 44.09999847 11.69999886
v -58.79999924 44.09999847 12.00000000
v -58.79999924 44.09999847 13.80000114
v -58.79999924 44.40000153 14.10000134
v -58.79999924 44.40000153 14.10000134
v -58.77390671 44.40000153 14.39999962
v -58.70460129 44.40000153 14.70000076
v -58.67593765 44.70000076 7.80000019
v -58.79999924 44.70000076 8.01635170
v -58.79999924 44.40000153 14.10000134
v -58.79999924 44.42942810 14.39999962
v -58.79999924 44.48574066 14.70000076
v -58.79999924 44.55052567 14.99999905
v -58.79999924 44.57599640 15.30000019
v -58.79999924 44.59239578 15.60000134
v -58.79999924 44.62728119 15.89999962
v -58.79999924 44.70000076 16.20000076
v -58.79999924 44.70000076 16.20000076
v -58.55482864 45.00000000 7.80000019
v -58.79999924 45.00000000 8.10000133
v -58.79999924 45.00000000 8.10000133
v -58.79999924 45.00000000 8.10000133
v -58.79999924 44.70000076 16.20000076
v -58.79999924 44.81262207 16.50000191
v -58.79999924 44.95078659 16.79999924
v -58.79999924 45.00000000 16.89504242
v -58.58341980 45.29999924 8.10000133
v -58.79999924 45.29999924 8.39999962
v -58.79999924 45.29999924 8.39999962
v -58.79999924 45.29999924 8.39999962
v -58.79999924 45.10816193 17.10000038
v -58.79999924 45.29301834 17.39999771
v -58.79999924 45.29999924 17.40872955
v -58.79999924 45.59999847 8.59538174
v -58.50000000 45.59999847 17.69999886
v -58.79999924 45.59614944 17.69999886
v -58.79999924 45.59999847 17.70321465
v -58.79999924 45.90000153 8.69999981
v -58.79999924 45.90000153 8.69999981
v -58.79999924 45.90000153 8.69999981
v -58.79999924 45.90000153 17.91093826
v -58.76276398 46.20000076 9.00000095
v -58.79999924 46.16421127 9.00000095
v -58.79999924 46.20000076 9.03184700
v -58.50000000 46.20000076 18.00000000
v -58.79999924 46.05258179 18.00000000
v -58.79999924 46.20000076 18.08628273
v -58.79999924 46.50000000 9.29999924
v -58.79999924 46.50000000 9.29999924
v -58.79999924 46.50000000 9.29999924
v -58.79999924 46.50000000 18.24654770
v -58.79999924 46.79999924 9.60000038
v -58.79999924 46.79999924 9.60000038
v -58.79999924 46.79999924 9.60000038
v -58.63824844 46.79999924 18.29999924
v -58.79999924 46.60978317 18.29999924
v -58.79999924 46.79999924 18.40487671
v -58.79999924 47.09999847 9.89999867
v -58.79999924 47.09999847 9.89999867
v -58.79999924 47.09999847 9.89999867
v -58.50000000 47.09999847 18.29999924
v -58.79999924 47.09999847 18.60000038
v -58.79999924 47.31695938 10.19999981
v -58.79999924 47.40000153 10.28161716
v -58.62256241 47.40000153 18.60000038
v -58.79999924 47.09999847 18.60000038
v -58.79999924 47.40000153 18.90000153
v -58.79999924 47.70000076 10.50000095
v -58.79999924 47.70000076 10.50000095
v -58.79999924 47.70000076 10.50000095
v -58.54111099 47.70000076 18.60000038
v -58.73490524 47.70000076 18.90000153
v -58.79999924 47.40000153 18.90000153
v -58.79999924 47.70000076 18.99032784
v -58.79999924 48.00000000 10.72231579
v -58.50000000 48.00000000 18.60000038
v -58.65028381 48.00000000 18.90000153
v -58.79999924 48.00000000 19.12553215
v -58.79999924 48.10382843 10.79999924
v -58.79999924 48.29999924 10.94817638
v -58.50000000 48.29999924 18.90000153
v -58.71583939 48.29999924 19.20000267
v -58.79999924 48.11998749 19.20000267
v -58.79999924 48.29999924 19.30343437
v -58.79999924 48.49948502 11.10000038
v -58.79999924 48.59999847 11.17809868
v -58.53299713 48.59999847 19.20000267
v -58.79423523 48.59999847 19.50000000
v -58.79999924 48.59083176 19.50000000
v -58.79999924 48.59999847 19.50598145
v -58.79999924 48.90000153 11.40000057
v -58.79999924 48.90000153 11.40000057
v -58.56434631 48.90000153 19.50000000
v -58.79999924 48.90000153 19.73138809
v -58.50000000 49.20000076 11.69999886
v -58.79999924 49.20000076 11.69266605
v -58.63370895 49.20000076 19.79999924
v -58.79999924 48.98806763 19.79999924
v -58.79999924 49.20000076 19.96322250
v -58.79999924 49.20652008 11.69999886
v -58.79999924 49.41676712 12.00000000
v -58.50000000 49.50000000 12.30000114
v -58.79999924 49.50000000 12.09977627
v -58.72181320 49.50000000 20.10000038
v -58.79999924 49.38892746 20.10000038
v -58.79999924 49.50000000 20.18244743
v -58.79999924 49.79999924 12.30000114
v -58.79999924 49.79999924 12.30000114
v -58.50556946 49.79999924 20.10000038
v -58.79999924 49.79999924 20.39055252
v -58.79999924 50.09999847 12.59999943
v -58.79999924 50.09999847 12.59999943
v -58.56652451 50.09999847 20.39999962
v -58.79999924 49.81490326 20.39999962
v -58.79999924 50.09999847 20.62309074
v -58.79999924 50.40000153 12.90000057
v -58.79999924 50.40000153 12.90000057
v -58.59823227 50.40000153 20.70000076
v -58.79999924 50.21465302 20.70000076
v -58.79999924 50.40000153 21.00000000
v -58.79999924 50.57406235 13.19999886
v -58.79999924 50.70000076 13.40577793
v -58.79999924 50.40000153 21.00000000
v -58.79999924 50.70000076 21.29999924
v -58.79999924 50.75883865 13.50000000
v -58.79999924 50.95924759 13.80000114
v -58.79999924 51.00000000 13.85129356
v -58.50000000 51.00000000 21.29999924
v -58.79999924 50.70000076 21.29999924
v -58.79999924 51.00000000 21.31427574
v -58.79999924 51.29999924 14.10000134
v -58.79999924 51.29999924 14.10000134
v -58.79999924 51.29999924 14.10000134
v -58.79999924 51.29999924 21.29999924
v -58.79999924 51.29999924 21.29999924
v -58.79999924 51.29999924 21.29999924
v -58.79999924 51.52175903 14.39999962
v -58.79999924 51.59999847 14.50947285
v -58.79999924 51.59999847 21.21722603
v -58.79999924 51.72089386 14.70000076
v -58.79999924 51.90000153 14.99999905
v -58.79999924 51.90000153 14.99999905
v -58.79999924 51.90000153 14.99999905
v -58.79999924 51.90000153 21.10689545
v -58.79999924 52.05517578 15.30000019
v -58.73665619 52.20000076 15.60000134
v -58.79999924 52.17307281 15.60000134
v -58.79999924 52.20000076 15.67751217
v -58.79999924 52.20000076 21.00000000
v -58.79999924 52.20000076 21.00000000
v -58.79999924 52.20000076 21.00000000
v -58.79999924 52.27388382 15.89999962
v -58.79999924 52.38026810 16.20000076
v -58.79999924 52.50000000 16.50000191
v -58.79999924 52.50000000 16.50000191
v -58.79999924 52.50000000 16.50000191
v -58.79999924 52.41272354 20.70000076
v -58.79999924 52.50000000 20.59086037
v -58.79999924 52.58197784 16.79999924
v -58.79999924 52.66439438 17.10000038
v -58.67457199 52.79999924 17.39999771
v -58.79999924 52.74069595 17.39999771
v -58.79999924 52.79999924 17.62375641
v -58.79999924 52.79999924 20.10000038
v -58.79999924 52.79999924 20.10000038
v -58.79999924 52.79999924 20.10000038
v -58.79999924 52.64223099 20.39999962
v -58.79999924 52.82147980 17.69999886
v -58.79999924 52.91377640 18.00000000
v -58.71939468 53.09999847 18.29999924
v -58.79999924 53.02084732 18.29999924
v -58.78928375 53.09999847 18.60000038
v -58.79999924 53.08756256 18.60000038
v -58.79999924 53.09999847 18.90000153
v -58.79999924 53.09999847 18.90000153
v -58.79999924 53.09999847 18.90000153
v -58.66621399 53.09999847 20.10000038
v -58.79999924 53.09999847 19.96776581
v -58.56799698 53.40000153 18.60000038
v -58.64484787 53.40000153 18.90000153
v -58.79999924 53.40000153 19.20000267
v -58.79999924 53.40000153 19.20000267
v -58.79999924 53.40000153 19.20000267
v -58.79999924 53.40000153 19.79999924
v -58.79999924 53.40000153 19.79999924
v -58.79999924 53.40000153 19.79999924
v -58.79999924 53.41302490 19.50000000
v -58.81356812 43.79999924 8.39999962
v -58.81066895 43.79999924 8.69999981
v -58.80332184 43.79999924 9.00000095
v -58.83285904 44.09999847 8.10000133
v -58.89383316 44.09999847 8.39999962
v -58.92586517 44.09999847 8.69999981
v -58.94504929 44.09999847 9.00000095
v -58.95709610 44.09999847 9.29999924
v -58.96350098 44.09999847 9.60000038
v -58.96486282 44.09999847 9.89999867
v -58.96032333 44.09999847 10.19999981
v -58.94301605 44.09999847 10.50000095
v -58.89870834 44.09999847 10.79999924
v -58.84863281 44.09999847 11.10000038
v -58.81295013 44.09999847 11.40000057
v -58.80022812 44.09999847 12.30000114
v -58.80872726 44.09999847 12.59999943
v -58.81757355 44.09999847 12.90000057
v -58.81964493 44.09999847 13.19999886
v -58.81398392 44.09999847 13.50000000
v -58.84906006 44.40000153 8.10000133
v -58.94317627 44.40000153 8.39999962
v -59.00704193 44.40000153 8.69999981
v -59.04988861 44.40000153 9.00000095
v -59.07701874 44.40000153 9.29999924
v -59.09304047 44.40000153 9.60000038
v -59.09999847 44.40000153 9.89999867
v -59.09999847 44.40000153 10.19999981
v -59.09173584 44.40000153 10.50000095
v -59.07373047 44.40000153 10.79999924
v -59.05261230 44.40000153 11.10000038
v -59.03770447 44.40000153 11.40000057
v -59.03475952 44.40000153 11.69999886
v -59.04293823 44.40000153 12.00000000
v -59.05820847 44.40000153 12.30000114
v -59.07605743 44.40000153 12.59999943
v -59.08794785 44.40000153 12.90000057
v -59.08245087 44.40000153 13.19999886
v -59.04633331 44.40000153 13.50000000
v -58.96387482 44.40000153 13.80000114
v -58.84268951 44.70000076 8.10000133
v -58.96428680 44.70000076 8.39999962
v -59.06413269 44.70000076 8.69999981
v -59.09999847 44.60326385 9.00000095
v -59.09999847 44.70000076 8.87526989
v -59.09999847 44.47845840 9.29999924
v -59.09999847 44.42010117 9.60000038
v -59.09999847 44.40000153 9.89999867
v -59.09999847 44.40000153 10.19999981
v -59.09999847 44.41698456 10.50000095
v -59.09999847 44.44783783 10.79999924
v -59.09999847 44.47634888 11.10000038
v -59.09999847 44.49083710 11.40000057
v -59.09999847 44.48917770 11.69999886
v -59.09999847 44.47425079 12.00000000
v -59.09999847 44.45148087 12.30000114
v -59.09999847 44.42801666 12.59999943
v -59.09999847 44.41365433 12.90000057
v -59.09999847 44.41992569 13.19999886
v -59.09999847 44.46316147 13.50000000
v -59.09999847 44.56162643 13.80000114
v -59.09999847 44.70000076 14.10000134
v -59.09999847 44.70000076 14.10000134
v -59.09174347 44.70000076 14.39999962
v -59.07680511 44.70000076 14.70000076
v -59.04715729 44.70000076 14.99999905
v -59.01835632 44.70000076 15.30000019
v -58.98772430 44.70000076 15.60000134
v -58.92816544 44.70000076 15.89999962
v -58.93385315 45.00000000 8.39999962
v -59.09999847 45.00000000 8.69999981
v -59.09999847 45.00000000 8.69999981
v -59.09999847 44.70000076 14.10000134
v -59.09999847 44.70624924 14.39999962
v -59.09999847 44.71549606 14.70000076
v -59.09999847 44.73041153 14.99999905
v -59.09999847 44.74456406 15.30000019
v -59.09999847 44.76088715 15.60000134
v -59.09999847 44.79094315 15.89999962
v -59.09999847 44.84762955 16.20000076
v -59.09999847 44.93714905 16.50000191
v -58.94451904 45.00000000 16.79999924
v -59.09999847 45.00000000 16.66391754
v -59.00227737 45.29999924 8.69999981
v -59.09999847 45.29999924 8.90049362
v -59.09999847 45.05289078 16.79999924
v -59.09999847 45.18074417 17.10000038
v -59.09999847 45.29999924 17.39999771
v -59.09999847 45.29999924 17.39999771
v -58.89084244 45.59999847 8.69999981
v -59.08112335 45.59999847 9.00000095
v -59.09999847 45.51281738 9.00000095
v -59.09999847 45.59999847 9.03697586
v -59.09999847 45.29999924 17.39999771
v -59.09999847 45.58953857 17.69999886
v -59.09999847 45.59999847 17.70951271
v -58.97335052 45.90000153 9.00000095
v -59.09999847 45.90000153 9.20139408
v -59.09999847 45.90000153 17.93436432
v -59.02710342 46.20000076 9.29999924
v -59.09999847 46.04825592 9.29999924
v -59.09999847 46.20000076 9.38941860
v -59.09999847 45.98883438 18.00000000
v -59.09999847 46.20000076 18.16266441
v -59.09999847 46.50000000 9.58901596
v -58.92066956 46.50000000 18.29999924
v -59.09999847 46.38162231 18.29999924
v -59.09999847 46.50000000 18.39478493
v -59.09999847 46.51311874 9.60000038
v -59.09999847 46.79999924 9.85459137
v -59.09999847 46.79999924 18.60000038
v -59.09999847 46.84424973 9.89999867
v -59.09999847 47.09999847 10.19999981
v -59.09999847 47.09999847 10.19999981
v -59.09999847 47.09999847 10.19999981
v -58.79999924 47.09999847 18.60000038
v -59.09999847 46.79999924 18.60000038
v -59.05783081 47.09999847 18.90000153
v -59.09999847 47.05480194 18.90000153
v -59.09999847 47.09999847 18.94560814
v -59.09999847 47.40000153 10.50000095
v -59.09999847 47.40000153 10.50000095
v -59.09999847 47.40000153 10.50000095
v -58.79999924 47.40000153 18.90000153
v -59.09999847 47.40000153 19.20000267
v -59.09999847 47.70000076 10.63936138
v -58.96579361 47.70000076 19.20000267
v -59.09999847 47.40000153 19.20000267
v -59.09999847 47.70000076 19.35398674
v -59.09999847 48.00000000 10.79999924
v -59.09999847 48.00000000 10.79999924
v -59.09999847 48.00000000 10.79999924
v -58.85277557 48.00000000 19.20000267
v -59.09999847 48.00000000 19.49830627
v -59.09999847 48.29999924 11.01288986
v -58.96444321 48.29999924 19.50000000
v -59.09999847 48.00335312 19.50000000
v -59.09999847 48.29999924 19.64709854
v -59.09999847 48.42259216 11.10000038
v -59.09999847 48.59999847 11.22858238
v -59.09999847 48.59999847 19.79999924
v -59.09999847 48.83195114 11.40000057
v -59.09999847 48.90000153 11.45700169
v -58.86599731 48.90000153 19.79999924
v -59.09999847 48.59999847 19.79999924
v -59.09999847 48.90000153 20.05544662
v -59.09999847 49.20000076 11.69999886
v -59.09999847 49.20000076 11.69999886
v -59.09999847 49.20000076 11.69999886
v -58.92578125 49.20000076 20.10000038
v -59.09999847 48.95438004 20.10000038
v -59.09999847 49.20000076 20.30422592
v -59.09999847 49.38574982 12.00000000
v -59.09999847 49.50000000 12.11762619
v -58.99121475 49.50000000 20.39999962
v -59.09999847 49.32718658 20.39999962
v -59.09999847 49.50000000 20.53634644
v -59.09999847 49.79999924 12.30000114
v -59.09999847 49.79999924 12.30000114
v -58.80950165 49.79999924 20.39999962
v -59.09999847 49.79999924 20.70000076
v -59.09999847 50.09999847 12.59999943
v -59.09999847 50.09999847 12.59999943
v -58.88244247 50.09999847 20.70000076
v -59.09999847 49.79999924 20.70000076
v -59.09999847 50.09999847 21.00000000
v -59.09999847 50.33192825 12.90000057
v -59.09999847 50.40000153 12.99844646
v -58.79999924 50.40000153 21.00000000
v -59.09999847 50.09999847 21.00000000
v -59.09999847 50.40000153 21.29999924
v -59.09999847 50.52413177 13.19999886
v -59.09999847 50.70000076 13.50000000
v -59.09999847 50.70000076 13.50000000
v -59.09999847 50.70000076 13.50000000
v -59.09999847 50.70000076 20.70000076
v -59.09999847 50.70000076 21.00000000
v -59.09999847 50.70000076 21.00000000
v -59.09999847 50.84704971 13.80000114
v -59.09999847 51.00000000 14.10000134
v -59.09999847 51.00000000 14.10000134
v -59.09999847 51.00000000 14.10000134
v -59.09999847 50.70000076 21.00000000
v -59.09999847 50.70000076 21.29999924
v -59.09999847 51.00000000 21.30012321
v -59.09999847 51.29999924 14.28874397
v -59.09999847 51.29999924 21.29999924
v -59.09999847 51.29999924 21.29999924
v -59.09999847 51.40240097 14.39999962
v -59.09999847 51.59999847 14.69155025
v -59.09999847 51.59999847 20.70000076
v -59.09999847 51.59999847 20.70000076
v -59.09999847 51.59999847 20.70000076
v -59.09999847 51.59999847 21.00000000
v -59.09999847 51.59999847 21.00000000
v -59.09999847 51.60507965 14.70000076
v -59.09999847 51.76232147 14.99999905
v -59.09999847 51.90000153 15.30000019
v -59.09999847 51.90000153 15.30000019
v -59.09999847 51.90000153 15.30000019
v -59.09999847 51.59999847 20.70000076
v -59.09999847 51.90000153 21.00000000
v -59.09999847 51.90000153 21.00000000
v -59.09999847 52.00667191 15.60000134
v -58.93629837 52.20000076 15.89999962
v -59.09999847 52.10470200 15.89999962
v -59.09999847 52.20000076 16.18035889
v -59.09999847 52.20000076 20.70000076
v -59.09999847 52.20000076 20.70000076
v -59.09999847 52.20000076 20.70000076
v -59.09999847 52.20666504 16.20000076
v -59.09999847 52.30711746 16.50000191
v -58.94584656 52.50000000 16.79999924
v -59.09999847 52.40222168 16.79999924
v -59.09999847 52.50000000 17.10000038
v -59.09999847 52.50000000 17.10000038
v -59.09999847 52.50000000 17.10000038
v -59.09999847 52.50000000 20.39999962
v -59.09999847 52.50000000 20.39999962
v -59.09999847 52.50000000 20.39999962
v -59.09999847 52.55884552 17.39999771
v -58.83241653 52.79999924 17.69999886
v -59.09999847 52.62127304 17.69999886
v -58.94772339 52.79999924 18.00000000
v -59.09999847 52.68584061 18.00000000
v -59.03564453 52.79999924 18.29999924
v -59.09999847 52.74605179 18.29999924
v -59.08509064 52.79999924 18.60000038
v -59.09999847 52.78722000 18.60000038
v -59.09999847 52.79999924 18.90000153
v -59.09999847 52.79999924 18.90000153
v -59.09999847 52.79999924 18.90000153
v -59.09999847 52.79999924 19.79999924
v -59.09999847 52.79999924 19.79999924
v -59.09999847 52.79999924 19.79999924
v -59.09999847 52.66731262 20.10000038
v -58.96440125 53.09999847 19.20000267
v -59.09999847 52.92198181 19.20000267
v -59.00378418 53.09999847 19.50000000
v -59.09999847 52.95195770 19.50000000
v -58.92673492 53.09999847 19.79999924
v -58.81272888 53.40000153 19.50000000
v -59.12353134 44.70000076 9.00000095
v -59.16322327 44.70000076 9.29999924
v -59.19339752 44.70000076 9.60000038
v -59.21416855 44.70000076 9.89999867
v -59.22613907 44.70000076 10.19999981
v -59.23123932 44.70000076 10.50000095
v -59.23275757 44.70000076 10.79999924
v -59.23429489 44.70000076 11.10000038
v -59.24083710 44.70000076 11.40000057
v -59.25285339 44.70000076 11.69999886
v -59.27267075 44.70000076 12.00000000
v -59.30237198 44.70000076 12.30000114
v -59.33742523 44.70000076 12.59999943
v -59.36340332 44.70000076 12.90000057
v -59.36257935 44.70000076 13.19999886
v -59.32419968 44.70000076 13.50000000
v -59.24102402 44.70000076 13.80000114
v -59.15812302 45.00000000 9.00000095
v -59.21623993 45.00000000 9.29999924
v -59.26980591 45.00000000 9.60000038
v -59.31259155 45.00000000 9.89999867
v -59.33673477 45.00000000 10.19999981
v -59.35537338 45.00000000 10.50000095
v -59.37660599 45.00000000 10.79999924
v -59.40000153 45.00000000 11.10000038
v -59.40000153 44.94375992 11.40000057
v -59.40000153 45.00000000 11.10000038
v -59.40000153 44.90900803 11.69999886
v -59.40000153 44.87697983 12.00000000
v -59.40000153 44.82996750 12.30000114
v -59.40000153 44.77376175 12.59999943
v -59.40000153 44.73892975 12.90000057
v -59.40000153 44.73762894 13.19999886
v -59.40000153 44.77133942 13.50000000
v -59.40000153 44.82735062 13.80000114
v -59.40000153 44.87737656 14.10000134
v -59.40000153 44.89842606 14.39999962
v -59.40000153 44.90552521 14.70000076
v -59.40000153 44.90921021 14.99999905
v -59.40000153 44.91430283 15.30000019
v -59.40000153 44.92463303 15.60000134
v -59.40000153 44.94704437 15.89999962
v -59.40000153 44.99119186 16.20000076
v -59.24584961 45.00000000 16.50000191
v -59.40000153 45.00000000 16.23610115
v -59.13947678 45.29999924 9.00000095
v -59.23598099 45.29999924 9.29999924
v -59.32063675 45.29999924 9.60000038
v -59.40000153 45.29999924 9.89999867
v -59.40000153 45.21379089 10.19999981
v -59.40000153 45.29999924 9.89999867
v -59.40000153 45.13409042 10.50000095
v -59.40000153 45.05747223 10.79999924
v -59.40000153 45.00000000 11.10000038
v -59.40000153 45.06631088 16.50000191
v -59.40000153 45.17084885 16.79999924
v -59.40000153 45.29999924 17.10000038
v -59.40000153 45.29999924 17.10000038
v -59.21789169 45.59999847 9.29999924
v -59.33226013 45.59999847 9.60000038
v -59.40000153 45.29999924 9.89999867
v -59.40000153 45.59999847 9.82070541
v -59.40000153 45.29999924 17.10000038
v -59.40000153 45.42504501 17.39999771
v -59.40000153 45.59999847 17.69999886
v -59.40000153 45.59999847 17.69999886
v -59.15559769 45.90000153 9.29999924
v -59.30955887 45.90000153 9.60000038
v -59.40000153 45.90000153 9.81618595
v -59.40000153 45.59999847 17.69999886
v -59.40000153 45.90000153 17.90277481
v -59.24667358 46.20000076 9.60000038
v -59.40000153 46.20000076 9.84696865
v -59.40000153 45.99721146 18.00000000
v -59.40000153 46.20000076 18.22478485
v -59.11000443 46.50000000 9.60000038
v -59.40000153 46.50000000 9.89999867
v -59.40000153 46.50000000 9.89999867
v -59.40000153 46.50000000 9.89999867
v -59.40000153 46.26393509 18.29999924
v -59.40000153 46.50000000 18.60000038
v -59.14323044 46.79999924 9.89999867
v -59.37356186 46.79999924 10.19999981
v -59.40000153 46.75432205 10.19999981
v -59.40000153 46.79999924 10.23539448
v -59.09999847 46.79999924 18.60000038
v -59.40000153 46.50000000 18.60000038
v -59.34568787 46.79999924 18.90000153
v -59.40000153 46.74742508 18.90000153
v -59.40000153 46.79999924 18.95658302
v -59.40000153 47.09999847 10.50000095
v -59.40000153 47.09999847 10.50000095
v -59.40000153 47.09999847 10.50000095
v -59.34363937 47.09999847 19.20000267
v -59.40000153 47.04180145 19.20000267
v -59.40000153 47.09999847 19.25405121
v -59.40000153 47.40000153 10.65975761
v -59.09999847 47.40000153 19.20000267
v -59.40000153 47.40000153 19.50000000
v -59.40000153 47.70000076 10.79209900
v -59.23638535 47.70000076 19.50000000
v -59.40000153 47.40000153 19.50000000
v -59.40000153 47.70000076 19.66859627
v -59.40000153 47.71558762 10.79999924
v -59.40000153 48.00000000 10.94174862
v -59.10152435 48.00000000 19.50000000
v -59.40000153 48.00000000 19.79999924
v -59.35759354 48.29999924 11.10000038
v -59.40000153 48.27504349 11.10000038
v -59.40000153 48.29999924 11.11434937
v -59.24292374 48.29999924 19.79999924
v -59.40000153 48.00000000 19.79999924
v -59.40000153 48.29999924 19.97109222
v -59.40000153 48.59999847 11.30840492
v -59.09999847 48.59999847 19.79999924
v -59.34221649 48.59999847 20.10000038
v -59.40000153 48.50395203 20.10000038
v -59.40000153 48.59999847 20.16707802
v -59.40000153 48.72504044 11.40000057
v -59.40000153 48.90000153 11.55364037
v -59.13852692 48.90000153 20.10000038
v -59.40000153 48.90000153 20.39999962
v -59.40000153 49.04006958 11.69999886
v -59.40000153 49.20000076 12.00000000
v -59.40000153 49.20000076 12.00000000
v -59.40000153 49.20000076 12.00000000
v -59.17680740 49.20000076 20.39999962
v -59.40000153 48.90000153 20.39999962
v -59.40000153 49.20000076 20.70000076
v -59.40000153 49.50000000 12.30000114
v -59.40000153 49.50000000 12.30000114
v -59.40000153 49.50000000 12.30000114
v -59.21574783 49.50000000 20.70000076
v -59.40000153 49.20000076 20.70000076
v -59.40000153 49.50000000 21.00000000
v -59.40000153 49.79999924 12.44748020
v -59.09999847 49.79999924 20.70000076
v -59.26655960 49.79999924 21.00000000
v -59.40000153 49.50000000 21.00000000
v -59.40000153 49.79999924 21.15414047
v -59.40000153 49.97756958 12.59999943
v -59.40000153 50.09999847 12.72811699
v -59.09999847 50.09999847 21.00000000
v -59.40000153 50.09999847 21.29999924
v -59.40000153 50.23259735 12.90000057
v -59.40000153 50.40000153 13.14529991
v -59.09999847 50.40000153 21.29999924
v -59.40000153 50.09999847 21.29999924
v -59.40000153 50.40000153 21.31150436
v -59.40000153 50.43430328 13.19999886
v -59.40000153 50.58840561 13.50000000
v -59.40000153 50.70000076 13.80000114
v -59.40000153 50.70000076 13.80000114
v -59.40000153 50.70000076 13.80000114
v -59.09999847 50.70000076 21.00000000
v -59.40000153 50.70000076 21.29999924
v -59.40000153 50.70000076 21.29999924
v -59.40000153 50.89752579 14.10000134
v -59.40000153 51.00000000 14.21985340
v -59.40000153 51.00000000 21.29999924
v -59.40000153 51.00000000 21.29999924
v -59.40000153 51.29999924 14.39999962
v -59.40000153 51.29999924 14.39999962
v -59.40000153 51.29999924 14.39999962
v -59.40000153 51.29999924 21.29999924
v -59.11032486 51.59999847 14.70000076
v -59.40000153 51.43041229 14.70000076
v -59.40000153 51.59999847 14.99999905
v -59.40000153 51.59999847 14.99999905
v -59.40000153 51.59999847 14.99999905
v -59.40000153 51.59999847 20.70000076
v -59.40000153 51.59999847 20.70000076
v -59.40000153 51.48489761 21.00000000
v -59.40000153 51.71762848 15.30000019
v -59.26974869 51.90000153 15.60000134
v -59.40000153 51.81434250 15.60000134
v -59.40000153 51.90000153 15.89999962
v -59.40000153 51.90000153 15.89999962
v -59.40000153 51.90000153 15.89999962
v -59.40000153 51.59999847 20.70000076
v -59.40000153 51.90000153 21.00000000
v -59.11010742 52.20000076 16.20000076
v -59.40000153 52.00428391 16.20000076
v -59.24906540 52.20000076 16.50000191
v -59.40000153 52.08806229 16.50000191
v -59.36467743 52.20000076 16.79999924
v -59.40000153 52.17116928 16.79999924
v -59.40000153 52.20000076 16.89234352
v -59.40000153 51.94099808 20.70000076
v -59.40000153 52.20000076 20.50546265
v -59.40000153 52.26295471 17.10000038
v -59.18242264 52.50000000 17.39999771
v -59.40000153 52.33625031 17.39999771
v -59.26146317 52.50000000 17.69999886
v -59.40000153 52.39396286 17.69999886
v -59.33332825 52.50000000 18.00000000
v -59.40000153 52.44768906 18.00000000
v -59.40000153 52.50000000 18.29999924
v -59.40000153 52.50000000 18.29999924
v -59.40000153 52.50000000 18.29999924
v -59.40000153 52.50000000 20.10000038
v -59.40000153 52.50000000 20.10000038
v -59.40000153 52.50000000 20.10000038
v -59.40000153 52.28855133 20.39999962
v -59.40000153 52.57787704 18.60000038
v -59.40000153 52.62700653 18.90000153
v -59.22227478 52.79999924 19.20000267
v -59.40000153 52.66316986 19.20000267
v -59.23580170 52.79999924 19.50000000
v -59.40000153 52.66086197 19.50000000
v -59.40000153 52.60090637 19.79999924
v -59.43897629 45.00000000 11.40000057
v -59.46657944 45.00000000 11.69999886
v -59.48981857 45.00000000 12.00000000
v -59.52919006 45.00000000 12.30000114
v -59.61060715 45.00000000 12.59999943
v -59.67174911 45.00000000 12.90000057
v -59.68340302 45.00000000 13.19999886
v -59.66165924 45.00000000 13.50000000
v -59.62355042 45.00000000 13.80000114
v -59.58360291 45.00000000 14.10000134
v -59.55934143 45.00000000 14.39999962
v -59.55033112 45.00000000 14.70000076
v -59.54715729 45.00000000 14.99999905
v -59.54285049 45.00000000 15.30000019
v -59.53075409 45.00000000 15.60000134
v -59.49827957 45.00000000 15.89999962
v -59.41823196 45.00000000 16.20000076
v -59.42485428 45.29999924 10.19999981
v -59.45439148 45.29999924 10.50000095
v -59.49942780 45.29999924 10.79999924
v -59.57176590 45.29999924 11.10000038
v -59.66096497 45.29999924 11.40000057
v -59.70000076 45.29999924 11.69999886
v -59.70000076 45.29999924 12.00000000
v -59.70000076 45.29999924 12.30000114
v -59.70000076 45.09376526 12.59999943
v -59.70000076 45.29999924 12.30000114
v -59.70000076 45.02640533 12.90000057
v -59.70000076 45.01529312 13.19999886
v -59.70000076 45.03322220 13.50000000
v -59.70000076 45.05858612 13.80000114
v -59.70000076 45.07863998 14.10000134
v -59.70000076 45.09001541 14.39999962
v -59.70000076 45.09446335 14.70000076
v -59.70000076 45.09561920 14.99999905
v -59.70000076 45.09677505 15.30000019
v -59.70000076 45.10086823 15.60000134
v -59.70000076 45.11209106 15.89999962
v -59.70000076 45.13785553 16.20000076
v -59.70000076 45.19171143 16.50000191
v -59.70000076 45.29999924 16.79999924
v -59.70000076 45.29999924 16.79999924
v -59.42272949 45.59999847 9.89999867
v -59.48040009 45.59999847 10.19999981
v -59.52611542 45.59999847 10.50000095
v -59.58146667 45.59999847 10.79999924
v -59.68484879 45.59999847 11.10000038
v -59.70000076 45.35299301 11.40000057
v -59.70000076 45.59999847 11.12602997
v -59.70000076 45.29999924 11.69999886
v -59.70000076 45.29999924 12.00000000
v -59.70000076 45.29999924 12.30000114
v -59.70000076 45.29999924 16.79999924
v -59.70000076 45.40697861 17.10000038
v -59.70000076 45.53367996 17.39999771
v -59.70000076 45.59999847 17.49178123
v -59.43223572 45.90000153 9.89999867
v -59.51938248 45.90000153 10.19999981
v -59.58173370 45.90000153 10.50000095
v -59.63467407 45.90000153 10.79999924
v -59.70000076 45.90000153 11.10000038
v -59.70000076 45.90000153 11.10000038
v -59.70000076 45.90000153 17.69999886
v -59.70000076 45.90000153 17.69999886
v -59.42807388 46.20000076 9.89999867
v -59.53989410 46.20000076 10.19999981
v -59.63066101 46.20000076 10.50000095
v -59.70000076 46.20000076 10.79999924
v -59.70000076 45.90000153 11.10000038
v -59.70000076 46.20000076 10.79999924
v -59.70000076 45.90000153 17.69999886
v -59.70000076 46.05329132 18.00000000
v -59.70000076 46.20000076 18.25632477
v -59.51228714 46.50000000 10.19999981
v -59.67361450 46.50000000 10.50000095
v -59.70000076 46.20000076 10.79999924
v -59.70000076 46.50000000 10.53755665
v -59.70000076 46.22377014 18.29999924
v -59.40000153 46.50000000 18.60000038
v -59.70000076 46.37559891 18.60000038
v -59.70000076 46.50000000 18.90000153
v -59.60616684 46.79999924 10.50000095
v -59.70000076 46.79999924 10.59376431
v -59.70000076 46.50000000 18.90000153
v -59.70000076 46.79999924 19.20000267
v -59.70000076 47.09999847 10.79999924
v -59.70000076 47.09999847 10.79999924
v -59.70000076 47.09999847 10.79999924
v -59.70000076 46.79999924 19.20000267
v -59.70000076 47.09999847 19.50000000
v -59.60823822 47.40000153 10.79999924
v -59.70000076 47.40000153 10.85660839
v -59.40000153 47.40000153 19.50000000
v -59.70000076 47.09999847 19.50000000
v -59.70000076 47.40000153 19.79999924
v -59.41430664 47.70000076 10.79999924
v -59.70000076 47.70000076 10.95167065
v -59.54087067 47.70000076 19.79999924
v -59.70000076 47.40000153 19.79999924
v -59.70000076 47.70000076 19.93544769
v -59.70000076 48.00000000 11.10000038
v -59.70000076 48.00000000 11.10000038
v -59.70000076 48.00000000 11.10000038
v -59.40000153 48.00000000 19.79999924
v -59.70000076 48.00000000 20.10000038
v -59.70000076 48.29999924 11.23384953
v -59.53557968 48.29999924 20.10000038
v -59.70000076 48.00000000 20.10000038
v -59.70000076 48.29999924 20.24172783
v -59.69426727 48.59999847 11.40000057
v -59.70000076 48.59695816 11.40000057
v -59.70000076 48.59999847 11.40193462
v -59.62598038 48.59999847 20.39999962
v -59.70000076 48.51497269 20.39999962
v -59.70000076 48.59999847 20.48330879
v -59.70000076 48.90000153 11.63967609
v -59.40000153 48.90000153 20.39999962
v -59.57809067 48.90000153 20.70000076
v -59.70000076 48.76794815 20.70000076
v -59.70000076 48.90000153 21.00000000
v -59.70000076 48.95743942 11.69999886
v -59.70000076 49.16913986 12.00000000
v -59.70000076 49.20000076 12.03909874
v -59.40000153 49.20000076 20.70000076
v -59.57691956 49.20000076 21.00000000
v -59.70000076 48.90000153 21.00000000
v -59.70000076 49.20000076 21.12534904
v -59.70000076 49.45949554 12.30000114
v -59.70000076 49.50000000 12.33343887
v -59.40000153 49.50000000 21.00000000
v -59.70000076 49.50000000 21.29999924
v -59.70000076 49.79999924 12.53657055
v -59.56542969 49.79999924 21.29999924
v -59.70000076 49.50000000 21.29999924
v -59.70000076 49.79999924 21.38329506
v -59.70000076 49.86795807 12.59999943
v -59.70000076 50.09999847 12.90000057
v -59.70000076 50.09999847 12.90000057
v -59.70000076 50.09999847 12.90000057
v -59.40000153 50.09999847 21.29999924
v -59.70000076 50.09999847 21.41085815
v -59.49485397 50.40000153 13.19999886
v -59.70000076 50.31680679 13.19999886
v -59.70000076 50.40000153 13.33298969
v -59.70000076 50.40000153 21.34331322
v -59.70000076 50.48931503 13.50000000
v -59.70000076 50.59700012 13.80000114
v -59.70000076 50.70000076 14.10000134
v -59.70000076 50.70000076 14.10000134
v -59.70000076 50.70000076 14.10000134
v -59.70000076 50.70000076 20.70000076
v -59.70000076 50.70000076 20.70000076
v -59.70000076 50.70000076 20.70000076
v -59.70000076 50.70000076 21.00000000
v -59.70000076 50.70000076 21.00000000
v -59.70000076 50.52922440 21.29999924
v -59.58006287 51.00000000 14.39999962
v -59.70000076 50.89489365 14.39999962
v -59.70000076 51.00000000 14.70000076
v -59.70000076 51.00000000 14.70000076
v -59.70000076 51.00000000 14.70000076
v -59.70000076 50.70000076 20.70000076
v -59.70000076 51.00000000 21.00000000
v -59.70000076 51.00000000 21.00000000
v -59.55479813 51.29999924 14.70000076
v -59.70000076 51.29999924 14.85357857
v -59.70000076 51.29999924 21.00000000
v -59.70000076 51.29999924 21.00000000
v -59.70000076 51.41008759 14.99999905
v -59.58823776 51.59999847 15.30000019
v -59.70000076 51.52811050 15.30000019
v -59.70000076 51.59999847 15.60000134
v -59.70000076 51.59999847 15.60000134
v -59.70000076 51.59999847 15.60000134
v -59.70000076 51.59999847 20.10000038
v -59.70000076 51.59999847 20.10000038
v -59.70000076 51.59999847 20.39999962
v -59.70000076 51.59999847 20.39999962
v -59.70000076 51.56021500 20.70000076
v -59.70000076 51.73376465 15.89999962
v -59.56527710 51.90000153 16.20000076
v -59.70000076 51.81721497 16.20000076
v -59.65845490 51.90000153 16.50000191
v -59.70000076 51.87190628 16.50000191
v -59.70000076 51.90000153 16.79999924
v -59.70000076 51.90000153 16.79999924
v -59.70000076 51.90000153 16.79999924
v -59.70000076 51.59999847 20.10000038
v -59.70000076 51.59999847 20.39999962
v -59.44651794 51.90000153 20.70000076
v -59.70000076 51.90000153 20.43807983
v -59.48361588 52.20000076 17.10000038
v -59.70000076 52.04294205 17.10000038
v -59.58201981 52.20000076 17.39999771
v -59.70000076 52.11380386 17.39999771
v -59.64691162 52.20000076 17.69999886
v -59.70000076 52.15903473 17.69999886
v -59.70000076 52.20000076 18.00000000
v -59.70000076 52.20000076 18.00000000
v -59.70000076 52.20000076 18.00000000
v -59.70000076 52.20000076 20.10000038
v -59.70000076 52.20000076 20.10000038
v -59.70000076 52.20000076 20.10000038
v -59.70000076 52.20000076 20.39999962
v -59.70000076 52.20000076 20.39999962
v -59.70000076 52.32873535 18.29999924
v -59.53326416 52.50000000 18.60000038
v -59.70000076 52.40653229 18.60000038
v -59.62472534 52.50000000 18.90000153
v -59.70000076 52.45814896 18.90000153
v -59.66953278 52.50000000 19.20000267
v -59.70000076 52.48253632 19.20000267
v -59.65339279 52.50000000 19.50000000
v -59.70000076 52.47098160 19.50000000
v -59.56529236 52.50000000 19.79999924
v -59.70000076 52.39677048 19.79999924
v -60.00000000 45.29999924 12.59999943
v -60.00000000 45.29999924 12.90000057
v -60.00000000 45.29999924 13.19999886
v -60.00000000 45.29862595 13.50000000
v -60.00000000 45.29999924 13.19999886
v -60.00000000 45.29999924 13.80000114
v -60.00000000 45.29999924 13.80000114
v -60.00000000 45.29999924 14.10000134
v -60.00000000 45.29999924 14.39999962
v -60.00000000 45.29999924 14.70000076
v -60.00000000 45.29999924 14.99999905
v -60.00000000 45.29999924 15.30000019
v -60.00000000 45.29999924 15.60000134
v -60.00000000 45.29999924 15.89999962
v -60.00000000 45.29999924 16.20000076
v -60.00000000 45.29999924 16.50000191
v -60.00000000 45.59999847 11.40000057
v -60.00000000 45.59999847 11.69999886
v -60.00000000 45.59999847 12.00000000
v -60.00000000 45.54062271 12.30000114
v -60.00000000 45.59999847 12.00000000
v -60.00000000 45.29999924 12.59999943
v -60.00000000 45.29999924 12.90000057
v -60.00000000 45.29999924 13.19999886
v -60.00000000 45.29999924 13.80000114
v -60.00000000 45.29999924 14.10000134
v -60.00000000 45.29999924 14.39999962
v -60.00000000 45.29999924 14.70000076
v -60.00000000 45.29999924 14.99999905
v -60.00000000 45.29999924 15.30000019
v -60.00000000 45.29999924 15.60000134
v -60.00000000 45.29999924 15.89999962
v -60.00000000 45.29999924 16.20000076
v -60.00000000 45.29999924 16.50000191
v -60.00000000 45.47151566 16.79999924
v -60.00000000 45.56468201 17.10000038
v -60.00000000 45.59999847 17.39999771
v -60.00000000 45.59999847 17.39999771
v -60.00000000 45.59999847 11.40000057
v -60.00000000 45.90000153 11.33757210
v -60.00000000 45.59999847 11.69999886
v -60.00000000 45.59999847 12.00000000
v -60.00000000 45.59999847 17.39999771
v -60.00000000 45.90000153 17.63315010
v -60.00000000 46.20000076 11.10000038
v -60.00000000 46.20000076 11.10000038
v -60.00000000 45.94827271 17.69999886
v -60.00000000 46.10972977 18.00000000
v -60.00000000 46.20000076 18.19997025
v -60.00000000 46.50000000 10.79999924
v -60.00000000 46.20000076 11.10000038
v -60.00000000 46.50000000 10.79999924
v -60.00000000 46.24203110 18.29999924
v -60.00000000 46.35910416 18.60000038
v -59.70000076 46.50000000 18.90000153
v -60.00000000 46.48307800 18.90000153
v -60.00000000 46.50000000 18.92726517
v -60.00000000 46.79999924 10.79999924
v -60.00000000 46.79999924 10.79999924
v -59.70000076 46.79999924 19.20000267
v -60.00000000 46.70714188 19.20000267
v -60.00000000 46.79999924 19.31528473
v -60.00000000 47.09999847 10.97102928
v -59.70000076 47.09999847 19.50000000
v -60.00000000 46.95791245 19.50000000
v -60.00000000 47.09999847 19.66813469
v -60.00000000 47.40000153 11.04147816
v -59.70000076 47.40000153 19.79999924
v -60.00000000 47.23112106 19.79999924
v -60.00000000 47.40000153 19.94358826
v -60.00000000 47.70000076 11.10000038
v -60.00000000 47.70000076 11.10000038
v -60.00000000 47.70000076 11.10000038
v -60.00000000 47.70000076 20.10000038
v -60.00000000 48.00000000 11.22862816
v -59.70000076 48.00000000 20.10000038
v -60.00000000 47.70000076 20.10000038
v -60.00000000 48.00000000 20.25773621
v -60.00000000 48.29999924 11.36235809
v -60.00000000 48.29999924 20.39999962
v -60.00000000 48.37446594 11.40000057
v -60.00000000 48.59999847 11.52447319
v -60.00000000 48.29999924 20.39999962
v -60.00000000 48.59999847 20.70000076
v -60.00000000 48.90000153 11.69999886
v -60.00000000 48.90000153 11.69999886
v -60.00000000 48.90000153 11.69999886
v -60.00000000 48.59999847 20.70000076
v -59.70000076 48.90000153 21.00000000
v -60.00000000 48.76484680 21.00000000
v -60.00000000 48.90000153 21.13341522
v -60.00000000 49.06373596 12.00000000
v -60.00000000 49.20000076 12.18651962
v -60.00000000 49.20000076 21.29999924
v -60.00000000 49.30813599 12.30000114
v -60.00000000 49.50000000 12.46394825
v -59.70000076 49.50000000 21.29999924
v -60.00000000 49.20000076 21.29999924
v -60.00000000 49.50000000 21.45888138
v -60.00000000 49.79999924 12.59999943
v -60.00000000 49.79999924 12.59999943
v -60.00000000 49.79999924 12.59999943
v -60.00000000 49.79999924 21.52129555
v -60.00000000 49.93115997 12.90000057
v -60.00000000 50.09999847 13.13148689
v -60.00000000 50.09999847 21.50844574
v -60.00000000 50.14930344 13.19999886
v -60.00000000 50.40000153 13.50000000
v -60.00000000 50.40000153 13.50000000
v -60.00000000 50.40000153 13.50000000
v -60.00000000 50.40000153 21.39972115
v -60.00000000 50.46089172 13.80000114
v -60.00000000 50.55373001 14.10000134
v -60.00000000 50.70000076 14.39999962
v -60.00000000 50.70000076 14.39999962
v -60.00000000 50.70000076 14.39999962
v -60.00000000 50.70000076 20.70000076
v -60.00000000 50.70000076 20.70000076
v -60.00000000 50.70000076 21.00000000
v -60.00000000 50.58597946 21.29999924
v -60.00000000 50.86877060 14.70000076
v -60.00000000 51.00000000 14.84641457
v -60.00000000 50.70000076 20.70000076
v -60.00000000 51.00000000 21.00000000
v -60.00000000 51.29999924 14.99999905
v -60.00000000 51.29999924 14.99999905
v -60.00000000 51.29999924 14.99999905
v -60.00000000 51.29999924 21.00000000
v -60.00000000 51.32769394 15.30000019
v -60.00000000 51.41690445 15.60000134
v -60.00000000 51.59999847 15.89999962
v -60.00000000 51.59999847 15.89999962
v -60.00000000 51.59999847 15.89999962
v -60.00000000 51.59999847 20.10000038
v -60.00000000 51.59999847 20.10000038
v -60.00000000 51.59517288 20.39999962
v -60.00000000 51.49234009 20.70000076
v -60.00000000 51.63572693 16.20000076
v -60.00000000 51.69435120 16.50000191
v -60.00000000 51.77752304 16.79999924
v -60.00000000 51.90000153 17.10000038
v -60.00000000 51.90000153 17.10000038
v -60.00000000 51.90000153 17.10000038
v -60.00000000 51.59999847 20.10000038
v -60.00000000 51.66093063 20.39999962
v -60.00000000 51.90000153 20.41343117
v -60.00000000 51.90708160 17.39999771
v -60.00000000 51.92746353 17.69999886
v -60.00000000 52.00800323 18.00000000
v -60.00000000 52.20000076 18.29999924
v -60.00000000 52.20000076 18.29999924
v -60.00000000 52.20000076 18.29999924
v -60.00000000 52.12453461 20.10000038
v -60.00000000 52.20000076 20.03794479
v -60.00000000 52.20000076 20.39999962
v -60.00000000 52.23702621 18.60000038
v -60.00000000 52.29015350 18.90000153
v -60.00000000 52.33126450 19.20000267
v -60.00000000 52.31795120 19.50000000
v -60.00000000 52.25767899 19.79999924
v -60.00144958 45.29999924 13.50000000
v -60.04313660 45.59999847 12.30000114
v -60.11777878 45.59999847 12.59999943
v -60.15548325 45.59999847 12.90000057
v -60.19483185 45.59999847 13.19999886
v -60.29999924 45.59999847 13.50000000
v -60.29999924 45.59999847 13.80000114
v -60.29999924 45.59999847 14.10000134
v -60.29999924 45.59999847 14.39999962
v -60.29999924 45.59715652 14.70000076
v -60.29999924 45.59999847 14.39999962
v -60.29999924 45.59009552 14.99999905
v -60.29999924 45.58366776 15.30000019
v -60.29999924 45.57913208 15.60000134
v -60.29999924 45.57651520 15.89999962
v -60.29999924 45.57917404 16.20000076
v -60.29999924 45.59999847 16.50000191
v -60.29999924 45.59999847 16.50000191
v -60.12989807 45.59999847 16.79999924
v -60.04056549 45.59999847 17.10000038
v -60.04027176 45.90000153 11.40000057
v -60.13230133 45.90000153 11.69999886
v -60.17653275 45.90000153 12.00000000
v -60.22177124 45.90000153 12.30000114
v -60.26617813 45.90000153 12.59999943
v -60.29294205 45.90000153 12.90000057
v -60.29999924 45.90000153 13.19999886
v -60.29999924 45.59999847 13.50000000
v -60.29999924 45.90000153 13.19999886
v -60.29999924 45.59999847 13.80000114
v -60.29999924 45.59999847 14.10000134
v -60.29999924 45.59999847 14.39999962
v -60.29999924 45.59999847 16.50000191
v -60.29999924 45.90000153 16.79999924
v -60.29999924 45.90000153 16.79999924
v -60.28563690 45.90000153 17.10000038
v -60.20902634 45.90000153 17.39999771
v -60.13473892 46.20000076 11.40000057
v -60.23710632 46.20000076 11.69999886
v -60.29999924 46.20000076 12.00000000
v -60.29999924 46.05448914 12.30000114
v -60.29999924 46.20000076 12.00000000
v -60.29999924 45.96290970 12.59999943
v -60.29999924 45.91277313 12.90000057
v -60.29999924 45.90000153 13.19999886
v -60.29999924 45.90000153 16.79999924
v -60.29999924 45.91510391 17.10000038
v -60.29999924 45.97981644 17.39999771
v -60.29999924 46.09443665 17.69999886
v -60.29999924 46.20000076 18.00000000
v -60.29999924 46.20000076 18.00000000
v -60.11036682 46.50000000 11.10000038
v -60.23676682 46.50000000 11.40000057
v -60.29999924 46.36567688 11.69999886
v -60.29999924 46.50000000 11.55742455
v -60.29999924 46.20000076 12.00000000
v -60.29999924 46.20000076 18.00000000
v -60.29999924 46.31984711 18.29999924
v -60.29999924 46.41705322 18.60000038
v -60.29999924 46.50000000 18.90000153
v -60.29999924 46.50000000 18.90000153
v -60.15304947 46.79999924 11.10000038
v -60.29999924 46.71615601 11.40000057
v -60.29999924 46.79999924 11.35551739
v -60.29999924 46.50000000 18.90000153
v -60.29999924 46.70328140 19.20000267
v -60.29999924 46.79999924 19.34908295
v -60.12874603 47.09999847 11.10000038
v -60.29999924 47.09999847 11.29506207
v -60.29999924 46.90211487 19.50000000
v -60.29999924 47.09999847 19.79999924
v -60.07479858 47.40000153 11.10000038
v -60.29999924 47.40000153 11.30215836
v -60.29999924 47.09999847 19.79999924
v -60.29999924 47.40000153 20.10000038
v -60.29999924 47.70000076 11.33798504
v -60.00000000 47.70000076 20.10000038
v -60.29999924 47.40000153 20.10000038
v -60.29999924 47.70000076 20.18669701
v -60.29999924 48.00000000 11.40000057
v -60.29999924 48.00000000 11.40000057
v -60.29999924 48.00000000 11.40000057
v -60.29999924 48.00000000 20.39999962
v -60.06698608 48.29999924 11.40000057
v -60.29999924 48.29999924 11.55999756
v -60.00000000 48.29999924 20.39999962
v -60.29999924 48.00000000 20.39999962
v -60.29999924 48.29999924 20.62546730
v -60.29999924 48.59999847 11.69999886
v -60.29999924 48.59999847 11.69999886
v -60.29999924 48.59999847 11.69999886
v -60.00000000 48.59999847 20.70000076
v -60.29999924 48.36825180 20.70000076
v -60.26394653 48.59999847 21.00000000
v -60.29999924 48.57791138 21.00000000
v -60.29999924 48.59999847 21.02924156
v -60.20918655 48.90000153 12.00000000
v -60.29999924 48.80879974 12.00000000
v -60.29999924 48.90000153 12.12636948
v -60.26545334 48.90000153 21.29999924
v -60.29999924 48.87141418 21.29999924
v -60.29999924 48.90000153 21.31925011
v -60.11460495 49.20000076 12.30000114
v -60.29999924 49.02640915 12.30000114
v -60.29999924 49.20000076 12.51081467
v -60.00000000 49.20000076 21.29999924
v -60.29999924 49.20000076 21.47343445
v -60.13365936 49.50000000 12.59999943
v -60.29999924 49.28157806 12.59999943
v -60.29999924 49.50000000 12.90000057
v -60.29999924 49.50000000 12.90000057
v -60.29999924 49.50000000 12.90000057
v -60.29999924 49.50000000 21.60000038
v -60.13173294 49.79999924 12.90000057
v -60.29999924 49.79999924 13.13334560
v -60.22569656 49.79999924 21.60000038
v -60.29999924 49.50000000 21.60000038
v -60.29999924 49.79999924 21.62244987
v -60.06017685 50.09999847 13.19999886
v -60.29999924 49.85811996 13.19999886
v -60.29999924 50.09999847 13.50000000
v -60.29999924 50.09999847 13.50000000
v -60.29999924 50.09999847 13.50000000
v -60.29999924 50.09999847 21.60000038
v -60.29999924 50.09999847 21.60000038
v -60.08748627 50.40000153 13.80000114
v -60.29999924 50.22149658 13.80000114
v -60.21531296 50.40000153 14.10000134
v -60.29999924 50.33166885 14.10000134
v -60.29999924 50.40000153 14.25839806
v -60.29999924 50.40000153 21.45875931
v -60.29999924 50.46170425 14.39999962
v -60.19796371 50.70000076 14.70000076
v -60.29999924 50.61441422 14.70000076
v -60.29999924 50.70000076 14.86001015
v -60.00000000 50.70000076 20.70000076
v -60.00000000 50.70000076 21.00000000
v -60.29999924 50.70000076 21.29999924
v -60.29999924 50.70000076 21.29999924
v -60.12742615 51.00000000 14.99999905
v -60.29999924 50.78696060 14.99999905
v -60.24319077 51.00000000 15.30000019
v -60.29999924 50.92667389 15.30000019
v -60.29999924 51.00000000 15.60000134
v -60.29999924 51.00000000 15.60000134
v -60.29999924 51.00000000 15.60000134
v -60.00000000 51.00000000 21.00000000
v -60.29999924 51.00000000 21.00502968
v -60.02847672 51.29999924 15.30000019
v -60.11763000 51.29999924 15.60000134
v -60.29999924 51.29999924 15.89999962
v -60.29999924 51.29999924 15.89999962
v -60.29999924 51.29999924 15.89999962
v -60.29999924 51.29999924 21.00000000
v -60.29999924 51.29999924 21.00000000
v -60.04755783 51.59999847 16.20000076
v -60.29999924 51.35861206 16.20000076
v -60.13840103 51.59999847 16.50000191
v -60.29999924 51.45750046 16.50000191
v -60.29999924 51.59999847 16.79999924
v -60.29999924 51.59999847 16.79999924
v -60.29999924 51.59999847 16.79999924
v -60.29999924 51.59999847 18.00000000
v -60.29999924 51.59999847 18.00000000
v -60.29999924 51.59999847 18.00000000
v -60.29999924 51.59999847 18.00000000
v -60.29999924 51.59999847 20.10000038
v -60.29999924 51.59999847 20.10000038
v -60.29999924 51.59999847 20.39999962
v -60.29999924 51.48263550 20.70000076
v -60.29999924 51.64581680 17.10000038
v -60.00952530 51.90000153 17.39999771
v -60.29999924 51.66473770 17.39999771
v -60.03335190 51.90000153 17.69999886
v -60.29999924 51.65605164 17.69999886
v -60.11476898 51.90000153 18.00000000
v -60.29999924 51.90000153 18.29999924
v -60.29999924 51.90000153 18.29999924
v -60.29999924 51.90000153 18.29999924
v -60.29999924 51.90000153 20.10000038
v -60.29999924 51.90000153 20.10000038
v -60.29999924 51.90000153 20.39999962
v -60.05236816 52.20000076 18.60000038
v -60.29999924 51.96391296 18.60000038
v -60.14388657 52.20000076 18.90000153
v -60.29999924 52.05723190 18.90000153
v -60.29999924 52.20000076 19.20000267
v -60.29999924 52.20000076 19.20000267
v -60.27481461 52.20000076 19.50000000
v -60.29999924 52.18125534 19.50000000
v -60.29999924 52.20000076 19.79999924
v -60.29999924 52.20000076 19.79999924
v -60.30263519 45.59999847 14.70000076
v -60.30952835 45.59999847 14.99999905
v -60.31603622 45.59999847 15.30000019
v -60.32052994 45.59999847 15.60000134
v -60.32279205 45.59999847 15.89999962
v -60.31915665 45.59999847 16.20000076
v -60.40576553 45.90000153 13.50000000
v -60.45722198 45.90000153 13.80000114
v -60.49686050 45.90000153 14.10000134
v -60.53221130 45.90000153 14.39999962
v -60.56272507 45.90000153 14.70000076
v -60.58662033 45.90000153 14.99999905
v -60.59999847 45.90000153 15.30000019
v -60.59999847 45.90000153 15.60000134
v -60.59999847 45.90000153 15.89999962
v -60.57164001 45.90000153 16.20000076
v -60.49264526 45.90000153 16.50000191
v -60.37115860 46.20000076 12.30000114
v -60.42342758 46.20000076 12.59999943
v -60.46487427 46.20000076 12.90000057
v -60.50682831 46.20000076 13.19999886
v -60.55911636 46.20000076 13.50000000
v -60.59999847 46.20000076 13.80000114
v -60.59999847 46.06793213 14.10000134
v -60.59999847 46.20000076 13.80000114
v -60.59999847 45.99173737 14.39999962
v -60.59999847 45.94436646 14.70000076
v -60.59999847 45.91466522 14.99999905
v -60.59999847 45.90000153 15.30000019
v -60.59999847 45.90000153 15.60000134
v -60.59999847 45.90000153 15.89999962
v -60.59999847 45.93095779 16.20000076
v -60.59999847 46.00838089 16.50000191
v -60.59999847 46.11067963 16.79999924
v -60.59999847 46.20000076 17.10000038
v -60.59999847 46.20000076 17.10000038
v -60.55999756 46.20000076 17.39999771
v -60.46105194 46.20000076 17.69999886
v -60.35194397 46.50000000 11.69999886
v -60.44285202 46.50000000 12.00000000
v -60.51811600 46.50000000 12.30000114
v -60.58161545 46.50000000 12.59999943
v -60.59999847 46.43188095 12.90000057
v -60.59999847 46.50000000 12.69736767
v -60.59999847 46.34772873 13.19999886
v -60.59999847 46.26624298 13.50000000
v -60.59999847 46.20000076 13.80000114
v -60.59999847 46.20000076 17.10000038
v -60.59999847 46.22727585 17.39999771
v -60.59999847 46.28374100 17.69999886
v -60.59999847 46.36734390 18.00000000
v -60.59999847 46.46616364 18.29999924
v -60.47902679 46.50000000 18.60000038
v -60.59999847 46.50000000 18.40509415
v -60.32373428 46.79999924 11.40000057
v -60.47173691 46.79999924 11.69999886
v -60.57645798 46.79999924 12.00000000
v -60.59999847 46.67811966 12.30000114
v -60.59999847 46.79999924 12.08654404
v -60.59999847 46.53702545 12.59999943
v -60.59999847 46.56433105 18.60000038
v -60.59999847 46.65307617 18.90000153
v -60.59999847 46.76810074 19.20000267
v -60.59999847 46.79999924 19.26591873
v -60.37879944 47.09999847 11.40000057
v -60.59999847 47.09999847 11.69999886
v -60.59999847 46.86321640 12.00000000
v -60.59999847 47.09999847 11.69999886
v -60.59999847 46.91990662 19.50000000
v -60.59999847 47.09999847 19.79999924
v -60.38816833 47.40000153 11.40000057
v -60.59999847 47.09999847 11.69999886
v -60.59999847 47.40000153 11.69009781
v -60.59999847 47.09999847 19.79999924
v -60.59999847 47.40000153 19.99961662
v -60.36389160 47.70000076 11.40000057
v -60.59999847 47.70000076 11.68992901
v -60.59999847 47.70000076 20.10000038
v -60.59999847 47.70000076 20.10000038
v -60.59999847 48.00000000 11.69999886
v -60.59999847 48.00000000 11.69999886
v -60.59999847 48.00000000 11.69999886
v -60.59999847 47.70000076 20.10000038
v -60.29999924 48.00000000 20.39999962
v -60.59999847 47.97508621 20.39999962
v -60.59999847 48.00000000 20.42268944
v -60.43259811 48.29999924 11.69999886
v -60.59999847 48.29999924 12.00000000
v -60.59999847 48.29999924 12.00000000
v -60.59999847 48.29999924 12.00000000
v -60.59999847 48.29999924 20.70000076
v -60.44781494 48.59999847 12.00000000
v -60.59999847 48.59999847 12.30000114
v -60.59999847 48.59999847 12.30000114
v -60.59999847 48.59999847 12.30000114
v -60.59999847 48.29999924 20.70000076
v -60.59999847 48.46992111 21.00000000
v -60.59999847 48.59999847 21.29999924
v -60.40187073 48.90000153 12.30000114
v -60.59733963 48.90000153 12.59999943
v -60.59999847 48.89616013 12.59999943
v -60.59999847 48.90000153 12.60389709
v -60.59999847 48.59999847 21.29999924
v -60.59999847 48.90000153 21.43816948
v -60.36219406 49.20000076 12.59999943
v -60.56690598 49.20000076 12.90000057
v -60.59999847 49.15839767 12.90000057
v -60.59999847 49.20000076 12.94761181
v -60.59999847 49.20000076 21.55924034
v -60.55686188 49.50000000 13.19999886
v -60.59999847 49.43947220 13.19999886
v -60.59999847 49.50000000 13.26390171
v -60.29999924 49.50000000 21.60000038
v -60.59999847 49.33988571 21.60000038
v -60.59999847 49.50000000 21.63990593
v -60.34918976 49.79999924 13.19999886
v -60.59999847 49.79999924 13.50000000
v -60.59999847 49.79999924 13.50000000
v -60.59999847 49.79999924 13.50000000
v -60.59999847 49.79999924 21.65972137
v -60.41896439 50.09999847 13.80000114
v -60.59999847 49.88478470 13.80000114
v -60.52796936 50.09999847 14.10000134
v -60.59999847 50.01027679 14.10000134
v -60.59999847 50.09999847 14.26150131
v -60.29999924 50.09999847 21.60000038
v -60.59999847 50.09999847 21.61332321
v -60.36772156 50.40000153 14.39999962
v -60.59999847 50.16915512 14.39999962
v -60.52903748 50.40000153 14.70000076
v -60.59999847 50.33245087 14.70000076
v -60.59999847 50.40000153 14.83313084
v -60.59999847 50.14104462 21.60000038
v -60.59999847 50.40000153 21.47520638
v -60.37484741 50.70000076 14.99999905
v -60.59999847 50.48096848 14.99999905
v -60.49857712 50.70000076 15.30000019
v -60.59999847 50.59829712 15.30000019
v -60.59999847 50.70000076 15.60000134
v -60.59999847 50.70000076 15.60000134
v -60.59999847 50.70000076 15.60000134
v -60.59999847 50.70000076 20.70000076
v -60.59999847 50.70000076 21.00000000
v -60.59999847 50.70000076 21.00000000
v -60.59999847 50.70000076 21.29999924
v -60.47080231 51.00000000 15.89999962
v -60.59999847 50.84342194 15.89999962
v -60.55873108 51.00000000 16.20000076
v -60.59999847 50.95088959 16.20000076
v -60.59999847 51.00000000 16.50000191
v -60.59999847 51.00000000 16.50000191
v -60.59999847 51.00000000 16.50000191
v -60.59999847 50.70000076 21.00000000
v -60.59999847 51.00000000 21.00330544
v -60.34974670 51.29999924 16.20000076
v -60.43682098 51.29999924 16.50000191
v -60.59999847 51.29999924 16.79999924
v -60.59999847 51.29999924 16.79999924
v -60.59999847 51.29999924 16.79999924
v -60.59999847 51.29999924 21.00000000
v -60.59999847 51.29999924 21.00000000
v -60.35172272 51.59999847 17.10000038
v -60.59999847 51.34400940 17.10000038
v -60.37883377 51.59999847 17.39999771
v -60.59999847 51.39964294 17.39999771
v -60.37742615 51.59999847 17.69999886
v -60.59999847 51.45906448 17.69999886
v -60.59999847 51.49882126 18.00000000
v -60.57546997 51.59999847 18.29999924
v -60.59999847 51.58317184 18.29999924
v -60.59999847 51.59999847 18.60000038
v -60.59999847 51.59999847 18.60000038
v -60.59999847 51.59999847 18.90000153
v -60.59999847 51.59999847 18.90000153
v -60.59999847 51.59999847 19.20000267
v -60.59999847 51.59999847 19.20000267
v -60.59999847 51.59999847 19.50000000
v -60.59999847 51.59999847 19.50000000
v -60.59999847 51.59999847 19.79999924
v -60.59999847 51.59999847 19.79999924
v -60.59999847 51.59999847 20.10000038
v -60.59999847 51.54033279 20.39999962
v -60.59999847 51.42952728 20.70000076
v -60.36418915 51.90000153 18.60000038
v -60.44771576 51.90000153 18.90000153
v -60.59999847 51.90000153 19.20000267
v -60.59999847 51.90000153 19.50000000
v -60.59999847 51.90000153 19.79999924
v -60.68577576 46.20000076 14.10000134
v -60.75754166 46.20000076 14.39999962
v -60.82017136 46.20000076 14.70000076
v -60.86831665 46.20000076 14.99999905
v -60.89444733 46.20000076 15.30000019
v -60.90000153 46.20000076 15.60000134
v -60.89097214 46.20000076 15.89999962
v -60.86120605 46.20000076 16.20000076
v -60.80401230 46.20000076 16.50000191
v -60.71416473 46.20000076 16.79999924
v -60.63938141 46.50000000 12.90000057
v -60.69492340 46.50000000 13.19999886
v -60.75127792 46.50000000 13.50000000
v -60.81575775 46.50000000 13.80000114
v -60.89507294 46.50000000 14.10000134
v -60.90000153 46.38949585 14.39999962
v -60.90000153 46.50000000 14.11698341
v -60.90000153 46.29177094 14.70000076
v -60.90000153 46.23284149 14.99999905
v -60.90000153 46.20555878 15.30000019
v -60.90000153 46.20000076 15.60000134
v -60.90000153 46.20893097 15.89999962
v -60.90000153 46.23669052 16.20000076
v -60.90000153 46.28088760 16.50000191
v -60.90000153 46.33112717 16.79999924
v -60.90000153 46.37677765 17.10000038
v -60.90000153 46.41699982 17.39999771
v -60.90000153 46.47565842 17.69999886
v -60.80495071 46.50000000 18.00000000
v -60.90000153 46.50000000 17.78605652
v -60.65339661 46.50000000 18.29999924
v -60.65492630 46.79999924 12.30000114
v -60.72825241 46.79999924 12.59999943
v -60.80193329 46.79999924 12.90000057
v -60.87582016 46.79999924 13.19999886
v -60.90000153 46.72857666 13.50000000
v -60.90000153 46.79999924 13.30475235
v -60.90000153 46.62281799 13.80000114
v -60.90000153 46.50683975 14.10000134
v -60.90000153 46.56387711 18.00000000
v -60.90000153 46.66700745 18.29999924
v -60.90000153 46.79999924 18.60000038
v -60.90000153 46.79999924 18.60000038
v -60.89192963 46.79999924 18.90000153
v -60.69931030 46.79999924 19.20000267
v -60.68095398 47.09999847 12.00000000
v -60.76316833 47.09999847 12.30000114
v -60.84814072 47.09999847 12.59999943
v -60.90000153 47.01416397 12.90000057
v -60.90000153 47.09999847 12.77386284
v -60.90000153 46.84480667 13.19999886
v -60.90000153 46.79999924 18.60000038
v -60.90000153 46.80370712 18.90000153
v -60.90000153 46.86440659 19.20000267
v -60.90000153 46.99285889 19.50000000
v -60.90000153 47.09999847 19.66272736
v -60.60591888 47.40000153 11.69999886
v -60.73219681 47.40000153 12.00000000
v -60.83492279 47.40000153 12.30000114
v -60.90000153 47.28332520 12.59999943
v -60.90000153 47.40000153 12.49969387
v -60.90000153 47.22761154 19.79999924
v -60.90000153 47.40000153 19.93028641
v -60.60656738 47.70000076 11.69999886
v -60.74455261 47.70000076 12.00000000
v -60.86242294 47.70000076 12.30000114
v -60.90000153 47.70000076 12.39747429
v -60.90000153 47.70000076 20.09655190
v -60.70974731 48.00000000 12.00000000
v -60.83593750 48.00000000 12.30000114
v -60.90000153 48.00000000 12.43568325
v -60.90000153 47.70553589 20.10000038
v -60.90000153 48.00000000 20.39999962
v -60.90000153 48.00000000 20.39999962
v -60.74893951 48.29999924 12.30000114
v -60.90000153 48.29999924 12.56647587
v -60.90000153 48.00000000 20.39999962
v -60.90000153 48.29999924 20.63506508
v -60.78677368 48.59999847 12.59999943
v -60.90000153 48.34802246 12.59999943
v -60.90000153 48.59999847 12.76860142
v -60.90000153 48.35500717 20.70000076
v -60.90000153 48.49921799 21.00000000
v -60.90000153 48.59999847 21.29999924
v -60.79523849 48.90000153 12.90000057
v -60.90000153 48.74163818 12.90000057
v -60.90000153 48.90000153 13.06908894
v -60.90000153 48.59999847 21.29999924
v -60.90000153 48.90000153 21.45837402
v -60.75985336 49.20000076 13.19999886
v -60.90000153 49.00709915 13.19999886
v -60.90000153 49.20000076 13.48129654
v -60.90000153 49.20000076 21.58112144
v -60.73197937 49.50000000 13.50000000
v -60.90000153 49.21402359 13.50000000
v -60.83211899 49.50000000 13.80000114
v -60.90000153 49.39099884 13.80000114
v -60.90000153 49.50000000 14.10000134
v -60.90000153 49.50000000 14.10000134
v -60.90000153 49.50000000 14.10000134
v -60.90000153 49.28066254 21.60000038
v -60.90000153 49.50000000 21.64446831
v -60.66073227 49.79999924 13.80000114
v -60.74763870 49.79999924 14.10000134
v -60.90000153 49.79999924 14.39999962
v -60.90000153 49.79999924 14.39999962
v -60.90000153 49.79999924 14.39999962
v -60.90000153 49.79999924 21.65268135
v -60.66304779 50.09999847 14.39999962
v -60.83901978 50.09999847 14.70000076
v -60.90000153 50.02914429 14.70000076
v -60.90000153 50.09999847 14.78783417
v -60.90000153 50.09999847 21.60000038
v -60.90000153 50.09999847 21.60000038
v -60.90000153 50.09999847 21.60000038
v -60.69485092 50.40000153 14.99999905
v -60.90000153 50.23167801 14.99999905
v -60.83337021 50.40000153 15.30000019
v -60.90000153 50.35116577 15.30000019
v -60.90000153 50.40000153 15.60000134
v -60.90000153 50.40000153 15.60000134
v -60.90000153 50.40000153 15.60000134
v -60.90000153 50.40000153 21.46047592
v -60.73408508 50.70000076 15.89999962
v -60.90000153 50.54886627 15.89999962
v -60.85580826 50.70000076 16.20000076
v -60.90000153 50.66093826 16.20000076
v -60.90000153 50.70000076 16.30995750
v -60.59999847 50.70000076 21.00000000
v -60.90000153 50.70000076 21.29999924
v -60.90000153 50.70000076 21.29999924
v -60.90000153 50.76920700 16.50000191
v -60.78375244 51.00000000 16.79999924
v -60.90000153 50.87914276 16.79999924
v -60.86064529 51.00000000 17.10000038
v -60.90000153 50.95526123 17.10000038
v -60.90000153 51.00000000 17.39999771
v -60.90000153 51.00000000 17.39999771
v -60.90000153 51.00000000 17.39999771
v -60.90000153 51.00000000 21.01202774
v -60.63804245 51.29999924 17.10000038
v -60.70312881 51.29999924 17.39999771
v -60.90000153 51.29999924 17.69999886
v -60.90000153 51.29999924 17.69999886
v -60.90000153 51.29999924 17.69999886
v -60.90000153 51.29999924 21.00000000
v -60.90000153 51.29999924 21.00000000
v -60.90000153 51.31381226 18.00000000
v -60.90000153 51.40690231 18.29999924
v -60.90000153 51.59999847 18.60000038
v -60.90000153 51.59999847 18.90000153
v -60.90000153 51.59999847 19.20000267
v -60.90000153 51.59999847 19.50000000
v -60.90000153 51.59999847 19.79999924
v -60.90000153 51.53174210 20.10000038
v -60.90000153 51.42521286 20.39999962
v -60.90000153 51.32841492 20.70000076
v -60.98898697 46.50000000 14.39999962
v -61.10145569 46.50000000 14.70000076
v -61.17771912 46.50000000 14.99999905
v -61.20000076 46.50000000 15.30000019
v -61.20000076 46.50000000 15.60000134
v -61.19866943 46.50000000 15.89999962
v -61.18413925 46.50000000 16.20000076
v -61.15989304 46.50000000 16.50000191
v -61.12865448 46.50000000 16.79999924
v -61.09057999 46.50000000 17.10000038
v -61.03627396 46.50000000 17.39999771
v -60.93965149 46.50000000 17.69999886
v -60.94878387 46.79999924 13.50000000
v -61.02608871 46.79999924 13.80000114
v -61.12826157 46.79999924 14.10000134
v -61.20000076 46.79999924 14.39999962
v -61.20000076 46.59609985 14.70000076
v -61.20000076 46.79999924 14.39999962
v -61.20000076 46.52083206 14.99999905
v -61.20000076 46.50000000 15.30000019
v -61.20000076 46.50000000 15.60000134
v -61.20000076 46.50128174 15.89999962
v -61.20000076 46.51447296 16.20000076
v -61.20000076 46.53339005 16.50000191
v -61.20000076 46.55296326 16.79999924
v -61.20000076 46.57257080 17.10000038
v -61.20000076 46.60056686 17.39999771
v -61.20000076 46.66085052 17.69999886
v -61.20000076 46.79999924 18.00000000
v -61.20000076 46.79999924 18.00000000
v -61.09928131 46.79999924 18.29999924
v -60.94079590 47.09999847 12.90000057
v -61.04882050 47.09999847 13.19999886
v -61.15226364 47.09999847 13.50000000
v -61.20000076 47.09999847 13.80000114
v -61.20000076 46.87940979 14.10000134
v -61.20000076 47.09999847 13.80000114
v -61.20000076 46.79999924 14.39999962
v -61.20000076 46.79999924 18.00000000
v -61.20000076 46.86585617 18.29999924
v -61.20000076 46.90859604 18.60000038
v -61.20000076 46.92523575 18.90000153
v -61.20000076 46.97323990 19.20000267
v -61.20000076 47.09999847 19.50000000
v -61.20000076 47.09999847 19.50000000
v -60.93402863 47.40000153 12.59999943
v -61.04033279 47.40000153 12.90000057
v -61.17363739 47.40000153 13.19999886
v -61.20000076 47.16514206 13.50000000
v -61.20000076 47.40000153 13.24175072
v -61.20000076 47.09999847 13.80000114
v -61.20000076 47.09999847 19.50000000
v -61.20000076 47.32181168 19.79999924
v -61.20000076 47.40000153 19.86706924
v -60.98184967 47.70000076 12.59999943
v -61.10454178 47.70000076 12.90000057
v -61.20000076 47.70000076 13.19999886
v -61.20000076 47.70000076 13.19999886
v -61.20000076 47.70000076 20.00477600
v -60.98239517 48.00000000 12.59999943
v -61.16790771 48.00000000 12.90000057
v -61.20000076 47.70000076 13.19999886
v -61.20000076 48.00000000 12.94404697
v -61.20000076 48.00000000 20.10000038
v -61.20000076 48.00000000 20.10000038
v -60.92030334 48.29999924 12.59999943
v -61.14123917 48.29999924 12.90000057
v -61.20000076 48.29999924 12.96648693
v -61.20000076 48.00000000 20.10000038
v -61.20000076 48.29999924 20.39999962
v -61.20000076 48.29999924 20.39999962
v -60.99391556 48.59999847 12.90000057
v -61.20000076 48.59999847 13.19999886
v -61.20000076 48.59999847 13.19999886
v -61.20000076 48.59999847 13.19999886
v -61.20000076 48.29999924 20.39999962
v -61.20000076 48.59999847 20.70000076
v -61.20000076 48.59999847 20.70000076
v -61.11789703 48.59999847 21.00000000
v -60.98118591 48.90000153 13.19999886
v -61.12997818 48.90000153 13.50000000
v -61.20000076 48.82328796 13.50000000
v -61.20000076 48.90000153 13.80000114
v -61.20000076 48.90000153 13.80000114
v -61.20000076 48.90000153 13.80000114
v -61.20000076 48.59999847 20.70000076
v -61.20000076 48.63840866 21.00000000
v -61.20000076 48.79149628 21.29999924
v -61.20000076 48.90000153 21.39509201
v -60.90889359 49.20000076 13.50000000
v -61.03044128 49.20000076 13.80000114
v -61.20000076 49.20000076 14.10000134
v -61.20000076 49.20000076 14.10000134
v -61.20000076 49.20000076 14.10000134
v -61.20000076 49.20000076 21.55431175
v -61.09889984 49.50000000 14.39999962
v -61.20000076 49.39934540 14.39999962
v -61.20000076 49.50000000 14.70000076
v -61.20000076 49.50000000 14.70000076
v -61.20000076 49.50000000 14.70000076
v -61.20000076 49.37185669 21.60000038
v -61.20000076 49.50000000 21.62871361
v -61.08377075 49.79999924 14.70000076
v -61.20000076 49.79999924 14.81557274
v -61.20000076 49.79999924 21.62924385
v -61.09672165 50.09999847 14.99999905
v -61.20000076 50.01605606 14.99999905
v -61.20000076 50.09999847 15.10266590
v -61.20000076 49.93851471 21.60000038
v -61.20000076 50.09999847 21.56032562
v -61.20000076 50.20447540 15.30000019
v -61.20000076 50.27455521 15.60000134
v -61.10070801 50.40000153 15.89999962
v -61.20000076 50.33713531 15.89999962
v -61.20000076 50.40000153 16.20000076
v -61.20000076 50.40000153 16.20000076
v -61.20000076 50.40000153 16.20000076
v -61.20000076 50.40000153 21.42125702
v -60.98925781 50.70000076 16.50000191
v -61.20000076 50.55150986 16.50000191
v -61.10796356 50.70000076 16.79999924
v -61.20000076 50.63210297 16.79999924
v -61.16885757 50.70000076 17.10000038
v -61.20000076 50.67539597 17.10000038
v -61.20000076 50.70000076 17.39999771
v -61.20000076 50.70000076 17.39999771
v -61.20000076 50.70000076 17.39999771
v -61.20000076 50.58954239 21.29999924
v -61.20000076 50.70000076 21.19555092
v -61.08789062 51.00000000 17.69999886
v -61.20000076 50.89039230 17.69999886
v -61.17436981 51.00000000 18.00000000
v -61.20000076 50.97673416 18.00000000
v -61.20000076 51.00000000 18.29999924
v -61.20000076 51.00000000 18.29999924
v -61.20000076 51.00000000 18.29999924
v -61.20000076 51.00000000 20.70000076
v -61.20000076 51.00000000 20.70000076
v -61.20000076 51.00000000 20.70000076
v -60.92306900 51.00000000 21.00000000
v -61.20000076 50.87653732 21.00000000
v -60.91480637 51.29999924 18.00000000
v -61.02736282 51.29999924 18.29999924
v -61.20000076 51.29999924 18.46663094
v -60.94866562 51.29999924 20.70000076
v -61.20000076 51.29999924 20.49106407
v -61.20000076 51.40137482 18.60000038
v -61.20000076 51.48281097 18.90000153
v -61.20000076 51.49264526 19.20000267
v -61.20000076 51.48836517 19.50000000
v -61.20000076 51.47771454 19.79999924
v -61.20000076 51.44135666 20.10000038
v -61.20000076 51.35101700 20.39999962
v -61.50000000 46.79999924 14.70000076
v -61.50000000 46.79999924 14.99999905
v -61.50000000 46.79999924 15.30000019
v -61.50000000 46.79999924 15.60000134
v -61.50000000 46.79999924 15.89999962
v -61.50000000 46.79999924 16.20000076
v -61.50000000 46.79565811 16.50000191
v -61.50000000 46.79999924 16.20000076
v -61.50000000 46.79487610 16.79999924
v -61.50000000 46.79644012 17.10000038
v -61.50000000 46.79653168 17.39999771
v -61.50000000 46.79999924 17.69999886
v -61.50000000 46.79999924 17.69999886
v -61.50000000 47.09999847 14.10000134
v -61.50000000 47.01318359 14.39999962
v -61.50000000 47.09999847 14.10000134
v -61.50000000 46.79999924 14.70000076
v -61.50000000 46.79999924 14.99999905
v -61.50000000 46.79999924 15.30000019
v -61.50000000 46.79999924 15.60000134
v -61.50000000 46.79999924 15.89999962
v -61.50000000 46.79999924 16.20000076
v -61.50000000 46.79999924 17.69999886
v -61.50000000 47.03144455 18.00000000
v -61.50000000 47.09999847 18.29999924
v -61.50000000 47.09999847 18.29999924
v -61.50000000 47.09999847 18.60000038
v -61.50000000 47.09999847 18.90000153
v -61.50000000 47.09999847 19.20000267
v -61.50000000 47.40000153 13.50000000
v -61.50000000 47.32553482 13.80000114
v -61.50000000 47.40000153 13.50000000
v -61.50000000 47.09999847 14.10000134
v -61.50000000 47.09999847 18.29999924
v -61.50000000 47.09999847 18.60000038
v -61.50000000 47.09999847 18.90000153
v -61.50000000 47.09999847 19.20000267
v -61.50000000 47.30998993 19.50000000
v -61.50000000 47.40000153 19.79999924
v -61.50000000 47.40000153 19.79999924
v -61.50000000 47.40000153 13.50000000
v -61.50000000 47.70000076 13.42676163
v -61.50000000 47.40000153 19.79999924
v -61.50000000 47.70000076 19.82599068
v -61.50000000 48.00000000 13.19999886
v -61.50000000 48.00000000 13.19999886
v -61.50000000 48.00000000 19.91042709
v -61.50000000 48.29999924 13.19999886
v -61.50000000 48.29999924 13.19999886
v -61.50000000 48.20317841 20.10000038
v -61.50000000 48.29999924 20.19993210
v -61.50000000 48.59999847 13.50000000
v -61.50000000 48.59999847 13.50000000
v -61.50000000 48.59999847 13.50000000
v -61.50000000 48.44416809 20.39999962
v -61.50000000 48.59999847 20.62782860
v -61.50000000 48.68196487 13.80000114
v -61.50000000 48.90000153 14.10000134
v -61.50000000 48.90000153 14.10000134
v -61.50000000 48.90000153 14.10000134
v -61.50000000 48.64049911 20.70000076
v -61.50000000 48.75592422 21.00000000
v -61.50000000 48.90000153 21.29999924
v -61.50000000 48.90000153 21.29999924
v -61.50000000 49.20000076 14.39999962
v -61.50000000 49.20000076 14.39999962
v -61.50000000 49.20000076 14.39999962
v -61.50000000 48.90000153 21.29999924
v -61.50000000 49.20000076 21.48077202
v -61.50000000 49.33512497 14.70000076
v -61.50000000 49.50000000 14.87468338
v -61.50000000 49.50000000 21.60000038
v -61.50000000 49.50000000 21.60000038
v -61.50000000 49.79999924 14.99999905
v -61.50000000 49.79999924 14.99999905
v -61.50000000 49.79999924 14.99999905
v -61.50000000 49.79999924 21.60000038
v -61.50000000 49.79999924 21.60000038
v -61.50000000 50.09999847 15.30000019
v -61.50000000 50.09999847 15.30000019
v -61.50000000 50.09999847 15.60000134
v -61.50000000 50.09999847 15.60000134
v -61.50000000 50.09999847 15.60000134
v -61.50000000 50.09999847 21.51370811
v -61.50000000 50.13679886 15.89999962
v -61.50000000 50.23268127 16.20000076
v -61.50000000 50.40000153 16.50000191
v -61.50000000 50.40000153 16.50000191
v -61.50000000 50.40000153 16.50000191
v -61.50000000 50.40000153 21.37222481
v -61.50000000 50.42786407 16.79999924
v -61.50000000 50.46826172 17.10000038
v -61.50000000 50.54376984 17.39999771
v -61.50000000 50.70000076 17.69999886
v -61.50000000 50.70000076 17.69999886
v -61.50000000 50.70000076 17.69999886
v -61.50000000 50.50288773 21.29999924
v -61.50000000 50.70000076 21.11842346
v -61.50000000 50.76483536 18.00000000
v -61.50000000 50.88653183 18.29999924
v -61.50000000 51.00000000 18.43782997
v -61.50000000 50.99359894 20.70000076
v -61.50000000 51.00000000 20.69068146
v -61.50000000 50.79995728 21.00000000
v -61.50000000 51.29999924 18.60000038
v -61.50000000 51.29999924 18.60000038
v -61.50000000 51.29999924 18.60000038
v -61.50000000 51.29999924 19.20000267
v -61.50000000 51.29999924 19.20000267
v -61.50000000 51.29999924 19.20000267
v -61.50000000 51.29999924 19.50000000
v -61.50000000 51.29999924 19.50000000
v -61.50000000 51.29999924 19.79999924
v -61.50000000 51.29999924 19.79999924
v -61.50000000 51.29999924 19.79999924
v -61.50000000 51.29999924 20.39999962
v -61.50000000 51.29999924 20.39999962
v -61.50000000 51.29999924 20.39999962
v -61.50000000 51.30295563 18.90000153
v -61.50000000 51.30413437 20.10000038
v -61.50459671 46.79999924 16.50000191
v -61.50570679 46.79999924 16.79999924
v -61.50410843 46.79999924 17.10000038
v -61.50404739 46.79999924 17.39999771
v -61.56808472 47.09999847 14.39999962
v -61.65022659 47.09999847 14.70000076
v -61.68510437 47.09999847 14.99999905
v -61.69944763 47.09999847 15.30000019
v -61.71069336 47.09999847 15.60000134
v -61.72649384 47.09999847 15.89999962
v -61.75376129 47.09999847 16.20000076
v -61.79999924 47.09999847 16.50000191
v -61.79999924 47.09999847 16.79999924
v -61.79999924 47.09999847 17.10000038
v -61.79999924 47.09999847 17.39999771
v -61.67167664 47.09999847 17.69999886
v -61.55255508 47.09999847 18.00000000
v -61.55240250 47.40000153 13.80000114
v -61.63930130 47.40000153 14.10000134
v -61.71876526 47.40000153 14.39999962
v -61.79999924 47.40000153 14.70000076
v -61.79999924 47.33644867 14.99999905
v -61.79999924 47.40000153 14.70000076
v -61.79999924 47.29208755 15.30000019
v -61.79999924 47.25512695 15.60000134
v -61.79999924 47.21712875 15.89999962
v -61.79999924 47.16918182 16.20000076
v -61.79999924 47.09999847 16.50000191
v -61.79999924 47.09999847 16.79999924
v -61.79999924 47.09999847 17.10000038
v -61.79999924 47.09999847 17.39999771
v -61.79999924 47.35673904 17.69999886
v -61.70450211 47.40000153 18.00000000
v -61.79999924 47.40000153 17.75071716
v -61.65566635 47.40000153 18.29999924
v -61.64136505 47.40000153 18.60000038
v -61.63269424 47.40000153 18.90000153
v -61.61302567 47.40000153 19.20000267
v -61.56079102 47.40000153 19.50000000
v -61.54767990 47.70000076 13.50000000
v -61.65934753 47.70000076 13.80000114
v -61.73548508 47.70000076 14.10000134
v -61.79999924 47.70000076 14.39999962
v -61.79999924 47.40000153 14.70000076
v -61.79999924 47.70000076 14.39999962
v -61.79999924 47.70000076 18.00000000
v -61.79999924 47.70000076 18.00000000
v -61.78554916 47.70000076 18.29999924
v -61.73287201 47.70000076 18.60000038
v -61.70853043 47.70000076 18.90000153
v -61.69265747 47.70000076 19.20000267
v -61.64757919 47.70000076 19.50000000
v -61.52211380 47.70000076 19.79999924
v -61.60250854 48.00000000 13.50000000
v -61.70269012 48.00000000 13.80000114
v -61.78810120 48.00000000 14.10000134
v -61.79999924 47.70000076 14.39999962
v -61.79999924 48.00000000 14.15279388
v -61.79999924 47.70000076 18.00000000
v -61.79999924 47.72363663 18.29999924
v -61.79999924 48.00000000 18.60000038
v -61.79999924 48.00000000 18.60000038
v -61.79999924 48.00000000 18.90000153
v -61.78310776 48.00000000 19.20000267
v -61.70603180 48.00000000 19.50000000
v -61.58374405 48.00000000 19.79999924
v -61.59307480 48.29999924 13.50000000
v -61.68402481 48.29999924 13.80000114
v -61.79999924 48.29999924 14.10000134
v -61.79999924 48.29999924 14.10000134
v -61.79999924 48.00000000 18.60000038
v -61.79999924 48.00000000 18.90000153
v -61.79999924 48.03173447 19.20000267
v -61.79999924 48.29999924 19.50000000
v -61.79999924 48.29999924 19.50000000
v -61.78539276 48.29999924 19.79999924
v -61.61348724 48.29999924 20.10000038
v -61.56421661 48.59999847 13.80000114
v -61.68136215 48.59999847 14.10000134
v -61.79999924 48.59999847 14.39999962
v -61.79999924 48.59999847 14.39999962
v -61.79999924 48.59999847 14.39999962
v -61.79999924 48.29999924 19.50000000
v -61.79999924 48.31182480 19.79999924
v -61.79999924 48.41875839 20.10000038
v -61.79999924 48.59999847 20.39999962
v -61.79999924 48.59999847 20.39999962
v -61.66614532 48.90000153 14.39999962
v -61.79999924 48.90000153 14.70000076
v -61.79999924 48.90000153 14.70000076
v -61.79999924 48.90000153 14.70000076
v -61.79999924 48.59999847 20.39999962
v -61.79999924 48.78430176 20.70000076
v -61.79999924 48.90000153 21.00000000
v -61.79999924 48.90000153 21.00000000
v -61.61301422 49.20000076 14.70000076
v -61.75173950 49.20000076 14.99999905
v -61.79999924 49.10982132 14.99999905
v -61.79999924 49.20000076 15.12222099
v -61.79999924 48.90000153 21.00000000
v -61.79999924 49.15175629 21.29999924
v -61.79999924 49.20000076 21.34046936
v -61.59357452 49.50000000 14.99999905
v -61.72684097 49.50000000 15.30000019
v -61.79999924 49.33650589 15.30000019
v -61.79999924 49.50000000 15.60000134
v -61.79999924 49.50000000 15.60000134
v -61.79999924 49.50000000 15.60000134
v -61.79999924 49.50000000 21.49232292
v -61.61927032 49.79999924 15.30000019
v -61.69522476 49.79999924 15.60000134
v -61.79999924 49.79999924 15.89999962
v -61.79999924 49.79999924 15.89999962
v -61.79999924 49.79999924 15.89999962
v -61.79999924 49.79999924 21.51827621
v -61.54140472 50.09999847 15.89999962
v -61.64970398 50.09999847 16.20000076
v -61.79999924 49.92274857 16.20000076
v -61.79999924 50.09999847 16.50000191
v -61.79999924 50.09999847 16.50000191
v -61.79999924 50.09999847 16.50000191
v -61.79999924 50.09999847 21.44435883
v -61.53539276 50.40000153 16.79999924
v -61.79999924 50.16206741 16.79999924
v -61.58872223 50.40000153 17.10000038
v -61.79999924 50.22031021 17.10000038
v -61.68263626 50.40000153 17.39999771
v -61.79999924 50.29870987 17.39999771
v -61.79999924 50.40000153 17.69829941
v -61.79999924 50.40000153 21.29999924
v -61.79999924 50.40000153 21.29999924
v -61.79999924 50.40000153 21.29999924
v -61.79999924 50.40058517 17.69999886
v -61.57924271 50.70000076 18.00000000
v -61.79999924 50.50103378 18.00000000
v -61.70409393 50.70000076 18.29999924
v -61.79999924 50.61058044 18.29999924
v -61.79999924 50.70000076 18.51585197
v -61.79999924 50.70000076 21.00000000
v -61.79999924 50.70000076 21.00000000
v -61.79999924 50.70000076 21.00000000
v -61.61973572 51.00000000 18.60000038
v -61.79999924 50.74359131 18.60000038
v -61.71776581 51.00000000 18.90000153
v -61.79999924 50.86829376 18.90000153
v -61.75969315 51.00000000 19.20000267
v -61.79999924 50.94195557 19.20000267
v -61.78652954 51.00000000 19.50000000
v -61.79999924 50.98346710 19.50000000
v -61.79999924 51.00000000 19.79999924
v -61.79999924 51.00000000 19.79999924
v -61.79999924 51.00000000 20.10000038
v -61.79999924 51.00000000 20.10000038
v -61.75372696 51.00000000 20.39999962
v -61.79999924 50.96129990 20.39999962
v -61.79999924 50.84507751 20.70000076
v -61.50304794 51.29999924 18.90000153
v -61.50526428 51.29999924 20.10000038
v -61.82802963 47.40000153 14.99999905
v -61.85230637 47.40000153 15.30000019
v -61.87741470 47.40000153 15.60000134
v -61.90505600 47.40000153 15.89999962
v -61.93465042 47.40000153 16.20000076
v -61.95910645 47.40000153 16.50000191
v -61.96628189 47.40000153 16.79999924
v -61.95800018 47.40000153 17.10000038
v -61.91975784 47.40000153 17.39999771
v -61.82036209 47.40000153 17.69999886
v -61.87087250 47.70000076 14.70000076
v -61.92255402 47.70000076 14.99999905
v -61.96477509 47.70000076 15.30000019
v -62.00301743 47.70000076 15.60000134
v -62.03857803 47.70000076 15.89999962
v -62.07095337 47.70000076 16.20000076
v -62.09455490 47.70000076 16.50000191
v -62.09999847 47.70000076 16.79999924
v -62.09999847 47.70000076 17.10000038
v -62.07024002 47.70000076 17.39999771
v -61.98340988 47.70000076 17.69999886
v -61.85165405 48.00000000 14.39999962
v -61.91790771 48.00000000 14.70000076
v -61.98510361 48.00000000 14.99999905
v -62.04534531 48.00000000 15.30000019
v -62.09198380 48.00000000 15.60000134
v -62.09999847 47.89650726 15.89999962
v -62.09999847 48.00000000 15.66037655
v -62.09999847 47.78603363 16.20000076
v -62.09999847 47.71418762 16.50000191
v -62.09999847 47.70000076 16.79999924
v -62.09999847 47.70000076 17.10000038
v -62.09999847 47.75171661 17.39999771
v -62.09999847 47.86408997 17.69999886
v -62.09999847 47.96135330 18.00000000
v -62.09999847 48.00000000 18.29999924
v -62.09999847 48.00000000 18.29999924
v -61.85579300 48.29999924 14.39999962
v -61.92740250 48.29999924 14.70000076
v -62.01223755 48.29999924 14.99999905
v -62.09999847 48.29999924 15.30000019
v -62.09999847 48.04933929 15.60000134
v -62.09999847 48.29999924 15.30000019
v -62.09999847 48.00000000 18.29999924
v -62.09999847 48.29999924 18.60000038
v -62.09999847 48.29999924 18.60000038
v -62.07638168 48.29999924 18.90000153
v -62.02032471 48.29999924 19.20000267
v -61.88925171 48.59999847 14.70000076
v -61.98635483 48.59999847 14.99999905
v -62.09999847 48.59999847 15.30000019
v -62.09999847 48.59999847 15.30000019
v -62.09999847 48.29999924 18.60000038
v -62.09999847 48.32196808 18.90000153
v -62.09999847 48.35970306 19.20000267
v -62.09999847 48.41665649 19.50000000
v -62.09999847 48.47093582 19.79999924
v -62.09999847 48.59999847 20.10000038
v -62.09999847 48.59999847 20.10000038
v -61.89390564 48.90000153 14.99999905
v -61.98826599 48.90000153 15.30000019
v -62.06341553 48.90000153 15.60000134
v -62.09999847 48.75107574 15.60000134
v -62.09999847 48.90000153 15.75259113
v -62.09999847 48.59999847 20.10000038
v -62.09999847 48.84962845 20.39999962
v -61.92678070 48.90000153 20.70000076
v -62.09999847 48.90000153 20.46247292
v -61.85884094 49.20000076 15.30000019
v -61.94874954 49.20000076 15.60000134
v -62.04197311 49.20000076 15.89999962
v -62.09999847 49.01387787 15.89999962
v -62.09999847 49.20000076 16.08896255
v -62.09999847 49.20000076 20.70000076
v -62.09999847 49.20000076 20.70000076
v -62.08665848 49.20000076 21.00000000
v -61.86705780 49.20000076 21.29999924
v -61.92351913 49.50000000 15.89999962
v -62.01791763 49.50000000 16.20000076
v -62.09999847 49.28872681 16.20000076
v -62.09999847 49.50000000 16.50000191
v -62.09999847 49.50000000 16.50000191
v -62.09999847 49.50000000 16.50000191
v -62.09999847 49.20000076 20.70000076
v -62.09999847 49.21176529 21.00000000
v -62.09999847 49.37145233 21.29999924
v -62.09999847 49.50000000 21.39035606
v -61.87801743 49.79999924 16.20000076
v -61.97750473 49.79999924 16.50000191
v -62.09999847 49.79999924 16.79999924
v -62.09999847 49.79999924 16.79999924
v -62.09999847 49.79999924 16.79999924
v -62.09999847 49.79999924 21.42839432
v -61.85811615 50.09999847 16.79999924
v -61.91669464 50.09999847 17.10000038
v -62.09999847 49.87059021 17.10000038
v -61.99048615 50.09999847 17.39999771
v -62.09999847 49.96198654 17.39999771
v -62.08176422 50.09999847 17.69999886
v -62.09999847 50.07733154 17.69999886
v -62.09999847 50.09999847 17.76004219
v -62.09999847 50.09999847 21.32442093
v -61.80057907 50.40000153 17.69999886
v -61.89680862 50.40000153 18.00000000
v -62.09999847 50.17989349 18.00000000
v -61.98411179 50.40000153 18.29999924
v -62.09999847 50.26348877 18.29999924
v -62.05528641 50.40000153 18.60000038
v -62.09999847 50.34121704 18.60000038
v -62.09608841 50.40000153 18.90000153
v -62.09999847 50.39461517 18.90000153
v -62.09999847 50.40000153 19.20000267
v -62.09999847 50.40000153 19.20000267
v -62.09999847 50.40000153 19.20000267
v -62.09999847 50.13751984 21.29999924
v -62.09999847 50.40000153 21.04877663
v -61.82874680 50.70000076 18.60000038
v -61.90180969 50.70000076 18.90000153
v -61.94873047 50.70000076 19.20000267
v -62.00173950 50.70000076 19.50000000
v -62.09999847 50.54976273 19.50000000
v -62.04672241 50.70000076 19.79999924
v -62.09999847 50.62683105 19.79999924
v -62.06986618 50.70000076 20.10000038
v -62.09999847 50.66205978 20.10000038
v -62.05614090 50.70000076 20.39999962
v -62.09999847 50.65219879 20.39999962
v -61.97367477 50.70000076 20.70000076
v -62.09999847 50.58340836 20.70000076
v -62.09999847 50.43986893 21.00000000
v -62.13125992 48.00000000 15.89999962
v -62.16928482 48.00000000 16.20000076
v -62.20603943 48.00000000 16.50000191
v -62.23778915 48.00000000 16.79999924
v -62.25688553 48.00000000 17.10000038
v -62.24090576 48.00000000 17.39999771
v -62.18807983 48.00000000 17.69999886
v -62.12998962 48.00000000 18.00000000
v -62.13931656 48.29999924 15.60000134
v -62.17950439 48.29999924 15.89999962
v -62.22842026 48.29999924 16.20000076
v -62.28422165 48.29999924 16.50000191
v -62.34269333 48.29999924 16.79999924
v -62.40000153 48.29999924 17.10000038
v -62.40000153 48.29999924 17.39999771
v -62.34780884 48.29999924 17.69999886
v -62.30018616 48.29999924 18.00000000
v -62.23891449 48.29999924 18.29999924
v -62.13368607 48.59999847 15.60000134
v -62.18091965 48.59999847 15.89999962
v -62.24492264 48.59999847 16.20000076
v -62.32108307 48.59999847 16.50000191
v -62.40000153 48.59999847 16.79999924
v -62.40000153 48.29999924 17.10000038
v -62.40000153 48.59999847 16.79999924
v -62.40000153 48.29999924 17.39999771
v -62.40000153 48.47107315 17.69999886
v -62.40000153 48.56155777 18.00000000
v -62.40000153 48.59999847 18.29999924
v -62.40000153 48.59999847 18.29999924
v -62.40000153 48.59999847 18.60000038
v -62.40000153 48.59999847 18.90000153
v -62.40000153 48.59999847 19.20000267
v -62.40000153 48.59999847 19.50000000
v -62.40000153 48.59999847 19.79999924
v -62.13379669 48.90000153 15.89999962
v -62.21315384 48.90000153 16.20000076
v -62.30372620 48.90000153 16.50000191
v -62.40000153 48.90000153 16.79999924
v -62.40000153 48.90000153 16.79999924
v -62.40000153 48.59999847 18.29999924
v -62.40000153 48.59999847 18.60000038
v -62.40000153 48.59999847 18.90000153
v -62.40000153 48.59999847 19.20000267
v -62.40000153 48.59999847 19.50000000
v -62.40000153 48.59999847 19.79999924
v -62.35412979 48.90000153 20.10000038
v -62.40000153 48.90000153 20.01449966
v -62.14698029 48.90000153 20.39999962
v -62.13359070 49.20000076 16.20000076
v -62.22683716 49.20000076 16.50000191
v -62.32336044 49.20000076 16.79999924
v -62.40000153 49.20000076 17.10000038
v -62.40000153 49.20000076 17.10000038
v -62.40000153 49.20000076 17.10000038
v -62.40000153 48.99686432 20.10000038
v -62.40000153 49.20000076 20.39999962
v -62.40000153 49.20000076 20.39999962
v -62.21530533 49.50000000 16.79999924
v -62.29254913 49.50000000 17.10000038
v -62.34896851 49.50000000 17.39999771
v -62.40000153 49.32384109 17.39999771
v -62.40000153 49.50000000 17.69999886
v -62.40000153 49.50000000 17.69999886
v -62.40000153 49.50000000 17.69999886
v -62.40000153 49.20000076 20.39999962
v -62.40000153 49.44556427 20.70000076
v -62.40000153 49.47605515 21.00000000
v -62.40000153 49.50000000 21.29999924
v -62.40000153 49.50000000 21.29999924
v -62.14667892 49.79999924 17.10000038
v -62.20767212 49.79999924 17.39999771
v -62.28931808 49.79999924 17.69999886
v -62.40000153 49.79999924 18.00000000
v -62.40000153 49.79999924 18.00000000
v -62.40000153 49.79999924 18.00000000
v -62.40000153 49.79999924 21.29999924
v -62.40000153 49.79999924 21.29999924
v -62.16673279 50.09999847 18.00000000
v -62.22222900 50.09999847 18.29999924
v -62.40000153 49.80485916 18.29999924
v -62.26411819 50.09999847 18.60000038
v -62.40000153 49.83817673 18.60000038
v -62.31446075 50.09999847 18.90000153
v -62.40000153 49.92134094 18.90000153
v -62.40000153 50.09999847 19.20000267
v -62.40000153 50.09999847 19.20000267
v -62.40000153 50.09999847 19.50000000
v -62.40000153 50.09999847 19.50000000
v -62.40000153 50.09999847 19.50000000
v -62.40000153 50.09999847 21.00000000
v -62.40000153 50.09999847 21.00000000
v -62.40000153 50.09999847 21.00000000
v -62.13612366 50.09999847 21.29999924
v -62.20156479 50.40000153 19.50000000
v -62.25089645 50.40000153 19.79999924
v -62.40000153 50.10195923 19.79999924
v -62.27834320 50.40000153 20.10000038
v -62.40000153 50.13722992 20.10000038
v -62.28726196 50.40000153 20.39999962
v -62.40000153 50.17449951 20.39999962
v -62.25632095 50.40000153 20.70000076
v -62.40000153 50.17204285 20.70000076
v -62.13901901 50.40000153 21.00000000
v -62.44113541 48.59999847 17.10000038
v -62.45127869 48.59999847 17.39999771
v -62.43529892 48.59999847 17.69999886
v -62.41334534 48.59999847 18.00000000
v -62.44235229 48.90000153 17.10000038
v -62.46391296 48.90000153 17.39999771
v -62.46977234 48.90000153 17.69999886
v -62.47221756 48.90000153 18.00000000
v -62.48025513 48.90000153 18.29999924
v -62.49314117 48.90000153 18.60000038
v -62.50555801 48.90000153 18.90000153
v -62.51540375 48.90000153 19.20000267
v -62.51469803 48.90000153 19.50000000
v -62.47699738 48.90000153 19.79999924
v -62.43316269 49.20000076 17.39999771
v -62.45860672 49.20000076 17.69999886
v -62.48329544 49.20000076 18.00000000
v -62.50518799 49.20000076 18.29999924
v -62.52268600 49.20000076 18.60000038
v -62.53767395 49.20000076 18.90000153
v -62.54764938 49.20000076 19.20000267
v -62.54465103 49.20000076 19.50000000
v -62.51711273 49.20000076 19.79999924
v -62.46702194 49.20000076 20.10000038
v -62.45652771 49.50000000 18.00000000
v -62.48261261 49.50000000 18.29999924
v -62.49916840 49.50000000 18.60000038
v -62.51700974 49.50000000 18.90000153
v -62.53081894 49.50000000 19.20000267
v -62.53299332 49.50000000 19.50000000
v -62.52184677 49.50000000 19.79999924
v -62.50281525 49.50000000 20.10000038
v -62.47256088 49.50000000 20.39999962
v -62.43041611 49.50000000 20.70000076
v -62.41644287 49.50000000 21.00000000
v -62.40245056 49.79999924 18.29999924
v -62.41746521 49.79999924 18.60000038
v -62.44863510 49.79999924 18.90000153
v -62.48049927 49.79999924 19.20000267
v -62.48862076 49.79999924 19.50000000
v -62.48632050 49.79999924 19.79999924
v -62.48670578 49.79999924 20.10000038
v -62.49006271 49.79999924 20.39999962
v -62.49317551 49.79999924 20.70000076
v -62.47680664 49.79999924 21.00000000
v -62.40089798 50.09999847 19.79999924
v -62.41574097 50.09999847 20.10000038
v -62.43252945 50.09999847 20.39999962
v -62.43664932 50.09999847 20.70000076
f 3 2 1
f 4561 4566 4565
f 4561 4562 4566
f 4566 4567 4565
f 4564 4563 4568
f 4563 4322 4326
f 4563 4326 4568
f 4568 4326 4569
f 4571 4327 4570
f 4571 4569 4327
f 4569 4326 4327
f 4561 4565 4324
f 4327 4328 4570
f 4330 4572 4331
f 4565 4572 4330
f 4565 4573 4572
f 4565 4567 4573
f 4573 4574 4572
f 4571 4570 4575
f 4570 4576 4575
f 4570 4328 4576
f 4328 4332 4576
f 4577 4331 4572
f 4565 4330 4325
f 4334 4331 4577
f 4324 4565 4325
f 4320 4322 4563
f 4310 4554 4309
f 4549 4313 4308
f 4313 4555 4314
f 4313 4549 4555
f 4549 4550 4555
f 4552 4557 4556
f 4552 4556 4550
f 4550 4556 4555
f 4557 4558 4556
f 4554 4310 4315
f 4561 4324 4319
f 4559 4554 4315
f 4316 4560 4315
f 4555 4318 4314
f 4318 4561 4319
f 4318 4555 4561
f 4555 4556 4561
f 4558 4562 4561
f 4556 4558 4561
f 4320 4563 4564
f 4320 4564 4316
f 4316 4564 4560
f 4315 4560 4559
f 4574 4578 4577
f 4572 4574 4577
f 4576 4332 4335
f 4350 4591 4592
f 4351 4350 4592
f 4590 4346 4352
f 4593 4590 4352
f 4593 4352 4594
f 4352 4353 4594
f 4353 4595 4594
f 4354 4595 4353
f 4596 4592 4597
f 4596 4355 4592
f 4591 4350 4348
f 4355 4351 4592
f 4599 4600 4595
f 4599 4595 4356
f 4356 4595 4354
f 4600 4599 4601
f 4603 4604 4602
f 4596 4358 4355
f 4358 4596 4598
f 4358 4598 4359
f 4603 4602 4598
f 4602 4359 4598
f 4597 4598 4596
f 4588 4591 4348
f 4588 4348 4586
f 4586 4348 4344
f 4579 4576 4335
f 4335 4580 4579
f 4336 4580 4335
f 4577 4338 4334
f 4338 4581 4339
f 4577 4581 4338
f 4577 4582 4581
f 4577 4578 4582
f 4582 4583 4581
f 4580 4336 4340
f 4584 4580 4340
f 4340 4585 4584
f 4341 4585 4340
f 4581 4343 4339
f 4343 4586 4344
f 4581 4586 4343
f 4581 4587 4586
f 4581 4583 4587
f 4587 4588 4586
f 4585 4341 4345
f 4589 4585 4345
f 4345 4590 4589
f 4346 4590 4345
f 4309 4554 4553
f 4599 4356 4360
f 4553 4548 4309
f 4551 4552 4550
f 4279 4275 4509
f 4514 4515 4513
f 4510 4278 4280
f 4280 4281 4516
f 4510 4280 4516
f 4510 4516 4517
f 4510 4517 4512
f 4517 4516 4518
f 4513 4283 4279
f 4283 4513 4515
f 4513 4279 4509
f 4283 4515 4284
f 4516 4281 4285
f 4285 4286 4520
f 4516 4285 4520
f 4516 4520 4521
f 4516 4521 4518
f 4521 4520 4522
f 4523 4519 4524
f 4523 4287 4519
f 4287 4284 4519
f 4524 4525 4523
f 4284 4515 4519
f 4520 4286 4288
f 4513 4509 4514
f 4506 4511 4508
f 4495 4262 4267
f 4496 4495 4267
f 4269 4496 4267
f 4269 4498 4496
f 4269 4270 4498
f 4270 4502 4498
f 4503 4501 4504
f 4503 4271 4501
f 4271 4265 4501
f 4504 4505 4503
f 4511 4510 4512
f 4506 4507 4502
f 4273 4502 4270
f 4507 4506 4508
f 4503 4274 4271
f 4274 4503 4505
f 4274 4505 4275
f 4275 4505 4509
f 4506 4273 4277
f 4277 4278 4510
f 4506 4277 4510
f 4506 4510 4511
f 4506 4502 4273
f 4288 4289 4526
f 4520 4288 4526
f 4520 4526 4527
f 4541 4542 4540
f 4536 4297 4300
f 4300 4538 4536
f 4300 4301 4538
f 4301 4543 4538
f 4544 4299 4539
f 4303 4299 4544
f 4539 4540 4544
f 4540 4545 4544
f 4542 4546 4545
f 4533 4540 4539
f 4540 4542 4545
f 4547 4543 4304
f 4304 4548 4547
f 4305 4548 4304
f 4544 4307 4303
f 4307 4549 4308
f 4307 4544 4549
f 4544 4545 4549
f 4546 4551 4550
f 4546 4550 4545
f 4545 4550 4549
f 4543 4301 4304
f 4535 4540 4533
f 4535 4541 4540
f 4299 4296 4539
f 4520 4527 4522
f 4527 4526 4528
f 4529 4287 4523
f 4290 4287 4529
f 4525 4530 4529
f 4523 4525 4529
f 4526 4289 4291
f 4528 4526 4291
f 4528 4291 4531
f 4531 4291 4292
f 4292 4532 4531
f 4293 4532 4292
f 4529 4295 4290
f 4295 4533 4296
f 4529 4533 4295
f 4529 4534 4533
f 4529 4530 4534
f 4534 4535 4533
f 4536 4537 4532
f 4536 4532 4297
f 4297 4532 4293
f 4537 4536 4538
f 4539 4296 4533
f 4548 4305 4309
f 4601 4599 4360
f 4601 4360 4605
f 4605 4360 4361
f 4669 4451 4668
f 4452 4451 4669
f 4670 4452 4669
f 4452 4670 4454
f 4456 4457 4671
f 4458 4456 4671
f 4672 4458 4671
f 4459 4458 4672
f 4673 4459 4672
f 4460 4459 4673
f 4451 4450 4668
f 4674 4460 4673
f 4675 4461 4674
f 4461 4675 4463
f 4676 4659 4444
f 4468 4676 4444
f 4659 4676 4660
f 4660 4676 4677
f 4660 4677 4661
f 4661 4677 4678
f 4661 4678 4662
f 4662 4678 4679
f 4461 4460 4674
f 4662 4679 4663
f 4668 4450 4667
f 4667 4449 4666
f 4657 4423 4656
f 4424 4423 4657
f 4658 4424 4657
f 4424 4658 4426
f 4443 4444 4659
f 4422 4443 4659
f 4422 4659 4656
f 4656 4659 4660
f 4656 4660 4657
f 4657 4660 4661
f 4450 4449 4667
f 4657 4661 4658
f 4445 4426 4658
f 4445 4658 4663
f 4663 4658 4662
f 4446 4445 4663
f 4664 4446 4663
f 4447 4446 4664
f 4665 4447 4664
f 4448 4447 4665
f 4666 4448 4665
f 4449 4448 4666
f 4658 4661 4662
f 4663 4679 4680
f 4663 4680 4664
f 4664 4680 4681
f 4675 4693 4694
f 4471 4463 4675
f 4471 4675 4695
f 4695 4675 4694
f 4471 4695 4473
f 4696 4676 4468
f 4477 4696 4468
f 4676 4696 4677
f 4677 4696 4697
f 4677 4697 4678
f 4674 4693 4675
f 4678 4697 4698
f 4699 4679 4698
f 4679 4678 4698
f 4679 4701 4680
f 4699 4701 4679
f 4680 4702 4681
f 4701 4702 4680
f 4681 4703 4682
f 4702 4703 4681
f 4682 4704 4683
f 4703 4704 4682
f 4699 4698 4700
f 4674 4692 4693
f 4673 4692 4674
f 4673 4691 4692
f 4664 4681 4665
f 4665 4681 4682
f 4665 4682 4666
f 4666 4682 4683
f 4666 4683 4667
f 4667 4683 4684
f 4667 4684 4668
f 4668 4684 4685
f 4668 4685 4669
f 4669 4685 4686
f 4669 4686 4670
f 4670 4686 4687
f 4469 4454 4670
f 4469 4670 4688
f 4688 4670 4687
f 4470 4469 4688
f 4689 4470 4688
f 4457 4470 4689
f 4457 4689 4671
f 4671 4689 4690
f 4671 4690 4672
f 4672 4690 4691
f 4672 4691 4673
f 4423 4421 4656
f 4421 4422 4656
f 4652 4409 4401
f 4409 4655 4408
f 4616 4614 4374
f 4616 4374 4620
f 4620 4374 4375
f 4620 4375 4621
f 4375 4377 4621
f 4622 4377 4378
f 4622 4623 4377
f 4623 4621 4377
f 4623 4622 4624
f 4380 4625 4626
f 4614 4371 4374
f 4379 4625 4380
f 4617 4625 4381
f 4381 4625 4379
f 4617 4381 4373
f 4622 4378 4382
f 4624 4622 4382
f 4624 4382 4627
f 4627 4382 4383
f 4627 4383 4628
f 4383 4385 4628
f 4629 4385 4386
f 4617 4619 4625
f 4612 4373 4367
f 4618 4373 4612
f 4618 4617 4373
f 4361 4606 4605
f 4362 4606 4361
f 4602 4364 4363
f 4602 4604 4364
f 4604 4607 4364
f 4602 4363 4359
f 4606 4362 4365
f 4608 4606 4365
f 4609 4365 4366
f 4609 4610 4365
f 4610 4608 4365
f 4610 4609 4611
f 4607 4612 4364
f 4612 4367 4364
f 4609 4366 4368
f 4611 4609 4368
f 4611 4368 4613
f 4613 4368 4370
f 4614 4370 4371
f 4614 4615 4370
f 4615 4613 4370
f 4615 4614 4616
f 4619 4617 4618
f 4629 4630 4385
f 4265 4264 4501
f 4630 4628 4385
f 4634 4632 4633
f 4640 4647 4642
f 4642 4647 4648
f 4644 4649 4650
f 4644 4642 4649
f 4642 4648 4649
f 4650 4649 4651
f 4654 4652 4653
f 4645 4401 4400
f 4646 4401 4645
f 4646 4652 4401
f 4638 4647 4640
f 4646 4653 4652
f 4647 4398 4402
f 4648 4647 4402
f 4404 4648 4402
f 4649 4648 4404
f 4406 4649 4404
f 4651 4649 4406
f 4651 4406 4655
f 4655 4406 4408
f 4652 4654 4655
f 4652 4655 4409
f 4645 4400 4395
f 4397 4647 4638
f 4397 4398 4647
f 4638 4394 4397
f 4389 4633 4632
f 4389 4388 4633
f 4388 4635 4633
f 4635 4388 4380
f 4626 4635 4380
f 4629 4386 4390
f 4631 4629 4390
f 4631 4390 4636
f 4636 4390 4391
f 4636 4391 4637
f 4391 4393 4637
f 4638 4393 4394
f 4638 4639 4393
f 4639 4637 4393
f 4639 4640 4641
f 4638 4640 4639
f 4641 4642 4643
f 4640 4642 4641
f 4643 4642 4644
f 4646 4632 4634
f 4645 4632 4646
f 4632 4645 4395
f 4389 4632 4395
f 4630 4629 4631
f 4683 4705 4684
f 4264 4500 4501
f 4499 4500 4263
f 4357 4355 4358
f 4357 4128 4355
f 4128 4125 4355
f 4358 4359 4357
f 4356 4127 4129
f 4360 4356 4129
f 4360 4129 4361
f 4129 4130 4361
f 4130 4362 4361
f 4131 4362 4130
f 4356 4121 4127
f 4363 4128 4357
f 4364 4132 4128
f 4357 4359 4363
f 4362 4131 4133
f 4365 4362 4133
f 4133 4366 4365
f 4134 4366 4133
f 4364 4367 4132
f 4367 4135 4132
f 4366 4134 4136
f 4368 4366 4136
f 4363 4364 4128
f 4369 4136 4137
f 4354 4121 4356
f 4124 4351 4125
f 4341 4111 4114
f 4345 4341 4114
f 4114 4346 4345
f 4116 4346 4114
f 4342 4117 4113
f 4117 4347 4118
f 4342 4347 4117
f 4342 4348 4347
f 4342 4344 4348
f 4348 4350 4349
f 4125 4351 4355
f 4347 4348 4349
f 4346 4116 4119
f 4352 4346 4119
f 4352 4119 4353
f 4119 4120 4353
f 4120 4354 4353
f 4121 4354 4120
f 4347 4122 4118
f 4349 4122 4347
f 4124 4122 4349
f 4124 4349 4351
f 4350 4351 4349
f 4369 4370 4136
f 4370 4368 4136
f 4370 4369 4371
f 4384 4385 4149
f 4385 4383 4149
f 4385 4384 4386
f 4389 4387 4388
f 4388 4387 4151
f 4388 4151 4380
f 4380 4151 4145
f 4384 4150 4152
f 4386 4384 4152
f 4386 4152 4390
f 4384 4149 4150
f 4390 4152 4153
f 4153 4154 4391
f 4392 4154 4155
f 4392 4393 4154
f 4393 4391 4154
f 4393 4392 4394
f 4387 4157 4156
f 4387 4389 4157
f 4389 4395 4157
f 4387 4156 4151
f 4392 4155 4159
f 4390 4153 4391
f 4147 4149 4383
f 4382 4147 4383
f 4382 4146 4147
f 4138 4372 4139
f 4372 4138 4135
f 4372 4135 4373
f 4373 4135 4367
f 4369 4137 4140
f 4371 4369 4140
f 4371 4140 4374
f 4374 4140 4141
f 4374 4141 4375
f 4141 4142 4375
f 4376 4142 4143
f 4376 4377 4142
f 4377 4375 4142
f 4377 4376 4378
f 4145 4379 4380
f 4144 4379 4145
f 4139 4372 4381
f 4139 4381 4144
f 4144 4381 4379
f 4372 4373 4381
f 4376 4143 4146
f 4378 4376 4146
f 4378 4146 4382
f 4343 4344 4342
f 4159 4160 4396
f 4337 4339 4343
f 4337 4342 4112
f 4078 4305 4077
f 4302 4079 4076
f 4079 4306 4080
f 4302 4306 4079
f 4302 4307 4306
f 4302 4303 4307
f 4307 4308 4306
f 4305 4078 4081
f 4309 4305 4081
f 4081 4310 4309
f 4077 4305 4304
f 4082 4310 4081
f 4083 4080 4311
f 4308 4313 4312
f 4308 4312 4306
f 4306 4312 4311
f 4313 4314 4312
f 4310 4082 4084
f 4315 4310 4084
f 4084 4316 4315
f 4085 4316 4084
f 4311 4086 4083
f 4311 4080 4306
f 4312 4086 4311
f 4304 4301 4077
f 4298 4299 4302
f 4291 4289 4068
f 4291 4068 4292
f 4068 4069 4292
f 4069 4293 4292
f 4070 4293 4069
f 4294 4290 4295
f 4294 4071 4290
f 4071 4067 4290
f 4295 4296 4294
f 4293 4070 4297
f 4301 4075 4077
f 4297 4070 4072
f 4073 4071 4298
f 4296 4299 4298
f 4294 4296 4298
f 4297 4072 4074
f 4300 4297 4074
f 4074 4301 4300
f 4075 4301 4074
f 4302 4073 4298
f 4076 4073 4302
f 4299 4303 4302
f 4298 4071 4294
f 4088 4086 4312
f 4088 4317 4089
f 4312 4317 4088
f 4328 4097 4332
f 4332 4097 4102
f 4333 4100 4329
f 4103 4100 4333
f 4331 4334 4333
f 4329 4331 4333
f 4332 4102 4104
f 4335 4332 4104
f 4104 4336 4335
f 4106 4336 4104
f 4330 4331 4329
f 4333 4107 4103
f 4333 4337 4107
f 4333 4338 4337
f 4333 4334 4338
f 4338 4339 4337
f 4336 4106 4109
f 4340 4336 4109
f 4109 4341 4340
f 4111 4341 4109
f 4337 4112 4108
f 4112 4342 4113
f 4107 4337 4108
f 4323 4325 4330
f 4323 4330 4329
f 4323 4329 4099
f 4312 4318 4317
f 4312 4314 4318
f 4318 4319 4317
f 4316 4085 4090
f 4320 4316 4090
f 4322 4091 4321
f 4322 4320 4091
f 4320 4090 4091
f 4091 4092 4321
f 4317 4094 4089
f 4094 4323 4095
f 4317 4323 4094
f 4317 4324 4323
f 4317 4319 4324
f 4324 4325 4323
f 4322 4321 4326
f 4321 4092 4096
f 4321 4096 4326
f 4326 4096 4327
f 4096 4328 4327
f 4097 4328 4096
f 4323 4099 4095
f 4099 4329 4100
f 4337 4343 4342
f 4392 4159 4396
f 4392 4396 4397
f 4392 4397 4394
f 4461 4230 4224
f 4461 4224 4440
f 4231 4230 4462
f 4464 4231 4462
f 4232 4231 4464
f 4465 4232 4464
f 4232 4465 4234
f 4466 4441 4229
f 4238 4466 4229
f 4441 4466 4442
f 4461 4463 4230
f 4442 4466 4467
f 4442 4467 4444
f 4454 4469 4453
f 4453 4470 4455
f 4469 4470 4453
f 4455 4470 4457
f 4463 4471 4462
f 4473 4462 4471
f 4473 4472 4462
f 4472 4464 4462
f 4464 4472 4465
f 4444 4467 4468
f 4465 4472 4474
f 4463 4462 4230
f 4439 4461 4440
f 4429 4449 4430
f 4448 4449 4429
f 4430 4450 4431
f 4449 4450 4430
f 4431 4451 4432
f 4450 4451 4431
f 4432 4452 4433
f 4451 4452 4432
f 4454 4433 4452
f 4454 4453 4433
f 4460 4461 4439
f 4453 4434 4433
f 4435 4453 4455
f 4456 4455 4457
f 4456 4436 4455
f 4436 4435 4455
f 4436 4458 4437
f 4456 4458 4436
f 4437 4459 4438
f 4458 4459 4437
f 4438 4460 4439
f 4459 4460 4438
f 4434 4453 4435
f 4239 4234 4465
f 4239 4465 4475
f 4475 4465 4474
f 4477 4488 4489
f 4477 4476 4488
f 4476 4487 4488
f 4489 4488 4490
f 4486 4491 4485
f 4485 4257 4254
f 4485 4491 4257
f 4491 4492 4257
f 4492 4493 4257
f 4257 4493 4258
f 4256 4487 4247
f 4258 4493 4494
f 4487 4256 4261
f 4261 4262 4495
f 4261 4495 4487
f 4487 4495 4488
f 4490 4496 4497
f 4490 4488 4496
f 4488 4495 4496
f 4497 4496 4498
f 4494 4263 4259
f 4499 4263 4494
f 4259 4258 4494
f 4487 4476 4247
f 4252 4485 4254
f 4484 4252 4251
f 4239 4475 4241
f 4466 4238 4246
f 4246 4247 4476
f 4246 4476 4466
f 4466 4476 4467
f 4468 4476 4477
f 4467 4476 4468
f 4473 4478 4472
f 4472 4479 4474
f 4478 4479 4472
f 4474 4480 4475
f 4479 4480 4474
f 4475 4248 4241
f 4475 4480 4248
f 4480 4481 4248
f 4481 4482 4248
f 4248 4482 4249
f 4482 4483 4249
f 4249 4483 4250
f 4483 4484 4250
f 4250 4484 4251
f 4486 4485 4252
f 4486 4252 4484
f 4447 4448 4428
f 4428 4448 4429
f 4446 4447 4427
f 4427 4447 4428
f 4172 4407 4171
f 4407 4172 4168
f 4187 4188 4410
f 4189 4187 4410
f 4411 4189 4410
f 4190 4189 4411
f 4412 4190 4411
f 4191 4190 4412
f 4413 4191 4412
f 4192 4191 4413
f 4407 4405 4171
f 4414 4192 4413
f 4415 4193 4414
f 4194 4193 4415
f 4416 4194 4415
f 4195 4194 4416
f 4417 4195 4416
f 4196 4195 4417
f 4418 4196 4417
f 4196 4418 4198
f 4419 4410 4188
f 4211 4419 4188
f 4193 4192 4414
f 4171 4405 4170
f 4405 4403 4170
f 4403 4165 4170
f 4397 4396 4398
f 4401 4399 4400
f 4400 4399 4161
f 4400 4161 4395
f 4395 4161 4157
f 4396 4160 4162
f 4398 4396 4162
f 4398 4162 4402
f 4402 4162 4164
f 4403 4164 4165
f 4403 4404 4164
f 4404 4402 4164
f 4404 4405 4406
f 4403 4405 4404
f 4406 4407 4408
f 4405 4407 4406
f 4168 4408 4407
f 4168 4167 4408
f 4167 4409 4408
f 4399 4401 4409
f 4399 4409 4169
f 4169 4409 4167
f 4399 4169 4161
f 4410 4419 4411
f 4263 4500 4264
f 4411 4419 4420
f 4421 4412 4420
f 4218 4217 4435
f 4436 4218 4435
f 4219 4218 4436
f 4437 4219 4436
f 4220 4219 4437
f 4438 4220 4437
f 4221 4220 4438
f 4439 4221 4438
f 4222 4221 4439
f 4440 4222 4439
f 4435 4217 4434
f 4222 4440 4224
f 4211 4228 4441
f 4211 4441 4419
f 4419 4441 4442
f 4443 4442 4444
f 4443 4420 4442
f 4420 4419 4442
f 4420 4443 4422
f 4426 4445 4425
f 4425 4446 4427
f 4445 4446 4425
f 4228 4229 4441
f 4217 4216 4434
f 4434 4216 4433
f 4216 4215 4433
f 4412 4411 4420
f 4412 4423 4413
f 4421 4423 4412
f 4413 4424 4414
f 4423 4424 4413
f 4426 4414 4424
f 4426 4425 4414
f 4425 4415 4414
f 4415 4425 4416
f 4416 4425 4427
f 4416 4427 4417
f 4417 4427 4428
f 4417 4428 4418
f 4418 4428 4429
f 4212 4198 4418
f 4212 4418 4430
f 4430 4418 4429
f 4213 4212 4430
f 4431 4213 4430
f 4214 4213 4431
f 4432 4214 4431
f 4215 4214 4432
f 4433 4215 4432
f 4421 4420 4422
f 4704 4705 4683
f 4684 4706 4685
f 4705 4706 4684
f 4762 4977 4978
f 4763 4762 4978
f 4973 4760 4764
f 4764 4765 4979
f 4764 4979 4973
f 4973 4979 4974
f 4976 4980 4981
f 4976 4974 4980
f 4974 4979 4980
f 4981 4980 4982
f 4977 4762 4972
f 4983 4978 4984
f 4766 4763 4978
f 4984 4986 4985
f 4983 4984 4985
f 4986 4987 4985
f 4979 4765 4767
f 4980 4979 4767
f 4769 4980 4767
f 4769 4770 4988
f 4980 4769 4988
f 4980 4988 4989
f 4983 4766 4978
f 4980 4989 4982
f 4972 4762 4759
f 4969 4973 4974
f 4956 4964 4957
f 4957 4964 4965
f 4959 4965 4966
f 4957 4965 4959
f 4963 4967 4962
f 4962 4967 4968
f 4962 4968 4751
f 4751 4968 4754
f 4964 4753 4756
f 4756 4757 4969
f 4975 4974 4976
f 4756 4969 4964
f 4966 4969 4970
f 4965 4969 4966
f 4968 4758 4754
f 4971 4758 4968
f 4758 4971 4972
f 4759 4758 4972
f 4973 4969 4757
f 4760 4973 4757
f 4970 4974 4975
f 4970 4969 4974
f 4964 4969 4965
f 4989 4988 4990
f 4983 4772 4766
f 4985 4772 4983
f 4789 4784 5003
f 5000 5004 5003
f 4998 5000 5003
f 5005 5006 5002
f 5005 5002 4790
f 4790 5002 4787
f 5006 5005 5007
f 5003 4792 4789
f 4792 5008 4793
f 5003 5008 4792
f 5003 4784 4998
f 5003 5009 5008
f 5009 5010 5008
f 5005 4790 4794
f 4794 5007 5005
f 4794 4795 5007
f 4795 5011 5007
f 5012 4793 5008
f 4796 4793 5012
f 5010 5014 5013
f 5010 5013 5008
f 5008 5013 5012
f 5003 5004 5009
f 4787 5002 4786
f 4786 5002 5001
f 5001 4997 4786
f 4774 4772 4985
f 4774 4991 4775
f 4985 4991 4774
f 4985 4992 4991
f 4985 4987 4992
f 4992 4993 4991
f 4988 4770 4777
f 4777 4990 4988
f 4777 4778 4990
f 4778 4994 4990
f 4995 4775 4991
f 4780 4775 4995
f 4993 4996 4995
f 4991 4993 4995
f 4994 4778 4997
f 4997 4778 4781
f 4995 4783 4780
f 4783 4998 4784
f 4995 4998 4783
f 4995 4999 4998
f 4995 4996 4999
f 4999 5000 4998
f 4997 4781 4786
f 4753 4964 4748
f 5014 5015 5013
f 4964 4956 4748
f 4961 4750 4749
f 4908 4927 4909
f 4926 4927 4908
f 4909 4928 4910
f 4927 4928 4909
f 4910 4929 4911
f 4928 4929 4910
f 4911 4930 4912
f 4929 4930 4911
f 4912 4931 4913
f 4930 4931 4912
f 4925 4926 4907
f 4913 4932 4914
f 4914 4728 4718
f 4914 4932 4728
f 4932 4933 4728
f 4933 4934 4728
f 4728 4934 4729
f 4934 4935 4729
f 4729 4935 4730
f 4935 4936 4730
f 4730 4936 4731
f 4936 4937 4731
f 4931 4932 4913
f 4731 4937 4732
f 4907 4926 4908
f 4906 4925 4907
f 4716 4715 4913
f 4914 4716 4913
f 4716 4914 4718
f 4915 4898 4700
f 4727 4915 4700
f 4898 4915 4899
f 4899 4915 4916
f 4899 4916 4900
f 4900 4916 4917
f 4900 4917 4901
f 4923 4925 4906
f 4901 4917 4918
f 4902 4918 4919
f 4902 4919 4903
f 4903 4919 4920
f 4903 4920 4904
f 4904 4920 4921
f 4904 4921 4905
f 4905 4921 4922
f 4923 4922 4924
f 4923 4906 4922
f 4906 4905 4922
f 4901 4918 4902
f 4937 4938 4732
f 4732 4938 4733
f 4938 4939 4733
f 4941 4952 4741
f 4952 4953 4741
f 4955 4954 4742
f 4955 4742 4953
f 4953 4742 4741
f 4742 4954 4744
f 4943 4740 4747
f 4747 4748 4956
f 4747 4956 4943
f 4943 4956 4944
f 4941 4741 4738
f 4944 4956 4945
f 4958 4957 4959
f 4958 4946 4957
f 4946 4945 4957
f 4946 4958 4948
f 4955 4960 4954
f 4954 4749 4744
f 4954 4960 4749
f 4960 4961 4749
f 4963 4962 4750
f 4963 4750 4961
f 4945 4956 4957
f 4942 4952 4941
f 4922 4951 4924
f 4950 4951 4921
f 4733 4939 4734
f 4939 4940 4734
f 4734 4940 4735
f 4942 4941 4736
f 4942 4736 4940
f 4940 4736 4735
f 4736 4941 4738
f 4943 4915 4727
f 4740 4943 4727
f 4915 4943 4916
f 4916 4943 4944
f 4916 4944 4917
f 4917 4944 4945
f 4917 4945 4918
f 4918 4945 4946
f 4947 4946 4948
f 4947 4919 4946
f 4919 4918 4946
f 4919 4949 4920
f 4947 4949 4919
f 4920 4950 4921
f 4949 4950 4920
f 4921 4951 4922
f 4750 4962 4751
f 5011 4795 4797
f 5016 5011 4797
f 4797 5017 5016
f 5080 5081 5082
f 5079 5081 5080
f 5082 5083 5084
f 5081 5083 5082
f 5084 5083 5085
f 4865 5086 5087
f 4864 5086 4865
f 5086 4864 4858
f 5078 5086 4858
f 5079 4862 4866
f 5074 5080 5076
f 5081 5079 4866
f 5083 5081 4867
f 4869 5083 4867
f 5085 5083 4869
f 5085 4869 5088
f 5088 4869 4871
f 5089 4871 4872
f 5089 5090 4871
f 5090 5088 4871
f 5090 5091 5092
f 5089 5091 5090
f 4867 5081 4866
f 5092 5093 5094
f 5074 5079 5080
f 4861 4862 5079
f 4847 4850 5070
f 5070 4850 4843
f 5062 5070 4843
f 5063 4845 4851
f 5065 5063 4851
f 4852 5065 4851
f 5067 5065 4852
f 5067 4852 5071
f 5071 4852 4854
f 5072 4854 4855
f 5074 4861 5079
f 5072 5073 4854
f 5073 5074 5075
f 5072 5074 5073
f 5075 5074 5076
f 5069 4856 4848
f 5077 4856 5069
f 4856 5077 5078
f 4858 4856 5078
f 5072 4855 4859
f 5074 5072 4859
f 4861 5074 4859
f 5073 5071 4854
f 5091 5093 5092
f 5094 5095 5096
f 5093 5095 5094
f 5098 5100 5108
f 5098 5108 4891
f 4891 5108 4889
f 5098 4891 4875
f 5104 4887 4893
f 5106 5104 4893
f 4895 5106 4893
f 5106 4895 4890
f 4923 4924 5109
f 4925 4923 5109
f 4889 5108 5107
f 5110 4925 5109
f 5111 4926 5110
f 4927 4926 5111
f 5112 4927 5111
f 4928 4927 5112
f 5113 4928 5112
f 4929 4928 5113
f 5114 4929 5113
f 4930 4929 5114
f 5115 4930 5114
f 4931 4930 5115
f 4926 4925 5110
f 4890 4889 5107
f 4890 5107 5106
f 5104 5106 5105
f 5096 5095 5097
f 5100 5098 5099
f 4875 5099 5098
f 4875 4874 5099
f 4874 5101 5099
f 5101 4874 4865
f 5087 5101 4865
f 5089 4872 4876
f 5091 5089 4876
f 4878 5091 4876
f 5093 5091 4878
f 4880 5093 4878
f 5095 5093 4880
f 4882 5095 4880
f 5097 5095 4882
f 5097 4882 5102
f 5102 4882 4884
f 5102 4884 5103
f 4884 4886 5103
f 5104 4886 4887
f 5104 5105 4886
f 5105 5103 4886
f 5105 5106 5107
f 5068 4847 5070
f 4847 5068 4848
f 4848 5068 5069
f 5066 5065 5067
f 5024 5030 4811
f 5024 5031 5030
f 5024 5026 5031
f 5031 5032 5030
f 5027 4809 4813
f 4813 5029 5027
f 4813 4814 5029
f 4814 5033 5029
f 5034 4812 5030
f 4816 4812 5034
f 4811 5030 4812
f 5032 5036 5035
f 5030 5035 5034
f 5036 5037 5035
f 5033 4814 4817
f 5038 5033 4817
f 4817 5039 5038
f 4818 5039 4817
f 5034 4820 4816
f 4820 5040 4821
f 4820 5034 5040
f 5034 5035 5040
f 5032 5035 5030
f 5024 4811 4807
f 5028 5027 5029
f 5021 5028 5023
f 4798 5017 4797
f 5012 4800 4796
f 4800 5018 4801
f 4800 5012 5018
f 5012 5013 5018
f 5015 5019 5018
f 5013 5015 5018
f 5017 4798 4803
f 5020 5017 4803
f 5021 4803 4804
f 5021 5022 4803
f 5022 5020 4803
f 5022 5021 5023
f 5018 4806 4801
f 4806 5024 4807
f 5018 5024 4806
f 5018 5025 5024
f 5018 5019 5025
f 5025 5026 5024
f 5021 4804 4808
f 4808 4809 5027
f 5021 4808 5027
f 5021 5027 5028
f 5037 5041 5040
f 4913 4715 4912
f 5035 5037 5040
f 5042 5039 4822
f 4837 5056 4836
f 4838 4831 5052
f 5052 4839 4838
f 5052 5058 4839
f 5052 5054 5058
f 5057 4839 5058
f 4839 5057 4840
f 5059 5060 5056
f 5059 5056 4841
f 4841 5056 4837
f 4836 5056 5055
f 5060 5059 5061
f 5057 5058 4843
f 5058 5062 4843
f 5057 4842 4840
f 5059 4841 4844
f 4844 4845 5063
f 5059 4844 5063
f 5059 5063 5064
f 5059 5064 5061
f 5064 5065 5066
f 5063 5065 5064
f 5057 4843 4842
f 5055 4834 4836
f 5051 4834 5055
f 5051 5049 4834
f 4822 5043 5042
f 4823 5043 4822
f 5040 4825 4821
f 4825 5044 4826
f 5040 5044 4825
f 5040 5045 5044
f 5040 5041 5045
f 5045 5046 5044
f 5043 4823 4827
f 5047 5043 4827
f 5047 4827 5048
f 4827 4829 5048
f 5049 4829 4830
f 5049 5050 4829
f 5050 5048 4829
f 5050 5049 5051
f 5052 4831 4833
f 5052 5053 5054
f 4833 5053 5052
f 4833 5044 5053
f 4833 4826 5044
f 5044 5046 5053
f 5049 4830 4834
f 5039 4818 4822
f 4715 4714 4912
f 4912 4714 4911
f 4714 4713 4911
f 4769 4768 4770
f 4771 4766 4772
f 4771 4530 4766
f 4530 4525 4766
f 4772 4774 4773
f 4771 4772 4773
f 4774 4775 4773
f 4768 4528 4531
f 4531 4532 4776
f 4768 4531 4776
f 4769 4767 4527
f 4768 4776 4777
f 4777 4776 4778
f 4771 4534 4530
f 4534 4779 4535
f 4534 4771 4779
f 4771 4773 4779
f 4775 4780 4779
f 4773 4775 4779
f 4776 4532 4537
f 4537 4778 4776
f 4537 4538 4778
f 4768 4777 4770
f 4538 4781 4778
f 4768 4769 4527
f 4767 4765 4527
f 4756 4755 4757
f 4754 4514 4509
f 4758 4514 4754
f 4514 4758 4759
f 4515 4514 4759
f 4755 4512 4517
f 4517 4757 4755
f 4517 4518 4757
f 4518 4760 4757
f 4761 4759 4762
f 4768 4527 4528
f 4761 4519 4759
f 4762 4763 4761
f 4760 4518 4521
f 4764 4760 4521
f 4521 4765 4764
f 4522 4765 4521
f 4761 4524 4519
f 4524 4761 4763
f 4524 4763 4525
f 4525 4763 4766
f 4765 4522 4527
f 4519 4515 4759
f 4779 4541 4535
f 4541 4782 4542
f 4779 4782 4541
f 4557 4793 4558
f 4558 4793 4796
f 4795 4554 4559
f 4797 4795 4559
f 4559 4798 4797
f 4560 4798 4559
f 4799 4796 4800
f 4799 4562 4796
f 4562 4558 4796
f 4800 4801 4799
f 4557 4791 4793
f 4802 4803 4798
f 4564 4798 4560
f 4803 4802 4804
f 4799 4566 4562
f 4566 4805 4567
f 4799 4805 4566
f 4799 4806 4805
f 4799 4801 4806
f 4806 4807 4805
f 4802 4564 4568
f 4804 4802 4568
f 4802 4798 4564
f 4791 4557 4552
f 4554 4795 4553
f 4553 4795 4794
f 4779 4783 4782
f 4779 4780 4783
f 4783 4784 4782
f 4785 4786 4781
f 4785 4781 4543
f 4543 4781 4538
f 4786 4785 4787
f 4788 4542 4782
f 4546 4542 4788
f 4784 4789 4788
f 4782 4784 4788
f 4785 4543 4547
f 4547 4787 4785
f 4547 4548 4787
f 4548 4790 4787
f 4788 4551 4546
f 4551 4791 4552
f 4788 4791 4551
f 4788 4792 4791
f 4788 4789 4792
f 4792 4793 4791
f 4790 4548 4553
f 4794 4790 4553
f 4752 4756 4753
f 4752 4755 4756
f 4752 4511 4755
f 4511 4512 4755
f 4720 4480 4719
f 4481 4480 4720
f 4721 4481 4720
f 4482 4481 4721
f 4722 4482 4721
f 4483 4482 4722
f 4723 4483 4722
f 4484 4483 4723
f 4724 4484 4723
f 4484 4724 4486
f 4480 4479 4719
f 4696 4477 4489
f 4489 4725 4696
f 4696 4725 4697
f 4697 4725 4698
f 4698 4725 4726
f 4700 4726 4727
f 4698 4726 4700
f 4718 4728 4717
f 4717 4729 4719
f 4728 4729 4717
f 4719 4730 4720
f 4489 4490 4725
f 4719 4479 4717
f 4479 4478 4717
f 4716 4473 4695
f 4685 4707 4686
f 4706 4707 4685
f 4686 4708 4687
f 4707 4708 4686
f 4687 4709 4688
f 4708 4709 4687
f 4688 4710 4689
f 4709 4710 4688
f 4689 4711 4690
f 4710 4711 4689
f 4690 4712 4691
f 4711 4712 4690
f 4691 4713 4692
f 4712 4713 4691
f 4692 4714 4693
f 4713 4714 4692
f 4693 4715 4694
f 4714 4715 4693
f 4694 4716 4695
f 4715 4716 4694
f 4718 4717 4478
f 4716 4718 4478
f 4716 4478 4473
f 4729 4730 4719
f 4804 4568 4808
f 4720 4731 4721
f 4721 4732 4722
f 4500 4743 4501
f 4745 4739 4498
f 4502 4745 4498
f 4740 4746 4747
f 4740 4739 4746
f 4739 4745 4746
f 4747 4746 4748
f 4744 4749 4743
f 4743 4504 4501
f 4743 4749 4504
f 4742 4500 4499
f 4749 4750 4504
f 4505 4504 4751
f 4745 4502 4507
f 4507 4508 4752
f 4507 4752 4745
f 4745 4752 4746
f 4748 4752 4753
f 4746 4752 4748
f 4751 4754 4505
f 4754 4509 4505
f 4752 4508 4511
f 4504 4750 4751
f 4744 4500 4742
f 4744 4743 4500
f 4741 4742 4499
f 4731 4732 4721
f 4722 4733 4723
f 4732 4733 4722
f 4723 4734 4724
f 4733 4734 4723
f 4724 4491 4486
f 4724 4734 4491
f 4734 4735 4491
f 4735 4736 4491
f 4491 4736 4492
f 4738 4737 4493
f 4738 4493 4736
f 4736 4493 4492
f 4493 4737 4494
f 4725 4490 4497
f 4497 4498 4739
f 4497 4739 4725
f 4725 4739 4726
f 4727 4739 4740
f 4726 4739 4727
f 4738 4741 4737
f 4737 4499 4494
f 4737 4741 4499
f 4730 4731 4720
f 4289 4066 4068
f 4808 4568 4569
f 4571 4809 4569
f 4878 4876 4630
f 4878 4879 4880
f 4877 4879 4878
f 4880 4881 4882
f 4879 4881 4880
f 4882 4883 4884
f 4881 4883 4882
f 4884 4885 4886
f 4883 4885 4884
f 4886 4885 4887
f 4877 4878 4630
f 4890 4888 4889
f 4634 4633 4889
f 4633 4891 4889
f 4873 4875 4891
f 4873 4891 4635
f 4635 4891 4633
f 4873 4635 4626
f 4877 4631 4636
f 4879 4877 4636
f 4637 4879 4636
f 4881 4879 4637
f 4634 4889 4888
f 4639 4881 4637
f 4877 4630 4631
f 4872 4628 4876
f 4860 4616 4620
f 4862 4860 4620
f 4862 4620 4866
f 4866 4620 4621
f 4866 4621 4867
f 4621 4623 4867
f 4868 4623 4624
f 4868 4869 4623
f 4869 4867 4623
f 4869 4870 4871
f 4876 4628 4630
f 4868 4870 4869
f 4875 4873 4874
f 4863 4626 4625
f 4865 4626 4863
f 4865 4873 4626
f 4865 4874 4873
f 4863 4625 4619
f 4868 4624 4627
f 4870 4868 4627
f 4628 4870 4627
f 4872 4870 4628
f 4871 4870 4872
f 4883 4881 4639
f 4641 4883 4639
f 4885 4883 4641
f 4703 4702 4900
f 4901 4703 4900
f 4704 4703 4901
f 4902 4704 4901
f 4705 4704 4902
f 4903 4705 4902
f 4706 4705 4903
f 4904 4706 4903
f 4707 4706 4904
f 4905 4707 4904
f 4900 4702 4899
f 4708 4707 4905
f 4709 4708 4906
f 4907 4709 4906
f 4710 4709 4907
f 4908 4710 4907
f 4711 4710 4908
f 4909 4711 4908
f 4712 4711 4909
f 4910 4712 4909
f 4713 4712 4910
f 4911 4713 4910
f 4906 4708 4905
f 4702 4701 4899
f 4899 4701 4898
f 4701 4699 4898
f 4643 4885 4641
f 4643 4644 4892
f 4885 4643 4892
f 4885 4892 4893
f 4885 4893 4887
f 4893 4894 4895
f 4892 4894 4893
f 4895 4888 4890
f 4895 4894 4888
f 4894 4896 4888
f 4888 4896 4646
f 4634 4888 4646
f 4892 4644 4650
f 4650 4651 4897
f 4650 4897 4892
f 4892 4897 4894
f 4654 4653 4896
f 4654 4896 4897
f 4897 4896 4894
f 4896 4653 4646
f 4897 4651 4655
f 4897 4655 4654
f 4699 4700 4898
f 4857 4618 4612
f 4858 4864 4863
f 4858 4863 4619
f 4858 4619 4857
f 4585 4823 4584
f 4819 4587 4583
f 4587 4824 4588
f 4819 4824 4587
f 4819 4825 4824
f 4819 4821 4825
f 4825 4826 4824
f 4823 4585 4589
f 4827 4823 4589
f 4828 4589 4590
f 4584 4823 4822
f 4828 4829 4589
f 4829 4828 4830
f 4832 4833 4831
f 4824 4591 4588
f 4591 4824 4826
f 4591 4826 4592
f 4833 4832 4826
f 4832 4592 4826
f 4828 4590 4593
f 4830 4828 4593
f 4830 4593 4834
f 4829 4827 4589
f 4822 4818 4584
f 4818 4580 4584
f 4820 4821 4819
f 4805 4573 4567
f 4573 4810 4574
f 4805 4810 4573
f 4805 4811 4810
f 4805 4807 4811
f 4811 4812 4810
f 4809 4571 4575
f 4813 4809 4575
f 4575 4814 4813
f 4576 4814 4575
f 4815 4574 4810
f 4578 4574 4815
f 4812 4816 4815
f 4810 4812 4815
f 4814 4576 4579
f 4817 4814 4579
f 4579 4818 4817
f 4580 4818 4579
f 4815 4582 4578
f 4582 4819 4583
f 4815 4819 4582
f 4815 4820 4819
f 4815 4816 4820
f 4834 4593 4594
f 4569 4809 4808
f 4835 4594 4595
f 4836 4834 4594
f 4851 4608 4852
f 4608 4610 4852
f 4853 4610 4611
f 4853 4854 4610
f 4854 4852 4610
f 4854 4853 4855
f 4848 4856 4846
f 4858 4846 4856
f 4858 4857 4846
f 4857 4849 4846
f 4851 4845 4608
f 4849 4857 4612
f 4853 4611 4613
f 4855 4853 4613
f 4855 4613 4859
f 4859 4613 4615
f 4860 4615 4616
f 4860 4861 4615
f 4861 4859 4615
f 4861 4860 4862
f 4865 4863 4864
f 4857 4619 4618
f 4607 4849 4612
f 4845 4606 4608
f 4843 4607 4604
f 4850 4607 4843
f 4836 4835 4837
f 4831 4838 4832
f 4832 4597 4592
f 4832 4838 4597
f 4838 4839 4597
f 4597 4839 4840
f 4598 4597 4840
f 4835 4595 4600
f 4600 4837 4835
f 4600 4601 4837
f 4601 4841 4837
f 4604 4842 4843
f 4603 4842 4604
f 4842 4603 4598
f 4840 4842 4598
f 4841 4601 4605
f 4844 4841 4605
f 4605 4845 4844
f 4606 4845 4605
f 4848 4846 4847
f 4847 4849 4850
f 4846 4849 4847
f 4850 4849 4607
f 4835 4836 4594
f 5116 4931 5115
f 4290 4067 4064
f 4066 4289 4065
f 3730 3470 3731
f 3470 3471 3731
f 3731 3471 3732
f 3471 3472 3732
f 3732 3472 3468
f 3727 3732 3468
f 3487 3488 3733
f 3489 3487 3733
f 3734 3489 3733
f 3490 3489 3734
f 3469 3470 3730
f 3735 3490 3734
f 3736 3491 3735
f 3492 3491 3736
f 3737 3492 3736
f 3493 3492 3737
f 3738 3493 3737
f 3494 3493 3738
f 3739 3494 3738
f 3494 3739 3496
f 3509 3510 3740
f 3488 3509 3740
f 3491 3490 3735
f 3488 3740 3733
f 3729 3469 3730
f 3724 3469 3728
f 3717 3454 3447
f 3712 3717 3447
f 3716 3451 3456
f 3719 3716 3456
f 3456 3720 3719
f 3458 3720 3456
f 3718 3721 3455
f 3721 3460 3455
f 3720 3458 3461
f 3722 3720 3461
f 3728 3469 3729
f 3722 3461 3723
f 3725 3463 3724
f 3725 3723 3463
f 3723 3462 3463
f 3463 3465 3724
f 3468 3726 3727
f 3467 3726 3468
f 3726 3467 3460
f 3721 3726 3460
f 3725 3724 3728
f 3724 3465 3469
f 3461 3462 3723
f 3733 3740 3741
f 3733 3741 3734
f 3734 3741 3742
f 3744 3756 3745
f 3755 3756 3744
f 3745 3757 3746
f 3756 3757 3745
f 3759 3746 3757
f 3759 3758 3746
f 3758 3747 3746
f 3747 3758 3748
f 3748 3758 3760
f 3748 3760 3749
f 3753 3755 3743
f 3749 3760 3761
f 3527 3749 3762
f 3762 3749 3761
f 3528 3527 3762
f 3763 3528 3762
f 3529 3528 3763
f 3764 3529 3763
f 3530 3529 3764
f 3765 3530 3764
f 3531 3530 3765
f 3766 3531 3765
f 3527 3514 3749
f 3743 3755 3744
f 3743 3742 3752
f 3753 3743 3752
f 3734 3742 3735
f 3735 3742 3743
f 3735 3743 3736
f 3736 3743 3744
f 3736 3744 3737
f 3737 3744 3745
f 3737 3745 3738
f 3738 3745 3746
f 3738 3746 3739
f 3739 3746 3747
f 3511 3496 3739
f 3511 3739 3748
f 3748 3739 3747
f 3512 3511 3748
f 3749 3512 3748
f 3512 3749 3514
f 3750 3740 3510
f 3526 3750 3510
f 3740 3750 3741
f 3741 3750 3751
f 3741 3751 3742
f 3742 3751 3752
f 3753 3752 3754
f 3454 3717 3455
f 3532 3531 3766
f 3455 3717 3718
f 3449 3716 3715
f 3677 3410 3679
f 3677 3406 3410
f 3677 3672 3406
f 3410 3412 3678
f 3674 3414 3409
f 3414 3680 3415
f 3674 3680 3414
f 3674 3681 3680
f 3674 3676 3681
f 3681 3682 3680
f 3679 3410 3678
f 3684 3679 3678
f 3678 3417 3683
f 3412 3417 3678
f 3685 3415 3680
f 3419 3415 3685
f 3682 3686 3685
f 3680 3682 3685
f 3684 3683 3687
f 3683 3417 3420
f 3683 3420 3687
f 3687 3420 3688
f 3683 3684 3678
f 3420 3689 3688
f 3673 3672 3677
f 3667 3669 3675
f 3663 3658 3392
f 3398 3664 3397
f 3666 3664 3398
f 3398 3400 3666
f 3660 3402 3396
f 3402 3667 3403
f 3660 3667 3402
f 3660 3668 3667
f 3660 3662 3668
f 3668 3669 3667
f 3675 3676 3674
f 3665 3664 3670
f 3670 3664 3671
f 3673 3404 3672
f 3671 3404 3673
f 3671 3400 3404
f 3671 3666 3400
f 3404 3406 3672
f 3667 3408 3403
f 3408 3674 3409
f 3667 3674 3408
f 3667 3675 3674
f 3664 3666 3671
f 3422 3689 3420
f 3685 3424 3419
f 3685 3425 3424
f 3703 3437 3438
f 3438 3440 3704
f 3442 3706 3707
f 3441 3706 3442
f 3706 3441 3436
f 3701 3706 3436
f 3705 3704 3708
f 3704 3440 3443
f 3704 3443 3708
f 3708 3443 3709
f 3705 3703 3438
f 3711 3444 3710
f 3709 3443 3444
f 3444 3446 3710
f 3707 3712 3442
f 3712 3447 3442
f 3711 3710 3713
f 3710 3446 3448
f 3710 3448 3713
f 3713 3448 3714
f 3714 3448 3715
f 3448 3449 3715
f 3711 3709 3444
f 3705 3438 3704
f 3702 3437 3703
f 3698 3437 3702
f 3685 3690 3425
f 3685 3686 3690
f 3690 3691 3425
f 3689 3422 3426
f 3692 3689 3426
f 3426 3693 3692
f 3428 3693 3426
f 3425 3694 3431
f 3425 3695 3694
f 3425 3691 3695
f 3695 3696 3694
f 3693 3428 3432
f 3697 3693 3432
f 3699 3433 3698
f 3699 3697 3433
f 3697 3432 3433
f 3433 3435 3698
f 3700 3431 3694
f 3700 3701 3431
f 3701 3436 3431
f 3694 3696 3700
f 3699 3698 3702
f 3698 3435 3437
f 3451 3716 3449
f 3767 3532 3766
f 3533 3532 3767
f 3768 3533 3767
f 3580 3833 3579
f 3831 3581 3578
f 3834 3581 3831
f 3581 3834 3835
f 3582 3581 3835
f 3833 3580 3583
f 3836 3833 3583
f 3583 3837 3836
f 3584 3837 3583
f 3835 3585 3582
f 3579 3833 3832
f 3838 3585 3835
f 3585 3839 3587
f 3587 3839 3840
f 3588 3587 3840
f 3837 3584 3589
f 3841 3837 3589
f 3589 3842 3841
f 3590 3842 3589
f 3840 3843 3588
f 3843 3591 3588
f 3842 3590 3844
f 3838 3839 3585
f 3844 3590 3592
f 3832 3828 3579
f 3578 3576 3831
f 3816 3567 3565
f 3816 3821 3567
f 3821 3822 3567
f 3567 3822 3823
f 3569 3567 3823
f 3824 3817 3566
f 3570 3824 3566
f 3818 3824 3825
f 3817 3824 3818
f 3571 3827 3826
f 3828 3575 3579
f 3571 3569 3827
f 3571 3826 3573
f 3824 3570 3574
f 3574 3825 3824
f 3574 3575 3825
f 3575 3828 3825
f 3827 3829 3826
f 3826 3576 3573
f 3826 3829 3576
f 3829 3830 3576
f 3576 3830 3831
f 3569 3823 3827
f 3845 3843 3846
f 3845 3593 3843
f 3593 3591 3843
f 3608 3860 3859
f 3610 3860 3608
f 3861 3858 3862
f 3861 3611 3858
f 3611 3607 3858
f 3862 3863 3861
f 3860 3610 3612
f 3864 3860 3612
f 3864 3612 3865
f 3612 3613 3865
f 3859 3857 3608
f 3613 3866 3865
f 3867 3611 3861
f 3616 3611 3867
f 3863 3868 3867
f 3861 3863 3867
f 3617 3869 3870
f 3617 3870 3615
f 3615 3870 3866
f 3617 3618 3869
f 3867 3620 3616
f 3620 3867 3868
f 3615 3866 3613
f 3857 3606 3608
f 3858 3607 3603
f 3854 3858 3603
f 3846 3847 3845
f 3844 3592 3594
f 3848 3844 3594
f 3848 3594 3849
f 3594 3595 3849
f 3595 3850 3849
f 3596 3850 3595
f 3845 3598 3593
f 3598 3845 3847
f 3598 3847 3599
f 3599 3847 3851
f 3850 3596 3600
f 3852 3850 3600
f 3600 3853 3852
f 3602 3853 3600
f 3851 3854 3599
f 3854 3603 3599
f 3853 3602 3604
f 3855 3853 3604
f 3855 3604 3856
f 3604 3605 3856
f 3605 3857 3856
f 3606 3857 3605
f 3820 3821 3815
f 3815 3821 3816
f 3819 3820 3813
f 3813 3820 3815
f 3766 3782 3767
f 3767 3782 3783
f 3767 3783 3768
f 3768 3783 3784
f 3768 3784 3769
f 3769 3784 3785
f 3543 3536 3769
f 3543 3769 3786
f 3786 3769 3785
f 3544 3543 3786
f 3766 3780 3782
f 3787 3544 3786
f 3788 3545 3787
f 3546 3545 3788
f 3789 3546 3788
f 3547 3546 3789
f 3790 3547 3789
f 3548 3547 3790
f 3791 3548 3790
f 3548 3791 3550
f 3792 3770 3542
f 3553 3792 3542
f 3545 3544 3787
f 3765 3780 3766
f 3780 3765 3764
f 3781 3780 3764
f 3534 3533 3768
f 3769 3534 3768
f 3534 3769 3536
f 3770 3750 3526
f 3542 3770 3526
f 3771 3770 3772
f 3771 3751 3770
f 3751 3750 3770
f 3751 3773 3752
f 3771 3773 3751
f 3752 3773 3754
f 3759 3774 3758
f 3758 3775 3760
f 3774 3775 3758
f 3760 3776 3761
f 3775 3776 3760
f 3761 3777 3762
f 3776 3777 3761
f 3762 3778 3763
f 3777 3778 3762
f 3763 3779 3764
f 3778 3779 3763
f 3781 3764 3779
f 3772 3792 3793
f 3663 3392 3397
f 3770 3792 3772
f 3780 3795 3782
f 3560 3808 3553
f 3793 3808 3809
f 3792 3808 3793
f 3806 3810 3805
f 3805 3811 3807
f 3810 3811 3805
f 3807 3561 3557
f 3807 3811 3561
f 3811 3812 3561
f 3814 3813 3562
f 3808 3792 3553
f 3814 3562 3812
f 3563 3562 3813
f 3815 3563 3813
f 3564 3563 3815
f 3816 3564 3815
f 3564 3816 3565
f 3817 3808 3560
f 3566 3817 3560
f 3809 3817 3818
f 3808 3817 3809
f 3814 3819 3813
f 3812 3562 3561
f 3555 3807 3557
f 3807 3555 3805
f 3555 3554 3805
f 3794 3795 3780
f 3782 3796 3783
f 3795 3796 3782
f 3783 3797 3784
f 3796 3797 3783
f 3784 3798 3785
f 3797 3798 3784
f 3785 3799 3786
f 3798 3799 3785
f 3786 3800 3787
f 3799 3800 3786
f 3787 3801 3788
f 3800 3801 3787
f 3788 3802 3789
f 3801 3802 3788
f 3789 3803 3790
f 3802 3803 3789
f 3790 3804 3791
f 3803 3804 3790
f 3806 3805 3554
f 3804 3806 3554
f 3804 3554 3550
f 3804 3550 3791
f 3781 3794 3780
f 3620 3868 3621
f 3663 3397 3665
f 3659 3658 3663
f 3251 3505 3522
f 3522 3505 3521
f 3251 3522 3253
f 3523 3506 3250
f 3256 3523 3250
f 3506 3523 3507
f 3507 3523 3524
f 3507 3524 3508
f 3508 3524 3525
f 3510 3525 3526
f 3251 3245 3505
f 3508 3525 3510
f 3513 3528 3515
f 3527 3528 3513
f 3515 3529 3516
f 3528 3529 3515
f 3516 3530 3517
f 3529 3530 3516
f 3517 3531 3518
f 3530 3531 3517
f 3518 3532 3519
f 3531 3532 3518
f 3514 3527 3513
f 3519 3533 3520
f 3505 3520 3521
f 3504 3519 3520
f 3485 3507 3508
f 3509 3508 3510
f 3509 3486 3508
f 3486 3485 3508
f 3486 3509 3488
f 3496 3511 3495
f 3495 3512 3497
f 3511 3512 3495
f 3514 3497 3512
f 3514 3513 3497
f 3504 3520 3505
f 3513 3498 3497
f 3499 3513 3515
f 3499 3515 3500
f 3500 3515 3516
f 3500 3516 3501
f 3501 3516 3517
f 3501 3517 3502
f 3502 3517 3518
f 3502 3518 3503
f 3503 3518 3519
f 3503 3519 3504
f 3498 3513 3499
f 3532 3533 3519
f 3520 3534 3521
f 3533 3534 3520
f 3539 3546 3267
f 3546 3547 3267
f 3547 3548 3267
f 3267 3548 3268
f 3550 3549 3269
f 3550 3269 3548
f 3548 3269 3268
f 3269 3549 3271
f 3551 3540 3266
f 3273 3551 3266
f 3539 3267 3261
f 3540 3551 3541
f 3542 3552 3553
f 3541 3552 3542
f 3550 3554 3549
f 3549 3274 3271
f 3549 3554 3274
f 3554 3555 3274
f 3557 3556 3275
f 3557 3275 3555
f 3555 3275 3274
f 3276 3275 3556
f 3541 3551 3552
f 3545 3546 3538
f 3538 3546 3539
f 3544 3545 3537
f 3536 3521 3534
f 3536 3535 3521
f 3535 3522 3521
f 3257 3253 3522
f 3257 3522 3537
f 3537 3522 3535
f 3258 3257 3537
f 3538 3258 3537
f 3259 3258 3538
f 3539 3259 3538
f 3259 3539 3261
f 3523 3256 3265
f 3265 3266 3540
f 3265 3540 3523
f 3523 3540 3524
f 3524 3540 3525
f 3525 3540 3541
f 3526 3541 3542
f 3525 3541 3526
f 3536 3543 3535
f 3535 3544 3537
f 3543 3544 3535
f 3537 3545 3538
f 3484 3507 3485
f 3558 3276 3556
f 3484 3506 3507
f 3235 3249 3506
f 3469 3464 3470
f 3466 3186 3189
f 3466 3189 3470
f 3470 3189 3471
f 3471 3189 3472
f 3189 3190 3472
f 3472 3190 3188
f 3468 3472 3188
f 3212 3213 3473
f 3214 3212 3473
f 3464 3466 3470
f 3474 3214 3473
f 3475 3215 3474
f 3216 3215 3475
f 3476 3216 3475
f 3217 3216 3476
f 3477 3217 3476
f 3218 3217 3477
f 3478 3218 3477
f 3219 3218 3478
f 3479 3219 3478
f 3220 3219 3479
f 3215 3214 3474
f 3480 3220 3479
f 3465 3464 3469
f 3467 3187 3181
f 3176 3452 3171
f 3176 3459 3452
f 3459 3457 3452
f 3176 3178 3459
f 3453 3181 3180
f 3453 3455 3181
f 3455 3460 3181
f 3453 3180 3175
f 3458 3457 3461
f 3457 3459 3462
f 3460 3467 3181
f 3461 3457 3462
f 3459 3182 3462
f 3462 3182 3463
f 3465 3183 3464
f 3465 3463 3183
f 3463 3182 3183
f 3184 3464 3183
f 3466 3464 3184
f 3184 3186 3466
f 3188 3467 3468
f 3187 3467 3188
f 3459 3178 3182
f 3221 3220 3480
f 3481 3221 3480
f 3222 3221 3481
f 3495 3481 3480
f 3481 3495 3482
f 3482 3495 3497
f 3482 3497 3483
f 3483 3497 3498
f 3237 3225 3483
f 3237 3483 3499
f 3499 3483 3498
f 3238 3237 3499
f 3500 3238 3499
f 3496 3495 3480
f 3239 3238 3500
f 3240 3239 3501
f 3502 3240 3501
f 3241 3240 3502
f 3503 3241 3502
f 3242 3241 3503
f 3504 3242 3503
f 3243 3242 3504
f 3505 3243 3504
f 3243 3505 3245
f 3249 3250 3506
f 3501 3239 3500
f 3496 3480 3494
f 3493 3494 3479
f 3479 3494 3480
f 3482 3222 3481
f 3223 3222 3482
f 3483 3223 3482
f 3223 3483 3225
f 3234 3235 3484
f 3236 3234 3484
f 3485 3236 3484
f 3213 3236 3485
f 3213 3485 3473
f 3473 3485 3486
f 3487 3486 3488
f 3487 3474 3486
f 3474 3473 3486
f 3474 3489 3475
f 3487 3489 3474
f 3475 3490 3476
f 3489 3490 3475
f 3476 3491 3477
f 3490 3491 3476
f 3477 3492 3478
f 3491 3492 3477
f 3478 3493 3479
f 3492 3493 3478
f 3235 3506 3484
f 3276 3558 3277
f 3551 3273 3279
f 3279 3280 3559
f 3351 3621 3624
f 3623 3347 3352
f 3625 3623 3352
f 3352 3626 3625
f 3354 3626 3352
f 3624 3627 3351
f 3627 3357 3351
f 3626 3354 3358
f 3628 3626 3358
f 3630 3359 3629
f 3350 3621 3351
f 3630 3628 3359
f 3359 3361 3629
f 3631 3627 3632
f 3631 3363 3627
f 3363 3357 3627
f 3632 3633 3631
f 3630 3629 3634
f 3636 3364 3635
f 3634 3364 3636
f 3634 3361 3364
f 3634 3629 3361
f 3628 3358 3359
f 3364 3366 3635
f 3350 3619 3621
f 3347 3623 3345
f 3611 3335 3329
f 3610 3609 3612
f 3609 3333 3336
f 3609 3336 3612
f 3612 3336 3613
f 3615 3337 3614
f 3615 3613 3337
f 3613 3336 3337
f 3337 3339 3614
f 3611 3616 3335
f 3619 3350 3344
f 3616 3340 3335
f 3614 3618 3617
f 3614 3339 3618
f 3339 3342 3618
f 3619 3616 3620
f 3619 3344 3616
f 3344 3340 3616
f 3620 3621 3619
f 3618 3342 3345
f 3622 3618 3345
f 3345 3623 3622
f 3615 3614 3617
f 3631 3368 3363
f 3368 3631 3633
f 3368 3633 3369
f 3653 3649 3648
f 3652 3653 3648
f 3648 3384 3652
f 3379 3384 3648
f 3650 3388 3382
f 3388 3654 3389
f 3650 3654 3388
f 3650 3655 3654
f 3650 3651 3655
f 3655 3656 3654
f 3643 3645 3650
f 3653 3652 3657
f 3657 3390 3659
f 3657 3384 3390
f 3657 3652 3384
f 3390 3392 3658
f 3654 3395 3389
f 3395 3660 3396
f 3654 3660 3395
f 3654 3661 3660
f 3654 3656 3661
f 3661 3662 3660
f 3659 3390 3658
f 3645 3651 3650
f 3641 3643 3650
f 3381 3641 3650
f 3369 3633 3637
f 3636 3635 3638
f 3640 3370 3639
f 3638 3370 3640
f 3638 3366 3370
f 3638 3635 3366
f 3370 3372 3639
f 3641 3637 3642
f 3641 3375 3637
f 3375 3369 3637
f 3642 3644 3643
f 3641 3642 3643
f 3644 3645 3643
f 3640 3639 3646
f 3639 3372 3376
f 3639 3376 3646
f 3646 3376 3647
f 3649 3377 3648
f 3649 3647 3377
f 3647 3376 3377
f 3377 3379 3648
f 3641 3381 3375
f 3381 3650 3382
f 3607 3611 3329
f 3331 3333 3609
f 3608 3330 3331
f 3610 3608 3331
f 3573 3572 3291
f 3571 3573 3291
f 3571 3291 3289
f 3571 3289 3568
f 3291 3572 3292
f 3570 3290 3293
f 3574 3570 3293
f 3293 3575 3574
f 3294 3575 3293
f 3573 3576 3572
f 3569 3571 3568
f 3578 3577 3296
f 3576 3296 3292
f 3576 3292 3572
f 3296 3577 3297
f 3575 3294 3298
f 3579 3575 3298
f 3298 3580 3579
f 3299 3580 3298
f 3578 3581 3577
f 3577 3581 3582
f 3577 3582 3297
f 3576 3578 3296
f 3570 3286 3290
f 3566 3286 3570
f 3288 3568 3289
f 3279 3559 3551
f 3551 3559 3552
f 3553 3559 3560
f 3552 3559 3553
f 3557 3561 3556
f 3556 3562 3558
f 3561 3562 3556
f 3558 3281 3277
f 3558 3562 3281
f 3562 3563 3281
f 3563 3564 3281
f 3281 3564 3282
f 3282 3564 3565
f 3284 3282 3565
f 3559 3280 3285
f 3285 3560 3559
f 3285 3286 3560
f 3286 3566 3560
f 3565 3287 3284
f 3567 3287 3565
f 3569 3568 3288
f 3569 3288 3567
f 3567 3288 3287
f 3297 3582 3300
f 3665 3397 3664
f 3580 3299 3301
f 3301 3584 3583
f 3318 3313 3593
f 3598 3599 3597
f 3596 3317 3319
f 3600 3596 3319
f 3602 3320 3601
f 3602 3600 3320
f 3600 3319 3320
f 3320 3321 3601
f 3597 3323 3318
f 3323 3597 3599
f 3597 3318 3593
f 3323 3599 3324
f 3602 3601 3604
f 3601 3321 3325
f 3601 3325 3604
f 3604 3325 3605
f 3325 3606 3605
f 3603 3607 3324
f 3607 3329 3324
f 3606 3327 3330
f 3608 3606 3330
f 3610 3331 3609
f 3324 3599 3603
f 3597 3593 3598
f 3317 3596 3315
f 3315 3596 3595
f 3302 3584 3301
f 3582 3304 3300
f 3585 3304 3582
f 3586 3305 3304
f 3586 3304 3587
f 3587 3304 3585
f 3587 3588 3586
f 3584 3302 3306
f 3589 3584 3306
f 3306 3590 3589
f 3307 3590 3306
f 3586 3309 3305
f 3309 3586 3588
f 3309 3588 3310
f 3310 3588 3591
f 3590 3307 3592
f 3592 3307 3312
f 3591 3593 3310
f 3593 3313 3310
f 3592 3312 3314
f 3594 3592 3314
f 3594 3314 3595
f 3314 3315 3595
f 3583 3580 3301
f 3621 3868 3871
f 3870 3869 3872
f 3874 3622 3873
f 4149 4148 4150
f 4145 4151 3955
f 4151 3959 3955
f 4148 3958 3960
f 4150 4148 3960
f 4150 3960 4152
f 4152 3960 3961
f 4152 3961 4153
f 3961 3962 4153
f 4153 3962 4154
f 4149 4147 3957
f 3962 3964 4154
f 3965 4155 3964
f 3967 4156 4157
f 3966 4156 3967
f 4156 3966 3959
f 4151 4156 3959
f 4158 4159 4155
f 4158 4155 3968
f 3968 4155 3965
f 4159 4158 4160
f 4157 4161 3967
f 3964 4155 4154
f 4161 3969 3967
f 4148 4149 3957
f 3956 3957 4147
f 4136 4134 3945
f 3945 4137 4136
f 3947 4137 3945
f 3949 4138 4139
f 3948 4138 3949
f 4138 3948 3944
f 4135 4138 3944
f 4137 3947 3950
f 4140 4137 3950
f 4140 3950 4141
f 4148 3957 3958
f 3950 3951 4141
f 3951 3952 4142
f 3952 4143 4142
f 3953 4143 3952
f 3955 4144 4145
f 3954 4144 3955
f 4144 3954 3949
f 4139 4144 3949
f 4143 3953 3956
f 4146 4143 3956
f 4146 3956 4147
f 4141 3951 4142
f 4158 3968 3970
f 4160 4158 3970
f 4160 3970 4162
f 3987 3988 4175
f 3989 3987 4175
f 4176 3989 4175
f 3982 3989 4176
f 3982 4176 4173
f 4173 4176 4177
f 4173 4177 4174
f 4174 4177 4178
f 3990 3985 4174
f 3990 4174 4179
f 3983 4174 3985
f 4179 4174 4178
f 4180 3991 4179
f 3992 3991 4180
f 4181 3992 4180
f 3993 3992 4181
f 4182 3993 4181
f 3994 3993 4182
f 4183 3994 4182
f 3995 3994 4183
f 4184 3995 4183
f 3995 4184 3997
f 3991 3990 4179
f 4174 3983 4173
f 3983 3981 4173
f 3981 3982 4173
f 4162 3970 3971
f 4163 3971 3972
f 4163 4164 3971
f 4164 4162 3971
f 4164 4163 4165
f 4168 4166 4167
f 3974 4167 4166
f 3974 3973 4167
f 3973 4169 4167
f 4169 3973 3969
f 4161 4169 3969
f 4163 3972 3975
f 4165 4163 3975
f 4165 3975 4170
f 4170 3975 3976
f 4170 3976 4171
f 3976 3977 4171
f 4171 3977 4172
f 3977 3978 4172
f 4166 4168 4172
f 4166 4172 3979
f 3979 4172 3978
f 4166 3979 3974
f 4134 3943 3945
f 3998 3999 4185
f 4135 3944 3940
f 3943 4134 3941
f 4093 3901 3896
f 3901 4098 3902
f 4093 4098 3901
f 4093 4099 4098
f 4093 4095 4099
f 4099 4100 4098
f 3903 4101 4102
f 3903 4102 3899
f 3899 4102 4097
f 3903 3904 4101
f 3899 4097 3897
f 4098 3906 3902
f 3906 4100 3907
f 3907 4100 4103
f 4102 4101 4104
f 4106 3908 4105
f 4104 3908 4106
f 4104 3904 3908
f 4104 4101 3904
f 3908 3909 4105
f 4103 3911 3907
f 4107 3911 4103
f 3906 4098 4100
f 3911 4107 4108
f 3897 4097 4096
f 4092 3894 3897
f 4082 3884 3886
f 4084 4082 3886
f 3886 4085 4084
f 3888 4085 3886
f 4083 3890 3885
f 4086 3890 4083
f 4087 3891 3890
f 4087 3890 4088
f 4088 3890 4086
f 4088 4089 4087
f 4096 4092 3897
f 4085 3888 3892
f 4090 3892 4091
f 3892 3893 4091
f 3893 4092 4091
f 3894 4092 3893
f 4087 3895 3891
f 3895 4093 3896
f 4087 4093 3895
f 4087 4094 4093
f 4087 4089 4094
f 4094 4095 4093
f 4090 4085 3892
f 3912 3911 4108
f 4106 4105 4109
f 4111 3913 4110
f 4123 3928 4124
f 4124 3928 4122
f 4124 4125 4123
f 3930 4126 4127
f 3930 4127 3926
f 3926 4127 4121
f 3930 3931 4126
f 4123 3934 3929
f 3934 4123 4125
f 3934 4125 3935
f 4123 3929 3928
f 3935 4125 4128
f 4126 3931 3936
f 4126 3936 4129
f 4129 3936 4130
f 3936 4131 4130
f 3938 4131 3936
f 4128 4132 3935
f 4132 3940 3935
f 4131 3938 3941
f 4133 4131 3941
f 3941 4134 4133
f 4127 4126 4129
f 4122 3928 4118
f 4118 3928 3923
f 3926 4121 3924
f 4109 3913 4111
f 4109 3909 3913
f 4109 4105 3909
f 3913 3914 4110
f 4108 3916 3912
f 4112 3916 4108
f 3916 4112 4113
f 3917 3916 4113
f 4111 4110 4114
f 4116 3918 4115
f 4114 3918 4116
f 4114 3914 3918
f 4114 4110 3914
f 3918 3920 4115
f 4113 3922 3917
f 4117 3922 4113
f 3922 4117 4118
f 3923 3922 4118
f 4116 4115 4119
f 4115 3920 3924
f 4115 3924 4119
f 4119 3924 4120
f 3924 4121 4120
f 4132 4135 3940
f 3988 3998 4185
f 3988 4185 4175
f 4175 4185 4186
f 4254 4253 4034
f 4254 4034 4252
f 4252 4034 4033
f 4034 4253 4035
f 4255 4245 4032
f 4036 4255 4032
f 4247 4255 4256
f 4245 4255 4247
f 4254 4257 4253
f 4253 4037 4035
f 4251 4252 4033
f 4253 4257 4037
f 4037 4258 4259
f 4038 4037 4259
f 4255 4036 4039
f 4039 4040 4260
f 4255 4039 4260
f 4255 4260 4261
f 4255 4261 4256
f 4261 4260 4262
f 4259 4041 4038
f 4263 4041 4259
f 4257 4258 4037
f 4263 4264 4041
f 4244 4251 4033
f 4250 4251 4243
f 4241 4240 4233
f 4240 4235 4233
f 4235 4240 4236
f 4236 4240 4242
f 4027 4024 4236
f 4027 4236 4243
f 4243 4236 4242
f 4028 4027 4243
f 4244 4028 4243
f 4028 4244 4029
f 4244 4033 4029
f 4237 4026 4031
f 4237 4031 4245
f 4237 4245 4246
f 4237 4246 4238
f 4246 4245 4247
f 4241 4248 4240
f 4240 4249 4242
f 4248 4249 4240
f 4242 4250 4243
f 4249 4250 4242
f 4243 4251 4244
f 4031 4032 4245
f 4041 4264 4042
f 4042 4264 4265
f 4043 4042 4265
f 4279 4054 4051
f 4276 4053 4055
f 4278 4276 4055
f 4278 4055 4280
f 4280 4055 4057
f 4057 4281 4280
f 4058 4281 4057
f 4282 4279 4283
f 4282 4059 4279
f 4059 4054 4279
f 4275 4279 4051
f 4283 4284 4282
f 4285 4281 4060
f 4060 4286 4285
f 4061 4286 4060
f 4282 4063 4059
f 4063 4282 4284
f 4063 4284 4064
f 4064 4284 4287
f 4286 4061 4065
f 4288 4286 4065
f 4065 4289 4288
f 4281 4058 4060
f 4277 4276 4278
f 4272 4277 4273
f 4272 4276 4277
f 4260 4040 4044
f 4044 4045 4266
f 4260 4044 4266
f 4260 4266 4267
f 4260 4267 4262
f 4267 4268 4269
f 4266 4268 4267
f 4269 4268 4270
f 4265 4271 4043
f 4271 4046 4043
f 4266 4045 4048
f 4048 4049 4272
f 4048 4272 4266
f 4266 4272 4268
f 4270 4272 4273
f 4268 4272 4270
f 4271 4050 4046
f 4274 4050 4271
f 4050 4274 4275
f 4051 4050 4275
f 4272 4049 4052
f 4052 4053 4276
f 4272 4052 4276
f 4241 4233 4239
f 4234 4239 4233
f 4227 4237 4229
f 4229 4237 4238
f 4003 4002 4200
f 4201 4003 4200
f 4004 4003 4201
f 4202 4004 4201
f 4005 4004 4202
f 4203 4005 4202
f 4006 4005 4203
f 4204 4006 4203
f 4007 4006 4204
f 4205 4007 4204
f 4200 4002 4199
f 4008 4007 4205
f 4009 4008 4206
f 4207 4009 4206
f 4010 4009 4207
f 4208 4010 4207
f 4010 4208 4012
f 4209 4185 3999
f 4013 4209 3999
f 4185 4209 4186
f 4186 4209 4210
f 4188 4210 4211
f 4206 4008 4205
f 4002 4001 4199
f 4199 4001 4197
f 4001 4000 4197
f 4187 4186 4188
f 4187 4176 4186
f 4176 4175 4186
f 4176 4189 4177
f 4187 4189 4176
f 4177 4190 4178
f 4189 4190 4177
f 4178 4191 4179
f 4190 4191 4178
f 4179 4192 4180
f 4191 4192 4179
f 4180 4193 4181
f 4192 4193 4180
f 4181 4194 4182
f 4193 4194 4181
f 4182 4195 4183
f 4194 4195 4182
f 4183 4196 4184
f 4195 4196 4183
f 4198 4197 4000
f 4196 4198 4000
f 4196 4000 3997
f 4196 3997 4184
f 4186 4210 4188
f 4083 3885 3881
f 4198 4212 4197
f 4212 4213 4197
f 4227 4209 4013
f 4019 4227 4013
f 4228 4227 4229
f 4228 4210 4227
f 4210 4209 4227
f 4210 4228 4211
f 4224 4230 4223
f 4223 4231 4225
f 4230 4231 4223
f 4225 4232 4226
f 4016 4226 4018
f 4231 4232 4225
f 4232 4234 4020
f 4232 4020 4018
f 4232 4018 4226
f 4021 4020 4233
f 4235 4021 4233
f 4022 4021 4235
f 4236 4022 4235
f 4022 4236 4024
f 4237 4227 4019
f 4026 4237 4019
f 4234 4233 4020
f 4226 4016 4225
f 4016 4015 4225
f 4225 4015 4223
f 4199 4214 4200
f 4213 4214 4199
f 4200 4215 4201
f 4214 4215 4200
f 4201 4216 4202
f 4215 4216 4201
f 4202 4217 4203
f 4216 4217 4202
f 4203 4218 4204
f 4217 4218 4203
f 4204 4219 4205
f 4218 4219 4204
f 4205 4220 4206
f 4219 4220 4205
f 4206 4221 4207
f 4220 4221 4206
f 4207 4222 4208
f 4221 4222 4207
f 4224 4223 4014
f 4222 4224 4014
f 4222 4014 4012
f 4222 4012 4208
f 4015 4014 4223
f 4197 4213 4199
f 4080 4083 3881
f 3884 4082 3882
f 3882 4082 4081
f 3935 3940 3939
f 3933 3935 3939
f 3938 3937 3941
f 3943 3692 3942
f 3941 3692 3943
f 3941 3689 3692
f 3941 3937 3689
f 3692 3693 3942
f 3939 3695 3691
f 3695 3939 3940
f 3932 3933 3939
f 3695 3940 3696
f 3943 3942 3945
f 3947 3697 3946
f 3945 3697 3947
f 3945 3693 3697
f 3945 3942 3693
f 3697 3699 3946
f 3701 3948 3949
f 3700 3948 3701
f 3948 3700 3696
f 3944 3948 3696
f 3696 3940 3944
f 3947 3946 3950
f 3690 3932 3939
f 3932 3690 3686
f 3921 3681 3676
f 3681 3927 3682
f 3921 3927 3681
f 3921 3928 3927
f 3921 3923 3928
f 3928 3929 3927
f 3926 3925 3930
f 3925 3931 3930
f 3925 3679 3931
f 3679 3684 3931
f 3690 3939 3691
f 3932 3682 3927
f 3929 3934 3933
f 3929 3933 3927
f 3927 3933 3932
f 3934 3935 3933
f 3931 3684 3687
f 3936 3931 3687
f 3938 3688 3937
f 3938 3936 3688
f 3936 3687 3688
f 3688 3689 3937
f 3686 3682 3932
f 3946 3699 3702
f 3946 3702 3950
f 3950 3702 3951
f 3717 3966 3718
f 3966 3717 3712
f 3959 3966 3712
f 3963 3716 3719
f 3719 3965 3963
f 3719 3720 3965
f 3720 3968 3965
f 3967 3969 3718
f 3969 3721 3718
f 3968 3720 3722
f 3718 3966 3967
f 3970 3968 3722
f 3722 3723 3971
f 3723 3972 3971
f 3725 3972 3723
f 3727 3973 3974
f 3726 3973 3727
f 3973 3726 3721
f 3969 3973 3721
f 3972 3725 3728
f 3975 3972 3728
f 3975 3728 3976
f 3970 3722 3971
f 3964 3963 3965
f 3964 3962 3715
f 3963 3964 3715
f 3951 3702 3952
f 3702 3703 3952
f 3703 3953 3952
f 3705 3953 3703
f 3707 3954 3955
f 3706 3954 3707
f 3954 3706 3701
f 3949 3954 3701
f 3953 3705 3708
f 3956 3953 3708
f 3956 3708 3957
f 3708 3709 3957
f 3709 3958 3957
f 3711 3958 3709
f 3955 3959 3707
f 3959 3712 3707
f 3958 3711 3713
f 3960 3958 3713
f 3960 3713 3961
f 3713 3714 3961
f 3961 3714 3962
f 3714 3715 3962
f 3963 3715 3716
f 3677 3679 3925
f 3924 3919 3673
f 3924 3673 3677
f 3924 3677 3926
f 3888 3634 3887
f 3886 3634 3888
f 3886 3630 3634
f 3886 3883 3630
f 3634 3636 3887
f 3889 3885 3890
f 3889 3637 3885
f 3637 3633 3885
f 3890 3891 3889
f 3888 3887 3892
f 3884 3883 3886
f 3887 3636 3638
f 3892 3638 3893
f 3638 3894 3893
f 3640 3894 3638
f 3889 3642 3637
f 3891 3642 3889
f 3891 3895 3642
f 3895 3644 3642
f 3644 3895 3896
f 3645 3644 3896
f 3894 3640 3646
f 3887 3638 3892
f 3633 3881 3885
f 3632 3881 3633
f 3632 3879 3881
f 3872 3622 3874
f 3872 3618 3622
f 3872 3869 3618
f 3622 3623 3873
f 3871 3875 3621
f 3875 3624 3621
f 3874 3873 3876
f 3878 3625 3877
f 3876 3625 3878
f 3876 3623 3625
f 3876 3873 3623
f 3625 3626 3877
f 3879 3875 3880
f 3879 3627 3875
f 3627 3624 3875
f 3880 3881 3879
f 3878 3877 3882
f 3884 3628 3883
f 3882 3628 3884
f 3882 3626 3628
f 3882 3877 3626
f 3628 3630 3883
f 3879 3632 3627
f 3897 3894 3646
f 3728 3729 3976
f 3899 3647 3898
f 3897 3646 3647
f 3663 3914 3913
f 3665 3914 3663
f 3910 3668 3662
f 3668 3915 3669
f 3910 3915 3668
f 3910 3916 3915
f 3910 3912 3916
f 3916 3917 3915
f 3914 3665 3670
f 3918 3914 3670
f 3913 3909 3663
f 3920 3671 3919
f 3918 3670 3671
f 3671 3673 3919
f 3915 3675 3669
f 3675 3921 3676
f 3915 3921 3675
f 3915 3922 3921
f 3915 3917 3922
f 3922 3923 3921
f 3920 3919 3924
f 3926 3677 3925
f 3920 3918 3671
f 3909 3659 3663
f 3911 3912 3910
f 3905 3907 3911
f 3647 3649 3898
f 3900 3896 3901
f 3900 3651 3896
f 3651 3645 3896
f 3901 3902 3900
f 3899 3898 3903
f 3898 3904 3903
f 3898 3649 3904
f 3649 3653 3904
f 3900 3655 3651
f 3655 3905 3656
f 3900 3905 3655
f 3900 3906 3905
f 3900 3902 3906
f 3906 3907 3905
f 3904 3653 3657
f 3908 3904 3657
f 3657 3909 3908
f 3659 3909 3657
f 3905 3661 3656
f 3661 3910 3662
f 3905 3910 3661
f 3905 3911 3910
f 3899 3897 3647
f 4287 4290 4064
f 3976 3729 3977
f 3977 3730 3978
f 4044 4040 3841
f 3841 4045 4044
f 3842 4045 3841
f 4043 4046 3840
f 4046 3843 3840
f 4047 4048 4045
f 4047 4045 3844
f 3844 4045 3842
f 4048 4047 4049
f 4046 3846 3843
f 4040 3837 3841
f 4050 3846 4046
f 3847 3846 4051
f 4047 3844 3848
f 4049 4047 3848
f 4049 3848 4052
f 4052 3848 3849
f 3849 4053 4052
f 3850 4053 3849
f 4051 4054 3847
f 4054 3851 3847
f 4053 3850 3852
f 3846 4050 4051
f 4055 4053 3852
f 3840 3839 4043
f 3838 4042 3839
f 4031 4030 4032
f 4029 3829 3827
f 4033 3829 4029
f 4033 4034 3829
f 3829 4034 3830
f 3830 4034 4035
f 3831 3830 4035
f 4030 3828 3832
f 3832 4032 4030
f 3832 3833 4032
f 3839 4042 4043
f 3833 4036 4032
f 4037 3834 4035
f 3834 4037 4038
f 3835 3834 4038
f 4036 3833 3836
f 4039 4036 3836
f 3836 4040 4039
f 3837 4040 3836
f 4038 3838 3835
f 4041 3838 4038
f 4041 4042 3838
f 4035 3834 3831
f 4056 3852 3853
f 4056 4057 3852
f 4057 4055 3852
f 4067 4071 3863
f 4071 3868 3863
f 4070 3866 4072
f 4072 3866 3870
f 4071 4073 3868
f 4073 3871 3868
f 4072 3870 3872
f 4074 4072 3872
f 3872 4075 4074
f 3874 4075 3872
f 3866 4070 3865
f 4073 4076 3871
f 4075 3874 3876
f 4077 4075 3876
f 3876 4078 4077
f 3878 4078 3876
f 4076 3880 3875
f 4079 3880 4076
f 3880 4079 4080
f 3881 3880 4080
f 4078 3878 3882
f 4081 4078 3882
f 4076 3875 3871
f 3865 4070 4069
f 3864 3865 4069
f 4068 3864 4069
f 4057 4056 4058
f 4054 4059 3851
f 4059 3854 3851
f 4056 3853 3855
f 4058 4056 3855
f 4058 3855 4060
f 4060 3855 3856
f 3856 4061 4060
f 3857 4061 3856
f 4062 4059 4063
f 4062 3858 4059
f 3858 3854 4059
f 4063 4064 4062
f 4061 3857 3859
f 4065 4061 3859
f 3859 4066 4065
f 3860 4066 3859
f 4062 3862 3858
f 3862 4062 4064
f 3862 4064 3863
f 3863 4064 4067
f 4066 3860 3864
f 4068 4066 3864
f 3828 4026 3825
f 4030 4026 3828
f 4030 4031 4026
f 3823 4029 3827
f 3991 3992 3774
f 3774 3992 3775
f 3992 3993 3775
f 3775 3993 3776
f 3993 3994 3776
f 3776 3994 3777
f 3994 3995 3777
f 3777 3995 3778
f 3997 3996 3779
f 3997 3779 3995
f 3990 3991 3774
f 3995 3779 3778
f 3998 3986 3772
f 3998 3772 3999
f 3999 3772 3793
f 3986 3998 3988
f 3997 4000 3996
f 3996 3794 3781
f 3996 4000 3794
f 4000 4001 3794
f 4001 4002 3794
f 3794 4002 3795
f 3779 3996 3781
f 3984 3990 3774
f 3984 3774 3759
f 3985 3990 3984
f 3730 3731 3978
f 3978 3731 3979
f 3731 3732 3979
f 3979 3732 3727
f 3974 3979 3727
f 3753 3754 3980
f 3980 3982 3981
f 3980 3981 3753
f 3753 3981 3755
f 3981 3983 3755
f 3755 3983 3756
f 3985 3984 3757
f 3985 3757 3983
f 3983 3757 3756
f 3757 3984 3759
f 3771 3772 3986
f 3986 3988 3987
f 3986 3987 3771
f 3771 3987 3773
f 3754 3989 3980
f 3754 3773 3989
f 3773 3987 3989
f 3980 3989 3982
f 4002 4003 3795
f 3729 3730 3977
f 3795 4003 3796
f 3796 4004 3797
f 3812 4017 3814
f 4013 3809 4019
f 4019 3809 3818
f 4018 4020 4017
f 4017 3819 3814
f 4017 4020 3819
f 4020 4021 3819
f 4021 4022 3819
f 3819 4022 3820
f 4024 4023 3821
f 4016 3812 3811
f 4024 3821 4022
f 3822 3821 4023
f 4025 3822 4023
f 3822 4025 3823
f 4019 3818 4026
f 4026 3818 3825
f 4024 4027 4023
f 4023 4028 4025
f 4027 4028 4023
f 4025 4028 4029
f 4025 4029 3823
f 4022 3821 3820
f 4018 3812 4016
f 4018 4017 3812
f 3810 4016 3811
f 4004 4005 3797
f 3797 4005 3798
f 4005 4006 3798
f 3798 4006 3799
f 4006 4007 3799
f 3799 4007 3800
f 4007 4008 3800
f 3800 4008 3801
f 4008 4009 3801
f 3801 4009 3802
f 4009 4010 3802
f 3802 4010 3803
f 4012 4011 3804
f 4012 3804 4010
f 4010 3804 3803
f 3804 4011 3806
f 3999 3793 4013
f 4013 3793 3809
f 4012 4014 4011
f 4011 3810 3806
f 4011 4014 3810
f 4014 4015 3810
f 4015 4016 3810
f 4003 4004 3796
f 3457 3450 3452
f 4932 4931 5116
f 4933 4932 5117
f 6204 6215 6206
f 6214 6217 6213
f 6213 6217 6218
f 6213 6218 6075
f 6075 6218 6080
f 6083 6084 6219
f 6219 6079 6083
f 6219 6220 6079
f 6220 6216 6079
f 6218 6221 6080
f 6216 6071 6079
f 6221 6086 6080
f 6089 6222 6084
f 6220 6222 6223
f 6219 6222 6220
f 6221 6090 6086
f 6224 6090 6221
f 6090 6224 6225
f 6092 6090 6225
f 6222 6089 6095
f 6095 6096 6226
f 6222 6095 6226
f 6222 6219 6084
f 6222 6226 6227
f 6215 6071 6216
f 6074 6213 6075
f 6064 6203 6066
f 6070 6071 6204
f 6204 6206 6205
f 6204 6205 6070
f 6070 6205 6072
f 6058 6207 6188
f 6058 6072 6207
f 6072 6205 6207
f 6188 6207 6190
f 6200 6208 6199
f 6215 6204 6071
f 6199 6209 6201
f 6201 6210 6202
f 6209 6210 6201
f 6202 6211 6203
f 6210 6211 6202
f 6203 6073 6066
f 6203 6211 6073
f 6211 6212 6073
f 6214 6213 6074
f 6214 6074 6212
f 6212 6074 6073
f 6208 6209 6199
f 6222 6227 6223
f 6227 6226 6228
f 6225 6097 6092
f 6237 6243 6110
f 6110 6243 6116
f 6239 6115 6118
f 6241 6239 6118
f 6241 6118 6244
f 6244 6118 6120
f 6120 6245 6244
f 6121 6245 6120
f 6122 6247 6246
f 6122 6116 6247
f 6237 6242 6243
f 6116 6243 6247
f 6248 6249 6245
f 6248 6245 6125
f 6125 6245 6121
f 6249 6248 6250
f 6252 6246 6247
f 6251 6246 6252
f 6246 6251 6126
f 6123 6246 6126
f 6248 6125 6128
f 6128 6129 6253
f 6122 6246 6123
f 6238 6242 6237
f 6240 6239 6241
f 6232 6240 6234
f 6229 6097 6225
f 6097 6229 6230
f 6099 6097 6230
f 6226 6096 6103
f 6228 6226 6103
f 6228 6103 6231
f 6231 6103 6105
f 6232 6105 6106
f 6232 6233 6105
f 6233 6231 6105
f 6233 6232 6234
f 6230 6107 6099
f 6235 6107 6230
f 6235 6236 6107
f 6107 6236 6108
f 6238 6237 6109
f 6238 6109 6236
f 6236 6109 6108
f 6109 6237 6110
f 6232 6106 6114
f 6114 6115 6239
f 6232 6114 6239
f 6232 6239 6240
f 6203 6064 6202
f 6248 6128 6253
f 6064 6063 6202
f 6063 6062 6201
f 6166 6161 6158
f 6161 6010 6004
f 6163 6009 6012
f 6164 6163 6012
f 6013 6164 6012
f 6165 6164 6013
f 6165 6013 6168
f 6168 6013 6014
f 6168 6014 6169
f 6014 6015 6169
f 6011 6161 6166
f 6169 6015 6170
f 6170 6016 6171
f 6016 6017 6171
f 6171 6017 6172
f 6017 6018 6172
f 6172 6018 6173
f 6018 6019 6173
f 6173 6019 6174
f 6019 6020 6174
f 6166 6167 6174
f 6166 6174 6021
f 6015 6016 6170
f 6021 6174 6020
f 6011 6010 6161
f 6167 6158 6160
f 6146 6002 6151
f 6146 6151 6152
f 6146 6152 6148
f 6152 6153 6154
f 6151 6153 6152
f 6154 6155 6156
f 6153 6155 6154
f 6156 6155 6157
f 6160 6158 6159
f 6159 6161 6162
f 6166 6158 6167
f 6158 6161 6159
f 6162 6004 6150
f 6150 6004 5995
f 6151 6003 6008
f 6008 6009 6163
f 6008 6163 6151
f 6151 6163 6153
f 6153 6163 6155
f 6155 6163 6164
f 6157 6164 6165
f 6155 6164 6157
f 6162 6161 6004
f 6166 6021 6011
f 6038 6039 6175
f 6040 6038 6175
f 6039 6059 6191
f 6059 6189 6191
f 6175 6192 6176
f 6191 6192 6175
f 6176 6193 6177
f 6192 6193 6176
f 6177 6194 6178
f 6193 6194 6177
f 6178 6195 6179
f 6194 6195 6178
f 6039 6191 6175
f 6179 6196 6180
f 6180 6196 6182
f 6187 6197 6186
f 6186 6060 6051
f 6186 6197 6060
f 6197 6198 6060
f 6200 6199 6061
f 6200 6061 6198
f 6198 6061 6060
f 6062 6061 6199
f 6201 6062 6199
f 6195 6196 6179
f 6057 6189 6059
f 6188 6189 6057
f 6188 6190 6189
f 6176 6040 6175
f 6041 6040 6176
f 6177 6041 6176
f 6042 6041 6177
f 6178 6042 6177
f 6043 6042 6178
f 6179 6043 6178
f 6044 6043 6179
f 6180 6044 6179
f 6180 6182 6181
f 6180 6181 6044
f 6044 6181 6045
f 6181 6183 6045
f 6045 6183 6046
f 6183 6184 6046
f 6046 6184 6047
f 6184 6185 6047
f 6047 6185 6048
f 6187 6186 6049
f 6187 6049 6185
f 6185 6049 6048
f 6049 6186 6051
f 6057 6058 6188
f 6202 6063 6201
f 6248 6253 6254
f 6248 6254 6250
f 6254 6255 6256
f 6318 6319 6302
f 6303 6320 6304
f 6319 6320 6303
f 6304 6321 6305
f 6320 6321 6304
f 6305 6322 6306
f 6321 6322 6305
f 6306 6323 6307
f 6322 6323 6306
f 6307 6324 6308
f 6302 6319 6303
f 6323 6324 6307
f 6324 6325 6308
f 6309 6326 6310
f 6325 6326 6309
f 6328 6310 6326
f 6328 6327 6310
f 6327 6311 6310
f 6208 6200 6311
f 6208 6311 6329
f 6329 6311 6327
f 6209 6208 6329
f 6308 6325 6309
f 6330 6209 6329
f 6316 6318 6301
f 6301 6300 6315
f 6295 6306 6296
f 6296 6306 6307
f 6296 6307 6297
f 6297 6307 6308
f 6297 6308 6298
f 6298 6308 6309
f 6197 6187 6298
f 6197 6298 6310
f 6310 6298 6309
f 6198 6197 6310
f 6301 6318 6302
f 6311 6198 6310
f 6205 6206 6312
f 6207 6205 6312
f 6313 6207 6312
f 6190 6207 6313
f 6190 6313 6299
f 6299 6313 6314
f 6299 6314 6300
f 6300 6314 6315
f 6316 6315 6317
f 6316 6301 6315
f 6198 6311 6200
f 6210 6209 6330
f 6331 6210 6330
f 6211 6210 6331
f 6333 6345 6346
f 6217 6214 6333
f 6217 6333 6347
f 6347 6333 6346
f 6217 6347 6218
f 6348 6334 6216
f 6220 6348 6216
f 6334 6348 6335
f 6335 6348 6349
f 6335 6349 6336
f 6332 6345 6333
f 6336 6349 6350
f 6351 6337 6350
f 6337 6336 6350
f 6337 6351 6339
f 6341 6353 6340
f 6340 6354 6342
f 6353 6354 6340
f 6356 6342 6354
f 6356 6355 6342
f 6355 6343 6342
f 6343 6355 6344
f 6351 6350 6352
f 6332 6344 6345
f 6331 6344 6332
f 6331 6343 6344
f 6332 6211 6331
f 6212 6211 6332
f 6333 6212 6332
f 6212 6333 6214
f 6215 6216 6334
f 6206 6215 6334
f 6206 6334 6312
f 6312 6334 6335
f 6312 6335 6313
f 6313 6335 6336
f 6313 6336 6314
f 6314 6336 6337
f 6338 6337 6339
f 6338 6315 6337
f 6315 6314 6337
f 6315 6338 6317
f 6341 6327 6328
f 6340 6327 6341
f 6327 6340 6329
f 6329 6340 6342
f 6329 6342 6330
f 6330 6342 6343
f 6330 6343 6331
f 6295 6305 6306
f 6182 6305 6295
f 6182 6196 6305
f 6305 6196 6304
f 6145 6147 6267
f 6268 6147 6148
f 6268 6269 6147
f 6269 6267 6147
f 6269 6268 6270
f 6150 6271 6272
f 6149 6271 6150
f 6271 6149 6139
f 6264 6271 6139
f 6268 6148 6152
f 6266 6145 6267
f 6270 6268 6152
f 6273 6152 6154
f 6273 6154 6274
f 6154 6156 6274
f 6156 6275 6274
f 6157 6275 6156
f 6160 6276 6277
f 6159 6276 6160
f 6276 6159 6278
f 6159 6162 6278
f 6278 6162 6150
f 6270 6152 6273
f 6143 6145 6266
f 6265 6143 6266
f 6265 6141 6143
f 6253 6255 6254
f 6256 6255 6257
f 6251 6131 6130
f 6251 6252 6131
f 6252 6258 6131
f 6251 6130 6126
f 6253 6129 6132
f 6255 6253 6132
f 6133 6255 6132
f 6257 6255 6133
f 6257 6133 6259
f 6259 6133 6135
f 6259 6135 6260
f 6135 6137 6260
f 6261 6137 6138
f 6261 6262 6137
f 6262 6260 6137
f 6262 6261 6263
f 6258 6264 6131
f 6264 6139 6131
f 6261 6138 6141
f 6263 6261 6141
f 6263 6141 6265
f 6272 6278 6150
f 6002 6003 6151
f 6279 6280 6275
f 6165 6275 6157
f 6174 6294 6173
f 6290 6174 6167
f 6181 6182 6295
f 6183 6181 6295
f 6296 6183 6295
f 6184 6183 6296
f 6297 6184 6296
f 6185 6184 6297
f 6298 6185 6297
f 6185 6298 6187
f 6290 6294 6174
f 6189 6190 6299
f 6300 6191 6299
f 6192 6191 6300
f 6301 6192 6300
f 6193 6192 6301
f 6302 6193 6301
f 6194 6193 6302
f 6303 6194 6302
f 6195 6194 6303
f 6304 6195 6303
f 6196 6195 6304
f 6191 6189 6299
f 6290 6292 6294
f 6294 6172 6173
f 6289 6172 6294
f 6280 6279 6281
f 6284 6282 6283
f 6283 6285 6286
f 6282 6285 6283
f 6286 6287 6288
f 6285 6287 6286
f 6288 6287 6289
f 6292 6290 6291
f 6291 6290 6167
f 6291 6167 6277
f 6277 6167 6160
f 6279 6165 6168
f 6281 6279 6168
f 6281 6168 6293
f 6293 6168 6169
f 6282 6284 6293
f 6282 6293 6170
f 6170 6293 6169
f 6285 6282 6170
f 6171 6285 6170
f 6287 6285 6171
f 6172 6287 6171
f 6289 6287 6172
f 6279 6275 6165
f 6344 6355 6357
f 6002 6146 6000
f 6000 6144 5998
f 6005 5835 5839
f 6006 6005 5839
f 5841 6006 5839
f 6007 6006 5841
f 5843 6007 5841
f 6009 6007 5843
f 6009 5843 6012
f 6012 5843 5844
f 6012 5844 6013
f 5844 5846 6013
f 6004 6010 5830
f 6013 5846 6014
f 6014 5848 6015
f 5848 5850 6015
f 6015 5850 6016
f 5850 5852 6016
f 6016 5852 6017
f 5852 5854 6017
f 6017 5854 6018
f 5854 5856 6018
f 6018 5856 6019
f 5856 5857 6019
f 5846 5848 6014
f 6019 5857 6020
f 6010 5836 5830
f 5837 6010 6011
f 5997 5827 5828
f 5997 5998 5827
f 5998 5996 5827
f 5998 5999 6000
f 5997 5999 5998
f 6000 6001 6002
f 5999 6001 6000
f 6002 6001 6003
f 5829 5818 5993
f 5829 5993 5995
f 5836 6010 5837
f 5829 5995 5830
f 5997 5828 5834
f 5834 5835 6005
f 5834 6005 5997
f 5997 6005 5999
f 5999 6005 6001
f 6001 6005 6006
f 6003 6007 6008
f 6003 6001 6007
f 6001 6006 6007
f 6008 6007 6009
f 5830 5995 6004
f 5857 5858 6020
f 6020 5858 6021
f 5858 5859 6021
f 5902 5900 6034
f 6035 5902 6034
f 5903 5902 6035
f 6036 5903 6035
f 5881 5903 6036
f 5881 6036 6022
f 6022 6036 6037
f 6038 6037 6039
f 6038 6023 6037
f 6023 6022 6037
f 5900 5901 6034
f 6023 6040 6024
f 6024 6041 6025
f 6040 6041 6024
f 6025 6042 6026
f 6041 6042 6025
f 6026 6043 6027
f 6042 6043 6026
f 6027 6044 6028
f 6043 6044 6027
f 6028 6045 6029
f 6044 6045 6028
f 6038 6040 6023
f 5892 6033 5894
f 6033 5892 6032
f 5892 5891 6032
f 6021 5859 5837
f 6011 6021 5837
f 5880 5881 6022
f 5882 5880 6022
f 6023 5882 6022
f 5883 5882 6023
f 6024 5883 6023
f 5884 5883 6024
f 6025 5884 6024
f 5885 5884 6025
f 6026 5885 6025
f 5886 5885 6026
f 6027 5886 6026
f 5887 5886 6027
f 6028 5887 6027
f 5888 5887 6028
f 6029 5888 6028
f 5889 5888 6029
f 6030 5889 6029
f 5890 5889 6030
f 6031 5890 6030
f 5891 5890 6031
f 6032 5891 6031
f 5996 5825 5827
f 6029 6046 6030
f 5992 5825 5996
f 5825 5990 5823
f 5787 5788 5958
f 5954 5787 5958
f 5954 5958 5959
f 5954 5959 5956
f 5959 5960 5961
f 5958 5960 5959
f 5961 5962 5963
f 5960 5962 5961
f 5963 5962 5964
f 5957 5790 5785
f 5954 5784 5787
f 5965 5790 5957
f 5791 5790 5966
f 5958 5788 5794
f 5794 5795 5967
f 5794 5967 5958
f 5958 5967 5960
f 5960 5967 5962
f 5962 5967 5968
f 5964 5969 5970
f 5964 5962 5969
f 5962 5968 5969
f 5790 5965 5966
f 5970 5969 5971
f 5957 5785 5780
f 5955 5954 5956
f 5944 5943 5945
f 5942 5772 5767
f 5946 5772 5942
f 5946 5947 5772
f 5772 5947 5773
f 5773 5947 5948
f 5774 5773 5948
f 5943 5771 5777
f 5777 5778 5949
f 5943 5777 5949
f 5953 5957 5780
f 5943 5949 5950
f 5950 5949 5951
f 5948 5779 5774
f 5952 5779 5948
f 5779 5952 5953
f 5780 5779 5953
f 5949 5778 5783
f 5783 5784 5954
f 5949 5783 5954
f 5949 5954 5955
f 5949 5955 5951
f 5943 5950 5945
f 5966 5972 5791
f 5972 5796 5791
f 5967 5795 5798
f 5979 5987 5810
f 5977 5809 5803
f 5980 5808 5812
f 5982 5980 5812
f 5814 5982 5812
f 5984 5982 5814
f 5816 5984 5814
f 5816 5817 5988
f 5984 5816 5988
f 5984 5988 5989
f 5977 5979 5810
f 5984 5989 5986
f 5988 5990 5989
f 5991 5990 5992
f 5993 5818 5820
f 5993 5994 5995
f 5993 5820 5994
f 5820 5821 5994
f 5994 5821 5810
f 5987 5994 5810
f 5988 5817 5823
f 5990 5988 5823
f 5989 5990 5991
f 5977 5810 5809
f 5985 5984 5986
f 5982 5984 5983
f 5968 5967 5798
f 5800 5968 5798
f 5800 5801 5973
f 5800 5973 5968
f 5968 5973 5969
f 5971 5974 5975
f 5971 5969 5974
f 5969 5973 5974
f 5975 5974 5976
f 5979 5977 5978
f 5978 5977 5803
f 5978 5803 5972
f 5972 5803 5796
f 5973 5801 5805
f 5974 5973 5805
f 5807 5974 5805
f 5807 5808 5980
f 5974 5807 5980
f 5974 5980 5981
f 5974 5981 5976
f 5981 5982 5983
f 5980 5982 5981
f 5983 5984 5985
f 5992 5990 5825
f 6045 6046 6029
f 6030 6047 6031
f 6046 6047 6030
f 6106 6104 6113
f 6104 6112 6113
f 6114 6113 6115
f 6110 6116 5953
f 6116 5957 5953
f 6111 5956 5959
f 6112 6111 5959
f 5961 6112 5959
f 6113 6112 5961
f 5963 6113 5961
f 6106 6113 6114
f 5963 5964 6117
f 6113 6117 6118
f 6113 6118 6115
f 6118 6119 6120
f 6117 6119 6118
f 6120 6119 6121
f 6116 5965 5957
f 6122 5965 6116
f 5965 6122 6123
f 5966 5965 6123
f 6117 5964 5970
f 6113 5963 6117
f 5970 5971 6124
f 6104 6111 6112
f 6101 6111 6102
f 5947 6100 5948
f 6093 5945 5950
f 5950 5951 6101
f 5950 6101 6093
f 6093 6101 6094
f 6096 6102 6103
f 6096 6094 6102
f 6094 6101 6102
f 6103 6104 6105
f 6102 6104 6103
f 6102 6111 6104
f 6105 6104 6106
f 6098 6108 6100
f 6107 6108 6098
f 6100 5952 5948
f 6100 6108 5952
f 6108 6109 5952
f 5952 6109 6110
f 5953 5952 6110
f 6101 5951 5955
f 5955 5956 6111
f 5955 6111 6101
f 6099 6107 6098
f 5970 6124 6117
f 6117 6124 6119
f 6121 6124 6125
f 6134 5986 5989
f 6136 6134 5989
f 5991 6136 5989
f 5991 5992 6140
f 6136 5991 6140
f 6136 6140 6141
f 6136 6141 6138
f 6141 6142 6143
f 6140 6142 6141
f 6143 6144 6145
f 6139 5987 5979
f 6142 6144 6143
f 6144 6146 6145
f 6147 6146 6148
f 5995 6149 6150
f 5994 6149 5995
f 6149 5994 5987
f 6139 6149 5987
f 6140 5992 5996
f 6142 6140 5996
f 5998 6142 5996
f 6144 6142 5998
f 6145 6146 6147
f 6131 6139 5979
f 6137 6136 6138
f 6134 6136 6135
f 6119 6124 6121
f 6123 6126 5966
f 6126 5972 5966
f 6124 5971 5975
f 5975 5976 6127
f 6124 5975 6127
f 6124 6127 6128
f 6124 6128 6125
f 6128 6127 6129
f 5979 6130 6131
f 5978 6130 5979
f 6130 5978 5972
f 6126 6130 5972
f 6127 5976 5981
f 6129 6127 5981
f 6129 5981 6132
f 6132 5981 5983
f 6132 5983 6133
f 5983 5985 6133
f 6134 5985 5986
f 6134 6135 5985
f 6135 6133 5985
f 6135 6136 6137
f 6100 5947 6098
f 5947 5946 6098
f 6097 5942 6091
f 6097 5946 5942
f 6060 6061 6050
f 6052 5916 5907
f 6052 6061 5916
f 6061 6062 5916
f 6062 6063 5916
f 5916 6063 5917
f 6063 6064 5917
f 5917 6064 5918
f 6066 6065 5919
f 6066 5919 6064
f 6050 6061 6052
f 6064 5919 5918
f 5924 5925 6067
f 5914 5924 6067
f 5914 6067 6053
f 6053 6067 6068
f 6053 6068 6054
f 6054 6068 6069
f 6070 6069 6071
f 6070 6055 6069
f 6055 6054 6069
f 6055 6072 6056
f 5919 6065 5920
f 6051 6060 6050
f 6037 6059 6039
f 6057 6059 6036
f 6031 6048 6032
f 6047 6048 6031
f 6032 6049 6033
f 6048 6049 6032
f 6051 6050 5904
f 6049 6051 5904
f 6049 5904 5894
f 6049 5894 6033
f 5905 5904 6050
f 6052 5905 6050
f 5905 6052 5907
f 5913 5914 6053
f 5915 5913 6053
f 6054 5915 6053
f 5901 5915 6054
f 5901 6054 6034
f 6034 6054 6055
f 6034 6055 6035
f 6035 6055 6056
f 6057 6056 6058
f 6057 6036 6056
f 6036 6035 6056
f 6036 6059 6037
f 6070 6072 6055
f 6146 6144 6000
f 6056 6072 6058
f 6065 5926 5920
f 5940 6087 5935
f 6081 6087 6082
f 6082 6087 6088
f 6084 6088 6089
f 6082 6088 6084
f 6086 6090 6085
f 6092 6091 5941
f 6090 6092 5941
f 6090 5941 5938
f 6090 5938 6085
f 6087 6081 5935
f 5941 6091 5942
f 5944 5945 6093
f 5944 6093 6087
f 6087 6093 6088
f 6089 6094 6095
f 6089 6088 6094
f 6088 6093 6094
f 6095 6094 6096
f 6092 6097 6091
f 6099 6098 5946
f 6097 6099 5946
f 6087 5940 5944
f 5936 6085 5938
f 5932 6080 6086
f 5936 5932 6086
f 6065 6073 5926
f 6073 6074 5926
f 5926 6074 6075
f 5927 5926 6075
f 6076 6067 5925
f 5931 6076 5925
f 6067 6076 6068
f 6068 6076 6077
f 6068 6077 6069
f 6069 6077 6078
f 6071 6078 6079
f 6069 6078 6071
f 6075 6080 5927
f 6080 5932 5927
f 6081 6076 5931
f 5935 6081 5931
f 6076 6081 6077
f 6077 6081 6082
f 6083 6082 6084
f 6083 6078 6082
f 6078 6077 6082
f 6078 6083 6079
f 5936 6086 6085
f 6066 6073 6065
f 6344 6357 6345
f 6345 6357 6358
f 6345 6358 6346
f 6602 6618 6603
f 6603 6618 6619
f 6603 6619 6604
f 6604 6619 6620
f 6604 6620 6605
f 6605 6620 6621
f 6607 6621 6622
f 6605 6621 6607
f 6612 6623 6611
f 6611 6624 6613
f 6601 6618 6602
f 6623 6624 6611
f 6624 6625 6613
f 6614 6626 6615
f 6625 6626 6614
f 6615 6627 6616
f 6626 6627 6615
f 6616 6628 6617
f 6627 6628 6616
f 6630 6629 6517
f 6628 6630 6517
f 6628 6517 6511
f 6613 6625 6614
f 6628 6511 6617
f 6515 6618 6601
f 6601 6504 6515
f 6596 6595 6605
f 6596 6608 6597
f 6606 6608 6596
f 6597 6609 6598
f 6608 6609 6597
f 6598 6610 6599
f 6609 6610 6598
f 6612 6599 6610
f 6612 6611 6599
f 6611 6600 6599
f 6515 6516 6618
f 6505 6498 6600
f 6613 6600 6611
f 6506 6505 6613
f 6614 6506 6613
f 6507 6506 6614
f 6615 6507 6614
f 6508 6507 6615
f 6616 6508 6615
f 6509 6508 6616
f 6617 6509 6616
f 6509 6617 6511
f 6505 6600 6613
f 6518 6517 6629
f 6631 6518 6629
f 6518 6631 6520
f 6637 6635 6643
f 6635 6642 6643
f 6644 6645 6646
f 6643 6645 6644
f 6646 6645 6647
f 6640 6648 6639
f 6639 6536 6527
f 6639 6648 6536
f 6648 6649 6536
f 6649 6650 6536
f 6637 6643 6644
f 6536 6650 6537
f 6652 6538 6650
f 6650 6538 6537
f 6538 6651 6539
f 6641 6535 6543
f 6543 6544 6653
f 6543 6653 6641
f 6641 6653 6642
f 6642 6653 6643
f 6643 6653 6654
f 6643 6654 6645
f 6652 6651 6538
f 6635 6641 6642
f 6634 6641 6635
f 6633 6641 6634
f 6618 6516 6524
f 6524 6525 6632
f 6524 6632 6618
f 6618 6632 6619
f 6619 6632 6620
f 6620 6632 6633
f 6620 6633 6621
f 6621 6633 6634
f 6622 6635 6636
f 6622 6621 6635
f 6621 6634 6635
f 6636 6635 6637
f 6630 6638 6629
f 6640 6629 6638
f 6640 6639 6629
f 6639 6631 6629
f 6631 6639 6527
f 6520 6631 6527
f 6632 6525 6532
f 6633 6632 6532
f 6534 6633 6532
f 6534 6535 6641
f 6534 6641 6633
f 6606 6596 6605
f 6645 6654 6655
f 6606 6605 6607
f 6594 6604 6595
f 6573 6574 6575
f 6572 6574 6573
f 6575 6576 6577
f 6574 6576 6575
f 6577 6578 6579
f 6576 6578 6577
f 6579 6580 6581
f 6578 6580 6579
f 6435 6581 6580
f 6435 6434 6581
f 6564 6571 6572
f 6434 6582 6581
f 6568 6582 6426
f 6569 6432 6437
f 6570 6569 6437
f 6439 6570 6437
f 6571 6570 6439
f 6441 6571 6439
f 6572 6571 6441
f 6443 6572 6441
f 6574 6572 6443
f 6445 6574 6443
f 6582 6434 6426
f 6576 6574 6445
f 6566 6564 6572
f 6564 6570 6571
f 6559 6560 6561
f 6558 6560 6559
f 6561 6562 6563
f 6560 6562 6561
f 6563 6564 6565
f 6562 6564 6563
f 6565 6564 6566
f 6426 6567 6568
f 6425 6567 6426
f 6567 6425 6416
f 6566 6572 6573
f 6554 6567 6416
f 6556 6555 6427
f 6429 6556 6427
f 6558 6556 6429
f 6431 6558 6429
f 6431 6432 6569
f 6431 6569 6558
f 6558 6569 6560
f 6560 6569 6562
f 6562 6569 6570
f 6562 6570 6564
f 6555 6423 6427
f 6447 6576 6445
f 6578 6576 6447
f 6449 6578 6447
f 6585 6594 6586
f 6586 6594 6595
f 6586 6595 6587
f 6587 6595 6596
f 6587 6596 6588
f 6588 6596 6597
f 6588 6597 6589
f 6589 6597 6598
f 6589 6598 6590
f 6590 6598 6599
f 6585 6593 6594
f 6496 6489 6590
f 6600 6590 6599
f 6496 6600 6498
f 6601 6591 6495
f 6504 6601 6495
f 6591 6601 6592
f 6592 6601 6602
f 6592 6602 6593
f 6593 6602 6603
f 6593 6603 6594
f 6594 6603 6604
f 6496 6590 6600
f 6584 6593 6585
f 6584 6592 6593
f 6583 6592 6584
f 6580 6578 6449
f 6450 6580 6449
f 6580 6450 6435
f 6479 6480 6583
f 6481 6479 6583
f 6584 6481 6583
f 6482 6481 6584
f 6585 6482 6584
f 6483 6482 6585
f 6586 6483 6585
f 6484 6483 6586
f 6587 6484 6586
f 6485 6484 6587
f 6588 6485 6587
f 6486 6485 6588
f 6589 6486 6588
f 6487 6486 6589
f 6590 6487 6589
f 6487 6590 6489
f 6494 6495 6591
f 6480 6494 6591
f 6480 6591 6583
f 6583 6591 6592
f 6595 6604 6605
f 6647 6656 6657
f 6647 6645 6656
f 6645 6655 6656
f 6704 6711 6712
f 6704 6712 6705
f 6705 6712 6713
f 6705 6713 6706
f 6706 6713 6714
f 6706 6714 6707
f 6707 6714 6715
f 6707 6715 6708
f 6708 6715 6716
f 6708 6716 6709
f 6703 6711 6704
f 6709 6716 6717
f 6710 6717 6718
f 6648 6640 6710
f 6648 6710 6719
f 6719 6710 6718
f 6649 6648 6719
f 6720 6649 6719
f 6650 6649 6720
f 6721 6650 6720
f 6650 6721 6652
f 6711 6647 6657
f 6709 6717 6710
f 6657 6658 6722
f 6702 6711 6703
f 6646 6647 6711
f 6693 6701 6702
f 6693 6702 6694
f 6694 6702 6703
f 6694 6703 6695
f 6695 6703 6704
f 6695 6704 6696
f 6696 6704 6705
f 6696 6705 6697
f 6697 6705 6706
f 6697 6706 6698
f 6646 6711 6702
f 6698 6706 6707
f 6699 6707 6708
f 6699 6708 6700
f 6700 6708 6709
f 6638 6630 6700
f 6638 6700 6710
f 6710 6700 6709
f 6638 6710 6640
f 6701 6637 6644
f 6702 6701 6644
f 6646 6702 6644
f 6698 6707 6699
f 6657 6722 6711
f 6711 6722 6712
f 6712 6722 6713
f 6671 6726 6669
f 6671 6672 6732
f 6671 6732 6726
f 6726 6732 6727
f 6727 6732 6728
f 6728 6732 6733
f 6728 6733 6729
f 6729 6733 6734
f 6729 6734 6730
f 6730 6734 6735
f 6726 6725 6669
f 6675 6674 6731
f 6735 6731 6730
f 6731 6674 6660
f 6732 6672 6679
f 6733 6732 6679
f 6681 6733 6679
f 6734 6733 6681
f 6683 6734 6681
f 6735 6734 6683
f 6685 6735 6683
f 6735 6685 6675
f 6675 6731 6735
f 6669 6725 6667
f 6725 6724 6667
f 6667 6724 6665
f 6713 6722 6723
f 6713 6723 6714
f 6714 6723 6724
f 6714 6724 6715
f 6715 6724 6725
f 6715 6725 6716
f 6716 6725 6726
f 6716 6726 6717
f 6717 6726 6727
f 6717 6727 6718
f 6718 6727 6728
f 6718 6728 6719
f 6719 6728 6729
f 6719 6729 6720
f 6720 6729 6730
f 6720 6730 6721
f 6721 6730 6731
f 6721 6731 6660
f 6652 6721 6660
f 6722 6658 6663
f 6723 6722 6663
f 6665 6723 6663
f 6724 6723 6665
f 6692 6701 6693
f 6691 6701 6692
f 6636 6701 6691
f 6636 6637 6701
f 6674 6673 6659
f 6673 6676 6659
f 6659 6676 6554
f 6545 6659 6554
f 6661 6553 6557
f 6662 6661 6557
f 6559 6662 6557
f 6664 6662 6559
f 6561 6664 6559
f 6666 6664 6561
f 6674 6659 6660
f 6563 6666 6561
f 6565 6668 6563
f 6565 6566 6677
f 6565 6677 6668
f 6668 6677 6670
f 6672 6678 6679
f 6672 6670 6678
f 6670 6677 6678
f 6679 6680 6681
f 6678 6680 6679
f 6681 6682 6683
f 6668 6666 6563
f 6675 6673 6674
f 6671 6670 6672
f 6668 6670 6669
f 6657 6656 6658
f 6660 6651 6652
f 6659 6651 6660
f 6651 6659 6545
f 6539 6651 6545
f 6653 6544 6548
f 6654 6653 6548
f 6550 6654 6548
f 6655 6654 6550
f 6552 6655 6550
f 6552 6553 6661
f 6552 6661 6655
f 6655 6661 6656
f 6658 6662 6663
f 6658 6656 6662
f 6656 6661 6662
f 6663 6664 6665
f 6662 6664 6663
f 6665 6666 6667
f 6664 6666 6665
f 6667 6668 6669
f 6666 6668 6667
f 6669 6670 6671
f 6680 6682 6681
f 6556 6558 6557
f 6683 6684 6685
f 6685 6673 6675
f 6622 6691 6607
f 6687 6691 6688
f 6688 6691 6692
f 6688 6692 6689
f 6689 6692 6693
f 6689 6693 6690
f 6690 6693 6694
f 6623 6612 6690
f 6623 6690 6695
f 6695 6690 6694
f 6691 6687 6607
f 6624 6623 6695
f 6625 6624 6696
f 6697 6625 6696
f 6626 6625 6697
f 6698 6626 6697
f 6627 6626 6698
f 6699 6627 6698
f 6628 6627 6699
f 6700 6628 6699
f 6628 6700 6630
f 6691 6622 6636
f 6696 6624 6695
f 6610 6690 6612
f 6690 6610 6689
f 6610 6609 6689
f 6685 6684 6673
f 6684 6686 6673
f 6568 6567 6676
f 6568 6676 6686
f 6686 6676 6673
f 6676 6567 6554
f 6677 6566 6573
f 6678 6677 6573
f 6575 6678 6573
f 6680 6678 6575
f 6577 6680 6575
f 6682 6680 6577
f 6579 6682 6577
f 6684 6682 6579
f 6581 6684 6579
f 6686 6684 6581
f 6582 6686 6581
f 6686 6582 6568
f 6606 6607 6687
f 6608 6606 6687
f 6688 6608 6687
f 6609 6608 6688
f 6689 6609 6688
f 6682 6684 6683
f 6557 6558 6559
f 6551 6555 6556
f 6553 6551 6556
f 6425 6424 6264
f 6425 6264 6416
f 6416 6264 6258
f 6417 6263 6265
f 6419 6417 6265
f 6266 6419 6265
f 6421 6419 6266
f 6267 6421 6266
f 6423 6421 6267
f 6423 6267 6427
f 6426 6424 6425
f 6427 6267 6269
f 6428 6429 6269
f 6429 6427 6269
f 6429 6430 6431
f 6428 6430 6429
f 6431 6430 6432
f 6435 6433 6434
f 6424 6272 6271
f 6426 6272 6424
f 6426 6433 6272
f 6426 6434 6433
f 6428 6269 6270
f 6424 6271 6264
f 6422 6421 6423
f 6420 6421 6422
f 6256 6257 6410
f 6256 6410 6405
f 6405 6410 6406
f 6408 6411 6412
f 6408 6406 6411
f 6406 6410 6411
f 6412 6413 6414
f 6411 6413 6412
f 6414 6413 6415
f 6409 6416 6252
f 6419 6421 6420
f 6416 6258 6252
f 6411 6410 6259
f 6260 6411 6259
f 6413 6411 6260
f 6262 6413 6260
f 6262 6263 6417
f 6413 6262 6417
f 6413 6417 6418
f 6413 6418 6415
f 6418 6419 6420
f 6417 6419 6418
f 6410 6257 6259
f 6428 6270 6273
f 6430 6428 6273
f 6274 6430 6273
f 6284 6283 6440
f 6284 6440 6451
f 6451 6440 6438
f 6442 6440 6283
f 6286 6442 6283
f 6444 6442 6286
f 6288 6444 6286
f 6288 6289 6452
f 6288 6452 6444
f 6444 6452 6446
f 6436 6451 6438
f 6292 6291 6448
f 6452 6448 6446
f 6448 6291 6277
f 6451 6281 6293
f 6451 6293 6284
f 6452 6289 6294
f 6452 6294 6292
f 6316 6317 6453
f 6318 6316 6453
f 6454 6318 6453
f 6319 6318 6454
f 6292 6448 6452
f 6280 6451 6436
f 6280 6281 6451
f 6436 6275 6280
f 6274 6275 6436
f 6430 6274 6436
f 6430 6436 6437
f 6430 6437 6432
f 6437 6438 6439
f 6436 6438 6437
f 6439 6440 6441
f 6438 6440 6439
f 6441 6442 6443
f 6440 6442 6441
f 6443 6444 6445
f 6442 6444 6443
f 6445 6446 6447
f 6444 6446 6445
f 6447 6448 6449
f 6446 6448 6447
f 6277 6449 6448
f 6277 6276 6449
f 6276 6450 6449
f 6433 6435 6450
f 6433 6450 6278
f 6278 6450 6276
f 6433 6278 6272
f 6256 6405 6254
f 6405 6404 6254
f 6404 6250 6254
f 6409 6252 6247
f 6361 6223 6227
f 6227 6228 6372
f 6227 6372 6361
f 6361 6372 6362
f 6362 6372 6363
f 6363 6372 6373
f 6364 6374 6375
f 6364 6363 6374
f 6363 6373 6374
f 6375 6374 6376
f 6224 6371 6225
f 6369 6377 6368
f 6377 6378 6368
f 6370 6379 6371
f 6378 6379 6370
f 6381 6380 6229
f 6379 6381 6229
f 6379 6229 6225
f 6379 6225 6371
f 6229 6380 6230
f 6372 6228 6231
f 6373 6372 6231
f 6368 6378 6370
f 6371 6360 6370
f 6224 6360 6371
f 6224 6221 6360
f 6346 6358 6359
f 6346 6359 6347
f 6347 6359 6360
f 6347 6360 6221
f 6218 6347 6221
f 6361 6348 6220
f 6223 6361 6220
f 6348 6361 6349
f 6349 6361 6362
f 6349 6362 6350
f 6350 6362 6363
f 6352 6363 6364
f 6350 6363 6352
f 6356 6365 6355
f 6355 6366 6357
f 6365 6366 6355
f 6357 6367 6358
f 6366 6367 6357
f 6369 6358 6367
f 6369 6368 6358
f 6368 6359 6358
f 6359 6368 6360
f 6360 6368 6370
f 6233 6373 6231
f 6455 6319 6454
f 6233 6234 6382
f 6373 6382 6374
f 6244 6245 6397
f 6244 6397 6390
f 6390 6397 6391
f 6393 6398 6399
f 6393 6391 6398
f 6391 6397 6398
f 6399 6400 6401
f 6398 6400 6399
f 6401 6400 6402
f 6396 6403 6243
f 6390 6241 6244
f 6403 6247 6243
f 6249 6250 6404
f 6249 6404 6397
f 6397 6404 6398
f 6398 6404 6400
f 6400 6404 6405
f 6402 6406 6407
f 6402 6400 6406
f 6400 6405 6406
f 6407 6406 6408
f 6403 6409 6247
f 6397 6245 6249
f 6243 6242 6396
f 6242 6395 6396
f 6394 6395 6242
f 6376 6383 6384
f 6376 6374 6383
f 6374 6382 6383
f 6384 6383 6385
f 6381 6386 6380
f 6380 6235 6230
f 6380 6386 6235
f 6386 6387 6235
f 6389 6388 6236
f 6389 6236 6387
f 6387 6236 6235
f 6236 6388 6238
f 6382 6234 6240
f 6240 6241 6390
f 6240 6390 6382
f 6382 6390 6383
f 6385 6391 6392
f 6385 6383 6391
f 6383 6390 6391
f 6392 6391 6393
f 6389 6394 6388
f 6388 6242 6238
f 6388 6394 6242
f 6233 6382 6373
f 5939 5944 5940
f 6320 6319 6455
f 6321 6320 6456
f 6512 6385 6392
f 6392 6393 6521
f 6392 6521 6512
f 6512 6521 6513
f 6513 6521 6514
f 6514 6521 6522
f 6516 6523 6524
f 6516 6514 6523
f 6514 6522 6523
f 6524 6523 6525
f 6387 6519 6389
f 6527 6519 6520
f 6394 6389 6519
f 6394 6519 6528
f 6528 6519 6526
f 6395 6394 6528
f 6529 6395 6528
f 6395 6529 6396
f 6521 6393 6399
f 6522 6521 6399
f 6401 6522 6399
f 6401 6402 6530
f 6526 6519 6527
f 6401 6530 6522
f 6518 6387 6386
f 6520 6519 6387
f 6500 6507 6377
f 6507 6508 6377
f 6508 6509 6377
f 6377 6509 6378
f 6511 6510 6379
f 6511 6379 6509
f 6509 6379 6378
f 6379 6510 6381
f 6501 6376 6384
f 6384 6385 6512
f 6520 6387 6518
f 6384 6512 6501
f 6502 6512 6503
f 6503 6512 6513
f 6504 6514 6515
f 6504 6503 6514
f 6503 6513 6514
f 6515 6514 6516
f 6511 6517 6510
f 6510 6386 6381
f 6510 6517 6386
f 6517 6518 6386
f 6501 6512 6502
f 6522 6530 6523
f 6525 6531 6532
f 6525 6523 6531
f 6414 6415 6546
f 6414 6546 6541
f 6541 6546 6542
f 6544 6547 6548
f 6544 6542 6547
f 6542 6546 6547
f 6548 6549 6550
f 6547 6549 6548
f 6550 6551 6552
f 6549 6551 6550
f 6414 6541 6412
f 6552 6551 6553
f 6554 6416 6409
f 6546 6415 6418
f 6547 6546 6418
f 6420 6547 6418
f 6549 6547 6420
f 6422 6549 6420
f 6422 6423 6555
f 6422 6555 6549
f 6549 6555 6551
f 6553 6556 6557
f 6545 6554 6409
f 6541 6540 6412
f 6540 6408 6412
f 6545 6409 6403
f 6523 6530 6531
f 6532 6533 6534
f 6531 6533 6532
f 6534 6533 6535
f 6527 6536 6526
f 6526 6537 6528
f 6536 6537 6526
f 6528 6538 6529
f 6537 6538 6528
f 6529 6538 6539
f 6529 6539 6396
f 6396 6539 6403
f 6530 6402 6407
f 6407 6408 6540
f 6407 6540 6530
f 6530 6540 6531
f 6531 6540 6533
f 6533 6540 6541
f 6535 6542 6543
f 6535 6533 6542
f 6533 6541 6542
f 6543 6542 6544
f 6539 6545 6403
f 6500 6377 6369
f 6506 6507 6499
f 6499 6507 6500
f 6505 6506 6497
f 6459 6469 6470
f 6459 6470 6460
f 6460 6470 6471
f 6460 6471 6461
f 6461 6471 6472
f 6461 6472 6462
f 6462 6472 6473
f 6462 6473 6341
f 6328 6462 6341
f 6351 6352 6474
f 6458 6469 6459
f 6339 6351 6474
f 6463 6474 6475
f 6463 6475 6464
f 6464 6475 6476
f 6464 6476 6465
f 6465 6476 6477
f 6465 6477 6466
f 6466 6477 6478
f 6479 6478 6480
f 6479 6467 6478
f 6467 6466 6478
f 6339 6474 6463
f 6458 6468 6469
f 6457 6468 6458
f 6457 6467 6468
f 6457 6321 6456
f 6322 6321 6457
f 6458 6322 6457
f 6323 6322 6458
f 6459 6323 6458
f 6324 6323 6459
f 6460 6324 6459
f 6325 6324 6460
f 6461 6325 6460
f 6326 6325 6461
f 6462 6326 6461
f 6326 6462 6328
f 6338 6339 6463
f 6317 6338 6463
f 6317 6463 6453
f 6453 6463 6464
f 6453 6464 6454
f 6454 6464 6465
f 6454 6465 6455
f 6455 6465 6466
f 6455 6466 6456
f 6456 6466 6467
f 6456 6467 6457
f 6467 6481 6468
f 6456 6320 6455
f 6479 6481 6467
f 6481 6482 6468
f 6489 6496 6488
f 6498 6497 6365
f 6496 6498 6365
f 6496 6365 6356
f 6496 6356 6488
f 6366 6365 6497
f 6499 6366 6497
f 6367 6366 6499
f 6500 6367 6499
f 6367 6500 6369
f 6478 6494 6480
f 6490 6364 6375
f 6375 6501 6490
f 6490 6501 6491
f 6491 6501 6492
f 6492 6501 6502
f 6492 6502 6493
f 6493 6502 6503
f 6495 6503 6504
f 6493 6503 6495
f 6498 6505 6497
f 6497 6506 6499
f 6375 6376 6501
f 6478 6477 6493
f 6494 6478 6493
f 6494 6493 6495
f 6469 6483 6470
f 6482 6483 6469
f 6470 6484 6471
f 6483 6484 6470
f 6471 6485 6472
f 6484 6485 6471
f 6472 6486 6473
f 6485 6486 6472
f 6473 6353 6341
f 6473 6486 6353
f 6486 6487 6353
f 6489 6488 6354
f 6489 6354 6487
f 6487 6354 6353
f 6354 6488 6356
f 6490 6474 6352
f 6364 6490 6352
f 6474 6490 6475
f 6475 6490 6491
f 6475 6491 6476
f 6476 6491 6492
f 6476 6492 6477
f 6477 6492 6493
f 6468 6482 6469
f 5117 4932 5116
f 5939 5943 5944
f 5770 5771 5943
f 5388 5202 5198
f 5202 5392 5203
f 5388 5392 5202
f 5388 5393 5392
f 5388 5390 5393
f 5393 5394 5392
f 5395 5396 5391
f 5395 5391 5205
f 5205 5391 5200
f 5396 5395 5397
f 5391 5196 5200
f 5392 5207 5203
f 5207 5394 5208
f 5208 5394 5398
f 5395 5205 5210
f 5210 5397 5395
f 5210 5211 5397
f 5211 5399 5397
f 5400 5398 5401
f 5400 5213 5398
f 5213 5208 5398
f 5401 5402 5400
f 5207 5392 5394
f 5399 5211 5403
f 5387 5196 5391
f 5384 5386 5389
f 5379 5189 5188
f 5379 5188 5380
f 5380 5188 5378
f 5380 5381 5379
f 5382 5374 5185
f 5191 5382 5185
f 5376 5382 5383
f 5374 5382 5376
f 5379 5192 5189
f 5192 5384 5193
f 5389 5390 5388
f 5379 5384 5192
f 5379 5381 5385
f 5385 5386 5384
f 5382 5191 5195
f 5195 5383 5382
f 5195 5196 5383
f 5196 5387 5383
f 5384 5197 5193
f 5197 5388 5198
f 5384 5388 5197
f 5384 5389 5388
f 5379 5385 5384
f 5403 5211 5214
f 5400 5216 5213
f 5216 5400 5402
f 5234 5413 5415
f 5234 5415 5235
f 5235 5415 5418
f 5417 5231 5236
f 5419 5417 5236
f 5236 5420 5419
f 5237 5420 5236
f 5421 5418 5422
f 5421 5239 5418
f 5239 5235 5418
f 5413 5234 5228
f 5422 5423 5421
f 5424 5420 5240
f 5240 5420 5237
f 5425 5424 5426
f 5421 5242 5239
f 5242 5421 5423
f 5242 5423 5243
f 5243 5423 5427
f 5424 5240 5244
f 5426 5424 5244
f 5426 5244 5428
f 5424 5425 5420
f 5231 5417 5230
f 5230 5417 5416
f 5416 5229 5230
f 5216 5402 5217
f 5217 5402 5404
f 5403 5214 5219
f 5405 5403 5219
f 5219 5406 5405
f 5220 5406 5219
f 5404 5222 5217
f 5407 5222 5404
f 5222 5407 5408
f 5223 5222 5408
f 5409 5410 5406
f 5409 5406 5224
f 5224 5406 5220
f 5410 5409 5411
f 5408 5227 5223
f 5412 5227 5408
f 5413 5228 5227
f 5413 5227 5414
f 5414 5227 5412
f 5414 5415 5413
f 5409 5224 5229
f 5411 5409 5229
f 5411 5229 5416
f 5186 5378 5188
f 5428 5244 5246
f 5377 5378 5186
f 5373 5186 5181
f 5148 5147 5339
f 5340 5148 5339
f 5148 5340 5150
f 5156 5157 5341
f 5158 5156 5341
f 5342 5158 5341
f 5159 5158 5342
f 5343 5159 5342
f 5343 5345 5344
f 5343 5344 5159
f 5339 5147 5338
f 5159 5344 5160
f 5135 5160 5346
f 5160 5344 5346
f 5325 5347 5326
f 5346 5347 5325
f 5326 5348 5327
f 5347 5348 5326
f 5327 5348 5329
f 5331 5349 5330
f 5330 5350 5332
f 5349 5350 5330
f 5135 5346 5325
f 5332 5351 5333
f 5147 5146 5338
f 5146 5145 5337
f 5136 5134 5325
f 5326 5136 5325
f 5137 5136 5326
f 5327 5137 5326
f 5327 5329 5328
f 5327 5328 5137
f 5137 5328 5138
f 5331 5330 5139
f 5331 5139 5328
f 5328 5139 5138
f 5338 5146 5337
f 5140 5139 5330
f 5141 5140 5332
f 5333 5141 5332
f 5142 5141 5333
f 5334 5142 5333
f 5143 5142 5334
f 5335 5143 5334
f 5144 5143 5335
f 5336 5144 5335
f 5145 5144 5336
f 5337 5145 5336
f 5332 5140 5330
f 5350 5351 5332
f 5333 5352 5334
f 5351 5352 5333
f 5365 5366 5342
f 5343 5366 5345
f 5362 5367 5361
f 5361 5367 5368
f 5361 5368 5164
f 5164 5368 5172
f 5177 5178 5369
f 5369 5170 5177
f 5369 5370 5170
f 5370 5364 5170
f 5342 5366 5343
f 5368 5179 5172
f 5371 5372 5179
f 5179 5372 5180
f 5180 5372 5373
f 5181 5180 5373
f 5184 5185 5374
f 5374 5376 5375
f 5184 5374 5375
f 5184 5375 5369
f 5184 5369 5178
f 5369 5375 5370
f 5371 5179 5368
f 5363 5365 5341
f 5341 5365 5342
f 5364 5157 5170
f 5334 5353 5335
f 5352 5353 5334
f 5335 5354 5336
f 5353 5354 5335
f 5336 5355 5337
f 5354 5355 5336
f 5337 5356 5338
f 5355 5356 5337
f 5338 5357 5339
f 5356 5357 5338
f 5339 5358 5340
f 5357 5358 5339
f 5340 5161 5150
f 5340 5358 5161
f 5358 5359 5161
f 5359 5360 5161
f 5161 5360 5162
f 5362 5361 5163
f 5362 5163 5360
f 5360 5163 5162
f 5163 5361 5164
f 5363 5341 5157
f 5363 5157 5364
f 5377 5186 5373
f 5246 5429 5428
f 5247 5429 5246
f 5427 5430 5243
f 5351 5494 5352
f 5494 5496 5352
f 5352 5496 5353
f 5496 5497 5353
f 5353 5497 5354
f 5497 5498 5354
f 5354 5498 5355
f 5498 5499 5355
f 5355 5499 5356
f 5499 5500 5356
f 5493 5494 5351
f 5356 5500 5357
f 5502 5358 5500
f 5500 5358 5357
f 5359 5358 5501
f 5503 5359 5501
f 5360 5359 5503
f 5504 5360 5503
f 5360 5504 5362
f 5363 5364 5505
f 5365 5363 5505
f 5506 5365 5505
f 5502 5501 5358
f 5366 5365 5506
f 5493 5495 5494
f 5351 5350 5492
f 5320 5322 5483
f 5483 5322 5484
f 5322 5324 5484
f 5484 5324 5311
f 5478 5484 5311
f 5328 5329 5485
f 5328 5485 5331
f 5344 5345 5486
f 5346 5344 5486
f 5487 5346 5486
f 5493 5351 5492
f 5347 5346 5487
f 5348 5347 5488
f 5489 5348 5488
f 5329 5348 5489
f 5329 5489 5485
f 5485 5489 5490
f 5349 5331 5485
f 5349 5485 5491
f 5491 5485 5490
f 5350 5349 5491
f 5492 5350 5491
f 5488 5347 5487
f 5507 5366 5506
f 5345 5366 5507
f 5345 5507 5486
f 5522 5505 5364
f 5370 5522 5364
f 5505 5522 5506
f 5506 5522 5523
f 5506 5523 5507
f 5507 5523 5524
f 5525 5524 5526
f 5525 5508 5524
f 5508 5507 5524
f 5508 5527 5509
f 5367 5521 5368
f 5525 5527 5508
f 5527 5528 5509
f 5510 5529 5511
f 5528 5529 5510
f 5511 5529 5513
f 5519 5530 5518
f 5518 5531 5520
f 5530 5531 5518
f 5520 5532 5521
f 5531 5532 5520
f 5521 5371 5368
f 5509 5528 5510
f 5521 5504 5520
f 5367 5504 5521
f 5367 5362 5504
f 5486 5507 5508
f 5486 5508 5487
f 5487 5508 5509
f 5487 5509 5488
f 5488 5509 5510
f 5488 5510 5489
f 5489 5510 5511
f 5512 5511 5513
f 5512 5490 5511
f 5490 5489 5511
f 5490 5514 5491
f 5512 5514 5490
f 5491 5515 5492
f 5514 5515 5491
f 5492 5516 5493
f 5515 5516 5492
f 5493 5516 5495
f 5502 5517 5501
f 5519 5501 5517
f 5519 5518 5501
f 5518 5503 5501
f 5503 5518 5504
f 5504 5518 5520
f 5482 5320 5483
f 5318 5320 5482
f 5481 5318 5482
f 5316 5318 5481
f 5438 5258 5266
f 5440 5438 5266
f 5440 5266 5445
f 5445 5266 5268
f 5268 5446 5445
f 5269 5446 5268
f 5442 5270 5261
f 5447 5270 5442
f 5270 5447 5448
f 5272 5270 5448
f 5435 5444 5253
f 5449 5450 5446
f 5274 5446 5269
f 5450 5449 5451
f 5448 5452 5272
f 5452 5276 5272
f 5449 5274 5277
f 5451 5449 5277
f 5451 5277 5453
f 5453 5277 5279
f 5453 5279 5454
f 5279 5281 5454
f 5449 5446 5274
f 5444 5264 5253
f 5263 5264 5444
f 5443 5263 5444
f 5430 5249 5243
f 5429 5247 5251
f 5431 5429 5251
f 5432 5251 5252
f 5432 5433 5251
f 5433 5431 5251
f 5433 5432 5434
f 5430 5435 5249
f 5435 5253 5249
f 5432 5252 5254
f 5434 5432 5254
f 5434 5254 5436
f 5436 5254 5255
f 5436 5255 5437
f 5255 5257 5437
f 5438 5257 5258
f 5438 5439 5257
f 5439 5437 5257
f 5439 5438 5440
f 5261 5441 5442
f 5260 5441 5261
f 5441 5260 5443
f 5260 5263 5443
f 5455 5281 5282
f 5134 5135 5325
f 5455 5456 5281
f 5456 5455 5457
f 5467 5465 5301
f 5467 5301 5471
f 5471 5301 5303
f 5471 5303 5472
f 5303 5305 5472
f 5472 5305 5473
f 5305 5307 5473
f 5474 5307 5308
f 5474 5475 5307
f 5475 5473 5307
f 5465 5295 5301
f 5475 5474 5476
f 5310 5477 5311
f 5477 5310 5479
f 5310 5313 5479
f 5479 5313 5299
f 5470 5479 5299
f 5474 5308 5314
f 5476 5474 5314
f 5476 5314 5480
f 5480 5314 5316
f 5480 5316 5481
f 5311 5477 5478
f 5299 5297 5470
f 5297 5469 5470
f 5296 5469 5297
f 5283 5458 5459
f 5284 5458 5283
f 5458 5284 5460
f 5284 5286 5460
f 5460 5286 5461
f 5286 5287 5461
f 5461 5287 5276
f 5452 5461 5276
f 5455 5282 5288
f 5457 5455 5288
f 5457 5288 5462
f 5462 5288 5290
f 5462 5290 5463
f 5290 5292 5463
f 5463 5292 5464
f 5292 5294 5464
f 5465 5294 5295
f 5465 5466 5294
f 5466 5464 5294
f 5466 5465 5467
f 5459 5296 5283
f 5468 5296 5459
f 5468 5469 5296
f 5456 5454 5281
f 5521 5532 5371
f 5323 5108 5100
f 5323 5321 5107
f 5173 5182 5174
f 5174 5182 5175
f 5175 5182 5183
f 5184 5183 5185
f 5184 5176 5183
f 5176 5175 5183
f 5176 5184 5178
f 5181 4977 4972
f 5186 4977 5181
f 5187 4978 4977
f 4975 5182 5173
f 5187 4977 5188
f 5188 5189 5187
f 5182 4976 4981
f 4981 4982 5190
f 4981 5190 5182
f 5182 5190 5183
f 5185 5190 5191
f 5183 5190 5185
f 5187 4984 4978
f 5189 4984 5187
f 5189 5192 4984
f 5188 4977 5186
f 5192 4986 4984
f 4975 4976 5182
f 4972 4971 5181
f 5155 5169 5157
f 4967 5172 5171
f 4967 4963 5172
f 4963 5164 5172
f 4967 5171 4968
f 5173 5165 4966
f 4970 5173 4966
f 5165 5173 5166
f 5166 5173 5174
f 5166 5174 5167
f 5173 4970 4975
f 5167 5174 5175
f 5168 5175 5176
f 5177 5176 5178
f 5177 5169 5176
f 5169 5168 5176
f 5169 5177 5170
f 5172 5179 5171
f 5171 4971 4968
f 5171 5179 4971
f 5179 5180 4971
f 4971 5180 5181
f 5167 5175 5168
f 4986 5192 5193
f 4987 4986 5193
f 5190 4982 4989
f 5204 4997 5001
f 5001 5002 5209
f 5204 5001 5209
f 5204 5209 5210
f 5204 5210 5205
f 5210 5209 5211
f 5212 5000 5206
f 5004 5000 5212
f 5208 5213 5212
f 5206 5208 5212
f 5207 5208 5206
f 5209 5002 5006
f 5006 5007 5211
f 5007 5214 5211
f 5212 5009 5004
f 5009 5215 5010
f 5212 5215 5009
f 5212 5216 5215
f 5212 5213 5216
f 5216 5217 5215
f 5218 5219 5214
f 5218 5214 5011
f 5006 5211 5209
f 5201 5203 5207
f 5201 5207 5206
f 5201 5206 4999
f 4989 4990 5194
f 5190 4989 5194
f 5190 5194 5195
f 5190 5195 5191
f 5195 5194 5196
f 5193 4992 4987
f 5197 4992 5193
f 4992 5197 5198
f 4993 4992 5198
f 5199 5194 4990
f 4994 5199 4990
f 5196 5199 5200
f 5194 5199 5196
f 5201 5198 5202
f 5201 4996 5198
f 4996 4993 5198
f 5202 5203 5201
f 5204 5199 4994
f 4997 5204 4994
f 5200 5204 5205
f 5199 5204 5200
f 5201 4999 4996
f 4999 5206 5000
f 5157 5169 5170
f 5011 5214 5007
f 5155 5168 5169
f 5154 5167 5168
f 5109 5130 5110
f 5110 5130 5131
f 5110 5131 5111
f 5111 5131 5132
f 5111 5132 5112
f 5112 5132 5133
f 5134 5133 5135
f 5134 5113 5133
f 5113 5112 5133
f 5113 5136 5114
f 5109 5129 5130
f 5134 5136 5113
f 5136 5137 5114
f 5115 5138 5116
f 5137 5138 5115
f 5116 5139 5117
f 5138 5139 5116
f 5117 5140 5118
f 5139 5140 5117
f 5118 5141 5119
f 5140 5141 5118
f 5119 5142 5120
f 5114 5137 5115
f 5141 5142 5119
f 4924 5129 5109
f 5129 4951 5128
f 5118 4933 5117
f 4934 4933 5118
f 5119 4934 5118
f 4935 4934 5119
f 5120 4935 5119
f 4936 4935 5120
f 5121 4936 5120
f 4937 4936 5121
f 5122 4937 5121
f 4938 4937 5122
f 4924 4951 5129
f 5123 4938 5122
f 5124 4939 5123
f 4940 4939 5124
f 5125 4940 5124
f 4940 5125 4942
f 4947 4948 5126
f 4949 4947 5126
f 5127 4949 5126
f 4950 4949 5127
f 5128 4950 5127
f 4951 4950 5128
f 4939 4938 5123
f 5120 5143 5121
f 5142 5143 5120
f 5121 5144 5122
f 5130 5158 5131
f 5156 5158 5130
f 5131 5159 5132
f 5158 5159 5131
f 5132 5160 5133
f 5159 5160 5132
f 5133 5160 5135
f 5150 5161 5149
f 5149 4960 4955
f 5149 5161 4960
f 5130 5129 5155
f 5161 5162 4960
f 4960 5163 4961
f 4961 5163 5164
f 4963 4961 5164
f 5165 5151 4959
f 4966 5165 4959
f 5151 5165 5152
f 5152 5165 5166
f 5152 5166 5153
f 5153 5166 5167
f 5153 5167 5154
f 5162 5163 4960
f 5156 5130 5155
f 5156 5155 5157
f 5129 5154 5155
f 5143 5144 5121
f 5122 5145 5123
f 5144 5145 5122
f 5123 5146 5124
f 5145 5146 5123
f 5124 5147 5125
f 5146 5147 5124
f 5125 4952 4942
f 5125 5147 4952
f 5147 5148 4952
f 5150 5149 4953
f 5150 4953 5148
f 5148 4953 4952
f 4953 5149 4955
f 4958 4959 5151
f 4948 4958 5151
f 4948 5151 5126
f 5126 5151 5152
f 5126 5152 5127
f 5127 5152 5153
f 5127 5153 5128
f 5128 5153 5154
f 5128 5154 5129
f 5154 5168 5155
f 5219 5218 5220
f 5215 5014 5010
f 5014 5221 5015
f 5288 5073 5075
f 5289 5075 5076
f 5289 5290 5075
f 5290 5288 5075
f 5290 5291 5292
f 5289 5291 5290
f 5292 5293 5294
f 5291 5293 5292
f 5294 5293 5295
f 5283 5297 5285
f 5282 5073 5288
f 5296 5297 5283
f 5297 5299 5077
f 5297 5077 5069
f 5297 5069 5285
f 5077 5298 5078
f 5289 5076 5080
f 5291 5289 5080
f 5082 5291 5080
f 5293 5291 5082
f 5084 5293 5082
f 5084 5085 5300
f 5299 5298 5077
f 5293 5084 5300
f 5282 5280 5073
f 5280 5278 5071
f 5271 5275 5062
f 5058 5271 5062
f 5273 5061 5064
f 5274 5273 5064
f 5274 5064 5277
f 5277 5064 5066
f 5278 5066 5067
f 5278 5279 5066
f 5279 5277 5066
f 5279 5280 5281
f 5073 5280 5071
f 5278 5280 5279
f 5284 5285 5286
f 5283 5285 5284
f 5069 5286 5285
f 5069 5068 5286
f 5068 5287 5286
f 5275 5276 5287
f 5275 5287 5070
f 5070 5287 5068
f 5275 5070 5062
f 5278 5067 5071
f 5281 5280 5282
f 5293 5300 5301
f 5293 5301 5295
f 5301 5302 5303
f 5316 5317 5318
f 5315 5317 5316
f 5318 5319 5320
f 5317 5319 5318
f 5320 5321 5322
f 5319 5321 5320
f 5322 5323 5324
f 5321 5323 5322
f 5309 5100 5099
f 5311 5100 5309
f 5316 5314 5096
f 5311 5323 5100
f 5312 5309 5099
f 5101 5312 5099
f 5312 5101 5087
f 5315 5097 5102
f 5317 5315 5102
f 5103 5317 5102
f 5319 5317 5103
f 5105 5319 5103
f 5321 5319 5105
f 5107 5321 5105
f 5311 5324 5323
f 5315 5316 5096
f 5315 5096 5097
f 5314 5094 5096
f 5300 5302 5301
f 5303 5304 5305
f 5302 5304 5303
f 5305 5306 5307
f 5304 5306 5305
f 5307 5306 5308
f 5311 5309 5310
f 5310 5312 5313
f 5309 5312 5310
f 5298 5087 5086
f 5299 5087 5298
f 5299 5312 5087
f 5299 5313 5312
f 5298 5086 5078
f 5300 5085 5088
f 5302 5300 5088
f 5090 5302 5088
f 5304 5302 5090
f 5092 5304 5090
f 5306 5304 5092
f 5094 5306 5092
f 5308 5306 5094
f 5308 5094 5314
f 5275 5271 5276
f 5276 5271 5272
f 5267 5273 5269
f 5269 5273 5274
f 5234 5235 5233
f 5231 5023 5028
f 5236 5231 5028
f 5028 5237 5236
f 5029 5237 5028
f 5232 5031 5026
f 5031 5238 5032
f 5031 5232 5238
f 5232 5233 5238
f 5235 5239 5238
f 5226 5233 5232
f 5233 5235 5238
f 5240 5029 5033
f 5238 5036 5032
f 5036 5241 5037
f 5238 5241 5036
f 5238 5242 5241
f 5238 5239 5242
f 5242 5243 5241
f 5240 5033 5038
f 5244 5240 5038
f 5245 5038 5039
f 5237 5029 5240
f 5228 5233 5226
f 5228 5234 5233
f 5225 5226 5232
f 5215 5221 5014
f 5215 5222 5221
f 5215 5217 5222
f 5222 5223 5221
f 5218 5011 5016
f 5016 5220 5218
f 5016 5017 5220
f 5017 5224 5220
f 5225 5015 5221
f 5019 5015 5225
f 5223 5227 5226
f 5223 5226 5221
f 5221 5226 5225
f 5227 5228 5226
f 5224 5017 5020
f 5229 5224 5020
f 5229 5020 5230
f 5020 5022 5230
f 5022 5231 5230
f 5023 5231 5022
f 5225 5025 5019
f 5025 5232 5026
f 5025 5225 5232
f 5245 5246 5038
f 5108 5323 5107
f 5246 5244 5038
f 5248 5037 5241
f 5054 5053 5263
f 5053 5264 5263
f 5264 5053 5046
f 5253 5264 5046
f 5256 5051 5055
f 5055 5056 5265
f 5256 5055 5265
f 5256 5265 5266
f 5256 5266 5258
f 5266 5267 5268
f 5054 5263 5262
f 5265 5267 5266
f 5261 5270 5259
f 5272 5259 5270
f 5272 5271 5259
f 5271 5262 5259
f 5262 5271 5058
f 5054 5262 5058
f 5265 5056 5060
f 5060 5061 5273
f 5060 5273 5265
f 5265 5273 5267
f 5268 5267 5269
f 5259 5262 5260
f 5260 5262 5263
f 5261 5259 5260
f 5041 5037 5248
f 5243 5249 5248
f 5241 5243 5248
f 5245 5039 5042
f 5042 5043 5250
f 5245 5042 5250
f 5245 5250 5251
f 5245 5251 5247
f 5251 5250 5252
f 5248 5045 5041
f 5045 5248 5249
f 5045 5249 5046
f 5046 5249 5253
f 5250 5043 5047
f 5252 5250 5047
f 5252 5047 5254
f 5254 5047 5048
f 5254 5048 5255
f 5048 5050 5255
f 5256 5050 5051
f 5256 5257 5050
f 5257 5255 5050
f 5257 5256 5258
f 5246 5245 5247
f 5532 5533 5371
f 5535 5534 5372
f 5535 5372 5533
f 5805 5806 5807
f 5804 5806 5805
f 5807 5806 5808
f 5809 5609 5802
f 5809 5810 5609
f 5810 5615 5609
f 5802 5803 5809
f 5804 5614 5616
f 5806 5804 5616
f 5618 5806 5616
f 5799 5805 5801
f 5618 5619 5811
f 5806 5811 5812
f 5806 5812 5808
f 5812 5813 5814
f 5811 5813 5812
f 5814 5815 5816
f 5813 5815 5814
f 5816 5815 5817
f 5818 5819 5820
f 5623 5820 5819
f 5623 5622 5820
f 5806 5618 5811
f 5622 5821 5820
f 5799 5804 5805
f 5613 5614 5804
f 5794 5793 5795
f 5789 5601 5597
f 5601 5789 5791
f 5601 5791 5602
f 5602 5791 5796
f 5792 5599 5604
f 5793 5792 5604
f 5606 5793 5604
f 5606 5607 5797
f 5793 5606 5797
f 5799 5613 5804
f 5793 5797 5798
f 5798 5799 5800
f 5797 5799 5798
f 5800 5799 5801
f 5608 5802 5609
f 5802 5608 5602
f 5802 5602 5803
f 5803 5602 5796
f 5797 5607 5611
f 5799 5797 5611
f 5613 5799 5611
f 5793 5798 5795
f 5821 5622 5615
f 5810 5821 5615
f 5811 5619 5625
f 5639 5836 5837
f 5638 5836 5639
f 5836 5638 5632
f 5830 5836 5632
f 5831 5637 5641
f 5832 5831 5641
f 5643 5832 5641
f 5833 5832 5643
f 5645 5833 5643
f 5645 5646 5838
f 5834 5833 5835
f 5833 5645 5838
f 5833 5839 5835
f 5839 5840 5841
f 5838 5840 5839
f 5841 5842 5843
f 5840 5842 5841
f 5649 5843 5842
f 5649 5648 5843
f 5648 5844 5843
f 5845 5648 5650
f 5845 5846 5648
f 5833 5838 5839
f 5826 5832 5833
f 5828 5826 5833
f 5828 5833 5834
f 5813 5811 5625
f 5627 5813 5625
f 5815 5813 5627
f 5629 5815 5627
f 5629 5630 5822
f 5815 5629 5822
f 5815 5822 5823
f 5815 5823 5817
f 5823 5824 5825
f 5822 5824 5823
f 5825 5826 5827
f 5824 5826 5825
f 5827 5826 5828
f 5818 5829 5819
f 5819 5829 5830
f 5819 5830 5623
f 5623 5830 5632
f 5822 5630 5636
f 5636 5637 5831
f 5636 5831 5822
f 5822 5831 5824
f 5824 5831 5826
f 5826 5831 5832
f 5786 5792 5793
f 5846 5844 5648
f 5788 5786 5793
f 5599 5792 5596
f 5562 5755 5754
f 5562 5559 5755
f 5559 5751 5755
f 5562 5754 5563
f 5752 5560 5565
f 5565 5566 5756
f 5752 5565 5756
f 5752 5756 5757
f 5752 5757 5753
f 5757 5756 5758
f 5747 5752 5749
f 5755 5759 5754
f 5754 5761 5567
f 5754 5759 5761
f 5761 5760 5567
f 5761 5762 5760
f 5763 5756 5566
f 5569 5763 5566
f 5758 5764 5765
f 5758 5756 5764
f 5756 5763 5764
f 5765 5764 5766
f 5754 5567 5563
f 5760 5571 5567
f 5749 5752 5753
f 5752 5747 5557
f 5741 5731 5548
f 5553 5741 5548
f 5731 5741 5732
f 5732 5741 5742
f 5743 5742 5744
f 5743 5733 5742
f 5733 5732 5742
f 5733 5743 5735
f 5740 5554 5551
f 5745 5554 5740
f 5560 5752 5557
f 5554 5745 5746
f 5747 5741 5553
f 5557 5747 5553
f 5748 5747 5749
f 5748 5742 5747
f 5742 5741 5747
f 5742 5748 5744
f 5746 5558 5555
f 5750 5558 5746
f 5558 5750 5751
f 5559 5558 5751
f 5555 5554 5746
f 5571 5760 5762
f 5571 5762 5572
f 5572 5762 5767
f 5588 5589 5781
f 5588 5781 5775
f 5775 5781 5776
f 5778 5782 5783
f 5778 5776 5782
f 5776 5781 5782
f 5783 5782 5784
f 5780 5785 5586
f 5785 5591 5586
f 5781 5589 5593
f 5775 5583 5588
f 5782 5781 5593
f 5595 5596 5786
f 5782 5595 5786
f 5782 5786 5787
f 5782 5787 5784
f 5787 5786 5788
f 5789 5785 5790
f 5789 5597 5785
f 5597 5591 5785
f 5790 5791 5789
f 5792 5786 5596
f 5595 5782 5593
f 5586 5585 5780
f 5585 5779 5780
f 5779 5585 5774
f 5763 5569 5574
f 5574 5575 5768
f 5574 5768 5763
f 5763 5768 5764
f 5766 5769 5770
f 5766 5764 5769
f 5764 5768 5769
f 5770 5769 5771
f 5767 5577 5572
f 5772 5577 5767
f 5772 5773 5577
f 5577 5773 5579
f 5579 5773 5774
f 5580 5579 5774
f 5768 5575 5582
f 5582 5583 5775
f 5582 5775 5768
f 5768 5775 5769
f 5771 5776 5777
f 5771 5769 5776
f 5769 5775 5776
f 5777 5776 5778
f 5774 5585 5580
f 5788 5793 5794
f 5846 5847 5848
f 5845 5847 5846
f 5848 5849 5850
f 5908 5738 5906
f 5739 5738 5908
f 5909 5739 5908
f 5739 5909 5740
f 5743 5744 5910
f 5735 5743 5910
f 5735 5910 5896
f 5896 5910 5911
f 5896 5911 5897
f 5897 5911 5912
f 5738 5737 5906
f 5913 5912 5914
f 5898 5897 5912
f 5898 5915 5899
f 5913 5915 5898
f 5899 5915 5901
f 5907 5916 5906
f 5906 5917 5908
f 5916 5917 5906
f 5908 5918 5909
f 5917 5918 5908
f 5909 5745 5740
f 5913 5898 5912
f 5909 5918 5745
f 5905 5730 5895
f 5905 5907 5737
f 5895 5728 5893
f 5728 5895 5730
f 5734 5735 5896
f 5736 5734 5896
f 5897 5736 5896
f 5720 5736 5897
f 5720 5897 5875
f 5875 5897 5898
f 5875 5898 5876
f 5876 5898 5899
f 5905 5737 5730
f 5900 5899 5901
f 5877 5876 5899
f 5877 5902 5878
f 5900 5902 5877
f 5878 5903 5879
f 5902 5903 5878
f 5879 5903 5881
f 5894 5904 5893
f 5893 5905 5895
f 5904 5905 5893
f 5907 5906 5737
f 5900 5877 5899
f 5918 5919 5745
f 5745 5919 5920
f 5746 5745 5920
f 5928 5933 5929
f 5929 5933 5930
f 5930 5933 5934
f 5931 5934 5935
f 5930 5934 5931
f 5932 5759 5755
f 5936 5759 5932
f 5938 5937 5761
f 5938 5761 5936
f 5936 5761 5759
f 5757 5933 5928
f 5761 5937 5762
f 5765 5766 5939
f 5765 5939 5933
f 5933 5939 5934
f 5935 5939 5940
f 5934 5939 5935
f 5938 5941 5937
f 5937 5941 5942
f 5937 5942 5762
f 5762 5942 5767
f 5939 5766 5770
f 5933 5758 5765
f 5757 5758 5933
f 5928 5753 5757
f 5932 5755 5751
f 5748 5749 5921
f 5744 5748 5921
f 5744 5921 5910
f 5910 5921 5922
f 5910 5922 5911
f 5911 5922 5923
f 5924 5923 5925
f 5924 5912 5923
f 5912 5911 5923
f 5912 5924 5914
f 5920 5750 5746
f 5926 5750 5920
f 5750 5926 5927
f 5751 5750 5927
f 5928 5921 5749
f 5753 5928 5749
f 5921 5928 5922
f 5922 5928 5929
f 5922 5929 5923
f 5923 5929 5930
f 5925 5930 5931
f 5923 5930 5925
f 5927 5932 5751
f 5728 5727 5893
f 5892 5727 5726
f 5894 5727 5892
f 5894 5893 5727
f 5849 5860 5861
f 5849 5861 5851
f 5851 5861 5862
f 5851 5862 5853
f 5853 5862 5863
f 5853 5863 5855
f 5855 5863 5864
f 5855 5864 5665
f 5652 5855 5665
f 5860 5663 5668
f 5847 5860 5849
f 5861 5860 5668
f 5862 5861 5670
f 5672 5862 5670
f 5863 5862 5672
f 5674 5863 5672
f 5864 5863 5674
f 5676 5864 5674
f 5864 5676 5665
f 5700 5701 5865
f 5702 5700 5865
f 5866 5702 5865
f 5670 5861 5668
f 5845 5860 5847
f 5662 5860 5845
f 5662 5663 5860
f 5847 5849 5848
f 5850 5851 5852
f 5849 5851 5850
f 5852 5853 5854
f 5851 5853 5852
f 5854 5855 5856
f 5853 5855 5854
f 5652 5856 5855
f 5652 5651 5856
f 5651 5857 5856
f 5857 5651 5858
f 5651 5653 5858
f 5858 5653 5859
f 5653 5654 5859
f 5859 5654 5639
f 5837 5859 5639
f 5838 5646 5655
f 5840 5838 5655
f 5657 5840 5655
f 5842 5840 5657
f 5659 5842 5657
f 5842 5659 5649
f 5845 5650 5662
f 5703 5702 5866
f 5551 5550 5740
f 5867 5703 5866
f 5868 5704 5867
f 5880 5882 5866
f 5867 5883 5868
f 5882 5883 5867
f 5868 5884 5869
f 5883 5884 5868
f 5869 5885 5870
f 5884 5885 5869
f 5870 5886 5871
f 5885 5886 5870
f 5871 5887 5872
f 5866 5882 5867
f 5886 5887 5871
f 5887 5888 5872
f 5873 5889 5874
f 5888 5889 5873
f 5874 5724 5712
f 5874 5889 5724
f 5889 5890 5724
f 5890 5891 5724
f 5724 5891 5725
f 5891 5892 5725
f 5725 5892 5726
f 5872 5888 5873
f 5866 5865 5879
f 5880 5866 5879
f 5880 5879 5881
f 5705 5704 5868
f 5869 5705 5868
f 5706 5705 5869
f 5870 5706 5869
f 5707 5706 5870
f 5871 5707 5870
f 5708 5707 5871
f 5872 5708 5871
f 5709 5708 5872
f 5873 5709 5872
f 5710 5709 5873
f 5874 5710 5873
f 5710 5874 5712
f 5719 5720 5875
f 5721 5719 5875
f 5876 5721 5875
f 5722 5721 5876
f 5877 5722 5876
f 5723 5722 5877
f 5878 5723 5877
f 5701 5723 5878
f 5701 5878 5865
f 5865 5878 5879
f 5704 5703 5867
f 5550 5739 5740
f 5549 5739 5550
f 5738 5739 5549
f 5427 5423 5597
f 5601 5602 5600
f 5598 5426 5428
f 5428 5429 5603
f 5598 5428 5603
f 5598 5603 5604
f 5598 5604 5599
f 5604 5605 5606
f 5603 5605 5604
f 5606 5605 5607
f 5600 5427 5597
f 5608 5427 5600
f 5609 5430 5427
f 5600 5602 5608
f 5603 5429 5431
f 5605 5603 5431
f 5433 5605 5431
f 5433 5434 5610
f 5605 5433 5610
f 5605 5610 5611
f 5605 5611 5607
f 5611 5612 5613
f 5608 5609 5427
f 5610 5612 5611
f 5600 5597 5601
f 5596 5598 5599
f 5581 5588 5583
f 5588 5587 5589
f 5590 5415 5584
f 5418 5415 5590
f 5586 5591 5590
f 5584 5586 5590
f 5587 5417 5419
f 5419 5420 5592
f 5587 5419 5592
f 5587 5592 5593
f 5594 5598 5596
f 5587 5593 5589
f 5592 5594 5593
f 5595 5594 5596
f 5590 5422 5418
f 5422 5590 5591
f 5422 5591 5423
f 5423 5591 5597
f 5592 5420 5425
f 5425 5426 5598
f 5425 5598 5592
f 5592 5598 5594
f 5593 5594 5595
f 5613 5612 5614
f 5609 5615 5430
f 5615 5435 5430
f 5629 5628 5630
f 5620 5447 5442
f 5447 5631 5448
f 5447 5620 5631
f 5620 5621 5631
f 5623 5632 5631
f 5621 5623 5631
f 5624 5446 5450
f 5450 5451 5633
f 5450 5633 5624
f 5626 5628 5627
f 5624 5633 5626
f 5628 5633 5634
f 5630 5635 5636
f 5630 5628 5635
f 5628 5634 5635
f 5636 5635 5637
f 5638 5448 5631
f 5638 5639 5448
f 5639 5452 5448
f 5631 5632 5638
f 5633 5451 5453
f 5626 5633 5628
f 5627 5628 5629
f 5624 5626 5625
f 5625 5626 5627
f 5610 5434 5436
f 5612 5610 5436
f 5437 5612 5436
f 5614 5612 5437
f 5614 5437 5616
f 5616 5437 5439
f 5617 5439 5440
f 5617 5618 5439
f 5618 5616 5439
f 5618 5617 5619
f 5441 5620 5442
f 5443 5620 5441
f 5621 5620 5443
f 5621 5622 5623
f 5621 5443 5622
f 5443 5444 5622
f 5622 5444 5435
f 5615 5622 5435
f 5617 5440 5445
f 5445 5446 5624
f 5617 5445 5624
f 5617 5624 5625
f 5617 5625 5619
f 5581 5587 5588
f 5581 5416 5587
f 5416 5417 5587
f 5581 5411 5416
f 5537 5547 5539
f 5545 5549 5544
f 5544 5385 5381
f 5544 5549 5385
f 5549 5550 5385
f 5385 5550 5551
f 5386 5385 5551
f 5552 5546 5383
f 5387 5552 5383
f 5548 5552 5553
f 5537 5536 5546
f 5546 5552 5548
f 5554 5389 5551
f 5389 5554 5555
f 5390 5389 5555
f 5556 5552 5387
f 5391 5556 5387
f 5553 5556 5557
f 5552 5556 5553
f 5555 5393 5390
f 5558 5393 5555
f 5393 5558 5559
f 5551 5389 5386
f 5547 5537 5546
f 5547 5546 5548
f 5383 5546 5376
f 5533 5372 5371
f 5372 5534 5373
f 5375 5376 5536
f 5370 5375 5536
f 5370 5536 5522
f 5522 5536 5537
f 5538 5537 5539
f 5538 5523 5537
f 5523 5522 5537
f 5523 5540 5524
f 5538 5540 5523
f 5524 5540 5526
f 5535 5541 5534
f 5534 5377 5373
f 5534 5541 5377
f 5541 5542 5377
f 5542 5543 5377
f 5377 5543 5378
f 5545 5544 5380
f 5545 5380 5543
f 5543 5380 5378
f 5380 5544 5381
f 5546 5536 5376
f 5394 5393 5559
f 5634 5633 5453
f 5556 5391 5396
f 5396 5397 5557
f 5570 5407 5404
f 5407 5576 5408
f 5570 5576 5407
f 5570 5577 5576
f 5570 5572 5577
f 5577 5579 5578
f 5576 5577 5578
f 5579 5580 5578
f 5573 5406 5410
f 5410 5411 5581
f 5574 5573 5575
f 5573 5410 5581
f 5573 5582 5575
f 5582 5581 5583
f 5576 5412 5408
f 5578 5412 5576
f 5414 5412 5578
f 5414 5584 5415
f 5578 5584 5414
f 5578 5585 5584
f 5578 5580 5585
f 5585 5586 5584
f 5573 5581 5582
f 5568 5574 5569
f 5568 5573 5574
f 5568 5405 5573
f 5397 5560 5557
f 5561 5559 5562
f 5561 5398 5559
f 5398 5394 5559
f 5562 5563 5561
f 5564 5565 5560
f 5564 5560 5399
f 5399 5560 5397
f 5565 5564 5566
f 5561 5401 5398
f 5401 5561 5563
f 5401 5563 5402
f 5402 5563 5567
f 5568 5564 5399
f 5403 5568 5399
f 5566 5568 5569
f 5564 5568 5566
f 5570 5567 5571
f 5570 5404 5567
f 5404 5402 5567
f 5571 5572 5570
f 5568 5403 5405
f 5405 5406 5573
f 5396 5557 5556
f 5939 5770 5943
f 5454 5634 5453
f 5456 5635 5454
f 5685 5702 5686
f 5700 5702 5685
f 5686 5703 5687
f 5702 5703 5686
f 5687 5704 5688
f 5703 5704 5687
f 5688 5705 5689
f 5704 5705 5688
f 5689 5706 5690
f 5705 5706 5689
f 5685 5684 5699
f 5690 5707 5691
f 5691 5708 5692
f 5707 5708 5691
f 5692 5709 5693
f 5708 5709 5692
f 5693 5530 5519
f 5693 5709 5530
f 5709 5710 5530
f 5712 5711 5531
f 5712 5531 5710
f 5710 5531 5530
f 5706 5707 5690
f 5532 5531 5711
f 5700 5685 5699
f 5684 5698 5699
f 5679 5688 5689
f 5679 5689 5680
f 5680 5689 5690
f 5680 5690 5681
f 5681 5690 5691
f 5681 5691 5682
f 5682 5691 5692
f 5517 5502 5682
f 5517 5682 5693
f 5693 5682 5692
f 5700 5699 5701
f 5517 5693 5519
f 5527 5525 5694
f 5695 5527 5694
f 5528 5527 5695
f 5696 5528 5695
f 5529 5528 5696
f 5697 5529 5696
f 5513 5529 5697
f 5513 5697 5683
f 5683 5697 5698
f 5683 5698 5684
f 5525 5526 5694
f 5713 5532 5711
f 5533 5532 5713
f 5714 5533 5713
f 5727 5728 5541
f 5541 5728 5542
f 5730 5729 5543
f 5730 5543 5728
f 5728 5543 5542
f 5543 5729 5545
f 5547 5548 5731
f 5539 5547 5731
f 5539 5731 5715
f 5715 5731 5732
f 5726 5727 5541
f 5715 5732 5716
f 5734 5733 5735
f 5734 5717 5733
f 5717 5716 5733
f 5717 5736 5718
f 5734 5736 5717
f 5718 5736 5720
f 5730 5737 5729
f 5729 5549 5545
f 5729 5737 5549
f 5737 5738 5549
f 5716 5732 5733
f 5714 5726 5541
f 5714 5541 5535
f 5725 5726 5713
f 5533 5714 5535
f 5538 5539 5715
f 5540 5538 5715
f 5716 5540 5715
f 5526 5540 5716
f 5526 5716 5694
f 5694 5716 5717
f 5694 5717 5695
f 5695 5717 5718
f 5719 5718 5720
f 5719 5696 5718
f 5696 5695 5718
f 5696 5721 5697
f 5719 5721 5696
f 5697 5722 5698
f 5721 5722 5697
f 5698 5723 5699
f 5722 5723 5698
f 5699 5723 5701
f 5712 5724 5711
f 5711 5725 5713
f 5724 5725 5711
f 5713 5726 5714
f 5678 5688 5679
f 5678 5687 5688
f 5677 5687 5678
f 5677 5686 5687
f 5656 5466 5467
f 5656 5657 5466
f 5657 5655 5466
f 5657 5658 5659
f 5656 5658 5657
f 5659 5647 5649
f 5659 5658 5647
f 5658 5660 5647
f 5650 5661 5662
f 5650 5647 5661
f 5655 5464 5466
f 5647 5660 5661
f 5468 5665 5664
f 5468 5459 5665
f 5459 5652 5665
f 5469 5468 5664
f 5666 5469 5664
f 5469 5666 5470
f 5656 5467 5471
f 5658 5656 5471
f 5472 5658 5471
f 5660 5658 5472
f 5662 5661 5663
f 5646 5464 5655
f 5646 5644 5464
f 5464 5644 5463
f 5456 5457 5640
f 5635 5456 5640
f 5635 5640 5641
f 5635 5641 5637
f 5641 5642 5643
f 5640 5642 5641
f 5643 5644 5645
f 5642 5644 5643
f 5645 5644 5646
f 5649 5647 5648
f 5648 5647 5650
f 5459 5651 5652
f 5458 5651 5459
f 5651 5458 5653
f 5458 5460 5653
f 5653 5460 5654
f 5460 5461 5654
f 5654 5461 5452
f 5639 5654 5452
f 5640 5457 5462
f 5642 5640 5462
f 5463 5642 5462
f 5644 5642 5463
f 5473 5660 5472
f 5635 5634 5454
f 5661 5660 5473
f 5475 5476 5667
f 5675 5484 5478
f 5494 5495 5677
f 5496 5494 5677
f 5678 5496 5677
f 5497 5496 5678
f 5679 5497 5678
f 5498 5497 5679
f 5680 5498 5679
f 5499 5498 5680
f 5681 5499 5680
f 5484 5675 5483
f 5500 5499 5681
f 5500 5682 5502
f 5512 5513 5683
f 5514 5512 5683
f 5684 5514 5683
f 5515 5514 5684
f 5685 5515 5684
f 5516 5515 5685
f 5686 5516 5685
f 5495 5516 5686
f 5495 5686 5677
f 5682 5500 5681
f 5675 5673 5483
f 5483 5673 5482
f 5673 5671 5482
f 5661 5475 5667
f 5661 5667 5668
f 5661 5668 5663
f 5668 5669 5670
f 5667 5669 5668
f 5670 5671 5672
f 5669 5671 5670
f 5672 5673 5674
f 5671 5673 5672
f 5674 5675 5676
f 5673 5675 5674
f 5664 5478 5477
f 5665 5478 5664
f 5665 5675 5478
f 5665 5676 5675
f 5666 5664 5477
f 5479 5666 5477
f 5666 5479 5470
f 5667 5476 5480
f 5669 5667 5480
f 5481 5669 5480
f 5671 5669 5481
f 5482 5671 5481
f 5475 5661 5473
f 3458 3450 3457
f 3327 3606 3325
f 3451 3450 3456
f 1168 1167 1012
f 1013 1168 1012
f 1169 1168 1013
f 1013 1015 1169
f 1025 1170 1026
f 1004 1170 1025
f 1004 1153 1170
f 1153 1171 1170
f 1153 1154 1171
f 1154 1172 1171
f 1012 1167 1011
f 1156 1174 1173
f 1154 1173 1172
f 1174 1175 1173
f 1161 1160 1176
f 1160 1162 1177
f 1176 1160 1177
f 1162 1163 1178
f 1177 1162 1178
f 1163 1164 1179
f 1178 1163 1179
f 1164 1165 1180
f 1156 1173 1154
f 1179 1164 1180
f 1167 1166 1011
f 1166 1165 1010
f 1146 1155 1154
f 1146 1154 1144
f 1144 1154 1153
f 1155 1156 1154
f 1150 1149 1157
f 1149 1151 1158
f 1157 1149 1158
f 1151 1152 1159
f 1158 1151 1159
f 1161 1005 1160
f 1011 1166 1010
f 1159 1005 1161
f 1159 1152 983
f 1006 1160 1005
f 1162 1160 1006
f 1007 1162 1006
f 1163 1162 1007
f 1008 1163 1007
f 1164 1163 1008
f 1009 1164 1008
f 1165 1164 1009
f 1010 1165 1009
f 1159 983 1005
f 1182 1180 1165
f 1182 1165 1181
f 1181 1165 1166
f 1195 1196 1194
f 1182 1181 1197
f 1181 1183 1198
f 1197 1181 1198
f 1183 1184 1199
f 1198 1183 1199
f 1184 1185 1200
f 1199 1184 1200
f 1185 1186 1201
f 1200 1185 1201
f 1173 1194 1193
f 1186 1187 1202
f 1204 1202 1187
f 1204 1187 1203
f 1203 1187 1188
f 1188 1189 1203
f 1189 1205 1203
f 1039 1189 1032
f 1039 1206 1189
f 1206 1205 1189
f 1040 1206 1039
f 1207 1206 1040
f 1201 1186 1202
f 1175 1194 1173
f 1175 1195 1194
f 1173 1193 1192
f 1166 1167 1181
f 1167 1183 1181
f 1167 1168 1183
f 1168 1184 1183
f 1168 1169 1184
f 1169 1185 1184
f 1027 1169 1015
f 1027 1186 1169
f 1186 1185 1169
f 1028 1186 1027
f 1187 1186 1028
f 1029 1187 1028
f 1188 1187 1029
f 1030 1188 1029
f 1189 1188 1030
f 1030 1032 1189
f 1190 1026 1170
f 1038 1026 1190
f 1170 1171 1190
f 1171 1191 1190
f 1171 1172 1191
f 1172 1192 1191
f 1172 1173 1192
f 1143 1144 1153
f 1041 1207 1040
f 1003 1143 1153
f 1143 1003 979
f 1109 1114 1113
f 1109 1111 1114
f 1114 1115 1113
f 1112 931 1116
f 1116 931 936
f 1113 938 934
f 938 1117 939
f 1113 1117 938
f 1113 1118 1117
f 1113 1115 1118
f 1109 1113 933
f 1118 1120 1119
f 1120 1121 1119
f 1116 936 940
f 1122 1116 940
f 940 1123 1122
f 942 1123 940
f 1117 945 939
f 945 1124 946
f 945 1117 1124
f 1117 1119 1124
f 1121 1126 1125
f 1117 1118 1119
f 1121 1125 1119
f 933 1113 934
f 931 1112 1107
f 1097 1101 1102
f 1098 1102 1103
f 1097 1102 1098
f 1100 922 919
f 1104 922 1100
f 922 1104 1105
f 923 922 1105
f 1101 920 925
f 925 926 1106
f 925 1106 1101
f 1109 933 929
f 1101 1106 1102
f 1102 1106 1103
f 1105 928 923
f 1108 928 1105
f 1109 929 928
f 1109 928 1110
f 1110 928 1108
f 1110 1111 1109
f 1106 926 930
f 930 1107 1106
f 930 931 1107
f 1103 1106 1107
f 1119 1125 1124
f 1126 1127 1125
f 947 1128 1129
f 1141 1139 1135
f 970 1141 969
f 1142 1141 970
f 970 972 1142
f 1143 968 1137
f 979 968 1143
f 1138 1145 1144
f 1138 1144 1137
f 1137 1144 1143
f 1145 1146 1144
f 969 1141 1135
f 1140 1139 1147
f 1147 1139 1148
f 1150 1148 1141
f 1150 1141 1149
f 1149 1141 1142
f 980 1142 972
f 980 1151 1142
f 1151 1149 1142
f 981 1151 980
f 1152 1151 981
f 981 983 1152
f 1139 1141 1148
f 969 1135 960
f 1139 1140 1135
f 1140 1136 1135
f 947 1129 942
f 942 1129 1123
f 947 949 1128
f 1124 956 946
f 956 1130 957
f 956 1124 1130
f 1124 1125 1130
f 1127 1132 1131
f 1127 1131 1125
f 1125 1131 1130
f 1132 1133 1131
f 1129 1128 1134
f 1136 958 1135
f 1134 958 1136
f 1134 949 958
f 1134 1128 949
f 958 960 1135
f 1130 967 957
f 967 1137 968
f 967 1130 1137
f 1130 1131 1137
f 1133 1138 1137
f 1131 1133 1137
f 1003 1153 1004
f 1208 1207 1041
f 1042 1208 1041
f 1209 1208 1042
f 1272 1283 1281
f 1272 1273 1283
f 1273 1284 1283
f 1273 1274 1284
f 1274 1285 1284
f 1274 1275 1285
f 1275 1286 1285
f 1275 1276 1286
f 1276 1287 1286
f 1276 1277 1287
f 1271 1272 1281
f 1277 1288 1287
f 1279 1289 1277
f 1277 1289 1288
f 1290 1291 1289
f 1282 1281 1292
f 1294 1292 1281
f 1294 1281 1293
f 1293 1281 1283
f 1283 1284 1293
f 1284 1295 1293
f 1284 1285 1295
f 1279 1290 1289
f 1285 1296 1295
f 1281 1269 1271
f 1282 1280 1269
f 1256 1257 1268
f 1267 1256 1268
f 1270 1268 1257
f 1270 1257 1269
f 1269 1257 1258
f 1258 1259 1269
f 1259 1271 1269
f 1259 1260 1271
f 1260 1272 1271
f 1260 1261 1272
f 1282 1269 1281
f 1261 1273 1272
f 1262 1274 1273
f 1262 1263 1274
f 1263 1275 1274
f 1263 1264 1275
f 1264 1276 1275
f 1265 1278 1277
f 1265 1277 1264
f 1264 1277 1276
f 1278 1279 1277
f 1270 1269 1280
f 1261 1262 1273
f 1285 1286 1296
f 1286 1297 1296
f 1286 1287 1297
f 1314 1306 1313
f 1313 1306 1307
f 1315 1316 1313
f 1315 1313 1308
f 1308 1313 1307
f 1308 1310 1315
f 1314 1313 1317
f 1313 1316 1317
f 1064 1065 1318
f 1066 1064 1318
f 1314 1312 1306
f 1319 1066 1318
f 1320 1067 1319
f 1068 1067 1320
f 1321 1068 1320
f 1069 1068 1321
f 1322 1069 1321
f 1070 1069 1322
f 1323 1070 1322
f 1071 1070 1323
f 1324 1071 1323
f 1072 1071 1324
f 1067 1066 1319
f 1311 1304 1312
f 1304 1306 1312
f 1305 1304 1311
f 1287 1298 1297
f 1287 1288 1298
f 1288 1299 1298
f 1288 1289 1299
f 1289 1300 1299
f 1291 1301 1300
f 1289 1291 1300
f 1294 1293 1302
f 1293 1295 1303
f 1302 1293 1303
f 1305 1303 1295
f 1305 1295 1304
f 1304 1295 1296
f 1296 1297 1304
f 1297 1306 1304
f 1297 1298 1306
f 1298 1307 1306
f 1298 1299 1307
f 1299 1308 1307
f 1309 1310 1308
f 1309 1308 1300
f 1300 1308 1299
f 1300 1301 1309
f 1266 1254 1267
f 1254 1256 1267
f 1255 1254 1266
f 1249 1251 1264
f 1208 1209 1223
f 1209 1224 1223
f 1209 1210 1224
f 1210 1225 1224
f 1210 1211 1225
f 1211 1226 1225
f 1211 1212 1226
f 1212 1227 1226
f 1212 1213 1227
f 1213 1228 1227
f 1208 1223 1222
f 1213 1214 1228
f 1214 1215 1229
f 1215 1230 1229
f 1215 1216 1230
f 1216 1231 1230
f 1217 1233 1232
f 1217 1232 1216
f 1216 1232 1231
f 1233 1234 1232
f 1220 1219 1235
f 1219 1221 1236
f 1214 1229 1228
f 1207 1208 1222
f 1207 1222 1221
f 1206 1207 1221
f 1043 1209 1042
f 1210 1209 1043
f 1044 1210 1043
f 1211 1210 1044
f 1038 1211 1044
f 1038 1190 1211
f 1190 1212 1211
f 1190 1191 1212
f 1191 1213 1212
f 1191 1192 1213
f 1192 1214 1213
f 1192 1193 1214
f 1193 1215 1214
f 1193 1194 1215
f 1194 1216 1215
f 1196 1217 1216
f 1194 1196 1216
f 1204 1203 1218
f 1220 1218 1203
f 1220 1203 1219
f 1219 1203 1205
f 1205 1206 1219
f 1206 1221 1219
f 1235 1219 1236
f 1096 1101 1097
f 1238 1236 1221
f 1237 1221 1222
f 1255 1253 1239
f 1255 1239 1254
f 1254 1239 1240
f 1240 1241 1254
f 1241 1256 1254
f 1241 1242 1256
f 1242 1257 1256
f 1242 1243 1257
f 1243 1258 1257
f 1243 1244 1258
f 1252 1237 1253
f 1244 1259 1258
f 1245 1260 1259
f 1245 1246 1260
f 1246 1261 1260
f 1246 1247 1261
f 1247 1262 1261
f 1247 1248 1262
f 1248 1263 1262
f 1248 1249 1263
f 1249 1264 1263
f 1251 1265 1264
f 1244 1245 1259
f 1237 1239 1253
f 1238 1237 1252
f 1250 1251 1249
f 1222 1223 1237
f 1223 1239 1237
f 1223 1224 1239
f 1224 1240 1239
f 1224 1225 1240
f 1225 1241 1240
f 1225 1226 1241
f 1226 1242 1241
f 1226 1227 1242
f 1227 1243 1242
f 1227 1228 1243
f 1228 1244 1243
f 1228 1229 1244
f 1229 1245 1244
f 1229 1230 1245
f 1230 1246 1245
f 1230 1231 1246
f 1231 1247 1246
f 1231 1232 1247
f 1232 1248 1247
f 1234 1250 1249
f 1234 1249 1232
f 1232 1249 1248
f 1238 1221 1237
f 920 1101 918
f 1101 1096 918
f 917 1100 919
f 821 814 953
f 943 944 953
f 944 954 953
f 946 956 955
f 946 955 944
f 944 955 954
f 956 957 955
f 949 948 958
f 960 958 948
f 960 948 959
f 953 814 943
f 959 948 950
f 951 961 959
f 951 952 961
f 952 962 961
f 952 823 962
f 819 823 952
f 963 821 953
f 825 821 963
f 953 954 963
f 954 964 963
f 954 955 964
f 950 951 959
f 955 965 964
f 818 819 952
f 818 951 817
f 938 939 937
f 936 935 940
f 942 810 941
f 940 810 942
f 940 806 810
f 940 935 806
f 810 812 941
f 943 809 937
f 814 809 943
f 939 945 944
f 952 951 818
f 939 944 937
f 945 946 944
f 942 941 947
f 949 815 948
f 947 815 949
f 947 812 815
f 947 941 812
f 816 948 815
f 950 948 816
f 817 950 816
f 951 950 817
f 937 944 943
f 957 967 966
f 957 966 955
f 955 966 965
f 983 973 982
f 982 973 974
f 843 974 829
f 843 984 974
f 984 982 974
f 844 984 843
f 985 984 844
f 845 985 844
f 986 985 845
f 846 986 845
f 983 981 973
f 987 986 846
f 988 987 847
f 848 988 847
f 989 988 848
f 849 989 848
f 990 989 849
f 850 990 849
f 991 990 850
f 851 991 850
f 992 991 851
f 852 992 851
f 847 987 846
f 980 971 981
f 971 973 981
f 972 971 980
f 967 968 966
f 960 959 969
f 959 961 970
f 969 959 970
f 972 970 961
f 972 961 971
f 971 961 962
f 826 962 823
f 826 973 962
f 973 971 962
f 827 973 826
f 974 973 827
f 827 829 974
f 975 825 963
f 842 825 975
f 963 964 975
f 964 976 975
f 964 965 976
f 965 977 976
f 965 966 977
f 966 978 977
f 968 979 978
f 966 968 978
f 932 934 938
f 932 938 937
f 932 937 808
f 808 937 809
f 771 899 885
f 885 899 900
f 901 900 902
f 901 886 900
f 886 885 900
f 886 901 888
f 898 777 774
f 903 777 898
f 903 904 777
f 777 904 778
f 771 775 899
f 778 904 905
f 906 899 776
f 780 906 776
f 907 906 908
f 907 900 906
f 900 899 906
f 900 907 902
f 905 781 779
f 909 781 905
f 911 910 782
f 911 782 909
f 779 778 905
f 775 776 899
f 774 772 898
f 772 897 898
f 870 885 886
f 887 886 888
f 887 871 886
f 871 870 886
f 871 889 872
f 887 889 871
f 872 890 873
f 889 890 872
f 873 890 875
f 879 891 878
f 878 892 880
f 891 892 878
f 880 893 881
f 892 893 880
f 881 894 882
f 893 894 881
f 882 895 883
f 894 895 882
f 883 896 884
f 895 896 883
f 884 772 769
f 884 896 772
f 896 897 772
f 909 782 781
f 993 992 852
f 782 910 783
f 784 912 780
f 797 927 798
f 921 927 797
f 921 928 927
f 921 923 928
f 928 929 927
f 924 796 799
f 926 924 799
f 926 799 930
f 930 799 800
f 800 931 930
f 921 797 794
f 801 931 800
f 803 932 804
f 927 932 803
f 927 933 932
f 927 929 933
f 933 934 932
f 805 935 936
f 805 936 801
f 801 936 931
f 805 806 935
f 932 808 804
f 927 803 798
f 925 924 926
f 796 920 793
f 924 920 796
f 908 912 913
f 906 912 908
f 911 914 910
f 910 785 783
f 910 914 785
f 914 915 785
f 915 916 785
f 785 916 787
f 787 916 917
f 788 787 917
f 912 784 790
f 790 913 912
f 790 791 913
f 791 918 913
f 917 919 788
f 919 792 788
f 918 791 920
f 920 791 793
f 921 919 922
f 921 794 919
f 794 792 919
f 922 923 921
f 924 925 920
f 912 906 780
f 1325 1072 1324
f 853 993 852
f 854 994 853
f 1048 1062 1049
f 1049 1062 1063
f 1064 1063 1065
f 1064 1050 1063
f 1050 1049 1063
f 1050 1066 1051
f 1064 1066 1050
f 1051 1067 1052
f 1066 1067 1051
f 1052 1068 1053
f 1048 1061 1062
f 1067 1068 1052
f 1068 1069 1053
f 1054 1070 1055
f 1069 1070 1054
f 1055 1071 1056
f 1070 1071 1055
f 1056 1072 1057
f 1071 1072 1056
f 1057 1073 1058
f 1072 1073 1057
f 1058 1074 1059
f 1053 1069 1054
f 1073 1074 1058
f 888 1061 1048
f 901 902 1061
f 875 1050 1045
f 1045 1050 1051
f 1045 1051 1046
f 1046 1051 1052
f 1046 1052 1047
f 1047 1052 1053
f 891 879 1047
f 891 1047 1054
f 1054 1047 1053
f 892 891 1054
f 888 901 1061
f 1055 892 1054
f 1056 893 1055
f 894 893 1056
f 1057 894 1056
f 895 894 1057
f 1058 895 1057
f 896 895 1058
f 1059 896 1058
f 897 896 1059
f 1060 897 1059
f 897 1060 898
f 893 892 1055
f 1059 1075 1060
f 1074 1075 1059
f 1077 1076 903
f 1080 1088 1089
f 1090 1089 1091
f 1090 1081 1089
f 1081 1080 1089
f 1081 1090 1083
f 1087 914 911
f 1092 914 1087
f 1092 1093 914
f 914 1093 915
f 1095 1094 916
f 1079 1088 1080
f 1095 916 1093
f 916 1094 917
f 1096 1088 913
f 918 1096 913
f 1088 1096 1089
f 1089 1096 1097
f 1091 1097 1098
f 1089 1097 1091
f 1095 1099 1094
f 1094 1099 1100
f 1094 1100 917
f 1093 916 915
f 913 1088 908
f 1088 1079 908
f 911 909 1087
f 1075 1077 903
f 1075 903 898
f 1075 898 1060
f 904 903 1076
f 1078 904 1076
f 904 1078 905
f 907 908 1079
f 902 907 1079
f 902 1079 1061
f 1061 1079 1080
f 1061 1080 1062
f 1062 1080 1081
f 1082 1081 1083
f 1082 1063 1081
f 1063 1062 1081
f 1063 1082 1065
f 1077 1084 1076
f 1076 1085 1078
f 1084 1085 1076
f 1078 909 905
f 1078 1085 909
f 1085 1086 909
f 909 1086 1087
f 875 890 1050
f 1050 890 1049
f 890 889 1049
f 1049 889 1048
f 987 988 1010
f 1009 987 1010
f 988 989 1011
f 1010 988 1011
f 989 990 1012
f 1011 989 1012
f 990 991 1013
f 1012 990 1013
f 1015 1013 991
f 1015 991 1014
f 1008 986 1009
f 1014 991 992
f 993 1016 1014
f 993 994 1016
f 994 1017 1016
f 994 995 1017
f 995 1018 1017
f 995 996 1018
f 996 1019 1018
f 996 997 1019
f 997 1020 1019
f 997 998 1020
f 992 993 1014
f 986 987 1009
f 1007 985 1008
f 985 986 1008
f 995 994 854
f 855 995 854
f 996 995 855
f 856 996 855
f 997 996 856
f 842 997 856
f 842 975 997
f 975 998 997
f 975 976 998
f 976 999 998
f 976 977 999
f 977 1000 999
f 977 978 1000
f 978 1001 1000
f 979 1003 1002
f 979 1002 978
f 978 1002 1001
f 1003 1004 1002
f 983 982 1005
f 982 984 1006
f 1005 982 1006
f 984 985 1007
f 1006 984 1007
f 998 1021 1020
f 994 993 853
f 998 999 1021
f 999 1000 1022
f 1026 1038 1037
f 1024 1026 1037
f 1032 1031 1039
f 1031 1033 1040
f 1039 1031 1040
f 1033 1034 1041
f 1040 1033 1041
f 1034 1035 1042
f 1041 1034 1042
f 1035 1036 1043
f 1024 1037 1036
f 1042 1035 1043
f 1043 1036 1044
f 1037 1038 1044
f 874 875 1045
f 876 874 1045
f 1046 876 1045
f 877 876 1046
f 1047 877 1046
f 877 1047 879
f 887 888 1048
f 889 887 1048
f 1036 1037 1044
f 1023 1024 1036
f 1023 1036 1035
f 1022 1023 1035
f 1000 1023 1022
f 1000 1001 1023
f 1001 1024 1023
f 1025 1026 1024
f 1025 1024 1002
f 1002 1024 1001
f 1002 1004 1025
f 1015 1014 1027
f 1014 1016 1028
f 1027 1014 1028
f 1016 1017 1029
f 1028 1016 1029
f 1017 1018 1030
f 1029 1017 1030
f 1032 1030 1018
f 1032 1018 1031
f 1031 1018 1019
f 1019 1020 1031
f 1020 1033 1031
f 1020 1021 1033
f 1021 1034 1033
f 1021 1022 1034
f 1022 1035 1034
f 999 1022 1021
f 1073 1072 1325
f 1326 1073 1325
f 1074 1073 1326
f 1600 1601 1610
f 1601 1612 1610
f 1601 1602 1612
f 1602 1613 1612
f 1602 1603 1613
f 1603 1614 1613
f 1603 1604 1614
f 1604 1615 1614
f 1604 1605 1615
f 1605 1616 1615
f 1610 1598 1600
f 1605 1606 1616
f 1608 1618 1617
f 1606 1608 1617
f 1611 1610 1619
f 1610 1612 1620
f 1619 1610 1620
f 1622 1620 1612
f 1622 1612 1621
f 1621 1612 1613
f 1613 1614 1621
f 1614 1623 1621
f 1606 1617 1616
f 1614 1615 1623
f 1611 1598 1610
f 1599 1598 1609
f 1584 1596 1595
f 1583 1584 1595
f 1588 1587 1597
f 1599 1597 1587
f 1599 1587 1598
f 1598 1587 1589
f 1589 1590 1598
f 1590 1600 1598
f 1590 1591 1600
f 3458 3456 3450
f 1611 1609 1598
f 1591 1592 1601
f 1592 1593 1602
f 1593 1603 1602
f 1593 1594 1603
f 1594 1604 1603
f 1594 1595 1604
f 1595 1605 1604
f 1596 1607 1606
f 1596 1606 1595
f 1595 1606 1605
f 1607 1608 1606
f 1592 1602 1601
f 1615 1624 1623
f 1615 1616 1624
f 1616 1625 1624
f 1634 1642 1641
f 1636 1643 1642
f 1634 1636 1642
f 1639 1638 1644
f 1646 1644 1638
f 1646 1638 1645
f 1645 1638 1640
f 1640 1641 1645
f 1641 1647 1645
f 1641 1642 1647
f 1633 1634 1641
f 1642 1648 1647
f 1642 1643 1648
f 1651 1646 1645
f 1650 1651 1645
f 1645 1647 1650
f 1647 1652 1650
f 1653 1654 1652
f 1653 1652 1648
f 1648 1652 1647
f 1648 1649 1653
f 1651 1650 1655
f 1643 1649 1648
f 1633 1641 1640
f 1632 1633 1640
f 1632 1640 1638
f 1616 1617 1625
f 1617 1626 1625
f 1618 1627 1626
f 1617 1618 1626
f 1622 1621 1628
f 1630 1628 1621
f 1630 1621 1629
f 1629 1621 1623
f 1623 1624 1629
f 1624 1631 1629
f 1624 1625 1631
f 1625 1632 1631
f 1625 1626 1632
f 1626 1633 1632
f 1627 1635 1634
f 1627 1634 1626
f 1626 1634 1633
f 1635 1636 1634
f 1630 1629 1637
f 1639 1637 1629
f 1639 1629 1638
f 1638 1629 1631
f 1631 1632 1638
f 1583 1595 1594
f 1582 1583 1594
f 1582 1594 1593
f 1581 1582 1593
f 1540 1554 1553
f 1540 1541 1554
f 1541 1555 1554
f 1541 1542 1555
f 1542 1556 1555
f 1543 1557 1556
f 1542 1543 1556
f 1546 1545 1558
f 1560 1558 1545
f 1560 1545 1559
f 1539 1540 1553
f 1559 1545 1547
f 1548 1561 1559
f 1548 1549 1561
f 1549 1562 1561
f 1549 1550 1562
f 1550 1563 1562
f 1550 1551 1563
f 1551 1564 1563
f 1317 1551 1314
f 1317 1565 1551
f 1565 1564 1551
f 1547 1548 1559
f 1539 1553 1552
f 1310 1539 1552
f 1310 1552 1315
f 1527 1528 1540
f 1528 1541 1540
f 1528 1529 1541
f 1529 1542 1541
f 1530 1543 1542
f 1529 1530 1542
f 1534 1533 1544
f 1546 1544 1533
f 1546 1533 1545
f 1545 1533 1535
f 1535 1536 1545
f 1536 1547 1545
f 1536 1537 1547
f 1537 1548 1547
f 1537 1538 1548
f 1538 1549 1548
f 1311 1538 1305
f 1311 1550 1538
f 1550 1549 1538
f 1312 1550 1311
f 1551 1550 1312
f 1312 1314 1551
f 1315 1552 1316
f 1316 1565 1317
f 1650 1652 1656
f 1316 1552 1565
f 1552 1553 1566
f 1568 1569 1581
f 1569 1582 1581
f 1569 1570 1582
f 1570 1583 1582
f 1571 1584 1583
f 1570 1571 1583
f 1574 1573 1585
f 1573 1575 1586
f 1585 1573 1586
f 1588 1586 1575
f 1568 1581 1580
f 1588 1575 1587
f 1576 1577 1587
f 1577 1589 1587
f 1577 1578 1589
f 1578 1590 1589
f 1578 1579 1590
f 1579 1591 1590
f 1579 1580 1591
f 1580 1592 1591
f 1580 1581 1592
f 1581 1593 1592
f 1587 1575 1576
f 1567 1568 1580
f 1567 1580 1579
f 1566 1567 1579
f 1553 1567 1566
f 1553 1554 1567
f 1554 1568 1567
f 1554 1555 1568
f 1555 1569 1568
f 1555 1556 1569
f 1556 1570 1569
f 1557 1571 1570
f 1556 1557 1570
f 1560 1559 1572
f 1574 1572 1559
f 1574 1559 1573
f 1573 1559 1561
f 1561 1562 1573
f 1562 1575 1573
f 1562 1563 1575
f 1563 1576 1575
f 1563 1564 1576
f 1564 1577 1576
f 1564 1565 1577
f 1565 1578 1577
f 1565 1566 1578
f 1566 1579 1578
f 1552 1566 1565
f 1527 1540 1539
f 1655 1650 1656
f 1332 1333 1657
f 1721 1384 1719
f 1721 1724 1384
f 1724 1386 1384
f 1386 1724 1725
f 1387 1386 1725
f 1722 1383 1388
f 1388 1723 1722
f 1388 1389 1723
f 1389 1726 1723
f 1725 1391 1387
f 1719 1384 1381
f 1727 1391 1725
f 1728 1391 1729
f 1729 1391 1727
f 1729 1730 1728
f 1726 1389 1731
f 1731 1389 1394
f 1732 1392 1728
f 1396 1392 1732
f 1730 1734 1733
f 1730 1733 1728
f 1728 1733 1732
f 1728 1392 1391
f 1734 1735 1733
f 1716 1722 1717
f 1383 1722 1379
f 1710 1712 1711
f 1373 1710 1711
f 1373 1711 1705
f 1373 1705 1369
f 1705 1711 1706
f 1709 1375 1372
f 1713 1375 1709
f 1713 1714 1375
f 1375 1714 1377
f 1377 1714 1715
f 1717 1722 1723
f 1378 1377 1715
f 1379 1716 1374
f 1712 1716 1717
f 1710 1716 1712
f 1715 1380 1378
f 1718 1380 1715
f 1719 1381 1380
f 1719 1380 1720
f 1720 1380 1718
f 1720 1721 1719
f 1722 1716 1379
f 1716 1710 1374
f 1397 1736 1737
f 1397 1737 1394
f 1394 1737 1731
f 1745 1751 1750
f 1745 1750 1743
f 1743 1750 1749
f 1751 1752 1750
f 1748 1747 1753
f 1755 1419 1754
f 1753 1419 1755
f 1753 1414 1419
f 1753 1747 1414
f 1420 1754 1419
f 1418 1410 1749
f 1756 1754 1420
f 1757 1756 1421
f 1421 1423 1757
f 1749 1429 1418
f 1429 1758 1430
f 1429 1749 1758
f 1749 1750 1758
f 1752 1760 1759
f 1752 1759 1750
f 1750 1759 1758
f 1760 1761 1759
f 1421 1756 1420
f 1749 1410 1743
f 1412 1414 1747
f 1746 1411 1412
f 1397 1398 1736
f 1732 1400 1396
f 1733 1400 1732
f 1402 1400 1733
f 1402 1738 1403
f 1733 1738 1402
f 1733 1739 1738
f 1733 1735 1739
f 1739 1740 1738
f 1737 1736 1741
f 1736 1742 1741
f 1736 1398 1742
f 1398 1405 1742
f 1738 1409 1403
f 1409 1743 1410
f 1738 1743 1409
f 1738 1744 1743
f 1738 1740 1744
f 1744 1745 1743
f 1742 1405 1411
f 1746 1742 1411
f 1748 1412 1747
f 1748 1746 1412
f 1373 1374 1710
f 1372 1371 1709
f 1371 1708 1709
f 1370 1708 1371
f 1658 1670 1659
f 1659 1670 1671
f 1672 1671 1673
f 1672 1660 1671
f 1660 1659 1671
f 1660 1674 1661
f 1672 1674 1660
f 1661 1675 1662
f 1674 1675 1661
f 1662 1676 1663
f 1658 1669 1670
f 1675 1676 1662
f 1676 1677 1663
f 1664 1678 1665
f 1677 1678 1664
f 1665 1679 1666
f 1678 1679 1665
f 1666 1351 1344
f 1666 1679 1351
f 1679 1680 1351
f 1682 1681 1352
f 1682 1352 1680
f 1663 1677 1664
f 1657 1669 1658
f 1657 1668 1669
f 1333 1668 1657
f 1334 1332 1657
f 1658 1334 1657
f 1335 1334 1658
f 1659 1335 1658
f 1336 1335 1659
f 1660 1336 1659
f 1337 1336 1660
f 1661 1337 1660
f 1338 1337 1661
f 1662 1338 1661
f 1339 1338 1662
f 1663 1339 1662
f 1340 1339 1663
f 1664 1340 1663
f 1341 1340 1664
f 1665 1341 1664
f 1342 1341 1665
f 1666 1342 1665
f 1342 1666 1344
f 1348 1349 1667
f 1350 1348 1667
f 1668 1350 1667
f 1333 1350 1668
f 1680 1352 1351
f 1652 1654 1656
f 1353 1352 1681
f 1353 1683 1355
f 1685 1698 1686
f 1697 1698 1685
f 1686 1699 1687
f 1698 1699 1686
f 1687 1699 1689
f 1692 1700 1691
f 1691 1701 1693
f 1700 1701 1691
f 1693 1365 1361
f 1693 1701 1365
f 1695 1697 1684
f 1701 1702 1365
f 1365 1703 1366
f 1366 1703 1704
f 1367 1366 1704
f 1705 1694 1364
f 1369 1705 1364
f 1696 1705 1706
f 1694 1705 1696
f 1704 1370 1367
f 1707 1370 1704
f 1707 1708 1370
f 1702 1703 1365
f 1684 1697 1685
f 1363 1684 1358
f 1363 1695 1684
f 1684 1667 1349
f 1358 1684 1349
f 1667 1684 1668
f 1668 1684 1685
f 1668 1685 1669
f 1669 1685 1686
f 1669 1686 1670
f 1670 1686 1687
f 1688 1687 1689
f 1688 1671 1687
f 1671 1670 1687
f 1671 1688 1673
f 1682 1690 1681
f 1692 1681 1690
f 1692 1691 1681
f 1691 1683 1681
f 1359 1355 1683
f 1359 1683 1693
f 1693 1683 1691
f 1359 1693 1361
f 1363 1364 1694
f 1694 1696 1695
f 1363 1694 1695
f 1683 1353 1681
f 869 885 870
f 1301 1527 1539
f 1309 1539 1310
f 1129 1394 1389
f 1134 1136 1393
f 1395 1133 1390
f 1138 1133 1395
f 1392 1396 1395
f 1390 1392 1395
f 1394 1393 1397
f 1393 1398 1397
f 1393 1136 1398
f 1136 1140 1398
f 1134 1394 1129
f 1395 1145 1138
f 1395 1399 1145
f 1395 1400 1399
f 1395 1396 1400
f 1400 1402 1401
f 1399 1400 1401
f 1402 1403 1401
f 1147 1404 1405
f 1147 1405 1140
f 1140 1405 1398
f 1148 1404 1147
f 1145 1399 1146
f 1406 1404 1148
f 1134 1393 1394
f 1385 1387 1391
f 1378 1380 1118
f 1380 1120 1118
f 1120 1380 1381
f 1121 1120 1381
f 1122 1382 1383
f 1122 1383 1116
f 1116 1383 1379
f 1122 1123 1382
f 1381 1126 1121
f 1384 1126 1381
f 1391 1392 1390
f 1385 1127 1126
f 1386 1126 1384
f 1386 1387 1385
f 1383 1382 1388
f 1382 1389 1388
f 1382 1123 1389
f 1123 1129 1389
f 1385 1132 1127
f 1132 1390 1133
f 1385 1390 1132
f 1385 1391 1390
f 1385 1126 1386
f 1148 1150 1406
f 1399 1155 1146
f 1155 1407 1156
f 1415 1416 1421
f 1420 1415 1421
f 1423 1176 1422
f 1421 1176 1423
f 1421 1161 1176
f 1421 1416 1161
f 1177 1422 1176
f 1424 1422 1177
f 1178 1424 1177
f 1425 1424 1178
f 1419 1413 1420
f 1179 1425 1178
f 1180 1426 1179
f 1427 1426 1180
f 1180 1182 1427
f 1417 1195 1175
f 1195 1428 1196
f 1417 1428 1195
f 1417 1429 1428
f 1417 1418 1429
f 1429 1430 1428
f 1423 1422 1431
f 1426 1425 1179
f 1413 1415 1420
f 1414 1413 1419
f 1408 1410 1417
f 1155 1399 1407
f 1399 1401 1407
f 1403 1409 1408
f 1403 1408 1401
f 1401 1408 1407
f 1409 1410 1408
f 1405 1404 1411
f 1404 1406 1412
f 1411 1404 1412
f 1414 1157 1413
f 1412 1157 1414
f 1412 1150 1157
f 1412 1406 1150
f 1158 1413 1157
f 1415 1413 1158
f 1159 1415 1158
f 1416 1415 1159
f 1159 1161 1416
f 1407 1174 1156
f 1174 1417 1175
f 1174 1407 1417
f 1407 1408 1417
f 1410 1418 1417
f 1378 1118 1376
f 1376 1118 1115
f 1379 1112 1116
f 1374 1112 1379
f 1327 1341 1328
f 1340 1341 1327
f 1328 1084 1077
f 1328 1341 1084
f 1341 1342 1084
f 1344 1343 1085
f 1344 1085 1342
f 1342 1085 1084
f 1086 1085 1343
f 1345 1086 1343
f 1339 1340 1326
f 1086 1345 1087
f 1083 1090 1346
f 1083 1346 1329
f 1329 1346 1347
f 1348 1347 1349
f 1348 1330 1347
f 1330 1329 1347
f 1330 1350 1331
f 1348 1350 1330
f 1331 1350 1333
f 1344 1351 1343
f 1090 1091 1346
f 1326 1340 1327
f 1338 1339 1325
f 1325 1339 1326
f 1327 1074 1326
f 1075 1074 1327
f 1328 1075 1327
f 1075 1328 1077
f 1082 1083 1329
f 1065 1082 1329
f 1065 1329 1318
f 1318 1329 1330
f 1318 1330 1319
f 1319 1330 1331
f 1332 1331 1333
f 1332 1320 1331
f 1320 1319 1331
f 1320 1334 1321
f 1332 1334 1320
f 1321 1335 1322
f 1334 1335 1321
f 1322 1336 1323
f 1335 1336 1322
f 1323 1337 1324
f 1336 1337 1323
f 1324 1338 1325
f 1337 1338 1324
f 1343 1352 1345
f 1422 1424 1432
f 1351 1352 1343
f 1345 1352 1092
f 1104 1366 1367
f 1105 1104 1367
f 1368 1362 1103
f 1107 1368 1103
f 1364 1368 1369
f 1362 1368 1364
f 1367 1108 1105
f 1370 1108 1367
f 1370 1371 1108
f 1108 1371 1110
f 1365 1366 1104
f 1110 1371 1372
f 1373 1368 1107
f 1373 1107 1374
f 1374 1107 1112
f 1368 1373 1369
f 1372 1114 1111
f 1375 1114 1372
f 1376 1115 1114
f 1376 1114 1377
f 1377 1114 1375
f 1377 1378 1376
f 1111 1110 1372
f 1360 1365 1104
f 1360 1104 1100
f 1361 1365 1360
f 1352 1353 1092
f 1355 1354 1093
f 1355 1093 1353
f 1353 1093 1092
f 1093 1354 1095
f 1356 1346 1091
f 1098 1356 1091
f 1346 1356 1347
f 1347 1356 1357
f 1349 1357 1358
f 1347 1357 1349
f 1355 1359 1354
f 1361 1360 1099
f 1359 1361 1099
f 1359 1099 1095
f 1359 1095 1354
f 1099 1360 1100
f 1362 1356 1098
f 1103 1362 1098
f 1363 1362 1364
f 1363 1357 1362
f 1357 1356 1362
f 1357 1363 1358
f 1345 1092 1087
f 1301 1539 1309
f 1431 1422 1432
f 1432 1424 1433
f 1268 1270 1502
f 1488 1278 1265
f 1278 1503 1279
f 1278 1488 1503
f 1488 1489 1503
f 1489 1490 1503
f 1490 1504 1503
f 1490 1491 1504
f 1491 1505 1504
f 1493 1506 1505
f 1502 1501 1268
f 1491 1493 1505
f 1496 1498 1508
f 1507 1496 1508
f 1510 1508 1498
f 1510 1498 1509
f 1509 1498 1499
f 1499 1500 1509
f 1500 1511 1509
f 1500 1501 1511
f 1501 1512 1511
f 1501 1502 1512
f 1497 1496 1507
f 1502 1513 1512
f 1268 1501 1267
f 1267 1500 1266
f 1265 1251 1488
f 1472 1473 1488
f 1473 1489 1488
f 1473 1475 1489
f 1475 1490 1489
f 1477 1492 1491
f 1477 1491 1475
f 1475 1491 1490
f 1492 1493 1491
f 1483 1482 1494
f 1501 1500 1267
f 1482 1484 1495
f 1497 1495 1484
f 1497 1484 1496
f 1496 1484 1485
f 1485 1486 1496
f 1486 1498 1496
f 1486 1487 1498
f 1487 1499 1498
f 1266 1487 1255
f 1266 1500 1487
f 1500 1499 1487
f 1494 1482 1495
f 1280 1502 1270
f 1280 1514 1502
f 1514 1513 1502
f 1515 1516 1527
f 1516 1528 1527
f 1516 1517 1528
f 1517 1529 1528
f 1519 1530 1529
f 1517 1519 1529
f 1522 1521 1531
f 1521 1523 1532
f 1531 1521 1532
f 1534 1532 1523
f 1301 1291 1527
f 1534 1523 1533
f 1524 1525 1533
f 1525 1535 1533
f 1525 1526 1535
f 1526 1536 1535
f 1302 1526 1294
f 1302 1537 1526
f 1537 1536 1526
f 1303 1537 1302
f 1538 1537 1303
f 1303 1305 1538
f 1533 1523 1524
f 1527 1291 1515
f 1292 1294 1526
f 1526 1525 1514
f 1280 1282 1514
f 1503 1290 1279
f 1290 1515 1291
f 1290 1503 1515
f 1503 1504 1515
f 1504 1505 1515
f 1505 1516 1515
f 1506 1518 1517
f 1506 1517 1505
f 1505 1517 1516
f 1518 1519 1517
f 1510 1509 1520
f 1522 1520 1509
f 1522 1509 1521
f 1521 1509 1511
f 1511 1512 1521
f 1512 1523 1521
f 1512 1513 1523
f 1513 1524 1523
f 1513 1514 1524
f 1514 1525 1524
f 1292 1514 1282
f 1292 1526 1514
f 1488 1251 1472
f 1253 1255 1487
f 1487 1486 1253
f 1253 1486 1252
f 1449 1434 1448
f 1448 1434 1436
f 1436 1437 1448
f 1437 1450 1448
f 1437 1438 1450
f 1438 1451 1450
f 1438 1439 1451
f 1439 1452 1451
f 1439 1440 1452
f 1440 1453 1452
f 1449 1447 1434
f 1440 1441 1453
f 1441 1442 1454
f 1442 1455 1454
f 1218 1442 1204
f 1218 1456 1442
f 1456 1455 1442
f 1218 1220 1456
f 1443 1233 1217
f 1233 1457 1234
f 1233 1443 1457
f 1443 1444 1457
f 1441 1454 1453
f 1435 1434 1447
f 1445 1446 1444
f 1428 1444 1443
f 1435 1433 1425
f 1435 1425 1434
f 1434 1425 1426
f 1426 1427 1434
f 1427 1436 1434
f 1197 1427 1182
f 1197 1437 1427
f 1437 1436 1427
f 1198 1437 1197
f 1438 1437 1198
f 1199 1438 1198
f 1439 1438 1199
f 1200 1439 1199
f 1440 1439 1200
f 1201 1440 1200
f 1441 1440 1201
f 1202 1441 1201
f 1442 1441 1202
f 1202 1204 1442
f 1443 1196 1428
f 1217 1196 1443
f 1430 1445 1444
f 1430 1444 1428
f 1446 1459 1458
f 1424 1425 1433
f 1446 1458 1444
f 1459 1460 1458
f 1460 1473 1458
f 1458 1473 1472
f 1474 1476 1475
f 1473 1474 1475
f 1476 1477 1475
f 1465 1464 1478
f 1464 1466 1479
f 1478 1464 1479
f 1466 1467 1480
f 1479 1466 1480
f 1460 1474 1473
f 1467 1468 1481
f 1483 1481 1468
f 1483 1468 1482
f 1482 1468 1469
f 1469 1470 1482
f 1470 1484 1482
f 1470 1471 1484
f 1471 1485 1484
f 1252 1471 1238
f 1252 1486 1471
f 1486 1485 1471
f 1480 1467 1481
f 1457 1458 1472
f 1250 1457 1472
f 1250 1472 1251
f 1449 1448 1461
f 1448 1450 1462
f 1461 1448 1462
f 1450 1451 1463
f 1462 1450 1463
f 1465 1463 1451
f 1465 1451 1464
f 1464 1451 1452
f 1452 1453 1464
f 1453 1466 1464
f 1453 1454 1466
f 1454 1467 1466
f 1454 1455 1467
f 1455 1468 1467
f 1455 1456 1468
f 1456 1469 1468
f 1235 1456 1220
f 1235 1470 1456
f 1470 1469 1456
f 1236 1470 1235
f 1471 1470 1236
f 1236 1238 1471
f 1457 1250 1234
f 1444 1458 1457
f 771 885 767
f 885 869 767
f 768 884 769
f 309 292 293
f 293 294 309
f 294 311 309
f 294 295 311
f 295 312 311
f 295 296 312
f 296 313 312
f 296 297 313
f 297 314 313
f 297 298 314
f 310 292 309
f 298 315 314
f 299 316 315
f 299 300 316
f 300 317 316
f 300 301 317
f 301 318 317
f 301 302 318
f 302 319 318
f 302 303 319
f 303 320 319
f 303 304 320
f 298 299 315
f 304 321 320
f 310 308 292
f 290 292 308
f 280 297 296
f 280 281 297
f 281 298 297
f 281 282 298
f 282 299 298
f 216 282 211
f 216 300 282
f 300 299 282
f 217 300 216
f 301 300 217
f 307 290 308
f 213 301 217
f 283 302 301
f 283 284 302
f 284 303 302
f 284 285 303
f 285 304 303
f 285 286 304
f 286 305 304
f 288 306 305
f 286 288 305
f 291 290 307
f 213 283 301
f 322 323 321
f 322 321 305
f 305 321 304
f 332 331 338
f 331 333 339
f 338 331 339
f 333 335 339
f 218 219 340
f 218 340 221
f 222 223 341
f 341 343 342
f 341 342 222
f 222 342 224
f 321 323 337
f 219 344 340
f 224 342 344
f 340 225 221
f 340 344 225
f 344 345 225
f 345 346 225
f 225 346 226
f 346 347 226
f 226 347 227
f 349 348 228
f 349 228 347
f 219 224 344
f 336 320 337
f 320 321 337
f 334 319 336
f 305 306 322
f 310 309 324
f 309 311 325
f 324 309 325
f 311 312 326
f 325 311 326
f 312 313 327
f 326 312 327
f 313 314 328
f 327 313 328
f 314 315 329
f 328 314 329
f 315 316 330
f 329 315 330
f 332 330 316
f 332 316 331
f 331 316 317
f 317 318 331
f 318 333 331
f 334 335 333
f 334 333 319
f 319 333 318
f 319 320 336
f 279 280 296
f 279 296 295
f 206 279 295
f 206 295 215
f 250 255 254
f 250 251 255
f 255 257 256
f 254 255 256
f 257 258 256
f 166 259 260
f 166 260 154
f 154 260 253
f 166 168 259
f 254 182 165
f 250 254 164
f 182 261 183
f 254 256 261
f 258 263 262
f 258 262 256
f 256 262 261
f 263 264 262
f 260 259 265
f 267 184 266
f 265 184 267
f 265 168 184
f 265 259 168
f 182 254 261
f 164 254 165
f 250 164 152
f 148 154 253
f 241 137 136
f 241 136 242
f 242 136 240
f 242 243 241
f 239 132 244
f 244 132 139
f 241 144 137
f 144 245 145
f 241 245 144
f 241 246 245
f 241 243 246
f 246 247 245
f 146 248 249
f 146 249 139
f 139 249 244
f 146 148 248
f 250 145 245
f 152 145 250
f 247 251 250
f 245 247 250
f 249 248 252
f 248 253 252
f 248 148 253
f 185 266 184
f 347 228 227
f 268 266 185
f 269 268 186
f 199 283 213
f 199 270 283
f 270 284 283
f 270 271 284
f 271 285 284
f 272 287 286
f 272 286 271
f 271 286 285
f 287 288 286
f 275 274 289
f 209 211 282
f 291 289 274
f 290 274 276
f 276 277 290
f 277 292 290
f 277 278 292
f 278 293 292
f 214 278 203
f 214 294 278
f 294 293 278
f 215 294 214
f 295 294 215
f 291 274 290
f 282 281 209
f 209 281 208
f 281 280 208
f 186 188 269
f 270 183 261
f 199 183 270
f 261 262 270
f 262 271 270
f 264 272 271
f 262 264 271
f 267 266 273
f 275 273 266
f 275 266 274
f 274 266 268
f 268 269 274
f 269 276 274
f 200 269 188
f 200 277 269
f 277 276 269
f 201 277 200
f 278 277 201
f 201 203 278
f 205 279 206
f 207 279 205
f 280 279 207
f 208 280 207
f 186 268 185
f 240 136 134
f 228 348 229
f 350 352 351
f 420 419 330
f 330 332 420
f 334 421 335
f 336 421 334
f 422 421 336
f 337 422 336
f 423 422 337
f 323 423 337
f 323 405 423
f 405 424 423
f 330 419 329
f 405 406 424
f 406 407 425
f 407 426 425
f 407 408 426
f 408 427 426
f 410 429 428
f 410 428 408
f 408 428 427
f 429 430 428
f 413 412 431
f 412 414 432
f 406 425 424
f 431 412 432
f 419 418 329
f 418 417 328
f 306 398 405
f 398 406 405
f 398 399 406
f 399 407 406
f 400 409 408
f 400 408 399
f 399 408 407
f 409 410 408
f 403 402 411
f 413 411 402
f 329 418 328
f 413 402 412
f 324 404 310
f 324 414 404
f 414 412 404
f 325 414 324
f 415 414 325
f 326 415 325
f 416 415 326
f 327 416 326
f 417 416 327
f 328 417 327
f 412 402 404
f 414 415 433
f 432 414 433
f 435 433 415
f 426 447 446
f 426 427 447
f 427 448 447
f 449 450 448
f 449 448 428
f 428 448 427
f 428 430 449
f 435 434 451
f 434 436 452
f 451 434 452
f 425 426 446
f 436 437 453
f 437 438 454
f 453 437 454
f 438 439 455
f 454 438 455
f 439 440 456
f 455 439 456
f 440 441 457
f 456 440 457
f 441 442 458
f 457 441 458
f 452 436 453
f 425 446 445
f 424 425 445
f 424 445 444
f 435 415 434
f 434 415 416
f 416 417 434
f 417 436 434
f 417 418 436
f 418 437 436
f 418 419 437
f 419 438 437
f 419 420 438
f 420 439 438
f 338 420 332
f 338 440 420
f 440 439 420
f 339 440 338
f 441 440 339
f 335 441 339
f 335 421 441
f 421 442 441
f 421 422 442
f 422 443 442
f 422 423 443
f 423 444 443
f 423 424 444
f 306 405 322
f 322 405 323
f 308 310 404
f 404 402 308
f 364 239 244
f 363 246 243
f 365 246 363
f 366 247 246
f 366 246 367
f 367 246 365
f 367 368 366
f 364 244 369
f 369 244 249
f 370 247 366
f 360 239 364
f 251 247 370
f 368 371 366
f 366 371 370
f 372 373 371
f 369 249 252
f 374 369 252
f 252 375 374
f 253 375 252
f 370 255 251
f 371 255 370
f 257 255 371
f 368 372 371
f 243 242 363
f 242 362 363
f 240 362 242
f 231 350 351
f 231 351 341
f 231 341 223
f 341 351 343
f 349 353 348
f 348 233 229
f 348 353 233
f 353 354 233
f 354 355 233
f 233 355 234
f 355 356 234
f 234 356 235
f 356 357 235
f 235 357 237
f 237 357 358
f 238 237 358
f 359 350 232
f 359 232 360
f 360 232 239
f 350 359 352
f 358 240 238
f 361 240 358
f 361 362 240
f 257 376 258
f 231 232 350
f 371 376 257
f 371 373 377
f 388 393 392
f 388 392 386
f 386 392 391
f 393 394 392
f 390 389 395
f 397 289 396
f 395 289 397
f 395 275 289
f 395 389 275
f 289 291 396
f 385 386 391
f 398 288 391
f 391 392 398
f 392 399 398
f 394 400 399
f 392 394 399
f 397 396 401
f 403 307 402
f 401 307 403
f 401 291 307
f 401 396 291
f 308 402 307
f 306 288 398
f 287 385 391
f 287 391 288
f 385 287 272
f 377 378 376
f 375 253 379
f 379 253 260
f 376 263 258
f 263 380 264
f 376 380 263
f 376 381 380
f 376 378 381
f 381 382 380
f 379 260 265
f 383 379 265
f 265 384 383
f 267 384 265
f 385 264 380
f 272 264 385
f 382 387 386
f 382 386 380
f 380 386 385
f 387 388 386
f 273 389 390
f 273 390 267
f 267 390 384
f 273 275 389
f 371 377 376
f 442 443 459
f 238 240 134
f 236 134 129
f 44 80 82
f 44 82 45
f 45 82 85
f 46 86 87
f 46 87 35
f 35 87 84
f 47 86 46
f 88 86 47
f 48 88 47
f 89 88 48
f 80 44 33
f 49 89 48
f 49 51 90
f 85 91 45
f 91 56 45
f 87 86 92
f 86 88 93
f 92 86 93
f 88 89 94
f 93 88 94
f 89 90 95
f 94 89 95
f 90 89 49
f 90 51 57
f 22 35 84
f 76 84 83
f 70 16 68
f 70 72 16
f 72 18 16
f 73 19 18
f 73 18 74
f 74 18 72
f 74 75 73
f 20 76 77
f 20 77 11
f 11 77 71
f 76 22 84
f 20 22 76
f 75 28 73
f 75 78 28
f 78 30 28
f 78 79 30
f 30 79 32
f 80 33 32
f 80 32 81
f 81 32 79
f 81 82 80
f 77 76 83
f 73 28 19
f 90 57 95
f 95 57 96
f 98 58 97
f 107 116 109
f 107 65 116
f 65 63 116
f 110 65 107
f 66 65 110
f 112 66 110
f 112 117 66
f 117 67 66
f 117 118 67
f 67 118 69
f 63 114 116
f 119 70 69
f 120 69 118
f 120 121 119
f 123 115 113
f 122 123 113
f 113 71 122
f 64 71 113
f 119 72 70
f 121 72 119
f 121 124 72
f 124 74 72
f 119 69 120
f 64 114 63
f 64 113 114
f 115 114 113
f 98 96 58
f 96 57 58
f 59 97 58
f 99 97 59
f 60 99 59
f 100 99 60
f 61 100 60
f 101 100 61
f 101 61 56
f 101 56 102
f 102 56 91
f 98 97 103
f 97 99 104
f 103 97 104
f 99 100 105
f 104 99 105
f 100 101 106
f 105 100 106
f 101 102 106
f 109 108 107
f 108 111 110
f 107 108 110
f 111 112 110
f 68 16 8
f 62 3 10
f 64 11 71
f 62 11 64
f 14 15 24
f 15 25 24
f 15 17 25
f 17 26 25
f 19 28 27
f 19 27 17
f 17 27 26
f 28 30 29
f 27 28 29
f 30 32 31
f 14 24 23
f 29 30 31
f 35 22 21
f 34 35 21
f 21 23 34
f 23 36 34
f 23 24 36
f 24 37 36
f 24 25 37
f 25 38 37
f 25 26 38
f 26 39 38
f 32 33 31
f 13 14 23
f 13 23 21
f 12 13 21
f 2 5 4
f 1 2 4
f 5 7 6
f 4 5 6
f 7 8 6
f 11 10 9
f 10 3 1
f 10 1 9
f 9 1 12
f 1 4 12
f 4 13 12
f 4 6 13
f 6 14 13
f 8 16 15
f 8 15 6
f 6 15 14
f 16 18 17
f 15 16 17
f 18 19 17
f 11 9 20
f 22 20 9
f 22 9 21
f 21 9 12
f 26 27 39
f 125 75 74
f 27 40 39
f 29 41 40
f 50 52 58
f 57 50 58
f 52 53 59
f 58 52 59
f 53 54 60
f 59 53 60
f 54 55 61
f 60 54 61
f 55 56 61
f 64 63 62
f 51 50 57
f 3 62 63
f 2 63 65
f 65 66 2
f 2 66 5
f 66 67 5
f 5 67 7
f 68 8 7
f 68 7 69
f 69 7 67
f 69 70 68
f 62 10 11
f 3 63 2
f 43 45 55
f 45 56 55
f 43 55 54
f 29 31 41
f 31 42 41
f 33 44 43
f 33 43 31
f 31 43 42
f 44 45 43
f 35 34 46
f 34 36 47
f 46 34 47
f 36 37 48
f 47 36 48
f 37 38 49
f 48 37 49
f 51 49 38
f 51 38 50
f 50 38 39
f 39 40 50
f 40 52 50
f 40 41 52
f 41 53 52
f 41 42 53
f 42 54 53
f 42 43 54
f 27 29 40
f 238 134 236
f 125 74 126
f 126 128 127
f 183 199 198
f 181 183 198
f 188 187 200
f 187 189 201
f 200 187 201
f 203 201 189
f 203 189 202
f 202 189 190
f 190 191 202
f 191 204 202
f 181 198 197
f 205 206 204
f 192 204 191
f 192 193 207
f 205 192 207
f 193 194 208
f 207 193 208
f 194 195 209
f 208 194 209
f 211 209 195
f 211 195 210
f 210 195 196
f 205 204 192
f 196 197 210
f 180 181 197
f 179 180 196
f 184 167 185
f 169 170 186
f 185 169 186
f 188 186 170
f 188 170 187
f 187 170 171
f 171 172 187
f 172 189 187
f 172 173 189
f 173 190 189
f 180 197 196
f 173 174 190
f 174 175 191
f 175 192 191
f 175 176 192
f 176 193 192
f 176 177 193
f 177 194 193
f 177 178 194
f 178 195 194
f 178 179 195
f 179 196 195
f 174 191 190
f 197 212 210
f 213 212 198
f 198 212 197
f 227 228 118
f 118 228 120
f 120 228 229
f 121 120 229
f 232 231 230
f 231 123 230
f 231 223 123
f 223 115 123
f 229 124 121
f 233 124 229
f 117 227 118
f 233 234 124
f 234 235 126
f 126 235 128
f 236 129 128
f 236 128 237
f 237 128 235
f 237 238 236
f 230 131 132
f 230 132 232
f 232 132 239
f 230 123 131
f 124 234 126
f 226 227 117
f 225 226 117
f 220 225 117
f 198 199 213
f 203 202 214
f 202 204 215
f 214 202 215
f 204 206 215
f 211 210 216
f 210 212 217
f 216 210 217
f 212 213 217
f 109 219 218
f 108 109 218
f 221 220 111
f 221 111 218
f 218 111 108
f 111 220 112
f 115 223 222
f 114 115 222
f 222 224 114
f 114 224 116
f 224 109 116
f 219 109 224
f 221 225 220
f 220 117 112
f 167 169 185
f 168 167 184
f 182 183 181
f 163 181 180
f 85 82 142
f 137 144 143
f 137 143 135
f 135 143 142
f 144 145 143
f 139 138 146
f 148 146 138
f 148 138 147
f 147 138 140
f 140 141 147
f 142 82 135
f 141 149 147
f 84 87 141
f 150 85 142
f 91 85 150
f 142 143 150
f 143 151 150
f 145 152 151
f 143 145 151
f 154 148 147
f 153 154 147
f 147 149 153
f 141 87 149
f 83 84 141
f 141 140 133
f 83 141 133
f 125 126 127
f 128 129 127
f 132 131 130
f 131 123 122
f 131 122 130
f 130 122 133
f 122 77 133
f 71 77 122
f 125 78 75
f 127 78 125
f 79 78 127
f 129 79 127
f 129 134 79
f 134 81 79
f 135 82 81
f 135 81 136
f 136 81 134
f 136 137 135
f 139 132 130
f 138 139 130
f 130 133 138
f 133 140 138
f 83 133 77
f 149 155 153
f 126 74 124
f 92 149 87
f 156 155 149
f 158 159 171
f 159 172 171
f 159 160 172
f 160 173 172
f 103 160 98
f 103 174 160
f 174 173 160
f 104 174 103
f 175 174 104
f 105 175 104
f 158 171 170
f 176 175 105
f 177 176 106
f 102 177 106
f 102 161 177
f 161 178 177
f 161 162 178
f 162 179 178
f 162 163 179
f 163 180 179
f 165 182 181
f 165 181 163
f 106 176 105
f 157 158 170
f 157 170 169
f 156 157 169
f 93 156 92
f 157 156 93
f 94 157 93
f 158 157 94
f 95 158 94
f 159 158 95
f 96 159 95
f 160 159 96
f 96 98 160
f 161 91 150
f 102 91 161
f 150 151 161
f 151 162 161
f 152 164 163
f 152 163 151
f 151 163 162
f 164 165 163
f 154 153 166
f 168 166 153
f 168 153 167
f 167 153 155
f 155 156 167
f 156 169 167
f 92 156 149
f 1755 1754 1762
f 458 442 459
f 459 443 460
f 724 725 741
f 733 732 742
f 732 735 742
f 606 607 743
f 608 606 743
f 744 608 743
f 609 608 744
f 745 609 744
f 610 609 745
f 746 610 745
f 740 723 741
f 611 610 746
f 612 611 747
f 748 612 747
f 613 612 748
f 749 613 748
f 613 749 615
f 619 620 750
f 750 752 751
f 750 751 619
f 619 751 621
f 607 753 743
f 747 611 746
f 607 621 753
f 723 724 741
f 722 723 740
f 712 713 728
f 727 712 728
f 713 714 729
f 728 713 729
f 714 715 730
f 729 714 730
f 715 716 731
f 730 715 731
f 733 731 716
f 733 716 732
f 739 722 740
f 732 716 717
f 734 732 718
f 718 732 717
f 718 719 736
f 734 718 736
f 719 720 737
f 736 719 737
f 720 721 738
f 737 720 738
f 721 722 739
f 738 721 739
f 734 735 732
f 621 751 753
f 743 754 744
f 753 754 743
f 765 768 764
f 764 768 769
f 764 769 627
f 627 769 631
f 633 634 770
f 770 630 633
f 770 771 630
f 771 767 630
f 769 635 631
f 772 635 769
f 750 766 752
f 774 773 637
f 772 637 635
f 637 773 638
f 775 770 634
f 775 634 776
f 776 634 640
f 770 775 771
f 774 777 773
f 773 641 638
f 773 777 641
f 777 778 641
f 774 637 772
f 767 620 630
f 766 620 767
f 766 750 620
f 744 755 745
f 754 755 744
f 745 756 746
f 755 756 745
f 746 757 747
f 756 757 746
f 747 758 748
f 757 758 747
f 748 759 749
f 758 759 748
f 749 622 615
f 749 759 622
f 759 760 622
f 760 761 622
f 622 761 623
f 761 762 623
f 623 762 624
f 762 763 624
f 624 763 625
f 765 764 626
f 765 626 763
f 763 626 625
f 626 764 627
f 726 710 727
f 710 712 727
f 711 710 726
f 707 708 724
f 674 675 687
f 675 688 687
f 677 689 688
f 675 677 688
f 681 680 690
f 680 682 691
f 690 680 691
f 682 683 692
f 691 682 692
f 694 692 683
f 674 687 686
f 694 683 693
f 684 685 693
f 685 695 693
f 582 685 570
f 582 696 685
f 696 695 685
f 583 696 582
f 697 696 583
f 584 697 583
f 698 697 584
f 585 698 584
f 693 683 684
f 563 674 686
f 563 686 580
f 580 686 581
f 545 547 673
f 674 543 668
f 563 543 674
f 669 676 675
f 669 675 668
f 668 675 674
f 676 677 675
f 672 671 678
f 671 673 679
f 678 671 679
f 681 564 680
f 679 564 681
f 679 547 564
f 679 673 547
f 565 680 564
f 682 680 565
f 566 682 565
f 683 682 566
f 567 683 566
f 684 683 567
f 568 684 567
f 685 684 568
f 568 570 685
f 699 698 585
f 641 778 779
f 586 699 585
f 586 588 700
f 699 715 714
f 699 700 715
f 700 716 715
f 594 700 588
f 594 717 700
f 717 716 700
f 590 717 594
f 590 701 717
f 701 718 717
f 701 702 718
f 698 699 714
f 702 719 718
f 703 720 719
f 703 704 720
f 704 721 720
f 704 705 721
f 705 722 721
f 705 706 722
f 706 723 722
f 706 707 723
f 707 724 723
f 708 725 724
f 702 703 719
f 698 714 713
f 697 698 713
f 697 713 712
f 589 701 590
f 591 701 589
f 702 701 591
f 592 702 591
f 703 702 592
f 593 703 592
f 704 703 593
f 581 704 593
f 581 686 704
f 686 705 704
f 686 687 705
f 687 706 705
f 687 688 706
f 688 707 706
f 689 708 707
f 688 689 707
f 694 693 709
f 711 709 693
f 711 693 710
f 710 693 695
f 695 696 710
f 696 712 710
f 696 697 712
f 700 699 586
f 673 671 545
f 642 641 779
f 780 640 643
f 833 742 847
f 847 742 848
f 735 834 849
f 735 849 742
f 742 849 848
f 834 835 850
f 849 834 850
f 835 836 851
f 850 835 851
f 836 837 852
f 833 733 742
f 851 836 852
f 852 837 853
f 838 839 854
f 853 838 854
f 839 840 855
f 854 839 855
f 840 841 856
f 855 840 856
f 841 842 856
f 751 752 857
f 753 751 857
f 837 838 853
f 858 753 857
f 846 832 847
f 845 831 846
f 835 834 736
f 737 835 736
f 836 835 737
f 738 836 737
f 837 836 738
f 739 837 738
f 838 837 739
f 740 838 739
f 839 838 740
f 741 839 740
f 832 833 847
f 840 839 741
f 725 824 840
f 824 841 840
f 825 842 841
f 824 825 841
f 829 828 843
f 828 830 844
f 843 828 844
f 830 831 845
f 844 830 845
f 831 832 846
f 725 840 741
f 754 753 858
f 859 754 858
f 755 754 859
f 860 872 873
f 874 873 875
f 874 861 873
f 861 860 873
f 861 876 862
f 874 876 861
f 862 877 863
f 876 877 862
f 879 863 877
f 879 878 863
f 859 872 860
f 878 864 863
f 865 878 880
f 865 880 866
f 866 880 881
f 866 881 867
f 867 881 882
f 867 882 868
f 868 882 883
f 768 765 868
f 768 868 884
f 884 868 883
f 864 878 865
f 859 871 872
f 858 871 859
f 858 870 871
f 860 755 859
f 756 755 860
f 861 756 860
f 757 756 861
f 862 757 861
f 758 757 862
f 863 758 862
f 759 758 863
f 864 759 863
f 760 759 864
f 865 760 864
f 761 760 865
f 866 761 865
f 762 761 866
f 867 762 866
f 763 762 867
f 868 763 867
f 763 868 765
f 766 767 869
f 752 766 869
f 752 869 857
f 857 869 870
f 857 870 858
f 736 834 734
f 734 834 735
f 731 733 833
f 833 832 731
f 794 658 655
f 659 795 796
f 659 796 657
f 657 796 793
f 659 661 795
f 794 663 658
f 797 663 794
f 663 797 798
f 664 663 798
f 796 795 799
f 792 794 655
f 795 661 665
f 799 665 800
f 665 801 800
f 667 801 665
f 802 798 803
f 802 669 798
f 669 664 798
f 803 804 802
f 801 667 670
f 805 801 670
f 670 806 805
f 795 665 799
f 657 793 791
f 656 657 791
f 656 791 789
f 779 644 642
f 781 644 779
f 781 782 644
f 644 782 646
f 646 782 783
f 647 646 783
f 780 643 784
f 784 643 648
f 783 650 647
f 785 650 783
f 786 651 650
f 786 650 787
f 787 650 785
f 787 788 786
f 789 790 784
f 789 784 652
f 652 784 648
f 790 789 791
f 786 654 651
f 654 786 788
f 654 788 655
f 655 788 792
f 789 652 656
f 672 806 670
f 776 640 780
f 802 676 669
f 802 807 676
f 709 822 823
f 709 823 694
f 694 823 819
f 709 711 822
f 824 708 820
f 725 708 824
f 821 825 824
f 820 821 824
f 823 822 826
f 822 711 726
f 813 814 820
f 822 726 826
f 829 727 828
f 829 827 727
f 827 726 727
f 728 828 727
f 830 828 728
f 729 830 728
f 831 830 729
f 730 831 729
f 832 831 730
f 731 832 730
f 826 726 827
f 814 821 820
f 708 689 820
f 820 689 813
f 802 808 807
f 802 804 808
f 808 809 807
f 806 672 678
f 810 806 678
f 812 679 811
f 812 810 679
f 810 678 679
f 679 681 811
f 813 677 807
f 689 677 813
f 809 814 813
f 807 809 813
f 812 811 815
f 811 681 690
f 811 690 815
f 815 690 816
f 816 690 817
f 690 691 817
f 817 691 818
f 691 692 818
f 692 819 818
f 694 819 692
f 676 807 677
f 443 444 460
f 545 671 544
f 670 539 544
f 401 403 526
f 521 409 400
f 409 528 410
f 409 521 528
f 521 522 528
f 524 530 529
f 524 529 522
f 522 529 528
f 530 531 529
f 527 526 532
f 525 519 397
f 526 403 411
f 532 411 533
f 411 534 533
f 413 534 411
f 528 429 410
f 429 535 430
f 429 528 535
f 528 529 535
f 531 536 535
f 529 531 535
f 534 413 431
f 526 411 532
f 537 534 431
f 525 397 401
f 527 401 526
f 507 513 512
f 507 509 513
f 513 514 512
f 511 384 515
f 515 384 390
f 512 393 388
f 393 516 394
f 512 516 393
f 512 517 516
f 512 514 517
f 525 401 527
f 517 518 516
f 395 520 390
f 390 520 515
f 395 397 519
f 521 394 516
f 400 394 521
f 518 523 522
f 518 522 516
f 516 522 521
f 523 524 522
f 520 519 525
f 395 519 520
f 539 432 538
f 539 537 432
f 537 431 432
f 553 552 457
f 458 553 457
f 554 553 458
f 459 554 458
f 555 554 459
f 460 555 459
f 556 555 460
f 461 556 460
f 557 556 461
f 462 557 461
f 457 552 456
f 558 557 462
f 559 558 463
f 464 559 463
f 560 559 464
f 450 560 464
f 450 541 560
f 541 561 560
f 541 542 561
f 542 562 561
f 543 563 562
f 542 543 562
f 463 558 462
f 552 551 456
f 456 551 455
f 551 550 455
f 433 538 432
f 540 538 433
f 433 435 540
f 449 541 450
f 430 541 449
f 430 535 541
f 535 542 541
f 536 543 542
f 535 536 542
f 539 538 544
f 538 540 545
f 544 538 545
f 547 451 546
f 545 451 547
f 545 435 451
f 545 540 435
f 452 546 451
f 548 546 452
f 453 548 452
f 549 548 453
f 454 549 453
f 550 549 454
f 455 550 454
f 507 512 387
f 387 512 388
f 507 387 382
f 384 511 383
f 473 474 466
f 467 475 468
f 474 475 467
f 468 476 469
f 475 476 468
f 469 353 349
f 469 476 353
f 476 477 353
f 477 478 353
f 353 478 354
f 466 474 467
f 480 479 355
f 478 355 354
f 356 355 479
f 481 356 479
f 357 356 481
f 482 357 481
f 357 482 358
f 359 360 483
f 483 485 484
f 359 483 484
f 359 484 470
f 480 355 478
f 471 473 465
f 465 473 466
f 351 465 343
f 444 445 461
f 460 444 461
f 445 446 462
f 461 445 462
f 446 447 463
f 462 446 463
f 447 448 464
f 463 447 464
f 448 450 464
f 342 343 465
f 344 342 465
f 466 344 465
f 345 344 466
f 467 345 466
f 346 345 467
f 468 346 467
f 347 346 468
f 469 347 468
f 347 469 349
f 351 352 470
f 470 472 471
f 351 470 471
f 351 471 465
f 359 470 352
f 547 546 564
f 470 484 472
f 479 487 481
f 372 496 498
f 372 498 373
f 373 498 501
f 499 369 374
f 374 500 499
f 374 375 500
f 375 502 500
f 501 377 373
f 503 377 501
f 377 503 504
f 496 372 368
f 378 377 504
f 505 375 379
f 504 381 378
f 506 381 504
f 507 382 381
f 507 381 508
f 508 381 506
f 508 509 507
f 505 379 383
f 510 505 383
f 383 511 510
f 502 375 505
f 492 499 493
f 493 499 500
f 369 499 364
f 486 487 479
f 481 488 482
f 487 488 481
f 482 361 358
f 482 488 361
f 488 489 361
f 489 490 361
f 361 490 362
f 362 490 491
f 363 362 491
f 492 483 360
f 364 492 360
f 485 492 493
f 483 492 485
f 491 365 363
f 494 365 491
f 494 495 365
f 365 495 367
f 496 368 367
f 496 367 497
f 497 367 495
f 497 498 496
f 499 492 364
f 480 486 479
f 670 666 539
f 546 548 565
f 548 549 566
f 629 628 632
f 629 633 630
f 631 503 501
f 635 503 631
f 636 504 503
f 636 503 637
f 637 503 635
f 637 638 636
f 639 632 502
f 505 639 502
f 633 629 632
f 634 639 640
f 636 506 504
f 638 506 636
f 638 641 506
f 641 508 506
f 508 641 642
f 509 508 642
f 639 505 510
f 510 640 639
f 510 511 640
f 511 643 640
f 632 639 634
f 642 513 509
f 633 632 634
f 632 628 500
f 619 621 604
f 605 621 607
f 615 622 614
f 614 623 616
f 622 623 614
f 616 494 491
f 616 623 494
f 623 624 494
f 624 625 494
f 494 625 495
f 502 632 500
f 625 626 495
f 497 626 627
f 498 497 627
f 628 617 493
f 500 628 493
f 617 628 618
f 618 628 629
f 620 629 630
f 618 629 620
f 627 631 498
f 631 501 498
f 495 626 497
f 644 513 642
f 645 514 513
f 645 513 646
f 659 657 532
f 661 533 660
f 661 659 533
f 659 532 533
f 533 534 660
f 662 658 663
f 662 536 658
f 536 531 658
f 663 664 662
f 661 660 665
f 657 527 532
f 667 537 666
f 665 534 537
f 665 660 534
f 537 539 666
f 668 536 662
f 543 536 668
f 664 669 668
f 662 664 668
f 667 666 670
f 672 544 671
f 670 544 672
f 665 537 667
f 531 655 658
f 530 655 531
f 530 653 655
f 646 513 644
f 646 647 645
f 643 511 648
f 648 511 515
f 645 517 514
f 517 649 518
f 645 649 517
f 645 650 649
f 645 647 650
f 650 651 649
f 648 515 652
f 652 515 520
f 649 523 518
f 523 653 524
f 649 653 523
f 649 654 653
f 649 651 654
f 654 655 653
f 652 520 525
f 656 652 525
f 525 657 656
f 527 657 525
f 653 530 524
f 604 621 605
f 604 603 618
f 619 604 618
f 619 618 620
f 580 579 562
f 562 579 561
f 562 563 580
f 570 569 582
f 569 571 583
f 582 569 583
f 571 572 584
f 583 571 584
f 572 573 585
f 584 572 585
f 580 581 579
f 573 574 586
f 588 586 574
f 588 574 587
f 587 574 575
f 589 590 587
f 589 587 576
f 576 587 575
f 576 577 591
f 589 576 591
f 577 578 592
f 591 577 592
f 585 573 586
f 561 579 578
f 560 561 578
f 560 578 577
f 565 548 566
f 549 550 567
f 566 549 567
f 550 551 568
f 567 550 568
f 570 568 551
f 570 551 569
f 569 551 552
f 552 553 569
f 553 571 569
f 553 554 571
f 554 572 571
f 554 555 572
f 555 573 572
f 555 556 573
f 556 574 573
f 556 557 574
f 557 575 574
f 557 558 575
f 558 576 575
f 558 559 576
f 559 577 576
f 559 560 577
f 578 579 593
f 564 546 565
f 592 578 593
f 588 587 594
f 606 608 598
f 599 609 600
f 608 609 599
f 600 610 601
f 609 610 600
f 601 486 480
f 601 610 486
f 610 611 486
f 611 612 486
f 486 612 487
f 598 608 599
f 612 613 487
f 615 614 489
f 615 489 613
f 613 489 488
f 490 489 614
f 616 490 614
f 490 616 491
f 617 602 485
f 493 617 485
f 602 617 603
f 603 617 618
f 487 613 488
f 598 597 605
f 606 598 605
f 606 605 607
f 587 590 594
f 471 472 595
f 473 471 595
f 596 473 595
f 474 473 596
f 597 474 596
f 475 474 597
f 598 475 597
f 476 475 598
f 599 476 598
f 477 476 599
f 600 477 599
f 478 477 600
f 601 478 600
f 478 601 480
f 484 485 602
f 472 484 602
f 472 602 595
f 595 602 603
f 595 603 596
f 596 603 604
f 596 604 597
f 597 604 605
f 579 581 593
f 1754 1756 1763
f 1591 1601 1600
f 1756 1757 1764
f 2889 2610 2892
f 2892 2610 2893
f 2895 2611 2894
f 2895 2893 2611
f 2893 2610 2611
f 2894 2896 2897
f 2894 2611 2896
f 2611 2612 2896
f 2896 2612 2609
f 2891 2896 2609
f 2889 2607 2610
f 2895 2894 2898
f 2626 2627 2899
f 2628 2626 2899
f 2900 2628 2899
f 2629 2628 2900
f 2901 2629 2900
f 2630 2629 2901
f 2902 2630 2901
f 2631 2630 2902
f 2903 2631 2902
f 2632 2631 2903
f 2894 2897 2898
f 2904 2632 2903
f 2890 2889 2892
f 2888 2891 2605
f 2879 2594 2880
f 2880 2594 2872
f 2877 2876 2881
f 2876 2878 2882
f 2881 2876 2882
f 2878 2598 2601
f 2878 2601 2882
f 2882 2601 2883
f 2883 2601 2884
f 2601 2602 2884
f 2891 2609 2605
f 2886 2603 2885
f 2884 2602 2603
f 2603 2604 2885
f 2887 2600 2879
f 2887 2888 2600
f 2888 2605 2600
f 2879 2880 2887
f 2890 2886 2885
f 2889 2890 2885
f 2885 2607 2889
f 2604 2607 2885
f 2886 2884 2603
f 2633 2632 2904
f 2905 2633 2904
f 2633 2905 2635
f 2919 2648 2918
f 2649 2648 2919
f 2920 2649 2919
f 2650 2649 2920
f 2921 2650 2920
f 2651 2650 2921
f 2922 2651 2921
f 2652 2651 2922
f 2923 2652 2922
f 2652 2923 2654
f 2648 2647 2918
f 2656 2657 2924
f 2925 2658 2924
f 2925 2927 2926
f 2658 2925 2926
f 2658 2926 2906
f 2658 2906 2643
f 2906 2928 2907
f 2926 2928 2906
f 2907 2929 2908
f 2928 2929 2907
f 2908 2930 2909
f 2658 2656 2924
f 2918 2905 2917
f 2647 2905 2918
f 2647 2635 2905
f 2642 2643 2906
f 2644 2642 2906
f 2907 2644 2906
f 2645 2644 2907
f 2908 2645 2907
f 2646 2645 2908
f 2909 2646 2908
f 2627 2646 2909
f 2627 2909 2899
f 2899 2909 2910
f 2911 2910 2912
f 2911 2900 2910
f 2900 2899 2910
f 2900 2913 2901
f 2911 2913 2900
f 2901 2914 2902
f 2913 2914 2901
f 2915 2902 2914
f 2915 2903 2902
f 2903 2915 2904
f 2904 2915 2916
f 2904 2916 2905
f 2905 2916 2917
f 2879 2599 2594
f 2929 2930 2908
f 2599 2879 2600
f 2878 2876 2596
f 2566 2834 2836
f 2566 2836 2567
f 2567 2836 2841
f 2839 2838 2842
f 2844 2842 2838
f 2844 2838 2843
f 2843 2838 2840
f 2840 2569 2843
f 2564 2569 2840
f 2845 2841 2846
f 2834 2566 2561
f 2845 2570 2841
f 2846 2847 2845
f 2844 2843 2848
f 2850 2571 2849
f 2848 2571 2850
f 2848 2569 2571
f 2848 2843 2569
f 2571 2573 2849
f 2845 2574 2570
f 2574 2851 2575
f 2845 2851 2574
f 2570 2567 2841
f 2845 2852 2851
f 2563 2564 2840
f 2563 2838 2562
f 2827 2553 2552
f 2827 2828 2553
f 2553 2828 2555
f 2555 2828 2829
f 2556 2555 2829
f 2825 2824 2830
f 2832 2830 2824
f 2832 2824 2831
f 2831 2824 2826
f 2826 2558 2831
f 2840 2838 2563
f 2551 2558 2826
f 2833 2560 2829
f 2834 2561 2560
f 2834 2560 2835
f 2835 2560 2833
f 2835 2836 2834
f 2832 2831 2837
f 2839 2562 2838
f 2837 2562 2839
f 2837 2558 2562
f 2837 2831 2558
f 2829 2560 2556
f 2845 2847 2852
f 2852 2853 2851
f 2850 2849 2854
f 2867 2587 2869
f 2867 2585 2587
f 2867 2863 2585
f 2588 2868 2587
f 2870 2868 2588
f 2589 2870 2588
f 2871 2870 2589
f 2589 2591 2871
f 2864 2593 2586
f 2593 2864 2865
f 2869 2587 2868
f 2593 2865 2594
f 2869 2868 2873
f 2868 2870 2874
f 2873 2868 2874
f 2870 2871 2875
f 2874 2870 2875
f 2877 2595 2876
f 2875 2595 2877
f 2875 2591 2595
f 2875 2871 2591
f 2596 2876 2595
f 2594 2865 2872
f 2866 2861 2867
f 2861 2863 2867
f 2862 2861 2866
f 2856 2576 2855
f 2854 2576 2856
f 2854 2573 2576
f 2854 2849 2573
f 2576 2578 2855
f 2851 2580 2575
f 2580 2857 2581
f 2851 2857 2580
f 2851 2858 2857
f 2851 2853 2858
f 2858 2859 2857
f 2856 2855 2860
f 2862 2582 2861
f 2860 2582 2862
f 2860 2578 2582
f 2860 2855 2578
f 2583 2861 2582
f 2863 2861 2583
f 2583 2585 2863
f 2864 2581 2857
f 2586 2581 2864
f 2859 2865 2864
f 2857 2859 2864
f 2596 2598 2878
f 2909 2931 2910
f 2930 2931 2909
f 2910 2931 2912
f 2705 2996 2994
f 2705 2706 2996
f 2706 2999 2996
f 3000 2998 3001
f 3000 2707 2998
f 2707 2703 2998
f 3001 3002 3000
f 2999 2706 2708
f 3003 2999 2708
f 2708 3004 3003
f 2705 2994 2704
f 2710 3004 2708
f 2711 3000 3002
f 2711 3002 2712
f 2712 3002 3005
f 3004 2710 2713
f 3006 3004 2713
f 2713 3007 3006
f 2715 3007 2713
f 3005 2717 2712
f 3008 2717 3005
f 2717 3008 3009
f 3000 2711 2707
f 2718 2717 3009
f 2994 2992 2704
f 2703 2702 2998
f 2985 2981 2693
f 2693 2986 2985
f 2694 2986 2693
f 2984 2695 2692
f 2987 2695 2984
f 2987 2988 2695
f 2695 2988 2696
f 2989 2697 2696
f 2989 2696 2990
f 2990 2696 2988
f 2992 2699 2704
f 2990 2991 2989
f 2992 2986 2699
f 2699 2986 2694
f 2993 2994 2995
f 2992 2994 2993
f 2995 2994 2996
f 2989 2701 2697
f 2991 2701 2989
f 2991 2997 2701
f 2997 2702 2701
f 2702 2997 2998
f 2992 2993 2986
f 3007 2715 2719
f 3010 3007 2719
f 2719 3011 3010
f 3017 3025 3024
f 3026 3027 3025
f 3022 3021 3028
f 3021 3023 3029
f 3028 3021 3029
f 3031 2736 3030
f 3029 2736 3031
f 3029 2734 2736
f 3029 3023 2734
f 2736 2738 3030
f 3019 3025 3017
f 3024 2741 2735
f 2741 3024 3032
f 3024 3025 3032
f 3027 3033 3032
f 3025 3027 3032
f 3031 3030 3034
f 3036 2743 3035
f 3034 2743 3036
f 3034 2738 2743
f 3034 3030 2738
f 2744 3035 2743
f 2741 3032 2742
f 3019 3026 3025
f 2735 2731 3024
f 3024 2731 3017
f 2721 3011 2719
f 3009 3012 2718
f 3012 2724 2718
f 3011 2721 2725
f 3013 3011 2725
f 3015 2726 3014
f 3015 3013 2726
f 3013 2725 2726
f 2727 3014 2726
f 3016 3014 2727
f 2727 2729 3016
f 3017 3012 3018
f 3017 2731 3012
f 2731 2724 3012
f 3018 3019 3017
f 3015 3014 3020
f 3022 3020 3014
f 3022 3014 3021
f 3021 3014 3016
f 2732 3016 2729
f 2732 3023 3016
f 3023 3021 3016
f 2732 2734 3023
f 2981 2690 2693
f 2692 2691 2984
f 2691 2983 2984
f 2982 2983 2691
f 2946 2945 2947
f 2946 2925 2945
f 2925 2924 2945
f 2925 2946 2927
f 2940 2948 2939
f 2939 2949 2941
f 2948 2949 2939
f 2941 2950 2942
f 2949 2950 2941
f 2942 2951 2943
f 2665 2945 2657
f 2950 2951 2942
f 2951 2952 2943
f 2954 2953 2666
f 2952 2954 2666
f 2952 2666 2663
f 2952 2663 2944
f 2667 2666 2953
f 2955 2667 2953
f 2667 2955 2669
f 2956 2945 2665
f 2956 2665 2957
f 2943 2952 2944
f 2945 2924 2657
f 2661 2944 2663
f 2944 2661 2943
f 2915 2933 2916
f 2932 2933 2915
f 2916 2934 2917
f 2933 2934 2916
f 2917 2935 2918
f 2934 2935 2917
f 2918 2936 2919
f 2935 2936 2918
f 2919 2937 2920
f 2936 2937 2919
f 2920 2938 2921
f 2937 2938 2920
f 2940 2921 2938
f 2940 2939 2921
f 2939 2922 2921
f 2922 2939 2923
f 2923 2939 2941
f 2659 2654 2923
f 2659 2923 2942
f 2942 2923 2941
f 2660 2659 2942
f 2943 2660 2942
f 2661 2660 2943
f 2957 2665 2671
f 2823 2827 2552
f 2945 2956 2947
f 2953 2959 2955
f 2968 2682 2680
f 2968 2973 2682
f 2973 2974 2682
f 2682 2974 2975
f 2683 2682 2975
f 2976 2969 2681
f 2684 2976 2681
f 2971 2976 2977
f 2969 2976 2971
f 2975 2685 2683
f 2972 2973 2966
f 2978 2685 2975
f 2980 2687 2978
f 2978 2687 2685
f 2687 2979 2688
f 2976 2684 2689
f 2689 2977 2976
f 2689 2690 2977
f 2690 2981 2977
f 2980 2982 2979
f 2979 2691 2688
f 2979 2982 2691
f 2980 2979 2687
f 2966 2973 2968
f 2967 2972 2966
f 2970 2969 2971
f 2958 2959 2953
f 2955 2672 2669
f 2955 2959 2672
f 2959 2960 2672
f 2962 2961 2673
f 2962 2673 2960
f 2960 2673 2672
f 2674 2673 2961
f 2963 2674 2961
f 2674 2963 2676
f 2957 2671 2964
f 2964 2671 2678
f 2962 2965 2961
f 2967 2961 2965
f 2967 2966 2961
f 2966 2963 2961
f 2679 2676 2963
f 2679 2963 2968
f 2968 2963 2966
f 2679 2968 2680
f 2969 2970 2964
f 2969 2964 2681
f 2681 2964 2678
f 2954 2958 2953
f 3037 3035 2744
f 2823 2552 2821
f 2550 2551 2826
f 2682 2431 2680
f 2431 2682 2683
f 2432 2431 2683
f 2681 2430 2684
f 2684 2430 2433
f 2683 2434 2432
f 2685 2434 2683
f 2686 2435 2434
f 2686 2434 2687
f 2687 2434 2685
f 2680 2431 2427
f 2687 2688 2686
f 2689 2684 2436
f 2436 2690 2689
f 2437 2690 2436
f 2686 2438 2435
f 2688 2438 2686
f 2688 2691 2438
f 2691 2440 2438
f 2440 2691 2692
f 2441 2440 2692
f 2690 2437 2442
f 2684 2433 2436
f 2693 2690 2442
f 2430 2681 2678
f 2429 2678 2677
f 2421 2670 2417
f 2665 2670 2671
f 2664 2670 2665
f 2669 2672 2668
f 2668 2422 2420
f 2668 2672 2422
f 2672 2673 2422
f 2673 2674 2422
f 2422 2674 2423
f 2676 2675 2424
f 2429 2430 2678
f 2676 2424 2674
f 2424 2675 2425
f 2677 2670 2421
f 2426 2677 2421
f 2671 2677 2678
f 2670 2677 2671
f 2676 2679 2675
f 2675 2679 2680
f 2675 2680 2425
f 2425 2680 2427
f 2677 2426 2429
f 2674 2424 2423
f 2442 2694 2693
f 2443 2694 2442
f 2692 2444 2441
f 2710 2459 2709
f 2710 2708 2459
f 2708 2458 2459
f 2459 2460 2709
f 2707 2461 2457
f 2711 2461 2707
f 2461 2711 2712
f 2462 2461 2712
f 2710 2709 2713
f 2715 2463 2714
f 2708 2706 2458
f 2713 2463 2715
f 2713 2709 2460
f 2463 2465 2714
f 2716 2712 2717
f 2716 2466 2712
f 2466 2462 2712
f 2717 2718 2716
f 2715 2714 2719
f 2721 2467 2720
f 2719 2467 2721
f 2719 2465 2467
f 2713 2460 2463
f 2706 2456 2458
f 2707 2457 2454
f 2703 2707 2454
f 2695 2444 2692
f 2695 2696 2444
f 2444 2696 2446
f 2446 2696 2697
f 2447 2446 2697
f 2448 2698 2699
f 2448 2699 2443
f 2443 2699 2694
f 2449 2698 2448
f 2700 2698 2449
f 2449 2450 2700
f 2697 2451 2447
f 2701 2451 2697
f 2701 2702 2451
f 2451 2702 2453
f 2453 2702 2703
f 2454 2453 2703
f 2699 2698 2704
f 2698 2700 2705
f 2704 2698 2705
f 2700 2706 2705
f 2700 2450 2706
f 2450 2456 2706
f 2670 2664 2417
f 2719 2714 2465
f 2419 2668 2420
f 2669 2419 2667
f 2630 2631 2617
f 2618 2632 2619
f 2631 2632 2618
f 2619 2633 2620
f 2632 2633 2619
f 2635 2634 2396
f 2633 2635 2396
f 2633 2396 2387
f 2633 2387 2620
f 2397 2396 2634
f 2617 2631 2618
f 2636 2397 2634
f 2637 2398 2636
f 2399 2398 2637
f 2638 2399 2637
f 2400 2399 2638
f 2639 2400 2638
f 2400 2639 2402
f 2403 2404 2640
f 2392 2403 2640
f 2392 2640 2621
f 2621 2640 2641
f 2398 2397 2636
f 2642 2641 2643
f 2629 2630 2616
f 2628 2629 2615
f 2618 2383 2617
f 2384 2383 2618
f 2619 2384 2618
f 2385 2384 2619
f 2620 2385 2619
f 2385 2620 2387
f 2391 2392 2621
f 2393 2391 2621
f 2622 2393 2621
f 2394 2393 2622
f 2616 2630 2617
f 2623 2394 2622
f 2624 2395 2623
f 2378 2395 2624
f 2378 2624 2613
f 2613 2624 2625
f 2626 2625 2627
f 2626 2614 2625
f 2614 2613 2625
f 2614 2628 2615
f 2626 2628 2614
f 2615 2629 2616
f 2395 2394 2623
f 2642 2622 2641
f 2622 2621 2641
f 2622 2644 2623
f 2640 2658 2641
f 2656 2658 2640
f 2641 2658 2643
f 2654 2659 2653
f 2653 2660 2655
f 2659 2660 2653
f 2655 2412 2409
f 2655 2660 2412
f 2660 2661 2412
f 2663 2662 2413
f 2657 2404 2411
f 2663 2413 2661
f 2413 2662 2415
f 2416 2417 2664
f 2664 2411 2416
f 2664 2665 2411
f 2665 2657 2411
f 2663 2666 2662
f 2662 2418 2415
f 2662 2666 2418
f 2666 2667 2418
f 2669 2668 2419
f 2661 2413 2412
f 2656 2404 2657
f 2656 2640 2404
f 2407 2655 2409
f 2642 2644 2622
f 2623 2645 2624
f 2644 2645 2623
f 2624 2646 2625
f 2645 2646 2624
f 2625 2646 2627
f 2635 2647 2634
f 2634 2648 2636
f 2647 2648 2634
f 2636 2649 2637
f 2648 2649 2636
f 2637 2650 2638
f 2649 2650 2637
f 2638 2651 2639
f 2650 2651 2638
f 2639 2405 2402
f 2639 2651 2405
f 2651 2652 2405
f 2654 2653 2406
f 2654 2406 2652
f 2652 2406 2405
f 2407 2406 2653
f 2655 2407 2653
f 2667 2419 2418
f 2468 2720 2467
f 2722 2720 2468
f 2469 2722 2468
f 2784 2789 2788
f 2782 2784 2788
f 2787 2786 2790
f 2792 2522 2791
f 2790 2522 2792
f 2790 2520 2522
f 2790 2786 2520
f 2522 2524 2791
f 2793 2521 2788
f 2525 2521 2793
f 2521 2518 2788
f 2789 2794 2793
f 2792 2791 2795
f 2797 2526 2796
f 2795 2526 2797
f 2795 2524 2526
f 2795 2791 2524
f 2527 2796 2526
f 2798 2796 2527
f 2528 2798 2527
f 2799 2798 2528
f 2528 2530 2799
f 2788 2789 2793
f 2793 2532 2525
f 2788 2518 2782
f 2781 2520 2786
f 2770 2771 2774
f 2771 2776 2774
f 2771 2513 2776
f 2509 2513 2771
f 2772 2777 2511
f 2777 2515 2511
f 2775 2774 2778
f 2780 2778 2774
f 2780 2774 2779
f 2779 2774 2776
f 2517 2520 2781
f 2516 2776 2513
f 2781 2779 2776
f 2516 2517 2781
f 2782 2777 2783
f 2782 2518 2777
f 2518 2515 2777
f 2783 2784 2782
f 2780 2779 2785
f 2787 2785 2779
f 2787 2779 2786
f 2786 2779 2781
f 2516 2781 2776
f 2532 2793 2794
f 2532 2794 2533
f 2533 2794 2800
f 2542 2808 2814
f 2816 2813 2812
f 2815 2816 2812
f 2812 2544 2815
f 2539 2544 2812
f 2814 2817 2542
f 2817 2545 2542
f 2816 2815 2818
f 2820 2546 2819
f 2818 2546 2820
f 2541 2808 2542
f 2818 2544 2546
f 2546 2548 2819
f 2821 2817 2822
f 2821 2549 2817
f 2549 2545 2817
f 2822 2823 2821
f 2825 2820 2819
f 2824 2825 2819
f 2550 2819 2548
f 2550 2826 2819
f 2826 2824 2819
f 2818 2815 2544
f 2541 2806 2808
f 2806 2541 2537
f 2538 2539 2812
f 2797 2796 2801
f 2803 2801 2796
f 2803 2796 2802
f 2802 2796 2798
f 2798 2799 2802
f 2799 2804 2802
f 2534 2799 2530
f 2534 2805 2799
f 2805 2804 2799
f 2534 2536 2805
f 2806 2800 2807
f 2806 2537 2800
f 2537 2533 2800
f 2807 2808 2806
f 2803 2802 2809
f 2802 2804 2810
f 2809 2802 2810
f 2804 2805 2811
f 2810 2804 2811
f 2813 2538 2812
f 2811 2538 2813
f 2811 2536 2538
f 2811 2805 2536
f 2774 2768 2770
f 2775 2768 2774
f 2775 2773 2768
f 2769 2768 2773
f 2735 2481 2478
f 2734 2733 2736
f 2738 2482 2737
f 2736 2482 2738
f 2736 2480 2482
f 2736 2733 2480
f 2483 2737 2482
f 2739 2737 2483
f 2483 2485 2739
f 2740 2735 2741
f 2731 2735 2478
f 2740 2487 2735
f 2741 2742 2740
f 2738 2737 2743
f 2737 2739 2744
f 2743 2737 2744
f 2746 2488 2745
f 2744 2488 2746
f 2744 2485 2488
f 2744 2739 2485
f 2489 2745 2488
f 2747 2745 2489
f 2487 2481 2735
f 2477 2480 2730
f 2730 2480 2733
f 2733 2728 2730
f 2723 2722 2469
f 2469 2471 2723
f 2716 2473 2466
f 2473 2716 2718
f 2473 2718 2474
f 2474 2718 2724
f 2721 2720 2725
f 2720 2722 2726
f 2725 2720 2726
f 2722 2723 2727
f 2726 2722 2727
f 2729 2475 2728
f 2727 2475 2729
f 2727 2471 2475
f 2727 2723 2471
f 2476 2728 2475
f 2730 2728 2476
f 2476 2477 2730
f 2724 2731 2474
f 2731 2478 2474
f 2729 2728 2732
f 2734 2732 2728
f 2734 2728 2733
f 2490 2747 2489
f 2821 2552 2549
f 2748 2747 2490
f 2749 2748 2491
f 2763 2757 2762
f 2762 2757 2759
f 2501 2759 2496
f 2501 2764 2759
f 2764 2762 2759
f 2501 2503 2764
f 2760 2765 2500
f 2765 2505 2500
f 2763 2762 2766
f 2762 2764 2767
f 2763 2761 2757
f 2766 2762 2767
f 2767 2506 2769
f 2767 2503 2506
f 2767 2764 2503
f 2507 2768 2506
f 2770 2768 2507
f 2508 2770 2507
f 2771 2770 2508
f 2508 2509 2771
f 2765 2772 2505
f 2772 2511 2505
f 1762 1754 1763
f 2758 2757 2761
f 2500 2753 2760
f 2499 2753 2500
f 2491 2492 2749
f 2750 2487 2740
f 2493 2487 2750
f 2742 2752 2751
f 2742 2751 2740
f 2740 2751 2750
f 2752 2753 2751
f 2746 2745 2754
f 2745 2747 2755
f 2754 2745 2755
f 2747 2748 2756
f 2755 2747 2756
f 2758 2756 2748
f 2758 2748 2757
f 2757 2748 2749
f 2494 2749 2492
f 2494 2759 2749
f 2759 2757 2749
f 2494 2496 2759
f 2750 2497 2493
f 2751 2497 2750
f 2499 2497 2751
f 2499 2751 2753
f 2491 2748 2490
f 2744 2746 3037
f 3032 2752 2742
f 2752 3032 3033
f 3026 3308 3310
f 3026 3310 3027
f 3027 3310 3313
f 3312 3311 3314
f 3311 3022 3028
f 3311 3028 3314
f 3314 3028 3315
f 3317 3029 3316
f 3317 3315 3029
f 3315 3028 3029
f 3308 3026 3019
f 3029 3031 3316
f 3318 3033 3027
f 3317 3316 3319
f 3316 3031 3034
f 3316 3034 3319
f 3319 3034 3320
f 3034 3321 3320
f 3036 3321 3034
f 3322 3318 3323
f 3322 3038 3318
f 3038 3033 3318
f 3313 3318 3027
f 3323 3324 3322
f 3020 3022 3311
f 3020 3312 3015
f 3008 3295 3297
f 3008 3297 3009
f 3009 3297 3300
f 3299 3007 3010
f 3301 3299 3010
f 3010 3302 3301
f 3011 3302 3010
f 3303 3300 3304
f 3303 3012 3300
f 3012 3009 3300
f 3015 3312 3307
f 3304 3305 3303
f 3306 3302 3013
f 3013 3307 3306
f 3015 3307 3013
f 3303 3018 3012
f 3018 3308 3019
f 3303 3308 3018
f 3303 3309 3308
f 3303 3305 3309
f 3309 3310 3308
f 3020 3311 3312
f 3302 3011 3013
f 3321 3036 3039
f 3325 3321 3039
f 3327 3040 3326
f 3337 3334 3050
f 3054 3056 3338
f 3335 3340 3053
f 3340 3059 3053
f 3342 3339 3338
f 3341 3342 3338
f 3060 3338 3056
f 3060 3343 3338
f 3343 3341 3338
f 3060 3062 3343
f 3337 3050 3054
f 3340 3344 3059
f 3342 3341 3345
f 3347 3345 3341
f 3347 3341 3346
f 3346 3341 3343
f 3066 3343 3062
f 3066 3348 3343
f 3348 3346 3343
f 3066 3068 3348
f 3349 3344 3350
f 3349 3070 3344
f 3344 3065 3059
f 3337 3054 3339
f 3339 3054 3338
f 3336 3332 3337
f 3327 3325 3040
f 3325 3039 3040
f 3040 3042 3326
f 3328 3038 3322
f 3045 3038 3328
f 3324 3329 3328
f 3322 3324 3328
f 3327 3326 3330
f 3326 3042 3046
f 3326 3046 3330
f 3330 3046 3331
f 3333 3047 3332
f 3333 3331 3047
f 3331 3046 3047
f 3048 3332 3047
f 3334 3332 3048
f 3048 3050 3334
f 3328 3052 3045
f 3052 3328 3329
f 3052 3329 3053
f 3053 3329 3335
f 3333 3332 3336
f 3332 3334 3337
f 3295 3008 3005
f 3070 3065 3344
f 3007 3299 3006
f 3298 3294 3006
f 3259 3261 2972
f 3259 2972 2967
f 3259 2967 3255
f 2973 2972 3260
f 3262 2973 3260
f 2974 2973 3262
f 3263 2974 3262
f 2974 3263 2975
f 3264 3265 3256
f 3264 3256 2977
f 3261 3260 2972
f 2977 3256 2971
f 3261 3267 3260
f 3260 3268 3262
f 3267 3268 3260
f 3262 3269 3263
f 3268 3269 3262
f 3271 3270 2978
f 3269 3271 2978
f 3269 2978 2975
f 3269 2975 3263
f 2978 3270 2980
f 3265 3264 3266
f 3272 3264 2977
f 3258 3259 3254
f 3257 3258 3252
f 3248 3232 2957
f 2964 3248 2957
f 3249 3248 3250
f 3249 3233 3248
f 3233 3232 3248
f 3233 3249 3235
f 3245 3251 3244
f 3253 3244 3251
f 3253 3252 3244
f 3252 3246 3244
f 3254 3259 3255
f 3246 3252 3247
f 2965 2962 3247
f 2965 3247 3255
f 3255 3247 3254
f 2965 3255 2967
f 3248 2964 2970
f 2970 3250 3248
f 2970 2971 3250
f 2971 3256 3250
f 3253 3257 3252
f 3252 3258 3254
f 3247 3252 3254
f 2981 3272 2977
f 3266 3272 3273
f 3264 3272 3266
f 2996 3286 2995
f 3284 3287 3283
f 3283 2997 2991
f 3283 3287 2997
f 3287 3288 2997
f 2997 3288 3289
f 2998 2997 3289
f 3286 2996 3290
f 3290 2996 2999
f 3289 3001 2998
f 2995 3286 3285
f 3291 3001 3289
f 3002 3001 3292
f 3290 2999 3003
f 3293 3290 3003
f 3003 3294 3293
f 3004 3294 3003
f 3295 3292 3296
f 3295 3005 3292
f 3005 3002 3292
f 3296 3297 3295
f 3294 3004 3006
f 3001 3291 3292
f 3285 2993 2995
f 3280 2993 3285
f 3280 3278 2993
f 3271 3274 3270
f 3270 2982 2980
f 3270 3274 2982
f 3274 3275 2982
f 3275 3276 2982
f 2982 3276 2983
f 2983 3276 3277
f 2984 2983 3277
f 3272 2981 2985
f 2985 2986 3278
f 3272 2985 3278
f 3272 3278 3279
f 3272 3279 3273
f 3279 3278 3280
f 3277 2987 2984
f 3281 2987 3277
f 3281 3282 2987
f 2987 3282 2988
f 3284 3283 2990
f 3284 2990 3282
f 3282 2990 2988
f 2990 3283 2991
f 3278 2986 2993
f 3006 3299 3298
f 3350 3351 3349
f 3347 3346 3352
f 3354 3352 3346
f 3415 3419 3418
f 3413 3415 3418
f 3417 3416 3420
f 3422 3137 3421
f 3420 3137 3422
f 3420 3134 3137
f 3420 3416 3134
f 3137 3139 3421
f 3418 3141 3136
f 3141 3423 3142
f 3136 3132 3418
f 3418 3423 3141
f 3418 3419 3424
f 3424 3425 3423
f 3422 3421 3426
f 3428 3143 3427
f 3426 3143 3428
f 3426 3139 3143
f 3426 3421 3139
f 3144 3427 3143
f 3429 3427 3144
f 3144 3146 3429
f 3418 3424 3423
f 3423 3147 3142
f 3418 3132 3413
f 3411 3134 3416
f 3404 3399 3118
f 3122 3124 3405
f 3401 3125 3121
f 3125 3407 3126
f 3401 3407 3125
f 3401 3408 3407
f 3401 3403 3408
f 3408 3409 3407
f 3406 3405 3410
f 3412 3127 3411
f 3129 3134 3411
f 3410 3127 3412
f 3410 3405 3124
f 3127 3129 3411
f 3407 3131 3126
f 3131 3413 3132
f 3407 3413 3131
f 3407 3414 3413
f 3407 3409 3414
f 3414 3415 3413
f 3417 3412 3411
f 3416 3417 3411
f 3410 3124 3127
f 3147 3430 3148
f 3423 3430 3147
f 3423 3425 3430
f 3439 3161 3443
f 3443 3161 3444
f 3446 3162 3445
f 3446 3444 3162
f 3444 3161 3162
f 3162 3164 3445
f 3442 3447 3160
f 3447 3166 3160
f 3446 3445 3448
f 3445 3164 3167
f 3439 3158 3161
f 3445 3167 3448
f 3451 3168 3450
f 3451 3449 3168
f 3449 3167 3168
f 3169 3450 3168
f 3452 3450 3169
f 3169 3171 3452
f 3455 3453 3454
f 3454 3453 3175
f 3454 3175 3447
f 3447 3175 3166
f 3448 3167 3449
f 3440 3439 3443
f 3436 3441 3154
f 3441 3159 3154
f 3425 3431 3430
f 3428 3427 3432
f 3427 3429 3433
f 3432 3427 3433
f 3435 3149 3434
f 3433 3149 3435
f 3433 3146 3149
f 3433 3429 3146
f 3149 3151 3434
f 3430 3153 3148
f 3153 3430 3431
f 3153 3431 3154
f 3154 3431 3436
f 3435 3434 3437
f 3434 3151 3155
f 3434 3155 3437
f 3437 3155 3438
f 3440 3156 3439
f 3440 3438 3156
f 3438 3155 3156
f 3156 3158 3439
f 3160 3441 3442
f 3159 3441 3160
f 3404 3118 3122
f 3404 3122 3406
f 3406 3122 3405
f 3400 3399 3404
f 3365 3360 3362
f 3362 3084 3365
f 3079 3084 3362
f 3367 3363 3368
f 3367 3087 3363
f 3087 3082 3363
f 3368 3369 3367
f 3366 3365 3370
f 3372 3088 3371
f 3370 3088 3372
f 3366 3360 3365
f 3370 3084 3088
f 3089 3371 3088
f 3373 3371 3089
f 3089 3091 3373
f 3374 3087 3367
f 3092 3087 3374
f 3369 3375 3374
f 3367 3369 3374
f 3372 3371 3376
f 3371 3373 3377
f 3376 3371 3377
f 3370 3365 3084
f 3366 3364 3360
f 3361 3360 3364
f 3082 3357 3363
f 3354 3346 3353
f 3353 3346 3348
f 3071 3348 3068
f 3071 3355 3348
f 3355 3353 3348
f 3071 3073 3355
f 3356 3070 3349
f 3075 3070 3356
f 3351 3357 3356
f 3349 3351 3356
f 3354 3353 3358
f 3353 3355 3359
f 3358 3353 3359
f 3361 3076 3360
f 3359 3076 3361
f 3359 3073 3076
f 3359 3355 3073
f 3077 3360 3076
f 3362 3360 3077
f 3077 3079 3362
f 3356 3081 3075
f 3081 3356 3357
f 3081 3357 3082
f 3379 3093 3378
f 2960 3247 2962
f 3377 3093 3379
f 3377 3373 3091
f 3386 3112 3106
f 3387 3112 3386
f 3114 3112 3387
f 3114 3394 3115
f 3387 3394 3114
f 3387 3395 3394
f 3387 3389 3395
f 3395 3396 3394
f 3392 3391 3397
f 3391 3393 3398
f 3107 3109 3393
f 3397 3391 3398
f 3398 3116 3400
f 3398 3109 3116
f 3398 3393 3109
f 3116 3118 3399
f 3394 3120 3115
f 3120 3401 3121
f 3394 3401 3120
f 3394 3402 3401
f 3394 3396 3402
f 3402 3403 3401
f 3400 3116 3399
f 3393 3391 3385
f 3107 3393 3385
f 3107 3385 3103
f 3093 3095 3378
f 3374 3099 3092
f 3099 3380 3100
f 3374 3380 3099
f 3374 3381 3380
f 3374 3375 3381
f 3381 3382 3380
f 3384 3379 3378
f 3383 3384 3378
f 3101 3378 3095
f 3101 3385 3378
f 3385 3383 3378
f 3101 3103 3385
f 3386 3100 3380
f 3106 3100 3386
f 3382 3388 3387
f 3382 3387 3380
f 3380 3387 3386
f 3388 3389 3387
f 3384 3383 3390
f 3392 3390 3383
f 3392 3383 3391
f 3391 3383 3385
f 3377 3091 3093
f 3247 2960 3246
f 2960 2959 3246
f 3246 2959 3244
f 3105 2814 3098
f 2817 2814 3105
f 3100 3106 3105
f 3098 3100 3105
f 3103 3102 3107
f 3109 3107 3102
f 3109 3102 3108
f 3108 3102 3104
f 2818 3104 2816
f 2818 3110 3104
f 2813 2816 3097
f 3110 3108 3104
f 3105 2822 2817
f 2822 3111 2823
f 3105 3111 2822
f 3105 3112 3111
f 3105 3106 3112
f 3112 3114 3113
f 3111 3112 3113
f 3114 3115 3113
f 3109 3108 3116
f 3118 3116 3108
f 2818 2820 3110
f 3118 3108 3117
f 3097 2816 3104
f 3096 3097 3102
f 3086 2807 2800
f 2807 3086 3087
f 2807 3087 2808
f 2808 3087 3092
f 3091 3090 3093
f 3095 2809 3094
f 3093 2809 3095
f 3093 2803 2809
f 3093 3090 2803
f 2810 3094 2809
f 3097 3104 3102
f 3096 3094 2810
f 3097 3096 2811
f 2811 2813 3097
f 3098 3092 3099
f 3098 2814 3092
f 2814 2808 3092
f 3099 3100 3098
f 3095 3094 3101
f 3103 3101 3094
f 3103 3094 3102
f 3102 3094 3096
f 2811 3096 2810
f 3117 3108 3110
f 3110 2825 3117
f 2820 2825 3110
f 3130 2841 3126
f 2841 2836 3126
f 3131 3132 3130
f 3134 3129 3128
f 3133 3134 3128
f 2842 3128 2839
f 2842 3135 3128
f 3135 3133 3128
f 2842 2844 3135
f 3130 2846 2841
f 3130 3126 3131
f 2846 3130 3132
f 2847 3132 3136
f 3134 3133 3137
f 3139 3137 3133
f 3139 3133 3138
f 3138 3133 3135
f 2848 3135 2844
f 2848 3140 3135
f 3140 3138 3135
f 2848 2850 3140
f 3136 2852 2847
f 2846 3132 2847
f 2837 2839 3128
f 3127 3123 2832
f 3127 2832 2837
f 3111 2827 2823
f 3113 2827 3111
f 2828 2827 3113
f 2828 3119 2829
f 3113 3119 2828
f 3113 3120 3119
f 3113 3115 3120
f 3120 3121 3119
f 3118 3117 3122
f 3124 2830 3123
f 3122 2830 3124
f 3122 2825 2830
f 3122 3117 2825
f 2830 2832 3123
f 3119 2833 2829
f 3121 2833 3119
f 3121 3125 2833
f 3125 2835 2833
f 2835 3125 3126
f 2836 2835 3126
f 3124 3123 3127
f 3129 2837 3128
f 3127 2837 3129
f 2801 2803 3090
f 3089 3085 2797
f 3089 2797 2801
f 3089 2801 3091
f 3051 2765 3045
f 2765 2760 3045
f 3052 3053 3051
f 3050 3049 3054
f 3056 2766 3055
f 3054 2766 3056
f 3054 2763 2766
f 3054 3049 2763
f 2767 3055 2766
f 3057 3055 2767
f 3051 3045 3052
f 2767 2769 3057
f 2772 2765 3058
f 3053 3059 3058
f 3051 3053 3058
f 3056 3055 3060
f 3062 3060 3055
f 3062 3055 3061
f 3061 3055 3057
f 2773 3057 2769
f 2773 3063 3057
f 3063 3061 3057
f 3058 2765 3051
f 2761 2763 3049
f 3048 3044 2758
f 3048 2758 2761
f 2752 3033 2753
f 2753 3033 3038
f 3036 3035 3039
f 3035 3037 3040
f 3039 3035 3040
f 3042 2754 3041
f 3040 2754 3042
f 3040 2746 2754
f 3040 3037 2746
f 2755 3041 2754
f 3043 3041 2755
f 2756 3043 2755
f 3044 3043 2756
f 2756 2758 3044
f 3038 3045 2753
f 3045 2760 2753
f 3042 3041 3046
f 3041 3043 3047
f 3046 3041 3047
f 3043 3044 3048
f 3047 3043 3048
f 3050 2761 3049
f 3048 2761 3050
f 2773 2775 3063
f 3141 2852 3136
f 3064 2772 3058
f 3059 3065 3064
f 3077 2790 3079
f 3077 2787 2790
f 3077 3074 2787
f 2790 2792 3078
f 3080 3075 3081
f 3080 2794 3075
f 2794 2789 3075
f 3081 3082 3080
f 3084 3079 3078
f 3083 3084 3078
f 3079 2790 3078
f 2795 3078 2792
f 3085 3083 3078
f 2795 2797 3085
f 3086 2794 3080
f 2800 2794 3086
f 3082 3087 3086
f 3080 3082 3086
f 3084 3083 3088
f 3083 3085 3089
f 3088 3083 3089
f 3091 2801 3090
f 2795 3085 3078
f 3076 3072 3077
f 3072 3074 3077
f 3073 3072 3076
f 3058 3059 3064
f 3062 3061 3066
f 3068 3066 3061
f 3068 3061 3067
f 3067 3061 3063
f 2778 3063 2775
f 2778 3069 3063
f 3069 3067 3063
f 2778 2780 3069
f 3064 2783 2777
f 2783 3064 3065
f 2783 3065 2784
f 2784 3065 3070
f 3068 3067 3071
f 3073 3071 3067
f 3073 3067 3072
f 3072 3067 3069
f 2785 3069 2780
f 2785 3074 3069
f 3074 3072 3069
f 2785 2787 3074
f 3070 3075 2784
f 3075 2789 2784
f 2777 2772 3064
f 2383 2382 2617
f 2852 3141 3142
f 3139 3138 3143
f 2938 3208 2940
f 2946 2947 3209
f 2927 2946 3209
f 2927 3209 3194
f 3194 3209 3210
f 3194 3210 3195
f 3195 3210 3211
f 3212 3211 3213
f 3212 3196 3211
f 3196 3195 3211
f 3208 2938 3207
f 3196 3214 3197
f 3197 3215 3198
f 3214 3215 3197
f 3198 3216 3199
f 3215 3216 3198
f 3199 3217 3200
f 3216 3217 3199
f 3200 3218 3201
f 3217 3218 3200
f 3201 3219 3202
f 3218 3219 3201
f 3212 3214 3196
f 3202 3220 3203
f 2938 2937 3207
f 2937 2936 3206
f 2930 2929 3196
f 3197 2930 3196
f 2931 2930 3197
f 3198 2931 3197
f 2912 2931 3198
f 2912 3198 3191
f 3191 3198 3199
f 3191 3199 3192
f 3192 3199 3200
f 3192 3200 3193
f 3207 2937 3206
f 3193 3200 3201
f 2932 3193 3202
f 3202 3193 3201
f 2933 2932 3202
f 3203 2933 3202
f 2934 2933 3203
f 3204 2934 3203
f 2935 2934 3204
f 3205 2935 3204
f 2936 2935 3205
f 3206 2936 3205
f 2932 2915 3193
f 3219 3220 3202
f 3203 3221 3204
f 3220 3221 3203
f 3210 3209 3233
f 3210 3236 3211
f 3234 3236 3210
f 3211 3236 3213
f 3225 3237 3224
f 3224 3238 3226
f 3237 3238 3224
f 3226 3239 3227
f 3238 3239 3226
f 3227 3240 3228
f 3234 3210 3233
f 3239 3240 3227
f 3240 3241 3228
f 3229 3242 3230
f 3241 3242 3229
f 3230 3243 3231
f 3242 3243 3230
f 3245 3244 2958
f 3243 3245 2958
f 3243 2958 2954
f 3243 2954 3231
f 2959 2958 3244
f 3228 3241 3229
f 3234 3233 3235
f 3209 3232 3233
f 2947 3232 3209
f 3204 3222 3205
f 3221 3222 3204
f 3205 3223 3206
f 3222 3223 3205
f 3225 3206 3223
f 3225 3224 3206
f 3224 3207 3206
f 3207 3224 3208
f 3208 3224 3226
f 2948 2940 3208
f 2948 3208 3227
f 3227 3208 3226
f 2949 2948 3227
f 3228 2949 3227
f 2950 2949 3228
f 3229 2950 3228
f 2951 2950 3229
f 3230 2951 3229
f 2952 2951 3230
f 3231 2952 3230
f 2952 3231 2954
f 2956 2957 3232
f 2947 2956 3232
f 3196 2929 3195
f 2929 2928 3195
f 3195 2928 3194
f 2928 2926 3194
f 3156 2866 2867
f 2867 2869 3157
f 3159 2865 3152
f 3159 3160 2865
f 3160 2872 2865
f 3152 3154 3159
f 3158 3157 3161
f 3157 2869 2873
f 3157 2873 3161
f 3161 2873 3162
f 3158 3156 2867
f 3164 2874 3163
f 3162 2873 2874
f 2875 3163 2874
f 3165 3163 2875
f 2875 2877 3165
f 3160 3166 2872
f 3166 2880 2872
f 3164 3163 3167
f 3163 3165 3168
f 3167 3163 3168
f 3165 2877 2881
f 3164 3162 2874
f 3158 2867 3157
f 3155 2866 3156
f 3150 2866 3155
f 3138 3140 3144
f 3143 3138 3144
f 3146 2854 3145
f 3144 2854 3146
f 3144 2850 2854
f 3144 3140 2850
f 2854 2856 3145
f 3142 2858 2853
f 3147 2858 3142
f 2858 3147 3148
f 2859 2858 3148
f 3146 3145 3149
f 3151 2860 3150
f 3149 2860 3151
f 3149 2856 2860
f 3149 3145 2856
f 2860 2862 3150
f 3152 3148 3153
f 3152 2865 3148
f 2865 2859 3148
f 3153 3154 3152
f 3151 3150 3155
f 3150 2862 2866
f 3165 2881 3168
f 2853 2852 3142
f 3168 2881 3169
f 3171 3169 2882
f 3183 2892 3184
f 3186 2893 3185
f 3186 3184 2893
f 3184 2892 2893
f 2893 2895 3185
f 2897 3187 3188
f 2896 3187 2897
f 3187 2896 2891
f 3181 3187 2891
f 3186 3185 3189
f 3179 2892 3183
f 3185 2895 2898
f 3189 2898 3190
f 3190 2898 2897
f 3188 3190 2897
f 2911 2912 3191
f 2913 2911 3191
f 3192 2913 3191
f 2914 2913 3192
f 3193 2914 3192
f 2914 3193 2915
f 2926 2927 3194
f 3185 2898 3189
f 3179 2890 2892
f 3182 3177 3183
f 3177 3179 3183
f 3169 2881 2882
f 2883 3170 2882
f 3172 3170 2883
f 2884 3172 2883
f 3173 3172 2884
f 2884 2886 3173
f 2887 3174 2888
f 3174 2887 2880
f 3174 2880 3175
f 3175 2880 3166
f 3171 3170 3176
f 3178 3176 3170
f 3178 3170 3177
f 3177 3170 3172
f 3172 3173 3177
f 3173 3179 3177
f 3173 2890 3179
f 2886 2890 3173
f 3180 2888 3174
f 3180 3181 2888
f 3181 2891 2888
f 3174 3175 3180
f 3178 3177 3182
f 3171 2882 3170
f 2617 2382 2616
f 2769 2506 2768
f 2616 2381 2615
f 1680 1679 2056
f 2057 1680 2056
f 1680 2057 1682
f 1688 1689 2058
f 1673 1688 2058
f 1673 2058 2050
f 2050 2058 2059
f 2050 2059 2051
f 2051 2059 2060
f 2051 2060 2052
f 2056 1679 2055
f 2052 2060 2061
f 2053 2061 2062
f 2053 2062 2054
f 2054 2062 2063
f 2054 2063 2055
f 2055 2063 2064
f 2055 2064 2056
f 2056 2064 2065
f 2056 2065 2057
f 2057 2065 2066
f 1690 1682 2057
f 2052 2061 2053
f 1690 2057 2067
f 1679 1678 2055
f 1678 1677 2054
f 2032 2034 2041
f 2038 2037 2043
f 2037 2039 2044
f 2043 2037 2044
f 2039 2040 2045
f 2044 2039 2045
f 2047 2045 2040
f 2047 2040 2046
f 2046 2040 2041
f 2042 2048 2046
f 2055 1678 2054
f 2382 2381 2616
f 2046 2048 2049
f 1672 1673 2050
f 1674 1672 2050
f 2051 1674 2050
f 1675 1674 2051
f 2052 1675 2051
f 1676 1675 2052
f 2053 1676 2052
f 1677 1676 2053
f 2054 1677 2053
f 2047 2046 2049
f 2067 2057 2066
f 1690 2067 1692
f 1695 1696 2068
f 2081 2082 2066
f 2067 1700 1692
f 2067 2082 1700
f 2082 2083 1700
f 2083 2084 1700
f 1700 2084 1701
f 2086 2085 1702
f 2086 1702 2084
f 2084 1702 1701
f 1703 1702 2085
f 2066 2082 2067
f 2087 1703 2085
f 2088 2068 1696
f 2088 1696 2089
f 2089 1696 1706
f 2068 2090 2069
f 2088 2090 2068
f 2069 2091 2070
f 2090 2091 2069
f 2070 2092 2071
f 2091 2092 2070
f 2071 2092 2073
f 1703 2087 1704
f 2080 2081 2065
f 2065 2081 2066
f 2079 2080 2064
f 1697 1695 2068
f 2069 1697 2068
f 1698 1697 2069
f 2070 1698 2069
f 1699 1698 2070
f 2071 1699 2070
f 2071 2073 2072
f 1699 2071 2072
f 1699 2072 2058
f 1699 2058 1689
f 2058 2074 2059
f 2072 2074 2058
f 2059 2075 2060
f 2074 2075 2059
f 2060 2076 2061
f 2075 2076 2060
f 2061 2077 2062
f 2076 2077 2061
f 2062 2078 2063
f 2077 2078 2062
f 2063 2079 2064
f 2078 2079 2063
f 2064 2080 2065
f 2034 2042 2041
f 2086 2093 2085
f 2032 2041 2040
f 2031 2040 2039
f 1985 1996 1995
f 1985 1995 1983
f 1983 1995 1994
f 1996 1998 1997
f 1995 1996 1997
f 1998 1999 1997
f 1988 1987 2000
f 2002 2000 1987
f 2002 1987 2001
f 2001 1987 1989
f 1983 1994 1993
f 1989 1990 2001
f 1990 1991 2003
f 1991 2004 2003
f 1991 1992 2004
f 1992 2005 2004
f 1992 1993 2005
f 1993 2006 2005
f 1993 1994 2006
f 1994 2007 2006
f 1994 1995 2007
f 1995 2008 2007
f 1990 2003 2001
f 1995 1997 2008
f 1981 1983 1993
f 1980 1981 1992
f 1970 1971 1978
f 1971 1979 1978
f 1971 1972 1979
f 1972 1980 1979
f 1973 1982 1981
f 1973 1981 1972
f 1972 1981 1980
f 1982 1984 1983
f 1981 1982 1983
f 1984 1985 1983
f 1981 1993 1992
f 1975 1974 1986
f 1988 1974 1987
f 1987 1974 1976
f 1976 1977 1987
f 1977 1989 1987
f 1977 1978 1989
f 1978 1990 1989
f 1978 1979 1990
f 1979 1991 1990
f 1979 1980 1991
f 1980 1992 1991
f 1988 1986 1974
f 1997 2009 2008
f 1999 2011 2010
f 1999 2010 1997
f 2026 2017 2018
f 2018 2019 2026
f 2019 2028 2026
f 2019 2020 2028
f 2020 2029 2028
f 2020 2021 2029
f 2021 2030 2029
f 2021 2022 2030
f 2022 2031 2030
f 2023 2033 2032
f 2027 2017 2026
f 2023 2032 2022
f 2033 2034 2032
f 2027 2026 2035
f 2026 2028 2036
f 2035 2026 2036
f 2038 2036 2028
f 2038 2028 2037
f 2037 2028 2029
f 2029 2030 2037
f 2030 2039 2037
f 2030 2031 2039
f 2022 2032 2031
f 2027 2025 2017
f 2024 2015 2025
f 2015 2017 2025
f 1997 2010 2009
f 2011 2012 2010
f 2002 2001 2013
f 2001 2003 2014
f 2013 2001 2014
f 2016 2014 2003
f 2016 2003 2015
f 2015 2003 2004
f 2004 2005 2015
f 2005 2017 2015
f 2005 2006 2017
f 2006 2018 2017
f 2006 2007 2018
f 2007 2019 2018
f 2007 2008 2019
f 2008 2020 2019
f 2008 2009 2020
f 2009 2021 2020
f 2009 2010 2021
f 2010 2022 2021
f 2012 2023 2022
f 2010 2012 2022
f 2016 2015 2024
f 2031 2032 2040
f 2085 2094 2087
f 2093 2094 2085
f 2087 1707 1704
f 2162 2160 1797
f 1798 2162 1797
f 2163 2162 1798
f 1798 1800 2163
f 2164 1795 2155
f 1806 1795 2164
f 2157 2165 2164
f 2155 2157 2164
f 2161 2160 2166
f 2160 2162 2167
f 1797 2160 1796
f 2166 2160 2167
f 2167 2162 2168
f 2170 1807 2169
f 2168 1807 2170
f 2168 1800 1807
f 2168 2163 1800
f 1808 2169 1807
f 2171 2169 1808
f 1808 1810 2171
f 2164 1817 1806
f 1817 2164 2165
f 2162 2163 2168
f 1817 2165 1818
f 2159 2154 1788
f 2159 1796 2161
f 2142 2148 1783
f 2142 2149 2148
f 2142 2144 2149
f 2149 2150 2148
f 2147 2146 2151
f 2153 1785 2152
f 2151 1785 2153
f 2151 1777 1785
f 2151 2146 1777
f 1786 2152 1785
f 2159 1788 1796
f 2154 2152 1786
f 2148 1794 1784
f 1794 2155 1795
f 2148 2155 1794
f 2148 2156 2155
f 2148 2150 2156
f 2156 2157 2155
f 2153 2152 2158
f 2152 2154 2159
f 2158 2152 2159
f 2161 1796 2160
f 1786 1788 2154
f 1818 2165 2172
f 2170 2169 2173
f 2175 2173 2169
f 1836 1828 2188
f 2181 2189 2188
f 2179 2181 2188
f 2184 2183 2190
f 2183 2185 2191
f 2190 2183 2191
f 2185 2186 2192
f 2191 2185 2192
f 2194 2192 2186
f 2194 2186 2193
f 2188 1828 2179
f 2193 2186 2187
f 1837 2195 2187
f 2195 2193 2187
f 1838 2195 1837
f 2196 2195 1838
f 1838 1840 2196
f 2197 1836 2188
f 1845 1836 2197
f 2189 2198 2197
f 2188 2189 2197
f 2194 2193 2199
f 1837 2187 1831
f 1829 1831 2187
f 2187 2186 2178
f 1829 2187 2178
f 2175 2169 2174
f 2174 2169 2171
f 1819 2171 1810
f 1819 2176 2171
f 2176 2174 2171
f 1820 2176 1819
f 2177 2176 1820
f 1821 2177 1820
f 2178 2177 1821
f 1821 1823 2178
f 2179 2172 2180
f 2179 1828 2172
f 1828 1818 2172
f 2180 2181 2179
f 2175 2174 2182
f 2184 2182 2174
f 2184 2174 2183
f 2183 2174 2176
f 2176 2177 2183
f 2177 2185 2183
f 2177 2178 2185
f 2178 2186 2185
f 1829 2178 1823
f 1783 2148 1784
f 2142 1783 1774
f 1775 1777 2146
f 2145 2139 1766
f 1721 1720 2108
f 2105 1717 2109
f 2109 1717 1723
f 2108 1724 1721
f 2110 1724 2108
f 1724 2110 2111
f 1725 1724 2111
f 2109 1723 2112
f 2112 1723 1726
f 2111 1727 1725
f 1720 2107 2108
f 2113 1727 2111
f 1727 2114 1729
f 2115 1730 1729
f 2115 1729 2116
f 2116 1729 2114
f 2116 2117 2115
f 2112 1726 2118
f 2118 1726 1731
f 2115 1734 1730
f 1734 2115 2117
f 1734 2117 1735
f 2113 2114 1727
f 1718 2107 1720
f 2106 2107 1718
f 2106 1718 2103
f 2087 2094 1707
f 2094 2095 1707
f 2097 2096 1708
f 2097 1708 2095
f 2095 1708 1707
f 1708 2096 1709
f 1711 1712 2098
f 2098 1706 1711
f 2098 2099 1706
f 2099 2089 1706
f 2097 2100 2096
f 2096 1713 1709
f 2096 2100 1713
f 2100 2101 1713
f 2101 2102 1713
f 1713 2102 1714
f 1714 2102 2103
f 1715 1714 2103
f 2104 2098 1712
f 2104 1712 2105
f 2105 1712 1717
f 2098 2104 2099
f 2103 1718 1715
f 1735 2117 2119
f 1970 1978 1977
f 2118 1731 2120
f 2119 1739 1735
f 2135 1760 2133
f 2135 2136 2134
f 2132 1755 1762
f 2137 2132 1762
f 2137 1762 2138
f 1762 1763 2138
f 2140 1764 2139
f 2140 2138 1764
f 2138 1763 1764
f 1764 1766 2139
f 2134 1760 2135
f 2134 1771 1761
f 2136 2141 1771
f 2141 1773 1771
f 2142 1774 1773
f 2142 1773 2143
f 2143 1773 2141
f 2143 2144 2142
f 2140 2139 2145
f 2147 1775 2146
f 2145 1775 2147
f 2145 1766 1775
f 2136 1771 2134
f 2134 1761 1760
f 2133 1760 2130
f 2130 1760 1752
f 2121 1739 2119
f 1739 2121 2122
f 1740 1739 2122
f 2120 1737 1741
f 2123 2120 1741
f 1741 2124 2123
f 1742 2124 1741
f 2122 1744 1740
f 2125 1744 2122
f 1744 2125 2126
f 1745 1744 2126
f 2124 1742 1746
f 2127 2124 1746
f 1746 2128 2127
f 1748 2128 1746
f 2126 1751 1745
f 2129 1751 2126
f 1751 2129 2130
f 1752 1751 2130
f 2128 1748 1753
f 2131 2128 1753
f 1753 2132 2131
f 1755 2132 1753
f 2120 1731 1737
f 1969 1970 1977
f 1969 1977 1976
f 1968 1969 1976
f 1823 1822 1829
f 1831 1829 1822
f 1831 1822 1830
f 1830 1822 1824
f 1824 1825 1830
f 1825 1832 1830
f 1825 1826 1832
f 1826 1833 1832
f 1520 1826 1510
f 1520 1834 1826
f 1816 1818 1827
f 1834 1833 1826
f 1835 1519 1827
f 1530 1519 1835
f 1828 1836 1835
f 1827 1828 1835
f 1831 1830 1837
f 1830 1832 1838
f 1837 1830 1838
f 1840 1838 1832
f 1840 1832 1839
f 1839 1832 1833
f 1520 1522 1834
f 1833 1834 1839
f 1818 1828 1827
f 1518 1815 1827
f 1806 1817 1816
f 1806 1816 1805
f 1805 1816 1815
f 1817 1818 1816
f 1810 1809 1819
f 1809 1811 1820
f 1819 1809 1820
f 1811 1812 1821
f 1820 1811 1821
f 1823 1821 1812
f 1815 1816 1827
f 1823 1812 1822
f 1813 1814 1822
f 1814 1824 1822
f 1507 1814 1497
f 1507 1825 1814
f 1825 1824 1814
f 1508 1825 1507
f 1826 1825 1508
f 1508 1510 1826
f 1815 1518 1506
f 1518 1827 1519
f 1822 1812 1813
f 1834 1841 1839
f 1531 1834 1522
f 1531 1842 1834
f 1847 1849 1857
f 1856 1847 1857
f 1849 1850 1858
f 1857 1849 1858
f 1860 1858 1850
f 1860 1850 1859
f 1859 1850 1851
f 1558 1851 1546
f 1558 1861 1851
f 1861 1859 1851
f 1848 1847 1856
f 1558 1560 1861
f 1571 1557 1862
f 1852 1853 1862
f 1853 1863 1862
f 1855 1864 1863
f 1853 1855 1863
f 1860 1859 1865
f 1867 1865 1859
f 1867 1859 1866
f 1866 1859 1861
f 1572 1861 1560
f 1862 1557 1852
f 1854 1855 1853
f 1844 1853 1852
f 1845 1853 1844
f 1842 1841 1834
f 1532 1842 1531
f 1843 1842 1532
f 1532 1534 1843
f 1844 1530 1835
f 1543 1530 1844
f 1836 1845 1844
f 1835 1836 1844
f 1840 1839 1846
f 1848 1846 1839
f 1848 1839 1847
f 1847 1839 1841
f 1841 1842 1847
f 1842 1849 1847
f 1842 1843 1849
f 1843 1850 1849
f 1544 1843 1534
f 1544 1851 1843
f 1851 1850 1843
f 1544 1546 1851
f 1852 1543 1844
f 1557 1543 1852
f 1845 1854 1853
f 1506 1493 1815
f 1815 1493 1805
f 1495 1497 1814
f 1814 1813 1495
f 1447 1779 1768
f 1779 1778 1768
f 1447 1449 1779
f 1769 1459 1446
f 1459 1780 1460
f 1459 1769 1780
f 1769 1770 1780
f 1770 1772 1780
f 1772 1781 1780
f 1774 1783 1782
f 1447 1768 1435
f 1774 1782 1772
f 1783 1784 1782
f 1777 1776 1785
f 1776 1778 1786
f 1785 1776 1786
f 1788 1786 1778
f 1788 1778 1787
f 1787 1778 1779
f 1461 1779 1449
f 1461 1789 1779
f 1789 1787 1779
f 1772 1782 1781
f 1768 1778 1776
f 1767 1768 1776
f 1776 1765 1767
f 1763 1756 1764
f 1766 1431 1765
f 1764 1431 1766
f 1764 1423 1431
f 1764 1757 1423
f 1432 1765 1431
f 1767 1765 1432
f 1433 1767 1432
f 1768 1767 1433
f 1433 1435 1768
f 1758 1445 1430
f 1445 1769 1446
f 1445 1758 1769
f 1758 1759 1769
f 1761 1771 1770
f 1761 1770 1759
f 1759 1770 1769
f 1771 1773 1772
f 1770 1771 1772
f 1773 1774 1772
f 1766 1765 1775
f 1777 1775 1765
f 1777 1765 1776
f 1462 1789 1461
f 1572 1868 1861
f 1790 1789 1462
f 1791 1790 1463
f 1804 1803 1481
f 1481 1483 1804
f 1792 1492 1477
f 1492 1805 1493
f 1492 1792 1805
f 1792 1793 1805
f 1795 1806 1805
f 1793 1795 1805
f 1800 1799 1807
f 1799 1801 1808
f 1481 1803 1480
f 1807 1799 1808
f 1810 1801 1809
f 1809 1801 1802
f 1802 1803 1809
f 1803 1811 1809
f 1803 1804 1811
f 1804 1812 1811
f 1494 1804 1483
f 1494 1813 1804
f 1813 1812 1804
f 1495 1813 1494
f 1810 1808 1801
f 1803 1802 1480
f 1480 1802 1479
f 1802 1801 1479
f 1463 1465 1791
f 1780 1474 1460
f 1781 1474 1780
f 1476 1474 1781
f 1476 1792 1477
f 1476 1781 1792
f 1781 1782 1792
f 1784 1794 1793
f 1784 1793 1782
f 1782 1793 1792
f 1794 1795 1793
f 1788 1787 1796
f 1787 1789 1797
f 1796 1787 1797
f 1789 1790 1798
f 1797 1789 1798
f 1800 1798 1790
f 1800 1790 1799
f 1799 1790 1791
f 1478 1791 1465
f 1478 1801 1791
f 1801 1799 1791
f 1479 1801 1478
f 1463 1790 1462
f 2193 2195 2200
f 1868 1866 1861
f 1869 1571 1862
f 1935 1926 1928
f 1928 1929 1935
f 1929 1937 1935
f 1929 1930 1937
f 1930 1938 1937
f 1930 1651 1938
f 1646 1651 1930
f 1653 1939 1654
f 1649 1939 1653
f 1649 1931 1939
f 1936 1926 1935
f 1931 1940 1939
f 1932 1941 1940
f 1933 1942 1941
f 1932 1933 1941
f 1936 1935 1943
f 1945 1943 1935
f 1945 1935 1944
f 1944 1935 1937
f 1937 1938 1944
f 1938 1946 1944
f 1655 1938 1651
f 1931 1932 1940
f 1655 1947 1938
f 1936 1934 1926
f 1922 1924 1932
f 1643 1636 1921
f 1914 1923 1922
f 1914 1922 1913
f 1913 1922 1921
f 1923 1924 1922
f 1917 1916 1925
f 1927 1925 1916
f 1927 1916 1926
f 1926 1916 1918
f 1918 1919 1926
f 1927 1926 1934
f 1919 1928 1926
f 1920 1929 1928
f 1644 1920 1639
f 1644 1930 1920
f 1930 1929 1920
f 1644 1646 1930
f 1931 1643 1921
f 1649 1643 1931
f 1921 1922 1931
f 1922 1932 1931
f 1924 1933 1932
f 1919 1920 1928
f 1947 1946 1938
f 1656 1947 1655
f 1948 1947 1656
f 1954 1964 1963
f 1952 1954 1963
f 1957 1956 1965
f 1967 1965 1956
f 1967 1956 1966
f 1966 1956 1958
f 1958 1959 1966
f 1959 1968 1966
f 1959 1960 1968
f 1960 1969 1968
f 1952 1963 1962
f 1960 1961 1969
f 1961 1962 1970
f 1962 1971 1970
f 1962 1963 1971
f 1963 1972 1971
f 1964 1973 1972
f 1963 1964 1972
f 1975 1967 1966
f 1974 1975 1966
f 1966 1968 1974
f 1968 1976 1974
f 1961 1970 1969
f 1951 1952 1962
f 1951 1962 1961
f 1950 1951 1961
f 1654 1948 1656
f 1654 1939 1948
f 1939 1949 1948
f 1939 1940 1949
f 1940 1950 1949
f 1940 1941 1950
f 1941 1951 1950
f 1942 1953 1952
f 1942 1952 1941
f 1941 1952 1951
f 1953 1954 1952
f 1945 1944 1955
f 1957 1955 1944
f 1957 1944 1956
f 1956 1944 1946
f 1946 1947 1956
f 1947 1958 1956
f 1947 1948 1958
f 1948 1959 1958
f 1948 1949 1959
f 1949 1960 1959
f 1949 1950 1960
f 1950 1961 1960
f 1921 1636 1913
f 1637 1639 1920
f 1920 1919 1912
f 1637 1920 1912
f 1597 1876 1588
f 1597 1884 1876
f 1884 1883 1876
f 1597 1599 1884
f 1877 1607 1596
f 1607 1885 1608
f 1607 1877 1885
f 1877 1878 1885
f 1879 1886 1885
f 1878 1879 1885
f 1876 1883 1882
f 1881 1880 1887
f 1889 1880 1888
f 1888 1880 1882
f 1882 1883 1888
f 1883 1890 1888
f 1883 1884 1890
f 1884 1891 1890
f 1609 1884 1599
f 1609 1892 1884
f 1892 1891 1884
f 1609 1611 1892
f 1889 1887 1880
f 1875 1876 1882
f 1875 1882 1880
f 1873 1875 1880
f 1584 1571 1869
f 1862 1863 1869
f 1863 1870 1869
f 1864 1871 1870
f 1863 1864 1870
f 1867 1866 1872
f 1874 1872 1866
f 1874 1866 1873
f 1873 1866 1868
f 1585 1868 1574
f 1585 1875 1868
f 1875 1873 1868
f 1586 1875 1585
f 1876 1875 1586
f 1586 1588 1876
f 1877 1584 1869
f 1596 1584 1877
f 1869 1870 1877
f 1870 1878 1877
f 1871 1879 1878
f 1870 1871 1878
f 1881 1874 1873
f 1880 1881 1873
f 1893 1608 1885
f 1572 1574 1868
f 1618 1608 1893
f 1885 1886 1893
f 1900 1910 1908
f 1900 1901 1910
f 1901 1911 1910
f 1628 1901 1622
f 1628 1912 1901
f 1912 1911 1901
f 1628 1630 1912
f 1902 1635 1627
f 1635 1913 1636
f 1635 1902 1913
f 1899 1900 1908
f 1902 1903 1913
f 1903 1905 1913
f 1909 1908 1915
f 1917 1915 1908
f 1917 1908 1916
f 1916 1908 1910
f 1910 1911 1916
f 1911 1918 1916
f 1911 1912 1918
f 1912 1919 1918
f 1637 1912 1630
f 1905 1914 1913
f 1908 1898 1899
f 1909 1898 1908
f 1909 1907 1898
f 1889 1888 1895
f 1897 1895 1888
f 1897 1888 1896
f 1896 1888 1890
f 1890 1891 1896
f 1891 1898 1896
f 1891 1892 1898
f 1892 1899 1898
f 1619 1892 1611
f 1619 1900 1892
f 1900 1899 1892
f 1620 1900 1619
f 1901 1900 1620
f 1620 1622 1901
f 1902 1618 1893
f 1627 1618 1902
f 1894 1904 1903
f 1894 1903 1893
f 1893 1903 1902
f 1904 1905 1903
f 1897 1896 1906
f 1896 1898 1907
f 1906 1896 1907
f 1886 1894 1893
f 2199 2193 2200
f 2041 2042 2046
f 2202 2195 2201
f 2471 2470 2475
f 2470 2170 2173
f 2470 2173 2475
f 2475 2173 2476
f 2173 2477 2476
f 2175 2477 2173
f 2472 2180 2172
f 2180 2472 2474
f 2180 2474 2181
f 2181 2474 2478
f 2473 2474 2472
f 2182 2479 2480
f 2175 2480 2477
f 2182 2184 2479
f 2478 2481 2181
f 2481 2189 2181
f 2480 2479 2482
f 2479 2184 2190
f 2479 2190 2482
f 2482 2190 2483
f 2485 2191 2484
f 2485 2483 2191
f 2182 2480 2175
f 2483 2190 2191
f 2172 2165 2466
f 2472 2466 2473
f 2457 2156 2150
f 2461 2156 2457
f 2156 2461 2462
f 2157 2156 2462
f 2460 2153 2158
f 2463 2460 2158
f 2465 2159 2464
f 2465 2463 2159
f 2463 2158 2159
f 2159 2161 2464
f 2472 2172 2466
f 2462 2466 2157
f 2465 2464 2467
f 2464 2161 2166
f 2464 2166 2467
f 2467 2166 2468
f 2468 2166 2469
f 2166 2167 2469
f 2471 2168 2470
f 2471 2469 2168
f 2469 2167 2168
f 2168 2170 2470
f 2466 2165 2157
f 2153 2460 2151
f 2192 2484 2191
f 2192 2194 2486
f 2496 2495 2501
f 2503 2214 2502
f 2501 2214 2503
f 2501 2208 2214
f 2501 2495 2208
f 2214 2216 2502
f 2504 2213 2498
f 2220 2213 2504
f 2500 2505 2504
f 2498 2500 2504
f 2499 2500 2498
f 2503 2502 2506
f 2502 2221 2506
f 2506 2221 2507
f 2507 2221 2508
f 2221 2222 2508
f 2222 2509 2508
f 2224 2509 2222
f 2510 2220 2504
f 2227 2220 2510
f 2505 2511 2510
f 2504 2505 2510
f 2502 2216 2221
f 2486 2484 2192
f 2499 2212 2497
f 2498 2213 2212
f 2481 2487 2189
f 2487 2198 2189
f 2485 2484 2488
f 2484 2486 2489
f 2488 2484 2489
f 2486 2194 2199
f 2486 2199 2489
f 2489 2199 2490
f 2490 2199 2491
f 2199 2200 2491
f 2498 2212 2499
f 2200 2492 2491
f 2487 2493 2198
f 2493 2204 2198
f 2492 2202 2205
f 2494 2492 2205
f 2496 2206 2495
f 2496 2494 2206
f 2494 2205 2206
f 2206 2208 2495
f 2493 2212 2204
f 2497 2212 2493
f 2202 2492 2200
f 2151 2460 2459
f 2458 2151 2459
f 2455 2151 2458
f 2421 2109 2112
f 2420 2113 2111
f 2422 2113 2420
f 2422 2423 2113
f 2113 2423 2114
f 2423 2424 2114
f 2114 2424 2116
f 2116 2424 2425
f 2117 2116 2425
f 2421 2112 2426
f 2417 2109 2421
f 2426 2112 2118
f 2427 2119 2117
f 2428 2429 2426
f 2428 2426 2120
f 2120 2426 2118
f 2429 2428 2430
f 2427 2121 2119
f 2431 2121 2427
f 2121 2431 2432
f 2122 2121 2432
f 2428 2120 2123
f 2425 2427 2117
f 2123 2430 2428
f 2111 2110 2420
f 2418 2419 2110
f 2409 2102 2407
f 2407 2102 2101
f 2102 2408 2103
f 2104 2105 2410
f 2410 2099 2104
f 2410 2411 2099
f 2411 2404 2099
f 2409 2412 2408
f 2408 2106 2103
f 2408 2412 2106
f 2110 2419 2420
f 2412 2413 2106
f 2415 2107 2413
f 2413 2107 2106
f 2107 2414 2108
f 2416 2410 2105
f 2416 2105 2417
f 2417 2105 2109
f 2410 2416 2411
f 2415 2418 2414
f 2414 2110 2108
f 2414 2418 2110
f 2415 2414 2107
f 2123 2124 2430
f 2124 2433 2430
f 2432 2125 2122
f 2448 2137 2449
f 2137 2138 2449
f 2138 2450 2449
f 2140 2450 2138
f 2445 2141 2136
f 2447 2141 2445
f 2447 2451 2141
f 2451 2143 2141
f 2452 2144 2143
f 2452 2143 2453
f 2448 2443 2137
f 2453 2143 2451
f 2145 2455 2456
f 2145 2456 2140
f 2140 2456 2450
f 2145 2147 2455
f 2452 2149 2144
f 2149 2452 2454
f 2149 2454 2150
f 2150 2454 2457
f 2456 2455 2458
f 2455 2147 2151
f 2453 2454 2452
f 2443 2132 2137
f 2446 2447 2445
f 2446 2135 2444
f 2434 2125 2432
f 2125 2434 2435
f 2126 2125 2435
f 2433 2124 2127
f 2436 2433 2127
f 2127 2437 2436
f 2128 2437 2127
f 2435 2129 2126
f 2438 2129 2435
f 2439 2130 2129
f 2439 2129 2440
f 2440 2129 2438
f 2440 2441 2439
f 2437 2128 2131
f 2442 2437 2131
f 2131 2443 2442
f 2132 2443 2131
f 2439 2133 2130
f 2441 2133 2439
f 2441 2444 2133
f 2444 2135 2133
f 2445 2136 2135
f 2445 2135 2446
f 2228 2512 2513
f 2228 2513 2224
f 2224 2513 2509
f 2228 2230 2512
f 2324 2326 2577
f 2579 2575 2580
f 2579 2331 2575
f 2331 2323 2575
f 2580 2581 2579
f 2578 2577 2582
f 2577 2326 2332
f 2577 2332 2582
f 2582 2332 2583
f 2585 2333 2584
f 2576 2572 2317
f 2585 2583 2333
f 2333 2335 2584
f 2579 2341 2331
f 2341 2579 2581
f 2341 2581 2342
f 2342 2581 2586
f 2585 2584 2587
f 2584 2335 2343
f 2584 2343 2587
f 2587 2343 2588
f 2588 2343 2589
f 2583 2332 2333
f 2343 2344 2589
f 2576 2317 2324
f 2578 2324 2577
f 2559 2566 2565
f 2559 2561 2566
f 2566 2567 2565
f 2308 2568 2569
f 2308 2569 2303
f 2303 2569 2564
f 2308 2310 2568
f 2565 2313 2307
f 2313 2565 2567
f 2313 2567 2314
f 2576 2324 2578
f 2314 2567 2570
f 2573 2315 2572
f 2571 2315 2573
f 2571 2310 2315
f 2571 2568 2310
f 2315 2317 2572
f 2570 2322 2314
f 2574 2322 2570
f 2322 2574 2575
f 2323 2322 2575
f 2573 2572 2576
f 2569 2568 2571
f 2591 2345 2590
f 2591 2589 2345
f 2589 2344 2345
f 2370 2606 2607
f 2370 2607 2366
f 2366 2607 2604
f 2370 2372 2606
f 2373 2608 2374
f 2608 2373 2369
f 2608 2369 2609
f 2609 2369 2605
f 2607 2606 2610
f 2606 2372 2375
f 2605 2369 2362
f 2606 2375 2610
f 2374 2608 2612
f 2374 2612 2375
f 2375 2612 2611
f 2608 2609 2612
f 2377 2378 2613
f 2379 2377 2613
f 2614 2379 2613
f 2380 2379 2614
f 2615 2380 2614
f 2381 2380 2615
f 2610 2375 2611
f 2600 2605 2362
f 2366 2604 2364
f 2364 2604 2603
f 2345 2347 2590
f 2592 2586 2593
f 2592 2353 2586
f 2353 2342 2586
f 2593 2594 2592
f 2591 2590 2595
f 2590 2347 2354
f 2590 2354 2595
f 2595 2354 2596
f 2598 2355 2597
f 2598 2596 2355
f 2596 2354 2355
f 2355 2357 2597
f 2599 2353 2592
f 2599 2600 2353
f 2600 2362 2353
f 2592 2594 2599
f 2598 2597 2601
f 2597 2357 2363
f 2597 2363 2601
f 2601 2363 2602
f 2602 2363 2603
f 2363 2364 2603
f 2559 2565 2306
f 2409 2408 2102
f 2306 2565 2307
f 2303 2564 2301
f 2524 2523 2526
f 2523 2248 2253
f 2523 2253 2526
f 2526 2253 2527
f 2527 2253 2528
f 2253 2254 2528
f 2530 2255 2529
f 2530 2528 2255
f 2528 2254 2255
f 2255 2257 2529
f 2525 2252 2245
f 2531 2525 2532
f 2258 2252 2525
f 2532 2533 2531
f 2530 2529 2534
f 2536 2259 2535
f 2534 2259 2536
f 2534 2257 2259
f 2534 2529 2257
f 2259 2261 2535
f 2531 2263 2258
f 2263 2531 2533
f 2531 2258 2525
f 2263 2533 2264
f 2521 2525 2245
f 2522 2519 2242
f 2514 2227 2510
f 2232 2227 2514
f 2511 2515 2514
f 2510 2511 2514
f 2513 2512 2516
f 2512 2517 2516
f 2512 2230 2517
f 2230 2234 2517
f 2514 2238 2232
f 2238 2514 2515
f 2246 2248 2523
f 2238 2515 2239
f 2240 2519 2520
f 2240 2520 2234
f 2234 2520 2517
f 2240 2242 2519
f 2518 2521 2239
f 2521 2245 2239
f 2520 2519 2522
f 2524 2246 2523
f 2522 2246 2524
f 2522 2242 2246
f 2239 2515 2518
f 2264 2533 2537
f 2536 2535 2538
f 2535 2539 2538
f 2552 2289 2549
f 2552 2553 2289
f 2289 2553 2291
f 2554 2292 2291
f 2554 2291 2555
f 2555 2291 2553
f 2555 2556 2554
f 2202 2200 2195
f 2293 2558 2284
f 2284 2558 2551
f 2549 2289 2282
f 2293 2295 2557
f 2299 2559 2300
f 2554 2559 2299
f 2554 2560 2559
f 2554 2556 2560
f 2560 2561 2559
f 2558 2557 2562
f 2557 2295 2301
f 2557 2301 2562
f 2562 2301 2563
f 2301 2564 2563
f 2554 2299 2292
f 2279 2284 2551
f 2547 2279 2551
f 2547 2551 2550
f 2535 2261 2539
f 2261 2266 2539
f 2540 2537 2541
f 2540 2269 2537
f 2269 2264 2537
f 2541 2542 2540
f 2270 2543 2544
f 2270 2544 2266
f 2266 2544 2539
f 2270 2272 2543
f 2540 2275 2269
f 2275 2540 2542
f 2275 2542 2276
f 2276 2542 2545
f 2544 2543 2546
f 2548 2277 2547
f 2546 2277 2548
f 2546 2272 2277
f 2546 2543 2272
f 2277 2279 2547
f 2545 2549 2276
f 2549 2282 2276
f 2548 2547 2550
f 2559 2306 2300
f 2100 2407 2101
f 2293 2557 2558
f 2405 2406 2100
f 1942 1933 2268
f 2264 2269 2268
f 2262 2264 2268
f 2266 2265 2270
f 2272 2270 2265
f 2272 2265 2271
f 2271 2265 2267
f 1943 2267 1936
f 1943 2273 2267
f 2273 2271 2267
f 2268 1933 2262
f 1943 1945 2273
f 1953 2274 1954
f 2268 2274 1953
f 2268 2275 2274
f 2268 2269 2275
f 2275 2276 2274
f 2272 2271 2277
f 2279 2277 2271
f 2279 2271 2278
f 2278 2271 2273
f 1955 2273 1945
f 2268 1953 1942
f 1934 1936 2267
f 2267 2265 2260
f 1934 2267 2260
f 2254 2249 2255
f 2257 1915 2256
f 2255 1915 2257
f 2255 1909 1915
f 2255 2250 1909
f 1915 1917 2256
f 2251 1923 1914
f 1923 2251 2252
f 1923 2252 1924
f 1924 2252 2258
f 2257 2256 2259
f 2261 1925 2260
f 2259 1925 2261
f 2259 1917 1925
f 2259 2256 1917
f 1925 1927 2260
f 2262 2258 2263
f 2262 1933 2258
f 1933 1924 2258
f 2263 2264 2262
f 2266 2261 2260
f 2265 2266 2260
f 1934 2260 1927
f 1955 2280 2273
f 2249 2250 2255
f 2280 2278 2273
f 2281 1954 2274
f 2287 1982 1973
f 2288 1982 2287
f 1984 1982 2288
f 1984 2297 1985
f 1984 2288 2297
f 2288 2290 2297
f 2292 2299 2298
f 2292 2298 2290
f 2290 2298 2297
f 2299 2300 2298
f 1967 1975 2286
f 2295 2294 2301
f 2303 2294 2302
f 2302 2294 2296
f 1986 2296 1975
f 1986 2304 2296
f 2304 2302 2296
f 1986 1988 2304
f 2297 1996 1985
f 2298 1996 2297
f 1998 1996 2298
f 1998 2305 1999
f 2303 2301 2294
f 2286 1975 2296
f 2286 2296 2294
f 2285 2286 2294
f 1964 1954 2281
f 2276 2282 2281
f 2274 2276 2281
f 2284 2279 2278
f 2283 2284 2278
f 2278 2280 2283
f 2280 2285 2283
f 1965 2280 1957
f 1965 2286 2280
f 2286 2285 2280
f 1965 1967 2286
f 2287 1964 2281
f 1973 1964 2287
f 2282 2289 2288
f 2282 2288 2281
f 2281 2288 2287
f 2289 2291 2290
f 2288 2289 2290
f 2291 2292 2290
f 2284 2283 2293
f 2295 2293 2283
f 2295 2283 2294
f 2294 2283 2285
f 1955 1957 2280
f 2253 2247 2254
f 2247 2249 2254
f 2248 2247 2253
f 2216 2214 2207
f 2216 2207 2215
f 2215 2207 2209
f 2209 2210 2215
f 2210 2217 2215
f 1865 2210 1860
f 1865 2218 2210
f 2218 2217 2210
f 1865 1867 2218
f 2219 1864 2211
f 2208 2207 2214
f 1871 1864 2219
f 2211 2213 2219
f 2216 2215 2221
f 2215 2217 2222
f 2221 2215 2222
f 2224 2222 2217
f 2223 2217 2218
f 1872 2218 1867
f 1872 2225 2218
f 2225 2223 2218
f 1872 1874 2225
f 2213 2220 2219
f 2212 2213 2211
f 1864 1855 2204
f 2211 1864 2204
f 2406 2407 2100
f 2201 2195 2196
f 1846 2196 1840
f 1846 2203 2196
f 2203 2201 2196
f 1846 1848 2203
f 2197 1854 1845
f 1854 2197 2198
f 1854 2198 1855
f 1855 2198 2204
f 2202 2201 2205
f 2201 2203 2206
f 2205 2201 2206
f 2208 1856 2207
f 2206 1856 2208
f 2206 1848 1856
f 2206 2203 1848
f 1857 2207 1856
f 2209 2207 1857
f 1858 2209 1857
f 2210 2209 1858
f 1858 1860 2210
f 2211 2204 2212
f 2226 1871 2219
f 1879 1871 2226
f 2220 2227 2226
f 2219 2220 2226
f 1895 2243 2235
f 2243 2241 2235
f 1895 1897 2243
f 2236 1904 1894
f 1904 2244 1905
f 1904 2236 2244
f 2236 2237 2244
f 2239 2245 2244
f 2237 2239 2244
f 2242 2241 2246
f 2248 2246 2241
f 2248 2241 2247
f 2247 2241 2243
f 1906 2243 1897
f 1906 2249 2243
f 2249 2247 2243
f 1907 2249 1906
f 2250 2249 1907
f 1907 1909 2250
f 2251 1905 2244
f 1914 1905 2251
f 2245 2252 2251
f 2244 2245 2251
f 1895 2235 1889
f 2298 2305 1998
f 2241 2233 2235
f 2242 2240 2233
f 2224 2223 2228
f 2230 2228 2223
f 2230 2223 2229
f 2229 2223 2225
f 2225 1881 2229
f 1874 1881 2225
f 2231 1879 2226
f 1886 1879 2231
f 2227 2232 2231
f 2226 2227 2231
f 2234 2230 2229
f 2233 2234 2229
f 1887 2229 1881
f 1887 2235 2229
f 2235 2233 2229
f 1887 1889 2235
f 2236 1886 2231
f 1894 1886 2236
f 2232 2238 2237
f 2232 2237 2231
f 2231 2237 2236
f 2238 2239 2237
f 2234 2233 2240
f 2242 2233 2241
f 2298 2306 2305
f 2224 2217 2223
f 2306 2307 2305
f 2359 2360 2365
f 2360 2367 2365
f 2360 2361 2367
f 2361 2368 2367
f 2362 2369 2368
f 2361 2362 2368
f 2366 2365 2370
f 2372 2370 2365
f 2372 2365 2371
f 2371 2365 2367
f 2365 2358 2359
f 2373 2374 2371
f 2368 2371 2367
f 2368 2369 2373
f 2372 2371 2375
f 2371 2374 2375
f 2072 2073 2376
f 2376 2378 2377
f 2376 2377 2072
f 2072 2377 2074
f 2377 2379 2074
f 2074 2379 2075
f 2373 2371 2368
f 2366 2358 2365
f 2366 2364 2358
f 2363 2356 2364
f 2339 2340 2351
f 2340 2352 2351
f 2342 2353 2352
f 2340 2342 2352
f 2347 2346 2354
f 2346 2348 2355
f 2354 2346 2355
f 2357 2355 2348
f 2357 2348 2356
f 2356 2348 2349
f 2349 2350 2356
f 2350 2358 2356
f 2049 2350 2047
f 2049 2359 2350
f 2359 2358 2350
f 2048 2359 2049
f 2048 2351 2359
f 2351 2360 2359
f 2351 2352 2360
f 2352 2361 2360
f 2353 2362 2361
f 2352 2353 2361
f 2356 2358 2364
f 2379 2380 2075
f 2075 2380 2076
f 2380 2381 2076
f 2076 2381 2077
f 2376 2395 2378
f 2387 2396 2386
f 2386 2397 2388
f 2396 2397 2386
f 2388 2398 2389
f 2397 2398 2388
f 2389 2093 2086
f 2389 2398 2093
f 2398 2399 2093
f 2399 2400 2093
f 2093 2400 2094
f 2402 2401 2095
f 2402 2095 2400
f 2400 2095 2094
f 2095 2401 2097
f 2403 2390 2089
f 2403 2089 2404
f 2404 2089 2099
f 2390 2403 2392
f 2402 2405 2401
f 2401 2100 2097
f 2401 2405 2100
f 2298 2300 2306
f 2092 2394 2395
f 2048 2042 2351
f 2073 2092 2395
f 2091 2394 2092
f 2381 2382 2077
f 2077 2382 2078
f 2382 2383 2078
f 2078 2383 2079
f 2383 2384 2079
f 2079 2384 2080
f 2384 2385 2080
f 2080 2385 2081
f 2387 2386 2082
f 2387 2082 2385
f 2385 2082 2081
f 2083 2082 2386
f 2388 2083 2386
f 2084 2083 2388
f 2389 2084 2388
f 2084 2389 2086
f 2088 2089 2390
f 2390 2392 2391
f 2390 2391 2088
f 2088 2391 2090
f 2391 2393 2090
f 2090 2393 2091
f 2393 2394 2091
f 2073 2395 2376
f 2351 2042 2339
f 2357 2356 2363
f 2326 2324 2316
f 2325 2316 2318
f 2318 2319 2325
f 2319 2327 2325
f 2024 2319 2016
f 2024 2328 2319
f 2328 2327 2319
f 2025 2328 2024
f 2329 2328 2025
f 2326 2316 2325
f 2025 2027 2329
f 2033 2330 2034
f 2033 2320 2330
f 2320 2321 2330
f 2323 2331 2330
f 2321 2323 2330
f 2326 2325 2332
f 2305 2312 2011
f 2332 2325 2333
f 2320 2033 2023
f 2045 2047 2350
f 2317 2316 2324
f 2322 2323 2321
f 2305 2313 2312
f 2305 2307 2313
f 2313 2314 2312
f 2310 2309 2315
f 2305 2011 1999
f 2317 2315 2309
f 2317 2309 2316
f 2316 2309 2311
f 2013 2311 2002
f 2013 2318 2311
f 2318 2316 2311
f 2014 2318 2013
f 2319 2318 2014
f 2014 2016 2319
f 2320 2012 2312
f 2023 2012 2320
f 2314 2322 2321
f 2314 2321 2312
f 2312 2321 2320
f 2335 2333 2327
f 2335 2327 2334
f 2325 2327 2333
f 2341 2342 2340
f 2311 2309 2304
f 2000 2311 2304
f 2335 2334 2343
f 2334 2336 2344
f 2343 2334 2344
f 2336 2337 2345
f 2344 2336 2345
f 2000 2304 1988
f 2309 2302 2304
f 2310 2302 2309
f 2330 2340 2339
f 2347 2345 2337
f 2346 2337 2338
f 2043 2338 2038
f 2310 2308 2302
f 2303 2302 2308
f 2043 2348 2338
f 2348 2346 2338
f 2044 2348 2043
f 2349 2348 2044
f 2045 2349 2044
f 2350 2349 2045
f 2347 2337 2346
f 2331 2340 2330
f 2011 2312 2012
f 2337 2336 2329
f 2334 2327 2328
f 2331 2341 2340
f 2328 2329 2334
f 2329 2336 2334
f 2000 2002 2311
f 2042 2034 2339
f 2035 2329 2027
f 2339 2034 2330
f 2036 2038 2338
f 2338 2337 2036
f 2035 2337 2329
f 2036 2337 2035

